name,hobbies
zJe3I7Bp,Painting
zJe3I7Bp,Cycling
zJe3I7Bp,Hiking
WqEok2Oo,Hiking
WqEok2Oo,Gardening
OlFBtIo7,Cycling
98a00Hco,Hiking
98a00Hco,Reading
gFhemJZQ,Reading
gFhemJZQ,Hiking
gFhemJZQ,Cycling
eArbLw83,Cooking
eArbLw83,Hiking
eArbLw83,Reading
x6sbwsjK,Painting
gntSUWS6,Gardening
gntSUWS6,Reading
9J9NTHh2,Cooking
7zeIewEo,Reading
7zeIewEo,Painting
WoZ95p4P,Hiking
PLXvhzFj,Painting
PLXvhzFj,Cycling
E2mlCkzV,Cycling
E2mlCkzV,Gardening
E2mlCkzV,Reading
SDg1Zbke,Cycling
SDg1Zbke,Hiking
FGyAhRos,Hiking
uZuLgSe5,Cycling
uZuLgSe5,Gardening
uZuLgSe5,Hiking
64NTBURT,Gardening
SKYFjaKP,Hiking
SKYFjaKP,Reading
CtkSrVoE,Cycling
CtkSrVoE,Gardening
cGGF5rxU,Cooking
cGGF5rxU,Gardening
cGGF5rxU,Painting
tvkrEnk6,Painting
qLgorfIF,Cooking
qLgorfIF,Gardening
kLc3HmEY,Cycling
kLc3HmEY,Reading
kLc3HmEY,Hiking
wr6ABhC4,Painting
wr6ABhC4,Cycling
wr6ABhC4,Cooking
P8XUneju,Hiking
P8XUneju,Cycling
CTPeQ3cg,Gardening
CTPeQ3cg,Hiking
ELScQMNo,Cooking
ABpAk7Ov,Reading
ABpAk7Ov,Painting
yh201LQb,Cooking
qn0zIuPz,Hiking
qn0zIuPz,Reading
Bn2HWg8L,Cooking
iH6bxWuv,Gardening
iH6bxWuv,Cycling
VddnH9Zy,Cooking
VddnH9Zy,Reading
SrkxzIpa,Cooking
NQcUYxyY,Cycling
NQcUYxyY,Cooking
NQcUYxyY,Painting
21eFRTbU,Gardening
21eFRTbU,Hiking
21eFRTbU,Cooking
H4fKyZ1W,Cooking
H4fKyZ1W,Gardening
H4fKyZ1W,Painting
AUsCg8Jx,Gardening
AnzrrRFx,Hiking
9T6VSCJb,Cycling
9T6VSCJb,Cooking
VBDgtiNf,Cycling
Im6KfyZG,Cycling
QL2qmIEE,Cycling
QL2qmIEE,Gardening
QL2qmIEE,Reading
7oCDITT5,Painting
7oCDITT5,Reading
AehaGhm1,Cycling
AehaGhm1,Gardening
h2EMGi2z,Hiking
ah9S2qt3,Painting
IkrQX7xL,Cycling
valr4ATw,Cycling
V5INmKgn,Gardening
V5INmKgn,Cooking
L7TM4mao,Painting
n5MiDae8,Cooking
iYADsVoy,Reading
VRwZteLn,Cooking
VRwZteLn,Reading
VRwZteLn,Gardening
h3Ol11Vv,Gardening
h3Ol11Vv,Reading
h3Ol11Vv,Hiking
aqONy9Rq,Cooking
UOHgwMSR,Cycling
k0fZhBSt,Gardening
1r0OTuP3,Reading
1r0OTuP3,Gardening
3k9SwaPz,Gardening
PdlVjqkc,Gardening
PdlVjqkc,Painting
PdlVjqkc,Cycling
LQzN06tI,Gardening
ftMbkaNC,Painting
ftMbkaNC,Reading
ftMbkaNC,Hiking
26tQ61UT,Painting
26tQ61UT,Hiking
26tQ61UT,Cycling
txrrJzZq,Reading
m8qBfwwV,Reading
GZQk6KjJ,Painting
GZQk6KjJ,Cooking
gw3jDu3l,Cycling
gw3jDu3l,Hiking
wkHUBMKR,Hiking
wkHUBMKR,Painting
wkHUBMKR,Cooking
TDpSLDyc,Reading
TDpSLDyc,Hiking
KkksLRG6,Painting
KkksLRG6,Cooking
JiPWdfXi,Reading
vyCOmktl,Gardening
1BSjIWaj,Cooking
1BSjIWaj,Reading
gIynDxCp,Gardening
2LHvP8b2,Cooking
oEcsfxlj,Hiking
tPDq7lyG,Cycling
tPDq7lyG,Reading
gXvTOzYj,Gardening
hFQaOPAd,Reading
hFQaOPAd,Cooking
hFQaOPAd,Gardening
a6RpFM2A,Gardening
a6RpFM2A,Cycling
a6RpFM2A,Hiking
Cc1CdLwA,Cooking
Cc1CdLwA,Painting
Cc1CdLwA,Gardening
PVbqszBs,Reading
iE3vCM44,Cycling
iE3vCM44,Hiking
YgFSuNsy,Reading
lUSUe47X,Cycling
lUSUe47X,Gardening
lUSUe47X,Reading
J9MHXRdJ,Cooking
J9MHXRdJ,Gardening
lramWOrC,Gardening
WNgnRnLT,Painting
LCAKHDIv,Reading
tZj0EGky,Reading
tZj0EGky,Hiking
tZj0EGky,Cycling
yOJeE9fU,Hiking
GsUBCjKM,Painting
GsUBCjKM,Reading
GsUBCjKM,Gardening
JzVUrU9x,Cycling
JzVUrU9x,Painting
Hx6hyngr,Painting
Hx6hyngr,Cooking
1V98Ivn3,Painting
rVNPQNNF,Cooking
rVNPQNNF,Painting
HnzUr5j2,Hiking
HnzUr5j2,Reading
zzlbnLFe,Painting
zzlbnLFe,Hiking
zzlbnLFe,Cycling
JzbLkMQ7,Cycling
bLWyFl4C,Cycling
bLWyFl4C,Hiking
SoDSmieb,Cooking
XZ24pSeU,Reading
XZ24pSeU,Gardening
QzGDxW72,Cooking
QzGDxW72,Reading
QzGDxW72,Cycling
HSL9SBZd,Cooking
HSL9SBZd,Hiking
HSL9SBZd,Cycling
YZScy5NB,Gardening
Wg0UJXSw,Gardening
tSJsSPjX,Hiking
awF1GD38,Painting
awF1GD38,Cycling
DExPenmj,Cycling
DExPenmj,Hiking
LThmEJNa,Painting
LThmEJNa,Hiking
UYW3TwcM,Hiking
UYW3TwcM,Cooking
7Fq70HeX,Hiking
BGpXl61o,Reading
BGpXl61o,Cycling
BGpXl61o,Cooking
Sl8qrUT4,Painting
Sl8qrUT4,Cooking
Sl8qrUT4,Hiking
4ismpVDg,Cycling
4ismpVDg,Reading
2dWeDBDg,Reading
2dWeDBDg,Cycling
2dWeDBDg,Cooking
QFMgUla3,Cooking
FElVPf1v,Painting
FElVPf1v,Reading
FElVPf1v,Cycling
QYmgotsV,Cooking
DQ5nPuly,Hiking
DQ5nPuly,Cooking
DQ5nPuly,Reading
kjPuGDKz,Hiking
kjPuGDKz,Reading
kjPuGDKz,Cooking
Toq5ZwsT,Cooking
Toq5ZwsT,Gardening
ZttIVa6d,Reading
ZttIVa6d,Cooking
pZbAxITX,Painting
pZbAxITX,Cycling
pZbAxITX,Hiking
MBqejS6K,Gardening
MBqejS6K,Cycling
MBqejS6K,Cooking
76Wy7Rp9,Gardening
76Wy7Rp9,Reading
2e8TZ2KJ,Hiking
2e8TZ2KJ,Gardening
Untowm8q,Reading
Untowm8q,Gardening
Untowm8q,Cooking
HrueefIg,Hiking
QYC39jul,Cooking
QYC39jul,Painting
HOmY53SJ,Hiking
HOmY53SJ,Reading
HOmY53SJ,Painting
ljtgH6ch,Painting
ve15Omk9,Cooking
ve15Omk9,Hiking
ve15Omk9,Painting
o5Vb26h6,Cooking
b10mdBmV,Cooking
b10mdBmV,Reading
b10mdBmV,Hiking
Kh8FJGkm,Cycling
Kh8FJGkm,Painting
DF6bxA7g,Hiking
wte6OoRO,Reading
wte6OoRO,Gardening
wte6OoRO,Painting
Y2a7T3c0,Cycling
kaGiDcKn,Reading
TsMZzkGj,Cycling
YPw5Wbmz,Reading
x0MbbbDT,Painting
x0MbbbDT,Gardening
izHVSkgv,Hiking
nAe8Cz3B,Cycling
1YaD3puH,Cooking
7PfEZJhF,Cycling
XiOUSrMp,Cooking
q3uxjT0U,Reading
q3uxjT0U,Gardening
q3uxjT0U,Hiking
9CqBUOFu,Gardening
9lv2VCf1,Gardening
9lv2VCf1,Cycling
9lv2VCf1,Reading
VqWAbHf8,Reading
78lY2FiQ,Painting
WmUGWIGc,Cycling
HHR9kjQN,Reading
HHR9kjQN,Cooking
1o5SH7Am,Reading
d8yyGADt,Reading
SseRPmTK,Cooking
SseRPmTK,Painting
SseRPmTK,Hiking
eUiDj888,Painting
eUiDj888,Gardening
yjzKpvo6,Cooking
iyTKPmir,Painting
iyTKPmir,Hiking
iyTKPmir,Cooking
uNGGVLoB,Gardening
YHLj2US2,Cycling
6cZpMAkS,Hiking
1EsGfT71,Reading
o0ERAdgV,Gardening
o0ERAdgV,Cycling
o0ERAdgV,Cooking
ZELJL1Pc,Reading
ZELJL1Pc,Cycling
ZELJL1Pc,Cooking
gZNgf7oJ,Cooking
gZNgf7oJ,Cycling
gZNgf7oJ,Gardening
RLYScOBC,Painting
1cyXUA4n,Gardening
1cyXUA4n,Reading
lNuszbC3,Gardening
wQv7rWuR,Painting
wQv7rWuR,Cooking
wQv7rWuR,Hiking
NVjI1OTU,Reading
WkEfvHX7,Painting
WkEfvHX7,Cycling
ts4fzMNU,Reading
m1EuBwjk,Painting
altFNsIl,Reading
altFNsIl,Hiking
altFNsIl,Gardening
MefS4P0j,Painting
vvix0T2X,Painting
vvix0T2X,Cycling
M8unZpj9,Cycling
M8unZpj9,Cooking
M8unZpj9,Reading
bnRn2BYj,Reading
lGyJ3yqX,Gardening
lGyJ3yqX,Cooking
lGyJ3yqX,Hiking
wXAw5oHe,Hiking
wXAw5oHe,Cycling
QtZRXJf4,Hiking
9RHgZovR,Reading
8YnqZCBK,Gardening
8YnqZCBK,Cycling
8YnqZCBK,Painting
e9bBO3DR,Cooking
e9bBO3DR,Painting
e9bBO3DR,Gardening
dv7rp3bL,Gardening
dv7rp3bL,Painting
AViyPtRs,Cooking
AViyPtRs,Gardening
AViyPtRs,Reading
8dUKWedz,Painting
8dUKWedz,Hiking
jm8V9Zb5,Painting
TufzRQXx,Hiking
TufzRQXx,Cooking
TufzRQXx,Gardening
D0ltkApf,Cycling
D0ltkApf,Painting
qmvOfCfp,Painting
2dIQfa9a,Painting
usXJxekN,Reading
usXJxekN,Gardening
EH8gQjxk,Cooking
EH8gQjxk,Reading
EH8gQjxk,Cycling
B0VFYBM5,Cooking
B0VFYBM5,Gardening
B0VFYBM5,Hiking
kgljMuCO,Reading
ZW6Pepi7,Reading
EXcd8D0O,Hiking
EXcd8D0O,Cooking
GUNriVsM,Hiking
GUNriVsM,Cooking
zxEEtEyE,Cooking
zxEEtEyE,Hiking
WrQdZlf3,Gardening
WrQdZlf3,Reading
WrQdZlf3,Cooking
UJktcb7x,Reading
UJktcb7x,Cooking
vHZQAF0F,Cooking
vHZQAF0F,Hiking
vHZQAF0F,Reading
QcnClntS,Gardening
QcnClntS,Cycling
EJMcx3hs,Cooking
EJMcx3hs,Gardening
4O4ukyo4,Painting
yjLMq5QS,Hiking
yjLMq5QS,Painting
yjLMq5QS,Cycling
3t6O4zaZ,Reading
3t6O4zaZ,Hiking
3t6O4zaZ,Cooking
x0lWpaQc,Gardening
HkT7SRrr,Painting
HkT7SRrr,Reading
1qVy2mf0,Painting
1qVy2mf0,Hiking
mGcDgcyf,Gardening
mGcDgcyf,Cooking
mGcDgcyf,Painting
F8VScaj1,Gardening
rjHtgeGb,Painting
rjHtgeGb,Gardening
rjHtgeGb,Cooking
SStc3Qaa,Cooking
SStc3Qaa,Hiking
dyJ1VcHb,Reading
dyJ1VcHb,Gardening
dyJ1VcHb,Cycling
Ep8ND3C2,Cycling
nrT7ypjT,Cooking
nrT7ypjT,Hiking
nrT7ypjT,Cycling
Ascz209h,Cooking
Ascz209h,Reading
Ascz209h,Painting
uPiGpSJ6,Painting
uPiGpSJ6,Cycling
uPiGpSJ6,Gardening
mu3O6A6b,Cooking
mJk8QVNJ,Gardening
mJk8QVNJ,Cooking
mJk8QVNJ,Hiking
XjtpTVEL,Reading
VGMcgeb5,Painting
VGMcgeb5,Reading
1uf5wU7t,Hiking
MRr0ph64,Painting
MRr0ph64,Cycling
gc2DDVK9,Gardening
gc2DDVK9,Reading
gc2DDVK9,Hiking
wBJBbEPv,Reading
wBJBbEPv,Painting
vfwkMP4g,Painting
57mNsXWv,Cycling
8EMK9wpF,Hiking
8EMK9wpF,Reading
8EMK9wpF,Cycling
84btkORq,Cycling
25aJsmDy,Painting
25aJsmDy,Gardening
25aJsmDy,Cooking
RqxwF9AR,Cooking
RqxwF9AR,Hiking
ivqlrfBP,Hiking
X413bhVp,Hiking
X413bhVp,Painting
keJofeST,Painting
keJofeST,Cooking
v4eK78Nu,Cooking
PLdi45lS,Gardening
PLdi45lS,Hiking
PLdi45lS,Cooking
YRERDTK1,Hiking
YRERDTK1,Cycling
YRERDTK1,Gardening
BFe8q2Jl,Gardening
szNnpvoa,Reading
3QrjdE3d,Cycling
UAP3B8Pt,Hiking
UAP3B8Pt,Cycling
wYwsEHUo,Gardening
wYwsEHUo,Hiking
wYwsEHUo,Painting
kQz2uX6z,Painting
kQz2uX6z,Reading
kQz2uX6z,Hiking
1CjTx62W,Reading
6nbDqmEj,Cycling
6nbDqmEj,Hiking
Z0rlLEA0,Gardening
EPvg7RLi,Gardening
EPvg7RLi,Hiking
MLLGvxQh,Hiking
JDbwp6Q4,Painting
JDbwp6Q4,Gardening
3N3DrvXR,Reading
3N3DrvXR,Painting
37WJ4RLY,Reading
37WJ4RLY,Cycling
37WJ4RLY,Painting
VSwWDnaw,Cycling
VSwWDnaw,Gardening
VSwWDnaw,Reading
MIW7Et2m,Hiking
MIW7Et2m,Gardening
MIW7Et2m,Cooking
Yl5Lsd2G,Cycling
Yl5Lsd2G,Gardening
FpxR0sms,Reading
bNAwW9Bx,Cycling
bNAwW9Bx,Reading
jBt6CmLr,Reading
KubduDiZ,Gardening
xbAulMVN,Hiking
xbAulMVN,Gardening
xbAulMVN,Reading
uUcFSSE5,Cycling
uUcFSSE5,Reading
igkSfwwf,Hiking
igkSfwwf,Cycling
igkSfwwf,Gardening
veydzWRH,Reading
veydzWRH,Hiking
fmjV1odQ,Hiking
fmjV1odQ,Reading
bNRDcV67,Hiking
bNRDcV67,Cycling
ityNyFrb,Reading
e2FZyjaM,Cooking
e2FZyjaM,Hiking
MqxyZUpm,Cooking
3yOCB7PV,Gardening
3yOCB7PV,Cycling
3yOCB7PV,Hiking
mgyg5mVT,Cycling
mgyg5mVT,Painting
mgyg5mVT,Cooking
30nbaZ1m,Cycling
165sxJjd,Cooking
165sxJjd,Reading
nlA2ezbV,Reading
nlA2ezbV,Cooking
nlA2ezbV,Hiking
3sq53Xm5,Reading
UQb5Dafo,Reading
UQb5Dafo,Cycling
1JIqRDTj,Cooking
1JIqRDTj,Reading
1JIqRDTj,Cycling
eQbEZz8J,Painting
eQbEZz8J,Cycling
cdVrrDXb,Cycling
q2oBaO2Z,Cycling
A7Eo0cwL,Hiking
CDkOxIjT,Cycling
CDkOxIjT,Hiking
vkyCvsYU,Hiking
vkyCvsYU,Cycling
vkyCvsYU,Painting
EHwAL2uw,Gardening
EHwAL2uw,Cooking
CU1kcF1M,Hiking
CU1kcF1M,Painting
LHZjXiYm,Painting
LHZjXiYm,Gardening
QfzgFcga,Painting
QfzgFcga,Reading
5PkoSuhT,Cycling
5PkoSuhT,Reading
9oNjRUS3,Cycling
9oNjRUS3,Gardening
mN6lbsmZ,Painting
mN6lbsmZ,Hiking
QeCh6PaL,Cooking
QeCh6PaL,Painting
QeCh6PaL,Cycling
8EvpDXUV,Gardening
8EvpDXUV,Cooking
VfpfpZNf,Gardening
VfpfpZNf,Painting
VfpfpZNf,Reading
MfQKPbFe,Cycling
MfQKPbFe,Reading
MfQKPbFe,Hiking
lrJXHSph,Painting
lrJXHSph,Gardening
lrJXHSph,Reading
GkC0cLAQ,Hiking
8eDpyUOk,Painting
8eDpyUOk,Cycling
xsn1KESY,Painting
xsn1KESY,Gardening
6hki8LbE,Hiking
XAR3wHzc,Cooking
BRef2PDF,Cooking
HID8OKhc,Painting
qGsYtpDn,Hiking
qGsYtpDn,Reading
P1jVD9ek,Hiking
P1jVD9ek,Cycling
MzM6ZzUc,Cycling
MzM6ZzUc,Cooking
MzM6ZzUc,Hiking
tylTxBZn,Reading
tylTxBZn,Cooking
GEeLzIRW,Reading
GEeLzIRW,Cooking
L41DEU0K,Cycling
L41DEU0K,Reading
IQLWiuQ8,Gardening
HMdN52Ko,Cycling
HMdN52Ko,Reading
5uol8luP,Painting
5uol8luP,Hiking
5uol8luP,Cycling
rLPlMWXQ,Painting
rLPlMWXQ,Gardening
lQSImCGh,Painting
lQSImCGh,Reading
lQSImCGh,Cooking
SspLNu3Y,Gardening
SspLNu3Y,Cooking
SspLNu3Y,Reading
xyS5Cvpe,Gardening
xyS5Cvpe,Cycling
xyS5Cvpe,Painting
hxIyeYpE,Painting
5IYFAq8M,Cycling
5IYFAq8M,Cooking
5IYFAq8M,Hiking
EgBtihV9,Cooking
EgBtihV9,Reading
EgBtihV9,Gardening
cegHhfUA,Reading
cOdg8Sro,Cycling
cOdg8Sro,Painting
nLU5vobK,Cooking
nLU5vobK,Gardening
Vk7xHbjJ,Cooking
34raPA10,Hiking
34raPA10,Cycling
bFyBmieZ,Hiking
bFyBmieZ,Gardening
bFyBmieZ,Painting
x27QIOeS,Cooking
x27QIOeS,Gardening
bJwbBBAB,Cycling
bJwbBBAB,Cooking
bJwbBBAB,Gardening
vq4qjnKG,Painting
GmcxcoRj,Cycling
GmcxcoRj,Hiking
GmcxcoRj,Reading
2lzke2MJ,Reading
W21TrDAk,Gardening
b7LeVqWH,Hiking
b7LeVqWH,Painting
WIwlHlWu,Gardening
WIwlHlWu,Cooking
kqYF3ykD,Painting
0oLwWCCS,Cooking
0oLwWCCS,Gardening
SkLc8irG,Cooking
EUIT3COG,Cycling
WJZzp6k1,Reading
WJZzp6k1,Painting
WJZzp6k1,Cooking
hce90h4x,Cycling
sbEUnWUB,Reading
KViXyi34,Cooking
KViXyi34,Gardening
KViXyi34,Cycling
pySxmi7p,Reading
pySxmi7p,Hiking
pySxmi7p,Painting
jNgxv422,Reading
jNgxv422,Gardening
jNgxv422,Painting
esYIc80e,Painting
esYIc80e,Cycling
FNxBuMvu,Cooking
FNxBuMvu,Gardening
FNxBuMvu,Hiking
wXK2VAFP,Cooking
HUF9jZuS,Painting
HUF9jZuS,Cycling
HUF9jZuS,Hiking
TNiVmMrn,Painting
caizmX2A,Gardening
J9n9kcTW,Painting
J9n9kcTW,Cycling
n4kPhPYv,Reading
n4kPhPYv,Cycling
TxD7JH3U,Hiking
TxD7JH3U,Cooking
3obDuFES,Reading
3obDuFES,Cycling
2p45RFzy,Cycling
2p45RFzy,Hiking
JspM6PW5,Cooking
JspM6PW5,Cycling
dzAz8uwt,Painting
dzAz8uwt,Cooking
dzAz8uwt,Cycling
E95ynAop,Reading
XuLK0gfT,Cycling
Dcs0Q4RP,Cooking
fktg9fca,Cooking
fktg9fca,Reading
fktg9fca,Hiking
5W3ZEqsZ,Hiking
5W3ZEqsZ,Cycling
5W3ZEqsZ,Reading
eLiC0jWF,Cycling
eLiC0jWF,Hiking
eLiC0jWF,Gardening
EnryukDC,Gardening
EnryukDC,Hiking
7sOYz5X0,Reading
PnCRcd2j,Hiking
PnCRcd2j,Cycling
z5PPTsR3,Reading
z5PPTsR3,Cooking
Owyvd0Xy,Gardening
Owyvd0Xy,Cycling
Owyvd0Xy,Reading
YC7W1BYU,Gardening
YC7W1BYU,Painting
YC7W1BYU,Hiking
pf2uciFE,Hiking
pf2uciFE,Cooking
pf2uciFE,Gardening
UqyGK5mV,Hiking
UqyGK5mV,Cycling
UqyGK5mV,Gardening
Tc7Kr9Cr,Painting
Tc7Kr9Cr,Hiking
bK7dZzC2,Gardening
bK7dZzC2,Hiking
J5Znq30Y,Painting
PJyaonYo,Reading
PJyaonYo,Cooking
PJyaonYo,Cycling
aceXH36b,Gardening
1TVWVPEJ,Cycling
1TVWVPEJ,Hiking
HIW15ySk,Painting
Vr9QNejh,Cycling
67eVVqlV,Cooking
uFZHFDMW,Hiking
uFZHFDMW,Cycling
wfkYHpb4,Gardening
XXfdjjYH,Painting
XXfdjjYH,Hiking
XXfdjjYH,Cycling
D5Nb0XAY,Reading
D5Nb0XAY,Cycling
WykMDKR8,Painting
WykMDKR8,Gardening
WykMDKR8,Reading
UZ5WICtw,Reading
UZ5WICtw,Cycling
3clJbPxv,Hiking
3clJbPxv,Cooking
UatCifGV,Hiking
UatCifGV,Painting
KDIIVhYW,Cycling
KDIIVhYW,Cooking
NpHAcg6P,Reading
NpHAcg6P,Painting
iGLgh8Vt,Hiking
iGLgh8Vt,Cooking
gz5t2fuT,Hiking
gz5t2fuT,Gardening
gz5t2fuT,Reading
if6a3cYz,Cycling
if6a3cYz,Painting
if6a3cYz,Hiking
gj63pul4,Gardening
gj63pul4,Cooking
gj63pul4,Reading
RgYDThTY,Painting
RgYDThTY,Gardening
RgYDThTY,Reading
QozQ2JT0,Painting
QozQ2JT0,Cooking
EoAMyZsi,Reading
J7pSopce,Cycling
y7rgangR,Hiking
y7rgangR,Reading
zvBjOhw8,Cycling
zvBjOhw8,Painting
d3dCrz2i,Painting
d3dCrz2i,Reading
rAaWGKvN,Gardening
BQrDyjn4,Gardening
boEn6F5g,Hiking
boEn6F5g,Cycling
boEn6F5g,Cooking
SGQqOXUb,Painting
SGQqOXUb,Hiking
J2orYUPI,Reading
J2orYUPI,Cycling
VVAvDlTS,Cycling
VVAvDlTS,Gardening
uo7beJiz,Gardening
uo7beJiz,Cycling
uo7beJiz,Reading
cCHTg9IS,Gardening
cCHTg9IS,Painting
cCHTg9IS,Cooking
nnwcaKhr,Reading
KBmvohXX,Hiking
KBmvohXX,Cycling
a0YnzufK,Painting
gMbrkjTT,Cooking
gMbrkjTT,Painting
mmiCPnih,Cooking
mmiCPnih,Hiking
4mM2sQjd,Painting
4mM2sQjd,Hiking
4mM2sQjd,Gardening
3DaxHQ3g,Hiking
3DaxHQ3g,Cycling
VnjgoYqG,Gardening
VnjgoYqG,Painting
VnjgoYqG,Hiking
IP653492,Cooking
IP653492,Hiking
IP653492,Cycling
j9HJ7ALX,Cooking
j9HJ7ALX,Gardening
rqnTVbzx,Reading
rqnTVbzx,Hiking
rqnTVbzx,Gardening
H52hR3oR,Cycling
H52hR3oR,Hiking
H52hR3oR,Cooking
6hD4KTiG,Cooking
6hD4KTiG,Gardening
IvHquilA,Cycling
0mXnNGMe,Gardening
SHTtkr0b,Painting
SHTtkr0b,Cycling
SHTtkr0b,Reading
VWWQ1Sfk,Hiking
UNfQDXB3,Cycling
OdN8bjvx,Painting
OdN8bjvx,Cycling
OdN8bjvx,Cooking
h4OUqfYL,Cooking
2xNfSrjx,Cycling
hzXF9wdt,Cooking
kJTIcDzo,Hiking
1GhdX51p,Reading
1GhdX51p,Cooking
HD2pmSlO,Cycling
HD2pmSlO,Gardening
HD2pmSlO,Painting
ypPiyQTG,Cycling
OPtsb2Ui,Cycling
OPtsb2Ui,Painting
OPtsb2Ui,Gardening
S0Ag7pCc,Hiking
S0Ag7pCc,Gardening
S0Ag7pCc,Painting
y6Nj6xs2,Cooking
y6Nj6xs2,Gardening
y6Nj6xs2,Painting
TPDtX1F7,Reading
TPDtX1F7,Cooking
TPDtX1F7,Cycling
G4bogoRG,Hiking
ZrSiLRPv,Gardening
rN9smn8Z,Reading
rN9smn8Z,Painting
mGK2hTYX,Reading
mGK2hTYX,Painting
mGK2hTYX,Cycling
fSCC2hc8,Gardening
fSCC2hc8,Reading
fSCC2hc8,Cooking
ofQEiN9c,Cooking
ofQEiN9c,Hiking
zcefUVE7,Painting
zcefUVE7,Cooking
9f71WSGa,Painting
ZGaQuNET,Reading
ZGaQuNET,Gardening
ZGaQuNET,Hiking
ZK7442Qy,Cycling
ZK7442Qy,Cooking
Lv2eLY1N,Painting
JgsoGvbi,Reading
JgsoGvbi,Cycling
JgsoGvbi,Cooking
9mYjnLjo,Gardening
ruepcUTi,Gardening
ruepcUTi,Cycling
ruepcUTi,Painting
A7UGfUA0,Cycling
A7UGfUA0,Gardening
YVxQe6n7,Cooking
YVxQe6n7,Gardening
YVxQe6n7,Painting
VpvdAIBg,Gardening
MEVNinGq,Reading
Ucp3aGBm,Cooking
sDPI3ico,Hiking
wIRXrla9,Cooking
wIRXrla9,Gardening
9KkURMMV,Cooking
9KkURMMV,Cycling
9KkURMMV,Hiking
JxWsILLT,Painting
JxWsILLT,Gardening
JxWsILLT,Cooking
Q8C3sHwx,Hiking
7pugbFtM,Reading
7pugbFtM,Painting
8mkllWYs,Painting
i8zI6zR9,Reading
i8zI6zR9,Painting
i8zI6zR9,Gardening
DyhV8bBU,Gardening
p6i3UZ8Z,Cooking
p6i3UZ8Z,Cycling
373hiRLv,Reading
373hiRLv,Hiking
373hiRLv,Gardening
I0jKwPAq,Reading
WxxzeZaD,Cycling
APQjlGJ8,Painting
APQjlGJ8,Gardening
FMcb7Dna,Hiking
FePYu80c,Cycling
FePYu80c,Gardening
FePYu80c,Painting
eGLrsL1t,Gardening
eGLrsL1t,Cooking
CV1G26NM,Reading
CV1G26NM,Cycling
CV1G26NM,Painting
dwNq3BLy,Hiking
dwNq3BLy,Cooking
dwNq3BLy,Reading
d62TVzii,Painting
d62TVzii,Cooking
d62TVzii,Hiking
jRLVqyGH,Reading
emmo67tS,Painting
emmo67tS,Gardening
kv7gHea0,Cycling
3kgLagUo,Gardening
3kgLagUo,Reading
3kgLagUo,Cooking
FPiEJvhn,Cooking
ePsqd71u,Painting
ePsqd71u,Cooking
iyF8fr9o,Hiking
mpgDgiCX,Painting
PklakfEY,Gardening
HlMq5AJv,Painting
HlMq5AJv,Cooking
ZWQBU1oY,Reading
phFH9zuJ,Painting
BTERHNy5,Hiking
hDd1E3GY,Cycling
hDd1E3GY,Painting
hDd1E3GY,Reading
BgqJTGVk,Cycling
BgqJTGVk,Cooking
8iJ8U7IH,Reading
QoMHW17h,Painting
40X6Qo0A,Painting
40X6Qo0A,Cooking
SSp8OsL0,Cycling
SSp8OsL0,Reading
SSp8OsL0,Painting
UcOf5oHB,Cycling
UcOf5oHB,Hiking
JBE0ZiFm,Reading
odqb3w9x,Hiking
odqb3w9x,Painting
MQJbhrHW,Cycling
MQJbhrHW,Reading
YsNNiHJq,Reading
YsNNiHJq,Gardening
y11m755v,Gardening
keQuHu9D,Cooking
keQuHu9D,Cycling
keQuHu9D,Gardening
GWwn9FIy,Cooking
GWwn9FIy,Gardening
UVrqatM2,Reading
UVrqatM2,Gardening
ZuoXfwyf,Cooking
ZuoXfwyf,Reading
ZuoXfwyf,Cycling
AT6gXBta,Cooking
AT6gXBta,Hiking
M7j1XrVf,Painting
M7j1XrVf,Hiking
M7j1XrVf,Cooking
WkxG9RGI,Reading
Vy35I4Wz,Cycling
Vy35I4Wz,Reading
Aw1W0rFs,Reading
Aw1W0rFs,Painting
MhfQ9b5a,Cycling
MhfQ9b5a,Gardening
cjtNK2eo,Painting
cjtNK2eo,Cycling
NZ9hutmu,Cycling
DGNATQrr,Painting
DGNATQrr,Cycling
GMxMSi7Q,Cooking
6A3WSszU,Painting
6A3WSszU,Cooking
6A3WSszU,Cycling
i09R4r6e,Gardening
i09R4r6e,Painting
nYRYgiZh,Hiking
nYRYgiZh,Reading
L2NMMdT2,Reading
L2NMMdT2,Hiking
L2NMMdT2,Painting
zRPklvCq,Cycling
zRPklvCq,Cooking
zRPklvCq,Painting
8IqijJci,Hiking
8IqijJci,Cooking
8IqijJci,Reading
fY1TxOog,Cycling
d1S7OkCn,Cooking
d1S7OkCn,Gardening
d1S7OkCn,Reading
BSnIKlZb,Hiking
lj74nzkg,Gardening
Au0esIi3,Cooking
Au0esIi3,Painting
uw7W1Ht6,Cycling
uw7W1Ht6,Painting
pbu1J7ES,Reading
pbu1J7ES,Cycling
pbu1J7ES,Hiking
h3L0KaJB,Hiking
h3L0KaJB,Painting
h3L0KaJB,Cycling
kuPKV4Sn,Cooking
P8iwTTdl,Painting
P8iwTTdl,Cycling
ccVEYQCF,Hiking
ccVEYQCF,Reading
ccVEYQCF,Cycling
1BQQS2Pw,Hiking
1BQQS2Pw,Reading
1BQQS2Pw,Painting
oH5X5XYc,Hiking
oH5X5XYc,Gardening
b8oyfJXt,Reading
b8oyfJXt,Cooking
WNk56UPf,Gardening
mr1FdZ4J,Painting
mr1FdZ4J,Cycling
mr1FdZ4J,Cooking
9fQELhyN,Cooking
9fQELhyN,Gardening
9fQELhyN,Cycling
Thj157zU,Hiking
Thj157zU,Gardening
ihVPhxg4,Cooking
ihVPhxg4,Reading
ihVPhxg4,Hiking
p5Unslxm,Painting
alOPsGjW,Cycling
09vxXYTa,Cycling
09vxXYTa,Reading
09vxXYTa,Painting
5SJvWKZW,Painting
5SJvWKZW,Hiking
oCil5IHy,Reading
oCil5IHy,Hiking
oCil5IHy,Cooking
Vi0qeUji,Gardening
DdhMDIrk,Gardening
DdhMDIrk,Painting
DdhMDIrk,Cycling
47IVBAWM,Hiking
47IVBAWM,Cycling
0iYCacdh,Cycling
0iYCacdh,Hiking
0iYCacdh,Gardening
WhmXTzoB,Painting
r6EAcagT,Cooking
r6EAcagT,Hiking
wgK1gvdf,Gardening
wgK1gvdf,Cooking
wgK1gvdf,Reading
FzgdSu8Y,Painting
FzgdSu8Y,Reading
FzgdSu8Y,Hiking
r87Emyhm,Cycling
r87Emyhm,Hiking
r87Emyhm,Painting
bAv1PBRK,Reading
bAv1PBRK,Gardening
bAv1PBRK,Cycling
EmIu9XWL,Gardening
vdoi0bdq,Cycling
vdoi0bdq,Gardening
vdoi0bdq,Cooking
EC4cUqoV,Cooking
EC4cUqoV,Reading
EC4cUqoV,Hiking
IYIRRRJt,Reading
IYIRRRJt,Cycling
OLE4WGEn,Cooking
OLE4WGEn,Painting
eCBhzLUg,Painting
47jE7EJp,Reading
47jE7EJp,Painting
47jE7EJp,Hiking
ZVBnQFKr,Painting
ZVBnQFKr,Reading
ZVBnQFKr,Hiking
JhLYeYq2,Gardening
JhLYeYq2,Cycling
JhLYeYq2,Cooking
gz0OONOq,Reading
gz0OONOq,Cycling
FF9K33fB,Hiking
FF9K33fB,Painting
2GTo88x5,Cycling
2GTo88x5,Cooking
2GTo88x5,Reading
llIszVP5,Reading
FEYqkPIF,Cycling
FEYqkPIF,Gardening
CUJ95DNq,Gardening
EIpEPYIn,Gardening
EIpEPYIn,Reading
EIpEPYIn,Cooking
scLANZxH,Cooking
scLANZxH,Gardening
S6AqFjBj,Painting
S6AqFjBj,Gardening
S6AqFjBj,Cycling
uxj5JpNr,Hiking
Ha77WqyR,Hiking
Ha77WqyR,Cycling
LebZfe9h,Painting
mzoDzalp,Painting
mzoDzalp,Gardening
4tFyWR4w,Reading
4tFyWR4w,Hiking
RqWz0DT3,Hiking
RqWz0DT3,Gardening
5eFRKJHc,Cycling
5eFRKJHc,Painting
H4ayZjqB,Hiking
H4ayZjqB,Reading
H4ayZjqB,Painting
z0goulyx,Cycling
z0goulyx,Cooking
qAPM4RKR,Painting
qAPM4RKR,Gardening
qAPM4RKR,Hiking
8XdhiLl0,Painting
8XdhiLl0,Cycling
W9p53chD,Cycling
W9p53chD,Painting
W9p53chD,Cooking
p8OgJuLx,Cooking
p8OgJuLx,Painting
p8OgJuLx,Gardening
abOJYs8p,Painting
c59Qq31M,Gardening
c59Qq31M,Cycling
c59Qq31M,Painting
AzuBkY5t,Cycling
AzuBkY5t,Reading
AzuBkY5t,Cooking
zxiNVurg,Cooking
NLv5a5A1,Cycling
NLv5a5A1,Hiking
hjlVC7DO,Cycling
f40YpXN9,Gardening
f40YpXN9,Hiking
ImeJ2w53,Hiking
5qiSX0NA,Cycling
5qiSX0NA,Gardening
jgkmpT2v,Gardening
ART1HCvY,Painting
k86khPRo,Cycling
OrCT10ei,Gardening
OrCT10ei,Painting
OrCT10ei,Hiking
6T8B3ymP,Gardening
6T8B3ymP,Painting
Y3vaHXeW,Cooking
Y3vaHXeW,Cycling
Y3vaHXeW,Reading
7ZpSmx98,Painting
uHZq3uos,Cycling
uHZq3uos,Gardening
uHZq3uos,Reading
FFeA9rpP,Gardening
FFeA9rpP,Cooking
wqdGY2QD,Reading
wqdGY2QD,Painting
MBWgNO4T,Reading
xMJ9GW2V,Cycling
xMJ9GW2V,Reading
QpoY19H7,Cycling
oXjgOIb5,Reading
GCxcb0L1,Painting
5PShHYlx,Cycling
fdS3rtp6,Reading
fdS3rtp6,Painting
KUWrWVIi,Hiking
KUWrWVIi,Painting
KUWrWVIi,Gardening
tz8tPgaT,Cooking
9CU4aYru,Hiking
9CU4aYru,Cycling
UxZu3cA3,Cycling
UxZu3cA3,Cooking
yqe4yx1R,Hiking
yqe4yx1R,Painting
yqe4yx1R,Cycling
R369aBuy,Hiking
R369aBuy,Cycling
R369aBuy,Reading
Y4qMcMwI,Hiking
Y4qMcMwI,Cooking
mAmIxSJz,Cooking
mAmIxSJz,Gardening
yCaoAI3J,Gardening
D9OEMwxK,Painting
D9OEMwxK,Reading
D9OEMwxK,Gardening
lCeCxQob,Painting
fAR9C7GI,Cooking
fAR9C7GI,Painting
2xse0V8J,Hiking
2xse0V8J,Gardening
sfUExleH,Painting
XNifSyiq,Reading
XNifSyiq,Cooking
kLDFedR9,Gardening
vrdkZr19,Gardening
vrdkZr19,Painting
vrdkZr19,Hiking
F5L32rdE,Painting
F5L32rdE,Reading
F5L32rdE,Cycling
O4GjqCf9,Gardening
e6H5VaeW,Cooking
e6H5VaeW,Hiking
e6H5VaeW,Reading
6NUdhxal,Painting
6NUdhxal,Gardening
6NUdhxal,Cooking
CY8OtAUc,Painting
CY8OtAUc,Hiking
w61BYicC,Hiking
w61BYicC,Painting
DhZfMS58,Cooking
DhZfMS58,Painting
mtHnVVcu,Gardening
jWPzQe3n,Cooking
jWPzQe3n,Cycling
jWPzQe3n,Hiking
2XwpVZu4,Reading
2XwpVZu4,Hiking
Ad18AUBK,Reading
nSpsHmsk,Cycling
nSpsHmsk,Cooking
nSpsHmsk,Gardening
Xx848s4H,Cooking
Xx848s4H,Painting
e7jJTac6,Painting
e7jJTac6,Cooking
e7jJTac6,Cycling
o69CFyLQ,Painting
o69CFyLQ,Gardening
iXRByQkN,Painting
154vXQKB,Hiking
154vXQKB,Reading
3vBcZgBl,Cooking
3vBcZgBl,Cycling
PZc8rQns,Painting
Sm3hrhbn,Painting
Sm3hrhbn,Hiking
Sm3hrhbn,Reading
cL8resMf,Painting
cL8resMf,Reading
nO2MkHvU,Cycling
nO2MkHvU,Reading
nO2MkHvU,Cooking
4QvcyczE,Painting
4QvcyczE,Gardening
6abJ64He,Cooking
6abJ64He,Hiking
6abJ64He,Cycling
xBqW39FR,Gardening
xBqW39FR,Cooking
h3nm0tR9,Cooking
h3nm0tR9,Cycling
h3nm0tR9,Painting
1byCV0ua,Hiking
1byCV0ua,Painting
1byCV0ua,Cooking
jvaE9tiy,Gardening
jvaE9tiy,Cooking
jvaE9tiy,Hiking
rCpKMPJW,Cycling
nnufaWJN,Cooking
a3u84u2I,Hiking
WHuJlkTV,Reading
WHuJlkTV,Painting
tyo0zXla,Cycling
tyo0zXla,Gardening
RCvlp83R,Cycling
h4hX0nUa,Painting
h4hX0nUa,Gardening
h4hX0nUa,Cycling
lRkOLOe4,Cycling
gBHuIT2J,Cooking
gBHuIT2J,Gardening
gBHuIT2J,Painting
C8kQxGRU,Cooking
C8kQxGRU,Gardening
C8kQxGRU,Hiking
V4DVR1e8,Gardening
V4DVR1e8,Hiking
V4DVR1e8,Painting
Lj4DkFu2,Cooking
Lj4DkFu2,Hiking
Lj4DkFu2,Gardening
1O9iSDal,Gardening
1O9iSDal,Hiking
fr9OT51U,Painting
fr9OT51U,Cooking
e87JSRPT,Painting
e87JSRPT,Reading
e87JSRPT,Cycling
ThN8rSj0,Cycling
ThN8rSj0,Cooking
iBw5Rgxm,Gardening
iBw5Rgxm,Cycling
iBw5Rgxm,Hiking
9dSK5BCy,Cooking
9dSK5BCy,Reading
9dSK5BCy,Painting
KLnVQO9f,Painting
QY8es1c6,Cycling
QY8es1c6,Hiking
adz28z8y,Hiking
adz28z8y,Cycling
72coyjJX,Painting
Lkl0xAZf,Gardening
Lkl0xAZf,Cooking
Lkl0xAZf,Cycling
8pWP5T6I,Reading
8pWP5T6I,Gardening
tPgFF2cT,Reading
tPgFF2cT,Gardening
6KQgMzNS,Hiking
6KQgMzNS,Reading
4SOJxnIX,Painting
4SOJxnIX,Cooking
4SOJxnIX,Gardening
3S7rC73P,Cycling
3S7rC73P,Cooking
3S7rC73P,Hiking
wop66cQe,Hiking
wop66cQe,Cycling
wop66cQe,Reading
RwPEb8q1,Cycling
WyQPEXyS,Cooking
WyQPEXyS,Hiking
WyQPEXyS,Reading
S9S64um7,Reading
S9S64um7,Hiking
BI9qxTWx,Cycling
BI9qxTWx,Hiking
BI9qxTWx,Gardening
YA4hkrbR,Cooking
5a1roWKh,Cooking
lhYdPqHm,Reading
CzOCg44b,Cooking
CzOCg44b,Painting
OTEGwk5e,Hiking
OTEGwk5e,Painting
OTEGwk5e,Cycling
TB4ItmYO,Cycling
TB4ItmYO,Reading
TB4ItmYO,Hiking
Tk3FCqQ3,Painting
Egm715PQ,Gardening
Egm715PQ,Cycling
Egm715PQ,Cooking
zvUj4CiA,Hiking
zvUj4CiA,Painting
zvUj4CiA,Gardening
QzmardZ5,Gardening
QzmardZ5,Painting
NwjBHb6u,Cycling
NwjBHb6u,Cooking
G9c5DQTe,Painting
lC0mALoJ,Painting
lC0mALoJ,Cycling
lC0mALoJ,Reading
chxvRGy4,Cycling
chxvRGy4,Painting
chxvRGy4,Cooking
bNJNEphx,Cooking
bNJNEphx,Gardening
MZ1Q4jjQ,Painting
MZ1Q4jjQ,Cycling
MZ1Q4jjQ,Gardening
YoM3Lkr0,Cooking
vcy4ICFy,Painting
vcy4ICFy,Cooking
vcy4ICFy,Reading
E7VYZmca,Cycling
E7VYZmca,Painting
E7VYZmca,Hiking
hyv0ZI3I,Cycling
hyv0ZI3I,Hiking
I7R7EXN5,Cycling
I7R7EXN5,Gardening
I7R7EXN5,Cooking
gLpjIPTj,Cycling
Y9NlTvdl,Painting
Y9NlTvdl,Cycling
rZaPoIsh,Reading
Ij3eWkOF,Cycling
ryJSOxtr,Hiking
ryJSOxtr,Cooking
ryJSOxtr,Cycling
DwpekMef,Cycling
DwpekMef,Reading
DwpekMef,Hiking
8qeVPuqJ,Cooking
PJx9KBEX,Cycling
PJx9KBEX,Painting
PJx9KBEX,Reading
1EiPjemp,Reading
1EiPjemp,Cooking
DeA3oX9l,Reading
DeA3oX9l,Painting
DeA3oX9l,Cycling
ByVCvJGM,Gardening
ByVCvJGM,Cooking
QmLNxtbF,Cycling
QmLNxtbF,Cooking
QmLNxtbF,Hiking
bvYqrNXr,Painting
bvYqrNXr,Reading
adi8CsHV,Hiking
adi8CsHV,Cycling
adi8CsHV,Gardening
EsBBt6Am,Painting
3A9pubpt,Cooking
3A9pubpt,Hiking
3A9pubpt,Painting
nmKxqAlC,Reading
e2JwJxtd,Gardening
e2JwJxtd,Painting
wCawgGCP,Cycling
wCawgGCP,Gardening
wCawgGCP,Painting
26snRWXs,Cooking
26snRWXs,Cycling
26snRWXs,Reading
hJLpLZ6q,Cooking
JrJqzbVZ,Cycling
RknKFhSS,Hiking
RknKFhSS,Cooking
RknKFhSS,Reading
VDs0vrSz,Cooking
VDs0vrSz,Hiking
VDs0vrSz,Cycling
uXiWcasJ,Cooking
uXiWcasJ,Cycling
RyuuQDa6,Hiking
RyuuQDa6,Cooking
RyuuQDa6,Painting
Ryne5Icm,Cooking
sqmgsPSz,Gardening
sqmgsPSz,Painting
6tRi1xKd,Painting
2OO8BrCl,Cooking
2OO8BrCl,Gardening
2OO8BrCl,Painting
cmtjHXwc,Cooking
cmtjHXwc,Hiking
kI6AuBu2,Hiking
5jmGjXab,Painting
5jmGjXab,Gardening
5jmGjXab,Cooking
BTh3WwYB,Gardening
AWLvYpUk,Painting
AWLvYpUk,Gardening
AWLvYpUk,Cooking
Nne44TIq,Painting
Nne44TIq,Cooking
e8KT9VfS,Hiking
e8KT9VfS,Cycling
ZOHT7ZDN,Cooking
ZOHT7ZDN,Painting
ZOHT7ZDN,Hiking
EZzMZ6lq,Painting
F5ltc7Wv,Cycling
F5ltc7Wv,Painting
F5ltc7Wv,Cooking
yHS4Sjpp,Reading
lJ6Xgf8h,Gardening
P33CdZsc,Cycling
P33CdZsc,Hiking
t2VEkiEy,Gardening
t2VEkiEy,Hiking
t2VEkiEy,Painting
pnCkwrix,Cycling
pnCkwrix,Cooking
pnCkwrix,Painting
xtYKO0lm,Reading
TQYmrs2Z,Cooking
TQYmrs2Z,Reading
TQYmrs2Z,Hiking
s0EL5aCX,Reading
s0EL5aCX,Gardening
axQVQeVt,Painting
2TzqCEtk,Hiking
2TzqCEtk,Cooking
2TzqCEtk,Cycling
bwSjKht1,Hiking
lAePMbPv,Cycling
mSnH0cJ0,Cooking
mSnH0cJ0,Hiking
mSnH0cJ0,Reading
eUF4gxjA,Reading
zEy3gKGq,Hiking
zEy3gKGq,Reading
zEy3gKGq,Cycling
JF5BGptu,Cycling
Tyy6ytUK,Gardening
Tyy6ytUK,Cooking
Tyy6ytUK,Hiking
lbQckpn8,Cycling
lbQckpn8,Gardening
rEF2VRgD,Cycling
MjVKKMJG,Hiking
MjVKKMJG,Painting
OFmTbnAz,Gardening
OFmTbnAz,Reading
OFmTbnAz,Cycling
HlftcYq2,Gardening
3IawQ50M,Hiking
3IawQ50M,Cooking
Bpo09m2L,Gardening
xW7nD3fu,Cooking
xW7nD3fu,Gardening
xW7nD3fu,Cycling
hNHYZyyg,Hiking
hNHYZyyg,Painting
AsWaejFj,Painting
AsWaejFj,Cooking
AsWaejFj,Gardening
CL1Gu6TR,Painting
z3EfcUSZ,Cycling
z3EfcUSZ,Cooking
kN5G1Ype,Cooking
kN5G1Ype,Reading
hL7h4RvK,Reading
hL7h4RvK,Cycling
JHpQvETb,Hiking
STRxRYHV,Cooking
LvZiBtFJ,Gardening
LvZiBtFJ,Reading
7vnqANVT,Painting
7vnqANVT,Reading
7vnqANVT,Gardening
2JLBMiMA,Painting
2JLBMiMA,Cycling
2JLBMiMA,Reading
9sVJybaW,Hiking
9sVJybaW,Reading
GNmTHH9s,Cooking
GNmTHH9s,Hiking
GNmTHH9s,Gardening
KbraLPFy,Cycling
KbraLPFy,Gardening
a7h3by7c,Gardening
a7h3by7c,Hiking
gnIHI2Xu,Cycling
gnIHI2Xu,Cooking
sYIMTq09,Painting
Iz1a5Bwa,Painting
acvyQg3W,Cycling
wm46ygqJ,Reading
wm46ygqJ,Gardening
Z8P3sBdV,Painting
Z8P3sBdV,Cooking
Z8P3sBdV,Hiking
pL6yrvA3,Painting
pL6yrvA3,Gardening
y4k6xWhu,Painting
y4k6xWhu,Cycling
y4k6xWhu,Hiking
vL2i5Vl1,Cooking
vL2i5Vl1,Gardening
t3srWxnB,Hiking
t3srWxnB,Cooking
t3srWxnB,Reading
k0YHtEfi,Painting
uvgR1Kap,Painting
i8EAqNTM,Hiking
i8EAqNTM,Cycling
IStulPk0,Cycling
IStulPk0,Gardening
i1ghFEMB,Reading
i1ghFEMB,Painting
qownVs2T,Cycling
qownVs2T,Hiking
qownVs2T,Cooking
0sZ0hJR8,Gardening
0sZ0hJR8,Reading
mGA2emZG,Reading
Ll6FF3YI,Gardening
Ll6FF3YI,Cooking
Ll6FF3YI,Hiking
YWdF1wQl,Cooking
YWdF1wQl,Painting
rxfDU5Ky,Gardening
59nYiLpx,Cycling
59nYiLpx,Cooking
59nYiLpx,Gardening
cKvob4ZQ,Cycling
cKvob4ZQ,Reading
vffKPsrO,Hiking
vffKPsrO,Reading
vffKPsrO,Cooking
JUhGgKle,Cycling
JUhGgKle,Painting
JUhGgKle,Reading
UCHOPNei,Reading
UCHOPNei,Cooking
GlL13C5U,Gardening
GlL13C5U,Cooking
GlL13C5U,Painting
G4qugq5A,Cycling
Vj98glnb,Painting
Vj98glnb,Hiking
Ze6uaYTM,Cooking
Ze6uaYTM,Hiking
47SNkgDc,Reading
47SNkgDc,Cooking
47SNkgDc,Gardening
tIAAmZxM,Cycling
tIAAmZxM,Reading
OUHbS7aZ,Cycling
thyUhJWe,Cycling
thyUhJWe,Cooking
thyUhJWe,Gardening
p1hJDi1v,Painting
p1hJDi1v,Cooking
p1hJDi1v,Reading
pAJQuHgF,Cycling
5XGmUiBn,Gardening
5XGmUiBn,Cycling
5XGmUiBn,Reading
vSypvXda,Painting
vSypvXda,Gardening
vSypvXda,Cycling
ut2U8fNs,Hiking
ut2U8fNs,Gardening
ut2U8fNs,Painting
4DlbjK9O,Reading
Qe3MR7u3,Hiking
Qe3MR7u3,Reading
Qe3MR7u3,Gardening
lIaEnqEm,Cycling
otnbzXzy,Cycling
R1OL75Jk,Cooking
R1OL75Jk,Painting
R1OL75Jk,Hiking
H16FV2Uv,Hiking
1oZuUC0h,Painting
1oZuUC0h,Hiking
qmNAIIhg,Painting
xZqSZm6K,Reading
TnrDapoa,Cooking
TnrDapoa,Cycling
TnrDapoa,Reading
a46vFNzb,Gardening
a46vFNzb,Reading
a46vFNzb,Cooking
rbREKRgn,Cooking
rbREKRgn,Painting
q9oIeMSt,Cycling
q9oIeMSt,Hiking
q9oIeMSt,Cooking
75ir7bTI,Cycling
75ir7bTI,Cooking
jyp5zlx9,Cooking
jyp5zlx9,Painting
0XlaZRPk,Cooking
0XlaZRPk,Reading
gHMcsGgx,Cooking
i7IaXnCl,Cooking
DeyihXp1,Reading
SrzgEJH9,Gardening
SrzgEJH9,Painting
SrzgEJH9,Cooking
eZCsz8in,Reading
eZCsz8in,Painting
eZCsz8in,Cycling
s15iwfyi,Cooking
s15iwfyi,Reading
qTB02xbP,Cycling
qTB02xbP,Hiking
qTB02xbP,Cooking
AMtnizOL,Gardening
AMtnizOL,Painting
vxigPt5K,Cooking
0kA29RTX,Cooking
0kA29RTX,Cycling
0kA29RTX,Gardening
2pIX4FAn,Reading
2pIX4FAn,Cooking
2pIX4FAn,Cycling
xdaGtqFo,Cooking
fsdJTGZ3,Hiking
fsdJTGZ3,Cycling
fsdJTGZ3,Painting
8y7MZW8r,Gardening
8y7MZW8r,Painting
8y7MZW8r,Reading
bIxXU9CK,Reading
LaGVJfpz,Reading
aJ1fJTjo,Painting
aJ1fJTjo,Hiking
aJ1fJTjo,Cycling
QmCZP6JC,Cycling
QmCZP6JC,Cooking
ScaXuH0f,Reading
B5GffLOR,Cycling
B5GffLOR,Hiking
B5GffLOR,Reading
uiJXjbNX,Gardening
PemVrzBx,Hiking
PemVrzBx,Cooking
PemVrzBx,Painting
fIqNaiV4,Gardening
QjinB5ra,Painting
QjinB5ra,Cooking
QjinB5ra,Reading
7ycv3EQ4,Gardening
CWw8zj5v,Cooking
CWw8zj5v,Cycling
ghzekNuI,Cycling
r1y2dLnq,Painting
r1y2dLnq,Cycling
r1y2dLnq,Reading
4m4J9Mef,Cooking
b46SaTAu,Reading
b46SaTAu,Gardening
b46SaTAu,Cooking
7VT8qxc2,Cooking
O38znNx7,Cooking
O38znNx7,Cycling
gfowSX87,Cooking
gfowSX87,Hiking
gfowSX87,Painting
t0qv7f9H,Cycling
ktgQZPlC,Cycling
ktgQZPlC,Cooking
ayzY55W7,Hiking
ayzY55W7,Cooking
F0WsCejd,Reading
F0WsCejd,Cycling
F0WsCejd,Painting
maz5XsJ9,Hiking
maz5XsJ9,Cooking
8htqmdT2,Cooking
UkpWbyQX,Cooking
jp1AtuKr,Reading
2FleGKAb,Painting
YxmUfTpb,Cooking
YxmUfTpb,Reading
RdL6AZoi,Cycling
RdL6AZoi,Painting
KIKL7eYc,Painting
as6YoUEg,Gardening
ZVIcU2U2,Painting
ZVIcU2U2,Cycling
Kr8CG15M,Reading
e7vukhDk,Cooking
e7vukhDk,Reading
e7vukhDk,Gardening
G1BUDWLd,Gardening
G1BUDWLd,Reading
G1BUDWLd,Cycling
ZimKVNxD,Cooking
WHEZc2Ig,Reading
WHEZc2Ig,Cooking
3lraSIWC,Painting
3lraSIWC,Cycling
yl8hKWxP,Painting
yl8hKWxP,Gardening
xvCyDyBQ,Cooking
xvCyDyBQ,Painting
xvCyDyBQ,Reading
eMhJ85R6,Painting
eMhJ85R6,Reading
Damc6YGp,Cycling
Damc6YGp,Gardening
HsebsgAY,Gardening
HsebsgAY,Painting
ea1cg4xS,Cooking
ea1cg4xS,Gardening
VS9RzXo1,Gardening
VS9RzXo1,Painting
MutfabhV,Reading
MutfabhV,Gardening
4AVjFYW1,Hiking
hDItV1iV,Painting
hDItV1iV,Cycling
hDItV1iV,Gardening
44ugoxIF,Painting
44ugoxIF,Reading
44ugoxIF,Gardening
VDcegCdF,Cycling
VDcegCdF,Hiking
VDcegCdF,Reading
hxqOGNoP,Hiking
hxqOGNoP,Gardening
hxqOGNoP,Cooking
dgt8GW3s,Painting
dgt8GW3s,Reading
dgt8GW3s,Cycling
es0RPxkk,Painting
qUQyjBIZ,Cooking
61R6mI5D,Hiking
61R6mI5D,Reading
61R6mI5D,Cooking
Qwh3AFDd,Reading
Qwh3AFDd,Gardening
Qwh3AFDd,Cycling
3RXG69Ko,Painting
3RXG69Ko,Cycling
duwoaWQ6,Reading
duwoaWQ6,Cooking
Limzf4KB,Cycling
Limzf4KB,Painting
Limzf4KB,Reading
6WtQTzdD,Reading
oWq0D1Ui,Reading
TlRkNDge,Hiking
TlRkNDge,Cooking
TlRkNDge,Reading
sMHhqIJo,Painting
x6Z7aKYl,Hiking
x6Z7aKYl,Gardening
x6Z7aKYl,Cooking
lyEeAbeC,Hiking
lyEeAbeC,Cycling
lyEeAbeC,Reading
2bn9ym2c,Reading
2bn9ym2c,Cooking
rJ01BIWA,Cooking
oIH7cy5q,Gardening
jvTYIgLT,Cycling
jvTYIgLT,Hiking
nCjVl1jJ,Cycling
nCjVl1jJ,Gardening
nCjVl1jJ,Hiking
YnOsVYdZ,Hiking
SCOZCkNw,Cooking
SCOZCkNw,Reading
mEMMxCa1,Cooking
mEMMxCa1,Cycling
mEMMxCa1,Gardening
4Kkj7pk7,Painting
4Kkj7pk7,Cycling
4Kkj7pk7,Hiking
KYYrWMUp,Cycling
KYYrWMUp,Hiking
KYYrWMUp,Gardening
IT9oh7qq,Cooking
IT9oh7qq,Gardening
IT9oh7qq,Hiking
kJBuLt2L,Hiking
kJBuLt2L,Reading
realWqfm,Gardening
realWqfm,Painting
realWqfm,Cycling
BMXKlBRg,Gardening
BMXKlBRg,Cooking
BMXKlBRg,Painting
Nyx3ibMh,Cycling
Nyx3ibMh,Hiking
YoaKO23t,Cooking
YoaKO23t,Hiking
YoaKO23t,Reading
idkgvoua,Hiking
0EKNqLhQ,Painting
0EKNqLhQ,Reading
pi8FoYMP,Painting
pi8FoYMP,Cycling
pi8FoYMP,Gardening
rAdGNWwG,Painting
rAdGNWwG,Cycling
lTkWRSDz,Reading
lTkWRSDz,Painting
lTkWRSDz,Cooking
kTqDOWw5,Painting
kTqDOWw5,Gardening
1NtxWyIk,Hiking
1NtxWyIk,Gardening
1NtxWyIk,Reading
1aglTPNk,Gardening
1aglTPNk,Reading
2skzKpla,Reading
aRzkRcza,Hiking
aRzkRcza,Gardening
43ZdKAlD,Hiking
0RAbGCOt,Cooking
0RAbGCOt,Gardening
0RAbGCOt,Painting
WhNXqS7s,Reading
WhNXqS7s,Painting
WhNXqS7s,Gardening
6SyrYhUC,Hiking
6SyrYhUC,Cycling
COyw63UA,Hiking
QWLl8Y2Y,Hiking
QWLl8Y2Y,Painting
D1gIbf0M,Cycling
JkRckIBq,Cooking
JkRckIBq,Hiking
JkRckIBq,Gardening
qVkqAumZ,Painting
qVkqAumZ,Gardening
qVkqAumZ,Cycling
JBVawsHU,Painting
xVzJrCmA,Cycling
Rda7Ko2M,Hiking
Rda7Ko2M,Cycling
Rda7Ko2M,Cooking
tTqfToWL,Reading
tTqfToWL,Painting
ZcWDePdE,Painting
ZcWDePdE,Cycling
OzfnF4qn,Cooking
OzfnF4qn,Painting
30i2Uz53,Painting
WwsRGYUJ,Cooking
6jDRJgWt,Cooking
6jDRJgWt,Hiking
cC0Ib8wU,Hiking
cC0Ib8wU,Cooking
AucRB4Kp,Painting
AucRB4Kp,Reading
bDBnYDX4,Cycling
bDBnYDX4,Reading
bDBnYDX4,Gardening
fbFFFuFu,Hiking
LZyUJmQk,Cycling
LZyUJmQk,Reading
FM0U9b0X,Painting
FM0U9b0X,Gardening
FM0U9b0X,Cycling
N00NJihC,Reading
N00NJihC,Cycling
N00NJihC,Hiking
q1ARe1QB,Cooking
q1ARe1QB,Cycling
zm0Vyk5P,Gardening
zm0Vyk5P,Hiking
2D6JkZ0e,Hiking
2D6JkZ0e,Painting
9Y5EIzu2,Cooking
9Y5EIzu2,Cycling
9Y5EIzu2,Hiking
LkKjmRH7,Painting
o2PouQNQ,Cooking
o2PouQNQ,Gardening
o2PouQNQ,Reading
hwJ8B9Ld,Cooking
vHlw9G7q,Gardening
vHlw9G7q,Painting
vHlw9G7q,Hiking
IFWOpdj2,Cooking
IFWOpdj2,Cycling
IFWOpdj2,Painting
QTCHzF5x,Gardening
3dx02KSi,Cooking
3dx02KSi,Painting
0FumBcD6,Cycling
0FumBcD6,Hiking
0FumBcD6,Cooking
N11CyGLz,Cycling
N11CyGLz,Gardening
k1ssGUb0,Hiking
CGO76lON,Gardening
CGO76lON,Cooking
CGO76lON,Cycling
fza6QS2x,Cycling
fza6QS2x,Gardening
fza6QS2x,Reading
gXziIG0o,Reading
gXziIG0o,Gardening
gXziIG0o,Cooking
23faUY5i,Reading
k2nKK6jn,Cycling
k2nKK6jn,Painting
k2nKK6jn,Hiking
LOBiUpt0,Reading
LOBiUpt0,Hiking
LOBiUpt0,Gardening
YWWrbpyR,Painting
w6yjmhAx,Gardening
w6yjmhAx,Painting
w6yjmhAx,Cycling
Y81PkU6l,Hiking
LYKTXTpt,Painting
LYKTXTpt,Cooking
LYKTXTpt,Cycling
ID8ICELx,Gardening
ID8ICELx,Painting
WahpkG1p,Gardening
WahpkG1p,Cooking
LpuLU8Lj,Gardening
LpuLU8Lj,Reading
LpuLU8Lj,Hiking
haaesOOC,Cycling
haaesOOC,Hiking
haaesOOC,Painting
y0S67sOo,Gardening
y0S67sOo,Hiking
cr6esbGJ,Gardening
cr6esbGJ,Cycling
cr6esbGJ,Hiking
t30DcLAu,Painting
A6g6IMh6,Reading
A6g6IMh6,Cooking
A6g6IMh6,Painting
iaDwMaMz,Gardening
7ODM0gdE,Painting
mkE8dzUV,Reading
lcRZUKSK,Cooking
FlClTY0t,Hiking
FlClTY0t,Painting
1Wte8aZz,Hiking
eUeDc4IW,Painting
eUeDc4IW,Cycling
wDoO1Kev,Cycling
wDoO1Kev,Gardening
lpLeXFvH,Cycling
lpLeXFvH,Reading
lpLeXFvH,Painting
K3XSttH9,Reading
9p5SjfHQ,Hiking
Kyj6ToxY,Cycling
Kyj6ToxY,Gardening
IQr8UOHa,Hiking
IQr8UOHa,Painting
yjRf3rBL,Painting
1Svzm5LD,Cooking
1Svzm5LD,Reading
1Svzm5LD,Painting
MHSQ2rnf,Painting
MHSQ2rnf,Hiking
MHSQ2rnf,Reading
Q4YxfHII,Gardening
Q4YxfHII,Hiking
Q4YxfHII,Painting
vXoOgOc9,Painting
vXoOgOc9,Hiking
vXoOgOc9,Reading
XPjbo4QD,Cooking
XPjbo4QD,Painting
XPjbo4QD,Hiking
7wrDRW1Q,Cooking
7wrDRW1Q,Reading
QiNmBdye,Painting
QiNmBdye,Hiking
QiNmBdye,Cooking
Mvpq2Eyz,Cooking
Mvpq2Eyz,Painting
Mvpq2Eyz,Reading
UeHbxY4a,Cycling
UeHbxY4a,Cooking
4Gd5doyo,Reading
4Gd5doyo,Painting
4Gd5doyo,Gardening
MKanchkX,Painting
obwbqjm6,Painting
obwbqjm6,Hiking
cMHc1C46,Hiking
5PpqN7cr,Hiking
5PpqN7cr,Cooking
5PpqN7cr,Reading
iv9wwe7Q,Cooking
iv9wwe7Q,Painting
iv9wwe7Q,Hiking
eoT6AYtd,Cooking
eoT6AYtd,Cycling
GJxlsmKt,Cycling
JdxqUnQt,Cooking
JdxqUnQt,Hiking
JdxqUnQt,Cycling
64KtCJTV,Hiking
64KtCJTV,Cooking
64KtCJTV,Reading
5NGAUsSK,Cycling
5NGAUsSK,Gardening
Ayho2SEM,Cooking
Ayho2SEM,Reading
Iy7xDV89,Painting
Iy7xDV89,Cycling
Iy7xDV89,Cooking
R0Xfq1Xg,Painting
lbwEn0iR,Cycling
lbwEn0iR,Hiking
IiokyX7x,Cycling
IiokyX7x,Reading
IiokyX7x,Painting
HuiiQbfQ,Cooking
HuiiQbfQ,Painting
HuiiQbfQ,Hiking
aAlVkri7,Painting
EeKjLXDY,Reading
1uqv3d5u,Gardening
JLeInbSy,Cycling
JLeInbSy,Painting
JLeInbSy,Cooking
rpPlV9Sj,Gardening
rpPlV9Sj,Cooking
rpPlV9Sj,Cycling
hBCme2F7,Reading
hBCme2F7,Cooking
hBCme2F7,Painting
7ysD5Bmw,Hiking
7ysD5Bmw,Painting
oXutMXir,Gardening
oXutMXir,Cooking
oXutMXir,Cycling
TcDRTiEb,Hiking
OAWwkCiJ,Painting
OAWwkCiJ,Hiking
a5ZacRlF,Reading
a5ZacRlF,Gardening
rBtEKg58,Reading
rBtEKg58,Cycling
rBtEKg58,Cooking
p4FcT3Ya,Hiking
p4FcT3Ya,Reading
2Xe1gMIv,Gardening
2Xe1gMIv,Painting
2Xe1gMIv,Reading
paeQBR4k,Cooking
NvSURdFF,Cooking
NvSURdFF,Painting
i7mGHDuH,Painting
0eGxeTRp,Hiking
NyC8L88y,Painting
UuABqWx2,Reading
HJifyazw,Cooking
HJifyazw,Cycling
axBGYY1s,Gardening
axBGYY1s,Painting
dexpgkps,Cooking
dexpgkps,Cycling
dexpgkps,Painting
eFL5aXZm,Painting
eFL5aXZm,Hiking
eFL5aXZm,Cooking
dbpm2s6j,Reading
dbpm2s6j,Hiking
nNdcRTHT,Painting
nNdcRTHT,Reading
nNdcRTHT,Cooking
AeLK1432,Painting
iq9IgwLG,Painting
8atN7JP3,Painting
8atN7JP3,Reading
8atN7JP3,Gardening
KMIi8aSp,Cycling
KMIi8aSp,Gardening
KMIi8aSp,Painting
j21X8vG8,Cooking
j21X8vG8,Cycling
j21X8vG8,Reading
IBCrBww6,Cooking
IBCrBww6,Reading
Oe3T9QSm,Cooking
Oe3T9QSm,Painting
FUiLWGyF,Gardening
FUiLWGyF,Hiking
6gApVk3b,Cycling
6gApVk3b,Painting
6gApVk3b,Gardening
NSxMrCZs,Painting
NSxMrCZs,Reading
74ffY5Xf,Cooking
74ffY5Xf,Reading
HjW2ZYIz,Painting
HjW2ZYIz,Reading
HjW2ZYIz,Cycling
IZ55oCiO,Hiking
IZ55oCiO,Painting
IZ55oCiO,Reading
hM6bjkDZ,Painting
hM6bjkDZ,Cycling
hM6bjkDZ,Gardening
dRX8tqXH,Cooking
dRX8tqXH,Gardening
Nd3rCBuq,Cooking
Nd3rCBuq,Gardening
HQ0UCeKt,Painting
HQ0UCeKt,Reading
LIsFLSyz,Hiking
LIsFLSyz,Painting
LIsFLSyz,Gardening
DeoyghNP,Hiking
DeoyghNP,Gardening
b0THYg5O,Reading
b0THYg5O,Cooking
b0THYg5O,Painting
HN0WgVYb,Cycling
ZayS0K2c,Cycling
KnWKiI3n,Cooking
KnWKiI3n,Hiking
KnWKiI3n,Reading
4F5Bs35p,Cooking
4F5Bs35p,Cycling
tAuFzGTn,Cooking
tAuFzGTn,Gardening
tAuFzGTn,Reading
8uQaEogk,Reading
8uQaEogk,Cooking
X3nuvc0t,Hiking
qYqt8Hge,Cycling
X0mHBuUY,Gardening
X0mHBuUY,Reading
X0mHBuUY,Painting
WLUKB2MH,Painting
WLUKB2MH,Hiking
WLUKB2MH,Cycling
2iNsWqAs,Reading
2iNsWqAs,Gardening
2iNsWqAs,Cooking
AsbA6MDV,Cooking
AsbA6MDV,Cycling
FmhKEC4L,Cycling
FmhKEC4L,Gardening
FmhKEC4L,Painting
RjBgyIUS,Hiking
iZuwRskY,Cycling
osx9xIMp,Cooking
osx9xIMp,Gardening
Mq55hdaa,Gardening
kkFfJeZr,Cooking
9oVZPx3R,Painting
pIRYrThY,Painting
pIRYrThY,Hiking
1HrNom5Y,Cooking
1HrNom5Y,Gardening
A0v5bTKR,Reading
A0v5bTKR,Cycling
Beityok6,Hiking
Beityok6,Cooking
bXZiRnMH,Hiking
e9S8I3EM,Cooking
e9S8I3EM,Hiking
e9S8I3EM,Reading
bDCejsYh,Gardening
bDCejsYh,Hiking
bDCejsYh,Painting
xeKUTN3N,Cycling
Lb584Hal,Reading
Lb584Hal,Cycling
Q2yiHHJs,Hiking
Q2yiHHJs,Gardening
Q2yiHHJs,Reading
U7e5rTRx,Cycling
U7e5rTRx,Cooking
U7e5rTRx,Reading
DJmwhRKG,Reading
DJmwhRKG,Cooking
DJmwhRKG,Gardening
CZniQrKr,Gardening
BOAFdGxd,Cycling
gRDptKu6,Cooking
gRDptKu6,Painting
pAHkgXEI,Hiking
pAHkgXEI,Cooking
0zHZiAJm,Cycling
5SxqRmzd,Painting
5SxqRmzd,Reading
mlF28QuR,Reading
P4irfrjz,Gardening
DgetKif1,Cycling
DgetKif1,Gardening
DgetKif1,Reading
Ap0Gh0rb,Hiking
Ap0Gh0rb,Painting
t1Klkxib,Gardening
7TU0hmHm,Painting
JlNwG7hn,Painting
JlNwG7hn,Cycling
yVsBXkKA,Reading
yVsBXkKA,Cooking
D4YrJNwM,Cooking
YIeE37wp,Cooking
YIeE37wp,Reading
YIeE37wp,Painting
Nd4zgD9n,Gardening
Nd4zgD9n,Hiking
Nd4zgD9n,Cooking
zKwrB9qV,Hiking
zKwrB9qV,Reading
NVIvpr2R,Reading
NVIvpr2R,Painting
9EKsvfN1,Hiking
9EKsvfN1,Gardening
RzmM5unO,Hiking
zuUpJzgT,Hiking
zuUpJzgT,Cooking
jJKoL3HO,Painting
zvn6fyWO,Hiking
RfpEmidQ,Reading
RfpEmidQ,Cycling
RfpEmidQ,Cooking
WV6qMY74,Painting
WV6qMY74,Reading
WV6qMY74,Cooking
b3xrmihr,Reading
b3xrmihr,Gardening
WKsVyuri,Cooking
WKsVyuri,Cycling
WKsVyuri,Painting
LCUKYNsn,Cycling
LCUKYNsn,Cooking
LCUKYNsn,Painting
Yq0ePlz4,Reading
SJfz9bQI,Cooking
SJfz9bQI,Gardening
SJfz9bQI,Hiking
nnggykWJ,Hiking
nnggykWJ,Cooking
nnggykWJ,Cycling
hWpLTcUm,Cycling
hWpLTcUm,Cooking
o8n4zDX7,Cycling
qXrZHQfd,Cooking
eALc94fy,Painting
eALc94fy,Cooking
8JSPfb0O,Painting
8JSPfb0O,Hiking
53cGZzzh,Cycling
53cGZzzh,Hiking
53cGZzzh,Cooking
49UeMcsh,Reading
49UeMcsh,Painting
0mFUuI39,Cooking
mmARJPE6,Painting
KmHduD12,Cycling
9sC1k5IO,Cooking
9sC1k5IO,Hiking
rh0CNt45,Reading
rh0CNt45,Cooking
OxW9kNhr,Reading
OxW9kNhr,Painting
OxW9kNhr,Hiking
cSfuuzP7,Hiking
leHYu9kO,Hiking
T3aNrSeR,Reading
T3aNrSeR,Gardening
J6ndwKMT,Reading
AvPywWsj,Gardening
AvPywWsj,Cycling
AvPywWsj,Painting
9BSCyiOz,Hiking
bxabcs95,Cycling
bxabcs95,Reading
bxabcs95,Painting
WFWga88z,Reading
WFWga88z,Painting
WFWga88z,Gardening
Hdq8VEHa,Hiking
zlSh1Oii,Reading
jkjarujl,Gardening
jkjarujl,Painting
jkjarujl,Cooking
9KsafTIC,Reading
9KsafTIC,Cycling
Xo3ghpPZ,Hiking
Xo3ghpPZ,Gardening
6ttWBjVG,Gardening
6ttWBjVG,Painting
6ttWBjVG,Reading
IcVGb5be,Hiking
IcVGb5be,Cycling
IcVGb5be,Painting
3gr16peu,Cooking
3gr16peu,Hiking
VWF45qDz,Reading
VWF45qDz,Hiking
VWF45qDz,Cooking
CTMIkNP5,Hiking
CTMIkNP5,Cooking
B54YyJtu,Cooking
uvExJRbV,Painting
uvExJRbV,Hiking
uvExJRbV,Cycling
l3az7Jds,Cycling
l3az7Jds,Reading
l3az7Jds,Cooking
3GXAxTyA,Cycling
oCqBcyiz,Painting
FmSMjLyq,Cooking
FmSMjLyq,Cycling
FmSMjLyq,Painting
CZ1lXYGP,Gardening
oipnFVqC,Cycling
hgup2Luu,Hiking
hgup2Luu,Gardening
hgup2Luu,Reading
rwd9nOMu,Cooking
rwd9nOMu,Cycling
rwd9nOMu,Painting
Lw50tHYG,Gardening
Lw50tHYG,Hiking
Lw50tHYG,Painting
fjE6LZbf,Reading
C5khQK3x,Hiking
C5khQK3x,Cycling
C5khQK3x,Painting
n1Zy9YU8,Hiking
n1Zy9YU8,Painting
hojcG6wl,Hiking
hojcG6wl,Cycling
cfKgopxn,Hiking
cfKgopxn,Painting
LfddbROA,Gardening
LfddbROA,Cycling
xlvSPRdT,Cooking
vLaB9Yia,Painting
vLaB9Yia,Reading
XvXnUfxM,Reading
CWVrxBrp,Hiking
aTM6vQRg,Cooking
aTM6vQRg,Painting
aTM6vQRg,Cycling
OVebJIYO,Reading
OVebJIYO,Cooking
DdPXMjpP,Cooking
NSOwnEf0,Hiking
NSOwnEf0,Cycling
NSOwnEf0,Gardening
Llc6pZVp,Reading
Llc6pZVp,Gardening
UJR2ReiB,Cooking
UJR2ReiB,Hiking
UJR2ReiB,Painting
LM0xm8UH,Painting
LM0xm8UH,Cooking
LM0xm8UH,Gardening
pEIXEve9,Gardening
34ifWPby,Cooking
dilr6nYp,Painting
dilr6nYp,Hiking
dilr6nYp,Cooking
6wy5xDzG,Reading
6wy5xDzG,Painting
FKjrXrwh,Reading
FKjrXrwh,Hiking
tMt7J8zx,Cooking
tMt7J8zx,Gardening
51iP1VU2,Cooking
QqiigBWx,Gardening
QqiigBWx,Hiking
PRrvEJ1i,Gardening
hGRdboLi,Cooking
2Q5Rqd5E,Gardening
2Q5Rqd5E,Painting
2Q5Rqd5E,Cycling
VByzni18,Gardening
Gmg92Zb6,Painting
Gmg92Zb6,Hiking
Gmg92Zb6,Cooking
1m9n0Px6,Cycling
1m9n0Px6,Cooking
1m9n0Px6,Reading
auPLrA4i,Reading
auPLrA4i,Gardening
IwzJZhlq,Hiking
NHd7TJUT,Cycling
NHd7TJUT,Reading
NHd7TJUT,Cooking
rNddpvxF,Cycling
rNddpvxF,Gardening
rNddpvxF,Reading
enuGOrOD,Cooking
enuGOrOD,Cycling
enuGOrOD,Reading
CvdcNgz5,Hiking
CvdcNgz5,Reading
xBEYIc7L,Reading
jC4g3GIR,Reading
jC4g3GIR,Painting
Dgfw5AX8,Cooking
Dgfw5AX8,Hiking
Dgfw5AX8,Cycling
gJDZBJSm,Gardening
gJDZBJSm,Hiking
mzDctb8H,Hiking
mzDctb8H,Cycling
mzDctb8H,Painting
xpNevuRH,Cycling
xpNevuRH,Hiking
yiDWDIeu,Painting
yiDWDIeu,Cooking
Y5AE1a2m,Painting
Y5AE1a2m,Gardening
Y5AE1a2m,Cycling
jFm3CDxK,Reading
jFm3CDxK,Cooking
G6A8aHY6,Reading
G6A8aHY6,Gardening
G6A8aHY6,Painting
a45hSaCZ,Hiking
a45hSaCZ,Cycling
a45hSaCZ,Gardening
ISkDDCUU,Reading
aLa4jci1,Cooking
aLa4jci1,Cycling
aLa4jci1,Hiking
isrnQdTD,Gardening
isrnQdTD,Cycling
YP9fM5SA,Gardening
YP9fM5SA,Cycling
hJNgwLvy,Reading
VzcLQGor,Hiking
VzcLQGor,Gardening
qbSj6069,Cycling
xSmCmRhf,Gardening
xSmCmRhf,Hiking
xSmCmRhf,Cooking
RcyZjaFi,Hiking
vJmqDuCI,Reading
vJmqDuCI,Cycling
vJmqDuCI,Painting
0nrFmEfl,Reading
0nrFmEfl,Gardening
ryJYx8S5,Painting
ryJYx8S5,Reading
ryJYx8S5,Hiking
6QYzwWiy,Reading
6QYzwWiy,Cooking
6QYzwWiy,Painting
u1KkSPrc,Reading
u1KkSPrc,Hiking
c2PiHPfP,Hiking
c2PiHPfP,Cycling
xbfbVrZE,Cycling
xbfbVrZE,Cooking
h7mdNS9t,Hiking
h7mdNS9t,Cycling
h7mdNS9t,Reading
dSKGKoIG,Hiking
TdqnBApz,Painting
TdqnBApz,Hiking
k4bWf9PA,Painting
e01JW38V,Cooking
Q6PTaLEm,Gardening
Q6PTaLEm,Hiking
Q6PTaLEm,Cycling
BF8fKhtP,Gardening
BF8fKhtP,Reading
7zoH4PbT,Reading
7zoH4PbT,Hiking
7zoH4PbT,Painting
yWNCyKlA,Cooking
yWNCyKlA,Gardening
yWNCyKlA,Hiking
BZFJQBy6,Painting
BZFJQBy6,Cooking
CKotHivD,Cooking
CKotHivD,Hiking
CA8ZxbZ4,Hiking
CA8ZxbZ4,Cycling
CA8ZxbZ4,Reading
wUbbeS5h,Cooking
wUbbeS5h,Painting
wUbbeS5h,Cycling
B3WuIleZ,Cycling
B3WuIleZ,Cooking
9MNVKbg2,Hiking
9MNVKbg2,Painting
9MNVKbg2,Cooking
vaNyMEkU,Reading
vaNyMEkU,Cycling
bPLjlolL,Cooking
YNakcWEm,Reading
6YW4OAqX,Painting
6YW4OAqX,Cooking
6YW4OAqX,Cycling
Bo6TrbYE,Cycling
Bo6TrbYE,Cooking
Bo6TrbYE,Gardening
WfNryPL3,Gardening
WfNryPL3,Hiking
Q4pSHEmO,Hiking
Q4pSHEmO,Cooking
Q4pSHEmO,Reading
Pz5FP2FW,Cycling
Pz5FP2FW,Reading
I1P5O6N0,Cooking
I1P5O6N0,Hiking
I1P5O6N0,Painting
CwD53sj2,Painting
CwD53sj2,Gardening
CwD53sj2,Cooking
zXIOOs2T,Cycling
zXIOOs2T,Reading
zXIOOs2T,Cooking
9Q1bbSsX,Painting
9Q1bbSsX,Gardening
9Q1bbSsX,Hiking
T40KqWvM,Cooking
T40KqWvM,Gardening
Qo5diIvv,Gardening
PQNsvO7f,Cooking
PQNsvO7f,Reading
noe4KVQQ,Reading
ZUMZueS4,Hiking
ZUMZueS4,Cycling
ZUMZueS4,Gardening
govb9kw2,Gardening
govb9kw2,Cycling
govb9kw2,Cooking
YjAP4XvQ,Painting
YjAP4XvQ,Reading
GEGIPvve,Hiking
GEGIPvve,Cycling
NAcL4fof,Reading
D3sZtQQR,Painting
D3sZtQQR,Cycling
1kA2kAFG,Hiking
1kA2kAFG,Cycling
1kA2kAFG,Gardening
FWBjK5Ao,Painting
FWBjK5Ao,Gardening
LAb05L6B,Hiking
LAb05L6B,Painting
EduSSYH4,Reading
roW5GcF0,Cooking
fsjjLpsc,Gardening
mf0msBMn,Cooking
mf0msBMn,Hiking
WvdC1F0i,Reading
WvdC1F0i,Painting
y3WBQAEV,Cooking
y3WBQAEV,Cycling
y3WBQAEV,Reading
wJQEBs0T,Hiking
wJQEBs0T,Reading
0f1dqdYl,Reading
iOUGIIcn,Painting
6N2ktyVc,Painting
OcaWWqQC,Hiking
OcaWWqQC,Painting
vMHSoAFc,Painting
vMHSoAFc,Cooking
vMHSoAFc,Reading
rdHjaoOk,Painting
rdHjaoOk,Gardening
XkVTQeUx,Cycling
hWzzaHPQ,Hiking
hWzzaHPQ,Cycling
hWzzaHPQ,Cooking
OR9TLCFR,Hiking
OAlcvfRg,Reading
OAlcvfRg,Cycling
dDahoI2b,Gardening
dDahoI2b,Painting
dDahoI2b,Cycling
OHLgnaxV,Hiking
OHLgnaxV,Cooking
2KeqNw5A,Cycling
2KeqNw5A,Painting
DMvyhlAe,Cycling
BTYQPFU0,Reading
BTYQPFU0,Cycling
ovgUVxWH,Hiking
ovgUVxWH,Cooking
ovgUVxWH,Gardening
ZcTnOS7P,Hiking
7sW2kATa,Cycling
7sW2kATa,Reading
7sW2kATa,Gardening
6gXzfsMg,Reading
lFgyGA3z,Painting
lFgyGA3z,Hiking
D0yx8yFD,Hiking
bxI7arnQ,Painting
bxI7arnQ,Gardening
bxI7arnQ,Cooking
5oTQev8U,Painting
5oTQev8U,Cooking
5oTQev8U,Gardening
i79KPk5x,Gardening
Lrcqx6if,Cycling
Lrcqx6if,Gardening
HkFrhlfh,Reading
RV6O0DPG,Painting
RV6O0DPG,Reading
RV6O0DPG,Cycling
Lt5iEgHz,Reading
Lt5iEgHz,Cycling
aenX01t1,Gardening
fzZkC7ZB,Gardening
fzZkC7ZB,Cycling
fzZkC7ZB,Painting
l1zzszEI,Reading
l1zzszEI,Gardening
l1zzszEI,Cooking
eJ3GQKKK,Hiking
9vXRhn8m,Reading
WFvA71Q4,Hiking
WFvA71Q4,Gardening
HZj09nNj,Cooking
HZj09nNj,Gardening
t7vBqZRl,Reading
t7vBqZRl,Cycling
HoLwgmVp,Gardening
HoLwgmVp,Cooking
WHirTIUL,Cooking
WHirTIUL,Hiking
kgDWlOVf,Cycling
yd2nMlAb,Painting
yd2nMlAb,Hiking
kk0qQGXS,Painting
j9bQpZwR,Gardening
j9bQpZwR,Hiking
j9bQpZwR,Reading
tzR6hTAe,Painting
tzR6hTAe,Gardening
u9aXrtvM,Cycling
u9aXrtvM,Gardening
u9aXrtvM,Hiking
MelctNsu,Painting
MelctNsu,Cycling
eNttqUKk,Painting
eNttqUKk,Gardening
eNttqUKk,Cycling
NkDSAP9L,Reading
HULbMoXh,Cycling
O1sxPFlz,Cycling
O1sxPFlz,Gardening
7GBLTFWw,Gardening
7GBLTFWw,Cooking
rrTk66Iv,Cooking
rrTk66Iv,Hiking
BmYb1kVI,Gardening
BmYb1kVI,Cycling
BmYb1kVI,Reading
4GMxq9DN,Gardening
4GMxq9DN,Hiking
4GMxq9DN,Cooking
aJYL7rmL,Hiking
0DuqhImc,Reading
0DuqhImc,Cycling
0DuqhImc,Hiking
q6S6gyZz,Cycling
q6S6gyZz,Reading
Pq2QmR8w,Painting
Pq2QmR8w,Hiking
38Ju29rV,Cycling
38Ju29rV,Reading
iS33XADR,Painting
iS33XADR,Cycling
iS33XADR,Reading
K3Xh70u8,Gardening
K3Xh70u8,Cooking
s9ezUGrp,Cycling
s9ezUGrp,Cooking
s9ezUGrp,Reading
U11PmFnS,Painting
U11PmFnS,Hiking
fV0iIxu7,Painting
fV0iIxu7,Reading
fV0iIxu7,Gardening
LmVNFw44,Hiking
EvxD3yzd,Cooking
EvxD3yzd,Gardening
QfSUc2Z2,Cooking
QfSUc2Z2,Painting
0SivlUW2,Reading
0SivlUW2,Painting
17WDCIrq,Cycling
17WDCIrq,Cooking
j7DCeKvs,Painting
eUVOmMdc,Painting
USvG7uOw,Painting
vlmP6AbQ,Reading
vlmP6AbQ,Gardening
4V1cC1Je,Reading
4V1cC1Je,Cycling
dpt9PZeL,Reading
dpt9PZeL,Painting
dpt9PZeL,Gardening
tn7WrAts,Gardening
tn7WrAts,Painting
tn7WrAts,Cooking
B5FVzEaS,Hiking
B5FVzEaS,Reading
TzP1ZHjM,Reading
TSwvLxGM,Painting
TSwvLxGM,Hiking
TSwvLxGM,Gardening
rkooTJlA,Reading
rkooTJlA,Gardening
rbrDpHkj,Cycling
rbrDpHkj,Cooking
pvnfybEB,Reading
pIZpTFkC,Painting
1Zauqg5U,Hiking
P4oFNZ9H,Gardening
UR1z51Df,Cycling
UR1z51Df,Painting
UR1z51Df,Gardening
fmwFliFm,Hiking
38VHenMG,Hiking
HNRELvMM,Hiking
HNRELvMM,Painting
HNRELvMM,Reading
nm0KtVJH,Hiking
ScdmHY1l,Reading
ScdmHY1l,Cycling
UpVdK5kF,Painting
j4s9symf,Cooking
2wmddnlY,Hiking
2wmddnlY,Cooking
2wmddnlY,Reading
sBHPgc9T,Cooking
sBHPgc9T,Hiking
sBHPgc9T,Painting
wIPtCTRo,Painting
wIPtCTRo,Cooking
Xu2hI8Lg,Painting
zM4qjzQ5,Cycling
4Xb84U8x,Reading
4Xb84U8x,Gardening
4Xb84U8x,Painting
Mb330TNj,Painting
Mb330TNj,Cycling
NE5yOxMW,Gardening
voPN56vi,Painting
iMdmjcOC,Hiking
0IMTplCh,Cycling
0IMTplCh,Hiking
Lfu3Yu92,Gardening
Ik5laW02,Cycling
Ik5laW02,Gardening
q7y87cJp,Reading
q7y87cJp,Cycling
q7y87cJp,Painting
fFTFB7qc,Hiking
fFTFB7qc,Reading
3u0AiFEF,Cooking
3u0AiFEF,Painting
3u0AiFEF,Hiking
FTxA88Mo,Gardening
FTxA88Mo,Painting
mOdO2iK2,Hiking
mOdO2iK2,Painting
U3eJaFmh,Painting
Sp9K9upk,Cycling
SreShCIc,Cycling
NYunOyaI,Reading
NYunOyaI,Cooking
NYunOyaI,Cycling
GkHaVGjx,Gardening
GkHaVGjx,Hiking
c3FATQZE,Hiking
zEb6rXn8,Reading
zEb6rXn8,Cycling
TJZDjoNf,Gardening
TJZDjoNf,Painting
TJZDjoNf,Hiking
D3QRLjFM,Painting
D3QRLjFM,Hiking
rR7fQRsG,Painting
Q8jBV0OW,Cycling
Q8jBV0OW,Painting
NtgzGA5a,Painting
NtgzGA5a,Cooking
ZfTJOj5i,Gardening
ZfTJOj5i,Hiking
ZfTJOj5i,Cycling
dMVBR7X2,Reading
8rXmsaZu,Painting
nUx2y9E5,Painting
EqU9NiiN,Painting
EqU9NiiN,Cooking
UyRXMdLj,Reading
G8zT5jFT,Cooking
G8zT5jFT,Gardening
G8zT5jFT,Reading
kf2wt2WZ,Cycling
kf2wt2WZ,Gardening
npbEvti4,Gardening
npbEvti4,Hiking
xznLyNqU,Reading
xznLyNqU,Hiking
xznLyNqU,Cycling
aIWbDvP3,Hiking
aIWbDvP3,Painting
aIWbDvP3,Cooking
R6LeDwjQ,Hiking
R6LeDwjQ,Painting
HGPpWuJq,Gardening
HGPpWuJq,Painting
HGPpWuJq,Cooking
BvWKcbuS,Cycling
g1XkiaKV,Cooking
g1XkiaKV,Painting
or7oe3qH,Cycling
or7oe3qH,Reading
or7oe3qH,Gardening
ivw7upnq,Reading
7NtyuOCM,Reading
7NtyuOCM,Painting
toiwxIZP,Reading
toiwxIZP,Cycling
toiwxIZP,Hiking
zcW4VqNW,Hiking
zcW4VqNW,Cycling
zoTO7sab,Painting
zoTO7sab,Reading
gyK8NfTE,Reading
KSYQ8hvt,Painting
KSYQ8hvt,Cooking
vcSErSyh,Hiking
bLybCMb0,Painting
bLybCMb0,Reading
UBcxJOJE,Gardening
UBcxJOJE,Cycling
AL6tQyRg,Cooking
XJWPV5Ay,Cooking
XJWPV5Ay,Reading
p9XEo2XR,Cooking
KcdhHnW7,Cooking
KcdhHnW7,Cycling
KcdhHnW7,Hiking
DVJBYdRG,Cycling
DVJBYdRG,Gardening
DVJBYdRG,Cooking
XVBwYybk,Reading
0l9z3DKq,Reading
0l9z3DKq,Painting
0l9z3DKq,Hiking
We21GAKf,Reading
We21GAKf,Painting
We21GAKf,Cooking
Y1yVt7Nq,Cycling
Y1yVt7Nq,Hiking
XQPVRfxB,Painting
XQPVRfxB,Cooking
FbudIOHQ,Cooking
nZSFWH31,Gardening
u83gBH4a,Reading
u83gBH4a,Painting
u83gBH4a,Cooking
aDW5DDTa,Cycling
aDW5DDTa,Reading
APB8oCiL,Painting
APB8oCiL,Hiking
APB8oCiL,Gardening
aADZNlfj,Gardening
aADZNlfj,Painting
c2PysuyM,Painting
c2PysuyM,Cycling
CgLyu4UL,Reading
CgLyu4UL,Painting
CgLyu4UL,Hiking
bWpXcJRE,Cycling
bWpXcJRE,Gardening
asuPh7Bd,Painting
asuPh7Bd,Cycling
ITxJl9iy,Gardening
ITxJl9iy,Painting
ITxJl9iy,Reading
TWvkXihJ,Hiking
TWvkXihJ,Cooking
TWvkXihJ,Painting
5bRCXFi0,Reading
5bRCXFi0,Cycling
5bRCXFi0,Cooking
Lm9HUZl0,Cycling
NawoX0Du,Cycling
4VjHlJw6,Cooking
4VjHlJw6,Hiking
KDJ5vVLg,Gardening
KDJ5vVLg,Hiking
5fEbczCd,Hiking
5fEbczCd,Painting
5fEbczCd,Cycling
Jep5xu7p,Hiking
Jep5xu7p,Painting
Jep5xu7p,Cycling
oeVVcnqX,Cycling
USB483q1,Cooking
haH31KR8,Gardening
haH31KR8,Painting
DCWK6YSs,Hiking
DCWK6YSs,Gardening
DZgd7Jy2,Gardening
DZgd7Jy2,Hiking
wPvvjJCk,Hiking
wPvvjJCk,Gardening
wPvvjJCk,Painting
QnFq9bma,Cycling
QnFq9bma,Reading
F7x1TaAS,Hiking
F7x1TaAS,Cycling
WDM123Bx,Painting
cOJ3zxEK,Cooking
2Y5eWdBo,Painting
2Y5eWdBo,Cooking
2Y5eWdBo,Reading
wiLkOcH3,Painting
wiLkOcH3,Cycling
wiLkOcH3,Cooking
KorbyRb0,Gardening
KorbyRb0,Painting
KorbyRb0,Hiking
6J8RQaLO,Gardening
lB2uisiv,Gardening
DZcx6p2I,Cooking
DZcx6p2I,Hiking
rD6phJUX,Cooking
rD6phJUX,Reading
rD6phJUX,Hiking
Wpw74Gap,Reading
Wpw74Gap,Cycling
BVsiubI8,Reading
AG7HbloK,Cycling
AG7HbloK,Hiking
AG7HbloK,Reading
uyzmKJiY,Gardening
uyzmKJiY,Painting
JWj2EZRp,Hiking
JWj2EZRp,Reading
JWj2EZRp,Gardening
uRlEue6j,Reading
uRlEue6j,Painting
uRlEue6j,Cooking
jRUf3wwq,Reading
yGMORd3z,Cooking
yGMORd3z,Reading
iCObgkQJ,Hiking
pkd1yD4v,Cooking
pkd1yD4v,Gardening
pkd1yD4v,Cycling
T5XmJx7i,Reading
T5XmJx7i,Cooking
T5XmJx7i,Painting
oIyRadfq,Cycling
oIyRadfq,Reading
8PbieihI,Reading
IShojJ0Z,Painting
J0UKFKgH,Painting
J0UKFKgH,Hiking
J0UKFKgH,Cooking
644Ye0XO,Hiking
644Ye0XO,Reading
fL84CZCR,Hiking
fL84CZCR,Cooking
fL84CZCR,Reading
gXtlIDoz,Reading
8XDBVORC,Painting
8XDBVORC,Reading
8XDBVORC,Hiking
kUsNm21M,Cooking
kUsNm21M,Reading
0nGPcj4c,Cooking
0nGPcj4c,Gardening
0nGPcj4c,Reading
XqHbssKz,Gardening
zrkxWRiw,Reading
zrkxWRiw,Painting
K5nWoKf7,Reading
5NdguCgS,Gardening
5NdguCgS,Painting
5NdguCgS,Cycling
UllteE1A,Gardening
uGTBsjHp,Painting
uGTBsjHp,Gardening
XVVMQ4DD,Hiking
XVVMQ4DD,Reading
58pKWkVk,Reading
58pKWkVk,Painting
58pKWkVk,Hiking
sToucmLa,Hiking
sToucmLa,Reading
c8dsCe0t,Gardening
c8dsCe0t,Cycling
jFpTuq6S,Gardening
jFpTuq6S,Cooking
rNhMLSUT,Painting
rNhMLSUT,Gardening
rNhMLSUT,Reading
ybtnWKl9,Reading
ybtnWKl9,Cycling
ybtnWKl9,Cooking
vFInCpXF,Reading
vFInCpXF,Gardening
3p5ovNZm,Cooking
lot0jV5b,Cooking
lot0jV5b,Gardening
lot0jV5b,Cycling
yhYuYEf6,Reading
yhYuYEf6,Gardening
u1dK7NRq,Cycling
jOQsvseM,Hiking
efp88vbS,Painting
efp88vbS,Cycling
efp88vbS,Reading
nQLpVeSD,Hiking
uEUw63yX,Cycling
uEUw63yX,Painting
uEUw63yX,Hiking
kFO8zbWh,Cooking
taWC6trd,Hiking
taWC6trd,Cooking
taWC6trd,Cycling
LOFwOKCe,Cooking
ln7b5cVc,Cycling
ZGIHmr8y,Hiking
ZGIHmr8y,Painting
ZGIHmr8y,Reading
GQ55cvcK,Cooking
GQ55cvcK,Cycling
uyIVxkcD,Reading
jEZS8gP1,Gardening
jEZS8gP1,Hiking
BNCvrCnS,Gardening
MJgp8LmC,Hiking
eyqcAGSB,Gardening
eyqcAGSB,Painting
eyqcAGSB,Reading
eIV3fsAv,Gardening
Lwy9pUF4,Gardening
Lwy9pUF4,Cooking
Om5bcvZv,Hiking
Om5bcvZv,Reading
Om5bcvZv,Gardening
xQDKjzxH,Hiking
xQDKjzxH,Cycling
xQDKjzxH,Reading
tO9s9FUc,Cycling
tO9s9FUc,Hiking
ixyaXVpn,Reading
ixyaXVpn,Cycling
bQSg9JNt,Reading
n7cxD08g,Cooking
VF4uzARX,Cycling
VF4uzARX,Gardening
0nhGsrNc,Reading
0nhGsrNc,Cooking
IXzuDLZY,Cycling
1rsaj8Rj,Hiking
oeZgHRxx,Gardening
oeZgHRxx,Cycling
oeZgHRxx,Reading
bCWfFZhg,Reading
bCWfFZhg,Cycling
JXht67Pi,Painting
rmeg69Ig,Cooking
PtBFzJrc,Hiking
9xgOFGem,Cooking
qYVythVC,Gardening
PDqdSbn9,Cooking
PDqdSbn9,Cycling
PDqdSbn9,Painting
BqMM8BLo,Painting
BqMM8BLo,Cycling
BqMM8BLo,Gardening
LRy8MfYz,Cycling
LRy8MfYz,Hiking
LRy8MfYz,Painting
saxnAYv6,Cooking
saxnAYv6,Reading
RIv5yfZf,Gardening
RIv5yfZf,Painting
9LNsWkoc,Painting
WNYKFGC3,Cooking
E71Ot4KY,Painting
Y5Bg5egR,Hiking
AdcMkfrf,Reading
AdcMkfrf,Cycling
AdcMkfrf,Painting
PT95xkJg,Reading
PT95xkJg,Cooking
PT95xkJg,Painting
MXKxzvSS,Cooking
7MOCgC71,Cycling
7MOCgC71,Gardening
VRjFSj4X,Reading
VRjFSj4X,Hiking
DYIPqe5o,Painting
DYIPqe5o,Cycling
DYIPqe5o,Cooking
wNDotLhS,Reading
yyYHKa6P,Gardening
yyYHKa6P,Cooking
yyYHKa6P,Reading
MuE0oSpi,Hiking
MuE0oSpi,Painting
hZOuMk9a,Cooking
hZOuMk9a,Cycling
hZOuMk9a,Gardening
PWXgVdYA,Gardening
PWXgVdYA,Cycling
PWXgVdYA,Cooking
Gs8ZMVQ3,Cycling
Gs8ZMVQ3,Hiking
68Sei9VG,Painting
68Sei9VG,Cooking
iizUG9Yh,Cycling
xNMSZjzV,Reading
xNMSZjzV,Gardening
QBoFtMKz,Cycling
CqZjWPST,Reading
CqZjWPST,Cycling
CqZjWPST,Painting
4k3oKLMt,Cycling
4k3oKLMt,Cooking
Vp5NVTAh,Hiking
8ht8nAbR,Cycling
bID0tvPW,Painting
bID0tvPW,Gardening
bID0tvPW,Hiking
5JQaT77D,Cooking
5JQaT77D,Cycling
hlSySnlF,Reading
oC4JLwEJ,Gardening
oC4JLwEJ,Cooking
oC4JLwEJ,Cycling
Ve7YpBQe,Reading
yO1gj6s0,Hiking
mbacypUF,Cycling
j7M9IFn4,Painting
SERVmyeM,Hiking
TvfRbwfF,Painting
TvfRbwfF,Cooking
TvfRbwfF,Hiking
naChtjOo,Gardening
RlqiYr9u,Reading
RlqiYr9u,Painting
mhAJ0I1g,Painting
mhAJ0I1g,Hiking
mhAJ0I1g,Cycling
zyh0WLZD,Painting
zyh0WLZD,Hiking
Pamax4db,Hiking
Pamax4db,Painting
Pamax4db,Gardening
gyJaQrWu,Painting
buOEsJzQ,Painting
buOEsJzQ,Gardening
FKshaYO7,Painting
FKshaYO7,Reading
FKshaYO7,Cooking
zJRgSmuk,Hiking
ujpkO85u,Cooking
RSEz6UPK,Hiking
cghujuFA,Painting
lBHHyn8r,Reading
lBHHyn8r,Hiking
lBHHyn8r,Painting
K8b4w33F,Reading
RKhHe30Z,Hiking
RKhHe30Z,Cooking
RKhHe30Z,Cycling
iL3wR7VO,Painting
iL3wR7VO,Gardening
w2cTvztE,Reading
w2cTvztE,Gardening
w2cTvztE,Cycling
L0glBKHb,Gardening
L0glBKHb,Reading
L0glBKHb,Cooking
suzi2u1g,Hiking
suzi2u1g,Gardening
9aJ3wGC6,Gardening
9aJ3wGC6,Hiking
9aJ3wGC6,Reading
GWd4mCQe,Cycling
GWd4mCQe,Painting
PN3KSa9E,Gardening
PN3KSa9E,Cooking
yghpZLNJ,Hiking
yghpZLNJ,Gardening
yghpZLNJ,Painting
1KCN5R54,Hiking
1KCN5R54,Cycling
1nGEHGvZ,Hiking
1nGEHGvZ,Gardening
1nGEHGvZ,Reading
FT7IMyOH,Gardening
VW8CRd4J,Cycling
NDErKLWT,Gardening
NDErKLWT,Hiking
NDErKLWT,Cooking
ZWtQNpXr,Gardening
ZWtQNpXr,Hiking
ZWtQNpXr,Reading
XqvOF5F7,Reading
XqvOF5F7,Hiking
XqvOF5F7,Gardening
N1TCLW7w,Cycling
N1TCLW7w,Cooking
1BU5Ez9I,Cooking
xG9ntc0Q,Cooking
xG9ntc0Q,Gardening
dBPX0Cy2,Cycling
Q1tbMEHy,Reading
jlSFrolK,Hiking
jlSFrolK,Gardening
jlSFrolK,Cycling
iYXtjoRS,Painting
iYXtjoRS,Gardening
DeAL2KSt,Gardening
DeAL2KSt,Reading
DeAL2KSt,Cooking
vB94jchp,Painting
m8q5wqDy,Reading
UazbTgj1,Cycling
4HoSbxrI,Cooking
vP6xu6Jd,Painting
vP6xu6Jd,Reading
vP6xu6Jd,Hiking
8nuaEVLP,Hiking
5nOE1lSd,Painting
5nOE1lSd,Hiking
8Z6A5b6l,Cycling
6C4evgcm,Hiking
6C4evgcm,Cycling
0pLCL34x,Hiking
TImoQoT1,Painting
TImoQoT1,Hiking
eKJxOjau,Hiking
eKJxOjau,Cycling
eKJxOjau,Cooking
bfkz13hj,Cooking
oCUlWtMu,Cycling
oCUlWtMu,Hiking
THBkHjyj,Gardening
THBkHjyj,Reading
QGRU78k8,Cycling
EaJYYO26,Cycling
RDHHaaRL,Reading
RDHHaaRL,Painting
RDHHaaRL,Cycling
93QeNxhb,Painting
93QeNxhb,Cooking
93QeNxhb,Cycling
v1eFAuTy,Hiking
FXe0Nx98,Cooking
FXe0Nx98,Cycling
FXe0Nx98,Painting
9iQoxQfy,Reading
9iQoxQfy,Cycling
9iQoxQfy,Cooking
bJfMQIGa,Cycling
RDQWQE3w,Painting
RDQWQE3w,Cycling
RDQWQE3w,Reading
PuecZ5dD,Reading
PuecZ5dD,Painting
PuecZ5dD,Gardening
YETbkxjP,Cooking
YETbkxjP,Hiking
YETbkxjP,Gardening
JkVMRMca,Gardening
PM2wMLqC,Painting
PM2wMLqC,Hiking
QP6N1AKU,Cycling
QP6N1AKU,Gardening
QP6N1AKU,Painting
BtZkjPQV,Cycling
cXQw39o6,Cooking
cXQw39o6,Gardening
8V1WXyJW,Painting
LxhPx4Zt,Painting
LxhPx4Zt,Gardening
LxhPx4Zt,Hiking
yFrKcd7X,Hiking
yFrKcd7X,Cycling
FkTPBqbM,Painting
ImqVt8Tg,Gardening
ImqVt8Tg,Hiking
pQ3LPTKY,Reading
pQ3LPTKY,Painting
ewJhPdOS,Hiking
ewJhPdOS,Reading
ewJhPdOS,Cooking
mr6G2cjO,Hiking
mr6G2cjO,Cooking
mr6G2cjO,Painting
zjM6Piuu,Painting
zjM6Piuu,Cooking
HkJ155Hg,Cycling
HkJ155Hg,Painting
HkJ155Hg,Hiking
L80XDQLH,Gardening
BxsK57DH,Gardening
BxsK57DH,Painting
BxsK57DH,Reading
pDXlqelu,Hiking
cqXM3A10,Cooking
MFOC9G6u,Cooking
5i698z3a,Painting
uLlCPdRm,Painting
xpLg00GW,Cooking
DpSPz5ew,Cooking
IyRRo37Y,Cycling
IyRRo37Y,Cooking
bzMG18gc,Reading
bzMG18gc,Painting
bzMG18gc,Gardening
RB5odZ7k,Painting
RB5odZ7k,Cooking
RB5odZ7k,Hiking
2vldYieH,Cycling
aHl4HX4z,Hiking
aHl4HX4z,Painting
aHl4HX4z,Cycling
t2v1uyoA,Reading
RsGbMIGu,Cycling
ekPRxK4t,Hiking
0kMI4fT1,Cooking
0kMI4fT1,Gardening
mjb16G8h,Reading
mjb16G8h,Cycling
DGT8SjF4,Gardening
DGT8SjF4,Cooking
DGT8SjF4,Reading
Boq87alH,Gardening
Boq87alH,Cycling
Boq87alH,Painting
ZqNYU8Nw,Cooking
ZqNYU8Nw,Gardening
p3k7iX0E,Painting
5bRWcTjv,Reading
5bRWcTjv,Hiking
5bRWcTjv,Painting
8OsgDI0e,Cooking
WAWr1CG0,Gardening
PEoll07k,Painting
PEoll07k,Cooking
HuH4Ba03,Hiking
HuH4Ba03,Reading
oM6KK07A,Reading
oM6KK07A,Cooking
oM6KK07A,Cycling
bzNKmf6c,Gardening
bzNKmf6c,Hiking
1pFRo6E1,Painting
1pFRo6E1,Cycling
xHpAMt3W,Reading
xHpAMt3W,Cooking
eHbhYmrY,Cooking
eHbhYmrY,Reading
eHbhYmrY,Cycling
5wAMC4Ps,Reading
5wAMC4Ps,Gardening
5wAMC4Ps,Painting
7vvJ8bv3,Painting
7vvJ8bv3,Gardening
oNiSfhF2,Reading
7renvjtT,Painting
PwYdCPG8,Painting
PwYdCPG8,Cooking
PwYdCPG8,Gardening
kVyt2LSf,Hiking
iNV2CbTH,Cycling
iNV2CbTH,Hiking
sdYw1k6W,Reading
rZWJfXfI,Reading
rZWJfXfI,Cycling
5D4fXO4u,Reading
ToXSDmLQ,Painting
ToXSDmLQ,Reading
AkCHfEsh,Reading
AkCHfEsh,Cycling
VjVM2RF9,Gardening
VjVM2RF9,Painting
cr1IkGLI,Gardening
cr1IkGLI,Cycling
cr1IkGLI,Painting
NSJQswlZ,Cycling
NSJQswlZ,Cooking
NSJQswlZ,Reading
gJKFent7,Cycling
gJKFent7,Reading
TRf7oA1y,Reading
TRf7oA1y,Painting
ds5294f1,Gardening
ds5294f1,Hiking
nHIM3XDc,Hiking
nHIM3XDc,Cooking
nHIM3XDc,Painting
YbomjV9q,Painting
YbomjV9q,Reading
YbomjV9q,Cycling
XKA7e3Dy,Reading
B0bl1L1m,Cooking
B0bl1L1m,Hiking
EUtYWJ1e,Cooking
EUtYWJ1e,Gardening
OImls0Xz,Gardening
OImls0Xz,Hiking
3Ws2HGl2,Gardening
3Ws2HGl2,Cooking
kDLaJlG3,Hiking
kDLaJlG3,Painting
4Zix6Uw9,Cycling
gMhJAbnt,Gardening
gMhJAbnt,Hiking
1WoEImSm,Cycling
20l7GcRz,Cooking
goViygu3,Gardening
goViygu3,Hiking
JDcqFagU,Reading
qXwlgtnx,Cycling
ezxgxbmx,Cycling
fLyUWvRq,Gardening
fLyUWvRq,Painting
84ky8xU5,Cycling
689Efqbr,Hiking
689Efqbr,Gardening
XqQruJPW,Reading
XqQruJPW,Cycling
XqQruJPW,Gardening
boafLz8j,Hiking
W78xK4QQ,Reading
W78xK4QQ,Cooking
W78xK4QQ,Cycling
OTVUXyGH,Painting
OTVUXyGH,Gardening
OTVUXyGH,Reading
O26uQB8K,Painting
O26uQB8K,Reading
O26uQB8K,Gardening
lXX1U6oY,Gardening
lXX1U6oY,Cooking
lXX1U6oY,Reading
UDR80ivF,Gardening
UDR80ivF,Reading
UDR80ivF,Cycling
7g7U951O,Hiking
7g7U951O,Cycling
BqCPrUKo,Gardening
BqCPrUKo,Cooking
Ef70dBC7,Reading
Ef70dBC7,Painting
gQMNuzeT,Painting
gQMNuzeT,Hiking
rM30Xtvj,Cooking
rM30Xtvj,Cycling
9YHNDPYS,Cycling
9YHNDPYS,Cooking
9YHNDPYS,Reading
1OJIOci2,Cooking
1OJIOci2,Painting
xN6DZvI2,Gardening
xN6DZvI2,Hiking
xN6DZvI2,Painting
r56EJhze,Hiking
r56EJhze,Cooking
5pxO891o,Gardening
5pxO891o,Reading
5pxO891o,Cooking
VCXkV2E7,Painting
SDsP8EaD,Painting
SDsP8EaD,Cooking
SDsP8EaD,Gardening
IhjpuffO,Painting
IhjpuffO,Hiking
zzTjA40I,Cycling
nJ9CzyZG,Hiking
nJ9CzyZG,Cycling
nJ9CzyZG,Reading
8VaaQUaU,Cycling
8VaaQUaU,Reading
8VaaQUaU,Painting
K8BYEWGF,Cycling
K8BYEWGF,Painting
K8BYEWGF,Gardening
T4RAYJkE,Hiking
T4RAYJkE,Cycling
T4RAYJkE,Reading
0Uc73oFK,Reading
0Uc73oFK,Cooking
PQEsBzQM,Cycling
PQEsBzQM,Hiking
v0XPqvti,Cycling
DwrVFFBK,Reading
DwrVFFBK,Cooking
EJa5ctVU,Hiking
P4v7xBoL,Reading
P4v7xBoL,Hiking
Sc9UYWcx,Cooking
uAvOqyDh,Hiking
vIDNKbSw,Painting
vIDNKbSw,Cooking
ZnSVLmiA,Cycling
npj6Rj6G,Gardening
C3ZYEkuJ,Gardening
C3ZYEkuJ,Cooking
C3ZYEkuJ,Cycling
gooDVR2a,Cooking
gooDVR2a,Gardening
QtOp3mBq,Hiking
l2mhM3FH,Cycling
l2mhM3FH,Painting
l2mhM3FH,Gardening
wN8hO3Ma,Hiking
wN8hO3Ma,Cycling
wN8hO3Ma,Cooking
DAOH3Oxw,Cycling
DAOH3Oxw,Painting
CPAbmjZm,Hiking
CPAbmjZm,Gardening
P1QexofF,Cooking
uyA4OzPc,Cycling
uyA4OzPc,Painting
uyA4OzPc,Hiking
OnszfsJQ,Reading
OnszfsJQ,Cooking
OnszfsJQ,Cycling
AiKSfTou,Gardening
AiKSfTou,Cycling
AiKSfTou,Painting
t1xjuJy4,Painting
t1xjuJy4,Hiking
BmPzKpuK,Cooking
mDFndTfP,Hiking
mDFndTfP,Cycling
mDFndTfP,Gardening
T66xxQ8v,Cycling
yXmRl6m4,Cooking
yXmRl6m4,Reading
yXmRl6m4,Cycling
CILePafh,Reading
LsGy8bB8,Painting
LsGy8bB8,Cooking
UzsUVIJQ,Cooking
UzsUVIJQ,Hiking
UzsUVIJQ,Cycling
PFMNrEAd,Cycling
PFMNrEAd,Cooking
PFMNrEAd,Gardening
YPLE4s6R,Cooking
YPLE4s6R,Hiking
PNIavEpq,Painting
V2UW6uFJ,Cycling
V2UW6uFJ,Hiking
Oyv9IBXs,Reading
Oyv9IBXs,Hiking
Oyv9IBXs,Gardening
vLztncju,Painting
vLztncju,Gardening
NqnWopzu,Hiking
dDqrA4hT,Gardening
ffkYcUTY,Cycling
ffkYcUTY,Gardening
ffkYcUTY,Cooking
3cWstLnx,Cycling
0zSygntU,Gardening
VbKWDWa9,Hiking
VbKWDWa9,Painting
VbKWDWa9,Cooking
Yn5zBFXE,Painting
DHNLj0RU,Reading
DHNLj0RU,Cycling
DHNLj0RU,Painting
604709b4,Cooking
RLf7nYem,Cycling
RLf7nYem,Reading
RLf7nYem,Painting
JkiI6VqP,Gardening
6ZDP6DwI,Gardening
6ZDP6DwI,Cooking
6ZDP6DwI,Painting
xSpaye46,Hiking
lz8icody,Reading
lz8icody,Hiking
9wetPkhA,Hiking
9wetPkhA,Painting
ZdfhT1SW,Reading
ZdfhT1SW,Cooking
VK4dWnXY,Cycling
VK4dWnXY,Painting
vAOFL0gb,Hiking
KxgV1drb,Hiking
KxgV1drb,Cooking
KxgV1drb,Painting
keU0XahW,Reading
W63VpUY0,Gardening
W63VpUY0,Cycling
2RQEgcW0,Painting
2RQEgcW0,Gardening
qIqJvYaQ,Gardening
qIqJvYaQ,Reading
yKnMHZJc,Painting
pLqsPOsw,Cycling
59BAtlVH,Painting
CUL2Xmf6,Cycling
CUL2Xmf6,Painting
GKa77yLB,Painting
yhyiSyal,Hiking
yhyiSyal,Reading
yhyiSyal,Painting
KhYyI49P,Gardening
KhYyI49P,Painting
Dcyx0UYs,Cycling
Dcyx0UYs,Reading
q7vvUZat,Reading
q7vvUZat,Hiking
q7vvUZat,Cooking
vjM43uVl,Painting
vjM43uVl,Gardening
vjM43uVl,Cooking
hq4bLZoP,Cooking
hq4bLZoP,Reading
hq4bLZoP,Hiking
phShL25J,Reading
43ogY4Ne,Cooking
43ogY4Ne,Reading
43ogY4Ne,Hiking
QN2DVj2c,Cooking
j5AGonMJ,Hiking
QUfgacQx,Reading
QUfgacQx,Cooking
QUfgacQx,Painting
1kz9GMXY,Painting
1kz9GMXY,Reading
1kz9GMXY,Cycling
QwD8W11z,Hiking
QwD8W11z,Cycling
QwD8W11z,Cooking
VsGHmUEM,Reading
VsGHmUEM,Cycling
VsGHmUEM,Hiking
QUIu9pwI,Reading
GFDaqyA4,Painting
RHH8sRZB,Cycling
SiMte0n4,Hiking
SiMte0n4,Painting
SiMte0n4,Cooking
ILgWRyfO,Reading
Ds3fXqaY,Reading
ayrriWL5,Cooking
h0oY3W5k,Cooking
sLwSRYSM,Hiking
sLwSRYSM,Cycling
sLwSRYSM,Cooking
TGf5FdS5,Cooking
TGf5FdS5,Hiking
FEr17nhk,Cycling
FEr17nhk,Painting
oLqc2aBQ,Cooking
oLqc2aBQ,Gardening
oLqc2aBQ,Hiking
D1pCnx18,Cycling
vaPB7i0I,Cooking
vaPB7i0I,Gardening
vaPB7i0I,Painting
j1lQHhZn,Painting
j1lQHhZn,Reading
j1lQHhZn,Gardening
Rnm04SwK,Hiking
Rnm04SwK,Painting
Rnm04SwK,Reading
H9fmOq9G,Hiking
vjqh2UCQ,Cooking
vjqh2UCQ,Hiking
vjqh2UCQ,Gardening
fQTJ5TYY,Reading
Vz4yJkyA,Reading
Vz4yJkyA,Cooking
Vz4yJkyA,Gardening
E9evW9bH,Reading
E9evW9bH,Gardening
GarUzpMV,Cooking
qKaaT6g5,Gardening
qKaaT6g5,Painting
qKaaT6g5,Cooking
W4pCLtMX,Hiking
W4pCLtMX,Cycling
XVCAnkwX,Hiking
OwQMj2Ch,Gardening
OwQMj2Ch,Reading
QtMZCEMl,Cooking
QtMZCEMl,Hiking
QtMZCEMl,Reading
ZzYKFzIH,Hiking
NIUcUvLm,Painting
NIUcUvLm,Gardening
vx81YZsn,Gardening
Rm1q2dxj,Painting
Rm1q2dxj,Reading
yEAX2KYX,Gardening
yEAX2KYX,Cooking
yEAX2KYX,Reading
OSibwBkO,Reading
IqZGy2Nq,Cycling
IqZGy2Nq,Cooking
aonTxylS,Hiking
hzx8GRrW,Hiking
hzx8GRrW,Gardening
DCdXrvSx,Cycling
k9pbgX2z,Cycling
k9pbgX2z,Cooking
k9pbgX2z,Gardening
G1CKm35C,Cooking
G1CKm35C,Reading
Oq8W31Up,Cooking
Oq8W31Up,Reading
Oq8W31Up,Gardening
jd7JYe2b,Reading
jd7JYe2b,Hiking
jd7JYe2b,Painting
MBDHQKhs,Hiking
bfp3BOq6,Cycling
Gnv64PVQ,Gardening
Gnv64PVQ,Hiking
Gnv64PVQ,Painting
zlCT1DAD,Cycling
DN4H66Lo,Reading
DN4H66Lo,Gardening
DN4H66Lo,Cycling
K77gTm4E,Reading
K77gTm4E,Gardening
5BuQWaJV,Painting
5BuQWaJV,Reading
5BuQWaJV,Cycling
7GVQsGq8,Cycling
7GVQsGq8,Reading
Qasqilda,Cooking
Qasqilda,Painting
Qasqilda,Hiking
hC1FXWXp,Painting
TfEGUFqq,Cycling
TfEGUFqq,Painting
qcIJtUnm,Cooking
qcIJtUnm,Gardening
qcIJtUnm,Hiking
6OymbL34,Hiking
w7v88bLK,Cooking
XrXdlC5b,Hiking
XrXdlC5b,Gardening
mPGRUQxG,Cooking
mPGRUQxG,Cycling
mPGRUQxG,Painting
YdGhQJ4d,Reading
7srB4wUE,Painting
7srB4wUE,Reading
BmY6jZuQ,Cooking
BmY6jZuQ,Gardening
oZxfjjQV,Cycling
oZxfjjQV,Cooking
oZxfjjQV,Hiking
1Briw7Fl,Gardening
wOQVWPe4,Hiking
wOQVWPe4,Painting
Kp6hATZu,Gardening
Kp6hATZu,Painting
sTCgXaRs,Painting
IKhSubJO,Cooking
IKhSubJO,Cycling
IKhSubJO,Reading
rSc4b5z5,Painting
rSc4b5z5,Cycling
rSc4b5z5,Hiking
vvRVn1Fe,Reading
M5qJlrRh,Hiking
TCqS3BiQ,Painting
TCqS3BiQ,Hiking
vA0huKvb,Gardening
vA0huKvb,Hiking
kBBMXxhj,Cooking
kBBMXxhj,Cycling
kBBMXxhj,Hiking
6Qmg4Ndv,Gardening
6Qmg4Ndv,Hiking
Alh97PmX,Cycling
Alh97PmX,Cooking
Alh97PmX,Hiking
5D8VzdYL,Cycling
5D8VzdYL,Gardening
5D8VzdYL,Reading
VsXJbzSs,Cycling
VsXJbzSs,Gardening
ef4QIVfS,Cooking
ef4QIVfS,Cycling
Coyxc6Qp,Reading
Coyxc6Qp,Painting
Q8cxVmeg,Cooking
Q8cxVmeg,Cycling
Q8cxVmeg,Gardening
0kkrcRQT,Hiking
0kkrcRQT,Painting
0kkrcRQT,Gardening
R6AEc4P3,Reading
R6AEc4P3,Cycling
R6AEc4P3,Hiking
HNG69dHn,Hiking
HNG69dHn,Painting
s7BgUVAp,Cooking
22XTHsRl,Hiking
pOmQkEYz,Painting
pOmQkEYz,Cycling
pOmQkEYz,Hiking
BWufQDZs,Reading
BWufQDZs,Hiking
LkyBf5pY,Painting
LkyBf5pY,Hiking
LkyBf5pY,Cycling
nXMufuYz,Painting
nXMufuYz,Gardening
Omr6MXKa,Cycling
Omr6MXKa,Hiking
Omr6MXKa,Gardening
d3OH0JXp,Gardening
VN2ixEld,Reading
VN2ixEld,Hiking
VN2ixEld,Cycling
WuxX3PBy,Painting
WuxX3PBy,Reading
WuxX3PBy,Hiking
veT4NDAN,Cooking
veT4NDAN,Reading
6q84kczp,Cycling
6q84kczp,Gardening
6q84kczp,Cooking
AlppcsfQ,Hiking
AlppcsfQ,Cycling
ApS1ipfJ,Cycling
JGPOXzMo,Painting
JGPOXzMo,Hiking
JGPOXzMo,Cycling
t0tHM94Z,Reading
t0tHM94Z,Gardening
RF53z9lE,Cycling
RF53z9lE,Reading
RF53z9lE,Cooking
UF8TEcjL,Cooking
UF8TEcjL,Painting
Gv3OZsZz,Gardening
Gv3OZsZz,Reading
Mb0DRvMf,Cycling
Mb0DRvMf,Cooking
Mb0DRvMf,Painting
hrt8Yc6a,Cooking
ETUwnAaU,Gardening
ETUwnAaU,Cooking
38gICv6Z,Hiking
38gICv6Z,Gardening
pfzzycny,Cycling
pfzzycny,Hiking
48vbVpuu,Hiking
Sga74045,Painting
Sga74045,Cycling
IcJt7V8f,Hiking
G0CQmloX,Cycling
G0CQmloX,Gardening
G0CQmloX,Painting
lXV4b1qr,Painting
Ktf1uY3K,Cooking
Ktf1uY3K,Cycling
Ktf1uY3K,Reading
l1RojkQz,Cooking
l1RojkQz,Painting
l1RojkQz,Hiking
Gu5ugbSs,Painting
1OeSHctd,Reading
1OeSHctd,Gardening
nrWSnzVa,Painting
DVRlRdJH,Reading
CZUBglR2,Cycling
CZUBglR2,Hiking
k3Znn4YU,Gardening
k3Znn4YU,Painting
k3Znn4YU,Hiking
fN0xGCLx,Reading
fN0xGCLx,Painting
fN0xGCLx,Cooking
vf7oQIbR,Cycling
vf7oQIbR,Hiking
pOEn3rEG,Painting
SpsxRXs9,Gardening
SpsxRXs9,Reading
SpsxRXs9,Painting
wjTJ5wbE,Reading
wjTJ5wbE,Cycling
wjTJ5wbE,Gardening
6xwJy1D2,Hiking
h5NxT7hB,Gardening
h5NxT7hB,Hiking
h5NxT7hB,Cooking
1bh92WBa,Painting
1bh92WBa,Hiking
OK0aIOd2,Cooking
9Ezkb5XP,Gardening
GCEEdrKi,Hiking
GCEEdrKi,Cycling
GCEEdrKi,Painting
xi7guOVL,Painting
xi7guOVL,Cooking
IgKkc13h,Cycling
my1TJTCr,Cycling
my1TJTCr,Cooking
GPkcEgCq,Hiking
GPkcEgCq,Gardening
YGNlHITE,Gardening
EF6rBo1M,Hiking
EF6rBo1M,Reading
pNhxEJJ7,Cycling
JnocMpII,Cooking
JnocMpII,Hiking
cNGFTWxo,Cooking
0lQdLrIE,Cycling
DhljKPmU,Cycling
DhljKPmU,Hiking
ho8XinBC,Cooking
ho8XinBC,Cycling
A4apOQYB,Cooking
A4apOQYB,Reading
ZNduDOSW,Gardening
ZNduDOSW,Cooking
ZNduDOSW,Cycling
ICm4PnNm,Reading
ICm4PnNm,Cycling
ICm4PnNm,Gardening
p5eQEbK3,Hiking
CdqcWxRx,Reading
N9lLmJzx,Cycling
N9lLmJzx,Reading
VJ4qgWes,Gardening
VJ4qgWes,Hiking
VJ4qgWes,Reading
1WKqlrKh,Cooking
1WKqlrKh,Gardening
1WKqlrKh,Reading
Mh7V1Kw8,Cycling
Mh7V1Kw8,Gardening
Mh7V1Kw8,Cooking
tGX3efSc,Painting
tGX3efSc,Reading
tGX3efSc,Gardening
lCyN1Zr5,Hiking
Qxs64r9a,Cooking
Qxs64r9a,Reading
Qxs64r9a,Cycling
lhoRXMRi,Painting
lhoRXMRi,Reading
lhoRXMRi,Gardening
prE1Upsr,Hiking
prE1Upsr,Gardening
prE1Upsr,Reading
xd7Mv5Dd,Hiking
PzXpJ0eB,Painting
PzXpJ0eB,Gardening
PzXpJ0eB,Hiking
9wyueNTT,Cycling
9wyueNTT,Cooking
9wyueNTT,Reading
aksgueF4,Cycling
aksgueF4,Reading
aksgueF4,Gardening
upZG7uhn,Cycling
upZG7uhn,Gardening
upZG7uhn,Reading
uAVthOgx,Painting
uAVthOgx,Cooking
uAVthOgx,Cycling
KhQOjKLF,Gardening
rrUnFwR3,Painting
Sgscd3OR,Cycling
B8FGzMHQ,Hiking
jlXhPCP6,Reading
74tqNh4t,Cooking
74tqNh4t,Reading
74tqNh4t,Gardening
XSIbflG2,Reading
XSIbflG2,Hiking
XSIbflG2,Cooking
nwZHk7rH,Reading
nwZHk7rH,Hiking
nwZHk7rH,Gardening
58TjTTpk,Cooking
yZN9j9t6,Painting
72jHBcBx,Hiking
72jHBcBx,Cooking
72jHBcBx,Painting
ti4m95OU,Cycling
ti4m95OU,Cooking
ti4m95OU,Reading
ER3R4s8R,Gardening
ER3R4s8R,Cooking
ER3R4s8R,Cycling
3E1eBuX0,Painting
doncX0bP,Painting
XL17iXXi,Gardening
rAreUPGP,Reading
KE0U7RoI,Gardening
O8MWCOFD,Hiking
O8MWCOFD,Gardening
O8MWCOFD,Painting
84rOo4CO,Reading
84rOo4CO,Cooking
eMwoYSQK,Painting
eMwoYSQK,Cycling
eMwoYSQK,Cooking
rJL4mvxz,Cycling
rJL4mvxz,Reading
7heHauJe,Cooking
7heHauJe,Cycling
WprwUkwu,Hiking
WprwUkwu,Painting
WprwUkwu,Cooking
gYZRULvf,Hiking
gYZRULvf,Gardening
gYZRULvf,Cycling
zOv5R4bz,Hiking
zOv5R4bz,Cycling
tgo15oUT,Hiking
tgo15oUT,Cooking
a0TpEE5i,Gardening
a0TpEE5i,Painting
a0TpEE5i,Hiking
oi1EFY17,Hiking
oi1EFY17,Cooking
oi1EFY17,Cycling
9m7QnZgF,Cooking
9m7QnZgF,Painting
9m7QnZgF,Reading
L7o939Fk,Reading
L7o939Fk,Gardening
L7o939Fk,Hiking
oYTu83Pb,Reading
BiqAAIHN,Reading
hbltEnms,Reading
gzecb0aa,Painting
gzecb0aa,Reading
smow7Csc,Cooking
smow7Csc,Reading
3IKEI0CA,Cycling
3IKEI0CA,Painting
T41nDOhn,Hiking
T41nDOhn,Cycling
T41nDOhn,Reading
HHJMNXcF,Painting
HHJMNXcF,Cycling
HHJMNXcF,Cooking
fTCSrH3b,Cycling
7JytPpNg,Cooking
7JytPpNg,Hiking
7JytPpNg,Painting
oyiwrslo,Cooking
oyiwrslo,Painting
oyiwrslo,Cycling
lfIp6otA,Cooking
CidDNVmI,Gardening
rd3wOSUP,Hiking
q60B6GKz,Cycling
q60B6GKz,Reading
q60B6GKz,Gardening
arVME89W,Gardening
sgBPHa6f,Reading
sgBPHa6f,Cycling
sgBPHa6f,Cooking
jAVs6ERI,Cycling
jAVs6ERI,Reading
jAVs6ERI,Painting
zfX8FCap,Reading
zfX8FCap,Cycling
zfX8FCap,Hiking
uWQOnUCi,Cooking
uWQOnUCi,Hiking
0OVJMD3L,Reading
YdnWq7Fg,Gardening
YdnWq7Fg,Reading
CM2FKizJ,Gardening
rb1h5QdF,Cycling
Vrifqwxx,Reading
Vrifqwxx,Cooking
4Cm0vxQs,Painting
4Cm0vxQs,Cycling
4Cm0vxQs,Reading
8XWuxt2P,Painting
8XWuxt2P,Reading
meugeK5b,Gardening
meugeK5b,Reading
meugeK5b,Cooking
hz7tVJLq,Painting
hz7tVJLq,Cooking
iXfrZtBV,Cooking
iXfrZtBV,Reading
0J0tbXiv,Cooking
0J0tbXiv,Reading
0J0tbXiv,Hiking
wovdmP5u,Gardening
wovdmP5u,Reading
wovdmP5u,Painting
FK2NBnqW,Cooking
FK2NBnqW,Gardening
FK2NBnqW,Reading
silRDEpW,Hiking
qyXpsrdA,Reading
qyXpsrdA,Painting
qyXpsrdA,Gardening
xGFisA7P,Reading
xGFisA7P,Cooking
wwmCo29v,Gardening
D1p8TLcU,Painting
dZM9n0UD,Gardening
dZM9n0UD,Cycling
dZM9n0UD,Reading
Bi7w6XRs,Reading
Bi7w6XRs,Cycling
Bi7w6XRs,Cooking
hydidZU8,Gardening
hydidZU8,Cycling
IwQpf0Kq,Reading
IwQpf0Kq,Painting
IwQpf0Kq,Cycling
zq5sR3Sv,Cycling
zq5sR3Sv,Cooking
TOiTGiiQ,Hiking
TOiTGiiQ,Cooking
TOiTGiiQ,Gardening
3kLm14Dg,Hiking
3kLm14Dg,Cooking
3kLm14Dg,Reading
zYSVrcTy,Painting
zYSVrcTy,Gardening
PgkxF77v,Gardening
PgkxF77v,Cooking
PgkxF77v,Painting
6RXGLcWs,Hiking
6RXGLcWs,Reading
6RXGLcWs,Gardening
NKk6GSiW,Reading
3EXlMtq4,Hiking
3EXlMtq4,Painting
oN2lWSGn,Hiking
oN2lWSGn,Cooking
oN2lWSGn,Painting
zUlZvcia,Hiking
zUlZvcia,Cycling
2PxWZnEw,Painting
2PxWZnEw,Cooking
2PxWZnEw,Reading
nPJwDmoB,Cycling
nPJwDmoB,Painting
Zo8L93rf,Hiking
Zo8L93rf,Cycling
tv3VQC4x,Painting
N3bjHbLD,Reading
kIMfjUG0,Hiking
kIMfjUG0,Cooking
nYY43FCv,Hiking
nYY43FCv,Cycling
REvH6avU,Cycling
REvH6avU,Painting
scM4kpzs,Painting
cX4OqP4Q,Cycling
cX4OqP4Q,Gardening
pcIQPRIT,Hiking
pcIQPRIT,Reading
1RZwtqeU,Cycling
1RZwtqeU,Cooking
dO6CjA6F,Painting
dO6CjA6F,Cycling
5qp6Hqac,Reading
5qp6Hqac,Gardening
5qp6Hqac,Hiking
MmvXZxWl,Gardening
MmvXZxWl,Hiking
MmvXZxWl,Painting
ARKUZV6n,Cycling
8SDmvEiy,Painting
8SDmvEiy,Hiking
1vKwisvy,Painting
bJW02uEH,Reading
bJW02uEH,Cycling
bJW02uEH,Gardening
MQ9BSB7T,Gardening
MQ9BSB7T,Painting
MQ9BSB7T,Hiking
XAbqxZWp,Cooking
XAbqxZWp,Hiking
B9WTe1Et,Gardening
B9WTe1Et,Cooking
B9WTe1Et,Cycling
6mIfTZ3o,Reading
4ClewDEs,Cycling
au8ZBhjV,Cycling
StqEwodg,Reading
StqEwodg,Cooking
StqEwodg,Gardening
TFDzRQkN,Gardening
tWaRh1iR,Gardening
tWaRh1iR,Cycling
tWaRh1iR,Hiking
rqF5vCXe,Cycling
HZJ3yYtB,Cycling
HZJ3yYtB,Reading
HZJ3yYtB,Painting
y5Y6UyxD,Cycling
y5Y6UyxD,Painting
y5Y6UyxD,Gardening
Ayp8cvaP,Gardening
Ayp8cvaP,Reading
Ayp8cvaP,Cooking
50iButlE,Reading
50iButlE,Painting
50iButlE,Cycling
dJHEiIEi,Reading
cxDs1AKp,Cycling
cxDs1AKp,Gardening
cxDs1AKp,Reading
XfpmHlJ3,Cooking
XfpmHlJ3,Reading
obe5XFPy,Cycling
pGvExRwJ,Cycling
pGvExRwJ,Reading
gelL6vRG,Cooking
t672mFSf,Painting
ovyAM8p9,Cycling
YHXw2HPe,Cycling
YHXw2HPe,Reading
YHXw2HPe,Gardening
O5uQ4QLU,Cooking
A6Ky26rA,Painting
A6Ky26rA,Reading
A6Ky26rA,Cooking
1ZEKlDTL,Cooking
9f2i9YEe,Gardening
9f2i9YEe,Cooking
9f2i9YEe,Hiking
HOj4h1we,Reading
HOj4h1we,Hiking
cqvXks9q,Hiking
QjfuzNon,Gardening
QjfuzNon,Cooking
QjfuzNon,Hiking
QcjlihoH,Reading
QcjlihoH,Cooking
QcjlihoH,Hiking
7adEt1UZ,Cooking
eqjirsUv,Cooking
eqjirsUv,Cycling
eqjirsUv,Hiking
EwVUn16F,Hiking
1N2LCiqs,Painting
1N2LCiqs,Hiking
Wf4aEPkQ,Gardening
Wf4aEPkQ,Hiking
Ro5UENnB,Painting
Ro5UENnB,Gardening
Ro5UENnB,Cycling
vBehw6ut,Cooking
vBehw6ut,Painting
vBehw6ut,Reading
JXJ1LlRZ,Hiking
JXJ1LlRZ,Cooking
7v5g2Znp,Gardening
djMT8Nul,Reading
djMT8Nul,Gardening
rBlRZei1,Cycling
rBlRZei1,Reading
1n4Qg9vp,Cycling
1n4Qg9vp,Cooking
RwC56XfT,Painting
AP8c5yOP,Cooking
AP8c5yOP,Gardening
LcSZlpnq,Gardening
LcSZlpnq,Hiking
pZUIXKpj,Cooking
pZUIXKpj,Painting
V5adNk3B,Hiking
SojF0F2B,Cycling
SojF0F2B,Reading
HPgLnHxc,Reading
ccdANiF1,Reading
ODBuyIhk,Hiking
ODBuyIhk,Painting
ODBuyIhk,Gardening
O7OorAnl,Gardening
O7OorAnl,Cooking
O7OorAnl,Hiking
rxO8P1G6,Hiking
rxO8P1G6,Cooking
VuUTuCEt,Cycling
VuUTuCEt,Reading
VuUTuCEt,Gardening
9e9wW0EJ,Hiking
9e9wW0EJ,Gardening
xRJ4zWaW,Cycling
NV5RBtl0,Cooking
NV5RBtl0,Painting
TuDKwSCi,Hiking
Ezqr6tdM,Cycling
Ezqr6tdM,Hiking
mNj3PLkN,Reading
mNj3PLkN,Cooking
cSP6syiq,Reading
cSP6syiq,Gardening
CAOKuL5D,Hiking
5OOUyQb6,Cycling
BjsAyLQn,Reading
BjsAyLQn,Hiking
BjsAyLQn,Cycling
5YQJtGF2,Cycling
5YQJtGF2,Painting
5YQJtGF2,Reading
DlxUjYWu,Hiking
DlxUjYWu,Gardening
Tjp6S25Y,Cooking
Tjp6S25Y,Hiking
Lk7TqkWQ,Gardening
pp2Aycg7,Cycling
pp2Aycg7,Cooking
pp2Aycg7,Reading
LUfcxFkY,Cooking
p3pbp5VP,Cooking
p3pbp5VP,Cycling
Mf7MuXos,Cycling
Mf7MuXos,Gardening
yTqAeiZ4,Painting
yTqAeiZ4,Gardening
yTqAeiZ4,Hiking
2jXenFwb,Cycling
2jXenFwb,Painting
2jXenFwb,Reading
MogjemYy,Cycling
VneVKlkc,Gardening
VneVKlkc,Hiking
VneVKlkc,Painting
pI4EcgML,Cooking
pI4EcgML,Painting
36gVEt4R,Cycling
36gVEt4R,Reading
aRQONUeC,Cooking
aRQONUeC,Gardening
aRQONUeC,Reading
102Yksto,Gardening
102Yksto,Cycling
9WFWh4tS,Gardening
DHlcpco9,Hiking
DHlcpco9,Gardening
Sa15mMJh,Cooking
Sa15mMJh,Gardening
Sa15mMJh,Hiking
ZkxQb11n,Hiking
ZkxQb11n,Reading
qeoQUlBj,Cycling
qeoQUlBj,Painting
j12fgBIS,Gardening
k7UkxQgU,Reading
k7UkxQgU,Painting
yFhA5XUz,Cycling
iLlflypk,Cycling
iLlflypk,Painting
BWkcJfQ5,Cooking
BWkcJfQ5,Cycling
BWkcJfQ5,Hiking
uNb6aXeG,Reading
uNb6aXeG,Hiking
uNb6aXeG,Cooking
WdvBXaqt,Reading
HzEdWFBL,Cycling
HzEdWFBL,Painting
HzEdWFBL,Reading
daOobBqs,Hiking
daOobBqs,Reading
daOobBqs,Cycling
HoagUdlb,Cooking
30HeMcbs,Painting
fdyH61J4,Hiking
fdyH61J4,Painting
TLtsQ6HO,Reading
hdh96r4R,Cycling
ERCze1iI,Painting
ERCze1iI,Cycling
D6Vc2PIp,Cooking
D6Vc2PIp,Hiking
97sFkCi1,Cooking
Td4NNlqI,Cycling
Td4NNlqI,Hiking
DoRE87M2,Painting
DoRE87M2,Reading
lMvDQaRp,Hiking
3LJyASXt,Cycling
3LJyASXt,Reading
3LJyASXt,Gardening
xHqPpItV,Gardening
XvSLIIPz,Reading
XvSLIIPz,Gardening
zyXGA2mC,Hiking
rqwST26m,Painting
rqwST26m,Cooking
25fgv3q9,Cycling
uNkYNGs1,Painting
uNkYNGs1,Hiking
uNkYNGs1,Cycling
VxF3eMh4,Hiking
VxF3eMh4,Reading
qEL3OrK2,Painting
qEL3OrK2,Cycling
qEL3OrK2,Reading
9kBmn4M2,Painting
xNYw0dth,Reading
xNYw0dth,Hiking
w6eG1DJ4,Painting
w6eG1DJ4,Reading
w6eG1DJ4,Cycling
3d7YIqT9,Gardening
3d7YIqT9,Cycling
bFizs6UH,Cycling
NaAUySx1,Gardening
MpBtgYXX,Painting
MpBtgYXX,Reading
GE7MxaeV,Reading
GE7MxaeV,Cooking
BvagkaTl,Reading
BvagkaTl,Cycling
BvagkaTl,Gardening
zapd4DIY,Painting
zapd4DIY,Cycling
HW7Foi5d,Cycling
yeUMsx0M,Painting
VMYUC2k5,Painting
VMYUC2k5,Reading
VMYUC2k5,Cycling
OrrqpaD0,Reading
OrrqpaD0,Gardening
OrrqpaD0,Cooking
kRHASvwG,Gardening
5tL1q8OR,Hiking
nUEVFKbt,Gardening
nUEVFKbt,Reading
nUEVFKbt,Cycling
tMcKLTHt,Hiking
iwIzNxS0,Painting
iwIzNxS0,Cooking
zwP4y4uf,Cooking
kdFikitO,Hiking
kdFikitO,Cooking
4G2irKdv,Cycling
CTKcB355,Reading
CTKcB355,Hiking
Vu3E1IUT,Cycling
TUuk66UZ,Painting
TUuk66UZ,Hiking
zX0dOXV0,Reading
0KNkqQ0A,Gardening
0KNkqQ0A,Painting
0KNkqQ0A,Reading
2mMEQK6M,Gardening
2mMEQK6M,Reading
2mMEQK6M,Cycling
iYPvcaIV,Painting
iYPvcaIV,Hiking
vS6rzTDt,Cycling
vS6rzTDt,Painting
EBGO393l,Hiking
EBGO393l,Painting
EBGO393l,Cooking
cp9TPdYs,Hiking
fOpO1dla,Cycling
Lmn4HTQe,Cooking
J5E85ECC,Gardening
J5E85ECC,Hiking
J5E85ECC,Cycling
ozVCtvu2,Hiking
SgdxmtmZ,Cycling
SgdxmtmZ,Hiking
HTiQl6fw,Cooking
HTiQl6fw,Painting
Ue8GuWCi,Painting
Ue8GuWCi,Gardening
Ue8GuWCi,Cooking
pAXAxrgN,Cooking
pAXAxrgN,Painting
pAXAxrgN,Cycling
hZsFBg68,Painting
7Ip9OC23,Cycling
7Ip9OC23,Cooking
CdKdJZ4v,Painting
PjTWwMCV,Hiking
jHHGVLfP,Cycling
jHHGVLfP,Cooking
KURrZy99,Reading
KURrZy99,Painting
KURrZy99,Gardening
AViZap8k,Hiking
AViZap8k,Gardening
282TxHuE,Hiking
282TxHuE,Painting
282TxHuE,Cycling
aeKVLvc3,Painting
aeKVLvc3,Hiking
sBc5QoEV,Reading
ggPaEMXU,Painting
xqD0ErlF,Reading
xqD0ErlF,Cooking
521VUE3u,Cooking
521VUE3u,Hiking
DQwzz1z9,Gardening
DQwzz1z9,Reading
38JAUyza,Cooking
38JAUyza,Painting
38JAUyza,Reading
Jwhz1emu,Gardening
Jwhz1emu,Painting
Jwhz1emu,Cooking
9lqxejyz,Gardening
9lqxejyz,Cooking
0RyEsDUF,Reading
0RyEsDUF,Gardening
LzmJ5dkM,Cycling
qmJZlVYT,Cooking
qmJZlVYT,Hiking
AiahDz4V,Painting
AiahDz4V,Hiking
AiahDz4V,Cycling
gy8UfZ1p,Hiking
gy8UfZ1p,Reading
gy8UfZ1p,Painting
9OZwvYaW,Painting
kalzmTEx,Hiking
kalzmTEx,Reading
MrVGXasa,Gardening
8c1jmnhV,Hiking
8c1jmnhV,Reading
kB19mXhS,Painting
HQAZRKF9,Painting
OkVCXb6N,Reading
OkVCXb6N,Painting
OkVCXb6N,Cycling
AyySMDFO,Cooking
AyySMDFO,Hiking
AyySMDFO,Gardening
j7uFul8E,Cycling
NmUOjpv0,Cooking
NmUOjpv0,Reading
BQzZKvYZ,Reading
BQzZKvYZ,Hiking
BQzZKvYZ,Cooking
TdyCdWh1,Gardening
TdyCdWh1,Cycling
TdyCdWh1,Cooking
yj0MXLFj,Cycling
yj0MXLFj,Gardening
yj0MXLFj,Painting
S7oFkaSu,Hiking
S7oFkaSu,Gardening
S7oFkaSu,Cooking
rCEqfyf1,Painting
is1JsPUp,Cooking
1CZ91e24,Painting
1CZ91e24,Cooking
HBMbT2c3,Reading
HBMbT2c3,Painting
R8Ww6KlY,Reading
a4MyD8B6,Cycling
mBspn3wD,Gardening
mBspn3wD,Hiking
1mzDtyBL,Reading
epLKUv93,Painting
OE7Sdv8A,Cycling
OE7Sdv8A,Reading
h0u8iKk0,Painting
h0u8iKk0,Gardening
s0WxZLCT,Hiking
s0WxZLCT,Painting
s0WxZLCT,Cycling
ty4RNTr0,Painting
ty4RNTr0,Gardening
ty4RNTr0,Cooking
UoJ8IrnJ,Cooking
tJEGimas,Hiking
5HpXkNg7,Gardening
KcUL1asP,Cycling
KcUL1asP,Hiking
rZtBMYcQ,Cooking
9ykTJt9e,Cooking
m6tOIYDn,Cycling
CrRmGFzj,Reading
CrRmGFzj,Cooking
CrRmGFzj,Hiking
UPN2YRlU,Hiking
UPN2YRlU,Painting
UPN2YRlU,Cooking
pkah5IIh,Cycling
n1eDzvZz,Gardening
co5G8BXq,Cooking
co5G8BXq,Cycling
co5G8BXq,Hiking
wM4oZmaB,Gardening
wM4oZmaB,Reading
wM4oZmaB,Cycling
v2d5r0Dq,Painting
wRtowlBs,Gardening
wRtowlBs,Cooking
wRtowlBs,Reading
YtA3WHvt,Gardening
ATEcwOU0,Painting
ATEcwOU0,Gardening
G8HFmeKq,Reading
udVt7d5s,Painting
UvmomHjs,Gardening
8wrtde12,Gardening
S06NyHaN,Painting
S06NyHaN,Reading
X79T4CxP,Cycling
X79T4CxP,Hiking
Uyj5FNJC,Gardening
Uyj5FNJC,Hiking
Uyj5FNJC,Cycling
TDSl3nDm,Cycling
TDSl3nDm,Reading
IOrIB1lG,Painting
IOrIB1lG,Cooking
J14XjS6f,Cooking
J14XjS6f,Painting
X75RiUa6,Cycling
X75RiUa6,Reading
9yvQpT4w,Cooking
9yvQpT4w,Hiking
9yvQpT4w,Gardening
vr0Mt334,Cycling
fVdoyb4j,Reading
fVdoyb4j,Cycling
jDusLtBY,Cycling
HxBAXKBi,Painting
HxBAXKBi,Hiking
mWXdz0zH,Gardening
mWXdz0zH,Hiking
y5PyembI,Hiking
ygjy3Fa6,Hiking
RzLFYWPr,Hiking
RzLFYWPr,Reading
RzLFYWPr,Gardening
ffYo0R1Q,Cooking
ffYo0R1Q,Gardening
ffYo0R1Q,Reading
ofSQyoxl,Cooking
ofSQyoxl,Gardening
ofSQyoxl,Cycling
UiqZsraN,Painting
UiqZsraN,Hiking
UiqZsraN,Cycling
C40xkJeZ,Painting
C40xkJeZ,Gardening
C40xkJeZ,Reading
LuFNgZxY,Gardening
jnGmqpZC,Reading
jnGmqpZC,Painting
XNaCkFbp,Reading
XNaCkFbp,Hiking
O9NU0AfH,Hiking
O9NU0AfH,Reading
onmhVpJt,Cycling
onmhVpJt,Painting
cK9vgBya,Painting
cK9vgBya,Hiking
8jLk70VD,Gardening
8jLk70VD,Reading
8jLk70VD,Painting
YQkcUELY,Hiking
YQkcUELY,Cooking
YQkcUELY,Cycling
Woo7sV58,Gardening
QoNvnKq0,Hiking
QoNvnKq0,Reading
QoNvnKq0,Cycling
IwGl9GNY,Gardening
IwGl9GNY,Cycling
IwGl9GNY,Painting
rzphOFYu,Gardening
rzphOFYu,Cycling
rzphOFYu,Cooking
hhnEgMDr,Cooking
hhnEgMDr,Cycling
DQJQDEpS,Hiking
DQJQDEpS,Painting
u5UDWLz6,Hiking
u5UDWLz6,Cycling
u5UDWLz6,Painting
Bnxds2Dg,Hiking
Bnxds2Dg,Cooking
agaBKFj0,Gardening
iH6Manpw,Hiking
iH6Manpw,Cycling
iH6Manpw,Gardening
yiLRDBi4,Cycling
jZ6oMa7V,Painting
MLZs8qEP,Painting
MLZs8qEP,Cycling
O1cV7c8C,Painting
O1cV7c8C,Cycling
O1cV7c8C,Cooking
xWbmQbD4,Reading
xWbmQbD4,Painting
xWbmQbD4,Cycling
y4Tfd1bY,Hiking
y4Tfd1bY,Cycling
RE2AN3b1,Cooking
S7JgtCop,Painting
S7JgtCop,Cooking
Vhq1BISB,Painting
Vhq1BISB,Gardening
Vhq1BISB,Reading
46xYRIe8,Reading
46xYRIe8,Gardening
46xYRIe8,Hiking
0Kh0VM0F,Gardening
0Kh0VM0F,Cooking
0Kh0VM0F,Hiking
4kJPd2bG,Reading
4kJPd2bG,Cycling
gRPIuwCo,Cooking
gRPIuwCo,Hiking
RrCzhtJ8,Gardening
RrCzhtJ8,Painting
RrCzhtJ8,Hiking
bYAMpH5f,Cycling
bYAMpH5f,Cooking
UadTcBzj,Cycling
UadTcBzj,Hiking
UadTcBzj,Reading
W9dA8cVL,Gardening
j5UqKEZL,Cooking
j5UqKEZL,Gardening
j5UqKEZL,Painting
3xXNKQYz,Gardening
3xXNKQYz,Cycling
ZtrTw3CI,Hiking
ZtrTw3CI,Reading
lKRvSdAY,Reading
lKRvSdAY,Gardening
lKRvSdAY,Painting
CImyVgrn,Hiking
CImyVgrn,Painting
bd5v7dsm,Reading
bd5v7dsm,Cycling
bd5v7dsm,Painting
jB9TDBn7,Reading
a2VlRjS4,Cycling
QnHg4zy5,Cycling
QnHg4zy5,Gardening
k2cTt6y9,Cooking
k2cTt6y9,Reading
oeF9qDud,Painting
oeF9qDud,Reading
rY9F8cmM,Gardening
y4tXvPl4,Painting
y4tXvPl4,Hiking
y4tXvPl4,Cooking
obM9o1jV,Cycling
obM9o1jV,Hiking
obM9o1jV,Cooking
Tlj8h18r,Cooking
Ie8G7Cln,Cycling
Ie8G7Cln,Painting
WBI5OxwZ,Cycling
WBI5OxwZ,Painting
WBI5OxwZ,Cooking
ighB9vwE,Hiking
ighB9vwE,Gardening
ighB9vwE,Painting
xlPdfX62,Cooking
xlPdfX62,Reading
B7eKDGKn,Reading
B7eKDGKn,Hiking
PMEQg6zf,Reading
rxt6XAuj,Hiking
i0X3VcPf,Reading
i0X3VcPf,Hiking
c0L7pBXs,Cycling
P4OY2Y3F,Hiking
La04FHql,Painting
La04FHql,Reading
x6n7GZAX,Cooking
KN7W9gRJ,Reading
z37e4247,Gardening
z37e4247,Hiking
z37e4247,Reading
ZWihRSvG,Reading
ZWihRSvG,Hiking
ZWihRSvG,Cycling
lWdYqFI0,Gardening
lWdYqFI0,Cycling
lWdYqFI0,Hiking
KQtekaJa,Reading
KQtekaJa,Painting
nSqAzQE3,Gardening
nSqAzQE3,Cooking
nSqAzQE3,Painting
hAv04Nnr,Cooking
hAv04Nnr,Cycling
JvdoFPyO,Reading
JvdoFPyO,Gardening
JvdoFPyO,Cycling
yvGiS52l,Gardening
yvGiS52l,Cycling
yvGiS52l,Reading
3V0b9938,Painting
IEp4z3PJ,Hiking
IEp4z3PJ,Reading
IEp4z3PJ,Cooking
aLxMlPLY,Gardening
7BkoHfkv,Reading
DIU6j750,Cycling
DIU6j750,Reading
DIU6j750,Cooking
iFfCf8AI,Gardening
iFfCf8AI,Painting
iFfCf8AI,Cooking
w4ixVrCW,Gardening
loRZAPAD,Reading
loRZAPAD,Hiking
loRZAPAD,Painting
JdAN7pDN,Painting
JdAN7pDN,Hiking
JdAN7pDN,Cooking
T0kbfHDD,Painting
Mvn1Urin,Painting
CwPc9OG2,Painting
CwPc9OG2,Reading
lg5GAcSl,Hiking
lg5GAcSl,Cooking
oZSHHFsY,Painting
aUPC3M2V,Reading
aUPC3M2V,Gardening
SpKGoOd9,Painting
SpKGoOd9,Gardening
SpKGoOd9,Cycling
5tfAPOKr,Painting
5tfAPOKr,Reading
5tfAPOKr,Cooking
nz521uSW,Cooking
nz521uSW,Hiking
nz521uSW,Reading
uWi8hIUk,Cycling
7uNfrnEA,Cycling
7uNfrnEA,Painting
ym4K2vVI,Cooking
ym4K2vVI,Reading
MECfDMj1,Painting
icShWgpF,Gardening
icShWgpF,Hiking
zzdlfEKg,Reading
zzdlfEKg,Painting
1VVJygRP,Hiking
1VVJygRP,Painting
1VVJygRP,Gardening
XPaSNvR3,Painting
XPaSNvR3,Hiking
qODPN2SK,Gardening
qODPN2SK,Painting
qODPN2SK,Reading
yvOMYmc9,Painting
hhCUdO1p,Gardening
hhCUdO1p,Cycling
VooAxBEB,Cycling
pSYyZu0u,Gardening
mesOBfa4,Hiking
mesOBfa4,Cycling
mesOBfa4,Painting
e3M1bWfO,Cycling
e3M1bWfO,Gardening
e3M1bWfO,Painting
Jc09yRzV,Gardening
Zqj04fh6,Gardening
Zqj04fh6,Reading
royFYWTn,Reading
royFYWTn,Gardening
vm50JS2u,Cycling
BTxmTDIf,Reading
dEGnKY0q,Hiking
TU7eQfLN,Painting
LOPoVy14,Cycling
LOPoVy14,Painting
LOPoVy14,Cooking
uRpJVKdL,Reading
u3y9dyyS,Gardening
u3y9dyyS,Cooking
cflKLLLf,Reading
sI86aOJn,Hiking
sI86aOJn,Gardening
sI86aOJn,Cycling
Rg8yJDqb,Gardening
Rg8yJDqb,Cooking
Rg8yJDqb,Cycling
LeqROdKX,Cycling
LeqROdKX,Cooking
UDP4uLjQ,Painting
UDP4uLjQ,Reading
UDP4uLjQ,Gardening
wiHIP13m,Gardening
WjjWSLno,Cooking
6HBLgTmX,Gardening
LzEjGtTq,Reading
hIvQGdHt,Cooking
hIvQGdHt,Painting
hIvQGdHt,Reading
TY6UUuga,Hiking
GgIN3ZEE,Cooking
7pAKBYT7,Cooking
7pAKBYT7,Cycling
xZWsVpns,Cooking
BrJ8mD3j,Cooking
BrJ8mD3j,Cycling
hrtNpizM,Painting
1NAKq6Eo,Cooking
1NAKq6Eo,Cycling
8xJU6JLf,Painting
8xJU6JLf,Hiking
UESywMOG,Cycling
UESywMOG,Cooking
GXFKQ32C,Gardening
GXFKQ32C,Reading
BjiFFBxY,Reading
BjiFFBxY,Painting
W4fHIGuE,Gardening
W4fHIGuE,Cycling
1H8hlKNb,Cooking
cTenslz1,Painting
cTenslz1,Gardening
cTenslz1,Reading
TD8lo64W,Painting
hzaEENNF,Cooking
1jRDl0Ac,Reading
dNrwcRLj,Hiking
dNrwcRLj,Cooking
dNrwcRLj,Cycling
L89Vbf5L,Cooking
L89Vbf5L,Hiking
L89Vbf5L,Cycling
SQjwBjro,Cycling
usevEeBm,Hiking
usevEeBm,Reading
usevEeBm,Painting
IVSWkXtf,Cycling
IVSWkXtf,Painting
IVSWkXtf,Gardening
2W0CcFFa,Cooking
2W0CcFFa,Painting
utmIamyM,Gardening
utmIamyM,Reading
DBnMwVT8,Gardening
DBnMwVT8,Cycling
tHIWZl1G,Cooking
tHIWZl1G,Painting
uB2Ijr7J,Cooking
uB2Ijr7J,Hiking
tngo1Alc,Reading
tngo1Alc,Cooking
tngo1Alc,Cycling
7xnzq5m1,Hiking
WV5AkHAP,Hiking
Uuga6UPB,Painting
3i8slQXH,Cycling
3i8slQXH,Reading
3i8slQXH,Gardening
MFeM4XGj,Cooking
MFeM4XGj,Hiking
vFUWNcbr,Reading
vFUWNcbr,Cycling
vFUWNcbr,Painting
hXfdC6VJ,Painting
hXfdC6VJ,Hiking
hxGhVYfN,Cooking
c2tIcNKi,Gardening
MuOT0OFc,Gardening
uFUEGnvW,Cooking
zRPcccwK,Reading
zN0gaJgB,Gardening
JFBeZ7Fh,Painting
yzHInb1H,Gardening
yzHInb1H,Cooking
yzHInb1H,Painting
xglfdxu5,Gardening
xglfdxu5,Reading
MBConVVf,Cycling
MBConVVf,Painting
MBConVVf,Cooking
A3k6Zq4p,Cooking
A3k6Zq4p,Hiking
A3k6Zq4p,Painting
fzcqVwAr,Cycling
vOTi3zKT,Gardening
wfPJ2Z5Y,Reading
wfPJ2Z5Y,Cooking
wfPJ2Z5Y,Painting
IpFZiLYY,Painting
kRlljvxI,Reading
kRlljvxI,Cooking
i6SZmphQ,Hiking
i6SZmphQ,Cooking
v0Jv51MV,Cooking
v0Jv51MV,Gardening
Gkajeymc,Gardening
Gkajeymc,Cooking
Gkajeymc,Painting
POnGgWjD,Gardening
POnGgWjD,Cycling
POnGgWjD,Cooking
M4X1J0VH,Hiking
WmENE9ZU,Cooking
WmENE9ZU,Reading
zFRL24uz,Gardening
zFRL24uz,Reading
gyHapidh,Hiking
gyHapidh,Cycling
gyHapidh,Cooking
LFZTM27e,Reading
LFZTM27e,Cycling
LFZTM27e,Painting
vWPoE4wp,Cycling
Yt7ILi5u,Hiking
Yt7ILi5u,Cooking
Yt7ILi5u,Painting
NIR137gX,Hiking
pczeGcuD,Hiking
pczeGcuD,Cycling
pczeGcuD,Cooking
Hzfy5Pks,Hiking
Hzfy5Pks,Painting
Bo9dQC5U,Cycling
Jma3j4vX,Painting
Jma3j4vX,Cycling
PkXDN96E,Gardening
PkXDN96E,Reading
FuOMS0Md,Cooking
FuOMS0Md,Hiking
FuOMS0Md,Painting
kohukKZk,Gardening
pQ0sVwof,Cooking
pQ0sVwof,Painting
pQ0sVwof,Cycling
HWwqHdYZ,Hiking
HWwqHdYZ,Reading
JTqAy9Zp,Hiking
JTqAy9Zp,Cooking
JTqAy9Zp,Painting
0wNwbZup,Gardening
0wNwbZup,Reading
0wNwbZup,Painting
Ec2ECbKT,Cooking
hWf2XV9R,Gardening
hWf2XV9R,Reading
aloXxAAb,Cycling
dtb2P94u,Hiking
dtb2P94u,Cooking
yrVy6oxs,Painting
47laDQhX,Cooking
47laDQhX,Gardening
sCTcVLNw,Gardening
ILSaZYzB,Reading
ILSaZYzB,Hiking
YNjzoLfX,Cycling
YNjzoLfX,Reading
olgObRX8,Reading
olgObRX8,Painting
Wx9dzUbs,Cooking
Wx9dzUbs,Painting
kl2BrPJw,Cooking
kl2BrPJw,Cycling
fujS1MMZ,Hiking
RQvyhG6G,Cooking
Dg1hekqj,Cycling
Dg1hekqj,Painting
Dg1hekqj,Reading
RF927BeP,Cooking
RF927BeP,Reading
RF927BeP,Hiking
meT32qJ5,Cycling
Qyt4tdvT,Hiking
ap3OX5z4,Reading
Cxm2hPCG,Cooking
Cxm2hPCG,Hiking
Dx7AaddW,Reading
OTt1WSR2,Cooking
OTt1WSR2,Gardening
OTt1WSR2,Reading
I70eArqQ,Cooking
I70eArqQ,Painting
sO9eh2D2,Gardening
sO9eh2D2,Hiking
sO9eh2D2,Reading
O6i4Gh7d,Hiking
A9sUXAFy,Reading
A9sUXAFy,Painting
A9sUXAFy,Cycling
nY6YgRMo,Painting
4AteUrpl,Cycling
4AteUrpl,Hiking
4AteUrpl,Painting
5gA1JtAW,Cooking
5gA1JtAW,Cycling
Orf2D9O5,Reading
Orf2D9O5,Hiking
NsA2pgQ6,Cooking
H0cDAZUC,Cooking
xgXG9rRu,Cooking
xgXG9rRu,Cycling
1rrsEoRx,Hiking
1rrsEoRx,Gardening
1rrsEoRx,Cycling
OOLpVDfA,Cycling
OOLpVDfA,Gardening
OOLpVDfA,Hiking
Vj6ZeYRX,Cycling
Vj6ZeYRX,Cooking
Vj6ZeYRX,Reading
tpaIDfUG,Cycling
tpaIDfUG,Hiking
tpaIDfUG,Gardening
MIRqbMkb,Gardening
MIRqbMkb,Cooking
MIRqbMkb,Hiking
Bjyd6TLN,Reading
ke6fL1cQ,Cooking
ke6fL1cQ,Painting
ke6fL1cQ,Hiking
b89UdFmV,Gardening
b89UdFmV,Cooking
b89UdFmV,Painting
jPh6uiIW,Painting
2m7lyEvZ,Painting
2m7lyEvZ,Hiking
2m7lyEvZ,Reading
Rn063hkC,Painting
Rn063hkC,Gardening
Rn063hkC,Cooking
h7frkOEi,Cycling
h7frkOEi,Reading
tER1lWPt,Gardening
tER1lWPt,Reading
CMMid1uJ,Reading
P0u74YaV,Cycling
P0u74YaV,Hiking
wQTHEXRn,Painting
wQTHEXRn,Reading
wQTHEXRn,Cooking
sWECvjGM,Painting
sWECvjGM,Cycling
sWECvjGM,Gardening
AQ4hjogO,Reading
AQ4hjogO,Hiking
NomgDl6P,Cooking
gnZhokcE,Hiking
pU21D6US,Painting
7mMh6gYT,Cooking
7mMh6gYT,Hiking
lxda9KBx,Cooking
fXBPJysw,Hiking
PYJUGtXi,Reading
nexVg2Yo,Hiking
nexVg2Yo,Painting
UBbzQENP,Gardening
UBbzQENP,Cycling
JObgHida,Gardening
JObgHida,Cooking
JObgHida,Hiking
9xiDXyZB,Painting
QhAqDj25,Hiking
dAuiObSn,Painting
dAuiObSn,Reading
Y6MhbBj3,Cycling
Y6MhbBj3,Hiking
Y6MhbBj3,Reading
TMDY8boR,Cycling
TMDY8boR,Gardening
TMDY8boR,Painting
Ra8gLX7z,Reading
Ra8gLX7z,Painting
RHeTq9ct,Cycling
RHeTq9ct,Painting
RHeTq9ct,Cooking
d7wf3wQu,Reading
d7wf3wQu,Hiking
E9aWdTOX,Cooking
LKp5bnpM,Hiking
LKp5bnpM,Cycling
WqAtp8a3,Cooking
WqAtp8a3,Cycling
WqAtp8a3,Painting
csz0pCGn,Gardening
csz0pCGn,Cycling
irAtAflc,Gardening
irAtAflc,Painting
irAtAflc,Cycling
Due9gPgY,Gardening
Due9gPgY,Cycling
g6BZ0WpN,Cooking
g6BZ0WpN,Hiking
g6BZ0WpN,Gardening
QDX18P2Y,Painting
QDX18P2Y,Reading
Zgc7oZRh,Reading
CDktxzps,Reading
CDktxzps,Gardening
xAw6F3lQ,Cooking
xAw6F3lQ,Gardening
fPoFV11X,Cycling
fPoFV11X,Hiking
fPoFV11X,Reading
1NqUQV5K,Reading
1NqUQV5K,Cycling
SWCS8f14,Cycling
sG59baOx,Hiking
01pz2XjU,Cycling
I0FINDpy,Cycling
I0FINDpy,Cooking
NXzpJ5Cc,Hiking
NXzpJ5Cc,Cooking
NXzpJ5Cc,Cycling
fhlwxpvO,Cycling
fhlwxpvO,Hiking
LhAJ00Gw,Hiking
LhAJ00Gw,Cooking
LhAJ00Gw,Painting
UBJbxOTn,Cooking
3KP8EP1W,Cooking
3KP8EP1W,Reading
3KP8EP1W,Gardening
DDZgcX0D,Cycling
DDZgcX0D,Gardening
DDZgcX0D,Reading
5iw7bfwr,Cooking
TROyZUzp,Hiking
TROyZUzp,Reading
TROyZUzp,Cooking
uqlR8bJv,Cooking
uqlR8bJv,Reading
naBDTiMR,Cycling
iyuFIdSK,Cycling
iyuFIdSK,Painting
q6j28Ybz,Gardening
q6j28Ybz,Painting
ALbNWA2q,Painting
prg9Iegl,Cooking
prg9Iegl,Painting
prg9Iegl,Hiking
QKbZDkLv,Cooking
QKbZDkLv,Painting
QKbZDkLv,Hiking
gLvMGDFm,Cooking
gLvMGDFm,Painting
gLvMGDFm,Cycling
i6DoZA1k,Gardening
MhRJs3ce,Cooking
MhRJs3ce,Reading
MhRJs3ce,Hiking
gjCLfAwv,Reading
gjCLfAwv,Gardening
w78QOpn6,Cooking
rlPSw1U9,Hiking
uTa8lBXQ,Hiking
uTa8lBXQ,Cooking
uTa8lBXQ,Gardening
eCmejc0v,Cooking
jBLr0NPR,Cycling
jBLr0NPR,Hiking
pCyICRKo,Cooking
pCyICRKo,Cycling
pCyICRKo,Gardening
FPJqKX17,Reading
BR1kxMXt,Reading
ZrUEeFir,Reading
ZrUEeFir,Cooking
Wpd5AB5s,Cycling
Wpd5AB5s,Painting
Wpd5AB5s,Hiking
2SFwBn2Y,Cooking
4BzbEolg,Gardening
4BzbEolg,Reading
590BCoKY,Gardening
eXI04jT3,Cycling
eXI04jT3,Cooking
aaeGu0K5,Gardening
d4tf6pHc,Painting
d4tf6pHc,Hiking
rDdI09cs,Reading
rDdI09cs,Cooking
rDdI09cs,Gardening
d3U5RJu7,Hiking
d3U5RJu7,Reading
31X8EEBd,Reading
u40ujDaq,Gardening
UWVupgGE,Cycling
UWVupgGE,Hiking
EXsIWxwI,Reading
6JP1vEIy,Gardening
6JP1vEIy,Cycling
Tx73qTfs,Cooking
Tx73qTfs,Reading
Tx73qTfs,Cycling
zVkF26Bs,Cooking
zVkF26Bs,Cycling
zVkF26Bs,Gardening
pzIFs25B,Reading
pzIFs25B,Gardening
pzIFs25B,Cycling
xHBaAeqA,Reading
xHBaAeqA,Painting
Jj5KOCzg,Hiking
cp1WtbEa,Hiking
cp1WtbEa,Cooking
cp1WtbEa,Cycling
Q1v7SHa3,Reading
4IlrwCgM,Cooking
4IlrwCgM,Gardening
5DcAifTX,Cycling
5DcAifTX,Painting
5DcAifTX,Gardening
kVs1qaNX,Reading
gj7UMHm7,Painting
C8WdGJkV,Hiking
vKqrC2yT,Reading
vKqrC2yT,Cooking
vKqrC2yT,Painting
oxuv2ghB,Cooking
xeRjJ28H,Painting
xeRjJ28H,Reading
xeRjJ28H,Gardening
Flidjurc,Cycling
m7OI4YHm,Cycling
m7OI4YHm,Reading
33U8NBus,Reading
33U8NBus,Hiking
r770UWob,Painting
aAnYZSaH,Hiking
aAnYZSaH,Cycling
03hupeXI,Painting
03hupeXI,Cooking
DVWawm1U,Hiking
hGqFwfrh,Hiking
hGqFwfrh,Gardening
hGqFwfrh,Cooking
uJ4nXjzM,Hiking
uJ4nXjzM,Reading
uJ4nXjzM,Gardening
c6Plmd8w,Gardening
c6Plmd8w,Cooking
c6Plmd8w,Cycling
mYBjZ0mm,Hiking
0Mit9enA,Reading
J1AmAQmO,Hiking
38QKXxAV,Cooking
wUK94xoO,Cycling
8HMJ2WoP,Reading
cmrYnYQG,Cycling
cmrYnYQG,Gardening
cmrYnYQG,Hiking
VgJajbTO,Cycling
VgJajbTO,Hiking
EqbtWHBx,Gardening
EqbtWHBx,Hiking
EqbtWHBx,Cycling
FzAzbm9l,Reading
dIG7m2cC,Cooking
G5iaFMXZ,Cycling
G5iaFMXZ,Gardening
G5iaFMXZ,Painting
HJax2yXQ,Reading
HJax2yXQ,Cycling
HJax2yXQ,Gardening
G2jKt1wH,Painting
rPLCLahI,Hiking
rPLCLahI,Cooking
rPLCLahI,Gardening
GCJ6Xq6p,Cycling
GCJ6Xq6p,Gardening
GCJ6Xq6p,Hiking
p3txQ4Nx,Cooking
p3txQ4Nx,Cycling
lnPFbRUz,Cycling
lnPFbRUz,Painting
lnPFbRUz,Reading
d5LJNsNG,Painting
d5LJNsNG,Reading
d5LJNsNG,Hiking
SaRBk8WR,Reading
0BhT2Gb9,Cooking
eWtHNoTm,Reading
eWtHNoTm,Cooking
eWtHNoTm,Painting
eY8hDu8q,Hiking
eY8hDu8q,Gardening
eY8hDu8q,Cooking
KrSpZEHB,Cooking
KrSpZEHB,Reading
KrSpZEHB,Painting
ScOMziGZ,Cooking
ScOMziGZ,Hiking
5Br4pahB,Painting
5Br4pahB,Cycling
5Br4pahB,Cooking
s8iLRFtA,Hiking
s8iLRFtA,Painting
s8iLRFtA,Cooking
Ntv0juWy,Painting
klL9k8AM,Cooking
klL9k8AM,Gardening
klL9k8AM,Cycling
cPg9qokS,Cooking
cPg9qokS,Cycling
cPg9qokS,Reading
5IPG9MXZ,Cycling
PLyjOpOT,Gardening
PLyjOpOT,Cooking
PLyjOpOT,Reading
lzAfoyEN,Painting
d4mOesVj,Gardening
jowObTjA,Hiking
jowObTjA,Cycling
11NcXeLc,Cooking
11NcXeLc,Hiking
4fcgyZKu,Painting
4fcgyZKu,Cycling
4fcgyZKu,Gardening
vtScf210,Cycling
iTEsVQXa,Painting
iTEsVQXa,Reading
ehEn4ajc,Cooking
ehEn4ajc,Hiking
8r3Pqfzj,Painting
8r3Pqfzj,Reading
xJvS87HE,Hiking
xJvS87HE,Reading
xJvS87HE,Cycling
wNI5ITdS,Hiking
wNI5ITdS,Cycling
wNI5ITdS,Gardening
d1y6TbOM,Painting
d1y6TbOM,Reading
9LERsWoW,Gardening
9LERsWoW,Painting
8KtQG64Q,Reading
8KtQG64Q,Cooking
T2d936iN,Reading
VS4DWWXn,Cooking
VS4DWWXn,Reading
KBs9MkJe,Painting
NihhwvL8,Hiking
NihhwvL8,Cooking
d5VrKaND,Painting
x7O9nmqd,Painting
x7O9nmqd,Cooking
x7O9nmqd,Cycling
1QFb0n6o,Hiking
1QFb0n6o,Painting
1QFb0n6o,Gardening
uOo5HW41,Cycling
uOo5HW41,Gardening
uOo5HW41,Reading
MUmQZjkN,Cycling
MUmQZjkN,Gardening
MUmQZjkN,Cooking
Xltj8Ftq,Painting
Xltj8Ftq,Cooking
Xltj8Ftq,Hiking
EIKVNCEw,Cooking
EIKVNCEw,Hiking
bbxObyiP,Cooking
lz5S22mA,Reading
lz5S22mA,Painting
lz5S22mA,Gardening
CaVLdTcF,Cycling
CaVLdTcF,Gardening
9UNB5EPk,Cycling
9UNB5EPk,Cooking
8lKAZyXY,Gardening
8lKAZyXY,Painting
8lKAZyXY,Cycling
srgQKP84,Hiking
srgQKP84,Gardening
srgQKP84,Reading
CSJGyjLg,Hiking
XvtStDr0,Hiking
HTEgNTlm,Cycling
HTEgNTlm,Hiking
8B6oXnsE,Reading
8B6oXnsE,Hiking
32MAfCwd,Cooking
32MAfCwd,Hiking
32MAfCwd,Cycling
gbbcEAPV,Painting
wYG41CVv,Hiking
N6o3dOAf,Reading
N6o3dOAf,Gardening
N6o3dOAf,Cooking
RunE39mT,Hiking
RunE39mT,Reading
RunE39mT,Cycling
CJZk27r0,Cooking
CJZk27r0,Reading
CJZk27r0,Cycling
vPVmE1bu,Cooking
vPVmE1bu,Gardening
vPVmE1bu,Cycling
KIOtQ8VO,Cooking
KIOtQ8VO,Gardening
kqmr76Si,Hiking
kqmr76Si,Cycling
kqmr76Si,Gardening
xafuSo9V,Reading
alOvxsw0,Gardening
alOvxsw0,Painting
0ZyU2SKD,Cooking
8fdaGMXX,Cycling
8fdaGMXX,Cooking
jpLs2Vlt,Cycling
EbzgxZnZ,Hiking
EbzgxZnZ,Cooking
EbzgxZnZ,Gardening
CZXtW2kK,Cycling
CZXtW2kK,Reading
CZXtW2kK,Painting
6Re3zJdJ,Cycling
6Re3zJdJ,Gardening
Og1D1dyy,Gardening
J1DLPgJr,Hiking
jL5nFUHt,Cycling
jL5nFUHt,Gardening
9THAk95l,Reading
u9aYmV6x,Cooking
u9aYmV6x,Gardening
u9aYmV6x,Painting
1TfZxVGe,Reading
1TfZxVGe,Gardening
bjH6Uz6N,Reading
rqVQHuLn,Painting
rqVQHuLn,Reading
rqVQHuLn,Hiking
pjI29R8M,Gardening
pjI29R8M,Cooking
pjI29R8M,Cycling
QA0KbF97,Cooking
QA0KbF97,Gardening
QA0KbF97,Reading
dA5e7s1A,Gardening
8z1d8vG8,Reading
8z1d8vG8,Painting
IrQpOEQ8,Painting
IrQpOEQ8,Hiking
IrQpOEQ8,Cooking
zn5Z8BUR,Reading
DGJ0kFoO,Painting
DGJ0kFoO,Cooking
wwmrHloN,Painting
8nH38Xp4,Reading
8nH38Xp4,Cycling
mwFnEhtk,Cycling
mwFnEhtk,Cooking
tQSjoRfm,Reading
tQSjoRfm,Hiking
tQSjoRfm,Cooking
vUX2uBIE,Gardening
vUX2uBIE,Reading
vUX2uBIE,Cooking
2xaR1uuG,Reading
2xaR1uuG,Cycling
2xaR1uuG,Cooking
9sGMsDQj,Painting
xwvBllTC,Cooking
xwvBllTC,Cycling
xwvBllTC,Gardening
GwHZiimR,Reading
GwHZiimR,Cooking
GwHZiimR,Hiking
fzC0dw0N,Reading
fzC0dw0N,Gardening
BbWZVZ26,Cooking
BbWZVZ26,Painting
BbWZVZ26,Reading
f99KDG1Q,Painting
f99KDG1Q,Reading
f99KDG1Q,Gardening
0pl5I9XR,Cooking
0pl5I9XR,Painting
OW91yZCU,Gardening
0VEVqrhM,Cooking
5jka7OWV,Hiking
ZPXiJThG,Gardening
ZPXiJThG,Reading
Lqe6OGGj,Cycling
xEXUpONw,Cycling
LOOzkMQx,Cooking
7IFV6VGf,Reading
3CrU4myp,Cycling
8FFuIFqV,Gardening
90nI7WeK,Cycling
90nI7WeK,Gardening
QFXo3RcK,Reading
QFXo3RcK,Cycling
QFXo3RcK,Cooking
D8uVFWkI,Reading
D8uVFWkI,Hiking
D8uVFWkI,Cycling
I7eGUrkf,Painting
73gjxMBy,Cycling
LkzbqxiC,Gardening
LkzbqxiC,Reading
LkzbqxiC,Cooking
jHbnBbbJ,Painting
jHbnBbbJ,Cooking
jHbnBbbJ,Gardening
33fKa1Uy,Cycling
NrdS7aT3,Painting
NrdS7aT3,Cycling
Q3vomb7S,Painting
Q3vomb7S,Cycling
c3PY6gnh,Cycling
c3PY6gnh,Gardening
KBd1K6Xs,Cooking
KBd1K6Xs,Painting
KBd1K6Xs,Cycling
InxOG7Dm,Reading
InxOG7Dm,Cycling
LK2baXsy,Hiking
LK2baXsy,Cooking
LK2baXsy,Painting
QEcSAohy,Hiking
aZbJV4w0,Hiking
FPSs1rkg,Painting
FPSs1rkg,Hiking
FPSs1rkg,Gardening
gOLikf8g,Reading
gOLikf8g,Painting
Cv4U5y4D,Hiking
Cv4U5y4D,Cycling
Cv4U5y4D,Reading
MrmLAA21,Gardening
MrmLAA21,Painting
IVE7a3p8,Hiking
IVE7a3p8,Painting
IVE7a3p8,Gardening
Ufsi71DQ,Painting
IdiMbAKs,Hiking
IdiMbAKs,Cooking
IdiMbAKs,Painting
mt4pYQKm,Cooking
mt4pYQKm,Gardening
NcWbGjuN,Cycling
hSPBjmas,Reading
5Eqby8Bc,Hiking
VqkhlmUL,Gardening
VqkhlmUL,Painting
AOv7id0x,Hiking
AOv7id0x,Gardening
AOv7id0x,Reading
ucqvUe12,Cooking
sXZJJw22,Reading
sXZJJw22,Hiking
sXZJJw22,Cooking
JkAaGMVg,Reading
JkAaGMVg,Hiking
oPjQip6P,Cycling
oPjQip6P,Gardening
oPjQip6P,Cooking
0cvGmL9c,Cooking
0cvGmL9c,Cycling
1m8E3THY,Gardening
1m8E3THY,Painting
o3rgADXK,Gardening
R2KOTu02,Gardening
JcvE8VvR,Cooking
JcvE8VvR,Reading
bB693pCA,Painting
bB693pCA,Gardening
bB693pCA,Cycling
mNpV5tXz,Hiking
At4MIlzk,Cooking
At4MIlzk,Gardening
dol3yOo6,Reading
dol3yOo6,Gardening
dol3yOo6,Cycling
WBYHNUcv,Reading
SfgXjq1A,Cycling
opPCHe8G,Gardening
qrl1DhBI,Gardening
qrl1DhBI,Painting
qrl1DhBI,Reading
CDXovhZu,Cooking
CDXovhZu,Reading
FukyDTa1,Cycling
FukyDTa1,Gardening
FukyDTa1,Hiking
GLnmhHwF,Cycling
9gxAG83X,Hiking
9gxAG83X,Cycling
9gxAG83X,Painting
qeQc6iry,Gardening
qeQc6iry,Painting
qeQc6iry,Reading
SIWACqx5,Reading
SIWACqx5,Hiking
SIWACqx5,Gardening
fBijTG9s,Painting
fBijTG9s,Cooking
fBijTG9s,Hiking
aoWNWoJO,Painting
yEplDI8I,Cycling
yEplDI8I,Reading
f25DiRNY,Cycling
f25DiRNY,Painting
f25DiRNY,Gardening
WgevmJwF,Hiking
p5fyddoF,Gardening
p5fyddoF,Hiking
p5fyddoF,Cooking
eTVCaFt9,Cycling
eTVCaFt9,Gardening
eTVCaFt9,Painting
DzQpFaRp,Hiking
DzQpFaRp,Gardening
fDeGPBNL,Reading
fDeGPBNL,Painting
fDeGPBNL,Cycling
XWOGqJpt,Painting
XWOGqJpt,Gardening
XWOGqJpt,Hiking
ZAGj6Wck,Hiking
ZAGj6Wck,Cooking
sFgQvXPW,Gardening
sFgQvXPW,Hiking
sFgQvXPW,Cycling
UodREbQr,Cycling
UodREbQr,Cooking
E9r80I9p,Gardening
E9r80I9p,Cooking
BFynBOIR,Painting
DnXXCzR8,Cycling
l2QNRzJK,Hiking
l2QNRzJK,Reading
zRPDZxW4,Reading
rqulZyNj,Reading
9Yku7I44,Cycling
VS7BzVKa,Painting
VS7BzVKa,Cycling
VS7BzVKa,Hiking
LY6FxthG,Cooking
WgZC810U,Cycling
WgZC810U,Painting
WgZC810U,Hiking
mXQoMcPX,Reading
mXQoMcPX,Gardening
mXQoMcPX,Painting
UWy2utnS,Cycling
UWy2utnS,Gardening
VZhJabAx,Gardening
VZhJabAx,Painting
VZhJabAx,Hiking
h2X1Omex,Cooking
bQsRxCKF,Gardening
bQsRxCKF,Painting
bQsRxCKF,Reading
soQ2xMBC,Painting
soQ2xMBC,Gardening
0wybIq9z,Cycling
yTHW6YhC,Reading
tIrrbzns,Painting
tIrrbzns,Gardening
tIrrbzns,Cycling
BuiUhIoB,Cooking
BuiUhIoB,Cycling
dkO3mbOs,Hiking
n6Qfm9Su,Cooking
n6Qfm9Su,Gardening
BLbclyW0,Reading
IipxnzBG,Gardening
IipxnzBG,Painting
mROw7dgy,Painting
C79LXONU,Gardening
C79LXONU,Hiking
Si1xneAt,Gardening
Si1xneAt,Hiking
Si1xneAt,Reading
WKhiZsqb,Reading
WKhiZsqb,Gardening
G0LKLaVG,Reading
G0LKLaVG,Cooking
G0LKLaVG,Hiking
o49sHoKU,Cooking
o49sHoKU,Hiking
3rdrsCld,Painting
3rdrsCld,Cycling
3rdrsCld,Gardening
ZkD4C82p,Reading
ZkD4C82p,Cycling
hpXoH86b,Gardening
hpXoH86b,Hiking
tGLQPbOx,Gardening
EC3DblOM,Painting
EC3DblOM,Cooking
9QsPypVD,Hiking
9QsPypVD,Reading
3XVyXham,Reading
UzsYFsLy,Gardening
UzsYFsLy,Cycling
wZJCWns7,Painting
XY7OriOx,Painting
XY7OriOx,Hiking
XY7OriOx,Cycling
dHbekGpp,Painting
dHbekGpp,Cycling
dHbekGpp,Cooking
FH4WKZw1,Hiking
FH4WKZw1,Reading
htCFqXCG,Painting
htCFqXCG,Hiking
htCFqXCG,Reading
8fYDYT0U,Gardening
8fYDYT0U,Cycling
8fYDYT0U,Hiking
moou6M4b,Gardening
IptyxzZP,Cycling
kJZSwTra,Hiking
kJZSwTra,Cycling
kJZSwTra,Cooking
etN693PN,Reading
etN693PN,Cycling
etN693PN,Painting
dYXnVr8C,Reading
NZvSYh9P,Gardening
F8CueTpc,Hiking
F8CueTpc,Painting
F8CueTpc,Reading
PMFTbRH8,Gardening
PMFTbRH8,Cooking
Pdv5Vzvi,Reading
ybMAf6SV,Gardening
Pd9WTnJ5,Cycling
Pd9WTnJ5,Painting
cDEa0QK0,Gardening
cDEa0QK0,Hiking
cDEa0QK0,Cycling
jFLxXTBQ,Cooking
jFLxXTBQ,Cycling
jFLxXTBQ,Painting
eHFVHGl2,Gardening
eHFVHGl2,Painting
eHFVHGl2,Cooking
6a0vl1FL,Reading
6a0vl1FL,Gardening
Ga0IIYNK,Cycling
Ga0IIYNK,Hiking
VGzXQbBs,Painting
VGzXQbBs,Cycling
1jtUNamj,Cooking
1jtUNamj,Painting
3428mbyq,Gardening
HDEMcsXZ,Painting
HDEMcsXZ,Cycling
PhlUUElQ,Reading
PhlUUElQ,Painting
PhlUUElQ,Cooking
OTMN53fN,Cycling
8zAD9EJv,Cooking
8zAD9EJv,Gardening
VlOexNGl,Reading
VlOexNGl,Painting
VlOexNGl,Cooking
u95d7sYx,Hiking
u95d7sYx,Gardening
oyii9xT9,Painting
DccyA7o4,Gardening
G2kpHcCX,Cycling
G2kpHcCX,Cooking
G2kpHcCX,Painting
bODYZSTO,Reading
TNU5V58Z,Cycling
TNU5V58Z,Hiking
TNU5V58Z,Cooking
bKMMZnZD,Painting
bKMMZnZD,Cycling
rSykVHr0,Cycling
m2bLHbCc,Cooking
byVvqvYW,Hiking
byVvqvYW,Painting
AsS6nifD,Painting
YYNd0vkD,Painting
787Q1H4W,Reading
d8QW5hgB,Cycling
RGaGf9OC,Gardening
zAowfjzm,Cooking
zAowfjzm,Hiking
IuNslkC5,Cycling
IuNslkC5,Cooking
IuNslkC5,Hiking
HZNEDUQJ,Hiking
ZgPbMS7Q,Hiking
Tidt4jSz,Cooking
Tidt4jSz,Painting
Tidt4jSz,Hiking
Rw7LRQMo,Painting
Rw7LRQMo,Cycling
XFsy59YQ,Cycling
XFsy59YQ,Gardening
4WAHVfST,Painting
yPXl8Jd6,Cycling
yPXl8Jd6,Cooking
yPXl8Jd6,Hiking
Q5EM47pE,Gardening
oMrsLmyo,Hiking
oMrsLmyo,Cycling
sDL6k0gP,Cycling
sDL6k0gP,Painting
IKIvGjiD,Cycling
IKIvGjiD,Hiking
mg5ufP6I,Cycling
mg5ufP6I,Reading
mg5ufP6I,Hiking
C8naXM8U,Cooking
C8naXM8U,Cycling
q9AS0iyL,Cooking
q9AS0iyL,Gardening
q9AS0iyL,Hiking
FuVzlDeg,Reading
abXBQR7E,Hiking
abXBQR7E,Cycling
AHGhHplB,Gardening
EVmLHN2h,Gardening
2YtERvzY,Reading
2YtERvzY,Cycling
2YtERvzY,Painting
gNJgOsW1,Cooking
tpI3agCe,Reading
tpI3agCe,Hiking
tpI3agCe,Painting
28R4xFuZ,Reading
28R4xFuZ,Hiking
28R4xFuZ,Gardening
LZfBqJ6a,Painting
LZfBqJ6a,Gardening
GObX2HTk,Cycling
N1qgMyIs,Hiking
N1qgMyIs,Cycling
N1qgMyIs,Gardening
jJCphztC,Painting
jJCphztC,Gardening
iakIxA9c,Gardening
aaJb11VF,Hiking
TNWOMdUl,Gardening
TNWOMdUl,Painting
TNWOMdUl,Cooking
2KxOkwe0,Cooking
R89daW3C,Hiking
R89daW3C,Gardening
nH0sk2mK,Gardening
3YEOMvfL,Cycling
3YEOMvfL,Hiking
3YEOMvfL,Reading
3OqOOYgA,Reading
Pbt4EmRj,Cycling
zqKPdWPZ,Cycling
zqKPdWPZ,Reading
zqKPdWPZ,Gardening
LdDuOOlK,Reading
LdDuOOlK,Painting
4MTfuqHY,Reading
4MTfuqHY,Painting
DKcc1AIW,Cooking
IPwXe4rn,Reading
IPwXe4rn,Cooking
VPttj4hv,Cooking
VPttj4hv,Painting
YRxNFRHA,Cycling
4hQyO4tq,Cycling
4hQyO4tq,Reading
AMw7Q3ZH,Painting
AMw7Q3ZH,Reading
AMw7Q3ZH,Gardening
ECp3dQnB,Painting
ECp3dQnB,Reading
PL6fWdSZ,Reading
PL6fWdSZ,Gardening
PL6fWdSZ,Cooking
pNtVeaqW,Painting
pNtVeaqW,Cooking
pNtVeaqW,Reading
cjmt1Dvp,Reading
cjmt1Dvp,Gardening
cjmt1Dvp,Painting
9Z9WU50x,Cooking
9Z9WU50x,Gardening
7wwiFI62,Reading
t8Dndkvz,Hiking
q0oBFiqM,Gardening
FraYQtcP,Painting
FraYQtcP,Reading
FraYQtcP,Hiking
KOmN1wMu,Gardening
KOmN1wMu,Cooking
rlGgl2Or,Cooking
rlGgl2Or,Reading
MM03Sfag,Painting
MM03Sfag,Gardening
81GLB9nz,Gardening
VD9mNWy6,Cycling
VD9mNWy6,Cooking
HnFfNf5P,Hiking
HnFfNf5P,Painting
ztS4BIcW,Cooking
1me9bt0s,Cooking
1me9bt0s,Reading
iMXUsuwV,Gardening
iMXUsuwV,Cycling
cGBnWRoK,Cycling
wG7lvZeg,Gardening
wG7lvZeg,Painting
xlRqmgWL,Gardening
xlRqmgWL,Cycling
xlRqmgWL,Reading
cGe7aNEo,Cycling
cGe7aNEo,Painting
smrzl92x,Gardening
7pwrSNKH,Cooking
7pwrSNKH,Reading
7pwrSNKH,Gardening
6ckjwSfQ,Painting
7ov2DOP5,Reading
7ov2DOP5,Cycling
7ov2DOP5,Gardening
wqUOHkd2,Reading
iSprD2p3,Cooking
iSprD2p3,Cycling
iSprD2p3,Hiking
55X3czeh,Reading
55X3czeh,Painting
nbqO4iwN,Painting
mdEUzX8P,Cooking
nwwowIGj,Gardening
nwwowIGj,Hiking
qnIBGyIc,Painting
qnIBGyIc,Gardening
vwSm1mGC,Painting
88zyJrsC,Painting
88zyJrsC,Cooking
88zyJrsC,Hiking
4bCtuQyW,Hiking
FVNUOu51,Hiking
FVNUOu51,Cycling
dodgcAIZ,Hiking
g0xpKVXf,Cooking
sSZ8jyii,Hiking
sSZ8jyii,Painting
jz18haVN,Cooking
jz18haVN,Reading
5sjTjrbo,Hiking
5sjTjrbo,Cooking
5sjTjrbo,Gardening
PqodKEf5,Cycling
PqodKEf5,Gardening
PqodKEf5,Reading
uVL8h69l,Cycling
uVL8h69l,Reading
rTGzExdV,Hiking
rTGzExdV,Cycling
rTGzExdV,Painting
U3KCJwx4,Cooking
U3KCJwx4,Reading
U3KCJwx4,Cycling
alNcdp5x,Gardening
alNcdp5x,Reading
h64SuDSA,Gardening
E5WAKsYP,Hiking
E5WAKsYP,Cooking
E5WAKsYP,Reading
JR1mTls6,Cycling
jrkjljGn,Painting
jrkjljGn,Cycling
GWm6uSnL,Cooking
biQV1s90,Gardening
2Q9skujK,Reading
2Q9skujK,Cycling
jYyPGZJJ,Gardening
jYyPGZJJ,Reading
jYyPGZJJ,Painting
o2Nczj7Q,Cycling
o2Nczj7Q,Gardening
o2Nczj7Q,Reading
45bpcNqI,Cycling
45bpcNqI,Cooking
wvF9v4il,Reading
RlaaA3IL,Painting
RlaaA3IL,Gardening
sZyCCNvU,Cycling
gHT7xwIV,Cycling
JPi01OUu,Gardening
iQXNR3gg,Reading
iQXNR3gg,Painting
OB3FW5Z6,Cooking
OB3FW5Z6,Gardening
OB3FW5Z6,Reading
TJscmYkr,Gardening
TJscmYkr,Reading
TJscmYkr,Hiking
VV8jAqTn,Reading
VV8jAqTn,Painting
8Nsn1R40,Painting
8Nsn1R40,Gardening
9mej0qXc,Cycling
9mej0qXc,Cooking
eP6HOb4T,Painting
eP6HOb4T,Hiking
eP6HOb4T,Cooking
o8e9kwTV,Cycling
o8e9kwTV,Painting
o8e9kwTV,Cooking
kz6oCObG,Gardening
kz6oCObG,Cooking
kz6oCObG,Reading
TTTgs0rV,Hiking
TTTgs0rV,Reading
brKZOWdk,Cooking
brKZOWdk,Painting
le0sJ9rL,Cycling
le0sJ9rL,Gardening
b7r3feCP,Hiking
FIczVBYO,Gardening
FIczVBYO,Cycling
FIczVBYO,Cooking
iCdjvoyg,Hiking
iCdjvoyg,Painting
iCdjvoyg,Reading
uh4A1Dfm,Painting
uh4A1Dfm,Hiking
uh4A1Dfm,Cooking
wlgyOAuN,Reading
wlgyOAuN,Gardening
72ltn0cm,Cycling
3laiTH9t,Hiking
Kt6Yzga5,Gardening
Kt6Yzga5,Hiking
Kt6Yzga5,Cycling
1seS1pjw,Hiking
1seS1pjw,Cooking
1seS1pjw,Gardening
Nsuczqkp,Hiking
Nsuczqkp,Cycling
Nsuczqkp,Reading
6AKyBrdf,Reading
6AKyBrdf,Gardening
6AKyBrdf,Hiking
u7kNi2jq,Gardening
u7kNi2jq,Reading
bADMoxCe,Gardening
bADMoxCe,Reading
bADMoxCe,Hiking
EF3pdLnw,Hiking
EF3pdLnw,Cycling
S1nUgwJd,Reading
S1nUgwJd,Cooking
S1nUgwJd,Hiking
lpAfSNbB,Gardening
lpAfSNbB,Painting
8jYuhiN2,Reading
8jYuhiN2,Painting
dQ4zKW80,Reading
D3nzWz3m,Cooking
D3nzWz3m,Gardening
YK8cyz9A,Reading
YK8cyz9A,Gardening
YK8cyz9A,Painting
XvbOOv5Q,Hiking
XvbOOv5Q,Gardening
dnzMwQKF,Hiking
dnzMwQKF,Gardening
c8735teJ,Painting
c8735teJ,Reading
c8735teJ,Cooking
N7LcyKVF,Reading
N7LcyKVF,Gardening
ZfBI7fhD,Cooking
Bx89WrZv,Reading
Bx89WrZv,Cycling
Bx89WrZv,Gardening
1TgYv613,Cycling
1TgYv613,Cooking
MdHZy46d,Gardening
AsA02Dwm,Gardening
AsA02Dwm,Painting
AsA02Dwm,Cooking
5EGkCcZb,Reading
EfaaNXaj,Painting
EfaaNXaj,Cycling
o4YzLMJv,Hiking
o4YzLMJv,Cycling
RHXhyfb2,Gardening
RHXhyfb2,Reading
qqLrWrP3,Gardening
ye7iQ9Q2,Cooking
ye7iQ9Q2,Painting
UlO0zSK3,Reading
UlO0zSK3,Cycling
UlO0zSK3,Gardening
nlK8v27G,Cycling
kHIzWspT,Gardening
kHIzWspT,Painting
0PV4xNc8,Cooking
0PV4xNc8,Cycling
E6v0sSOt,Hiking
E6v0sSOt,Cycling
E6v0sSOt,Cooking
W3jUAzaG,Gardening
W3jUAzaG,Reading
Lcb6At2B,Cooking
Lcb6At2B,Reading
QRiwAIUn,Reading
YpNcOSMb,Painting
YpNcOSMb,Gardening
oJyG4Ux6,Reading
yUG9sG9i,Hiking
yUG9sG9i,Cycling
yUG9sG9i,Gardening
6bb3Xgcs,Hiking
GEAbwFVX,Cooking
GEAbwFVX,Cycling
E4t2bXtG,Hiking
E4t2bXtG,Cycling
iYKZdSdF,Reading
B1uct8tX,Reading
0NYSOyCn,Cycling
0NYSOyCn,Hiking
yq8DfwZZ,Hiking
yq8DfwZZ,Gardening
yq8DfwZZ,Painting
Tjtzdr2X,Cycling
Q7qpsvBk,Painting
KuPW4P5O,Reading
AhGM7DDu,Reading
AhGM7DDu,Cycling
AhGM7DDu,Painting
an6Dhv2C,Cycling
an6Dhv2C,Gardening
AvJ4xwlw,Gardening
AvJ4xwlw,Hiking
AvJ4xwlw,Reading
pPqosNF9,Painting
JLwwoOMk,Reading
JLwwoOMk,Cycling
JLwwoOMk,Painting
2RL8R7eI,Cooking
2RL8R7eI,Painting
OxQLZd1F,Cooking
OxQLZd1F,Reading
OxQLZd1F,Painting
uS1Gd2VG,Hiking
uS1Gd2VG,Reading
uS1Gd2VG,Cycling
SIt2krj3,Reading
SIt2krj3,Cooking
SIt2krj3,Cycling
MSIMHBm3,Gardening
ExDfUSms,Cycling
ExDfUSms,Reading
hkUOMHSN,Gardening
A2y6eitJ,Cycling
A2y6eitJ,Gardening
A2y6eitJ,Hiking
Qg0fqPwL,Cooking
Qg0fqPwL,Cycling
uHQltjF8,Reading
uHQltjF8,Hiking
uHQltjF8,Cycling
bMseWovh,Cycling
rZYfe2Gl,Hiking
Xy1tIl3k,Cooking
tanwp4U7,Gardening
tanwp4U7,Reading
Yfguszu1,Reading
eJPwJ0Bc,Hiking
eJPwJ0Bc,Cooking
eJPwJ0Bc,Gardening
fXaAOhIl,Painting
eq5uwX1W,Cooking
eq5uwX1W,Gardening
eq5uwX1W,Reading
2MFX8BAA,Hiking
0sPS3FhP,Cycling
5mizBlib,Hiking
5mizBlib,Cooking
5mizBlib,Reading
eMkB7NXv,Hiking
eMkB7NXv,Painting
APHkJTFi,Cycling
APHkJTFi,Gardening
APHkJTFi,Hiking
hibFSMlU,Painting
hibFSMlU,Cooking
hibFSMlU,Gardening
wvs9eIUS,Cycling
wvs9eIUS,Reading
wvs9eIUS,Hiking
8F6cT1a8,Hiking
QR1GeRmY,Reading
QR1GeRmY,Painting
QR1GeRmY,Cycling
g4vJMTOi,Cooking
OLexeNtR,Painting
h4Z8sNWb,Cooking
h4Z8sNWb,Painting
Jb2eZaUv,Painting
8P9zMsLw,Painting
8P9zMsLw,Reading
6xuX9Xwl,Reading
V7U5P9H1,Hiking
V7U5P9H1,Cycling
V7U5P9H1,Cooking
OQ8bX9Eq,Cooking
g4JwJMoN,Cycling
g4JwJMoN,Reading
g4JwJMoN,Gardening
JRYyBb19,Cooking
q9Lia9FO,Cycling
q9Lia9FO,Cooking
wIIJQGmd,Gardening
wIIJQGmd,Reading
pCIXpbKQ,Cycling
pCIXpbKQ,Reading
pCIXpbKQ,Cooking
hqtUIp0x,Hiking
EccrYsOS,Cooking
EccrYsOS,Painting
EccrYsOS,Hiking
VTQPFg2K,Gardening
VTQPFg2K,Hiking
VTQPFg2K,Painting
qgj7VW8H,Hiking
d4dliuKg,Cooking
d4dliuKg,Painting
d4dliuKg,Reading
W9IG40de,Painting
EPNtmP1J,Gardening
EPNtmP1J,Painting
NBoj7EfR,Painting
EC7hd6K4,Cycling
EC7hd6K4,Painting
EC7hd6K4,Hiking
4T4JUUfv,Cycling
ftw8wMpM,Cycling
ftw8wMpM,Hiking
ftw8wMpM,Cooking
ifmIiWDN,Reading
ifmIiWDN,Cycling
ifmIiWDN,Gardening
kHPbje59,Painting
kHPbje59,Reading
xWOpqcM0,Reading
xWOpqcM0,Cycling
xWOpqcM0,Cooking
on2reahn,Cycling
on2reahn,Painting
rstfpNF2,Gardening
b0u4iiDD,Hiking
b0u4iiDD,Reading
TGBlyKOs,Hiking
dv0QWMxk,Hiking
dv0QWMxk,Cooking
Bynzbchg,Cycling
1Ec6wlce,Cycling
1Ec6wlce,Cooking
1Ec6wlce,Hiking
2WDYarhR,Hiking
2WDYarhR,Cycling
2WDYarhR,Gardening
nz8e9TMP,Gardening
nz8e9TMP,Reading
nz8e9TMP,Cooking
tt2KchLG,Cooking
tt2KchLG,Cycling
tt2KchLG,Painting
SuegwHCo,Hiking
SuegwHCo,Cooking
dmhO6Fay,Gardening
iyl0vFSr,Cycling
iyl0vFSr,Painting
xKmerOE1,Cooking
xKmerOE1,Reading
xKmerOE1,Gardening
GbOCe3YE,Cooking
qtdjEqFp,Painting
r6BZzAdt,Cooking
r6BZzAdt,Painting
UWThHeek,Gardening
sRCo9NNN,Cooking
sRCo9NNN,Reading
LSDBdtNu,Gardening
LSDBdtNu,Painting
n9emWqjk,Painting
n9emWqjk,Hiking
n9emWqjk,Cooking
wvOMuZEr,Gardening
BjUWbhra,Cycling
hS84Gqvn,Hiking
p4e4bc3k,Gardening
p4e4bc3k,Hiking
p4e4bc3k,Cooking
HxzcdWi6,Cooking
HxzcdWi6,Painting
fwRZtLDX,Cycling
fwRZtLDX,Gardening
fwRZtLDX,Painting
3lEcreQ5,Cooking
3lEcreQ5,Gardening
CkIp5LuF,Cooking
CkIp5LuF,Cycling
2NPG74VF,Painting
2NPG74VF,Reading
hdmOk5jm,Cycling
hdmOk5jm,Hiking
hdmOk5jm,Cooking
n5knEcrG,Hiking
n5knEcrG,Cooking
n5knEcrG,Painting
rg5kgSwN,Cooking
rg5kgSwN,Reading
rg5kgSwN,Hiking
iKmKDi3s,Hiking
71PO9qfU,Cooking
71PO9qfU,Cycling
UqE1kOC2,Cycling
UqE1kOC2,Reading
umzZk6Y8,Cooking
umzZk6Y8,Cycling
rPV8YaH3,Cycling
rPV8YaH3,Hiking
rPV8YaH3,Reading
wfKbzUTk,Hiking
wfKbzUTk,Reading
lzLVeEul,Cycling
lzLVeEul,Gardening
lzLVeEul,Reading
LkCXKzsi,Cycling
LkCXKzsi,Painting
LkCXKzsi,Cooking
j2L5ppIu,Gardening
j2L5ppIu,Cycling
j2L5ppIu,Cooking
4wGY82Ba,Hiking
4wGY82Ba,Painting
Kn9rFTXD,Gardening
Kn9rFTXD,Cooking
Kn9rFTXD,Hiking
n0gZJ0zz,Gardening
n0gZJ0zz,Cooking
Nb6Dwudd,Hiking
YEwMQOaD,Gardening
YEwMQOaD,Hiking
YEwMQOaD,Reading
ajc3Cfig,Gardening
ajc3Cfig,Cycling
ajc3Cfig,Cooking
XrZEJJNQ,Painting
9RM2ujZT,Gardening
9RM2ujZT,Reading
UbDXFWMv,Cooking
FNP5PbXY,Hiking
FNP5PbXY,Painting
bHSqMoSB,Hiking
bHSqMoSB,Reading
otWy1l2J,Reading
otWy1l2J,Cooking
4pfRyY9W,Gardening
KAS66Zuj,Reading
Jys7eQFn,Reading
Jys7eQFn,Painting
3OClJKfq,Cycling
y51W6AR1,Hiking
dlmrsRXv,Gardening
dlmrsRXv,Cycling
0lFP2Qbo,Hiking
0lFP2Qbo,Reading
Bgubk5HT,Gardening
Bgubk5HT,Reading
Bgubk5HT,Painting
uFmkgsm7,Cycling
fnOT9R9e,Gardening
fnOT9R9e,Painting
VqMR21n6,Painting
VqMR21n6,Cooking
VqMR21n6,Hiking
N6ksEzJi,Gardening
N6ksEzJi,Cooking
N6ksEzJi,Hiking
Pc5i6KTv,Cycling
Pc5i6KTv,Hiking
Ic55vhIJ,Gardening
Lm5tTvm5,Cooking
Lm5tTvm5,Painting
7gnCsxAA,Cooking
aqoQEPRo,Reading
aqoQEPRo,Hiking
aqoQEPRo,Painting
DhREzU07,Hiking
MB9A90qI,Reading
MB9A90qI,Cooking
kmM8N3I2,Cycling
kmM8N3I2,Reading
hYNv2CuX,Gardening
qZAso03q,Hiking
qZAso03q,Cycling
qZAso03q,Gardening
nM9EnZt5,Hiking
nM9EnZt5,Painting
nM9EnZt5,Gardening
HQwJ2CWz,Cycling
qEzAkEeY,Gardening
qEzAkEeY,Cooking
qEzAkEeY,Painting
7B17vUvm,Painting
7B17vUvm,Gardening
qzWdJCju,Hiking
qzWdJCju,Cycling
qzWdJCju,Gardening
RrBmZM4f,Cycling
RrBmZM4f,Cooking
3Rq4wt22,Cooking
JCyti7wq,Hiking
bw5A5Xo7,Reading
bw5A5Xo7,Cooking
bw5A5Xo7,Painting
WOBYEeNK,Cooking
yOV7g0bk,Cycling
yOV7g0bk,Reading
Xo6zwchT,Reading
Xo6zwchT,Cooking
EFIiKZfR,Gardening
EFIiKZfR,Painting
EFIiKZfR,Reading
MaKwdTsp,Reading
FRbM4vRs,Reading
xHrZon6W,Reading
0I321vJc,Cycling
0I321vJc,Gardening
SIXIsmhX,Gardening
SIXIsmhX,Cycling
zVp1qKmN,Hiking
zVp1qKmN,Cycling
mrQoUN7R,Cooking
XP2PJ7e5,Cooking
XP2PJ7e5,Gardening
CNGPPZH6,Cycling
CNGPPZH6,Cooking
d5oHoyJD,Cycling
d5oHoyJD,Reading
d5oHoyJD,Cooking
AqdeOlsW,Cooking
AqdeOlsW,Reading
AqdeOlsW,Hiking
oR8inDve,Reading
oR8inDve,Painting
oR8inDve,Gardening
tLLblPVi,Gardening
xSonGB8t,Reading
Jk7wvule,Hiking
Jk7wvule,Gardening
QgN6QYwt,Hiking
QgN6QYwt,Cooking
QgN6QYwt,Reading
CMdvp3L9,Hiking
oe7marSo,Hiking
oe7marSo,Cycling
EFe942CK,Hiking
EFe942CK,Painting
EFe942CK,Cycling
YB92hACN,Painting
YB92hACN,Hiking
YB92hACN,Gardening
ELV5Umbl,Gardening
ELV5Umbl,Painting
vCAZMk4E,Painting
vCAZMk4E,Hiking
zgmsJSIN,Cooking
zgmsJSIN,Cycling
676yd7LS,Painting
676yd7LS,Cooking
676yd7LS,Reading
0c3J2esw,Gardening
0c3J2esw,Hiking
0c3J2esw,Painting
mB0UV48k,Reading
ZyLVzrug,Gardening
ZyLVzrug,Reading
KaM20zCt,Cycling
sy0QMnRY,Reading
sy0QMnRY,Cooking
sy0QMnRY,Painting
aKPrRx90,Gardening
aKPrRx90,Painting
aKPrRx90,Cooking
3xuS2sCK,Cooking
3xuS2sCK,Gardening
3xuS2sCK,Reading
LTHnN1u1,Reading
sLZQ0eKn,Cooking
sLZQ0eKn,Painting
sLZQ0eKn,Gardening
vVOSiIDQ,Gardening
e9JcHEsJ,Hiking
e9JcHEsJ,Reading
pde3An0J,Reading
Lf1taPUL,Cycling
Lf1taPUL,Reading
y0MCOqbR,Gardening
y0MCOqbR,Reading
y0MCOqbR,Cooking
Rtu2LJCZ,Reading
V881ZJx3,Cooking
9QfPKgVY,Hiking
9QfPKgVY,Painting
kHWIxL8W,Reading
kHWIxL8W,Cooking
kHWIxL8W,Hiking
Kw8ETQK0,Cooking
Kw8ETQK0,Reading
Kw8ETQK0,Painting
b20NEhaS,Hiking
b20NEhaS,Reading
vei5Vq9R,Cycling
vei5Vq9R,Reading
vei5Vq9R,Cooking
xg6DRL2I,Gardening
fTT3G1hF,Cycling
NP1QhoXL,Cooking
P2ViFVzp,Cooking
FVMcFePk,Reading
TZ6ldrsY,Cycling
TZ6ldrsY,Hiking
TZ6ldrsY,Painting
otLF2Izp,Gardening
bR1lsiVE,Gardening
bR1lsiVE,Reading
bR1lsiVE,Cooking
RHWZ90Wo,Cooking
RHWZ90Wo,Reading
RHWZ90Wo,Cycling
Erpn3dvP,Hiking
JuYfnpvh,Reading
zkkf21M5,Cycling
UpSc0gq5,Cycling
UpSc0gq5,Hiking
x482JbiI,Reading
x482JbiI,Gardening
rKis0OVr,Gardening
aqxgrqAX,Painting
aqxgrqAX,Reading
aqxgrqAX,Cycling
EGXTji3U,Cycling
EGXTji3U,Reading
HXstbIob,Painting
of5se6gW,Hiking
of5se6gW,Gardening
of5se6gW,Cooking
RMEqnnE3,Gardening
989amGnU,Reading
989amGnU,Hiking
lDl814cs,Cooking
lDl814cs,Reading
eDnD6dAj,Cooking
eDnD6dAj,Painting
eDnD6dAj,Hiking
K5IM36n7,Cooking
j9G4lNwQ,Cooking
j9G4lNwQ,Gardening
HWlzo6Gr,Cycling
HWlzo6Gr,Reading
HWlzo6Gr,Cooking
9V2TIvFR,Reading
J8PG4XLq,Painting
J8PG4XLq,Gardening
J8PG4XLq,Cooking
IE3IrWap,Cooking
IE3IrWap,Hiking
IE3IrWap,Painting
ICgKhad5,Cooking
ICgKhad5,Reading
J6ljWZ8Z,Cycling
bbOQ7Cgl,Cycling
bbOQ7Cgl,Gardening
iOaFXE7s,Painting
iOaFXE7s,Cycling
DoJbE3f4,Cycling
DoJbE3f4,Reading
DoJbE3f4,Cooking
wMHK59ds,Cycling
g9ZODkrO,Hiking
nfWCFwAw,Cooking
nfWCFwAw,Cycling
nfWCFwAw,Painting
452cxsbi,Hiking
BdPhgi0w,Cooking
BdPhgi0w,Reading
BdPhgi0w,Painting
bcn1Uv1o,Hiking
fQq4F1oc,Cycling
kkXHlm08,Gardening
kkXHlm08,Cooking
uhiP5UmU,Gardening
uhiP5UmU,Painting
uhiP5UmU,Hiking
fjjBwxCs,Painting
fjjBwxCs,Cycling
fjjBwxCs,Gardening
Skv1jjr3,Cycling
Skv1jjr3,Hiking
Skv1jjr3,Reading
svK0muwU,Hiking
svK0muwU,Cooking
0rZmj8BC,Reading
0rZmj8BC,Painting
0rZmj8BC,Cooking
x0k4DesB,Cooking
x0k4DesB,Gardening
aX9ukiSk,Gardening
aX9ukiSk,Reading
aX9ukiSk,Painting
qDM6OyRl,Gardening
qDM6OyRl,Painting
0XM4ngcv,Hiking
0o2LlfVN,Reading
0o2LlfVN,Gardening
0o2LlfVN,Cycling
6tYpfbTn,Painting
6tYpfbTn,Hiking
6tYpfbTn,Gardening
uSwvF6nq,Hiking
uSwvF6nq,Cycling
qIxMJVSq,Cycling
vskK8T0n,Gardening
GXuFKEPu,Hiking
tdFua17G,Cooking
W2qg033Q,Hiking
1NleV0vd,Reading
mlIpeQbr,Cooking
mlIpeQbr,Hiking
mlIpeQbr,Reading
edAu7yWn,Cycling
edAu7yWn,Reading
RVS3qefe,Hiking
RVS3qefe,Painting
RVS3qefe,Reading
lcpRbCGz,Cycling
lcpRbCGz,Painting
CdCXonN8,Cooking
CdCXonN8,Gardening
XXBLEzcc,Cooking
8N4YDdKC,Reading
8N4YDdKC,Hiking
dnwPWx1H,Cooking
8Mt0c5ZV,Hiking
8Mt0c5ZV,Cycling
34TJWTgW,Reading
34TJWTgW,Cycling
34TJWTgW,Gardening
4BGDe0gM,Hiking
eX69oljj,Hiking
S0PX4ZqG,Cycling
S0PX4ZqG,Gardening
S0PX4ZqG,Painting
uCvZu8ki,Reading
pVzpxoON,Hiking
rB607jjy,Gardening
rB607jjy,Painting
rB607jjy,Hiking
md53LoR4,Painting
md53LoR4,Cycling
md53LoR4,Reading
z1UBJbjX,Reading
z1UBJbjX,Painting
LAO0L4Np,Cooking
LAO0L4Np,Cycling
LAO0L4Np,Gardening
ShzYK198,Gardening
N0T4vC6p,Reading
YNgmkFKN,Hiking
YNgmkFKN,Reading
YNgmkFKN,Gardening
k4Cn6WXV,Reading
AtUHrEsK,Cooking
bN0ozU3I,Hiking
w4II8n8s,Painting
w4II8n8s,Hiking
7SnyFkiV,Painting
LTzwEwLN,Reading
LTzwEwLN,Cycling
P880MamY,Hiking
CyXewC8g,Hiking
CyXewC8g,Painting
CyXewC8g,Cycling
tf5wVgxj,Gardening
tf5wVgxj,Painting
epqIhH25,Cycling
epqIhH25,Reading
BUUVhXdO,Hiking
LZdN1sai,Cycling
LZdN1sai,Reading
LZdN1sai,Gardening
EiaxyrBz,Painting
EiaxyrBz,Reading
EiaxyrBz,Gardening
laNk152Y,Cycling
laNk152Y,Painting
zoNfpUCo,Cycling
zoNfpUCo,Painting
zoNfpUCo,Gardening
A3inXPXT,Cycling
A3inXPXT,Cooking
A3inXPXT,Gardening
3rmTZT2d,Painting
3rmTZT2d,Cycling
HOqIKEuX,Cooking
HOqIKEuX,Hiking
HOqIKEuX,Reading
jbgNLhVZ,Reading
BtrmTOSB,Painting
BtrmTOSB,Hiking
Mx58AkWo,Gardening
Mx58AkWo,Cycling
Mx58AkWo,Hiking
uo5ZcP3O,Hiking
uo5ZcP3O,Cooking
0EUgYjwS,Painting
0EUgYjwS,Hiking
EbnfYdvE,Gardening
EbnfYdvE,Painting
PwmisIku,Reading
vJtI2DCe,Gardening
4Wr3WkAS,Cooking
4Wr3WkAS,Painting
4Wr3WkAS,Hiking
ELWmW1AV,Painting
ELWmW1AV,Hiking
K1UvZxKQ,Gardening
K1UvZxKQ,Reading
N9H7TGJr,Painting
N9H7TGJr,Cycling
N9H7TGJr,Cooking
Rt7kUhGy,Reading
Rt7kUhGy,Cooking
dBYXFBOs,Hiking
rtq5maOW,Reading
rtq5maOW,Gardening
YV7TDsOs,Gardening
A0Zvgnym,Hiking
A0Zvgnym,Cooking
kw16pAcC,Cycling
vQYzd9l4,Reading
vQYzd9l4,Painting
vQYzd9l4,Gardening
FwjfcFzv,Reading
0mx8E1Oq,Cooking
0mx8E1Oq,Cycling
lqPZmBr0,Hiking
lqPZmBr0,Cycling
tWya2IQa,Painting
NDJFJn0g,Hiking
NDJFJn0g,Reading
LDLfugGe,Cycling
TCUgbGSQ,Gardening
TCUgbGSQ,Hiking
TCUgbGSQ,Cooking
thzsWuQM,Hiking
thzsWuQM,Reading
thzsWuQM,Gardening
kgXZ2uUE,Gardening
kgXZ2uUE,Reading
EefMX3Jh,Painting
uSXE6XWv,Painting
uSXE6XWv,Reading
M7AwfGhB,Gardening
M7AwfGhB,Cooking
2MuxKCDV,Cycling
2MuxKCDV,Cooking
2MuxKCDV,Painting
pQzH19mh,Reading
pQzH19mh,Gardening
WbmyStK0,Painting
WbmyStK0,Hiking
7BBOsRsp,Reading
7BBOsRsp,Cycling
7BBOsRsp,Cooking
iF39n8Og,Reading
iF39n8Og,Cooking
huuHEDY3,Cooking
vneetPxH,Cooking
vneetPxH,Gardening
vneetPxH,Painting
PuzIAUHW,Cooking
R3NqZbwC,Reading
3LS86AxA,Painting
jScAEdoL,Painting
jScAEdoL,Gardening
jScAEdoL,Reading
nx1Ep0cT,Cooking
nx1Ep0cT,Gardening
nx1Ep0cT,Cycling
R3n4rMpT,Cycling
4nPBy3Rf,Gardening
4nPBy3Rf,Cycling
Fs0MSM2C,Reading
Fs0MSM2C,Cycling
KfsLC70z,Reading
KfsLC70z,Painting
OL5K4knS,Painting
dtifqkT9,Painting
dtifqkT9,Cooking
dtifqkT9,Hiking
xfYnlILD,Cycling
xfYnlILD,Reading
dSNJ1ebq,Cycling
dSNJ1ebq,Gardening
dSNJ1ebq,Reading
8NJUKdVm,Cycling
66mstU9S,Gardening
ZN1Sw8e1,Hiking
4bVJccW1,Reading
r8BnSlpE,Gardening
cgi3HiR3,Cooking
cgi3HiR3,Painting
cgi3HiR3,Gardening
3V9TEJon,Cycling
qd15KYMA,Hiking
qd15KYMA,Cooking
A5GQWBZ5,Painting
nFRBf2Cl,Reading
nFRBf2Cl,Hiking
DPUEahOJ,Painting
mw8TEw1u,Reading
R32nJq7r,Reading
bFnjvCbe,Cycling
bFnjvCbe,Hiking
kyUQxVJZ,Gardening
7d7ditVS,Reading
LOUWnXVp,Reading
LOUWnXVp,Cooking
mmBAFIXG,Cooking
mmBAFIXG,Gardening
mmBAFIXG,Painting
XjF7n1AH,Hiking
4xliuEZL,Painting
4xliuEZL,Hiking
4xliuEZL,Gardening
rKZMvHC9,Cycling
BV07PoLe,Painting
BV07PoLe,Cooking
3ocnEcA8,Cycling
ihRorIDl,Cooking
vGqLMZUf,Gardening
vGqLMZUf,Hiking
LvVYOGcC,Cycling
LvVYOGcC,Hiking
IPsoORG2,Cooking
W8N2tbu2,Painting
MtUUvLxn,Gardening
MtUUvLxn,Hiking
rXoxsJgd,Cooking
rXoxsJgd,Hiking
rXoxsJgd,Gardening
E4LBijRt,Cooking
E4LBijRt,Gardening
4Tf95ocj,Reading
4Tf95ocj,Cycling
aCwd00X8,Gardening
aCwd00X8,Cooking
LVQRpHct,Painting
LVQRpHct,Hiking
eV2E2dy1,Painting
4Q6w2vJ1,Hiking
4Q6w2vJ1,Cooking
3jiqt6vn,Hiking
hs89tVlX,Hiking
hs89tVlX,Cooking
hs89tVlX,Painting
eAu4DvOV,Gardening
eAu4DvOV,Cycling
B9GLJJiJ,Cycling
6aNIdiFc,Reading
6aNIdiFc,Hiking
6aNIdiFc,Painting
xd6UJjzq,Gardening
xd6UJjzq,Cooking
q7Ko6Zvt,Painting
q7Ko6Zvt,Cooking
q7Ko6Zvt,Cycling
x9K9qyga,Cooking
x9K9qyga,Cycling
g04PS4dy,Cooking
g04PS4dy,Cycling
FwxCuHJZ,Reading
DRpfLEnj,Cycling
DRpfLEnj,Painting
DRpfLEnj,Gardening
JKRujRVJ,Cycling
JKRujRVJ,Reading
JKRujRVJ,Cooking
5y0KbC4q,Painting
5y0KbC4q,Gardening
eV1lPofe,Reading
eV1lPofe,Gardening
eV1lPofe,Cooking
NdBzPoB9,Painting
NdBzPoB9,Reading
5gn1pL8p,Hiking
5gn1pL8p,Cycling
9wkE5Xmx,Painting
XTlBNXzz,Hiking
XTlBNXzz,Cooking
XTlBNXzz,Painting
3IzGU75c,Reading
3IzGU75c,Hiking
3IzGU75c,Cycling
U8CgN7C7,Hiking
Sq55X282,Hiking
Sq55X282,Cycling
hP0807qz,Cooking
hP0807qz,Gardening
3OvgfaZ4,Gardening
3OvgfaZ4,Cooking
ziyAIsWP,Gardening
ziyAIsWP,Cycling
o2Qn5EAL,Cooking
3McPr5Xo,Hiking
3McPr5Xo,Reading
3McPr5Xo,Cooking
gOfxjGzS,Reading
gOfxjGzS,Cooking
8vhgBaEr,Cycling
lt8JlkkV,Reading
lt8JlkkV,Cycling
kGv695qm,Reading
kGv695qm,Cooking
nRtQEaBB,Hiking
nRtQEaBB,Gardening
nRtQEaBB,Painting
BKYdh3Tq,Hiking
rwi7oHa7,Cycling
0fB3OxLh,Reading
0fB3OxLh,Gardening
0fB3OxLh,Cycling
snpQvlfw,Reading
snpQvlfw,Gardening
Mr6gQse2,Cycling
Mr6gQse2,Painting
Mr6gQse2,Gardening
EeMEJDg7,Cooking
EeMEJDg7,Reading
EeMEJDg7,Cycling
4gKgKQwG,Hiking
4gKgKQwG,Gardening
4gKgKQwG,Painting
xawSPMFZ,Hiking
xawSPMFZ,Gardening
xawSPMFZ,Cooking
DnbEZo9Y,Cooking
DnbEZo9Y,Gardening
jO3ucCwu,Gardening
OYKsANZS,Cooking
OYKsANZS,Gardening
LMCC2RfO,Painting
p4xfeMfm,Cycling
p4xfeMfm,Gardening
p4xfeMfm,Reading
wtdNVR52,Cooking
kczHOOkG,Cycling
kczHOOkG,Painting
kczHOOkG,Reading
2IkuNrEk,Reading
2IkuNrEk,Painting
2IkuNrEk,Cycling
qBwwgFWF,Reading
qBwwgFWF,Hiking
qBwwgFWF,Cooking
3P9mlEAV,Gardening
deakMpN5,Gardening
deakMpN5,Reading
7EWNQqer,Cycling
GMM28Ihj,Cooking
GMM28Ihj,Hiking
GMM28Ihj,Cycling
1nMlvpUk,Painting
1nMlvpUk,Gardening
ddm9WA06,Painting
AHJJS88p,Gardening
XYk3Smuw,Gardening
l1zFijwq,Cooking
l1zFijwq,Reading
qhkYMz9h,Reading
st4gOqhM,Cycling
st4gOqhM,Painting
st4gOqhM,Gardening
vLmAsmkQ,Cooking
lwqLclxT,Gardening
lwqLclxT,Reading
Rf20BJpm,Cooking
Rf20BJpm,Reading
Rf20BJpm,Cycling
Hvvi76TB,Painting
Hvvi76TB,Reading
Hvvi76TB,Cooking
WNalnAbP,Reading
WNalnAbP,Cycling
WNalnAbP,Painting
oMVHF8Lx,Hiking
DIEJyJJP,Cycling
DIEJyJJP,Cooking
699h3JIY,Reading
699h3JIY,Cycling
699h3JIY,Cooking
QqhoOLPc,Hiking
rwh0uV43,Reading
rwh0uV43,Gardening
5nmkDiWK,Gardening
5nmkDiWK,Cycling
5nmkDiWK,Reading
y7FY5wHU,Reading
nfkeSRv0,Gardening
fRpCW5TQ,Cycling
9VCJc5HJ,Hiking
9VCJc5HJ,Cooking
9VCJc5HJ,Reading
uxBluGm3,Reading
lqruTkR7,Reading
lqruTkR7,Cycling
QcJ1TZKt,Hiking
QcJ1TZKt,Reading
QcJ1TZKt,Painting
XsgaWIae,Cooking
XsgaWIae,Hiking
pqNS8Q4W,Painting
p3kzCtqn,Reading
J1rn5y0h,Gardening
b7CRrwoJ,Cooking
b7CRrwoJ,Hiking
9FkJHIkt,Cooking
8xhqjVcX,Hiking
8xhqjVcX,Cycling
aaVDRLPw,Reading
4ZQMevnh,Gardening
dPvmEDGd,Reading
dPvmEDGd,Painting
Echooa5l,Cooking
6JYqV4e5,Cycling
o5wKFL9U,Reading
QjzAfsnK,Gardening
QjzAfsnK,Painting
QjzAfsnK,Reading
Zbm76Qhe,Cooking
Zbm76Qhe,Reading
YNmYxEms,Hiking
YNmYxEms,Cooking
YNmYxEms,Gardening
2RuUskFN,Reading
2RuUskFN,Hiking
oNvhLaQs,Cycling
oNvhLaQs,Reading
oNvhLaQs,Hiking
7ri56Ter,Painting
jqCm2Cug,Gardening
vxLyYzsC,Cooking
je4z6Q6m,Cooking
je4z6Q6m,Gardening
je4z6Q6m,Reading
1lKzm3fo,Gardening
1lKzm3fo,Cooking
1lKzm3fo,Painting
nEWT6Iif,Painting
nEWT6Iif,Hiking
nEWT6Iif,Reading
z208Ctzt,Cycling
z208Ctzt,Gardening
z208Ctzt,Painting
fa4xPwk2,Cooking
ju6GcHu2,Reading
AadRVrUD,Painting
AadRVrUD,Reading
ZTVelinZ,Reading
YRiM8cjm,Cooking
YRiM8cjm,Cycling
YRiM8cjm,Painting
WpTjnHPe,Reading
R7M9KVDX,Painting
R7M9KVDX,Gardening
R7M9KVDX,Cycling
HPLB9yBH,Painting
HPLB9yBH,Gardening
HPLB9yBH,Reading
jyNSlKx2,Gardening
jyNSlKx2,Hiking
jyNSlKx2,Cooking
0zgpqFvq,Hiking
byYxeP8I,Painting
sJMKRikK,Reading
emVGoOK9,Hiking
3JIUe7Bz,Painting
3JIUe7Bz,Hiking
OaRr6q5X,Cooking
zPK87Yqd,Gardening
zPK87Yqd,Reading
zPK87Yqd,Painting
TV8h3Ooo,Cycling
gE8TDPep,Cycling
2HGfAtG9,Painting
2HGfAtG9,Hiking
2HGfAtG9,Cycling
hrWSzFXg,Cycling
hrWSzFXg,Reading
lQMXgdlL,Cooking
w3NKykKg,Cycling
w3NKykKg,Reading
w3NKykKg,Painting
0GtPBc8a,Cooking
0GtPBc8a,Cycling
0GtPBc8a,Reading
YUpoaMb9,Reading
YUpoaMb9,Hiking
fTTbVtJH,Reading
fTTbVtJH,Painting
fTTbVtJH,Cycling
Kjuzs5UV,Cycling
Kjuzs5UV,Gardening
5KASLpwd,Reading
5KASLpwd,Gardening
eaRgQyT0,Painting
eaRgQyT0,Gardening
eaRgQyT0,Reading
tQPiNbLE,Reading
tQPiNbLE,Cycling
or3dwi5E,Reading
or3dwi5E,Painting
or3dwi5E,Gardening
CfnJ0Ozb,Reading
CfnJ0Ozb,Cycling
8eaOqPsg,Reading
Tjm3bBRy,Cooking
Tjm3bBRy,Painting
Tjm3bBRy,Gardening
9GxYiRXW,Gardening
DW5Rf3jz,Gardening
DW5Rf3jz,Painting
yv1QgAyA,Cooking
yv1QgAyA,Hiking
fCXgfhcE,Reading
EKl6zw2i,Gardening
EKl6zw2i,Reading
CebS02l2,Cooking
LMOH0zFP,Reading
LMOH0zFP,Gardening
LMOH0zFP,Hiking
K20HnZhQ,Reading
Zgs2ATjv,Hiking
HcTXcudQ,Cooking
HcTXcudQ,Reading
CLayy1WV,Painting
CLayy1WV,Cycling
CLayy1WV,Cooking
4GlG2GHx,Gardening
4GlG2GHx,Cycling
HTPqQpZX,Painting
HTPqQpZX,Reading
HTPqQpZX,Hiking
UDwXXD5c,Gardening
UDwXXD5c,Cycling
UDwXXD5c,Reading
8HYxGKwb,Painting
8HYxGKwb,Reading
8HYxGKwb,Cooking
nJ5mCBrS,Hiking
skgrMOHt,Cycling
skgrMOHt,Painting
I3kP56ts,Gardening
I3kP56ts,Painting
I3kP56ts,Reading
kDBTX05l,Painting
zk4oFJot,Gardening
6c4t7xzE,Cycling
XPd3JaMR,Cycling
XPd3JaMR,Hiking
XPd3JaMR,Reading
SL5NXY0Z,Cycling
SL5NXY0Z,Cooking
SL5NXY0Z,Reading
3yACKxfc,Painting
3yACKxfc,Reading
xbdpqv0Z,Gardening
xbdpqv0Z,Hiking
xbdpqv0Z,Reading
xo6xBjxj,Hiking
xo6xBjxj,Painting
xo6xBjxj,Cycling
21bhtJYI,Gardening
IbmbUNRR,Cooking
IbmbUNRR,Cycling
IbmbUNRR,Reading
b6CaZjTG,Cycling
b6CaZjTG,Reading
LZiO3DwE,Gardening
LZiO3DwE,Cycling
Lqx1uZr7,Cycling
Lqx1uZr7,Reading
Lqx1uZr7,Gardening
BDNrXGPB,Hiking
xYwWKrBp,Gardening
xYwWKrBp,Reading
xYwWKrBp,Cooking
xQ0MIwyi,Hiking
xQ0MIwyi,Gardening
xQ0MIwyi,Painting
PE2ufCGo,Gardening
9er3PBBz,Painting
9er3PBBz,Cooking
9er3PBBz,Reading
mBS79lGB,Cooking
W9YE2682,Painting
W9YE2682,Hiking
W9YE2682,Cooking
PFGxPWTk,Reading
aQbYuHsk,Reading
aQbYuHsk,Gardening
ZzqzfS1V,Cycling
ZzqzfS1V,Cooking
vfd3PoGM,Reading
vfd3PoGM,Painting
vfd3PoGM,Gardening
F0MGZAFt,Reading
F0MGZAFt,Cooking
F0MGZAFt,Hiking
gNBzdWEX,Gardening
1ltTqx3u,Reading
fOFdfrGb,Cooking
rOjl2ehP,Hiking
rOjl2ehP,Cycling
rOjl2ehP,Gardening
9IZoyY9M,Cooking
9IZoyY9M,Reading
ldi4yLrI,Cycling
8TLx5bsG,Cooking
8TLx5bsG,Painting
8TLx5bsG,Gardening
5KE9qs48,Cooking
fTQXQc6C,Painting
fTQXQc6C,Reading
KQZKfeil,Reading
UvfiQvnF,Reading
bsgyu9Ea,Gardening
bsgyu9Ea,Reading
H4ExMUmj,Gardening
H4ExMUmj,Painting
72tqNedX,Cooking
72tqNedX,Reading
7DdwvkM2,Gardening
7DdwvkM2,Cycling
rv7Ajqfi,Gardening
rv7Ajqfi,Cycling
rv7Ajqfi,Painting
kmDhg5VC,Cycling
PBdEMP8O,Hiking
PBdEMP8O,Reading
PBdEMP8O,Cycling
O0s3YsZD,Hiking
O0s3YsZD,Painting
GEhcsysL,Cycling
GEhcsysL,Hiking
GEhcsysL,Gardening
X2JrArFR,Cooking
X2JrArFR,Reading
YXa1IvSi,Hiking
llXvZEej,Painting
sgaoWY5G,Gardening
sgaoWY5G,Painting
sgaoWY5G,Reading
0bp853St,Cooking
0bp853St,Hiking
0bp853St,Cycling
hYPYnPSv,Reading
iKWk3129,Gardening
iKWk3129,Reading
DQ7c2l9w,Gardening
DQ7c2l9w,Hiking
DQ7c2l9w,Cooking
ikHoSxVG,Hiking
Gsx0h01r,Cycling
Gsx0h01r,Cooking
Gsx0h01r,Gardening
EJXzdyGT,Cooking
wSWl6mAo,Cycling
9dQ3vy7m,Painting
9dQ3vy7m,Hiking
6rSsb5ZZ,Cycling
6rSsb5ZZ,Cooking
6rSsb5ZZ,Hiking
gV7qBqTb,Hiking
gV7qBqTb,Cycling
gV7qBqTb,Reading
DFl7j06Q,Hiking
DFl7j06Q,Painting
DFl7j06Q,Cycling
ouhrDzC9,Gardening
ouhrDzC9,Reading
9BcOc3L0,Reading
9BcOc3L0,Cycling
msPfdyKP,Cooking
msPfdyKP,Hiking
msPfdyKP,Painting
bDEuu6nF,Hiking
bDEuu6nF,Reading
y5tgmHpw,Cycling
y5tgmHpw,Cooking
rucDY7Bo,Painting
1OeAlcsS,Cooking
JfDoMH2k,Painting
JfDoMH2k,Gardening
JfDoMH2k,Reading
ODzWTLMa,Gardening
ODzWTLMa,Reading
ODzWTLMa,Cooking
RsFMyLwy,Cycling
0fTIIifb,Painting
0fTIIifb,Cooking
0fTIIifb,Cycling
DFswYbEn,Cooking
DFswYbEn,Gardening
DFswYbEn,Painting
mxgq16FK,Gardening
9fQhDOHn,Painting
9fQhDOHn,Gardening
3OX76Pkb,Gardening
3OX76Pkb,Hiking
YV3JjVGo,Hiking
o84ofLUl,Reading
o84ofLUl,Hiking
SkC64Fnc,Cycling
SkC64Fnc,Gardening
SkC64Fnc,Painting
D3EPhocd,Reading
MFNaXbaZ,Cooking
MFNaXbaZ,Gardening
4eT3ZVJg,Cycling
4eT3ZVJg,Hiking
4eT3ZVJg,Painting
OITejV6q,Reading
OITejV6q,Gardening
pBArxG52,Gardening
pBArxG52,Hiking
tI3xQHZm,Gardening
tI3xQHZm,Cycling
yuVt25NK,Painting
sC9hlPU1,Cycling
WnGiUvhD,Hiking
WnGiUvhD,Cycling
NWx2iyQJ,Painting
NWx2iyQJ,Hiking
x002T81P,Gardening
PFNRxC4s,Gardening
PFNRxC4s,Cooking
HA0BPt4C,Painting
HA0BPt4C,Gardening
HA0BPt4C,Reading
AnPXFcCc,Cooking
AnPXFcCc,Reading
AnPXFcCc,Gardening
rVQ5SAIz,Cooking
rVQ5SAIz,Painting
udpY4w0a,Hiking
udpY4w0a,Reading
NFBIkMGa,Gardening
NFBIkMGa,Cycling
kSPjOvW1,Cycling
EMnFHEQB,Gardening
EMnFHEQB,Cooking
EMnFHEQB,Painting
TSZPWahQ,Hiking
OvrVseZt,Hiking
OvrVseZt,Gardening
OvrVseZt,Cycling
UjLNZxpA,Hiking
Z818pziR,Cycling
Z818pziR,Hiking
RyCqFxIE,Hiking
RyCqFxIE,Gardening
RyCqFxIE,Painting
bkp9Kytl,Reading
bkp9Kytl,Cycling
tg5fof83,Reading
tg5fof83,Hiking
tg5fof83,Painting
pfz6wuYl,Cycling
pfz6wuYl,Reading
pm9weXUU,Cooking
pm9weXUU,Reading
fOzbmmFS,Gardening
OdJzoqby,Cooking
AAYWDFg0,Reading
AAYWDFg0,Hiking
qtvq1HAV,Cooking
qtvq1HAV,Gardening
qtvq1HAV,Hiking
eYn4JPmv,Cooking
eYn4JPmv,Reading
eYn4JPmv,Painting
OgkV9W8o,Reading
OgkV9W8o,Painting
OgkV9W8o,Cooking
dL91oP6O,Gardening
YXhKn2AE,Reading
YXhKn2AE,Painting
WgR4ksJg,Cycling
WgR4ksJg,Reading
FUVabkoG,Reading
F49MqhEf,Gardening
m4pASHCi,Painting
tvZbq54b,Reading
tvZbq54b,Cycling
tvZbq54b,Hiking
pqBEUAkP,Gardening
pqBEUAkP,Painting
xLaG0r17,Gardening
xLaG0r17,Cycling
p1m9InFe,Cooking
p1m9InFe,Reading
p1m9InFe,Painting
vgviGEYr,Gardening
vgviGEYr,Cooking
vaqrfAnq,Painting
vaqrfAnq,Reading
vaqrfAnq,Cycling
aCsTxtUn,Cycling
aCsTxtUn,Cooking
aCsTxtUn,Gardening
JNqZPUrx,Gardening
JNqZPUrx,Cycling
JKtaIRBt,Painting
JKtaIRBt,Hiking
JKtaIRBt,Cooking
YESWUPbA,Gardening
YESWUPbA,Cycling
YESWUPbA,Reading
B9q1HDrp,Hiking
N0KFl9Ji,Gardening
khOXqiNQ,Cycling
khOXqiNQ,Painting
Efdj1KK7,Gardening
atbX4kL5,Gardening
atbX4kL5,Cooking
iwC8JFGu,Cooking
LYP5kWo0,Cycling
sI1DNaDH,Hiking
EWdxusaF,Hiking
EWdxusaF,Cycling
EWdxusaF,Painting
9XwJ7du6,Cycling
9XwJ7du6,Hiking
9XwJ7du6,Cooking
MCQJ4gBx,Reading
MCQJ4gBx,Hiking
KdzZFEDR,Reading
MXWUjLAr,Painting
MXWUjLAr,Reading
QqoiIQB5,Cooking
QqoiIQB5,Reading
AEu891YT,Reading
AEu891YT,Painting
JVvM3VuE,Hiking
JVvM3VuE,Cycling
JVvM3VuE,Cooking
WsPOdCfY,Cooking
jMDmauNx,Gardening
HSH9AYgO,Cycling
HSH9AYgO,Gardening
HSH9AYgO,Cooking
qnCxds19,Cooking
g3GFXLL3,Reading
MSxPuDoO,Hiking
MSxPuDoO,Reading
MSxPuDoO,Cooking
AIrfW3bV,Reading
AIrfW3bV,Painting
AIrfW3bV,Gardening
afH3ZazI,Cooking
afH3ZazI,Gardening
afH3ZazI,Painting
lZoxV7JT,Reading
eFMFNEOu,Painting
eFMFNEOu,Cycling
eFMFNEOu,Cooking
33qLp7m8,Cooking
33qLp7m8,Hiking
rqGLe7zu,Cooking
rqGLe7zu,Painting
KVyxb4RR,Cycling
BaIJb6rF,Painting
uk0HuSrq,Painting
uk0HuSrq,Hiking
uk0HuSrq,Cooking
QSmlG1Tx,Hiking
QSmlG1Tx,Reading
SpJp47gj,Cooking
SpJp47gj,Hiking
SpJp47gj,Cycling
9GFhD5NI,Hiking
x9ModLcY,Reading
bMGCApSu,Hiking
4HfTZOkB,Reading
4HfTZOkB,Gardening
4HfTZOkB,Hiking
z20HBFqh,Cooking
yAR8d16X,Gardening
yAR8d16X,Hiking
yAR8d16X,Painting
XBPXfyp0,Painting
XBPXfyp0,Cooking
u5s1AO5i,Cooking
u5s1AO5i,Painting
u5s1AO5i,Gardening
gvIZCWYn,Cooking
jpsa0g8t,Hiking
jpsa0g8t,Painting
KEz3We9r,Reading
KEz3We9r,Cooking
F2J9CVzk,Gardening
kzue3h8g,Gardening
kzue3h8g,Hiking
uX6Z52f9,Cycling
uX6Z52f9,Gardening
uX6Z52f9,Reading
8InO0N4d,Reading
8InO0N4d,Gardening
u4nr9SDt,Painting
u4nr9SDt,Gardening
u4nr9SDt,Cycling
Wf59Xnhe,Painting
zRn0l0T2,Hiking
zRn0l0T2,Gardening
vQWq50or,Reading
jvY1Kp6C,Painting
jvY1Kp6C,Cycling
dxOmc9jA,Hiking
dxOmc9jA,Cooking
dxOmc9jA,Painting
8SFCfj9Z,Cycling
8SFCfj9Z,Reading
8SFCfj9Z,Cooking
Z2uE8Zfi,Hiking
XwlHl3ma,Cycling
23T5Uxvz,Painting
23T5Uxvz,Gardening
23T5Uxvz,Reading
qN8vv1M6,Painting
4YMCU4et,Reading
4YMCU4et,Hiking
4YMCU4et,Gardening
7MB0Z85J,Cycling
SADNhNSW,Painting
SADNhNSW,Cycling
SADNhNSW,Cooking
Tf5Z1pcc,Cooking
Tf5Z1pcc,Cycling
0wDNiVWo,Cycling
JlLkWlqH,Cycling
1bVzYSwD,Cooking
ytJ77IgA,Gardening
ytJ77IgA,Hiking
ytJ77IgA,Cooking
VkOsQqqR,Cooking
VkOsQqqR,Painting
816zTqXH,Painting
816zTqXH,Reading
6IinSQNX,Hiking
6IinSQNX,Cycling
6IinSQNX,Painting
rWPsswPW,Painting
rWPsswPW,Cooking
q4iyry6i,Hiking
q4iyry6i,Painting
TvqT653S,Cycling
pIjSv6nh,Cycling
pIjSv6nh,Painting
pIjSv6nh,Reading
G6vwyhff,Cooking
G6vwyhff,Gardening
zCFy8ze5,Gardening
RykCStYZ,Gardening
RykCStYZ,Painting
RykCStYZ,Cycling
7s2zZvR1,Painting
KCmcsxnH,Cycling
KCmcsxnH,Reading
trXfOi48,Cycling
trXfOi48,Hiking
trXfOi48,Gardening
XOFImhdw,Gardening
XOFImhdw,Cycling
IxzrQba6,Gardening
PEu0JzwZ,Gardening
vbhfw4dk,Reading
vbhfw4dk,Gardening
vbhfw4dk,Painting
nQmTyKCA,Cycling
N4sbNqkh,Reading
wvGmyCjI,Reading
TS2FGgyQ,Painting
63SGrtmt,Cooking
2OY0dOsW,Hiking
2OY0dOsW,Gardening
2BMo4DI0,Cycling
2BMo4DI0,Painting
kZIBrcgt,Painting
kZIBrcgt,Cooking
8qQ14GEJ,Painting
8qQ14GEJ,Cycling
8qQ14GEJ,Hiking
OCVcdIra,Cycling
OCVcdIra,Hiking
OCVcdIra,Painting
R0QoWQ5t,Cycling
R0QoWQ5t,Hiking
WKs4OYl7,Cooking
WKs4OYl7,Reading
Fi29E0rA,Gardening
Fi29E0rA,Hiking
Fi29E0rA,Cycling
pB4TVBvz,Cycling
QgsyORfz,Hiking
QgsyORfz,Painting
QgsyORfz,Cycling
sHtNqTkf,Hiking
hfk55GRW,Cycling
JVqdfiYO,Cooking
1qiWdTkt,Gardening
1qiWdTkt,Cooking
1qiWdTkt,Painting
Qj1Da8Uc,Cooking
PyBM5aWk,Cooking
PyBM5aWk,Gardening
PyBM5aWk,Hiking
CiUoh5O8,Painting
Bw3IJOQ7,Hiking
Bw3IJOQ7,Cycling
Bw3IJOQ7,Cooking
StRKcisa,Cooking
CfoELyNZ,Cooking
A3V1pGaQ,Cooking
A3V1pGaQ,Gardening
A3V1pGaQ,Hiking
qttajlkh,Gardening
HybXtHn8,Hiking
HybXtHn8,Gardening
k3oEnqq3,Gardening
k3oEnqq3,Cooking
k3oEnqq3,Painting
20FI5PpH,Painting
Oq6kPn7h,Cooking
Oq6kPn7h,Gardening
FTA1yLJf,Reading
FfFm64oo,Cycling
FfFm64oo,Cooking
6QSQlWvw,Cooking
6QSQlWvw,Cycling
sBjbdqFL,Gardening
QMEqp4OM,Painting
QMEqp4OM,Hiking
QMEqp4OM,Cooking
1mnp1wdn,Painting
1mnp1wdn,Reading
1mnp1wdn,Hiking
800id49d,Cooking
800id49d,Gardening
OZWpNCpA,Cooking
TTDoo9FE,Painting
TTDoo9FE,Hiking
CTGjPcLy,Gardening
rcJMjqiC,Hiking
rcJMjqiC,Cycling
rcJMjqiC,Cooking
ZbgtuQC2,Cooking
DwczS1qL,Hiking
G0SdbkrU,Cooking
G0SdbkrU,Painting
G0SdbkrU,Reading
0nPa5Inh,Cycling
0nPa5Inh,Hiking
0nPa5Inh,Cooking
HXhttQ9m,Painting
HXhttQ9m,Cycling
Xq3M8TgM,Hiking
Xq3M8TgM,Gardening
Xq3M8TgM,Painting
Ew0JoRNi,Painting
ZGMiG2RJ,Reading
HnJNAb6Z,Reading
I44VH0J4,Gardening
I44VH0J4,Cycling
2pZKhvcv,Gardening
2pZKhvcv,Cycling
2pZKhvcv,Painting
D8XE4xhv,Gardening
D8XE4xhv,Reading
7E783jeh,Cycling
wKiBgJRz,Reading
vRsyTNB3,Hiking
UMXoQHBM,Reading
EUyboZa5,Cycling
HdWbDRH8,Painting
HdWbDRH8,Gardening
HdWbDRH8,Hiking
hZZjzDpK,Reading
hZZjzDpK,Hiking
EUmltTfm,Reading
MjD2O2qR,Reading
MjD2O2qR,Gardening
TrrDjGEL,Painting
krBPQ5et,Hiking
krBPQ5et,Reading
krBPQ5et,Gardening
zyyJJq1Q,Painting
xnA81lxY,Reading
xnA81lxY,Gardening
i8L374HG,Painting
i8L374HG,Cycling
VILk8kfk,Reading
VILk8kfk,Gardening
VILk8kfk,Hiking
zt4SIwDc,Cooking
7ykuZgmt,Cooking
7ykuZgmt,Hiking
7ykuZgmt,Cycling
i7FroPXl,Reading
i7FroPXl,Hiking
i7FroPXl,Cooking
pc8HFOjD,Cycling
pc8HFOjD,Cooking
MOAXCmlg,Gardening
MOAXCmlg,Cooking
MOAXCmlg,Reading
kUdL2DeE,Hiking
kUdL2DeE,Reading
8Mk13DTR,Painting
c4upShjV,Cooking
c4upShjV,Reading
7kqrWY5M,Hiking
7kqrWY5M,Reading
7kqrWY5M,Cooking
paJHuWDB,Cycling
paJHuWDB,Reading
paJHuWDB,Hiking
oxPGI7te,Hiking
Z7CCiMSE,Gardening
Z7CCiMSE,Reading
rayrPwpQ,Cycling
le6wuPuG,Hiking
le6wuPuG,Gardening
ciZowdPV,Cycling
29NlM5Tv,Hiking
p7DOXquR,Cycling
p7DOXquR,Reading
ELej5e8H,Gardening
ZumNUpQ8,Cycling
ZumNUpQ8,Cooking
ZumNUpQ8,Hiking
gluGSLwu,Gardening
gluGSLwu,Reading
YmDLDHFf,Hiking
YmDLDHFf,Painting
YmDLDHFf,Gardening
IrsDXfN9,Cooking
IrsDXfN9,Cycling
IrsDXfN9,Hiking
NvvSPtX1,Cooking
r6okCwf7,Reading
r6okCwf7,Cycling
r6okCwf7,Painting
TtwDdfNY,Painting
TtwDdfNY,Cooking
TtwDdfNY,Hiking
9kyUIfdw,Cycling
9kyUIfdw,Reading
9kyUIfdw,Painting
BYjcuyYA,Painting
VrSzyQNI,Painting
VrSzyQNI,Cooking
VrSzyQNI,Hiking
mjEuYnGS,Cycling
mjEuYnGS,Reading
mjEuYnGS,Painting
QF6NU6YA,Cooking
QF6NU6YA,Painting
Hfcmkzzf,Cycling
IFFzpR4J,Hiking
IFFzpR4J,Cycling
e8iEEza1,Gardening
e8iEEza1,Painting
e8iEEza1,Hiking
LsVvUjYJ,Cooking
wmmuK38e,Cooking
wmmuK38e,Cycling
K1U4xrLW,Hiking
K1U4xrLW,Painting
K1U4xrLW,Cycling
U4tbn94q,Cooking
hUaH1m57,Gardening
hUaH1m57,Painting
n10oLxgE,Hiking
n10oLxgE,Cooking
n10oLxgE,Gardening
ebUNCggr,Cycling
TzxQI4lS,Cooking
TzxQI4lS,Painting
P27iGbYr,Painting
P27iGbYr,Cycling
P27iGbYr,Hiking
M09nw5O8,Hiking
eeLXYqPS,Cycling
eeLXYqPS,Gardening
eeLXYqPS,Reading
PJqj5acV,Hiking
FPaCpUA0,Painting
FPaCpUA0,Reading
DicdrAsv,Cycling
6R6GYlM7,Painting
Lin1NUZC,Cycling
Lin1NUZC,Reading
Lin1NUZC,Cooking
axQOioV7,Gardening
9VlI4POu,Gardening
9VlI4POu,Painting
9VlI4POu,Cooking
CwisDcGR,Cycling
QBi22wnj,Gardening
0tIjYVkh,Cycling
0tIjYVkh,Painting
0tIjYVkh,Hiking
d2mGC3Qi,Painting
d2mGC3Qi,Cycling
61e3zAwW,Cycling
bGX8T3ft,Hiking
bGX8T3ft,Painting
knE0Yh5r,Gardening
knE0Yh5r,Cycling
knE0Yh5r,Cooking
qnwcHYKX,Gardening
qnwcHYKX,Reading
qnwcHYKX,Cooking
YcJzbT52,Gardening
YcJzbT52,Painting
YcJzbT52,Hiking
zsGxGskl,Painting
CyvuQ02t,Painting
ikEbLjwR,Cycling
ikEbLjwR,Cooking
ikEbLjwR,Reading
Ztr1VkAd,Hiking
7wlX8LBQ,Cooking
lb4nt2Bn,Cooking
lb4nt2Bn,Hiking
kdKGSnjo,Painting
eENmTmsD,Painting
eENmTmsD,Hiking
DAdV7tHF,Reading
CX9sYX14,Hiking
CX9sYX14,Gardening
CX9sYX14,Painting
KeP2Jnbp,Hiking
KeP2Jnbp,Gardening
KeP2Jnbp,Painting
NNhJ0mGz,Hiking
NNhJ0mGz,Reading
NNhJ0mGz,Gardening
MCbygS6v,Hiking
MCbygS6v,Cooking
Xc5YMhGX,Reading
Xc5YMhGX,Painting
Xc5YMhGX,Hiking
LxgxGbET,Painting
LxgxGbET,Gardening
BhCaelzn,Reading
hVk2lyx2,Cycling
efM9zaqu,Painting
efM9zaqu,Reading
jzIh6eYs,Reading
jzIh6eYs,Cooking
BKaipEg6,Reading
BKaipEg6,Cycling
BKaipEg6,Cooking
RWh6wZhl,Cooking
YYmsMVNu,Cooking
S7m8fi6T,Hiking
S7m8fi6T,Cooking
3CbeHH0v,Hiking
3CbeHH0v,Reading
3CbeHH0v,Cooking
QssMgg8j,Hiking
sB7JEpgw,Cycling
sB7JEpgw,Painting
sB7JEpgw,Gardening
0bvQB0p2,Painting
0bvQB0p2,Cycling
gIQQNqzQ,Gardening
lsu5oMIa,Gardening
lsu5oMIa,Hiking
DibZV0Tv,Gardening
DibZV0Tv,Cycling
af8AAEuB,Reading
af8AAEuB,Cycling
lTYpq3hX,Reading
amrmTgQG,Painting
amrmTgQG,Cycling
amrmTgQG,Gardening
kBTvqYCo,Cycling
nq0htGG7,Gardening
0OU3k301,Reading
0OU3k301,Hiking
0OU3k301,Cooking
lGEg52v2,Cycling
lGEg52v2,Reading
lGEg52v2,Painting
2STilfQM,Hiking
2STilfQM,Reading
2STilfQM,Cycling
VnZXhtTo,Hiking
VnZXhtTo,Gardening
mxJNl2FT,Cycling
5MLDRtR0,Reading
5MLDRtR0,Hiking
S3sttRKE,Cooking
S3sttRKE,Reading
l0K2jmFH,Gardening
l0K2jmFH,Cycling
l0K2jmFH,Hiking
Og6ypsXY,Cooking
Og6ypsXY,Hiking
Og6ypsXY,Reading
LgqgFsXC,Painting
UPqJePP2,Cycling
DNOqLbwn,Gardening
DNOqLbwn,Reading
DNOqLbwn,Cycling
gFqwkJnP,Cooking
u0gQjR20,Gardening
K9EcJB8Y,Painting
xkMYNnDn,Reading
vOjc5fTR,Reading
vOjc5fTR,Gardening
QFBqZWB9,Gardening
QFBqZWB9,Reading
Z4madfgM,Painting
Z4madfgM,Cooking
Z4madfgM,Cycling
SCdhoJPq,Reading
SCdhoJPq,Painting
YvqJK1Ks,Reading
ei3tsfkk,Painting
Q00FN4Ob,Cooking
hUvQnfJh,Reading
hUvQnfJh,Cooking
hUvQnfJh,Painting
bOKlyZh1,Reading
bOKlyZh1,Cycling
jMqOJXN3,Hiking
jMqOJXN3,Reading
jMqOJXN3,Gardening
y2guFaAB,Gardening
y2guFaAB,Painting
y2guFaAB,Hiking
d5VTwQL8,Painting
d5VTwQL8,Hiking
d5VTwQL8,Reading
JFYFE6PH,Cooking
JFYFE6PH,Reading
XrVG5ekj,Gardening
XrVG5ekj,Painting
rxv3mERj,Gardening
rxv3mERj,Hiking
iuySXxg0,Gardening
iuySXxg0,Cycling
9XHdtg0k,Cycling
MrT4F7Td,Cycling
AzqJrpXF,Hiking
AzqJrpXF,Painting
3vShXFIV,Hiking
CWGuTtBu,Painting
CWGuTtBu,Hiking
nmoyeLIh,Cycling
nmoyeLIh,Gardening
nmoyeLIh,Painting
TpH5T9NS,Reading
TpH5T9NS,Gardening
2Xri86ly,Painting
2Xri86ly,Gardening
2Xri86ly,Cycling
HC7WQcZu,Reading
HC7WQcZu,Cooking
utyQUnmR,Cooking
utyQUnmR,Painting
48ldEU7I,Reading
48ldEU7I,Gardening
lbNB6TEc,Hiking
lbNB6TEc,Cycling
lbNB6TEc,Cooking
EDTLfLKQ,Cycling
EDTLfLKQ,Cooking
ijboBUtD,Painting
ijboBUtD,Hiking
e88LHm8J,Gardening
UMHjAnoa,Cycling
UMHjAnoa,Hiking
bQ6IZ4UU,Cycling
bQ6IZ4UU,Gardening
ZmReSdEz,Reading
OaRLr3X3,Reading
OaRLr3X3,Gardening
JkoUEFS1,Hiking
JkoUEFS1,Reading
SGKNjdX9,Cycling
IXQ4DoTi,Cooking
304E9Boc,Gardening
304E9Boc,Hiking
MVqa6mVq,Cycling
MVqa6mVq,Reading
MVqa6mVq,Gardening
jpsqVfEu,Cooking
jpsqVfEu,Cycling
jpsqVfEu,Reading
qUcniPld,Painting
qUcniPld,Reading
eBe1aNTB,Cycling
eBe1aNTB,Painting
eBe1aNTB,Hiking
JY5otfP1,Gardening
8svtQmdx,Painting
8svtQmdx,Gardening
8svtQmdx,Cooking
j0s36DWW,Gardening
Z5LfDAHR,Gardening
Z5LfDAHR,Reading
IzSbkKwR,Hiking
IzSbkKwR,Cooking
IzSbkKwR,Painting
Mdf7tcbT,Painting
j5NnxfDI,Reading
j5NnxfDI,Gardening
j5NnxfDI,Painting
0uh33ZF9,Reading
0uh33ZF9,Cooking
t46ZrIxc,Gardening
t46ZrIxc,Cycling
sNTOfUaq,Gardening
sNTOfUaq,Painting
sNTOfUaq,Reading
YVD03ZIY,Cycling
uhnkU2so,Cycling
uhnkU2so,Hiking
QtO1QenU,Cooking
QtO1QenU,Gardening
QtO1QenU,Cycling
n0nSKgUR,Reading
n0nSKgUR,Painting
J0ZPCrAs,Cycling
J0ZPCrAs,Gardening
J0ZPCrAs,Hiking
2hj6HcUX,Gardening
2hj6HcUX,Cycling
rdJ0po5o,Cooking
rdJ0po5o,Cycling
eYZ2Rx1v,Cycling
yI1djiNb,Reading
yI1djiNb,Hiking
wnlWruHQ,Cooking
wnlWruHQ,Painting
wnlWruHQ,Reading
KFobBBeQ,Painting
KFobBBeQ,Cycling
KFobBBeQ,Reading
AdTIXng5,Painting
AdTIXng5,Reading
AdTIXng5,Cycling
XtLJmfwO,Painting
XtLJmfwO,Hiking
oMC5mEuY,Gardening
oMC5mEuY,Cycling
6HglOpb3,Reading
Pctm0uHH,Reading
E8ERS14v,Cooking
E8ERS14v,Reading
E8ERS14v,Cycling
M6cZXtgs,Painting
M6cZXtgs,Cooking
M6cZXtgs,Gardening
iHFeS6R2,Cycling
iHFeS6R2,Hiking
EO5EML0U,Gardening
mPYawe8w,Reading
mPYawe8w,Cooking
OapwSTor,Cooking
OapwSTor,Gardening
pqg4IFiy,Painting
pqg4IFiy,Reading
pqg4IFiy,Cycling
DsoE7gq5,Hiking
DsoE7gq5,Gardening
DsoE7gq5,Reading
ib8dgQaL,Gardening
ib8dgQaL,Painting
eNav8DXk,Cycling
eNav8DXk,Hiking
04psTr6u,Cooking
04psTr6u,Cycling
sqU483bF,Painting
sqU483bF,Hiking
f2QHVEXY,Cycling
f2QHVEXY,Reading
f2QHVEXY,Hiking
4hxvsHAG,Cycling
4hxvsHAG,Gardening
4hxvsHAG,Hiking
kGVUDtq2,Cooking
kGVUDtq2,Painting
i7sjvIMq,Gardening
i7sjvIMq,Cycling
IdoThFFO,Reading
IdoThFFO,Gardening
IdoThFFO,Hiking
STYUWpOG,Hiking
STYUWpOG,Gardening
knNZ4cJO,Reading
knNZ4cJO,Painting
Ef14W6em,Hiking
Ef14W6em,Gardening
1scjerzo,Gardening
vBXpd1tv,Reading
vBXpd1tv,Cycling
YQlNhq0O,Painting
YQlNhq0O,Hiking
gqKF0l8r,Hiking
gqKF0l8r,Cooking
gqKF0l8r,Reading
E18DQorV,Hiking
E18DQorV,Cycling
x6ElspEO,Hiking
d9GXpV25,Painting
d9GXpV25,Hiking
yjekwt9r,Gardening
qsmyo6ga,Cooking
pc4FCran,Reading
pc4FCran,Hiking
pc4FCran,Cooking
ZKq6QQrX,Cycling
ZKq6QQrX,Reading
ZKq6QQrX,Painting
LmnS11kg,Hiking
LmnS11kg,Reading
LmnS11kg,Cooking
Z35Tdmef,Painting
38BWK6LR,Painting
38BWK6LR,Cooking
38BWK6LR,Reading
I2DEmM1n,Painting
I2DEmM1n,Gardening
lg6IUTiN,Gardening
1GBuP5vQ,Hiking
1GBuP5vQ,Painting
MBPCP1ko,Painting
MBPCP1ko,Reading
MBPCP1ko,Cycling
OW5OyzjT,Cooking
OW5OyzjT,Painting
86HJ2JH2,Cooking
86HJ2JH2,Reading
86HJ2JH2,Hiking
oYAUCAMx,Cycling
oYAUCAMx,Painting
1hoaXCwp,Cooking
OrR7oFde,Painting
tjHiY3Da,Reading
tjHiY3Da,Hiking
E05OTHy4,Painting
E05OTHy4,Gardening
E05OTHy4,Hiking
kzeAckNi,Gardening
kzeAckNi,Cooking
kzeAckNi,Reading
5bk7Qsyf,Cycling
RuDZIy90,Cooking
RuDZIy90,Hiking
wEd4HGmJ,Hiking
m8TqMSly,Cycling
ntIqdQ3C,Cycling
ntIqdQ3C,Painting
S5sjUiq2,Gardening
L6RzcoST,Hiking
L6RzcoST,Reading
jb5QAVnk,Gardening
ptiLg98O,Hiking
yNgT3kpY,Reading
yNgT3kpY,Cooking
yNgT3kpY,Cycling
RgWtSIA0,Cycling
RgWtSIA0,Hiking
RgWtSIA0,Reading
6bL2zFMD,Gardening
PEdTTSgQ,Hiking
PEdTTSgQ,Reading
1zsYF66J,Cycling
1zsYF66J,Gardening
rcOYbLTH,Cycling
rcOYbLTH,Cooking
rcOYbLTH,Reading
IhWDdsdf,Cycling
IhWDdsdf,Painting
IhWDdsdf,Reading
gOpHM2xH,Hiking
GFHbLiXX,Cooking
EWu7HEeQ,Cycling
dJ3TWm6a,Hiking
dJ3TWm6a,Cycling
dJ3TWm6a,Reading
TNLtsWYV,Reading
TNLtsWYV,Painting
6Y5c81Ix,Hiking
Hk4lnIGM,Cycling
Hk4lnIGM,Hiking
EktRpuAC,Painting
EktRpuAC,Reading
EktRpuAC,Gardening
DRyhqoNm,Cycling
cV4Gq1jn,Reading
dJ4YqoVx,Painting
Sa0PgWtd,Cooking
Sa0PgWtd,Reading
96UiMmKi,Gardening
96UiMmKi,Painting
96UiMmKi,Cooking
VmCptRn9,Hiking
VmCptRn9,Gardening
zaksciCV,Cycling
uiwhBQjT,Gardening
uxMpx2Oj,Painting
uxMpx2Oj,Reading
FmTs5YWw,Cycling
FmTs5YWw,Gardening
FmTs5YWw,Reading
y4fGd9z0,Reading
y4fGd9z0,Gardening
y4fGd9z0,Hiking
vtV2gRKu,Gardening
vtV2gRKu,Painting
e1uYDIuB,Painting
eq0IPMpM,Cooking
eq0IPMpM,Gardening
uFY6NRcJ,Reading
uFY6NRcJ,Cooking
uFY6NRcJ,Hiking
Z1sracWJ,Cooking
Z1sracWJ,Hiking
Z1sracWJ,Reading
5JwtvNgJ,Cooking
5JwtvNgJ,Painting
5JwtvNgJ,Cycling
Jb4XEEd7,Painting
Jb4XEEd7,Gardening
FfokJm7X,Reading
FfokJm7X,Hiking
FfokJm7X,Cycling
CdiEiotR,Cooking
CdiEiotR,Painting
RGIWVWQs,Reading
ekrihZf0,Hiking
ekrihZf0,Painting
ekrihZf0,Reading
URbQyH2E,Painting
pDQ0EaMN,Reading
pDQ0EaMN,Cycling
6RNWalEd,Reading
j8HACvs3,Gardening
j8HACvs3,Cooking
j8HACvs3,Painting
GfFvfKJK,Gardening
QD9cUx5D,Gardening
QD9cUx5D,Cooking
7WRDY3iX,Cooking
7WRDY3iX,Painting
7WRDY3iX,Hiking
CWf8Wrub,Cycling
YToVNMZA,Cooking
MsSBYnjE,Gardening
MsSBYnjE,Cooking
MsSBYnjE,Painting
p2Skkfos,Cycling
p2Skkfos,Gardening
44pw5Szw,Cycling
44pw5Szw,Gardening
44pw5Szw,Painting
Gx42Tfrn,Cycling
VPeVIcty,Hiking
VPeVIcty,Cycling
VPeVIcty,Gardening
fBDcTdjg,Gardening
jPtjeyps,Hiking
jPtjeyps,Cooking
jPtjeyps,Painting
4Wn0MDGC,Cooking
4Wn0MDGC,Hiking
DxSWET4l,Cycling
DxSWET4l,Painting
DxSWET4l,Reading
VkpDtQkH,Cycling
VkpDtQkH,Reading
Ez4WiTi8,Hiking
Ez4WiTi8,Painting
Ez4WiTi8,Cycling
OZFKQcRh,Painting
OZFKQcRh,Gardening
OZFKQcRh,Hiking
0v7SscAZ,Cooking
0v7SscAZ,Reading
0v7SscAZ,Cycling
luGy7Gb0,Hiking
luGy7Gb0,Reading
luGy7Gb0,Cycling
WT3elugX,Painting
Q6u1w5k8,Painting
Q6u1w5k8,Cooking
NnNOf9Mp,Reading
jxEkgHy8,Reading
jxEkgHy8,Gardening
jxEkgHy8,Cooking
YjHPRG0p,Cooking
YjHPRG0p,Gardening
YjHPRG0p,Painting
FyvAOPfS,Hiking
FyvAOPfS,Gardening
FyvAOPfS,Cycling
xfWtInxV,Cycling
0sKrRooN,Cooking
0sKrRooN,Cycling
0sKrRooN,Hiking
A6HWYXA8,Hiking
A6HWYXA8,Painting
A6HWYXA8,Cycling
eV5yN35K,Reading
xPwF0zVT,Gardening
e5j6xf1U,Reading
DbsHbCES,Hiking
DbsHbCES,Cycling
i7EaZ3AW,Cooking
i7EaZ3AW,Gardening
i7EaZ3AW,Hiking
KyxWjD2O,Hiking
KyxWjD2O,Gardening
tKQHmIIZ,Gardening
tKQHmIIZ,Painting
J96YSXm1,Cooking
vAC69NGv,Painting
vAC69NGv,Gardening
Alb9M1W2,Reading
Alb9M1W2,Painting
yKfSWrLm,Gardening
yKfSWrLm,Painting
1gWe5woc,Hiking
1gWe5woc,Gardening
A9JNBNvf,Painting
A9JNBNvf,Reading
A9JNBNvf,Hiking
EznXYddh,Reading
K2Y1Az75,Cycling
K2Y1Az75,Gardening
kWWFZ8nY,Cooking
K6U3cDQB,Painting
K6U3cDQB,Cycling
K6U3cDQB,Cooking
AhwAfsSX,Cycling
AhwAfsSX,Cooking
AhwAfsSX,Gardening
ajZH7VUp,Reading
ajZH7VUp,Gardening
ajZH7VUp,Hiking
weWrbQva,Hiking
NQvkumbu,Cycling
NQvkumbu,Hiking
riS95C5e,Gardening
riS95C5e,Cycling
riS95C5e,Painting
ErSz9NbP,Cycling
SPhEyh7D,Cooking
SPhEyh7D,Painting
jcyvo2YL,Reading
HUPSzzHQ,Hiking
HUPSzzHQ,Cycling
ZAzkVj8Z,Cooking
ZAzkVj8Z,Painting
ZAzkVj8Z,Gardening
H1QiobRb,Painting
H1QiobRb,Cycling
TJ15trg8,Painting
TJ15trg8,Gardening
TJ15trg8,Hiking
8KlxhP0D,Gardening
xcmXy0Fa,Painting
IjPQ2ueh,Hiking
IjPQ2ueh,Gardening
IjPQ2ueh,Cycling
nGnQLqMf,Painting
c7wdvDgV,Reading
c7wdvDgV,Cycling
By1Elrjy,Cooking
ubp0td6J,Reading
ubp0td6J,Cooking
XKLSjql2,Reading
p1bUA4fv,Painting
xIUIv2Qh,Cooking
nXXRkvTW,Painting
G4mnGt1j,Gardening
G4mnGt1j,Cooking
G4mnGt1j,Reading
VJtbTWDO,Painting
JLRRU7MU,Reading
Ye2ZTif9,Painting
DlAeExQl,Gardening
EjTeWzgH,Cooking
EjTeWzgH,Gardening
hJHZpeu0,Reading
hJHZpeu0,Hiking
9PRGkdYe,Reading
9PRGkdYe,Cooking
9PRGkdYe,Painting
Ka6YTMrS,Cooking
Ka6YTMrS,Cycling
Ka6YTMrS,Gardening
2TLCWjp7,Cycling
2TLCWjp7,Gardening
rknqcxIF,Reading
rknqcxIF,Cycling
wudGLNgf,Cooking
wudGLNgf,Painting
wudGLNgf,Cycling
aGCHpvZW,Cycling
aGCHpvZW,Painting
aGCHpvZW,Reading
1KrZRIBi,Cooking
1KrZRIBi,Gardening
UXHwiDe0,Cycling
UXHwiDe0,Cooking
bcqrhQrJ,Cooking
bcqrhQrJ,Gardening
OW71s8k1,Gardening
OW71s8k1,Reading
OW71s8k1,Hiking
05hnx4Os,Cycling
IkqmP5S9,Painting
48hleSzL,Cooking
48hleSzL,Reading
48hleSzL,Gardening
4mprJvhM,Reading
IXOEZDjd,Hiking
oIEhFQi0,Gardening
TSAz5wnL,Cooking
TSAz5wnL,Painting
TSAz5wnL,Cycling
9GbmqALs,Hiking
9GbmqALs,Painting
9GbmqALs,Cycling
xq0ay7Ks,Reading
xq0ay7Ks,Hiking
xq0ay7Ks,Cycling
vklKaMIe,Cycling
OZEhlHlb,Cycling
kRY7Mv2k,Reading
kRY7Mv2k,Gardening
kRY7Mv2k,Cycling
mAhTeYeg,Cooking
dzuHWw4F,Painting
dzuHWw4F,Gardening
dzuHWw4F,Hiking
tsEEvohW,Reading
tsEEvohW,Gardening
tsEEvohW,Painting
5n7AZ3aY,Painting
lu2TfNO9,Hiking
Adui8nKC,Cycling
Adui8nKC,Gardening
TRB6GTmX,Painting
x1qFLq07,Reading
0mnanaCx,Reading
z2o9kpOc,Painting
hhGNfrUg,Cycling
hhGNfrUg,Hiking
svZOBENV,Gardening
oOm5Rfo7,Gardening
oOm5Rfo7,Cooking
1vqThQ2s,Cycling
1vqThQ2s,Gardening
1vqThQ2s,Cooking
VzcLt4Wa,Gardening
64OxLxgg,Reading
64OxLxgg,Cycling
64OxLxgg,Painting
fWwZsd79,Reading
fWwZsd79,Cycling
XuapIqq1,Painting
XuapIqq1,Reading
XuapIqq1,Hiking
4U4Z7wA2,Gardening
4U4Z7wA2,Hiking
4U4Z7wA2,Cooking
epb8Uulb,Reading
sMwDkSqb,Reading
sMwDkSqb,Cooking
sMwDkSqb,Painting
jgilKnkb,Hiking
jgilKnkb,Cycling
jgilKnkb,Cooking
DrPoBmSC,Reading
DrPoBmSC,Cooking
0wU1w5tt,Reading
0wU1w5tt,Cycling
0wU1w5tt,Painting
AdoE3o9F,Cycling
AdoE3o9F,Gardening
AdoE3o9F,Cooking
Izc0O5sT,Hiking
wYQJPJpE,Painting
wYQJPJpE,Cycling
wYQJPJpE,Cooking
8LvD05DS,Gardening
8LvD05DS,Cycling
8LvD05DS,Cooking
Gr9lwqEd,Hiking
Gr9lwqEd,Cycling
Gr9lwqEd,Reading
4k4vomJx,Hiking
4k4vomJx,Cycling
M6NyylsJ,Painting
bA14mLz1,Hiking
bA14mLz1,Gardening
xuBlScwN,Cycling
l9XlLMWe,Hiking
l9XlLMWe,Gardening
l9XlLMWe,Cycling
IWG1QI54,Cycling
IWG1QI54,Gardening
IWG1QI54,Hiking
ftLn3eli,Painting
sUg4ds9o,Gardening
xMLqOFrK,Cooking
xMLqOFrK,Cycling
Pwrz1cln,Cycling
Pwrz1cln,Reading
Pwrz1cln,Hiking
gowQwdfH,Painting
gowQwdfH,Hiking
gowQwdfH,Cycling
Z5CPx1sx,Painting
zsoEVapV,Cooking
facNl13M,Hiking
facNl13M,Gardening
mtKq7Gwz,Hiking
mtKq7Gwz,Cooking
mtKq7Gwz,Cycling
ijvnBU5a,Reading
ijvnBU5a,Hiking
WB9zx3E7,Hiking
WB9zx3E7,Cycling
79iPwVHs,Hiking
EV9j8MdT,Painting
EV9j8MdT,Cooking
r1II7fAg,Cooking
r1II7fAg,Painting
r1II7fAg,Hiking
ez8VPFUJ,Hiking
ez8VPFUJ,Cycling
ez8VPFUJ,Reading
NNxoGYBK,Reading
fv4vKoVm,Hiking
fv4vKoVm,Painting
fv4vKoVm,Cycling
KwjdMMos,Hiking
KwjdMMos,Cooking
KwjdMMos,Cycling
8Mf2K6Hk,Cooking
8Mf2K6Hk,Painting
8Mf2K6Hk,Gardening
oxeOukuq,Cycling
oxeOukuq,Gardening
oxeOukuq,Hiking
QrBmDHgY,Gardening
Y9OZrdDd,Gardening
gelnw6RQ,Cooking
9V1h6VoN,Hiking
9V1h6VoN,Painting
9V1h6VoN,Cycling
ZTey83vN,Cooking
ZTey83vN,Reading
5XiIpend,Hiking
bunTXPLV,Gardening
bunTXPLV,Painting
R5h0e2Ad,Cooking
R5h0e2Ad,Hiking
R5h0e2Ad,Gardening
FKvgIfxW,Painting
09HmFdWh,Hiking
09HmFdWh,Gardening
09HmFdWh,Painting
p31CCg7J,Cycling
p31CCg7J,Gardening
p31CCg7J,Reading
sifWmT7Q,Cooking
sifWmT7Q,Gardening
sifWmT7Q,Reading
jT26kGB5,Cycling
M7cH3TyZ,Painting
SIwlBBi8,Gardening
bCPDp8Z3,Painting
SV46A67C,Gardening
MWbq4jkT,Painting
MWbq4jkT,Reading
6IknB4Xa,Hiking
6IknB4Xa,Reading
6IknB4Xa,Cooking
I2D1tkUQ,Cooking
I2D1tkUQ,Reading
39D0YclT,Gardening
ZPqEXFg1,Hiking
WN25Utb1,Cooking
WN25Utb1,Cycling
I5NQLYyw,Hiking
I5NQLYyw,Gardening
I5NQLYyw,Reading
IKEFQWzB,Cooking
IKEFQWzB,Hiking
IKEFQWzB,Reading
srC59TWs,Painting
srC59TWs,Hiking
srC59TWs,Reading
xYH3sd9A,Hiking
fjvfAcgX,Reading
IDTjxetX,Cooking
4iplw3sP,Reading
4iplw3sP,Cycling
4iplw3sP,Painting
X1Rr6YUR,Hiking
GIEAcqin,Reading
eoBxtiKE,Cooking
sdPsPiZt,Cooking
sdPsPiZt,Gardening
sdPsPiZt,Hiking
BYgSsXrF,Gardening
Swt4nDYc,Reading
Swt4nDYc,Cooking
SMLtzwrO,Hiking
SMLtzwrO,Cooking
SMLtzwrO,Reading
EyBpJfsF,Gardening
kARUmiQS,Hiking
rNhyarFt,Gardening
rNhyarFt,Painting
rNhyarFt,Reading
MZuFV7lw,Gardening
MZuFV7lw,Reading
VydKf4Dv,Painting
VydKf4Dv,Reading
MJct9npb,Cooking
MJct9npb,Hiking
dw8Kd5nu,Gardening
dw8Kd5nu,Reading
dw8Kd5nu,Cycling
3xmArhR3,Gardening
kTQcQut6,Cooking
kTQcQut6,Reading
9gXRguJJ,Gardening
9gXRguJJ,Painting
u4nYhfOV,Hiking
u4nYhfOV,Painting
u4nYhfOV,Gardening
mHPjwHy2,Painting
mHPjwHy2,Cooking
qZRhJZOu,Hiking
qZRhJZOu,Painting
qZRhJZOu,Cooking
I6xhoahm,Cycling
nmghXYeS,Reading
1tpPxyZg,Gardening
Va0sTRaS,Reading
IKr5xMAd,Cycling
IKr5xMAd,Gardening
IKr5xMAd,Cooking
DF50lo7p,Gardening
xHuuFoAU,Cooking
41xi3QVE,Painting
41xi3QVE,Cycling
auDmRKDh,Painting
auDmRKDh,Reading
CtbPlr0w,Painting
ZU3oq39F,Reading
UjX2hvzU,Hiking
UjX2hvzU,Cycling
UjX2hvzU,Gardening
xHmuG5MK,Gardening
xHmuG5MK,Reading
xHmuG5MK,Painting
j1ri3WzG,Painting
j1ri3WzG,Gardening
j1ri3WzG,Reading
R2mRogis,Cycling
5UQDwpwS,Reading
SalhN5z3,Cooking
xKDZ25hN,Cooking
xKDZ25hN,Hiking
xKDZ25hN,Painting
JTL7hUqZ,Cycling
JTL7hUqZ,Reading
osQDJhFr,Gardening
osQDJhFr,Painting
osQDJhFr,Hiking
QWgOv1iP,Painting
QWgOv1iP,Gardening
qqT78NFb,Hiking
qqT78NFb,Gardening
qqT78NFb,Reading
wLfkH5Jh,Cooking
wLfkH5Jh,Hiking
gZ93UNtB,Gardening
bCRlChQw,Reading
xFg7a589,Hiking
FW85NB9O,Gardening
FW85NB9O,Cooking
bwJkYwd5,Cycling
bwJkYwd5,Cooking
9MX7Ww0L,Cycling
9MX7Ww0L,Cooking
9MX7Ww0L,Painting
LDcwKIwY,Cooking
LDcwKIwY,Reading
LDcwKIwY,Painting
40i0tTF4,Gardening
40i0tTF4,Painting
nmaef8T7,Reading
nmaef8T7,Hiking
wZXlKxZy,Hiking
wZXlKxZy,Gardening
mrEobzp1,Reading
mrEobzp1,Cycling
mrEobzp1,Cooking
ARhMChC5,Cooking
lFNyhjqz,Reading
lFNyhjqz,Cycling
lFNyhjqz,Cooking
a2fV16IX,Painting
a2fV16IX,Cooking
a2fV16IX,Hiking
pa7bDA69,Cooking
d7D9NQor,Gardening
zg0uuZqb,Gardening
bFOovgVN,Cycling
uQYvh28m,Gardening
uQYvh28m,Reading
uQYvh28m,Cooking
uVZIAQ5W,Cooking
uVZIAQ5W,Cycling
2xadv2Sr,Painting
vfoIrZUO,Cycling
vfoIrZUO,Reading
ScMq493Y,Painting
ScMq493Y,Hiking
tgljsg3w,Hiking
tgljsg3w,Cycling
tgljsg3w,Cooking
jOepqsI5,Hiking
iTJ2xHn6,Hiking
iTJ2xHn6,Cooking
iTJ2xHn6,Reading
kom7OMWH,Cooking
zSz4LuzN,Painting
qdLnexJK,Cycling
qdLnexJK,Gardening
qdLnexJK,Cooking
ug7pU1Y8,Reading
ug7pU1Y8,Painting
ug7pU1Y8,Gardening
2h9txuQO,Reading
2h9txuQO,Cycling
PjA09FBZ,Cooking
PjA09FBZ,Hiking
Wp1o9PvD,Gardening
Wp1o9PvD,Cycling
fZRIWe2a,Cooking
qTQivUNi,Hiking
qTQivUNi,Reading
qTQivUNi,Gardening
zwsAQ10a,Reading
zwsAQ10a,Cycling
zwsAQ10a,Painting
o3klw6AJ,Gardening
LcBDpgXY,Cycling
LcBDpgXY,Painting
LcBDpgXY,Reading
tYW8t4nu,Reading
tYW8t4nu,Cooking
tYW8t4nu,Cycling
Hh9PMJcb,Gardening
Hh9PMJcb,Hiking
Hh9PMJcb,Reading
qY1DoCMZ,Hiking
HNQ9cinB,Gardening
HNQ9cinB,Hiking
HNQ9cinB,Cooking
DK9Dp03K,Hiking
DK9Dp03K,Painting
x35WkNnU,Cooking
EhIwhjy0,Cycling
EhIwhjy0,Cooking
EhIwhjy0,Reading
DqG1Oqyu,Cycling
DqG1Oqyu,Painting
DqG1Oqyu,Reading
QsZNN7yF,Painting
QsZNN7yF,Cooking
QsZNN7yF,Reading
J68L29ee,Reading
ZTlbrhDu,Cooking
ZTlbrhDu,Reading
ZTlbrhDu,Gardening
kbWQUO9f,Reading
5fSSUVrf,Painting
5fSSUVrf,Cycling
5fSSUVrf,Cooking
hUcXPb2U,Cooking
hUcXPb2U,Cycling
bZVz5USP,Gardening
gEFFaYr6,Reading
Do7IQ2jx,Cycling
Do7IQ2jx,Gardening
LW45nM3G,Gardening
7BdTScxI,Cooking
kgBS7tzD,Reading
kgBS7tzD,Painting
kgBS7tzD,Gardening
FDPAoRUD,Reading
FDPAoRUD,Cooking
FDPAoRUD,Hiking
29VpOtqe,Painting
29VpOtqe,Cycling
nPIRRmIf,Cooking
nPIRRmIf,Painting
nPIRRmIf,Cycling
bcQ7228N,Reading
bcQ7228N,Cooking
bcQ7228N,Cycling
yhu7NLPa,Cooking
I76Ex4a5,Cooking
FexGmjRA,Reading
FexGmjRA,Painting
FexGmjRA,Gardening
lAxgwPII,Cycling
lAxgwPII,Painting
lAxgwPII,Cooking
vrUOS275,Painting
vrUOS275,Cycling
7PidYjjX,Gardening
7PidYjjX,Cooking
7PidYjjX,Painting
WMXnCbQc,Cooking
WMXnCbQc,Painting
WMXnCbQc,Gardening
oUCBUQNs,Painting
gI1wbhVL,Painting
qaEqse86,Hiking
5F2ptj4Z,Cycling
5F2ptj4Z,Reading
5F2ptj4Z,Gardening
u7MphF95,Reading
gnlOaAYM,Hiking
oePRE6R1,Reading
oePRE6R1,Gardening
oePRE6R1,Cycling
ASMFUhn1,Cooking
ASMFUhn1,Gardening
Tk5ehgK6,Painting
IPdDJ2mL,Gardening
IPdDJ2mL,Hiking
IPdDJ2mL,Cooking
ZlXLNL6Y,Gardening
ZlXLNL6Y,Painting
YbbV4jIO,Cycling
PFhhoV5N,Painting
PFhhoV5N,Cycling
9GlH2wSa,Reading
9GlH2wSa,Hiking
8GVE6KFC,Hiking
8GVE6KFC,Reading
IJlrqjmv,Hiking
JSNxFbSW,Gardening
JSNxFbSW,Painting
lVbjcEx8,Cycling
X55NIIfC,Painting
X55NIIfC,Reading
3yVxPSgd,Painting
3yVxPSgd,Cycling
3yVxPSgd,Hiking
2lU4lqQd,Reading
2lU4lqQd,Cycling
2lU4lqQd,Hiking
PeD82xX7,Cooking
PeD82xX7,Reading
PeD82xX7,Hiking
sOyGqKGL,Hiking
5vhDxf16,Painting
5vhDxf16,Reading
5vhDxf16,Gardening
knN34zxv,Cooking
uvlVW8bP,Gardening
rAXqF9HR,Gardening
rAXqF9HR,Cycling
7AnARacF,Cooking
7AnARacF,Cycling
7AnARacF,Reading
O67OcA7R,Cycling
O67OcA7R,Painting
VCrB6nsa,Hiking
VCrB6nsa,Reading
m8W19U8D,Reading
m8W19U8D,Painting
opVyhQhU,Gardening
07jmk5cR,Painting
X0MuDQri,Painting
X0MuDQri,Cycling
X0MuDQri,Gardening
b0iUfGyF,Hiking
b0iUfGyF,Cooking
b0iUfGyF,Cycling
DyUcWHrB,Hiking
SSg4YQhe,Hiking
w3Ugmgqk,Painting
w3Ugmgqk,Cooking
HVCRqXqo,Cycling
HVCRqXqo,Painting
DoCugZ8B,Gardening
DoCugZ8B,Cycling
DoCugZ8B,Cooking
B6UKm2OL,Painting
bepAFQSu,Painting
bepAFQSu,Reading
bepAFQSu,Gardening
qXjnpQCP,Reading
6qgZu7Hz,Hiking
6qgZu7Hz,Cycling
6qgZu7Hz,Painting
nqjwU5cp,Gardening
nqjwU5cp,Painting
3Ctvq9r0,Cooking
3Ctvq9r0,Painting
rea6QJKG,Hiking
rea6QJKG,Reading
uzaQzzOy,Painting
BmKTEH6y,Reading
BmKTEH6y,Cooking
BmKTEH6y,Gardening
S1R3KLSJ,Painting
S1R3KLSJ,Cooking
S1R3KLSJ,Hiking
96RG2gUz,Hiking
iaUfuQSR,Painting
l64uwOCG,Painting
uDlbHJjs,Hiking
9P1fskRl,Hiking
EG3oC0g5,Cycling
aiZtJH5u,Cooking
a4jEck5Q,Gardening
a4jEck5Q,Cycling
a4jEck5Q,Reading
o01C2byt,Hiking
Mz9jYI0u,Painting
cMlW1aQT,Cycling
cMlW1aQT,Hiking
cMlW1aQT,Reading
aUx8xg3F,Reading
lrnSkTxe,Gardening
lrnSkTxe,Cycling
hl2j8YnJ,Painting
ociSWYf0,Gardening
ociSWYf0,Reading
ociSWYf0,Painting
LFsPl15H,Painting
LFsPl15H,Hiking
LFsPl15H,Gardening
X51N0SMs,Cooking
RMJ6W1Eo,Painting
PKO0Ugr5,Hiking
TYQ9es6a,Cycling
5s8YGYzP,Gardening
5s8YGYzP,Cooking
xjMNMlkE,Cycling
xjMNMlkE,Cooking
MXRgb8Bt,Reading
MXRgb8Bt,Painting
mOkVKXCm,Painting
yAHDIBhl,Cycling
yAHDIBhl,Painting
yAHDIBhl,Gardening
5dP3YiRr,Gardening
5dP3YiRr,Cycling
5dP3YiRr,Reading
qiUAy8Ot,Hiking
qiUAy8Ot,Painting
qiUAy8Ot,Cooking
dtAOkXqh,Cycling
UzsZUHRI,Cooking
rDcPALCf,Cooking
rDcPALCf,Hiking
DKkIfZn7,Gardening
OmdS46FQ,Gardening
OmdS46FQ,Cooking
OmdS46FQ,Reading
cwqMalpv,Gardening
cwqMalpv,Cooking
cwqMalpv,Painting
YBTYeYUR,Cycling
YBTYeYUR,Hiking
YBTYeYUR,Cooking
rw6fUnZX,Cooking
3Jr3sqi0,Gardening
oMJP39sB,Painting
oMJP39sB,Cooking
oMJP39sB,Gardening
73L4Tar1,Cycling
73L4Tar1,Cooking
ZvJXsBOx,Cooking
Trj87A3w,Cooking
Trj87A3w,Cycling
Qlt0cvYa,Reading
Qlt0cvYa,Gardening
Qlt0cvYa,Painting
yTBnM8Qm,Hiking
yTBnM8Qm,Gardening
QMYwDCRO,Painting
QMYwDCRO,Cycling
QMYwDCRO,Reading
hYAYzytC,Reading
hYAYzytC,Cooking
hYAYzytC,Gardening
typwFhhd,Hiking
JzJLM8rK,Hiking
zjtmLk4f,Hiking
zSmEVBNe,Cooking
zSmEVBNe,Reading
zSmEVBNe,Cycling
TnpTddDH,Painting
TnpTddDH,Cycling
TnpTddDH,Hiking
HQ8ATPwt,Reading
HQ8ATPwt,Cycling
SH4dQg0x,Reading
I0x7PwCy,Hiking
I0x7PwCy,Cycling
I0x7PwCy,Reading
y68zoLxQ,Painting
y68zoLxQ,Cycling
xBeqRzQU,Cooking
xBeqRzQU,Reading
7Yp4RYvB,Cycling
qq9CqSlf,Cooking
qq9CqSlf,Reading
7pGVEaNU,Hiking
7pGVEaNU,Painting
7pGVEaNU,Cycling
vV8alp8P,Reading
HuLmPdJQ,Cycling
tM6wTfcm,Hiking
tM6wTfcm,Reading
6ZK2GnQV,Cooking
6ZK2GnQV,Gardening
PmamrvJA,Reading
PmamrvJA,Cycling
NU0aWWF4,Cooking
NU0aWWF4,Gardening
NU0aWWF4,Reading
RpSdsKFe,Hiking
RpSdsKFe,Painting
RpSdsKFe,Cycling
qqWHUWb1,Gardening
qqWHUWb1,Hiking
BYO7KLie,Painting
rvQNksTy,Painting
onwi4zZM,Reading
onwi4zZM,Cycling
onwi4zZM,Painting
yNyVucT3,Cycling
XucRqh0j,Gardening
fXb9EMYn,Cycling
fXb9EMYn,Gardening
fXb9EMYn,Hiking
HaFGBiPF,Cooking
c8wtQ2oh,Cycling
c8wtQ2oh,Painting
0DNRDa7J,Cycling
cJCqNuYV,Painting
r755zP6w,Painting
r755zP6w,Cycling
r755zP6w,Cooking
FB9cfKcv,Hiking
mU8cjSvG,Gardening
ai3IY4MO,Cycling
GInjY2WN,Hiking
EvBmXQqx,Reading
5D5yhm9T,Hiking
5D5yhm9T,Painting
ma37XsA8,Painting
ma37XsA8,Hiking
oPbGkPbq,Cooking
oPbGkPbq,Painting
oPbGkPbq,Gardening
0KTUKo2G,Gardening
0KTUKo2G,Reading
0KTUKo2G,Painting
JOTIwxV7,Gardening
mUWF94w5,Hiking
mUWF94w5,Gardening
mUWF94w5,Cycling
zpWN6QEc,Gardening
WW7OXIvQ,Gardening
WW7OXIvQ,Reading
WW7OXIvQ,Cooking
RpWKwlqg,Painting
RpWKwlqg,Cycling
HIqJfFmW,Reading
cGDVyLpx,Cycling
cGDVyLpx,Gardening
cGDVyLpx,Painting
IrftEqP3,Hiking
PV7VSbym,Painting
PV7VSbym,Cooking
i40A5b6v,Reading
zCn0b51g,Painting
zCn0b51g,Gardening
PktAwrL7,Gardening
PktAwrL7,Hiking
PktAwrL7,Cooking
dingxz8m,Gardening
dingxz8m,Reading
QFrRp5Wl,Cycling
QFrRp5Wl,Gardening
qRU57USg,Cycling
eq4BChmQ,Cooking
eq4BChmQ,Painting
eq4BChmQ,Hiking
MmdXiTCU,Gardening
2gGJJIQr,Reading
2gGJJIQr,Painting
VSqZAScF,Gardening
VSqZAScF,Cycling
VSqZAScF,Reading
3uITUCNn,Gardening
3uITUCNn,Cycling
Od5VXWIj,Hiking
vBoGzGtv,Gardening
3Elkysdf,Cooking
3Elkysdf,Reading
NtI7VjGi,Gardening
NtI7VjGi,Painting
NtI7VjGi,Cycling
CwKJht9F,Reading
CwKJht9F,Cooking
CwKJht9F,Cycling
YprGUIAX,Painting
YprGUIAX,Cycling
9AUj9MW2,Hiking
9AUj9MW2,Gardening
vjsCXZ7S,Cooking
vjsCXZ7S,Reading
vjsCXZ7S,Painting
4A5q425A,Hiking
E5BccZJ4,Painting
E5BccZJ4,Cycling
E5BccZJ4,Hiking
6xSwWv42,Hiking
6xSwWv42,Gardening
6xSwWv42,Cooking
DV0Q7v5N,Cycling
DV0Q7v5N,Gardening
MQSDYfIX,Painting
MQSDYfIX,Cooking
4FfIWG3i,Reading
LCqFCJDv,Reading
WWUcO3FX,Reading
WWUcO3FX,Painting
WWUcO3FX,Cooking
cd353592,Painting
cd353592,Cooking
cd353592,Reading
5s0KdWCs,Hiking
5s0KdWCs,Cycling
R4jMyK3y,Cycling
df9r1pFE,Painting
hyGuweT5,Cooking
hyGuweT5,Hiking
hyGuweT5,Painting
JWjVIjVM,Cycling
R0tfmGd5,Cooking
R0tfmGd5,Cycling
gm9MYc0S,Reading
gm9MYc0S,Painting
gm9MYc0S,Gardening
sMhPaDgY,Gardening
sMhPaDgY,Cycling
CJEwmxar,Cooking
CJEwmxar,Gardening
Wt9vLi1o,Gardening
Wt9vLi1o,Painting
nm30Q2mj,Cycling
nm30Q2mj,Reading
nm30Q2mj,Painting
tJD6kj4t,Cycling
tJD6kj4t,Hiking
eONpL5cJ,Reading
W9SFot5i,Cycling
Aqe9EIyE,Hiking
Aqe9EIyE,Painting
Aqe9EIyE,Gardening
4NOg4ssE,Gardening
rbcTQWuq,Painting
rbcTQWuq,Hiking
rbcTQWuq,Gardening
aVpuN9Ca,Cooking
MGDBOeQh,Painting
Ts6UAnpN,Painting
Ts6UAnpN,Cycling
5TEfPHCl,Painting
5TEfPHCl,Cooking
5TEfPHCl,Hiking
VlQv5ZZz,Painting
Ox1pUmaT,Cycling
Ox1pUmaT,Gardening
M5kzybOE,Cooking
MFzfMSSb,Cycling
MFzfMSSb,Reading
MFzfMSSb,Cooking
1RRlzSFa,Cycling
1RRlzSFa,Hiking
1RRlzSFa,Cooking
BU2TZVde,Cycling
BU2TZVde,Reading
BU2TZVde,Hiking
k7OvGA8G,Gardening
hbQjuAcN,Painting
hbQjuAcN,Cycling
Hgl34DG6,Reading
WQYvhZdb,Hiking
WQYvhZdb,Painting
Xql1SRc4,Painting
Xql1SRc4,Gardening
eLShFFxh,Cycling
eLShFFxh,Gardening
8d26uPsk,Reading
8d26uPsk,Cooking
k0de84CV,Hiking
k0de84CV,Cycling
u9lCcJKp,Hiking
u9lCcJKp,Cooking
bwspRF9W,Hiking
bwspRF9W,Cycling
tuXVJeEl,Painting
tuXVJeEl,Reading
tuXVJeEl,Hiking
TlO5qcNN,Reading
TlO5qcNN,Hiking
w6FeHvDD,Reading
w6FeHvDD,Hiking
b0wA349C,Gardening
dYy6rWcb,Cycling
dYy6rWcb,Cooking
dYy6rWcb,Hiking
7HaC10xh,Painting
2LdGpSud,Reading
2LdGpSud,Painting
2LdGpSud,Cycling
B7gssVqz,Hiking
LykVLvKR,Cycling
ydmhY9WM,Reading
Fe6DLCRN,Gardening
Fe6DLCRN,Reading
Fe6DLCRN,Hiking
JJoJ5BDY,Reading
KVzxyu4a,Reading
GbXlwwjF,Gardening
VLmNqBa2,Gardening
Kkqh8WgB,Hiking
Kkqh8WgB,Cycling
Kkqh8WgB,Reading
YmdPjh08,Cooking
rbGTtkfW,Gardening
8UTR0hvx,Hiking
8UTR0hvx,Cycling
8UTR0hvx,Gardening
nFBidii8,Cooking
34Yz1cOQ,Painting
ADwYtCTF,Hiking
2WBwYBKp,Gardening
vWBSRqR0,Cycling
vWBSRqR0,Hiking
Ohvg29IY,Gardening
VAg9w8fW,Reading
VAg9w8fW,Cooking
tKfFCEZx,Reading
tKfFCEZx,Gardening
QtK0ZFHV,Cooking
QtK0ZFHV,Painting
mdCTIQur,Painting
BgiyKlLO,Cooking
DQcnbM5i,Cycling
DQcnbM5i,Hiking
DQcnbM5i,Cooking
i1haGz02,Cooking
i1haGz02,Cycling
i1haGz02,Hiking
wzHclS6f,Cycling
wzHclS6f,Hiking
dZq6msz8,Cooking
jekLTBNs,Hiking
jekLTBNs,Reading
jekLTBNs,Gardening
tD1UPhp5,Reading
tD1UPhp5,Cooking
tD1UPhp5,Cycling
e8fKx4X2,Cycling
2kXjBEkW,Painting
2kXjBEkW,Reading
E7VNnwYS,Cycling
E7VNnwYS,Cooking
lzUKYriI,Cycling
lzUKYriI,Cooking
lzUKYriI,Gardening
ADsl7uh5,Cooking
QceT3fEE,Cooking
QceT3fEE,Hiking
x6kE3tKO,Hiking
xt8S9Dhd,Gardening
xt8S9Dhd,Reading
xt8S9Dhd,Cooking
pNDBQ7m6,Cycling
JHJIRvJw,Gardening
G6KOSFrZ,Painting
G6KOSFrZ,Cycling
Q2h1G0Sy,Gardening
Q2h1G0Sy,Cooking
Q2h1G0Sy,Hiking
cbgAnXEF,Hiking
bQp05Bex,Cycling
bQp05Bex,Cooking
bQp05Bex,Reading
IiepcrrF,Painting
IiepcrrF,Cooking
u9bgvktR,Painting
u9bgvktR,Gardening
jDEeXwm2,Cycling
E5PoKK4Z,Hiking
E5PoKK4Z,Cycling
E5PoKK4Z,Reading
Fh3O7rOc,Painting
Fh3O7rOc,Hiking
Fh3O7rOc,Gardening
WpUxHTpk,Cycling
WpUxHTpk,Gardening
WpUxHTpk,Painting
r4rD1jA5,Cooking
r4rD1jA5,Hiking
r4rD1jA5,Painting
j1NnUjxV,Cycling
j1NnUjxV,Hiking
9vnQPeCb,Gardening
9vnQPeCb,Painting
9iT1ig0L,Hiking
9iT1ig0L,Reading
9iT1ig0L,Gardening
8wLwiRob,Cooking
MKVMcbWk,Reading
MKVMcbWk,Cycling
MKVMcbWk,Hiking
oBHZrvqT,Cooking
oBHZrvqT,Painting
tqsWLO5E,Cooking
tqsWLO5E,Gardening
AlXmXHmP,Hiking
AlXmXHmP,Cooking
AvxUx40c,Cycling
AvxUx40c,Gardening
DYDwOOno,Hiking
VsVdTTf3,Hiking
BYi5Nhb8,Hiking
C7HkhA87,Gardening
yy89RNAa,Cycling
uWf8h6sO,Gardening
uWf8h6sO,Reading
uWf8h6sO,Cooking
0SU0ZWmo,Hiking
0SU0ZWmo,Gardening
0SU0ZWmo,Reading
QyZLZPxt,Cycling
pzu2lzx5,Gardening
pzu2lzx5,Reading
DjKdaral,Painting
DjKdaral,Gardening
zUZF1s5l,Reading
zUZF1s5l,Cooking
Im9Mp2Z7,Painting
Im9Mp2Z7,Gardening
2qFZiThc,Cooking
SkhUNc7U,Gardening
SkhUNc7U,Cooking
SkhUNc7U,Cycling
rPjcB1CP,Reading
rPjcB1CP,Gardening
0AZgcLtm,Cooking
0AZgcLtm,Cycling
0AZgcLtm,Reading
L14Ni4xU,Reading
L14Ni4xU,Cooking
oDq1WlQa,Cycling
P4Y5Ff5W,Cooking
68U2nzXe,Cycling
68U2nzXe,Gardening
68U2nzXe,Painting
fSDUZxT5,Cooking
fSDUZxT5,Painting
mk0ODHGy,Cycling
LBcYWMHa,Reading
LBcYWMHa,Cycling
JZIh9m8Q,Cycling
JZIh9m8Q,Reading
019Giq1O,Gardening
osVisbqr,Hiking
XlaxyuBA,Painting
XlaxyuBA,Reading
XlaxyuBA,Hiking
bt9HFIm7,Hiking
bt9HFIm7,Cooking
bt9HFIm7,Gardening
bRAzy6a7,Painting
Zy1IsIgM,Cycling
Zy1IsIgM,Hiking
B2P9Rhr7,Cooking
XxNIWKxs,Painting
AjAL38l7,Gardening
D6Rz8rSl,Gardening
D6Rz8rSl,Reading
D6Rz8rSl,Painting
SXDpsCIk,Gardening
clPFw3jT,Reading
PeEPkU6A,Reading
DxEJlc0i,Cycling
bf402lFt,Cycling
bf402lFt,Gardening
bf402lFt,Cooking
1LwaXZEI,Painting
1LwaXZEI,Reading
1LwaXZEI,Cooking
dmKwrHAB,Reading
dmKwrHAB,Cooking
dmKwrHAB,Painting
Tq7iLQc1,Painting
WAdviy1p,Cycling
WAdviy1p,Cooking
DmckOWhi,Cycling
DmckOWhi,Gardening
IBXGXVaG,Hiking
IBXGXVaG,Reading
FOl3Z668,Gardening
FOl3Z668,Cooking
FOl3Z668,Hiking
OA7jm8dN,Cycling
cEBD3zHp,Gardening
buKoeJJl,Gardening
qMLOywcX,Gardening
qMLOywcX,Cooking
32g4S97c,Painting
32g4S97c,Hiking
NLAbzqKf,Hiking
NLAbzqKf,Gardening
U2eznp3m,Cooking
U2eznp3m,Gardening
U2eznp3m,Reading
xsXkbPlT,Painting
xrYWfs8z,Hiking
xrYWfs8z,Painting
fujFIu5g,Cycling
fujFIu5g,Painting
fujFIu5g,Gardening
zsUNQKJB,Reading
zsUNQKJB,Painting
RLQAP98g,Cooking
RLQAP98g,Reading
RLQAP98g,Painting
v1yjMS6q,Cooking
v1yjMS6q,Cycling
u8XWOlhJ,Cycling
u8XWOlhJ,Hiking
u8XWOlhJ,Cooking
IPfvetzu,Reading
IPfvetzu,Cooking
IPfvetzu,Gardening
9vixAXiS,Cycling
9vixAXiS,Cooking
9vixAXiS,Painting
bxgX1ljG,Gardening
7srKG2n7,Gardening
7srKG2n7,Reading
7srKG2n7,Hiking
eqWbrTou,Painting
eqWbrTou,Cooking
eqWbrTou,Reading
IccNiW7i,Painting
IccNiW7i,Cooking
fghi8L8v,Hiking
fghi8L8v,Reading
fghi8L8v,Cycling
FTsKmyN5,Gardening
FTsKmyN5,Cooking
x1RfnQKA,Gardening
CeFM65gK,Cooking
CeFM65gK,Reading
o7kkMhe5,Gardening
o7kkMhe5,Reading
o7kkMhe5,Painting
0ew8D3QN,Hiking
9e15bOto,Cycling
9e15bOto,Gardening
9e15bOto,Cooking
vXpR4r0e,Cooking
iLVmCGFm,Cycling
iLVmCGFm,Gardening
WNLMmUjq,Cycling
WNLMmUjq,Hiking
ex05fzX6,Reading
C74gJ2MN,Painting
C74gJ2MN,Cooking
bEe5I9A4,Painting
bEe5I9A4,Hiking
bEe5I9A4,Cycling
vduwwr3b,Reading
vduwwr3b,Cycling
XA3feiCt,Cooking
XA3feiCt,Hiking
P15qnfMO,Painting
P15qnfMO,Reading
P15qnfMO,Cooking
fezG2W3O,Cycling
fezG2W3O,Gardening
fezG2W3O,Reading
YWhxcdZ0,Reading
YWhxcdZ0,Cooking
j5XoIRyw,Painting
3Dhu7DJl,Gardening
3Dhu7DJl,Hiking
3Dhu7DJl,Reading
eoztC884,Reading
eoztC884,Cooking
ONROOjEv,Hiking
ONROOjEv,Painting
ONROOjEv,Cycling
wPcL8gMK,Painting
lTq5Anfa,Cycling
24bCQdKk,Cooking
24bCQdKk,Gardening
24bCQdKk,Cycling
zklYQa1o,Reading
zklYQa1o,Painting
dH8aTC2H,Cooking
dH8aTC2H,Painting
nAldQSy3,Gardening
nAldQSy3,Reading
17LB0lt5,Painting
17LB0lt5,Gardening
17LB0lt5,Cycling
qKd9vMQv,Cycling
qKd9vMQv,Hiking
qKd9vMQv,Gardening
WYJrpe52,Painting
Iz6G15YB,Hiking
Iz6G15YB,Painting
Iz6G15YB,Cooking
jp0kG0SY,Cycling
rYicGK6e,Painting
k8JmB898,Reading
k8JmB898,Hiking
gj2pstiQ,Painting
gkFiJYgK,Cycling
ARSbX3Me,Cycling
ARSbX3Me,Reading
ARSbX3Me,Cooking
z1nsCICz,Hiking
z1nsCICz,Cycling
z1nsCICz,Reading
LDUyL4RC,Cycling
LDUyL4RC,Gardening
LDUyL4RC,Painting
DWSdTO6y,Gardening
DWSdTO6y,Hiking
lEpwBxPw,Cooking
H2xxmFno,Cycling
H2xxmFno,Hiking
H2xxmFno,Painting
PjSR8aGs,Gardening
PjSR8aGs,Cooking
QP8ciYG1,Cycling
QP8ciYG1,Painting
QP8ciYG1,Reading
cSFMLg55,Cycling
cSFMLg55,Painting
cSFMLg55,Hiking
4Hpf59ER,Reading
eTktaN78,Cooking
eTktaN78,Cycling
A0ZlsX00,Cooking
A0ZlsX00,Hiking
A0ZlsX00,Cycling
W0mkFf0T,Gardening
W0mkFf0T,Painting
W0mkFf0T,Hiking
KYI6egfb,Reading
KYI6egfb,Cycling
KYI6egfb,Gardening
oAfULz3J,Cooking
UdXkPwEd,Cycling
nk9gYCP5,Cooking
nk9gYCP5,Hiking
jnXDZ7MI,Reading
jnXDZ7MI,Painting
jnXDZ7MI,Cooking
qAGTZFru,Cycling
qAGTZFru,Painting
H5OhzhxY,Cycling
2DgqP8FE,Cycling
2DgqP8FE,Gardening
2DgqP8FE,Reading
7IgTQKoS,Gardening
7IgTQKoS,Cooking
7IgTQKoS,Painting
IIK3PnF4,Cycling
IIK3PnF4,Hiking
qhe4iXea,Gardening
qhe4iXea,Cooking
qhe4iXea,Reading
JInESMoX,Hiking
A0t8BzBn,Cooking
f5YviPPo,Painting
f5YviPPo,Gardening
c5eTUiTy,Cooking
c5eTUiTy,Hiking
qG1tANx9,Hiking
heby4cjR,Painting
EMumT1aK,Painting
EMumT1aK,Reading
EMumT1aK,Hiking
eqGye2M1,Painting
eqGye2M1,Cycling
ZwamynWA,Cooking
ZwamynWA,Cycling
ZwamynWA,Gardening
8Db90sjl,Hiking
xQmCuUqw,Painting
xQmCuUqw,Reading
xQmCuUqw,Cooking
DRXnbNeU,Painting
DRXnbNeU,Cooking
xcbBsxxL,Cycling
PrbHRZt0,Reading
PrbHRZt0,Hiking
PrbHRZt0,Cycling
8N9bu8qJ,Cycling
8N9bu8qJ,Painting
8N9bu8qJ,Reading
uSEKjxs1,Cooking
uSEKjxs1,Painting
3TgCHO0G,Gardening
zj7ZheKY,Reading
xCwrf4SD,Cooking
EQq5XHJO,Cycling
EQq5XHJO,Reading
XoTuDrCK,Reading
XoTuDrCK,Cycling
XoTuDrCK,Hiking
5KT5duOY,Cooking
5KT5duOY,Cycling
ouMSrkAy,Cooking
ouMSrkAy,Gardening
ouMSrkAy,Painting
lOA3yW4c,Painting
lOA3yW4c,Hiking
hifcW21u,Cooking
hifcW21u,Gardening
3tw2HzTF,Painting
3tw2HzTF,Cooking
3tw2HzTF,Reading
FX1bQ5Qj,Painting
FX1bQ5Qj,Gardening
FX1bQ5Qj,Hiking
bRgTFwsT,Cooking
rfmjVghm,Gardening
rfmjVghm,Hiking
sIzoAcLw,Hiking
5v9I29NK,Painting
5v9I29NK,Cooking
uYlz2Vcd,Hiking
uYlz2Vcd,Painting
zGr1lWjN,Gardening
zGr1lWjN,Hiking
S3ffcZ8l,Gardening
QJuWUAmf,Hiking
QJuWUAmf,Cooking
X9M55WcR,Cycling
X9M55WcR,Cooking
X9M55WcR,Hiking
QJrz30Rd,Gardening
QJrz30Rd,Reading
ruFxZ1Pa,Gardening
uLI0KKVd,Cycling
uLI0KKVd,Gardening
uLI0KKVd,Painting
x0Yy1zZT,Reading
I1TAsdd9,Hiking
I1TAsdd9,Cooking
OeDjITEk,Hiking
OeDjITEk,Painting
OeDjITEk,Cycling
VGvvNcmm,Reading
Y7c2on5X,Gardening
Z8pEEdm3,Gardening
Z8pEEdm3,Painting
7mM36FSx,Hiking
KQ5pP8Yi,Painting
ZbsUzAgF,Painting
pdYjQrWf,Gardening
pdYjQrWf,Reading
pdYjQrWf,Cooking
DwRAEgDs,Cooking
ALoaKclM,Hiking
wgfXNJAH,Hiking
6AusiaX1,Gardening
xBtCScy9,Reading
xBtCScy9,Cooking
xBtCScy9,Cycling
izFwA7gd,Gardening
izFwA7gd,Reading
izFwA7gd,Painting
MfqTHeur,Painting
pDqvAlwJ,Reading
2E3lNDrP,Gardening
sGkZSFli,Hiking
I4THBei6,Painting
Nwc7F3sA,Reading
rMtSl0mD,Cooking
rMtSl0mD,Gardening
rMtSl0mD,Reading
OWjzBxIo,Cycling
OWjzBxIo,Gardening
vr4Tzyuo,Reading
vr4Tzyuo,Cooking
63vF9KT0,Painting
JW8uRVYh,Reading
JW8uRVYh,Cooking
1ZndHmT5,Cooking
1ZndHmT5,Reading
1ZndHmT5,Painting
3gZA34WO,Gardening
3gZA34WO,Cycling
3gZA34WO,Painting
Ci6VJmQN,Cycling
Ci6VJmQN,Reading
Ci6VJmQN,Cooking
YOf93r02,Cooking
YOf93r02,Cycling
YOf93r02,Painting
HOHeapsq,Gardening
HOHeapsq,Hiking
p5IdHxzG,Hiking
p5IdHxzG,Cycling
p5IdHxzG,Reading
Otmp8j2o,Cooking
oMnrAvJt,Cycling
oMnrAvJt,Painting
5R34iwGG,Gardening
d3jCflNQ,Cycling
13kLwniL,Cycling
13kLwniL,Reading
OzC3iWEe,Painting
VaIcw4Fi,Painting
VaIcw4Fi,Gardening
VaIcw4Fi,Cooking
DQFKndFu,Cycling
DQFKndFu,Painting
JzDiZmBh,Gardening
JzDiZmBh,Cycling
JzDiZmBh,Hiking
uG7mM8LC,Painting
uG7mM8LC,Cooking
uG7mM8LC,Hiking
cHsAxMPy,Cooking
cHsAxMPy,Painting
tq0XBNvT,Hiking
GRdVkBys,Painting
GRdVkBys,Gardening
GRdVkBys,Hiking
G1DwZ7YZ,Gardening
G1DwZ7YZ,Cooking
o7MV6t4b,Cooking
b1dJX57D,Cooking
b1dJX57D,Hiking
zPDGdm1i,Cooking
zPDGdm1i,Gardening
zPDGdm1i,Painting
XZv5VNmm,Gardening
1hZG1Cq7,Reading
1hZG1Cq7,Hiking
1hZG1Cq7,Painting
xsQGoyTQ,Hiking
88eXGPyM,Hiking
xye3UIUk,Painting
xye3UIUk,Gardening
xye3UIUk,Cooking
CLMDu173,Reading
7h5Xzhom,Painting
QN1TKpS8,Hiking
QN1TKpS8,Gardening
QN1TKpS8,Cooking
8mEujLNm,Reading
8mEujLNm,Painting
8mEujLNm,Cycling
MkbwD1cI,Reading
KiOzXa8d,Gardening
Wyj4OE2P,Painting
Wyj4OE2P,Cycling
Wyj4OE2P,Reading
hRlWhAbm,Cooking
HLlUxoP9,Gardening
HLlUxoP9,Cycling
sbkfndFa,Cooking
sbkfndFa,Cycling
sbkfndFa,Gardening
mOUQG5lg,Reading
rjzOuZDj,Painting
rjzOuZDj,Cooking
rjzOuZDj,Hiking
Q2z1dirf,Reading
bOhqec97,Cycling
bOhqec97,Reading
t6lbJUQW,Hiking
phgKYuWa,Gardening
phgKYuWa,Cooking
phgKYuWa,Cycling
jUPLGo6M,Cycling
jUPLGo6M,Painting
jUPLGo6M,Cooking
kTpxB0LJ,Cooking
kTpxB0LJ,Painting
kTpxB0LJ,Cycling
w19vVEhY,Cooking
w19vVEhY,Reading
tHfjx559,Cycling
qJpaUDmV,Reading
qJpaUDmV,Cooking
qJpaUDmV,Gardening
z2GbVUeR,Reading
z2GbVUeR,Cooking
l1OxdPNA,Reading
KBbrWgXS,Gardening
KBbrWgXS,Cooking
KBbrWgXS,Reading
s3fBtzGQ,Cooking
pjSWKoY6,Reading
g5KAKm8N,Hiking
g5KAKm8N,Cooking
g5KAKm8N,Cycling
ypdjjYFp,Cycling
ypdjjYFp,Reading
g4jBmgeG,Cycling
MBTRlWgO,Cooking
v69K9LRV,Painting
v69K9LRV,Reading
2odgyBkG,Reading
2odgyBkG,Painting
2odgyBkG,Hiking
6VFNHco1,Reading
oJ4WIMRr,Cycling
oJ4WIMRr,Gardening
oJ4WIMRr,Reading
PEM41xCO,Hiking
PEM41xCO,Gardening
SKIAn4Up,Hiking
SKIAn4Up,Cooking
HbHECe2J,Cycling
HbHECe2J,Hiking
RSXlxl8z,Cooking
RSXlxl8z,Reading
RSXlxl8z,Painting
X2Eq3CaJ,Hiking
X2Eq3CaJ,Cooking
76DwCAoj,Hiking
76DwCAoj,Painting
3iPPwQBv,Painting
B3FgZZcw,Hiking
B3FgZZcw,Painting
wSoMYrms,Reading
wSoMYrms,Cooking
wSoMYrms,Hiking
I9pjKgDc,Gardening
mGeXhAYY,Hiking
mGeXhAYY,Painting
HKR5vqru,Hiking
HKR5vqru,Cycling
dw2Ca1T2,Hiking
uM7lpqP7,Cycling
uM7lpqP7,Hiking
uM7lpqP7,Cooking
UJUSp2TH,Hiking
UJUSp2TH,Painting
Ezi9lmco,Cooking
Ezi9lmco,Cycling
scXDsi4c,Hiking
scXDsi4c,Painting
qP3LLM4q,Hiking
AmOEL2F5,Hiking
AmOEL2F5,Painting
AmOEL2F5,Cooking
WWh0mC14,Cooking
WWh0mC14,Painting
WWh0mC14,Gardening
0BgFTEeo,Reading
0BgFTEeo,Painting
AYltEr9a,Gardening
AYltEr9a,Painting
AYltEr9a,Reading
jihZFANU,Hiking
IAbDMtQK,Cycling
IAbDMtQK,Hiking
9EVfzvFO,Reading
pRmy78ec,Reading
pRmy78ec,Cycling
6m2anErl,Cycling
6m2anErl,Reading
ZZ6cHVDM,Cooking
ZZ6cHVDM,Painting
ZZ6cHVDM,Reading
30qzenPZ,Reading
30qzenPZ,Gardening
30qzenPZ,Hiking
7kCsPtpn,Gardening
7kCsPtpn,Cooking
7kCsPtpn,Reading
xtJJBIbS,Cooking
lglio1RT,Painting
lglio1RT,Cooking
lglio1RT,Hiking
4mVGA5Dx,Cooking
dUIlGWFb,Gardening
dUIlGWFb,Cooking
ws8at6Hw,Reading
Xf7sdCJL,Reading
Xf7sdCJL,Painting
sv6zVol6,Painting
aAUXOldi,Hiking
aAUXOldi,Gardening
aAUXOldi,Cooking
brjr3aj6,Painting
brjr3aj6,Gardening
brjr3aj6,Cooking
9Ft9mDsb,Painting
9Ft9mDsb,Hiking
9Ft9mDsb,Cooking
MidbtTIZ,Painting
MidbtTIZ,Reading
ghh2iIBv,Reading
ghh2iIBv,Cooking
ghh2iIBv,Hiking
GNEN433V,Painting
iGKCJMpn,Hiking
iGKCJMpn,Cooking
JGEiFaBd,Painting
CvBvnezN,Cycling
CvBvnezN,Hiking
RUhCAta9,Reading
TIhbnb1O,Hiking
hKTPBuMs,Cycling
hKTPBuMs,Hiking
73IIuaXk,Gardening
KzSrjYIo,Cycling
InkwyWsm,Gardening
InkwyWsm,Cooking
InkwyWsm,Painting
VD4RWLwu,Reading
BtWGwBv5,Gardening
BtWGwBv5,Cycling
eXY9DZ2p,Gardening
eXY9DZ2p,Cycling
JJQa386h,Hiking
JJQa386h,Cooking
iQCOOjYR,Hiking
iQCOOjYR,Gardening
G8LDdlPA,Reading
bXV4QDNu,Reading
3pyPEmys,Reading
3pyPEmys,Hiking
3pyPEmys,Cooking
hHS2OjkS,Gardening
hHS2OjkS,Hiking
6YqRyf7s,Hiking
9GJH4sui,Hiking
Btm13pgc,Hiking
R4AqbpSB,Cooking
R4AqbpSB,Gardening
AGEKnLe4,Hiking
H7qxEqF1,Cooking
23f3gYDL,Cooking
pjbuBj5Q,Gardening
RCxz4p2S,Painting
wyK6Hrim,Cooking
CWkyENAT,Gardening
CWkyENAT,Reading
CWkyENAT,Painting
9WmuQ4Zb,Hiking
9WmuQ4Zb,Cycling
gFzv0ksi,Hiking
mqzsjj4y,Cycling
mqzsjj4y,Gardening
mqzsjj4y,Reading
9J7Uvemo,Gardening
9J7Uvemo,Cooking
9J7Uvemo,Hiking
sq6BTUoR,Painting
JzpI8h7a,Painting
JzpI8h7a,Cooking
qvMEz0NW,Reading
qvMEz0NW,Hiking
qvMEz0NW,Gardening
f665fOA8,Hiking
f665fOA8,Cycling
Xl1CINzq,Reading
Xl1CINzq,Cycling
Xl1CINzq,Hiking
IVqD4nmo,Hiking
IVqD4nmo,Cycling
vTj6I77P,Cooking
vTj6I77P,Hiking
x01qft8l,Hiking
eKx6oztP,Painting
eKx6oztP,Reading
eKx6oztP,Hiking
CV65ChuG,Painting
r7VVFsag,Reading
r7VVFsag,Cycling
r7VVFsag,Painting
GRgGVxvp,Painting
lcBlwoze,Reading
4fDVDZHa,Cycling
4fDVDZHa,Hiking
7G9wtUES,Gardening
aDQCYgiU,Cooking
bIcr52yH,Cooking
lIOrLx1t,Painting
lIOrLx1t,Reading
lIOrLx1t,Gardening
gLqrMSEk,Reading
gLqrMSEk,Cycling
kTVmtzH3,Hiking
kTVmtzH3,Gardening
kTVmtzH3,Reading
mLlxRgvC,Cooking
mLlxRgvC,Cycling
mLlxRgvC,Painting
VygO5CxV,Hiking
VygO5CxV,Painting
OzD1xRRC,Reading
OzD1xRRC,Painting
OzD1xRRC,Gardening
L9Bi60nQ,Reading
L9Bi60nQ,Hiking
L9Bi60nQ,Painting
huhfr5PX,Cycling
5haj2woJ,Painting
9NVGRni1,Gardening
TB7PHB8b,Painting
TB7PHB8b,Cycling
TB7PHB8b,Reading
SCywaM2D,Painting
OkzgMRRd,Cycling
X4RWOLSp,Cycling
X4RWOLSp,Hiking
X4RWOLSp,Reading
TAQoRQS7,Cycling
TAQoRQS7,Gardening
TAQoRQS7,Hiking
fITneVbT,Reading
fITneVbT,Gardening
KnHhBnrY,Gardening
LuytBlWx,Painting
LuytBlWx,Hiking
LuytBlWx,Cooking
XApKK2A3,Painting
5MkG9aZN,Gardening
5MkG9aZN,Hiking
5MkG9aZN,Reading
dWUTzM82,Painting
dWUTzM82,Cycling
dWUTzM82,Cooking
nHHp9rOK,Cooking
nHHp9rOK,Reading
nHHp9rOK,Hiking
BYQQuoGv,Gardening
BYQQuoGv,Cycling
BYQQuoGv,Cooking
JjbX3Cei,Cycling
JjbX3Cei,Reading
1VB5Uabo,Reading
1VB5Uabo,Painting
1VB5Uabo,Hiking
n3I05QYA,Reading
n3I05QYA,Painting
NsLYp0dd,Hiking
NsLYp0dd,Painting
C4WKO2rI,Gardening
C4WKO2rI,Painting
cMbveg40,Reading
cMbveg40,Painting
D9En08H4,Cycling
D9En08H4,Cooking
BjWu9mzI,Painting
21mE6Kx8,Gardening
sQ5uzbC4,Cycling
sQ5uzbC4,Gardening
YkB7vk30,Painting
YkB7vk30,Cooking
QHap8cmh,Gardening
Y3M65Zua,Painting
Y3M65Zua,Cooking
b3SvcXID,Painting
b3SvcXID,Reading
jJqpCrOH,Reading
jJqpCrOH,Hiking
jJqpCrOH,Cooking
f1RM2UAu,Cooking
mNPF3P7D,Cooking
mNPF3P7D,Cycling
mNPF3P7D,Painting
ZLg2EAoR,Gardening
ZLg2EAoR,Cycling
7U0MrPJH,Reading
7U0MrPJH,Cycling
7U0MrPJH,Hiking
2FucAxpO,Gardening
2FucAxpO,Hiking
2FucAxpO,Cooking
6CGPYSPM,Gardening
6CGPYSPM,Hiking
6CGPYSPM,Painting
o5o858st,Cycling
o5o858st,Gardening
eCT7sT5C,Cycling
eCT7sT5C,Reading
e7fWs6Nt,Gardening
e7fWs6Nt,Cycling
e7fWs6Nt,Reading
Nwl9p1QN,Hiking
Nwl9p1QN,Gardening
95hd6F2e,Cooking
95hd6F2e,Hiking
95hd6F2e,Reading
2sU5NAc2,Painting
uVUS7vSi,Reading
uVUS7vSi,Cycling
29WiqjHH,Cooking
29WiqjHH,Hiking
29WiqjHH,Reading
gA4Yr2DP,Hiking
U8mEKVnw,Cooking
U8mEKVnw,Painting
U8mEKVnw,Reading
IWmHFgKx,Cooking
IWmHFgKx,Hiking
BvIWPiLY,Gardening
BvIWPiLY,Painting
BvIWPiLY,Cycling
nAajrRrq,Cycling
nAajrRrq,Cooking
MlEttELK,Reading
MlEttELK,Cooking
y3mJ198t,Reading
qh7TJCOe,Painting
qNuwRyq2,Cycling
qNuwRyq2,Painting
qNuwRyq2,Cooking
3CYfFg34,Painting
pb0pw8nk,Cooking
pb0pw8nk,Painting
9zRlOuCh,Painting
Au7QiBZM,Hiking
Au7QiBZM,Reading
Au7QiBZM,Cycling
DYJnRrNk,Gardening
RKgXvW1d,Painting
RKgXvW1d,Reading
Rz8UG7Xa,Hiking
iIObvzp5,Painting
1cJzU1B5,Cycling
1cJzU1B5,Hiking
jXI5ZzhT,Hiking
jXI5ZzhT,Cooking
jXI5ZzhT,Gardening
zH4x9cET,Gardening
zH4x9cET,Reading
H0GUe221,Reading
CCQY1QH8,Cycling
CCQY1QH8,Painting
CCQY1QH8,Reading
VlHIjivW,Gardening
NDZ7IiZH,Painting
JdmJDwNM,Gardening
JdmJDwNM,Reading
2nBHwIrq,Hiking
2nBHwIrq,Reading
2nBHwIrq,Cooking
PCPT93wx,Gardening
GP2kFlay,Cooking
GP2kFlay,Cycling
GP2kFlay,Painting
JF4BBNnH,Painting
JF4BBNnH,Cooking
PSqAoPib,Gardening
PSqAoPib,Painting
2vseeT01,Cycling
2vseeT01,Hiking
TNHOzBgK,Painting
TZO2Y7N5,Cooking
TZO2Y7N5,Reading
TZO2Y7N5,Hiking
OfNOgRNa,Cooking
6etLdgS3,Hiking
6etLdgS3,Gardening
6etLdgS3,Painting
UuSDnVGz,Hiking
UuSDnVGz,Cooking
UuSDnVGz,Cycling
DDlczutw,Gardening
DDlczutw,Cycling
DDlczutw,Cooking
AgtMZGWQ,Painting
AgtMZGWQ,Reading
CpOyPOx0,Painting
paaNSSCP,Cycling
jbPxlsCH,Cooking
jbPxlsCH,Hiking
lNWGeMs0,Hiking
Cdr2Nldy,Cycling
Cdr2Nldy,Reading
c6TtCWCW,Cooking
c6TtCWCW,Hiking
c6TtCWCW,Gardening
6jeFzEZ0,Gardening
6jeFzEZ0,Reading
eJmRemPW,Reading
eJmRemPW,Painting
eJmRemPW,Hiking
1F7h0A4o,Cycling
1F7h0A4o,Hiking
BCCIZgSW,Cooking
yVd0reAQ,Cycling
yVd0reAQ,Reading
yVd0reAQ,Cooking
fU2rGqAp,Cooking
G3PLLFWZ,Gardening
nsjZ6A4H,Hiking
nsjZ6A4H,Cycling
nsjZ6A4H,Painting
b215DMKs,Cycling
b215DMKs,Gardening
Mnx984s8,Cycling
Z4vfNPG3,Painting
Z4vfNPG3,Gardening
lEoTkSLo,Cooking
lEoTkSLo,Gardening
c3BvByW5,Reading
c3BvByW5,Gardening
p1bf7E9W,Painting
p1bf7E9W,Cycling
qGjBK4Cl,Cycling
qGjBK4Cl,Gardening
qGjBK4Cl,Painting
kPXfKpxw,Painting
kPXfKpxw,Cycling
tZNmD86e,Cooking
tZNmD86e,Gardening
mhC9CgtG,Cycling
mhC9CgtG,Painting
mhC9CgtG,Cooking
8DmQBeur,Cycling
sNYCrNBV,Reading
XZINKUOf,Cooking
XZINKUOf,Hiking
3G9LmD9X,Cooking
3G9LmD9X,Reading
wJ2LH8tx,Cooking
wJ2LH8tx,Hiking
b1fvG6vf,Hiking
b1fvG6vf,Painting
QUzOw09D,Reading
QUzOw09D,Gardening
QUzOw09D,Cycling
ncbT8SLo,Cycling
ncbT8SLo,Painting
ncbT8SLo,Hiking
GW0ARhLM,Cycling
GW0ARhLM,Hiking
GW0ARhLM,Cooking
3PCZegxP,Cycling
3PCZegxP,Reading
QV2AfHbZ,Cycling
QV2AfHbZ,Hiking
luu3bLuB,Cycling
luu3bLuB,Painting
e43aOvuO,Cooking
e43aOvuO,Gardening
e43aOvuO,Cycling
a2UBGa9O,Cycling
a2UBGa9O,Painting
a2UBGa9O,Reading
5KViivqX,Cooking
5KViivqX,Painting
5KViivqX,Gardening
OpkVkW5P,Hiking
OpkVkW5P,Reading
mauO4pby,Reading
R6qEOoLS,Gardening
R6qEOoLS,Hiking
TvWFncee,Cooking
TvWFncee,Gardening
VQmTyfyD,Cycling
VQmTyfyD,Cooking
9bbdpSx3,Reading
9bbdpSx3,Cycling
Wgo9ODU0,Cooking
Wgo9ODU0,Painting
8v5MoYk3,Reading
8v5MoYk3,Cycling
lh3L6BNC,Cycling
lh3L6BNC,Hiking
iLUbSu0e,Hiking
iLUbSu0e,Cycling
iLUbSu0e,Painting
WJL0qaWJ,Painting
WJL0qaWJ,Hiking
vD0Jwx3w,Cycling
vD0Jwx3w,Gardening
86OVBn3n,Cycling
86OVBn3n,Cooking
nfpZV2Or,Painting
nfpZV2Or,Cooking
nfpZV2Or,Hiking
1ElkVwdZ,Gardening
1ElkVwdZ,Hiking
1ElkVwdZ,Cycling
NhoDsEpv,Cycling
8MiEocK7,Cooking
EVIf6fja,Hiking
m5g5p7l2,Gardening
m5g5p7l2,Cooking
m5g5p7l2,Painting
aOWjjdZN,Painting
aOWjjdZN,Cycling
z53RR1wJ,Gardening
zHDb1ihC,Gardening
zHDb1ihC,Painting
zHDb1ihC,Cooking
owcPWIGk,Hiking
owcPWIGk,Reading
owcPWIGk,Cycling
o0MaTeJR,Painting
o0MaTeJR,Gardening
o0MaTeJR,Cycling
qrV7uzwE,Hiking
BY3uvfDC,Cooking
6ICKlcvL,Cooking
6ICKlcvL,Reading
6ICKlcvL,Hiking
55xBtyzF,Reading
55xBtyzF,Cycling
6EQARtLd,Cycling
6EQARtLd,Cooking
eb6F3im6,Reading
PFIX36dH,Cooking
PFIX36dH,Gardening
PFIX36dH,Reading
58rsNtQZ,Painting
58rsNtQZ,Cycling
58rsNtQZ,Reading
qRl9kiz7,Reading
AMpIWhST,Painting
MZQIAGiX,Cycling
MZQIAGiX,Reading
yBDNGuS5,Cooking
34VMDiS3,Gardening
34VMDiS3,Cooking
34VMDiS3,Hiking
GB5mDHC6,Reading
8Z6H6SDN,Painting
K3SzTrN5,Cooking
K3SzTrN5,Gardening
fkYGv07v,Hiking
fkYGv07v,Painting
fkYGv07v,Reading
WXpsHjdG,Cycling
WXpsHjdG,Cooking
WXpsHjdG,Hiking
T6LVhcel,Gardening
T6LVhcel,Painting
T6LVhcel,Cooking
QeKUMWVS,Hiking
QeKUMWVS,Cooking
HrrGv12i,Hiking
daDTeLDs,Painting
daDTeLDs,Hiking
daDTeLDs,Reading
o9g2No1t,Hiking
lr97C78j,Gardening
lr97C78j,Cycling
lr97C78j,Reading
QePCcktM,Cooking
QePCcktM,Reading
abjDhkcP,Painting
abjDhkcP,Hiking
rbBc3q9v,Hiking
rbBc3q9v,Painting
hULUZh9Y,Painting
hULUZh9Y,Reading
SvOy0woI,Reading
SvOy0woI,Painting
SvOy0woI,Cycling
7qPNubVx,Hiking
7qPNubVx,Gardening
7qPNubVx,Cycling
OEtkNe97,Cycling
OEtkNe97,Hiking
OEtkNe97,Painting
XtD2WmXU,Gardening
XtD2WmXU,Cooking
XtD2WmXU,Cycling
Jb0DSbcn,Hiking
Jb0DSbcn,Cycling
ZKheFSjC,Hiking
ZKheFSjC,Reading
ZKheFSjC,Painting
BWp0LVRt,Cycling
B0OsaKjb,Gardening
B0OsaKjb,Painting
vjzvEcI1,Cycling
uBqre9GH,Cycling
pV9xgDLI,Painting
KTVbWhaq,Hiking
KTVbWhaq,Cycling
AC1Ad6o1,Painting
AC1Ad6o1,Reading
LClGNP4p,Gardening
ya9NaAno,Cycling
ntQ8CcLU,Cooking
ntQ8CcLU,Hiking
ntQ8CcLU,Painting
tO60NHjz,Hiking
tO60NHjz,Cycling
4Fh0Fp7n,Painting
4Fh0Fp7n,Gardening
9vt6KWpC,Cycling
9vt6KWpC,Reading
9vt6KWpC,Painting
YbUJ0Ewa,Cooking
YbUJ0Ewa,Reading
GY2Op2Hf,Painting
0e7aURnP,Hiking
0e7aURnP,Cooking
0e7aURnP,Painting
4dT6s21B,Painting
4dT6s21B,Gardening
7xwPoYjP,Painting
7xwPoYjP,Reading
7xwPoYjP,Hiking
zZlQdVlJ,Reading
zZlQdVlJ,Gardening
KqXPaMoJ,Cycling
tYJeUTol,Painting
YtWEtoOt,Painting
YtWEtoOt,Gardening
YtWEtoOt,Reading
we6IVuKS,Gardening
we6IVuKS,Cycling
2T2Fgdjx,Cycling
2T2Fgdjx,Cooking
2T2Fgdjx,Painting
XiQcCucm,Cooking
XiQcCucm,Gardening
TN0COsXf,Gardening
qirm8lvu,Reading
Gw4uBKnE,Painting
k9awc8yV,Gardening
k9awc8yV,Cycling
6DpRMYFW,Painting
6DpRMYFW,Hiking
6DpRMYFW,Reading
Dy3cvODD,Hiking
mrH3hsHH,Painting
mrH3hsHH,Cooking
mrH3hsHH,Gardening
0wJHrdb0,Painting
kX5Cj1mg,Painting
kX5Cj1mg,Reading
nl1boVpN,Gardening
nl1boVpN,Hiking
s1woQpXX,Reading
s1woQpXX,Painting
s1woQpXX,Hiking
zb3oEMxF,Reading
zb3oEMxF,Hiking
Xy7vQ1eY,Reading
Xy7vQ1eY,Cooking
Xy7vQ1eY,Painting
BLFBt0sN,Gardening
b1yiY4eC,Reading
ELCrHK85,Reading
mIYzbtrb,Painting
8UbATExt,Painting
DJW1I8Tj,Cooking
DJW1I8Tj,Cycling
DJW1I8Tj,Gardening
0K1iYFLB,Cooking
0K1iYFLB,Gardening
0K1iYFLB,Reading
aAjspvy6,Reading
aAjspvy6,Cycling
fEpbHrDu,Cycling
fEpbHrDu,Gardening
fEpbHrDu,Hiking
hSXi7CsI,Gardening
4biJtiUM,Cycling
FNyBv03l,Painting
FNyBv03l,Gardening
NPn6jYVl,Cooking
NPn6jYVl,Reading
itW8rWIm,Hiking
itW8rWIm,Cycling
xfcIhGkV,Hiking
xfcIhGkV,Cooking
xfcIhGkV,Reading
XchXtp2U,Reading
XchXtp2U,Gardening
EEDnukwu,Cooking
Ep7gJg2V,Hiking
Ep7gJg2V,Reading
Ep7gJg2V,Cooking
wJ2hJau0,Cycling
wJ2hJau0,Hiking
MGXy5O11,Hiking
MGXy5O11,Gardening
MGXy5O11,Cooking
BdaqVIYa,Cycling
BdaqVIYa,Reading
BdaqVIYa,Painting
Xl9zwXjp,Cycling
3JXXMMKE,Painting
3JXXMMKE,Gardening
w73httSb,Cooking
rNcUEnJn,Cycling
saDQsALp,Reading
2T4wDTdB,Reading
2T4wDTdB,Cooking
2T4wDTdB,Hiking
fwPSE8Q5,Painting
fwPSE8Q5,Hiking
fwPSE8Q5,Gardening
FAGz6WR1,Cycling
FAGz6WR1,Hiking
FAGz6WR1,Painting
Fl8PGYVr,Painting
yPrTsExu,Reading
HeFMLe59,Hiking
DRe0GZC7,Cycling
DRe0GZC7,Cooking
DRe0GZC7,Hiking
hKzG7IYB,Gardening
hKzG7IYB,Hiking
hKzG7IYB,Cycling
jSETrTtv,Hiking
jSETrTtv,Cycling
xBn3XD39,Gardening
xBn3XD39,Cycling
2GsHn5Wh,Gardening
5uycBR70,Reading
5fgq5xEd,Cycling
5fgq5xEd,Reading
YAgUplKz,Gardening
YAgUplKz,Cycling
LYYQljB6,Hiking
AvpjRf5U,Painting
AvpjRf5U,Cooking
AvpjRf5U,Reading
DsloIF86,Cooking
DsloIF86,Painting
DsloIF86,Hiking
h7HqHt6i,Cycling
h7HqHt6i,Reading
W7q0TIlD,Reading
W7q0TIlD,Painting
IViDsYFO,Gardening
IViDsYFO,Painting
UIhjeQPv,Hiking
UIhjeQPv,Cycling
UIhjeQPv,Painting
HZZjRrOd,Gardening
HZZjRrOd,Painting
Nn0ycFgg,Hiking
gcbSEO9D,Hiking
gcbSEO9D,Painting
gcbSEO9D,Gardening
DFxhQThE,Cycling
JFed4DKO,Cooking
JFed4DKO,Cycling
JFed4DKO,Painting
EEUpQxZz,Reading
EEUpQxZz,Painting
EEUpQxZz,Hiking
H28YVHrN,Hiking
H28YVHrN,Gardening
tPrdqMFz,Cooking
tPrdqMFz,Cycling
tPrdqMFz,Reading
0nA9Utku,Painting
0nA9Utku,Cycling
l3A76ogw,Painting
tqRZ94fj,Painting
tqRZ94fj,Cooking
tqRZ94fj,Hiking
77IGb9nu,Cycling
77IGb9nu,Reading
77IGb9nu,Gardening
7PzQEEaw,Hiking
7PzQEEaw,Reading
8FZ2l4ok,Cycling
8FZ2l4ok,Gardening
vXyD7kH2,Painting
vXyD7kH2,Cooking
hlepRq6F,Gardening
hlepRq6F,Cycling
hlepRq6F,Hiking
6DCl3lcA,Painting
hNLnIvjR,Gardening
hNLnIvjR,Cycling
XW8Wa1mN,Hiking
XW8Wa1mN,Painting
wo1NQLoI,Painting
wo1NQLoI,Reading
wo1NQLoI,Cooking
8Otdr8y8,Reading
8Otdr8y8,Cooking
PDuV0alX,Hiking
PDuV0alX,Painting
PDuV0alX,Reading
tIyGKmpX,Reading
MqG1TCjM,Gardening
MqG1TCjM,Hiking
MqG1TCjM,Cooking
b1rxpGLg,Painting
DAF8uUj2,Hiking
DAF8uUj2,Gardening
khskc8fT,Reading
dkQOuN6t,Reading
dkQOuN6t,Hiking
dkQOuN6t,Cooking
f6fi7RJt,Reading
f6fi7RJt,Cycling
AlIUU8Pp,Cooking
BAKcCbxN,Gardening
BAKcCbxN,Painting
LTGWzvdq,Cooking
LTGWzvdq,Gardening
35zAJSJv,Reading
35zAJSJv,Hiking
SlKWkDlt,Gardening
W3aXzd8p,Hiking
TBurcUKR,Reading
TBurcUKR,Gardening
TBurcUKR,Hiking
d1DYFVqZ,Gardening
d1DYFVqZ,Cycling
tzdh6PBr,Cycling
tzdh6PBr,Hiking
tzdh6PBr,Reading
weT3x3uz,Hiking
weT3x3uz,Painting
weT3x3uz,Cooking
1YFDoLxL,Gardening
1YFDoLxL,Hiking
1YFDoLxL,Painting
xnFGWCVj,Cycling
xnFGWCVj,Painting
hXDG1WlA,Cycling
dxoFMauq,Hiking
dxoFMauq,Cycling
cyLLpX1d,Gardening
cyLLpX1d,Hiking
2C63iCeo,Reading
2C63iCeo,Gardening
2C63iCeo,Painting
IA8KRIal,Gardening
iqgnjfL2,Gardening
iqgnjfL2,Cycling
iqgnjfL2,Cooking
4Ut6iNEa,Gardening
4Ut6iNEa,Reading
4Ut6iNEa,Cooking
aMasBgrh,Reading
aMasBgrh,Hiking
aMasBgrh,Cycling
xC5n32z1,Cycling
oxl8hknh,Cycling
oxl8hknh,Gardening
Ezi2z64I,Cooking
Ezi2z64I,Gardening
OWt8rYOp,Cooking
v3jgziP9,Painting
v3jgziP9,Cycling
v3jgziP9,Cooking
sY0YE56G,Cooking
sY0YE56G,Hiking
sY0YE56G,Reading
68iEIveC,Gardening
68iEIveC,Cycling
68iEIveC,Hiking
mvYK3L1H,Reading
TbENrC99,Cycling
TbENrC99,Cooking
TbENrC99,Painting
DOnVnKJT,Cooking
DOnVnKJT,Gardening
DOnVnKJT,Painting
2KuEbd3k,Cooking
dH4hY5Gf,Cooking
dH4hY5Gf,Cycling
dH4hY5Gf,Hiking
20XK8pnA,Painting
20XK8pnA,Reading
rmUg4gyX,Hiking
IuR6gaO6,Painting
2ercqoMD,Cycling
8yhGIBcp,Cooking
4KgOjLJg,Hiking
4KgOjLJg,Reading
aj75dtbP,Hiking
zAsPv8Lw,Gardening
zAsPv8Lw,Cooking
zAsPv8Lw,Painting
nlnfKL3G,Cycling
jjwLyrSZ,Cycling
kZkqB3Vo,Reading
ft7B3815,Hiking
ft7B3815,Reading
277x5A6E,Cooking
EERUjhiN,Painting
uusgKaeY,Reading
uusgKaeY,Hiking
MnIpack7,Cycling
MnIpack7,Cooking
FWmqsxmK,Reading
0OxJI5rL,Cooking
0OxJI5rL,Cycling
0OxJI5rL,Painting
byz6t0eC,Cycling
byz6t0eC,Gardening
EJR8aiF6,Gardening
EJR8aiF6,Cycling
EJR8aiF6,Painting
r9hHXuU2,Cooking
D0YYQiHm,Reading
D0YYQiHm,Painting
G45Dd6SZ,Reading
G45Dd6SZ,Cooking
G45Dd6SZ,Cycling
4LsiPZhy,Hiking
4LsiPZhy,Cycling
4LsiPZhy,Gardening
zQLkFIKC,Cooking
zQLkFIKC,Reading
Yos1tA30,Reading
Yos1tA30,Cooking
Yos1tA30,Gardening
Dh3mfh7y,Cooking
Dh3mfh7y,Painting
w9KHtthb,Cycling
w9KHtthb,Gardening
ewtwl9ED,Cooking
ewtwl9ED,Cycling
ewtwl9ED,Painting
JHFcdXYn,Painting
JHFcdXYn,Hiking
1G0VBGJx,Hiking
1G0VBGJx,Painting
eG2oj2iP,Painting
GWmd4JNi,Painting
GWmd4JNi,Hiking
GWmd4JNi,Cooking
jtlMUczR,Cooking
jtlMUczR,Cycling
quRDBvmi,Hiking
quRDBvmi,Cooking
quRDBvmi,Reading
DmKSMhUc,Gardening
dfyqvIfs,Gardening
dfyqvIfs,Cycling
wDVpzILI,Cycling
wDVpzILI,Painting
saX2m8nu,Painting
KSmBa2RR,Cycling
YaNR70ak,Hiking
iwEpYCcX,Cycling
iwEpYCcX,Cooking
iwEpYCcX,Painting
1fyY6Ufo,Painting
1fyY6Ufo,Cooking
Ynk9jvsm,Cycling
Ynk9jvsm,Reading
Kxl7oMEr,Hiking
Kxl7oMEr,Cooking
6YnATSLK,Cooking
RXKJevfN,Cycling
RXKJevfN,Cooking
m1JOwOVN,Painting
aTzZ5hMB,Gardening
aTzZ5hMB,Reading
aTzZ5hMB,Hiking
CKn0lyMy,Cooking
CKn0lyMy,Cycling
CKn0lyMy,Reading
q165AVMI,Cycling
zalAJMZc,Hiking
zalAJMZc,Painting
lH33jwYx,Gardening
lH33jwYx,Hiking
lH33jwYx,Reading
XTKEH0jC,Gardening
loMbyb9K,Hiking
Um8gDaPE,Reading
mEDMGsqY,Cooking
mEDMGsqY,Reading
mEDMGsqY,Cycling
q5cH0XSE,Gardening
q5cH0XSE,Cycling
ysuOpmFY,Reading
ysuOpmFY,Cooking
a7vcIkjU,Reading
a7vcIkjU,Cooking
a7vcIkjU,Cycling
1S41klaW,Cooking
YG6N3EJG,Cycling
qeipUtUF,Painting
qeipUtUF,Hiking
qeipUtUF,Cycling
bm7XI95X,Cooking
bm7XI95X,Gardening
bm7XI95X,Painting
MFzogQu8,Reading
XaBKWsxZ,Painting
bD7gZuM1,Painting
bD7gZuM1,Cycling
bD7gZuM1,Gardening
CovPpc8Y,Reading
9OO9Y4NQ,Cooking
T9mS2yUV,Gardening
T9mS2yUV,Hiking
1pTMj3Ef,Gardening
1pTMj3Ef,Hiking
4DHZyptw,Cycling
4DHZyptw,Cooking
4DHZyptw,Painting
NzDH4FkU,Hiking
FSgD2TgS,Painting
FSgD2TgS,Cycling
FSgD2TgS,Gardening
Ay6o75EW,Hiking
Ay6o75EW,Cooking
nOkXVdSf,Cooking
nOkXVdSf,Cycling
HA7FScUg,Painting
HA7FScUg,Cooking
NyougEil,Reading
Rwz0jEIQ,Hiking
Rwz0jEIQ,Cycling
051wEjwh,Reading
051wEjwh,Gardening
fb9AsKD2,Cycling
fb9AsKD2,Painting
AhkiYyBv,Gardening
ZPB1SgQl,Painting
ZPB1SgQl,Cooking
xx2fkwui,Hiking
xx2fkwui,Gardening
LoVy1JfD,Cooking
K2TQCLpM,Cycling
K2TQCLpM,Cooking
K2TQCLpM,Reading
ND7nWWGx,Hiking
1D80JpP8,Cooking
g62szlYu,Reading
xyQSa70C,Cooking
xyQSa70C,Gardening
xyQSa70C,Painting
avRnth4z,Reading
avRnth4z,Cooking
oTkDoEZG,Hiking
oTkDoEZG,Gardening
rrJyQ50O,Cycling
rrJyQ50O,Gardening
AbarmTov,Reading
AbarmTov,Cycling
AbarmTov,Gardening
9gcPDWSM,Cycling
b4QVwbOR,Reading
b4QVwbOR,Painting
NrwDUjfi,Cooking
NrwDUjfi,Gardening
hmd7o6dU,Gardening
kzbk5NTq,Reading
kzbk5NTq,Gardening
kzbk5NTq,Painting
QFeGN9ib,Gardening
QFeGN9ib,Painting
j0HCiPbj,Cooking
IvmUvtjt,Cycling
YrGokvvW,Hiking
y2dvsCla,Reading
y2dvsCla,Gardening
y2dvsCla,Cycling
OrsHQBZe,Cycling
OrsHQBZe,Cooking
FmOvqpsC,Hiking
FmOvqpsC,Reading
FmOvqpsC,Cycling
wrRTWusR,Painting
ClAJoOrF,Painting
DqiASfjP,Cycling
whvYFbHK,Painting
UpancPCD,Cooking
UpancPCD,Reading
tPH0NTPk,Cooking
tPH0NTPk,Gardening
DluE9Fa1,Gardening
c0nW3NWi,Hiking
c0nW3NWi,Painting
YyKIjw6m,Cycling
YyKIjw6m,Reading
YyKIjw6m,Cooking
eG0Sp2Ry,Cycling
eG0Sp2Ry,Cooking
cFmy6EYA,Painting
yqy5dmys,Painting
yqy5dmys,Hiking
fVDgpiSb,Gardening
fVDgpiSb,Cycling
ZNRJWLd3,Cycling
2BHxP69L,Hiking
2BHxP69L,Painting
7LQkKPh1,Painting
AZKAd981,Hiking
q7GjrWSh,Hiking
q7GjrWSh,Painting
q7GjrWSh,Cooking
OdGbaucY,Cycling
OdGbaucY,Gardening
OdGbaucY,Hiking
0bCCo7Cc,Cooking
0bCCo7Cc,Hiking
0bCCo7Cc,Reading
i9DszrjP,Reading
vNqAfHJp,Hiking
vNqAfHJp,Cycling
vNqAfHJp,Painting
TTUtoeFp,Cycling
TTUtoeFp,Cooking
1bllYtNB,Cooking
1bllYtNB,Gardening
4hgcCx5l,Cycling
LQ9er6F4,Painting
wLfo2shd,Gardening
wLfo2shd,Cycling
wLfo2shd,Cooking
lNnJgDSi,Cycling
lNnJgDSi,Reading
A8FfTWWU,Cooking
A8FfTWWU,Painting
0BjHyo3P,Hiking
iGEU0lEn,Gardening
iGEU0lEn,Hiking
fuFkdsnP,Cycling
fT8fH8lG,Hiking
fT8fH8lG,Painting
fT8fH8lG,Reading
rpljKwYs,Gardening
rpljKwYs,Hiking
iRsnLk9F,Cycling
iRsnLk9F,Cooking
iRsnLk9F,Gardening
OgbSbHIP,Gardening
OgbSbHIP,Hiking
OgbSbHIP,Painting
58ypg6CF,Reading
58ypg6CF,Gardening
58ypg6CF,Cycling
dYnMwDWr,Reading
v3aMzBwz,Cooking
v3aMzBwz,Hiking
v3aMzBwz,Reading
XIcG8SfY,Hiking
aysKXf25,Cycling
aysKXf25,Cooking
aysKXf25,Gardening
6kXQWVyH,Hiking
6kXQWVyH,Painting
gBCzriCS,Hiking
gBCzriCS,Painting
kadghkqo,Reading
UwgI3aLJ,Painting
UwgI3aLJ,Hiking
UwgI3aLJ,Gardening
IaHjfTqS,Cycling
IaHjfTqS,Hiking
IaHjfTqS,Painting
OJyohbBJ,Cycling
OJyohbBJ,Gardening
OJyohbBJ,Cooking
fzQCUehM,Painting
fzQCUehM,Hiking
dYp1sN9Z,Painting
dYp1sN9Z,Cooking
8B9ubsyW,Hiking
8B9ubsyW,Reading
z0NUmmaH,Gardening
z0NUmmaH,Hiking
z0NUmmaH,Painting
Ov1hC45S,Gardening
Ov1hC45S,Painting
xAWGk5vP,Reading
aRITm2NJ,Reading
nI1WbOHS,Hiking
c6KoANbT,Gardening
c6KoANbT,Hiking
sGylU3DF,Hiking
sGylU3DF,Gardening
fZOyKQB0,Hiking
fZOyKQB0,Gardening
fZOyKQB0,Painting
GBzZavAj,Painting
R4VDGYtY,Gardening
6R9CTy5q,Cooking
6R9CTy5q,Painting
6R9CTy5q,Reading
GEQkXG3Q,Cooking
RhLrhweB,Reading
RhLrhweB,Gardening
zxZY9iEX,Cycling
zxZY9iEX,Painting
v04q4LFe,Cycling
md57ogJ0,Painting
md57ogJ0,Cycling
md57ogJ0,Reading
gOwQcPSx,Cooking
gOwQcPSx,Cycling
gOwQcPSx,Painting
x4DZWO1h,Gardening
x4DZWO1h,Cycling
x4DZWO1h,Hiking
1PMRGgXO,Gardening
1PMRGgXO,Reading
9s1HwdTA,Cycling
9s1HwdTA,Gardening
9s1HwdTA,Cooking
m76OKtUo,Gardening
m9bGb1ld,Gardening
YrgjydQW,Painting
G5TDBAZN,Hiking
G5TDBAZN,Painting
EVvEskvO,Painting
EVvEskvO,Gardening
H27dOzay,Painting
H27dOzay,Hiking
H27dOzay,Cooking
dhMaxHDa,Reading
Tcdtp6T0,Cycling
nryvNqcD,Gardening
QXN0iado,Cycling
NuiDzqQp,Cooking
NuiDzqQp,Gardening
JjAhNWYQ,Cycling
Dhv0DtN4,Hiking
Dhv0DtN4,Reading
Dhv0DtN4,Cycling
AhRTFQGR,Cycling
AhRTFQGR,Cooking
8qOAUJn7,Painting
gPx9PNHV,Gardening
gPx9PNHV,Reading
gPx9PNHV,Cycling
6gkMRoVG,Hiking
nvBfbAOM,Reading
SwJ6vpU2,Hiking
oasbRwZK,Painting
oasbRwZK,Reading
uO7a9TKI,Hiking
uO7a9TKI,Cooking
uO7a9TKI,Cycling
jPihutYV,Hiking
jPihutYV,Reading
NSlaoRDD,Gardening
Ov94oINu,Reading
Ov94oINu,Cycling
Ov94oINu,Painting
sKecXnHz,Hiking
sKecXnHz,Cycling
KwpMEB1s,Reading
lHkoTbhc,Cooking
lHkoTbhc,Reading
lHkoTbhc,Cycling
AGIBJGCG,Reading
AGIBJGCG,Cooking
AGIBJGCG,Gardening
cJVcwQgB,Cycling
cJVcwQgB,Hiking
FkxpxGUF,Reading
FkxpxGUF,Hiking
FkxpxGUF,Painting
C326GwQs,Hiking
fusY8TUY,Reading
fusY8TUY,Cooking
bcVadviO,Cooking
bcVadviO,Hiking
cjFSROTl,Gardening
cjFSROTl,Reading
Fszg2T0D,Gardening
Fszg2T0D,Hiking
HyAx09Uq,Hiking
HyAx09Uq,Reading
HyAx09Uq,Cooking
pErpCmib,Cycling
pErpCmib,Gardening
pErpCmib,Hiking
0rRb82ru,Cycling
0rRb82ru,Reading
FwJ1WFE4,Hiking
FwJ1WFE4,Reading
FwJ1WFE4,Gardening
qR3Vi97u,Gardening
qR3Vi97u,Painting
kdKacNS7,Painting
rd1Coal2,Reading
rd1Coal2,Gardening
xwpGHiS5,Cycling
xwpGHiS5,Painting
Fbi1AOnJ,Gardening
Fbi1AOnJ,Reading
Fbi1AOnJ,Cooking
Wm5KFBS8,Gardening
Wm5KFBS8,Reading
Qrf1jCOO,Gardening
Qrf1jCOO,Painting
Qrf1jCOO,Cycling
OhaCEg6w,Cycling
JjopkMFh,Painting
FAQ2vh92,Painting
qpuFNP6w,Cooking
qpuFNP6w,Cycling
qpuFNP6w,Reading
UdwX4BZx,Cycling
Uas41n0v,Reading
O8VIORAk,Reading
O8VIORAk,Cooking
O8VIORAk,Hiking
DTU4WbuK,Hiking
DTU4WbuK,Cooking
DTU4WbuK,Reading
Q2IPmmvc,Hiking
GLyfd2BA,Hiking
mcZ3A2SN,Gardening
v0C3Ojqy,Cycling
HNIXvPgW,Painting
2ppAoFHa,Hiking
HafTVhEr,Cooking
HafTVhEr,Gardening
aehw50oN,Hiking
aehw50oN,Cooking
aehw50oN,Reading
8Xb4FHvR,Cycling
OlLW2ZG2,Gardening
OlLW2ZG2,Cycling
OlLW2ZG2,Hiking
B1A8dXY8,Hiking
B1A8dXY8,Painting
B1A8dXY8,Cycling
PFL5EtvY,Gardening
PFL5EtvY,Hiking
PFL5EtvY,Reading
IhP4kbQy,Reading
IhP4kbQy,Painting
IhP4kbQy,Cycling
YkQEv43s,Hiking
YkQEv43s,Reading
YkQEv43s,Cooking
D7dtAOEH,Cycling
D7dtAOEH,Cooking
JMu4lEIq,Cycling
L9SzyuNr,Cooking
L9SzyuNr,Hiking
L9SzyuNr,Reading
qbWlmjN9,Hiking
qbWlmjN9,Reading
qbWlmjN9,Painting
IwLtuQjD,Painting
nRbhFKLq,Hiking
nRbhFKLq,Gardening
nRbhFKLq,Cooking
qGtbG1ab,Cooking
qGtbG1ab,Reading
qGtbG1ab,Hiking
E1R98qFh,Hiking
E1R98qFh,Cycling
E1R98qFh,Cooking
nZNdPlnG,Painting
nZNdPlnG,Reading
nZNdPlnG,Cooking
j300EZSy,Gardening
j300EZSy,Hiking
j300EZSy,Painting
EekE0XCo,Hiking
EekE0XCo,Cycling
EekE0XCo,Cooking
hDozLHxK,Painting
hDozLHxK,Reading
KO8zeugH,Hiking
KO8zeugH,Gardening
8aQbwtfI,Gardening
8aQbwtfI,Reading
8aQbwtfI,Hiking
zJQ0GOHt,Hiking
zJQ0GOHt,Reading
zJQ0GOHt,Cooking
NT4Q9gHZ,Painting
NT4Q9gHZ,Hiking
pMUi0uEY,Cycling
56a7R40x,Painting
56a7R40x,Gardening
lFKD881K,Reading
ZdsZzdp9,Cycling
ZdsZzdp9,Gardening
ZdsZzdp9,Cooking
IQTwWdxU,Cooking
IQTwWdxU,Painting
LVDJvNO0,Cooking
LVDJvNO0,Gardening
BZmU5VAl,Reading
beCrZHmK,Cycling
beCrZHmK,Gardening
beCrZHmK,Painting
QOvXEUvQ,Hiking
kRaSEPWb,Cooking
kRaSEPWb,Cycling
KqP0rFGr,Cooking
18NnzjD1,Cooking
dObqDTTi,Cycling
dObqDTTi,Reading
k2dJwQMO,Cycling
w4CrHXFi,Gardening
w4CrHXFi,Painting
bz6DzrMK,Gardening
bz6DzrMK,Painting
dxpKVlN5,Hiking
dxpKVlN5,Cooking
dxpKVlN5,Gardening
QyzBGWsA,Gardening
QyzBGWsA,Reading
QyzBGWsA,Hiking
uOnwqFRR,Painting
ZtiXzcXc,Gardening
ZtiXzcXc,Reading
ZtiXzcXc,Cycling
4RN33iZK,Painting
7L9NQ3o8,Painting
7L9NQ3o8,Cooking
npKEkz9B,Gardening
npKEkz9B,Cooking
L5B0TOdh,Hiking
FDHc7eCP,Cycling
zxKJmOd0,Cycling
zxKJmOd0,Cooking
vEPq8Yi6,Hiking
O25FsNhC,Cooking
Pl02ys8Z,Reading
Pl02ys8Z,Painting
Pl02ys8Z,Cycling
UgZz5Jox,Gardening
UgZz5Jox,Reading
UgZz5Jox,Hiking
7djgG5I1,Cooking
i42Lla5T,Hiking
255pjm8P,Cooking
255pjm8P,Painting
255pjm8P,Gardening
d0jmHuhq,Reading
c0if7Uzb,Reading
q0QFjCAb,Reading
q0QFjCAb,Cycling
WqtPIbNk,Painting
WqtPIbNk,Gardening
7A2MCkQE,Gardening
7A2MCkQE,Hiking
7A2MCkQE,Painting
13nGREtB,Hiking
dUxqM41H,Painting
dUxqM41H,Cycling
dUxqM41H,Reading
zmOz677o,Cooking
zmOz677o,Hiking
zmOz677o,Cycling
NtVVuoPU,Gardening
lbP0ILCQ,Cycling
lbP0ILCQ,Cooking
lRqsiawj,Painting
aBxhhQVR,Reading
aBxhhQVR,Gardening
aBxhhQVR,Cycling
oXYuSb8k,Gardening
oXYuSb8k,Cooking
oXYuSb8k,Hiking
iR21VIIz,Painting
NV9Gl4dP,Reading
NV9Gl4dP,Gardening
NV9Gl4dP,Cooking
nafddJkI,Gardening
nafddJkI,Cycling
nafddJkI,Painting
u3gF0Ard,Hiking
u3gF0Ard,Reading
u3gF0Ard,Cooking
wnDJ6fPj,Reading
DR54upLn,Painting
DR54upLn,Gardening
qjs4ztlp,Cooking
qjs4ztlp,Hiking
ppjg75nv,Cycling
ppjg75nv,Hiking
ppjg75nv,Cooking
FYx0mWEe,Gardening
FYx0mWEe,Painting
FYx0mWEe,Cooking
hIY3U6pk,Hiking
hIY3U6pk,Gardening
hIY3U6pk,Painting
HFwOB2J2,Reading
HFwOB2J2,Cycling
HFwOB2J2,Hiking
anJONJSO,Gardening
anJONJSO,Cooking
anJONJSO,Painting
ASlhR1io,Reading
shf9PmVt,Gardening
oK2q5bTq,Reading
oK2q5bTq,Cooking
NoiIBaVU,Hiking
NoiIBaVU,Gardening
NoiIBaVU,Reading
W8U4AZfc,Reading
5WsD7N8L,Reading
Z8IQjz6n,Cooking
mSNIL7XY,Cooking
VtXFtOQw,Reading
VtXFtOQw,Painting
VtXFtOQw,Cycling
uDvBoYdZ,Gardening
uDvBoYdZ,Hiking
uDvBoYdZ,Cycling
wlOsuFAy,Hiking
YJ55qyRh,Cooking
YJ55qyRh,Gardening
ahbsujs0,Painting
6zN0TWu5,Reading
6zN0TWu5,Painting
wgdNW41m,Gardening
6CcmY84a,Gardening
6CcmY84a,Cooking
6CcmY84a,Hiking
nIUMIVKS,Cooking
PA7dJ17O,Painting
rnekabpb,Cooking
rnekabpb,Cycling
rnekabpb,Reading
MF7F4T1e,Cooking
MF7F4T1e,Hiking
rzQzzpZr,Painting
rzQzzpZr,Cycling
O5gKeVx1,Painting
O5gKeVx1,Reading
O5gKeVx1,Cooking
ME8t4zaj,Gardening
ME8t4zaj,Cooking
ME8t4zaj,Reading
LRFWRgic,Cooking
LRFWRgic,Hiking
LRFWRgic,Painting
maizo3RK,Cycling
BkTd397Z,Painting
BkTd397Z,Hiking
JrdbXxXQ,Cooking
JrdbXxXQ,Gardening
mTSLpPtu,Cycling
mTSLpPtu,Reading
mTSLpPtu,Cooking
X9xeqIo8,Hiking
X9xeqIo8,Reading
X9xeqIo8,Painting
0qYRDtET,Gardening
0qYRDtET,Hiking
0qYRDtET,Cooking
U9Nfjpt0,Gardening
U9Nfjpt0,Reading
zfLZ3VNU,Gardening
zfLZ3VNU,Hiking
zfLZ3VNU,Painting
zw0DiyPa,Cycling
zw0DiyPa,Reading
wL1rGgnq,Painting
zqdB66FO,Cooking
FSZaUNj2,Cycling
FSZaUNj2,Gardening
FSZaUNj2,Hiking
Jf2dZkUs,Hiking
Jf2dZkUs,Gardening
bkbmAuE0,Painting
bkbmAuE0,Hiking
XIvm82FO,Reading
XIvm82FO,Painting
XIvm82FO,Cooking
VVe9XYtI,Cooking
ES1VhkqQ,Reading
ES1VhkqQ,Painting
ES1VhkqQ,Cycling
lJj1RsDN,Cycling
lJj1RsDN,Painting
lJj1RsDN,Hiking
bQh1Y5PK,Gardening
bQh1Y5PK,Reading
KMvcqnZN,Painting
Lsdp2NMM,Gardening
Lsdp2NMM,Cycling
d92M5d2o,Cooking
d92M5d2o,Hiking
6n9WWa0m,Cycling
1QM1xSyK,Cooking
1QM1xSyK,Painting
QJchR3oj,Painting
fKVwq4MQ,Cooking
fKVwq4MQ,Painting
fKVwq4MQ,Gardening
r0yC2CTt,Gardening
r0yC2CTt,Hiking
bWER4dSf,Painting
7lXHJPCe,Cycling
7lXHJPCe,Hiking
J2KyqfPT,Hiking
J2KyqfPT,Cooking
J2KyqfPT,Reading
5UvIKK5M,Cycling
5UvIKK5M,Cooking
5UvIKK5M,Gardening
by27qiHf,Reading
F4ZNnxhb,Gardening
F4ZNnxhb,Reading
PgGmRnRH,Reading
PgGmRnRH,Cooking
PgGmRnRH,Painting
VCSb6Ahh,Cooking
dquHiTZX,Cycling
dquHiTZX,Cooking
dquHiTZX,Gardening
jQKMJJM1,Cooking
l49XJURO,Cooking
l49XJURO,Reading
BdOw9cX1,Cycling
lvR6bs3l,Reading
UnhyD3Gy,Cycling
UnhyD3Gy,Painting
KpzIL5wc,Reading
ckblemJ7,Painting
ckblemJ7,Reading
jdBFewCd,Painting
jdBFewCd,Gardening
jdBFewCd,Cycling
8OJxaomG,Painting
8OJxaomG,Gardening
8OJxaomG,Hiking
76aICoZG,Cooking
76aICoZG,Hiking
9DQNMe8B,Painting
9DQNMe8B,Cooking
9DQNMe8B,Gardening
AWkE8bl0,Gardening
AWkE8bl0,Reading
AWkE8bl0,Painting
JDCanmwW,Cycling
JDCanmwW,Reading
JDCanmwW,Cooking
BWhwtQHe,Cycling
BWhwtQHe,Painting
BWhwtQHe,Gardening
eHMfBQaW,Cooking
eHMfBQaW,Cycling
eHMfBQaW,Painting
J8O98Sjg,Gardening
J8O98Sjg,Reading
J8O98Sjg,Hiking
NbQ95mv6,Hiking
NbQ95mv6,Cycling
0d2CumM2,Reading
EkdPTjSD,Cycling
tpLUyZIy,Painting
5dyiYbhM,Cycling
5dyiYbhM,Painting
xHTnovbn,Hiking
xHTnovbn,Cooking
xHTnovbn,Reading
xclGtdI9,Cycling
xclGtdI9,Hiking
xclGtdI9,Gardening
QWe8FZME,Hiking
QWe8FZME,Gardening
QWe8FZME,Reading
W6pB65pe,Cooking
W6pB65pe,Painting
pgaEbHx8,Reading
pgaEbHx8,Painting
pgaEbHx8,Hiking
FfVbVV6X,Cycling
FfVbVV6X,Hiking
uB27kfLG,Gardening
uB27kfLG,Cycling
tpxR7lvw,Painting
tpxR7lvw,Cooking
HjmGjGZ1,Cycling
HjmGjGZ1,Hiking
FB7k1xof,Reading
FB7k1xof,Painting
SW9vat1T,Cycling
SW9vat1T,Painting
SW9vat1T,Cooking
4v1tUuy6,Cooking
6XdHyZv0,Reading
6XdHyZv0,Hiking
DiJYLjXs,Cooking
5oMM5N5d,Gardening
5oMM5N5d,Painting
WEjGYF3F,Reading
32Vz5ahu,Reading
32Vz5ahu,Gardening
cgx5COWn,Cooking
cgx5COWn,Reading
cgx5COWn,Painting
RlZseUbL,Painting
RlZseUbL,Hiking
RlZseUbL,Reading
ihUzaMKk,Reading
ihUzaMKk,Painting
hbss5UzR,Painting
hbss5UzR,Hiking
YRrWmado,Cycling
YRrWmado,Gardening
YRrWmado,Cooking
V45gL1VP,Gardening
V45gL1VP,Hiking
V45gL1VP,Painting
CtpRktUL,Hiking
hYwvwjea,Painting
E1uaZIk5,Cooking
E1uaZIk5,Reading
E1uaZIk5,Hiking
4uajQbSC,Reading
4uajQbSC,Cycling
Pdgei6pH,Gardening
Pdgei6pH,Reading
hwoJXfk5,Hiking
hwoJXfk5,Cooking
qoWRRpS3,Gardening
qoWRRpS3,Reading
qoWRRpS3,Painting
YUqieeza,Painting
LcwNckWW,Hiking
LcwNckWW,Reading
5qV3yGIj,Cooking
5qV3yGIj,Reading
5qV3yGIj,Painting
GcetpN1E,Gardening
GcetpN1E,Cycling
GcetpN1E,Hiking
cOON7nFu,Hiking
cOON7nFu,Cooking
cOON7nFu,Cycling
7qAgLj05,Reading
7qAgLj05,Hiking
7qAgLj05,Cycling
caOJ97gl,Hiking
caOJ97gl,Gardening
OQaubzSS,Cooking
9V5MVWYM,Cooking
9V5MVWYM,Reading
URdPocoK,Cycling
URdPocoK,Cooking
DWPTgnag,Hiking
DWPTgnag,Cooking
iCLRruCH,Cooking
iCLRruCH,Hiking
iCLRruCH,Reading
H57n9dED,Hiking
H57n9dED,Reading
yKDauGhi,Reading
XDpWyOS2,Reading
EVeWTFsz,Painting
tCRHL6tT,Hiking
5hfP9Kf4,Hiking
5hfP9Kf4,Gardening
5hfP9Kf4,Painting
mbN4isA0,Reading
mbN4isA0,Hiking
mbN4isA0,Cycling
LMPKA6BG,Cooking
LMPKA6BG,Gardening
LMPKA6BG,Cycling
8qVE1Nqc,Cooking
8qVE1Nqc,Reading
8qVE1Nqc,Hiking
47YcIsae,Gardening
gwENDen5,Painting
gwENDen5,Reading
gwENDen5,Cooking
OFLblpva,Cycling
ZM55b68j,Hiking
ZM55b68j,Cycling
f1Vq4EMI,Cycling
igyOZ9ZR,Cooking
igyOZ9ZR,Gardening
igyOZ9ZR,Reading
owfOrJcx,Reading
dRAqfqrT,Reading
dRAqfqrT,Hiking
NYnGsCgu,Painting
NYnGsCgu,Cooking
NYnGsCgu,Gardening
od7oTdB3,Hiking
od7oTdB3,Gardening
od7oTdB3,Painting
GjSUMME7,Painting
3ToHMRZo,Hiking
3ToHMRZo,Gardening
3ToHMRZo,Cooking
qhARR8xf,Reading
vHYSMM0u,Hiking
LTXFfFJ2,Reading
NH3Eygww,Painting
NH3Eygww,Reading
NH3Eygww,Cycling
GaONgGd8,Hiking
GaONgGd8,Reading
GaONgGd8,Cooking
otB0YKYx,Hiking
otB0YKYx,Cooking
qYSi3LtV,Hiking
qYSi3LtV,Cycling
YYqcNXpy,Painting
24y3uXgo,Hiking
24y3uXgo,Reading
24y3uXgo,Cooking
cSObbtfV,Cooking
kLsxRDLC,Painting
7vtNFrzJ,Painting
7vtNFrzJ,Reading
7vtNFrzJ,Cooking
ksLHE0Yo,Cycling
ksLHE0Yo,Painting
OCPcYHIW,Cooking
YvelKHSI,Cooking
nRfFApsw,Reading
nRfFApsw,Gardening
nRfFApsw,Cooking
QNWb2bvt,Gardening
miLdIuaJ,Hiking
miLdIuaJ,Reading
uQEuVApP,Reading
kL31kapy,Hiking
kL31kapy,Reading
1fmIGq9J,Hiking
1fmIGq9J,Reading
fqrAU8c1,Gardening
luTNKllf,Painting
luTNKllf,Gardening
luTNKllf,Cycling
176VjK1H,Cycling
176VjK1H,Hiking
176VjK1H,Cooking
Cn4VOZLo,Painting
ifA2hZ2A,Painting
ifA2hZ2A,Hiking
0CTBeCiB,Cycling
OISEzuNL,Cooking
EjAwD4cb,Painting
EjAwD4cb,Reading
EjAwD4cb,Hiking
ifLuSwZP,Cooking
ifLuSwZP,Reading
VyGkVCcj,Painting
453O8OXx,Cycling
CpJ4orsl,Reading
nhbsrNaw,Cooking
srYlk74L,Cycling
srYlk74L,Cooking
srYlk74L,Gardening
iejkVmCk,Gardening
iejkVmCk,Cooking
XNYuwLXr,Cycling
XNYuwLXr,Cooking
kWEJwKEV,Hiking
kWEJwKEV,Gardening
kWEJwKEV,Cycling
3UVVpgob,Hiking
gIVFPq04,Hiking
Z2PJ0yRP,Cycling
7yzlbAiX,Gardening
7yzlbAiX,Painting
7yzlbAiX,Hiking
t9odz0iT,Cycling
VrsBPKtB,Hiking
VrsBPKtB,Cycling
VrsBPKtB,Gardening
cDYqsuCq,Reading
cDYqsuCq,Hiking
hPkjKeHx,Gardening
hPkjKeHx,Painting
8L6FeRvZ,Reading
8L6FeRvZ,Painting
RLtdGAIY,Cycling
RLtdGAIY,Gardening
RLtdGAIY,Painting
CI6dTPAV,Gardening
JTL9tWE4,Painting
BFCkFdut,Gardening
lNMoEKt4,Cycling
lNMoEKt4,Gardening
5Q4iqczr,Reading
Z1UEMNTQ,Reading
Z1UEMNTQ,Cooking
Z1UEMNTQ,Painting
lJFyGwYv,Gardening
lJFyGwYv,Reading
zbb7WDK3,Cooking
zbb7WDK3,Hiking
DST8YPfG,Gardening
MOgpvF0z,Gardening
MOgpvF0z,Cooking
ibUrRfSU,Hiking
ibUrRfSU,Reading
FMjBpXz6,Hiking
FMjBpXz6,Gardening
FMjBpXz6,Cycling
SHcboRik,Reading
utbtRbER,Cooking
utbtRbER,Hiking
7ZOAc2ca,Painting
7ZOAc2ca,Cycling
7ZOAc2ca,Hiking
O3piw6Fz,Hiking
cLyikckQ,Reading
cLyikckQ,Painting
cLyikckQ,Hiking
hMFuyEGR,Gardening
hMFuyEGR,Cooking
EhxhxhBE,Reading
zacBHQna,Cooking
zacBHQna,Painting
zacBHQna,Reading
1UnP85VT,Cooking
1UnP85VT,Gardening
1UnP85VT,Painting
FWMrtxZI,Reading
FWMrtxZI,Cooking
fOQeRqxP,Gardening
fOQeRqxP,Hiking
nAnReHKB,Gardening
Y1CHZsGs,Gardening
Y1CHZsGs,Reading
Y1CHZsGs,Cooking
QVusZ9Wz,Hiking
HVhqhStl,Reading
Es54Vpja,Painting
Es54Vpja,Cycling
Es54Vpja,Cooking
YuKjSD0O,Painting
YuKjSD0O,Reading
YuKjSD0O,Hiking
OxYPfTxC,Cooking
9t3w2u7L,Cooking
9t3w2u7L,Gardening
tFmQ5bo4,Cooking
tFmQ5bo4,Cycling
UTyuVYtj,Cycling
UTyuVYtj,Reading
UTyuVYtj,Cooking
TDESZaF1,Reading
TDESZaF1,Cooking
TDESZaF1,Gardening
tI8LXdtS,Hiking
tI8LXdtS,Gardening
tI8LXdtS,Cycling
xPbUsl6U,Hiking
xPbUsl6U,Cooking
dC3rgCPv,Hiking
dC3rgCPv,Painting
dC3rgCPv,Cooking
ahcHunNQ,Painting
ahcHunNQ,Reading
ahcHunNQ,Cycling
Dk6mXCAe,Hiking
Dk6mXCAe,Reading
Dk6mXCAe,Cooking
Amhw4OXM,Reading
Amhw4OXM,Gardening
Amhw4OXM,Cooking
34QTCdHv,Painting
vyqUAxgA,Cooking
vyqUAxgA,Painting
vyqUAxgA,Reading
bknon4Sw,Gardening
bknon4Sw,Painting
OpDJbujW,Gardening
OpDJbujW,Reading
NTQPI3Ej,Gardening
NTQPI3Ej,Reading
WFjya1mU,Gardening
5xr97Ajo,Cycling
5xr97Ajo,Cooking
vJln8KMo,Reading
gL7Q7wfT,Cycling
gL7Q7wfT,Gardening
gL7Q7wfT,Painting
dGZLg9hb,Cooking
dGZLg9hb,Cycling
yIbor719,Cooking
yIbor719,Painting
yIbor719,Cycling
yZBXF5LR,Gardening
yZBXF5LR,Painting
yZBXF5LR,Hiking
ZXAxaJcn,Reading
ZXAxaJcn,Gardening
ZXAxaJcn,Painting
JoKZUP5d,Cooking
JoKZUP5d,Hiking
JoKZUP5d,Reading
qza9324K,Cooking
qza9324K,Painting
nMSjk26X,Painting
nMSjk26X,Gardening
dt9UE1uV,Hiking
dt9UE1uV,Gardening
g5rage2E,Gardening
W2ieDptv,Gardening
W2ieDptv,Hiking
W2ieDptv,Cycling
Qs2UAP5D,Cycling
Qs2UAP5D,Cooking
Qs2UAP5D,Gardening
xqfNlXts,Reading
fWuMhMZt,Painting
a7hlDLsx,Cycling
a7hlDLsx,Hiking
40et0BAJ,Cooking
40et0BAJ,Painting
hmWhEfxC,Cycling
hmWhEfxC,Painting
t8ftEuBc,Painting
gpObVZyO,Hiking
gpObVZyO,Gardening
gpObVZyO,Cooking
OJPhVrr4,Gardening
OJPhVrr4,Hiking
Snp9cuf5,Cycling
Snp9cuf5,Painting
Snp9cuf5,Cooking
XsWLLzyi,Hiking
XsWLLzyi,Cycling
Nr3TtRwA,Reading
Nr3TtRwA,Painting
Nr3TtRwA,Gardening
PhLCXLzP,Cooking
5An1JzCt,Reading
5An1JzCt,Cycling
pBSFd0Ku,Cooking
pBSFd0Ku,Painting
RjdubWWx,Painting
RjdubWWx,Reading
RjdubWWx,Cooking
Elg8rF87,Painting
CnX9hHCv,Hiking
0C8PtlgX,Painting
x0LgDQrg,Reading
x0LgDQrg,Hiking
CAPUIlrR,Reading
CAPUIlrR,Cooking
kMGAhjP0,Hiking
1TjnNSzH,Painting
QOEkJIKy,Cooking
QOEkJIKy,Hiking
LW91LEHM,Reading
LW91LEHM,Cooking
LW91LEHM,Cycling
PMwBKREv,Gardening
PMwBKREv,Hiking
PMwBKREv,Painting
hoPBzkAB,Cooking
hoPBzkAB,Cycling
Ye12rLxy,Painting
Ye12rLxy,Reading
Ye12rLxy,Hiking
7An44JDL,Hiking
7An44JDL,Reading
7An44JDL,Cycling
aBaayzS0,Cycling
aBaayzS0,Painting
YEm2uaqb,Painting
YEm2uaqb,Cycling
yIt9LRbk,Cycling
yIt9LRbk,Gardening
yIt9LRbk,Painting
YnFYNE2t,Painting
YnFYNE2t,Hiking
YnFYNE2t,Gardening
AXYvOzp5,Cycling
AXYvOzp5,Gardening
AXYvOzp5,Reading
Q5WKTisg,Cycling
CVL7hGS1,Gardening
CVL7hGS1,Reading
CVL7hGS1,Painting
uIkUn5tK,Cycling
uIkUn5tK,Painting
OtM5unCW,Hiking
OtM5unCW,Cooking
ep3eIT5Y,Cycling
ep3eIT5Y,Hiking
kJb3WBml,Reading
kJb3WBml,Hiking
fJXAtdjz,Hiking
fJXAtdjz,Cycling
fJXAtdjz,Painting
pfX5of5G,Cooking
pfX5of5G,Cycling
pfX5of5G,Reading
cq5GiuxA,Hiking
lH5Vs0jX,Hiking
C6iNr7xE,Reading
R6YD4NEp,Cycling
R6YD4NEp,Gardening
R6YD4NEp,Hiking
l9UwbcVX,Reading
l9UwbcVX,Cooking
l9UwbcVX,Cycling
qnuAa2uW,Cycling
qnuAa2uW,Gardening
WqQknBzV,Painting
WqQknBzV,Cycling
KlsiPJPj,Gardening
KlsiPJPj,Reading
KlsiPJPj,Hiking
guJJJyUB,Reading
guJJJyUB,Hiking
guJJJyUB,Painting
cFwqTgFA,Cycling
cFwqTgFA,Reading
LONaQpRx,Painting
LONaQpRx,Hiking
LONaQpRx,Cycling
tiAnVsHT,Cooking
tiAnVsHT,Cycling
BzSEPuQg,Reading
BzSEPuQg,Cycling
7JhU2PZB,Cooking
7JhU2PZB,Hiking
7JhU2PZB,Cycling
wQDnUbjO,Gardening
wQDnUbjO,Hiking
wQDnUbjO,Reading
DtEiq70I,Cycling
DtEiq70I,Hiking
lxSEC1Ih,Cooking
ep8BoSm3,Painting
ep8BoSm3,Hiking
ep8BoSm3,Reading
saN7pvnp,Reading
saN7pvnp,Cycling
Bw3mPgr6,Cooking
Bw3mPgr6,Gardening
Bw3mPgr6,Painting
lLA6UM9Z,Gardening
RyVIjFXI,Hiking
HsD17em5,Reading
HsD17em5,Hiking
e8vfDOc7,Cycling
e8vfDOc7,Painting
Nk9bFZWY,Hiking
Nk9bFZWY,Cycling
Nk9bFZWY,Reading
cz3I0l5Y,Cycling
cz3I0l5Y,Reading
cz3I0l5Y,Hiking
RRwOAZNN,Painting
RRwOAZNN,Cooking
Ant609aU,Cooking
7Ywzzumi,Hiking
7Ywzzumi,Cycling
fgQQ7ZpG,Cycling
Oc91LddC,Painting
Oc91LddC,Gardening
oJ6M5lGh,Gardening
oJ6M5lGh,Cooking
oJ6M5lGh,Painting
2CRgo2kB,Cycling
2CRgo2kB,Painting
2CRgo2kB,Reading
fCfwyg9R,Painting
fCfwyg9R,Cooking
fCfwyg9R,Gardening
nby23hsR,Painting
Gcm96SWx,Painting
Gcm96SWx,Gardening
N53P7AnU,Hiking
N53P7AnU,Cooking
hmgLkLnl,Gardening
VBwxzxRA,Gardening
VBwxzxRA,Cycling
GddJ0L5E,Reading
TNmwjwKj,Hiking
TNmwjwKj,Cycling
TNmwjwKj,Painting
1mbW6tPH,Reading
1mbW6tPH,Hiking
1mbW6tPH,Painting
puHn7VaL,Painting
VOUMla2C,Reading
VOUMla2C,Cycling
R9j3GZsH,Cycling
R9j3GZsH,Gardening
R9j3GZsH,Cooking
YS5iuzKI,Painting
YS5iuzKI,Reading
Fl7jgbLB,Cooking
fkRIQ456,Painting
fkRIQ456,Gardening
fkRIQ456,Reading
wuL0vrkZ,Gardening
wuL0vrkZ,Cooking
wuL0vrkZ,Hiking
Gwgzh4e8,Cooking
wKCJSl4U,Cooking
wKCJSl4U,Cycling
UxhvurQz,Hiking
UxhvurQz,Gardening
UxhvurQz,Reading
avxMlTx7,Cycling
d6UOTv8D,Cooking
d6UOTv8D,Gardening
d6UOTv8D,Painting
7KKkdi3O,Cooking
7KKkdi3O,Hiking
7KKkdi3O,Gardening
xDkzJGbe,Cooking
nDEn8WXN,Hiking
nDEn8WXN,Cooking
EMWpxlVj,Cycling
EMWpxlVj,Cooking
Hycggjs9,Painting
Hycggjs9,Hiking
Hycggjs9,Cooking
zrqOMzGj,Cooking
zrqOMzGj,Gardening
Homf8qHs,Hiking
Homf8qHs,Gardening
FSgiam9C,Cycling
FSgiam9C,Painting
FSgiam9C,Cooking
8Q8GXf8D,Cooking
EFTWMEFm,Hiking
EFTWMEFm,Cooking
EFTWMEFm,Reading
rMGxsjw9,Hiking
rMGxsjw9,Gardening
TtS1wy09,Gardening
TtS1wy09,Reading
UlGJig4K,Cycling
1RYbH7gY,Hiking
1RYbH7gY,Cycling
1RYbH7gY,Reading
liGcpf3M,Reading
liGcpf3M,Painting
SIxhE0cF,Gardening
vmzKFG3I,Reading
vmzKFG3I,Cycling
vmzKFG3I,Hiking
c8MzngTN,Cycling
c8MzngTN,Gardening
c8MzngTN,Reading
DRExrMPj,Gardening
pVcJ5Hzs,Gardening
kYLfLe3w,Cycling
sfnFweOb,Hiking
sfnFweOb,Cycling
e5uNTTgX,Gardening
e5uNTTgX,Hiking
e5uNTTgX,Cooking
XWsXSiJq,Gardening
XWsXSiJq,Painting
XWsXSiJq,Cooking
6Th31ZxI,Reading
6Th31ZxI,Painting
6Th31ZxI,Gardening
BYCAPhZI,Cycling
BYCAPhZI,Gardening
BYCAPhZI,Painting
bF2Cpeqs,Painting
HRz7wDBC,Reading
VmeTGx3m,Hiking
eywZLuDQ,Gardening
eywZLuDQ,Painting
VjoQ54dh,Cycling
kEfK41iR,Reading
kEfK41iR,Gardening
kEfK41iR,Cooking
dBkiTbWn,Reading
aa98nj0N,Cooking
aa98nj0N,Hiking
aa98nj0N,Gardening
q2r4gPBr,Cycling
q2r4gPBr,Gardening
q2r4gPBr,Painting
HBwp4awT,Painting
1VYOpMdJ,Hiking
JRXm8T3v,Reading
4k1lWpWf,Cycling
4k1lWpWf,Hiking
4k1lWpWf,Gardening
zg6YkNvx,Gardening
zg6YkNvx,Reading
zg6YkNvx,Cycling
KcGhfdOW,Gardening
mQ8ZQFk1,Painting
mQ8ZQFk1,Gardening
7922oOe7,Hiking
XC4CcnSv,Painting
XC4CcnSv,Gardening
BOzVnY1b,Cycling
BOzVnY1b,Painting
BOzVnY1b,Hiking
mJMLWB1i,Hiking
U2VcGbpi,Cycling
g97hJw9g,Gardening
g97hJw9g,Reading
g97hJw9g,Cooking
gJStqf8r,Hiking
gJStqf8r,Gardening
xunzT0Pf,Painting
xunzT0Pf,Gardening
ZqCXx0Ce,Hiking
21QpmUk6,Cooking
21QpmUk6,Gardening
21QpmUk6,Hiking
Cyl0nxw5,Cycling
WMbaXACu,Reading
WMbaXACu,Cooking
WMbaXACu,Cycling
W53VmR32,Gardening
W53VmR32,Hiking
ROwstnXR,Painting
ROwstnXR,Cycling
ROwstnXR,Reading
j4pgpK8J,Gardening
j4pgpK8J,Painting
j4pgpK8J,Reading
PWeST287,Gardening
PWeST287,Painting
PWeST287,Hiking
UcE2OmrF,Cycling
fk7Kwr6d,Reading
fk7Kwr6d,Hiking
9b243gfX,Gardening
9b243gfX,Painting
JKKMjEs4,Cycling
oLWoGZ13,Gardening
oLWoGZ13,Cooking
umnhoaLt,Gardening
umnhoaLt,Painting
umnhoaLt,Reading
JTRe1ldX,Cooking
tkJu6IUZ,Hiking
nw1xaJRs,Cooking
nw1xaJRs,Painting
3yvthvts,Hiking
3yvthvts,Cycling
KwspDmYM,Cooking
7d1kOhfh,Painting
7d1kOhfh,Cooking
rlCi9OBK,Cycling
rlCi9OBK,Cooking
M6IELgD8,Gardening
M6IELgD8,Reading
M6IELgD8,Painting
OrdSYpoD,Cooking
OrdSYpoD,Reading
QPYDFs9w,Cooking
QPYDFs9w,Painting
QPYDFs9w,Hiking
cIAOHIeJ,Painting
2YqE8vne,Cooking
2YqE8vne,Painting
j5CDAxJK,Reading
j5CDAxJK,Hiking
j5CDAxJK,Cooking
wfWdXjM2,Painting
wfWdXjM2,Gardening
jCozzzQa,Cycling
IMzQYtxe,Painting
IMzQYtxe,Reading
gTVtKF9P,Reading
Gfva4Nt3,Hiking
Gfva4Nt3,Cycling
Gfva4Nt3,Reading
Rwyl9FtO,Gardening
Rwyl9FtO,Hiking
sTVsrosV,Hiking
sTVsrosV,Cooking
1JQFD43S,Gardening
HWF7690g,Cycling
HWF7690g,Cooking
KhwRyRiI,Painting
KIypnT3f,Cycling
KIypnT3f,Reading
4GizqXY6,Hiking
4GizqXY6,Reading
4GizqXY6,Painting
dNkQ1MLj,Gardening
dNkQ1MLj,Cooking
bfVrbZAr,Reading
bfVrbZAr,Cooking
bfVrbZAr,Painting
CsYnv3zQ,Reading
CsYnv3zQ,Hiking
CsYnv3zQ,Gardening
ky6Ph2Y8,Gardening
ky6Ph2Y8,Hiking
ky6Ph2Y8,Cooking
CahOfJF0,Painting
CahOfJF0,Gardening
CahOfJF0,Reading
48L4JNw9,Cycling
GGGix0R3,Cooking
VdOO7kYF,Gardening
VdOO7kYF,Reading
VdOO7kYF,Hiking
hegFvVz3,Cooking
hegFvVz3,Cycling
hegFvVz3,Reading
2xjWBTdR,Cycling
2xjWBTdR,Hiking
ifEvcxZi,Reading
ifEvcxZi,Painting
CyXNpShk,Reading
CyXNpShk,Cycling
NLSZHUxZ,Reading
NLSZHUxZ,Cycling
NLSZHUxZ,Painting
apyGIErg,Gardening
wupo9y9k,Cycling
wupo9y9k,Hiking
HBQGbH55,Painting
9XkcDVPK,Painting
9XkcDVPK,Cycling
jxi4PSFD,Cooking
jxi4PSFD,Hiking
uyyeNr1O,Cycling
uyyeNr1O,Reading
1uKvnaDz,Gardening
ZIA1qG3G,Cycling
WRTwP5j5,Painting
WRTwP5j5,Cooking
WRTwP5j5,Gardening
sDN3izkO,Cycling
FkKuufVR,Painting
FkKuufVR,Cooking
FkKuufVR,Reading
ZxS2qZaQ,Cycling
ZxS2qZaQ,Painting
ZxS2qZaQ,Hiking
lQTxyhKK,Cycling
lQTxyhKK,Reading
aRo9YPCT,Gardening
aRo9YPCT,Hiking
7D0V7Lka,Cycling
7D0V7Lka,Cooking
2WzOgPID,Painting
2WzOgPID,Reading
4XrCPgi7,Reading
4XrCPgi7,Cooking
4XrCPgi7,Gardening
9Ym5b7D0,Cycling
9Ym5b7D0,Hiking
9Ym5b7D0,Cooking
la5Ec4Qp,Cycling
la5Ec4Qp,Reading
iy7QVIHK,Gardening
WvJfdyX9,Reading
A2Dcm9HI,Cooking
ivHQcXfD,Cooking
tycpOfdb,Cycling
tycpOfdb,Painting
tycpOfdb,Cooking
6AFJ5k17,Cooking
6AFJ5k17,Cycling
pci8A8MK,Painting
pci8A8MK,Hiking
KJGA1uOb,Cooking
KJGA1uOb,Cycling
DFoaouk2,Gardening
DFoaouk2,Painting
KKL6G2i8,Cooking
KKL6G2i8,Reading
KKL6G2i8,Painting
I1KRHlVW,Cooking
I1KRHlVW,Hiking
I1KRHlVW,Gardening
ePKCJRfo,Cooking
ePKCJRfo,Hiking
AvvlvB1K,Reading
AvvlvB1K,Hiking
RZHNETr2,Gardening
RZHNETr2,Hiking
RZHNETr2,Reading
0o6VxrnN,Painting
0o6VxrnN,Cycling
0o6VxrnN,Hiking
L4MTR2Cx,Reading
L4MTR2Cx,Cycling
AzJesIvq,Cycling
eyDnEhr7,Painting
EftoTz6z,Cooking
EftoTz6z,Hiking
EftoTz6z,Gardening
G6zxGuUe,Cooking
G6zxGuUe,Cycling
G6zxGuUe,Painting
KlK84vGi,Hiking
KlK84vGi,Cycling
KlK84vGi,Cooking
I1aJqn4f,Reading
I1aJqn4f,Painting
I1aJqn4f,Cycling
zKtOA23Q,Cycling
UQNqVcIL,Gardening
CTA7OxzN,Cycling
CTA7OxzN,Hiking
CTA7OxzN,Cooking
yxVlK5I8,Cooking
yxVlK5I8,Cycling
kOt3sAtU,Cycling
kOt3sAtU,Gardening
kOt3sAtU,Painting
xcRVP03M,Reading
xcRVP03M,Cycling
xcRVP03M,Cooking
IRSwHMPz,Reading
XG8sdrhG,Hiking
4bl0nPLT,Painting
4bl0nPLT,Cooking
4bl0nPLT,Reading
6unGFiqR,Gardening
6unGFiqR,Hiking
6unGFiqR,Reading
TZdLetTj,Gardening
TZdLetTj,Hiking
TZdLetTj,Reading
NhZ7OJZj,Cooking
NhZ7OJZj,Hiking
NhZ7OJZj,Gardening
N4lOKMHd,Gardening
N4lOKMHd,Cycling
N4lOKMHd,Painting
XMFpE53R,Reading
XMFpE53R,Gardening
XMFpE53R,Hiking
MTY1YFZu,Hiking
MTY1YFZu,Cooking
MTY1YFZu,Reading
C3dyztqI,Painting
C3dyztqI,Reading
C3dyztqI,Cooking
wnpA0YBb,Reading
wnpA0YBb,Hiking
wnpA0YBb,Cooking
0dOdxxZB,Cooking
0dOdxxZB,Gardening
0dOdxxZB,Hiking
iFWqghoo,Painting
iFWqghoo,Gardening
bkIAbIEt,Reading
bkIAbIEt,Gardening
bkIAbIEt,Painting
zoqFwoDW,Reading
zoqFwoDW,Hiking
zoqFwoDW,Cooking
xwGFV93R,Painting
5COx0dcX,Hiking
5COx0dcX,Painting
5COx0dcX,Cooking
3YkmUfCV,Gardening
U988tvMi,Cooking
U988tvMi,Gardening
U988tvMi,Cycling
xiqNlQhL,Gardening
xiqNlQhL,Hiking
8ynYM2CJ,Cooking
8ynYM2CJ,Reading
8ynYM2CJ,Hiking
pC9rKP53,Painting
pC9rKP53,Cycling
2cgVDoJO,Reading
2cgVDoJO,Cycling
5kLgAVS8,Hiking
5kLgAVS8,Gardening
fby0VrL5,Gardening
fby0VrL5,Cycling
fby0VrL5,Cooking
bbvk0BMK,Cycling
5TTCyp6c,Cooking
F70gRmv1,Hiking
F70gRmv1,Gardening
F70gRmv1,Painting
0FwhBRa3,Cooking
RPRmVQBP,Painting
RPRmVQBP,Hiking
H1Tg9xKQ,Cycling
H1Tg9xKQ,Cooking
H1Tg9xKQ,Painting
QbAszvTJ,Gardening
QbAszvTJ,Cycling
QbAszvTJ,Painting
BUpsxOQF,Gardening
BUpsxOQF,Painting
gEf1NdEA,Cycling
gEf1NdEA,Hiking
GFH7zpjy,Cycling
GFH7zpjy,Cooking
NDeZh2Hw,Gardening
5rlzf6K8,Cycling
5rlzf6K8,Cooking
5rlzf6K8,Painting
SRQn9RvQ,Gardening
XuG9ma64,Painting
XuG9ma64,Hiking
XuG9ma64,Cycling
GfE8XW0R,Reading
0MDsyEhK,Cycling
Ign4MKLG,Hiking
Ign4MKLG,Painting
Ign4MKLG,Gardening
DMEkrZhQ,Cooking
DMEkrZhQ,Painting
DMEkrZhQ,Gardening
7XACumSX,Hiking
iEJ0vn87,Hiking
iEJ0vn87,Cycling
iEJ0vn87,Painting
VBi1FgPs,Painting
VBi1FgPs,Hiking
VBi1FgPs,Cooking
1ZWYZqoJ,Hiking
RDhwhSl4,Reading
RDhwhSl4,Cycling
zL5SEF3B,Cycling
zL5SEF3B,Hiking
derEhd2f,Hiking
derEhd2f,Gardening
7FOnfj84,Gardening
7FOnfj84,Cycling
7FOnfj84,Cooking
DppkYNAL,Hiking
5QOsFmBn,Gardening
5QOsFmBn,Cycling
5QOsFmBn,Painting
FTfc9AgN,Cooking
QGIp8nIV,Gardening
QGIp8nIV,Painting
ARZZwtZj,Gardening
ARZZwtZj,Hiking
ARZZwtZj,Painting
pKqZOzfI,Cycling
pKqZOzfI,Hiking
3ZfFV84k,Hiking
3ZfFV84k,Reading
Dgv3vo05,Gardening
uxFQFOF3,Cycling
4OdZFpWX,Gardening
3MUKCfmP,Cycling
3MUKCfmP,Hiking
3MUKCfmP,Gardening
j99z8IKo,Gardening
j99z8IKo,Cooking
j99z8IKo,Painting
3a6WCDZn,Cycling
XT8SCSuY,Reading
XT8SCSuY,Cycling
XT8SCSuY,Hiking
3ffkbcTU,Cooking
fBz45yai,Gardening
fBz45yai,Cycling
fBz45yai,Reading
ua8WmTXg,Painting
ua8WmTXg,Cycling
ua8WmTXg,Hiking
uPWOEYDy,Cooking
md6ZvGG6,Hiking
md6ZvGG6,Cycling
adbP5m8S,Gardening
1fvCwRTT,Reading
nmDSJzci,Cooking
NC6qqSt4,Gardening
NC6qqSt4,Cooking
NC6qqSt4,Cycling
zfjZZCVj,Reading
hPQvGbEf,Cooking
hPQvGbEf,Gardening
hPQvGbEf,Painting
FSuFqsqO,Hiking
0apqSGTZ,Reading
oZUPevOk,Painting
oZUPevOk,Hiking
nrXRnfeV,Cycling
De0Ej43x,Gardening
De0Ej43x,Painting
De0Ej43x,Hiking
Y9SKbQg0,Gardening
NCAo3xAg,Cycling
NCAo3xAg,Cooking
NCAo3xAg,Gardening
UUN1otXy,Reading
UUN1otXy,Painting
UUN1otXy,Cooking
fNvOv5tE,Cooking
HxFxUKy6,Reading
T2bw6zHS,Cooking
T2bw6zHS,Cycling
T2bw6zHS,Gardening
nAllIjWx,Reading
nAllIjWx,Cycling
7fK3lPv5,Cycling
7fK3lPv5,Gardening
25McprNZ,Gardening
25McprNZ,Reading
25McprNZ,Cooking
h9s1ASEJ,Reading
h9s1ASEJ,Gardening
h9s1ASEJ,Hiking
rXMWIIcq,Cooking
rXMWIIcq,Cycling
rXMWIIcq,Gardening
FXTgiVeg,Hiking
FXTgiVeg,Gardening
FXTgiVeg,Reading
Zs3bA0BK,Cycling
Zs3bA0BK,Reading
Zs3bA0BK,Cooking
pO1rzc02,Hiking
pO1rzc02,Painting
ItPXiiME,Reading
ItPXiiME,Hiking
QSYZTUPH,Reading
1W8UFWvn,Painting
1W8UFWvn,Gardening
DQDwPd1n,Reading
DQDwPd1n,Cooking
C4eP9xtR,Cycling
AQRa10qK,Hiking
AQRa10qK,Cycling
AQRa10qK,Reading
D5pudNwI,Reading
vvu0ikeJ,Reading
r89aZOpS,Hiking
Seeai8VE,Gardening
Seeai8VE,Cooking
Seeai8VE,Painting
i07JwvrJ,Reading
i07JwvrJ,Gardening
i07JwvrJ,Painting
DAqqG5pT,Reading
DAqqG5pT,Painting
DAqqG5pT,Hiking
wEnIyQ9z,Cooking
Krx5wCni,Cycling
rP9jHjzI,Hiking
rP9jHjzI,Painting
rP9jHjzI,Cycling
AYS1DzFj,Painting
AYS1DzFj,Cycling
AYS1DzFj,Hiking
D37j84rD,Reading
2VKPN2EM,Reading
2VKPN2EM,Hiking
MDHiIzt0,Reading
MDHiIzt0,Cycling
MDHiIzt0,Hiking
QL7Mhkkt,Hiking
QL7Mhkkt,Reading
QL7Mhkkt,Gardening
rCpN9LS9,Cycling
rCpN9LS9,Reading
J7F2CWMw,Reading
N7ynJTgg,Gardening
N7ynJTgg,Painting
yGl2ZdaL,Hiking
yGl2ZdaL,Cycling
yGl2ZdaL,Reading
CHiQ7Jsx,Reading
EbEb12ze,Hiking
EbEb12ze,Reading
EbEb12ze,Cooking
iPpgfym3,Cycling
iPpgfym3,Painting
iPpgfym3,Gardening
NQSvyZet,Hiking
NQSvyZet,Reading
NQSvyZet,Gardening
zR9CC4JK,Hiking
zR9CC4JK,Reading
zR9CC4JK,Gardening
MgLVRQ9m,Cycling
MgLVRQ9m,Painting
M11luCTD,Painting
M11luCTD,Gardening
fcqw8CTi,Gardening
fcqw8CTi,Cooking
fcqw8CTi,Hiking
2qG1XoaT,Hiking
2qG1XoaT,Reading
aE5mRVQh,Cooking
aE5mRVQh,Painting
aE5mRVQh,Hiking
1Rr5a0LO,Hiking
joVLtdkS,Reading
Ox0kQLQK,Hiking
Ox0kQLQK,Reading
7txjMG8l,Hiking
7txjMG8l,Painting
7txjMG8l,Reading
rImgX9S7,Cooking
rAhv5z3J,Reading
rAhv5z3J,Cooking
nNWB4HV3,Reading
I3RihIyC,Cycling
I3RihIyC,Painting
I3RihIyC,Cooking
W2g6ub4F,Cycling
W2g6ub4F,Painting
fA5UHHaN,Gardening
KAoKlNHL,Cycling
fGkRGRVf,Reading
FSSSPumc,Hiking
FSSSPumc,Painting
FSSSPumc,Gardening
N4zuvEg5,Gardening
N4zuvEg5,Cooking
N4zuvEg5,Painting
z7SiH1a5,Hiking
z7SiH1a5,Gardening
z7SiH1a5,Reading
6mDEMq86,Gardening
6mDEMq86,Cooking
Y3ZKkjp4,Painting
Y3ZKkjp4,Hiking
QvJkEWvW,Gardening
haKoEo9J,Reading
XkYSsWPB,Gardening
XkYSsWPB,Painting
FHryTp5u,Reading
FHryTp5u,Gardening
FHryTp5u,Cooking
YDhVZ6bD,Cooking
YDhVZ6bD,Hiking
YDhVZ6bD,Reading
gW7Y1OP2,Cooking
gW7Y1OP2,Gardening
gW7Y1OP2,Reading
tAzNCnTV,Hiking
TGrXyudg,Painting
TGrXyudg,Cycling
TGrXyudg,Hiking
maEXmD5Y,Painting
maEXmD5Y,Cooking
maEXmD5Y,Reading
hfgpyGZU,Cycling
hfgpyGZU,Cooking
hfgpyGZU,Painting
H7gWkiyO,Cycling
H7gWkiyO,Painting
CW0kpUlA,Gardening
CW0kpUlA,Reading
CW0kpUlA,Cooking
o9c7JYI6,Cooking
XUQfy8Tx,Reading
0eQlks3W,Painting
0eQlks3W,Gardening
98ElI7Wv,Gardening
98ElI7Wv,Cooking
98ElI7Wv,Cycling
lFtsB5vs,Cycling
lFtsB5vs,Gardening
toIZXQO1,Cooking
SzLg0O63,Reading
SzLg0O63,Cooking
SzLg0O63,Cycling
l6uuVEX2,Cooking
l6uuVEX2,Cycling
wdGUCNjm,Reading
lJIZhSla,Painting
C7RnF3Au,Cooking
wTbUxmmp,Painting
c9PGwCHw,Gardening
AU87HT9P,Gardening
AU87HT9P,Cooking
AU87HT9P,Reading
up4c2n25,Hiking
up4c2n25,Gardening
2SLxZbsQ,Hiking
J6tFo4u2,Cooking
J6tFo4u2,Hiking
J6tFo4u2,Gardening
FzgPxIlP,Painting
FzgPxIlP,Hiking
mXQuGDz1,Reading
S1tn7j7X,Cooking
S1tn7j7X,Gardening
RnQryD4h,Cycling
NTnhYwfe,Gardening
eEZUQ9Ct,Hiking
ISWB03Vd,Gardening
ISWB03Vd,Painting
JAhBBcgC,Reading
qmSpjfDt,Reading
qmSpjfDt,Cycling
j9pyqbvR,Cycling
l3IkR0rM,Painting
l3IkR0rM,Cycling
l3IkR0rM,Reading
B6vZupyO,Reading
B6vZupyO,Gardening
u2uWWZQY,Cycling
H23vYGoH,Cycling
H23vYGoH,Gardening
dnK9cO5R,Gardening
dnK9cO5R,Painting
dnK9cO5R,Cycling
288Kt4u3,Cycling
288Kt4u3,Painting
1jDneGq3,Cycling
1jDneGq3,Cooking
1jDneGq3,Hiking
nubqg08X,Hiking
nubqg08X,Reading
WHoQ2mIK,Cooking
8MoC4Et6,Cycling
8MoC4Et6,Reading
BboxNxP1,Painting
BboxNxP1,Reading
BboxNxP1,Gardening
HxNjvDLB,Hiking
xvVzi4Ek,Cooking
xvVzi4Ek,Painting
xvVzi4Ek,Gardening
rLfis67o,Gardening
rLfis67o,Cycling
rLfis67o,Reading
ZVkVcdkQ,Hiking
T0eGvtRS,Painting
T0eGvtRS,Reading
jCRwiuKA,Cooking
8lL3CdZE,Gardening
8lL3CdZE,Cooking
ggWYo5FO,Reading
ggWYo5FO,Painting
ggWYo5FO,Cycling
wizvi5pq,Painting
wizvi5pq,Cycling
pRHb3BWk,Cooking
pRHb3BWk,Painting
pRHb3BWk,Reading
C1D1TiAq,Reading
C1D1TiAq,Hiking
C1D1TiAq,Cycling
JglIVZuJ,Painting
JglIVZuJ,Cycling
D4WxLW45,Cycling
Tey3R2qW,Hiking
Tey3R2qW,Cooking
5hFUEkBq,Cooking
5hFUEkBq,Gardening
5hFUEkBq,Painting
ZMUfSDeX,Gardening
l5AYO4aY,Cycling
gWNwnawl,Painting
fgpnEY1r,Hiking
0Zx5sdLy,Painting
0Zx5sdLy,Cooking
0Zx5sdLy,Hiking
yr7dcm88,Reading
yr7dcm88,Gardening
yr7dcm88,Painting
tSkbPKc8,Cycling
tSkbPKc8,Painting
tSkbPKc8,Hiking
fDYsxfnm,Painting
0Gfm5iVy,Painting
0Gfm5iVy,Cooking
0Gfm5iVy,Gardening
QB3lPYBh,Cooking
EBg8L5P7,Painting
i9IywXkN,Cycling
dRMqwJ6w,Hiking
dRMqwJ6w,Cycling
TzuS4g2t,Cycling
TzuS4g2t,Gardening
Vjw5SHH4,Gardening
Vjw5SHH4,Cycling
Vjw5SHH4,Hiking
L0rAuxM4,Painting
L0rAuxM4,Reading
UNpwpIdm,Gardening
qEzp4bJa,Gardening
qEzp4bJa,Cycling
qEzp4bJa,Hiking
H5sm7hyT,Cycling
H5sm7hyT,Painting
04d6wY41,Gardening
SxI4Pd62,Reading
SxI4Pd62,Cycling
SxI4Pd62,Painting
Zo4zJ76B,Gardening
Zo4zJ76B,Cycling
bCnDkrtM,Cooking
bCnDkrtM,Painting
bCnDkrtM,Gardening
ASQZPW4G,Cooking
ASQZPW4G,Painting
8HXGZ7QD,Hiking
8HXGZ7QD,Reading
U8F0Jx9E,Gardening
U8F0Jx9E,Cycling
U8F0Jx9E,Cooking
zOOiK73z,Gardening
7kLxHAsa,Reading
IQFomOXY,Reading
IQFomOXY,Hiking
IQFomOXY,Painting
OORfAVD0,Hiking
HmZ1ikeD,Painting
Cw5iWVxC,Cycling
dz5xggq3,Reading
dz5xggq3,Cycling
wzylbY1V,Painting
wzylbY1V,Cycling
MT3pUwAP,Hiking
20qDZ1h7,Cycling
VOeHCEaY,Painting
VOeHCEaY,Cooking
VOeHCEaY,Reading
ThvrdHnl,Painting
ThvrdHnl,Hiking
RwlH5hPh,Hiking
RwlH5hPh,Cycling
BppoMWck,Cycling
BppoMWck,Hiking
BppoMWck,Painting
8FIAhpMC,Cooking
8FIAhpMC,Painting
8FIAhpMC,Cycling
gpEIUQpc,Gardening
gpEIUQpc,Painting
Rbi8javQ,Cooking
qfpHUHeI,Cooking
qfpHUHeI,Hiking
qfpHUHeI,Reading
oDJC9067,Painting
tIv0g2dO,Gardening
tIv0g2dO,Hiking
tIv0g2dO,Painting
hnm7Bd6A,Reading
VykEJ3qD,Cycling
VykEJ3qD,Gardening
TKp3GB1k,Painting
TKp3GB1k,Cycling
TKp3GB1k,Gardening
8Pqjjt1S,Gardening
8Pqjjt1S,Cycling
8m97UR90,Hiking
Cn7iha9E,Reading
eDYU004O,Cycling
eDYU004O,Reading
TNiXOVIh,Reading
quRulB6E,Cooking
quRulB6E,Hiking
quRulB6E,Painting
I9E52QJG,Gardening
8UJSXWxS,Hiking
8UJSXWxS,Gardening
kkc4X20A,Gardening
AWYXp7qj,Reading
G0SzFaml,Painting
G0SzFaml,Cooking
VDGCcCBP,Painting
VDGCcCBP,Cooking
VDGCcCBP,Cycling
H8mQfKF7,Cycling
H8mQfKF7,Gardening
jAqPOKFQ,Reading
jAqPOKFQ,Cooking
jAqPOKFQ,Hiking
MzhR7Kuo,Painting
MzhR7Kuo,Reading
dqOeZOu9,Gardening
wIWF59ER,Cooking
wIWF59ER,Hiking
wIWF59ER,Painting
yE4jH8Cn,Cooking
yE4jH8Cn,Reading
bgePvnIo,Gardening
lGWbGNpT,Gardening
lGWbGNpT,Reading
5y7M8n3d,Cooking
aLZO27Ij,Gardening
aLZO27Ij,Hiking
f2jFwIJv,Painting
f2jFwIJv,Cycling
GTf84NLX,Hiking
GTf84NLX,Painting
56HJSEtT,Gardening
56HJSEtT,Painting
7gK73rrG,Reading
7gK73rrG,Gardening
7gK73rrG,Painting
mLcbkLSf,Hiking
TLqa344y,Painting
x1SVtRnc,Reading
x1SVtRnc,Cooking
M2YppXTs,Painting
M2YppXTs,Gardening
M2YppXTs,Cycling
VYQThga6,Cooking
VYQThga6,Gardening
eyunshOA,Reading
eyunshOA,Cycling
kWzoMVzm,Hiking
kWzoMVzm,Gardening
2mXRPkRq,Hiking
JztsSUMk,Gardening
2tru2CAk,Painting
2tru2CAk,Gardening
2tru2CAk,Hiking
sKlop3HD,Cycling
Dcz72Cgn,Painting
UC4FFdYa,Hiking
UC4FFdYa,Gardening
j4QPs557,Cycling
j4QPs557,Painting
GGNzwHcf,Cooking
9NmdE66P,Gardening
LV9UV6uD,Cooking
LV9UV6uD,Hiking
cw2nIt6F,Hiking
cw2nIt6F,Cycling
cw2nIt6F,Cooking
wVbT725H,Cooking
wVbT725H,Reading
rTVGOucV,Reading
rTVGOucV,Gardening
rTVGOucV,Cycling
BaPRUEIc,Gardening
BaPRUEIc,Painting
BaPRUEIc,Reading
UgcB7qbm,Gardening
UgcB7qbm,Cooking
m3yf8NnL,Cycling
mH9ksSLL,Painting
mH9ksSLL,Hiking
lGmYmWX7,Cooking
vj8uY4N4,Hiking
HLcBWx9d,Gardening
d6HoNehu,Cooking
d6HoNehu,Cycling
Gl37Q1Af,Reading
genuYV1v,Painting
genuYV1v,Gardening
genuYV1v,Hiking
FqfvX18r,Painting
FqfvX18r,Cooking
FqfvX18r,Reading
fUJ282wd,Gardening
fUJ282wd,Reading
OsuCdE47,Reading
OsuCdE47,Hiking
OsuCdE47,Cooking
2Ege815z,Painting
2Ege815z,Cycling
jzJh4kQ4,Gardening
N29cPcBC,Reading
N29cPcBC,Cooking
ugZOQQuw,Cooking
ugZOQQuw,Cycling
ugZOQQuw,Hiking
Lp1x3RKB,Cycling
F0WT3IV9,Reading
F0WT3IV9,Cycling
7t8cS08Y,Reading
7t8cS08Y,Painting
7t8cS08Y,Cooking
1QoXROTg,Hiking
1QoXROTg,Cooking
LrBFRoGU,Cycling
LrBFRoGU,Painting
LrBFRoGU,Gardening
MklMlfwo,Painting
MklMlfwo,Cycling
rcCLPgNA,Reading
etUYU2hK,Gardening
vGhSqDXm,Reading
LNWtBmIv,Reading
LNWtBmIv,Cycling
2RiiCsC8,Reading
2RiiCsC8,Cycling
rxBNn0N6,Gardening
rxBNn0N6,Hiking
NPwCHBJo,Painting
NPwCHBJo,Hiking
yYH3SWMb,Painting
yYH3SWMb,Reading
e36XX0W5,Gardening
gAgxMPut,Hiking
gAgxMPut,Painting
mTDfKZQQ,Cycling
mTDfKZQQ,Painting
qVjFDnpy,Painting
qVjFDnpy,Hiking
jAe3PhTM,Reading
jAe3PhTM,Painting
cI2KeAjW,Reading
5SU0Ye4x,Cooking
4mFPASue,Gardening
4mFPASue,Cycling
4mFPASue,Hiking
7kC3zA9m,Reading
WnVeszDx,Cycling
WnVeszDx,Reading
WnVeszDx,Cooking
a2sOFrxw,Reading
LKX3niPk,Cycling
Jq5kJluA,Reading
Jq5kJluA,Cycling
tnGaetFu,Cycling
PlDW2Vdr,Cooking
PlDW2Vdr,Hiking
R6vrA6T6,Hiking
R6vrA6T6,Painting
xEKXdp0D,Cooking
xEKXdp0D,Reading
xEKXdp0D,Gardening
zjiB6MzN,Painting
zjiB6MzN,Cooking
zjiB6MzN,Cycling
27y0Fxbk,Cooking
27y0Fxbk,Painting
Ar25qhfo,Hiking
Ar25qhfo,Gardening
Ar25qhfo,Reading
pPBlZa5o,Reading
pPBlZa5o,Gardening
pPBlZa5o,Hiking
X7I7VCTH,Painting
dqaz3Iay,Gardening
dqaz3Iay,Reading
dqaz3Iay,Painting
JZDuw4xB,Hiking
JZDuw4xB,Gardening
yRu6waUM,Cycling
yRu6waUM,Reading
yRu6waUM,Cooking
MZCLUveq,Gardening
PmGRUQpc,Cooking
PmGRUQpc,Painting
PmGRUQpc,Reading
auWP1IXS,Painting
Oy2fXZwA,Cooking
Oy2fXZwA,Gardening
Oy2fXZwA,Painting
l0OzrRJy,Hiking
l0OzrRJy,Gardening
l0OzrRJy,Cycling
lgLEqm70,Gardening
3jQBNWrS,Painting
3jQBNWrS,Gardening
fprGAGTQ,Gardening
fprGAGTQ,Painting
BadXW14C,Cycling
BadXW14C,Reading
Vv5yd1OG,Painting
ZzUcaShI,Reading
ZzUcaShI,Cooking
ZzUcaShI,Gardening
IRdpqS1L,Cycling
IRdpqS1L,Cooking
LK4EZBZA,Reading
LK4EZBZA,Cycling
LK4EZBZA,Painting
9IfFMzcn,Hiking
9IfFMzcn,Painting
9IfFMzcn,Gardening
NFXXXGs7,Reading
NFXXXGs7,Cycling
NFXXXGs7,Hiking
Gc7pDqt2,Cycling
Gc7pDqt2,Reading
Gc7pDqt2,Gardening
CeMGvvmK,Painting
CeMGvvmK,Cooking
FNi2IuW6,Cycling
FNi2IuW6,Painting
FNi2IuW6,Hiking
1kfyTZTB,Cycling
1kfyTZTB,Cooking
1kfyTZTB,Reading
6WWrYZdi,Painting
6WWrYZdi,Cooking
6WWrYZdi,Reading
oq56dEoe,Cycling
bnEbTMa3,Painting
EMJH7Lyw,Gardening
HtrdqZL2,Reading
HtrdqZL2,Hiking
BL81Jdjn,Gardening
BL81Jdjn,Cycling
BL81Jdjn,Painting
RshuaaVR,Gardening
JRKmvfFn,Cooking
JRKmvfFn,Hiking
JRKmvfFn,Gardening
oAzqm1C0,Gardening
oAzqm1C0,Cycling
GiyUCGk6,Cooking
GiyUCGk6,Painting
PUXqIBS8,Cycling
hcKXJI9j,Painting
hcKXJI9j,Cycling
hcKXJI9j,Gardening
O4i95YBU,Cycling
O4i95YBU,Painting
O4i95YBU,Gardening
gqKDHM4A,Painting
gqKDHM4A,Gardening
gqKDHM4A,Cycling
jcLI74pT,Reading
AkWJWHYl,Painting
AkWJWHYl,Cooking
AkWJWHYl,Reading
MDyy6VWr,Painting
MDyy6VWr,Cycling
MDyy6VWr,Cooking
0e4rlcTq,Cooking
0e4rlcTq,Hiking
0e4rlcTq,Reading
7yTd8pul,Gardening
7yTd8pul,Cooking
7yTd8pul,Painting
FCwrjH0k,Cycling
FCwrjH0k,Hiking
ElZNbHCE,Reading
ElZNbHCE,Painting
wviFn8kJ,Reading
wviFn8kJ,Hiking
loBgQPZl,Gardening
loBgQPZl,Painting
LA70Ocfq,Cooking
LA70Ocfq,Cycling
LA70Ocfq,Gardening
4iGL9qQu,Cooking
qmrhEW9b,Cooking
TOw1nqP8,Reading
Lqfp6yHQ,Cooking
Lqfp6yHQ,Reading
e3hWJKZq,Hiking
Oyoabogg,Cycling
Oyoabogg,Cooking
N6Se4RlR,Hiking
N6Se4RlR,Cooking
N6Se4RlR,Cycling
bDoZwwmU,Hiking
bDoZwwmU,Reading
3bjfFFPz,Gardening
KcJxUuSH,Painting
0FjaghA3,Cycling
0FjaghA3,Gardening
0FjaghA3,Cooking
Iziuum39,Painting
pD7MYEZX,Hiking
Geo5jV61,Reading
vZJ2EVy0,Cooking
vZJ2EVy0,Hiking
vZJ2EVy0,Reading
APzRH9uB,Painting
APzRH9uB,Gardening
Lr4hF9wX,Cooking
Lr4hF9wX,Reading
Lr4hF9wX,Hiking
VOz066uZ,Gardening
D7F6l3hB,Reading
D7F6l3hB,Cooking
SWxyd1b8,Gardening
SWxyd1b8,Cycling
SWxyd1b8,Painting
FsCOglhD,Gardening
ncK9wQqd,Painting
ncK9wQqd,Hiking
ncK9wQqd,Cycling
iKfdgV70,Cooking
iKfdgV70,Painting
LLX9KQ5t,Painting
LLX9KQ5t,Cooking
LLX9KQ5t,Hiking
sYbsUJZ0,Cooking
sYbsUJZ0,Painting
m0kcYakB,Reading
lmIyQ5zw,Cycling
lmIyQ5zw,Reading
PAii9x3V,Gardening
Uuca1ILf,Hiking
Uuca1ILf,Cycling
IwPt6v34,Hiking
IwPt6v34,Reading
IwPt6v34,Cooking
f58PMMgC,Gardening
f58PMMgC,Painting
f58PMMgC,Cooking
BdYv2OJv,Cooking
BdYv2OJv,Gardening
KozLwLRL,Reading
KozLwLRL,Painting
SgsIdrnF,Gardening
SgsIdrnF,Painting
goBeHwEv,Hiking
xk6u7mfg,Painting
xk6u7mfg,Reading
rHyeuS1Z,Cooking
ER4JKJHc,Hiking
ER4JKJHc,Reading
avsonwJ0,Hiking
M4OWaz3e,Painting
L7VxFTnh,Cooking
L7VxFTnh,Gardening
FfSvS7P5,Cooking
FfSvS7P5,Gardening
X7JBKS5F,Reading
X7JBKS5F,Hiking
8fzFCwof,Painting
8fzFCwof,Cycling
8fzFCwof,Gardening
8B7nuHVC,Painting
i2yK0n55,Cooking
i2yK0n55,Cycling
i2yK0n55,Painting
PV1ZEyBc,Cycling
PV1ZEyBc,Reading
PV1ZEyBc,Cooking
lXjruGdS,Hiking
lXjruGdS,Gardening
SEc36qiq,Cycling
SEc36qiq,Gardening
29TQIAVh,Cycling
29TQIAVh,Gardening
5eAy60fO,Hiking
5eAy60fO,Gardening
5eAy60fO,Cycling
JIg7NHU9,Hiking
JIg7NHU9,Gardening
jNAb0EuI,Hiking
jNAb0EuI,Cooking
jNAb0EuI,Gardening
egDJjg4j,Gardening
z2tQdimk,Cooking
z2tQdimk,Hiking
z2tQdimk,Cycling
VvWHSXB8,Cycling
VvWHSXB8,Gardening
dsydVHYR,Painting
dsydVHYR,Cycling
bXigQ4eD,Reading
bXigQ4eD,Painting
bXigQ4eD,Cooking
xYBfDLWo,Gardening
xYBfDLWo,Painting
xYBfDLWo,Cooking
0bhCHLrp,Cycling
SE8pKgIp,Gardening
1codrI2l,Gardening
iEV4Zush,Painting
iEV4Zush,Cooking
iEV4Zush,Gardening
oGqhsPGC,Cooking
oGqhsPGC,Cycling
oGqhsPGC,Gardening
qFglCo8N,Reading
qFglCo8N,Cooking
72sqQew7,Gardening
72sqQew7,Cooking
72sqQew7,Hiking
7adOz1Sz,Cooking
7adOz1Sz,Gardening
7adOz1Sz,Reading
TKS78BJf,Cooking
TKS78BJf,Gardening
TKS78BJf,Cycling
3K6Z8X8E,Reading
BI8Mf0BG,Reading
BI8Mf0BG,Cycling
BI8Mf0BG,Hiking
pv0agdjT,Cycling
3PyBnB8P,Painting
3PyBnB8P,Reading
3PyBnB8P,Cooking
S3wHxY5i,Cooking
B9oJBwpB,Reading
B9oJBwpB,Gardening
wovXZqLl,Cycling
mMBF5qin,Painting
WrFwlZ72,Reading
77765x1e,Cooking
77765x1e,Painting
77765x1e,Gardening
PbkKZPXM,Painting
ULWdhHJ0,Cycling
ULWdhHJ0,Gardening
ULWdhHJ0,Reading
wH55o0Hg,Reading
wH55o0Hg,Cooking
wH55o0Hg,Painting
Bec58EZ5,Cooking
Bec58EZ5,Gardening
IEupDNok,Cooking
IEupDNok,Cycling
IEupDNok,Reading
gdjBqjXD,Painting
gdjBqjXD,Reading
gdjBqjXD,Cycling
ORIovtjm,Painting
QncpMm5A,Gardening
nDcATTb2,Cycling
nDcATTb2,Reading
7Qvzv0tN,Hiking
vEL55DEh,Hiking
vEL55DEh,Cooking
7AMh5XHU,Hiking
7AMh5XHU,Cycling
5BxlyO48,Cooking
5BxlyO48,Cycling
5BxlyO48,Painting
ydkHiUwC,Gardening
ydkHiUwC,Cooking
nXIlTgVe,Hiking
nXIlTgVe,Cycling
nXIlTgVe,Gardening
T9i9kus3,Gardening
OpyOUPMi,Gardening
zgD1y7aX,Reading
zgD1y7aX,Painting
9tRIYKCK,Cooking
9tRIYKCK,Hiking
HYtgSyxy,Cycling
PVwAOIXT,Hiking
KFLdftPU,Hiking
dmOZOQA6,Cooking
rNHRJ7ts,Cycling
rNHRJ7ts,Hiking
rNHRJ7ts,Reading
UwiNjg9T,Cooking
UwiNjg9T,Painting
u0ciB2KC,Painting
u0ciB2KC,Reading
fqE9K2Au,Hiking
fqE9K2Au,Cycling
lOh0Mbnj,Hiking
mWpuAcNx,Cycling
mWpuAcNx,Cooking
vQwGgZ3g,Gardening
vQwGgZ3g,Reading
vQwGgZ3g,Cooking
NDWD3P68,Hiking
NDWD3P68,Reading
NDWD3P68,Gardening
AoURKcDi,Reading
AoURKcDi,Gardening
HHgiX8Fv,Hiking
HHgiX8Fv,Reading
iIPccqme,Reading
iIPccqme,Cycling
21Xbyu2H,Hiking
JWrVD6Mq,Painting
JWrVD6Mq,Hiking
JWrVD6Mq,Gardening
UnN8p0Z3,Painting
UnN8p0Z3,Cooking
UnN8p0Z3,Hiking
69nIW6DH,Reading
69nIW6DH,Gardening
8OKNSKpK,Cycling
xXvsosqs,Cooking
B3ZN8Xfj,Painting
dWFj60X0,Reading
dWFj60X0,Gardening
dWFj60X0,Hiking
fQlhE30w,Painting
fQlhE30w,Reading
ul6tsntW,Cooking
kin2gExV,Cooking
kin2gExV,Painting
YUAIddvy,Cooking
hnCPtFKS,Gardening
hnCPtFKS,Painting
DTjMxnXu,Cooking
2QqlUyK7,Painting
lNSLQdIQ,Reading
lNSLQdIQ,Gardening
sRN4iJ64,Hiking
sRN4iJ64,Cooking
SLPzIdck,Hiking
SLPzIdck,Cycling
SLPzIdck,Cooking
6yOKkKBA,Cooking
6LBfA3Hy,Hiking
6LBfA3Hy,Reading
XN88C761,Gardening
XN88C761,Hiking
w39HmqIa,Cooking
w39HmqIa,Hiking
yhLur3DZ,Cycling
yhLur3DZ,Cooking
GLak7zJG,Cooking
GLak7zJG,Hiking
hPgHIHnm,Reading
hPgHIHnm,Cycling
NQ7kKBHU,Hiking
3qgAUaMd,Gardening
3qgAUaMd,Hiking
eGBMKXQs,Gardening
eGBMKXQs,Cycling
xcx4yNF1,Hiking
xcx4yNF1,Painting
pStsDzcE,Gardening
dtB6KGK5,Painting
dtB6KGK5,Cycling
JgEAfuFD,Gardening
JgEAfuFD,Cycling
ftc2Tgi8,Cycling
ftc2Tgi8,Cooking
kSmlcNfQ,Hiking
kSmlcNfQ,Cycling
in9qSE5M,Gardening
in9qSE5M,Reading
in9qSE5M,Hiking
JwVIUK2c,Gardening
3j2ZFYtj,Painting
3j2ZFYtj,Reading
3j2ZFYtj,Gardening
HKKLFcr1,Cooking
HKKLFcr1,Cycling
7KOe9ab7,Reading
7KOe9ab7,Cooking
N88MF1f3,Cycling
N88MF1f3,Reading
N88MF1f3,Gardening
CTIJrwvN,Reading
CTIJrwvN,Cooking
CTIJrwvN,Painting
G3JwRk6J,Painting
G3JwRk6J,Cycling
3l9G06Wt,Cycling
3l9G06Wt,Hiking
MbaLKEGt,Cooking
MbaLKEGt,Painting
qbZUyABb,Reading
qbZUyABb,Hiking
qbZUyABb,Painting
ZzrioSaV,Cycling
ZzrioSaV,Cooking
B6D1ZfjY,Gardening
B6D1ZfjY,Hiking
ZNF0xjL3,Hiking
f23okyVx,Cycling
BAcChMW2,Painting
BAcChMW2,Cooking
hUVUILG3,Cycling
hUVUILG3,Painting
hUVUILG3,Gardening
pSigs5Hp,Gardening
We7EtXn5,Gardening
We7EtXn5,Cooking
ksVMV6Do,Gardening
rq3ijS1J,Reading
u8xHfWkb,Gardening
u8xHfWkb,Cycling
u8xHfWkb,Cooking
DlSby8QT,Reading
DlSby8QT,Hiking
n2nRazoD,Cycling
dP16fVkj,Hiking
dP16fVkj,Painting
wktmRNyk,Painting
wktmRNyk,Cooking
dt44H6Et,Gardening
dt44H6Et,Hiking
vR0TrPjA,Reading
TPMIp0Sf,Gardening
TPMIp0Sf,Hiking
TPMIp0Sf,Cycling
LB5CAakK,Painting
LB5CAakK,Hiking
WErBr2Zv,Hiking
M43GzWFJ,Gardening
aew17WAH,Cycling
aew17WAH,Hiking
aew17WAH,Cooking
myZTLtfL,Gardening
8dZrTSS2,Cycling
wRN3Ogam,Painting
wRN3Ogam,Cycling
wRN3Ogam,Hiking
UEJGIbf6,Gardening
4kfi7gP3,Cycling
4kfi7gP3,Hiking
4kfi7gP3,Gardening
4oqa2qs0,Painting
4oqa2qs0,Hiking
W5X1Wvgn,Gardening
lvcKW4nJ,Reading
lvcKW4nJ,Painting
lvcKW4nJ,Cooking
K6wDLDQS,Reading
K6wDLDQS,Painting
xkZWw6pK,Painting
xkZWw6pK,Cooking
f8XozizZ,Hiking
f8XozizZ,Cooking
f8XozizZ,Gardening
f0UfRqhW,Cooking
FGYKqCeg,Cooking
FGYKqCeg,Hiking
Tzaa9uDD,Painting
Tzaa9uDD,Gardening
Tzaa9uDD,Reading
ykrwhwd8,Reading
ykrwhwd8,Cycling
ykrwhwd8,Cooking
5hOA9uLH,Gardening
5hOA9uLH,Reading
hNSdMwJU,Hiking
hNSdMwJU,Reading
hNSdMwJU,Gardening
nearSShF,Gardening
nearSShF,Hiking
QcDI620r,Reading
7QMwOT1q,Gardening
zvvEEXOn,Gardening
zvvEEXOn,Cooking
pXWDhA5E,Hiking
pXWDhA5E,Cooking
pXWDhA5E,Painting
UIT5NYPc,Painting
IAmglQdH,Cooking
IAmglQdH,Cycling
IAmglQdH,Painting
OpramlMy,Cycling
OpramlMy,Painting
JjTUhnAp,Gardening
ujQGAYEK,Gardening
ujQGAYEK,Hiking
ujQGAYEK,Cooking
0FgVnVB2,Hiking
0FgVnVB2,Cycling
0FgVnVB2,Cooking
Sh5SVAma,Cooking
Sh5SVAma,Painting
Sh5SVAma,Gardening
KgLnJoxo,Cycling
o1uSkFvo,Reading
HNarq3IO,Reading
HNarq3IO,Painting
gePjdcQk,Painting
gePjdcQk,Hiking
gePjdcQk,Cycling
mhwRy72c,Cycling
mhwRy72c,Hiking
mhwRy72c,Painting
hqcqKGHp,Painting
8sh4Zhhh,Reading
8sh4Zhhh,Cycling
mlOVf7NY,Gardening
mlOVf7NY,Hiking
mlOVf7NY,Reading
lDxSwJl9,Cycling
lDxSwJl9,Painting
pj8qtYRB,Cycling
pj8qtYRB,Reading
pj8qtYRB,Cooking
g5uGPWGB,Cycling
kAqHh9Zo,Painting
ABdoI3sO,Painting
APGklXZL,Hiking
APGklXZL,Cycling
wxjBuK7I,Reading
wxjBuK7I,Painting
wxjBuK7I,Cycling
hRk4FTTM,Painting
hRk4FTTM,Cooking
hRk4FTTM,Hiking
BZos9xvY,Cooking
EA6hQgDV,Gardening
EA6hQgDV,Cycling
hu3RUwR3,Gardening
hu3RUwR3,Reading
hu3RUwR3,Hiking
RFD41I94,Hiking
RFD41I94,Gardening
RFD41I94,Painting
Nch9DRqN,Cooking
vrwc515P,Cooking
vrwc515P,Gardening
dBjHuy2M,Cooking
dBjHuy2M,Cycling
dBjHuy2M,Painting
N0LvYoaP,Cycling
N0LvYoaP,Gardening
b9RcFQNU,Cooking
b9RcFQNU,Gardening
b9RcFQNU,Reading
VVoKNdL2,Gardening
VVoKNdL2,Cycling
VVoKNdL2,Reading
ESSVv5Bz,Gardening
dPNI2MRK,Reading
0AYNwEgy,Hiking
0AYNwEgy,Cycling
0AYNwEgy,Reading
NcOq8JeJ,Gardening
TSphBsMb,Gardening
6qLQt0St,Reading
6qLQt0St,Cycling
G08fuglO,Painting
9HW60yzV,Cycling
9HW60yzV,Reading
9HW60yzV,Gardening
mAmEcD3B,Hiking
mAmEcD3B,Cooking
mAmEcD3B,Reading
ptG3TWhA,Cycling
ptG3TWhA,Painting
ptG3TWhA,Gardening
gorUsleL,Cooking
gorUsleL,Reading
rg2aJc7g,Painting
rg2aJc7g,Reading
rg2aJc7g,Cooking
7yIob06k,Gardening
7yIob06k,Reading
7yIob06k,Cooking
Kh0MLUj4,Cooking
Kh0MLUj4,Painting
0YYFi1Nm,Hiking
enX8W4Xd,Cooking
enX8W4Xd,Gardening
enX8W4Xd,Painting
d2hvQznR,Cooking
d2hvQznR,Painting
d2hvQznR,Cycling
LgLoc68d,Cycling
QjCmpeNs,Cooking
QjCmpeNs,Reading
dsFa32wq,Reading
TcVW7wMI,Hiking
YpqLOjIs,Cooking
Hx6UnesV,Painting
UQT3qefc,Cycling
UQT3qefc,Reading
UQT3qefc,Cooking
zjFKKFlF,Cooking
zjFKKFlF,Painting
K7VWqq7t,Cycling
K7VWqq7t,Gardening
K7VWqq7t,Cooking
iNGivmnt,Hiking
iNGivmnt,Gardening
iNGivmnt,Cooking
xnvPIx4a,Cooking
xnvPIx4a,Reading
wr50wsMR,Gardening
wr50wsMR,Cycling
uGRtRakb,Gardening
mJk6zmE2,Painting
mJk6zmE2,Cooking
mJk6zmE2,Reading
0VYpGPQq,Hiking
0VYpGPQq,Reading
0VYpGPQq,Cycling
LQMY9DzS,Painting
s3FMPzLU,Reading
s3FMPzLU,Cycling
s3FMPzLU,Cooking
Hu2qQdMh,Gardening
Hu2qQdMh,Reading
e8HqHLFm,Painting
e8HqHLFm,Cycling
sbYhT3Km,Gardening
sbYhT3Km,Reading
sbYhT3Km,Cycling
EJq508i1,Reading
EJq508i1,Cooking
ZeDWfC9X,Gardening
ZeDWfC9X,Painting
ZXQU2J0A,Cycling
ZXQU2J0A,Painting
ZXQU2J0A,Reading
OtoO1btk,Gardening
OtoO1btk,Reading
OtoO1btk,Cycling
J7Wkx0Et,Painting
PjMbyJqo,Painting
NrdqMCYA,Cycling
NrdqMCYA,Hiking
zWaU5kQb,Cycling
zWaU5kQb,Gardening
Tw3nty41,Cycling
Tw3nty41,Reading
Tw3nty41,Gardening
SARJDrP9,Cooking
QBUTBX8u,Gardening
17MyGO6k,Hiking
17MyGO6k,Gardening
ClvCDjMY,Cycling
Fjz11YRs,Hiking
Fjz11YRs,Gardening
lxnoenYp,Gardening
pGW5qcUl,Painting
FMElo6Rr,Cycling
FMElo6Rr,Cooking
FMElo6Rr,Gardening
sLTfAgox,Painting
sLTfAgox,Cooking
sLTfAgox,Cycling
HmLoWutB,Cycling
Xlqon8mn,Painting
Ngr5D3Q9,Hiking
Ngr5D3Q9,Gardening
Ngr5D3Q9,Painting
M5p2GwnA,Painting
M5p2GwnA,Gardening
vHpsuvHd,Hiking
vHpsuvHd,Cooking
vHpsuvHd,Reading
OdtCzRY3,Reading
OdtCzRY3,Painting
FQTyeKto,Hiking
FQTyeKto,Painting
4BG0Xixw,Hiking
4BG0Xixw,Cycling
4BG0Xixw,Cooking
P7J9PV4n,Cycling
51OufWNi,Gardening
msoJxUC3,Cycling
MSeYQsZy,Cycling
MSeYQsZy,Gardening
lUnXsmAo,Gardening
lUnXsmAo,Cooking
e3Av2XZU,Hiking
e3Av2XZU,Reading
gsCwnKPw,Cycling
gsCwnKPw,Hiking
gsCwnKPw,Painting
CVbZCF0l,Hiking
lAZwTEWT,Reading
lAZwTEWT,Hiking
lAZwTEWT,Cycling
kU2ujt74,Cycling
F8lJi0HC,Cycling
F8lJi0HC,Cooking
F8lJi0HC,Reading
xKLaIVtX,Gardening
yZ2dj6Vv,Cycling
yZ2dj6Vv,Cooking
yZ2dj6Vv,Hiking
VBYDu8DO,Gardening
7tLTKCSh,Cooking
7tLTKCSh,Painting
7tLTKCSh,Hiking
6i1ncFUG,Painting
6i1ncFUG,Cycling
bD2qKzfY,Gardening
bD2qKzfY,Reading
bxIjLLj8,Gardening
bxIjLLj8,Cooking
tBlGqJQ9,Painting
tBlGqJQ9,Gardening
tBlGqJQ9,Hiking
gvQvNCqr,Reading
iMX2b43G,Cooking
iMX2b43G,Gardening
iMX2b43G,Reading
mn1Fm6w5,Gardening
knTDtN1p,Hiking
knTDtN1p,Painting
knTDtN1p,Reading
FUaCpIuy,Cooking
nWI3VTRO,Reading
0pJHYGLt,Painting
0pJHYGLt,Gardening
0pJHYGLt,Reading
6CxbzaEc,Cooking
J6nkT0Ym,Cooking
J6nkT0Ym,Gardening
J6nkT0Ym,Reading
l3V79WVB,Cycling
l3V79WVB,Reading
l3V79WVB,Hiking
LmzDh3J3,Cycling
I1dujc1W,Reading
I1dujc1W,Gardening
klwj0wGd,Cycling
uCdP5qwd,Hiking
a3MGfAxt,Painting
a3MGfAxt,Hiking
a3MGfAxt,Gardening
dZhwq6Nr,Cycling
dZhwq6Nr,Reading
pcmOqsyc,Cooking
pcmOqsyc,Reading
VAg1Hao0,Cycling
htaLECGs,Painting
htaLECGs,Cycling
htaLECGs,Hiking
ZQssfhUq,Painting
ZQssfhUq,Gardening
czsxqMdb,Hiking
PFEw2u2r,Reading
PFEw2u2r,Painting
rKQOesKG,Gardening
rKQOesKG,Reading
rKQOesKG,Cycling
ZbabhcLk,Cooking
ZbabhcLk,Cycling
ZbabhcLk,Hiking
TcQnpiGL,Cycling
fJgsICZm,Gardening
20A6Re2L,Hiking
20A6Re2L,Gardening
O5zlTaLH,Cooking
O5zlTaLH,Reading
O5zlTaLH,Painting
sYmEtP0x,Reading
sYmEtP0x,Hiking
jQ8yUXwn,Hiking
jQ8yUXwn,Cycling
HBKTurUB,Cooking
lCYXXIxR,Painting
KR6bhWpy,Painting
JThwKX7X,Reading
JThwKX7X,Cycling
JThwKX7X,Hiking
RDqX5wCQ,Cooking
RDqX5wCQ,Gardening
RDqX5wCQ,Reading
GznSyniv,Reading
GznSyniv,Painting
BZqfLY18,Reading
PLYRSUCY,Cooking
ui8xiWX9,Gardening
ui8xiWX9,Cycling
DfLr4kNL,Reading
D99uGxg3,Gardening
D99uGxg3,Reading
D99uGxg3,Cycling
NhJ9Z6dA,Cycling
NhJ9Z6dA,Reading
NhJ9Z6dA,Gardening
XrCoZc8y,Cooking
XrCoZc8y,Hiking
XrCoZc8y,Cycling
VAMiQj2l,Gardening
VAMiQj2l,Cooking
VAMiQj2l,Reading
1WG7M8rx,Painting
1WG7M8rx,Reading
r2JODphd,Reading
z66bU73a,Cooking
z66bU73a,Painting
z66bU73a,Gardening
uQq1MN6T,Cooking
uQq1MN6T,Cycling
2k5h3OCW,Painting
BYmnnSfD,Reading
BYmnnSfD,Gardening
0jCJTuvD,Cooking
0jCJTuvD,Cycling
8ftWJEuR,Cooking
8ftWJEuR,Gardening
8ftWJEuR,Painting
qpsAhqf0,Hiking
qpsAhqf0,Cooking
rH5FpKUK,Cycling
UoSTJnHV,Hiking
UoSTJnHV,Gardening
UoSTJnHV,Reading
c2avXd8V,Painting
yQX6WPAJ,Painting
yQX6WPAJ,Cycling
yQX6WPAJ,Reading
mjpwS2hj,Hiking
jEa7JOnv,Reading
jEa7JOnv,Gardening
oOTnolVc,Cycling
oOTnolVc,Hiking
oOTnolVc,Reading
ZLjOfJ3D,Gardening
ZLjOfJ3D,Painting
ZLjOfJ3D,Hiking
1SahumEV,Gardening
1SahumEV,Reading
cKj269O6,Cycling
cKj269O6,Painting
33ueGZTp,Reading
TNPleGGo,Cooking
TNPleGGo,Gardening
TNPleGGo,Cycling
d4wXE5Fx,Cycling
d4wXE5Fx,Gardening
rQiS7Y2W,Reading
rQiS7Y2W,Painting
e0Oa5XQk,Painting
e0Oa5XQk,Cooking
IkyvSuVH,Gardening
IkyvSuVH,Hiking
hGb6IVri,Cycling
3PoeqsoS,Cycling
PYQOGDyb,Cooking
BdKUwRCA,Reading
BdKUwRCA,Cooking
BdKUwRCA,Painting
oc9SXAsA,Gardening
oc9SXAsA,Painting
lpvKuCg6,Cycling
lwyx3bQp,Painting
lwyx3bQp,Gardening
IJIkiUi4,Cooking
IJIkiUi4,Reading
NPatxkt8,Painting
NPatxkt8,Hiking
NPatxkt8,Cycling
hSByoyzw,Reading
hSByoyzw,Painting
hSByoyzw,Hiking
GZrt8sON,Painting
GZrt8sON,Reading
GZrt8sON,Gardening
1S0nmfp7,Gardening
CvLs7OwX,Cycling
HgtMUgtt,Painting
Yo3lJmxi,Cooking
Yo3lJmxi,Gardening
R6m1jMAR,Hiking
R6m1jMAR,Cooking
81CF4P9n,Cooking
XOzRgTMe,Hiking
XOzRgTMe,Cycling
XOzRgTMe,Cooking
Z6yvL9iq,Reading
Z6yvL9iq,Painting
bef7td3V,Gardening
mPbdlFK2,Reading
mPbdlFK2,Painting
blquHhhp,Cooking
blquHhhp,Painting
1A6fWQ31,Cooking
ed7VNZYq,Cycling
ed7VNZYq,Cooking
obog9Gcf,Cycling
obog9Gcf,Hiking
obog9Gcf,Painting
ZF85Fytm,Reading
iXb7BUzT,Gardening
9mbGIt08,Cycling
9mbGIt08,Cooking
QajWInj0,Cooking
QajWInj0,Cycling
QajWInj0,Painting
xoo0colK,Gardening
xoo0colK,Reading
1BNmbUxB,Gardening
1BNmbUxB,Painting
FP9kr0p2,Reading
FP9kr0p2,Gardening
FP9kr0p2,Hiking
mPVOmCDr,Cooking
mPVOmCDr,Painting
mPVOmCDr,Reading
hBSJ12dV,Gardening
hBSJ12dV,Hiking
hBSJ12dV,Painting
4LPNwZiu,Cooking
4LPNwZiu,Gardening
SVGQ7P0t,Cooking
SVGQ7P0t,Reading
kDnvg3SZ,Hiking
kDnvg3SZ,Cycling
kDnvg3SZ,Painting
a6NYlGwu,Reading
a6NYlGwu,Hiking
ycLSNJEi,Cycling
LidI7yYy,Hiking
aEiYNkF7,Painting
aEiYNkF7,Hiking
aEiYNkF7,Gardening
HWGfvgyY,Hiking
PIzLV31m,Cycling
PIzLV31m,Cooking
PIzLV31m,Reading
pbhpsGlc,Cycling
pbhpsGlc,Cooking
pbhpsGlc,Painting
AWVF1Tl7,Cycling
AWVF1Tl7,Reading
AWVF1Tl7,Hiking
b1Idpvs7,Hiking
3GrzK7vN,Gardening
3GrzK7vN,Cooking
3GrzK7vN,Reading
3TSexFZp,Gardening
3TSexFZp,Hiking
vigB4FUq,Painting
vigB4FUq,Hiking
ZMM2Pcxv,Hiking
e0LAEEGR,Hiking
p6RFwbPx,Gardening
p6RFwbPx,Cooking
p6RFwbPx,Hiking
BAzITUY9,Hiking
BAzITUY9,Cooking
6qMuBJpO,Cooking
6qMuBJpO,Painting
6qMuBJpO,Hiking
DtogboWt,Gardening
DtogboWt,Cycling
yeF8Lbsw,Painting
yeF8Lbsw,Gardening
oMhfYgQr,Reading
oMhfYgQr,Cycling
oMhfYgQr,Hiking
Oc7UD29j,Gardening
Oc7UD29j,Painting
Oc7UD29j,Cooking
ATEBqrhG,Cooking
qHfrAlQQ,Painting
qHfrAlQQ,Reading
qHfrAlQQ,Gardening
SXd1fYaE,Painting
SXd1fYaE,Hiking
rKaYNvx8,Cycling
rKaYNvx8,Reading
ffhbNTnk,Painting
oWVGfsF5,Gardening
0VvJ7bQW,Cooking
0VvJ7bQW,Painting
oEuzGAMt,Reading
oEuzGAMt,Cooking
oEuzGAMt,Painting
5TyRmI3S,Hiking
5TyRmI3S,Gardening
5TyRmI3S,Reading
vUgCyrwI,Cooking
vUgCyrwI,Gardening
dfU10drC,Reading
dfU10drC,Cycling
dfU10drC,Hiking
d4rjKPSx,Gardening
d4rjKPSx,Painting
2weZJCtX,Reading
T6BDx4A5,Painting
veQR2Vbo,Painting
Hfse6UvL,Painting
Hfse6UvL,Cooking
R9lXeXZ2,Gardening
R9lXeXZ2,Hiking
D3pg7OPz,Painting
D3pg7OPz,Hiking
D3pg7OPz,Gardening
3eubGtD1,Painting
3eubGtD1,Hiking
3eubGtD1,Cooking
K8b9TdYL,Cycling
K8b9TdYL,Reading
qTzyrsre,Hiking
qTzyrsre,Painting
k9us5576,Hiking
k9us5576,Painting
k9us5576,Cycling
gNBEgwrK,Cooking
gNBEgwrK,Reading
XUTC48Ay,Painting
XUTC48Ay,Cycling
XUTC48Ay,Cooking
SCeE30LP,Painting
SCeE30LP,Cycling
SCeE30LP,Hiking
NVp9PygB,Cooking
NVp9PygB,Gardening
NVp9PygB,Hiking
qBSX06Mp,Cooking
7fijFNwt,Painting
7fijFNwt,Hiking
G9XkD6Qe,Hiking
G9XkD6Qe,Cooking
iJrpkepN,Gardening
iJrpkepN,Cycling
OAdTX0ty,Cycling
OAdTX0ty,Painting
OAdTX0ty,Cooking
b0xm6P2x,Cooking
I1f0pLz4,Cooking
NcW70yHP,Cycling
NcW70yHP,Gardening
be4mlWaw,Reading
be4mlWaw,Painting
be4mlWaw,Gardening
ufSOeYn2,Cooking
ufSOeYn2,Gardening
ufSOeYn2,Reading
956Psb6Y,Gardening
kIuxJuLH,Reading
kIuxJuLH,Hiking
kIuxJuLH,Painting
J84zNaqu,Hiking
J84zNaqu,Cooking
xnJZdvVK,Hiking
xnJZdvVK,Gardening
xnJZdvVK,Painting
zPqVoJ2i,Reading
zPqVoJ2i,Painting
zPqVoJ2i,Hiking
Uql8GhEt,Reading
Uql8GhEt,Hiking
96Tc0cbE,Cycling
96Tc0cbE,Cooking
96Tc0cbE,Painting
UlNxwxEC,Gardening
UlNxwxEC,Reading
eR9FRELm,Gardening
DSSf2gB0,Painting
DSSf2gB0,Reading
Gh2HZXAi,Cooking
Gh2HZXAi,Hiking
Gh2HZXAi,Reading
smPL5LvP,Cooking
u4ql5ThT,Gardening
u4ql5ThT,Cycling
u4ql5ThT,Painting
Nn5XZ16X,Reading
Nn5XZ16X,Gardening
jCA4SFpB,Hiking
jCA4SFpB,Reading
jCA4SFpB,Gardening
McJCTJpL,Reading
eFj4Zjod,Reading
GvPOj5P9,Cycling
7QLt1ql4,Hiking
7QLt1ql4,Gardening
7QLt1ql4,Reading
HrEhMVkV,Gardening
bgEUYX1i,Gardening
IuQmh9b9,Cooking
5lYXo7IL,Hiking
5lYXo7IL,Cooking
5lYXo7IL,Painting
PkSEJnwd,Painting
PkSEJnwd,Reading
rIieDqz1,Cycling
rIieDqz1,Reading
SUpc6iQ5,Painting
LX0DTsAG,Hiking
LX0DTsAG,Gardening
lCQwUEtw,Cycling
uo8PgJIy,Reading
uo8PgJIy,Cooking
uo8PgJIy,Hiking
zS6BLPaY,Reading
zS6BLPaY,Cooking
zS6BLPaY,Painting
SDRBQZqB,Reading
SDRBQZqB,Cycling
SDRBQZqB,Hiking
QcU23d1z,Cooking
QcU23d1z,Cycling
QcU23d1z,Gardening
3JrSQZFf,Hiking
3JrSQZFf,Cycling
FpesPLnL,Reading
FpesPLnL,Painting
FpesPLnL,Gardening
SV9rRBXW,Reading
SV9rRBXW,Cooking
SV9rRBXW,Painting
6Df5rkyZ,Hiking
6Df5rkyZ,Gardening
6Df5rkyZ,Cooking
TByYro49,Reading
CXGwpVhx,Cycling
CXGwpVhx,Reading
CXGwpVhx,Hiking
WECBbi5c,Hiking
WECBbi5c,Painting
WECBbi5c,Cycling
gwFBx8EZ,Cooking
gwFBx8EZ,Cycling
fI4CKqSn,Hiking
fI4CKqSn,Painting
fI4CKqSn,Cooking
57ed4EpY,Hiking
gQK4BU9U,Painting
nyYb7UA4,Cooking
nyYb7UA4,Hiking
nyYb7UA4,Reading
82ns3ypX,Hiking
82ns3ypX,Gardening
82ns3ypX,Reading
10i3lUuL,Cooking
10i3lUuL,Gardening
10i3lUuL,Reading
mBP8Xpfk,Hiking
2d2aI9CR,Reading
2d2aI9CR,Gardening
6orlunKI,Cooking
6orlunKI,Hiking
yFzEwqya,Reading
7JbD2UTb,Reading
7JbD2UTb,Cycling
7JbD2UTb,Hiking
T2NniL3I,Cooking
T2NniL3I,Gardening
k7qWZfM2,Gardening
k7qWZfM2,Painting
k7qWZfM2,Cycling
AyuGpKhf,Painting
uqX1oFdk,Cycling
uV2fcNJj,Cooking
uV2fcNJj,Painting
uV2fcNJj,Cycling
Oxxvi9lO,Reading
Oxxvi9lO,Cycling
Oxxvi9lO,Gardening
BkQ3eJ4A,Reading
BkQ3eJ4A,Hiking
BkQ3eJ4A,Cycling
t1DuVUWF,Painting
t1DuVUWF,Gardening
EznlYmmT,Gardening
Fj1aUavY,Painting
Fj1aUavY,Hiking
Fj1aUavY,Cycling
LW0kmSdV,Painting
LW0kmSdV,Gardening
mHkwui5N,Gardening
BVlrUN4D,Reading
tSoDLmZW,Reading
1soygg0d,Cycling
1soygg0d,Gardening
1soygg0d,Reading
7E9wHezE,Hiking
7E9wHezE,Reading
7E9wHezE,Cooking
zuSjzBgq,Gardening
zuSjzBgq,Cooking
zuSjzBgq,Painting
qoFuqbVJ,Cooking
qoFuqbVJ,Cycling
MAbJFRFG,Cooking
MAbJFRFG,Reading
MAbJFRFG,Painting
Mj3nY7FC,Cycling
ETYm8tav,Hiking
Dp5R2bY6,Hiking
lKGFzaqb,Cycling
rKFG6zgS,Reading
mDzmPQp2,Cooking
mDzmPQp2,Hiking
qCX9X4EI,Hiking
qCX9X4EI,Reading
qCX9X4EI,Gardening
NDqcHsSV,Cooking
aM6Wt6xS,Painting
aM6Wt6xS,Reading
aM6Wt6xS,Gardening
Gnina0X9,Hiking
FdQjNQNk,Painting
FdQjNQNk,Cycling
jhgkyBxn,Painting
jhgkyBxn,Reading
jhgkyBxn,Gardening
4MI03i9W,Cycling
4MI03i9W,Cooking
pCWLmAnm,Gardening
PV3XwYCj,Cycling
PV3XwYCj,Reading
PV3XwYCj,Cooking
8vhE4b92,Reading
cG2H08cO,Cooking
7JIH6eec,Reading
7JIH6eec,Gardening
0P24Q9EE,Hiking
pmU4Zg1K,Gardening
pmU4Zg1K,Reading
yKrVWl1m,Reading
46rHhEkE,Painting
DTgftZ2z,Reading
I6RTneUB,Gardening
I6RTneUB,Cooking
gkcQ4LmF,Gardening
gkcQ4LmF,Hiking
gkcQ4LmF,Reading
KQs0E15D,Cycling
fneakUez,Cooking
EImXorMY,Painting
EMqM9NQI,Reading
shqnPL2z,Cycling
shqnPL2z,Gardening
shqnPL2z,Cooking
ta3VI8mP,Cooking
eqnNfjOA,Hiking
eqnNfjOA,Reading
eqnNfjOA,Cooking
DjvA11Ub,Reading
DjvA11Ub,Hiking
pegBUVZj,Gardening
7ldcQYqE,Reading
f5mrXB7L,Painting
f5mrXB7L,Cooking
f5mrXB7L,Cycling
tGuE2fIG,Cycling
tGuE2fIG,Gardening
Bi7v2WTU,Painting
SW4sprGy,Reading
9DaXzPO5,Cooking
TeSAF6c2,Hiking
TeSAF6c2,Cycling
YeRqQXqG,Reading
YeRqQXqG,Painting
YeRqQXqG,Gardening
YoAda2vp,Hiking
9xVYtule,Gardening
9xVYtule,Cycling
9xVYtule,Painting
JUx5Q5N4,Reading
icxcN4kt,Gardening
lL6aQEU7,Cooking
O7LjAbUC,Hiking
O7LjAbUC,Reading
O7LjAbUC,Gardening
4o5JJunn,Reading
4o5JJunn,Cycling
4o5JJunn,Gardening
lhuN5flR,Cycling
lhuN5flR,Gardening
xu0OEEAB,Gardening
SUFWk30W,Gardening
SUFWk30W,Cooking
SUFWk30W,Cycling
bV41h3kW,Painting
Gmo5BJfq,Reading
Gmo5BJfq,Cooking
G3drV7z7,Hiking
G3drV7z7,Cooking
G3drV7z7,Cycling
0wd52jRz,Hiking
0wd52jRz,Painting
70ht7Qpx,Painting
70ht7Qpx,Gardening
gEm7cVwx,Gardening
gEm7cVwx,Reading
gEm7cVwx,Hiking
iGjQxdht,Cooking
DOxLTsuL,Reading
DOxLTsuL,Gardening
DOxLTsuL,Painting
w24gos5K,Hiking
w24gos5K,Cycling
lRm9Od4i,Hiking
lRm9Od4i,Cooking
lRm9Od4i,Reading
Z6iNfNuy,Cycling
Z6iNfNuy,Gardening
Z6iNfNuy,Hiking
T2hpbp68,Reading
T2hpbp68,Cycling
T2hpbp68,Cooking
aFPBckg5,Cycling
aFPBckg5,Painting
aFPBckg5,Hiking
nK2AjFvn,Painting
x1y0o0mx,Painting
x1y0o0mx,Reading
1Rc8PeRA,Cycling
1Rc8PeRA,Gardening
tinsab8E,Gardening
tinsab8E,Painting
dU8U94Ru,Hiking
2ypn1Ogt,Reading
2ypn1Ogt,Hiking
2ypn1Ogt,Gardening
BlXIiiEL,Reading
dIP7MS3x,Reading
ca1fk4Zm,Reading
ca1fk4Zm,Painting
3tt94RwQ,Cooking
3tt94RwQ,Gardening
3tt94RwQ,Painting
4B51Vxls,Reading
7FErWP4T,Painting
HxpbFGx6,Cycling
HxpbFGx6,Gardening
KoMVsYt8,Cycling
9KmRm5fv,Reading
t5bJ5YiB,Gardening
t5bJ5YiB,Painting
2wNi6O34,Cycling
vLFdlmTV,Gardening
vLFdlmTV,Cycling
vLFdlmTV,Hiking
XWUXZ6xJ,Painting
XWUXZ6xJ,Hiking
vdq3rPlK,Reading
nHhQfANp,Painting
LhXYMn3B,Gardening
XC6vePyb,Cycling
FzLRgia0,Hiking
FzLRgia0,Painting
EwEMlghW,Hiking
EwEMlghW,Cycling
EwEMlghW,Gardening
PsWLQdEr,Hiking
7p168Tpk,Painting
7p168Tpk,Gardening
O5tncYi3,Painting
O5tncYi3,Cooking
YJmv3VGg,Painting
YJmv3VGg,Cooking
AuTLlAdk,Cycling
AuTLlAdk,Cooking
AuTLlAdk,Painting
DwrYf9ZA,Reading
7B4TWbmi,Gardening
7B4TWbmi,Hiking
e6WP6mGK,Painting
e6WP6mGK,Cycling
e6WP6mGK,Cooking
dyNKJNyy,Cycling
dyNKJNyy,Reading
DqKe00Zm,Hiking
DqKe00Zm,Reading
u7OchYj5,Hiking
u7OchYj5,Reading
u7OchYj5,Cooking
gQwrNMJR,Cycling
gQwrNMJR,Painting
dvstfG87,Gardening
d7xj9Unx,Hiking
d7xj9Unx,Cycling
ApJNaB7i,Painting
ApJNaB7i,Hiking
ApJNaB7i,Reading
tksR1Ri0,Reading
fPF9c1Si,Cycling
uaEHMuOh,Hiking
uaEHMuOh,Cooking
SJYmUrag,Cycling
SJYmUrag,Painting
NFhGtwR0,Reading
NFhGtwR0,Hiking
v9FwNZ7j,Reading
uGR6U5zf,Gardening
uGR6U5zf,Hiking
HIdOQj51,Painting
HIdOQj51,Reading
HIdOQj51,Gardening
Zxufi1gu,Painting
kk9jgxKD,Cooking
kk9jgxKD,Reading
XtYMpfdZ,Reading
XtYMpfdZ,Cycling
6HALNC3A,Gardening
6HALNC3A,Hiking
6HALNC3A,Cycling
aTcLZz9S,Gardening
aTcLZz9S,Painting
nmTYx8kl,Hiking
nmTYx8kl,Cooking
nmTYx8kl,Cycling
v7q6PO6x,Cycling
v7q6PO6x,Painting
v7q6PO6x,Hiking
DaeNj7fQ,Gardening
DaeNj7fQ,Painting
DaeNj7fQ,Cooking
dvP8YwLw,Reading
dvP8YwLw,Cycling
nDifZH8n,Painting
nDifZH8n,Gardening
nDifZH8n,Cycling
LvAjlvmi,Cooking
LvAjlvmi,Reading
Bnq3tpX4,Cooking
Bnq3tpX4,Cycling
Bnq3tpX4,Hiking
oD7cgmHe,Reading
oD7cgmHe,Cycling
oD7cgmHe,Hiking
EPjYfN5l,Gardening
9Fnf62LC,Cycling
9Fnf62LC,Reading
AJNE3pcC,Painting
AJNE3pcC,Cycling
W4AaFoJN,Painting
W4AaFoJN,Cooking
XMOyrRnl,Cycling
iyczfTpI,Cycling
iyczfTpI,Hiking
qsUFomRW,Painting
k6ZmmB7C,Reading
k6ZmmB7C,Cooking
wtqrxala,Cooking
PBgbNmyC,Gardening
PBgbNmyC,Cooking
PBgbNmyC,Painting
JTyXJfm7,Cycling
y69RwTV2,Cycling
YYBsX6hN,Hiking
YYBsX6hN,Cycling
YYBsX6hN,Gardening
5lKwO9dd,Cycling
5lKwO9dd,Reading
AYIWeiTq,Cooking
AYIWeiTq,Gardening
AYIWeiTq,Painting
mUxX4gDO,Painting
rrhof0CI,Cooking
hXbdRei4,Cooking
hXbdRei4,Hiking
hXbdRei4,Gardening
17nBjT7b,Cycling
17nBjT7b,Painting
5HowhNsS,Cooking
5HowhNsS,Hiking
Kvdrnet7,Painting
Kvdrnet7,Cycling
ChcdiP2D,Reading
ChcdiP2D,Cooking
iyp05y5g,Painting
SDezz3i8,Cooking
SDezz3i8,Reading
YqOCrBuk,Cooking
2eyfmCJZ,Reading
2eyfmCJZ,Painting
LnIOzQhh,Reading
LnIOzQhh,Cooking
LnIOzQhh,Cycling
LyJeLNnH,Cooking
LyJeLNnH,Painting
FqPOxxzG,Reading
FqPOxxzG,Cooking
DWkNtpt3,Cooking
DWkNtpt3,Painting
DWkNtpt3,Cycling
9FDJdiJc,Cycling
uLUyoIVm,Cooking
uLUyoIVm,Reading
N6kM7zMu,Hiking
N6kM7zMu,Reading
Pkm999ex,Reading
inHVF4Qs,Painting
fdIv6n2z,Cycling
fdIv6n2z,Gardening
fdIv6n2z,Hiking
YFRfHc7b,Painting
YFRfHc7b,Cycling
YFRfHc7b,Hiking
70gLEuKh,Cycling
70gLEuKh,Cooking
HEIi0FuZ,Reading
HEIi0FuZ,Hiking
EOq8D1cN,Reading
EOq8D1cN,Cooking
DAsh3hk9,Reading
W9URicST,Painting
SUEYTFvO,Hiking
RW9LZK0e,Painting
RW9LZK0e,Reading
a8ysNg5K,Hiking
pXkKNoQj,Cycling
pXkKNoQj,Cooking
pXkKNoQj,Painting
NasBGtnM,Cooking
NasBGtnM,Hiking
rQIy6hN4,Gardening
rQIy6hN4,Reading
rQIy6hN4,Cycling
NeS1ShBI,Cycling
NeS1ShBI,Reading
IHZJvs8W,Gardening
IHZJvs8W,Painting
lmOu3mXB,Painting
lmOu3mXB,Gardening
lmOu3mXB,Cooking
BNzem5Mq,Cycling
kjbNAYJ1,Hiking
kjbNAYJ1,Cooking
YnGxbwVC,Hiking
YnGxbwVC,Reading
QZHrUQiS,Painting
QZHrUQiS,Cycling
QZHrUQiS,Cooking
EIrd9XPu,Cooking
EIrd9XPu,Reading
EIrd9XPu,Gardening
KTvDXCx9,Gardening
hIzdpU1k,Cycling
hIzdpU1k,Gardening
hIzdpU1k,Cooking
xZ5ySDey,Cooking
xZ5ySDey,Cycling
xZ5ySDey,Gardening
0za7EjYA,Hiking
0za7EjYA,Reading
0za7EjYA,Gardening
QT3reTJe,Hiking
QT3reTJe,Reading
QT3reTJe,Painting
2Aa4NdHX,Painting
V3lQQxVy,Cooking
V3lQQxVy,Cycling
V3lQQxVy,Hiking
NDohtpfv,Painting
NDohtpfv,Reading
NDohtpfv,Cycling
KJihZRXF,Hiking
KJihZRXF,Gardening
KJihZRXF,Cooking
98bpi13b,Gardening
98bpi13b,Cooking
qY2GSMdJ,Gardening
227ZuDXm,Cooking
227ZuDXm,Hiking
227ZuDXm,Gardening
qOwFpUDW,Hiking
qOwFpUDW,Painting
qOwFpUDW,Reading
