name,hobbies
HUWyF50l,Hiking
HUWyF50l,Cycling
HUWyF50l,Reading
Dzm6Dq9U,Gardening
Dzm6Dq9U,Cycling
Dzm6Dq9U,Hiking
TK14lPUt,Gardening
7HyHSgqH,Cooking
7HyHSgqH,Painting
7HyHSgqH,Gardening
SVcu7FGS,Cooking
P5ZcBOa7,Gardening
P5ZcBOa7,Reading
sHjtUyNX,Reading
ZwJQwJfo,Reading
ZwJQwJfo,Cooking
Yr2wBGkz,Cycling
Yr2wBGkz,Gardening
Yr2wBGkz,Hiking
CB13x12U,Cycling
q60ZEsWo,Hiking
q60ZEsWo,Reading
q60ZEsWo,Cooking
Hj7Aeajr,Painting
Hj7Aeajr,Gardening
Hj7Aeajr,Cycling
V6l3MvjR,Reading
V6l3MvjR,Gardening
V6l3MvjR,Cooking
KsKApWEg,Reading
KsKApWEg,Gardening
4dLpIfAv,Gardening
5Je1Ny6f,Cooking
5Je1Ny6f,Hiking
FJH7fBrb,Reading
4tmWibzj,Cycling
4tmWibzj,Painting
4tmWibzj,Reading
0VpWc2wV,Cycling
0VpWc2wV,Hiking
NJmm5Mmk,Hiking
NJmm5Mmk,Gardening
NJmm5Mmk,Reading
31Tkudh5,Cycling
31Tkudh5,Painting
iD0RDVfW,Cycling
iD0RDVfW,Painting
T5GimDm6,Cycling
T5GimDm6,Painting
T5GimDm6,Hiking
bwRH3QYg,Painting
bwRH3QYg,Reading
bwRH3QYg,Cooking
Qh9LtgI3,Gardening
Qh9LtgI3,Hiking
Qh9LtgI3,Reading
JdYDhNSa,Painting
4KTonVBu,Gardening
4KTonVBu,Reading
4KTonVBu,Cooking
jwdOk8gy,Painting
jwdOk8gy,Reading
LPeZFLe6,Gardening
8nBnVYFm,Reading
NmKxoa0q,Cycling
NmKxoa0q,Cooking
NmKxoa0q,Gardening
uFfvGJA7,Painting
r2se1Bab,Painting
NYAd6l0k,Hiking
NYAd6l0k,Gardening
ce6Ab2kN,Cooking
ce6Ab2kN,Gardening
XCRjjihA,Cycling
jetASJQW,Cycling
jetASJQW,Gardening
nOkRyDST,Hiking
2QDYAmuK,Painting
2QDYAmuK,Hiking
z4uykHQh,Cycling
8mvdDRrP,Painting
8mvdDRrP,Gardening
8mvdDRrP,Cooking
tqAQLqvO,Hiking
vg1tNvhm,Painting
vg1tNvhm,Gardening
rXXXRqHk,Reading
rXXXRqHk,Gardening
AeYbvBqS,Hiking
AeYbvBqS,Cooking
AeYbvBqS,Gardening
a6nOOusH,Reading
uFJ8pbQZ,Reading
uFJ8pbQZ,Cooking
uFJ8pbQZ,Hiking
qhcvWcKu,Hiking
qhcvWcKu,Cooking
LMZNVrvO,Painting
LMZNVrvO,Cycling
LMZNVrvO,Reading
2Rt9MNUe,Hiking
Cbr343x2,Reading
Cbr343x2,Gardening
rCQTiXLS,Hiking
rCQTiXLS,Cooking
pH1OL22a,Painting
OENyjdCg,Cooking
OENyjdCg,Reading
OENyjdCg,Hiking
bWziL4jt,Cooking
bWziL4jt,Hiking
uXF1Pv6D,Painting
NRQ4nkpx,Gardening
tQAjrojU,Hiking
KLhhbY67,Reading
KLhhbY67,Painting
yQ3jTRD9,Hiking
yQ3jTRD9,Reading
yQ3jTRD9,Cycling
jhJ2fCwQ,Gardening
jhJ2fCwQ,Hiking
jhJ2fCwQ,Cycling
5D9hfjnl,Cooking
5D9hfjnl,Gardening
5D9hfjnl,Reading
Ho9kpWQw,Cooking
Ho9kpWQw,Gardening
VdHeKMXb,Hiking
VdHeKMXb,Reading
VdHeKMXb,Cooking
VIbwQEYw,Cooking
UK2QoUMc,Cycling
kO5pRfKC,Painting
kO5pRfKC,Gardening
JE5z87ea,Gardening
JE5z87ea,Painting
JE5z87ea,Cooking
4FjHJXxt,Reading
4FjHJXxt,Hiking
4FjHJXxt,Cycling
3DbJglxO,Painting
jtAPEhyt,Reading
jtAPEhyt,Cooking
jtAPEhyt,Gardening
8zZtLcWL,Cycling
8zZtLcWL,Painting
88sENH5O,Cooking
88sENH5O,Cycling
0VJapa6k,Painting
DWwH5jaN,Cooking
DWwH5jaN,Cycling
DBrFhQxT,Painting
DBrFhQxT,Gardening
GBul9My7,Cooking
ZJWpHLzs,Reading
ZJWpHLzs,Cycling
ZJWpHLzs,Gardening
j4oVYk9z,Painting
j4oVYk9z,Cycling
0Mw7LEbX,Gardening
Fcyeo0Jh,Painting
7iAIWmjF,Gardening
7iAIWmjF,Hiking
7iAIWmjF,Cooking
PPYGQaq7,Cycling
PPYGQaq7,Hiking
An1L3JiR,Cycling
ERZU1IWt,Cooking
0RskYqkj,Gardening
0RskYqkj,Painting
XnKzEYmJ,Painting
XnKzEYmJ,Gardening
pSxuwkfz,Gardening
pSxuwkfz,Reading
pSxuwkfz,Painting
kvWdtpbn,Cooking
kvWdtpbn,Reading
kvWdtpbn,Gardening
s3idMYVE,Gardening
s3idMYVE,Cycling
WIvVLnIQ,Hiking
8kkSfkpi,Gardening
d4lTwZyP,Hiking
d4lTwZyP,Gardening
d4lTwZyP,Painting
lGYRtcK2,Cycling
lGYRtcK2,Gardening
lGYRtcK2,Reading
0eRu37QV,Reading
92Hditkf,Gardening
92Hditkf,Hiking
BBqYXnEc,Gardening
jwDaDz5R,Hiking
CJEaGokw,Hiking
CJEaGokw,Reading
CJEaGokw,Cooking
AiS8pMk1,Cooking
AiS8pMk1,Cycling
AiS8pMk1,Reading
hdAhuUZP,Gardening
hdAhuUZP,Painting
Or7PO4MU,Cycling
OlYAs4Ig,Reading
KhvgZx8A,Cooking
okPEaTSn,Gardening
O4g2bpHA,Cooking
O4g2bpHA,Hiking
O4g2bpHA,Reading
MTppxib0,Cooking
MTppxib0,Gardening
MTppxib0,Cycling
H3rIpshF,Cycling
H3rIpshF,Painting
H3rIpshF,Reading
DSrCYkRg,Reading
DSrCYkRg,Cooking
we9XtseW,Cycling
we9XtseW,Hiking
we9XtseW,Gardening
xG9lFIDq,Painting
xG9lFIDq,Hiking
xG9lFIDq,Cycling
9Fq9d4m7,Painting
XDdBprAj,Reading
XDdBprAj,Gardening
K8TshOjJ,Reading
K8TshOjJ,Hiking
K8TshOjJ,Cycling
0pYicu8H,Painting
I4XmcaYn,Reading
JAZjm47M,Cooking
E2NGhR0W,Cycling
E2NGhR0W,Reading
WXpWG7Cx,Cooking
WXpWG7Cx,Painting
WXpWG7Cx,Cycling
Bb6F64Hq,Painting
Bb6F64Hq,Reading
Bb6F64Hq,Gardening
ntQ17fyF,Cycling
xm15DgDx,Reading
xm15DgDx,Cycling
8fAuPCQD,Cooking
8fAuPCQD,Cycling
iEiuq4WR,Cycling
ibCzLrCY,Hiking
2HbbG5Lh,Reading
zgFM3gJE,Gardening
zgFM3gJE,Cycling
zgFM3gJE,Painting
GNIn6Oby,Cycling
GNIn6Oby,Painting
GNIn6Oby,Hiking
NLP8VTmT,Cycling
NLP8VTmT,Reading
NLP8VTmT,Painting
6Wq49Ln5,Gardening
6Wq49Ln5,Painting
JeLsMcbV,Hiking
JeLsMcbV,Cooking
4RIWhuPQ,Painting
K7W9IKlm,Cooking
K7W9IKlm,Reading
K7W9IKlm,Painting
t1VkNR0u,Cooking
t1VkNR0u,Cycling
O0lRyNUi,Cooking
11OOYgvF,Reading
6jNWouez,Painting
WWaYhed6,Painting
WWaYhed6,Hiking
PItHMQC2,Painting
PItHMQC2,Cooking
PItHMQC2,Hiking
cs9ks8Cj,Hiking
YNwAYSDd,Cooking
YNwAYSDd,Painting
YNwAYSDd,Hiking
bOU3nbem,Painting
bOU3nbem,Cooking
02cPs2Rf,Cycling
02cPs2Rf,Hiking
3Wjh5iqs,Cooking
3Wjh5iqs,Painting
3Wjh5iqs,Hiking
LSwgasr3,Cycling
LSwgasr3,Reading
8lyfD1G4,Gardening
NsHwYgyQ,Reading
hnODQJGV,Painting
hnODQJGV,Cycling
FCpkFSzn,Reading
FCpkFSzn,Gardening
FCpkFSzn,Cycling
Cdbm9h3i,Gardening
Cdbm9h3i,Reading
Cdbm9h3i,Cooking
A044B3oi,Hiking
7vGTjavM,Hiking
7vGTjavM,Reading
7vGTjavM,Gardening
CtKL0ucI,Painting
CtKL0ucI,Hiking
CtKL0ucI,Reading
MUIZplZr,Painting
MUIZplZr,Gardening
CE1fGXK4,Hiking
CE1fGXK4,Gardening
hMVKgdKW,Painting
hMVKgdKW,Reading
hMVKgdKW,Hiking
yJXvKZui,Hiking
mo8DYwhs,Painting
mo8DYwhs,Reading
88YMRN8h,Painting
88YMRN8h,Gardening
88YMRN8h,Cooking
MNt2EF6p,Gardening
MNt2EF6p,Cooking
MNt2EF6p,Painting
x5MVCYCZ,Painting
x5MVCYCZ,Gardening
DGGKELil,Cycling
DGGKELil,Hiking
DGGKELil,Painting
sBXS8T6V,Hiking
sBXS8T6V,Cycling
ZH5PsL5r,Hiking
ZH5PsL5r,Cycling
lYOW6Dp9,Cycling
lYOW6Dp9,Reading
lYOW6Dp9,Painting
YB55FIhU,Reading
YB55FIhU,Gardening
fYaJ1B6G,Hiking
fYaJ1B6G,Cycling
awfd67fk,Reading
awfd67fk,Cooking
awfd67fk,Gardening
1Fj6zBhy,Cooking
inqU3rIN,Reading
inqU3rIN,Cooking
inqU3rIN,Hiking
5yAWOKep,Gardening
ZXaqICWt,Hiking
ZXaqICWt,Cycling
WQqRYlTK,Gardening
juQz1ysP,Gardening
juQz1ysP,Reading
AlmxNo15,Reading
PKpBe88V,Reading
PKpBe88V,Hiking
PKpBe88V,Cycling
qbD37uFq,Cycling
qhtfYucH,Hiking
qhtfYucH,Reading
wV6OfQYV,Reading
wV6OfQYV,Gardening
dZJGSkN3,Hiking
dZJGSkN3,Cycling
7FVsQq1L,Cooking
7FVsQq1L,Painting
5sDz3NO3,Cycling
5sDz3NO3,Gardening
suuM9sdB,Hiking
suuM9sdB,Painting
suuM9sdB,Gardening
fie0XLkr,Gardening
fie0XLkr,Painting
cio60vXi,Cycling
cio60vXi,Reading
59Tjsgk5,Cycling
59Tjsgk5,Reading
59Tjsgk5,Hiking
wHYMpDYC,Cycling
wHYMpDYC,Cooking
J34XyWjk,Reading
J34XyWjk,Gardening
JFGW09Dn,Cycling
JFGW09Dn,Cooking
zwFd7kI5,Hiking
zwFd7kI5,Cycling
zwFd7kI5,Painting
M5zK5w8d,Painting
M5zK5w8d,Gardening
g0ruHMMb,Painting
HWNR2WIG,Gardening
HWNR2WIG,Cooking
vJDuiId2,Reading
vJDuiId2,Painting
eF9EwFfK,Cycling
eF9EwFfK,Hiking
eF9EwFfK,Painting
rVuBo1F3,Painting
gEMpxlk4,Hiking
gEMpxlk4,Cycling
9id9sC48,Cycling
9id9sC48,Gardening
Vidz3EYC,Hiking
Vidz3EYC,Gardening
8BtYQ9wI,Cooking
8nxl45zC,Gardening
8nxl45zC,Reading
CNFlmHjH,Cooking
CNFlmHjH,Cycling
tigfxAKd,Hiking
tigfxAKd,Painting
tigfxAKd,Cooking
izIXOJeJ,Painting
izIXOJeJ,Hiking
WTq1LH0f,Gardening
uXoHiEl0,Gardening
uXoHiEl0,Hiking
uXoHiEl0,Reading
AMJPzeFv,Painting
AMJPzeFv,Hiking
94iqeQxR,Painting
94iqeQxR,Reading
sKNMlk1x,Reading
cn0OQVwh,Hiking
i7VgNSGk,Hiking
i7VgNSGk,Gardening
i7VgNSGk,Painting
buJTBsy5,Hiking
buJTBsy5,Painting
buJTBsy5,Cycling
7iNjvGyl,Hiking
HFcRmejl,Gardening
HFcRmejl,Reading
quWRXwj9,Painting
0aj3fZoX,Cycling
payFiZHv,Painting
i4O2Z5kf,Gardening
mkI8pyUb,Painting
ZXQF1HDB,Reading
ZXQF1HDB,Cycling
uZz2UtRS,Cooking
uZz2UtRS,Gardening
CvVr8RdO,Cycling
iunyw12L,Gardening
iunyw12L,Reading
Aydox1XD,Painting
Aydox1XD,Cycling
SjCQQOIz,Gardening
r8My7pge,Reading
r8My7pge,Gardening
r8My7pge,Painting
7tN3lsWx,Hiking
7tN3lsWx,Cycling
WY46Vxld,Gardening
WY46Vxld,Hiking
WY46Vxld,Painting
O3dr61UC,Gardening
O3dr61UC,Cooking
O3dr61UC,Hiking
ejc1oqCJ,Cooking
tJiTDOZn,Cycling
tJiTDOZn,Painting
2NlPXr7M,Painting
2NlPXr7M,Cycling
2NlPXr7M,Gardening
oXuXkVP4,Cycling
zx5Drf3c,Hiking
zx5Drf3c,Painting
zx5Drf3c,Gardening
tacZt8L3,Painting
tacZt8L3,Reading
tacZt8L3,Gardening
3taDTpoi,Cycling
3taDTpoi,Reading
3taDTpoi,Hiking
eopaTkte,Painting
eopaTkte,Hiking
eopaTkte,Cycling
iXm5IygK,Gardening
iXm5IygK,Painting
iXm5IygK,Hiking
kalw6h84,Hiking
wGfPeA4j,Painting
hgfn1Rme,Painting
hgfn1Rme,Cycling
hgfn1Rme,Gardening
iDMhWnbF,Cycling
iDMhWnbF,Reading
bF8n7qJq,Reading
Ze44jmHO,Reading
Ze44jmHO,Cycling
71jdeSdb,Painting
71jdeSdb,Hiking
3xAGgFKU,Cycling
3xAGgFKU,Painting
qgDOjI8U,Cycling
qgDOjI8U,Reading
mLczyK7u,Hiking
pV9COvlw,Reading
pV9COvlw,Painting
pV9COvlw,Cycling
xieQ12DD,Cooking
xieQ12DD,Painting
AP039So3,Reading
AP039So3,Cycling
AP039So3,Cooking
WZHEhu8H,Painting
WZHEhu8H,Hiking
dhRg7v4f,Reading
R75VFtgM,Painting
lFOtSPSz,Cooking
p6RBgeVB,Reading
p6RBgeVB,Hiking
pLqJRnO6,Cooking
pLqJRnO6,Cycling
pLqJRnO6,Reading
WfjoDsLf,Cycling
MiCFKey4,Reading
MiCFKey4,Hiking
MiCFKey4,Gardening
7k2RP539,Cycling
cIgf189O,Hiking
cIgf189O,Reading
cIgf189O,Painting
486yhUJe,Cooking
486yhUJe,Reading
cdtxXuNU,Hiking
NCSgiTNA,Painting
NCSgiTNA,Cycling
NCSgiTNA,Gardening
SAMl3sce,Hiking
SAMl3sce,Painting
SAMl3sce,Cycling
56DkA8jf,Painting
56DkA8jf,Cooking
56DkA8jf,Hiking
bJK9uLEw,Cycling
bJK9uLEw,Hiking
bJK9uLEw,Reading
jXzg9LyL,Painting
A7urJ9iv,Cycling
A7urJ9iv,Gardening
9y2aFZcl,Reading
9y2aFZcl,Painting
9y2aFZcl,Gardening
UUwcHMNd,Cooking
UUwcHMNd,Reading
UUwcHMNd,Gardening
PI6W5Mzn,Cycling
PI6W5Mzn,Painting
OXXGNfC3,Reading
OXXGNfC3,Cycling
9b311i0z,Cycling
9b311i0z,Cooking
9b311i0z,Gardening
naamYXpq,Painting
naamYXpq,Reading
naamYXpq,Cycling
Fe2EORAt,Cycling
Fe2EORAt,Reading
RcEc5LOq,Hiking
RcEc5LOq,Cooking
RcEc5LOq,Painting
SrZtSWjH,Reading
SrZtSWjH,Painting
SrZtSWjH,Hiking
cQAomUwD,Hiking
eqbPvDYO,Gardening
eqbPvDYO,Reading
UJisFHUB,Cycling
UJisFHUB,Reading
01pJdyMd,Cooking
01pJdyMd,Reading
01pJdyMd,Hiking
VtwBOnDF,Hiking
VtwBOnDF,Gardening
VtwBOnDF,Cooking
lj0rvFax,Cooking
lj0rvFax,Hiking
IAG53NvF,Cooking
IAG53NvF,Painting
3fTXVtQl,Hiking
3fTXVtQl,Painting
3fTXVtQl,Cycling
xggk0YBz,Reading
xggk0YBz,Cycling
xggk0YBz,Gardening
0HXqT0dk,Reading
0HXqT0dk,Painting
0HXqT0dk,Hiking
n5f2PWko,Cooking
n5f2PWko,Painting
n5f2PWko,Reading
yCjomnTj,Hiking
yCjomnTj,Cycling
QY24GHrt,Hiking
QY24GHrt,Reading
QY24GHrt,Painting
FcV83TmT,Painting
FcV83TmT,Cooking
0lKxI4TG,Gardening
Rmq5oQ1E,Gardening
Rmq5oQ1E,Cooking
yDcoEpCG,Painting
rOUUWysG,Hiking
rOUUWysG,Cooking
rOUUWysG,Gardening
URQXnpn3,Reading
URQXnpn3,Gardening
URQXnpn3,Hiking
18LuLCU5,Painting
3hx7Xpzy,Hiking
QwW6INBN,Cooking
QwW6INBN,Painting
QwW6INBN,Cycling
MBV83wS3,Cooking
MBV83wS3,Painting
HbmEH8Tx,Gardening
HbmEH8Tx,Reading
thrUoDzV,Reading
thrUoDzV,Cooking
SKAWiilD,Reading
6iGetR3B,Painting
6iGetR3B,Reading
6iGetR3B,Cycling
wmXsdfhP,Hiking
wmXsdfhP,Cooking
wmXsdfhP,Painting
uEINKqz0,Reading
uEINKqz0,Cooking
uEINKqz0,Painting
r4JPQxES,Gardening
V9884m2S,Reading
V9884m2S,Hiking
ssKj9JxS,Gardening
KQrLmLRi,Cooking
KQrLmLRi,Painting
KQrLmLRi,Cycling
0n4D41qS,Cooking
0n4D41qS,Cycling
0n4D41qS,Hiking
cvvWKRty,Painting
cvvWKRty,Reading
vlkG45ZS,Reading
vlkG45ZS,Hiking
vlkG45ZS,Gardening
w0rNJkxv,Cycling
qu9eiRkR,Cooking
VWNanCpk,Hiking
VWNanCpk,Gardening
zBNxVTBe,Gardening
zBNxVTBe,Reading
lpuxqjiT,Gardening
jLaD4qhO,Reading
jLaD4qhO,Painting
ohSXe4wm,Hiking
THOq5guM,Gardening
THOq5guM,Painting
THOq5guM,Reading
Jl4rdATC,Reading
Jl4rdATC,Cycling
Jl4rdATC,Hiking
mBxjQpTh,Gardening
eqvRY3HF,Hiking
eqvRY3HF,Cycling
eqvRY3HF,Painting
gLMq7bUU,Cooking
tAyYSecl,Cooking
tAyYSecl,Painting
RgLd75qs,Hiking
RgLd75qs,Cooking
RgLd75qs,Painting
bJ3vwir0,Gardening
bJ3vwir0,Hiking
0pD6T1ki,Hiking
0pD6T1ki,Gardening
0pD6T1ki,Cooking
FNG7u4f5,Cycling
FNG7u4f5,Cooking
0cbcUmI0,Cycling
0cbcUmI0,Painting
0cbcUmI0,Hiking
vQzT1TQM,Cooking
vQzT1TQM,Reading
vQzT1TQM,Gardening
gXt69LBf,Gardening
gXt69LBf,Hiking
gXt69LBf,Reading
LX57DotP,Cooking
Cid4Mup4,Cooking
Xzav79WB,Cooking
ZlbQDZFE,Gardening
ZlbQDZFE,Reading
FGIZQddP,Cooking
FGIZQddP,Gardening
FGIZQddP,Painting
CKR9HXqo,Gardening
h58hb9rA,Cycling
fSuNcVLP,Cooking
YbxFTiKi,Cooking
YbxFTiKi,Hiking
YbxFTiKi,Painting
zhIuZEE3,Cycling
zhIuZEE3,Painting
zhIuZEE3,Gardening
f9sf48QI,Reading
q9OKlOcR,Hiking
3JZkSaQV,Cycling
SyqoNhI7,Reading
SyqoNhI7,Cycling
kgyE7PT1,Hiking
kgyE7PT1,Cooking
jVQMpyCz,Reading
jVQMpyCz,Cooking
uKphpdIc,Gardening
uKphpdIc,Cycling
uKphpdIc,Painting
6S7wgPPx,Gardening
6S7wgPPx,Hiking
ofpdhgZ8,Gardening
ofpdhgZ8,Cooking
ZAAGDjEj,Hiking
ZAAGDjEj,Cooking
GfWGWc78,Cycling
eIBBgra1,Cooking
eIBBgra1,Reading
eIBBgra1,Cycling
uZxsb8br,Cooking
uZxsb8br,Reading
uZxsb8br,Gardening
4q6sTKVN,Painting
oJFZIumv,Gardening
XlBeXD1Q,Painting
XlBeXD1Q,Reading
XlBeXD1Q,Gardening
yOwPTgTS,Cooking
nU0sAyLI,Painting
uQzFxqrF,Cooking
uQzFxqrF,Gardening
Azdj4WhW,Cycling
Azdj4WhW,Cooking
RPOuy134,Hiking
RPOuy134,Cycling
RPOuy134,Painting
FvEc9rai,Gardening
NmI5tseY,Gardening
gCTi6hXa,Reading
gCTi6hXa,Painting
MbcRdTCp,Cycling
MbcRdTCp,Painting
MbcRdTCp,Hiking
nOsLJnwO,Gardening
nOsLJnwO,Cooking
nOsLJnwO,Reading
iR4qMgJ6,Painting
iR4qMgJ6,Cooking
iR4qMgJ6,Reading
Q6ri65Hq,Painting
Q6ri65Hq,Reading
qO8f0RnE,Hiking
qO8f0RnE,Cooking
qO8f0RnE,Reading
4v4ZOkjD,Cycling
4v4ZOkjD,Cooking
4v4ZOkjD,Gardening
Gbsot1gS,Reading
Gbsot1gS,Gardening
zYkEdcyO,Painting
zYkEdcyO,Reading
uvC1wGCV,Cycling
uvC1wGCV,Hiking
Tl8pF8Yo,Reading
KvXSQVVf,Cycling
tE8eTuBF,Reading
tE8eTuBF,Cycling
OhVInGci,Painting
OhVInGci,Cycling
OhVInGci,Cooking
oWVOvpcP,Hiking
oWVOvpcP,Gardening
21idsK9Q,Gardening
5pjaeEGt,Hiking
5pjaeEGt,Cycling
5pjaeEGt,Gardening
lmoiu6lE,Cooking
mt3cKpta,Gardening
mt3cKpta,Cycling
gifZmoLa,Gardening
BgVsoqvQ,Cooking
BgVsoqvQ,Reading
BgVsoqvQ,Hiking
ULB9WdUc,Cooking
ULB9WdUc,Reading
ULB9WdUc,Hiking
rwiqIX21,Cooking
rwiqIX21,Reading
rwiqIX21,Painting
XOBftNot,Gardening
XOBftNot,Reading
XOBftNot,Hiking
KTjiNxvR,Painting
KTjiNxvR,Cooking
KTjiNxvR,Cycling
cL3VolCW,Painting
f5rpcFXj,Gardening
f5rpcFXj,Cooking
f5rpcFXj,Hiking
vkvZLlGS,Gardening
vkvZLlGS,Reading
uAxV69Dg,Hiking
uAxV69Dg,Painting
WkqoIFuw,Painting
WkqoIFuw,Gardening
WkqoIFuw,Hiking
kyCuIXLz,Cycling
kyCuIXLz,Reading
kyCuIXLz,Cooking
VfvlCERV,Painting
VfvlCERV,Cycling
VfvlCERV,Reading
iIMrql7r,Cooking
iIMrql7r,Reading
bXshMVtL,Gardening
Qg0brb3B,Painting
Qg0brb3B,Cycling
agX0hxoD,Hiking
agX0hxoD,Painting
FlafaL6t,Reading
HEqiJt9X,Painting
4cr20Ldv,Painting
Asop1MzN,Reading
Asop1MzN,Hiking
sxNSzNWg,Cooking
sxNSzNWg,Cycling
3DhBeglq,Reading
szuJlODf,Cooking
szuJlODf,Cycling
jp7ugM7n,Painting
rHyVdPqq,Cooking
rHyVdPqq,Reading
rHyVdPqq,Gardening
gKgnM6Ld,Reading
EBxS2mLD,Hiking
4zYfF4Mc,Painting
ByzXkFAx,Painting
ByzXkFAx,Reading
4ojbwTxt,Gardening
4ojbwTxt,Painting
bvRCqfsc,Gardening
FbSqI592,Hiking
FbSqI592,Reading
FbSqI592,Painting
CsxfkJIm,Cooking
CsxfkJIm,Gardening
CsxfkJIm,Cycling
U5TDRZbj,Hiking
U5TDRZbj,Cycling
U5TDRZbj,Painting
8g2VqPJZ,Painting
8g2VqPJZ,Cycling
HzYwffLg,Cycling
fWLn1cgN,Cycling
fWLn1cgN,Reading
fWLn1cgN,Hiking
b2DJtCgP,Hiking
b2DJtCgP,Reading
ARfQDzmy,Hiking
L6ZiHptc,Cycling
L6ZiHptc,Reading
KXvP4bNI,Cycling
cIgwtNpc,Painting
mE3ZrCrz,Gardening
Cy78Ld3m,Cycling
fgO3gQHn,Painting
M1ZM99u3,Gardening
M1ZM99u3,Painting
M1ZM99u3,Reading
WtOdAmSE,Hiking
MF4sbnnV,Reading
MF4sbnnV,Hiking
MF4sbnnV,Cooking
CtkaaK4a,Cooking
d5KvVafg,Painting
d5KvVafg,Hiking
1mRDOOmH,Gardening
1mRDOOmH,Cooking
CUVF0aCP,Cycling
CUVF0aCP,Cooking
p1DkyCGB,Hiking
p1DkyCGB,Cooking
p1DkyCGB,Cycling
4kdLd8AS,Gardening
4kdLd8AS,Reading
IEL2qNtY,Reading
IEL2qNtY,Cycling
sZfyqmtm,Gardening
sZfyqmtm,Cycling
sZfyqmtm,Reading
XQaQKfR5,Hiking
XQaQKfR5,Cooking
XQaQKfR5,Gardening
T4BXKrj8,Cycling
T4BXKrj8,Cooking
ixOBUMxU,Reading
fe5rWAt9,Cycling
lXuCNEXE,Cooking
yeL8OkfL,Painting
yeL8OkfL,Gardening
VJK0FpNd,Hiking
VJK0FpNd,Reading
AE1ABE47,Reading
AE1ABE47,Cycling
L5iH8iqw,Painting
F5hvgC52,Painting
P1J4bR15,Hiking
P1J4bR15,Cooking
evbXwHCf,Cooking
evbXwHCf,Hiking
6ii54OJd,Hiking
6ii54OJd,Cycling
6ii54OJd,Reading
0Lc6DOdY,Painting
0Lc6DOdY,Gardening
GvuFZkF5,Hiking
GvuFZkF5,Cooking
5dg5poRf,Cooking
5dg5poRf,Hiking
T6x2xZ7n,Painting
imMBhhJU,Painting
imMBhhJU,Cooking
imMBhhJU,Cycling
qqqHH5DU,Cycling
e6AgSXJl,Reading
e6AgSXJl,Cycling
e6AgSXJl,Painting
LuZijcAq,Cooking
LuZijcAq,Gardening
IjsNeKNS,Cycling
kQKG91uG,Cycling
kQKG91uG,Reading
kQKG91uG,Hiking
YFkXE5rh,Gardening
YFkXE5rh,Hiking
YFkXE5rh,Painting
e7goKeJ2,Hiking
PcJ9RT5V,Cooking
PcJ9RT5V,Painting
PcJ9RT5V,Hiking
sQMxyuoy,Reading
sQMxyuoy,Cycling
S1fO9ABs,Cycling
S1fO9ABs,Cooking
S1fO9ABs,Reading
UUCOxZwS,Gardening
UUCOxZwS,Cooking
h09kuOEU,Hiking
h09kuOEU,Cycling
98uQMxWL,Cycling
dHcUiV54,Gardening
dHcUiV54,Reading
uCYDPYau,Painting
tyYtKFOj,Reading
3cZ0IEVo,Painting
3cZ0IEVo,Reading
3cZ0IEVo,Cooking
lQt5J5Fr,Reading
lQt5J5Fr,Gardening
lQt5J5Fr,Hiking
3nkaRypC,Cycling
3nkaRypC,Cooking
GRQBN3a2,Cycling
GRQBN3a2,Painting
mYrrjv8x,Reading
NwgsiboH,Painting
NwgsiboH,Cycling
oDa5qaRZ,Gardening
oDa5qaRZ,Cycling
TUB3UQrt,Hiking
TUB3UQrt,Painting
8EZAs0tz,Hiking
8EZAs0tz,Painting
CAvgfEgV,Cycling
CAvgfEgV,Painting
CAvgfEgV,Gardening
kL7eLwvZ,Hiking
kL7eLwvZ,Cooking
rg0RrikS,Hiking
rg0RrikS,Painting
35b7O7Bv,Cooking
35b7O7Bv,Reading
yRKKnsk0,Painting
ubqgv7VL,Reading
Tmkcy3pO,Cooking
Tmkcy3pO,Reading
27MIYXdx,Reading
HVMvExqp,Cycling
4VE8b901,Reading
YPetFGik,Cooking
YPetFGik,Cycling
YPetFGik,Painting
B97kZS4Z,Gardening
B97kZS4Z,Reading
JxVYoAhS,Reading
JxVYoAhS,Painting
exorainu,Reading
exorainu,Cycling
exorainu,Painting
P9KDy6je,Hiking
P9KDy6je,Gardening
P9KDy6je,Reading
nHqVQGYS,Gardening
6tD5GVWF,Cycling
GToY7jdA,Hiking
GToY7jdA,Gardening
GToY7jdA,Cooking
YGpw1D2Y,Painting
YGpw1D2Y,Reading
tb3AYpqm,Hiking
tb3AYpqm,Painting
sDINjlvL,Hiking
xk7fDUFY,Reading
iJ1l48En,Cycling
mmSnP2yE,Cooking
6hgsZrBD,Reading
pdWwggrs,Painting
pdWwggrs,Hiking
pdWwggrs,Gardening
x9jh4ONq,Painting
Tx1LobYV,Gardening
Tx1LobYV,Cycling
EFqAfX6E,Cooking
EFqAfX6E,Gardening
UkqJBuIs,Cooking
O1rabQxw,Gardening
O1rabQxw,Reading
O1rabQxw,Cooking
nmD0DvMf,Reading
nmD0DvMf,Gardening
nmD0DvMf,Cooking
fk740q9n,Cooking
kKRyeAF8,Reading
WHoFoyt2,Reading
ap3x5b8l,Gardening
ap3x5b8l,Cycling
ap3x5b8l,Hiking
nbkD9pU0,Hiking
nbkD9pU0,Cooking
nbkD9pU0,Painting
3gBJMyjr,Reading
3gBJMyjr,Painting
iT6sMxyW,Gardening
iT6sMxyW,Cooking
iT6sMxyW,Reading
BNgZB37d,Painting
BNgZB37d,Cycling
V6igFMBN,Painting
V6igFMBN,Reading
V6igFMBN,Cooking
4Q4xpN3t,Reading
pfYIGM6a,Hiking
PfiLOSMi,Reading
PfiLOSMi,Painting
vUoQVa2l,Gardening
toWoisDg,Cycling
UTrooyzD,Gardening
UTrooyzD,Reading
UTrooyzD,Hiking
WJC8yXTN,Reading
jlKC1QhO,Gardening
aLpI8DHA,Painting
aLpI8DHA,Hiking
ohxjXFIZ,Hiking
ohxjXFIZ,Gardening
rLDmdoWG,Cooking
UzPSWRhy,Painting
UzPSWRhy,Gardening
ikx9f7Tf,Cooking
ikx9f7Tf,Painting
ikx9f7Tf,Gardening
6J7dBh9B,Painting
6J7dBh9B,Reading
40FzeHKJ,Painting
BWVgYjtj,Cycling
RCqWob7U,Reading
RCqWob7U,Gardening
81q2v7z9,Cooking
81q2v7z9,Gardening
EXptf1LE,Hiking
oiif07Lv,Gardening
VIhY5Gac,Hiking
VIhY5Gac,Cooking
CgsxxZFU,Hiking
w3IgJQV7,Cycling
w3IgJQV7,Hiking
w3IgJQV7,Reading
TMqumvaF,Cycling
TMqumvaF,Painting
TMqumvaF,Reading
szRKEmPB,Gardening
szRKEmPB,Painting
szRKEmPB,Hiking
cz5BQpZj,Cooking
ieRrMAq0,Painting
ieRrMAq0,Hiking
ieRrMAq0,Cycling
aPysLyfa,Reading
aPysLyfa,Painting
aPysLyfa,Gardening
31lL0R5y,Hiking
jbLq0LXC,Hiking
jbLq0LXC,Gardening
3ZTEpxZD,Hiking
3ZTEpxZD,Painting
3ZTEpxZD,Reading
dAayMcYO,Cycling
dAayMcYO,Gardening
dAayMcYO,Painting
431ZVVyr,Cycling
431ZVVyr,Painting
431ZVVyr,Reading
nrwy41pj,Painting
NMzTgYoL,Gardening
NMzTgYoL,Cooking
7zPFISBc,Cycling
7zPFISBc,Cooking
7zPFISBc,Painting
GZ1QckKu,Painting
GZ1QckKu,Cooking
GZ1QckKu,Gardening
YiN7ULEU,Hiking
2JC0mvMH,Hiking
2JC0mvMH,Cooking
2JC0mvMH,Gardening
mt1jIluw,Gardening
VJET5YG5,Hiking
cR2zJ5T5,Hiking
cR2zJ5T5,Painting
UQvvMve5,Cycling
UQvvMve5,Gardening
qm2RSaDN,Hiking
qm2RSaDN,Painting
qm2RSaDN,Gardening
mopmA4hZ,Reading
mopmA4hZ,Cooking
TUYTOYTL,Painting
TUYTOYTL,Cycling
YyC3m87e,Gardening
YyC3m87e,Cycling
YyC3m87e,Painting
n07EBcc0,Hiking
ufrYfluq,Cycling
ufrYfluq,Cooking
ufrYfluq,Hiking
yMk2z6MF,Cooking
yMk2z6MF,Hiking
yMk2z6MF,Gardening
u35npNBM,Painting
u35npNBM,Cooking
u35npNBM,Gardening
IX9AJlE1,Cycling
IX9AJlE1,Reading
gdlahFVz,Cycling
gdlahFVz,Reading
gdlahFVz,Gardening
MT7iP1gY,Cooking
MT7iP1gY,Painting
qlChBeSU,Cycling
qlChBeSU,Hiking
mRpdpPn2,Painting
KQFMHmsz,Cooking
IU0Kn8Cn,Gardening
IU0Kn8Cn,Cooking
IU0Kn8Cn,Hiking
yeLcUW3u,Cycling
yeLcUW3u,Hiking
yeLcUW3u,Gardening
sH1As4Fw,Painting
sH1As4Fw,Gardening
pYm9d3Gv,Gardening
xUw8BUod,Painting
xUw8BUod,Cooking
2lu9dUeT,Gardening
5tkHozmQ,Cycling
5tkHozmQ,Reading
gUUnfMUh,Gardening
rFTQfa0r,Painting
0TnxS4CO,Cooking
Lkkc3eYI,Painting
Lkkc3eYI,Reading
Lkkc3eYI,Hiking
WsAFeqWV,Gardening
Rq9ttidp,Reading
HGMYThxE,Gardening
HGMYThxE,Hiking
gXCWR3qu,Cooking
gXCWR3qu,Cycling
gXCWR3qu,Gardening
JX2sXVLO,Reading
6wt5jQlB,Gardening
6wt5jQlB,Painting
KyAadG9v,Cycling
0blaIzOa,Hiking
0blaIzOa,Cycling
PsHwpVhI,Cooking
PsHwpVhI,Hiking
nN2sf68W,Cooking
nGNo35yS,Reading
nGNo35yS,Gardening
nGNo35yS,Cycling
p1g301UA,Cooking
WEQs0hPr,Reading
WywMzRQu,Painting
WywMzRQu,Cycling
E6d2hZSV,Hiking
9e261go5,Cycling
9e261go5,Reading
LQycZNhP,Cooking
LQycZNhP,Painting
QuFWsXOb,Cycling
QuFWsXOb,Painting
ymPIZGSk,Painting
ymPIZGSk,Hiking
ymPIZGSk,Reading
p2865y6S,Hiking
ASEIk7py,Hiking
25rh83kt,Painting
25rh83kt,Cycling
25rh83kt,Reading
qYGz0aGu,Cycling
v1YLLkKL,Reading
FYzEKjZR,Painting
KbYIAASv,Cycling
qaDVAl5z,Reading
qaDVAl5z,Gardening
qaDVAl5z,Cycling
UEIHU95z,Reading
pVxH7O9u,Cooking
Yt15grVN,Hiking
Yt15grVN,Reading
hHx8Yfz8,Gardening
hHx8Yfz8,Painting
stUxD1Rz,Gardening
stUxD1Rz,Cooking
4xAtlnnq,Hiking
jvHNVqyK,Cycling
jvHNVqyK,Cooking
jvHNVqyK,Reading
gsCwFUPM,Reading
a4mAeZs7,Hiking
a4mAeZs7,Reading
a4mAeZs7,Painting
3h82wvZw,Gardening
3h82wvZw,Hiking
3h82wvZw,Cycling
4jjw4Ta1,Reading
4jjw4Ta1,Gardening
4jjw4Ta1,Painting
mN6jOR3s,Gardening
mN6jOR3s,Hiking
mN6jOR3s,Cooking
x9eT0igf,Cooking
x9eT0igf,Cycling
nyTh6jE4,Painting
lsf12Vsf,Cycling
lJJCi2Dm,Painting
lJJCi2Dm,Cooking
0AfQ7vpc,Painting
jLGV4zy0,Cooking
0HpFYTMr,Hiking
0HpFYTMr,Gardening
0HpFYTMr,Cycling
XSrt6rKJ,Painting
XSrt6rKJ,Cooking
XSrt6rKJ,Hiking
qxn04Duk,Cycling
qxn04Duk,Hiking
qxn04Duk,Gardening
0OlYZp9M,Cycling
0OlYZp9M,Painting
f3H6z0nq,Cooking
f3H6z0nq,Painting
f3H6z0nq,Hiking
YYz8bQOe,Cycling
YYz8bQOe,Reading
YYz8bQOe,Cooking
M7uZ87ng,Gardening
M7uZ87ng,Cycling
65scHdNi,Painting
DbomTy0M,Painting
DbomTy0M,Hiking
DbomTy0M,Cooking
P8e9kzKn,Reading
FGQmVFG9,Cycling
FGQmVFG9,Hiking
E1EyavaI,Gardening
E1EyavaI,Hiking
E1EyavaI,Reading
yVBEPi53,Reading
yVBEPi53,Cycling
3DXs1lLc,Cooking
xKqX2K4y,Cooking
xKqX2K4y,Cycling
TrNo09ga,Gardening
TrNo09ga,Hiking
TrNo09ga,Cooking
eW1QbOjA,Cooking
eW1QbOjA,Hiking
eW1QbOjA,Cycling
41xoE8ro,Cycling
41xoE8ro,Hiking
VKgFJxGH,Cycling
nEmcHcBw,Gardening
nEmcHcBw,Cycling
nEmcHcBw,Cooking
YWnyDjnH,Cycling
YWnyDjnH,Cooking
YWnyDjnH,Reading
mFIkq4hg,Painting
9ags4m4J,Gardening
9ags4m4J,Reading
9ags4m4J,Cycling
Lx60OQbm,Cycling
Lx60OQbm,Cooking
UWbDdhjA,Gardening
UWbDdhjA,Cycling
27sUKCZ5,Cooking
k7zpz7eB,Painting
RBTdf04O,Painting
GGAVSy8C,Painting
GGAVSy8C,Hiking
GGAVSy8C,Cooking
tl0spvYz,Painting
tl0spvYz,Gardening
tl0spvYz,Cycling
DuW4kMmw,Painting
DuW4kMmw,Gardening
O67MVXtF,Painting
arteSkW7,Painting
arteSkW7,Hiking
OinSZN0B,Gardening
OinSZN0B,Painting
OinSZN0B,Hiking
VCa82MSM,Hiking
VCa82MSM,Cooking
3EzSMFIO,Gardening
YnFUkZ2n,Hiking
YnFUkZ2n,Gardening
YnFUkZ2n,Cycling
Rst6Dpmq,Cooking
Rst6Dpmq,Gardening
Grqi3bQX,Cycling
Grqi3bQX,Gardening
Grqi3bQX,Painting
jsJM1esY,Painting
jsJM1esY,Gardening
ZFlwCFYx,Painting
KyI1Hf9I,Cooking
KyI1Hf9I,Cycling
cN4lSIaC,Reading
3ltAlIHV,Cycling
AKUdGh7E,Painting
S9qb8pgR,Cycling
S9qb8pgR,Hiking
S9qb8pgR,Gardening
1Ld7RVb6,Reading
1Ld7RVb6,Hiking
1Ld7RVb6,Cooking
vnDeCdWm,Painting
vnDeCdWm,Reading
JmEUhWqW,Gardening
JmEUhWqW,Hiking
uPnnh8ak,Painting
j0YYZMY2,Cycling
U4HrB1mj,Gardening
MVagCfQD,Cycling
MVagCfQD,Reading
5HW5DlKi,Hiking
5HW5DlKi,Reading
tZjTmdGr,Hiking
tZjTmdGr,Reading
NiZGq7MU,Hiking
NiZGq7MU,Reading
NiZGq7MU,Painting
Ez4TptrH,Cycling
RSVPiQEA,Cooking
S9EY3wee,Reading
gUYEbdWC,Cycling
gUYEbdWC,Reading
gUYEbdWC,Cooking
7r1WgP2X,Painting
7r1WgP2X,Gardening
IPJXySM9,Reading
IPJXySM9,Painting
a8udkRPU,Cooking
a8udkRPU,Gardening
a8udkRPU,Painting
Lu2RWXFD,Reading
Lu2RWXFD,Gardening
Lu2RWXFD,Hiking
Ugc9OuJs,Cooking
Ugc9OuJs,Cycling
v7gFcCLx,Painting
v7gFcCLx,Hiking
Ts7jQwYO,Cooking
SNp9BnGx,Cycling
SNp9BnGx,Gardening
SNp9BnGx,Hiking
iguzLXmq,Cycling
iguzLXmq,Painting
iguzLXmq,Gardening
VrbUZP8a,Gardening
zTV2z81j,Hiking
IW8aClPb,Reading
IW8aClPb,Cycling
IxQeWQTO,Painting
IxQeWQTO,Hiking
IxQeWQTO,Cycling
fvleyZGz,Hiking
fvleyZGz,Gardening
jK5bej75,Gardening
jK5bej75,Reading
jK5bej75,Painting
h7oyqJpW,Painting
h7oyqJpW,Cooking
saLxpSyT,Painting
saLxpSyT,Gardening
saLxpSyT,Reading
AzAswIP8,Reading
AzAswIP8,Hiking
Bq5jBGe3,Cooking
Bq5jBGe3,Hiking
Bq5jBGe3,Cycling
LUwbNXxU,Painting
LUwbNXxU,Gardening
LUwbNXxU,Cycling
XNxABj0i,Painting
XNxABj0i,Hiking
XNxABj0i,Reading
kQq623n9,Gardening
kQq623n9,Cycling
kQq623n9,Painting
NSvb7jcd,Cooking
fY7mms7J,Cooking
TF2aTgGF,Cycling
TF2aTgGF,Gardening
TF2aTgGF,Cooking
pmEAWh6m,Cycling
pmEAWh6m,Cooking
pmEAWh6m,Gardening
WnwtWve2,Painting
WnwtWve2,Gardening
jLIge9Ur,Gardening
jLIge9Ur,Painting
cZuGROCG,Hiking
cZuGROCG,Painting
cZuGROCG,Cycling
VAvLHHPj,Hiking
VAvLHHPj,Painting
VAvLHHPj,Reading
B5P3FzLG,Hiking
B5P3FzLG,Cooking
sLQtsdSc,Cooking
sLQtsdSc,Gardening
sLQtsdSc,Cycling
mMEtZBM8,Painting
mMEtZBM8,Cooking
mMEtZBM8,Gardening
ZPVy7FXb,Painting
mFJTKoOk,Painting
zqS1lDSe,Painting
tCvlJYF9,Painting
tCvlJYF9,Cycling
tCvlJYF9,Hiking
ukdEamJx,Painting
ukdEamJx,Gardening
7DICKNtH,Reading
EQNyPJKN,Hiking
EQNyPJKN,Cooking
9xE9CGNZ,Painting
9xE9CGNZ,Reading
qu1z0ZDC,Reading
eJ8to34w,Cooking
0ZEzkuiV,Cycling
0ZEzkuiV,Painting
0ZEzkuiV,Cooking
GUZlZ34F,Cooking
GUZlZ34F,Painting
rDjxmoZf,Hiking
rDjxmoZf,Gardening
nQfSSdrl,Hiking
sMlDHanF,Painting
sMlDHanF,Cooking
weZAHrYH,Painting
weZAHrYH,Cooking
NvYcr3dN,Cooking
NvYcr3dN,Cycling
NvYcr3dN,Painting
ZmwdgLtC,Cooking
ZmwdgLtC,Reading
ZmwdgLtC,Painting
JphJ3Y6K,Reading
JphJ3Y6K,Gardening
JphJ3Y6K,Hiking
CxIcbMeH,Gardening
CxIcbMeH,Painting
CxIcbMeH,Hiking
M5DnRNOU,Painting
8qLagke9,Cooking
8qLagke9,Painting
8qLagke9,Hiking
c5NsOaR4,Cooking
c5NsOaR4,Reading
jCNxbJXp,Painting
jCNxbJXp,Hiking
AOdDq6rJ,Cooking
AOdDq6rJ,Gardening
AOdDq6rJ,Hiking
e7Ej5VAS,Reading
V6n2pqxD,Hiking
V6n2pqxD,Painting
V6n2pqxD,Cycling
YOOCwOrO,Hiking
YOOCwOrO,Cooking
s6dlhrQS,Reading
s6dlhrQS,Cycling
s6dlhrQS,Hiking
EOA638Zx,Reading
EOA638Zx,Hiking
D0niA4sY,Cycling
tdlAxvpH,Gardening
tdlAxvpH,Cycling
tdlAxvpH,Painting
mKMRxT57,Gardening
mKMRxT57,Cycling
qCPz6DN2,Painting
qCPz6DN2,Cycling
wQyQFP3i,Painting
wQyQFP3i,Gardening
v4GdwjTf,Cooking
1dg0gHae,Cycling
lHb0xuiA,Cooking
lHb0xuiA,Painting
vuQu1Jqt,Painting
vuQu1Jqt,Hiking
5eHVpG4m,Hiking
5eHVpG4m,Reading
3nLtYmvC,Hiking
sL2EOLbn,Gardening
sL2EOLbn,Hiking
sL2EOLbn,Cooking
k2wmrwL2,Cooking
B4y1qyZW,Reading
B4y1qyZW,Cooking
4fVs1BcS,Cooking
4fVs1BcS,Painting
5HhWCE7O,Cooking
5HhWCE7O,Hiking
5HhWCE7O,Reading
OJXadygM,Painting
lSqQeZN1,Hiking
lSqQeZN1,Reading
PhtUWOTY,Cycling
PhtUWOTY,Gardening
PhtUWOTY,Hiking
ScQVyivF,Reading
ScQVyivF,Cooking
ScQVyivF,Gardening
XLkDumDu,Painting
XLkDumDu,Cycling
m8s4fvCh,Hiking
S5JZ08ua,Reading
uIWZ4t5t,Gardening
G5nrXifr,Painting
G5nrXifr,Reading
G5nrXifr,Cycling
zgQZkoKe,Cycling
zgQZkoKe,Gardening
ivXvuNjs,Cycling
fWE0ZFjj,Painting
tkgU3Jlz,Painting
tkgU3Jlz,Reading
tkgU3Jlz,Cooking
vP9RBg5C,Hiking
vP9RBg5C,Reading
gd58BrgS,Cycling
gd58BrgS,Cooking
gd58BrgS,Reading
3CNu2zm0,Cycling
3CNu2zm0,Cooking
3CNu2zm0,Painting
C1jcyJ2z,Painting
5WDNYC13,Cycling
5WDNYC13,Gardening
5WDNYC13,Hiking
v3GPKI0B,Painting
v3GPKI0B,Cycling
AHOWgySs,Cooking
AHOWgySs,Reading
AHOWgySs,Gardening
daKPe76m,Painting
daKPe76m,Hiking
ILOlmGWM,Hiking
62gp5XtE,Cooking
OL5x1Iyb,Cycling
OL5x1Iyb,Reading
gNZ8BCKy,Cooking
gNZ8BCKy,Hiking
gNZ8BCKy,Reading
Kep8UzIZ,Cooking
Kep8UzIZ,Painting
Kep8UzIZ,Hiking
IVAH1x6V,Hiking
ipJv1eeg,Reading
05MskZFr,Painting
kAaP5fDq,Hiking
kAaP5fDq,Reading
kAaP5fDq,Gardening
8xpGKkTu,Gardening
zFIJvQGo,Cycling
zFIJvQGo,Hiking
zFIJvQGo,Painting
luk11eG9,Painting
luk11eG9,Hiking
luk11eG9,Cooking
fwlJq6P9,Reading
DJ5kIxHN,Reading
DJ5kIxHN,Hiking
DJ5kIxHN,Cycling
tESWkM7K,Reading
tESWkM7K,Painting
Hgp8Vmjm,Cooking
jc2DgB7E,Hiking
jc2DgB7E,Painting
q2vNTf1T,Hiking
q2vNTf1T,Reading
q2vNTf1T,Gardening
s5qEqVWB,Cycling
s5qEqVWB,Cooking
s5qEqVWB,Gardening
l5Ib44qr,Cycling
l5Ib44qr,Gardening
LUjoW4G5,Hiking
yzqheFJ7,Cycling
DUzHjXnW,Hiking
DUzHjXnW,Painting
E9W6c8QW,Hiking
x6UvzTiz,Cooking
JK5hLqIb,Painting
bjXcNp5s,Gardening
ZQ1X9J22,Painting
ZQ1X9J22,Reading
uqR1Vfmj,Cooking
Arfxs2ge,Painting
Arfxs2ge,Reading
OhTsL847,Gardening
DqRN1EQE,Hiking
DqRN1EQE,Cycling
leBZAuBr,Gardening
leBZAuBr,Reading
TzzpdqXn,Gardening
TzzpdqXn,Hiking
vNLs3DPw,Gardening
vNLs3DPw,Painting
vNLs3DPw,Hiking
jTdF2B3L,Reading
jTdF2B3L,Painting
CSKiLe6o,Cooking
CSKiLe6o,Gardening
fVY55u4j,Gardening
Otjlzmzd,Cooking
uFp9pGcc,Hiking
uFp9pGcc,Reading
tnNmoT3J,Cycling
tnNmoT3J,Gardening
U8TZaKa9,Painting
OrPMauUP,Cycling
OrPMauUP,Reading
UfbMnlXe,Reading
UfbMnlXe,Cooking
UfbMnlXe,Gardening
Cq5zUBvg,Gardening
Cq5zUBvg,Painting
zEn7kCTg,Cycling
zEn7kCTg,Hiking
zEn7kCTg,Painting
ZZFhdlNi,Hiking
ZZFhdlNi,Reading
ojwJ6QIF,Cooking
ojwJ6QIF,Cycling
1LfhzJfp,Gardening
LCwRngdt,Gardening
TnYQL9FK,Gardening
TnYQL9FK,Hiking
tB7AOgfJ,Gardening
tB7AOgfJ,Cooking
euUhMtyf,Painting
5mzDPCPQ,Hiking
5mzDPCPQ,Painting
5mzDPCPQ,Cooking
n60fOhJR,Reading
jt0rNofN,Reading
jt0rNofN,Cooking
jt0rNofN,Hiking
plBdriOf,Cooking
plBdriOf,Painting
plBdriOf,Reading
5YaAvEaG,Hiking
pQOxdMON,Cycling
pQOxdMON,Painting
K6DxtzEH,Cooking
2b33oKmW,Gardening
2b33oKmW,Cooking
2b33oKmW,Hiking
mXsvFB1r,Hiking
mXsvFB1r,Gardening
M8JZ5OlU,Hiking
M8JZ5OlU,Cooking
M8JZ5OlU,Gardening
9x6hdQQ7,Gardening
9x6hdQQ7,Painting
9x6hdQQ7,Hiking
4xRbVkI7,Reading
4xRbVkI7,Cooking
4xRbVkI7,Painting
a2N1wqtu,Cooking
a2N1wqtu,Cycling
a2N1wqtu,Reading
SslJtckH,Cooking
SslJtckH,Hiking
SslJtckH,Gardening
JqG7yYB2,Hiking
JqG7yYB2,Reading
JvrKbbMa,Reading
N3WKkgNc,Cooking
1OK2GpyC,Reading
1OK2GpyC,Painting
ZPkaEjB6,Reading
pZ4ir5Xr,Hiking
AI32vaQC,Hiking
AI32vaQC,Painting
0GYlZo5f,Hiking
0GYlZo5f,Cooking
ZPN2eIhQ,Gardening
ZPN2eIhQ,Hiking
ZPN2eIhQ,Painting
A3XzmPWd,Reading
ZAY3QK5m,Cooking
ZAY3QK5m,Cycling
ZAY3QK5m,Hiking
wFpsUEHl,Reading
wFpsUEHl,Cycling
PqLspdtl,Painting
EzWysA8W,Hiking
EzWysA8W,Painting
aEMrINlQ,Reading
oRT6KLCp,Cooking
oRT6KLCp,Hiking
oRT6KLCp,Reading
vaP84gH4,Cooking
vaP84gH4,Cycling
L9xZGgFr,Painting
i3e6ikmw,Reading
i3e6ikmw,Gardening
i3e6ikmw,Cooking
gFs7XJYZ,Hiking
iwFlPtCQ,Painting
iwFlPtCQ,Reading
QepIiFbw,Gardening
QepIiFbw,Cycling
QepIiFbw,Cooking
mzkD9nBT,Hiking
mzkD9nBT,Cycling
fpEDMM9S,Cooking
yaSrnVOH,Hiking
yaSrnVOH,Reading
yaSrnVOH,Cycling
7MdHEpmr,Cycling
7MdHEpmr,Cooking
s8CGIJFw,Gardening
VqvCkju9,Gardening
VqvCkju9,Cycling
OXvjTkXT,Painting
OXvjTkXT,Cycling
OXvjTkXT,Cooking
Y6TiaLAu,Cooking
Y6TiaLAu,Reading
Y6TiaLAu,Gardening
0ENp4k1m,Cooking
0ENp4k1m,Reading
Nf6KIyzp,Reading
Nf6KIyzp,Cycling
FRjFiakp,Reading
7ZiRVg1h,Painting
7ZiRVg1h,Cooking
7ZiRVg1h,Reading
1b43EN18,Cycling
1b43EN18,Gardening
1b43EN18,Reading
T1na5KIg,Cycling
T1na5KIg,Painting
5wVs6DHp,Hiking
5wVs6DHp,Cooking
5wVs6DHp,Painting
xOHDir5k,Hiking
xOHDir5k,Reading
xOHDir5k,Painting
MtNLk5Z3,Cycling
MtNLk5Z3,Hiking
fpwJg07z,Reading
fpwJg07z,Painting
fpwJg07z,Gardening
n9fC2WHM,Cycling
n9fC2WHM,Gardening
EDMrfdVs,Gardening
tZ1Q2PV4,Painting
uajB2lTl,Hiking
uajB2lTl,Cooking
BPApDgAv,Painting
BPApDgAv,Gardening
BPApDgAv,Reading
36q1uYB0,Cooking
36q1uYB0,Hiking
36q1uYB0,Painting
Ij3Aakbd,Cooking
sxhkqQg2,Painting
sxhkqQg2,Hiking
Y8STVAwS,Cycling
Y8STVAwS,Reading
SAt5AFQB,Cycling
SAt5AFQB,Gardening
59qUJuL6,Cooking
0DWzbhSh,Gardening
8ckRvmBo,Painting
8ckRvmBo,Hiking
8ckRvmBo,Cycling
zku2NL8e,Reading
zQ6C264k,Cycling
zQ6C264k,Gardening
qF2lVEYe,Painting
qF2lVEYe,Cooking
Q0YqKNH9,Reading
Q0YqKNH9,Gardening
G74ZARV6,Hiking
G74ZARV6,Painting
G74ZARV6,Cooking
XU6N4d83,Reading
9yeYsk1B,Reading
9yeYsk1B,Cooking
JfrI3Zy9,Hiking
31ChCoW5,Cycling
31ChCoW5,Cooking
31ChCoW5,Reading
Oh04ctqM,Hiking
ndXqGUqV,Cycling
ndXqGUqV,Gardening
ndXqGUqV,Cooking
k9PDhfYW,Painting
k9PDhfYW,Cycling
da6hx1by,Cycling
da6hx1by,Gardening
8iZtqhTT,Painting
sX6qw0bj,Cycling
sX6qw0bj,Painting
sX6qw0bj,Hiking
TCDy8b9r,Reading
jswRz89U,Hiking
jswRz89U,Reading
jswRz89U,Gardening
CJ6dkqi7,Gardening
CJ6dkqi7,Painting
eeoeMNpk,Reading
H6YSkfKZ,Painting
0dw3YR0G,Reading
7zd6TPAo,Reading
7zd6TPAo,Cycling
kytwWL5x,Cooking
kytwWL5x,Reading
kytwWL5x,Hiking
7aRUPJAN,Cooking
7aRUPJAN,Hiking
7aRUPJAN,Reading
mSSa4Dha,Painting
mSSa4Dha,Cooking
mSSa4Dha,Cycling
x0EFDSE7,Cooking
x0EFDSE7,Cycling
x0EFDSE7,Gardening
PnNbpmz2,Reading
PnNbpmz2,Gardening
UeteTh17,Reading
UeteTh17,Painting
UeteTh17,Gardening
gdKrjSQE,Hiking
gdKrjSQE,Gardening
pYZiFESe,Cooking
pSRcK3Oa,Cooking
4TaNcudl,Gardening
AppllZ3C,Cycling
AppllZ3C,Cooking
4xwcIT1a,Painting
4xwcIT1a,Reading
WOLtLOOt,Hiking
ZkeKE1qo,Reading
ZkeKE1qo,Hiking
WnYSHzXn,Painting
WnYSHzXn,Reading
WnYSHzXn,Hiking
iysn4L4t,Hiking
iysn4L4t,Cooking
p2oRVO5J,Reading
p2oRVO5J,Hiking
TBeR7BqR,Cycling
TBeR7BqR,Cooking
eGJAbe7z,Cooking
eGJAbe7z,Reading
eGJAbe7z,Gardening
BmZx3B47,Hiking
BmZx3B47,Cooking
BmZx3B47,Cycling
y8Q1KXQx,Gardening
dsplvJPs,Cycling
D0jH23Fa,Cycling
D0jH23Fa,Hiking
D0jH23Fa,Reading
gtRCAMpg,Hiking
gtRCAMpg,Painting
gtRCAMpg,Cycling
nLwYYQdf,Cycling
nLwYYQdf,Hiking
nLwYYQdf,Cooking
GHMsLbOO,Gardening
GHMsLbOO,Hiking
GHMsLbOO,Painting
KjIrBHjy,Painting
KjIrBHjy,Reading
3747O08l,Cooking
3747O08l,Cycling
3747O08l,Reading
ornrMix0,Cycling
GdCCGyw6,Hiking
GdCCGyw6,Cycling
SWpUSb0A,Hiking
SWpUSb0A,Painting
pTDjV309,Cooking
pTDjV309,Cycling
pTDjV309,Hiking
aWv7PRvT,Painting
aWv7PRvT,Reading
aWv7PRvT,Hiking
9yA9rJaS,Reading
9yA9rJaS,Cycling
17rBKQOy,Cycling
17rBKQOy,Hiking
pRLCAZBM,Cooking
pRLCAZBM,Painting
pRLCAZBM,Reading
AFMRyUpA,Gardening
AFMRyUpA,Cycling
mor9IbeT,Hiking
mor9IbeT,Cooking
ahZtVPHE,Reading
ahZtVPHE,Cycling
cuNI50AO,Cycling
wkxgI1UJ,Cycling
wkxgI1UJ,Painting
uoIS9ppZ,Reading
rLzLAjhW,Cooking
rLzLAjhW,Reading
rLzLAjhW,Cycling
aHjbvNtL,Reading
8xBmDsiy,Gardening
8xBmDsiy,Cycling
Sowi4zfF,Gardening
Sowi4zfF,Painting
Sowi4zfF,Cooking
SSkxl3ot,Cycling
SSkxl3ot,Cooking
Xwu2vKYK,Painting
QEZkRsHe,Cooking
WXqOXc7h,Painting
WXqOXc7h,Cooking
JAU9N182,Cycling
JAU9N182,Gardening
JAU9N182,Cooking
tlBBikH4,Cycling
tlBBikH4,Cooking
tlBBikH4,Reading
NgUBx16E,Cycling
9dfGoaPg,Hiking
9dfGoaPg,Painting
9dfGoaPg,Gardening
rTvqYa32,Painting
rTvqYa32,Reading
rTvqYa32,Hiking
kZ1LVDy6,Cycling
kZ1LVDy6,Cooking
kZ1LVDy6,Gardening
GzQzkMCn,Cooking
Tzj0mqUG,Cooking
Tzj0mqUG,Reading
Tzj0mqUG,Hiking
22iiEY7M,Gardening
22iiEY7M,Painting
FIaahNZs,Cooking
FIaahNZs,Painting
oXEdgVve,Cooking
e4r80qWe,Cooking
e4r80qWe,Gardening
e4r80qWe,Cycling
BSOwTRYo,Hiking
BSOwTRYo,Cooking
B7D3dyyg,Painting
B7D3dyyg,Cooking
MSJISJqn,Painting
MSJISJqn,Cooking
w7JN3MLu,Painting
w7JN3MLu,Hiking
CANUss5V,Painting
CANUss5V,Hiking
CANUss5V,Reading
GsIxoXYN,Reading
X4IeaCHT,Gardening
X4IeaCHT,Reading
IEU4qwnd,Reading
07zsViCe,Reading
NylVe959,Hiking
PEVski1w,Hiking
eOnMD5Qn,Cycling
eOnMD5Qn,Hiking
3EZJupa9,Painting
3EZJupa9,Cooking
jxSi052H,Reading
jxSi052H,Cycling
koQk9krh,Hiking
koQk9krh,Gardening
wY3Afxxh,Reading
J7H3ZR0K,Hiking
J7H3ZR0K,Cycling
5jdbeWDn,Cycling
N3r5NgkA,Reading
N3r5NgkA,Cooking
N3r5NgkA,Cycling
63tVkUgX,Gardening
63tVkUgX,Cooking
63tVkUgX,Cycling
rWhgRIot,Painting
C6uTXp6n,Cycling
C6uTXp6n,Painting
qJW5SHwy,Hiking
qJW5SHwy,Gardening
l8AeagIP,Gardening
oLqtVSjD,Gardening
oLqtVSjD,Cycling
M6P2Hhya,Cycling
M6P2Hhya,Gardening
18V11qEf,Cooking
ezERykt7,Cooking
ezERykt7,Hiking
bfrIEkSg,Painting
bfrIEkSg,Reading
KKePpKkm,Painting
VC94rWKk,Reading
VC94rWKk,Painting
VC94rWKk,Hiking
9amaxGok,Gardening
d1lB32B6,Hiking
d1lB32B6,Cycling
d1lB32B6,Gardening
z2D9SAqG,Hiking
z2D9SAqG,Gardening
z2D9SAqG,Reading
B71mLLS5,Reading
B71mLLS5,Painting
MsIqIEjA,Cycling
MsIqIEjA,Reading
MsIqIEjA,Hiking
yOvEMfrd,Hiking
yOvEMfrd,Cycling
yOvEMfrd,Reading
LeN8w4Gj,Cooking
LeN8w4Gj,Reading
LeN8w4Gj,Cycling
CsGWRx3j,Cooking
CsGWRx3j,Cycling
QWjdty45,Gardening
QWjdty45,Cooking
r9tnD7fE,Cooking
x8VG0zYW,Painting
x8VG0zYW,Cooking
RqMzvDXf,Gardening
RqMzvDXf,Cooking
RqMzvDXf,Painting
hR7Vjbxm,Reading
hR7Vjbxm,Cycling
dc4JWeOZ,Gardening
dc4JWeOZ,Cooking
dc4JWeOZ,Cycling
3FDrsG4f,Cooking
3FDrsG4f,Cycling
3FDrsG4f,Painting
DqWXFemb,Painting
2Tk56aSY,Gardening
2Tk56aSY,Painting
N2iA6xWn,Hiking
N2iA6xWn,Cooking
N2iA6xWn,Reading
rphpP4ke,Cooking
rphpP4ke,Gardening
XF6rnTLD,Gardening
XF6rnTLD,Painting
XF6rnTLD,Reading
swWFruFT,Hiking
swWFruFT,Gardening
swWFruFT,Cooking
1DthqgD3,Gardening
1DthqgD3,Cycling
tMoGy91Y,Cycling
UpeWWIfr,Gardening
UpeWWIfr,Reading
mXrp6Wwc,Gardening
mXrp6Wwc,Cycling
mXrp6Wwc,Hiking
fH1kjJxD,Cycling
fH1kjJxD,Painting
tzLya0oQ,Hiking
tzLya0oQ,Reading
tzLya0oQ,Cooking
wBuQfr0p,Hiking
wBuQfr0p,Cooking
wBuQfr0p,Reading
zoSk2HuO,Gardening
zoSk2HuO,Cycling
ksPaW30p,Gardening
ksPaW30p,Hiking
ksPaW30p,Cooking
H8v5MKeE,Cooking
VR6OuOTb,Cycling
VR6OuOTb,Gardening
w93aQZPz,Gardening
w93aQZPz,Reading
w93aQZPz,Painting
paV2OFxC,Hiking
paV2OFxC,Painting
paV2OFxC,Gardening
dxj883xf,Painting
dxj883xf,Cooking
jrql6pyW,Painting
DXKSflk7,Hiking
65MUu0Rk,Reading
65MUu0Rk,Cooking
kTN1UHfp,Painting
vv3eeAQB,Reading
Spelhp8w,Cycling
Spelhp8w,Gardening
XPdqqxHm,Cooking
XPdqqxHm,Reading
uH9ud0oX,Reading
uH9ud0oX,Painting
ZiewK2Lh,Painting
ZiewK2Lh,Gardening
ZiewK2Lh,Hiking
wgkFCeSk,Reading
wgkFCeSk,Painting
n9zBV1Qd,Cooking
n9zBV1Qd,Painting
rlUefIAi,Gardening
4SxbsyNM,Cycling
4SxbsyNM,Painting
topDxx06,Cycling
QZD0o1dn,Cycling
8JHfKJO1,Gardening
8JHfKJO1,Reading
BvMHAySF,Reading
Sw2dGHa2,Painting
Sw2dGHa2,Cycling
rA7ApWYc,Reading
rA7ApWYc,Hiking
GgksHAN0,Hiking
GgksHAN0,Reading
JcXCWjan,Gardening
JcXCWjan,Cycling
EzWHaoxy,Hiking
EzWHaoxy,Gardening
mH9qOANi,Cooking
RevD3pE1,Reading
RevD3pE1,Cooking
RevD3pE1,Cycling
CkZVIFLz,Cooking
m8a6IyHi,Hiking
m8a6IyHi,Cycling
m8a6IyHi,Reading
9thxlB8D,Hiking
9thxlB8D,Cooking
fbXnZkoS,Gardening
2whVHZU1,Painting
65pIsKpS,Hiking
65pIsKpS,Painting
65pIsKpS,Cycling
I0n4AZAx,Cycling
OVzMKERV,Cooking
OVzMKERV,Hiking
n07j3aW4,Cycling
n07j3aW4,Cooking
p4SxZQwq,Gardening
p4SxZQwq,Cycling
p4SxZQwq,Painting
gMgFVAGn,Reading
gMgFVAGn,Cooking
gMgFVAGn,Painting
pqMVvI1J,Gardening
pqMVvI1J,Cycling
pqMVvI1J,Cooking
soRM20Tv,Cycling
3fgKD1vB,Hiking
3fgKD1vB,Reading
WiVDXcR6,Reading
WiVDXcR6,Gardening
WiVDXcR6,Painting
cnH2qNjR,Painting
cnH2qNjR,Gardening
D7noWmur,Hiking
D7noWmur,Cooking
PEyUNt2S,Gardening
PEyUNt2S,Cycling
KThX2M3O,Painting
KThX2M3O,Cooking
KThX2M3O,Gardening
waaU3hIx,Cycling
5PiRPSZj,Hiking
MWW6Os0f,Hiking
MWW6Os0f,Reading
yhGCpst5,Cooking
phzyYG6M,Painting
WQsvPdWu,Painting
WQsvPdWu,Hiking
WQsvPdWu,Reading
BZyhoLhl,Reading
ESCDTxaG,Gardening
ESCDTxaG,Hiking
ESCDTxaG,Reading
ZQGj8XXg,Cooking
ZQGj8XXg,Reading
ZQGj8XXg,Cycling
3uVLMr1S,Gardening
r5R8l74d,Cooking
r5R8l74d,Reading
xqPwWjif,Gardening
vhNyf60T,Hiking
vhNyf60T,Reading
876QhsJp,Painting
876QhsJp,Reading
pofiaV8g,Reading
pofiaV8g,Painting
pofiaV8g,Cycling
7hCv3pKO,Gardening
7hCv3pKO,Hiking
sXH48J8b,Gardening
KYfVFrIM,Hiking
KYfVFrIM,Reading
KYfVFrIM,Cycling
TpEA09xs,Cooking
Eoyn6XRe,Hiking
Eoyn6XRe,Painting
wD8nxXal,Cycling
wD8nxXal,Cooking
wD8nxXal,Painting
PfJKyoMZ,Hiking
PfJKyoMZ,Cycling
b8kMN27X,Painting
b8kMN27X,Cooking
5PdO97X0,Reading
5PdO97X0,Hiking
5PdO97X0,Gardening
EpwIqVPx,Reading
EpwIqVPx,Cycling
EpwIqVPx,Cooking
qdeU6LBB,Painting
qdeU6LBB,Hiking
ncHzzcpz,Gardening
ncHzzcpz,Painting
PcD7Yj2t,Reading
PcD7Yj2t,Cycling
1BzjUt10,Painting
1BzjUt10,Cooking
ATSZzWwN,Gardening
ATSZzWwN,Cooking
YVNbgJpW,Reading
TJxCrGNG,Gardening
TJxCrGNG,Reading
Y3tMo55m,Painting
Y3tMo55m,Cycling
ZIxj7B5m,Reading
ZIxj7B5m,Hiking
ZIxj7B5m,Cycling
tV7jWKZS,Reading
tV7jWKZS,Cycling
tV7jWKZS,Hiking
onJxFCgO,Hiking
onJxFCgO,Cooking
onJxFCgO,Gardening
DE816jTk,Hiking
7UHE0CLQ,Gardening
7UHE0CLQ,Cycling
7UHE0CLQ,Painting
dYOE4t8s,Cycling
3xShB5AQ,Cycling
3xShB5AQ,Cooking
3xShB5AQ,Painting
ibKK2Qdf,Reading
ibKK2Qdf,Gardening
wV3ZeTaQ,Cycling
wV3ZeTaQ,Gardening
5yWIbnFq,Hiking
5yWIbnFq,Cycling
5yWIbnFq,Gardening
jP6W8F7h,Reading
jP6W8F7h,Hiking
hI05gcY4,Cycling
hI05gcY4,Gardening
hI05gcY4,Hiking
DXNcmUqW,Hiking
DXNcmUqW,Cycling
DXNcmUqW,Painting
ACkP3HOG,Reading
ACkP3HOG,Hiking
ACkP3HOG,Cooking
Jg5g2HLe,Painting
bmL2IYKD,Hiking
1Hui4O2X,Cycling
1Hui4O2X,Gardening
1Hui4O2X,Cooking
O9X0NIir,Reading
O9X0NIir,Gardening
nXUTm41w,Gardening
iVzWvuGQ,Hiking
iVzWvuGQ,Reading
vt4jU3JG,Cycling
ovvInXBy,Painting
ovvInXBy,Cooking
ovvInXBy,Cycling
TrfmWYJm,Gardening
fmb1aXqJ,Reading
fmb1aXqJ,Hiking
2WjUbous,Cooking
2WjUbous,Cycling
HkjHeShR,Hiking
WbV9D5mY,Hiking
WbV9D5mY,Gardening
n1qiPEKo,Cycling
n1qiPEKo,Painting
ljHBdll0,Reading
ljHBdll0,Hiking
XvjHnlxE,Cycling
sxFTrvK5,Reading
HIXaviBR,Cycling
HIXaviBR,Painting
omosMiBf,Cooking
omosMiBf,Painting
omosMiBf,Hiking
voURAgnH,Cycling
9eWrm7Yb,Hiking
9eWrm7Yb,Painting
9eWrm7Yb,Cycling
3jWex9JR,Reading
3jWex9JR,Gardening
y62U51r2,Cooking
y62U51r2,Gardening
y62U51r2,Reading
1ngt5zhJ,Cooking
Qo0PXc52,Hiking
Qo0PXc52,Gardening
Qo0PXc52,Cycling
QXnEdsxR,Gardening
5aKTDkD1,Hiking
gQQW32Rc,Reading
pS8hNK4F,Cycling
sN5B0YuO,Cycling
sN5B0YuO,Gardening
DC3mSyqO,Painting
DC3mSyqO,Reading
SrQ2TS7a,Hiking
cgo0MwwD,Cooking
1OU407xt,Painting
1OU407xt,Gardening
1OU407xt,Cycling
Xlmx8dmO,Hiking
Xlmx8dmO,Reading
koX3si90,Reading
koX3si90,Hiking
H86MIMOZ,Hiking
H86MIMOZ,Painting
H86MIMOZ,Cycling
nJQccGDu,Reading
nJQccGDu,Painting
nJQccGDu,Cooking
F0W0OxuG,Hiking
F0W0OxuG,Cycling
F0W0OxuG,Painting
TEw5nt7S,Cycling
TEw5nt7S,Reading
fiSvcuHR,Reading
fiSvcuHR,Hiking
fiSvcuHR,Cooking
FHnZjYqx,Reading
FHnZjYqx,Cooking
FHnZjYqx,Cycling
RCjTQZMn,Hiking
RCjTQZMn,Cycling
RCjTQZMn,Gardening
Ub9f0W10,Cycling
3Q6zmxIx,Painting
3Q6zmxIx,Cooking
TjynGJmp,Cooking
TjynGJmp,Gardening
RtqnI2PR,Painting
RtqnI2PR,Cycling
BwktSrcR,Hiking
yhs6Pufv,Hiking
yhs6Pufv,Gardening
yhs6Pufv,Cooking
T1lZp3ba,Reading
QESMWgem,Hiking
QESMWgem,Cycling
jfeMAOsi,Cycling
0i7ZPIpv,Gardening
0i7ZPIpv,Painting
0i7ZPIpv,Reading
UTh9A5MP,Gardening
UTh9A5MP,Reading
a82GbPzK,Painting
a82GbPzK,Hiking
VGemImO2,Gardening
VGemImO2,Hiking
QyicFj0Y,Hiking
QyicFj0Y,Cycling
QyicFj0Y,Gardening
0IvCrA0P,Cooking
0IvCrA0P,Reading
QawB2lLi,Painting
QawB2lLi,Hiking
ahe1hX75,Hiking
ahe1hX75,Cooking
aOyTtcE0,Cycling
aOyTtcE0,Cooking
x4nujKNz,Cooking
x4nujKNz,Painting
x4nujKNz,Hiking
UjTr5XGo,Cycling
UjTr5XGo,Painting
hlFYO137,Cycling
vRxx2X4i,Hiking
N74F6W1e,Gardening
6eQ9LNFX,Cycling
6eQ9LNFX,Reading
IQbV6kC2,Reading
IQbV6kC2,Gardening
IQbV6kC2,Hiking
9uFwy2Xa,Painting
9uFwy2Xa,Reading
9uFwy2Xa,Gardening
XdRVgM55,Cycling
XdRVgM55,Gardening
XdRVgM55,Painting
PYiPsetu,Painting
PYiPsetu,Reading
PYiPsetu,Gardening
4wfo2w0n,Painting
4wfo2w0n,Hiking
4wfo2w0n,Gardening
vW6y0z5Y,Cycling
vW6y0z5Y,Gardening
vW6y0z5Y,Cooking
64LyW6oH,Reading
64LyW6oH,Hiking
64LyW6oH,Cycling
DxcSrYS1,Reading
DxcSrYS1,Gardening
flgIQtQw,Cycling
flgIQtQw,Gardening
flgIQtQw,Reading
G09Of8UD,Cycling
G09Of8UD,Reading
j5UTHgxJ,Cooking
j5UTHgxJ,Hiking
Y8tPTTPp,Reading
ZtpiZGkM,Hiking
ZtpiZGkM,Gardening
v0sdtfL9,Cooking
v0sdtfL9,Gardening
v0sdtfL9,Cycling
RZ48CytC,Gardening
JuiHJaGx,Cycling
JuiHJaGx,Painting
JuiHJaGx,Hiking
eA3yqIjb,Hiking
eA3yqIjb,Reading
k7PdRYWT,Reading
k7PdRYWT,Cooking
k7PdRYWT,Cycling
tf981YUV,Painting
tf981YUV,Cycling
tf981YUV,Reading
B3DSGC6i,Reading
CcJjNXd0,Cooking
X1UHXDCp,Reading
wa9MYLQL,Cycling
wa9MYLQL,Reading
lBnzzUPf,Painting
lBnzzUPf,Cycling
lBnzzUPf,Reading
UpoxTxwj,Reading
UpoxTxwj,Painting
UpoxTxwj,Hiking
kiNlPutD,Reading
kiNlPutD,Cooking
kiNlPutD,Painting
Evww80D2,Hiking
Fj3bPNJx,Painting
jfz3JMvf,Reading
eoQWnE9v,Painting
eoQWnE9v,Hiking
1mmlasnH,Painting
eqSywewS,Hiking
eqSywewS,Reading
LYI8bARD,Painting
LYI8bARD,Hiking
p6lUQjQe,Cycling
p6lUQjQe,Hiking
p6lUQjQe,Gardening
7ybSAkJk,Cycling
7ybSAkJk,Reading
7ybSAkJk,Hiking
niyPHUkP,Painting
xvkJbdgp,Reading
xvkJbdgp,Cycling
xvkJbdgp,Hiking
55XNxxlP,Cycling
FmJQ1c3p,Cooking
nbNpZX7H,Painting
nbNpZX7H,Reading
nbNpZX7H,Cooking
cguDRjHz,Gardening
cguDRjHz,Cycling
3kbTa3b6,Cycling
3kbTa3b6,Reading
gOtajZTn,Hiking
gOtajZTn,Reading
vRSHDSoU,Cooking
NWcm5iN8,Cooking
NWcm5iN8,Hiking
NWcm5iN8,Reading
pkMp2A6M,Gardening
pkMp2A6M,Painting
6B5R7ouj,Reading
SH2khHTs,Cooking
SH2khHTs,Hiking
dbkJl7HX,Cooking
dbkJl7HX,Cycling
dbkJl7HX,Painting
QHhf3dTZ,Hiking
F6qK3rgu,Hiking
EejSB8GC,Cycling
cKWNSFam,Gardening
cKWNSFam,Reading
Y3upPIu0,Cycling
ZZHlrZf4,Cycling
ZZHlrZf4,Reading
ZZHlrZf4,Painting
3wFVVKVA,Gardening
3wFVVKVA,Hiking
vxfqWXSq,Gardening
vxfqWXSq,Cycling
BJQYTzpH,Reading
sXDokoil,Cycling
sXDokoil,Cooking
sXDokoil,Painting
lYTqGhA6,Cooking
lYTqGhA6,Gardening
17KWnRd7,Cycling
lGsVBpJD,Cooking
lGsVBpJD,Gardening
KzCLf09o,Reading
KzCLf09o,Gardening
WRnan3iv,Hiking
AKPqFzac,Reading
AKPqFzac,Cooking
JiSfWQuf,Cycling
JiSfWQuf,Painting
DstrB5p7,Painting
DstrB5p7,Reading
DstrB5p7,Hiking
5Q1Zh9ab,Hiking
5Q1Zh9ab,Painting
5Q1Zh9ab,Cycling
Fg2WO0Md,Gardening
XapDt1qs,Cycling
HOYAgYOY,Cooking
Qa3GbNWL,Reading
Qa3GbNWL,Painting
Qa3GbNWL,Cooking
8EWI0Rpd,Hiking
8EWI0Rpd,Reading
8EWI0Rpd,Painting
7UGYv6xr,Reading
7UGYv6xr,Cooking
qFBEILlb,Cycling
sZoZpE36,Hiking
sZoZpE36,Cycling
ivHHVchO,Gardening
gXTaZf35,Hiking
gXTaZf35,Cooking
xOY6n7pB,Painting
xOY6n7pB,Hiking
xOY6n7pB,Cooking
zMmflxSV,Gardening
fzRGia8L,Painting
kQyGhcSF,Reading
kQyGhcSF,Hiking
M15FocYH,Hiking
M15FocYH,Cycling
tCKwBn2r,Gardening
tCKwBn2r,Reading
tCKwBn2r,Cooking
zPVnhxpr,Gardening
zPVnhxpr,Hiking
DSE0ePmm,Cooking
UHsgeeZm,Reading
UHsgeeZm,Cooking
UHsgeeZm,Cycling
w2beC0Ba,Painting
7g2RbxNZ,Cooking
7g2RbxNZ,Hiking
PmN85MPm,Reading
PmN85MPm,Hiking
YYeTOTdS,Gardening
YYeTOTdS,Cycling
YYeTOTdS,Reading
s9gHw9X4,Gardening
VSiY2Qzi,Reading
lAWiEx2F,Cycling
lAWiEx2F,Gardening
muNMQGAR,Reading
sVwRw5gD,Gardening
sVwRw5gD,Hiking
LAS3lcbB,Painting
LAS3lcbB,Hiking
R0FkhN9I,Cooking
R0FkhN9I,Gardening
4XvaSiEv,Gardening
4XvaSiEv,Painting
2k21TcO7,Hiking
2k21TcO7,Cooking
2k21TcO7,Reading
A0rt416E,Hiking
Og0dgUCd,Gardening
Og0dgUCd,Painting
Og0dgUCd,Reading
HfFwIU3F,Cycling
etfdgwre,Painting
etfdgwre,Reading
h9DOit9j,Painting
h9DOit9j,Cooking
T2LMzA0O,Cycling
IAeFq4Ta,Reading
IAeFq4Ta,Cooking
IAeFq4Ta,Cycling
5cihdyG9,Reading
5cihdyG9,Cooking
5cihdyG9,Painting
ZPZHgmnp,Cooking
ZPZHgmnp,Cycling
ZPZHgmnp,Gardening
0PUk4hMZ,Hiking
0PUk4hMZ,Cooking
0PUk4hMZ,Cycling
iaEfCHm6,Painting
iaEfCHm6,Hiking
iaEfCHm6,Cooking
hd2icNJW,Hiking
hd2icNJW,Cycling
JNBac1n7,Cooking
JNBac1n7,Cycling
JNBac1n7,Painting
PXP3oRWJ,Hiking
PXP3oRWJ,Reading
PXP3oRWJ,Painting
8vKIB3Eh,Hiking
8vKIB3Eh,Cycling
NOhRYp4S,Painting
NOhRYp4S,Gardening
jCDUySG4,Cooking
jCDUySG4,Cycling
QL7Lon1S,Cycling
QL7Lon1S,Gardening
6A4eS4Xz,Reading
6A4eS4Xz,Hiking
6A4eS4Xz,Cooking
OXTDyRYi,Hiking
OXTDyRYi,Reading
OXTDyRYi,Gardening
fKwCsuJa,Cycling
fKwCsuJa,Painting
iqmk2noV,Painting
ViWQNq8h,Painting
ViWQNq8h,Cycling
ViWQNq8h,Gardening
3Ou8lCqN,Gardening
3Ou8lCqN,Painting
gXg2YeoR,Cycling
gXg2YeoR,Painting
gXg2YeoR,Hiking
pTsrteHR,Gardening
pTsrteHR,Hiking
Hqvd51ED,Gardening
KWEdaqK7,Painting
5x6HudlQ,Hiking
5x6HudlQ,Cycling
yoB1Q8ZU,Painting
yoB1Q8ZU,Hiking
yoB1Q8ZU,Cooking
UjvyqvPS,Painting
RRRrZrOL,Reading
RRRrZrOL,Painting
RRRrZrOL,Gardening
lGjU7EyK,Reading
ujhC3nra,Reading
ujhC3nra,Hiking
qw2sodg4,Cooking
qw2sodg4,Cycling
qw2sodg4,Painting
rDEnvxID,Cycling
rDEnvxID,Painting
aKLZJGYu,Reading
aKLZJGYu,Cooking
0SIafre4,Painting
0SIafre4,Cooking
0SIafre4,Hiking
5zHdjMgR,Reading
5zHdjMgR,Gardening
5zHdjMgR,Cycling
Au4XRshB,Gardening
zbbZc3Gj,Painting
zbbZc3Gj,Hiking
8uBAGPvU,Cooking
x6cQ6B99,Painting
x6cQ6B99,Gardening
QrnwXUBq,Painting
QrnwXUBq,Hiking
QrnwXUBq,Gardening
yF4gNgNj,Hiking
yF4gNgNj,Cycling
yF4gNgNj,Cooking
Yt5qx6n6,Cycling
Yt5qx6n6,Gardening
JworTE45,Cycling
JworTE45,Gardening
7A0K8VHH,Gardening
7A0K8VHH,Cooking
7A0K8VHH,Reading
Fmiuqig6,Reading
Fmiuqig6,Cooking
lfJjfYa0,Reading
NesYwrc1,Painting
H1MdxMXm,Cycling
H1MdxMXm,Reading
JA7aLF65,Cooking
wiefoYh9,Hiking
wiefoYh9,Reading
SqaMTsaV,Painting
SqaMTsaV,Hiking
SqaMTsaV,Gardening
e9wcgSne,Cooking
kt4f1lLF,Cycling
w1KReFex,Cycling
w1KReFex,Cooking
FnSskMGj,Gardening
Kqfoxlrt,Painting
wDGLq6ql,Reading
wDGLq6ql,Hiking
znMWaOsW,Reading
znMWaOsW,Painting
qJrNP3xS,Cycling
gHJG5y9H,Gardening
gHJG5y9H,Hiking
UZH7vQLX,Reading
ED6lvvBx,Cooking
ED6lvvBx,Gardening
ED6lvvBx,Cycling
NiqBExuP,Painting
NiqBExuP,Gardening
PpQP6ItX,Cooking
6rkXoodW,Cooking
6rkXoodW,Painting
YyFKPn8S,Gardening
YyFKPn8S,Cooking
YyFKPn8S,Cycling
Rmav6XwM,Reading
mPmNj7nL,Painting
3KHuReQy,Hiking
3KHuReQy,Cooking
3KHuReQy,Cycling
qc5h2bNP,Gardening
qc5h2bNP,Cycling
nnt4LTAM,Cycling
LXE1t7iY,Painting
LXE1t7iY,Cooking
0gzmDfPZ,Cooking
0gzmDfPZ,Reading
s7Aj0NVV,Cycling
s7Aj0NVV,Hiking
s7Aj0NVV,Painting
EZ7UBDgd,Reading
EZ7UBDgd,Cycling
R76PmRN7,Cycling
R76PmRN7,Painting
CprpRyX3,Gardening
CprpRyX3,Hiking
CprpRyX3,Reading
ojw8sT77,Cooking
ojw8sT77,Gardening
vg8hwLWh,Reading
vg8hwLWh,Cooking
nWQzLBRI,Cycling
nWQzLBRI,Cooking
yHSv4Svl,Painting
WN2GfEe7,Painting
VTxm2cDZ,Hiking
lcVJmNfe,Cycling
lcVJmNfe,Reading
OYBro42c,Cycling
OYBro42c,Cooking
dht1UntQ,Hiking
dht1UntQ,Gardening
09Dhj8af,Cooking
09Dhj8af,Hiking
09Dhj8af,Cycling
CfvKHz0F,Cooking
WR0LW7Om,Cycling
WR0LW7Om,Cooking
wX9h9xKA,Gardening
wX9h9xKA,Reading
wX9h9xKA,Cooking
y4UUMYDP,Cooking
1yRxjIoH,Reading
Yufj2s7i,Hiking
QlTtNaCO,Reading
3ZHxhqCw,Reading
3ZHxhqCw,Cycling
17MRA54Q,Gardening
17MRA54Q,Reading
17MRA54Q,Hiking
3Q2WlZ8L,Cooking
3Q2WlZ8L,Painting
gtZL1FuE,Gardening
1mZZo5G6,Painting
QUg5zNVf,Cooking
uAUUcuuR,Painting
uAUUcuuR,Hiking
uAUUcuuR,Cooking
F246rnuW,Cooking
3ey2Zg65,Reading
WqJJ1Gvz,Painting
WqJJ1Gvz,Hiking
WqJJ1Gvz,Reading
Vdr1kRmN,Cycling
GoVYmjEI,Painting
GoVYmjEI,Gardening
jmKu62nj,Cooking
jmKu62nj,Hiking
whAqEqRG,Hiking
whAqEqRG,Cycling
VMfp9966,Reading
VMfp9966,Gardening
VMfp9966,Hiking
RHtGGMST,Reading
srIp6Sf9,Cooking
IBACDsWj,Reading
IBACDsWj,Painting
hPtHl3rv,Cooking
hPtHl3rv,Gardening
hPtHl3rv,Hiking
fKn6Paec,Hiking
GjB6Frqd,Reading
R1mt3nv5,Cooking
R1mt3nv5,Cycling
R1mt3nv5,Hiking
t3LO1m9u,Cooking
t3LO1m9u,Painting
t3LO1m9u,Gardening
N40lKzLN,Gardening
z6MvKwjp,Hiking
v9FDGxpt,Gardening
v9FDGxpt,Painting
yTs8ULGN,Gardening
yTs8ULGN,Cycling
yTs8ULGN,Painting
HWWPL6bG,Painting
HWWPL6bG,Reading
HWWPL6bG,Hiking
K8Y9e2Vy,Gardening
K8Y9e2Vy,Reading
K8Y9e2Vy,Hiking
Udw0RS1O,Reading
Udw0RS1O,Gardening
kvF6zvT4,Reading
nvCXVQH1,Painting
nvCXVQH1,Cooking
nvCXVQH1,Hiking
buTANmfS,Hiking
buTANmfS,Gardening
buTANmfS,Reading
eKHWOcgf,Gardening
eKHWOcgf,Cycling
fvnxgHMJ,Reading
fvnxgHMJ,Cooking
fvnxgHMJ,Hiking
Ywi1hRfC,Gardening
Ywi1hRfC,Hiking
Ywi1hRfC,Cooking
KFPwva7S,Cycling
VL8RMepc,Reading
VL8RMepc,Painting
Zao3LUpz,Gardening
5bYoTe7B,Cycling
5bYoTe7B,Painting
uwnANn8j,Reading
ceirDOkH,Cycling
ceirDOkH,Painting
b0WVKYjG,Reading
HxmxWW6t,Painting
HxmxWW6t,Cooking
HxmxWW6t,Gardening
Kn7I8YFG,Cooking
Kn7I8YFG,Gardening
o4SDLnco,Painting
o4SDLnco,Cycling
o4SDLnco,Hiking
PoJCFwCE,Cycling
PoJCFwCE,Hiking
PoJCFwCE,Gardening
i7gNxC3s,Reading
i7gNxC3s,Hiking
13Y72MNN,Hiking
13Y72MNN,Cycling
13Y72MNN,Cooking
Ptlnntkt,Hiking
Ptlnntkt,Cooking
e0P0t6uo,Reading
KwGsGyae,Reading
4HTuIdBN,Cycling
4HTuIdBN,Hiking
4HTuIdBN,Cooking
XZ35hhJp,Gardening
XZ35hhJp,Cycling
H8iUZjTo,Gardening
H8iUZjTo,Cooking
h1TSBWlX,Cooking
h1TSBWlX,Painting
h1TSBWlX,Cycling
7WSZtwWb,Hiking
7WSZtwWb,Reading
F6dh71z0,Hiking
F6dh71z0,Painting
F6dh71z0,Gardening
9wHkHwdl,Reading
hINA2ENd,Reading
W1kcTvJJ,Reading
ki5OzGjI,Cycling
z1VaItn9,Cycling
z1VaItn9,Cooking
PZfRSGLU,Cooking
0itjOq97,Hiking
0itjOq97,Gardening
3APYyfJa,Gardening
3APYyfJa,Cycling
DlgUHWqc,Painting
DlgUHWqc,Gardening
DlgUHWqc,Cooking
94Cv5pBy,Reading
94Cv5pBy,Hiking
a3NPcN4G,Cycling
a3NPcN4G,Cooking
a3NPcN4G,Reading
82hussR3,Hiking
82hussR3,Painting
82hussR3,Reading
cCiC7pXN,Gardening
LgknBlCP,Gardening
LgknBlCP,Cycling
LgknBlCP,Painting
pB1mBEDl,Cooking
pB1mBEDl,Cycling
pB1mBEDl,Reading
IZHHsgvB,Reading
I5zPZGZk,Cycling
s5WZrtxU,Gardening
s5WZrtxU,Reading
WAynoMjH,Reading
ajV7NOe2,Cooking
ajV7NOe2,Gardening
ajV7NOe2,Painting
jHW4VZ9e,Gardening
jHW4VZ9e,Cycling
mKjCnJuU,Painting
mKjCnJuU,Gardening
TqfOcAg8,Hiking
TqfOcAg8,Gardening
TqfOcAg8,Cycling
rrtI13JG,Painting
rrtI13JG,Cooking
rrtI13JG,Reading
825CMNZU,Painting
825CMNZU,Cooking
7pjFNb25,Gardening
7pjFNb25,Hiking
7pjFNb25,Reading
mtu992yp,Gardening
mtu992yp,Cycling
4arpT9u6,Cycling
4arpT9u6,Hiking
4arpT9u6,Reading
3TXm3DKH,Hiking
3TXm3DKH,Cycling
3TXm3DKH,Painting
wkfkmToE,Painting
Yq5sCgXg,Gardening
8SXEsIJc,Reading
8SXEsIJc,Hiking
kHaz2juZ,Cooking
kHaz2juZ,Gardening
WhK3gBMY,Painting
WhK3gBMY,Gardening
WhK3gBMY,Cooking
sGtGDJwj,Cooking
sGtGDJwj,Cycling
sGtGDJwj,Reading
ivf1HNDB,Cooking
ivf1HNDB,Hiking
ivf1HNDB,Gardening
tPJtdYrl,Cooking
tPJtdYrl,Gardening
tPJtdYrl,Painting
K6H1h9Nl,Cooking
K6H1h9Nl,Painting
K6H1h9Nl,Hiking
gBk8DH0u,Hiking
hYABcGhN,Painting
hYABcGhN,Reading
hYABcGhN,Hiking
8MbSR3CJ,Reading
8MbSR3CJ,Cycling
8MbSR3CJ,Gardening
BhGFbwVf,Hiking
BhGFbwVf,Gardening
BhGFbwVf,Painting
cCg1ltEV,Painting
cCg1ltEV,Hiking
Yp7SQOsL,Hiking
lQIruNxH,Gardening
lQIruNxH,Painting
lQIruNxH,Cycling
4nPEXzH6,Gardening
4nPEXzH6,Cycling
4nPEXzH6,Reading
IfhOy7TQ,Cooking
IfhOy7TQ,Gardening
IfhOy7TQ,Reading
xXHTz1m5,Cycling
b0qinm89,Gardening
vCEvoTkN,Painting
vCEvoTkN,Cycling
IYQ4SXCX,Reading
xXqAqpti,Hiking
xXqAqpti,Cycling
R5VpXCKK,Cooking
R5VpXCKK,Cycling
R5VpXCKK,Hiking
aP5ysQGw,Gardening
aP5ysQGw,Painting
aP5ysQGw,Hiking
RL0oS7vO,Cooking
RL0oS7vO,Reading
RL0oS7vO,Painting
hfrRcrZM,Hiking
hfrRcrZM,Painting
O94NolKF,Gardening
O94NolKF,Cycling
6O9JKkiJ,Cycling
6O9JKkiJ,Hiking
6O9JKkiJ,Reading
G4nytCnV,Reading
giykhwwj,Gardening
boYdiTfI,Painting
boYdiTfI,Cycling
boYdiTfI,Hiking
EMDRAFW0,Cycling
EMDRAFW0,Cooking
xb3zZaeq,Reading
xb3zZaeq,Hiking
xb3zZaeq,Painting
VxCKKUxR,Painting
xu50g5yF,Cooking
xu50g5yF,Painting
fnDIHfd6,Gardening
fnDIHfd6,Cycling
r6OqkbBj,Cycling
CGchCFyu,Painting
CGchCFyu,Cycling
CGchCFyu,Hiking
RD5ebNDm,Hiking
RD5ebNDm,Cooking
YKRXc4cJ,Hiking
h2cNWKBR,Cycling
h2cNWKBR,Cooking
AOF5zD9M,Cooking
AOF5zD9M,Gardening
AOF5zD9M,Reading
BdEunGns,Cooking
YlEhC01V,Cooking
dTk4SVfU,Hiking
dTk4SVfU,Reading
dTk4SVfU,Gardening
KwT5CHg9,Painting
KwT5CHg9,Cycling
kD8RBKXY,Cooking
kD8RBKXY,Hiking
kD8RBKXY,Cycling
AA9r1Mzq,Hiking
AA9r1Mzq,Gardening
AA9r1Mzq,Reading
yoLOqmDA,Reading
y1LBkMtQ,Cycling
y1LBkMtQ,Hiking
59tzSxsf,Gardening
59tzSxsf,Hiking
d3dwsqEt,Painting
d3dwsqEt,Hiking
lYhIhypp,Cycling
lYhIhypp,Reading
lYhIhypp,Painting
3Zk9fpAS,Reading
3Zk9fpAS,Cycling
ecOiPjVc,Hiking
ecOiPjVc,Painting
qH2ZOhc8,Reading
qH2ZOhc8,Cooking
Mo7jQ6nF,Painting
960G9Y8e,Painting
960G9Y8e,Cooking
4jr0NBUT,Hiking
4jr0NBUT,Cooking
P1Ra4vjf,Reading
XnDZ84pu,Cycling
XnDZ84pu,Cooking
2xTdT2eH,Reading
2xTdT2eH,Hiking
vfAKuQoR,Cooking
NrYSS2rG,Reading
NrYSS2rG,Hiking
cP3Qmj3S,Cycling
cP3Qmj3S,Cooking
WvPsbveR,Gardening
WvPsbveR,Cycling
898szcA2,Reading
898szcA2,Painting
SvVfR2fO,Painting
2JBrXaK2,Gardening
2JBrXaK2,Painting
2JBrXaK2,Cooking
wRQs0cXl,Painting
wRQs0cXl,Gardening
4LrDPMyh,Cooking
4LrDPMyh,Cycling
v9WFqmwS,Painting
v9WFqmwS,Hiking
Sqloe0f8,Cycling
plrY8mu2,Painting
plrY8mu2,Hiking
6YamzRkU,Hiking
6YamzRkU,Cooking
6YamzRkU,Painting
nA1NZb0v,Reading
nA1NZb0v,Cooking
nA1NZb0v,Gardening
dfQ9VMq2,Reading
Od8gx6EJ,Cycling
Od8gx6EJ,Gardening
Yh5AeYzZ,Cooking
Yh5AeYzZ,Reading
ki6fwhVv,Gardening
ki6fwhVv,Cooking
briAjGP3,Cooking
briAjGP3,Gardening
H46j9LJ1,Cooking
H46j9LJ1,Painting
H46j9LJ1,Cycling
1dsGYQva,Painting
mTTTteQE,Gardening
mTTTteQE,Cycling
koUbRSbC,Reading
gFHMMXyq,Hiking
PDLQUHb6,Hiking
PDLQUHb6,Reading
Wf9Xhphk,Cycling
Wf9Xhphk,Painting
krChWgSR,Hiking
zvSXWasO,Cooking
zvSXWasO,Hiking
292B8uoO,Gardening
uB0apMiR,Cycling
uB0apMiR,Painting
uB0apMiR,Gardening
662o4pdc,Hiking
662o4pdc,Reading
662o4pdc,Painting
hUEbmca1,Reading
0SOi12gb,Painting
0SOi12gb,Gardening
Wcf6xkiS,Painting
sXzPCsyV,Hiking
sXzPCsyV,Reading
VevpVvhm,Gardening
VevpVvhm,Cycling
VevpVvhm,Hiking
svV19aFb,Painting
svV19aFb,Reading
mpNpT3GU,Hiking
WeWPeBLr,Painting
WeWPeBLr,Gardening
XGhRo8k6,Reading
FqzIhhez,Gardening
FqzIhhez,Cycling
FqzIhhez,Cooking
X3aTFXr3,Reading
X3aTFXr3,Cycling
Xho0yYhu,Gardening
Xho0yYhu,Painting
Xho0yYhu,Cycling
p9fIagk8,Painting
p9fIagk8,Reading
HwNcKF6h,Reading
SsxRYS7T,Cycling
Ily47Q0r,Cooking
Ily47Q0r,Reading
Io83Se5j,Hiking
Io83Se5j,Reading
Io83Se5j,Cooking
9hKgGIV9,Hiking
9hKgGIV9,Cycling
9hKgGIV9,Cooking
Ab6Bq6rM,Cycling
Ab6Bq6rM,Reading
Ab6Bq6rM,Painting
3NNpd8B1,Hiking
FHbQkzh9,Hiking
YRJZJmmj,Gardening
lIeMJUjq,Painting
lIeMJUjq,Cooking
lIeMJUjq,Reading
dzW5s44D,Painting
fGhfjUlh,Reading
fGhfjUlh,Painting
fGhfjUlh,Cooking
Yvpmiss6,Gardening
Yvpmiss6,Reading
Yvpmiss6,Hiking
cFXyzBph,Hiking
cFXyzBph,Cycling
TAbys0b1,Gardening
TAbys0b1,Reading
TAbys0b1,Cooking
fXFBhD0s,Reading
fXFBhD0s,Cycling
U5Sn96Qq,Cooking
U5Sn96Qq,Painting
U5Sn96Qq,Cycling
Sv6gY2E9,Cooking
jbxuTPyt,Cycling
EfYOKUzI,Cycling
onyePe9M,Painting
onyePe9M,Hiking
onyePe9M,Reading
MssBiiNA,Gardening
MssBiiNA,Hiking
MssBiiNA,Cycling
LRNueyKz,Hiking
LRNueyKz,Painting
LRNueyKz,Cycling
CpiGYos5,Reading
CpiGYos5,Gardening
VhGjAxQR,Cooking
VhGjAxQR,Gardening
oPNmmWTN,Gardening
oPNmmWTN,Cooking
McNwpBuJ,Gardening
McNwpBuJ,Hiking
gYs5hAhS,Gardening
gYs5hAhS,Cooking
gYs5hAhS,Reading
8AtmZA5k,Painting
8AtmZA5k,Hiking
8AtmZA5k,Reading
ZY0egbmp,Hiking
ZY0egbmp,Painting
ZY0egbmp,Cooking
UVEzFIHI,Cooking
UVEzFIHI,Gardening
UVEzFIHI,Hiking
29sho24Y,Reading
29sho24Y,Hiking
29sho24Y,Painting
isQfNpV9,Painting
isQfNpV9,Hiking
frjszr3C,Gardening
5Br3hVd0,Reading
5Br3hVd0,Cooking
5Br3hVd0,Painting
O3KYNENQ,Cycling
O3KYNENQ,Gardening
O3KYNENQ,Hiking
tIaUmpJR,Hiking
tIaUmpJR,Gardening
2ztehkpF,Hiking
2ztehkpF,Cycling
KBWH3C4s,Painting
sQmd8V2y,Reading
sQmd8V2y,Hiking
5uv9LbrU,Painting
fu2xGFI1,Cycling
tbVwTAAz,Cycling
tbVwTAAz,Gardening
tbVwTAAz,Reading
3CD4QIO9,Cycling
3CD4QIO9,Gardening
3CD4QIO9,Cooking
MyPZbvNP,Reading
MyPZbvNP,Cooking
qVqvCOIU,Hiking
qVqvCOIU,Reading
luo4ir1B,Reading
wZGBkjjE,Painting
wZGBkjjE,Gardening
wZGBkjjE,Cycling
bnMcfzji,Painting
bnMcfzji,Cycling
vmuc5qNJ,Hiking
vmuc5qNJ,Cooking
NsrjZitF,Reading
NsrjZitF,Cooking
NsrjZitF,Gardening
VVBtbYHd,Painting
VVBtbYHd,Cooking
skhHLbx3,Gardening
lHZHgm4z,Cycling
lHZHgm4z,Cooking
lHZHgm4z,Hiking
wLbLcEMa,Hiking
wLbLcEMa,Reading
wLbLcEMa,Cycling
vbhEFe7J,Hiking
vbhEFe7J,Cycling
vbhEFe7J,Gardening
qUUdtscB,Painting
WbwNXlFo,Reading
WbwNXlFo,Hiking
WbwNXlFo,Painting
lLKSD4ov,Gardening
lLKSD4ov,Hiking
hKDqmJsi,Painting
hKDqmJsi,Hiking
hKDqmJsi,Reading
Fxpkad6Q,Cycling
Fxpkad6Q,Hiking
Fxpkad6Q,Painting
gyB0bqw9,Cycling
ojmqWKHC,Gardening
ojmqWKHC,Cycling
ojmqWKHC,Painting
9DswGopa,Gardening
9DswGopa,Hiking
9DswGopa,Cycling
Xrd4s2rQ,Gardening
WsoHG5KP,Cycling
bdzfSesi,Gardening
Fv8aG2ZV,Hiking
Fv8aG2ZV,Painting
Fv8aG2ZV,Gardening
SG74decZ,Reading
SG74decZ,Gardening
JJoi4tma,Hiking
JJoi4tma,Cycling
JJoi4tma,Cooking
cRPcsmAm,Reading
RZ2ih6aq,Gardening
0LHmm0k5,Reading
BqGh9CnU,Gardening
BqGh9CnU,Cooking
BqGh9CnU,Painting
91qj6tO5,Gardening
91qj6tO5,Painting
91qj6tO5,Cooking
esnGFLKq,Painting
NZTooC3q,Reading
YfIq0NKk,Painting
AMNWX5ry,Painting
SeRTvZ0h,Cooking
52F7V5uB,Cooking
52F7V5uB,Painting
80xMyIRp,Hiking
80xMyIRp,Painting
80xMyIRp,Reading
piMU7znd,Painting
piMU7znd,Cooking
IOH3wNMN,Hiking
t9z6dRx4,Reading
t9z6dRx4,Painting
t9z6dRx4,Cycling
urFJtZkm,Reading
urFJtZkm,Cooking
urFJtZkm,Cycling
8I9tXcrI,Gardening
8I9tXcrI,Hiking
AdaPA7ad,Cooking
AdaPA7ad,Gardening
mgnRwD2x,Hiking
mgnRwD2x,Reading
mgnRwD2x,Cycling
Dabo9NJ9,Cycling
Dabo9NJ9,Reading
FZtpAizb,Gardening
FZtpAizb,Reading
asYH9T4v,Cycling
BoyiKCY5,Reading
RY0hL6TU,Cycling
llJeLUjg,Cooking
llJeLUjg,Cycling
llJeLUjg,Reading
fQlNGgro,Gardening
fQlNGgro,Painting
fQlNGgro,Cooking
ws2zJqRA,Cycling
ws2zJqRA,Cooking
rq07ZWXO,Hiking
rq07ZWXO,Cycling
rq07ZWXO,Gardening
BBkigh7P,Reading
LsCfAMBY,Gardening
ZexqScB4,Cycling
OFwLgTOi,Reading
OFwLgTOi,Cycling
lQn0ZHSX,Cooking
lQn0ZHSX,Gardening
lQn0ZHSX,Hiking
Uzm0qyxG,Painting
Uzm0qyxG,Cycling
Uzm0qyxG,Cooking
MZ8OzNet,Cooking
MZ8OzNet,Gardening
MZ8OzNet,Hiking
6IMtBSbz,Cycling
6IMtBSbz,Painting
6IMtBSbz,Hiking
SHiMVDC4,Painting
SHiMVDC4,Cooking
SHiMVDC4,Hiking
IliEAQ16,Gardening
IliEAQ16,Painting
08PCkXbG,Gardening
08PCkXbG,Cooking
njIlJsbd,Painting
njIlJsbd,Cycling
njIlJsbd,Reading
baWeDLae,Cooking
R0VC5vd6,Gardening
R0VC5vd6,Reading
okTSoqHS,Cooking
YBI6CPLn,Hiking
YBI6CPLn,Painting
YBI6CPLn,Cycling
lX0czH2F,Hiking
lX0czH2F,Reading
FjEpjWZb,Painting
FjEpjWZb,Gardening
FjEpjWZb,Hiking
xrJJt4tv,Cooking
Fd2NhMx8,Cooking
Fd2NhMx8,Hiking
Fd2NhMx8,Reading
7ilqdAf8,Gardening
bAaAtYHz,Hiking
gOEkNrM2,Painting
gOEkNrM2,Hiking
gOEkNrM2,Cycling
ykY5Boco,Gardening
ykY5Boco,Painting
OpwrbRFQ,Hiking
OpwrbRFQ,Reading
OpwrbRFQ,Painting
iM0dBKnx,Cooking
8EtNbwfE,Reading
8EtNbwfE,Painting
2lwFmzjy,Gardening
2lwFmzjy,Hiking
370m9sSU,Painting
370m9sSU,Hiking
370m9sSU,Cooking
VkKav7dl,Cooking
g0DmrCtL,Painting
uti9jdza,Reading
jhaPxJkY,Gardening
oS23l4vh,Hiking
oS23l4vh,Gardening
lczhgfb8,Cooking
nGGZ5kmB,Gardening
nGGZ5kmB,Reading
UmsfPei7,Reading
UmsfPei7,Hiking
UmsfPei7,Cycling
ylt0dgbC,Painting
ylt0dgbC,Cooking
ere5p4wf,Hiking
glQIME5h,Cycling
glQIME5h,Gardening
glQIME5h,Reading
ORhYOtNF,Cooking
OFbsdicx,Painting
OFbsdicx,Hiking
OFbsdicx,Gardening
ncJeanPr,Painting
UwxQ58tB,Cooking
UwxQ58tB,Hiking
UwxQ58tB,Painting
2FsE7gnd,Cycling
LbROlhgz,Gardening
SRsP1Jx6,Cycling
SRsP1Jx6,Painting
SRsP1Jx6,Cooking
4ISnW2Et,Cooking
4ISnW2Et,Hiking
GESV7zBj,Cooking
NOhsnsCJ,Cycling
NOhsnsCJ,Hiking
SBo5wXfj,Reading
Y5C0oWV4,Painting
yRkxxOS3,Cooking
hlyPpvyG,Cycling
hlyPpvyG,Cooking
hlyPpvyG,Reading
DBpAPzRr,Reading
DBpAPzRr,Painting
DBpAPzRr,Hiking
O94MOcXI,Cooking
SO7XSIlH,Hiking
SO7XSIlH,Gardening
SO7XSIlH,Reading
dMLHWniW,Gardening
dMLHWniW,Painting
Ipc8mC6s,Painting
Ipc8mC6s,Cycling
TA65OtHX,Reading
TA65OtHX,Painting
rco6WSDU,Cycling
rco6WSDU,Painting
xLoYvHQX,Cycling
TsktCu0g,Hiking
TsktCu0g,Gardening
idSJ7Vx2,Painting
idSJ7Vx2,Hiking
KM8jg4Wm,Gardening
KM8jg4Wm,Cycling
KM8jg4Wm,Hiking
Q0FvsM6w,Cycling
VTbs9sjl,Painting
VTbs9sjl,Cooking
OXfBSbfk,Cycling
OXfBSbfk,Gardening
DmBMn94g,Gardening
DmBMn94g,Cycling
Ah6hynvh,Cycling
WoYGb6yE,Painting
A2h1nT39,Cooking
A2h1nT39,Gardening
jcTaBH7F,Cycling
KGVhY1ld,Reading
z5cDiInh,Gardening
z5cDiInh,Painting
XmEdvQ5z,Cycling
XmEdvQ5z,Hiking
O9DTTqDu,Gardening
O9DTTqDu,Hiking
6oToO8c3,Reading
19cMLTS8,Painting
19cMLTS8,Cooking
19cMLTS8,Hiking
GdWaKNYO,Hiking
GdWaKNYO,Cooking
GdWaKNYO,Cycling
3xZnTT7o,Gardening
3xZnTT7o,Hiking
3xZnTT7o,Reading
hYLOLTHE,Gardening
AK2aXpC0,Painting
sZlZbDwd,Gardening
sZlZbDwd,Cooking
sZlZbDwd,Cycling
sXFcJcWp,Hiking
sXFcJcWp,Cycling
PPnNNeO7,Cycling
PPnNNeO7,Gardening
PPnNNeO7,Hiking
9SrhXyqc,Hiking
9SrhXyqc,Cooking
9SrhXyqc,Painting
1JiRcqnE,Gardening
1JiRcqnE,Cycling
DYOasO25,Reading
DYOasO25,Cycling
O6PAUiHY,Reading
O6PAUiHY,Cycling
JbSdcYFq,Hiking
QrQjVhs3,Reading
QrQjVhs3,Painting
KqNuADYF,Reading
KqNuADYF,Cycling
KqNuADYF,Hiking
swkPm1pJ,Hiking
swkPm1pJ,Reading
hWsrQgbU,Cycling
cGRFeo3g,Cooking
pyK3IlFD,Painting
pJKF7mDU,Hiking
pJKF7mDU,Cooking
pJKF7mDU,Cycling
LgRs7YwK,Cycling
LgRs7YwK,Reading
lYtlFwat,Hiking
LuVOCn5f,Painting
LuVOCn5f,Cooking
nXZ5vZvc,Painting
nXZ5vZvc,Cooking
KkqNh5yo,Gardening
KkqNh5yo,Cycling
KkqNh5yo,Hiking
DHFa0Gid,Hiking
DHFa0Gid,Cooking
fSwlSvwV,Cycling
fSwlSvwV,Hiking
yNWBFw9v,Painting
yNWBFw9v,Hiking
yNWBFw9v,Cooking
fWL94gVk,Cooking
fWL94gVk,Cycling
XLctlZKy,Cooking
1DBHB7ag,Cycling
A2cxh9xa,Cycling
A2cxh9xa,Hiking
gC311eKc,Gardening
gC311eKc,Cycling
8CCVG2dh,Cooking
Ve8aanwg,Reading
Ve8aanwg,Gardening
Ve8aanwg,Hiking
gyvxRBvL,Gardening
gyvxRBvL,Reading
CEYKG43o,Cooking
CEYKG43o,Gardening
kdrWtjaR,Cooking
kdrWtjaR,Cycling
ma6QIXSn,Hiking
ma6QIXSn,Reading
ma6QIXSn,Cycling
TW0mi0HG,Cycling
TW0mi0HG,Painting
WfYA4vSb,Reading
WfYA4vSb,Painting
MQk3wlQq,Reading
MQk3wlQq,Gardening
EJTLzQ2N,Painting
EJTLzQ2N,Reading
EJTLzQ2N,Cycling
llEn3fEI,Cooking
llEn3fEI,Painting
llEn3fEI,Hiking
X0zZLmZp,Gardening
X0zZLmZp,Cycling
X0zZLmZp,Reading
Rbfm3GzA,Cycling
Rbfm3GzA,Cooking
Rbfm3GzA,Reading
A9FosFyi,Reading
A9FosFyi,Cooking
MssiEQbj,Hiking
MssiEQbj,Cooking
MssiEQbj,Painting
C7dLBxdi,Painting
C7dLBxdi,Gardening
C7dLBxdi,Cycling
k6A0eZBa,Hiking
k6A0eZBa,Gardening
k6A0eZBa,Reading
eMBfvPRD,Gardening
eMBfvPRD,Reading
eMBfvPRD,Hiking
fmVHxmE1,Gardening
fmVHxmE1,Cycling
fmVHxmE1,Painting
xtiRJ4MK,Hiking
xtiRJ4MK,Reading
xtiRJ4MK,Painting
KFYL4Lai,Hiking
KFYL4Lai,Painting
fBavhYlS,Cycling
ovZRIITU,Gardening
PGoW9FT3,Gardening
PGoW9FT3,Cooking
ltso48Rt,Cooking
B7lrw4gr,Cycling
A453Jnxv,Painting
A453Jnxv,Cycling
jMo3E4uV,Gardening
jMo3E4uV,Cycling
jMo3E4uV,Cooking
jurNpP3m,Hiking
jurNpP3m,Cycling
jurNpP3m,Cooking
49bHm4ax,Reading
zWRDB55I,Cooking
zWRDB55I,Hiking
zWRDB55I,Cycling
s39z1eMD,Cycling
s39z1eMD,Painting
Wm6wHsaL,Hiking
XDbEPRTg,Gardening
XDbEPRTg,Painting
PtgOoKrx,Reading
PtgOoKrx,Hiking
PtgOoKrx,Painting
Oi9awYDk,Painting
zI6LCAMo,Painting
zI6LCAMo,Hiking
vXcpuhUd,Painting
vXcpuhUd,Cycling
vXcpuhUd,Reading
P7NA4nMI,Cooking
P7NA4nMI,Painting
xy9mfqKU,Gardening
xy9mfqKU,Hiking
xy9mfqKU,Painting
0YJdDhnb,Gardening
0YJdDhnb,Cycling
J01fUpp8,Cooking
J01fUpp8,Reading
J01fUpp8,Cycling
ZJQlhMAG,Painting
LKtwqTpF,Gardening
LKtwqTpF,Hiking
1Pd84hsM,Hiking
1Pd84hsM,Reading
1Pd84hsM,Cooking
MdDUTxV6,Cycling
JIl8ezLu,Gardening
GVXhmfau,Reading
GVXhmfau,Gardening
GVXhmfau,Painting
n8SDNq34,Cycling
n8SDNq34,Cooking
BuGF9SZO,Gardening
BuGF9SZO,Hiking
BuGF9SZO,Cycling
jGzftg5V,Hiking
jGzftg5V,Cycling
uwh1UVc6,Painting
uwh1UVc6,Gardening
JuytOj2O,Reading
g5prKwv9,Painting
N3h3bFa9,Painting
N3h3bFa9,Cycling
N3h3bFa9,Reading
NUsBDyi0,Hiking
NUsBDyi0,Reading
NUsBDyi0,Cooking
1xECNr8f,Cycling
1xECNr8f,Reading
1xECNr8f,Cooking
K5DvOjiH,Cycling
K5DvOjiH,Cooking
K5DvOjiH,Reading
hv3lMb9Y,Reading
hv3lMb9Y,Painting
S4hipVrH,Hiking
S4hipVrH,Painting
tT3L0Q5d,Hiking
tT3L0Q5d,Cooking
tT3L0Q5d,Painting
A4RiQinA,Cooking
A4RiQinA,Cycling
KKOzY8ks,Cycling
KKOzY8ks,Painting
KKOzY8ks,Hiking
FNjawwej,Reading
GR769JaC,Cycling
GR769JaC,Cooking
gLEosVIn,Gardening
gLEosVIn,Hiking
gTSr58bM,Cycling
gTSr58bM,Gardening
gTSr58bM,Hiking
KPV1k6pj,Gardening
ksEuNSB2,Reading
ksEuNSB2,Hiking
1t7LhZ1n,Reading
GEmgcGyv,Cycling
GEmgcGyv,Gardening
4c3pvyR6,Cycling
4c3pvyR6,Painting
4c3pvyR6,Hiking
i2eC6x2I,Gardening
oBqarnVn,Gardening
MVVlELGB,Reading
UU7JEskd,Hiking
UU7JEskd,Gardening
UU7JEskd,Cooking
3aaAVDay,Painting
3aaAVDay,Cooking
JSiAHHOz,Gardening
JSiAHHOz,Painting
474iSr80,Cooking
474iSr80,Hiking
474iSr80,Gardening
cFdkJKEA,Hiking
cFdkJKEA,Cooking
cFdkJKEA,Reading
8iOkE9Zz,Gardening
8iOkE9Zz,Reading
8iOkE9Zz,Hiking
whZzRCdn,Reading
whZzRCdn,Cooking
oWCJxkwL,Hiking
ZA69aZXo,Cycling
fw7iuvGF,Hiking
yApeODaj,Reading
yApeODaj,Gardening
COgyBLa0,Painting
COgyBLa0,Cooking
2a2mpREe,Hiking
2a2mpREe,Gardening
Z2Mhvdcu,Hiking
yDqvCRnz,Hiking
yDqvCRnz,Painting
yDqvCRnz,Gardening
zVApREdk,Painting
zVApREdk,Cycling
zVApREdk,Reading
6CrpkJjA,Painting
6CrpkJjA,Gardening
6CrpkJjA,Reading
2Xc8ruT6,Cycling
3ljb77Y0,Hiking
3ljb77Y0,Gardening
3ljb77Y0,Cycling
xc8B48HY,Reading
xc8B48HY,Hiking
xc8B48HY,Painting
jFVvD18X,Hiking
jFVvD18X,Gardening
jFVvD18X,Reading
dL5mAh46,Cycling
dL5mAh46,Hiking
dL5mAh46,Cooking
Mtkc3VfX,Hiking
Nm3OBDhE,Gardening
5xJbheq1,Painting
q5J86KMc,Cooking
q5J86KMc,Painting
nJl2LYLj,Gardening
nJl2LYLj,Cycling
nJl2LYLj,Cooking
VQaIsByM,Cooking
VQaIsByM,Gardening
aJKN5v2w,Reading
JJt6sDzC,Cycling
T3og0bQq,Cooking
J6BFtCoL,Painting
J6BFtCoL,Gardening
aCHVrfgh,Cooking
NKb9p5xc,Painting
NKb9p5xc,Cooking
2xsYPLMu,Cycling
2xsYPLMu,Painting
nb7yFkiO,Gardening
nb7yFkiO,Cooking
nb7yFkiO,Reading
6zaiAOqD,Hiking
6zaiAOqD,Reading
6zaiAOqD,Cycling
xKqqxwRu,Cycling
0gIr5Pkr,Reading
0gIr5Pkr,Gardening
97RRQweM,Reading
97RRQweM,Cooking
mGlQAXzZ,Reading
mGlQAXzZ,Cooking
FeofRQdd,Reading
RX0BGxzJ,Cycling
RX0BGxzJ,Cooking
aq6BHxxN,Hiking
aq6BHxxN,Cooking
aq6BHxxN,Gardening
T7NBIutd,Painting
JCfTzYIf,Gardening
JCfTzYIf,Painting
qCfPEIlk,Cycling
qCfPEIlk,Cooking
qCfPEIlk,Painting
8PPzWbDY,Cycling
8PPzWbDY,Painting
8PPzWbDY,Reading
5jg7kAUu,Painting
5jg7kAUu,Cooking
5jg7kAUu,Reading
QKf8SdA2,Cycling
QKf8SdA2,Gardening
k1V1WVXM,Reading
k1V1WVXM,Painting
WCkJ6tGR,Cooking
ki4hnnM6,Cooking
ki4hnnM6,Reading
0EV0iR5v,Cooking
fggTCzXS,Hiking
fggTCzXS,Cycling
1hyipHTZ,Reading
ou3B9xVW,Hiking
AMwr3W8f,Gardening
AMwr3W8f,Cycling
AMwr3W8f,Cooking
R0zG2HIg,Painting
R0zG2HIg,Gardening
R0zG2HIg,Hiking
EcSULH0e,Hiking
EcSULH0e,Painting
mJX9rbdr,Hiking
mJX9rbdr,Cooking
H4F9aTNI,Hiking
H4F9aTNI,Painting
9na7vMEb,Cycling
9na7vMEb,Hiking
Bo3IF3QT,Painting
NWtMnDcl,Cycling
NWtMnDcl,Gardening
gRkbBdJZ,Painting
gRkbBdJZ,Hiking
gRkbBdJZ,Reading
kBIJP90w,Cooking
kBIJP90w,Reading
TO38lG71,Cooking
TO38lG71,Reading
TO38lG71,Gardening
w4JPQLPP,Cycling
cV5rBrZ1,Painting
cV5rBrZ1,Gardening
cV5rBrZ1,Cycling
QqlXc32V,Cooking
QqlXc32V,Hiking
NNDNPbFM,Cycling
NNDNPbFM,Painting
1gqGVVXz,Reading
1gqGVVXz,Cycling
z6SUAJo5,Cooking
h280iXjs,Hiking
h280iXjs,Cooking
h280iXjs,Painting
tO37PzXM,Cycling
tO37PzXM,Gardening
tO37PzXM,Painting
GrApkw0U,Hiking
GrApkw0U,Reading
GrApkw0U,Gardening
2qHXlJyN,Cycling
HRnUu75b,Painting
gndqeykl,Cycling
gndqeykl,Reading
gndqeykl,Gardening
LdQHE5F8,Gardening
768E2L1M,Painting
768E2L1M,Hiking
768E2L1M,Reading
B6Ti0rfP,Painting
B6Ti0rfP,Cycling
AxuW9XPw,Cooking
AxuW9XPw,Hiking
fJhh1304,Cycling
fJhh1304,Hiking
fJhh1304,Reading
SCRn1Zb6,Cycling
SCRn1Zb6,Painting
SCRn1Zb6,Reading
AhftihnH,Hiking
swVaQkVX,Cooking
swVaQkVX,Hiking
swVaQkVX,Reading
QAnMTSkn,Painting
Wl6uJr6l,Gardening
Wl6uJr6l,Hiking
738NX22S,Reading
738NX22S,Hiking
MtswjqkH,Painting
MtswjqkH,Gardening
MtswjqkH,Cooking
DXLxwHi0,Hiking
9JPgcYBY,Cooking
9JPgcYBY,Hiking
9JPgcYBY,Reading
e2O6d4y1,Reading
0sRCOsiE,Cooking
0sRCOsiE,Gardening
0Qjlk10F,Cooking
0Qjlk10F,Hiking
0Qjlk10F,Painting
FblxRXjH,Gardening
FblxRXjH,Cooking
pQIiqolT,Reading
pQIiqolT,Cycling
pQIiqolT,Hiking
W3Ca2lcQ,Cooking
W3Ca2lcQ,Painting
BjBLpfjF,Reading
Em1GYZo7,Gardening
Em1GYZo7,Hiking
Em1GYZo7,Cycling
nmRF4Mni,Gardening
nmRF4Mni,Hiking
nmRF4Mni,Cycling
HejAJkwX,Cooking
HejAJkwX,Hiking
HejAJkwX,Painting
HXVWeKLp,Hiking
r3IntK0A,Cycling
r3IntK0A,Reading
r3IntK0A,Hiking
NOLK9dnO,Gardening
NOLK9dnO,Cycling
NOLK9dnO,Hiking
Gv9zrs8J,Cooking
Gv9zrs8J,Painting
Gv9zrs8J,Hiking
WGr4wK4C,Cooking
4j0LjmSV,Gardening
4j0LjmSV,Cycling
IhYkbO6U,Hiking
1BY8eUUg,Cooking
1BY8eUUg,Painting
zt0qTNry,Cycling
Z2FfmPN9,Cycling
Z2FfmPN9,Gardening
jxeFpELe,Cycling
8REzItyZ,Painting
8REzItyZ,Gardening
BO9MLERN,Cooking
BO9MLERN,Cycling
y5K0S0eE,Hiking
y5K0S0eE,Painting
qHXSMhBD,Cooking
qHXSMhBD,Hiking
qHXSMhBD,Reading
m2ENRE7u,Gardening
m2ENRE7u,Painting
m2ENRE7u,Reading
EICmnhUB,Hiking
nWNrxay2,Hiking
U0RL9Jdc,Cycling
U0RL9Jdc,Reading
U0RL9Jdc,Gardening
zWnO6YrL,Gardening
zWnO6YrL,Painting
AUquLvcF,Cooking
AUquLvcF,Painting
AUquLvcF,Reading
igZP7FZ2,Cycling
igZP7FZ2,Hiking
igZP7FZ2,Cooking
ES7YLEoh,Gardening
ES7YLEoh,Reading
yLI1qbQq,Reading
SFK6IrHo,Hiking
SFK6IrHo,Gardening
oLerOqjr,Gardening
pVQwGxIH,Painting
pVQwGxIH,Cycling
pVQwGxIH,Hiking
mH6sNCFY,Gardening
6HY5rvAJ,Cooking
6HY5rvAJ,Painting
6HY5rvAJ,Hiking
uEDtUiS6,Painting
UKnvUE9B,Reading
scoTx7Xh,Painting
RRtWmG9e,Gardening
snSFqgkK,Reading
snSFqgkK,Cooking
snSFqgkK,Gardening
t9rilHcG,Cycling
t9rilHcG,Gardening
t9rilHcG,Reading
B6ZYYSFY,Reading
ilGxNGjI,Painting
ilGxNGjI,Cycling
hj5rRd7v,Reading
hj5rRd7v,Hiking
PUe5e9V3,Painting
3JT7DxXb,Cooking
Pjiep5wb,Hiking
Pjiep5wb,Cycling
Pjiep5wb,Gardening
cNxAeD5U,Painting
cNxAeD5U,Hiking
cNxAeD5U,Gardening
Fru2u8IG,Reading
Fru2u8IG,Hiking
Fru2u8IG,Cooking
F2VKmqvK,Reading
F2VKmqvK,Cooking
F2VKmqvK,Gardening
QmMY0MgI,Painting
tAbiGia5,Gardening
bByTcvIX,Gardening
bByTcvIX,Reading
tWix2Tah,Reading
tWix2Tah,Cooking
tWix2Tah,Cycling
SJ0tdrVi,Cooking
YxFcKmYi,Reading
YxFcKmYi,Painting
zHv6ZIM3,Painting
KBD6ubXI,Gardening
KBD6ubXI,Reading
m5hj3OQt,Reading
zJxF8Ykn,Hiking
aUQxREzF,Reading
aUQxREzF,Gardening
aUQxREzF,Painting
YXMdDrbx,Cooking
TY3XDesl,Hiking
TY3XDesl,Reading
ypjFIjy1,Gardening
ypjFIjy1,Reading
pbWzpdEi,Painting
oRjDCoDi,Cooking
oRjDCoDi,Reading
oRjDCoDi,Painting
phuWH9px,Cycling
phuWH9px,Cooking
LPveVKiR,Hiking
LPveVKiR,Gardening
Cfdhf0L6,Cooking
Cfdhf0L6,Hiking
6YqMc6br,Cooking
6YqMc6br,Hiking
6YqMc6br,Reading
m2JosZAk,Cooking
VrP2w3A3,Cycling
VrP2w3A3,Gardening
l5L0OVo1,Cycling
l5L0OVo1,Painting
l5L0OVo1,Hiking
CJR9YBMS,Reading
owtVucD9,Cooking
owtVucD9,Painting
QLPTf3QV,Cycling
QLPTf3QV,Gardening
QLPTf3QV,Painting
Ldg6l0M6,Reading
NEkVQ3KL,Hiking
1ygy9qHu,Hiking
1ygy9qHu,Painting
bs7StHdn,Painting
bs7StHdn,Cycling
ZnLZLqmd,Gardening
uOBXD5f9,Cycling
uOBXD5f9,Reading
SKKeVemQ,Hiking
SKKeVemQ,Painting
sUddbdiI,Painting
sUddbdiI,Cooking
sUddbdiI,Reading
t6ssm1vf,Reading
t6ssm1vf,Cycling
t6ssm1vf,Hiking
ztyu8vYB,Cycling
ztyu8vYB,Reading
ztyu8vYB,Gardening
IKSdkcs8,Gardening
th7IQCid,Gardening
th7IQCid,Painting
th7IQCid,Cooking
0NQY20XD,Painting
5pZefOyb,Cooking
5pZefOyb,Gardening
5pZefOyb,Reading
dyEmGR4S,Reading
dyEmGR4S,Painting
dyEmGR4S,Cooking
rTeqPQlf,Cycling
kxdbCNa8,Cycling
KE4Bg1jl,Cycling
KE4Bg1jl,Hiking
UZJQvLQx,Painting
UZJQvLQx,Cooking
UZJQvLQx,Hiking
aJ8mhpmg,Cycling
lVBG0h1M,Painting
Od5LMMnD,Reading
Od5LMMnD,Hiking
Od5LMMnD,Cycling
H4kAjADf,Gardening
yODUIqbB,Cycling
yODUIqbB,Hiking
A6KYfurQ,Hiking
A6KYfurQ,Reading
A6KYfurQ,Painting
nuifLPav,Gardening
nuifLPav,Cycling
YcXXvd16,Cooking
YcXXvd16,Cycling
9S7uY2Ck,Reading
r4wDVSlv,Reading
r4wDVSlv,Cooking
r4wDVSlv,Cycling
GPTjh8Wy,Gardening
DoDa3YWj,Reading
DoDa3YWj,Painting
DoDa3YWj,Cycling
4CChESTs,Cooking
rYtk3Nm5,Cooking
8y67lPQF,Cooking
Hbb8WcBU,Cycling
Hbb8WcBU,Cooking
Hbb8WcBU,Gardening
VJzwXi0S,Cycling
VJzwXi0S,Gardening
py4N1LHy,Cooking
5vbDu9d3,Cooking
5vbDu9d3,Gardening
5vbDu9d3,Painting
oz4295hm,Gardening
oz4295hm,Painting
oz4295hm,Hiking
5Qt4NSV7,Gardening
5Qt4NSV7,Cycling
3EiiorAm,Hiking
3EiiorAm,Painting
3EiiorAm,Reading
tSXBrjsp,Cooking
tSXBrjsp,Hiking
tSXBrjsp,Painting
XKatFpxy,Cooking
XKatFpxy,Gardening
XKatFpxy,Hiking
4USTiEQN,Reading
dlky72TO,Cycling
dlky72TO,Cooking
4mVM4aC6,Gardening
4mVM4aC6,Cooking
3gDeCctD,Reading
eEBh0fAV,Cooking
eEBh0fAV,Cycling
eEBh0fAV,Gardening
FlCt1zH8,Hiking
FlCt1zH8,Cycling
FlCt1zH8,Gardening
c5JEImkM,Painting
c5JEImkM,Cooking
c5JEImkM,Cycling
9igkB7f9,Reading
9igkB7f9,Painting
9igkB7f9,Hiking
BGDhYCQ3,Reading
BGDhYCQ3,Cycling
JWQZCopA,Hiking
JWQZCopA,Cycling
JWQZCopA,Painting
gIDFJBpm,Cooking
gIDFJBpm,Reading
gIDFJBpm,Painting
FUa56jJS,Cooking
FUa56jJS,Gardening
FUa56jJS,Painting
8rAr28NF,Cooking
8rAr28NF,Painting
8rAr28NF,Hiking
Z9GEkK2Z,Reading
Z9GEkK2Z,Cycling
Z9GEkK2Z,Gardening
azrgYhpx,Cooking
azrgYhpx,Reading
UGrdXQus,Hiking
UGrdXQus,Gardening
KfRHPXOQ,Hiking
KfRHPXOQ,Reading
uVGdtz6O,Cooking
uVGdtz6O,Hiking
uVGdtz6O,Gardening
6Wnk7tEJ,Painting
6Wnk7tEJ,Gardening
DMjrjXjN,Painting
CMFtF7sZ,Gardening
QzUZrjiZ,Reading
QzUZrjiZ,Cycling
qwOeZVqJ,Hiking
8GSjMof4,Reading
JEO8BS5o,Gardening
JEO8BS5o,Cooking
imIWSE9J,Painting
imIWSE9J,Cooking
LyQLYVdb,Hiking
wwzYGuvI,Reading
JdxD9c6y,Cooking
JdxD9c6y,Gardening
JdxD9c6y,Painting
TOIuYNv2,Cycling
bgXXRZKb,Cycling
Duu5QkLz,Reading
Duu5QkLz,Cooking
Duu5QkLz,Hiking
BERQckAW,Gardening
BERQckAW,Cooking
QzcZuirA,Cycling
QzcZuirA,Reading
3oy6DqxD,Cooking
3oy6DqxD,Hiking
tA6dmDv5,Gardening
tA6dmDv5,Hiking
tA6dmDv5,Painting
Vff73Olf,Reading
nFyozmjH,Gardening
NzEsZ40W,Cycling
NzEsZ40W,Hiking
NzEsZ40W,Cooking
8tHxHEX5,Cycling
YaGtBQhP,Cycling
YaGtBQhP,Cooking
YaGtBQhP,Hiking
SLnDn9XL,Gardening
SLnDn9XL,Cycling
LINaRQXF,Cooking
mgULsSgE,Gardening
mgULsSgE,Cooking
Rj3QJYNR,Cycling
Rj3QJYNR,Gardening
E4Wsxnvj,Cycling
E4Wsxnvj,Gardening
E4Wsxnvj,Painting
sX7Fm10D,Gardening
sX7Fm10D,Cycling
sX7Fm10D,Cooking
pYk3m5QD,Reading
pYk3m5QD,Cycling
dmxJ6n8V,Cooking
dmxJ6n8V,Hiking
J5ei8p3z,Hiking
gWiITgmO,Hiking
ZR7N0dXz,Cycling
ZR7N0dXz,Hiking
dgC5c7Cb,Cycling
dgC5c7Cb,Painting
dgC5c7Cb,Hiking
FUnLCycq,Reading
dliLsXrW,Painting
dliLsXrW,Gardening
zq9c9Q2X,Hiking
PmAwcxRk,Reading
PmAwcxRk,Gardening
PmAwcxRk,Painting
Xha0OguR,Painting
NFxxPNK7,Painting
trkmvOUw,Cooking
xROzqSGu,Cooking
xROzqSGu,Cycling
UPZH6F2G,Reading
UPZH6F2G,Hiking
UPZH6F2G,Gardening
U7GAESoI,Cycling
9cMGnQS9,Gardening
9cMGnQS9,Cooking
r6SSO4X8,Hiking
r6SSO4X8,Cooking
r6SSO4X8,Reading
6y2k7ppm,Gardening
6y2k7ppm,Cooking
fL5XBxDl,Hiking
fL5XBxDl,Cycling
HwEHvu2T,Gardening
gJstQTyJ,Reading
4d8Goc9Z,Painting
ztw3HBoU,Hiking
ztw3HBoU,Painting
ztw3HBoU,Gardening
orY1xrEZ,Cycling
orY1xrEZ,Painting
DU3xb9XW,Cycling
DU3xb9XW,Gardening
DU3xb9XW,Reading
lNr2aiXq,Painting
nxwXv3MC,Cooking
nxwXv3MC,Reading
nxwXv3MC,Hiking
pWAP4M9o,Cycling
CVQpi1lm,Hiking
CVQpi1lm,Gardening
NCVTVgca,Gardening
NCVTVgca,Cooking
NCVTVgca,Painting
kGnTbWJu,Cycling
kGnTbWJu,Reading
MOf03pD6,Cycling
MOf03pD6,Reading
y8eDb741,Cooking
PDqope74,Cycling
7ARaFykF,Cooking
7ARaFykF,Gardening
evHLpch2,Painting
evHLpch2,Cycling
evHLpch2,Reading
cSdnt1DS,Gardening
cSdnt1DS,Reading
bh99Uqnp,Cooking
bh99Uqnp,Gardening
bh99Uqnp,Cycling
LmH7W7z4,Cooking
yFjeXx0i,Painting
yFjeXx0i,Hiking
yFjeXx0i,Cycling
36oLfCXj,Painting
21MsxaUj,Painting
21MsxaUj,Gardening
kvJyrPG4,Hiking
ydHwAIjT,Reading
voMdm7wM,Hiking
SDW7ZLmM,Painting
pnk6aN25,Gardening
pnk6aN25,Hiking
Hc45afEh,Reading
cmLXBH13,Hiking
yUCJ5Zak,Cycling
ON6QlW4t,Reading
ON6QlW4t,Painting
ON6QlW4t,Cooking
UnkSHo08,Reading
UnkSHo08,Painting
C6zWsD7f,Cooking
C6zWsD7f,Cycling
FK4YTZUM,Hiking
D5ARmc69,Cycling
D5ARmc69,Cooking
VWgvmOLO,Painting
VWgvmOLO,Reading
EzIa5otz,Hiking
EzIa5otz,Cycling
EzIa5otz,Reading
JbyisGP6,Hiking
1EONrW9v,Gardening
B8jx9cKy,Painting
B8jx9cKy,Cooking
Olfvjhnb,Cycling
wyzyaFfu,Cycling
wyzyaFfu,Cooking
i3k6kqFQ,Reading
i3k6kqFQ,Cycling
9PYQnhtT,Painting
9PYQnhtT,Gardening
Ww7RwLfr,Reading
LJCXPndO,Gardening
LJCXPndO,Cycling
HkpK3KEi,Cooking
HkpK3KEi,Cycling
qarYnyMZ,Cooking
qarYnyMZ,Gardening
WHeSUdWf,Hiking
HIZldWwp,Gardening
QEzcUAA2,Hiking
QEzcUAA2,Gardening
a7MSanLv,Cycling
a7MSanLv,Gardening
HjRlbsBY,Reading
HjRlbsBY,Painting
XE8IIvHm,Cooking
XE8IIvHm,Reading
zqXA5OV1,Painting
zqXA5OV1,Cycling
khjvohN3,Cooking
khjvohN3,Hiking
GlUX6fxL,Hiking
SKjEjvBY,Reading
vmq7zNP1,Gardening
EBvQoGan,Hiking
EBvQoGan,Cycling
EBvQoGan,Reading
Lz0lc58u,Painting
eY0OO0jT,Reading
eY0OO0jT,Gardening
SdkB67A4,Painting
SdkB67A4,Cycling
SdkB67A4,Hiking
FMBjHF9U,Hiking
FMBjHF9U,Painting
QkT2SeDz,Gardening
A4Kf0qhH,Painting
A4Kf0qhH,Reading
lj5Ajl4z,Cooking
lj5Ajl4z,Hiking
92JD7q2Z,Painting
OA7lqANt,Hiking
Lud7gu69,Gardening
Lud7gu69,Reading
0jqXLwt8,Gardening
0jqXLwt8,Painting
dVDPd86b,Gardening
dVDPd86b,Cooking
itjn8kEb,Gardening
itjn8kEb,Cooking
kILHPxhJ,Cycling
kILHPxhJ,Reading
kILHPxhJ,Painting
wI2u1y5P,Cooking
wI2u1y5P,Reading
wI2u1y5P,Hiking
SeYvQuxr,Cycling
SeYvQuxr,Reading
SeYvQuxr,Hiking
IwYhHAgP,Cooking
aK6UB3V8,Painting
MLvuBaem,Gardening
uNsdQzAJ,Cycling
WQHcetXp,Gardening
WQHcetXp,Reading
WQHcetXp,Cycling
rH3bMxCR,Cooking
8dh0QtpA,Hiking
Zni4rZdM,Cooking
U3Vapojk,Painting
U3Vapojk,Gardening
U3Vapojk,Cycling
uSx1NVwX,Cycling
uSx1NVwX,Reading
uSx1NVwX,Cooking
MUUTovEa,Cycling
MUUTovEa,Hiking
MUUTovEa,Painting
y5q7mpSe,Hiking
y5q7mpSe,Painting
y5q7mpSe,Cooking
tzBEcjgM,Gardening
f3HX988v,Cycling
f3HX988v,Painting
f3HX988v,Reading
c2RcqwBj,Gardening
c2RcqwBj,Hiking
c2RcqwBj,Cooking
tNw5ZZ4l,Hiking
tNw5ZZ4l,Gardening
W4iOA9tf,Hiking
2dCRjgXc,Cooking
2dCRjgXc,Painting
2dCRjgXc,Cycling
6VxvA9ao,Painting
STcZDZwY,Hiking
STcZDZwY,Cooking
7lFecP8O,Hiking
uFwBq61m,Cycling
uFwBq61m,Painting
uFwBq61m,Gardening
K2h2MeAC,Painting
K2h2MeAC,Cooking
Z1IQPKk7,Hiking
Z1IQPKk7,Reading
CKKzqI6a,Hiking
pC4LpXGg,Painting
pmw7h4ll,Cooking
pmw7h4ll,Reading
pmw7h4ll,Hiking
coxLzu9Y,Gardening
CbovcWVo,Cooking
CbovcWVo,Painting
KCk94fqg,Hiking
KCk94fqg,Reading
KCk94fqg,Gardening
sWqXFNpH,Gardening
sWqXFNpH,Cycling
sWqXFNpH,Hiking
nkFh02gH,Painting
nkFh02gH,Gardening
nkFh02gH,Cooking
e9f4RPYf,Hiking
1JrwoE5I,Painting
1JrwoE5I,Reading
1JrwoE5I,Gardening
taYD5DnN,Painting
nV9lr8RJ,Reading
PpqeUNK8,Cooking
PpqeUNK8,Cycling
hyaZFM1N,Painting
hyaZFM1N,Hiking
8c5d3aXX,Cooking
U4ojE2aH,Reading
MLtS2oD4,Hiking
MLtS2oD4,Painting
MLtS2oD4,Cooking
DB8aBamv,Hiking
DB8aBamv,Cycling
IKgQwAnw,Painting
3c6qhWMf,Cooking
3c6qhWMf,Reading
elWC92Lk,Reading
elWC92Lk,Cycling
cQMKWd9U,Painting
xMFOPOri,Cycling
xMFOPOri,Painting
rlOw1qMw,Cycling
rlOw1qMw,Painting
uNUCQp97,Cycling
N1yJahYI,Reading
N1yJahYI,Gardening
N1yJahYI,Cycling
GQUTlOmm,Painting
GQUTlOmm,Cooking
GQUTlOmm,Gardening
oynF3NtP,Painting
oynF3NtP,Gardening
oynF3NtP,Cycling
7wyXyZPO,Gardening
TLl3gMew,Painting
TLl3gMew,Gardening
TLl3gMew,Hiking
hmDQYmZN,Painting
KihCSjZe,Reading
2GXLGjwD,Cycling
2GXLGjwD,Gardening
2GXLGjwD,Reading
s0rSPvDI,Cooking
s0rSPvDI,Painting
y2X8P458,Painting
y2X8P458,Cycling
y2X8P458,Reading
Vn3aGNg4,Cycling
Vn3aGNg4,Reading
SYPOGoat,Cooking
SYPOGoat,Cycling
SYPOGoat,Painting
YeUrEIvP,Hiking
eNg83Nzq,Gardening
qvLdq3FM,Cooking
qvLdq3FM,Gardening
VrrfZZn5,Painting
qWrNTquf,Gardening
qWrNTquf,Reading
QL06W79x,Painting
QL06W79x,Reading
QL06W79x,Cycling
jYvnIbeN,Reading
jYvnIbeN,Hiking
jYvnIbeN,Gardening
rzzTQuLS,Cooking
rzzTQuLS,Reading
rzzTQuLS,Cycling
MuGQGaBw,Cooking
MuGQGaBw,Gardening
8i4gC0tS,Reading
3EVyoeO8,Cycling
3EVyoeO8,Hiking
xb6JNMCZ,Cooking
xb6JNMCZ,Painting
l2DpZDcb,Gardening
l2DpZDcb,Cooking
l2DpZDcb,Hiking
vVe5NVdp,Painting
4iF7JLAJ,Hiking
4iF7JLAJ,Cycling
lqFZonsO,Painting
lqFZonsO,Gardening
yVix86Ig,Gardening
2ID2BCZd,Reading
t8C4Q72Z,Gardening
t8C4Q72Z,Hiking
t8C4Q72Z,Reading
S8tJ9xe5,Cycling
iliwuJ7I,Gardening
iliwuJ7I,Hiking
iliwuJ7I,Cycling
Ds7CggI9,Gardening
Ds7CggI9,Hiking
wZ2yNOtR,Hiking
wZ2yNOtR,Gardening
rq6khXXe,Cooking
BWlkp9eB,Cooking
SFIR7yTM,Cycling
SFIR7yTM,Cooking
SFIR7yTM,Hiking
tXWWPu1M,Gardening
tXWWPu1M,Hiking
tXWWPu1M,Cycling
G3Jx65M9,Reading
pRQhfSSG,Cycling
pRQhfSSG,Hiking
pRQhfSSG,Reading
5VEIlQBh,Cycling
iryHgQuT,Painting
hlkbb3iA,Cooking
hlkbb3iA,Gardening
dBzmSUu9,Reading
dBzmSUu9,Painting
940QRul9,Reading
NpJZ3QEu,Reading
NpJZ3QEu,Hiking
NpJZ3QEu,Painting
X6lekpEA,Painting
X6lekpEA,Gardening
xVGMrJWF,Cooking
HW45u3S4,Gardening
Pm3DuUz7,Hiking
Pm3DuUz7,Gardening
Pm3DuUz7,Reading
tOPyzm4z,Reading
4XB2o8qH,Hiking
4XB2o8qH,Cooking
cMUWIDkO,Gardening
cMUWIDkO,Reading
cMUWIDkO,Painting
NArc0Pd5,Cycling
NArc0Pd5,Gardening
7t4WclnO,Gardening
7t4WclnO,Cooking
bYuxp6I6,Cooking
bYuxp6I6,Gardening
bYuxp6I6,Painting
Fg7Bxqz8,Reading
Fg7Bxqz8,Cooking
Fg7Bxqz8,Cycling
7F68EAnq,Painting
0iXtliRI,Gardening
0iXtliRI,Cooking
0iXtliRI,Reading
EqxRJnBX,Cooking
EqxRJnBX,Gardening
EqxRJnBX,Cycling
GLgmqYgj,Cooking
GLgmqYgj,Hiking
iM7Dfppb,Gardening
iM7Dfppb,Hiking
iM7Dfppb,Cycling
RyLaYgWY,Hiking
idRoG63g,Hiking
idRoG63g,Cycling
idRoG63g,Cooking
0ICkWRWX,Reading
0ICkWRWX,Hiking
buZtt3Ny,Cooking
buZtt3Ny,Cycling
buZtt3Ny,Hiking
5vqWT5k0,Gardening
3WzK3cXa,Cooking
3WzK3cXa,Reading
XQTzJPTd,Painting
XQTzJPTd,Cycling
oGN4KbIE,Painting
oGN4KbIE,Gardening
oGN4KbIE,Cycling
uGEl8Vto,Gardening
NvUw9pCK,Painting
vK9KT5TV,Hiking
vK9KT5TV,Reading
YE9S51wo,Reading
3aucTe0w,Gardening
3aucTe0w,Reading
3aucTe0w,Cycling
BnJEecfR,Gardening
BnJEecfR,Hiking
3aPgPuR6,Reading
bBPkkDQY,Cycling
MylsPPwI,Cooking
MylsPPwI,Cycling
MylsPPwI,Gardening
o3HAfKmJ,Hiking
xk7BaYoT,Reading
xk7BaYoT,Hiking
xk7BaYoT,Cycling
VQ31WrWG,Reading
VQ31WrWG,Cycling
JuuVuuGs,Gardening
JuuVuuGs,Hiking
FSewtOIC,Hiking
TAE58wMb,Hiking
7diNviRK,Gardening
7diNviRK,Cycling
jTX10Wps,Reading
EuQmV1tF,Hiking
EuQmV1tF,Cycling
EuQmV1tF,Reading
azYEzOdi,Cycling
azYEzOdi,Cooking
5W2AqKMz,Painting
5W2AqKMz,Gardening
SJstMAvW,Gardening
SJstMAvW,Cycling
atwgtXcK,Gardening
atwgtXcK,Reading
BMRxLw6O,Painting
BMRxLw6O,Reading
BMRxLw6O,Cooking
jJgnKXz0,Cooking
jJgnKXz0,Painting
jJgnKXz0,Hiking
tHj9FfhA,Cycling
tHj9FfhA,Gardening
tHj9FfhA,Reading
XNeaBeof,Cooking
XNeaBeof,Painting
XNeaBeof,Cycling
e64QZpGp,Gardening
e64QZpGp,Reading
e64QZpGp,Cycling
VlNFjtSo,Reading
VlNFjtSo,Painting
VlNFjtSo,Cooking
uSuRNNQF,Painting
uSuRNNQF,Reading
MBXotAFZ,Reading
edUCkjWD,Cooking
edUCkjWD,Painting
edUCkjWD,Cycling
CA6soWxu,Cycling
CA6soWxu,Painting
7sPr2fmy,Reading
T3pmXMFQ,Cycling
T3pmXMFQ,Cooking
yXCEiiC9,Cooking
yXCEiiC9,Cycling
FaUL5bSL,Cycling
iDgGVOaT,Hiking
M0tYvmRG,Hiking
M0tYvmRG,Painting
M0tYvmRG,Reading
s453QROT,Gardening
s453QROT,Hiking
KQ0Sr64V,Cooking
KQ0Sr64V,Gardening
KQ0Sr64V,Painting
I9IPWvPb,Gardening
I9IPWvPb,Hiking
WnsupOYc,Cycling
WnsupOYc,Hiking
RIAieZ2O,Cycling
RIAieZ2O,Cooking
RIAieZ2O,Reading
8XcHEvPi,Cooking
8XcHEvPi,Painting
8XcHEvPi,Cycling
OCBmApAW,Painting
OCBmApAW,Hiking
jn3b8r4N,Painting
qHovHtKq,Gardening
qHovHtKq,Reading
qHovHtKq,Cooking
JlWsE4wt,Cooking
JlWsE4wt,Gardening
JlWsE4wt,Hiking
Zc0VmaNB,Hiking
Hk6A5zSc,Painting
Hk6A5zSc,Cycling
CRdkZCrC,Painting
CRdkZCrC,Cooking
CRdkZCrC,Hiking
MNdnvZhd,Hiking
MNdnvZhd,Painting
MNdnvZhd,Cycling
mmtnAmdD,Hiking
04VfyKxx,Gardening
PqEWfb81,Cooking
PqEWfb81,Cycling
PqEWfb81,Painting
vPaxi6rP,Cycling
SQrEizZ1,Cooking
ecW6NTxh,Reading
ecW6NTxh,Gardening
8eNO8JCY,Painting
jTSTJcOJ,Cycling
jTSTJcOJ,Painting
M0BCEPZM,Cycling
M0BCEPZM,Hiking
h2hFePjA,Painting
h2hFePjA,Cooking
h2hFePjA,Cycling
lH4Qoiie,Cooking
lH4Qoiie,Cycling
lH4Qoiie,Painting
ItZxJ1sl,Cooking
ItZxJ1sl,Hiking
GxG7CFMs,Gardening
JzuS6Pw4,Cycling
JzuS6Pw4,Reading
JzuS6Pw4,Painting
GuYJAnXN,Painting
GuYJAnXN,Cooking
ToZSxwcP,Hiking
ToZSxwcP,Gardening
rKy1Tnhr,Cooking
rKy1Tnhr,Cycling
l4UyzJeP,Painting
1sDnRHRR,Cooking
1sDnRHRR,Painting
hRFAomAM,Hiking
hRFAomAM,Reading
VuHGconB,Hiking
VuHGconB,Painting
JGRgg6hX,Gardening
u2OqGsEX,Painting
u2OqGsEX,Cooking
4lVybIuC,Cooking
4lVybIuC,Cycling
4lVybIuC,Painting
IyeHQf3V,Painting
IyeHQf3V,Hiking
5oiLkUvY,Cycling
6ZqXyENM,Reading
6ZqXyENM,Gardening
6ZqXyENM,Painting
7VPPB3sX,Gardening
7VPPB3sX,Cooking
JQxpVU2W,Hiking
jvfYu1rr,Gardening
qGeDQ4m0,Cycling
dAfLY9uB,Gardening
dAfLY9uB,Painting
5evWmZXF,Painting
5evWmZXF,Cycling
JwjasbGq,Cooking
JwjasbGq,Cycling
JwjasbGq,Reading
kPC1Rrbh,Reading
kPC1Rrbh,Cooking
BWFMGPU9,Painting
BWFMGPU9,Reading
8xCxHNmt,Gardening
8xCxHNmt,Reading
8xCxHNmt,Hiking
S5Cl5qCA,Gardening
S5Cl5qCA,Cooking
S5Cl5qCA,Hiking
hcdjLtCL,Cycling
hcdjLtCL,Hiking
hcdjLtCL,Painting
dkFnYuVg,Cooking
dkFnYuVg,Cycling
WZoynd93,Gardening
aeddjsew,Reading
aeddjsew,Cooking
aeddjsew,Gardening
byLefoae,Cooking
byLefoae,Cycling
byLefoae,Gardening
ZXjjnQfz,Cooking
ZXjjnQfz,Hiking
rl83CObX,Gardening
rl83CObX,Painting
NAGggSov,Painting
bnNNmSbt,Hiking
z6wJSJvK,Reading
z6wJSJvK,Hiking
z6wJSJvK,Cooking
l1oUD61q,Cycling
PueZhec3,Painting
PueZhec3,Gardening
PueZhec3,Hiking
ptTGP8WF,Cycling
ptTGP8WF,Painting
ptTGP8WF,Cooking
xRbQbqL7,Cycling
5p9jwsXS,Reading
UX9Fs6zc,Painting
UX9Fs6zc,Cooking
UX9Fs6zc,Reading
I3ZWpRXh,Cycling
I3ZWpRXh,Cooking
I3ZWpRXh,Painting
Tj46KAkT,Reading
Tj46KAkT,Gardening
x2KimZMn,Gardening
Dl0OwYKQ,Cycling
wMkkW8NU,Painting
wMkkW8NU,Cooking
wMkkW8NU,Reading
nGkHQzfx,Gardening
nGkHQzfx,Reading
2bG8G3FY,Painting
2bG8G3FY,Reading
2bG8G3FY,Hiking
pAoaZSGk,Cooking
u9sigaIb,Cooking
u9sigaIb,Reading
BBTCJjgS,Painting
BBTCJjgS,Cooking
BBTCJjgS,Hiking
HPSzp5Ne,Cycling
HPSzp5Ne,Cooking
kIP8tVBc,Cooking
EpJkxJHe,Hiking
o0UeGVXj,Cycling
o0UeGVXj,Gardening
o0UeGVXj,Hiking
xQcPdOcT,Hiking
e1VqXAKy,Cooking
lHVFWOIb,Cooking
yPoypenn,Gardening
K7fQ9Gvj,Painting
K7fQ9Gvj,Gardening
K7fQ9Gvj,Cooking
9UrJLDXm,Gardening
9UrJLDXm,Reading
BBTpijXv,Hiking
Hp5ui9Dn,Hiking
DrPOBUaT,Gardening
DrPOBUaT,Reading
DrPOBUaT,Cooking
HA1Vru1F,Hiking
HA1Vru1F,Reading
HA1Vru1F,Cooking
or3FSJ4x,Gardening
dMzDBR5u,Hiking
whiqP1oY,Reading
whiqP1oY,Gardening
whiqP1oY,Cooking
1tn6sxsN,Gardening
XU4r5M6q,Hiking
XU4r5M6q,Reading
BOn2OhUX,Cycling
inxKWSAn,Reading
inxKWSAn,Hiking
DzeCln4e,Cooking
qww2RZ6G,Painting
BwU8nTJ6,Painting
BwU8nTJ6,Hiking
N77Mc6B7,Cycling
N77Mc6B7,Cooking
nw4E8Iyp,Cycling
nw4E8Iyp,Painting
UYHQQ439,Painting
UYHQQ439,Cooking
VhHVFrZm,Gardening
VhHVFrZm,Cycling
bZ8RcURL,Painting
bZ8RcURL,Gardening
zwNtuIrL,Cooking
uwIyWPeF,Reading
uwIyWPeF,Painting
VEDzTOzy,Gardening
VEDzTOzy,Hiking
VEDzTOzy,Painting
9Bn2PaGI,Cycling
9Bn2PaGI,Cooking
tuBd1gZX,Painting
tuBd1gZX,Reading
QYUNqWhW,Reading
odnw2PEZ,Hiking
odnw2PEZ,Painting
odnw2PEZ,Gardening
PEUGz1sC,Cycling
PEUGz1sC,Hiking
JlXsOBTW,Cooking
iRReyuVK,Gardening
iRReyuVK,Cooking
iRReyuVK,Hiking
dgmEo41Q,Painting
CCFNrAaM,Painting
CCFNrAaM,Cycling
yse5oACz,Gardening
yse5oACz,Cooking
yse5oACz,Cycling
9io5thbA,Gardening
9io5thbA,Cooking
9io5thbA,Painting
791XTlTm,Gardening
791XTlTm,Cooking
hYy2BDP3,Gardening
7iYxPop7,Hiking
lk1juvM2,Gardening
BiyMWOiY,Hiking
RJdeuQ9D,Gardening
RJdeuQ9D,Reading
RJdeuQ9D,Cycling
kly69E3g,Cooking
kly69E3g,Cycling
kly69E3g,Gardening
hd9fLsYJ,Gardening
hd9fLsYJ,Reading
hd9fLsYJ,Painting
dRbzRKhJ,Gardening
dRbzRKhJ,Reading
dRbzRKhJ,Cycling
1uBdHT6i,Gardening
Ke8IFby4,Cycling
UKZ1qjin,Cooking
UKZ1qjin,Painting
UKZ1qjin,Cycling
fsfE4bKI,Cycling
fsfE4bKI,Gardening
WfXe7wOF,Hiking
6sgen0Xu,Cycling
6sgen0Xu,Reading
6sgen0Xu,Gardening
zFvx0QCD,Hiking
j8kYWwZP,Gardening
j8kYWwZP,Cooking
t4DDu0hB,Painting
pcaBQC5S,Painting
pcaBQC5S,Cycling
OfpS6zlh,Reading
MiwItXpM,Gardening
irSQ1Ghh,Cooking
4fgIzJuL,Cooking
4fgIzJuL,Gardening
4fgIzJuL,Hiking
6IitFR55,Gardening
6IitFR55,Painting
XOo9pRZN,Gardening
xQphOfO7,Reading
xQphOfO7,Painting
xQphOfO7,Cooking
X3VSIuj9,Cooking
X3VSIuj9,Hiking
wh1coNA2,Cycling
wh1coNA2,Gardening
wh1coNA2,Cooking
6kfj9iJr,Hiking
6kfj9iJr,Painting
vkT2SX2e,Gardening
vkT2SX2e,Hiking
xt52Igv1,Reading
mgRmHfOe,Reading
mgRmHfOe,Cooking
O5FIp8Cc,Gardening
O5FIp8Cc,Cycling
O5FIp8Cc,Painting
2s8JqUd7,Reading
2s8JqUd7,Cycling
nZ2Xu2yp,Reading
nZ2Xu2yp,Cooking
nZ2Xu2yp,Painting
QbEzdStF,Hiking
L57884qq,Cycling
L57884qq,Painting
L57884qq,Cooking
rl734bMe,Cooking
rl734bMe,Painting
rl734bMe,Reading
JeOTSUwx,Hiking
z22mP5fc,Reading
z22mP5fc,Painting
z22mP5fc,Cooking
3Tj2bG3D,Cycling
XSrnT8ew,Cycling
XSrnT8ew,Reading
XSrnT8ew,Gardening
WnZHH3Wf,Cooking
ejoTX9s5,Painting
ejoTX9s5,Reading
XpIR9xTe,Hiking
XpIR9xTe,Gardening
XpIR9xTe,Painting
c87lfgNy,Reading
c87lfgNy,Cycling
7QOZbBO5,Reading
7QOZbBO5,Cycling
leHnNuzb,Gardening
leHnNuzb,Cooking
leHnNuzb,Painting
KLWx7ATs,Cooking
KLWx7ATs,Cycling
KLWx7ATs,Gardening
7lbMtY1R,Gardening
7lbMtY1R,Cycling
xJ7hUW7P,Painting
xJ7hUW7P,Cycling
92f7O9pv,Hiking
92f7O9pv,Painting
92f7O9pv,Cycling
nOwkh1bR,Reading
nOwkh1bR,Cooking
nOwkh1bR,Gardening
L90vO98S,Cycling
dZ56azkb,Hiking
dZ56azkb,Painting
dZ56azkb,Cooking
zbCwUovC,Gardening
zbCwUovC,Cycling
zbCwUovC,Reading
g3QBlt6Q,Hiking
g3QBlt6Q,Cooking
J1R0Vg9T,Hiking
A6CHfxwk,Hiking
A6CHfxwk,Cycling
A6CHfxwk,Cooking
Bx6QiR0q,Cooking
Bx6QiR0q,Hiking
GWV5jFFm,Gardening
sQoR61Eg,Cycling
sQoR61Eg,Gardening
sQoR61Eg,Painting
BKPVnDYc,Reading
BKPVnDYc,Painting
geTahT1p,Reading
geTahT1p,Gardening
NhtjSDFY,Cooking
NhtjSDFY,Gardening
NhtjSDFY,Hiking
24Y6xPSO,Reading
24Y6xPSO,Hiking
24Y6xPSO,Cooking
LFVQ9sRF,Hiking
LFVQ9sRF,Painting
LFVQ9sRF,Cooking
MTVdXowd,Gardening
MTVdXowd,Cycling
l3rBKIGX,Painting
kckcowv9,Reading
kckcowv9,Hiking
kckcowv9,Gardening
Vp0sbGdL,Reading
Vp0sbGdL,Painting
Vp0sbGdL,Gardening
V2YlKRB0,Cooking
V2YlKRB0,Painting
V2YlKRB0,Hiking
QOnkBRAv,Painting
QOnkBRAv,Cycling
TxuANwOh,Hiking
r6Q3PU0B,Cooking
r6Q3PU0B,Cycling
r0U8nkDI,Painting
e1FB7Uhb,Reading
e1FB7Uhb,Cooking
e1FB7Uhb,Hiking
2RP1ziWL,Hiking
2RP1ziWL,Cycling
2RP1ziWL,Reading
1O6DLjaX,Hiking
1O6DLjaX,Painting
yYTaCX2l,Cycling
yYTaCX2l,Painting
QeZJCXWS,Gardening
QeZJCXWS,Painting
X5kliaYr,Painting
taHbXD6Y,Painting
taHbXD6Y,Cycling
taHbXD6Y,Reading
QSTmt4sX,Cooking
QSTmt4sX,Cycling
pxy5q2Eb,Hiking
pxy5q2Eb,Reading
pxy5q2Eb,Cooking
Eks0QDSQ,Hiking
Jd7u9LZd,Gardening
Jd7u9LZd,Reading
vaNJisGV,Hiking
vaNJisGV,Cycling
vaNJisGV,Gardening
KqEG0gCe,Reading
KqEG0gCe,Cooking
AfxwaayN,Hiking
SVKxuapK,Cycling
GU4FTsbW,Hiking
GU4FTsbW,Gardening
YV5ry5eH,Gardening
YV5ry5eH,Cooking
VUUTkM3O,Hiking
5JYVqhpa,Reading
OEMQ7ARl,Cooking
OEMQ7ARl,Hiking
RwG5Hq0z,Reading
BdBefb9z,Reading
lTYv0L6R,Painting
lTYv0L6R,Cooking
cmjilFp3,Reading
cmjilFp3,Cycling
cTc1YOr4,Hiking
cTc1YOr4,Cycling
cTc1YOr4,Painting
5Hpc2w4x,Gardening
5Hpc2w4x,Cycling
5Hpc2w4x,Hiking
p3nPSWjE,Gardening
p3nPSWjE,Cycling
p3nPSWjE,Reading
2mCt1KjD,Gardening
2mCt1KjD,Hiking
ZJEA3kED,Hiking
T0S2zUd0,Cycling
T0S2zUd0,Hiking
nW3HevhR,Cycling
nW3HevhR,Cooking
ubboEgxD,Gardening
ubboEgxD,Reading
ubboEgxD,Painting
v1rXfR7v,Reading
OnyU5EjM,Painting
OnyU5EjM,Cycling
FtOBnobl,Hiking
FtOBnobl,Cooking
9O72rQid,Cycling
9O72rQid,Painting
uz3eLy4y,Painting
uz3eLy4y,Hiking
qR5kWMAC,Cycling
qR5kWMAC,Cooking
qR5kWMAC,Hiking
2NFUKXwh,Reading
7KzGCoFk,Reading
VMW971N3,Painting
VMW971N3,Hiking
2xPGk3az,Painting
2xPGk3az,Reading
0rnkHh9i,Hiking
0rnkHh9i,Cooking
0rnkHh9i,Cycling
pgq3Dnn8,Gardening
pgq3Dnn8,Painting
pgq3Dnn8,Hiking
RjzgPgtE,Cycling
RjzgPgtE,Cooking
QG48v1fm,Reading
H1k5mVwh,Cooking
1MSbMQPS,Cycling
1MSbMQPS,Reading
iepNndgf,Cooking
DeYV09g6,Gardening
DeYV09g6,Hiking
uqae8kVK,Hiking
oJYO5dn2,Gardening
lYOZYi2E,Hiking
8V2GH2Fe,Cycling
8V2GH2Fe,Gardening
8V2GH2Fe,Reading
pQS00t65,Cycling
pQS00t65,Painting
deFhJTj7,Reading
j5Zo2kiJ,Reading
j5Zo2kiJ,Painting
eZpl0Lr9,Painting
eZpl0Lr9,Reading
eZpl0Lr9,Cooking
najrFyl4,Painting
w3m6Kezv,Painting
w3m6Kezv,Cooking
w3m6Kezv,Hiking
wxRZS5rl,Gardening
dftbmrae,Cooking
dftbmrae,Gardening
dftbmrae,Hiking
AReJkMBc,Cooking
AReJkMBc,Reading
e4lehJDU,Cooking
e4lehJDU,Hiking
e4lehJDU,Gardening
A9HGAxrX,Cycling
A9HGAxrX,Cooking
A9HGAxrX,Gardening
Z0gTXd9j,Painting
Z0gTXd9j,Gardening
1QOHD9lX,Hiking
1QOHD9lX,Gardening
zxZyHWeS,Reading
zxZyHWeS,Cycling
zxZyHWeS,Painting
xzBI6YrQ,Cooking
xzBI6YrQ,Cycling
xzBI6YrQ,Hiking
yf2ZwDvH,Cycling
FJWrWBpf,Cycling
FJWrWBpf,Hiking
FJWrWBpf,Cooking
vxtyLj8X,Gardening
vxtyLj8X,Reading
pfiWVQHz,Cooking
pfiWVQHz,Gardening
pfiWVQHz,Cycling
12sS4Hjk,Gardening
12sS4Hjk,Hiking
12sS4Hjk,Reading
eOMFCSuV,Hiking
eOMFCSuV,Painting
eOMFCSuV,Gardening
DsoRU7RL,Hiking
DsoRU7RL,Painting
ch2yRX9p,Cooking
ch2yRX9p,Gardening
ch2yRX9p,Painting
RaJxNVXw,Cycling
VjGSfeIW,Hiking
1dy2syDf,Gardening
1dy2syDf,Reading
zNQqUgC6,Cycling
zNQqUgC6,Gardening
dgEk1n7c,Cycling
FkAsREDd,Reading
FkAsREDd,Painting
SzsSzAwd,Gardening
SzsSzAwd,Cycling
SzsSzAwd,Reading
ApY2s4tC,Hiking
ApY2s4tC,Gardening
FnDxLNvG,Gardening
tJzO3L11,Hiking
tJzO3L11,Gardening
tJzO3L11,Reading
1fMkxWyK,Painting
1fMkxWyK,Gardening
1fMkxWyK,Cycling
zqgGMu9O,Cooking
zqgGMu9O,Painting
5ajrp5Ig,Painting
5ajrp5Ig,Gardening
5bh2EFQj,Gardening
qlf44G4b,Cooking
qlf44G4b,Gardening
pHxR0kk6,Reading
0o9WwnVF,Cycling
0o9WwnVF,Hiking
0o9WwnVF,Gardening
THJoWCnx,Painting
THJoWCnx,Cooking
ZCxCXbg5,Reading
ZCxCXbg5,Cycling
ZCxCXbg5,Painting
TIz4Npn0,Gardening
TIz4Npn0,Reading
Gz8X3Y8b,Cycling
Gz8X3Y8b,Cooking
0E46avKB,Gardening
71gzzcl7,Cycling
71gzzcl7,Cooking
71gzzcl7,Reading
KzbMErMo,Hiking
YQnGNtW5,Reading
YQnGNtW5,Cooking
HyWHVrjM,Cooking
HyWHVrjM,Reading
CX6YmBsN,Hiking
CX6YmBsN,Reading
CX6YmBsN,Cooking
rgb9wwPT,Reading
6dAOKisE,Hiking
1kiirVvx,Hiking
1kiirVvx,Reading
1kiirVvx,Gardening
MYactz1D,Hiking
MYactz1D,Cooking
uV86Ujsp,Reading
uV86Ujsp,Cooking
uV86Ujsp,Hiking
HgL9pd9M,Hiking
u8WMmK4k,Cycling
lwBzlkCt,Gardening
lwBzlkCt,Cycling
lwBzlkCt,Reading
5QKvKZKP,Gardening
GSSIEtP3,Cycling
GSSIEtP3,Hiking
GSSIEtP3,Cooking
ScYeaAXi,Gardening
ScYeaAXi,Reading
UD0mbYjI,Cooking
i5ShvOwk,Hiking
noDiwTyq,Cooking
noDiwTyq,Hiking
noDiwTyq,Reading
Tkf5MIw3,Gardening
Tkf5MIw3,Hiking
Tkf5MIw3,Cycling
fagvKa5g,Reading
fagvKa5g,Hiking
MM1Yrl5n,Hiking
MM1Yrl5n,Cycling
wfU0Fuyz,Hiking
wfU0Fuyz,Reading
wfU0Fuyz,Cooking
z5THhcu6,Painting
7VhUE00U,Cycling
DzguiLpU,Painting
h8lArtSN,Cooking
h8lArtSN,Hiking
h8lArtSN,Gardening
nl157VYN,Painting
0MVz7oeN,Cycling
0MVz7oeN,Cooking
0MVz7oeN,Gardening
aWVUPgYF,Gardening
aWVUPgYF,Hiking
aWVUPgYF,Painting
k9ylTsWA,Cooking
k9ylTsWA,Reading
DQeFPTyB,Cooking
DQeFPTyB,Gardening
DQeFPTyB,Cycling
HQKPPchl,Painting
UUKmaLwb,Painting
UUKmaLwb,Cycling
UUKmaLwb,Hiking
894Z6Jkp,Reading
894Z6Jkp,Gardening
9cbyb3rq,Hiking
9cbyb3rq,Reading
9cbyb3rq,Cycling
1c8OER9n,Cooking
1c8OER9n,Hiking
H08NGyE3,Painting
h23pWr1L,Reading
h23pWr1L,Cycling
h23pWr1L,Cooking
4lZVvmhP,Gardening
4lZVvmhP,Hiking
0kI8ccjf,Cycling
chCCLJFu,Reading
chCCLJFu,Cycling
8lEedfJs,Cycling
49l5H8ni,Reading
49l5H8ni,Cooking
49l5H8ni,Painting
TVPF1mbG,Gardening
IdpjLLl8,Reading
IdpjLLl8,Cycling
IdpjLLl8,Hiking
G2mVRR7N,Hiking
G2mVRR7N,Painting
U57b6GiY,Reading
U57b6GiY,Painting
U57b6GiY,Cycling
ak8635ak,Cooking
ak8635ak,Gardening
ak8635ak,Hiking
NJEKok4U,Cooking
g3wsLcA9,Cooking
RynjglE6,Painting
KoLxYIe5,Cooking
GYgRYKPw,Cooking
5noLYtOs,Cooking
LoTF6pkE,Reading
oRMoDqrY,Painting
oRMoDqrY,Gardening
oRMoDqrY,Cycling
L5JawfVf,Cooking
L5JawfVf,Gardening
L5JawfVf,Cycling
snGA9wCx,Painting
cmmW97f8,Cooking
cmmW97f8,Painting
XXR3K2jm,Cycling
GMyQD4yr,Cycling
FNBEiK8F,Painting
FNBEiK8F,Cooking
FNBEiK8F,Gardening
4KeeE2or,Cycling
4KeeE2or,Painting
4KeeE2or,Hiking
E70C31tD,Painting
52NBUyWG,Gardening
xxfoVbXh,Painting
xxfoVbXh,Gardening
xxfoVbXh,Reading
n4hmNVJw,Cooking
n4hmNVJw,Hiking
JkgTyGGv,Gardening
JkgTyGGv,Hiking
IWZd4anT,Cooking
IWZd4anT,Cycling
IWZd4anT,Reading
iBFSjTor,Hiking
iBFSjTor,Painting
iBFSjTor,Cycling
Xmuq9DkT,Hiking
Qfw3J8vD,Cycling
0k3EuSUF,Cycling
byTJmbdE,Painting
byTJmbdE,Reading
lD4j2oqT,Painting
lD4j2oqT,Hiking
lD4j2oqT,Gardening
ewvYN4ra,Painting
XAUY76i9,Cycling
Pe8WcDKD,Cycling
Pe8WcDKD,Hiking
Pe8WcDKD,Painting
UFSecyES,Cycling
CHv1GZZc,Reading
CHv1GZZc,Hiking
UyxrmcTx,Gardening
UyxrmcTx,Hiking
xSTCZqck,Hiking
xSTCZqck,Reading
xSTCZqck,Cooking
hDL0sX8w,Cycling
hDL0sX8w,Hiking
1PnpP6zz,Painting
1PnpP6zz,Cycling
N1Ou9ePe,Gardening
yPaONlIn,Cooking
yPaONlIn,Hiking
yPaONlIn,Cycling
VdtrhpQ5,Gardening
1eKYLy0z,Gardening
p1Xuo2ne,Hiking
61wqYp04,Gardening
61wqYp04,Reading
y8LwVTlo,Hiking
SlTO2Ur2,Cooking
SlTO2Ur2,Gardening
SlTO2Ur2,Painting
PPeJOdXn,Cooking
PPeJOdXn,Gardening
PPeJOdXn,Reading
tMAkFdFy,Gardening
upYVXfGM,Cooking
upYVXfGM,Gardening
upYVXfGM,Hiking
jVlEReZI,Reading
sjw8SvDO,Gardening
sjw8SvDO,Reading
sjw8SvDO,Cooking
krJOSmZ6,Cycling
krJOSmZ6,Painting
8gJy6lGl,Cooking
8gJy6lGl,Gardening
8gJy6lGl,Hiking
8Qn8H14z,Gardening
8Qn8H14z,Reading
8Qn8H14z,Cooking
XDTLaAZH,Painting
XDTLaAZH,Cycling
XDTLaAZH,Cooking
8r7jnYYg,Cooking
8r7jnYYg,Hiking
8r7jnYYg,Painting
qx0IQH85,Hiking
qx0IQH85,Cooking
qx0IQH85,Gardening
AFy1QrTs,Hiking
9Zyr9TNU,Painting
G481zuZg,Hiking
lGjUhJWs,Reading
vvW3XvGu,Reading
aPfVC9Jk,Hiking
aPfVC9Jk,Cycling
Hw6up2ZT,Painting
Hw6up2ZT,Cooking
Hw6up2ZT,Reading
V3MRGu81,Gardening
V3MRGu81,Reading
V3MRGu81,Painting
Pi5XBDHR,Painting
Pi5XBDHR,Reading
98gqVg2P,Hiking
98gqVg2P,Painting
98gqVg2P,Cycling
ajG2UbS2,Hiking
ajG2UbS2,Cooking
fzT5cnXm,Painting
fzT5cnXm,Cooking
KB2DYQvw,Painting
KB2DYQvw,Reading
KB2DYQvw,Cooking
ohED1aDQ,Cooking
ohED1aDQ,Gardening
ohED1aDQ,Painting
qDCsVdEp,Cooking
qDCsVdEp,Gardening
m30chEfc,Painting
kns3HGjV,Cooking
MWwRULHG,Painting
MWwRULHG,Cycling
MWwRULHG,Gardening
mAplcipU,Cooking
Je5Lgp2n,Cooking
Je5Lgp2n,Cycling
Gh05bRwG,Reading
f6jY2Iex,Hiking
f6jY2Iex,Cooking
GUZ7xVo9,Painting
GUZ7xVo9,Gardening
G80MJvoZ,Painting
Z313XqMW,Reading
GBVnQYUp,Reading
GBVnQYUp,Cycling
6ZR0pn8l,Cooking
ct4yhVUr,Reading
ct4yhVUr,Cooking
QwFh3jwV,Cooking
QwFh3jwV,Gardening
D6aePbm9,Cycling
D6aePbm9,Painting
OQ2qoniv,Painting
PinS98wk,Painting
PinS98wk,Cycling
PinS98wk,Gardening
dmrxYf5d,Cooking
dmrxYf5d,Gardening
dmrxYf5d,Painting
b1XrLarr,Gardening
b1XrLarr,Cycling
b1XrLarr,Painting
RCZvDkKU,Cooking
fGwZ4pN1,Gardening
fGwZ4pN1,Hiking
HWK5LT8V,Cooking
HWK5LT8V,Hiking
0JSr4fWV,Painting
0JSr4fWV,Cycling
9sd2olsu,Painting
9sd2olsu,Cooking
9sd2olsu,Cycling
dv93PATZ,Painting
dv93PATZ,Cycling
dv93PATZ,Reading
PsPlcxfW,Painting
PsPlcxfW,Gardening
OPyYNcZB,Cooking
wddb2kNq,Cycling
wddb2kNq,Cooking
KJKH6umi,Hiking
KJKH6umi,Gardening
KJKH6umi,Reading
Z4vzsV7K,Painting
Z4vzsV7K,Hiking
WS8QlQQR,Gardening
WS8QlQQR,Painting
UK25Qptg,Gardening
SeSbaNrx,Reading
CBVt3JeN,Gardening
CBVt3JeN,Cooking
erIriw5L,Reading
erIriw5L,Cycling
erIriw5L,Painting
LyNuMW7N,Hiking
LyNuMW7N,Reading
SY5eeqef,Cycling
SY5eeqef,Cooking
RA7CiwdA,Hiking
RA7CiwdA,Reading
APimPOJL,Cycling
APimPOJL,Reading
dbRlOART,Hiking
Op5gODTu,Gardening
Op5gODTu,Cooking
CgInozCS,Painting
BiTUH3Lw,Gardening
BiTUH3Lw,Cooking
nbwR309P,Hiking
8sP6lZJh,Cycling
25rLD6ZH,Hiking
25rLD6ZH,Painting
ExK75nM7,Hiking
ExK75nM7,Reading
ExK75nM7,Painting
kWy24wwj,Painting
c3QYkOha,Hiking
ZcrsDABR,Painting
85eIcYS5,Gardening
a6Tjc26x,Gardening
a6Tjc26x,Hiking
a6Tjc26x,Cooking
OT0dnSeb,Gardening
Dm0FLT5j,Hiking
Dm0FLT5j,Cycling
JPQCHjvo,Reading
t0biBilT,Cooking
HKw5pV03,Cooking
HKw5pV03,Cycling
2EYDZlrE,Reading
2EYDZlrE,Gardening
2EYDZlrE,Cycling
DBau4IMN,Cooking
l3otcrj4,Gardening
yqINbgtS,Gardening
vn7jkAN4,Cycling
vn7jkAN4,Gardening
vn7jkAN4,Hiking
DkKgtu3h,Cooking
GgVFLbkz,Gardening
3wSPvNL3,Cycling
FIFGjnbV,Hiking
FIFGjnbV,Reading
FIFGjnbV,Cycling
4WuJZMEE,Painting
4WuJZMEE,Hiking
MMfTDb5W,Painting
MMfTDb5W,Reading
Ppsq6QLm,Reading
Ppsq6QLm,Painting
SGDagHtq,Cooking
SGDagHtq,Cycling
pTR5fWfi,Hiking
pTR5fWfi,Cooking
pTR5fWfi,Cycling
Q1ORGOjo,Reading
Q1ORGOjo,Painting
Q1ORGOjo,Hiking
UQL7pQd0,Cycling
UQL7pQd0,Reading
lZDqrvAN,Gardening
lZDqrvAN,Reading
zt0Dvnaq,Reading
ZkTi0FUZ,Hiking
RMOBCEqg,Gardening
ZNhpXLub,Painting
ZNhpXLub,Cooking
L9ZBhm9m,Painting
L9ZBhm9m,Cycling
UY5BtRNi,Reading
2IdXQAEj,Cooking
2IdXQAEj,Hiking
2IdXQAEj,Reading
1JYgQTuP,Hiking
DK32algO,Cycling
DK32algO,Cooking
DK32algO,Hiking
4ZKPyn8t,Cycling
g6KowFxL,Cooking
s6gCBLwD,Hiking
s6gCBLwD,Cycling
ubarUcNR,Reading
ubarUcNR,Cooking
DbExtaiH,Hiking
DbExtaiH,Painting
3hMnNLIA,Gardening
3hMnNLIA,Cooking
3hMnNLIA,Hiking
4E4KbJVB,Cooking
4E4KbJVB,Painting
4E4KbJVB,Cycling
aSuPCxAA,Cooking
aSuPCxAA,Reading
r2lHx4m4,Hiking
V0B6dshx,Hiking
V0B6dshx,Gardening
6X9upf0A,Gardening
6X9upf0A,Reading
Lv97XRnQ,Reading
JyuOxjdF,Reading
JyuOxjdF,Gardening
JyuOxjdF,Cycling
zfuHUW6r,Painting
zfuHUW6r,Cycling
zfuHUW6r,Reading
D9qgtIC3,Hiking
8XrJIF5a,Hiking
8mRNpo3d,Cycling
M0DwC6Gi,Cycling
Zbd8L7Pt,Hiking
Zbd8L7Pt,Cooking
hlI1IimQ,Hiking
Ay7ux76P,Reading
Ay7ux76P,Cycling
jZJhuDAg,Gardening
Y86BW0go,Reading
Y86BW0go,Painting
zwh3ok5a,Painting
GcfyHFPx,Painting
XC552A1m,Cooking
XC552A1m,Painting
rJpYY9AK,Gardening
yJOw9IGz,Cycling
K115ivPU,Hiking
K115ivPU,Painting
0kB9hGkY,Gardening
1tX1AbMs,Cycling
1tX1AbMs,Gardening
G9v79j3c,Gardening
h5mZxZnm,Cooking
h5mZxZnm,Hiking
h5mZxZnm,Cycling
bq6jzxJ3,Hiking
HB17YVN1,Gardening
HB17YVN1,Reading
jfukpLAs,Gardening
jfukpLAs,Cycling
9Owtm25e,Painting
9Owtm25e,Cooking
Cjs46GOD,Cycling
Cjs46GOD,Reading
Cjs46GOD,Gardening
eBUal8fe,Painting
eBUal8fe,Cycling
eBUal8fe,Gardening
hEYWcpGz,Cycling
hEYWcpGz,Gardening
hEYWcpGz,Cooking
fXXNXPBR,Reading
9kzTT3dr,Painting
9kzTT3dr,Cooking
FrpkFMdL,Reading
X6hSYUw0,Hiking
X6hSYUw0,Reading
X6hSYUw0,Cycling
n9Ps4WD7,Gardening
LtbFCkWA,Cooking
J0TkwXno,Painting
J0TkwXno,Cycling
u2fKKwhd,Painting
XgWHMgZB,Gardening
XgWHMgZB,Cooking
XgWHMgZB,Reading
93A3jQnX,Hiking
93A3jQnX,Gardening
7ymNuRhA,Reading
7ymNuRhA,Painting
mZegkt3G,Gardening
mZegkt3G,Cooking
dG97SYEV,Hiking
5IQxfF2G,Reading
kvp6QpsD,Painting
kvp6QpsD,Gardening
bhpIk7lH,Painting
RFIDRcju,Hiking
B3gYXFgX,Reading
Za9ach9M,Hiking
Za9ach9M,Gardening
oiII5Y04,Reading
3C4d0RN6,Hiking
3C4d0RN6,Gardening
3C4d0RN6,Reading
4sSsFdwW,Painting
4sSsFdwW,Gardening
SFNEw688,Cooking
M8OKZDYb,Reading
M8OKZDYb,Painting
M8OKZDYb,Hiking
aF7zTdWY,Hiking
aF7zTdWY,Gardening
ACSQRnSD,Gardening
ACSQRnSD,Cooking
aQqdwzzC,Cooking
aQqdwzzC,Gardening
PRQsICET,Painting
PRQsICET,Cycling
Zq4ssL71,Cooking
Zq4ssL71,Cycling
Zq4ssL71,Hiking
whCkVFdh,Gardening
whCkVFdh,Cycling
WqjWKgYl,Painting
6pzcoRRA,Gardening
6pzcoRRA,Painting
8oTJTxbq,Cycling
8oTJTxbq,Hiking
8oTJTxbq,Gardening
o0lv1veM,Cooking
WbP9Il5f,Hiking
0STkMlUQ,Gardening
zSwCobvf,Painting
zSwCobvf,Reading
GkK1cJcY,Painting
XDuZrTkz,Reading
XDuZrTkz,Cooking
XDuZrTkz,Gardening
vxs3tR4M,Cycling
vxs3tR4M,Cooking
vxs3tR4M,Painting
pbpzMufP,Painting
pbpzMufP,Cycling
uLmj4V4e,Cooking
uLmj4V4e,Painting
9HbR0DiH,Cooking
9HbR0DiH,Gardening
9HbR0DiH,Cycling
k5bmz7ng,Cooking
k5bmz7ng,Cycling
k5bmz7ng,Reading
ZZlVSaQS,Cooking
ZZlVSaQS,Painting
boN88VCT,Cooking
bYBGkV6h,Hiking
bYBGkV6h,Gardening
CUn9SyCn,Gardening
CUn9SyCn,Hiking
CUn9SyCn,Cycling
3OWpTdWO,Hiking
2pQMoFkH,Gardening
2pQMoFkH,Cooking
NBCu4zz3,Cycling
NBCu4zz3,Hiking
NBCu4zz3,Gardening
9LPfE1g6,Cycling
Hjt1PxJ9,Hiking
Hjt1PxJ9,Reading
f1cLpF9P,Reading
hGxE7euX,Cooking
hGxE7euX,Gardening
hGxE7euX,Hiking
4Kqbjhw6,Hiking
4Kqbjhw6,Cooking
4Kqbjhw6,Gardening
uKPHbsnz,Cooking
uKPHbsnz,Reading
uKPHbsnz,Cycling
3owZEbFN,Painting
3owZEbFN,Cycling
3owZEbFN,Reading
bRXimuEO,Cycling
bRXimuEO,Hiking
xla0s8UZ,Hiking
vjbdirr1,Cycling
vjbdirr1,Cooking
besQlr1Z,Reading
besQlr1Z,Hiking
besQlr1Z,Cycling
018ADMV1,Hiking
5NmhbuZC,Gardening
5NmhbuZC,Cooking
5NmhbuZC,Reading
HJ4Pxdoy,Cooking
wLXkMWvH,Gardening
gRCPRlXa,Cycling
ejR490gQ,Cooking
ejR490gQ,Reading
Q2ktanfl,Cycling
Q2ktanfl,Painting
ZzYqxmCM,Cycling
ZzYqxmCM,Gardening
ZzYqxmCM,Hiking
5t9do2yT,Hiking
3VXRDqjC,Cooking
3VXRDqjC,Cycling
3VXRDqjC,Painting
J19VkLda,Gardening
J19VkLda,Hiking
R23H5MrR,Hiking
R23H5MrR,Cycling
R23H5MrR,Painting
HbvMSM8m,Hiking
HbvMSM8m,Gardening
0NugiTJV,Painting
0NugiTJV,Gardening
0NugiTJV,Cycling
Zbw3jd7X,Reading
Zbw3jd7X,Hiking
0A2EWmL2,Gardening
0A2EWmL2,Cycling
0A2EWmL2,Reading
OXw35By4,Gardening
OXw35By4,Cycling
EE4pVkgT,Hiking
EE4pVkgT,Cycling
EE4pVkgT,Cooking
xHH4gEXM,Painting
xHH4gEXM,Hiking
xHH4gEXM,Cycling
Dnqsptor,Cooking
6bPw3S6H,Cycling
WUVUFaBH,Cooking
WUVUFaBH,Reading
WUVUFaBH,Cycling
KJQARhQA,Cycling
Hr0SqV5l,Cooking
2XLLkMw4,Cycling
2XLLkMw4,Reading
OwVpSAGJ,Gardening
OwVpSAGJ,Cooking
jJna4NGk,Painting
jJna4NGk,Reading
jn8ElEV5,Cycling
jn8ElEV5,Hiking
jn8ElEV5,Cooking
AWz0paEY,Reading
AWz0paEY,Hiking
ZjRPyr3n,Painting
ZjRPyr3n,Hiking
toJktPRT,Hiking
sUAQjipc,Cycling
lRPpmbqq,Cooking
lRPpmbqq,Gardening
sYyMqVcM,Reading
sYyMqVcM,Gardening
mTh8Wp2y,Gardening
mTh8Wp2y,Hiking
r0c9QkP1,Gardening
r0c9QkP1,Painting
r0c9QkP1,Cycling
MyToJ9Od,Reading
MyToJ9Od,Gardening
hPokXA5h,Reading
hPokXA5h,Cycling
OVW9Zcpc,Gardening
OVW9Zcpc,Reading
OVW9Zcpc,Cycling
9IOnHDvr,Cooking
s4dHGZyh,Gardening
s4dHGZyh,Reading
s4dHGZyh,Cycling
UuGhNIsp,Reading
UuGhNIsp,Cycling
UuGhNIsp,Hiking
BxRT0QTp,Cooking
BxRT0QTp,Cycling
1oYfzPdr,Cycling
1oYfzPdr,Hiking
1oYfzPdr,Painting
BOk5saRq,Cooking
BOk5saRq,Reading
BOk5saRq,Painting
3vbCDEBi,Hiking
3vbCDEBi,Painting
G2oiMD0m,Painting
bxlu1vvH,Hiking
bxlu1vvH,Gardening
01WtIsL5,Cooking
01WtIsL5,Reading
DgfBfxHa,Cooking
0AcN67WR,Painting
0AcN67WR,Cooking
psCvkepA,Cooking
psCvkepA,Hiking
APXRqhIE,Cooking
DOsmlRnm,Gardening
DOsmlRnm,Reading
DOsmlRnm,Cycling
lWDM6utW,Reading
lWDM6utW,Cycling
lWDM6utW,Gardening
1gb7Lu5H,Hiking
1gb7Lu5H,Cycling
9pheik0z,Painting
9pheik0z,Reading
9pheik0z,Cycling
Vxtbo4D7,Painting
Vxtbo4D7,Reading
fCjBvkHG,Cycling
fCjBvkHG,Hiking
fCjBvkHG,Painting
1RDDpEVB,Hiking
1RDDpEVB,Gardening
q5VWGucw,Reading
q5VWGucw,Gardening
q5VWGucw,Hiking
pvWl6NrM,Gardening
pvWl6NrM,Cycling
DrLDGw0b,Cooking
DrLDGw0b,Hiking
DrLDGw0b,Reading
FxcYRUBW,Gardening
FxcYRUBW,Hiking
hhSONaPB,Painting
hhSONaPB,Hiking
hhSONaPB,Reading
rOLd5Y23,Cooking
rOLd5Y23,Gardening
rOLd5Y23,Cycling
5W8ZeQMy,Painting
2lPQ8woq,Cooking
2lPQ8woq,Reading
2lPQ8woq,Cycling
PdKCld1B,Gardening
bIr5bVH2,Reading
bIr5bVH2,Gardening
difhZl1A,Reading
difhZl1A,Gardening
7LjpGFSk,Gardening
cr2xut8t,Painting
cr2xut8t,Hiking
pzoyE9og,Hiking
pzoyE9og,Reading
FWENL4QR,Painting
FWENL4QR,Hiking
FWENL4QR,Cooking
c7zn9j4W,Painting
nsK6UGoJ,Cooking
nsK6UGoJ,Gardening
nsK6UGoJ,Reading
mrcF3s4T,Cycling
7V6QLxUU,Gardening
QtyDcBzR,Cooking
QtyDcBzR,Hiking
ZjDeGY8i,Hiking
ZjDeGY8i,Cycling
ZjDeGY8i,Cooking
vzdBim0P,Cycling
vzdBim0P,Cooking
vzdBim0P,Hiking
zUkKHRBj,Cycling
zUkKHRBj,Gardening
fYCOzWno,Hiking
bxagu7Zs,Gardening
bxagu7Zs,Hiking
bxagu7Zs,Painting
A8Xso2vu,Cycling
yyJXqs5R,Hiking
yyJXqs5R,Cooking
yyJXqs5R,Painting
xFlHlnVN,Reading
xFlHlnVN,Gardening
YF7qY7SZ,Hiking
AGoPABmy,Cycling
SdUJgJlZ,Cooking
SdUJgJlZ,Painting
pPpY0zLZ,Cycling
jtR3Q9tp,Reading
jtR3Q9tp,Gardening
MtHvlTaI,Cycling
MtHvlTaI,Gardening
WWxhUg4R,Hiking
WWxhUg4R,Reading
WWxhUg4R,Gardening
xbxVWLzT,Cycling
xbxVWLzT,Cooking
xbxVWLzT,Gardening
eW6WPmOy,Cooking
eW6WPmOy,Gardening
eW6WPmOy,Painting
dMoHhrQv,Gardening
dMoHhrQv,Reading
VaPMJs0W,Cooking
VaPMJs0W,Cycling
VaPMJs0W,Hiking
z7vjr87p,Cooking
z7vjr87p,Painting
xmmBA2i4,Cycling
oXSRUP1o,Hiking
oXSRUP1o,Cooking
oXSRUP1o,Reading
w8CXpHUX,Painting
oQZcLYln,Gardening
oQZcLYln,Cooking
M0sL6XzO,Gardening
M0sL6XzO,Painting
d3VmciQb,Cooking
d3VmciQb,Hiking
7c00DtCP,Gardening
fTq2uxEE,Cycling
uQVXOPfr,Cooking
uQVXOPfr,Reading
uQVXOPfr,Painting
fml4SQg5,Hiking
fml4SQg5,Painting
nMtNckfg,Cycling
2KPL3Uq1,Cooking
2KPL3Uq1,Gardening
0B0KLl1m,Gardening
0B0KLl1m,Painting
WN38VVmZ,Reading
WN38VVmZ,Gardening
wbbP1pRv,Hiking
wbbP1pRv,Gardening
wc8iDyGB,Hiking
wc8iDyGB,Painting
6zsBrayd,Gardening
6zsBrayd,Painting
HRjFL3Vb,Hiking
ptbYiTYw,Reading
75vPvD3U,Cooking
75vPvD3U,Cycling
7NrzMdCT,Cooking
dp0ourzR,Reading
dp0ourzR,Gardening
4I8aldyy,Gardening
4I8aldyy,Cycling
0hlOe5Nv,Hiking
0hlOe5Nv,Cooking
0hlOe5Nv,Cycling
Yo3Mtovx,Gardening
Yo3Mtovx,Cooking
6KRodPMn,Hiking
6KRodPMn,Gardening
6KRodPMn,Reading
oioqVSM8,Painting
oioqVSM8,Cooking
oioqVSM8,Cycling
H3i4JcGN,Hiking
H3i4JcGN,Gardening
H3i4JcGN,Cooking
XGCzuFmC,Painting
XGCzuFmC,Hiking
3r9Zovx9,Gardening
3r9Zovx9,Cooking
CAjqt5u8,Hiking
CAjqt5u8,Painting
LrREvayB,Painting
LrREvayB,Cycling
LrREvayB,Gardening
gXsHuaZe,Hiking
3uncK0TU,Gardening
3uncK0TU,Cooking
21RDawf9,Gardening
21RDawf9,Cycling
21RDawf9,Hiking
FRk6bhbt,Gardening
pNPf6qZj,Painting
pNPf6qZj,Cycling
SPNIdfMN,Painting
kzrR7Ifz,Cycling
kzrR7Ifz,Gardening
kzrR7Ifz,Hiking
SDbSsQOb,Hiking
fOl1BNBD,Cycling
fOl1BNBD,Painting
TLQBe9JJ,Painting
TLQBe9JJ,Hiking
TLQBe9JJ,Cooking
Ll0m71P4,Cooking
Ll0m71P4,Hiking
Ll0m71P4,Reading
7saCDWDV,Cooking
7saCDWDV,Cycling
Dq6bfxg6,Cooking
31H5ZF3I,Cooking
31H5ZF3I,Cycling
31H5ZF3I,Gardening
NNh0czpd,Hiking
NNh0czpd,Reading
NNh0czpd,Cooking
Ahw4fjkL,Hiking
Ahw4fjkL,Cooking
T2eagIPp,Painting
T2eagIPp,Cooking
T2eagIPp,Cycling
NAsCn3KO,Reading
NAsCn3KO,Cooking
NAsCn3KO,Painting
ae6kGfkO,Gardening
ae6kGfkO,Painting
GPovfxZn,Cycling
N8nogIHU,Painting
N8nogIHU,Gardening
N8nogIHU,Reading
JMqhFqH7,Reading
keYYvzhr,Reading
keYYvzhr,Hiking
keYYvzhr,Cooking
cNxLhFUi,Cycling
izcjHHEN,Gardening
MRuXRUsz,Reading
2GbXHJNU,Painting
2GbXHJNU,Gardening
3QVUVvNS,Hiking
ulTvVP5v,Painting
BkWDrZ2J,Painting
iraO4mVO,Hiking
iraO4mVO,Gardening
iraO4mVO,Painting
evVFvpTs,Painting
evVFvpTs,Cycling
ybKWRlAc,Hiking
ybKWRlAc,Reading
ybKWRlAc,Gardening
xohRLhLh,Hiking
xohRLhLh,Cooking
QX6IX9If,Cooking
QX6IX9If,Cycling
QX6IX9If,Hiking
V0MY1jWh,Hiking
EVQkh3Cw,Cooking
EVQkh3Cw,Painting
9iRjMoNy,Cycling
9iRjMoNy,Cooking
9iRjMoNy,Painting
0uU1Sg18,Gardening
l180QPwf,Cooking
l180QPwf,Gardening
l180QPwf,Cycling
1rTM8l74,Gardening
1rTM8l74,Painting
1rTM8l74,Cycling
8phQrVxQ,Cycling
8phQrVxQ,Cooking
wTGqPy6a,Painting
wTGqPy6a,Gardening
wTGqPy6a,Cooking
tvGPMEXx,Hiking
2AJylUKK,Hiking
2AJylUKK,Cooking
2AJylUKK,Reading
6Y4aM6Ag,Gardening
6Y4aM6Ag,Cycling
6Y4aM6Ag,Cooking
DoJboXbe,Cycling
DoJboXbe,Painting
gdesfpPE,Hiking
gdesfpPE,Gardening
06wzcXrg,Hiking
06wzcXrg,Gardening
trTIvj6v,Hiking
trTIvj6v,Gardening
trTIvj6v,Painting
P5bdBNSb,Cycling
gliNnQep,Hiking
gliNnQep,Reading
gliNnQep,Cycling
ZAk5UdcW,Hiking
ZAk5UdcW,Gardening
nabOwyWz,Cooking
nabOwyWz,Reading
b9MmArkX,Cooking
x9kRIwc1,Hiking
x9kRIwc1,Cooking
MmTKfM1r,Cooking
MmTKfM1r,Reading
YSqtaDwu,Painting
YSqtaDwu,Cycling
v8s5XoKp,Gardening
v8s5XoKp,Cooking
v8s5XoKp,Painting
S2RUTm1S,Painting
S2RUTm1S,Reading
5BPFsBbD,Gardening
t03J8PTa,Painting
t03J8PTa,Cycling
t03J8PTa,Cooking
lyIffoOD,Cycling
CDslVq8o,Reading
CDslVq8o,Cycling
CDslVq8o,Gardening
8Cq0pR6G,Cycling
8Cq0pR6G,Reading
y4GJUedQ,Hiking
qp3Hl35L,Reading
qp3Hl35L,Cycling
qp3Hl35L,Hiking
McTRzu4L,Hiking
McTRzu4L,Reading
McTRzu4L,Cooking
vLg0CeG1,Reading
vLg0CeG1,Gardening
Mnu3HvGx,Cooking
Mnu3HvGx,Hiking
YTCB0j0C,Painting
2RMpssXL,Cooking
c8Imtxga,Painting
c8Imtxga,Gardening
c8Imtxga,Cycling
lgDfR0zv,Cooking
lgDfR0zv,Painting
lgDfR0zv,Gardening
CcNLbcry,Gardening
CcNLbcry,Hiking
zooy3bCK,Hiking
zooy3bCK,Gardening
4bEzO1Yj,Cooking
4bEzO1Yj,Painting
qMTc4p0B,Cooking
qMTc4p0B,Reading
qMTc4p0B,Painting
xPnLVVGz,Cooking
xPnLVVGz,Hiking
ygp6Ur0g,Hiking
uJzLTCk2,Painting
uJzLTCk2,Gardening
QuC0ueK0,Cooking
QuC0ueK0,Hiking
u6W6cmch,Cooking
u6W6cmch,Cycling
u6W6cmch,Gardening
Sm1lznWw,Hiking
Sm1lznWw,Cycling
8cvfoFOx,Cooking
8cvfoFOx,Cycling
8cvfoFOx,Gardening
f652jmzP,Hiking
f652jmzP,Cycling
s6KFnIac,Painting
s6KFnIac,Cooking
s6KFnIac,Reading
WgcHVw1O,Cooking
WgcHVw1O,Cycling
rn6On6KV,Gardening
MDQpkIB6,Painting
d0ZFvTHZ,Cooking
d0ZFvTHZ,Reading
d0ZFvTHZ,Gardening
xTCynz5q,Cooking
xTCynz5q,Cycling
xTCynz5q,Painting
vMtRflj4,Hiking
gC8ytA6v,Cycling
gC8ytA6v,Reading
pOqcGmGX,Hiking
pOqcGmGX,Gardening
JlPN2Xej,Painting
JlPN2Xej,Cycling
JlPN2Xej,Gardening
iBH6oLdH,Gardening
OgvdVxiv,Hiking
ttVxleyG,Gardening
ttVxleyG,Reading
P25krxYL,Cooking
P25krxYL,Hiking
P25krxYL,Painting
cTMIfLtN,Reading
cTMIfLtN,Hiking
VVazPOaZ,Cooking
VVazPOaZ,Gardening
VVazPOaZ,Hiking
AEHqOmA0,Hiking
AEHqOmA0,Cycling
jKOO1KfI,Cooking
jKOO1KfI,Reading
TzTePitG,Cooking
z9pVdryy,Gardening
z9pVdryy,Cycling
z9pVdryy,Reading
LTwSS32T,Hiking
LTwSS32T,Cooking
LTwSS32T,Reading
GyT4yHNO,Painting
GyT4yHNO,Reading
JHYN2vh0,Gardening
JHYN2vh0,Cooking
JHYN2vh0,Reading
Zo8S8xvU,Cooking
Zo8S8xvU,Gardening
uCFEiBQ6,Cycling
DHLI55qt,Cycling
kr8gkjXZ,Hiking
nuHPB1Ue,Cycling
nuHPB1Ue,Painting
KvK0kDSL,Painting
KvK0kDSL,Hiking
KvK0kDSL,Gardening
h20qDT2p,Cooking
dGpEco1h,Painting
WmJgP0Eh,Hiking
WmJgP0Eh,Cycling
uqHz912E,Hiking
uqHz912E,Reading
uqHz912E,Gardening
JMYqgPcu,Painting
JMYqgPcu,Reading
NFSjZzjj,Hiking
NFSjZzjj,Cooking
NFSjZzjj,Painting
hziSiLKn,Gardening
hziSiLKn,Cooking
qL5rYzcc,Gardening
qL5rYzcc,Reading
MmEFvmFI,Painting
MmEFvmFI,Hiking
cwEnpp3l,Painting
cwEnpp3l,Hiking
jFLFVGBs,Painting
jFLFVGBs,Gardening
qbug5BlG,Reading
Ck3IlPDf,Cooking
Ck3IlPDf,Painting
uVz5fLDQ,Cooking
uVz5fLDQ,Reading
uVz5fLDQ,Gardening
FfebBTLD,Painting
8oBYgJX1,Gardening
8oBYgJX1,Reading
8oBYgJX1,Hiking
lffjG92V,Gardening
rxsX4NYe,Cooking
rxsX4NYe,Hiking
Q82Pe3NV,Gardening
Q82Pe3NV,Hiking
Q82Pe3NV,Painting
HUiHRBtt,Gardening
HUiHRBtt,Cycling
OhE4yx5M,Gardening
OhE4yx5M,Hiking
OhE4yx5M,Painting
ZIEss7Wr,Cooking
ZIEss7Wr,Painting
ZIEss7Wr,Reading
2JJTxSzh,Gardening
2JJTxSzh,Reading
KLfAJxR1,Gardening
KLfAJxR1,Reading
5rPL6zeG,Cooking
VIbOxXGj,Gardening
W1cdMx2g,Gardening
W1cdMx2g,Reading
wK35MVBv,Hiking
wK35MVBv,Cycling
wK35MVBv,Gardening
d4JRgwDg,Cooking
d4JRgwDg,Cycling
keDqBrBt,Painting
fYbDhlR1,Reading
nBJ39hhn,Gardening
sIuSmplh,Cycling
sIuSmplh,Reading
6hkoz9GC,Cooking
6hkoz9GC,Cycling
rD931Had,Gardening
R6bdt7fz,Reading
R6bdt7fz,Hiking
R6bdt7fz,Painting
Of04cnZx,Cycling
Of04cnZx,Gardening
tC8jikYy,Painting
vTsRf41v,Cooking
vTsRf41v,Painting
HHDwn0PW,Reading
HHDwn0PW,Gardening
HHDwn0PW,Hiking
ovO1cuUt,Painting
ovO1cuUt,Hiking
bXHSHNg4,Cooking
bXHSHNg4,Hiking
XQhP0gOI,Cycling
XQhP0gOI,Gardening
XQhP0gOI,Painting
sWm4VDUE,Reading
sWm4VDUE,Cooking
DvghMswM,Cycling
EbueqJOM,Cooking
llYYYfSp,Cooking
llYYYfSp,Hiking
llYYYfSp,Gardening
f4lNw8FZ,Painting
f4lNw8FZ,Gardening
f4lNw8FZ,Hiking
dU50FZqT,Cooking
dU50FZqT,Gardening
dU50FZqT,Reading
agenMOdK,Cycling
agenMOdK,Hiking
LyVjbRgq,Reading
LyVjbRgq,Painting
5a7ZpaNK,Gardening
5a7ZpaNK,Reading
nRNLWvsf,Cycling
nRNLWvsf,Reading
nRNLWvsf,Painting
EOYGZz4q,Cooking
EOYGZz4q,Hiking
1PIuPgQc,Reading
1PIuPgQc,Painting
8asl9mKD,Painting
8asl9mKD,Cooking
Wsw2exHk,Cooking
XrVVGaGU,Reading
XrVVGaGU,Cycling
j8TkOUhO,Gardening
j8TkOUhO,Hiking
CRWZwh4R,Hiking
BSA47Y5S,Gardening
p6ATnCuo,Cycling
p6ATnCuo,Hiking
bU8DICQZ,Reading
bU8DICQZ,Painting
bU8DICQZ,Gardening
IGWIfW9r,Reading
IGWIfW9r,Painting
KF3MrsDi,Cooking
KF3MrsDi,Gardening
KF3MrsDi,Painting
Q2LTIFl1,Hiking
Q2LTIFl1,Painting
Q2LTIFl1,Cooking
4emmW9ai,Cooking
4emmW9ai,Gardening
4emmW9ai,Cycling
B9m7UdFb,Painting
B9m7UdFb,Gardening
B9m7UdFb,Cycling
vrNYfaPT,Reading
vrNYfaPT,Cycling
vrNYfaPT,Cooking
jpDFq88X,Reading
n83NHlnR,Cycling
n83NHlnR,Painting
n83NHlnR,Gardening
l0zrQpih,Reading
l0zrQpih,Painting
7SkY0vuz,Cycling
7SkY0vuz,Cooking
oC3vMDnN,Cooking
wRZr5TH1,Gardening
wRZr5TH1,Painting
wRZr5TH1,Cycling
mCOiIGao,Cycling
mCOiIGao,Gardening
mCOiIGao,Painting
Grtf5u2W,Painting
Grtf5u2W,Gardening
KJ9o3iFO,Cooking
KJ9o3iFO,Hiking
KJ9o3iFO,Cycling
dQVu2pfe,Cooking
dQVu2pfe,Gardening
qDWxbagW,Cycling
qDWxbagW,Painting
jVA03zT1,Painting
HpTzipHE,Cycling
HpTzipHE,Gardening
HpTzipHE,Reading
D4XKlygm,Cycling
D4XKlygm,Reading
1DQ6xKT4,Cycling
GT0qTHLL,Cooking
wne7I9bE,Cooking
kIiqbD4s,Cycling
kIiqbD4s,Reading
kIiqbD4s,Painting
9WGGbFlp,Gardening
xawktBFx,Reading
xawktBFx,Painting
ylC4oJgY,Cycling
ylC4oJgY,Painting
PtDsQqll,Gardening
PtDsQqll,Cycling
6bj3mhq3,Cycling
narTaV8n,Cycling
narTaV8n,Gardening
narTaV8n,Hiking
Qkq8bNSt,Reading
Qkq8bNSt,Hiking
ejdHIFPi,Reading
P3i0r6cE,Gardening
P3i0r6cE,Painting
P3i0r6cE,Cooking
2n0ocmDC,Cooking
rIQnHSzE,Cycling
rIQnHSzE,Gardening
oSGHH1jq,Gardening
BDA4p4Gk,Hiking
BDA4p4Gk,Cycling
I5KFdQDN,Cycling
vzFYbyEb,Cooking
vzFYbyEb,Reading
JaJblcHS,Cycling
uW3HpLYp,Reading
uW3HpLYp,Gardening
A1nQOlOk,Hiking
A1nQOlOk,Gardening
A1nQOlOk,Painting
mbedm1Fp,Painting
mbedm1Fp,Gardening
LKojrvcB,Cycling
LKojrvcB,Gardening
LKojrvcB,Cooking
tTsGnEYl,Cooking
tTsGnEYl,Painting
CebpcX4i,Gardening
8kKip047,Reading
8kKip047,Gardening
nMwYaV1h,Reading
2fkO0NLJ,Cooking
34PAcPCZ,Painting
34PAcPCZ,Hiking
34PAcPCZ,Cooking
3rkZo8S6,Hiking
tvJtNiPv,Hiking
k5qOP02V,Reading
k5qOP02V,Painting
neoBs7L8,Hiking
neoBs7L8,Reading
neoBs7L8,Gardening
fWw8jYFC,Gardening
fWw8jYFC,Hiking
TBAmwytT,Gardening
TBAmwytT,Hiking
JwCSuffW,Cooking
JwCSuffW,Reading
JwCSuffW,Gardening
m8bb1Iay,Cycling
ts4btHRy,Painting
x4pE2Y40,Painting
x4pE2Y40,Hiking
x4pE2Y40,Cycling
iUb5naFj,Cycling
PqVL7bNc,Cooking
PqVL7bNc,Painting
3Wz5cAMx,Cooking
3Wz5cAMx,Painting
hFbylnUi,Cooking
qkPoWAHh,Hiking
qkPoWAHh,Cooking
M3m4iZvh,Reading
M3m4iZvh,Cooking
M3m4iZvh,Painting
1pIt4TKx,Hiking
1pIt4TKx,Gardening
1pIt4TKx,Cycling
Jo7dOkzO,Hiking
Jo7dOkzO,Reading
Jo7dOkzO,Painting
g3HaI6O9,Gardening
g3HaI6O9,Cooking
g3HaI6O9,Cycling
6C2g5ya7,Painting
6C2g5ya7,Reading
6C2g5ya7,Hiking
keZZTfyz,Reading
keZZTfyz,Painting
keZZTfyz,Cycling
b8blDHu4,Reading
b8blDHu4,Hiking
b8blDHu4,Gardening
exwjX2H0,Hiking
exwjX2H0,Reading
0girAHF5,Gardening
0girAHF5,Painting
0girAHF5,Cooking
T2NflxVO,Cooking
DzoqIvs6,Reading
rIz2ZKp8,Gardening
rIz2ZKp8,Hiking
ree4rxv4,Painting
mR9NZ3F6,Cooking
zzTQykA5,Reading
zzTQykA5,Cooking
88uD12D9,Hiking
4K3a8LLY,Cycling
WQv5mjV2,Cycling
WQv5mjV2,Painting
MOkvJHea,Painting
cbOXCyYx,Cooking
oe9qvpMk,Reading
3DS03Dax,Reading
2A8MWR1F,Gardening
2A8MWR1F,Painting
2A8MWR1F,Hiking
2VkuczRy,Hiking
2VkuczRy,Gardening
J38x2WFR,Painting
sKt8lEiE,Cooking
sKt8lEiE,Cycling
sKt8lEiE,Gardening
GpwZForf,Reading
GpwZForf,Cycling
GpwZForf,Gardening
8CCRBVzh,Cooking
8CCRBVzh,Cycling
1wcdkjML,Painting
Bszg4Sf3,Reading
Bszg4Sf3,Cycling
ehgDWsVi,Gardening
ehgDWsVi,Reading
4GEJUuuS,Painting
UaNz23nb,Reading
VOIpYxIo,Cycling
VOIpYxIo,Reading
VOIpYxIo,Painting
lNGd9EPe,Cooking
lNGd9EPe,Hiking
lNGd9EPe,Painting
EPgrtUQX,Hiking
9iLfhuSt,Cycling
9iLfhuSt,Reading
9iLfhuSt,Gardening
9Z2fk32z,Painting
5LJgvSu7,Painting
5LJgvSu7,Cycling
cQgpK9TD,Painting
BHghNEAy,Cycling
BHghNEAy,Reading
BHghNEAy,Painting
SctRgZN5,Hiking
a0ZJWa7U,Cycling
a0ZJWa7U,Hiking
nz7KZCgR,Reading
JlIyUb4u,Gardening
dgBSRXK3,Reading
4rjRwjCW,Hiking
4rjRwjCW,Painting
QE4yZIxi,Reading
QE4yZIxi,Cycling
qoOhoa8p,Cooking
ADS3wiAJ,Gardening
ADS3wiAJ,Cycling
ADS3wiAJ,Cooking
TbIKEgZI,Painting
TbIKEgZI,Cooking
rmNvIVaF,Reading
vZwhhOFb,Painting
vZwhhOFb,Hiking
T4kil5oM,Hiking
CW0LnKFh,Painting
aRPM1Uqw,Hiking
aRPM1Uqw,Gardening
aRPM1Uqw,Cycling
F8CKTwKE,Cycling
TB8YgetZ,Cooking
43eW8Vp8,Gardening
EwLX5qkq,Reading
X1vgCtQd,Painting
UKP46ixV,Reading
UKP46ixV,Hiking
UKP46ixV,Painting
YuBDs0kH,Cycling
YuBDs0kH,Painting
4Ac9zQFC,Painting
4Ac9zQFC,Cooking
YebXxyP7,Painting
YebXxyP7,Cooking
ftBLXJ4G,Reading
djK48A10,Reading
jelpHEKm,Gardening
AEAbUzd3,Hiking
MLFNWwdq,Hiking
LnQWEglt,Painting
LGA86wEq,Cycling
QpiZQpia,Cycling
QpiZQpia,Reading
QpiZQpia,Cooking
aGoY9rRI,Cooking
aGoY9rRI,Reading
POV3k5J4,Cycling
POV3k5J4,Reading
BEmzLzk9,Cooking
BEmzLzk9,Hiking
vodCeS2j,Reading
vodCeS2j,Gardening
MoSndVqq,Gardening
MoSndVqq,Hiking
1VzQDYUk,Gardening
1VzQDYUk,Cooking
1VzQDYUk,Hiking
V6CBjsPp,Cycling
V6CBjsPp,Reading
szTLlV4a,Painting
3ithPvZr,Gardening
3ithPvZr,Hiking
x0AtssgY,Cooking
x0AtssgY,Painting
oX1HuycN,Cycling
oX1HuycN,Hiking
oX1HuycN,Reading
PQr375H9,Gardening
PQr375H9,Cooking
PQr375H9,Cycling
oVqeYEAE,Cooking
oVqeYEAE,Painting
mVDKMJYu,Painting
mVDKMJYu,Reading
2tdodl19,Cooking
AiW42blu,Reading
AiW42blu,Cycling
AiW42blu,Gardening
Iietkdbe,Cycling
Iietkdbe,Reading
Iietkdbe,Cooking
wwWzsVtr,Cycling
s5SAcq8k,Gardening
s5SAcq8k,Painting
s5SAcq8k,Reading
uQfaH7nQ,Reading
UyIunHku,Hiking
y7IKQAP7,Cycling
y7IKQAP7,Reading
qxWieENz,Hiking
qxWieENz,Gardening
qxWieENz,Cooking
L4F3doUJ,Gardening
ckZYyd3N,Reading
ckZYyd3N,Gardening
94YohSHM,Cooking
94YohSHM,Painting
aJhzYl5u,Reading
aJhzYl5u,Painting
VgrpSU98,Gardening
VgrpSU98,Painting
VgrpSU98,Cycling
o9EsTukS,Gardening
o9EsTukS,Painting
alc5eJ3c,Gardening
cTXeU4jG,Cooking
UlAgCqaJ,Cooking
UlAgCqaJ,Gardening
UlAgCqaJ,Cycling
OVKsBcjK,Cooking
OVKsBcjK,Painting
KV8FhikI,Reading
VUn0M18v,Cycling
rhafnj9o,Gardening
rhafnj9o,Hiking
GzWPpSYg,Painting
tgFvvBzU,Cycling
PH5tFsAW,Cycling
PH5tFsAW,Reading
PH5tFsAW,Gardening
k7EE6Tib,Cycling
k7EE6Tib,Painting
xy1aO2oC,Cycling
xy1aO2oC,Gardening
xy1aO2oC,Painting
HaHxcgBs,Painting
PfKPUSkM,Cooking
q05HW7C0,Reading
iiH7v8ZI,Cooking
HKeOvGOI,Cooking
HKeOvGOI,Reading
HKeOvGOI,Gardening
fpaDdn7P,Hiking
fpaDdn7P,Gardening
OGg7sxqz,Gardening
OGg7sxqz,Hiking
OGg7sxqz,Painting
YPqiRCgT,Gardening
ORCaMGRW,Reading
ORCaMGRW,Gardening
w52PLevA,Cooking
w52PLevA,Reading
355sjRxV,Cycling
355sjRxV,Painting
355sjRxV,Reading
NRAD0SCd,Hiking
NRAD0SCd,Gardening
NRAD0SCd,Cycling
yNeF2m3k,Cooking
dFZTEVG6,Gardening
dFZTEVG6,Painting
dFZTEVG6,Cooking
E2I0ITGq,Painting
85g3ayXL,Hiking
85g3ayXL,Painting
85g3ayXL,Cycling
pSxGW79v,Cooking
pSxGW79v,Hiking
bJJDwh7N,Cycling
L5PF5uCz,Painting
L5PF5uCz,Hiking
L5PF5uCz,Reading
Bok0Cyvp,Gardening
Bok0Cyvp,Painting
Bok0Cyvp,Cycling
wjp8gEIi,Cycling
IcnDVCMC,Hiking
IcnDVCMC,Reading
dDiv6VKI,Reading
mim7ZwWd,Painting
owGd6sJo,Cooking
owGd6sJo,Gardening
XRd3eD0o,Hiking
yQfqiMJG,Painting
yQfqiMJG,Reading
OtEwiBMs,Cooking
OtEwiBMs,Hiking
OtEwiBMs,Painting
ZmBzvrWk,Cooking
wMcK4KyY,Reading
wMcK4KyY,Cooking
wMcK4KyY,Cycling
O7yPcUd9,Gardening
O7yPcUd9,Cooking
O7yPcUd9,Reading
lzVOVArt,Gardening
acQXzMyF,Gardening
acQXzMyF,Reading
pMJgqGP0,Gardening
pMJgqGP0,Cooking
6XJKfdqe,Hiking
uPWIIkc5,Cycling
uPWIIkc5,Gardening
PiM6gMHK,Hiking
kdmmMMtT,Hiking
kdmmMMtT,Reading
kdmmMMtT,Gardening
6kIzOSLl,Hiking
6kIzOSLl,Cooking
6kIzOSLl,Gardening
gtf1rF8G,Hiking
mq0GO9P2,Reading
mq0GO9P2,Cooking
LVPXuWuf,Cooking
LVPXuWuf,Gardening
UBncI8GG,Gardening
zLklDaNn,Gardening
SdBhUYLA,Hiking
SdBhUYLA,Cycling
SdBhUYLA,Reading
Z2LA8Q47,Hiking
Z2LA8Q47,Reading
Vrvy5biN,Cooking
Vrvy5biN,Cycling
Vrvy5biN,Hiking
Eu9W2YSn,Gardening
Eu9W2YSn,Cycling
aBWq5XMG,Reading
aBWq5XMG,Cycling
aBWq5XMG,Gardening
VPAT8hm3,Painting
w2i96UsB,Gardening
w2i96UsB,Cooking
w2i96UsB,Painting
RxfGr8NH,Painting
RxfGr8NH,Cooking
vBfDTDOJ,Painting
vBfDTDOJ,Cooking
vBfDTDOJ,Hiking
qgH1sdZb,Gardening
qgH1sdZb,Cycling
qgH1sdZb,Hiking
6LoVuilp,Cooking
2wuNfmIi,Cycling
2wuNfmIi,Reading
2wuNfmIi,Cooking
zy97pHrV,Gardening
zy97pHrV,Cycling
zy97pHrV,Hiking
woZUJnn2,Painting
zK1ESCIy,Cycling
zK1ESCIy,Gardening
zK1ESCIy,Hiking
ewthxGNM,Cooking
ewthxGNM,Reading
wiMhFikr,Gardening
wiMhFikr,Painting
wiMhFikr,Hiking
oTSVkIR9,Gardening
oTSVkIR9,Painting
bH8etWLk,Hiking
bH8etWLk,Cycling
bH8etWLk,Painting
slChx8w8,Cycling
giuK7ejY,Painting
giuK7ejY,Reading
giuK7ejY,Cooking
8uEuYFTb,Gardening
8uEuYFTb,Cycling
8uEuYFTb,Hiking
neJYt03W,Hiking
neJYt03W,Cooking
RGfdO02C,Hiking
Wb1nOQ5r,Reading
Wb1nOQ5r,Gardening
Wb1nOQ5r,Cooking
PuaxsS9i,Cycling
PuaxsS9i,Gardening
0xOpFTEx,Painting
wmekZe9d,Hiking
hGHFiUgV,Reading
ctRmRxFZ,Hiking
ctRmRxFZ,Gardening
ctRmRxFZ,Cooking
lNgr2lLu,Hiking
lNgr2lLu,Painting
lNgr2lLu,Gardening
qsj5uEcW,Cycling
qsj5uEcW,Gardening
qsj5uEcW,Reading
QtAuqEmI,Cycling
Qv6Hy8SS,Reading
Qv6Hy8SS,Hiking
qkohjcOC,Cycling
qkohjcOC,Cooking
zaqQChjC,Cycling
zaqQChjC,Gardening
CjxrkZE5,Cooking
92T8qMNY,Reading
92T8qMNY,Cycling
92T8qMNY,Cooking
7RwgynqP,Hiking
I14MvBRa,Cycling
I14MvBRa,Painting
I14MvBRa,Cooking
sK9enFPs,Gardening
sK9enFPs,Hiking
sK9enFPs,Reading
sZ0hlyAe,Hiking
sZ0hlyAe,Reading
9Kvqz8a3,Painting
SmXuq3ir,Hiking
IbaKP1dc,Cooking
iNgg83cZ,Hiking
TPfz55Sf,Hiking
295M24NU,Cooking
295M24NU,Hiking
295M24NU,Painting
joTTVJIj,Painting
joTTVJIj,Cycling
joTTVJIj,Reading
RPDiKgAH,Gardening
RDLPX3nn,Gardening
RDLPX3nn,Cycling
RDLPX3nn,Painting
ZP83ydOm,Cycling
a7QyD1cA,Cooking
hcYcWKwm,Cycling
Wk2Ks0gl,Hiking
lC5J2QSY,Hiking
lC5J2QSY,Reading
fwwT0pFo,Cooking
RrthrClM,Reading
WWl8Ijfi,Cycling
WWl8Ijfi,Reading
WWl8Ijfi,Painting
UmUxaHSm,Painting
UmUxaHSm,Reading
UmUxaHSm,Hiking
InGudq2N,Painting
2692WJHj,Gardening
2692WJHj,Cycling
Y6pcNRcj,Cycling
VoJkXA3G,Cooking
VoJkXA3G,Hiking
ytzpIeaX,Gardening
ytzpIeaX,Painting
jQKyL2IJ,Gardening
vzKcmDlH,Cooking
tV718eZF,Painting
x12yuGp3,Gardening
UhDYrqQT,Hiking
Q5bcuxu0,Reading
Q5bcuxu0,Hiking
CAkIA7Wn,Cooking
CAkIA7Wn,Reading
CAkIA7Wn,Hiking
girBje34,Cycling
girBje34,Gardening
girBje34,Reading
XGYc2K5l,Reading
XGYc2K5l,Painting
XGYc2K5l,Cooking
A62zlKuI,Cycling
A62zlKuI,Painting
IRRvoE2B,Cycling
IRRvoE2B,Reading
4qNU3Chz,Painting
4qNU3Chz,Gardening
UPnOTNCb,Cooking
UPnOTNCb,Hiking
x0aqxC8A,Gardening
x0aqxC8A,Hiking
x0aqxC8A,Reading
FfKNCr8I,Hiking
jX00pO1W,Hiking
WB2TB0je,Reading
WB2TB0je,Hiking
UvncZmzH,Painting
O6ng7c6V,Cooking
O6ng7c6V,Painting
SYcTDTHk,Cooking
SYcTDTHk,Hiking
SYcTDTHk,Reading
ai3i2HV5,Cooking
ai3i2HV5,Painting
ai3i2HV5,Hiking
tgMYQtTD,Reading
tgMYQtTD,Cooking
D4NbVgFQ,Hiking
YftCZtyF,Reading
SR6Vq1F2,Gardening
SR6Vq1F2,Hiking
FK77UY5a,Hiking
LGt1xVP9,Cycling
LGt1xVP9,Cooking
G4UFu30w,Cycling
G4UFu30w,Cooking
shK5PVMr,Reading
shK5PVMr,Painting
shK5PVMr,Cycling
SDokloND,Cycling
SDokloND,Painting
SDokloND,Gardening
EGTvqRvL,Painting
EGTvqRvL,Gardening
5liIAfaq,Cooking
5liIAfaq,Cycling
5liIAfaq,Reading
BDsmuXAj,Gardening
BDsmuXAj,Cooking
BDsmuXAj,Cycling
OVd2aeTH,Painting
CTyfqb3S,Reading
CTyfqb3S,Gardening
V9NTiXDq,Painting
tFfieb7R,Cooking
tFfieb7R,Painting
bobupB0u,Reading
bobupB0u,Cooking
hgZyOOcQ,Painting
hgZyOOcQ,Reading
AkEnB4po,Painting
frfOkpMz,Painting
fDGydqSd,Reading
fDGydqSd,Gardening
iVx5z0Q7,Reading
iVx5z0Q7,Cooking
z7gu6wDB,Cooking
JOmAieq6,Reading
JOmAieq6,Gardening
JOmAieq6,Hiking
CsVpI8qs,Reading
CsVpI8qs,Cooking
vxACnaO0,Gardening
vxACnaO0,Reading
voHYeICv,Cycling
voHYeICv,Reading
NCyD9KMH,Painting
NCyD9KMH,Cycling
H9zAdjFs,Reading
qHn0vz4S,Hiking
qHn0vz4S,Cycling
BNDJlc2n,Cycling
BNDJlc2n,Gardening
BNDJlc2n,Hiking
ppk10cgh,Cycling
nfWe6muR,Painting
nfWe6muR,Cooking
VjzEZvsg,Reading
VjzEZvsg,Cycling
VjzEZvsg,Gardening
FtQDnZGl,Cooking
q4tYcH7v,Cooking
q4tYcH7v,Cycling
xiTzY83L,Painting
xiTzY83L,Reading
xiTzY83L,Cooking
7dYQ8E4b,Hiking
7dYQ8E4b,Cooking
JsDsRghC,Hiking
JsDsRghC,Painting
pV1SA25E,Gardening
pV1SA25E,Cooking
nGxuYDBW,Gardening
nGxuYDBW,Hiking
nGxuYDBW,Cooking
ZB90jzL7,Hiking
ZB90jzL7,Cycling
NkCoLABC,Hiking
NkCoLABC,Reading
NkCoLABC,Cooking
nnlskhxA,Cooking
nnlskhxA,Gardening
nnlskhxA,Reading
VKOPLycO,Gardening
VY47486h,Cooking
VY47486h,Reading
VY47486h,Cycling
apB5edNj,Reading
apB5edNj,Hiking
0gbQKFhi,Painting
rzgOYnZ9,Gardening
rzgOYnZ9,Reading
rzgOYnZ9,Painting
XE7b9Jjm,Gardening
mUfURGsT,Hiking
mUfURGsT,Cooking
bWuKkgVh,Cycling
bWuKkgVh,Painting
bWuKkgVh,Reading
XEFnIoUC,Reading
XEFnIoUC,Cooking
XEFnIoUC,Gardening
pWfcx3gC,Gardening
mq9fatR3,Cycling
mq9fatR3,Painting
66UCRCIU,Hiking
66UCRCIU,Cooking
66UCRCIU,Cycling
Z1ivneBT,Reading
Z1ivneBT,Hiking
WbpBmCTJ,Hiking
WbpBmCTJ,Cooking
G57QDexa,Gardening
G57QDexa,Painting
G57QDexa,Hiking
ZhCutcKe,Cycling
Ba8wKH0R,Reading
8ZYVFJka,Hiking
8ZYVFJka,Reading
8ZYVFJka,Cycling
99l6NuAn,Cooking
99l6NuAn,Painting
atn5HoYd,Painting
VD8zThv0,Gardening
VD8zThv0,Painting
qCtCSXK1,Painting
qCtCSXK1,Cycling
R3iZhtva,Cooking
R3iZhtva,Gardening
R3iZhtva,Painting
JNEv2Z2M,Hiking
JNEv2Z2M,Gardening
j3HKQEk9,Painting
2IVZZwb9,Cycling
2IVZZwb9,Reading
2IVZZwb9,Hiking
dQs4QnEG,Hiking
v9b0Ro9Q,Reading
H0F82MoX,Cycling
eS0Xxcmz,Painting
R1GGu7Gq,Hiking
R1GGu7Gq,Cooking
R1GGu7Gq,Reading
361RHtja,Painting
hnUsyF2H,Gardening
hnUsyF2H,Painting
7igjlWSM,Hiking
7igjlWSM,Cooking
Y1GqYnqg,Cooking
Y1GqYnqg,Gardening
JegHUCye,Painting
JegHUCye,Hiking
UyC3iSi0,Painting
UyC3iSi0,Cooking
UyC3iSi0,Gardening
ldll79NC,Painting
ldll79NC,Gardening
qXM2p86U,Hiking
QMxQ5fg4,Cycling
WAgPc5Ui,Cycling
WAgPc5Ui,Reading
WAgPc5Ui,Gardening
WTU5gY2k,Hiking
WTU5gY2k,Cycling
WTU5gY2k,Cooking
iWXffSoP,Hiking
iWXffSoP,Reading
cnoo0a1H,Gardening
Ejz76Ooz,Gardening
Ejz76Ooz,Reading
Ejz76Ooz,Cooking
0Rtlk3Iv,Painting
0Rtlk3Iv,Gardening
0Rtlk3Iv,Cycling
srgpDuuQ,Reading
srgpDuuQ,Gardening
PkDxCmRi,Reading
PkDxCmRi,Cycling
PkDxCmRi,Painting
q5a72gIl,Hiking
q5a72gIl,Gardening
2akZL35c,Cycling
xxBKibvo,Cycling
xxBKibvo,Painting
xxBKibvo,Gardening
HoosSkmm,Reading
FHrel033,Gardening
FHrel033,Cooking
Yq69AHpu,Cycling
CzSYBJLE,Hiking
CzSYBJLE,Cycling
CzSYBJLE,Gardening
GnQpRHcf,Cooking
a811ILBU,Cooking
ikjnoGk6,Reading
ikjnoGk6,Hiking
pmjANlBv,Cycling
pmjANlBv,Painting
pmjANlBv,Reading
azDIQUpz,Gardening
azDIQUpz,Cooking
Ms09f1yi,Hiking
P83rdH6b,Reading
P83rdH6b,Cycling
P83rdH6b,Gardening
WQ0YTbAz,Cooking
HOGiR9rG,Reading
HOGiR9rG,Cycling
W6QOpK9K,Reading
W6QOpK9K,Hiking
W6QOpK9K,Cycling
oRokTo3F,Cycling
oRokTo3F,Reading
oRokTo3F,Painting
uP6ebstp,Hiking
rOIocvaW,Gardening
rOIocvaW,Painting
rOIocvaW,Reading
NC7GVS4J,Hiking
NC7GVS4J,Reading
Z3bRd1x1,Cooking
jilcB5AI,Cycling
jilcB5AI,Hiking
Pn1nRoXI,Reading
Pn1nRoXI,Cooking
I3QefRx5,Cycling
I3QefRx5,Gardening
I3QefRx5,Painting
RLIOaqLI,Gardening
fmlR7y0f,Painting
gQe5rBab,Cycling
gQe5rBab,Gardening
gQe5rBab,Painting
s0Z1lxkx,Gardening
8wIwEe98,Cooking
8wIwEe98,Cycling
8wIwEe98,Painting
obFGvTTY,Reading
obFGvTTY,Cooking
obFGvTTY,Hiking
SxFqU3y8,Cooking
SxFqU3y8,Cycling
SxFqU3y8,Painting
ASKZuU3S,Painting
ASKZuU3S,Cycling
ASKZuU3S,Cooking
r4Ob1tX7,Reading
r4Ob1tX7,Gardening
7dqFMCcT,Reading
MhX4CaKm,Cooking
MhX4CaKm,Cycling
R7j1b821,Cycling
bbYQHXP4,Hiking
rSTp9YeO,Cycling
rSTp9YeO,Cooking
rSTp9YeO,Hiking
jMJ2DGwj,Gardening
G49y6xTO,Cycling
B4YjIUbt,Painting
B4YjIUbt,Cooking
B4YjIUbt,Cycling
xNh23GgS,Painting
3mamELiL,Hiking
3mamELiL,Cooking
OrwbWu7X,Hiking
OrwbWu7X,Cycling
1PdocmW3,Cooking
gpgbIUGZ,Painting
gpgbIUGZ,Gardening
gpgbIUGZ,Hiking
2dnySRCo,Hiking
2dnySRCo,Gardening
2dnySRCo,Cooking
JqIXBHSG,Cooking
JqIXBHSG,Reading
JqIXBHSG,Painting
AhshUvd0,Hiking
AhshUvd0,Painting
devJefla,Cooking
devJefla,Cycling
kZNjkAm6,Hiking
kZNjkAm6,Cycling
kZNjkAm6,Reading
FdNXsph0,Hiking
FdNXsph0,Cycling
iktSwOyo,Hiking
7AkDEvYd,Gardening
7AkDEvYd,Reading
7AkDEvYd,Hiking
4ixJh2gM,Reading
jEHtXMjx,Cooking
jEHtXMjx,Reading
jEHtXMjx,Gardening
YGqFJdN1,Reading
YGqFJdN1,Painting
YGqFJdN1,Hiking
DulRyxJG,Hiking
DulRyxJG,Cycling
ud7QHViZ,Cooking
ud7QHViZ,Hiking
oPwjX8rL,Hiking
oPwjX8rL,Reading
oPwjX8rL,Cooking
jqIHi3kH,Cooking
l7Hzkbar,Reading
l7Hzkbar,Cooking
l7Hzkbar,Cycling
9gXqdrEl,Gardening
9gXqdrEl,Reading
9gXqdrEl,Hiking
wpFGwYmh,Gardening
gHMsO5uE,Hiking
gHMsO5uE,Gardening
KTjpUr9d,Hiking
KTjpUr9d,Cycling
iBuydUZZ,Reading
iBuydUZZ,Cooking
iBuydUZZ,Hiking
FDjhftop,Cycling
FDjhftop,Reading
dVqBiCZA,Painting
dVqBiCZA,Cycling
dVqBiCZA,Gardening
T3KtwGuA,Gardening
97d2zw8Q,Hiking
97d2zw8Q,Painting
IDV5n4TB,Reading
gQXePliX,Cycling
BOali2eJ,Hiking
f1GQwgcZ,Cooking
f1GQwgcZ,Cycling
f1GQwgcZ,Painting
3nH6ZxMM,Gardening
3nH6ZxMM,Cycling
3nH6ZxMM,Hiking
miaI33sa,Cycling
VTJnEKvM,Painting
VTJnEKvM,Hiking
VTJnEKvM,Gardening
rrQ3XE0P,Painting
rrQ3XE0P,Hiking
rrQ3XE0P,Gardening
gXh5v7gS,Cycling
gXh5v7gS,Painting
yB5FivcC,Cooking
yB5FivcC,Gardening
yB5FivcC,Hiking
dX9xvFBr,Cycling
dX9xvFBr,Painting
ezriNe24,Reading
ezriNe24,Gardening
J9qd559o,Reading
HmHQJfxu,Gardening
HmHQJfxu,Reading
UWQJHDqn,Cycling
UWQJHDqn,Painting
UWQJHDqn,Cooking
DNzv76WV,Gardening
DNzv76WV,Painting
2Fsfpmt8,Cycling
jUSFlzU4,Cooking
zqaNppjK,Cycling
K5Ma0viF,Gardening
4rMNstZ4,Gardening
1hi2GVyn,Hiking
I7U31u9m,Reading
kINQqraI,Cycling
ff7qXMmJ,Cooking
zZLn72EQ,Reading
zZLn72EQ,Cycling
T9eauDnk,Reading
sZfjlTd8,Gardening
sZfjlTd8,Reading
IB4817f8,Painting
IB4817f8,Hiking
s30axer7,Cooking
s30axer7,Cycling
i9GJjQJJ,Cycling
i9GJjQJJ,Hiking
SQd8oO2m,Reading
LfoVZRJZ,Cooking
LfoVZRJZ,Painting
LfoVZRJZ,Cycling
2C3OGzd6,Cycling
2C3OGzd6,Cooking
WhJKMvBj,Reading
WhJKMvBj,Cycling
qi2resaJ,Cycling
qi2resaJ,Gardening
qi2resaJ,Painting
6ZrvDG9b,Hiking
6ZrvDG9b,Reading
6ZrvDG9b,Cycling
qZWZCDtw,Cycling
qZWZCDtw,Reading
FQrGvjkn,Cooking
FQrGvjkn,Cycling
hhV8dEWH,Reading
hhV8dEWH,Painting
nYXQEnXr,Cycling
nYXQEnXr,Painting
nCZfPAPC,Gardening
t16bEm5V,Gardening
t16bEm5V,Reading
t16bEm5V,Cooking
DHULADuE,Cooking
DHULADuE,Painting
JeN3qLgF,Gardening
JeN3qLgF,Painting
JeN3qLgF,Hiking
do8RquU7,Painting
rXLSVHia,Gardening
rXLSVHia,Cooking
hvZM5hk2,Gardening
hvZM5hk2,Painting
hvZM5hk2,Reading
2Mu8bEuW,Cycling
2Mu8bEuW,Painting
2Mu8bEuW,Cooking
dZRLG9Qp,Reading
dZRLG9Qp,Painting
JVuPTxty,Painting
JVuPTxty,Gardening
NCX7OIJh,Cycling
NCX7OIJh,Reading
NCX7OIJh,Hiking
JlazGOhh,Gardening
JlazGOhh,Cycling
JlazGOhh,Reading
8s17igJg,Cooking
8s17igJg,Gardening
jDacWW8R,Hiking
jDacWW8R,Gardening
xG0DkINP,Hiking
F8ZT2Q7y,Cooking
F8ZT2Q7y,Cycling
F8ZT2Q7y,Gardening
Gb0Tbvl5,Cycling
Gb0Tbvl5,Reading
Gb0Tbvl5,Gardening
2KG4XAw0,Painting
pTQS6PFm,Reading
pTQS6PFm,Hiking
msyKtnkx,Cycling
msyKtnkx,Hiking
msyKtnkx,Painting
OIg2TXRf,Reading
rUlM2Lle,Cooking
rUlM2Lle,Painting
oPEGGSE6,Painting
oPEGGSE6,Reading
7zbsVHdp,Painting
7zbsVHdp,Cycling
gVBsLqdz,Reading
gVBsLqdz,Cycling
gVBsLqdz,Gardening
XG432O9t,Reading
XG432O9t,Cycling
XG432O9t,Hiking
jSuH9myb,Painting
7gp6kAOP,Gardening
7gp6kAOP,Reading
7gp6kAOP,Cooking
gE7eRe0p,Painting
gE7eRe0p,Gardening
ha1DKSe2,Cycling
ha1DKSe2,Gardening
ha1DKSe2,Cooking
YhtdhsjQ,Painting
tW7I56Wa,Cycling
8e1zZjV5,Cycling
8e1zZjV5,Reading
8e1zZjV5,Gardening
VJpoKgp7,Gardening
z0Pn4L4k,Gardening
z0Pn4L4k,Hiking
MpHwJehA,Painting
MpHwJehA,Hiking
MpHwJehA,Cooking
c6jJaLpb,Reading
c6jJaLpb,Painting
c6jJaLpb,Hiking
TL7vRcjx,Reading
ylEpgZDt,Painting
ylEpgZDt,Hiking
ylEpgZDt,Gardening
ib9oCRAl,Reading
ib9oCRAl,Cycling
A2rQpsZA,Hiking
A2rQpsZA,Cycling
szpoD5U9,Gardening
4Ei7qitJ,Cycling
4Ei7qitJ,Cooking
dZ1HdlXW,Reading
lVIHOYcy,Cycling
lVIHOYcy,Cooking
lVIHOYcy,Reading
mi7PZ5mG,Gardening
mi7PZ5mG,Hiking
mi7PZ5mG,Cycling
KPFnKm6U,Reading
KPFnKm6U,Cooking
L1X8igh5,Painting
HttXTcRG,Hiking
HttXTcRG,Painting
JKHvgV0P,Cycling
JKHvgV0P,Painting
zgnl2yVQ,Cooking
cHLn4SNC,Cooking
cHLn4SNC,Cycling
cHLn4SNC,Reading
yt8mQdXI,Hiking
gNCS1lWj,Cycling
gNCS1lWj,Hiking
dSP1pFKJ,Gardening
dSP1pFKJ,Reading
yCT4h9UL,Cooking
yCT4h9UL,Reading
yCT4h9UL,Cycling
kNBYL1bM,Painting
dg8gpmiF,Hiking
dijxbv3d,Cooking
dijxbv3d,Hiking
dijxbv3d,Gardening
ZyoSiK5T,Painting
aoFitxXH,Hiking
aoFitxXH,Reading
CsmK9oXD,Cooking
CsmK9oXD,Cycling
oRHlO8ft,Hiking
oRHlO8ft,Reading
oRHlO8ft,Cooking
IfIwwpTR,Reading
3vEyeO7J,Painting
hs6xpw7s,Painting
hs6xpw7s,Hiking
hs6xpw7s,Cooking
OfFCP8OT,Reading
OfFCP8OT,Painting
OfFCP8OT,Cooking
xSxrWEqc,Cooking
xSxrWEqc,Painting
uYc7x593,Painting
uYc7x593,Cycling
uYc7x593,Reading
xGONGwZA,Gardening
5tyf3DTX,Cooking
5tyf3DTX,Reading
5tyf3DTX,Gardening
NAyevcfv,Cooking
NAyevcfv,Reading
NAyevcfv,Hiking
YFmKayNY,Hiking
YFmKayNY,Cycling
YFmKayNY,Cooking
xudxf6Ny,Gardening
tOfrlCfq,Reading
tOfrlCfq,Painting
rxS6ZOir,Cooking
rxS6ZOir,Gardening
tqP2dGM3,Hiking
tqP2dGM3,Cycling
k2DO3lOw,Cycling
k2DO3lOw,Painting
k2DO3lOw,Gardening
oyqq7ZeJ,Cooking
VI4DQhmm,Cooking
VI4DQhmm,Hiking
mxylXcBY,Cycling
mxylXcBY,Gardening
mxylXcBY,Reading
2LI2egut,Hiking
2LI2egut,Cycling
2LI2egut,Gardening
xnxTWC1o,Cooking
xnxTWC1o,Reading
WhloEvBM,Gardening
WhloEvBM,Reading
JW0mL1Hj,Reading
JW0mL1Hj,Cycling
JW0mL1Hj,Cooking
HWJDSkEt,Reading
HWJDSkEt,Cycling
HWJDSkEt,Hiking
uecn1NKB,Cycling
LO0hoyIZ,Hiking
xDsQ5Izl,Hiking
xDsQ5Izl,Gardening
v0ULY3hW,Hiking
MVM33rNy,Gardening
MVM33rNy,Cycling
MVM33rNy,Hiking
VjkOPG5K,Cycling
rJoZz0cS,Painting
rJoZz0cS,Cooking
rJoZz0cS,Gardening
xdJ56x9b,Gardening
xdJ56x9b,Cycling
xdJ56x9b,Cooking
NTOG7hXG,Cooking
NTOG7hXG,Reading
NTOG7hXG,Cycling
pSFB31Z9,Cycling
pSFB31Z9,Painting
pSFB31Z9,Reading
FxqUL7Ap,Gardening
SvKo3eJf,Reading
SvKo3eJf,Gardening
SvKo3eJf,Hiking
IGGlQIVv,Cycling
IGGlQIVv,Cooking
JwawjT7w,Gardening
brrNCSSv,Hiking
brrNCSSv,Gardening
zwKNgGDg,Reading
InwPBz0d,Painting
InwPBz0d,Reading
XM3K7ncg,Painting
XM3K7ncg,Gardening
QUubJirj,Gardening
QUubJirj,Painting
wFidZzgo,Cycling
wFidZzgo,Cooking
wFidZzgo,Painting
ROttg6jx,Cycling
0WKvha2L,Painting
0WKvha2L,Cooking
0WKvha2L,Reading
K0agQM38,Reading
K0agQM38,Cooking
K0agQM38,Gardening
9BveOyxC,Painting
9BveOyxC,Cooking
KwbWd37J,Reading
AvEg58kb,Hiking
AvEg58kb,Reading
b2zQZstk,Hiking
b2zQZstk,Gardening
99I8e4g9,Reading
99I8e4g9,Hiking
0jsRfuyg,Hiking
0jsRfuyg,Reading
0jsRfuyg,Painting
I0Ax0GCL,Hiking
I0Ax0GCL,Gardening
4ddNgg9r,Hiking
4ddNgg9r,Cycling
4ddNgg9r,Cooking
7bruWdKF,Hiking
7bruWdKF,Painting
6cDtzSXP,Reading
6cDtzSXP,Hiking
b8yymLcj,Hiking
jwWehR8I,Cooking
jwWehR8I,Reading
Sebg9ut0,Hiking
Sebg9ut0,Cycling
La8hhe1F,Gardening
RX0heTCA,Cooking
RX0heTCA,Reading
t2QqiQoi,Cooking
t2QqiQoi,Reading
28hdWn1p,Hiking
28hdWn1p,Cycling
28hdWn1p,Painting
7TE4ZB5J,Cooking
7TE4ZB5J,Cycling
7TE4ZB5J,Hiking
huYwJZ3E,Cooking
huYwJZ3E,Gardening
huYwJZ3E,Hiking
Z7EL6XFK,Hiking
Z7EL6XFK,Gardening
jXS9UFV6,Gardening
TLVjflEx,Reading
uB2SddWk,Painting
uiaXpmCE,Cycling
uiaXpmCE,Painting
uiaXpmCE,Reading
zhS5BmTi,Cycling
zhS5BmTi,Cooking
zhS5BmTi,Painting
NhEbokiR,Painting
iZE2Gq06,Hiking
iZE2Gq06,Gardening
IaZdFqn0,Hiking
IaZdFqn0,Gardening
IaZdFqn0,Painting
Cmc0wlsh,Hiking
Cmc0wlsh,Painting
Cmc0wlsh,Cooking
W8F09ptD,Cycling
W8F09ptD,Cooking
W8F09ptD,Reading
3zYei0Xu,Gardening
3zYei0Xu,Cooking
XJdaElhJ,Cooking
XJdaElhJ,Painting
OnEUZlVR,Cycling
OnEUZlVR,Hiking
8God96qw,Painting
8God96qw,Gardening
8God96qw,Cycling
yPDJQ0gB,Cycling
NHYwXwZ2,Gardening
NHYwXwZ2,Hiking
pqlNMLba,Gardening
pqlNMLba,Reading
3zjVq92t,Cycling
3zjVq92t,Hiking
3zjVq92t,Painting
Qoz4UZ36,Reading
Qoz4UZ36,Hiking
Qoz4UZ36,Cycling
ZRJLrsVs,Gardening
dHffH7oB,Cooking
EQ1OXyQQ,Cooking
EQ1OXyQQ,Reading
EQ1OXyQQ,Cycling
oK4cFc58,Cooking
oK4cFc58,Painting
oK4cFc58,Reading
rY7FOmR2,Gardening
t9fL33hW,Cooking
ZHPcg9vG,Hiking
ZHPcg9vG,Gardening
orWMplGf,Reading
orWMplGf,Cycling
orWMplGf,Gardening
IUISrfHG,Reading
IUISrfHG,Cycling
KalyhW9A,Cycling
KalyhW9A,Hiking
KalyhW9A,Gardening
DKalwxn6,Cycling
DKalwxn6,Cooking
DKalwxn6,Gardening
H8iOmsXN,Cycling
H8iOmsXN,Painting
H8iOmsXN,Cooking
m4cmCoaH,Gardening
m4cmCoaH,Reading
m4cmCoaH,Painting
b0Ctsxee,Hiking
b0Ctsxee,Painting
b0Ctsxee,Gardening
UOTroobk,Painting
UOTroobk,Gardening
UOTroobk,Hiking
lesZ8WJm,Painting
lesZ8WJm,Reading
lesZ8WJm,Cooking
8RFIokUL,Painting
IXcBKeTK,Hiking
IXcBKeTK,Cooking
IXcBKeTK,Reading
74kWBfK8,Cooking
ESP5HIcx,Reading
ESP5HIcx,Cycling
ESP5HIcx,Hiking
YUVWWP8z,Painting
sjP94xKk,Gardening
sjP94xKk,Painting
jWTpl1Nh,Cooking
8Qfj9hvj,Hiking
8Qfj9hvj,Reading
jlINV7FN,Gardening
jlINV7FN,Reading
jlINV7FN,Cooking
fSBDcxaT,Reading
fSBDcxaT,Cycling
fSBDcxaT,Gardening
CJDsBqtP,Cooking
icxddDTN,Cycling
icxddDTN,Painting
icxddDTN,Gardening
zhsMskO2,Hiking
zhsMskO2,Cycling
zhsMskO2,Painting
bi6bu4me,Hiking
bi6bu4me,Reading
bi6bu4me,Cycling
2alK2Efs,Cycling
2alK2Efs,Gardening
2alK2Efs,Painting
Ea38Uyzm,Reading
Ea38Uyzm,Cycling
Ea38Uyzm,Cooking
i5c5BQSI,Reading
i5c5BQSI,Painting
gLIL2ld9,Painting
0RZ8xXK5,Painting
Y6I8eU9Y,Cycling
5eMMZgDs,Gardening
K8NBSESt,Hiking
K8NBSESt,Reading
K8NBSESt,Gardening
DJDVP06e,Cycling
DJDVP06e,Hiking
DJDVP06e,Painting
Ygz8ZAeH,Cycling
Ygz8ZAeH,Painting
Ygz8ZAeH,Hiking
LKYOfkno,Painting
LKYOfkno,Gardening
LKYOfkno,Cooking
Y5S827rt,Cycling
Y5S827rt,Hiking
f1v4c0Mm,Reading
f1v4c0Mm,Cycling
GLBmbOzQ,Gardening
GLBmbOzQ,Reading
Rv4hFYzE,Reading
Rv4hFYzE,Painting
PgaF428c,Painting
k5n14v3h,Cooking
k5n14v3h,Gardening
pe17KMeu,Painting
pe17KMeu,Cycling
pe17KMeu,Gardening
0VOHcEFy,Gardening
QoLoqZir,Painting
QoLoqZir,Hiking
lD6Evw4O,Painting
AvahMZHC,Painting
eERhJeHC,Reading
nQAMkmOD,Cycling
vJER3Ecp,Painting
7Jnki2Za,Gardening
7Jnki2Za,Reading
7Jnki2Za,Painting
zWWzZRNy,Hiking
zWWzZRNy,Gardening
zWWzZRNy,Reading
NhTwEy6V,Hiking
o4PQ8z8L,Painting
o4PQ8z8L,Gardening
RNlNAuEN,Cooking
RNlNAuEN,Painting
RNlNAuEN,Gardening
HzC30bCd,Painting
HzC30bCd,Reading
HzC30bCd,Cooking
4yRl5dbK,Hiking
4yRl5dbK,Gardening
nMjkUFe5,Reading
nMjkUFe5,Cycling
nMjkUFe5,Painting
akPVmRQ4,Cycling
akPVmRQ4,Cooking
kABVpML8,Painting
kABVpML8,Cycling
kABVpML8,Hiking
F6TvfPxE,Gardening
F6TvfPxE,Reading
VfhrSCHx,Hiking
WIVSFJRg,Gardening
WIVSFJRg,Painting
WIVSFJRg,Cycling
sKkMkjBe,Painting
N5ntbLud,Reading
N5ntbLud,Cooking
N5ntbLud,Painting
6I4yTkhe,Painting
PWPQFwpX,Hiking
PWPQFwpX,Cycling
JEbM5pba,Gardening
4Q8kKiX4,Gardening
4Q8kKiX4,Reading
4Q8kKiX4,Painting
KwSgey1i,Gardening
KwSgey1i,Cooking
KwSgey1i,Cycling
CJRgX4ly,Gardening
CJRgX4ly,Painting
aGqr5tbM,Reading
aGqr5tbM,Cooking
aGqr5tbM,Painting
Wp7oYkka,Hiking
DScDVaE6,Cooking
DScDVaE6,Cycling
dM1ST2BO,Gardening
dM1ST2BO,Cycling
OjlbaAP9,Cooking
GDPG6Uul,Cycling
GDPG6Uul,Hiking
4j2rw7Nm,Reading
uUNMPStQ,Painting
uUNMPStQ,Reading
uUNMPStQ,Cooking
xmZkZhr5,Hiking
xmZkZhr5,Cooking
FcPv87RF,Hiking
rZArA3Kb,Cycling
rZArA3Kb,Gardening
Yob24UbM,Cycling
ER18clPd,Cycling
ER18clPd,Gardening
ER18clPd,Cooking
lXgi6hgj,Cycling
lXgi6hgj,Hiking
lXgi6hgj,Gardening
hC1FdJY1,Painting
hC1FdJY1,Gardening
cL9Wz40R,Painting
cL9Wz40R,Reading
OfbhctYg,Gardening
yX5UYahE,Reading
AdK9VJnO,Painting
AdK9VJnO,Gardening
AdK9VJnO,Hiking
tN92N0w6,Painting
tN92N0w6,Reading
tN92N0w6,Gardening
pvCeXZ4e,Gardening
pvCeXZ4e,Hiking
Pkliw6ft,Gardening
bF8HRZLV,Painting
bF8HRZLV,Cooking
8D7NjfYi,Cycling
W6CA4Est,Cooking
W6CA4Est,Hiking
2YfUzcTx,Cooking
2YfUzcTx,Cycling
9G6DwbPR,Painting
6Yv1hsPg,Cooking
6Yv1hsPg,Painting
6Yv1hsPg,Reading
fHNoHuxj,Hiking
fHNoHuxj,Cycling
SVroUgka,Hiking
SVroUgka,Reading
SVroUgka,Cycling
SjuoAGaW,Cooking
SjuoAGaW,Cycling
SjuoAGaW,Reading
hVsxEVnC,Reading
hVsxEVnC,Hiking
hVsxEVnC,Cycling
wS8tkSU6,Cooking
wS8tkSU6,Hiking
PNbdANMJ,Cycling
PNbdANMJ,Reading
PNbdANMJ,Hiking
59R1cmLq,Cooking
59R1cmLq,Cycling
59R1cmLq,Hiking
4bd9oFE5,Painting
4bd9oFE5,Hiking
4bd9oFE5,Gardening
96zEAgWb,Cycling
96zEAgWb,Cooking
96zEAgWb,Reading
wfQBD3EO,Gardening
wfQBD3EO,Painting
wfQBD3EO,Reading
1V33uRay,Hiking
1V33uRay,Gardening
fQPUJRjX,Painting
fQPUJRjX,Hiking
Zj3LtRmz,Reading
Zj3LtRmz,Hiking
Zj3LtRmz,Painting
T0V0saLg,Cycling
T0V0saLg,Gardening
T0V0saLg,Painting
HrVNGGFi,Gardening
HrVNGGFi,Reading
HrVNGGFi,Hiking
UVtelrts,Painting
UVtelrts,Hiking
UVtelrts,Cooking
p3Mkh97h,Cycling
p3Mkh97h,Hiking
uR1tqqUV,Painting
uR1tqqUV,Reading
uR1tqqUV,Hiking
IfECw5ql,Reading
HTpGEuiO,Painting
piAgUSB7,Cycling
pbdbpLQd,Hiking
pbdbpLQd,Reading
nQAo6g0w,Cooking
BxcMSgaD,Reading
rsE0ARze,Reading
rsE0ARze,Cooking
uGPhniAp,Hiking
uGPhniAp,Painting
8qMUClZg,Painting
ou7wrY0f,Cooking
KupZNNOD,Gardening
KupZNNOD,Painting
KupZNNOD,Reading
GymrASC9,Cycling
GymrASC9,Reading
GymrASC9,Gardening
KFL3idiw,Hiking
6XgTAZ1V,Reading
NqsWS4wO,Cooking
uZpvXyzt,Cooking
uZpvXyzt,Gardening
uZpvXyzt,Reading
AO5wWvjw,Painting
AO5wWvjw,Hiking
BkfGQ5fb,Cooking
XTys5cww,Painting
XTys5cww,Hiking
XTys5cww,Cycling
z4VH6cXZ,Cycling
z4VH6cXZ,Cooking
z4VH6cXZ,Painting
YaLoMnCG,Cooking
YaLoMnCG,Painting
YaLoMnCG,Gardening
vVTsKQNG,Reading
vVTsKQNG,Gardening
ZGtr2qhJ,Painting
ZGtr2qhJ,Gardening
ZGtr2qhJ,Hiking
pGh5FT88,Cycling
6HBDUQWi,Painting
6HBDUQWi,Gardening
6HBDUQWi,Hiking
5n4X2FYz,Reading
5n4X2FYz,Painting
5n4X2FYz,Gardening
Cx5rjgVF,Cycling
Cx5rjgVF,Cooking
v1hREb93,Hiking
MDhxdpu8,Reading
uUCTvadA,Painting
u8Y15xEW,Gardening
kNK1GAK9,Cycling
kNK1GAK9,Cooking
kNK1GAK9,Painting
zyWpYWvu,Hiking
zyWpYWvu,Cycling
7NOJvVwi,Cooking
7NOJvVwi,Cycling
7NOJvVwi,Reading
dvKtYIMb,Cooking
dvKtYIMb,Gardening
rbcUqcP7,Cooking
rbcUqcP7,Reading
rbcUqcP7,Gardening
zlxtEaws,Cycling
zlxtEaws,Reading
zlxtEaws,Hiking
oS4XKtJM,Gardening
oS4XKtJM,Cycling
cwcc8Mrn,Cooking
sh4sCyGm,Cooking
sh4sCyGm,Cycling
lM4IEuh5,Painting
lM4IEuh5,Reading
lM4IEuh5,Cycling
4xVRhOO0,Gardening
4xVRhOO0,Hiking
dZyHIfdR,Gardening
dZyHIfdR,Cooking
dZyHIfdR,Reading
V6y9QHyg,Reading
OxXHWDa7,Painting
OxXHWDa7,Cooking
OxXHWDa7,Hiking
z2cCr6Ve,Reading
z2cCr6Ve,Cycling
z2cCr6Ve,Cooking
VL9r5dMS,Cycling
VL9r5dMS,Reading
VL9r5dMS,Cooking
CdTpvKOa,Cycling
CdTpvKOa,Painting
CdTpvKOa,Hiking
KOV0PATn,Hiking
vNyMQ0J2,Painting
r52d94qO,Reading
r52d94qO,Gardening
pU6jMlJM,Hiking
JtFIkOUM,Reading
JtFIkOUM,Hiking
mszj3oCY,Gardening
mszj3oCY,Reading
mszj3oCY,Painting
Qo87lD5u,Hiking
LzYkccxN,Painting
ZDNaqLnd,Hiking
ZDNaqLnd,Gardening
ZDNaqLnd,Cooking
rrrGYTaz,Painting
dqGAoQD4,Hiking
dqGAoQD4,Cooking
B0rkLbS7,Cycling
64Lea3Mv,Reading
64Lea3Mv,Painting
64Lea3Mv,Hiking
cvpHIpy1,Hiking
cvpHIpy1,Cooking
cvpHIpy1,Reading
HiQEbtMK,Cooking
emGZumwM,Cooking
emGZumwM,Reading
APMz1QII,Cycling
APMz1QII,Reading
APMz1QII,Gardening
vjAGPcxa,Reading
vjAGPcxa,Gardening
vjAGPcxa,Painting
8VvwfbhG,Hiking
8VvwfbhG,Gardening
EYTcfVw2,Painting
7aVQMkf3,Hiking
ZJRMJwlH,Painting
bsRIyX08,Cycling
RSw6xpNz,Painting
3gFYGnal,Hiking
3gFYGnal,Cycling
3gFYGnal,Reading
jLOk2pEF,Cycling
jLOk2pEF,Gardening
gU8QqCno,Reading
WSeiWCMy,Gardening
WSeiWCMy,Cycling
WSeiWCMy,Hiking
iDI2jedm,Cycling
iDI2jedm,Cooking
iDI2jedm,Hiking
EKK3O5Xc,Painting
EKK3O5Xc,Gardening
EKK3O5Xc,Hiking
3MIhUBvn,Gardening
3MIhUBvn,Hiking
3MIhUBvn,Painting
50YzkEky,Hiking
50YzkEky,Reading
50YzkEky,Painting
0hbSmq38,Cooking
0hbSmq38,Gardening
0hbSmq38,Reading
eNZKhizD,Painting
eNZKhizD,Reading
eNZKhizD,Cooking
l0aDF3Cq,Gardening
l0aDF3Cq,Hiking
C5nX6KMZ,Hiking
C5nX6KMZ,Reading
C5nX6KMZ,Painting
zg44TI8X,Hiking
CbAiDN71,Cycling
CbAiDN71,Painting
66qjdvfb,Painting
SVpOeDSL,Reading
SVpOeDSL,Gardening
SVpOeDSL,Hiking
33hvnusc,Hiking
33hvnusc,Cooking
33hvnusc,Reading
e9JNe8Me,Painting
pDHii9qJ,Reading
pDHii9qJ,Cooking
dic5UmeX,Hiking
EI6ST9h0,Gardening
jsChZxu7,Cooking
jsChZxu7,Painting
S4fLxw1W,Reading
S4fLxw1W,Cycling
UdKDD0P2,Cooking
UdKDD0P2,Hiking
vvgyuNmo,Painting
vvgyuNmo,Gardening
vvgyuNmo,Cooking
tkwTG5bf,Reading
XngfU05N,Cycling
XngfU05N,Hiking
CVpNZdEv,Cycling
CVpNZdEv,Gardening
CVpNZdEv,Painting
8PfJEfyi,Hiking
8PfJEfyi,Reading
7L09xASz,Cooking
7L09xASz,Gardening
iJuG5HbI,Cycling
iJuG5HbI,Cooking
iJuG5HbI,Painting
SZt2yq3i,Painting
SZt2yq3i,Cycling
SZt2yq3i,Gardening
5xiS8pOY,Cycling
OLCogRzb,Cycling
sTRqixRO,Cycling
sTRqixRO,Hiking
LGCh66wq,Cycling
LGCh66wq,Cooking
9lQPSa3N,Painting
9lQPSa3N,Cycling
9lQPSa3N,Gardening
g1adQ21z,Cycling
PVfAgWbl,Gardening
FyzBSzNj,Reading
jNOJM7Ua,Reading
LPShxM4p,Cooking
LPShxM4p,Painting
sAglVTOO,Hiking
sAglVTOO,Cycling
rW5hrpGU,Cooking
rW5hrpGU,Gardening
Uaj0M1Hb,Painting
8q8I17sy,Painting
wuQtkVY7,Gardening
wuQtkVY7,Painting
GI4GYv4I,Reading
GI4GYv4I,Hiking
GI4GYv4I,Cycling
IikzVqSR,Gardening
IikzVqSR,Cooking
6vLAN1cc,Gardening
6vLAN1cc,Hiking
ln4X6jNO,Cycling
ln4X6jNO,Painting
01OecArV,Painting
01OecArV,Cycling
369rW2Zp,Cycling
369rW2Zp,Cooking
d4hOmZbJ,Hiking
myoqFgLt,Hiking
xVwJcclU,Reading
2O9bKguF,Hiking
xiiiMEUt,Painting
gP0U7gk9,Painting
uGFiHRau,Painting
uGFiHRau,Reading
uGFiHRau,Cooking
51a6ISLr,Cooking
TKknEqdA,Cycling
TKknEqdA,Hiking
7gbv93U9,Cycling
7gbv93U9,Gardening
329YREk0,Painting
329YREk0,Cycling
329YREk0,Reading
4Du4dElf,Cooking
4Du4dElf,Reading
4Du4dElf,Hiking
r3JLYBuo,Hiking
r3JLYBuo,Reading
r3JLYBuo,Cooking
ip8ZmEta,Cycling
ip8ZmEta,Reading
cN3wkDEf,Cooking
cN3wkDEf,Cycling
ceOjKt1O,Hiking
ceOjKt1O,Gardening
I1Umcuk1,Cycling
I1Umcuk1,Reading
I1Umcuk1,Hiking
1WYTNJqR,Gardening
sRbmuR7l,Hiking
d49SE0Wk,Gardening
d49SE0Wk,Hiking
crt9sQDt,Hiking
crt9sQDt,Painting
crt9sQDt,Gardening
RB7xfxQ6,Gardening
RB7xfxQ6,Cooking
OBqf1y9s,Gardening
OBqf1y9s,Cooking
H12yRwdu,Painting
H12yRwdu,Cycling
H12yRwdu,Gardening
WuSkgaeW,Cycling
WuSkgaeW,Reading
WuSkgaeW,Cooking
Xk0CYrmn,Gardening
kMjF1D7t,Gardening
kMjF1D7t,Hiking
PNWarJvm,Gardening
odHZTt0m,Cooking
hYgKZmfH,Gardening
DgKiWpos,Reading
DgKiWpos,Cooking
DgKiWpos,Cycling
F1aZpFB2,Gardening
WVFgEQ2x,Cooking
WVFgEQ2x,Cycling
WVFgEQ2x,Hiking
XQOmEduA,Gardening
RsxPKBPY,Painting
RsxPKBPY,Hiking
XLokewUp,Cooking
XLokewUp,Painting
XLokewUp,Hiking
d50ZLYBP,Gardening
aJXwAQ7W,Reading
aJXwAQ7W,Painting
aJXwAQ7W,Cooking
0ECJmRoB,Hiking
0ECJmRoB,Cooking
Z50jRxVD,Cooking
Z50jRxVD,Reading
Z50jRxVD,Painting
N58Q8wCF,Cooking
N58Q8wCF,Hiking
N58Q8wCF,Reading
2kffklNw,Cooking
2kffklNw,Gardening
VL6P2uOS,Cycling
VL6P2uOS,Gardening
VL6P2uOS,Cooking
xWlIRaSc,Painting
xWlIRaSc,Hiking
xWlIRaSc,Cooking
yVGUlI21,Cycling
yVGUlI21,Painting
yVGUlI21,Reading
Ggg4bUnT,Painting
Ggg4bUnT,Hiking
kXCDEUoO,Reading
kXCDEUoO,Hiking
2Keh95h7,Cooking
WuFZ1Q3r,Gardening
vFk7e7z1,Gardening
UCOhJv3E,Reading
WFEQpcJv,Reading
WFEQpcJv,Painting
WFEQpcJv,Cycling
Edv2b41L,Gardening
mSBNFbkQ,Cooking
mSBNFbkQ,Hiking
09FtVuqX,Painting
09FtVuqX,Reading
p0iLWV59,Gardening
g087gj0h,Cycling
g087gj0h,Reading
TKzfxenj,Hiking
TKzfxenj,Painting
TKzfxenj,Cooking
xbeCza3A,Cooking
xbeCza3A,Gardening
cFL7LZ7b,Cooking
cFL7LZ7b,Gardening
cFL7LZ7b,Painting
A3M0lSTd,Hiking
A3M0lSTd,Cooking
A3M0lSTd,Reading
q2HWbcEQ,Painting
q2HWbcEQ,Cooking
K6pNUy7B,Cycling
LGRU6dFL,Gardening
LGRU6dFL,Cooking
LGRU6dFL,Hiking
UlqyU3oo,Cycling
UlqyU3oo,Cooking
UlqyU3oo,Reading
G015rc9B,Reading
G015rc9B,Cycling
G015rc9B,Hiking
YKc6q06G,Cooking
YKc6q06G,Reading
YKc6q06G,Gardening
FwjwEcwe,Cooking
FwjwEcwe,Reading
0goqLgZB,Hiking
0goqLgZB,Gardening
XkXxUNq0,Cycling
gqAPhAZx,Reading
gqAPhAZx,Cooking
gqAPhAZx,Hiking
NrLZvGBd,Hiking
NrLZvGBd,Reading
NrLZvGBd,Gardening
PEHRzWaA,Gardening
OeA3cJik,Hiking
OeA3cJik,Cycling
OeA3cJik,Reading
wwVrTyMI,Gardening
wwVrTyMI,Cooking
wwVrTyMI,Cycling
Mgw0jDv9,Reading
Mgw0jDv9,Cooking
Mgw0jDv9,Cycling
jDCIlC8a,Hiking
jDCIlC8a,Cycling
jDCIlC8a,Gardening
SpAlPioo,Gardening
177VkXQf,Reading
177VkXQf,Painting
177VkXQf,Gardening
oV5dLH1f,Reading
oV5dLH1f,Cooking
GsuCHJSO,Hiking
GsuCHJSO,Painting
GsuCHJSO,Cooking
c1DyITPf,Cooking
c1DyITPf,Hiking
c1DyITPf,Reading
gkiTkJO2,Cycling
gkiTkJO2,Reading
gkiTkJO2,Gardening
kBCuBM7V,Reading
kBCuBM7V,Cycling
kBCuBM7V,Hiking
PZ55JLSA,Reading
LSDeOtct,Reading
auofuEwV,Hiking
6m0Cvrwa,Gardening
6m0Cvrwa,Cooking
8oAiM78q,Cooking
8oAiM78q,Reading
8oAiM78q,Painting
l6pCw3eu,Hiking
l6pCw3eu,Reading
pK4GQ4GD,Cycling
pK4GQ4GD,Cooking
ttYJ6UHV,Hiking
ttYJ6UHV,Cycling
uZYBWpn9,Painting
zijULZui,Hiking
M5WiHaU6,Gardening
M5WiHaU6,Cooking
qewEhsjm,Cooking
wVW1VDjg,Cycling
wVW1VDjg,Gardening
wVW1VDjg,Cooking
btuVjdcm,Reading
40jVhz1M,Hiking
40jVhz1M,Gardening
40jVhz1M,Cooking
1mal4oQa,Reading
HmFVUgdR,Cooking
kY3mk5gh,Painting
kY3mk5gh,Reading
p5vyo2gV,Hiking
p5vyo2gV,Painting
H8OfhA1O,Cooking
lss6scDF,Gardening
lss6scDF,Cycling
lss6scDF,Painting
qWYuPBWh,Reading
qWYuPBWh,Cycling
qWYuPBWh,Gardening
mn1B7sU8,Painting
Y4bdpa77,Gardening
U8UeiMxq,Gardening
U8UeiMxq,Cycling
U8UeiMxq,Cooking
tOzmt8Tf,Reading
tOzmt8Tf,Painting
Ng4LuzKL,Painting
Ng4LuzKL,Gardening
E0R2ZrOs,Hiking
E0R2ZrOs,Painting
iU4TJRmv,Hiking
iU4TJRmv,Cycling
vhlwcd94,Painting
vhlwcd94,Hiking
vhlwcd94,Gardening
tYE0TwAF,Cooking
tYE0TwAF,Reading
vmL2pKf7,Hiking
vmL2pKf7,Cooking
PreHWIdz,Cooking
UTWXlAsI,Cooking
UTWXlAsI,Hiking
UTWXlAsI,Cycling
rc2qJQYF,Cycling
rc2qJQYF,Gardening
UU1UdXyA,Hiking
UU1UdXyA,Gardening
T0dLGvgY,Painting
T0dLGvgY,Hiking
T0dLGvgY,Cycling
cbsiAsO9,Reading
cbsiAsO9,Cooking
OgLAiGkv,Cycling
OgLAiGkv,Cooking
K676wTca,Cooking
K676wTca,Reading
K676wTca,Hiking
DnI0PSiu,Hiking
DnI0PSiu,Cooking
DnI0PSiu,Cycling
t7cW9ml4,Hiking
SFsXzSs0,Painting
SFsXzSs0,Cycling
qdZNYwb3,Hiking
qdZNYwb3,Cooking
qdZNYwb3,Painting
GvrRcrwu,Cooking
GvrRcrwu,Reading
GvrRcrwu,Cycling
U9jy7dRK,Cycling
75CFLYmT,Gardening
75CFLYmT,Cooking
L1gNLnwS,Gardening
lYVQtq3y,Cycling
lYVQtq3y,Cooking
tKUcJSv0,Reading
tKUcJSv0,Painting
lNQJ0oOn,Reading
lNQJ0oOn,Cycling
ndzGysjq,Painting
ndzGysjq,Reading
pg0RLKXT,Painting
pg0RLKXT,Reading
7anBCiAl,Hiking
7anBCiAl,Cooking
FBIUXo59,Reading
FBIUXo59,Hiking
LLr1TQIr,Cooking
LLr1TQIr,Hiking
LLr1TQIr,Cycling
YQLgF5kU,Cooking
YQLgF5kU,Cycling
mj2XdG2C,Cooking
mj2XdG2C,Reading
WzdNnwqf,Cycling
Z51vvUeX,Cooking
Z51vvUeX,Gardening
Z51vvUeX,Reading
AYe5tIbJ,Reading
AYe5tIbJ,Hiking
6QcVcJ2A,Gardening
6QcVcJ2A,Reading
6QcVcJ2A,Hiking
Wijzs00E,Gardening
Wijzs00E,Reading
oPqBcnlU,Reading
oPqBcnlU,Cycling
oPqBcnlU,Cooking
fIR5ylOw,Painting
LLYnRYDn,Gardening
I8X3xmXn,Hiking
I8X3xmXn,Painting
I8X3xmXn,Cooking
SvPoOQDb,Cycling
SvPoOQDb,Hiking
SvPoOQDb,Painting
4hH66f4N,Painting
4hH66f4N,Gardening
4hH66f4N,Cycling
L6oXRiFK,Reading
L6oXRiFK,Hiking
rh84RKTv,Painting
rh84RKTv,Gardening
rh84RKTv,Reading
nZb7rhRm,Hiking
nZb7rhRm,Painting
nZb7rhRm,Reading
Yov5OFPo,Painting
Yov5OFPo,Cooking
krC6cE7p,Hiking
krC6cE7p,Reading
krC6cE7p,Cycling
NQOx4zry,Gardening
Jbn2SlOU,Hiking
Jbn2SlOU,Reading
Jbn2SlOU,Cycling
7pZHSHz2,Cycling
7pZHSHz2,Gardening
7pZHSHz2,Hiking
ykepHB6l,Painting
Fop7uYak,Painting
Fop7uYak,Reading
Fop7uYak,Cycling
gN81kStd,Hiking
gN81kStd,Painting
svNxfBj1,Gardening
svNxfBj1,Cycling
svNxfBj1,Reading
1vveeDMh,Hiking
1vveeDMh,Cycling
YBLKd44z,Cycling
oj838QEP,Reading
oj838QEP,Painting
w9AthXNR,Gardening
5nEQmBtq,Cycling
vPnCdEGu,Gardening
vPnCdEGu,Cycling
vPnCdEGu,Cooking
v33mSQhw,Cycling
v33mSQhw,Hiking
uJY9qVmV,Reading
SajrrkfU,Cooking
SajrrkfU,Cycling
Fm6dqaso,Cycling
spKr8Ofn,Hiking
3DMGTS8n,Cycling
3DMGTS8n,Cooking
3DMGTS8n,Gardening
PuQXmOFI,Reading
sVhZ38RB,Gardening
sVhZ38RB,Cycling
KMtDB3mV,Cycling
KMtDB3mV,Painting
KMtDB3mV,Gardening
f8GvlB10,Hiking
f8GvlB10,Cooking
fRWT6hcb,Cycling
fRWT6hcb,Gardening
fRWT6hcb,Reading
ULxWBN7u,Hiking
lAn6ZcnJ,Reading
lAn6ZcnJ,Painting
lAn6ZcnJ,Gardening
1eWbKVnM,Reading
1eWbKVnM,Painting
HVW6PVuS,Cooking
uaHo73Xk,Cycling
uaHo73Xk,Painting
nnAQNxtD,Painting
nnAQNxtD,Reading
G07UgNNU,Cycling
G07UgNNU,Gardening
G07UgNNU,Hiking
pVVJ9A6Z,Hiking
IhR6LSFT,Reading
Q3ZMJzBk,Gardening
XR23iv9b,Gardening
XR23iv9b,Hiking
xZkblpwW,Cycling
DQU8gTiE,Reading
DQU8gTiE,Cycling
8jLEYjKq,Hiking
8jLEYjKq,Cycling
nFVGx5jc,Gardening
nFVGx5jc,Hiking
nFVGx5jc,Cooking
wmijXuud,Cycling
wmijXuud,Gardening
C4Zu97KI,Cycling
C4Zu97KI,Cooking
C4Zu97KI,Painting
2LBe2mR5,Cooking
2LBe2mR5,Reading
2LBe2mR5,Gardening
flkibqWP,Gardening
vAQkOj45,Reading
hJ6Smjjo,Hiking
VXYFNTds,Gardening
VXYFNTds,Cycling
VXYFNTds,Hiking
wIYqExuJ,Cooking
07Cv1mGW,Hiking
TWWk22XM,Reading
9ozjaGOk,Reading
9ozjaGOk,Cycling
9ozjaGOk,Hiking
SlukEhh6,Reading
l6FRWJE8,Painting
l6FRWJE8,Reading
FszeiISf,Hiking
FszeiISf,Cycling
FszeiISf,Cooking
tvNncdbz,Cooking
tvNncdbz,Hiking
NQYvLPPO,Cycling
NQYvLPPO,Hiking
OoFgxDAB,Painting
tW55brwr,Cooking
tW55brwr,Cycling
tW55brwr,Gardening
Yr5kiARY,Reading
Yr5kiARY,Painting
Yr5kiARY,Hiking
2eAr2pX5,Gardening
2eAr2pX5,Cycling
GnSeb7j9,Gardening
GnSeb7j9,Cooking
GnSeb7j9,Reading
ReQHyCu0,Gardening
ReQHyCu0,Cycling
ReQHyCu0,Cooking
fRPynwSC,Cycling
fRPynwSC,Reading
fRPynwSC,Gardening
MIxXgq8f,Gardening
MIxXgq8f,Painting
MIxXgq8f,Hiking
xvFeZUhT,Gardening
xvFeZUhT,Reading
lTMqh5Vu,Painting
lTMqh5Vu,Cycling
lTMqh5Vu,Reading
q0ZZ1DyZ,Reading
q0ZZ1DyZ,Cooking
ogK6afkQ,Reading
DEWmA1bG,Reading
DEWmA1bG,Hiking
DEWmA1bG,Gardening
CVpXlvSu,Cooking
aAL7lpLJ,Gardening
aAL7lpLJ,Hiking
YbvxQzEx,Painting
YbvxQzEx,Cooking
sBr4eL1w,Cycling
sBr4eL1w,Hiking
sBr4eL1w,Gardening
PRdQMfGk,Gardening
6sauuMgn,Painting
6sauuMgn,Cooking
6sauuMgn,Cycling
Ebjc12Ri,Hiking
Ebjc12Ri,Cooking
Ebjc12Ri,Gardening
lRJfFOFe,Cycling
lRJfFOFe,Cooking
lRJfFOFe,Painting
ky1qFKdF,Reading
ky1qFKdF,Cooking
ky1qFKdF,Painting
l3TH2WC0,Gardening
KwXIxlER,Reading
VLRJT6Pi,Painting
VLRJT6Pi,Reading
VLRJT6Pi,Cycling
SZz9kEW4,Painting
SZz9kEW4,Hiking
SZz9kEW4,Reading
NZrP7Pjw,Cycling
gEBqbYgK,Cooking
gEBqbYgK,Reading
gEBqbYgK,Gardening
hVHG2ik5,Reading
hVHG2ik5,Cooking
hVHG2ik5,Gardening
pDPXkt11,Reading
pDPXkt11,Cycling
rAI0VW3r,Gardening
rAI0VW3r,Reading
rAI0VW3r,Cycling
aMP1dsgf,Painting
aMP1dsgf,Cooking
V4HzfWKl,Hiking
EOEdlbUb,Cooking
EOEdlbUb,Reading
JOfglyWn,Gardening
PpkLz3Qs,Cooking
PpkLz3Qs,Hiking
0uMMu9Uw,Gardening
Emh2Lxz0,Hiking
Emh2Lxz0,Gardening
fcFqQWi4,Cycling
fcFqQWi4,Painting
fcFqQWi4,Gardening
HrYzIF2F,Cycling
HrYzIF2F,Cooking
K70tQ2ML,Reading
L4UAeAHS,Painting
L4UAeAHS,Gardening
Xj4Lj6we,Gardening
Xj4Lj6we,Painting
kYLhjYAz,Painting
kYLhjYAz,Cycling
0WCQum0m,Gardening
0WCQum0m,Painting
0WCQum0m,Reading
waoUJr4E,Gardening
waoUJr4E,Painting
waoUJr4E,Cycling
0SRppWqK,Cooking
0SRppWqK,Gardening
gKArE9Kv,Gardening
jMnExysV,Painting
jMnExysV,Cooking
jMnExysV,Cycling
35qmkWlp,Cycling
35qmkWlp,Hiking
35qmkWlp,Gardening
8WjryLH6,Hiking
2ko6rAAM,Painting
2ko6rAAM,Cooking
bUKRssne,Cooking
bUKRssne,Gardening
WTiTaU5S,Cooking
lhcUFBy9,Cooking
lhcUFBy9,Cycling
Ixx0kZCH,Cooking
Ixx0kZCH,Reading
3W1jeQbW,Cooking
3W1jeQbW,Painting
4OL87GYT,Reading
r4vTwDw7,Gardening
r4vTwDw7,Hiking
r4vTwDw7,Cooking
by2t5tV7,Painting
pFx1fdJV,Reading
pFx1fdJV,Cooking
pFx1fdJV,Hiking
TsZmZpC1,Gardening
HMdGwlSa,Painting
HMdGwlSa,Hiking
HMdGwlSa,Cycling
OcNfPuNC,Cycling
t3QeVtXT,Cooking
t3QeVtXT,Reading
t3QeVtXT,Hiking
ePEsIyEg,Cycling
mbFOvQUE,Reading
mbFOvQUE,Painting
mbFOvQUE,Cycling
xGhD9EMx,Cooking
0yyaOpnm,Painting
0yyaOpnm,Cooking
0yyaOpnm,Hiking
8RpauY3J,Gardening
nOxONOkC,Painting
nUsmZhoZ,Cooking
nUsmZhoZ,Gardening
nUsmZhoZ,Cycling
8BOTytot,Cooking
8BOTytot,Reading
8BOTytot,Hiking
CAvZcs9m,Hiking
CAvZcs9m,Cycling
CAvZcs9m,Reading
76mcPJtw,Cycling
GBSf7i9s,Painting
DAqCPj0g,Reading
DAqCPj0g,Painting
DAqCPj0g,Cooking
a2YJOdz5,Painting
a2YJOdz5,Hiking
EgXfh9CV,Hiking
EgXfh9CV,Cycling
EgXfh9CV,Gardening
B8rUxPDq,Cycling
B8rUxPDq,Reading
B8rUxPDq,Hiking
VFdHtQpf,Gardening
Bj2Kvkz5,Hiking
Bj2Kvkz5,Cycling
usMkRRqy,Reading
usMkRRqy,Cycling
hfuA6l1r,Gardening
hfuA6l1r,Cycling
hfuA6l1r,Reading
pXzF4X76,Hiking
pXzF4X76,Reading
JVVKHACo,Gardening
JVVKHACo,Reading
bQ6hd7au,Hiking
bQ6hd7au,Cooking
bQ6hd7au,Painting
PGfYQiIP,Hiking
Cpqca4wz,Painting
Cpqca4wz,Reading
Cpqca4wz,Gardening
GDj8QtXh,Gardening
QQ3KmabV,Gardening
QQ3KmabV,Painting
QQ3KmabV,Cooking
jxH1q6Ow,Hiking
jxH1q6Ow,Cycling
jxH1q6Ow,Painting
TiM3Zw1i,Hiking
TiM3Zw1i,Gardening
rolevXP0,Gardening
rolevXP0,Painting
rVQxPItt,Cooking
rVQxPItt,Painting
rVQxPItt,Hiking
EeU6xkNB,Cycling
EeU6xkNB,Gardening
YfZUwJGX,Cycling
YfZUwJGX,Gardening
3QbEhOse,Hiking
3QbEhOse,Cycling
0ZUtyB8H,Cooking
0ZUtyB8H,Painting
hgsUIZYY,Painting
ISJTDouP,Cooking
ISJTDouP,Cycling
CfKOwOb7,Cycling
CfKOwOb7,Gardening
CfKOwOb7,Cooking
TKes5tEW,Reading
rzBicv84,Cooking
rzBicv84,Reading
Tj6OH0HG,Painting
Tj6OH0HG,Gardening
Z4Z6YsMP,Gardening
KT3RRrIK,Painting
KT3RRrIK,Hiking
NnsOc5Wg,Hiking
NnsOc5Wg,Gardening
NnsOc5Wg,Cooking
BYi3wSOR,Cooking
BYi3wSOR,Gardening
a5ILoeOV,Reading
a5ILoeOV,Cycling
YlUUodlO,Hiking
Q0xvxwUc,Painting
Q0xvxwUc,Gardening
PQpWU2yr,Hiking
XaFZKceR,Cycling
we9byJWp,Hiking
we9byJWp,Cooking
we9byJWp,Gardening
waNhtuZq,Hiking
waNhtuZq,Cycling
waNhtuZq,Gardening
CT5akaqK,Reading
RKr2xxuG,Hiking
wIgu8s5F,Gardening
jOCNskYm,Gardening
jOCNskYm,Painting
nTMCLFXU,Hiking
IDexwX92,Cycling
IDexwX92,Painting
xixwxlsL,Reading
xixwxlsL,Cycling
PrYTY4UV,Hiking
PrYTY4UV,Painting
fGo4nYBd,Cycling
fGo4nYBd,Painting
JaEJgABZ,Gardening
PVuK9aIS,Reading
PVuK9aIS,Cycling
wbR5zdY7,Reading
wbR5zdY7,Cooking
wbR5zdY7,Painting
zwnt9DvA,Reading
yt2OusX2,Reading
yt2OusX2,Gardening
yt2OusX2,Cooking
e3vwvkj7,Gardening
e3vwvkj7,Painting
e3vwvkj7,Reading
ik9Qae9b,Gardening
aetbiCbD,Painting
aetbiCbD,Cooking
aetbiCbD,Reading
qWRyqs3v,Reading
qWRyqs3v,Cycling
qWRyqs3v,Cooking
tStKPAms,Hiking
tStKPAms,Cycling
y37sPdhl,Reading
y37sPdhl,Gardening
y37sPdhl,Cooking
VaTUTG8z,Gardening
VaTUTG8z,Reading
ZXb6llgU,Cooking
vRzri7qI,Gardening
vRzri7qI,Reading
vRzri7qI,Cooking
xnLu8FnG,Reading
xnLu8FnG,Cooking
xnLu8FnG,Gardening
8pB8GPyW,Gardening
md26tYUw,Hiking
md26tYUw,Reading
b4Yt7YcI,Cycling
b4Yt7YcI,Gardening
GZwl3dao,Gardening
mLqhCG8o,Hiking
mLqhCG8o,Painting
mLqhCG8o,Cycling
vuJZRyjH,Gardening
vuJZRyjH,Reading
Oc8JSR38,Hiking
Oc8JSR38,Cooking
Oc8JSR38,Reading
z7UeXoEf,Hiking
KNKfRBFI,Cooking
KNKfRBFI,Painting
Amm88fjd,Reading
Amm88fjd,Cycling
IwiCLXV5,Cycling
IwiCLXV5,Gardening
Z4RjRexL,Reading
Z4RjRexL,Painting
Z4RjRexL,Gardening
GZibkFhz,Reading
GZibkFhz,Hiking
QrOdielC,Reading
QrOdielC,Hiking
DHESaNfQ,Cycling
NPQLxfg5,Cycling
NPQLxfg5,Reading
hreRaC1W,Gardening
hreRaC1W,Hiking
hreRaC1W,Reading
hGqdH4zL,Cycling
hGqdH4zL,Cooking
UlQD2kBx,Painting
dEBLA7yr,Hiking
dEBLA7yr,Gardening
B7FXynC0,Gardening
B7FXynC0,Cooking
B7FXynC0,Painting
ocDvTUZH,Cycling
QNDxlorP,Hiking
sqPe7rA6,Cooking
sqPe7rA6,Reading
EftpE7Av,Cycling
4tDi5GOa,Cooking
vz94n6EP,Reading
vz94n6EP,Cooking
23m9ooa1,Cooking
23m9ooa1,Gardening
23m9ooa1,Reading
cTi45QoX,Reading
w9saXufL,Gardening
B6NpvyiE,Hiking
B6NpvyiE,Cycling
2b0MHRB2,Cooking
2b0MHRB2,Cycling
2b0MHRB2,Hiking
GAcd5p32,Cycling
Mvn0VzXf,Cycling
Mvn0VzXf,Hiking
Mvn0VzXf,Reading
kh52M01a,Cycling
5lYsEBca,Cycling
5lYsEBca,Hiking
EfwEoKdU,Cycling
v8RYGuw5,Cycling
50V0p732,Hiking
o4sKThax,Cycling
o4sKThax,Gardening
o4sKThax,Hiking
x7xTkOuq,Painting
6tpB0nzm,Hiking
6tpB0nzm,Gardening
6tpB0nzm,Cycling
4SZQhuTa,Cooking
4SZQhuTa,Cycling
uILM7yV5,Gardening
N79R1VTh,Gardening
N79R1VTh,Reading
N79R1VTh,Cycling
66EZvnHE,Cooking
9MM2AAGY,Painting
NzrcuhC2,Hiking
NzrcuhC2,Reading
nEUn933O,Reading
nEUn933O,Gardening
Jaf2gx9g,Hiking
p9O4frmb,Painting
p9O4frmb,Hiking
p9O4frmb,Reading
GIbFvzvw,Cooking
RNqrl34x,Gardening
RNqrl34x,Reading
5P5q7sXm,Cooking
5P5q7sXm,Hiking
RUPI7FFd,Hiking
RUPI7FFd,Cycling
RUPI7FFd,Gardening
yCE8nnX4,Reading
yCE8nnX4,Painting
yCE8nnX4,Cycling
EZUzB9ep,Cycling
ofMZpG5W,Cycling
ofMZpG5W,Hiking
YdRXPsJt,Reading
YdRXPsJt,Gardening
rt8zP6Pq,Cycling
rt8zP6Pq,Cooking
12xtgSpv,Gardening
1RbX6XK0,Painting
1RbX6XK0,Cooking
1RbX6XK0,Reading
j5IKQclL,Cooking
lLymnTOw,Gardening
lLymnTOw,Cooking
V7g1Efm5,Gardening
w3gSBTE4,Hiking
w3gSBTE4,Reading
u1p5KthF,Gardening
u1p5KthF,Cycling
u1p5KthF,Reading
vvfeTxvE,Cycling
Zz7AoIEz,Painting
Zz7AoIEz,Reading
Zz7AoIEz,Cooking
rpUDmFfx,Reading
rpUDmFfx,Hiking
kvOfKl6h,Painting
YR9CPzjh,Reading
4Ccy3EeC,Reading
4Ccy3EeC,Cycling
zAwdHVlV,Cooking
KsuepBc6,Reading
x9sGYcnd,Reading
x9sGYcnd,Hiking
hICbLMrg,Reading
hICbLMrg,Painting
8dlLa0eu,Cycling
sLI6aQmZ,Gardening
sLI6aQmZ,Cooking
gpAGUFk9,Gardening
gpAGUFk9,Cooking
gpAGUFk9,Cycling
gAVmtDgj,Painting
gAVmtDgj,Hiking
gAVmtDgj,Cooking
gwQuW9xJ,Reading
gwQuW9xJ,Cycling
gwQuW9xJ,Hiking
UvZshp5f,Gardening
UvZshp5f,Painting
UvZshp5f,Hiking
icwXr8kq,Reading
v4uy6uMc,Reading
v4uy6uMc,Hiking
v4uy6uMc,Cooking
pVFoAp30,Hiking
2hAyvq1Z,Reading
2hAyvq1Z,Cooking
gWAmh4cn,Cycling
eQBTQx7V,Hiking
eQBTQx7V,Reading
uL9EvEhc,Painting
fUoOs2WO,Cooking
EXB94O0I,Hiking
EXB94O0I,Gardening
EXB94O0I,Cooking
BDRtVFJA,Gardening
BDRtVFJA,Reading
YojnexlH,Gardening
YojnexlH,Cooking
YojnexlH,Hiking
Opkv11y2,Painting
Opkv11y2,Cooking
IvVQtVqG,Gardening
IvVQtVqG,Reading
L8QZWFmV,Painting
L8QZWFmV,Gardening
1SLMRcEx,Hiking
1SLMRcEx,Reading
3i4UDNKO,Gardening
3i4UDNKO,Cooking
d5rsqATt,Reading
d5rsqATt,Cycling
d5rsqATt,Painting
vBnvTIDj,Painting
vBnvTIDj,Cycling
Y2vEDz3s,Painting
XmBXIJ6d,Gardening
BXjE244t,Reading
BXjE244t,Cooking
uKRWAdD7,Cycling
uKRWAdD7,Hiking
uKRWAdD7,Cooking
jZWGIxiP,Cooking
jZWGIxiP,Reading
jZWGIxiP,Painting
e3puWwMI,Cycling
QQ7WQVPk,Reading
QQ7WQVPk,Cooking
l0bV0Zlu,Gardening
l0bV0Zlu,Cooking
l0bV0Zlu,Cycling
8Sq9EriH,Painting
8Sq9EriH,Reading
LqED0tKi,Gardening
LqED0tKi,Hiking
OJtfFC1i,Painting
OJtfFC1i,Hiking
lGcIErG1,Hiking
lGcIErG1,Cooking
lGcIErG1,Cycling
fkMZMLLc,Hiking
fkMZMLLc,Cooking
czF5KzeF,Cycling
KzTQG5Oe,Hiking
KzTQG5Oe,Painting
eGrBz2QP,Painting
eGrBz2QP,Reading
eGrBz2QP,Cycling
gU686HwN,Cycling
gU686HwN,Reading
gU686HwN,Hiking
nftqnwrr,Reading
nftqnwrr,Gardening
nftqnwrr,Painting
PG9znGYs,Gardening
PG9znGYs,Cooking
uaHhSKUj,Cooking
uaHhSKUj,Painting
uaHhSKUj,Hiking
vUNAUQkM,Hiking
vUNAUQkM,Painting
7WT277XP,Painting
7WT277XP,Hiking
7WT277XP,Reading
xGN5rm8y,Hiking
S2EvNrvT,Gardening
aIZHITUv,Hiking
aIZHITUv,Cycling
aIZHITUv,Gardening
lICd6vwe,Hiking
0bXhpTn4,Reading
tUFMq34x,Painting
tUFMq34x,Hiking
cllqiNhG,Gardening
cllqiNhG,Painting
BThD3A9R,Cycling
BThD3A9R,Gardening
BThD3A9R,Hiking
tRTpul3u,Cooking
BtATKhsk,Reading
BtATKhsk,Painting
BtATKhsk,Cooking
qQBpt5iY,Gardening
05nwi9jP,Painting
05nwi9jP,Reading
05nwi9jP,Cooking
L42FoC0c,Cooking
L42FoC0c,Gardening
L42FoC0c,Painting
ZLcy6MGl,Painting
ZLcy6MGl,Reading
ZLcy6MGl,Cooking
QDiPZOzd,Hiking
rEyvn6Wp,Reading
RGi5cNxq,Painting
RGi5cNxq,Reading
RGi5cNxq,Cycling
15TpQ2lH,Reading
WLyS956a,Gardening
WLyS956a,Hiking
XnuGa5lN,Cycling
XnuGa5lN,Gardening
XnuGa5lN,Painting
GoYAl8Kh,Reading
AUZwKL0x,Gardening
AUZwKL0x,Cycling
AUZwKL0x,Painting
wITwn5a4,Painting
wITwn5a4,Cooking
wITwn5a4,Gardening
Q7OYXdoP,Cycling
Q7OYXdoP,Hiking
4EItdfUf,Hiking
4EItdfUf,Cooking
4EItdfUf,Gardening
2QCy4OrB,Reading
2QCy4OrB,Cycling
yXVVMvCH,Reading
yXVVMvCH,Cooking
yXVVMvCH,Painting
eMa1ywfz,Painting
eMa1ywfz,Gardening
eMa1ywfz,Hiking
iG3WAw61,Reading
iG3WAw61,Cooking
iG3WAw61,Painting
G19bRANc,Reading
YT4YWbq7,Painting
YT4YWbq7,Reading
76TE9yey,Painting
76TE9yey,Cooking
BCrRC9fU,Gardening
BCrRC9fU,Cooking
BCrRC9fU,Painting
pYo3YLAp,Reading
pYo3YLAp,Gardening
IMnmDyiG,Cycling
EWwyOB5d,Gardening
CYtueMzt,Painting
CYtueMzt,Cooking
CYtueMzt,Hiking
NavJcGz1,Reading
NavJcGz1,Painting
NavJcGz1,Gardening
FyYDD49x,Cooking
FyYDD49x,Gardening
1TlvCJtN,Cycling
bRebwMhE,Painting
bRebwMhE,Gardening
mVMnCdTt,Cycling
mVMnCdTt,Cooking
mVMnCdTt,Gardening
aoMmsHn5,Hiking
aoMmsHn5,Painting
FpKpb9Em,Gardening
FpKpb9Em,Hiking
FpKpb9Em,Painting
lGu9P34I,Painting
lGu9P34I,Reading
lGu9P34I,Hiking
WXB5BK1n,Cycling
WXB5BK1n,Reading
moxJaT7B,Hiking
moxJaT7B,Reading
tYTOHYmd,Reading
tYTOHYmd,Cooking
CJ3VxA0R,Hiking
CJ3VxA0R,Cycling
X1LU76a5,Gardening
AQO7hMsQ,Painting
AQO7hMsQ,Gardening
AQO7hMsQ,Cooking
mqC3jrOS,Painting
mqC3jrOS,Cooking
mqC3jrOS,Hiking
EAotfv9s,Reading
ktteL0mO,Cycling
ehTf0GrG,Cycling
ehTf0GrG,Gardening
OlXmHNIv,Cycling
rCo17xPp,Painting
rCo17xPp,Gardening
rCo17xPp,Cycling
l8PG8yTv,Cooking
l8PG8yTv,Gardening
l8PG8yTv,Painting
3fqiZ2u2,Cooking
xST6oQEc,Hiking
xST6oQEc,Reading
xST6oQEc,Painting
RA539cFl,Cooking
RA539cFl,Reading
RA539cFl,Gardening
XH1jOORM,Reading
qJag8m8s,Reading
s0YM1Viu,Cooking
s0YM1Viu,Cycling
yitUWFi1,Gardening
dvOUJLHd,Cooking
wspvk9ic,Cycling
wspvk9ic,Reading
wspvk9ic,Gardening
TNjHGZHn,Gardening
TNjHGZHn,Painting
UGiRUwwP,Hiking
UGiRUwwP,Painting
UGiRUwwP,Cycling
dcxuvFdR,Cycling
dcxuvFdR,Reading
29mBK3Pl,Hiking
1QwwyEIp,Cycling
1QwwyEIp,Cooking
1QwwyEIp,Gardening
tRFh4SBF,Reading
tRFh4SBF,Cooking
tRFh4SBF,Cycling
h6o7Zt0s,Reading
h6o7Zt0s,Hiking
h6o7Zt0s,Cooking
UB6kLaBT,Cooking
UB6kLaBT,Cycling
13aImU7m,Cycling
13aImU7m,Reading
gAqiPWKw,Reading
gAqiPWKw,Painting
fZ84Gkk0,Gardening
fZ84Gkk0,Painting
fZ84Gkk0,Cycling
44z11Eg4,Cooking
44z11Eg4,Reading
42jbYBkU,Reading
8k3fHQ2l,Reading
R5C5iQ3v,Hiking
R5C5iQ3v,Gardening
R5C5iQ3v,Reading
7Q5cLx1D,Hiking
7Q5cLx1D,Gardening
7Q5cLx1D,Painting
e9Opvmrg,Gardening
e9Opvmrg,Cooking
UhJnV79l,Gardening
UhJnV79l,Cycling
AQmIrGuG,Cycling
AQmIrGuG,Gardening
gmbDCPec,Cooking
gmbDCPec,Painting
gmbDCPec,Gardening
v2QaLEqa,Painting
Lku3pqMR,Cooking
wTLwnU1y,Gardening
5x2dO3UH,Reading
5x2dO3UH,Painting
5x2dO3UH,Cooking
oAKqXhAS,Cooking
oAKqXhAS,Painting
oAKqXhAS,Cycling
mJ5MYKOR,Cooking
mJ5MYKOR,Reading
oN1Z9RmN,Painting
oN1Z9RmN,Cycling
oN1Z9RmN,Gardening
AFRraOc7,Painting
nA8hjPPS,Cycling
nA8hjPPS,Gardening
nA8hjPPS,Painting
rnyz2pP5,Painting
rnyz2pP5,Gardening
geob48b2,Hiking
geob48b2,Cycling
geob48b2,Reading
0X4cGPNw,Cycling
0X4cGPNw,Reading
0X4cGPNw,Cooking
Bs5QaBz2,Cooking
IagXutkC,Cooking
IagXutkC,Hiking
IagXutkC,Reading
XzZkctyF,Cooking
XzZkctyF,Hiking
XzZkctyF,Reading
0zSAK3SC,Cycling
ZD34YrKb,Cooking
ZD34YrKb,Reading
UeWNm5V6,Cooking
UeWNm5V6,Hiking
isEbSFRM,Gardening
isEbSFRM,Reading
1IskbOv8,Reading
1IskbOv8,Cycling
xQVyz9O5,Cooking
xQVyz9O5,Gardening
xQVyz9O5,Hiking
j7vQWros,Hiking
j7vQWros,Cycling
HnYyXXBG,Gardening
Dfb7tUnY,Hiking
Dfb7tUnY,Reading
Dfb7tUnY,Cooking
eiWcBe81,Gardening
eiWcBe81,Hiking
qz9GsAoL,Cycling
tmHX0DnY,Painting
tmHX0DnY,Cycling
tmHX0DnY,Hiking
LduPfq1r,Gardening
LduPfq1r,Cycling
dGJk5Ds3,Cooking
dGJk5Ds3,Gardening
XOzj4VeP,Gardening
XOzj4VeP,Painting
OH706p9h,Reading
McANw2wu,Cooking
McANw2wu,Cycling
EWSrk0l8,Cooking
EWSrk0l8,Hiking
GujqO2Xt,Hiking
PeaLqLOq,Hiking
PeaLqLOq,Painting
PeaLqLOq,Gardening
AHK196Xm,Gardening
AHK196Xm,Hiking
p6qnO1iF,Painting
p6qnO1iF,Cooking
p6qnO1iF,Reading
yiM4IBJV,Painting
Y7AvOhuh,Reading
JiQ8gMJJ,Hiking
JiQ8gMJJ,Gardening
JiQ8gMJJ,Painting
C9jpsATS,Gardening
C9jpsATS,Cooking
C9jpsATS,Reading
79OfzEiK,Cooking
79OfzEiK,Cycling
ekRsa6Ai,Cooking
ekRsa6Ai,Cycling
ekRsa6Ai,Reading
klraeabi,Hiking
klraeabi,Cycling
klraeabi,Gardening
4yoMdEIb,Painting
4yoMdEIb,Hiking
nz5d5aRI,Reading
nz5d5aRI,Painting
RVC77eVi,Gardening
RVC77eVi,Cooking
GVbjB8iu,Reading
7V9uU5Yb,Painting
7V9uU5Yb,Gardening
7V9uU5Yb,Cycling
yHHIltvx,Gardening
yHHIltvx,Cycling
Fk6dqb06,Cycling
Fk6dqb06,Reading
6IIPcxsB,Gardening
6IIPcxsB,Hiking
6IIPcxsB,Reading
OjpQPi9V,Cooking
OjpQPi9V,Painting
i83N9vHX,Cycling
i83N9vHX,Painting
i83N9vHX,Gardening
93kJr7Tq,Cooking
iAgr6Bkn,Cycling
z3uAeVFG,Cycling
PnRFcWZ5,Cycling
WrNCQGNK,Gardening
WrNCQGNK,Reading
T4XS52PG,Hiking
T4XS52PG,Gardening
JePl9oVv,Painting
ce3LvpQz,Cycling
ce3LvpQz,Hiking
ce3LvpQz,Gardening
Es9NJVmk,Painting
CJGx0SvL,Cooking
CJGx0SvL,Hiking
CJGx0SvL,Cycling
G7LiCK5e,Painting
G7LiCK5e,Hiking
G7LiCK5e,Reading
MU0NJSyY,Gardening
MU0NJSyY,Cycling
RYYktBW4,Hiking
RYYktBW4,Reading
oGvohD6w,Cooking
JQoUKmyq,Reading
OiY9P6GC,Cycling
OiY9P6GC,Reading
OiY9P6GC,Painting
IxcXSAPG,Cooking
IxcXSAPG,Painting
IxcXSAPG,Gardening
HWXUgBkF,Cooking
HWXUgBkF,Hiking
s7fRGugV,Cycling
s7fRGugV,Gardening
s7fRGugV,Hiking
kgzmhBGq,Gardening
kgzmhBGq,Reading
hjCRYLcd,Cycling
TkIQMoGa,Gardening
TkIQMoGa,Reading
NPFuG5VF,Hiking
NPFuG5VF,Reading
NPFuG5VF,Cycling
RQKsXfpk,Hiking
RQKsXfpk,Gardening
Ynv8WDFc,Reading
Ynv8WDFc,Cycling
Ynv8WDFc,Painting
b7i6TbFI,Hiking
b7i6TbFI,Gardening
b7i6TbFI,Cooking
k2GtqIwv,Cooking
k5BqqQTS,Gardening
k5BqqQTS,Cooking
k5BqqQTS,Hiking
61sl7O5W,Hiking
61sl7O5W,Cycling
g0SEcDBZ,Cycling
g0SEcDBZ,Reading
g0SEcDBZ,Painting
6YTMEoFZ,Reading
6YTMEoFZ,Painting
6YTMEoFZ,Hiking
zfldCmrK,Hiking
zfldCmrK,Cycling
zfldCmrK,Gardening
QwfbEyNL,Gardening
KNJe078M,Reading
KNJe078M,Cycling
KNJe078M,Hiking
kji3NWe7,Cycling
P5RXXMCR,Reading
P5RXXMCR,Gardening
P5RXXMCR,Cooking
4yQmDXh6,Hiking
PMXnLYfN,Painting
PMXnLYfN,Cycling
PMXnLYfN,Reading
23IXeUGY,Reading
23IXeUGY,Cooking
23IXeUGY,Gardening
zz3TDte6,Gardening
5i6rLiWE,Painting
5i6rLiWE,Reading
5i6rLiWE,Cooking
fnRC0WIU,Hiking
DA5f7jbj,Reading
DA5f7jbj,Cycling
DA5f7jbj,Cooking
2upACbnk,Gardening
HOV8XNcB,Cooking
HOV8XNcB,Painting
6x7oubQG,Painting
6x7oubQG,Hiking
6x7oubQG,Cooking
KJ7khlku,Gardening
KJ7khlku,Cooking
KJ7khlku,Painting
2ruRQRec,Cycling
2ruRQRec,Reading
2ruRQRec,Painting
GJ7hwbs1,Painting
GJ7hwbs1,Hiking
osnwmPKr,Hiking
osnwmPKr,Cycling
FsJqAr4a,Gardening
FsJqAr4a,Painting
i5eAti8s,Gardening
i5eAti8s,Reading
i5eAti8s,Cooking
gNvnhwNH,Cooking
sj2I1VBd,Cooking
sj2I1VBd,Painting
sj2I1VBd,Hiking
a4DpH1ve,Reading
a4DpH1ve,Gardening
RLdCF3Ud,Painting
RLdCF3Ud,Reading
RLdCF3Ud,Hiking
ZMTDQesE,Cycling
ZMTDQesE,Reading
ZMTDQesE,Hiking
wza325QK,Reading
wza325QK,Gardening
wza325QK,Cooking
P9z1BkXF,Reading
P9z1BkXF,Painting
Ao6VWNEA,Cooking
Ao6VWNEA,Cycling
71qSIEk7,Cycling
71qSIEk7,Cooking
xA7rKVa6,Cooking
gnYR2snY,Reading
gnYR2snY,Gardening
gnYR2snY,Hiking
dLyL78IV,Painting
dLyL78IV,Hiking
dLyL78IV,Reading
k9L7rwwk,Hiking
WJIcap6B,Hiking
WJIcap6B,Painting
WJIcap6B,Cooking
ZYra7tio,Painting
ZYra7tio,Cooking
QY2OaVT8,Cooking
bHIPuo5L,Gardening
bHIPuo5L,Cycling
OdchW8pb,Painting
OdchW8pb,Cooking
EtobLvWJ,Hiking
m0g7hegx,Painting
xpj2lMQm,Painting
xpj2lMQm,Reading
nB4oJVZK,Reading
nB4oJVZK,Hiking
Fk9kZiaE,Hiking
mGDGjExe,Cooking
mGDGjExe,Hiking
eVp35p7D,Gardening
eVp35p7D,Cooking
s3A7jrG9,Painting
7h7MD5qw,Painting
o8l9bzE9,Reading
o8l9bzE9,Gardening
o8l9bzE9,Cooking
5jWS4VBB,Cooking
5jWS4VBB,Gardening
5jWS4VBB,Painting
Ivpf6Xym,Cooking
Ivpf6Xym,Hiking
Ivpf6Xym,Reading
qwFMtjHI,Painting
qwFMtjHI,Reading
Ivdvohms,Cooking
hHjbtb9f,Reading
hHjbtb9f,Gardening
DoQOJ3cf,Cycling
8QFfHWgt,Gardening
l30YzAEG,Reading
l30YzAEG,Painting
l30YzAEG,Gardening
u0p7PR8b,Gardening
u0p7PR8b,Cycling
u0p7PR8b,Cooking
XT8zznUP,Hiking
AjgWOf4F,Cycling
AjgWOf4F,Painting
AjgWOf4F,Gardening
QQ39G4Lx,Cooking
CAlduymO,Hiking
CAlduymO,Cooking
CAlduymO,Reading
OsHyrTbE,Gardening
OsHyrTbE,Reading
8ZpLJihg,Cycling
8ZpLJihg,Gardening
8ZpLJihg,Reading
p7zVlseO,Reading
p7zVlseO,Painting
p7zVlseO,Cycling
758uQTSo,Painting
758uQTSo,Cycling
758uQTSo,Reading
EFyLirNb,Hiking
2lkwYoA1,Cycling
I1u8cpIO,Cycling
5APlOIvn,Reading
5APlOIvn,Cycling
5APlOIvn,Painting
XYvqD0EN,Hiking
XYvqD0EN,Cooking
XYvqD0EN,Painting
Y6kZKf7r,Painting
Y6kZKf7r,Cycling
v1KngrxV,Gardening
v1KngrxV,Cooking
v1KngrxV,Reading
1Qy6st0B,Cycling
1Qy6st0B,Painting
fENgVR5B,Cycling
4kbIpWNp,Cooking
4kbIpWNp,Reading
F6GvEuCl,Reading
F6GvEuCl,Gardening
Rea7eXxk,Painting
Rea7eXxk,Cooking
CivQFZ3Y,Hiking
CivQFZ3Y,Reading
CivQFZ3Y,Painting
LWb5BHl1,Gardening
LWb5BHl1,Hiking
2psBto39,Reading
2psBto39,Painting
2psBto39,Hiking
yAnrNGoo,Reading
yAnrNGoo,Cooking
iz1Zyah8,Cycling
iz1Zyah8,Reading
iz1Zyah8,Cooking
0B2wgKo3,Painting
UJBNRAIb,Reading
Nh9A9cbh,Reading
hktIqh6W,Cycling
sZYdF6oS,Reading
sZYdF6oS,Gardening
sZYdF6oS,Hiking
6oFN2vvS,Cooking
6oFN2vvS,Gardening
6oFN2vvS,Reading
gjEcRd7T,Reading
gjEcRd7T,Gardening
gjEcRd7T,Cooking
x68Qd7h9,Cycling
x68Qd7h9,Gardening
x68Qd7h9,Hiking
tsM1mQyP,Hiking
tsM1mQyP,Reading
TNkzDlrc,Reading
TNkzDlrc,Gardening
cEfOIqWj,Reading
hicXYepb,Reading
hicXYepb,Cooking
hicXYepb,Cycling
7j4aCB4s,Painting
7j4aCB4s,Gardening
7j4aCB4s,Reading
Yxty3lGI,Cycling
Yxty3lGI,Gardening
Yxty3lGI,Cooking
rxnAxRQK,Reading
IuVGXSn8,Painting
wp6DNHGZ,Cycling
wp6DNHGZ,Gardening
lSHcPfUC,Hiking
cOoqgNDr,Reading
meR8fjUv,Painting
MiJipsUM,Reading
MiJipsUM,Hiking
MiJipsUM,Cycling
6sIdEtVI,Reading
7nYKF85g,Cycling
7nYKF85g,Reading
MO24UORi,Cycling
MO24UORi,Painting
KDdqawx8,Cooking
KDdqawx8,Hiking
oVxPOhQT,Reading
0mh4hkcm,Hiking
0mh4hkcm,Cycling
0mh4hkcm,Reading
4jU2M56N,Gardening
4jU2M56N,Cycling
4jU2M56N,Painting
Ym36BdYE,Reading
Ym36BdYE,Gardening
Ym36BdYE,Cooking
yoDxvLRs,Gardening
yoDxvLRs,Reading
yoDxvLRs,Hiking
E4Xk8loX,Cycling
E4Xk8loX,Cooking
E4Xk8loX,Reading
nKJAl2dD,Cooking
nKJAl2dD,Gardening
A8WlT68N,Cycling
A8WlT68N,Hiking
A8WlT68N,Cooking
CPKrH3cr,Gardening
CPKrH3cr,Reading
CPKrH3cr,Hiking
frTDDcWl,Painting
aDmL8ObJ,Painting
aDmL8ObJ,Cycling
lEPNq26v,Cycling
Hde18gVe,Reading
wyx2SIi1,Cycling
wyx2SIi1,Cooking
wyx2SIi1,Hiking
ySPnkh3j,Hiking
ySPnkh3j,Painting
ySPnkh3j,Cooking
hkPIYQrr,Cycling
hkPIYQrr,Hiking
hkPIYQrr,Cooking
IpsvSLEB,Hiking
3kJ0MLAK,Hiking
3kJ0MLAK,Painting
lC0buCsM,Cooking
lC0buCsM,Hiking
OIcFcWqb,Cycling
3kY6Aj2W,Reading
3kY6Aj2W,Hiking
V69h20ED,Painting
V69h20ED,Cycling
EF7jJFTw,Painting
9pJP2qbz,Hiking
9jIL9ouw,Cooking
9jIL9ouw,Painting
laxw0JNG,Painting
laxw0JNG,Gardening
fdy7dysf,Gardening
fdy7dysf,Reading
fdy7dysf,Hiking
sSVlZdIp,Cooking
sSVlZdIp,Painting
Z8HHlBea,Hiking
Z8HHlBea,Reading
Z8HHlBea,Cooking
yrkxwVyF,Cycling
yrkxwVyF,Reading
yrkxwVyF,Cooking
Rl1j0lon,Painting
z0h0yQbL,Painting
z0h0yQbL,Gardening
1KjajNN9,Painting
zJo1T4YG,Reading
zJo1T4YG,Gardening
zJo1T4YG,Cycling
rqf1akSy,Painting
rqf1akSy,Cycling
wAfoDJq6,Reading
wAfoDJq6,Cycling
ia3xWFLW,Reading
ia3xWFLW,Hiking
ia3xWFLW,Cycling
3VJN2jlk,Gardening
3VJN2jlk,Reading
3VJN2jlk,Painting
VLbVS32y,Cycling
VLbVS32y,Painting
i7KRKo0C,Hiking
i7KRKo0C,Reading
i7KRKo0C,Gardening
NISZJm16,Cooking
NISZJm16,Cycling
NISZJm16,Hiking
uwx6xoQZ,Painting
uwx6xoQZ,Cycling
uwx6xoQZ,Reading
D2xh8ziW,Hiking
TZ22Y5jL,Cooking
TZ22Y5jL,Painting
TZ22Y5jL,Gardening
r7OQ8Itp,Hiking
r7OQ8Itp,Cycling
aCYJFYTA,Hiking
aCYJFYTA,Painting
Gegr8LiM,Gardening
Gegr8LiM,Cycling
zfal4R0A,Reading
zfal4R0A,Cooking
oYTPpvDY,Reading
oYTPpvDY,Gardening
oYTPpvDY,Painting
xJoVzUXU,Gardening
xJoVzUXU,Hiking
xJoVzUXU,Painting
P6WPUv7k,Gardening
P6WPUv7k,Painting
KQ3PsZIt,Hiking
eFhflzt8,Reading
eFhflzt8,Painting
eFhflzt8,Hiking
8GoTEB2Q,Cycling
8GoTEB2Q,Gardening
tcSgqqSx,Hiking
tcSgqqSx,Cycling
f5Qxuhrh,Cycling
eI6Dheji,Cooking
eI6Dheji,Cycling
eI6Dheji,Painting
cPC5b7Py,Cooking
cPC5b7Py,Painting
azFE1llh,Cooking
azFE1llh,Hiking
mXiZE0iY,Cycling
8ttDI3tU,Cooking
mGDWWcId,Gardening
mGDWWcId,Cycling
mGDWWcId,Reading
kKFE2O34,Reading
kKFE2O34,Hiking
bxMP40nw,Hiking
bxMP40nw,Reading
bxMP40nw,Cooking
p7uPFWaN,Hiking
p7uPFWaN,Cycling
p7uPFWaN,Reading
dVcw0Uwo,Painting
dVcw0Uwo,Hiking
iDvPyr5e,Hiking
iDvPyr5e,Reading
yMJUbjBt,Cycling
yMJUbjBt,Reading
kjXtDA6K,Hiking
mThCpdTO,Gardening
lKI09gFw,Painting
lKI09gFw,Cycling
lKI09gFw,Cooking
grlNf5I4,Hiking
CBJuM71A,Gardening
CBJuM71A,Cycling
CBJuM71A,Cooking
VCw2aP1m,Gardening
VCw2aP1m,Reading
K2ApGkqv,Cooking
K2ApGkqv,Hiking
K2ApGkqv,Cycling
KmPkxyzE,Painting
u4flRhSI,Cooking
1dbro9gs,Painting
1dbro9gs,Reading
1dbro9gs,Gardening
y7P1X08c,Gardening
y7P1X08c,Reading
y7P1X08c,Hiking
sw6fF5ME,Reading
sw6fF5ME,Cooking
sw6fF5ME,Gardening
v6oreRJE,Gardening
q7jqF9zd,Reading
q7jqF9zd,Cycling
q7jqF9zd,Painting
30Z5rEPM,Hiking
30Z5rEPM,Gardening
30Z5rEPM,Cooking
3th9bVoZ,Hiking
3th9bVoZ,Painting
3th9bVoZ,Gardening
LCJJ6atR,Reading
bcJPuX5l,Cycling
mmyczaHk,Gardening
dJawHCTF,Hiking
dJawHCTF,Reading
dJawHCTF,Cooking
6HLwFi7H,Gardening
6HLwFi7H,Painting
CrTIFK8F,Painting
CrTIFK8F,Cycling
CrTIFK8F,Reading
daEcsUE7,Reading
daEcsUE7,Hiking
Ym6yWxsi,Gardening
Ym6yWxsi,Cooking
7VcotkSa,Reading
7VcotkSa,Hiking
x8hsyBqI,Reading
biivbmPY,Reading
biivbmPY,Hiking
vT9JWS0e,Reading
vT9JWS0e,Gardening
vT9JWS0e,Hiking
qZeFQGPa,Painting
qZeFQGPa,Hiking
oHAsz8AF,Hiking
QFnA593R,Cycling
QFnA593R,Hiking
QFnA593R,Reading
KHdmYRtK,Painting
KHdmYRtK,Cooking
KHdmYRtK,Reading
63d49gq1,Cooking
63d49gq1,Hiking
63d49gq1,Reading
zobaTLnK,Hiking
zobaTLnK,Reading
zobaTLnK,Painting
rZLGwvNp,Hiking
rZLGwvNp,Cycling
zE8urivm,Hiking
zE8urivm,Painting
J06AxCTA,Cooking
J06AxCTA,Gardening
J06AxCTA,Reading
ln0PN6GV,Cooking
e2yZYvZg,Painting
hfu8jLy3,Cycling
3FBhlEId,Painting
3FBhlEId,Reading
ZB78jOk0,Painting
ZB78jOk0,Cooking
ZB78jOk0,Cycling
05fv7nes,Cooking
05fv7nes,Reading
PuKnQM3r,Hiking
PuKnQM3r,Painting
PuKnQM3r,Cooking
HLfkEajH,Hiking
HLfkEajH,Cycling
jODTfWhL,Gardening
jODTfWhL,Cycling
fHLtVAkp,Cycling
fHLtVAkp,Hiking
7AExTAfg,Gardening
XdiB34bJ,Reading
XdiB34bJ,Cycling
gfZyC139,Reading
HZYpWgr5,Hiking
Y9wNReyu,Reading
Y9wNReyu,Painting
VNbyfOya,Hiking
ZWTvSKJi,Gardening
ZWTvSKJi,Hiking
ZWTvSKJi,Cycling
na0OaM58,Hiking
xQsMCy84,Hiking
xQsMCy84,Cooking
svsqd79G,Hiking
svsqd79G,Painting
HgdXb59X,Cooking
HgdXb59X,Hiking
TjQK8wnO,Cooking
TjQK8wnO,Hiking
ZrESznJP,Cycling
ZrESznJP,Gardening
Beiay3zL,Painting
Beiay3zL,Cooking
Beiay3zL,Gardening
o2G3Depc,Painting
ejMAVrpc,Gardening
mSqorBFq,Cycling
mSqorBFq,Hiking
mSqorBFq,Reading
aCEUH27H,Painting
aCEUH27H,Gardening
P1839J5t,Reading
N439zfhf,Hiking
xj9PGf8H,Hiking
xj9PGf8H,Gardening
xj9PGf8H,Painting
dKnkwUr4,Hiking
dKnkwUr4,Cycling
dKnkwUr4,Gardening
ZVw7yCtu,Cooking
ZVw7yCtu,Hiking
ZVw7yCtu,Gardening
9F05ra6X,Cycling
9F05ra6X,Reading
KomKN1n5,Cooking
KomKN1n5,Reading
KomKN1n5,Cycling
9aA1zq62,Gardening
5jVs749e,Cooking
5jVs749e,Hiking
5jVs749e,Reading
TY2afPS7,Hiking
TY2afPS7,Cooking
jS7kX0Bi,Reading
6yVonwP5,Reading
SMJLS3UL,Cycling
yMA9RLjg,Cycling
yMA9RLjg,Hiking
yMA9RLjg,Painting
rmQO8nOX,Hiking
5An7gqaQ,Gardening
5An7gqaQ,Hiking
TaWRFUkh,Cooking
TaWRFUkh,Painting
TaWRFUkh,Cycling
wGN4O7J4,Gardening
wGN4O7J4,Cooking
wGN4O7J4,Reading
wGsYYpZZ,Painting
wGsYYpZZ,Hiking
wGsYYpZZ,Cooking
1wdBYz2V,Reading
1wdBYz2V,Painting
Z7NQvpll,Cooking
5nO9wX9e,Cycling
5nO9wX9e,Gardening
5nO9wX9e,Hiking
9NUQ1sJq,Cooking
9NUQ1sJq,Gardening
9NUQ1sJq,Hiking
jURulGDv,Cycling
jURulGDv,Reading
u7wQ4jOW,Painting
4jy5e3Xq,Painting
VuFEIxFB,Cycling
VuFEIxFB,Hiking
mj6LiQq7,Hiking
mj6LiQq7,Cycling
h4kwaftc,Hiking
h4kwaftc,Gardening
h4kwaftc,Painting
V9hxRVEe,Painting
V9hxRVEe,Cycling
6l5GLa11,Painting
6l5GLa11,Gardening
6l5GLa11,Cooking
qm4z3pCT,Gardening
qm4z3pCT,Reading
GdehSNkY,Reading
GdehSNkY,Gardening
IxMF8EUj,Hiking
IxMF8EUj,Cooking
DzaZ75lr,Cooking
DzaZ75lr,Hiking
DzaZ75lr,Gardening
3kddgOrq,Gardening
3kddgOrq,Cooking
jAHGg0f8,Hiking
jAHGg0f8,Painting
jAHGg0f8,Reading
kcR1GgiP,Gardening
kcR1GgiP,Painting
kcR1GgiP,Hiking
Zn3V29Tj,Cooking
Zn3V29Tj,Gardening
m3drlndb,Cycling
m3drlndb,Hiking
m3drlndb,Reading
MX4hJwiY,Painting
MX4hJwiY,Cycling
uOOXgq8z,Cycling
uOOXgq8z,Gardening
eWyavJZi,Painting
ObHiZB47,Cycling
OzYAd6hn,Cooking
OzYAd6hn,Cycling
OzYAd6hn,Hiking
SZ7QpcV2,Gardening
SZ7QpcV2,Cooking
k9z8dLiV,Painting
k9z8dLiV,Cycling
k9z8dLiV,Reading
WEtgPPXQ,Cycling
yW6LspF5,Hiking
yW6LspF5,Cycling
F4RVPLbB,Cooking
97MTknrM,Gardening
97MTknrM,Painting
0oHmepKK,Gardening
Xsr8Yl0R,Hiking
CikrMEQ4,Painting
CikrMEQ4,Reading
UXpl4nzb,Hiking
oipHjq6U,Cycling
Nw2bAtSy,Gardening
VN0B34xb,Hiking
dzpRcbFl,Cycling
dzpRcbFl,Painting
QuB3aejX,Cooking
N2hNIlnP,Reading
N2hNIlnP,Gardening
N2hNIlnP,Cooking
2176MAir,Cooking
2176MAir,Painting
2176MAir,Cycling
jPSG60um,Cooking
jPSG60um,Painting
y4XcFaSN,Hiking
gZa9T9yj,Cooking
gZa9T9yj,Hiking
r6TVTOb1,Reading
r6TVTOb1,Cooking
r6TVTOb1,Hiking
4oRfgdGF,Gardening
4oRfgdGF,Reading
4oRfgdGF,Painting
vrIgtKsJ,Cycling
vrIgtKsJ,Hiking
vrIgtKsJ,Painting
BPsy3NDE,Cooking
BPsy3NDE,Reading
BPsy3NDE,Cycling
vpUmwNG0,Cooking
nyX5hLlp,Hiking
nyX5hLlp,Painting
nyX5hLlp,Reading
N7KiQ21D,Cooking
N7KiQ21D,Gardening
gCK4WycF,Hiking
Kx4dqwyW,Gardening
lCa3NHgA,Reading
lCa3NHgA,Cooking
lCa3NHgA,Painting
KZ5wn66V,Cycling
hLootuP9,Reading
hLootuP9,Painting
qIJ0UvXO,Painting
qIJ0UvXO,Hiking
9naZod2V,Hiking
x6II9gWD,Reading
x6II9gWD,Hiking
GiEcIDVn,Hiking
GiEcIDVn,Gardening
vUrCheZ0,Hiking
vUrCheZ0,Reading
vUrCheZ0,Cooking
j1TkSTVS,Painting
j1TkSTVS,Hiking
j1TkSTVS,Reading
fL2ZfFSb,Gardening
fL2ZfFSb,Hiking
BdGDzLV8,Hiking
BdGDzLV8,Painting
BdGDzLV8,Reading
dDHQN9x6,Hiking
PncKqZaq,Gardening
InJG0EqV,Reading
InJG0EqV,Cooking
NOfI1GVp,Reading
NOfI1GVp,Painting
xttrjRET,Cycling
xttrjRET,Painting
xttrjRET,Gardening
zF0ZNmlu,Cycling
5uKwOY0l,Gardening
5uKwOY0l,Cycling
gLDqO0ux,Cooking
gLDqO0ux,Painting
kcXSDq5h,Hiking
kcXSDq5h,Gardening
kcXSDq5h,Cycling
3u3jlrPE,Reading
3u3jlrPE,Hiking
ZDbp021e,Painting
ZDbp021e,Cooking
ZDbp021e,Cycling
htW7zirH,Cooking
fLdCwDkX,Cycling
TF5iyH0K,Gardening
8NNVQ040,Cooking
erLGUbEw,Reading
erLGUbEw,Hiking
erLGUbEw,Cycling
ID5tTmFc,Cycling
ID5tTmFc,Reading
9tbytcjc,Reading
9tbytcjc,Painting
YeDDJA0K,Painting
2lJ1OMqQ,Cycling
3lUkbL1Y,Gardening
3lUkbL1Y,Hiking
3lUkbL1Y,Cooking
FouCTF5i,Gardening
FouCTF5i,Hiking
FouCTF5i,Cycling
uFu3bz9J,Painting
rc7fb6lB,Hiking
rc7fb6lB,Reading
rc7fb6lB,Cooking
jDg8mXA3,Painting
pnozOCPa,Cycling
LIad0bjX,Gardening
lDFhzJTw,Reading
lDFhzJTw,Cooking
eka1CMEX,Hiking
eka1CMEX,Gardening
rXExdNcR,Reading
rXExdNcR,Cycling
UJivGrbm,Hiking
srznght2,Painting
srznght2,Cooking
D31WTqst,Reading
D31WTqst,Cooking
LILVCSBN,Cooking
LILVCSBN,Reading
R9dSt877,Cooking
R9dSt877,Gardening
R9dSt877,Cycling
aiAjOxwq,Hiking
HKmDyLgo,Reading
lHXwRLNq,Cycling
0y7NGHJF,Painting
HvszATop,Cycling
Td1QGYre,Painting
Td1QGYre,Reading
E8cGwcKc,Reading
L1adjLLG,Painting
9WKtzfW0,Hiking
9WKtzfW0,Painting
uC4VuF5L,Hiking
jU8xaZWg,Hiking
jU8xaZWg,Gardening
jU8xaZWg,Painting
cEzoPzZ5,Cooking
cEzoPzZ5,Reading
cEzoPzZ5,Gardening
1gHwNKmj,Cooking
zvMLEiB4,Cycling
zvMLEiB4,Reading
kKWH8j87,Cooking
3G44aufe,Hiking
3G44aufe,Painting
BqOBLMvm,Gardening
BqOBLMvm,Hiking
MU8yU3cD,Cooking
MU8yU3cD,Gardening
MU8yU3cD,Painting
9RGQ9pD0,Cooking
9RGQ9pD0,Reading
9RGQ9pD0,Painting
bRliDTJV,Cycling
bRliDTJV,Hiking
WCm10lof,Gardening
UavhS674,Hiking
UavhS674,Cooking
UavhS674,Cycling
Wv1vkLfV,Painting
Wv1vkLfV,Reading
Wv1vkLfV,Gardening
Z4kFzOYz,Hiking
Z4kFzOYz,Painting
Z4kFzOYz,Cooking
R6I2nJGq,Painting
R6I2nJGq,Reading
SBYwgxz2,Gardening
SBYwgxz2,Reading
kpujkeTC,Gardening
kpujkeTC,Cycling
56Aau0Yq,Cooking
zZlihW8k,Cooking
zZlihW8k,Painting
exX0QZnX,Cooking
6ztQJBlu,Reading
6ztQJBlu,Gardening
ojvrv62c,Cooking
aExhyk5P,Reading
eKo3Tgge,Cooking
1oE9xeiN,Cycling
1oE9xeiN,Reading
swTbogWm,Cycling
swTbogWm,Cooking
swTbogWm,Gardening
qh1DaizK,Cycling
RLjX3aAg,Painting
RLjX3aAg,Cycling
j0AazDxf,Gardening
j0AazDxf,Painting
j0AazDxf,Cooking
aNZf26vm,Gardening
aNZf26vm,Cooking
aNZf26vm,Reading
YktXxOkV,Cycling
HGJrNxyA,Reading
eJC7k7Cm,Hiking
H8wNBW0D,Hiking
H8wNBW0D,Cooking
NqOsN8wi,Cycling
NqOsN8wi,Hiking
NqOsN8wi,Reading
cBVczSqa,Reading
BY2NO755,Hiking
BY2NO755,Cycling
wijLJD27,Hiking
wijLJD27,Cooking
wijLJD27,Gardening
UqtiGM3h,Cycling
tlW59PYx,Gardening
tlW59PYx,Hiking
tlW59PYx,Reading
uRfguQii,Reading
16czEBuR,Cycling
16czEBuR,Cooking
8Oou3Iqw,Painting
3hPjKSnb,Painting
3hPjKSnb,Hiking
3hPjKSnb,Gardening
SZDX9MXz,Cycling
SZDX9MXz,Cooking
kMyKdUq1,Painting
EAULEFs6,Painting
EAULEFs6,Cooking
Fbh1PYvK,Hiking
Fbh1PYvK,Cooking
fDxE0o7J,Reading
fDxE0o7J,Gardening
fDxE0o7J,Painting
ylguD6Jm,Cooking
ylguD6Jm,Painting
ylguD6Jm,Cycling
0KowphXq,Cycling
0KowphXq,Reading
0KowphXq,Cooking
0sU3gdNO,Cycling
HOsX5EtU,Painting
HOsX5EtU,Gardening
ouaZR9Cm,Painting
ouaZR9Cm,Hiking
qTeNgiMt,Reading
qTeNgiMt,Cooking
qTeNgiMt,Painting
bihZTWlY,Painting
bihZTWlY,Cooking
bihZTWlY,Hiking
sG1D9IT3,Gardening
sG1D9IT3,Hiking
sY2mP1Mq,Hiking
wTj542Bp,Cooking
wTj542Bp,Reading
wTj542Bp,Hiking
MWTThOZb,Painting
ZBVZiv4A,Gardening
eRfUzmTu,Painting
PI8ZciE8,Cycling
QO3uThgs,Gardening
QO3uThgs,Reading
v3NUmlRT,Cooking
v3NUmlRT,Reading
v3NUmlRT,Gardening
aXBeSU6f,Painting
aXBeSU6f,Hiking
PMjS300O,Gardening
PMjS300O,Cooking
PMjS300O,Cycling
e7p2TYBf,Reading
e7p2TYBf,Gardening
e7p2TYBf,Cooking
fOozYYy8,Cooking
Ro87MfeE,Gardening
Ro87MfeE,Hiking
Ro87MfeE,Painting
qsMmm0MK,Cooking
qsMmm0MK,Cycling
qsMmm0MK,Reading
UsSRBFLg,Hiking
WZMa4Bau,Hiking
WZMa4Bau,Painting
txC2Elta,Hiking
txC2Elta,Cycling
txC2Elta,Reading
sTqkbH7z,Cycling
sTqkbH7z,Painting
sTqkbH7z,Gardening
N26Ill8e,Painting
N26Ill8e,Cooking
N26Ill8e,Gardening
1sVXvU51,Cycling
yB7jhjZT,Reading
yB7jhjZT,Cooking
SBHTD1Ag,Painting
SBHTD1Ag,Gardening
SBHTD1Ag,Hiking
gGRFsgQp,Painting
gGRFsgQp,Gardening
gGRFsgQp,Cooking
EX2M13Pf,Reading
EX2M13Pf,Cycling
EX2M13Pf,Hiking
iFpWq4yc,Reading
iFpWq4yc,Cycling
iFpWq4yc,Painting
Vsae3gW2,Reading
Vsae3gW2,Cooking
Vsae3gW2,Hiking
FJSojk8x,Painting
FJSojk8x,Hiking
lVD9E5mi,Gardening
lVD9E5mi,Hiking
lVD9E5mi,Painting
4okJh62A,Hiking
4okJh62A,Cooking
VVJW777e,Cooking
uNgPKe3L,Cooking
uNgPKe3L,Gardening
uNgPKe3L,Hiking
x9Zg7Bqw,Cooking
x9Zg7Bqw,Reading
NOhLcvsN,Cooking
CilsT1K7,Hiking
CilsT1K7,Cycling
CilsT1K7,Reading
C7zDzcXF,Reading
duhm8XpF,Cycling
ePCb5NI5,Painting
ePCb5NI5,Cooking
ePCb5NI5,Reading
oCYcsSVj,Hiking
oCYcsSVj,Cooking
yexoUIaf,Reading
RNjpj8nd,Hiking
RNjpj8nd,Cycling
RNjpj8nd,Painting
Qjtqq43I,Reading
Qjtqq43I,Cycling
Qjtqq43I,Cooking
KkbbdP6o,Reading
KkbbdP6o,Cooking
6xZHLuBt,Hiking
nWljmlwh,Cooking
nWljmlwh,Hiking
3TSfIqYv,Gardening
3TSfIqYv,Reading
UPHE9Kzo,Reading
UPHE9Kzo,Gardening
UPHE9Kzo,Painting
X6plublk,Cycling
X6plublk,Cooking
X6vrmLNa,Hiking
3fkewC1m,Cooking
3fkewC1m,Cycling
3fkewC1m,Hiking
98lP6oWv,Cooking
CIkLovYw,Reading
CIkLovYw,Cycling
CIkLovYw,Painting
X9sOB8TN,Reading
X9sOB8TN,Cycling
5KlNhXtS,Painting
3dA959Fj,Painting
3dA959Fj,Cooking
8YSzoTrK,Hiking
8YSzoTrK,Painting
Zl0F3TOn,Reading
3hRFe0t4,Painting
3hRFe0t4,Gardening
ANXcTJ9o,Painting
jPsi9Efj,Hiking
jPsi9Efj,Reading
jPsi9Efj,Gardening
ftbycNOp,Hiking
ftbycNOp,Cycling
Zc2boozo,Reading
Zc2boozo,Hiking
D54eXZ7m,Cooking
oEKZXRsF,Hiking
oEKZXRsF,Cycling
oEKZXRsF,Gardening
IdAYI6Ou,Cycling
IdAYI6Ou,Gardening
Z1iHEhU7,Cooking
7P1DXVLX,Hiking
7P1DXVLX,Painting
7P1DXVLX,Cycling
afjcknQg,Reading
M1kSNekw,Gardening
ZH8ETTKo,Cooking
ZH8ETTKo,Gardening
ZobJvhd0,Cycling
ZobJvhd0,Hiking
QJqB9srI,Cycling
QJqB9srI,Painting
zFKHQLk9,Gardening
zFKHQLk9,Cooking
bW5Hq94U,Painting
AUv5gXvR,Cooking
AUv5gXvR,Cycling
AUv5gXvR,Hiking
OHeUiOKO,Cycling
OHeUiOKO,Reading
sgoSYwic,Painting
sgoSYwic,Gardening
Ewnv774D,Hiking
Ewnv774D,Cycling
Ewnv774D,Painting
GkAMZGiZ,Painting
GkAMZGiZ,Cycling
GkAMZGiZ,Gardening
kf4YlBDb,Hiking
kf4YlBDb,Gardening
cOhGHrdO,Cooking
23kHGTcl,Hiking
23kHGTcl,Cooking
23kHGTcl,Painting
u5e0Qggd,Cycling
u5e0Qggd,Gardening
MC2shzd8,Painting
MC2shzd8,Cooking
LxGpqpmQ,Painting
bBROkIkx,Cooking
bBROkIkx,Hiking
WhxKQMaC,Painting
WhxKQMaC,Gardening
WhxKQMaC,Cycling
fCRlkcbI,Reading
fCRlkcbI,Painting
fCRlkcbI,Gardening
HSvqhogV,Reading
FflSY7Dr,Painting
FflSY7Dr,Gardening
FflSY7Dr,Cycling
KYitg3mr,Cycling
d32YjQv7,Reading
ETTcKg53,Cycling
ETTcKg53,Painting
ETTcKg53,Gardening
iXQUhIMd,Hiking
iXQUhIMd,Gardening
iXQUhIMd,Cooking
w35vxh3m,Cycling
w35vxh3m,Painting
w35vxh3m,Gardening
cis7ZXeX,Hiking
cwWGPNZm,Reading
7alRujA0,Hiking
7alRujA0,Painting
Jc4B2kL9,Gardening
Jc4B2kL9,Hiking
Jc4B2kL9,Cycling
OAZJpgNU,Reading
OAZJpgNU,Cycling
OAZJpgNU,Cooking
7jn9ISaO,Gardening
7jn9ISaO,Hiking
ehi7UQ52,Cycling
ehi7UQ52,Reading
ehi7UQ52,Cooking
PfqOSP4V,Cooking
PfqOSP4V,Gardening
PfqOSP4V,Reading
sd60hsjl,Cooking
sd60hsjl,Cycling
sd60hsjl,Reading
zgRrOYMx,Painting
TNqVmUEV,Painting
TNqVmUEV,Cooking
TQh94EDW,Cycling
TQh94EDW,Hiking
TQh94EDW,Cooking
w8YVQXtY,Painting
w8YVQXtY,Cycling
w8YVQXtY,Cooking
YxlSyEOK,Reading
1U1SvRIf,Cooking
1U1SvRIf,Painting
1U1SvRIf,Gardening
ukwBJjoF,Cycling
QftdJqSR,Cooking
QftdJqSR,Painting
Yuo4BZ4L,Gardening
Yuo4BZ4L,Cooking
UCqDnZjV,Cooking
UCqDnZjV,Hiking
727lIREa,Cycling
wcel3Yyt,Reading
wcel3Yyt,Gardening
wccrCVau,Painting
wccrCVau,Reading
wccrCVau,Cooking
2GYFfA6q,Cycling
2GYFfA6q,Gardening
2GYFfA6q,Hiking
ggwsIJid,Hiking
ggwsIJid,Painting
ggwsIJid,Gardening
dAqL48k1,Cooking
dAqL48k1,Painting
k03WYF3Z,Cooking
k03WYF3Z,Cycling
k03WYF3Z,Painting
5gwJSTHI,Cycling
xn5ru2VC,Hiking
3hrDVxfL,Painting
3hrDVxfL,Cooking
3hrDVxfL,Gardening
83kVm6lW,Gardening
83kVm6lW,Cooking
71xqJUJ3,Reading
AfKpYdU0,Gardening
AfKpYdU0,Cooking
AfKpYdU0,Reading
K4J0KIwl,Hiking
K4J0KIwl,Painting
I6zkmZ2r,Painting
I6zkmZ2r,Cycling
v994Svzl,Cooking
v994Svzl,Hiking
v994Svzl,Painting
b6jB29A2,Hiking
FBkCOcVX,Painting
ajFLozuY,Cooking
ajFLozuY,Gardening
ajFLozuY,Reading
nNDvVOtU,Cycling
nNDvVOtU,Hiking
OGZBiEP2,Reading
OGZBiEP2,Painting
OGZBiEP2,Gardening
gyt0YO0i,Cooking
tivXpgjP,Painting
tivXpgjP,Cycling
tivXpgjP,Gardening
gheC0itY,Gardening
gheC0itY,Cycling
VKZqmsFc,Cooking
VKZqmsFc,Painting
tiDuf9ye,Gardening
LmmEquju,Reading
pB9BdMib,Hiking
pB9BdMib,Cycling
pB9BdMib,Cooking
e6va2ABc,Painting
1S8Mbmqy,Painting
SI8lzmtj,Cooking
o7860DAW,Hiking
VcA3wNrO,Painting
VcA3wNrO,Cycling
4J0M9jwH,Painting
QE1iXyJd,Gardening
QE1iXyJd,Cycling
QE1iXyJd,Hiking
JLeXlfWk,Gardening
JLeXlfWk,Cooking
JLeXlfWk,Reading
Zjcqg0VI,Reading
Zjcqg0VI,Hiking
ywaVaFqp,Painting
ywaVaFqp,Hiking
ywaVaFqp,Cycling
I2qFBgQx,Reading
I2qFBgQx,Cycling
VIZ7AqHS,Gardening
ABXPYxLI,Hiking
LC9zAMHG,Cycling
LC9zAMHG,Painting
LC9zAMHG,Cooking
j6D6j2NP,Cycling
gXGKD1Wz,Cooking
gXGKD1Wz,Painting
4EvexzT0,Hiking
1qVSHYy1,Cooking
SQh07PAI,Cycling
SQh07PAI,Reading
3XJ2BdoH,Reading
4BsNLpxI,Gardening
vQmxRvRe,Gardening
vQmxRvRe,Cooking
vQmxRvRe,Painting
jG4RUO99,Cycling
jG4RUO99,Reading
aHWg9lLJ,Gardening
aHWg9lLJ,Cooking
aHWg9lLJ,Painting
gVvk4Raj,Cooking
gVvk4Raj,Painting
gVvk4Raj,Cycling
dbF72qrK,Gardening
dbF72qrK,Cycling
dbF72qrK,Painting
beZc0fG7,Cycling
beZc0fG7,Reading
beZc0fG7,Painting
T5PkgXTQ,Cycling
PirH0wuM,Cycling
jh63DQ8B,Painting
jh63DQ8B,Cycling
R5QbUjcK,Cooking
R5QbUjcK,Cycling
Q9ZI0h7l,Painting
Q9ZI0h7l,Reading
Q9ZI0h7l,Cooking
v4dbAYMt,Reading
v4dbAYMt,Painting
SKbzopcu,Cooking
SKbzopcu,Reading
SKbzopcu,Cycling
XiCdC1wf,Gardening
XiCdC1wf,Hiking
XiCdC1wf,Cycling
Y4jcf93G,Cycling
Y4jcf93G,Hiking
reBCaNwD,Reading
reBCaNwD,Gardening
reBCaNwD,Painting
NLa2yRDo,Cooking
NLa2yRDo,Reading
NLa2yRDo,Gardening
zLAWH3DI,Gardening
zLAWH3DI,Hiking
zLAWH3DI,Cycling
QUHfSlSf,Gardening
QUHfSlSf,Reading
QUHfSlSf,Painting
3hpKDduf,Cooking
3hpKDduf,Gardening
h8zlZ2iw,Painting
h8zlZ2iw,Cooking
h8zlZ2iw,Reading
hgKho5fy,Painting
hgKho5fy,Cycling
hgKho5fy,Hiking
2WOPwBMF,Cycling
hYkgue6Z,Cycling
hYkgue6Z,Cooking
IxQY06RN,Cycling
uYleAeu2,Cycling
uYleAeu2,Cooking
uYleAeu2,Painting
X8sKfaWN,Reading
rIZmn6N8,Gardening
rIZmn6N8,Painting
rIZmn6N8,Cycling
SjmUibyn,Reading
yrKfYaeo,Cooking
yrKfYaeo,Reading
yrKfYaeo,Gardening
pzxGKXyR,Hiking
pzxGKXyR,Cycling
hSomdeLp,Reading
hSomdeLp,Cooking
hSomdeLp,Gardening
Y6mqSeM1,Painting
Y6mqSeM1,Gardening
Y6mqSeM1,Hiking
mzDbO04y,Cooking
mzDbO04y,Hiking
mzDbO04y,Gardening
GSsHyjTP,Painting
GSsHyjTP,Hiking
IR8ZBWVX,Hiking
HFUfdkVi,Painting
51wBpzTu,Cycling
9Dl1xX26,Hiking
9Dl1xX26,Cooking
qgmgybae,Gardening
qgmgybae,Hiking
y6ZRzZx4,Cooking
y6ZRzZx4,Reading
y6ZRzZx4,Cycling
tz7oEbKn,Reading
JKLByflj,Painting
JKLByflj,Cycling
cy41n9Br,Hiking
cy41n9Br,Reading
cy41n9Br,Cooking
raHqo6UY,Painting
raHqo6UY,Hiking
raHqo6UY,Cooking
de0OcAVI,Hiking
de0OcAVI,Cycling
VWgKQ4pY,Hiking
VWgKQ4pY,Gardening
W2aJn4gF,Cycling
OvG3ySkG,Hiking
hdbR1qt8,Gardening
hdbR1qt8,Reading
hdbR1qt8,Hiking
QQCgyAYN,Painting
QQCgyAYN,Cooking
CtsHYLcg,Gardening
t9SZsa8a,Painting
t9SZsa8a,Hiking
t9SZsa8a,Cooking
r2tZCjWY,Gardening
mHswic5f,Reading
mHswic5f,Painting
2omxLtDm,Reading
2omxLtDm,Cooking
2omxLtDm,Gardening
j7uPqeJY,Hiking
HKjoXZx5,Cycling
HKjoXZx5,Gardening
HKjoXZx5,Hiking
9DuSap6k,Painting
6L7XoEYd,Cycling
6L7XoEYd,Hiking
1OROR1zc,Gardening
1OROR1zc,Painting
1OROR1zc,Cycling
6arOtV9h,Cycling
5OWJl6Yo,Gardening
3B4PV9kg,Painting
1wtbMWbU,Reading
1wtbMWbU,Cycling
snPdvM93,Hiking
WwH7JJwD,Cooking
WwH7JJwD,Painting
WwH7JJwD,Reading
IamgyrWa,Reading
n718Yiob,Painting
n718Yiob,Cycling
n718Yiob,Cooking
zCRT6Ddj,Painting
zCRT6Ddj,Cooking
zCRT6Ddj,Gardening
tJfli5HO,Gardening
0hw6AmP9,Reading
0hw6AmP9,Gardening
LkCJwK2h,Painting
OsVfFXZR,Reading
cDrH1Ms3,Cooking
B4zAVhJj,Reading
B4zAVhJj,Cycling
1vv78QWF,Cycling
YK67TYFe,Reading
7pB5N10M,Gardening
7pB5N10M,Painting
7pB5N10M,Cooking
Uak9voG0,Reading
cxKjztB4,Cooking
cxKjztB4,Painting
uT8847Ut,Cooking
uT8847Ut,Painting
uT8847Ut,Gardening
aL7VxWvd,Reading
PLwH9wpb,Cooking
PLwH9wpb,Cycling
2bS1Fg8a,Reading
T7QPVyBi,Gardening
D5ghdg7Z,Painting
D5ghdg7Z,Gardening
DlG4X8fr,Reading
0YURjC4w,Cycling
0YURjC4w,Gardening
0YURjC4w,Hiking
rH9Pdpxx,Reading
rH9Pdpxx,Cycling
vQ0UTlWt,Painting
vQ0UTlWt,Hiking
vQ0UTlWt,Gardening
UX5dvaKI,Hiking
UX5dvaKI,Painting
UX5dvaKI,Reading
doF7FWCu,Gardening
doF7FWCu,Cooking
doF7FWCu,Cycling
thBqRaVK,Gardening
thBqRaVK,Reading
thBqRaVK,Hiking
CjhDe8JE,Reading
CjhDe8JE,Gardening
5KsLQpun,Gardening
5KsLQpun,Painting
5KsLQpun,Hiking
ytgszzLB,Painting
ytgszzLB,Hiking
6BKCsuLV,Cycling
6BKCsuLV,Reading
MrQVWwtU,Reading
MrQVWwtU,Gardening
MrQVWwtU,Cycling
OfbHEK3H,Gardening
OfbHEK3H,Cooking
VrI4R8Me,Reading
VrI4R8Me,Cycling
VrI4R8Me,Hiking
7u5MAUBk,Hiking
pgUP4O6d,Cycling
pgUP4O6d,Hiking
TuTYnldT,Painting
TuTYnldT,Reading
XWUiTewv,Cycling
JVX7djCg,Gardening
JVX7djCg,Cycling
zmVyqNAy,Painting
277LOm68,Gardening
dH5lZ0HB,Cycling
dH5lZ0HB,Reading
fFcRs9gz,Cycling
fFcRs9gz,Cooking
eqV04rV7,Hiking
eqV04rV7,Gardening
eqV04rV7,Cycling
CvvZzOL2,Reading
CvvZzOL2,Cooking
CvvZzOL2,Hiking
KzsxyKyz,Cycling
KzsxyKyz,Reading
u0ZUOzjK,Hiking
u0ZUOzjK,Reading
u0ZUOzjK,Gardening
8KRcw7YT,Cycling
7s3OpB2j,Reading
7s3OpB2j,Gardening
GBgGC8hD,Reading
veLNXISk,Reading
veLNXISk,Cycling
cQfd43nO,Cycling
cQfd43nO,Hiking
WWih5NWN,Cooking
WWih5NWN,Cycling
lihtluaj,Reading
lihtluaj,Cycling
lihtluaj,Hiking
5shuX5KO,Hiking
fdqshkLc,Hiking
fdqshkLc,Gardening
fdqshkLc,Reading
VZndJzRD,Cycling
N5hafaA1,Reading
N5hafaA1,Cycling
T9ALlHdx,Hiking
T9ALlHdx,Cooking
ubqZqDTz,Gardening
ubqZqDTz,Painting
MRTzzNL3,Cycling
MRTzzNL3,Painting
K0yLL4iK,Gardening
K0yLL4iK,Cooking
K0yLL4iK,Hiking
UVxdjiLs,Cycling
UVxdjiLs,Reading
AtpvYnLB,Cycling
02Y0XoB7,Reading
02Y0XoB7,Cycling
02Y0XoB7,Painting
46XFmfG6,Painting
46XFmfG6,Cooking
64cfMNop,Hiking
64cfMNop,Painting
wmHItx9v,Reading
wmHItx9v,Gardening
1V33wZr8,Hiking
1V33wZr8,Cycling
1V33wZr8,Reading
cXNzVpfi,Gardening
cXNzVpfi,Cooking
cXNzVpfi,Cycling
jAhW9gpE,Cycling
Q4BYlQqH,Painting
Q4BYlQqH,Cycling
Q4BYlQqH,Cooking
ytJiIZyv,Cycling
ytJiIZyv,Hiking
anlNchRm,Gardening
c2mTYeit,Cycling
plA2NVg6,Cycling
plA2NVg6,Reading
plA2NVg6,Hiking
RajUAs6O,Cycling
RajUAs6O,Gardening
RajUAs6O,Painting
iH8SZWbv,Reading
iH8SZWbv,Cooking
D6xm44Aq,Gardening
j8Sc34vU,Cycling
j8Sc34vU,Gardening
j8Sc34vU,Hiking
SVId9aM1,Painting
hMsT3EnB,Gardening
OafNJ21p,Gardening
OafNJ21p,Painting
2bjIH78P,Hiking
2bjIH78P,Painting
e09anLNF,Reading
v6C4BMUS,Gardening
0DuaESoi,Gardening
0DuaESoi,Reading
r7O3j0HV,Cooking
AoxeMQFF,Cycling
AoxeMQFF,Reading
AoxeMQFF,Hiking
aPLLqmHa,Reading
Rcc0T6hF,Cooking
Rcc0T6hF,Cycling
Rcc0T6hF,Painting
6CSISrRn,Cooking
H2g9FR3R,Painting
H2g9FR3R,Gardening
H2g9FR3R,Reading
fseRmuvX,Gardening
fseRmuvX,Hiking
fseRmuvX,Cooking
t6bnK694,Reading
t6bnK694,Cycling
t6bnK694,Hiking
oedKmdCq,Gardening
UYCDG16h,Cooking
JNxJFZnN,Reading
JNxJFZnN,Painting
JNxJFZnN,Gardening
K5JslVSh,Gardening
K5JslVSh,Reading
K5JslVSh,Hiking
SZPNv7Vk,Painting
SZPNv7Vk,Cycling
SZPNv7Vk,Cooking
PzFLzj8i,Reading
PzFLzj8i,Cooking
z9yMWkM8,Cooking
z9yMWkM8,Cycling
inYcj2Cl,Gardening
inYcj2Cl,Painting
inYcj2Cl,Cooking
oSDvInYF,Cooking
qZ8hBRoW,Cooking
qZ8hBRoW,Painting
J0EitZ7D,Reading
J0EitZ7D,Hiking
mrQd26z1,Cycling
mrQd26z1,Painting
oJuIsGYm,Hiking
ORfrGipP,Cooking
ORfrGipP,Gardening
AqftV7MP,Gardening
867pocz1,Cycling
867pocz1,Gardening
867pocz1,Hiking
y1fZQ1oQ,Cooking
y1fZQ1oQ,Cycling
y1fZQ1oQ,Reading
u1VQATyA,Reading
OTbnHVsE,Cycling
OTbnHVsE,Reading
nDaSxYiP,Reading
nDaSxYiP,Hiking
nDaSxYiP,Cycling
omhzx32i,Hiking
omhzx32i,Reading
1MgihryI,Painting
1MgihryI,Cycling
1MgihryI,Cooking
rkpMpio5,Cycling
rkpMpio5,Reading
rkpMpio5,Cooking
sdokEIoK,Gardening
sdokEIoK,Cycling
sdokEIoK,Painting
nG8t7847,Cycling
nG8t7847,Hiking
nO98EwZd,Gardening
nO98EwZd,Cooking
kJlPZqyP,Reading
kJlPZqyP,Cycling
kJlPZqyP,Cooking
iariyQ1o,Cooking
iariyQ1o,Hiking
iariyQ1o,Reading
7O3xs8hB,Gardening
FIp1lSZv,Painting
KeVRHUP6,Hiking
EvvwpchX,Gardening
EvvwpchX,Cooking
EvvwpchX,Painting
oXeYOV1k,Hiking
hUBIOlh3,Painting
uUZa7WC1,Painting
uUZa7WC1,Cycling
uUZa7WC1,Reading
lyrUBFGe,Reading
2aAtx22U,Cycling
2aAtx22U,Gardening
2aAtx22U,Cooking
8AHYAWFZ,Cooking
6neCZYbb,Hiking
nsdIOLAC,Hiking
nsdIOLAC,Cycling
nsdIOLAC,Gardening
bcTuc5xg,Hiking
rWK9HPEE,Reading
rWK9HPEE,Cycling
jW8TAZgD,Painting
gC13yvXn,Gardening
gC13yvXn,Hiking
ZKOiUoRz,Reading
ZKOiUoRz,Cycling
1n5AsLKf,Reading
1n5AsLKf,Cycling
1n5AsLKf,Cooking
aDLXPSGZ,Hiking
9b5gji9q,Cooking
9b5gji9q,Cycling
9b5gji9q,Reading
oG1a9raI,Cycling
oG1a9raI,Cooking
oG1a9raI,Hiking
YNMYcxfV,Painting
YNMYcxfV,Cycling
SudjdCcD,Gardening
SudjdCcD,Cycling
J21HcfXL,Reading
6339SVhG,Cycling
88kLIsgI,Reading
88kLIsgI,Hiking
wpRt6s5F,Hiking
OdHxPrqM,Cycling
klJXUzgk,Reading
2XC4JHVW,Hiking
2XC4JHVW,Reading
65lFxPmN,Reading
65lFxPmN,Cycling
Jaa1sbQi,Cooking
Jaa1sbQi,Painting
Kqo1drVg,Painting
Kqo1drVg,Hiking
wyE6vKr6,Reading
sGKE2XF4,Reading
sGKE2XF4,Hiking
sGKE2XF4,Cooking
W0gdVGxX,Gardening
W0gdVGxX,Reading
82sW3Jlx,Gardening
82sW3Jlx,Painting
82sW3Jlx,Cycling
Fn7pXWgc,Reading
LP91cIpL,Cooking
3NiPwkwk,Cycling
NfjUfVyT,Gardening
NfjUfVyT,Cooking
bppnxbSI,Reading
bppnxbSI,Hiking
bppnxbSI,Gardening
5muqP6Yz,Painting
5muqP6Yz,Cycling
XcIntyNy,Reading
XcIntyNy,Painting
XcIntyNy,Cycling
1T68mI8P,Gardening
fyRi1ItU,Reading
fyRi1ItU,Cycling
fyRi1ItU,Painting
yav5wt8I,Hiking
yav5wt8I,Cycling
yav5wt8I,Reading
8MrKo8Vd,Reading
8MrKo8Vd,Cycling
gfWnJzFe,Reading
8yGthFEg,Cycling
8yGthFEg,Gardening
8yGthFEg,Cooking
5RDCtdnr,Cycling
5RDCtdnr,Reading
5RDCtdnr,Painting
5pmQALnT,Gardening
0WyL4iml,Cooking
0WyL4iml,Gardening
vuAYxXfs,Cycling
vuAYxXfs,Cooking
OAQ3Agt7,Cooking
Mdh1Zu23,Painting
Mdh1Zu23,Cycling
Mdh1Zu23,Gardening
wL5K240W,Reading
wL5K240W,Hiking
wL5K240W,Painting
EjJnBMr3,Cooking
EjJnBMr3,Gardening
EjJnBMr3,Hiking
tWArr5FL,Cycling
YPoUuSCV,Gardening
YPoUuSCV,Painting
g7blqsTd,Cycling
jOT65o3D,Gardening
jOT65o3D,Cooking
jOT65o3D,Reading
hNyCNNKj,Gardening
hNyCNNKj,Painting
gNNOT2Rk,Cooking
KFA80kxD,Hiking
5Mqwg29Y,Reading
5Mqwg29Y,Hiking
5Mqwg29Y,Gardening
2Zwwbxrq,Painting
2Zwwbxrq,Reading
2Zwwbxrq,Gardening
3FW5XWXy,Gardening
oQq1Sju0,Hiking
oQq1Sju0,Painting
yLqh1OAZ,Cycling
iomNIOmX,Cycling
FbOsPXQI,Cooking
741dSaEQ,Cooking
741dSaEQ,Gardening
lIG0DCO5,Gardening
bCdSxCLI,Gardening
MytxH4sc,Cycling
MytxH4sc,Painting
gqDiZ7fY,Cooking
gqDiZ7fY,Reading
gqDiZ7fY,Cycling
Mbifc1zz,Hiking
3wDlMgpd,Reading
3wDlMgpd,Cycling
MN5LCYhg,Reading
MN5LCYhg,Painting
Q6kjWrbp,Reading
XQCmf1vt,Painting
XQCmf1vt,Cooking
9uchwjwP,Gardening
VRkYAkki,Painting
VRkYAkki,Hiking
VRkYAkki,Gardening
nWFtalQg,Hiking
nWFtalQg,Cooking
wyTNL8rn,Gardening
wyTNL8rn,Cooking
GYBN99NX,Painting
GYBN99NX,Reading
GYBN99NX,Cooking
P11SOfgB,Gardening
P11SOfgB,Cycling
UpXl4vb5,Cycling
UpXl4vb5,Hiking
UpXl4vb5,Cooking
HL3vRbJB,Cycling
HL3vRbJB,Cooking
HL3vRbJB,Gardening
MPxBP5cg,Cycling
MPxBP5cg,Reading
3WacW6Kv,Cycling
3WacW6Kv,Painting
3WacW6Kv,Cooking
moQC8IPk,Cooking
moQC8IPk,Gardening
EilAEXm1,Reading
EilAEXm1,Cooking
EilAEXm1,Painting
gyOWLL6S,Cooking
gyOWLL6S,Cycling
fQQAFm4b,Cycling
fQQAFm4b,Reading
fQQAFm4b,Hiking
olWbMlBc,Gardening
olWbMlBc,Cooking
olWbMlBc,Hiking
islSR2Ox,Gardening
FAp51FlD,Gardening
FAp51FlD,Cooking
FAp51FlD,Painting
QRu8yvxt,Hiking
QRu8yvxt,Cooking
313vtIPR,Hiking
pTAxbK8n,Cycling
J1RBbuU7,Painting
J1RBbuU7,Cooking
J1RBbuU7,Hiking
COpGmDFC,Cooking
COpGmDFC,Hiking
eoNYP9Xw,Hiking
NvAJe8BH,Painting
NvAJe8BH,Cooking
NvAJe8BH,Cycling
Yp5PkTwf,Gardening
Yp5PkTwf,Hiking
Yp5PkTwf,Cycling
0a2E6MnI,Painting
yWWRGAzB,Hiking
sr9dKt4p,Hiking
EoTKlQIj,Painting
T1M0SEvo,Cooking
T1M0SEvo,Painting
ucJUQKRo,Painting
ucJUQKRo,Gardening
ucJUQKRo,Reading
5pqouAcT,Cycling
5pqouAcT,Reading
N4XbG2Zl,Gardening
N4XbG2Zl,Cycling
hiYE16yf,Reading
hiYE16yf,Cooking
hiYE16yf,Painting
uhQR9oOE,Hiking
uhQR9oOE,Cycling
uhQR9oOE,Gardening
T69vvMe5,Gardening
T69vvMe5,Painting
T69vvMe5,Reading
2hmhe5Rq,Cycling
2hmhe5Rq,Gardening
2hmhe5Rq,Hiking
LB0hqJhq,Hiking
u8R8I9Oo,Gardening
u8R8I9Oo,Cooking
wKKVrGE8,Cycling
3ihGLKoc,Hiking
3ihGLKoc,Gardening
fTKWlTDw,Cooking
6rzNXUCR,Cooking
6rzNXUCR,Hiking
0TnwNL8r,Hiking
0TnwNL8r,Gardening
JZYAdTYD,Painting
LxDPKEC2,Cooking
LxDPKEC2,Gardening
LxDPKEC2,Reading
MEJBuFv8,Cycling
MEJBuFv8,Painting
ehBwyD1O,Reading
9chcnDTd,Hiking
9chcnDTd,Painting
PqB1WMUT,Cooking
PqB1WMUT,Reading
PqB1WMUT,Painting
iTrJwzJM,Gardening
iTrJwzJM,Hiking
iTrJwzJM,Reading
eTNMCgZx,Reading
X4vweo06,Hiking
CkAIXVds,Cycling
CkAIXVds,Cooking
CkAIXVds,Gardening
VInZe8CA,Reading
VInZe8CA,Cooking
VInZe8CA,Cycling
WzmKsr4U,Hiking
sp89iPTL,Cycling
05U4YViW,Cooking
05U4YViW,Gardening
tCxyuh5M,Cooking
tCxyuh5M,Hiking
nlJjiTbo,Reading
nlJjiTbo,Gardening
Q1lTDueL,Gardening
TBacnkv2,Reading
TBacnkv2,Cooking
TBacnkv2,Cycling
aAwnmeNz,Hiking
aAwnmeNz,Reading
Ub6PkmEf,Reading
Ub6PkmEf,Cycling
USCcUl6j,Cooking
USCcUl6j,Painting
USCcUl6j,Cycling
TfMacalC,Painting
TfMacalC,Cooking
jkzOPQsO,Cooking
jkzOPQsO,Reading
jkzOPQsO,Hiking
OfKmJvse,Cycling
OfKmJvse,Gardening
NBGfXIAv,Painting
NBGfXIAv,Gardening
upEmgcCG,Cooking
d7HuK5Xi,Hiking
d7HuK5Xi,Cooking
2HXlU6P4,Cycling
2HXlU6P4,Gardening
2HXlU6P4,Hiking
qkqJ2bXX,Cooking
xH5t0GUU,Cycling
xH5t0GUU,Reading
xH5t0GUU,Painting
pxruIifn,Cooking
pxruIifn,Painting
gi5fgiCy,Cycling
g9kGvN7V,Gardening
g9kGvN7V,Painting
g9kGvN7V,Hiking
ZzKNIC84,Hiking
gr1d4gQx,Painting
ej5ck8VK,Cooking
ej5ck8VK,Reading
ej5ck8VK,Hiking
gVEuSGWD,Gardening
gVEuSGWD,Painting
lFIgc5Oy,Reading
lFIgc5Oy,Cycling
QtUBsKNg,Gardening
QtUBsKNg,Reading
QtUBsKNg,Cycling
Xh48Mn4D,Hiking
XjGwSm1J,Cycling
XjGwSm1J,Hiking
XjGwSm1J,Cooking
UOQKiOHQ,Cycling
UOQKiOHQ,Gardening
jB7MYPPE,Hiking
jB7MYPPE,Painting
tolxDL5c,Painting
LcplTcqj,Gardening
uetFngFO,Cooking
uetFngFO,Cycling
2fqInRRt,Cooking
2fqInRRt,Painting
Rzhfk8PN,Gardening
Rzhfk8PN,Cooking
Rzhfk8PN,Painting
1yxOfRB2,Reading
4IIpEHWv,Painting
4IIpEHWv,Gardening
4IIpEHWv,Hiking
4THvBemB,Reading
4THvBemB,Hiking
4THvBemB,Cooking
uqIfSmDx,Cycling
uqIfSmDx,Reading
uqIfSmDx,Cooking
FHsHRAYY,Cooking
p3rKt3s2,Gardening
p3rKt3s2,Cooking
uFLwQmfm,Gardening
uFLwQmfm,Cooking
kDS8d0W7,Reading
Kj2HWvb2,Gardening
CDlWq0yq,Cycling
CDlWq0yq,Painting
CDlWq0yq,Reading
fZ4rSWyn,Cycling
fZ4rSWyn,Gardening
fZ4rSWyn,Hiking
ArE2rn3V,Painting
m6N0MtX5,Gardening
m6N0MtX5,Hiking
m6N0MtX5,Reading
7nvpsNQH,Hiking
7nvpsNQH,Gardening
X9d3qcRc,Gardening
6JTpSDTG,Painting
6JTpSDTG,Reading
6JTpSDTG,Hiking
WL6IqNJE,Gardening
WL6IqNJE,Cooking
wHDmv9Jp,Gardening
wHDmv9Jp,Cooking
yh4oq5vi,Cycling
yh4oq5vi,Cooking
yh4oq5vi,Gardening
c1qHg7rl,Cooking
c1qHg7rl,Reading
CVPesQqS,Painting
CVPesQqS,Hiking
9a4aJrwd,Painting
9a4aJrwd,Hiking
jVJQUL6u,Gardening
jVJQUL6u,Reading
jVJQUL6u,Cooking
M78nGEst,Gardening
M78nGEst,Painting
FEh12X6E,Cycling
FEh12X6E,Hiking
FEh12X6E,Painting
h62OMe4a,Cooking
h62OMe4a,Reading
h62OMe4a,Painting
YDDiHwDn,Cooking
D4KdcPRs,Gardening
mSXYX2Qs,Painting
mSXYX2Qs,Gardening
mSXYX2Qs,Cycling
2AxONdZ3,Gardening
2AxONdZ3,Painting
y5k997a8,Cycling
UaT58Znw,Gardening
qrXLokRT,Painting
qrXLokRT,Hiking
JkbRWZzs,Painting
HR4A4ef1,Cycling
HR4A4ef1,Hiking
HR4A4ef1,Gardening
y40GGd57,Hiking
y40GGd57,Reading
y40GGd57,Cycling
7YduGVuO,Cycling
7YduGVuO,Reading
RwrxwoDr,Cycling
RwrxwoDr,Hiking
YcG1YA8x,Painting
IzFVxxBX,Reading
IzFVxxBX,Cycling
IzFVxxBX,Hiking
VmJJEd9X,Cycling
VmJJEd9X,Painting
3UeEBHFq,Painting
3UeEBHFq,Cycling
3UeEBHFq,Cooking
XIBtMgji,Reading
XIBtMgji,Hiking
oCoUnSFQ,Cycling
oCoUnSFQ,Reading
ifQRrTTl,Hiking
ifQRrTTl,Painting
ifQRrTTl,Reading
ReDwD0ad,Cooking
eWWZE7ok,Reading
Cwhtgc5A,Gardening
Cwhtgc5A,Painting
KcSvhkVX,Cycling
KcSvhkVX,Cooking
ldw7LVQt,Painting
ldw7LVQt,Cycling
ldw7LVQt,Cooking
2yxG3twk,Cooking
2yxG3twk,Gardening
KrR7wMoy,Gardening
KrR7wMoy,Painting
aJOnZa1y,Painting
aJOnZa1y,Cooking
9L6Bvv6s,Reading
9L6Bvv6s,Painting
9L6Bvv6s,Cooking
c3qxA7yQ,Cycling
sRjperQG,Cooking
tLsZEEv9,Cooking
tLsZEEv9,Reading
tLsZEEv9,Hiking
QBoyYc54,Reading
5u85x1c2,Gardening
5u85x1c2,Cycling
5u85x1c2,Painting
U0kp10ek,Hiking
U0kp10ek,Reading
U0kp10ek,Cycling
v7msBdEc,Painting
v7msBdEc,Cooking
b10bWLyS,Reading
b10bWLyS,Hiking
0dCGYD0H,Gardening
0dCGYD0H,Cooking
NReEx5S1,Cycling
bdb8YZum,Gardening
bdb8YZum,Painting
bdb8YZum,Reading
dZ1uD13M,Cooking
w1ACIoNp,Hiking
w1ACIoNp,Cooking
w1ACIoNp,Gardening
fmagWGDK,Reading
fmagWGDK,Cooking
fmagWGDK,Cycling
6MdBspX7,Cooking
EBAmsls8,Cycling
GT47mdL5,Gardening
GT47mdL5,Hiking
p5ZavfDx,Cooking
p5ZavfDx,Painting
96dw2eKI,Gardening
crebKCMm,Hiking
08fkOwzD,Cooking
08fkOwzD,Gardening
YeEVh6OO,Reading
YeEVh6OO,Hiking
jpFy2TMS,Gardening
jpFy2TMS,Reading
2J3e3XGY,Cycling
2J3e3XGY,Reading
O3bG6s6f,Reading
O3bG6s6f,Painting
QPohYkuv,Gardening
QPohYkuv,Painting
UPGFP23B,Cooking
QszpYaDk,Cycling
fPCou88u,Reading
fPCou88u,Gardening
fPCou88u,Hiking
4PtZ0601,Reading
4PtZ0601,Cycling
JRtsgqaP,Hiking
r2FPKcdm,Gardening
TRZVLC1C,Cycling
TRZVLC1C,Painting
TRZVLC1C,Hiking
oXrKGz4p,Hiking
oXrKGz4p,Painting
POV4VV0S,Cycling
84wyXvpT,Hiking
FFcBQYsz,Cooking
nFC6a08g,Cycling
nFC6a08g,Painting
nFC6a08g,Cooking
p55t6jni,Cooking
YLdbDL5I,Cycling
YLdbDL5I,Reading
YLdbDL5I,Hiking
e5C0Jhs1,Painting
e5C0Jhs1,Gardening
e5C0Jhs1,Cycling
rdxsx0DC,Painting
ag6bpSoQ,Cycling
ag6bpSoQ,Cooking
MiCIPpAB,Cycling
MiCIPpAB,Gardening
qPgRWur4,Painting
ZvWS0ONa,Painting
ZvWS0ONa,Cooking
ZvWS0ONa,Hiking
p9LZI9d5,Cooking
p9LZI9d5,Painting
p9LZI9d5,Cycling
VKMXb547,Painting
VKMXb547,Cooking
4ZPKBoO2,Hiking
HWXTVQqD,Reading
HWXTVQqD,Cooking
dbUuCBjv,Reading
0SIDJJep,Reading
0SIDJJep,Painting
0SIDJJep,Cycling
qpukCQrf,Reading
qpukCQrf,Gardening
qpukCQrf,Hiking
HFm2sIrU,Hiking
qq4e4Kle,Cooking
qq4e4Kle,Reading
zgDeWwOO,Hiking
zgDeWwOO,Cycling
zgDeWwOO,Cooking
Vgqil1Jr,Hiking
Vgqil1Jr,Painting
Vgqil1Jr,Cycling
FfLITVh1,Cycling
FfLITVh1,Gardening
Qlg3biHN,Cycling
Qlg3biHN,Cooking
oEg0ruCw,Gardening
oEg0ruCw,Painting
EdTd8Una,Painting
vLQgRujS,Cycling
xFIi0OAt,Gardening
xFIi0OAt,Cooking
xFIi0OAt,Painting
ZuF25sXm,Cooking
Z5GFAek7,Cycling
DduL3Kee,Gardening
DduL3Kee,Painting
DduL3Kee,Cycling
dZgNPtpB,Hiking
mYlOyfV6,Reading
DfCPFdBk,Hiking
USB8gr82,Cycling
USB8gr82,Painting
DcAcQLT6,Cooking
xwsbNLfT,Painting
xwsbNLfT,Gardening
xwsbNLfT,Reading
5ZkYxDzU,Cycling
5ZkYxDzU,Painting
IvBGqbI4,Cooking
IvBGqbI4,Painting
GfpbLcUG,Painting
GfpbLcUG,Reading
GfpbLcUG,Cycling
VGVHPBdu,Painting
VGVHPBdu,Cooking
31cHmvLx,Hiking
VK6MzcDu,Hiking
VK6MzcDu,Cooking
u0ZGqWl1,Cycling
VBk18qSI,Painting
VBk18qSI,Cycling
VBk18qSI,Gardening
VcvZwvGz,Gardening
TfP6MUFo,Reading
TfP6MUFo,Painting
TfP6MUFo,Cooking
9RKTMk0m,Gardening
9RKTMk0m,Reading
9RKTMk0m,Cooking
kxbnuxhb,Hiking
CzuxtCKE,Hiking
CzuxtCKE,Gardening
d245y9PZ,Reading
d245y9PZ,Hiking
wDwjsPYt,Hiking
wDwjsPYt,Cycling
JETmRLKQ,Cooking
JETmRLKQ,Gardening
JETmRLKQ,Cycling
jCYa7kbp,Painting
jCYa7kbp,Reading
bEZIzbdA,Hiking
bEZIzbdA,Painting
bEZIzbdA,Cycling
52VvdxI6,Gardening
52VvdxI6,Hiking
52VvdxI6,Cooking
qMxr6i8h,Hiking
mc01Vp2T,Painting
mc01Vp2T,Hiking
mc01Vp2T,Cooking
9HMhw7yA,Painting
9HMhw7yA,Cooking
9HMhw7yA,Hiking
l7gDQGNE,Painting
l7gDQGNE,Cycling
c7riarR5,Gardening
c7riarR5,Hiking
c7riarR5,Reading
RCEKDc73,Cooking
RCEKDc73,Hiking
RCEKDc73,Gardening
Hfammtfv,Cycling
Hfammtfv,Painting
NPzq3NBW,Gardening
IisEG1pv,Cycling
IisEG1pv,Cooking
aAG1rGrC,Painting
qahYkB4W,Cooking
qahYkB4W,Hiking
qsXQG32S,Cycling
qsXQG32S,Hiking
qsXQG32S,Gardening
6nv8MPqO,Hiking
6nv8MPqO,Painting
jrjtmQRE,Painting
DGX4colb,Gardening
BdFJWbcI,Cycling
hoEEOl34,Hiking
hoEEOl34,Cycling
gzjIvBgW,Cycling
gzjIvBgW,Hiking
gzjIvBgW,Painting
EEr5bIwO,Painting
EEr5bIwO,Cooking
EEr5bIwO,Gardening
G67rfEk4,Cooking
G67rfEk4,Painting
qdvFuws6,Hiking
qdvFuws6,Cycling
xkholZxP,Painting
xkholZxP,Cycling
21QttVIg,Reading
21QttVIg,Cycling
JXIjjgFy,Painting
JXIjjgFy,Reading
JXIjjgFy,Cooking
3nYqsbbl,Cycling
3nYqsbbl,Gardening
3nYqsbbl,Cooking
cVsNQNtI,Cycling
cVsNQNtI,Cooking
cVsNQNtI,Gardening
jTRgve7a,Reading
jTRgve7a,Cooking
G7UQMJCP,Reading
G7UQMJCP,Painting
G7UQMJCP,Hiking
vhysbauk,Hiking
vhysbauk,Painting
vhysbauk,Cycling
4qQUsI96,Hiking
4qQUsI96,Gardening
5BkBkX9a,Cooking
P69LbkEv,Hiking
zfBabley,Cooking
zfBabley,Reading
eD7vFCPB,Cycling
eD7vFCPB,Cooking
rfaie7Gf,Hiking
rfaie7Gf,Painting
rfaie7Gf,Cycling
8CYE8MMq,Cycling
EUZslI9y,Gardening
EUZslI9y,Cycling
VXuIz2fp,Cooking
VXuIz2fp,Hiking
qZcSFNuY,Reading
qZcSFNuY,Hiking
qZcSFNuY,Painting
la5aSJNB,Cooking
la5aSJNB,Painting
VFLmNC4b,Cycling
YeoMLNmV,Reading
YeoMLNmV,Cooking
YeoMLNmV,Hiking
twET2bID,Gardening
twET2bID,Cycling
fmI8xrcN,Hiking
8XD8Z1Wq,Gardening
xXkwQjfn,Hiking
xXkwQjfn,Cycling
l5JvNAnz,Painting
l5JvNAnz,Hiking
EeluJjG0,Gardening
EeluJjG0,Cooking
EeluJjG0,Painting
DTgRvWpg,Cooking
DTgRvWpg,Cycling
DTgRvWpg,Gardening
wG921YRh,Reading
wG921YRh,Cooking
vRou1JQ0,Reading
vRou1JQ0,Cycling
vRou1JQ0,Painting
wagjhBH8,Reading
rXEMczSf,Hiking
rXEMczSf,Cycling
KlGcRAtU,Cooking
sisliAg2,Gardening
sisliAg2,Cycling
sisliAg2,Cooking
mKnta4br,Painting
fGPrrFZo,Reading
EhjJJlR8,Gardening
EhjJJlR8,Cooking
nxchHnoR,Painting
nxchHnoR,Cycling
WerMGw0J,Hiking
ErpgneCb,Reading
lW1eEp3V,Gardening
lW1eEp3V,Cooking
lW1eEp3V,Hiking
ADFedjQJ,Hiking
ADFedjQJ,Gardening
CYc6tj15,Reading
ZSsFopTs,Hiking
ZSsFopTs,Painting
ZSsFopTs,Cycling
Ci75beqW,Painting
Ci75beqW,Cooking
yavg6Pof,Painting
yavg6Pof,Reading
P4yG2CPq,Cooking
P4yG2CPq,Reading
P4yG2CPq,Painting
l4FZzWxY,Painting
WvUFox2u,Painting
6BN9iEKT,Reading
6BN9iEKT,Gardening
6BN9iEKT,Hiking
g1sPAmN9,Reading
NBB4t82J,Cycling
NBB4t82J,Hiking
1UF45yzb,Reading
Eacy1lEe,Hiking
Eacy1lEe,Cycling
dZ4J1qyx,Cooking
dZ4J1qyx,Hiking
0CKsLUfs,Painting
0CKsLUfs,Cooking
jardreKI,Cycling
jardreKI,Hiking
ImrYFo7y,Reading
ImrYFo7y,Cycling
ImrYFo7y,Painting
gL9MSkja,Gardening
gL9MSkja,Painting
gL9MSkja,Cycling
XYDOJ4Jl,Reading
N6k31K6i,Hiking
N6k31K6i,Reading
N6k31K6i,Cycling
O6Vkt0ct,Hiking
a4NfKPSK,Hiking
a4NfKPSK,Painting
WtLbSeKn,Hiking
WtLbSeKn,Painting
WtLbSeKn,Cycling
ipDt5usH,Gardening
16UaR66F,Painting
Okgg58NZ,Painting
zn7hoJBv,Cooking
81ehtN2Y,Cycling
69XiCaLV,Reading
69XiCaLV,Cooking
duFcN4Pw,Gardening
duFcN4Pw,Reading
LwEBKSK0,Cycling
LwEBKSK0,Hiking
LwEBKSK0,Painting
Fr2zq51W,Gardening
fxR4ms5n,Cycling
ATWvXMfJ,Cycling
ATWvXMfJ,Reading
foXtQoZr,Hiking
foXtQoZr,Painting
foXtQoZr,Reading
Jz3S9Y44,Painting
Jz3S9Y44,Cycling
Jz3S9Y44,Reading
Cb8GB3Wl,Gardening
9xliFuL5,Hiking
9xliFuL5,Reading
9xliFuL5,Painting
69QDLofo,Reading
p3pVNm3T,Cycling
p3pVNm3T,Painting
yYtFi5wW,Hiking
xMskzlKG,Cycling
xMskzlKG,Reading
xMskzlKG,Cooking
kiM0Pw3l,Gardening
5KDrpsMR,Cycling
5KDrpsMR,Reading
TIc76eHj,Cooking
uDGyyhGQ,Gardening
7E87Iu9a,Gardening
7E87Iu9a,Cycling
7E87Iu9a,Painting
benGkb1C,Reading
benGkb1C,Hiking
yVjTrPI1,Hiking
MsyDKZQe,Gardening
MsyDKZQe,Cooking
tasQ0gov,Cycling
tasQ0gov,Cooking
tasQ0gov,Reading
3vVyQwob,Cycling
3vVyQwob,Hiking
3vVyQwob,Reading
Sb4ITqPR,Gardening
HvLXPtU9,Reading
HvLXPtU9,Cooking
546Ycs5r,Cycling
QLgvz8Uo,Reading
pzvo8gch,Gardening
f1gfhxmw,Cooking
f1gfhxmw,Reading
mJ2JroYs,Cycling
mJ2JroYs,Hiking
5el2jRKV,Hiking
oJ8HoumF,Cycling
oJ8HoumF,Cooking
254R1wSn,Painting
254R1wSn,Cooking
cccxCECH,Cooking
v6PsM8Rk,Cooking
v6PsM8Rk,Cycling
OxmLdvhV,Reading
zMl7BSk9,Painting
zMl7BSk9,Cooking
zMl7BSk9,Hiking
3iRp9G35,Cycling
3iRp9G35,Painting
3iRp9G35,Gardening
cf9gtD5m,Painting
cf9gtD5m,Cooking
cf9gtD5m,Gardening
9tfAVZrt,Hiking
KDKs4Ru2,Painting
KDKs4Ru2,Hiking
KDKs4Ru2,Cycling
07O0ZPjb,Gardening
07O0ZPjb,Hiking
BFxDzTPU,Gardening
02a7xged,Painting
ywajlkRP,Reading
ywajlkRP,Cooking
ywajlkRP,Hiking
z4NeBmyv,Gardening
nzKCjctr,Cycling
LksuatUw,Cooking
LksuatUw,Reading
LksuatUw,Hiking
QrXeMhc7,Gardening
QrXeMhc7,Cooking
QrXeMhc7,Reading
gdvDQ9cI,Gardening
gdvDQ9cI,Hiking
rrBCR6iv,Hiking
rrBCR6iv,Cooking
rrBCR6iv,Reading
N8qXamSh,Gardening
8y0Fa9bB,Hiking
8y0Fa9bB,Gardening
8y0Fa9bB,Cycling
ywaxC1Pa,Reading
0IxFwzVV,Gardening
7DdZRQB2,Cooking
7DdZRQB2,Hiking
7DdZRQB2,Painting
xl81hUOI,Gardening
jlpwmGPs,Painting
jlpwmGPs,Reading
vAZjs5gF,Gardening
vAZjs5gF,Painting
hDkZPjzP,Hiking
hDkZPjzP,Painting
hDkZPjzP,Cycling
IlwgXuio,Painting
IlwgXuio,Gardening
GUfHR3LL,Hiking
OJtdQO4T,Reading
OJtdQO4T,Gardening
GPRBQXeF,Reading
GPRBQXeF,Cooking
GPRBQXeF,Gardening
5bZjw10D,Reading
5bZjw10D,Gardening
5bZjw10D,Cycling
w0Pwsv8N,Gardening
w0Pwsv8N,Hiking
TRlopTuY,Cooking
TRlopTuY,Gardening
TRlopTuY,Painting
49a52aZc,Gardening
1evNkwIH,Cycling
eMbPAmMR,Cycling
v80BcmXw,Cooking
v80BcmXw,Reading
v80BcmXw,Painting
X7cLZfLY,Hiking
X7cLZfLY,Reading
BXfJt91Y,Reading
ZQMIscQ1,Cooking
ZQMIscQ1,Gardening
NqwVDFsu,Painting
NqwVDFsu,Gardening
WFSTEUKG,Cycling
QB4sBTum,Reading
QB4sBTum,Gardening
QB4sBTum,Painting
ajlXfGVv,Cycling
wzrrmgRI,Gardening
wzrrmgRI,Cooking
GnCFCfgg,Cycling
0d3YSdvN,Gardening
0d3YSdvN,Cooking
0d3YSdvN,Hiking
3AcuTah3,Cooking
3AcuTah3,Cycling
3AcuTah3,Gardening
qFE4IsFu,Painting
qFE4IsFu,Hiking
qFE4IsFu,Reading
IhUfO74H,Hiking
IhUfO74H,Gardening
IhUfO74H,Painting
VzEiyQCv,Cooking
OY4AkmwN,Hiking
OY4AkmwN,Cooking
gcXKeON3,Cycling
Ey3sDP0m,Gardening
Ey3sDP0m,Painting
Ey3sDP0m,Reading
QMaLWdNY,Gardening
QMaLWdNY,Hiking
9JEZNtIi,Cycling
9JEZNtIi,Gardening
9JEZNtIi,Painting
q1B4c2Ya,Gardening
4u3z3Ws9,Painting
uupnfCqj,Gardening
gU55EAmq,Reading
gU55EAmq,Cycling
tZCWmqw4,Cooking
ssZxoaXx,Reading
2J2yUQFa,Cooking
p8NUAf6u,Cycling
p8NUAf6u,Painting
p8NUAf6u,Hiking
iPTI6V27,Cooking
iPTI6V27,Hiking
iPTI6V27,Cycling
uHxSWvnl,Painting
INWCFphw,Painting
UtJkvdvP,Hiking
YM89tL7x,Cycling
YM89tL7x,Reading
CY4FhDq7,Painting
TnHIkGl9,Cycling
uKOGqWcX,Reading
aLT4hLkD,Cooking
aLT4hLkD,Hiking
4YbhxQYO,Reading
4YbhxQYO,Gardening
voODuSlG,Cooking
voODuSlG,Hiking
voODuSlG,Cycling
n6oSKFTL,Cooking
n6oSKFTL,Painting
QvSNzixT,Cycling
QvSNzixT,Painting
RjrNlQc3,Hiking
RjrNlQc3,Cycling
qTGsRrEk,Gardening
qTGsRrEk,Hiking
NKHwWBzm,Cooking
vQEIC6LY,Gardening
yhpf4ro9,Cycling
yhpf4ro9,Gardening
yhpf4ro9,Hiking
Zh0JQcNX,Reading
Zh0JQcNX,Gardening
Xiww7mQ0,Hiking
Xiww7mQ0,Cooking
6weGDZ5b,Painting
6weGDZ5b,Hiking
6weGDZ5b,Cycling
cXupDI3N,Hiking
cXupDI3N,Cycling
lR1TMiEr,Gardening
lR1TMiEr,Cooking
lR1TMiEr,Reading
eeJpZ99T,Reading
eeJpZ99T,Cycling
wibw2c7E,Cooking
XFTpFQX1,Gardening
NSpcbaqH,Reading
NSpcbaqH,Cycling
NSpcbaqH,Cooking
kueLMHKQ,Cooking
OeQSiMiq,Cooking
cTT6GGq5,Painting
sHYfdKFd,Gardening
sHYfdKFd,Painting
kJlQ4mUO,Hiking
kJlQ4mUO,Cooking
0E5KECCu,Reading
0E5KECCu,Hiking
7XvINBms,Painting
WfF94rtI,Reading
WfF94rtI,Cooking
qkl9tVOm,Reading
qkl9tVOm,Cycling
uGdu5LXU,Reading
bZJJdbxE,Hiking
VEkRUmzO,Reading
HCUI3jg8,Hiking
HCUI3jg8,Painting
7rJDdtYy,Cycling
Ve50jNdb,Reading
Ve50jNdb,Gardening
Ve50jNdb,Hiking
XySCTpZL,Gardening
XySCTpZL,Reading
XySCTpZL,Painting
8eybQJpJ,Reading
8eybQJpJ,Hiking
8eybQJpJ,Cooking
5eYq7hkD,Hiking
5eYq7hkD,Painting
PL2DHsea,Hiking
aQ1Jjqq3,Cooking
aQ1Jjqq3,Hiking
aQ1Jjqq3,Gardening
H7wOJcuE,Painting
H7wOJcuE,Cooking
H7wOJcuE,Reading
svxxs0hU,Hiking
svxxs0hU,Cooking
wzze7m00,Hiking
wzze7m00,Cooking
R1xYN8hT,Cooking
NFCVdFNN,Hiking
yFYfXLvU,Reading
rBtyGO7v,Painting
saeIi4bf,Cycling
uENxgowb,Hiking
RCIWLkOb,Cycling
QppTJl17,Hiking
fEHgqhkA,Hiking
fEHgqhkA,Reading
bECCAy7m,Cooking
bECCAy7m,Hiking
bECCAy7m,Reading
h2eyK3jB,Gardening
h2eyK3jB,Painting
vl2XakrM,Gardening
vl2XakrM,Painting
vl2XakrM,Reading
wNjaN7aC,Cycling
wNjaN7aC,Gardening
2kiDm0ha,Painting
2kiDm0ha,Gardening
2kiDm0ha,Hiking
p5KVeLGT,Gardening
p5KVeLGT,Reading
mIr3UkTX,Reading
mIr3UkTX,Hiking
mIr3UkTX,Gardening
Qt7Mer6r,Cycling
Qt7Mer6r,Hiking
Qt7Mer6r,Painting
dx52f7Np,Reading
dx52f7Np,Gardening
q9LXI0fA,Hiking
q9LXI0fA,Cycling
q9LXI0fA,Cooking
GUH860uS,Reading
GUH860uS,Painting
GUH860uS,Cooking
DbCSjDFM,Gardening
DbCSjDFM,Painting
DbCSjDFM,Cooking
yDcRHDS1,Gardening
yDcRHDS1,Cycling
bMfbcwCK,Cycling
8nMtItw8,Painting
8nMtItw8,Gardening
8nMtItw8,Cycling
jkgCTfwj,Painting
jkgCTfwj,Cycling
GSrYeeQM,Painting
UhaOhzqj,Cycling
UhaOhzqj,Hiking
ZZHIPoUd,Cooking
ZZHIPoUd,Gardening
ZZHIPoUd,Cycling
lHZZUPFl,Cycling
tHmnRt4g,Gardening
tHmnRt4g,Reading
0Aryga5X,Gardening
ErGSx7BR,Cycling
ErGSx7BR,Cooking
w1EEt2Tf,Cycling
w1EEt2Tf,Painting
w1EEt2Tf,Cooking
PHGarFs5,Painting
PHGarFs5,Hiking
PHGarFs5,Cooking
5Nu3KpvB,Gardening
5Nu3KpvB,Painting
5W0FeiaC,Reading
5W0FeiaC,Gardening
zSQ7fgEx,Hiking
zSQ7fgEx,Reading
zSQ7fgEx,Painting
psmymTqW,Painting
psmymTqW,Reading
wGc7s3BM,Cycling
1OAPk9D3,Painting
1OAPk9D3,Cycling
edaBjp1R,Cycling
edaBjp1R,Hiking
edaBjp1R,Reading
EAtMfPvm,Hiking
EAtMfPvm,Gardening
mrE6GFZ4,Gardening
mrE6GFZ4,Cycling
IykFsWL5,Painting
IykFsWL5,Hiking
IykFsWL5,Gardening
QZUHR6DM,Cooking
KJf7eL7T,Painting
Oe9VrB3B,Reading
Oe9VrB3B,Gardening
Kvyt18O5,Gardening
Kvyt18O5,Painting
zUs9a83g,Gardening
krdfLtF5,Gardening
vjqYA1oH,Cooking
vjqYA1oH,Reading
Sw9TO1fl,Reading
Sw9TO1fl,Cycling
Sw9TO1fl,Gardening
DXcSOv6u,Cycling
ZTSzVjxH,Painting
BkWYi56c,Reading
BkWYi56c,Hiking
gGiueDPi,Gardening
Bf4D8gff,Gardening
ey0hlSnp,Hiking
ey0hlSnp,Gardening
zUq6Gs3w,Gardening
HTvJrVev,Hiking
bj0N8M6t,Hiking
bj0N8M6t,Cooking
bj0N8M6t,Cycling
oDpcifpL,Painting
oDpcifpL,Gardening
oDpcifpL,Hiking
ZyUOX8jn,Cooking
ZyUOX8jn,Painting
ZyUOX8jn,Cycling
nkc7MDMn,Reading
nkc7MDMn,Cycling
nkc7MDMn,Gardening
bVJFPUkH,Gardening
bVJFPUkH,Reading
bVJFPUkH,Painting
YStSiSUl,Gardening
YStSiSUl,Painting
846h13sM,Painting
jlp958NS,Hiking
jlp958NS,Cooking
jlp958NS,Reading
sGZWLt4Z,Painting
FwjPiaLs,Painting
YNkkV5xT,Reading
LnsgrCn5,Cycling
LnsgrCn5,Cooking
LnsgrCn5,Reading
HGUU5Zou,Painting
HGUU5Zou,Cycling
BX3vh9Z5,Cycling
BX3vh9Z5,Gardening
m1JAo62R,Cycling
M8CHDwVs,Cooking
M8CHDwVs,Reading
OEl3RRh2,Cooking
OEl3RRh2,Cycling
OEl3RRh2,Painting
cDN8k0jG,Painting
6nRbsty8,Hiking
ouIbXExs,Gardening
ouIbXExs,Cooking
0pFQ80BM,Gardening
0pFQ80BM,Cooking
0pFQ80BM,Reading
y54rbGDa,Cycling
jwnlOWGO,Reading
mU8zzGll,Cooking
mU8zzGll,Cycling
Rr15BHvN,Cooking
Rr15BHvN,Gardening
Rr15BHvN,Cycling
rWPOnJAD,Reading
rWPOnJAD,Cooking
7KwIJCPF,Cycling
7KwIJCPF,Cooking
7KwIJCPF,Gardening
8xAGT7xI,Reading
8xAGT7xI,Painting
QzoJPKzQ,Hiking
GhF2UN1V,Reading
GhF2UN1V,Cycling
NS71Zn1w,Reading
NS71Zn1w,Cycling
NS71Zn1w,Gardening
3rQGGnFh,Hiking
3rQGGnFh,Cooking
IvkzRPdc,Gardening
IvkzRPdc,Hiking
v4F6l34a,Reading
v4F6l34a,Cooking
v4F6l34a,Hiking
R6zhzi8M,Hiking
R6zhzi8M,Reading
R6zhzi8M,Gardening
d8OP1B6I,Hiking
d8OP1B6I,Cycling
hte42hwE,Reading
hte42hwE,Painting
9PT54IoE,Cycling
9PT54IoE,Reading
9PT54IoE,Gardening
axPN63GV,Painting
QY4iPubo,Cooking
QY4iPubo,Gardening
UFRlmUqb,Gardening
UFRlmUqb,Reading
UFRlmUqb,Cycling
0WkueYmg,Cooking
0WkueYmg,Gardening
NPZxaNs5,Cycling
NPZxaNs5,Gardening
NPZxaNs5,Cooking
FPkRwYUM,Cooking
EmDeq15Z,Cooking
EmDeq15Z,Cycling
vrD8xw2r,Gardening
YB69tiNf,Cooking
YB69tiNf,Painting
kFWiBYXj,Gardening
kFWiBYXj,Cooking
d52HWzHB,Cycling
d52HWzHB,Cooking
J1CVDYRW,Cooking
J1CVDYRW,Painting
BL2izH1O,Gardening
AVCgd8bw,Painting
vI7XXE2o,Hiking
vI7XXE2o,Cycling
sAjQZFg0,Painting
sAjQZFg0,Gardening
jDCqKikR,Cooking
jDCqKikR,Cycling
n77d2igF,Gardening
n77d2igF,Reading
n77d2igF,Cycling
yoSoi8b3,Hiking
CvQXAB7W,Painting
CvQXAB7W,Cooking
P60Bnb77,Cooking
P60Bnb77,Reading
P60Bnb77,Hiking
EoMNbkdw,Hiking
EoMNbkdw,Cooking
EoMNbkdw,Gardening
MSVeoUkh,Painting
Tm2AGh9J,Painting
WQSBb0Kd,Cooking
WQSBb0Kd,Reading
KWHgOQOZ,Hiking
KWHgOQOZ,Reading
2TCPpvVA,Cycling
iLOEMc7L,Painting
iLOEMc7L,Reading
TPRMxVoO,Reading
PBg5pUzl,Gardening
4PowO800,Reading
4XcO5Lju,Cycling
4XcO5Lju,Reading
kCLpbloW,Hiking
kCLpbloW,Cycling
kCLpbloW,Painting
NOYyt2Hs,Painting
chm7Hwf6,Hiking
chm7Hwf6,Painting
chm7Hwf6,Cycling
yyFA20Ua,Reading
yyFA20Ua,Cycling
7YHYzMnE,Cooking
7YHYzMnE,Painting
7YHYzMnE,Gardening
r3N31TWh,Hiking
r3N31TWh,Painting
r3N31TWh,Reading
52NuFSd3,Cooking
rGismcV9,Gardening
rGismcV9,Cooking
GWxSLI4d,Cycling
GWxSLI4d,Painting
UiAoPIGA,Cooking
UiAoPIGA,Cycling
UiAoPIGA,Gardening
mjGX0wzL,Cooking
mjGX0wzL,Painting
VSZWUAVX,Hiking
VSZWUAVX,Reading
VSZWUAVX,Gardening
EipHfjWP,Gardening
3zp56oDR,Painting
3zp56oDR,Reading
3zp56oDR,Cooking
DynkZSP7,Reading
DynkZSP7,Painting
DynkZSP7,Cycling
rHoqV3fO,Cycling
sBZ8kv4k,Hiking
sBZ8kv4k,Cycling
sBZ8kv4k,Painting
va1DfcL4,Gardening
gEVUHmY6,Reading
gEVUHmY6,Cycling
3seD6Hai,Painting
3seD6Hai,Reading
3seD6Hai,Cooking
tvMwoCnU,Reading
tvMwoCnU,Cycling
tvMwoCnU,Cooking
0EKPwgsj,Reading
0EKPwgsj,Cooking
0EKPwgsj,Gardening
iyh46qmP,Reading
iyh46qmP,Cooking
fDReWe2W,Gardening
fDReWe2W,Cycling
KXN87O6R,Reading
IJR86Aun,Reading
1ZeESDzm,Hiking
1ZeESDzm,Reading
1ZeESDzm,Gardening
VhLTz02r,Cycling
A9noOCNx,Cooking
A9noOCNx,Gardening
A9noOCNx,Reading
XfdeAJNy,Gardening
XfdeAJNy,Hiking
XfdeAJNy,Reading
RN8E7qFo,Cooking
RN8E7qFo,Hiking
RN8E7qFo,Gardening
nc5CyfXw,Painting
nc5CyfXw,Reading
SoPmF4eA,Reading
SoPmF4eA,Cycling
G2oFWMK8,Painting
vQis9zq5,Painting
vQis9zq5,Gardening
nThqOqqy,Cycling
nThqOqqy,Cooking
MHrlLfLn,Reading
MHrlLfLn,Cycling
iA974uFm,Reading
iA974uFm,Cooking
Jg0wZlIQ,Cooking
Jg0wZlIQ,Gardening
R1oAmpI2,Reading
R1oAmpI2,Painting
ZhuE1Acx,Painting
vqC0ETTn,Hiking
vqC0ETTn,Gardening
vqC0ETTn,Cooking
iivek6Cf,Hiking
UfRvC0iJ,Cycling
UfRvC0iJ,Reading
se7JCxhl,Cycling
B68STsvU,Cycling
Bm1p2AdG,Hiking
iNif41Ua,Cooking
0OZg1Gar,Cycling
QQBLy7lM,Gardening
QQBLy7lM,Hiking
FqED43Sr,Gardening
FqED43Sr,Hiking
FqED43Sr,Painting
uk24S0As,Hiking
uk24S0As,Painting
NmY8RpRP,Reading
NmY8RpRP,Cycling
NmY8RpRP,Gardening
dsGY5Qlg,Gardening
dsGY5Qlg,Cycling
dsGY5Qlg,Reading
VDZL4Bl6,Reading
VDZL4Bl6,Gardening
ztk27hEG,Hiking
ztk27hEG,Reading
ztk27hEG,Cooking
Dq04svdI,Reading
Dq04svdI,Cooking
RtlS0CGb,Hiking
RtlS0CGb,Cooking
XAMliNui,Gardening
XAMliNui,Cycling
XAMliNui,Hiking
UI0ZN0oz,Reading
UI0ZN0oz,Hiking
UI0ZN0oz,Cooking
LiSqk89w,Gardening
LiSqk89w,Cooking
LiSqk89w,Cycling
9JgQq1TZ,Reading
9JgQq1TZ,Cooking
XJqJJtRY,Hiking
XJqJJtRY,Painting
XJqJJtRY,Gardening
EljiGuAE,Painting
EljiGuAE,Cooking
Y22VJOtC,Gardening
rGpUqvER,Cooking
rGpUqvER,Gardening
rGpUqvER,Cycling
d9OZh0DU,Reading
d9OZh0DU,Cycling
d9OZh0DU,Painting
z2D7axBg,Painting
elE3PIaO,Painting
apBwb8mv,Gardening
apBwb8mv,Cycling
wjOMgscO,Gardening
TtcHE4Ug,Gardening
TtcHE4Ug,Hiking
TtcHE4Ug,Reading
RziFHRX1,Painting
qnRw5AYw,Reading
wGdpvCQW,Painting
wGdpvCQW,Cycling
wGdpvCQW,Reading
GqDBKLTK,Hiking
e9Cqugb0,Cooking
e9Cqugb0,Reading
DmVbtzup,Reading
DmVbtzup,Cycling
P9CbA6Pc,Cycling
P9CbA6Pc,Hiking
P9CbA6Pc,Reading
KusQjJQ9,Cooking
KusQjJQ9,Cycling
KusQjJQ9,Gardening
fYRbt5zE,Painting
fYRbt5zE,Gardening
fYRbt5zE,Cycling
s0ilMWHA,Cycling
k2ZE4Zl3,Reading
3S0LneK9,Cooking
3S0LneK9,Cycling
3S0LneK9,Reading
j3oBTh8N,Hiking
5WYUzWy7,Reading
5WYUzWy7,Cooking
5WYUzWy7,Painting
AvW86jB5,Hiking
AvW86jB5,Gardening
AvW86jB5,Cooking
EC6Q7H6O,Cooking
MJsN9sxw,Gardening
MJsN9sxw,Cooking
MJsN9sxw,Hiking
slTLVgLt,Reading
h4jGStX6,Reading
vuhhqK6C,Hiking
HuSzh0x8,Hiking
7QqCRkPR,Cycling
7QqCRkPR,Cooking
7QqCRkPR,Gardening
GO6ZnuGq,Painting
GO6ZnuGq,Hiking
GO6ZnuGq,Cooking
1KYQmr41,Hiking
1KYQmr41,Painting
1KYQmr41,Gardening
z04DXisy,Cycling
z04DXisy,Cooking
z04DXisy,Gardening
S9wd2WXS,Reading
S9wd2WXS,Cooking
R1ULWM2X,Reading
R1ULWM2X,Painting
R1ULWM2X,Gardening
TmVQw7sn,Hiking
TmVQw7sn,Reading
TmVQw7sn,Gardening
kuvGB3V6,Gardening
kuvGB3V6,Cooking
OaQGBsU3,Cooking
OaQGBsU3,Painting
3MB8TATX,Reading
3MB8TATX,Cooking
7QCqzpAB,Painting
fmfeSg0z,Hiking
fmfeSg0z,Reading
El3VKqe3,Reading
El3VKqe3,Cycling
f6RsJXVx,Cooking
f6RsJXVx,Hiking
E7lNE1Ev,Painting
Un4gQSer,Cycling
Un4gQSer,Painting
zi5CErTN,Hiking
zi5CErTN,Painting
zi5CErTN,Cooking
DvMGLe5p,Reading
DvMGLe5p,Cooking
DvMGLe5p,Hiking
T6Ea78Sa,Gardening
T6Ea78Sa,Painting
T6Ea78Sa,Hiking
5KDdAu7d,Cooking
5KDdAu7d,Hiking
PrBg4QEY,Cycling
PrBg4QEY,Reading
PrBg4QEY,Hiking
LNFl7IqM,Painting
LNFl7IqM,Hiking
hOYcomdN,Cooking
hOYcomdN,Hiking
KFIU4pvc,Reading
vdS58wq9,Cooking
vEsY4sGK,Painting
vEsY4sGK,Cycling
rlvkAj1t,Hiking
OkUaaWYQ,Reading
OkUaaWYQ,Hiking
OkUaaWYQ,Cooking
sEcAiwjP,Reading
sEcAiwjP,Hiking
TzRRmxsQ,Hiking
6UyR7p7u,Gardening
6UyR7p7u,Reading
6UyR7p7u,Painting
NFYpjCFX,Cycling
NFYpjCFX,Gardening
A8p6doLD,Painting
A8p6doLD,Reading
A8p6doLD,Hiking
RxnB4202,Hiking
ketisY27,Cooking
MpYNUrL7,Gardening
nYmZ6ank,Reading
nYmZ6ank,Cycling
nYmZ6ank,Cooking
2dR2QaD9,Hiking
2dR2QaD9,Painting
AmIyGNqJ,Hiking
AmIyGNqJ,Painting
ebYhLY1C,Hiking
ebYhLY1C,Cooking
ebYhLY1C,Gardening
P8OlQmyN,Cycling
Cz9kP4XS,Cycling
Cz9kP4XS,Gardening
Cz9kP4XS,Cooking
mSY2BY2P,Cooking
mSY2BY2P,Hiking
eUQefx93,Painting
j4IWzgdl,Hiking
7kAVMXr8,Gardening
7kAVMXr8,Cycling
O7PRvFBm,Cooking
em0AnAVE,Cycling
em0AnAVE,Painting
DOe9BVlX,Hiking
DOe9BVlX,Cycling
DOe9BVlX,Cooking
0DDxILGM,Painting
0DDxILGM,Hiking
D2tQzdFQ,Cycling
D2tQzdFQ,Painting
CQFt679I,Reading
CQFt679I,Cycling
hOPIVFre,Gardening
42C79LCj,Cycling
42C79LCj,Hiking
Y7FnNleX,Cycling
Y7FnNleX,Gardening
Y7FnNleX,Hiking
E0ud91Oe,Painting
8tksL9SN,Hiking
8tksL9SN,Cooking
8tksL9SN,Reading
HUMH4XcU,Cycling
HUMH4XcU,Painting
HUMH4XcU,Hiking
61XNhfeL,Gardening
1fdeS57u,Cycling
JKr5pEq1,Painting
VsoWgCuY,Cycling
u3d8hXkt,Cycling
u3d8hXkt,Reading
u3d8hXkt,Painting
gZlsNHPX,Gardening
gZlsNHPX,Reading
fZR52a9R,Gardening
fZR52a9R,Reading
fZR52a9R,Painting
wRfA0umH,Cycling
wRfA0umH,Hiking
wRfA0umH,Painting
NmV2pQO5,Cooking
NmV2pQO5,Painting
NmV2pQO5,Gardening
K0sEyKtZ,Hiking
G6QNs7xo,Hiking
G6QNs7xo,Cycling
j9qfVDF3,Gardening
j9qfVDF3,Cooking
eXJ0S9Eg,Reading
eXJ0S9Eg,Gardening
eXJ0S9Eg,Painting
Bz9Q8dkp,Hiking
Bz9Q8dkp,Cycling
3QJ4N5xi,Painting
3QJ4N5xi,Hiking
3QJ4N5xi,Reading
xVTCEFXN,Hiking
xVTCEFXN,Cycling
xVTCEFXN,Reading
DsH5SCR5,Cooking
DsH5SCR5,Hiking
2ea0xOYm,Reading
2ea0xOYm,Painting
PNMYaq4b,Cooking
PNMYaq4b,Gardening
PNMYaq4b,Hiking
vbPu1fT6,Cycling
19jDOBWx,Cycling
19jDOBWx,Gardening
ZY7gol1O,Hiking
iwk6ZuH8,Cooking
iwk6ZuH8,Cycling
CvaiFTO6,Cycling
zKVwK5u1,Gardening
zKVwK5u1,Painting
DOdkBh6F,Gardening
K8qj55xx,Reading
Yea84hTL,Hiking
U2sYtPNM,Cycling
U2sYtPNM,Reading
U2sYtPNM,Cooking
5dkTwNsj,Cooking
5dkTwNsj,Hiking
8JjvNdoA,Reading
8JjvNdoA,Cooking
8JjvNdoA,Hiking
O70AYonF,Reading
O70AYonF,Cycling
QEHnPsrr,Painting
JzM3hbK8,Hiking
JzM3hbK8,Painting
JzM3hbK8,Reading
FtU28rgd,Hiking
FtU28rgd,Gardening
FtU28rgd,Cycling
AG7NmLjd,Gardening
AG7NmLjd,Cooking
wnf2fIWy,Painting
wnf2fIWy,Gardening
wnf2fIWy,Cooking
SeTBW5hu,Reading
SeTBW5hu,Cooking
SeTBW5hu,Hiking
pygvKyCm,Cycling
5S4mqwCf,Cycling
5S4mqwCf,Reading
KqnMmRTC,Hiking
KqnMmRTC,Cycling
R4M6sjLS,Cooking
R4M6sjLS,Cycling
R4M6sjLS,Gardening
OONxTY8z,Reading
OONxTY8z,Painting
OONxTY8z,Cycling
799TaYZl,Cycling
i6VLK0UF,Painting
wHrQAj7R,Reading
wHrQAj7R,Painting
wHrQAj7R,Gardening
9NTJNfSc,Reading
9NTJNfSc,Gardening
k5WAGYno,Hiking
k5WAGYno,Cooking
EcAP9wCe,Reading
EcAP9wCe,Gardening
64UjaDhq,Cycling
zTWZyPck,Cooking
zTWZyPck,Cycling
Pi9NIESm,Cycling
Pi9NIESm,Gardening
Pi9NIESm,Painting
YNugv0Nn,Reading
YNugv0Nn,Painting
YNugv0Nn,Cycling
67Z9CVF3,Cooking
q454inuj,Gardening
q454inuj,Cycling
Zwzyr14A,Painting
1DifN0Pm,Cycling
1DifN0Pm,Cooking
1DifN0Pm,Reading
5kXz1MYG,Hiking
5kXz1MYG,Painting
8CrWsvYj,Painting
dmI4cnFZ,Cycling
dmI4cnFZ,Gardening
dmI4cnFZ,Hiking
aqHqfpBR,Painting
dhA5CIbB,Cycling
iAFzeMny,Reading
iAFzeMny,Gardening
KTVh2UJh,Painting
KTVh2UJh,Cooking
KTVh2UJh,Gardening
nEF2lAxm,Painting
nEF2lAxm,Gardening
207fWOtK,Cycling
207fWOtK,Cooking
207fWOtK,Hiking
0PvU6zGY,Cooking
0PvU6zGY,Hiking
fVtn0sIa,Gardening
fVtn0sIa,Cycling
fVtn0sIa,Painting
RUo8Xo2c,Painting
xbLklrWH,Cooking
xbLklrWH,Hiking
xbLklrWH,Cycling
g7qHPmJT,Painting
g7qHPmJT,Hiking
g7qHPmJT,Cooking
lBLizZdN,Cooking
lBLizZdN,Reading
uj7LwLPg,Hiking
uj7LwLPg,Painting
uj7LwLPg,Cooking
tGCjy0rD,Painting
tGCjy0rD,Reading
tGCjy0rD,Cycling
ikfu9Nk5,Reading
ikfu9Nk5,Painting
6RriB5ay,Gardening
6RriB5ay,Cycling
6RriB5ay,Painting
gkNxulwP,Cooking
gkNxulwP,Cycling
gkNxulwP,Gardening
FfENr0yA,Painting
SuLy6hYw,Painting
SuLy6hYw,Cycling
SuLy6hYw,Reading
aoNG0uZ4,Painting
aoNG0uZ4,Hiking
RkdKlPmS,Painting
RkdKlPmS,Reading
abYsvski,Hiking
9hDjkaZJ,Cooking
9hDjkaZJ,Painting
h4nmWSBD,Reading
h4nmWSBD,Cycling
9278jMBC,Cooking
9278jMBC,Gardening
9278jMBC,Cycling
Johf8hEK,Painting
Johf8hEK,Reading
8OR1EIaE,Hiking
BzMkiiq3,Cooking
BzMkiiq3,Cycling
RIwYLQez,Cooking
RIwYLQez,Gardening
RIwYLQez,Painting
YgIk80TU,Cooking
YgIk80TU,Reading
qlKFJFtl,Cycling
qlKFJFtl,Reading
qlKFJFtl,Hiking
yrlPi0uL,Hiking
yrlPi0uL,Cooking
h44hVw7y,Cycling
h44hVw7y,Reading
h44hVw7y,Hiking
r2x9LrAM,Cooking
r2x9LrAM,Reading
r2x9LrAM,Gardening
exxaYEYa,Cooking
exxaYEYa,Reading
exxaYEYa,Painting
Q0KIF3Ua,Cycling
wcWuXRfv,Hiking
u3bUBrGk,Painting
u3bUBrGk,Gardening
QVY7cehI,Painting
QVY7cehI,Gardening
QVY7cehI,Reading
upP9YpcM,Gardening
upP9YpcM,Cooking
upP9YpcM,Hiking
8q1Syn4Y,Cycling
LN0ESolb,Reading
8hsexjsp,Cycling
8hsexjsp,Painting
8hsexjsp,Gardening
48fjlxyd,Reading
48fjlxyd,Gardening
48fjlxyd,Painting
vQ4GEiPS,Cycling
vQ4GEiPS,Hiking
vQ4GEiPS,Cooking
g2HUrc8X,Reading
g2HUrc8X,Gardening
g2HUrc8X,Painting
H7tEXaaZ,Cycling
H7tEXaaZ,Cooking
6vfAvobT,Reading
6vfAvobT,Gardening
vMzDC9yi,Cycling
vMzDC9yi,Hiking
2mP23U15,Reading
2mP23U15,Painting
2mP23U15,Gardening
3HPVWq0s,Reading
VxdQpBdX,Reading
fTgmji1s,Hiking
sX4kzmay,Reading
sX4kzmay,Cooking
10j3VNMp,Gardening
10j3VNMp,Cycling
J9maljL5,Gardening
lWkBoi0k,Gardening
0NE6b2Cx,Gardening
tESjDdig,Reading
tESjDdig,Gardening
tESjDdig,Painting
vP9HcsL3,Gardening
vP9HcsL3,Cycling
8ftLHK8h,Cycling
8ftLHK8h,Cooking
8ftLHK8h,Gardening
h5vQLe9K,Cycling
h5vQLe9K,Painting
h5vQLe9K,Cooking
0WZfCvws,Hiking
0WZfCvws,Cooking
0WZfCvws,Gardening
sfoZSTsP,Cycling
T1U4cV7C,Cycling
T1U4cV7C,Hiking
T1U4cV7C,Cooking
Xzhxwvzc,Cooking
Xzhxwvzc,Hiking
Xzhxwvzc,Reading
Xlff68Wl,Cycling
Xlff68Wl,Hiking
kY41za6o,Reading
RHK2gUBl,Painting
RHK2gUBl,Cycling
RHK2gUBl,Hiking
4rSxWPJn,Cycling
1zLOAgYq,Painting
vtjVxJwo,Painting
vtjVxJwo,Hiking
LZOdF7eg,Cycling
LZOdF7eg,Reading
LZOdF7eg,Gardening
S8B5J5aS,Reading
S8B5J5aS,Cooking
S8B5J5aS,Gardening
Gjwe8OWA,Reading
Gjwe8OWA,Cycling
lIXwTZ7M,Gardening
lIXwTZ7M,Reading
lIXwTZ7M,Cooking
odYbxTIA,Gardening
Aooufyp6,Gardening
Aooufyp6,Reading
ETFxM90K,Reading
ETFxM90K,Cooking
ETFxM90K,Painting
urtPMi5g,Hiking
urtPMi5g,Painting
F4rvtf9Y,Painting
F4rvtf9Y,Reading
0tVL62eT,Reading
3F5J9PU9,Hiking
RD9grpqq,Hiking
LYI4I9W5,Hiking
MPmb8uah,Cooking
MPmb8uah,Painting
bFB4nZYv,Gardening
ohKDVfhF,Cycling
ohKDVfhF,Cooking
ohKDVfhF,Gardening
lvOBsdtl,Reading
L87nCECH,Reading
L87nCECH,Gardening
L87nCECH,Painting
QZekuGss,Cooking
QZekuGss,Painting
eUXjI28C,Hiking
frYvmCzr,Hiking
frYvmCzr,Cooking
c7Rq0ZmU,Painting
c7Rq0ZmU,Hiking
ejorwQSZ,Gardening
ejorwQSZ,Reading
N9sbUXy0,Reading
N9sbUXy0,Gardening
MVA3FN0i,Hiking
gWKGxkVB,Painting
gWKGxkVB,Cycling
FCrd0btW,Cycling
FCrd0btW,Hiking
H4N3Exj1,Hiking
H4N3Exj1,Painting
WM73xGJ9,Cycling
BoGvIjs0,Reading
DyW9eRkI,Painting
DyW9eRkI,Hiking
OkPT79yH,Cycling
s6gTgDs0,Hiking
yaB4Qb21,Cycling
yaB4Qb21,Reading
jmsEAHzR,Hiking
jmsEAHzR,Painting
yJ5wFVuq,Cooking
yJ5wFVuq,Hiking
yJ5wFVuq,Cycling
cHXbOcDB,Cooking
cHXbOcDB,Painting
cHXbOcDB,Reading
6mBVXqiM,Cycling
6mBVXqiM,Cooking
6mBVXqiM,Hiking
O7PUqu5k,Hiking
cTrtx1iv,Cycling
jr7fss19,Painting
jr7fss19,Reading
jr7fss19,Gardening
0LfCwRYM,Reading
0LfCwRYM,Cycling
0zHX3Fy2,Painting
0zHX3Fy2,Hiking
0zHX3Fy2,Cycling
9hxGqOpA,Painting
2hhwuDDd,Cooking
2hhwuDDd,Gardening
LO1yHvfa,Cooking
LO1yHvfa,Hiking
LO1yHvfa,Reading
ksFIqV2B,Hiking
lu0F1UEa,Hiking
gnnvaILl,Painting
gnnvaILl,Reading
cKga5oYS,Cooking
vP0wCm7D,Cooking
vP0wCm7D,Painting
ONBllik4,Hiking
ONBllik4,Reading
uOXCzAWc,Cycling
uOXCzAWc,Gardening
uOXCzAWc,Reading
bgXNZGrN,Reading
bgXNZGrN,Painting
bgXNZGrN,Gardening
uKCStiWw,Painting
tfEHuQE9,Cooking
ylkXn7fT,Cooking
JjV5SVfU,Cooking
yh8CmPsJ,Cycling
AzGbqu9q,Gardening
AzGbqu9q,Hiking
hIZ2a1An,Cooking
atTZy09T,Reading
atTZy09T,Hiking
bWs4R8a5,Hiking
bWs4R8a5,Painting
bWs4R8a5,Gardening
0tpV8Sb9,Reading
ti42a4xR,Cycling
ti42a4xR,Painting
ti42a4xR,Hiking
xmvWcKK3,Reading
UsOwSnBs,Reading
UsOwSnBs,Painting
UsOwSnBs,Cooking
tQKxC64M,Painting
tQKxC64M,Hiking
nSnaRxcS,Cooking
wfWY0bOh,Gardening
Xf6ElZeY,Hiking
IMjXjp0D,Painting
IMjXjp0D,Hiking
IMjXjp0D,Cycling
cpZLUgrH,Reading
cpZLUgrH,Painting
N5mTguu4,Painting
JB3W1JQK,Reading
sDe8b339,Painting
Nq71HsSe,Reading
Nq71HsSe,Cooking
JozgPa0x,Reading
yP3xe8ee,Cycling
yP3xe8ee,Hiking
is4kWBMd,Hiking
is4kWBMd,Cycling
QwhJ8fsa,Gardening
QwhJ8fsa,Cooking
TWwyZFFA,Reading
TWwyZFFA,Gardening
qSV7Iojj,Cycling
TEc6PFzv,Hiking
TEc6PFzv,Cooking
ynFej0pw,Hiking
ynFej0pw,Cycling
JcvQgD6l,Cooking
JcvQgD6l,Hiking
JcvQgD6l,Gardening
ErtjgTwR,Cooking
ErtjgTwR,Painting
9hIbWIoC,Reading
9hIbWIoC,Painting
iyqkx0nc,Reading
iyqkx0nc,Painting
iyqkx0nc,Gardening
fk1pChSh,Cooking
fk1pChSh,Reading
EhR5skCF,Painting
CuEN8oAv,Cycling
CuEN8oAv,Cooking
HbZNSUhA,Hiking
qO2vIe3n,Hiking
qO2vIe3n,Gardening
RmlMBslF,Cycling
RzDjfMFc,Hiking
6MRqFZTe,Reading
6MRqFZTe,Cooking
XwBiimE4,Gardening
a5UfAMSH,Painting
HPvoqUwB,Gardening
HPvoqUwB,Cooking
HPvoqUwB,Cycling
dlTmrMWB,Gardening
dlTmrMWB,Cooking
ayjj9TWW,Cycling
S20FsKUm,Painting
S20FsKUm,Cooking
l4tHKFl0,Reading
41E1g7er,Hiking
41E1g7er,Reading
tjdsQxst,Reading
tjdsQxst,Cycling
tjdsQxst,Cooking
YjTOf1f1,Painting
YjTOf1f1,Cycling
YjTOf1f1,Reading
wTM9PcSM,Hiking
wTM9PcSM,Painting
wTM9PcSM,Cooking
khUgpAGD,Painting
khUgpAGD,Hiking
khUgpAGD,Cycling
XLwc5eoA,Reading
XLwc5eoA,Cooking
k4qlbesM,Hiking
27PzsNeo,Cooking
ugKqhgJn,Cycling
y8BfgU7u,Gardening
g3xwsdQF,Cycling
5hv5O05Q,Hiking
g7ILKGUC,Cycling
g7ILKGUC,Cooking
rBh1s4LN,Reading
rBh1s4LN,Cycling
rBh1s4LN,Cooking
PzolHnkh,Painting
PzolHnkh,Reading
PzolHnkh,Cycling
JlcdfqWb,Gardening
JlcdfqWb,Hiking
VsQJSLgv,Cooking
VsQJSLgv,Painting
VsQJSLgv,Cycling
mvngvPAj,Cooking
mvngvPAj,Painting
eaSZRME4,Reading
eaSZRME4,Cooking
EvD24smY,Reading
EvD24smY,Cooking
4sLvR2ny,Gardening
vBReT5kD,Hiking
vBReT5kD,Cooking
MYbpgwnS,Reading
MYbpgwnS,Hiking
MYbpgwnS,Painting
Kcy0yKr0,Cooking
M1Jpvzak,Hiking
M1Jpvzak,Cooking
Kvuc4f9v,Gardening
ciNcJHSl,Cycling
ciNcJHSl,Cooking
ciNcJHSl,Painting
giAEqjjE,Painting
giAEqjjE,Cooking
uDoYC8kl,Gardening
uDoYC8kl,Hiking
uDoYC8kl,Cooking
ojSPQp3p,Cycling
xRvRXHWR,Cooking
xRvRXHWR,Reading
xRvRXHWR,Hiking
395q5gfs,Cooking
395q5gfs,Reading
ZaXmewjp,Reading
ZaXmewjp,Gardening
FJ94zwu4,Hiking
y5jbyEPm,Painting
y5jbyEPm,Reading
zleq61Qn,Reading
zleq61Qn,Gardening
zleq61Qn,Cooking
gvtQUdwG,Cycling
gvtQUdwG,Hiking
gvtQUdwG,Gardening
QSmNYKLr,Cycling
QSmNYKLr,Cooking
aXO8Sm8Q,Cooking
aXO8Sm8Q,Gardening
caSPW8Zg,Painting
caSPW8Zg,Gardening
caSPW8Zg,Cycling
uHg27rT8,Cooking
uHg27rT8,Reading
i5GNdByj,Reading
i5GNdByj,Cooking
i5GNdByj,Hiking
cUHcKcSt,Cycling
cUHcKcSt,Painting
KzsXUCvY,Painting
eTs7Tbbw,Cycling
eTs7Tbbw,Hiking
eTs7Tbbw,Painting
xNup6ZAb,Reading
WqN6QMnr,Cycling
ENXsLSjm,Cycling
ENXsLSjm,Gardening
UrhyoB8f,Cooking
6aPLLSxf,Gardening
6aPLLSxf,Hiking
6aPLLSxf,Painting
A7vuC3O8,Painting
A7vuC3O8,Cycling
bHTevM5y,Reading
bHTevM5y,Painting
t8FVNIuY,Reading
t8FVNIuY,Cooking
NMEdhvJU,Reading
NMEdhvJU,Cycling
TFs1tlNm,Gardening
TFs1tlNm,Reading
TFs1tlNm,Painting
rpinH7HK,Painting
rpinH7HK,Hiking
MsbUbP82,Cooking
MsbUbP82,Painting
eKIka4rh,Cooking
chBqwqff,Cooking
KgelxdDV,Reading
v6QMcFba,Painting
v6QMcFba,Cooking
XTyisnrg,Gardening
XTyisnrg,Painting
XTyisnrg,Cycling
9VACr0GW,Cycling
BK246kjV,Cycling
BK246kjV,Reading
jA9GZ8Ub,Reading
jA9GZ8Ub,Gardening
fF6vsTmX,Gardening
fF6vsTmX,Hiking
fF6vsTmX,Cooking
QQl9DOMv,Gardening
QQl9DOMv,Hiking
5sjzQF4D,Cycling
5sjzQF4D,Painting
OdGIZ58z,Painting
x3wutqAd,Gardening
x3wutqAd,Reading
x3wutqAd,Painting
8vhQYVmy,Painting
8vhQYVmy,Reading
8vhQYVmy,Hiking
lPqOZjWc,Cycling
lPqOZjWc,Painting
lPqOZjWc,Gardening
0AaCunrx,Reading
0AaCunrx,Hiking
0AaCunrx,Cooking
86pllp6E,Cycling
ddsz61eR,Painting
ddsz61eR,Hiking
ddsz61eR,Reading
0ebf0w27,Hiking
0ebf0w27,Painting
0ebf0w27,Cooking
eE7WgBGI,Cooking
eE7WgBGI,Cycling
ckxpvxdZ,Painting
SolPtu1W,Cooking
kty2qfRd,Cycling
kty2qfRd,Reading
kty2qfRd,Gardening
puL4lJks,Cycling
puL4lJks,Hiking
puL4lJks,Cooking
m5DTe2ld,Reading
m5DTe2ld,Hiking
DWUwNPd5,Cycling
DWUwNPd5,Reading
PYSqXqwg,Gardening
Ea8g8z0I,Painting
Y96kmVkc,Gardening
Y96kmVkc,Hiking
RjJIJ9Yg,Painting
RjJIJ9Yg,Reading
XEPrqTaL,Gardening
XEPrqTaL,Cycling
heTidbzr,Painting
heTidbzr,Hiking
heTidbzr,Gardening
Gvv5sV8g,Cycling
du4awgWt,Reading
du4awgWt,Gardening
du4awgWt,Hiking
tlq5Hgme,Cooking
tlq5Hgme,Reading
eH3Ppz2O,Cycling
eH3Ppz2O,Hiking
eH3Ppz2O,Cooking
pJutoiTl,Hiking
pJutoiTl,Reading
pJutoiTl,Cooking
2XTq9dx7,Cooking
gUm5KGN1,Reading
gUm5KGN1,Hiking
gUm5KGN1,Cycling
WDZsLygD,Cycling
00nwlHOQ,Painting
00nwlHOQ,Reading
00nwlHOQ,Cooking
XkCdDiQP,Painting
XkCdDiQP,Cooking
qFGyEfJP,Hiking
qFGyEfJP,Painting
qFGyEfJP,Cooking
OEUHpxjr,Painting
k4bcEUu8,Cooking
M2SDqaw5,Painting
M2SDqaw5,Cooking
CrOrX8Ku,Cooking
CrOrX8Ku,Hiking
hy6MIspB,Gardening
hy6MIspB,Painting
OadLD9Ad,Painting
OadLD9Ad,Cycling
OadLD9Ad,Gardening
KzH4P8GJ,Cycling
BKQBQtqv,Painting
BKQBQtqv,Reading
hXnC7Uyx,Painting
hXnC7Uyx,Reading
hXnC7Uyx,Cooking
IqaW6fRg,Painting
IqaW6fRg,Hiking
IqaW6fRg,Gardening
Kvt84K8d,Cycling
Kvt84K8d,Painting
pL39unML,Cycling
pL39unML,Cooking
kYoug642,Gardening
kYoug642,Reading
RWij19A7,Cooking
RWij19A7,Cycling
dVRTMb1w,Cycling
Itj7Lswv,Reading
IHDB7yxA,Painting
IHDB7yxA,Reading
rJmd8j02,Painting
rJmd8j02,Hiking
rhGFws0C,Reading
rhGFws0C,Gardening
q4qqNP5X,Reading
q4qqNP5X,Cooking
TXrN8qpe,Painting
TXrN8qpe,Gardening
U9oIFO3w,Painting
U9oIFO3w,Cycling
U9oIFO3w,Hiking
WleL6dvz,Gardening
BpG2thXP,Hiking
BpG2thXP,Cycling
BpG2thXP,Painting
pLkhBH5N,Cycling
MGRKrIH6,Painting
ExfIIgWM,Painting
ExfIIgWM,Cooking
AAI9IBQp,Reading
AAI9IBQp,Cooking
7lOoq82H,Painting
SJUSXCMI,Reading
meETD7eR,Painting
meETD7eR,Cycling
CgX7Ox7W,Hiking
88asGO11,Reading
LsU2NZsr,Gardening
LsU2NZsr,Hiking
LsU2NZsr,Cooking
VjMDfmHQ,Cooking
VjMDfmHQ,Cycling
VjMDfmHQ,Reading
TB2PDqm5,Gardening
TB2PDqm5,Hiking
2Es1qqXB,Painting
VL4PnmhL,Cycling
VL4PnmhL,Gardening
7p7eVUsK,Gardening
7p7eVUsK,Reading
AweZ4x4k,Cycling
AweZ4x4k,Hiking
m78YoUn8,Painting
mH1esdeX,Cooking
mH1esdeX,Cycling
g9Yuv0Bz,Cooking
g9Yuv0Bz,Reading
g9Yuv0Bz,Hiking
RlffFn2c,Hiking
vgPxB5qF,Cycling
B8ovPvhW,Gardening
B8ovPvhW,Cycling
B8ovPvhW,Reading
8AWCpnsC,Gardening
l6mW6zbK,Gardening
l6mW6zbK,Cycling
l6mW6zbK,Painting
Oj3OuVUd,Painting
Oj3OuVUd,Cooking
Oj3OuVUd,Gardening
8j8QzJwi,Reading
g3aowe1m,Gardening
g3aowe1m,Reading
g3aowe1m,Hiking
CmmPNwG1,Cycling
CmmPNwG1,Gardening
CmmPNwG1,Hiking
FeXBGWZz,Cooking
pwZ4ncHw,Hiking
pwZ4ncHw,Cooking
3cKYGPM3,Painting
3cKYGPM3,Cooking
3cKYGPM3,Reading
SKsEhHhu,Gardening
SKsEhHhu,Cooking
SKsEhHhu,Reading
koozWCE2,Hiking
koozWCE2,Reading
MUSpMkAl,Cooking
tGCBwnFR,Cooking
tGCBwnFR,Gardening
q0CFyyQG,Cooking
q0CFyyQG,Hiking
q0CFyyQG,Painting
sJBmJjDl,Hiking
sJBmJjDl,Gardening
cMgzvibj,Cycling
cMgzvibj,Cooking
NzGWz9QX,Reading
NzGWz9QX,Cycling
NzGWz9QX,Gardening
MIkVc9oc,Cooking
DZjCnSjD,Cooking
DZjCnSjD,Gardening
DZjCnSjD,Hiking
U8U1J286,Cooking
wOYHXDcJ,Hiking
NoJasuHK,Reading
NoJasuHK,Cooking
NoJasuHK,Hiking
bpbu3QJ2,Cooking
gcuPsg2M,Reading
3FQhG0Gq,Hiking
3FQhG0Gq,Reading
lUjSwGaY,Gardening
lUjSwGaY,Hiking
ekQZiTH9,Gardening
ekQZiTH9,Hiking
lxU8oNTB,Gardening
lxU8oNTB,Cooking
b7vm5GBt,Hiking
b7vm5GBt,Cycling
b7vm5GBt,Gardening
2AdmTvzT,Gardening
wrDP5trq,Painting
wrDP5trq,Reading
wrDP5trq,Cycling
Ip01CvP0,Hiking
dAoNg1vB,Painting
dAoNg1vB,Gardening
UQpFScC8,Cooking
UQpFScC8,Reading
UQpFScC8,Gardening
pP7k0gIV,Cycling
lNDekaj2,Reading
lNDekaj2,Painting
efebH50b,Painting
JXbieS3T,Painting
wpVToda8,Cycling
LXbdAT7a,Cycling
tzitPJQc,Gardening
NsKS5ymP,Gardening
NsKS5ymP,Hiking
uuu0EpHa,Painting
uuu0EpHa,Cycling
MPl2a5OV,Hiking
MPl2a5OV,Painting
YbDvuIm6,Reading
YbDvuIm6,Cooking
RdcJsO4I,Painting
RdcJsO4I,Hiking
RdcJsO4I,Reading
LrToQbxV,Hiking
LrToQbxV,Cooking
FO0DlX6o,Cooking
FO0DlX6o,Gardening
afMBLZIo,Gardening
dfKeHfeO,Cooking
dfKeHfeO,Cycling
dfKeHfeO,Reading
fZ7ueClp,Gardening
fZ7ueClp,Reading
7SBasWAR,Hiking
30PhLqYk,Reading
30PhLqYk,Hiking
EHoEBCJ7,Gardening
GLumQxQO,Painting
GLumQxQO,Gardening
v93d5zhK,Hiking
v93d5zhK,Cycling
v93d5zhK,Gardening
IlvklEeo,Cycling
5pQPtFTj,Cooking
NY32Vbda,Cycling
NY32Vbda,Cooking
WnpW6gE1,Gardening
WnpW6gE1,Reading
l6z8pcaP,Gardening
l6z8pcaP,Reading
l6z8pcaP,Painting
KUwMnamV,Cooking
KUwMnamV,Hiking
KUwMnamV,Painting
aZBO8Hgm,Gardening
aZBO8Hgm,Painting
DG5ltEMe,Painting
0vpHGKKq,Cooking
uNEQWryA,Cycling
uNEQWryA,Cooking
uNEQWryA,Hiking
gZzZuDxC,Cooking
rYCnezv8,Cooking
rYCnezv8,Hiking
0QZUV67B,Reading
0QZUV67B,Gardening
E5qgpMqf,Cycling
E5qgpMqf,Hiking
irb1xYNL,Reading
irb1xYNL,Hiking
URJ7wJSr,Reading
URJ7wJSr,Cycling
wC8eCi9y,Painting
wC8eCi9y,Cooking
wC8eCi9y,Reading
yT7NNxSb,Gardening
yT7NNxSb,Cycling
ymTxq4rd,Reading
DtXHiBeC,Gardening
DtXHiBeC,Hiking
GTNk4FIL,Hiking
GTNk4FIL,Cycling
GTNk4FIL,Painting
ghg5elTj,Cooking
ghg5elTj,Gardening
OUuaotzr,Cooking
OUuaotzr,Painting
OUuaotzr,Gardening
xUXpr9Nq,Cycling
NEpyCrHg,Painting
KNAtRihG,Gardening
KNAtRihG,Cycling
KNAtRihG,Hiking
dttWxdX6,Hiking
dttWxdX6,Reading
dttWxdX6,Gardening
cdAJBkSa,Reading
cdAJBkSa,Cycling
cdAJBkSa,Gardening
GBZhb6g6,Hiking
GBZhb6g6,Painting
WFtffYHn,Gardening
WFtffYHn,Hiking
WAn51iEB,Gardening
WAn51iEB,Painting
WAn51iEB,Reading
sAO0LwWH,Cooking
sAO0LwWH,Hiking
sAO0LwWH,Painting
ZFT5w6Y9,Painting
ZFT5w6Y9,Cooking
6uMuSjyy,Cooking
6uMuSjyy,Reading
6uMuSjyy,Gardening
Nr448kUS,Cooking
Nr448kUS,Hiking
IbrCFqK7,Painting
IbrCFqK7,Cooking
ilgYnjNS,Reading
nEDGGD0Z,Cooking
nEDGGD0Z,Painting
ScrsVgrj,Painting
ScrsVgrj,Reading
MWzJqU1p,Cycling
MWzJqU1p,Cooking
pNQPNQgr,Cycling
pNQPNQgr,Cooking
E4ExoQ2w,Cooking
E4ExoQ2w,Cycling
c1r3qxba,Hiking
c1r3qxba,Gardening
c1r3qxba,Painting
125qhDX4,Gardening
125qhDX4,Hiking
125qhDX4,Reading
oVQVgs72,Reading
oVQVgs72,Hiking
e2zr9RGb,Gardening
e2zr9RGb,Cooking
e2zr9RGb,Cycling
GDE8C9gG,Cycling
GDE8C9gG,Cooking
EdPVnZmu,Reading
EdPVnZmu,Cycling
Yf4IM1BE,Reading
Yf4IM1BE,Painting
Ozo9YaPn,Cycling
hWwQNWBP,Hiking
yuv4ixLa,Painting
yuv4ixLa,Reading
fOObSF1L,Cycling
fOObSF1L,Reading
fOObSF1L,Gardening
vB5OaWNR,Hiking
vB5OaWNR,Gardening
XWushqFm,Gardening
XWushqFm,Cooking
XWushqFm,Hiking
3g5j5lfg,Cooking
3g5j5lfg,Hiking
p0842H6Z,Cycling
p0842H6Z,Cooking
p0842H6Z,Painting
hh1wm9Zi,Reading
hh1wm9Zi,Cooking
fPitouEK,Gardening
fPitouEK,Hiking
fPitouEK,Cooking
Ht3TDL4d,Cycling
3auW0aRE,Cooking
lFiDqJzn,Painting
lFiDqJzn,Cooking
lFiDqJzn,Reading
0h2TTFvl,Reading
rPnl3QBI,Gardening
rPnl3QBI,Cooking
jZsSThSU,Hiking
ZfY8zd17,Reading
ZfY8zd17,Painting
ZfY8zd17,Hiking
WNj7SiDv,Hiking
WNj7SiDv,Cooking
8LdSVLXw,Painting
WowaMCZ8,Painting
ykT99jzE,Hiking
ykT99jzE,Cycling
ykT99jzE,Gardening
vJf46NfU,Gardening
vJf46NfU,Cycling
eq7ArfhF,Cooking
5Pl336as,Cooking
5Pl336as,Cycling
5Pl336as,Hiking
wayTIQDv,Painting
wayTIQDv,Gardening
wayTIQDv,Reading
CGpe56nm,Painting
CGpe56nm,Cooking
CGpe56nm,Hiking
J95PC4Uv,Cooking
J95PC4Uv,Gardening
J95PC4Uv,Painting
PDu0u2J4,Reading
6CDrjioK,Gardening
6CDrjioK,Hiking
6CDrjioK,Cooking
2Yax6HSC,Cooking
cJmX5VKW,Cooking
cJmX5VKW,Painting
cJmX5VKW,Gardening
JkINPIPY,Painting
JkINPIPY,Reading
JkINPIPY,Cycling
CIAg2NBt,Cooking
5NTNSOhD,Hiking
5NTNSOhD,Gardening
3IvZcvbd,Cooking
IEUvS1zE,Painting
IEUvS1zE,Hiking
IEUvS1zE,Gardening
GvrkGLF2,Cycling
GvrkGLF2,Painting
GvrkGLF2,Cooking
GSssqc2R,Hiking
GSssqc2R,Painting
xyzP3X7M,Gardening
xyzP3X7M,Cycling
Irt3vwmC,Gardening
Irt3vwmC,Painting
Irt3vwmC,Cooking
6TJpHyVJ,Cycling
lrWLDYFK,Cooking
lrWLDYFK,Gardening
cU4PdN8d,Cycling
cU4PdN8d,Cooking
cU4PdN8d,Painting
P8MKVBQe,Painting
P8MKVBQe,Cycling
bzDzXgPA,Reading
doKAEIA0,Hiking
doKAEIA0,Reading
0paL1zwX,Cycling
0paL1zwX,Reading
0paL1zwX,Gardening
oGBSA0CD,Cooking
SnCHLAfI,Hiking
nuhrHiwt,Cooking
nuhrHiwt,Painting
nuhrHiwt,Reading
MzoxNSnr,Hiking
MzoxNSnr,Painting
MzoxNSnr,Gardening
tFR3akdV,Cycling
tFR3akdV,Reading
tFR3akdV,Hiking
N3J3dffU,Hiking
N3J3dffU,Painting
N3J3dffU,Cooking
BHV07LyY,Hiking
BHV07LyY,Cycling
6OV1wpPp,Hiking
6OV1wpPp,Gardening
neodcj8O,Painting
Tg3e7wY6,Gardening
OHLUDdxe,Painting
yBxeeGxa,Painting
gCiijSYG,Painting
gCiijSYG,Cooking
gCiijSYG,Gardening
ySyy8sWg,Reading
ySyy8sWg,Cooking
ySyy8sWg,Cycling
Z6angOXc,Reading
Nl4rbDpE,Reading
Ildaflnb,Gardening
Ildaflnb,Painting
ZxAdxkmB,Cycling
LsGOEWdV,Cycling
LsGOEWdV,Cooking
PK8j6FHP,Cooking
PK8j6FHP,Gardening
kFN3UQhK,Gardening
kFN3UQhK,Cycling
QCdoHAoP,Cooking
QCdoHAoP,Cycling
Q4unr0a9,Gardening
Q4unr0a9,Hiking
1CjMrSFe,Hiking
x5UUOfXm,Cycling
x5UUOfXm,Gardening
3wob2OtU,Cycling
ZiWnosua,Gardening
LyL0lf5K,Gardening
LyL0lf5K,Hiking
LyL0lf5K,Reading
QqrGTt1c,Gardening
1VQ0DGH6,Cooking
1VQ0DGH6,Hiking
ypOnO15G,Cooking
CbLlLsH0,Gardening
CbLlLsH0,Painting
CbLlLsH0,Cycling
BTn4FNb9,Cooking
BTn4FNb9,Cycling
bNo1H9pm,Gardening
bNo1H9pm,Painting
5yK32OiK,Gardening
EmNHf30O,Hiking
CnvBOgr4,Reading
CnvBOgr4,Cooking
1CNchrwF,Cycling
1CNchrwF,Painting
1CNchrwF,Gardening
JGHEpMQn,Cycling
JGHEpMQn,Reading
N166T2CG,Cycling
N166T2CG,Reading
N166T2CG,Hiking
u90EUEYc,Painting
u90EUEYc,Cooking
MngPNfVk,Hiking
MngPNfVk,Painting
zRpk0Fm1,Cooking
zRpk0Fm1,Reading
zRpk0Fm1,Gardening
CMM2d2ac,Cycling
CMM2d2ac,Painting
CMM2d2ac,Cooking
SFdJiz2B,Cycling
SFdJiz2B,Cooking
SFdJiz2B,Hiking
do4yXxzS,Cooking
3bj9UrTC,Cycling
HWzgbUs6,Hiking
HWzgbUs6,Cycling
x7h4bWFH,Reading
x7h4bWFH,Painting
x7h4bWFH,Cycling
2mpdCg1V,Cooking
2mpdCg1V,Cycling
2mpdCg1V,Hiking
M5NJV6rZ,Hiking
M5NJV6rZ,Gardening
M5NJV6rZ,Reading
uCUbLUZ1,Reading
uCUbLUZ1,Painting
uCUbLUZ1,Cycling
jcMwgxfh,Gardening
jcMwgxfh,Cycling
jcMwgxfh,Reading
ZG1zVKGX,Reading
ZG1zVKGX,Gardening
ZG1zVKGX,Cycling
GULkXq5r,Painting
GULkXq5r,Hiking
GULkXq5r,Gardening
4x2wLpbP,Hiking
s70dZXm1,Reading
s70dZXm1,Gardening
s70dZXm1,Hiking
DaUCTmwU,Gardening
DaUCTmwU,Cooking
DaUCTmwU,Reading
LCVV54Se,Cooking
9iO5lYxg,Hiking
9iO5lYxg,Cooking
9iO5lYxg,Reading
PETZYY1f,Cycling
88HaobMr,Cooking
88HaobMr,Cycling
33fOPHAf,Hiking
33fOPHAf,Cooking
33fOPHAf,Painting
LIEkPxUE,Gardening
LIEkPxUE,Hiking
y0ekIUaV,Gardening
y0ekIUaV,Painting
y0ekIUaV,Cooking
zRWt90cL,Cycling
zRWt90cL,Gardening
dfs6Z0aV,Cycling
dfs6Z0aV,Cooking
kWH4aAHk,Gardening
kWH4aAHk,Reading
lCYLcIyE,Hiking
lCYLcIyE,Painting
8KnbJW5h,Cooking
8KnbJW5h,Gardening
sLGl8V4b,Reading
sLGl8V4b,Painting
FHL6kxWP,Painting
FHL6kxWP,Cooking
FHL6kxWP,Reading
4H54Rg5h,Gardening
4H54Rg5h,Cycling
4H54Rg5h,Cooking
MSgIck3V,Cycling
MSgIck3V,Painting
MSgIck3V,Gardening
LMblqrrg,Reading
LMblqrrg,Cycling
wKINH07A,Painting
wKINH07A,Reading
BBQPgVwa,Hiking
BBQPgVwa,Cooking
o9JwYo0L,Painting
o9JwYo0L,Cycling
o9JwYo0L,Cooking
c7gGSjPu,Gardening
c7gGSjPu,Hiking
E1S2c6Lx,Hiking
E1S2c6Lx,Cooking
5b8fMDkR,Cycling
W4WSCcYO,Cooking
W4WSCcYO,Hiking
Uuwg0lVm,Hiking
P9pYKBV4,Hiking
5sYB6WHK,Cycling
5sYB6WHK,Hiking
6WAGIVn2,Cycling
6WAGIVn2,Cooking
6WAGIVn2,Gardening
MhNOyV28,Reading
MhNOyV28,Painting
MhNOyV28,Gardening
9lT8Zeqj,Cycling
9lT8Zeqj,Cooking
t6fBb6C0,Gardening
KxopoY9V,Reading
KxopoY9V,Hiking
KxopoY9V,Cooking
ohz850nU,Reading
ohz850nU,Painting
ohz850nU,Gardening
AUsNBiKH,Hiking
AUsNBiKH,Cooking
AUsNBiKH,Reading
EyZ7A9Au,Reading
SzTiEDd8,Painting
R4qsHshK,Reading
R4qsHshK,Cooking
R4qsHshK,Cycling
WbM3HOUi,Painting
WbM3HOUi,Gardening
WbM3HOUi,Cycling
0XQlTIbA,Painting
sxBaMbNS,Painting
8SqjGzsm,Cooking
Btxa10ZR,Painting
Btxa10ZR,Gardening
Btxa10ZR,Cycling
R04YQZbb,Painting
R04YQZbb,Reading
Mjp3ooDW,Hiking
Mjp3ooDW,Painting
Mjp3ooDW,Cycling
MOQvXFs7,Painting
Tn6j6tu3,Cooking
Tn6j6tu3,Hiking
Tn6j6tu3,Reading
Aldh3uSh,Painting
sludJMrt,Reading
sludJMrt,Cycling
sludJMrt,Painting
YJR2WvFN,Reading
TTweMJHP,Reading
TTweMJHP,Gardening
TTweMJHP,Hiking
kKblMrqv,Cycling
5G4X1ow8,Painting
1veRbLQj,Reading
7gExvz9t,Cycling
7gExvz9t,Gardening
7gExvz9t,Reading
w69euwMe,Hiking
w69euwMe,Painting
K0iHIUIY,Painting
K0iHIUIY,Cycling
K0iHIUIY,Cooking
rJvY0555,Cooking
rJvY0555,Gardening
rJvY0555,Cycling
M3jwlhZ5,Hiking
M3jwlhZ5,Painting
M3jwlhZ5,Reading
SetGG7WF,Painting
SetGG7WF,Cycling
SetGG7WF,Gardening
3ejU8Vbn,Hiking
9OX5x6ln,Painting
9OX5x6ln,Reading
9OX5x6ln,Gardening
YPvVuwjW,Painting
YPvVuwjW,Cooking
ngh09c7A,Painting
XlsBuy3L,Painting
XlsBuy3L,Cooking
XlsBuy3L,Hiking
TexR7MEw,Painting
TexR7MEw,Gardening
TexR7MEw,Hiking
PuI79zLc,Painting
sRJz8po6,Gardening
sRJz8po6,Cycling
sRJz8po6,Reading
jwll8NRQ,Gardening
5o6S5HbZ,Painting
VKGRsp8D,Gardening
VKGRsp8D,Cycling
7NVnrrWG,Cycling
inCZjHAB,Hiking
inCZjHAB,Gardening
inCZjHAB,Painting
DWJRPBoV,Reading
DWJRPBoV,Cooking
eUU3xAEQ,Hiking
eUU3xAEQ,Painting
eUU3xAEQ,Cycling
x27cXsjH,Hiking
x27cXsjH,Cycling
7ko0jmN9,Cycling
7ko0jmN9,Reading
7ko0jmN9,Cooking
7LG6z6jw,Cooking
7LG6z6jw,Painting
e4rbO42r,Hiking
lHFZG0o2,Cycling
lHFZG0o2,Reading
lHFZG0o2,Cooking
qzqUZmOq,Painting
FdZSgmjM,Reading
kNJHUh55,Painting
PuZqp8qq,Reading
PuZqp8qq,Hiking
rNux3Bg2,Cooking
rNux3Bg2,Reading
sjHhXh3a,Cooking
sjHhXh3a,Gardening
Ayw9RbuP,Cooking
Ayw9RbuP,Hiking
Ayw9RbuP,Cycling
nEnUvMmS,Gardening
nEnUvMmS,Cycling
nEnUvMmS,Painting
1bsE0ha9,Cooking
cOO5r6Oj,Gardening
GBBc0L0F,Reading
CMopjAvz,Cooking
CMopjAvz,Hiking
Ap1gbXUk,Cycling
ss0tq0N5,Hiking
ss0tq0N5,Painting
9Y3QMAjM,Hiking
B9lX6MEC,Painting
QYIPPp0w,Cycling
QYIPPp0w,Reading
QYIPPp0w,Cooking
RT4E62HA,Hiking
RT4E62HA,Gardening
RT4E62HA,Cooking
LKJ22TrJ,Gardening
LKJ22TrJ,Reading
TzOtzEWa,Hiking
TzOtzEWa,Cycling
ZbJMiRQ6,Cycling
urtyT5Vt,Gardening
urtyT5Vt,Hiking
urtyT5Vt,Reading
aTqEE6Ta,Cycling
kkxSu05m,Reading
kkxSu05m,Cooking
kkxSu05m,Gardening
rWzvjNW6,Painting
LV9tHUEm,Hiking
LV9tHUEm,Cooking
V2QDS1Js,Painting
6AP4UH3z,Hiking
6AP4UH3z,Reading
6AP4UH3z,Cycling
Pl482hWn,Reading
Pl482hWn,Cooking
Pl482hWn,Hiking
lNPX9x6c,Cycling
lNPX9x6c,Painting
lNPX9x6c,Gardening
6X2CCXF5,Painting
6X2CCXF5,Reading
6X2CCXF5,Cycling
WQ2HLRjG,Painting
WQ2HLRjG,Gardening
WQ2HLRjG,Hiking
o1ApRfIy,Cycling
boNMpY5l,Cooking
bChhmDWg,Gardening
bChhmDWg,Painting
bChhmDWg,Cycling
FYGc3DJB,Gardening
sdwazzEM,Gardening
S1BDczWp,Cycling
zn49mtGK,Painting
Mtkq0WeE,Cycling
Mtkq0WeE,Painting
Mtkq0WeE,Gardening
b8D1Fxfi,Gardening
6MEQ3hOV,Reading
NUIgxx0F,Painting
NUIgxx0F,Cooking
NUIgxx0F,Cycling
qqycsNfN,Gardening
qqycsNfN,Painting
qqycsNfN,Cooking
RkWklAWb,Hiking
RkWklAWb,Reading
RkWklAWb,Cooking
Rr75PpRU,Hiking
Rr75PpRU,Gardening
xYmCYZ1G,Hiking
xYmCYZ1G,Reading
YtMdYfuW,Hiking
YtMdYfuW,Painting
YtMdYfuW,Reading
ROgj6r7J,Painting
ROgj6r7J,Hiking
w7MpkImE,Hiking
w7MpkImE,Reading
w7MpkImE,Cycling
ah5hdBTK,Cooking
KoccFWnG,Cooking
tIKWcrpK,Cooking
tIKWcrpK,Hiking
icoI9lPZ,Hiking
QoXV5Zk1,Cycling
QoXV5Zk1,Reading
ZxYsN4Dr,Reading
ZxYsN4Dr,Gardening
ZxYsN4Dr,Cycling
Qnocex8l,Reading
Qnocex8l,Hiking
xQJGBOdD,Cycling
xQJGBOdD,Hiking
xQJGBOdD,Painting
1t2WVy9D,Hiking
1t2WVy9D,Painting
UXXXlYOj,Painting
UXXXlYOj,Gardening
SXaTSzYu,Cycling
SXaTSzYu,Cooking
NzBxNLOv,Gardening
NzBxNLOv,Painting
76o6C8a0,Cycling
76o6C8a0,Hiking
76o6C8a0,Painting
nc5Lt6Qw,Gardening
nc5Lt6Qw,Reading
nc5Lt6Qw,Painting
YyDz4R1W,Gardening
UEnCbm6L,Gardening
UEnCbm6L,Cycling
sp0T4akV,Cooking
sp0T4akV,Painting
sp0T4akV,Hiking
d01KyzeO,Cycling
PzcPharM,Reading
PzcPharM,Cycling
FoTfpO4o,Hiking
YSJPRlpg,Cycling
VjNCcjh6,Painting
flk4NpsU,Cooking
yMvx5a8c,Gardening
0svxGVnA,Cycling
9doidbal,Hiking
UlFMwHA9,Hiking
6qZgSEXj,Painting
6qZgSEXj,Reading
6qZgSEXj,Hiking
vGRGKHFh,Cooking
vGRGKHFh,Painting
vGRGKHFh,Hiking
Hz0sHGvV,Cycling
Hz0sHGvV,Cooking
Uxc8Y8NR,Cooking
dzKdV0eH,Hiking
QaRT30qI,Gardening
kjyRmhbs,Painting
kjyRmhbs,Cycling
kjyRmhbs,Reading
XDWOzmj5,Reading
XDWOzmj5,Hiking
XDWOzmj5,Painting
zXWh1wBo,Reading
zXWh1wBo,Painting
TjWJi78s,Painting
TjWJi78s,Hiking
zU3yyiXi,Gardening
zU3yyiXi,Hiking
ncetrB8s,Cooking
lXFo1vh3,Cooking
lXFo1vh3,Painting
PWXzxsbK,Cooking
PWXzxsbK,Painting
PWXzxsbK,Hiking
y7E86ueG,Hiking
y7E86ueG,Gardening
mMcvY99v,Painting
mMcvY99v,Cooking
M0lUnQUM,Cooking
M0lUnQUM,Gardening
M0lUnQUM,Reading
qgYln0SE,Reading
qgYln0SE,Cycling
qgYln0SE,Cooking
wP4Tygtv,Painting
wP4Tygtv,Gardening
wP4Tygtv,Reading
hNo4rjjf,Gardening
hNo4rjjf,Cycling
hNo4rjjf,Reading
Vu9OZg3N,Cooking
2T00Dx4U,Hiking
2T00Dx4U,Painting
2T00Dx4U,Cycling
uM4GO4Wx,Painting
uM4GO4Wx,Gardening
uM4GO4Wx,Reading
Y3lQ8l8H,Painting
Y3lQ8l8H,Cooking
Y3lQ8l8H,Cycling
yIhgXnQ5,Cycling
yIhgXnQ5,Gardening
yIhgXnQ5,Painting
ZnBdyDoV,Hiking
ZnBdyDoV,Cooking
ZnBdyDoV,Gardening
FQSc0Zby,Reading
BZqEDKs0,Reading
BZqEDKs0,Gardening
BZqEDKs0,Cycling
XIH0eFJG,Hiking
XIH0eFJG,Reading
XIH0eFJG,Gardening
10YISHhm,Painting
10YISHhm,Gardening
gOItLyp0,Cycling
gOItLyp0,Gardening
gOItLyp0,Reading
U8Z1pTHu,Cooking
7JGWN90T,Hiking
7JGWN90T,Painting
iXSprfeJ,Cooking
Sqo7F3ik,Hiking
Sqo7F3ik,Cooking
Sqo7F3ik,Reading
xVZdhQg8,Gardening
MPRtCd05,Cycling
2w3Xofls,Cycling
7qDNnFZp,Hiking
7qDNnFZp,Cooking
7qDNnFZp,Gardening
wAr8r9wq,Gardening
AS5XFhrI,Cooking
xvFq5PAi,Hiking
xvFq5PAi,Reading
xvFq5PAi,Painting
behMfrsj,Cycling
behMfrsj,Painting
Pz2tCHLR,Cycling
Pz2tCHLR,Reading
xnNchv2u,Cycling
W68ILE8n,Cycling
oAkrMO2S,Reading
oAkrMO2S,Gardening
oAkrMO2S,Painting
SVMTkv75,Cooking
SVMTkv75,Hiking
S312Bjgo,Cooking
lr0KwwFs,Hiking
SbKoFy8n,Gardening
SbKoFy8n,Hiking
vzLROqh1,Painting
vzLROqh1,Gardening
vzLROqh1,Cooking
92gdlnam,Hiking
92gdlnam,Cooking
9i5NiXUk,Gardening
9i5NiXUk,Reading
9i5NiXUk,Hiking
6kAFtceE,Painting
6kAFtceE,Gardening
6kAFtceE,Cooking
sqBLbpSo,Painting
GN9UbHxV,Cycling
U2uBIOzY,Cycling
U2uBIOzY,Gardening
U2uBIOzY,Reading
bxtrayx2,Cooking
bxtrayx2,Cycling
bxtrayx2,Gardening
9kWWOS0J,Cycling
9kWWOS0J,Reading
9kWWOS0J,Hiking
O8bLEJmc,Hiking
O8bLEJmc,Painting
O8bLEJmc,Gardening
3WD2t0vT,Reading
jZE79rmz,Cycling
c9ZpSnCh,Hiking
c9ZpSnCh,Reading
c9ZpSnCh,Gardening
tVoclWU8,Hiking
tVoclWU8,Cycling
ZhxfC64I,Cooking
ZhxfC64I,Reading
ZhxfC64I,Gardening
Dmfi64wQ,Hiking
Dmfi64wQ,Reading
Dmfi64wQ,Painting
G6gixQkr,Hiking
6k6PHhIy,Cycling
6k6PHhIy,Reading
6k6PHhIy,Cooking
fumWXSX4,Gardening
fumWXSX4,Cycling
fumWXSX4,Painting
EB6qpL4m,Painting
eGwHd2ja,Hiking
eGwHd2ja,Cycling
uNKaBu3U,Hiking
uNKaBu3U,Cooking
TGut8iqk,Gardening
TGut8iqk,Hiking
TGut8iqk,Cooking
3C1kmarW,Cooking
3C1kmarW,Reading
3C1kmarW,Hiking
4jMpJznz,Painting
4jMpJznz,Cycling
4jMpJznz,Cooking
LIQ6mits,Painting
LIQ6mits,Cycling
LIQ6mits,Reading
j3Mguyzq,Reading
j3Mguyzq,Painting
cz2FLp2B,Cycling
cz2FLp2B,Painting
620e6imf,Hiking
pBNBrvYA,Cooking
pBNBrvYA,Reading
pBNBrvYA,Gardening
XqrSY4e9,Cycling
XqrSY4e9,Gardening
XqrSY4e9,Reading
YHACq0Ht,Cycling
Fapflw9u,Hiking
Fapflw9u,Reading
x7sk65TL,Gardening
jIrMG0aw,Cycling
jIrMG0aw,Hiking
jW6AMGou,Reading
jW6AMGou,Cycling
XnJTabco,Gardening
XnJTabco,Reading
C3DRJnPY,Gardening
CT0Iqlun,Painting
CT0Iqlun,Cycling
CT0Iqlun,Cooking
XOfBCjo9,Cycling
3Lvtwi0O,Reading
3Lvtwi0O,Painting
3Lvtwi0O,Cooking
PZbZjPwM,Cooking
O9ofSHI6,Painting
O9ofSHI6,Hiking
O9ofSHI6,Reading
9VB0zo3K,Cooking
9VB0zo3K,Hiking
A6VWIwr2,Reading
A6VWIwr2,Hiking
eM5dPYwQ,Hiking
eM5dPYwQ,Painting
AO9oWfaM,Painting
AO9oWfaM,Reading
AO9oWfaM,Cycling
WTnaWUVo,Reading
zl4aHode,Reading
zl4aHode,Painting
zl4aHode,Gardening
n6IGHOfy,Painting
rSPkkRc6,Cycling
rSPkkRc6,Reading
rSPkkRc6,Cooking
nXfWOaCy,Cycling
CYUCJglR,Hiking
CYUCJglR,Reading
t7LDjWJh,Painting
VtGUm4xF,Gardening
VtGUm4xF,Reading
nfPuPvmT,Hiking
nfPuPvmT,Cooking
e1ZgsZCO,Hiking
e1ZgsZCO,Gardening
P9cPBMua,Cooking
n3MKAZw5,Hiking
n3MKAZw5,Cycling
n3MKAZw5,Painting
jiImybM5,Reading
GPPKXMXO,Cooking
GPPKXMXO,Reading
SHWVdOgD,Gardening
SHWVdOgD,Cycling
uEh4aqio,Cooking
K4Ebyu4A,Cycling
K4Ebyu4A,Cooking
K4Ebyu4A,Reading
gPToC6md,Cooking
gPToC6md,Hiking
gPToC6md,Reading
bbi1Pk4B,Hiking
bbi1Pk4B,Painting
X6XbFzIR,Hiking
X6XbFzIR,Gardening
fX9IcOrH,Cycling
CNOucIkx,Cycling
CNOucIkx,Gardening
pYDhZzMX,Cooking
GmaKsJMH,Hiking
GmaKsJMH,Cycling
rcfrtQ7z,Hiking
gCzuyCRM,Cooking
kHRz0qTJ,Painting
kHRz0qTJ,Cooking
kHRz0qTJ,Cycling
1aPI87sY,Painting
1aPI87sY,Hiking
8flyKFvC,Reading
YDGdZOTd,Painting
rI6mO1Zs,Painting
rI6mO1Zs,Cycling
VO5KQyno,Hiking
VO5KQyno,Reading
uQEomy0y,Cycling
uQEomy0y,Reading
uQEomy0y,Gardening
HrOk1noY,Cycling
HrOk1noY,Gardening
HrOk1noY,Painting
giDLelkq,Hiking
giDLelkq,Reading
giDLelkq,Gardening
P4RsQESa,Cooking
P4RsQESa,Painting
wALJ09BF,Painting
wALJ09BF,Gardening
GfH1PrgO,Cooking
GfH1PrgO,Hiking
GfH1PrgO,Gardening
lL2mwSjV,Gardening
lL2mwSjV,Cycling
lL2mwSjV,Hiking
joC5reCA,Hiking
joC5reCA,Cycling
joC5reCA,Reading
8ox5kZvo,Painting
8ox5kZvo,Reading
7Y3AxUef,Cycling
7Y3AxUef,Gardening
CsHadGqd,Gardening
CsHadGqd,Hiking
CsHadGqd,Reading
uxuWNJcF,Cycling
p99rDFUm,Painting
p99rDFUm,Reading
gZSm2dmH,Cooking
gZSm2dmH,Cycling
gZSm2dmH,Reading
lUwlsgQ0,Reading
lUwlsgQ0,Gardening
lUwlsgQ0,Cooking
tISIjmJP,Cooking
tISIjmJP,Gardening
tISIjmJP,Hiking
mHrtfooT,Cycling
ApyxvChg,Painting
U4B5YPFi,Reading
KuG01zvB,Gardening
KuG01zvB,Cycling
5syiiu3O,Reading
5syiiu3O,Cooking
kCu7vvQT,Cooking
2KikptJK,Gardening
2KikptJK,Reading
2KikptJK,Painting
Sb3RWH8U,Gardening
wVneEW5M,Painting
wVneEW5M,Gardening
wVneEW5M,Cooking
XtOb51uX,Reading
XtOb51uX,Gardening
XtOb51uX,Painting
rxQUVJL2,Cooking
rxQUVJL2,Painting
Yegu1glg,Reading
igcd6zEs,Gardening
igcd6zEs,Hiking
igcd6zEs,Cooking
bhjj5wu4,Cycling
bhjj5wu4,Cooking
bhjj5wu4,Reading
cw29nXyb,Painting
CGxEvC45,Hiking
CGxEvC45,Gardening
usezSdnS,Gardening
TyvhMKkI,Gardening
Wu1RZsQy,Cycling
wwyGs56r,Reading
wwyGs56r,Gardening
HSQxXjls,Hiking
HSQxXjls,Gardening
HSQxXjls,Painting
atSYDKje,Painting
atSYDKje,Cycling
atSYDKje,Gardening
RW3FCq3n,Reading
r8GIxg3A,Reading
r8GIxg3A,Painting
r8GIxg3A,Cycling
9jytZfgo,Reading
9jytZfgo,Hiking
aKxPR326,Cycling
aKxPR326,Cooking
aKxPR326,Painting
IE3BlZ5w,Hiking
IE3BlZ5w,Reading
IE3BlZ5w,Gardening
JOyYPOuC,Cycling
JOyYPOuC,Painting
R439Zpkn,Painting
R439Zpkn,Gardening
ntXdhDxj,Cycling
ntXdhDxj,Gardening
ntXdhDxj,Reading
OGPwSNFv,Cooking
OGPwSNFv,Painting
2KW88ra4,Hiking
2KW88ra4,Gardening
nLsl3odG,Cooking
nLsl3odG,Hiking
1uYd1B6w,Hiking
1uYd1B6w,Cycling
jfzQku1W,Cycling
jfzQku1W,Gardening
geBNU6aQ,Painting
VyiL6rqx,Painting
VyiL6rqx,Reading
VyiL6rqx,Gardening
PIueTGKW,Gardening
TqaYNR0h,Reading
TqaYNR0h,Hiking
TqaYNR0h,Cycling
o7b2Tjfv,Cycling
o7b2Tjfv,Cooking
btBuMjOH,Cooking
btBuMjOH,Reading
btBuMjOH,Cycling
0CjGi6CZ,Hiking
0CjGi6CZ,Painting
hVDcc9UU,Cycling
hVDcc9UU,Hiking
t2k7kmYL,Cooking
t2k7kmYL,Painting
ANwVGixi,Gardening
ANwVGixi,Cycling
myBagfrc,Painting
Haf5RF0r,Cycling
Haf5RF0r,Hiking
Haf5RF0r,Cooking
OnJduNtB,Cooking
OnJduNtB,Gardening
XORLbRs2,Painting
XORLbRs2,Reading
XORLbRs2,Hiking
NkvJkFFV,Reading
NkvJkFFV,Hiking
YvbdZkhb,Cooking
qU8hVZ5H,Cooking
qU8hVZ5H,Hiking
0Z7MFjqo,Hiking
CLasct7Y,Hiking
ANLmt4D1,Cooking
ANLmt4D1,Gardening
pnVCF6s4,Cycling
VwozRoFw,Hiking
VwozRoFw,Gardening
VwozRoFw,Cycling
6cxrDzop,Cooking
NPnU7Ncp,Hiking
yGgaEMUS,Hiking
yGgaEMUS,Cycling
iY6yJgMP,Cooking
p3pGEdXX,Gardening
Bsh3aX4r,Cycling
bQD0FPD9,Cooking
bQD0FPD9,Gardening
0bIidzU5,Hiking
iBwbBNaD,Reading
iBwbBNaD,Cycling
5XDN0Fiv,Hiking
L3lcxzYt,Gardening
L3lcxzYt,Cycling
L3lcxzYt,Hiking
4moHQJVe,Reading
BZYp8PTi,Gardening
sAbNaxPQ,Reading
sAbNaxPQ,Cooking
sAbNaxPQ,Hiking
dNtXD6GP,Cycling
liAxGDJ2,Cooking
liAxGDJ2,Cycling
liAxGDJ2,Reading
GiXWlWmI,Cycling
GiXWlWmI,Cooking
GiXWlWmI,Gardening
c44WcNDB,Hiking
dyLRoMCE,Cycling
ILBpmTRq,Hiking
ILBpmTRq,Reading
ILBpmTRq,Cooking
PnLT8ZS4,Cycling
PnLT8ZS4,Painting
Qe5rz0Co,Cooking
Qe5rz0Co,Cycling
Qe5rz0Co,Painting
swisoxLb,Gardening
swisoxLb,Cycling
5upoKgxS,Cooking
5upoKgxS,Cycling
04KWnfwi,Painting
04KWnfwi,Hiking
04KWnfwi,Cycling
18nyLxrO,Cycling
P2190Wnx,Gardening
P2190Wnx,Cycling
P2190Wnx,Cooking
2bVLg5Iv,Painting
2bVLg5Iv,Cycling
aDui5kbz,Cooking
aDui5kbz,Painting
vGjTN1IZ,Gardening
vGjTN1IZ,Painting
04Fu20fg,Hiking
04Fu20fg,Cooking
DAusuxO3,Hiking
0W0ApZK6,Cycling
0W0ApZK6,Cooking
5DvLk7vO,Gardening
Na0rgzgn,Painting
Na0rgzgn,Hiking
Na0rgzgn,Gardening
yZdAhn3p,Hiking
yZdAhn3p,Cooking
yZdAhn3p,Gardening
W6WNvTdl,Gardening
WSxFOOVe,Gardening
WSxFOOVe,Reading
WSxFOOVe,Painting
uC58UsYC,Cooking
uC58UsYC,Gardening
uC58UsYC,Cycling
pEYcZXoJ,Painting
pEYcZXoJ,Cooking
Q37du9i8,Reading
Q37du9i8,Painting
rrZ2JaKO,Reading
rrZ2JaKO,Painting
rrZ2JaKO,Cycling
yfaLsKPU,Cycling
TpgjAJqs,Painting
TpgjAJqs,Cycling
TpgjAJqs,Gardening
TvfSOACR,Cooking
TvfSOACR,Hiking
TvfSOACR,Cycling
Fm2T92vD,Painting
Fm2T92vD,Reading
p9xMTRQT,Cooking
NrF8JUkd,Painting
p1RzKhBl,Reading
aOjAALiX,Cycling
QdWYT62e,Hiking
QdWYT62e,Cycling
QdWYT62e,Cooking
G842dEb3,Painting
HT9LMURf,Painting
HT9LMURf,Gardening
jRyIjCTj,Hiking
jRyIjCTj,Reading
jRyIjCTj,Painting
L6jM2I6y,Cycling
y1pWjUZL,Cycling
TglcYPAu,Painting
TglcYPAu,Reading
TglcYPAu,Gardening
sVevCllZ,Reading
sVevCllZ,Cycling
MGPzERXr,Cycling
MGPzERXr,Reading
7A1i2ska,Hiking
yqgSSE2o,Painting
yqgSSE2o,Cycling
hdXae5ip,Hiking
hdXae5ip,Gardening
pIAOruN5,Cycling
pIAOruN5,Hiking
pIAOruN5,Cooking
AlF5x6sZ,Reading
gPWw3xse,Gardening
ehbMfESu,Gardening
ehbMfESu,Cooking
ehbMfESu,Reading
IHK2ttWx,Gardening
IHK2ttWx,Cycling
IHK2ttWx,Reading
sCIIeYdX,Cooking
sCIIeYdX,Reading
vyeY6Hu3,Cooking
vyeY6Hu3,Gardening
0BKRaeO1,Cycling
0BKRaeO1,Cooking
125CimIi,Cycling
hk4vBnog,Cycling
hk4vBnog,Painting
hk4vBnog,Hiking
lo7QYWqS,Hiking
lo7QYWqS,Reading
lo7QYWqS,Gardening
M1n44Fz3,Hiking
M1n44Fz3,Painting
M1n44Fz3,Gardening
U2q9yGfg,Cooking
6U1arNp9,Hiking
6U1arNp9,Gardening
FImIMqpc,Painting
FImIMqpc,Cooking
FImIMqpc,Hiking
B1yD9eyG,Cycling
B1yD9eyG,Cooking
B1yD9eyG,Hiking
LMqQAgGC,Cycling
LMqQAgGC,Reading
LMqQAgGC,Painting
b8QyKbfV,Painting
b8QyKbfV,Hiking
LQiI3sdr,Reading
LQiI3sdr,Gardening
iKLf7RIX,Hiking
lzO3uXT1,Hiking
lzO3uXT1,Painting
lzO3uXT1,Cooking
rjpwdOal,Gardening
iFWuXzbs,Reading
iFWuXzbs,Hiking
N3ISQ8Vf,Painting
5neoPIc8,Cooking
5neoPIc8,Gardening
AkA7BnRS,Painting
AkA7BnRS,Cycling
NDI1SWwx,Reading
NDI1SWwx,Cycling
pxP0Vr1v,Gardening
pxP0Vr1v,Cooking
u7L8YDyy,Painting
u7L8YDyy,Cycling
u7L8YDyy,Gardening
3qdXyzBY,Reading
3qdXyzBY,Cooking
3qdXyzBY,Hiking
h2g57ITC,Hiking
h2g57ITC,Cooking
1UfBQBFv,Hiking
1UfBQBFv,Gardening
1UfBQBFv,Painting
6CJJ3Y1q,Cycling
6CJJ3Y1q,Cooking
PNZepeom,Hiking
KQlFUgcH,Gardening
dAvz45gj,Gardening
dAvz45gj,Cooking
dAvz45gj,Cycling
40tm3SWG,Gardening
40tm3SWG,Cooking
40tm3SWG,Reading
t1AqlUkX,Reading
t1AqlUkX,Hiking
rqNMPC4P,Hiking
fNr1fKQ8,Cooking
fNr1fKQ8,Hiking
fNr1fKQ8,Gardening
HLyUwa9e,Hiking
iMheCOQl,Cooking
iMheCOQl,Hiking
iMheCOQl,Cycling
kudZFzTO,Painting
kudZFzTO,Reading
kudZFzTO,Hiking
DeOzUrNa,Cycling
DeOzUrNa,Hiking
g1THqh1S,Hiking
g1THqh1S,Reading
tshKJ88A,Cooking
tshKJ88A,Painting
d1P9cPeT,Reading
0S7gqMqU,Hiking
pzyHXvut,Reading
pzyHXvut,Painting
pzyHXvut,Cooking
hAQJoODi,Hiking
hAQJoODi,Reading
MdmK9nLf,Hiking
MdmK9nLf,Cycling
taR1YqSv,Cooking
taR1YqSv,Cycling
taR1YqSv,Hiking
EmA2xNSl,Hiking
EmA2xNSl,Cycling
7Sc4Dvnd,Cycling
7Sc4Dvnd,Gardening
DNpGxBW2,Cooking
DNpGxBW2,Cycling
6oRoppKC,Reading
NGyETuw8,Reading
NGyETuw8,Gardening
53zJhZbn,Cooking
53zJhZbn,Hiking
xgRFJf7c,Hiking
xgRFJf7c,Reading
qE9ILNG4,Reading
qE9ILNG4,Cycling
qE9ILNG4,Cooking
3S1hSE4H,Painting
3S1hSE4H,Gardening
S4UJcE8R,Hiking
S4UJcE8R,Gardening
HqCK387F,Reading
HqCK387F,Cooking
HqCK387F,Painting
vayZfq31,Hiking
vayZfq31,Gardening
t5hwSVC4,Cycling
t5hwSVC4,Painting
t5hwSVC4,Reading
u7xaiITB,Reading
u7xaiITB,Hiking
PJbqth6Q,Reading
qGIq3vX8,Cycling
qGIq3vX8,Painting
F12lIrjd,Reading
Rx4hNgzE,Gardening
Rx4hNgzE,Hiking
NsQMGIBt,Cycling
LRHT98pZ,Hiking
PzKqulsN,Cycling
PzKqulsN,Cooking
b2qr3EkD,Gardening
b2qr3EkD,Hiking
DILoiKHg,Hiking
DILoiKHg,Gardening
DILoiKHg,Cycling
jGh3bEKX,Hiking
jGh3bEKX,Cycling
jGh3bEKX,Gardening
pLmFL1LJ,Reading
pLmFL1LJ,Painting
YnDP4Vpl,Hiking
q9oO5urn,Hiking
IyThloRb,Cycling
IyThloRb,Gardening
IyThloRb,Painting
cV32KpPo,Cycling
cV32KpPo,Hiking
EBR7G4vh,Painting
EBR7G4vh,Cycling
X8ATzlcQ,Gardening
X8ATzlcQ,Painting
yCalNiGF,Painting
yCalNiGF,Hiking
yCalNiGF,Cycling
yP2gOx6k,Painting
yP2gOx6k,Reading
VIxoq1Po,Gardening
RqbRjazT,Painting
Zr9FYn3h,Gardening
Zr9FYn3h,Cycling
0ZvXxjS2,Reading
0ZvXxjS2,Cycling
0ZvXxjS2,Painting
VPh0BvTZ,Cooking
VPh0BvTZ,Gardening
VPh0BvTZ,Reading
xFtpJU1A,Hiking
xFtpJU1A,Reading
rRqEjdQR,Reading
rRqEjdQR,Gardening
hgul8TNh,Reading
hgul8TNh,Cycling
qE3vg82L,Painting
qE3vg82L,Hiking
qE3vg82L,Gardening
ILjbhy1H,Reading
Jb5j5lkO,Painting
S4tbfBDb,Hiking
KXlniCPr,Gardening
KXlniCPr,Cycling
KXlniCPr,Painting
4HgHGr8w,Reading
4HgHGr8w,Cooking
k6Dz3KZj,Gardening
k6Dz3KZj,Painting
gv4WGw09,Gardening
gv4WGw09,Cooking
qCUZl0kt,Painting
qCUZl0kt,Gardening
qCUZl0kt,Reading
NxsCY2WW,Gardening
0DH2kvbA,Cooking
FrRhMole,Cycling
FrRhMole,Hiking
7kz01Tk5,Painting
8NNRGbGE,Cycling
8NNRGbGE,Gardening
51kKQNAy,Reading
51kKQNAy,Cycling
51kKQNAy,Hiking
WpDyTtir,Cycling
WpDyTtir,Hiking
naLKHpt5,Painting
naLKHpt5,Gardening
fW5gnvjl,Hiking
fW5gnvjl,Cycling
fW5gnvjl,Painting
TDW1o6ok,Cooking
3GTxYLNi,Gardening
3GTxYLNi,Hiking
3GTxYLNi,Cycling
7wbh7sYJ,Gardening
DkmKFFKX,Reading
DkmKFFKX,Cycling
8B0Fe765,Hiking
8B0Fe765,Gardening
8B0Fe765,Painting
9MJdj4kl,Gardening
9MJdj4kl,Cycling
9MJdj4kl,Hiking
APlx5GnH,Hiking
APlx5GnH,Gardening
APlx5GnH,Reading
wXGwRfH9,Gardening
wXGwRfH9,Cooking
iBftJIhr,Reading
iBftJIhr,Gardening
iBftJIhr,Hiking
1zl3mhHT,Painting
1zl3mhHT,Cooking
1zl3mhHT,Cycling
BCWDVGlU,Reading
BCWDVGlU,Cooking
BCWDVGlU,Cycling
BRsZVAZ4,Hiking
BRsZVAZ4,Cooking
BRsZVAZ4,Painting
kHCqWeje,Gardening
TSDE6Oda,Hiking
TSDE6Oda,Reading
TSDE6Oda,Painting
svySvLmG,Reading
svySvLmG,Cooking
MgWYNfz5,Painting
XhEOPTp1,Cooking
XhEOPTp1,Reading
hE0lCx9l,Gardening
hE0lCx9l,Reading
bwOHNMhZ,Cooking
bwOHNMhZ,Cycling
gzw1E9Wq,Cooking
gzw1E9Wq,Reading
gzw1E9Wq,Gardening
1D61v5QY,Hiking
1D61v5QY,Reading
1D61v5QY,Cycling
nOD3zEFP,Cooking
nOD3zEFP,Hiking
nOD3zEFP,Painting
drTe0Dsk,Cycling
drTe0Dsk,Cooking
drTe0Dsk,Painting
OjCEuRdT,Cycling
OjCEuRdT,Hiking
EmiTneyO,Reading
EmiTneyO,Hiking
qZaEaNOa,Cooking
qZaEaNOa,Painting
GztbxBZ7,Cooking
57M9X84A,Reading
BXQrJs3v,Reading
6jHDMqtT,Hiking
6jHDMqtT,Gardening
6jHDMqtT,Painting
Ajz8rm3w,Cycling
Ajz8rm3w,Painting
mTZY1pj3,Cooking
mTZY1pj3,Cycling
8mPZU8KN,Hiking
8mPZU8KN,Cycling
9EJqWf3o,Hiking
9EJqWf3o,Gardening
9EJqWf3o,Cooking
hSxTepZV,Gardening
hSxTepZV,Hiking
OlvNnrm6,Cooking
OlvNnrm6,Reading
X76mxEMW,Hiking
X76mxEMW,Painting
X76mxEMW,Cycling
okMtMaru,Cycling
okMtMaru,Hiking
L3942nuP,Hiking
L3942nuP,Gardening
L3942nuP,Cycling
FhmzBS8O,Painting
o6Y2gnXM,Reading
6eOWmk9j,Painting
6eOWmk9j,Cooking
G54FKfDJ,Reading
9vJf0unG,Cycling
oQpin6Dn,Cycling
oQpin6Dn,Reading
OI0zGfE9,Painting
OI0zGfE9,Cooking
OI0zGfE9,Reading
bUfvNtOM,Reading
bUfvNtOM,Cooking
PoGuMf8J,Reading
PoGuMf8J,Cooking
PoGuMf8J,Cycling
TWsvfXwu,Reading
TWsvfXwu,Painting
1Eh7O6iG,Reading
O3oAupbi,Cooking
O3oAupbi,Hiking
O3oAupbi,Gardening
8yR9fhl9,Cycling
8yR9fhl9,Gardening
bZ7jIEgO,Hiking
bZ7jIEgO,Cooking
bZ7jIEgO,Reading
BhMpKIrg,Hiking
BhMpKIrg,Gardening
T5aNt6rL,Gardening
T5aNt6rL,Cycling
T5aNt6rL,Hiking
kaPCq8Y8,Cooking
kaPCq8Y8,Reading
shmnft3d,Gardening
TS9uDCL2,Cycling
TS9uDCL2,Gardening
TrQdSAkb,Painting
TrQdSAkb,Hiking
a1TmYtBV,Hiking
a1TmYtBV,Reading
a1TmYtBV,Cycling
clIE9C10,Cycling
2ZTkQQ6q,Hiking
2ZTkQQ6q,Cooking
KBYUXYKI,Hiking
KBYUXYKI,Reading
KBYUXYKI,Cooking
43XfzaBK,Gardening
43XfzaBK,Reading
6M7C3oZF,Reading
6M7C3oZF,Cycling
6M7C3oZF,Cooking
nKkEGpoX,Hiking
nKkEGpoX,Painting
tDKrEh0u,Cycling
tDKrEh0u,Cooking
g93yb0EJ,Reading
g93yb0EJ,Painting
g93yb0EJ,Cooking
lyEvXdK2,Reading
lyEvXdK2,Gardening
lyEvXdK2,Hiking
58f8a4hE,Gardening
xglrtBYL,Hiking
1w1xuep4,Hiking
uGIIjZvr,Gardening
uGIIjZvr,Hiking
NFCiNw8C,Reading
NFCiNw8C,Gardening
fz51lAbr,Cycling
fz51lAbr,Cooking
WJ0ZiEUL,Gardening
WUAoy6qW,Hiking
WUAoy6qW,Painting
fL8j8XJE,Cycling
fL8j8XJE,Cooking
gMdOwJBz,Painting
3RnzfcfR,Gardening
3RnzfcfR,Hiking
SvVOQfnB,Gardening
SvVOQfnB,Cycling
IlKpFRHV,Cycling
E6mdjwqO,Gardening
E6mdjwqO,Cycling
V8G0fTdB,Hiking
HYiQ04I1,Reading
HYiQ04I1,Hiking
HYiQ04I1,Painting
lYGzSVpH,Painting
lYGzSVpH,Cycling
15P73kj9,Painting
15P73kj9,Cycling
yDBXIfyN,Cooking
whT6HQTO,Gardening
whT6HQTO,Cycling
r9x059qk,Reading
r9x059qk,Painting
X7L3j5lz,Gardening
X7L3j5lz,Hiking
X7L3j5lz,Painting
vnWGGx8v,Gardening
vnWGGx8v,Painting
vnWGGx8v,Hiking
3wRfedcb,Cycling
3wRfedcb,Reading
fdf5x6Pm,Hiking
LFpOKlGy,Reading
9FS9AKHY,Painting
bqXMr70i,Gardening
bqXMr70i,Cooking
JiIp7DyO,Painting
7wq2SBsY,Cooking
7wq2SBsY,Gardening
7wq2SBsY,Painting
gSu7Ly9K,Cooking
gSu7Ly9K,Painting
gSu7Ly9K,Reading
Rzh7OUhh,Reading
Rzh7OUhh,Cycling
ND1IE4cz,Reading
ND1IE4cz,Hiking
ND1IE4cz,Gardening
KSTAt8cX,Cooking
KSTAt8cX,Cycling
KSTAt8cX,Reading
yxBWS9GB,Painting
0kkxWmJI,Cycling
fDOV4D2L,Gardening
fDOV4D2L,Cooking
fDOV4D2L,Cycling
sx6hgPgD,Gardening
sx6hgPgD,Hiking
epC2s8xR,Gardening
epC2s8xR,Hiking
epC2s8xR,Painting
ToUlOlCy,Reading
ToUlOlCy,Gardening
NGa0Mbqn,Reading
NGa0Mbqn,Gardening
8TOMTDCi,Cycling
8TOMTDCi,Hiking
vTUiUMjJ,Cooking
vTUiUMjJ,Hiking
vTUiUMjJ,Cycling
UhSERq48,Gardening
NlMwpndU,Reading
d5PW2gqX,Painting
ExF3Xu13,Painting
ExF3Xu13,Cycling
nzpDjKHf,Reading
2MKEgACY,Cycling
2MKEgACY,Painting
2MKEgACY,Reading
J6t5h5NV,Gardening
SvUrJOvC,Reading
SvUrJOvC,Hiking
b0wbCIqK,Gardening
b0wbCIqK,Cooking
b0wbCIqK,Hiking
o5oAtvay,Gardening
4ED0jQRp,Gardening
4ED0jQRp,Reading
G6mfXKkT,Cycling
G6mfXKkT,Gardening
ZVI0oFb2,Reading
ZVI0oFb2,Cycling
IyLxySTF,Gardening
jxYr3Jle,Reading
WmoEc8F9,Cycling
p2vN4r6X,Cycling
p2vN4r6X,Cooking
p2vN4r6X,Painting
ONRZ7IMv,Painting
2szjJSHP,Reading
sgAdtApZ,Cooking
jUq9y4Nj,Gardening
07AJph6e,Hiking
07AJph6e,Cycling
nUA1RHGU,Hiking
ZOPN9LMr,Cooking
ZOPN9LMr,Cycling
ZOPN9LMr,Hiking
4LsUmoqO,Painting
zr3QLv3y,Hiking
RF8wrIVE,Reading
qVDShyqV,Cooking
7NYooeo2,Gardening
7NYooeo2,Hiking
7NYooeo2,Cycling
hHIzGvIM,Reading
hHIzGvIM,Hiking
K53GiRDL,Painting
vhHsg6At,Hiking
vyLE0d8K,Painting
vyLE0d8K,Cooking
BYvTsOeb,Gardening
JLJChpWc,Hiking
JLJChpWc,Gardening
9h2OR0v6,Reading
3RKV5aon,Cooking
3RKV5aon,Hiking
3RKV5aon,Gardening
Wi9Ng53n,Painting
Wi9Ng53n,Cycling
Wi9Ng53n,Reading
lSmladFt,Painting
lSmladFt,Cooking
J4KDM2EM,Gardening
J4KDM2EM,Cooking
THaS1VKo,Cooking
THaS1VKo,Reading
JyLLuFdv,Gardening
JyLLuFdv,Cooking
JyLLuFdv,Hiking
Gn2aSt8v,Gardening
Gn2aSt8v,Painting
Gn2aSt8v,Cooking
t5Ujj9K7,Cooking
t5Ujj9K7,Hiking
t5Ujj9K7,Gardening
5FyBvbSt,Painting
5FyBvbSt,Cycling
5FyBvbSt,Hiking
Kq1NF96d,Reading
Kq1NF96d,Cycling
qUaOcMav,Cooking
MGpkxY4F,Hiking
0ufP8BLg,Painting
0ufP8BLg,Cooking
0ufP8BLg,Hiking
B2m33XSw,Cooking
B2m33XSw,Gardening
EDtgYM4F,Hiking
DRu6x71M,Reading
DRu6x71M,Cooking
DRu6x71M,Painting
WeZU8mhi,Reading
adt40Qak,Cycling
adt40Qak,Hiking
adt40Qak,Cooking
wUpYzcin,Cycling
L77jjO3j,Hiking
L77jjO3j,Gardening
L77jjO3j,Reading
FivvISBk,Cooking
G5NYWEp2,Cycling
G5NYWEp2,Cooking
inG9lDYB,Gardening
fOJ4t5nA,Gardening
fOJ4t5nA,Reading
fOJ4t5nA,Cooking
YVzyFAZH,Cycling
2kIG4Kc4,Reading
2kIG4Kc4,Hiking
ApikEDxY,Reading
ApikEDxY,Gardening
ZWwMyeog,Cycling
ZWwMyeog,Painting
ZWwMyeog,Hiking
VrYRISzA,Painting
rxKgI9aF,Cooking
mYP7EThM,Cycling
VOiAG3gi,Gardening
r8heXSEq,Hiking
r8heXSEq,Painting
jF7BbgAS,Painting
jF7BbgAS,Cycling
YW7JhhN1,Cycling
QfPCAjDM,Hiking
QfPCAjDM,Reading
nZwD1AEd,Painting
nZwD1AEd,Reading
0AX82K9H,Cooking
0AX82K9H,Painting
hL0Oey5Q,Gardening
hL0Oey5Q,Reading
hL0Oey5Q,Painting
GV0UfKFj,Gardening
4h5vToHV,Cycling
4h5vToHV,Hiking
4h5vToHV,Painting
LjslmQO7,Hiking
6BOfTnzE,Painting
uRpV10Fa,Cycling
uRpV10Fa,Cooking
FYEPShcb,Cooking
FYEPShcb,Painting
FYEPShcb,Cycling
zLnBr2iq,Cycling
gBIonnvp,Reading
gBIonnvp,Painting
3ZH32ckN,Cooking
3ZH32ckN,Gardening
AMrbiztq,Hiking
AMrbiztq,Cycling
pGaCdG6I,Cooking
pGaCdG6I,Reading
vyamNgil,Hiking
vyamNgil,Painting
JwwDyKrS,Cycling
JsWQB3mB,Cooking
JsWQB3mB,Cycling
JsWQB3mB,Reading
753vEeIr,Gardening
753vEeIr,Painting
753vEeIr,Reading
ektIDuVI,Hiking
t8iqMQ6r,Reading
t8iqMQ6r,Hiking
Ci2jkbB2,Painting
frfjjwVA,Reading
zkhWHCxw,Gardening
zkhWHCxw,Painting
thBr6vXV,Cooking
tHyci7zh,Cooking
SBICEsHp,Cooking
SBICEsHp,Reading
SBICEsHp,Hiking
ExY2mwig,Painting
ExY2mwig,Gardening
ExY2mwig,Cycling
3y0AFJQU,Gardening
zQK03tiX,Gardening
zQK03tiX,Cooking
zQK03tiX,Reading
vFT224zV,Cooking
vFT224zV,Painting
b3C8GsbW,Painting
QMAx9PIj,Cycling
QMAx9PIj,Reading
m952qgbJ,Gardening
m952qgbJ,Reading
m952qgbJ,Hiking
ZqJJt5Nq,Reading
Za4p5U2I,Cooking
Za4p5U2I,Painting
qbkMx6nb,Cycling
qbkMx6nb,Cooking
qbkMx6nb,Reading
kAWu3vp4,Cycling
kAWu3vp4,Painting
kAWu3vp4,Hiking
YWobyQBY,Hiking
YWobyQBY,Gardening
JRMvMQUr,Painting
JRMvMQUr,Reading
YBlBXsyh,Gardening
YBlBXsyh,Painting
YBlBXsyh,Hiking
rSrWAH2i,Reading
RmLsD2Rg,Hiking
o052r323,Gardening
o052r323,Cycling
X7pD6t5v,Reading
X7pD6t5v,Cooking
NnXB6KKD,Reading
DwVfUp21,Hiking
6wXN5B0z,Painting
6wXN5B0z,Cooking
6wXN5B0z,Reading
HxyPJn8q,Reading
qIEPmzJk,Hiking
qIEPmzJk,Cycling
UKBsZFcw,Gardening
UKBsZFcw,Painting
UKBsZFcw,Reading
lLTsIWyf,Cycling
lLTsIWyf,Gardening
lLTsIWyf,Reading
dWnSlySy,Cooking
dWnSlySy,Cycling
LlF2YDVE,Hiking
LlF2YDVE,Gardening
LlF2YDVE,Cooking
zmizfCGA,Gardening
66CDrFKc,Cooking
66CDrFKc,Cycling
iu5DC7j5,Hiking
uSo8WMIa,Painting
yBCrZMuf,Cycling
yBCrZMuf,Reading
yBCrZMuf,Gardening
Ilw4GwQU,Hiking
Ilw4GwQU,Reading
Ilw4GwQU,Painting
kKmDxYVW,Painting
kKmDxYVW,Cycling
MZ3UjTGL,Gardening
MZ3UjTGL,Reading
JtYQFvT2,Reading
JtYQFvT2,Painting
JtYQFvT2,Hiking
J3Yo2mtp,Hiking
J3Yo2mtp,Painting
J3Yo2mtp,Gardening
SEF8A4uz,Painting
RHEEZz0r,Cycling
RHEEZz0r,Cooking
vMcKbRUY,Cycling
vMcKbRUY,Reading
2Lrr86oU,Hiking
2Lrr86oU,Reading
6M2MhQgQ,Gardening
6M2MhQgQ,Cycling
6M2MhQgQ,Reading
ALPi3F4l,Reading
0jMLqdIW,Cooking
0jMLqdIW,Gardening
IowIxscx,Cycling
HiIr9562,Cooking
HiIr9562,Cycling
HiIr9562,Reading
OnTH0gnj,Reading
OnTH0gnj,Painting
OnTH0gnj,Gardening
djTakpZJ,Painting
djTakpZJ,Hiking
djTakpZJ,Gardening
YO4h9h0X,Gardening
TE3K2Clk,Gardening
jdEWfolg,Reading
hCN1oR6l,Gardening
hCN1oR6l,Cycling
5lnaAF9x,Reading
5lnaAF9x,Cycling
0os5GHza,Painting
0os5GHza,Reading
0os5GHza,Hiking
3kS7YU3R,Cycling
3kS7YU3R,Hiking
CzBQ5KZw,Painting
CzBQ5KZw,Cycling
2iJz0w0G,Cooking
2iJz0w0G,Painting
2iJz0w0G,Hiking
Aji5i9ID,Painting
Aji5i9ID,Hiking
Gji4Da2c,Gardening
Gji4Da2c,Reading
Gji4Da2c,Painting
F6SNvpBH,Cooking
F6SNvpBH,Cycling
Uauoumx1,Gardening
Uauoumx1,Reading
Uauoumx1,Cooking
IYIukSQm,Hiking
G02aehep,Gardening
9USB7t04,Cycling
9USB7t04,Hiking
9USB7t04,Painting
bND9vLDk,Reading
nCM6fK1L,Cooking
nCM6fK1L,Gardening
vGeDOFln,Gardening
vGeDOFln,Cycling
vGeDOFln,Painting
QVWGIODU,Cooking
QVWGIODU,Painting
QVWGIODU,Gardening
dzpHz7aJ,Cooking
hVaUsVRJ,Cooking
AUrgukIy,Painting
XIjqEDCr,Cooking
XIjqEDCr,Hiking
XIjqEDCr,Gardening
HUFh94sl,Painting
HUFh94sl,Gardening
HUFh94sl,Hiking
mbllNbGI,Reading
6kAVJuaU,Cycling
b8pezSrR,Hiking
b8pezSrR,Painting
b8pezSrR,Cycling
QDN6dHOf,Gardening
QDN6dHOf,Reading
QDN6dHOf,Cooking
nSVLa0g5,Gardening
G7O1krXL,Reading
G7O1krXL,Gardening
G7O1krXL,Cooking
jFuu3NwW,Hiking
jFuu3NwW,Painting
wQ5oivXm,Painting
i1dzPost,Painting
qeqPoYgf,Reading
d6MBUmQn,Cooking
d6MBUmQn,Cycling
d6MBUmQn,Painting
NOfvHfy9,Reading
NOfvHfy9,Painting
nXVuwlSc,Painting
nXVuwlSc,Hiking
nXVuwlSc,Reading
jk3RqdFK,Cooking
jk3RqdFK,Hiking
jk3RqdFK,Painting
fIAyGKRt,Gardening
0gFi9wPH,Gardening
POO1Bf1I,Reading
POO1Bf1I,Hiking
ItQxP6EH,Painting
ItQxP6EH,Reading
rE7JPKnn,Hiking
rE7JPKnn,Gardening
gW2Z8R1c,Hiking
cbYMznME,Painting
VYucaE4b,Hiking
VYucaE4b,Reading
VYucaE4b,Cooking
tafNhgSQ,Painting
bicQ1iOC,Reading
bicQ1iOC,Painting
YJUlFzgE,Hiking
YJUlFzgE,Reading
5uMnQW1W,Hiking
BIIdpjBb,Cycling
d7hxKZWX,Reading
d7hxKZWX,Cooking
d7hxKZWX,Cycling
Q1cuFWRe,Painting
Q1cuFWRe,Reading
Qpfgyvsz,Hiking
Qpfgyvsz,Painting
Qpfgyvsz,Cooking
eFn9qZf4,Cooking
eFn9qZf4,Cycling
M7kDuUdc,Gardening
M7kDuUdc,Reading
Gm8uffaz,Cooking
1HOrTlep,Hiking
1HOrTlep,Gardening
TC7w06np,Reading
TC7w06np,Cooking
TC7w06np,Cycling
VsQMuqSo,Reading
Bu2mQGfX,Painting
Bu2mQGfX,Reading
CjXdjtwG,Hiking
CjXdjtwG,Painting
CjXdjtwG,Cooking
zCP6s7Xr,Gardening
zCP6s7Xr,Cooking
zCP6s7Xr,Cycling
dRBRNZIa,Hiking
dRBRNZIa,Cooking
dRBRNZIa,Painting
SIUROK8B,Hiking
SIUROK8B,Reading
SIUROK8B,Cooking
4a6MAwNm,Hiking
4a6MAwNm,Reading
nXUjD4bV,Cooking
nXUjD4bV,Cycling
IJR8UfMP,Hiking
IJR8UfMP,Reading
IJR8UfMP,Cycling
8lHIHetF,Hiking
8lHIHetF,Gardening
cWmnZx1a,Cooking
cWmnZx1a,Reading
cWmnZx1a,Hiking
PqflK6eK,Cooking
GyRslDAr,Hiking
m618UBq2,Gardening
m618UBq2,Painting
m618UBq2,Cycling
yN8jMtkw,Cycling
yN8jMtkw,Painting
jHWjkXz9,Painting
jHWjkXz9,Cooking
vmkJMYXm,Cycling
J8f5LIVV,Reading
XtudYf4w,Cycling
XtudYf4w,Cooking
KpPizzPE,Reading
KpPizzPE,Painting
KpPizzPE,Cycling
cuC3DfBd,Cooking
41jVBtBP,Hiking
41jVBtBP,Gardening
4WmR0MUB,Gardening
4WmR0MUB,Reading
4WmR0MUB,Cycling
BqNCS9th,Hiking
BqNCS9th,Cooking
2VXXQytQ,Gardening
2VXXQytQ,Reading
2VXXQytQ,Cycling
Td1SVikx,Cycling
sfpBIhTO,Cooking
d3WI14pQ,Cycling
aIxoZ25n,Hiking
48cLfrmz,Painting
48cLfrmz,Reading
48cLfrmz,Cycling
DwuwQ2FI,Painting
DwuwQ2FI,Reading
q8Ilt63d,Cycling
pBVjp9ri,Cycling
96fm7E2v,Painting
jVGREmdY,Cooking
G8hNYLPR,Reading
OlNZdyV5,Cooking
OlNZdyV5,Reading
hdPmxYrR,Painting
zAICQIZ3,Reading
Nd56mvYD,Hiking
Nd56mvYD,Gardening
Nd56mvYD,Cycling
VgdfyfuQ,Reading
VgdfyfuQ,Cycling
kj2VoV4V,Cooking
kj2VoV4V,Painting
bfEgyOzj,Cycling
bDwYXHIL,Painting
OwxgNeGH,Cooking
OwxgNeGH,Cycling
cPudXgqp,Gardening
waDvA882,Cycling
NRH24F7X,Gardening
NRH24F7X,Cycling
NRH24F7X,Reading
XdDDpLB2,Gardening
CuUQKlqz,Gardening
CuUQKlqz,Cooking
CuUQKlqz,Reading
nOYFASxu,Cycling
5xk2YWhv,Reading
eyRM5vyV,Cycling
8hXZvjxR,Gardening
8hXZvjxR,Reading
8hXZvjxR,Cycling
0PYFdWLD,Hiking
0PYFdWLD,Painting
HZNiTy9y,Cooking
HZNiTy9y,Painting
HZNiTy9y,Gardening
FEEmwgRV,Reading
FEEmwgRV,Cycling
FEEmwgRV,Gardening
A9JA4oup,Painting
A9JA4oup,Cooking
A9JA4oup,Gardening
QTqPbUnS,Cooking
QTqPbUnS,Hiking
QTqPbUnS,Painting
0L7PLkCw,Reading
0L7PLkCw,Hiking
PruhrvR7,Hiking
9QAqAOq6,Cooking
9QAqAOq6,Hiking
f1nevnO9,Reading
f1nevnO9,Cycling
LqzTI9Ho,Gardening
LqzTI9Ho,Reading
LqzTI9Ho,Painting
EVFp82Lj,Cooking
OvW88gHW,Cooking
pEG2U1xV,Hiking
oNnJQeFX,Cycling
oNnJQeFX,Reading
cjN1acm1,Hiking
cjN1acm1,Cooking
cjN1acm1,Painting
MoG59qXC,Cooking
qrMDf7oY,Cooking
qrMDf7oY,Painting
Er7HToHc,Reading
Er7HToHc,Gardening
Er7HToHc,Painting
ejFS15l2,Reading
ejFS15l2,Painting
A6l7xFSR,Painting
A6l7xFSR,Cycling
A6l7xFSR,Gardening
rA4cp2CU,Painting
rA4cp2CU,Reading
rA4cp2CU,Cooking
gHURqUEz,Painting
8rpF6cc2,Cycling
8rpF6cc2,Cooking
16U2M3yq,Gardening
16U2M3yq,Hiking
16U2M3yq,Cycling
dF1J16dU,Reading
dF1J16dU,Cycling
OIv0CSvl,Reading
S1wS4c2m,Hiking
S1wS4c2m,Cycling
DwjwhboD,Reading
JsXQWwGR,Gardening
vy7svax5,Painting
vy7svax5,Reading
vq1S7hs6,Hiking
vq1S7hs6,Reading
vq1S7hs6,Cooking
2PXPr3L4,Gardening
2PXPr3L4,Reading
rDv2ob0E,Hiking
Z3T7yl8l,Cycling
Z3T7yl8l,Painting
Z3T7yl8l,Reading
r1NkYYrf,Reading
XMZG7Wu0,Hiking
XMZG7Wu0,Cycling
XMZG7Wu0,Painting
mZpq9yoE,Hiking
mZpq9yoE,Reading
mKuN757Z,Hiking
oCwOfORx,Painting
bcYxUsSd,Gardening
bcYxUsSd,Painting
f0U7DT9u,Reading
f0U7DT9u,Cycling
F5JLjNYM,Cycling
KnfsJ8lX,Hiking
LkDOoil6,Painting
dKKHfvTK,Gardening
dKKHfvTK,Cycling
BGHhsNwk,Cycling
BGHhsNwk,Cooking
FTqjZ8rq,Cycling
3Gs6Pyf2,Hiking
3Gs6Pyf2,Painting
xx9kKfc3,Hiking
gr0QE2Wl,Cycling
gr0QE2Wl,Hiking
gr0QE2Wl,Cooking
dwPOXYj0,Reading
OYQiWsSh,Cycling
OYQiWsSh,Hiking
3eudWHtR,Cycling
3eudWHtR,Gardening
3eudWHtR,Painting
6aOFuL9r,Hiking
3eWt0FsF,Cooking
3eWt0FsF,Cycling
ABbpxCtq,Cycling
ABbpxCtq,Cooking
ABbpxCtq,Reading
Cl2jAot1,Painting
Cl2jAot1,Hiking
Cl2jAot1,Reading
JcgDOPPK,Reading
JcgDOPPK,Hiking
JcgDOPPK,Cooking
7ueeZplP,Cooking
7ueeZplP,Hiking
vnONTTe7,Cooking
vnONTTe7,Gardening
NQKAr95O,Hiking
zrPlW6WK,Gardening
zrPlW6WK,Hiking
WRdwX49M,Painting
oIsTXlAW,Cycling
oIsTXlAW,Painting
S4KiUrpU,Hiking
S4KiUrpU,Painting
j4aQXzSm,Gardening
j4aQXzSm,Painting
Ys2SELz1,Cycling
Ys2SELz1,Painting
m1voqKsJ,Cycling
m1voqKsJ,Gardening
m1voqKsJ,Hiking
ZyL2QYcg,Reading
ZyL2QYcg,Gardening
ZyL2QYcg,Cycling
c6u9PqfH,Reading
c6u9PqfH,Gardening
c6u9PqfH,Painting
HNLsaPQG,Cycling
HNLsaPQG,Painting
HNLsaPQG,Hiking
ZggJBnJf,Painting
ZggJBnJf,Hiking
EXJaU8Yk,Hiking
EXJaU8Yk,Cooking
Ndmq9oKe,Hiking
FG57MOLJ,Cycling
FG57MOLJ,Cooking
u4hQgxtK,Gardening
u4hQgxtK,Cycling
SjYb8aIW,Painting
SjYb8aIW,Hiking
SjYb8aIW,Gardening
CVUFyDMZ,Cooking
CVUFyDMZ,Hiking
90THu2OI,Reading
7IdNHwcv,Cooking
7IdNHwcv,Gardening
y79PuHlA,Hiking
y79PuHlA,Cooking
y79PuHlA,Cycling
7U9UJdZb,Reading
ckfqqSoF,Reading
ckfqqSoF,Cycling
eLnnTDdV,Hiking
eLnnTDdV,Cooking
26R1lbPi,Cycling
26R1lbPi,Hiking
f1mSOAys,Hiking
tZlMG0kS,Painting
tZlMG0kS,Reading
JRLITvnH,Cycling
JRLITvnH,Reading
yR9iwvcq,Painting
hmf7yf1o,Cycling
GrQtaS90,Reading
GrQtaS90,Gardening
GrQtaS90,Cooking
WX2i3qF8,Hiking
WX2i3qF8,Painting
D0PTvIlG,Reading
vHiQ2e9h,Cycling
dZVWY0Ol,Reading
dZVWY0Ol,Hiking
BMk4LIWf,Reading
uwBFzTfA,Hiking
uwBFzTfA,Reading
uwBFzTfA,Painting
lZtWuysG,Hiking
lZtWuysG,Reading
QzpiVRK7,Cooking
QzpiVRK7,Hiking
1KaWYsgV,Cooking
NU2l2Q1R,Painting
NU2l2Q1R,Hiking
NU2l2Q1R,Gardening
xNx5Uy9F,Hiking
xNx5Uy9F,Cooking
xNx5Uy9F,Cycling
RYbROqbz,Hiking
0nPKvyzd,Hiking
lo8qeUFp,Cycling
BR5Qwr3B,Hiking
BR5Qwr3B,Cycling
tG0BYQvL,Painting
LuWj0Upn,Painting
LuWj0Upn,Cycling
LuWj0Upn,Reading
0k91HzE1,Reading
0k91HzE1,Cooking
0k91HzE1,Painting
tDoIbltJ,Painting
tDoIbltJ,Cycling
3IDHPfmj,Gardening
3IDHPfmj,Cycling
3IDHPfmj,Cooking
EWENbYmQ,Painting
EWENbYmQ,Hiking
pAfGYZKP,Cooking
9aOt5kkT,Painting
9aOt5kkT,Hiking
4FPBwD46,Cycling
4FPBwD46,Hiking
4FPBwD46,Painting
yIYahukd,Gardening
hldSaBtU,Hiking
4lnTZSIO,Gardening
4lnTZSIO,Hiking
5VynNwqV,Painting
5VynNwqV,Cooking
5VynNwqV,Hiking
rD3aEZsg,Reading
yoxwAgsO,Gardening
v5Bh35oH,Cooking
v5Bh35oH,Gardening
B09m3xMy,Painting
vOYnGSEi,Gardening
vOYnGSEi,Reading
vOYnGSEi,Cycling
A649H1SH,Painting
cV8unfvk,Hiking
cV8unfvk,Cycling
4OfaP0UT,Gardening
1AqoqmmK,Hiking
1AqoqmmK,Gardening
1AqoqmmK,Painting
cUd64dXe,Painting
cUd64dXe,Cooking
cUd64dXe,Gardening
Q9uKHDNt,Gardening
qLdfezjb,Cooking
W97QGV5a,Hiking
W97QGV5a,Gardening
ed7Cl6v2,Hiking
ed7Cl6v2,Cycling
ed7Cl6v2,Painting
sJaaaNtW,Cooking
mnePxrGj,Hiking
F8ehqWsP,Gardening
F8ehqWsP,Painting
pldS3lzG,Hiking
pldS3lzG,Painting
pldS3lzG,Gardening
rmeQ1meI,Hiking
F1PVxvjs,Reading
Z37SAziV,Gardening
6PuA20j3,Reading
Bz51DJHJ,Reading
Bz51DJHJ,Hiking
mKSzOGop,Gardening
mKSzOGop,Reading
51gK8gsy,Cycling
51gK8gsy,Hiking
VQbPnqdl,Reading
VQbPnqdl,Hiking
Pq8yCd8b,Painting
Pq8yCd8b,Reading
V29neCKW,Hiking
UY6VCUGN,Cycling
UY6VCUGN,Reading
DfC38Oqj,Reading
DfC38Oqj,Cooking
0oKsyzfg,Gardening
0oKsyzfg,Painting
0oKsyzfg,Reading
v9O3YgQd,Cycling
v9O3YgQd,Hiking
v9O3YgQd,Reading
fovk3u77,Reading
fovk3u77,Hiking
c2RuOHMN,Cooking
c2RuOHMN,Painting
EiQonR2t,Cycling
EiQonR2t,Cooking
IH70OWYp,Hiking
IH70OWYp,Gardening
mGR4q9o5,Painting
h8cwmJkH,Cooking
h8cwmJkH,Cycling
JCQchgdK,Hiking
ewEZs710,Painting
ewEZs710,Cycling
ewEZs710,Gardening
lgWLhSAI,Cooking
lgWLhSAI,Reading
sMmm6IfL,Painting
sMmm6IfL,Cycling
Dhy7PEAx,Hiking
Dhy7PEAx,Gardening
1vWjfR3y,Cooking
1vWjfR3y,Reading
1vWjfR3y,Painting
ko2bcyfv,Cycling
XQ8oGkRM,Cycling
dLWMDcHV,Gardening
yhwXdcRq,Gardening
yhwXdcRq,Cooking
yhwXdcRq,Painting
q9dZwZ3i,Hiking
q9dZwZ3i,Cycling
r3uxPIPJ,Hiking
r3uxPIPJ,Reading
AErMY18f,Gardening
AErMY18f,Hiking
9KEL81Ys,Painting
9KEL81Ys,Gardening
9KEL81Ys,Hiking
hgOesDos,Painting
hgOesDos,Cycling
hgOesDos,Gardening
H4ruNdwi,Cooking
H4ruNdwi,Reading
H4ruNdwi,Gardening
VZeh5d6L,Painting
VZeh5d6L,Hiking
VZeh5d6L,Cycling
HpMTZmpw,Hiking
HpMTZmpw,Painting
amWl7U6Q,Painting
GjhHSntz,Painting
GjhHSntz,Hiking
GjhHSntz,Cooking
7OtNugRT,Gardening
7OtNugRT,Cooking
7OtNugRT,Hiking
w7Uyja4f,Gardening
SZvbO4AU,Hiking
SZvbO4AU,Painting
SZvbO4AU,Reading
vA1d5Z6t,Cycling
vA1d5Z6t,Gardening
vA1d5Z6t,Painting
BN6AQLb8,Hiking
BN6AQLb8,Cooking
X4910URe,Painting
X4910URe,Cooking
0cyiXZHo,Cooking
ljYjsVdz,Painting
9uwqdsvP,Reading
9uwqdsvP,Gardening
bfsbcRUl,Gardening
rXwRYCZp,Painting
rXwRYCZp,Gardening
o8Rjpntt,Hiking
o8Rjpntt,Cycling
4fvqcLjx,Cycling
4fvqcLjx,Hiking
zEwtu3Y4,Cycling
zEwtu3Y4,Hiking
zEwtu3Y4,Painting
zfQTuzOb,Reading
zfQTuzOb,Cooking
zfQTuzOb,Cycling
6P4HfSHr,Cooking
R3qRHJaX,Reading
R3qRHJaX,Gardening
R3qRHJaX,Cycling
I9rdrwFj,Gardening
I9rdrwFj,Cycling
4Ihnv2rE,Cycling
4Ihnv2rE,Painting
LC0yn0fn,Reading
LC0yn0fn,Painting
axDChNn1,Hiking
axDChNn1,Cycling
axDChNn1,Reading
HIvJdu0p,Cooking
MxYq1ymM,Hiking
4AIpx9On,Hiking
4AIpx9On,Reading
4AIpx9On,Cycling
KNP7TnXZ,Reading
eYAhIyjS,Hiking
jJhvwcI4,Cooking
jJhvwcI4,Painting
jJhvwcI4,Hiking
tMaYFGuH,Reading
tMaYFGuH,Cycling
tMaYFGuH,Cooking
ItqyKCeE,Hiking
bn3ghW0a,Painting
bn3ghW0a,Hiking
bn3ghW0a,Gardening
LrxCUnyh,Cycling
HQ5VMtrD,Reading
PP1BMjTf,Hiking
PP1BMjTf,Reading
benPJVmz,Painting
Iv9t1HJU,Hiking
Iv9t1HJU,Cooking
Iv9t1HJU,Reading
4Tke26fy,Cooking
4Tke26fy,Painting
4Tke26fy,Reading
Rnf0K7hQ,Hiking
rmlsqAKd,Reading
rmlsqAKd,Gardening
tpvtiBmR,Painting
KijP79BE,Hiking
KijP79BE,Cooking
iLmmaYnT,Reading
tcdmhmFv,Cooking
tcdmhmFv,Reading
tcdmhmFv,Gardening
M4MZ1Vy8,Gardening
M4MZ1Vy8,Hiking
M5cKlFED,Cooking
zr3oycip,Reading
zr3oycip,Cycling
z0zjFuiW,Cycling
z0zjFuiW,Cooking
4kofQ1SY,Gardening
4kofQ1SY,Reading
4kofQ1SY,Hiking
dfzZMwGr,Cycling
vZJMudK8,Cooking
vZJMudK8,Gardening
vZJMudK8,Reading
jzxzIv0i,Reading
jzxzIv0i,Hiking
jzxzIv0i,Cycling
oREo25UM,Painting
oREo25UM,Gardening
AdtaFDhl,Painting
yKQ9hRze,Painting
yKQ9hRze,Reading
oDkrWWvK,Hiking
5ue2aAjb,Reading
5ue2aAjb,Cooking
rCzpRIeP,Cooking
DekMhlqF,Cycling
juTEUACI,Reading
juTEUACI,Hiking
IsA6w39M,Cooking
IsA6w39M,Cycling
IsA6w39M,Hiking
zGeMkMbX,Cycling
zGeMkMbX,Hiking
FKtJcvIt,Reading
FKtJcvIt,Gardening
FKtJcvIt,Painting
NKyU8apU,Gardening
NKyU8apU,Painting
NKyU8apU,Cycling
4OQ0E2q7,Hiking
e3t8SCYe,Gardening
yqVstyv6,Hiking
yqVstyv6,Painting
yqVstyv6,Reading
qNi9d5US,Painting
qNi9d5US,Hiking
1hNPHw87,Reading
1hNPHw87,Painting
1hNPHw87,Gardening
y3NBA0gR,Cycling
y3NBA0gR,Gardening
y3NBA0gR,Painting
jTMweadt,Cycling
jTMweadt,Cooking
jTMweadt,Reading
D7KXAr41,Painting
D7KXAr41,Hiking
JP5NYa1d,Reading
JP5NYa1d,Cooking
VGoOJehp,Gardening
VGoOJehp,Cooking
4zOOVDpc,Cycling
4zOOVDpc,Painting
4zOOVDpc,Cooking
y6x47gmu,Painting
bSzSsuWj,Reading
Z1T1fTGS,Painting
WvYRY66K,Cooking
b6NSqW6u,Hiking
Eqt9CHaJ,Reading
ceLJv9MC,Gardening
ceLJv9MC,Hiking
ceLJv9MC,Cycling
7F7szokm,Hiking
7F7szokm,Painting
teroAL6M,Cycling
rSuxVgad,Cooking
wbB494U0,Reading
dx7m0TWn,Cycling
QsjzDQhv,Painting
y3nppMrb,Hiking
y3nppMrb,Gardening
y3nppMrb,Cooking
BvzpalAH,Gardening
60iFbwKx,Gardening
60iFbwKx,Painting
60iFbwKx,Cooking
JXF2LTRi,Gardening
xEdbLfGr,Cooking
xEdbLfGr,Gardening
7OqIkmzm,Reading
7OqIkmzm,Gardening
7OqIkmzm,Hiking
CN2UGa2R,Cycling
CN2UGa2R,Cooking
8FPkmkns,Cooking
8FPkmkns,Gardening
8FPkmkns,Painting
wVWlY2Pz,Gardening
mFDa2fXD,Painting
mFDa2fXD,Reading
0DRiztOm,Gardening
0DRiztOm,Cycling
r8f0Ausd,Gardening
r8f0Ausd,Hiking
r8f0Ausd,Reading
aBxgEHze,Cooking
aBxgEHze,Painting
aBxgEHze,Cycling
y9XV4Fzi,Cycling
y9XV4Fzi,Painting
y9XV4Fzi,Hiking
PwfagJRp,Gardening
PwfagJRp,Painting
PwfagJRp,Reading
splLbvpD,Reading
splLbvpD,Hiking
splLbvpD,Gardening
GynZkQ9h,Cycling
GynZkQ9h,Cooking
GynZkQ9h,Hiking
sGQei71W,Reading
ARUhcQkr,Hiking
XXyiepum,Painting
XXyiepum,Gardening
W9NAqzVP,Reading
W9NAqzVP,Cycling
W9NAqzVP,Cooking
iNZonChw,Gardening
iNZonChw,Cooking
iNZonChw,Painting
sQmUsnOk,Reading
b10utnHX,Reading
RPSfxVWP,Painting
RPSfxVWP,Gardening
4AB5TsCF,Hiking
4AB5TsCF,Reading
4AB5TsCF,Cycling
WdFfuY1p,Painting
YFp0jpTe,Painting
RalqxyGj,Gardening
RalqxyGj,Cooking
PAuVFFlM,Hiking
PAuVFFlM,Reading
PAuVFFlM,Gardening
MPjHDKem,Cycling
56ca0rHh,Cooking
56ca0rHh,Painting
kGALP7BG,Painting
tPkm2YqT,Reading
tPkm2YqT,Gardening
tPkm2YqT,Cooking
o4wBawqI,Painting
o4wBawqI,Cycling
o4wBawqI,Hiking
wgCHDXUw,Painting
wgCHDXUw,Cooking
wgCHDXUw,Gardening
hXBmRvmd,Hiking
30YC82yo,Reading
30YC82yo,Gardening
wyYD3PC4,Cooking
pikuvk5l,Cycling
pikuvk5l,Gardening
pikuvk5l,Cooking
p57zMO7t,Reading
p57zMO7t,Hiking
p57zMO7t,Cooking
717QJhYj,Cooking
k8R1pTc7,Painting
k8R1pTc7,Gardening
edu6T20X,Cycling
zvWHiIEP,Cooking
zvWHiIEP,Cycling
zvWHiIEP,Painting
2tZeL3ak,Gardening
2tZeL3ak,Cycling
ZgnprKtZ,Painting
ZgnprKtZ,Reading
ZgnprKtZ,Cooking
10JPorFK,Hiking
10JPorFK,Painting
3xifX23B,Painting
3xifX23B,Gardening
ltotEAqB,Gardening
ltotEAqB,Hiking
ltotEAqB,Cycling
2hwgQM7R,Cycling
0dkevBeV,Reading
0dkevBeV,Cooking
0dkevBeV,Gardening
nw08OpMW,Painting
nw08OpMW,Hiking
RIrc2MTL,Cycling
RIrc2MTL,Painting
13G4tZJZ,Reading
13G4tZJZ,Cycling
cteq5aOY,Gardening
cteq5aOY,Cycling
cteq5aOY,Cooking
9tWGBI8Q,Painting
9tWGBI8Q,Reading
PBp81Po8,Reading
vA369fnL,Gardening
8JGl5fNE,Cooking
8JGl5fNE,Reading
m0IXQf1k,Reading
m0IXQf1k,Cooking
7u0gkwVp,Reading
7u0gkwVp,Hiking
hQjaEYoz,Hiking
hQjaEYoz,Painting
hQjaEYoz,Reading
ZVcM3bol,Cycling
eCE0F0cW,Gardening
eCE0F0cW,Cooking
eCE0F0cW,Hiking
TnCn8H7J,Cycling
50kVxDql,Gardening
50kVxDql,Painting
50kVxDql,Cycling
8Uec6HOe,Cooking
8Uec6HOe,Hiking
eaYJ4g7g,Hiking
eaYJ4g7g,Gardening
3b1Y5rjB,Cooking
3b1Y5rjB,Painting
uzEeeLNV,Reading
nDkvlHCn,Hiking
eukmXThQ,Cycling
eukmXThQ,Cooking
zOw5wpUf,Painting
zOw5wpUf,Cooking
zOw5wpUf,Cycling
OtiqGuRL,Gardening
01lXRhOl,Cycling
01lXRhOl,Painting
01lXRhOl,Cooking
OHR3U1ig,Cycling
OHR3U1ig,Cooking
uuUMnhoo,Cooking
uuUMnhoo,Hiking
uuUMnhoo,Gardening
ppaqy4sn,Painting
ppaqy4sn,Hiking
ppaqy4sn,Reading
EnRmSAIK,Cooking
m88pIsqp,Painting
mOjrivGa,Gardening
mOjrivGa,Painting
mOjrivGa,Hiking
3h5YCu04,Cooking
3h5YCu04,Gardening
3h5YCu04,Painting
eN8JFAQR,Gardening
V7dgWtol,Cycling
gUEmqZ25,Painting
gUEmqZ25,Reading
eXnObCDU,Cycling
eXnObCDU,Cooking
eXnObCDU,Reading
w9JJJlag,Gardening
w9JJJlag,Reading
sqjiyRHl,Painting
x9D07kcS,Hiking
x9D07kcS,Reading
x9D07kcS,Gardening
wwUuYsLh,Reading
wwUuYsLh,Painting
Q19uEshj,Reading
XlAgxWiK,Cooking
XlAgxWiK,Reading
XlAgxWiK,Cycling
o5ojuHuk,Gardening
o5ojuHuk,Painting
o5ojuHuk,Hiking
I2VW7RqJ,Cooking
I2VW7RqJ,Painting
I2VW7RqJ,Reading
wXMJQtK3,Cooking
wXMJQtK3,Gardening
QFi84xyG,Hiking
mac7zieM,Painting
mac7zieM,Cycling
lzkBUcUf,Reading
2RUOgPTI,Cooking
SsRTiWeN,Painting
SsRTiWeN,Hiking
SsRTiWeN,Gardening
shmdSrEu,Painting
shmdSrEu,Gardening
dVKm7May,Painting
dVKm7May,Reading
aTGpJiDe,Cooking
ixfrhepy,Reading
ixfrhepy,Painting
ixfrhepy,Gardening
kvN6el0P,Painting
kvN6el0P,Hiking
ZOVCGiT0,Gardening
ZOVCGiT0,Cycling
ZOVCGiT0,Painting
5RYgUlYg,Hiking
sJ4q8w81,Reading
sJ4q8w81,Gardening
6w6YjcHl,Painting
6w6YjcHl,Cycling
7WCNyNjk,Painting
dqfFeA9L,Hiking
dqfFeA9L,Painting
FgpykI8c,Hiking
tojHgSbR,Cooking
tojHgSbR,Painting
tojHgSbR,Hiking
1OOExs0u,Cycling
1OOExs0u,Cooking
1OOExs0u,Hiking
5SgVAuqx,Painting
hodga9af,Hiking
hodga9af,Painting
hodga9af,Gardening
9rfFXxtw,Cycling
0LGbmQeY,Gardening
0LGbmQeY,Reading
QYXemJGI,Painting
QYXemJGI,Hiking
4vOSoHII,Cycling
4vOSoHII,Reading
mKxJTcXb,Painting
VIvfgkS3,Hiking
VIvfgkS3,Gardening
VIvfgkS3,Cycling
4aelNYhR,Painting
4aelNYhR,Hiking
8NJTwepX,Cycling
8NJTwepX,Cooking
8NJTwepX,Gardening
83UGpH3g,Cycling
83UGpH3g,Cooking
1mjTt973,Hiking
1mjTt973,Gardening
8DxP89RZ,Reading
8DxP89RZ,Gardening
9GWERoBR,Reading
6W0bH4T5,Reading
6W0bH4T5,Hiking
JUufaMtm,Cooking
Xo0PqrQE,Gardening
Xo0PqrQE,Painting
Xo0PqrQE,Reading
i39xqlsF,Cooking
YIbh6lNe,Gardening
YIbh6lNe,Reading
YIbh6lNe,Cooking
lknoZsd4,Gardening
U8qTyyha,Painting
U8qTyyha,Cycling
U8qTyyha,Gardening
sIUjYTTY,Cooking
sIUjYTTY,Hiking
sIUjYTTY,Painting
nLO17Pmf,Hiking
nLO17Pmf,Gardening
4ZkpJ0W9,Cycling
4ZkpJ0W9,Reading
8LTiztwC,Hiking
tVQEOwIu,Gardening
tVQEOwIu,Hiking
tVQEOwIu,Reading
wurgKEzS,Cooking
wurgKEzS,Gardening
wurgKEzS,Reading
Lvs3mzPk,Reading
Lvs3mzPk,Hiking
Lvs3mzPk,Cooking
4BEoZsx3,Hiking
4BEoZsx3,Painting
4BEoZsx3,Gardening
ioU1rkYF,Cycling
ioU1rkYF,Reading
ioU1rkYF,Hiking
GuR99QFf,Hiking
W3c8ig2Y,Cycling
0ewkwA8h,Painting
0ewkwA8h,Gardening
0ewkwA8h,Reading
ZqaFk2cW,Reading
ZqaFk2cW,Hiking
TXYCMajG,Cycling
TXYCMajG,Hiking
2LbVt8Jl,Hiking
2LbVt8Jl,Painting
SfWlzUsn,Cycling
SfWlzUsn,Painting
zgxamJap,Painting
zgxamJap,Cycling
BxzCyrYk,Cycling
BxzCyrYk,Hiking
BxzCyrYk,Cooking
0EaHZ5um,Cycling
3MgxyXle,Cooking
3MgxyXle,Painting
QHf6Jilj,Cycling
uoQPSwYw,Cycling
uoQPSwYw,Hiking
gEMTkx7W,Hiking
vQWrJi2R,Painting
vQWrJi2R,Gardening
vQWrJi2R,Reading
CDA7Fpk4,Reading
9IjcBJ77,Cycling
9IjcBJ77,Gardening
9IjcBJ77,Hiking
4qH9u7ce,Cycling
0qvOVJvq,Cooking
0qvOVJvq,Cycling
0qvOVJvq,Gardening
vgyohdjh,Hiking
vgyohdjh,Cooking
vgyohdjh,Gardening
bjREupbs,Painting
lTZNlVcr,Hiking
lTZNlVcr,Cycling
lTZNlVcr,Reading
NGF8kHuj,Gardening
4Y0sNgJV,Cycling
SrZapluY,Cooking
SrZapluY,Gardening
xufsM0HO,Cooking
xufsM0HO,Painting
PJJikRxY,Painting
PJJikRxY,Reading
PJJikRxY,Cycling
diIacUrV,Reading
ynKha1dC,Cycling
ynKha1dC,Hiking
ZrnRu4fS,Painting
LzsQqIZZ,Cooking
FGxemT3D,Cycling
ncwQxrTz,Hiking
0lEY2qG0,Gardening
0lEY2qG0,Hiking
BdRiQAb3,Reading
BdRiQAb3,Cycling
BdRiQAb3,Gardening
jKcg9FXn,Cycling
jKcg9FXn,Reading
jKcg9FXn,Cooking
mIQIefwp,Gardening
mIQIefwp,Hiking
mIQIefwp,Cooking
nwwnJwh6,Cooking
nwwnJwh6,Painting
Hx9pFWnU,Painting
Hx9pFWnU,Cycling
Hx9pFWnU,Gardening
37ZYCe0b,Cooking
37ZYCe0b,Reading
hdywE2vf,Reading
hdywE2vf,Hiking
wgnzwCQi,Cycling
wgnzwCQi,Gardening
wgnzwCQi,Painting
lkkGHjwR,Reading
gBOZBbNo,Reading
gBOZBbNo,Cooking
pslGUgy0,Cooking
pslGUgy0,Hiking
pslGUgy0,Gardening
mjBVjFCU,Gardening
mjBVjFCU,Cooking
a7MPtwvQ,Gardening
a7MPtwvQ,Painting
a7MPtwvQ,Cycling
yZauNLct,Painting
iazCIgmk,Cooking
iazCIgmk,Hiking
iazCIgmk,Gardening
HefRLm1S,Cycling
HefRLm1S,Cooking
HefRLm1S,Hiking
ridMQic9,Gardening
ridMQic9,Hiking
1MZDKHcu,Gardening
LN6yLWY9,Reading
LN6yLWY9,Cooking
LN6yLWY9,Cycling
CKeg5xee,Cooking
fZMf4kiy,Painting
EgN3x96V,Reading
EgN3x96V,Gardening
odTtsaeR,Reading
1BmbJ5t3,Cycling
1BmbJ5t3,Painting
1BmbJ5t3,Hiking
iSyf02bq,Gardening
Jm5fxIMa,Cooking
Jm5fxIMa,Cycling
Pl1w2Ud4,Hiking
Pl1w2Ud4,Gardening
Pl1w2Ud4,Reading
diBynHgN,Reading
diBynHgN,Painting
kN6C0NeS,Hiking
N045olOd,Cooking
N045olOd,Reading
rJxKFyMv,Gardening
rJxKFyMv,Painting
rJxKFyMv,Reading
prJ2WkEL,Reading
prJ2WkEL,Hiking
prJ2WkEL,Cooking
1bTK9X1w,Cycling
pbe5iw6b,Painting
cGE7BAVW,Cooking
ACS3DnGc,Cycling
ACS3DnGc,Gardening
f4koyrmR,Cycling
f4koyrmR,Painting
1xGzdmat,Cycling
kLjcvn19,Painting
kLjcvn19,Reading
iNS9QZJY,Reading
iNS9QZJY,Painting
iNS9QZJY,Cooking
ZaljL1t1,Painting
ZaljL1t1,Gardening
ZaljL1t1,Hiking
p8xu87H8,Hiking
xL40aQY3,Hiking
xL40aQY3,Reading
xL40aQY3,Gardening
mXKl4nYn,Gardening
NEtYH9wH,Painting
ynfH2YRJ,Cooking
ynfH2YRJ,Cycling
sjVE2Zrj,Cooking
rsaSEEpw,Painting
rsaSEEpw,Gardening
mPuJf1Ou,Painting
mPuJf1Ou,Cooking
9T29CO95,Gardening
9T29CO95,Reading
9T29CO95,Painting
wpVNo4m4,Gardening
uuhPo75r,Gardening
uuhPo75r,Cycling
FdCNkJ0t,Gardening
FdCNkJ0t,Hiking
FdCNkJ0t,Painting
sdKx1K3V,Gardening
sdKx1K3V,Painting
sdKx1K3V,Cooking
tkxEdhsb,Cycling
ToFt7pfi,Reading
ToFt7pfi,Cycling
ToFt7pfi,Gardening
rRS61irz,Painting
rRS61irz,Reading
P0CHOvte,Cooking
P0CHOvte,Reading
xpbX0AR5,Hiking
xpbX0AR5,Reading
xpbX0AR5,Cycling
StB1sIWy,Reading
EyB16Pl1,Gardening
EyB16Pl1,Hiking
ELNLwvHE,Reading
ELNLwvHE,Cycling
ELNLwvHE,Gardening
aFAcDuc4,Cycling
X4SwlKs9,Gardening
X4SwlKs9,Painting
X4SwlKs9,Hiking
qKw2o8hO,Hiking
oxOMSmz8,Reading
oxOMSmz8,Cooking
41X9iQsl,Reading
41X9iQsl,Painting
41X9iQsl,Gardening
8GeQs932,Cooking
LanUujqt,Gardening
LanUujqt,Hiking
LanUujqt,Cooking
gWDPjzrQ,Cooking
gWDPjzrQ,Painting
RM8GsvnZ,Gardening
RM8GsvnZ,Cycling
WH59SV8Z,Cycling
yE9vH3Gx,Reading
yE9vH3Gx,Painting
IbSLM400,Hiking
IbSLM400,Gardening
e6vdrwFH,Cycling
e6vdrwFH,Hiking
NMHix5pC,Reading
NMHix5pC,Cooking
NMHix5pC,Hiking
aaGB32fu,Hiking
aaGB32fu,Cooking
ZUD1zNIN,Reading
ZUD1zNIN,Cycling
J5J8D8KQ,Painting
ep6q9SIU,Hiking
ep6q9SIU,Gardening
mRhb3oRS,Gardening
mRhb3oRS,Painting
SRNU2xag,Gardening
0bHeNfXc,Painting
0bHeNfXc,Gardening
0bHeNfXc,Cooking
o645jbRP,Cycling
o645jbRP,Gardening
o645jbRP,Painting
G1vDbUId,Cooking
G1vDbUId,Reading
FYImw60k,Hiking
FYImw60k,Cycling
9x4DS4lM,Hiking
9x4DS4lM,Cooking
flNL0ZuX,Cycling
flNL0ZuX,Reading
flNL0ZuX,Hiking
nbmjdahF,Cooking
OqtVeyus,Painting
OqtVeyus,Cycling
OqtVeyus,Reading
tDLxEQDO,Painting
tDLxEQDO,Cycling
tDLxEQDO,Reading
XrCPpK5i,Painting
5JDV15tQ,Cooking
5JDV15tQ,Reading
5JDV15tQ,Painting
6aNvk4k1,Painting
6aNvk4k1,Cooking
6aNvk4k1,Cycling
wGUUdF6m,Cycling
wGUUdF6m,Gardening
wGUUdF6m,Reading
PlDMl5x3,Cooking
hV0pSm64,Painting
hV0pSm64,Hiking
hV0pSm64,Cycling
vwVeUur2,Gardening
vwVeUur2,Hiking
x8G4ehTP,Cooking
x8G4ehTP,Reading
x8G4ehTP,Hiking
48ZslBF6,Hiking
48ZslBF6,Gardening
48ZslBF6,Reading
mq9lD4Ot,Reading
mq9lD4Ot,Painting
jOj0ZO0Z,Hiking
jOj0ZO0Z,Gardening
TKnEjMWU,Cycling
TKnEjMWU,Gardening
9si1agH7,Painting
9si1agH7,Gardening
9si1agH7,Hiking
rjv65UJM,Gardening
ZUOU1agt,Cycling
pvp7OzNg,Cycling
pvp7OzNg,Cooking
yMr24bOC,Hiking
yMr24bOC,Gardening
yMr24bOC,Cooking
gvBNfEUk,Painting
gvBNfEUk,Gardening
gvBNfEUk,Hiking
KaOF1NvA,Cooking
opSwZv5x,Reading
8XZpaXwm,Painting
8XZpaXwm,Reading
8XZpaXwm,Hiking
WYhersqj,Gardening
EwtgTR2s,Hiking
EwtgTR2s,Reading
GoSpuJNO,Cycling
GoSpuJNO,Cooking
iERN4AFy,Gardening
iERN4AFy,Painting
3UQ6w6JT,Hiking
3UQ6w6JT,Reading
3UQ6w6JT,Painting
879sEtpg,Painting
OBQK3x7C,Cooking
OBQK3x7C,Cycling
OBQK3x7C,Gardening
FeFH9wK0,Cycling
bMfRLBcg,Painting
bMfRLBcg,Hiking
bMfRLBcg,Cycling
s5eIS3IA,Painting
s5eIS3IA,Cycling
Uz4GFGbl,Cycling
Uz4GFGbl,Cooking
ZCie8yW6,Hiking
ZCie8yW6,Cooking
ZCie8yW6,Cycling
cSLMaQsz,Reading
tsFBQLLY,Painting
tsFBQLLY,Hiking
tsFBQLLY,Gardening
YPQMenEj,Reading
YPQMenEj,Hiking
eqyjOJAW,Gardening
eqyjOJAW,Painting
1aMGGrA5,Cycling
1aMGGrA5,Cooking
DjbAxFln,Hiking
bWSCBcFV,Painting
0dGPxgen,Hiking
iOkc1zM8,Cycling
iOkc1zM8,Painting
TN1barAn,Reading
TN1barAn,Hiking
TN1barAn,Painting
gcPvso1o,Hiking
gcPvso1o,Reading
zwn9hPbW,Cooking
eGdOXkK5,Hiking
eGdOXkK5,Cycling
j0Z5pM4v,Cycling
j0Z5pM4v,Painting
j0Z5pM4v,Gardening
QkieThB1,Cooking
QkieThB1,Hiking
QkieThB1,Painting
LleLkA1z,Cooking
Q7sjACpY,Gardening
Q7sjACpY,Hiking
Gxp0i689,Reading
Gxp0i689,Hiking
Gxp0i689,Cooking
qzZqYNiy,Hiking
d8sKRfOP,Hiking
d8sKRfOP,Painting
7mK5tpzO,Cooking
7mK5tpzO,Cycling
7mK5tpzO,Painting
mYddXvmz,Gardening
mYddXvmz,Cooking
bnHs0asO,Reading
bnHs0asO,Gardening
bnHs0asO,Painting
8l5aw4ua,Cycling
cI9DQmTm,Painting
cI9DQmTm,Cycling
cI9DQmTm,Hiking
FVo4Jw1V,Gardening
FVo4Jw1V,Cooking
UpVKLqv7,Cycling
MltxYujM,Hiking
MltxYujM,Cooking
zTexqiok,Gardening
zTexqiok,Reading
zTexqiok,Cycling
HJcOIKQ2,Cooking
HJcOIKQ2,Hiking
HJcOIKQ2,Cycling
nw4fIFuF,Reading
nw4fIFuF,Hiking
nw4fIFuF,Cooking
QZtMjgnp,Painting
QZtMjgnp,Cycling
QZtMjgnp,Cooking
dZmN62jK,Reading
TYAMcS5V,Hiking
tgE5DKMR,Hiking
NbTasmHZ,Hiking
NbTasmHZ,Cooking
NbTasmHZ,Cycling
1GYvG6Kn,Hiking
1GYvG6Kn,Cooking
1GYvG6Kn,Painting
RbQYWyaM,Reading
OsmWx6ce,Painting
6n76blSh,Cycling
6n76blSh,Cooking
6n76blSh,Hiking
KrRwuekH,Painting
KrRwuekH,Reading
KrRwuekH,Cycling
X20IqUSb,Gardening
Ugo51DlI,Hiking
Ugo51DlI,Cycling
Ugo51DlI,Reading
M92GstIX,Cycling
gcKa7E67,Cycling
Av5joxkg,Painting
FgU1Up0H,Gardening
iOAA7n1H,Hiking
iOAA7n1H,Cooking
FJryaHzy,Cycling
heYhCANb,Cooking
heYhCANb,Reading
heYhCANb,Painting
usG2QbA2,Cooking
usG2QbA2,Gardening
2T2Tqitf,Painting
2T2Tqitf,Gardening
UfvN15QK,Hiking
hRhFbmuO,Hiking
hRhFbmuO,Cycling
hRhFbmuO,Gardening
OmCPEBow,Cycling
OmCPEBow,Reading
OmCPEBow,Cooking
4oKuMJHW,Gardening
bKBoxiUu,Cycling
bKBoxiUu,Cooking
wrHSHdSD,Cooking
wrHSHdSD,Painting
53IiwSqy,Cycling
cBE96VUC,Gardening
cBE96VUC,Painting
cBE96VUC,Hiking
duFULyOE,Hiking
duFULyOE,Gardening
ACke6Fc3,Painting
ACke6Fc3,Gardening
ACke6Fc3,Reading
XVNMl94H,Hiking
XVNMl94H,Gardening
1JytwFXJ,Hiking
Asa016tH,Reading
npZlByol,Painting
mX2tj7Z2,Cycling
mX2tj7Z2,Reading
u3KDXKd4,Cycling
u3KDXKd4,Painting
u3KDXKd4,Reading
aDWFMU67,Painting
aDWFMU67,Cooking
aDWFMU67,Hiking
4SE3Rv4A,Painting
4SE3Rv4A,Hiking
flKNRs7i,Hiking
sbtpIIcF,Painting
sbtpIIcF,Hiking
sbtpIIcF,Cooking
u1xvRdMU,Painting
q8IAukNd,Gardening
q8IAukNd,Reading
qBW0grkr,Cycling
qBW0grkr,Painting
UlqJg9GG,Reading
sfJy4ZbM,Cooking
4LOpBE9w,Cooking
4LOpBE9w,Painting
Ml10imY6,Hiking
8MAgWxdK,Gardening
8MAgWxdK,Cycling
ywoACyB4,Hiking
inzR5vBW,Cooking
inzR5vBW,Cycling
AkZ9dB2k,Reading
AkZ9dB2k,Cycling
wIr0moyt,Cooking
wIr0moyt,Cycling
1wUvsfpN,Painting
1wUvsfpN,Gardening
4vZEAr9h,Painting
vFAOJTz6,Gardening
3BJP0wB0,Cycling
3BJP0wB0,Gardening
3BJP0wB0,Painting
yanujzkK,Painting
YzfdrqwQ,Painting
YzfdrqwQ,Hiking
XjPNPz6y,Hiking
XjPNPz6y,Cooking
XjPNPz6y,Reading
LZT0N5bD,Cycling
LZT0N5bD,Hiking
ONLiZXDQ,Gardening
vSw5dFyw,Painting
vSw5dFyw,Cooking
vSw5dFyw,Hiking
HTD5QI5V,Painting
HTD5QI5V,Reading
HTD5QI5V,Hiking
pHWk6THc,Painting
87NvFBow,Gardening
87NvFBow,Reading
MdYAW1Aq,Reading
MdYAW1Aq,Hiking
MdYAW1Aq,Cycling
YAT7pqir,Hiking
YAT7pqir,Gardening
YAT7pqir,Reading
PgAy0Opz,Reading
PgAy0Opz,Hiking
wEblbgIK,Gardening
OvKdW71B,Hiking
BK1KjHtX,Painting
BK1KjHtX,Gardening
LqiTXqNp,Gardening
LqiTXqNp,Hiking
NBDijcEf,Reading
pW3feJoE,Cooking
rlIijsJc,Painting
KULvyfQ0,Gardening
v38a8iTp,Cooking
v38a8iTp,Painting
v38a8iTp,Gardening
Y9W1l6HB,Cooking
OvUoCoDJ,Painting
OvUoCoDJ,Cycling
5HVkPKB0,Hiking
5HVkPKB0,Cycling
5BKFqnIb,Reading
AGcOnsmF,Cycling
zuNkQLUg,Reading
SGQJownO,Reading
SGQJownO,Cycling
3JHJ0ZAC,Cooking
3JHJ0ZAC,Gardening
ZQnPpUFk,Gardening
jAt1s2aw,Painting
jAt1s2aw,Cooking
SsClhOBQ,Gardening
SsClhOBQ,Painting
7gjoLWWC,Cycling
7gjoLWWC,Reading
bgW6g4E1,Cycling
bgW6g4E1,Hiking
bgW6g4E1,Reading
U46iPYCl,Hiking
fba7U65L,Hiking
fba7U65L,Cooking
rmwAV2FG,Cooking
rmwAV2FG,Reading
bG290ehw,Gardening
bG290ehw,Hiking
bG290ehw,Cycling
kuQYkwAK,Gardening
kuQYkwAK,Reading
JL0w95PI,Cycling
JL0w95PI,Reading
KbNDKLN0,Hiking
fIqDK2cN,Hiking
fIqDK2cN,Reading
zLzXOh0b,Painting
zLzXOh0b,Cycling
2XBonjsN,Painting
2lVRw8D7,Painting
2lVRw8D7,Hiking
2lVRw8D7,Cycling
b2DhuykF,Cycling
1yYzUypv,Hiking
1yYzUypv,Reading
1yYzUypv,Cycling
DHcFkXDs,Cycling
DHcFkXDs,Gardening
tHMYbcW6,Gardening
tHMYbcW6,Cooking
tHMYbcW6,Reading
bTj8KQQj,Painting
bTj8KQQj,Cycling
Xj3uVivv,Reading
Xj3uVivv,Painting
Xj3uVivv,Cooking
u2vxWDD9,Cooking
u2vxWDD9,Cycling
u2vxWDD9,Hiking
XPDnSqGS,Cooking
QMA5yTKJ,Reading
QMA5yTKJ,Cycling
QMA5yTKJ,Painting
5Xa4tzCi,Hiking
5Xa4tzCi,Cycling
5Xa4tzCi,Painting
aTOnzK9s,Painting
iinpPJOW,Cooking
iinpPJOW,Gardening
iinpPJOW,Cycling
NsLrdQAv,Cycling
NsLrdQAv,Cooking
NsLrdQAv,Hiking
j6rguGkE,Cooking
j6rguGkE,Hiking
zAL1sUlf,Reading
zAL1sUlf,Hiking
ofcb0hLQ,Gardening
ofcb0hLQ,Painting
ofcb0hLQ,Reading
KzqPiFdb,Hiking
KzqPiFdb,Painting
PLCRFl5K,Reading
nc0jS5gL,Cycling
nc0jS5gL,Gardening
cndaXbRD,Painting
cndaXbRD,Gardening
cndaXbRD,Cycling
74F7MXcv,Gardening
pHEeaXxA,Hiking
pHEeaXxA,Painting
Jex8TTTA,Gardening
Jex8TTTA,Cycling
Jex8TTTA,Cooking
EIgM7HUe,Cooking
EIgM7HUe,Painting
fJNIhKXY,Reading
fJNIhKXY,Hiking
fJNIhKXY,Painting
1iUYWEb5,Painting
LSohCrMp,Gardening
OJEPJqnQ,Painting
OJEPJqnQ,Reading
OJEPJqnQ,Cycling
nmkN1p7L,Reading
nmkN1p7L,Hiking
nmkN1p7L,Painting
oPW47274,Cooking
oPW47274,Hiking
oPW47274,Reading
1gy51ust,Painting
qqUWE4tN,Gardening
PxW4h5Tk,Gardening
PxW4h5Tk,Reading
LoLepAoT,Cycling
LoLepAoT,Painting
LoLepAoT,Gardening
mBUzBWbY,Cooking
mBUzBWbY,Gardening
ml7F7Lvg,Gardening
NrfsnBA8,Hiking
NrfsnBA8,Cooking
jL6Ql1iW,Painting
A5nu0fl7,Cycling
A5nu0fl7,Cooking
A5nu0fl7,Hiking
kH4Z6QGT,Cooking
0q0oOjeK,Gardening
Hdc5mVsj,Painting
Hdc5mVsj,Reading
V3mUBXCX,Gardening
V3mUBXCX,Reading
V3mUBXCX,Hiking
lM12MlNm,Hiking
LP0pSCCG,Cycling
B0eQCSbk,Cycling
B0eQCSbk,Gardening
cq0FpFmS,Reading
JvG16tRX,Hiking
JvG16tRX,Reading
vXB3Qsdz,Cycling
vXB3Qsdz,Cooking
Gvv5f4TR,Painting
F8PzeTYi,Hiking
JMxBTknO,Cooking
bZy5oCX7,Reading
besCXKwL,Cycling
kuI4tf3E,Cooking
efQbSUGz,Cooking
5dLncCJC,Gardening
5dLncCJC,Hiking
loDbOdV8,Cooking
loDbOdV8,Hiking
yTS8fjjG,Painting
yTS8fjjG,Reading
yTS8fjjG,Cycling
lfdPnB6M,Cycling
lfdPnB6M,Gardening
mS8Zp2Y2,Reading
mS8Zp2Y2,Painting
L22APVPl,Gardening
L22APVPl,Painting
E6bnyQax,Reading
X2CO1FTS,Reading
X2CO1FTS,Painting
jDZcprj8,Hiking
jDZcprj8,Reading
g8VhrHEe,Cycling
g8VhrHEe,Cooking
g8VhrHEe,Gardening
T6sLLm17,Painting
P2BzFcDO,Gardening
d4R8z27S,Hiking
Pr88JXOc,Hiking
Pr88JXOc,Cycling
Pr88JXOc,Gardening
HA3MRbZP,Gardening
lBZKFidr,Hiking
lBZKFidr,Painting
lBZKFidr,Gardening
7zUYBAid,Cycling
7zUYBAid,Reading
7zUYBAid,Painting
brtAZuER,Reading
brtAZuER,Gardening
brtAZuER,Cooking
leiZ8JBM,Cooking
leiZ8JBM,Reading
leiZ8JBM,Gardening
QeoOYtUG,Cooking
QeoOYtUG,Hiking
DxjVcnMQ,Hiking
DxjVcnMQ,Painting
9tIAn5ml,Painting
9tIAn5ml,Hiking
PF0u3A9d,Hiking
PF0u3A9d,Cycling
PF0u3A9d,Cooking
JCExbQI9,Cooking
eQTmUweS,Hiking
chF38RA0,Painting
U77dZ6Sx,Cooking
ndQi0O1Z,Hiking
ndQi0O1Z,Reading
dHh5zDX9,Reading
dHh5zDX9,Cooking
dHh5zDX9,Cycling
nc6HYEAV,Cooking
nc6HYEAV,Cycling
2wfzjlQN,Reading
MHQYxUXT,Cycling
n8unKl2D,Cooking
n8unKl2D,Cycling
4VUd0n6e,Painting
4VUd0n6e,Cooking
ffbu8p75,Reading
ffbu8p75,Cooking
ffbu8p75,Cycling
bhbj4uvk,Painting
NKQtTZB4,Hiking
NKQtTZB4,Cycling
8n8sA3AE,Painting
8n8sA3AE,Hiking
8n8sA3AE,Cooking
OUKGJQY4,Reading
OUKGJQY4,Painting
OUKGJQY4,Hiking
TBlXlPAu,Cycling
NVTBJTiV,Cooking
NVTBJTiV,Gardening
VNDR2UN6,Cooking
VNDR2UN6,Painting
VNDR2UN6,Hiking
bxI2upKy,Painting
QklMWyDi,Hiking
QklMWyDi,Cycling
QklMWyDi,Cooking
vvQ7korb,Reading
vvQ7korb,Cycling
vvQ7korb,Cooking
c5nCteii,Hiking
c5nCteii,Cooking
8fb2roYW,Hiking
8fb2roYW,Painting
8fb2roYW,Cycling
TKKtOxHO,Hiking
TKKtOxHO,Cycling
873xRcFe,Painting
kxVcsBMl,Cycling
kxVcsBMl,Cooking
G9AzgKV0,Reading
HF5b0wlh,Gardening
hT6K2cbt,Reading
hT6K2cbt,Painting
hT6K2cbt,Hiking
hZHkJWdi,Painting
hZHkJWdi,Cycling
XTzzMtPl,Cycling
XTzzMtPl,Cooking
fN3kxg7H,Cycling
fN3kxg7H,Cooking
1KLWElR9,Reading
9EuzEsRH,Cycling
9EuzEsRH,Gardening
aVNAWMkF,Gardening
aVNAWMkF,Painting
RdyY2cP6,Gardening
HemEDIZq,Painting
HemEDIZq,Reading
aKs1LZyj,Reading
ATP5f4nJ,Gardening
ATP5f4nJ,Hiking
fAHJNWyB,Hiking
lyGYXrVi,Cycling
lyGYXrVi,Hiking
tWZcCRyY,Reading
tWZcCRyY,Cycling
tWZcCRyY,Painting
8A2Hln29,Reading
1zmMzcK7,Cycling
1zmMzcK7,Gardening
1zmMzcK7,Reading
IIcWhAkQ,Cycling
IIcWhAkQ,Gardening
IIcWhAkQ,Painting
bOQV9kMu,Cycling
bOQV9kMu,Reading
lyR6t7RQ,Cooking
lyR6t7RQ,Gardening
lyR6t7RQ,Reading
aCGWAzgC,Gardening
aCGWAzgC,Hiking
aCGWAzgC,Cycling
ihUwWdI3,Hiking
XEAAyZd3,Cooking
XEAAyZd3,Painting
cFhHmgQf,Painting
cFhHmgQf,Reading
o1nkHwxY,Cooking
o1nkHwxY,Gardening
o1nkHwxY,Hiking
HY4H7W0P,Painting
cbcZkMYH,Cooking
cbcZkMYH,Reading
WqbZqaXK,Painting
WqbZqaXK,Cooking
YqSgedZd,Gardening
wsemIf0B,Hiking
wsemIf0B,Reading
d8hSSAgw,Cooking
d8hSSAgw,Hiking
nSryWSd1,Painting
nSryWSd1,Hiking
nSryWSd1,Reading
SWs9tr9h,Hiking
SWs9tr9h,Gardening
SWs9tr9h,Painting
l4kEbQeo,Hiking
f8Hs8ZTM,Cycling
f8Hs8ZTM,Cooking
nZFskBpC,Cooking
nZFskBpC,Gardening
nZFskBpC,Cycling
2SxRHD3u,Cycling
2SxRHD3u,Hiking
gHN4hzyY,Cooking
gHN4hzyY,Gardening
Te9N8QXj,Cooking
fwbcwVG1,Painting
a9mGRLmK,Painting
8f4yd1cq,Cycling
8f4yd1cq,Reading
MGq0eHtJ,Reading
DaGh8sRm,Gardening
DaGh8sRm,Painting
DaGh8sRm,Cooking
pFLn6CAB,Cycling
pFLn6CAB,Painting
SgpcZYEB,Painting
fGnJ9y7S,Cooking
lYIglgtz,Cycling
lYIglgtz,Hiking
VD8AEHpx,Hiking
VD8AEHpx,Cycling
VD8AEHpx,Reading
pdEsfzdZ,Cooking
YD7Stpbo,Painting
YD7Stpbo,Cycling
YD7Stpbo,Cooking
SbAyBkO1,Cycling
SbAyBkO1,Cooking
4KH89dLG,Cooking
4KH89dLG,Gardening
yO54YOQp,Cycling
yO54YOQp,Gardening
5bYR2eFB,Hiking
5bYR2eFB,Cooking
5bYR2eFB,Cycling
RJZ8RCwv,Cooking
RJZ8RCwv,Reading
xvPkUpLo,Reading
xvPkUpLo,Hiking
D4Jw1cEC,Gardening
D4Jw1cEC,Hiking
dbEOFkIq,Cooking
dbEOFkIq,Reading
dbEOFkIq,Cycling
bhW0Tzql,Cooking
XEaKy0Ex,Cooking
XEaKy0Ex,Cycling
XEaKy0Ex,Painting
Oxrn2AvL,Reading
Oxrn2AvL,Cycling
dSNTXoM0,Hiking
al6kLwqg,Cooking
AWNpS5cz,Cycling
AWNpS5cz,Painting
AWNpS5cz,Gardening
cgjQkzdp,Hiking
cgjQkzdp,Cooking
cgjQkzdp,Reading
oC2N0DCA,Cycling
oC2N0DCA,Cooking
oC2N0DCA,Hiking
WoUkc58F,Hiking
WoUkc58F,Gardening
WoUkc58F,Reading
zkUpdeXS,Gardening
2hsAEhwF,Painting
2hsAEhwF,Gardening
2hsAEhwF,Reading
obIib06A,Painting
obIib06A,Gardening
obIib06A,Cooking
mcyVG4F3,Reading
mcyVG4F3,Hiking
mcyVG4F3,Cycling
9iF8O3DF,Cooking
9iF8O3DF,Hiking
9iF8O3DF,Cycling
wgW61BLd,Gardening
wgW61BLd,Reading
OfaUiWyw,Reading
OfaUiWyw,Painting
OfaUiWyw,Gardening
9qB8gWLa,Painting
9qB8gWLa,Cycling
9qB8gWLa,Hiking
l4yoEzym,Cycling
l4yoEzym,Cooking
0ODjy7AU,Reading
0ODjy7AU,Painting
0ODjy7AU,Gardening
qbQrP7IW,Hiking
zyhlubU0,Reading
zyhlubU0,Cycling
zyhlubU0,Gardening
Mz21bUfO,Reading
Mz21bUfO,Painting
8IREnA4w,Cooking
fh0CsTEj,Painting
fh0CsTEj,Reading
fh0CsTEj,Cooking
FjniGUXy,Cooking
FjniGUXy,Hiking
FjniGUXy,Reading
IUfJ4FkL,Cooking
BvbdKsLe,Hiking
BvbdKsLe,Painting
o4x1ZID4,Painting
o4x1ZID4,Gardening
BYHiN4vw,Gardening
EQLnJoev,Cooking
EQLnJoev,Painting
EQLnJoev,Gardening
AebRFelO,Cooking
AebRFelO,Cycling
AebRFelO,Hiking
8BGiiCsr,Cycling
8BGiiCsr,Cooking
hTLuLm2E,Hiking
hTLuLm2E,Cooking
wkbwXgSp,Cycling
wkbwXgSp,Cooking
wkbwXgSp,Painting
QcA9m7a0,Cycling
QcA9m7a0,Gardening
QcA9m7a0,Painting
M0picpDY,Gardening
M0picpDY,Hiking
M0picpDY,Painting
Qs0iKYUj,Hiking
84rp5Mfd,Gardening
PpKZgJuB,Reading
PpKZgJuB,Gardening
jnPJkxWK,Cycling
7NEBeeJw,Cycling
7NEBeeJw,Cooking
hfdloIKi,Hiking
lahpdbRs,Hiking
lahpdbRs,Cooking
dwsyuDqZ,Reading
dwsyuDqZ,Cycling
aGcyatkh,Cooking
WdnlGJSm,Painting
WdnlGJSm,Gardening
GonnV1vb,Cooking
GonnV1vb,Reading
GonnV1vb,Painting
Ph3GEpF9,Cooking
Wwp5YkMU,Cooking
WqDNaS40,Reading
25U4GxnW,Painting
hJ0KwrWF,Cooking
hJ0KwrWF,Hiking
hJ0KwrWF,Painting
tDYMHKWU,Reading
tDYMHKWU,Cooking
tDYMHKWU,Gardening
KtgGRyfY,Cooking
KtgGRyfY,Reading
KtgGRyfY,Hiking
YDd1z3Dl,Hiking
YDd1z3Dl,Cooking
YDd1z3Dl,Painting
Owe8GcSp,Gardening
Owe8GcSp,Reading
Owe8GcSp,Cooking
0F4i7g33,Hiking
0F4i7g33,Painting
WXzXe48s,Reading
WXzXe48s,Hiking
WXzXe48s,Gardening
iptlL9rd,Cooking
iptlL9rd,Cycling
iptlL9rd,Reading
2Z3iHYBP,Cycling
2Z3iHYBP,Painting
2Z3iHYBP,Cooking
vnOCQc0Q,Reading
NDGQ4gnM,Hiking
NDGQ4gnM,Reading
NDGQ4gnM,Cooking
JYiG5kCG,Painting
EwD7l4T4,Reading
tPOLZ9gL,Gardening
tPOLZ9gL,Painting
tPOLZ9gL,Hiking
KDh0LEZx,Cooking
gqJDNtk0,Cooking
RTNh78K7,Reading
buvOWQ0Z,Reading
buvOWQ0Z,Hiking
EWyfqhh5,Hiking
RcspYK0b,Gardening
Y7bIJotm,Reading
Y7bIJotm,Gardening
VNyfssus,Cooking
VNyfssus,Reading
VNyfssus,Cycling
NJ3CG0m2,Gardening
k2fDUlyl,Cycling
k2fDUlyl,Reading
kxBdHvTS,Cooking
kxBdHvTS,Gardening
bGFvRAEp,Hiking
bGFvRAEp,Cooking
komIVlaC,Cycling
komIVlaC,Painting
komIVlaC,Gardening
R7d80Jwz,Gardening
jrg364yT,Gardening
jrg364yT,Cooking
4gV2vKVZ,Gardening
4gV2vKVZ,Painting
4gV2vKVZ,Cycling
oVMcCNrn,Cooking
oVMcCNrn,Gardening
nDr0DCm8,Painting
BlzdpRPy,Cycling
WCZ9Ew6o,Gardening
WCZ9Ew6o,Hiking
LYqTvFwL,Painting
LYqTvFwL,Hiking
LYqTvFwL,Cycling
TNsmvQoQ,Cycling
TNsmvQoQ,Cooking
TNsmvQoQ,Painting
YuRDmGyR,Gardening
YuRDmGyR,Painting
eF0JFFgM,Painting
eF0JFFgM,Cooking
eF0JFFgM,Gardening
BGaaL1dc,Gardening
BGaaL1dc,Cooking
BGaaL1dc,Hiking
vctwNlPJ,Cycling
vctwNlPJ,Painting
BskJBuR9,Gardening
yFNMgQWA,Painting
yFNMgQWA,Hiking
GkyFHJXp,Reading
qBkAkmJR,Cooking
qBkAkmJR,Cycling
ltvHvNKE,Painting
ltvHvNKE,Gardening
LfA6M6cd,Cycling
LfA6M6cd,Reading
LfA6M6cd,Gardening
uKZ2m7t6,Gardening
uKZ2m7t6,Hiking
9b0mvs4s,Reading
3ML3F0Mx,Cooking
3ML3F0Mx,Reading
3ML3F0Mx,Cycling
COjwRmmz,Reading
COjwRmmz,Gardening
CBvhKGOw,Hiking
CBvhKGOw,Cooking
CBvhKGOw,Painting
smwqoDYJ,Gardening
yNMeyRiK,Gardening
yNMeyRiK,Hiking
0ifhofAk,Gardening
0ifhofAk,Hiking
ZosOprss,Reading
krk7IYB7,Gardening
Ziv3KzAP,Hiking
Ziv3KzAP,Cooking
v9YDzRhR,Cooking
v9YDzRhR,Reading
v9YDzRhR,Gardening
44zCNMbl,Cooking
HBOzziUO,Reading
HBOzziUO,Hiking
puvswzrc,Cycling
puvswzrc,Gardening
KkYwX8dL,Cooking
jJK04frx,Reading
WNxf98KZ,Gardening
WNxf98KZ,Painting
WNxf98KZ,Cycling
Nlj9MUQT,Gardening
F7PyvClW,Cooking
F7PyvClW,Cycling
tYAIyToz,Cycling
tYAIyToz,Painting
8to7Yi8k,Hiking
IqmqWaj1,Reading
IqmqWaj1,Hiking
DahxwZ3f,Gardening
DahxwZ3f,Painting
gQhdnEow,Cooking
Z6bXeGwt,Hiking
rxim2qRm,Reading
rxim2qRm,Gardening
rxim2qRm,Cycling
QPzW5zV8,Reading
QPzW5zV8,Gardening
bC8gQTWD,Cooking
bC8gQTWD,Reading
bC8gQTWD,Hiking
58OT8c5L,Painting
58OT8c5L,Cooking
nRNwBE4s,Painting
mkgG5Rqo,Painting
mkgG5Rqo,Cooking
67VPw5Ed,Cycling
LmqPNfSz,Hiking
LmqPNfSz,Cycling
LmqPNfSz,Cooking
pTG2vVzD,Hiking
pTG2vVzD,Painting
pTG2vVzD,Reading
cFRQKfoB,Hiking
cFRQKfoB,Reading
cFRQKfoB,Painting
9KpiaqlO,Cycling
9KpiaqlO,Hiking
9KpiaqlO,Cooking
ELG17tSZ,Hiking
ELG17tSZ,Gardening
CunWBLPs,Cycling
CunWBLPs,Gardening
CunWBLPs,Cooking
xdQUdnbN,Hiking
pQsAuMDY,Cooking
pQsAuMDY,Cycling
pQsAuMDY,Hiking
h5vZNsCP,Cooking
h5vZNsCP,Painting
h5vZNsCP,Reading
eGDAV1Hs,Gardening
alT7LVja,Cycling
ccipfo4M,Reading
uGSDmOKF,Reading
uGSDmOKF,Cycling
IiAFzV4H,Painting
yVWciEwP,Painting
yVWciEwP,Cooking
yVWciEwP,Cycling
gTdrIe9v,Painting
MAEK84Pw,Cooking
MAEK84Pw,Gardening
bbDaBqFQ,Gardening
3Vfr3R0F,Reading
XtPrGNvx,Hiking
WwJO0xaY,Reading
WwJO0xaY,Hiking
XelnlZ31,Reading
XelnlZ31,Cycling
rTr90rc3,Gardening
rTr90rc3,Cycling
r5JICS3t,Painting
r5JICS3t,Reading
2XP5ZpZw,Hiking
2XP5ZpZw,Painting
2XP5ZpZw,Cycling
9e63J1FU,Reading
9e63J1FU,Painting
9e63J1FU,Cycling
TkmnScCZ,Hiking
y1ddNBvd,Gardening
y1ddNBvd,Cooking
y1ddNBvd,Painting
UiUGlnXT,Painting
UiUGlnXT,Reading
SqFqYsMV,Cooking
2ktDck0i,Reading
MLcsqpwv,Painting
MLcsqpwv,Hiking
MLcsqpwv,Gardening
rlA3XwTT,Hiking
rlA3XwTT,Gardening
rlA3XwTT,Reading
CPm83JwR,Gardening
rGRD4IN1,Cooking
rGRD4IN1,Hiking
ZEYQF9mX,Gardening
ZEYQF9mX,Cooking
ZEYQF9mX,Reading
vPzFzHj8,Cooking
vPzFzHj8,Cycling
QwepC26U,Gardening
QwepC26U,Hiking
pqfC7dKb,Reading
F0KHuf6M,Painting
F0KHuf6M,Gardening
gcbdpCZC,Painting
gcbdpCZC,Cycling
amO8F1sX,Cycling
amO8F1sX,Reading
scv9f76p,Reading
10IOczV8,Cycling
10IOczV8,Cooking
10IOczV8,Hiking
b7YQdEA5,Painting
b7YQdEA5,Hiking
b7YQdEA5,Cooking
HGd2RZ6m,Cycling
O3WaY3o1,Cooking
yU0lsAF0,Cycling
yU0lsAF0,Cooking
yU0lsAF0,Gardening
7kenGTWq,Gardening
mUlW7JoV,Painting
mUlW7JoV,Cooking
mUlW7JoV,Reading
1Kj9P9zs,Hiking
zRYfPVNF,Hiking
zRYfPVNF,Painting
zRYfPVNF,Cooking
UJ4pnxlJ,Gardening
UJ4pnxlJ,Reading
UJ4pnxlJ,Cycling
ZEVxD2Wl,Hiking
ZEVxD2Wl,Gardening
QJQOnz2M,Reading
tt1YSjJ9,Hiking
tt1YSjJ9,Cooking
tt1YSjJ9,Gardening
ixyO2AHK,Painting
ixyO2AHK,Gardening
D1JaD2iG,Reading
D1JaD2iG,Cooking
8mwhUX2p,Gardening
8mwhUX2p,Hiking
FlZtCh9B,Hiking
zJBaWAr7,Cooking
zJBaWAr7,Gardening
jbBTCViH,Cooking
38JsvRlS,Cooking
6RO9i9Pe,Gardening
6RO9i9Pe,Hiking
6RO9i9Pe,Reading
aNdoMRk7,Reading
bc6GuPTj,Reading
bc6GuPTj,Painting
bc6GuPTj,Gardening
yewRuxdh,Cooking
g5jEL965,Gardening
vQaP02QK,Gardening
vQaP02QK,Cycling
vQaP02QK,Hiking
dY3airQ9,Cycling
dY3airQ9,Painting
dY3airQ9,Reading
6L6f5Xfo,Painting
6L6f5Xfo,Cycling
3eiyNqdE,Cooking
3eiyNqdE,Cycling
3eiyNqdE,Painting
BPNHz6Jm,Cooking
BPNHz6Jm,Hiking
BPNHz6Jm,Gardening
oCYhQjR4,Reading
oCYhQjR4,Painting
grYycml3,Painting
grYycml3,Cooking
grYycml3,Cycling
NyNSPr1C,Gardening
NyNSPr1C,Reading
ljWhRN9a,Cooking
oPrO1Gyk,Painting
oPrO1Gyk,Gardening
6l3lcagP,Hiking
6l3lcagP,Gardening
xMYh22RP,Hiking
TMhKj3Ct,Painting
Aa9YwIn2,Gardening
3a3JNx9i,Painting
Jz6dBsBu,Gardening
Jz6dBsBu,Cooking
Jz6dBsBu,Hiking
bnbh6gty,Cycling
bnbh6gty,Painting
bnbh6gty,Reading
WbNE5Lb2,Painting
WbNE5Lb2,Cycling
WbNE5Lb2,Cooking
DaFC88kX,Cycling
bwJcqaJH,Gardening
j118PZ0b,Hiking
589yBnci,Painting
589yBnci,Cooking
589yBnci,Cycling
YmmR0vBg,Reading
LswPWwnH,Cooking
LswPWwnH,Hiking
LswPWwnH,Painting
D9XKNIgq,Reading
imobL6t8,Cooking
imobL6t8,Cycling
imobL6t8,Reading
0UNXYWSH,Hiking
znox4Ac3,Gardening
07RwXGdc,Painting
07RwXGdc,Gardening
07RwXGdc,Reading
4q4f5tx5,Cooking
KsoOjK1A,Cooking
MV2gtJJR,Gardening
MV2gtJJR,Cooking
MV2gtJJR,Cycling
7j7rNgkr,Gardening
Z3mRaDW0,Reading
Z3mRaDW0,Painting
OvdOpSDf,Gardening
l1xtQZtH,Cycling
DaQwMazq,Reading
DaQwMazq,Cycling
DaQwMazq,Hiking
KaGyG1d4,Reading
KaGyG1d4,Painting
TQndJKRB,Hiking
bdOlXuhg,Cooking
jgPrDC6D,Painting
bMWHR8Js,Reading
bMWHR8Js,Gardening
bMWHR8Js,Cooking
CpuLRJkv,Reading
CpuLRJkv,Cycling
CpuLRJkv,Painting
pl88uFdd,Gardening
pl88uFdd,Hiking
DsbCiUBr,Cooking
RkIsSVfL,Cycling
RkIsSVfL,Reading
sFDgLgzv,Painting
sFDgLgzv,Cycling
sFDgLgzv,Reading
fa2OBlBR,Reading
tOvU7UgW,Hiking
tOvU7UgW,Gardening
tOvU7UgW,Cycling
cFYtuscn,Cooking
j5YtAL0D,Cycling
j5YtAL0D,Cooking
GuMTKnuo,Cooking
GuMTKnuo,Painting
GuMTKnuo,Reading
zifdDis2,Painting
zifdDis2,Cycling
8U9XQ7Cd,Painting
IWTc6I9e,Hiking
IWTc6I9e,Reading
EMCfjRbZ,Gardening
EMCfjRbZ,Cycling
Dcolq7kr,Hiking
Dcolq7kr,Cycling
Dcolq7kr,Reading
vczG6Qwh,Reading
vczG6Qwh,Cooking
IY0xZix8,Reading
IY0xZix8,Gardening
IY0xZix8,Hiking
vyxebdnQ,Reading
vyxebdnQ,Cycling
vyxebdnQ,Gardening
GykjZnXN,Hiking
GykjZnXN,Gardening
YocbLmbW,Painting
YocbLmbW,Reading
Yo4Ssr7r,Gardening
Yo4Ssr7r,Painting
Yo4Ssr7r,Cycling
g90Bv3Sw,Hiking
pJrqsuRp,Cycling
Ot16Tyw2,Cycling
Ot16Tyw2,Reading
QkcgFJBv,Cycling
QkcgFJBv,Cooking
3qbCuiBx,Reading
2zVLMfrP,Gardening
2zVLMfrP,Hiking
2zVLMfrP,Cycling
Cj3JiYzr,Cooking
Cj3JiYzr,Hiking
98XMMlke,Hiking
LJH50ul4,Cycling
PHStzLFL,Cycling
PHStzLFL,Painting
PHStzLFL,Hiking
dGpcm6rh,Gardening
dGpcm6rh,Reading
dGpcm6rh,Painting
zv8pYuVd,Cooking
zv8pYuVd,Gardening
kCJkqe3E,Reading
UA2ifphK,Gardening
UA2ifphK,Reading
UA2ifphK,Painting
0KKC0PMX,Gardening
0KKC0PMX,Cycling
bkDsx5wq,Reading
lf0lWHVn,Hiking
lf0lWHVn,Cooking
lf0lWHVn,Gardening
jQtSJ21L,Gardening
wJHYmOtQ,Hiking
wJHYmOtQ,Painting
wJHYmOtQ,Cooking
TNdFnnJh,Hiking
TNdFnnJh,Cooking
TNdFnnJh,Painting
79PTKK3N,Hiking
79PTKK3N,Cycling
79PTKK3N,Gardening
aMqlvdnR,Hiking
VffIbvmo,Reading
VffIbvmo,Gardening
IBnzkpFH,Reading
Dh7MHIDc,Hiking
h4SWIgSe,Gardening
KGZ295rp,Cooking
KGZ295rp,Gardening
KGZ295rp,Hiking
ji4esOMB,Cooking
ji4esOMB,Reading
ji4esOMB,Gardening
gs5RvbGk,Reading
gs5RvbGk,Painting
9o4oqxdd,Painting
9o4oqxdd,Hiking
u5bYeDPB,Cycling
u5bYeDPB,Cooking
u5bYeDPB,Gardening
pYAWDviZ,Gardening
pYAWDviZ,Painting
pYAWDviZ,Hiking
Bm8qcoZA,Painting
Bm8qcoZA,Cycling
yr9zZO8P,Painting
WO9LJj8w,Hiking
WO9LJj8w,Gardening
WO9LJj8w,Cooking
MIS5XPtY,Cycling
MIS5XPtY,Hiking
MIS5XPtY,Reading
oiFjgGpm,Painting
oiFjgGpm,Reading
oiFjgGpm,Hiking
ynklMXRD,Painting
ynklMXRD,Reading
ynklMXRD,Cooking
M3PPTvkK,Gardening
M3PPTvkK,Painting
M3PPTvkK,Hiking
jk3XxjKm,Gardening
jk3XxjKm,Painting
zwnSvQp7,Cooking
I0MiOWIW,Reading
6rHRJrbt,Cycling
6rHRJrbt,Cooking
68GuBsfL,Gardening
68GuBsfL,Cycling
dus7o3DC,Gardening
dus7o3DC,Cooking
dus7o3DC,Hiking
95eji4RR,Gardening
95eji4RR,Cycling
95eji4RR,Hiking
NAFlTzLT,Cooking
e6n5JPWG,Cooking
ZZQiZCXe,Reading
ZZQiZCXe,Painting
I4LPoW1g,Cooking
I4LPoW1g,Gardening
1HaqJj5N,Painting
1HaqJj5N,Reading
1HaqJj5N,Cooking
vIeX5l0y,Reading
vIeX5l0y,Cooking
i87VgWTl,Cooking
i87VgWTl,Painting
0CvCTwgC,Hiking
0CvCTwgC,Gardening
EclZgBRd,Cycling
EclZgBRd,Reading
xFOx3Omc,Cycling
xFOx3Omc,Painting
8lZiyyxm,Gardening
8lZiyyxm,Painting
8lZiyyxm,Cooking
mhv7IMjp,Painting
Lvpif8MW,Reading
Lvpif8MW,Gardening
Lvpif8MW,Painting
ngyAhCdS,Painting
ngyAhCdS,Reading
ngyAhCdS,Cycling
zrgW73UT,Cycling
zrgW73UT,Hiking
zrgW73UT,Painting
c8VQ9rYj,Hiking
qw1uFrnf,Reading
qw1uFrnf,Cooking
qw1uFrnf,Cycling
WQ7XuvIB,Hiking
WQ7XuvIB,Gardening
WQ7XuvIB,Cycling
ux8XNsuu,Reading
ux8XNsuu,Cycling
ux8XNsuu,Cooking
UnqOzTF7,Painting
UnqOzTF7,Hiking
UnqOzTF7,Reading
94ypYq3M,Hiking
iiCiCqvh,Reading
iiCiCqvh,Hiking
gn3kddEd,Cooking
gn3kddEd,Reading
gn3kddEd,Gardening
cur0LN4n,Painting
cur0LN4n,Cooking
eHGv5toH,Cooking
eHGv5toH,Gardening
eHGv5toH,Reading
d22QHyd3,Gardening
0jjkHi9C,Hiking
0jjkHi9C,Cooking
0jjkHi9C,Cycling
6ag9A7Bj,Painting
vKqDA3Dm,Hiking
bclNAmhB,Reading
d8CCTWbH,Reading
d8CCTWbH,Gardening
d8CCTWbH,Painting
MBQYMZ2O,Gardening
MBQYMZ2O,Painting
MBQYMZ2O,Cycling
E1n9mmtN,Hiking
E1n9mmtN,Painting
28EiXDX2,Reading
28EiXDX2,Cooking
28EiXDX2,Gardening
4dSyKleQ,Cycling
4dSyKleQ,Hiking
4dSyKleQ,Reading
Bsh4oGA1,Cycling
Bsh4oGA1,Reading
Bsh4oGA1,Gardening
Dr0XE6Q9,Reading
bw2I5fLY,Gardening
bw2I5fLY,Cycling
bw2I5fLY,Cooking
HMJBgepE,Reading
HMJBgepE,Cycling
HMJBgepE,Hiking
MvCT6FXR,Hiking
MvCT6FXR,Reading
MvCT6FXR,Painting
HzjewWky,Gardening
HzjewWky,Cooking
HzjewWky,Hiking
Tjkv4n5T,Cycling
KAfN916m,Gardening
KAfN916m,Painting
VMYWyXDo,Painting
VMYWyXDo,Gardening
Th9vFQ8K,Hiking
vW3XCTYw,Cooking
vW3XCTYw,Reading
vW3XCTYw,Cycling
L1zxDVhr,Reading
L1zxDVhr,Hiking
6UamEosg,Cooking
6UamEosg,Gardening
6UamEosg,Hiking
JtDZHmRZ,Cycling
NTGyW2ok,Cooking
NTGyW2ok,Cycling
dhUqjopl,Painting
dhUqjopl,Gardening
dhUqjopl,Reading
BOkv6yK7,Cooking
XQ0GN26S,Reading
XQ0GN26S,Painting
uhWVnEPi,Reading
uhWVnEPi,Gardening
o79muR7n,Cycling
o79muR7n,Painting
o79muR7n,Reading
h1js8Hxn,Painting
h1js8Hxn,Cycling
h1js8Hxn,Hiking
GNhRvG35,Cooking
GNhRvG35,Hiking
GNhRvG35,Painting
tugfObDA,Gardening
oixkban7,Hiking
oixkban7,Cycling
Yc9Co3Ei,Cooking
atHdTV9g,Reading
atHdTV9g,Cycling
atHdTV9g,Hiking
BHGSz7fG,Cycling
BHGSz7fG,Cooking
Yf2E8dMZ,Painting
Yf2E8dMZ,Cooking
Yf2E8dMZ,Hiking
lKylqDE0,Reading
88PGBNB8,Cycling
SLAP2VE7,Cycling
SLAP2VE7,Reading
2P55ZG9I,Gardening
2P55ZG9I,Hiking
2P55ZG9I,Reading
KqTI6HMj,Cooking
WfLd3XyU,Cycling
WfLd3XyU,Hiking
NsD9ao0n,Hiking
NsD9ao0n,Painting
NsD9ao0n,Cycling
0I9lZN3u,Hiking
0I9lZN3u,Reading
61zXy3vF,Cycling
PHuTFH44,Gardening
PHuTFH44,Cooking
PHuTFH44,Painting
C96nwYdq,Painting
C96nwYdq,Reading
LULsbd1H,Gardening
yYeSj7h8,Gardening
yYeSj7h8,Cycling
yYeSj7h8,Hiking
R8jYnahi,Cooking
R8jYnahi,Gardening
IGdf7xlO,Hiking
IGdf7xlO,Reading
wBWc6mfX,Cycling
wBWc6mfX,Cooking
wBWc6mfX,Reading
nOImDVSy,Painting
nOImDVSy,Hiking
jon9GrKd,Hiking
jon9GrKd,Painting
jon9GrKd,Cooking
BIAJdvhE,Cycling
SupAlUN6,Reading
SupAlUN6,Painting
SupAlUN6,Cycling
pTbEQi3G,Hiking
JSt8jMXI,Reading
vEOn4VSl,Painting
vEOn4VSl,Reading
vTW6d8dG,Cycling
vTW6d8dG,Painting
qyPw7xoj,Painting
1LhEwIWW,Cooking
Y3WI99EJ,Hiking
UpY8Jwqx,Hiking
S1PbC2Ku,Hiking
4vrezFfy,Cooking
4vrezFfy,Painting
7qAUh5U1,Cycling
7qAUh5U1,Hiking
7qAUh5U1,Painting
qk5Y9bZD,Hiking
Dj9Xc36Y,Gardening
Dj9Xc36Y,Cycling
G7q3hTyr,Hiking
G7q3hTyr,Cycling
AtME4A1c,Painting
AtME4A1c,Cycling
kDdif6nJ,Gardening
kDdif6nJ,Painting
imUuPiCF,Cycling
XLMFAcIf,Reading
XLMFAcIf,Gardening
XLMFAcIf,Hiking
CPMeHeUl,Reading
CPMeHeUl,Cycling
boqiS2p0,Reading
WSM5yj5O,Painting
WSM5yj5O,Reading
WSM5yj5O,Hiking
GOkrWih7,Reading
wUAPMkNr,Painting
wUAPMkNr,Cycling
wUAPMkNr,Reading
ZQdkhhFm,Gardening
oF5S76Yh,Gardening
oF5S76Yh,Cycling
oF5S76Yh,Painting
s1VVHtFE,Gardening
s1VVHtFE,Hiking
MNDJMxMs,Cycling
MNDJMxMs,Hiking
tptIaLgV,Gardening
mdxpWyxN,Cycling
mdxpWyxN,Gardening
JijwvGLn,Reading
F8s3px9P,Cycling
3wXllsAK,Painting
3wXllsAK,Reading
3wXllsAK,Gardening
3r8EoYac,Cycling
3r8EoYac,Reading
ayJzxzu2,Cycling
ayJzxzu2,Painting
7mShR4PA,Painting
7mShR4PA,Hiking
7mShR4PA,Gardening
Sm4j9peB,Hiking
NV8S8KbQ,Hiking
NV8S8KbQ,Cooking
NV8S8KbQ,Cycling
iolfHcye,Reading
iolfHcye,Cycling
1auHsa0o,Cooking
HbDQkyaL,Painting
HbDQkyaL,Cooking
ThaM8UkX,Reading
RQSwYWum,Cycling
RQSwYWum,Painting
R79XfZEx,Cycling
R79XfZEx,Gardening
R79XfZEx,Reading
aa3tHx9i,Cycling
0Uh927Eo,Painting
0Uh927Eo,Cooking
0Uh927Eo,Reading
ifHJXVck,Gardening
mFsr27ZU,Cycling
bY7lGUH7,Reading
fP7e7EFP,Gardening
fP7e7EFP,Cooking
yDxZyQVu,Hiking
vQE5D710,Hiking
vQE5D710,Gardening
BEMccWIr,Cycling
BEMccWIr,Gardening
IlAQjRY5,Hiking
hf1MJkAA,Gardening
hf1MJkAA,Reading
18lkWxrs,Painting
Yi1ZswmR,Painting
eLTiuGIZ,Painting
eLTiuGIZ,Reading
gWAnHbh9,Hiking
gWAnHbh9,Painting
rthzbEi2,Cycling
rthzbEi2,Gardening
rthzbEi2,Reading
wdEpYeyo,Hiking
wdEpYeyo,Painting
XYIap2Ky,Painting
VigV35ZR,Reading
7hyEeuTP,Reading
q1EL9qxK,Painting
ULoUIPe0,Hiking
Wtl3sQJb,Reading
LZcpuPFz,Reading
eJ8tW338,Gardening
eJ8tW338,Hiking
FkHLGQcu,Cycling
FkHLGQcu,Cooking
FkHLGQcu,Gardening
KsnH04CA,Gardening
KsnH04CA,Painting
0IoRhabw,Painting
0IoRhabw,Hiking
WKAYG7QH,Hiking
WKAYG7QH,Cycling
Ro9PBeMA,Painting
Ro9PBeMA,Reading
Ro9PBeMA,Gardening
3LRX0rZL,Cooking
QKcywSGk,Hiking
6bShruzd,Painting
K4oKcday,Painting
K4oKcday,Reading
4HruODa0,Gardening
4HruODa0,Painting
oYdljewe,Reading
v8ETz553,Cycling
zw5lw0jG,Cycling
zw5lw0jG,Painting
zw5lw0jG,Reading
5ULUdA6r,Hiking
5ULUdA6r,Reading
GScvUYse,Reading
GScvUYse,Cycling
GScvUYse,Hiking
kdzRO1G3,Painting
kdzRO1G3,Hiking
kdzRO1G3,Gardening
eQUJJCuu,Painting
afYEBMJp,Reading
JDngR6Yg,Reading
JDngR6Yg,Painting
JDngR6Yg,Gardening
Rrmt4ymS,Painting
Rrmt4ymS,Cycling
njdHDkSH,Reading
njdHDkSH,Gardening
njdHDkSH,Cycling
nRfdw5dU,Painting
nRfdw5dU,Gardening
iqFJXt8b,Cycling
b271106z,Hiking
NnSD7pNY,Reading
NnSD7pNY,Cooking
NnSD7pNY,Gardening
M6Nw7yc1,Cooking
M6Nw7yc1,Reading
ACWiUzyr,Gardening
ACWiUzyr,Hiking
ACWiUzyr,Cooking
4ZrpDu5K,Cycling
4ZrpDu5K,Gardening
4ZrpDu5K,Painting
pvpRKFxN,Cycling
9WyruVFI,Hiking
9WyruVFI,Gardening
9WyruVFI,Reading
SVAsXeTr,Painting
SVAsXeTr,Cooking
SVAsXeTr,Hiking
eQDfNbdC,Painting
eQDfNbdC,Hiking
e2QAcOVV,Reading
wgfCTlX4,Cooking
6UPHkqzh,Hiking
6UPHkqzh,Gardening
6UPHkqzh,Reading
0uQUxvZK,Hiking
0uQUxvZK,Reading
d11wBS6l,Hiking
d11wBS6l,Cycling
d11wBS6l,Painting
m2FTrkmN,Gardening
m2FTrkmN,Cooking
55z3eyqh,Cooking
55z3eyqh,Painting
55z3eyqh,Cycling
avFoiqXx,Painting
avFoiqXx,Cooking
JhOXYWwB,Cycling
JhOXYWwB,Cooking
1dmmzJny,Hiking
1dmmzJny,Cycling
1dmmzJny,Gardening
8rWFYFDp,Cooking
J1uqFCk9,Painting
J1uqFCk9,Cooking
PcljBnBZ,Painting
PcljBnBZ,Reading
PcljBnBZ,Cooking
jB799UxZ,Cycling
jB799UxZ,Cooking
Y6SpkYem,Cycling
qXllovNt,Cycling
4MQATbAc,Cycling
mWMnUq8W,Painting
mWMnUq8W,Cycling
mWMnUq8W,Cooking
Cp7Hg70T,Hiking
Cp7Hg70T,Gardening
Cp7Hg70T,Cycling
ZOPms77u,Cycling
YxCCTY29,Hiking
YxCCTY29,Reading
YxCCTY29,Cooking
V1o4MIoZ,Cycling
V1o4MIoZ,Hiking
HbtSnpQZ,Cycling
HbtSnpQZ,Gardening
HbtSnpQZ,Painting
16D5tTYh,Reading
16D5tTYh,Hiking
mcTghhif,Hiking
mcTghhif,Painting
mcTghhif,Gardening
dpvxbNks,Reading
dpvxbNks,Cycling
oGPGsNW3,Reading
oGPGsNW3,Cycling
oGPGsNW3,Gardening
zsXQUKBH,Cycling
zsXQUKBH,Gardening
zsXQUKBH,Hiking
Ox952mzu,Reading
bMCL1EGC,Gardening
bMCL1EGC,Reading
bMCL1EGC,Cooking
dowLthKf,Reading
H0OFiwu9,Cycling
H0OFiwu9,Painting
QZwUW3PQ,Gardening
1BRT7quT,Painting
1BRT7quT,Gardening
1BRT7quT,Cooking
5OAAQO30,Hiking
5OAAQO30,Reading
wwldtZav,Gardening
wwldtZav,Cycling
hGBeIsw8,Cooking
hGBeIsw8,Painting
7Nz3O4qT,Hiking
7Nz3O4qT,Reading
7Nz3O4qT,Gardening
BTYSaKVQ,Reading
BTYSaKVQ,Hiking
Z9wYn8eg,Hiking
Z9wYn8eg,Cooking
WDS63TCk,Reading
CNyvIYIL,Gardening
CNyvIYIL,Reading
7tS7WDGh,Reading
7tS7WDGh,Painting
7tS7WDGh,Cooking
qORKTOPS,Reading
qORKTOPS,Cycling
qORKTOPS,Hiking
RYw6KpVd,Cycling
uwTRm4Io,Cycling
uwTRm4Io,Cooking
G2YnkbHw,Hiking
G2YnkbHw,Gardening
m15Nyyc5,Reading
m15Nyyc5,Cooking
m15Nyyc5,Painting
7Fgkwtg9,Cooking
7Fgkwtg9,Cycling
tQkOA8km,Gardening
lm5OiH3y,Painting
lEgMaxp7,Painting
lEgMaxp7,Cycling
lEgMaxp7,Gardening
vVyg15ua,Painting
vVyg15ua,Hiking
vVyg15ua,Cycling
kdhyV9Pg,Painting
kdhyV9Pg,Cycling
kdhyV9Pg,Cooking
cRg1BiFI,Cycling
cRg1BiFI,Hiking
rsy35ai8,Cycling
rsy35ai8,Reading
Mna69Kb5,Painting
Mna69Kb5,Reading
Mna69Kb5,Cycling
SNcVXReb,Reading
SNcVXReb,Painting
SNcVXReb,Hiking
93fJE2kq,Gardening
93fJE2kq,Hiking
qE09OtTg,Painting
qE09OtTg,Cooking
lqhnY0kW,Cooking
XYre8Ymz,Painting
KA678OTh,Hiking
KA678OTh,Cooking
KA678OTh,Reading
G7hYYz0F,Cycling
G7hYYz0F,Gardening
WjG40aY7,Cycling
WjG40aY7,Gardening
J9V00fqj,Painting
oASSolk4,Painting
oASSolk4,Reading
Rbio76gM,Painting
Rbio76gM,Gardening
Rbio76gM,Cooking
lFEPiw84,Cooking
bQpTL1OB,Hiking
bQpTL1OB,Reading
bQpTL1OB,Cooking
sDHgPqe4,Reading
sDHgPqe4,Cooking
ByYYYwHm,Reading
FDJeauHv,Hiking
FDJeauHv,Painting
FDJeauHv,Reading
rS1qf9GJ,Gardening
rS1qf9GJ,Hiking
ezHxI6hS,Gardening
ezHxI6hS,Cycling
AzW3NW9W,Reading
AzW3NW9W,Hiking
KfhieJWs,Cycling
KfhieJWs,Painting
AhPsNPKg,Gardening
AhPsNPKg,Cooking
AhPsNPKg,Cycling
zqNZiuh0,Reading
zqNZiuh0,Cycling
2Jgo0i9n,Reading
DUVYk2pc,Cycling
bhz5dwwE,Painting
bhz5dwwE,Gardening
bhz5dwwE,Hiking
0ji3WYeJ,Hiking
0ji3WYeJ,Cycling
uySBQXR1,Reading
XvP9NIfk,Cycling
R4JL2LeA,Cycling
R4JL2LeA,Cooking
R4JL2LeA,Painting
SSsMK5uz,Hiking
SSsMK5uz,Cooking
SSsMK5uz,Cycling
rCTIEmZi,Reading
rCTIEmZi,Cooking
6VzTEJw4,Cycling
6VzTEJw4,Cooking
6VzTEJw4,Painting
V2zszuOg,Hiking
V2zszuOg,Painting
V2zszuOg,Cycling
V017v8yr,Cycling
DhHVkPRS,Gardening
DhHVkPRS,Cooking
RWeUBdnP,Cooking
RWeUBdnP,Painting
RWeUBdnP,Reading
En2MMiAX,Cycling
En2MMiAX,Painting
od1ou3IS,Cooking
od1ou3IS,Hiking
od1ou3IS,Painting
0iQJ8yC4,Painting
0iQJ8yC4,Cooking
0iQJ8yC4,Reading
Zpyy8mSd,Cycling
Zpyy8mSd,Painting
uz08vudg,Cycling
uz08vudg,Painting
FXAmbwSr,Gardening
FXAmbwSr,Painting
7exRRa1F,Cooking
7exRRa1F,Hiking
7exRRa1F,Reading
pYkkcSyE,Reading
pYkkcSyE,Painting
pYkkcSyE,Cycling
gxfZCcJq,Cooking
gxfZCcJq,Cycling
CFTW39cK,Gardening
RKXkHmnk,Cycling
RKXkHmnk,Reading
FtFVeytH,Gardening
FtFVeytH,Painting
FtFVeytH,Cycling
O0EbCwQF,Cooking
ukfwrSCL,Cycling
ukfwrSCL,Reading
cVr7zOzJ,Cycling
ybjd6zJ1,Cooking
ybjd6zJ1,Painting
ybjd6zJ1,Hiking
GtuCksdg,Gardening
GtuCksdg,Cooking
GtuCksdg,Reading
mynLWP6O,Hiking
mynLWP6O,Cycling
mynLWP6O,Reading
xEyJ5EgP,Cooking
xEyJ5EgP,Gardening
9Wzso0jn,Painting
9Wzso0jn,Cooking
9Wzso0jn,Hiking
Sdw5ZD8a,Reading
Sdw5ZD8a,Hiking
mb3fOeQ5,Painting
mb3fOeQ5,Gardening
mb3fOeQ5,Hiking
3f9nWB9C,Reading
3f9nWB9C,Hiking
3f9nWB9C,Painting
p1zAs8J4,Hiking
S9mQPIDw,Cooking
S9mQPIDw,Painting
S9mQPIDw,Gardening
O9pUzoIi,Cooking
O9pUzoIi,Hiking
HpYFLfKq,Cooking
HpYFLfKq,Hiking
HpYFLfKq,Reading
a1Iihct9,Hiking
mH7mW6KG,Cooking
mH7mW6KG,Gardening
mH7mW6KG,Hiking
KKG1Ra0M,Cycling
9lTZ0RJf,Hiking
9lTZ0RJf,Gardening
kdvp8Tv7,Painting
DvNDqi4U,Gardening
DvNDqi4U,Painting
TFD0fBD1,Gardening
jfuIwihI,Cycling
Vq803rmC,Cycling
Vq803rmC,Painting
F0zqWCLM,Cooking
BZz71BlB,Cooking
eKEiktRO,Gardening
eKEiktRO,Cooking
3nf9Wpje,Gardening
3nf9Wpje,Painting
3nf9Wpje,Reading
r3F7MwEK,Gardening
r3F7MwEK,Painting
6ur5InS4,Painting
6ur5InS4,Hiking
6ur5InS4,Cooking
34PS9fHL,Hiking
34PS9fHL,Gardening
34PS9fHL,Painting
WQhQFLUo,Gardening
WQhQFLUo,Cycling
WQhQFLUo,Painting
2Bs10krU,Cooking
2Bs10krU,Hiking
2Bs10krU,Reading
TNh95V44,Gardening
jaZaSatn,Hiking
jaZaSatn,Cooking
WJv0Sl1d,Painting
mKBw6rZz,Reading
mKBw6rZz,Cycling
ysM3V5Ez,Cooking
ysM3V5Ez,Reading
ysM3V5Ez,Hiking
BPcGbI2U,Cooking
BPcGbI2U,Reading
YIEo8yw8,Cooking
YIEo8yw8,Cycling
YIEo8yw8,Reading
0TLUyZkJ,Reading
mwJaOJjL,Cycling
mwJaOJjL,Cooking
mwJaOJjL,Painting
RiZOHZ5O,Painting
RiZOHZ5O,Hiking
DkNCpyF0,Cooking
cWMUj3Pi,Reading
0ggKimpX,Gardening
0ggKimpX,Cycling
0ggKimpX,Hiking
7RqMJSCO,Hiking
7qpKWCtS,Painting
7qpKWCtS,Reading
83BZbO5W,Cooking
pr3qCrlD,Gardening
pr3qCrlD,Reading
TbbSto6R,Painting
Vk2O2xuR,Painting
RzZZcw1o,Hiking
RzZZcw1o,Cooking
RzZZcw1o,Reading
4SNOQoF5,Gardening
4SNOQoF5,Hiking
YmDcatfm,Painting
YmDcatfm,Reading
YRGJse7D,Hiking
zWFDWEDP,Cycling
zWFDWEDP,Reading
zWFDWEDP,Painting
2thmdJMt,Gardening
2thmdJMt,Painting
2thmdJMt,Hiking
xsfwA5bN,Reading
mWPkwJxt,Hiking
mWPkwJxt,Cycling
onaT91ww,Painting
onaT91ww,Gardening
2eRkFuxj,Gardening
2eRkFuxj,Reading
zvXGQZWB,Hiking
zvXGQZWB,Painting
zvXGQZWB,Reading
oSpJ5Ytt,Hiking
5dmsDCaF,Cooking
5dmsDCaF,Painting
fsRgzUsR,Hiking
fsRgzUsR,Reading
fsRgzUsR,Cooking
TkQnZztw,Cooking
TkQnZztw,Gardening
XXQXVum0,Cycling
RaoMkx4n,Gardening
RaoMkx4n,Painting
RaoMkx4n,Reading
rTmSRnuR,Cooking
rTmSRnuR,Gardening
1TD0EUNX,Reading
SHDn2eoi,Cycling
SHDn2eoi,Painting
SHDn2eoi,Reading
E2NlPjZM,Cooking
mPHU4Awb,Gardening
mPHU4Awb,Reading
mPHU4Awb,Cooking
uIqFJTCo,Reading
WAhKj9Vk,Gardening
WAhKj9Vk,Cycling
JHrbR1iK,Gardening
7R13uNBG,Cooking
jYL5xCXX,Cooking
G1YKRW68,Painting
6QbuVisb,Hiking
6QbuVisb,Cooking
hMnVs1Kw,Reading
hMnVs1Kw,Cooking
hMnVs1Kw,Gardening
zgAeprLA,Hiking
V2yplzM9,Gardening
V2yplzM9,Painting
V2yplzM9,Reading
7bHcEH4Z,Hiking
7bHcEH4Z,Painting
7bHcEH4Z,Cycling
wnMvk9gN,Reading
DmGIBSLs,Cycling
JceqB6aJ,Cycling
KULWeg8C,Cycling
KULWeg8C,Reading
r3VbyPm5,Reading
r3VbyPm5,Hiking
r3VbyPm5,Cycling
E8Lcch0A,Gardening
E8Lcch0A,Reading
xI3h9B2o,Painting
xI3h9B2o,Hiking
ljdhz2D6,Cycling
ljdhz2D6,Reading
dXg05ZXl,Hiking
dXg05ZXl,Cycling
dXg05ZXl,Cooking
578iawum,Painting
578iawum,Cycling
aNqAUFaD,Painting
cXaI7wwl,Gardening
VAotuRaR,Reading
JoWbMyyx,Gardening
OTixcZCZ,Hiking
OTixcZCZ,Gardening
PYtgYelr,Gardening
PYtgYelr,Cycling
PYtgYelr,Reading
6lo33X7m,Painting
6lo33X7m,Gardening
6lo33X7m,Reading
IVu5AOkn,Hiking
IVu5AOkn,Cooking
IVu5AOkn,Gardening
8xIYw2aK,Painting
8xIYw2aK,Hiking
w3SMaTmD,Gardening
BiBwmDg6,Painting
BiBwmDg6,Cooking
BiBwmDg6,Reading
tCl12js0,Cycling
tCl12js0,Gardening
tCl12js0,Painting
R095C4Jy,Painting
8uH2ny6c,Hiking
8uH2ny6c,Gardening
8uH2ny6c,Painting
UaZZGta2,Hiking
UaZZGta2,Painting
hzSXzf3z,Cycling
hzSXzf3z,Painting
hzSXzf3z,Gardening
dOoTXXxk,Reading
dOoTXXxk,Cycling
AcHIkebL,Painting
AcHIkebL,Cooking
AcHIkebL,Reading
coijJ6Sq,Painting
coijJ6Sq,Cooking
uyo5S7nn,Hiking
uyo5S7nn,Reading
Bv1DZN5p,Gardening
4AcZOMTX,Painting
4AcZOMTX,Hiking
NNztq5p2,Reading
ZiOG0dPD,Gardening
yubzSLBD,Cycling
yubzSLBD,Cooking
yubzSLBD,Painting
CYvA8BKJ,Painting
CYvA8BKJ,Cooking
CYvA8BKJ,Hiking
oew1ZaER,Cycling
oew1ZaER,Cooking
oew1ZaER,Hiking
eHCjzUJD,Reading
eHCjzUJD,Hiking
R5e8TBiX,Hiking
FqUogJn6,Hiking
02T2rPKh,Gardening
02T2rPKh,Hiking
eLwqKcg0,Gardening
5IlRJDK4,Hiking
5IlRJDK4,Painting
0bDuZ3ZC,Cooking
0bDuZ3ZC,Gardening
0bDuZ3ZC,Painting
m2TJQLSd,Hiking
m2TJQLSd,Gardening
HtO73yjO,Cooking
HtO73yjO,Reading
JBCDZj38,Hiking
JBCDZj38,Reading
JBCDZj38,Cooking
B6PEnRMl,Painting
B6PEnRMl,Gardening
B6PEnRMl,Hiking
M0uJqno4,Hiking
B9N51kpv,Cycling
pGM2LVtT,Cooking
pGM2LVtT,Hiking
ao8MVgLK,Cycling
ao8MVgLK,Gardening
lKHmwoW9,Cycling
lKHmwoW9,Hiking
sEaR4LyK,Cycling
sEaR4LyK,Gardening
sEaR4LyK,Hiking
dBMS61ic,Cycling
dBMS61ic,Cooking
dBMS61ic,Gardening
PC1ppSd5,Cooking
PC1ppSd5,Gardening
hRHj15QE,Painting
hRHj15QE,Gardening
stPWLw7D,Reading
stPWLw7D,Painting
kvisQ7cQ,Painting
IxW2N7Vk,Reading
IxW2N7Vk,Hiking
PQX565MA,Reading
PQX565MA,Cycling
h57llMqQ,Painting
h57llMqQ,Hiking
vlVXSgJK,Reading
VO2eV8FZ,Gardening
VO2eV8FZ,Painting
VO2eV8FZ,Cycling
Z83W59tE,Cooking
Z83W59tE,Painting
Z83W59tE,Reading
N0EskngQ,Hiking
N0EskngQ,Gardening
yCYnPpOt,Cycling
yCYnPpOt,Painting
Zi45eJXB,Painting
JFsydTX1,Cooking
JFsydTX1,Hiking
JFsydTX1,Painting
APhxrUmH,Gardening
APhxrUmH,Cycling
APhxrUmH,Painting
pXlhATe5,Gardening
HZ55GJew,Gardening
HZ55GJew,Cooking
HZ55GJew,Hiking
kzYccIcn,Cycling
kzYccIcn,Hiking
LE8IARcN,Reading
LE8IARcN,Cooking
NakkxisN,Gardening
NakkxisN,Reading
br8m2Qyx,Painting
br8m2Qyx,Gardening
V0LCENz4,Cooking
JVwZS9rS,Cooking
JVwZS9rS,Reading
juYwHueW,Painting
juYwHueW,Cooking
1k4C8lF6,Hiking
1k4C8lF6,Painting
1k4C8lF6,Gardening
gZkuAdUU,Cooking
gZkuAdUU,Reading
lZQaTLe8,Hiking
MvCtPV3u,Hiking
UvWfqVSB,Cycling
UvWfqVSB,Gardening
UvWfqVSB,Cooking
0VesTdVj,Hiking
0VesTdVj,Painting
0VesTdVj,Cooking
pWmJNMbx,Reading
pWmJNMbx,Cooking
dU6nCNQ8,Hiking
dU6nCNQ8,Reading
dU6nCNQ8,Gardening
pTISEywF,Reading
pTISEywF,Gardening
pTISEywF,Painting
Hs7kmOxw,Cycling
Hs7kmOxw,Cooking
2w60GfCL,Cycling
2w60GfCL,Gardening
DQT2Mh7D,Cycling
DQT2Mh7D,Reading
DQT2Mh7D,Cooking
nkVuBJUE,Hiking
nkVuBJUE,Gardening
d2XiJ2iy,Gardening
d2XiJ2iy,Reading
j4qWZv3Z,Gardening
VVIBN2D9,Cycling
I4tJZ6D0,Cooking
I4tJZ6D0,Reading
e3P4sREw,Reading
e3P4sREw,Painting
e3P4sREw,Cooking
Bi9Wp8ko,Reading
Bi9Wp8ko,Gardening
l7ZXFBCy,Painting
l7ZXFBCy,Cooking
l7ZXFBCy,Hiking
iYFZdSQ5,Hiking
iYFZdSQ5,Gardening
IBBNxCT1,Cooking
IBBNxCT1,Hiking
pu0oYRwo,Hiking
8EBUuTU6,Hiking
8EBUuTU6,Cooking
HIHqt3I5,Gardening
HIHqt3I5,Cooking
n3n38qcF,Hiking
rLdLW3ks,Reading
rLdLW3ks,Gardening
rLdLW3ks,Painting
AAibjmAU,Cycling
AAibjmAU,Cooking
WZMIAJke,Reading
WZMIAJke,Cycling
WZMIAJke,Gardening
yYdQE456,Cooking
yYdQE456,Reading
VSSKbQKi,Painting
VSSKbQKi,Cooking
VSSKbQKi,Hiking
hYwQkRIe,Reading
hYwQkRIe,Gardening
n6M8kvKL,Hiking
n6M8kvKL,Gardening
n6M8kvKL,Cycling
CaPs44v5,Hiking
Vjem6X7y,Gardening
seKsmf58,Hiking
seKsmf58,Cooking
seKsmf58,Reading
p9gZor0v,Gardening
p9gZor0v,Cooking
p9gZor0v,Hiking
IyrkASZJ,Reading
IyrkASZJ,Painting
IyrkASZJ,Gardening
s4QoVxvz,Hiking
1zsbnqNR,Cooking
1zsbnqNR,Cycling
x80Wbz6D,Gardening
x80Wbz6D,Painting
tjBhgP6x,Reading
SU2S5wqJ,Cycling
SU2S5wqJ,Hiking
1Lmi41KM,Gardening
1Lmi41KM,Hiking
1Lmi41KM,Reading
t8BID33l,Reading
U6pnFT9a,Cycling
DI0sdYdG,Hiking
113AzCJP,Painting
113AzCJP,Hiking
113AzCJP,Reading
zxLcJpuj,Gardening
zxLcJpuj,Painting
2WgTniea,Cycling
2WgTniea,Reading
2WgTniea,Hiking
2Awz9ZTh,Cycling
2Awz9ZTh,Cooking
LLvNI0zh,Gardening
LLvNI0zh,Hiking
gQpYrT4G,Reading
gQpYrT4G,Gardening
gQpYrT4G,Cycling
TUnE7T1e,Gardening
l68lRDsU,Gardening
l68lRDsU,Cycling
l68lRDsU,Reading
OKR7V0hj,Cooking
MTmZJJTc,Cooking
MTmZJJTc,Hiking
MTmZJJTc,Cycling
YSQESWHQ,Gardening
YSQESWHQ,Cooking
LeIzBaM2,Hiking
LeIzBaM2,Cooking
HNAesSyr,Cycling
HNAesSyr,Painting
5HR4wWBB,Gardening
zJr8Hch2,Cycling
EQfC4xc2,Hiking
EQfC4xc2,Cooking
IA5Im6aR,Reading
IA5Im6aR,Cycling
IA5Im6aR,Hiking
m1QQZNDp,Painting
m1QQZNDp,Reading
srSDFo4g,Reading
hQnwV3f1,Cooking
hQnwV3f1,Hiking
hQnwV3f1,Cycling
wPEf0qcm,Reading
4ohakdrK,Gardening
4ohakdrK,Cooking
JwzO9wK8,Gardening
JwzO9wK8,Cycling
JwzO9wK8,Hiking
rcU8kFWI,Cycling
rcU8kFWI,Cooking
rcU8kFWI,Reading
HIG4ilDT,Painting
igvMiQYd,Cycling
igvMiQYd,Cooking
igvMiQYd,Gardening
aqpVcY5T,Cycling
OtAZtmKF,Gardening
m9yEGlbB,Reading
m9yEGlbB,Cycling
XGARBsd0,Gardening
XGARBsd0,Hiking
XGARBsd0,Painting
JRk2CIgL,Painting
TkF8YXF3,Cycling
lBcSP8Vv,Hiking
TbUICORd,Painting
SJERWYxn,Cycling
SJERWYxn,Reading
zv0hlyoU,Reading
zv0hlyoU,Gardening
JaiRARly,Reading
ZmoNKIRg,Reading
ZmoNKIRg,Hiking
ZmoNKIRg,Cycling
XxtjxlMC,Cycling
XxtjxlMC,Painting
XxtjxlMC,Gardening
9y5zCQDY,Reading
9y5zCQDY,Hiking
9y5zCQDY,Cooking
ZAyPpSyR,Cycling
ZAyPpSyR,Gardening
ZAyPpSyR,Painting
5uYMcXmS,Reading
5uYMcXmS,Cooking
5uYMcXmS,Cycling
6xBLmnzO,Painting
6xBLmnzO,Cooking
6xBLmnzO,Hiking
Ez1wNaHL,Gardening
Ez1wNaHL,Painting
Ez1wNaHL,Cycling
iRyWhYJA,Hiking
u2APQV2B,Cycling
u2APQV2B,Gardening
u2APQV2B,Reading
WOIxopMi,Hiking
WOIxopMi,Painting
WOIxopMi,Gardening
Z8OJhCrU,Cooking
Z8OJhCrU,Hiking
Z8OJhCrU,Painting
VpqC2izG,Cycling
VpqC2izG,Hiking
VpqC2izG,Reading
gXXWoQsr,Painting
4Nlt51j2,Reading
4Nlt51j2,Hiking
4Nlt51j2,Cycling
hF6geWRS,Painting
hF6geWRS,Hiking
hF6geWRS,Cycling
6EYKWMvP,Reading
6EYKWMvP,Hiking
DHAkZokc,Gardening
DHAkZokc,Hiking
DHAkZokc,Painting
LXyWClRq,Reading
LXyWClRq,Cycling
LXyWClRq,Gardening
yjtIn3Tc,Reading
yjtIn3Tc,Gardening
hKIfsKhA,Hiking
hKIfsKhA,Gardening
je5tuM1u,Reading
je5tuM1u,Cycling
je5tuM1u,Gardening
7TM19w4z,Cycling
yuba8qKr,Hiking
MZNtHHqa,Cycling
MSqtwqdr,Gardening
MSqtwqdr,Painting
kkInVDeX,Gardening
kkInVDeX,Painting
mtLO7enm,Cycling
mtLO7enm,Cooking
tv3W1Vvy,Painting
tv3W1Vvy,Gardening
tv3W1Vvy,Cycling
3MyWm6cq,Cooking
3MyWm6cq,Gardening
bkQ5leYu,Reading
bkQ5leYu,Gardening
bkQ5leYu,Cooking
qQFIt8qR,Cycling
qQFIt8qR,Painting
jfof6K1l,Gardening
jfof6K1l,Hiking
Qf0HcQZ0,Reading
Qf0HcQZ0,Painting
Qf0HcQZ0,Cycling
oVb6a1iH,Hiking
oVb6a1iH,Reading
44fWJiPm,Reading
44fWJiPm,Cycling
3jP6CqmH,Painting
3jP6CqmH,Gardening
NkSSccPG,Cycling
NkSSccPG,Reading
ojseHI7S,Cycling
QLNmXkdu,Gardening
QLNmXkdu,Hiking
QLNmXkdu,Reading
RInuKE6x,Cooking
RInuKE6x,Painting
RInuKE6x,Gardening
fFZDfkhL,Cooking
62Qky6J8,Painting
4IxeEDVy,Cycling
4IxeEDVy,Reading
6OB6JCCZ,Cooking
6OB6JCCZ,Reading
z2jU9Q6B,Reading
z2jU9Q6B,Cycling
j8DHINUH,Gardening
ba59fIA8,Reading
ba59fIA8,Painting
ba59fIA8,Cooking
znRJkPOC,Reading
znRJkPOC,Cycling
ggQ6DPPV,Gardening
ggQ6DPPV,Cycling
6UJCu7Ej,Gardening
6UJCu7Ej,Hiking
6UJCu7Ej,Cycling
QsVjYnB4,Cooking
kieLmur5,Cooking
kieLmur5,Cycling
JesDrp9x,Cooking
JesDrp9x,Painting
hP2vhI1X,Reading
hP2vhI1X,Painting
bq5DGOCc,Hiking
bq5DGOCc,Reading
LHSu4cuO,Gardening
LHSu4cuO,Cooking
LHSu4cuO,Painting
KT9pgL22,Gardening
KT9pgL22,Cooking
XhcCZayv,Reading
wvvE9KJh,Cycling
wvvE9KJh,Reading
3HHpYx34,Hiking
3HHpYx34,Cycling
3HHpYx34,Reading
2KJFFo1a,Hiking
98NPZ6l8,Gardening
98NPZ6l8,Cooking
IATY0zDL,Cycling
34OLGeEH,Painting
xpV2OBUf,Reading
xpV2OBUf,Hiking
vgBjHuhS,Cooking
qCeDsuVH,Painting
qCeDsuVH,Cycling
9SG4P0tY,Painting
9SG4P0tY,Gardening
9SG4P0tY,Cooking
5B13FjPs,Painting
FNXGx4bb,Cooking
HZRECu4J,Reading
HZRECu4J,Hiking
HZRECu4J,Painting
6k0nRGdA,Hiking
Dr0KkytN,Cycling
K6YHol91,Gardening
K6YHol91,Cycling
K6YHol91,Painting
4VlbSH6A,Gardening
4VlbSH6A,Cycling
A8Q4hgwA,Hiking
A8Q4hgwA,Reading
IitVQZT6,Hiking
IitVQZT6,Cooking
gSKGXE2c,Cycling
gSKGXE2c,Painting
r4j8TREH,Gardening
qHvFPET9,Cooking
qHvFPET9,Gardening
qHvFPET9,Reading
cQfolFDz,Cooking
O8LmRdTr,Painting
O8LmRdTr,Cycling
LIBzDiQO,Gardening
LIBzDiQO,Cycling
LIBzDiQO,Reading
sbxVl8oR,Cycling
sbxVl8oR,Cooking
sbxVl8oR,Hiking
TjY3UTDL,Reading
TjY3UTDL,Hiking
cyUwqPGd,Gardening
Ythr9wlu,Hiking
Ythr9wlu,Painting
Ythr9wlu,Cycling
qxusYJum,Reading
qxusYJum,Painting
JbK8U0gY,Gardening
gDhVFTDF,Gardening
gDhVFTDF,Cycling
gDhVFTDF,Painting
PqQ83uOm,Gardening
PqQ83uOm,Hiking
PqQ83uOm,Cycling
LTiBXzhN,Painting
LTiBXzhN,Cycling
S7ZXFbBF,Cycling
S7ZXFbBF,Hiking
S7ZXFbBF,Painting
hJzPoSIv,Hiking
hJzPoSIv,Reading
hJzPoSIv,Cycling
2ls1w5Dn,Hiking
JyIArgmB,Cycling
JyIArgmB,Gardening
YNbf6Sd1,Cooking
YNbf6Sd1,Hiking
YC6fsMo7,Painting
7gKYo9Po,Reading
7gKYo9Po,Hiking
SHajQpD7,Painting
gbZYHgjt,Hiking
gbZYHgjt,Cycling
KUomeDcG,Gardening
KUomeDcG,Cycling
KUomeDcG,Reading
P0AFirYX,Reading
P0AFirYX,Painting
ZEGw9ohZ,Cooking
ZEGw9ohZ,Cycling
D16qcakW,Reading
D16qcakW,Cycling
D16qcakW,Hiking
7FucTyZS,Cycling
7FucTyZS,Hiking
mbFBlHrw,Cycling
mbFBlHrw,Hiking
mbFBlHrw,Painting
C65TEfPa,Reading
C65TEfPa,Cycling
C65TEfPa,Cooking
TCGcyzKF,Hiking
bK3tlsin,Painting
bK3tlsin,Gardening
7RyKEvrr,Gardening
7RyKEvrr,Painting
7RyKEvrr,Cooking
UB7SSkTq,Gardening
Vs2E2gZW,Painting
Vs2E2gZW,Cycling
kfOLKF6P,Cycling
kfOLKF6P,Cooking
kfOLKF6P,Gardening
niQxUrvi,Cycling
niQxUrvi,Painting
niQxUrvi,Reading
G3uRTQma,Reading
dmruBuWM,Reading
dmruBuWM,Cooking
1qi82REO,Cycling
0b0Rxlw1,Gardening
dHRIWPry,Cycling
pIAmu0Iv,Reading
pIAmu0Iv,Hiking
8g3Lilo9,Reading
OfB46zUg,Cooking
RH7PknJz,Reading
RH7PknJz,Painting
RH7PknJz,Cooking
3D5F4D5C,Gardening
3D5F4D5C,Painting
n81f81ro,Cooking
n81f81ro,Cycling
yI0DZMB1,Painting
yI0DZMB1,Gardening
yI0DZMB1,Cooking
ZPMwGhwI,Reading
ZPMwGhwI,Gardening
kcSkxG8U,Reading
kcSkxG8U,Gardening
su11nmQ4,Reading
su11nmQ4,Cycling
su11nmQ4,Painting
EgmRhQz0,Hiking
nKkybNw2,Gardening
nKkybNw2,Cooking
4CrwXYPB,Cycling
9MRwIBXs,Painting
9MRwIBXs,Cycling
D9TYMdXY,Hiking
3hX8C3am,Cooking
3hX8C3am,Painting
GQttRUFp,Gardening
GQttRUFp,Cooking
gVNKhqiU,Gardening
e58JFJNf,Reading
e58JFJNf,Cooking
e58JFJNf,Painting
oP87xEyw,Reading
Z6MoIP8L,Hiking
Z6MoIP8L,Cycling
Z6MoIP8L,Gardening
4pzUxwyH,Cooking
4pzUxwyH,Cycling
4pzUxwyH,Reading
mqHORH7p,Painting
mqHORH7p,Gardening
lhmeZNRl,Cooking
lhmeZNRl,Gardening
A8M2v4OJ,Reading
A8M2v4OJ,Cooking
A8M2v4OJ,Painting
WfVNuBuo,Hiking
WfVNuBuo,Cooking
WfVNuBuo,Painting
GrutOfKN,Gardening
GrutOfKN,Reading
GrutOfKN,Cycling
dZ7uaO0p,Gardening
QrkPkcTh,Cooking
ENTPsw62,Hiking
5l45p2hE,Gardening
09eqE5LH,Gardening
09eqE5LH,Painting
4JcnoguU,Painting
zcBBfxb9,Cycling
zcBBfxb9,Reading
qXiZpGCC,Reading
qXiZpGCC,Cycling
KoGAKJp9,Cooking
xFHZl4Vz,Painting
vBUQ2tEl,Painting
S0EVdDYK,Cycling
eqc30C15,Reading
eqc30C15,Cooking
eqc30C15,Cycling
Z2f3BR2t,Cooking
Z2f3BR2t,Hiking
isQQPEf2,Painting
nhhpwngv,Cycling
z2J13HW7,Cycling
z2J13HW7,Hiking
FqDy0KVs,Gardening
FqDy0KVs,Hiking
FqDy0KVs,Cooking
GrlOYYoR,Cycling
sgCX4wgm,Gardening
sgCX4wgm,Cooking
sgCX4wgm,Cycling
VpDvEKRc,Cycling
VpDvEKRc,Cooking
VpDvEKRc,Gardening
TRbLOIM4,Cooking
TRbLOIM4,Painting
TRbLOIM4,Gardening
RfRfcTzu,Gardening
RfRfcTzu,Cycling
RfRfcTzu,Painting
BOpO5k5Q,Cycling
BOpO5k5Q,Cooking
tLHlD0eA,Gardening
Mxb5NuLy,Cycling
Mxb5NuLy,Painting
Mxb5NuLy,Cooking
Vbueh2Kn,Cycling
3Eas9aQh,Cooking
3Eas9aQh,Cycling
3Eas9aQh,Hiking
fYivinIE,Hiking
fYivinIE,Cycling
2ftljLbo,Painting
2ftljLbo,Cooking
cfioo8tc,Cycling
cfioo8tc,Gardening
wydMWzsy,Reading
80v1eeFn,Cycling
80v1eeFn,Hiking
lfjg2mKu,Cycling
lfjg2mKu,Hiking
j5haNqpW,Gardening
j5haNqpW,Cooking
KKOPG7mh,Painting
KKOPG7mh,Gardening
KKOPG7mh,Cooking
8S7tGnh0,Gardening
saDH3wIn,Hiking
saDH3wIn,Cycling
8DBnXMaC,Gardening
zgT13eeg,Cycling
zgT13eeg,Painting
0A7iV76b,Hiking
0A7iV76b,Reading
0A7iV76b,Cycling
TdNMFLsU,Cycling
TdNMFLsU,Hiking
TdNMFLsU,Reading
CKVykIKw,Reading
6lwvJ8bD,Gardening
6lwvJ8bD,Hiking
HK9yghrk,Painting
Z0c9Q0Bs,Reading
Z0c9Q0Bs,Cooking
Z0c9Q0Bs,Cycling
0Y9jMNEH,Reading
0Y9jMNEH,Hiking
M98SF7HZ,Gardening
M98SF7HZ,Hiking
igdaClr9,Reading
ZfcX2pwa,Cycling
ZfcX2pwa,Hiking
ZfcX2pwa,Gardening
vZO9wFLV,Cooking
vZO9wFLV,Cycling
XfRyg6dl,Reading
Uhb2cZsl,Gardening
Uhb2cZsl,Painting
mDsvTsbB,Cooking
B8ysikKf,Hiking
4G24yPso,Cycling
4G24yPso,Hiking
1zonkTke,Hiking
1zonkTke,Reading
1zonkTke,Cooking
Ea0nJ9V1,Painting
Ea0nJ9V1,Reading
Ea0nJ9V1,Hiking
HiS2oGlv,Cooking
HiS2oGlv,Cycling
MFrYUMHb,Cooking
MFrYUMHb,Reading
kX1l37V2,Cycling
kX1l37V2,Reading
Rf48w7ag,Cooking
Rf48w7ag,Reading
0ksfSu7M,Cycling
0ksfSu7M,Hiking
0ksfSu7M,Painting
o64ELbH0,Painting
o64ELbH0,Cycling
2Dq3KPz6,Cooking
2Dq3KPz6,Hiking
6rDK2200,Cooking
6rDK2200,Reading
LAZHJsfA,Gardening
LAZHJsfA,Hiking
QluKpR6L,Hiking
QluKpR6L,Cooking
frWIesTd,Reading
frWIesTd,Painting
BzDbnSH9,Cycling
YsUSZqB2,Cooking
c8fy1jHl,Cycling
c8fy1jHl,Reading
c8fy1jHl,Painting
ZTGEN7xZ,Reading
ZTGEN7xZ,Cycling
DTY9JwZr,Gardening
DTY9JwZr,Painting
15agZybt,Reading
15agZybt,Hiking
g1kHnl30,Hiking
g1kHnl30,Painting
yZKmBzpr,Reading
yZKmBzpr,Gardening
6homH5ri,Cooking
6homH5ri,Painting
6homH5ri,Hiking
ISmWRYV8,Gardening
ISmWRYV8,Painting
d6xSoObT,Cooking
PipjJKZ9,Gardening
PipjJKZ9,Cycling
UJOWQ5sx,Reading
UJOWQ5sx,Cycling
UJOWQ5sx,Cooking
PkIzPcFw,Hiking
PkIzPcFw,Reading
qHf2Qv5t,Reading
qHf2Qv5t,Hiking
qHf2Qv5t,Gardening
UGuYhKjP,Cycling
UGuYhKjP,Cooking
c7k9Ptrq,Painting
K5mncawX,Hiking
K5mncawX,Cycling
K5mncawX,Gardening
IB9eWxw9,Reading
IB9eWxw9,Hiking
IB9eWxw9,Cycling
AmHeHAOx,Cycling
bb7prLAE,Painting
bb7prLAE,Reading
IQBZGekd,Reading
IQBZGekd,Cycling
IQBZGekd,Cooking
1CoSfHdT,Cycling
1CoSfHdT,Reading
1CoSfHdT,Painting
mnR1QU5A,Gardening
xDAWZU5G,Gardening
cF0ugqif,Painting
cF0ugqif,Gardening
QuUVkjS9,Cooking
QuUVkjS9,Gardening
QuUVkjS9,Cycling
KEfvGQG4,Painting
4spiRGY8,Hiking
4spiRGY8,Cycling
fHxbrU2M,Painting
wFCPA9Rn,Gardening
wFCPA9Rn,Reading
Z3BgZJ7r,Reading
Z3BgZJ7r,Cooking
6H23NqYr,Cycling
6H23NqYr,Hiking
w0uoNNqD,Painting
vErwjcZc,Gardening
vErwjcZc,Cycling
mxky0AzQ,Reading
AWuTugNa,Reading
AWuTugNa,Cycling
nLxIHsEJ,Painting
nLxIHsEJ,Cycling
nLxIHsEJ,Cooking
Zk8ydHp6,Gardening
Zk8ydHp6,Cycling
4hEpOEFa,Gardening
4hEpOEFa,Hiking
xp6vSrc5,Painting
xp6vSrc5,Gardening
uU5NBCzT,Cooking
uU5NBCzT,Reading
gr7skEeQ,Reading
xhKxA8Ab,Painting
zJMxrp0t,Cooking
zJMxrp0t,Painting
zJMxrp0t,Gardening
ubmFKglk,Cycling
ubmFKglk,Painting
ubmFKglk,Cooking
uJXjJDFO,Reading
uJXjJDFO,Painting
uJXjJDFO,Gardening
4R0Bl6vU,Reading
wO8nO4Gi,Hiking
RJbzugfn,Hiking
RJbzugfn,Cooking
VNt2w1TM,Cycling
q2jxpZrj,Cooking
q2jxpZrj,Painting
jykJ4AqC,Painting
vcBXS2bD,Hiking
vcBXS2bD,Painting
vcBXS2bD,Cycling
BLpeZCbX,Hiking
BLpeZCbX,Gardening
HC2N6Y4x,Cycling
HC2N6Y4x,Reading
Zu4YFmAh,Hiking
Zu4YFmAh,Painting
JBqvkxkg,Painting
PFJV1Vgq,Reading
PFJV1Vgq,Gardening
NmJtYMRC,Painting
Eq7rkNDF,Cooking
rOwFVa0l,Gardening
rOwFVa0l,Cooking
F8pWXAoR,Cooking
F8pWXAoR,Hiking
F8pWXAoR,Reading
ymKIiNvi,Cycling
W1mV8Ebw,Painting
W1mV8Ebw,Hiking
W1mV8Ebw,Gardening
g9yCrkwk,Cooking
g9yCrkwk,Cycling
pfv5jO2P,Reading
kmV0UfUi,Painting
kmV0UfUi,Hiking
kmV0UfUi,Gardening
usjmVnxs,Hiking
usjmVnxs,Painting
WlXssELP,Cycling
WlXssELP,Cooking
WlXssELP,Painting
Gf8Q11Ry,Gardening
VXRm3S4E,Hiking
tvL6ciNt,Hiking
MeoPihjL,Painting
MeoPihjL,Gardening
MeoPihjL,Reading
dprcpjbM,Gardening
TpeaFchI,Painting
B6KN9Bfr,Cycling
B6KN9Bfr,Hiking
NJDd8frt,Cooking
NJDd8frt,Hiking
5ZJijPV9,Reading
5ZJijPV9,Hiking
5ZJijPV9,Painting
UFEkwTET,Cooking
UFEkwTET,Gardening
uA20wu9c,Hiking
ObrUj5iP,Gardening
SQ7da3yE,Cycling
SQ7da3yE,Painting
SQ7da3yE,Gardening
68JEBb28,Painting
YsjisrRG,Reading
YsjisrRG,Cooking
NkrGOY1I,Reading
NkrGOY1I,Painting
qDPa79ZD,Reading
HGnj1057,Painting
tP5NTwEd,Cycling
qCMLybKg,Reading
qCMLybKg,Hiking
0pbHHhZX,Hiking
0pbHHhZX,Cycling
0pbHHhZX,Reading
VzpUplNd,Cycling
VzpUplNd,Cooking
VzpUplNd,Hiking
jti38vYo,Cooking
jti38vYo,Painting
jti38vYo,Gardening
UEaqRYT2,Cooking
UEaqRYT2,Hiking
Y6ddrvEm,Reading
Y6ddrvEm,Painting
Y6ddrvEm,Gardening
iSTwj6Ax,Painting
iSTwj6Ax,Cooking
ieqJFK5S,Cycling
8vFQ6aSJ,Reading
uuu2FDPD,Hiking
uuu2FDPD,Reading
uuu2FDPD,Cycling
SiZXwzNf,Hiking
SiZXwzNf,Painting
VcKtm8cd,Hiking
hS66tXDj,Reading
5AxoT7oU,Painting
5AxoT7oU,Cycling
5AxoT7oU,Reading
YcxS1718,Cycling
YcxS1718,Gardening
YcxS1718,Hiking
CHZwYzXo,Cycling
CHZwYzXo,Reading
BaZWMvdz,Painting
4L9utmoy,Reading
4L9utmoy,Gardening
4L9utmoy,Cooking
oqJH4DyS,Gardening
oqJH4DyS,Hiking
oqJH4DyS,Painting
KzS8G4lP,Cycling
XPfMfNfo,Painting
XPfMfNfo,Gardening
XPfMfNfo,Reading
MhyQOG9a,Gardening
lRBjRr2x,Hiking
EOccj6ZK,Hiking
EOccj6ZK,Reading
EOccj6ZK,Cycling
heLN5D3b,Reading
4rf85ktP,Reading
kJ9W2n9Y,Reading
ypVo7yWM,Cycling
ypVo7yWM,Painting
ypVo7yWM,Cooking
cSbnkcm4,Painting
cSbnkcm4,Hiking
cSbnkcm4,Cooking
PWuyHzS7,Cycling
PWuyHzS7,Gardening
EV96lPkb,Hiking
EV96lPkb,Painting
s6k3XjRn,Painting
s6k3XjRn,Cooking
kKtxFyOz,Cooking
kKtxFyOz,Painting
kKtxFyOz,Reading
DDA0Ekca,Painting
HMUAxTH1,Painting
HMUAxTH1,Reading
sOny3kyq,Cycling
sOny3kyq,Hiking
EOLJLM3g,Gardening
EOLJLM3g,Reading
EOLJLM3g,Hiking
S3x5TioF,Hiking
C9C1tu81,Gardening
s7NyF7SF,Hiking
8TPpnpY8,Reading
8TPpnpY8,Cooking
8TPpnpY8,Hiking
laMrPSeC,Painting
laMrPSeC,Hiking
laMrPSeC,Cycling
xIr4Ao49,Painting
xIr4Ao49,Cycling
xIr4Ao49,Hiking
sIQItBY7,Cooking
60e3ar4S,Painting
60e3ar4S,Hiking
60e3ar4S,Cooking
VtxAao6G,Cooking
VtxAao6G,Hiking
8cp9OgcX,Painting
8cp9OgcX,Hiking
8cp9OgcX,Gardening
6zVp5lJ4,Hiking
pWmaakBb,Gardening
pWmaakBb,Cycling
YdgcacRa,Gardening
76GAHgTV,Painting
76GAHgTV,Gardening
XeouSPkb,Reading
XeouSPkb,Painting
XeouSPkb,Hiking
AUtZLhJN,Gardening
hJoYpfFl,Reading
hJoYpfFl,Cooking
kXMVDjSo,Reading
kXMVDjSo,Hiking
kXMVDjSo,Cycling
1PrJA2Cq,Hiking
MqLPpY8U,Cooking
MqLPpY8U,Gardening
293qRras,Cooking
86AqqNi6,Cycling
86AqqNi6,Cooking
5VpzlqZP,Cycling
5VpzlqZP,Painting
RyAYabj2,Cycling
RyAYabj2,Painting
HD50pbNf,Reading
PNxZTYhx,Cooking
PNxZTYhx,Hiking
PNxZTYhx,Reading
zQDMoa6S,Cycling
zQDMoa6S,Painting
zQDMoa6S,Hiking
qD5CErKW,Cycling
pVUwPbfo,Cooking
pVUwPbfo,Painting
YkXkyXnS,Painting
YkXkyXnS,Gardening
YkXkyXnS,Cooking
Er0eP8LX,Painting
Er0eP8LX,Hiking
TviMtzFg,Hiking
TviMtzFg,Cooking
TviMtzFg,Painting
Fxroja6o,Reading
2XKoMSKA,Hiking
0DGtPwgV,Cycling
0DGtPwgV,Reading
vLJnkDnO,Cooking
vLJnkDnO,Hiking
hBnfnzB3,Reading
hBnfnzB3,Hiking
XRUqi2Sp,Cooking
L9StveJI,Painting
L9StveJI,Reading
VKJIoZyJ,Cooking
EaBbhSTl,Cycling
DyvWeYDA,Cycling
wnIHLk2q,Hiking
wnIHLk2q,Cooking
wnIHLk2q,Reading
raGe4ss9,Reading
8hHsdU28,Cooking
dsvFqyBi,Cycling
dsvFqyBi,Gardening
dsvFqyBi,Cooking
uNPVAHfQ,Hiking
uNPVAHfQ,Reading
vZ6399Hj,Reading
ub19RJVf,Reading
WVcuaZRq,Hiking
WVcuaZRq,Cooking
WVcuaZRq,Gardening
PjlkKNW4,Cooking
PjlkKNW4,Gardening
PjlkKNW4,Hiking
yEcZhkdu,Cycling
yEcZhkdu,Reading
yEcZhkdu,Cooking
V3qmQWIr,Painting
HYJbjDkd,Gardening
ecqqIpQc,Gardening
pB72ew5X,Reading
pB72ew5X,Cooking
76HL1fO2,Hiking
76HL1fO2,Painting
76HL1fO2,Gardening
N2sHcQch,Cooking
FPk8sdBA,Cooking
FPk8sdBA,Reading
jBz0eVgW,Reading
jBz0eVgW,Hiking
oZ6dkYgL,Painting
LCT8Gqnm,Painting
LCT8Gqnm,Cycling
LCT8Gqnm,Reading
9IU31l7h,Reading
fDBuX1Zf,Gardening
fDBuX1Zf,Cycling
fDBuX1Zf,Cooking
6XFrRfk9,Hiking
6XFrRfk9,Cooking
6XFrRfk9,Reading
fKyCbwf9,Cooking
fKyCbwf9,Hiking
f3B1kjaL,Hiking
f3B1kjaL,Cycling
vJlPy2E5,Hiking
vJlPy2E5,Painting
vJlPy2E5,Reading
8QA6UjkR,Hiking
8QA6UjkR,Reading
p5akvZog,Reading
YtN15xPE,Hiking
PG5jUoIn,Gardening
PG5jUoIn,Painting
ZjOquPDB,Cycling
ZjOquPDB,Painting
ZjOquPDB,Gardening
gZyAYSqd,Hiking
YTOaOrr0,Cooking
YTOaOrr0,Cycling
YTOaOrr0,Gardening
MXKVCdK2,Gardening
lfc5672V,Cycling
idfl1WYz,Hiking
idfl1WYz,Cycling
Foud1p5F,Cooking
Foud1p5F,Hiking
FfPSKY2p,Cycling
BPnexk8M,Gardening
ydwNkkGo,Hiking
nVJwtN3u,Cycling
nVJwtN3u,Cooking
kdYDwmZa,Hiking
kdYDwmZa,Cooking
kdYDwmZa,Gardening
J0Bx4IHa,Cooking
zdEQVNNR,Gardening
sH2V3Tew,Cooking
sH2V3Tew,Painting
sH2V3Tew,Gardening
o0icNkJq,Reading
MisqoyUV,Painting
nPF9bSfU,Cooking
nPF9bSfU,Hiking
OcsrT2gY,Painting
JiQ0WwuB,Cycling
JiQ0WwuB,Reading
JiQ0WwuB,Painting
pUEhsvuX,Hiking
pUEhsvuX,Cooking
3ffejiU8,Gardening
3ffejiU8,Cycling
3ffejiU8,Reading
0jsracjl,Cooking
UgEaGI2j,Reading
yB89sbpE,Reading
nLqW53TH,Painting
nLqW53TH,Cooking
QEdWV5fU,Cooking
Poc9P9rb,Painting
Poc9P9rb,Hiking
wHW8f6Gc,Cooking
wHW8f6Gc,Cycling
wHW8f6Gc,Hiking
gkf9wMmG,Reading
gkf9wMmG,Cooking
8fN860m7,Reading
8fN860m7,Cycling
Ut4VRcWL,Reading
Ut4VRcWL,Cooking
68vhtRLb,Hiking
iMHqcyGq,Cycling
iMHqcyGq,Painting
iMHqcyGq,Cooking
StLE7jIm,Hiking
StLE7jIm,Reading
1KtthYXi,Gardening
eMgeMQPb,Cycling
eMgeMQPb,Gardening
un1XMTxo,Cycling
un1XMTxo,Hiking
0a3klinf,Reading
Vn0suM6u,Gardening
nlg5oTPQ,Reading
nlg5oTPQ,Painting
sUOd1Xvy,Reading
vjigBVoy,Gardening
vjigBVoy,Hiking
Dd6mjiWF,Cooking
KBfY1lzZ,Hiking
KBfY1lzZ,Gardening
YBnMuqic,Hiking
uh2n59KB,Cooking
uh2n59KB,Cycling
hozy6JJw,Cooking
hozy6JJw,Painting
hozy6JJw,Gardening
gYspnzD7,Cycling
gYspnzD7,Painting
gYspnzD7,Cooking
dLn4YpQB,Cycling
dLn4YpQB,Hiking
v58wHi5X,Reading
A2NH9O5x,Cycling
A2NH9O5x,Cooking
A2NH9O5x,Painting
oA60pwTM,Hiking
Z08tjh12,Gardening
Z08tjh12,Cooking
Z08tjh12,Reading
e6rFOhTs,Painting
e6rFOhTs,Cooking
ljN0pJQO,Reading
d54lov2s,Cycling
d54lov2s,Gardening
DaIG29Wq,Cycling
DaIG29Wq,Gardening
DaIG29Wq,Cooking
cFXJSYJD,Gardening
cFXJSYJD,Cycling
VzfFFb7S,Painting
XxRYvqqO,Gardening
XxRYvqqO,Hiking
XxRYvqqO,Painting
7nxx8hzq,Reading
7nxx8hzq,Cycling
UxmmQpUa,Gardening
GbY7v6ps,Cooking
qxWx0x9p,Hiking
siihbRMo,Hiking
eGLhSNWw,Gardening
QkhtmWgM,Gardening
ig8rO0Xi,Hiking
ig8rO0Xi,Cycling
ig8rO0Xi,Gardening
Fd5l22Ph,Reading
Fd5l22Ph,Cooking
lPcoKFAP,Hiking
lPcoKFAP,Painting
lPcoKFAP,Reading
eQlxh4Ci,Painting
eQlxh4Ci,Reading
si5BqwPl,Gardening
si5BqwPl,Cooking
1Do4ppsm,Painting
1Do4ppsm,Hiking
1Do4ppsm,Cycling
3jPYsl3i,Reading
EvBTSUvX,Cooking
lubt95oD,Cooking
lubt95oD,Reading
lubt95oD,Painting
oFHgm0IY,Cooking
oFHgm0IY,Gardening
ZmNYwhUS,Cooking
ZmNYwhUS,Hiking
dRgzxzqG,Reading
dRgzxzqG,Cooking
xZMAcGhW,Gardening
xZMAcGhW,Cooking
xZMAcGhW,Cycling
g3sbiCfp,Painting
g3sbiCfp,Cooking
0Mx5p42e,Cycling
0Mx5p42e,Reading
0Mx5p42e,Painting
0p5zOIuA,Hiking
zjcHn0zh,Cycling
zjcHn0zh,Hiking
zjcHn0zh,Painting
L3A3Oc2C,Cooking
jYWGLezr,Hiking
jYWGLezr,Painting
jYWGLezr,Reading
4Ee9ke17,Reading
4Ee9ke17,Cooking
uWO1j7Pd,Cycling
uWO1j7Pd,Hiking
uWO1j7Pd,Gardening
h8p9MEoI,Gardening
pGZWlwpd,Gardening
fy2CjB0A,Cycling
fy2CjB0A,Painting
XXOPf1oK,Gardening
do0hoGGl,Cooking
8cvJ1Itr,Cycling
usIYo9pc,Hiking
2bVXzU34,Painting
Ay6jFtvu,Gardening
Ay6jFtvu,Reading
dSDPhRgi,Painting
dSDPhRgi,Reading
x3ae3Lbk,Hiking
x3ae3Lbk,Cycling
x3ae3Lbk,Cooking
CiAKLyOn,Cycling
CiAKLyOn,Cooking
CiAKLyOn,Gardening
f0rTq5HK,Cycling
f0rTq5HK,Reading
f0rTq5HK,Hiking
As2HFr0T,Cooking
As2HFr0T,Cycling
As2HFr0T,Gardening
yXEmePMy,Reading
yXEmePMy,Hiking
yXEmePMy,Painting
oumZROMf,Painting
oumZROMf,Cooking
oumZROMf,Reading
G7zWuoK6,Gardening
G7zWuoK6,Painting
WQRYGqOH,Hiking
WQRYGqOH,Cycling
WQRYGqOH,Reading
ySh7QFBM,Hiking
yB5WV5th,Reading
zBjiLS2t,Hiking
zBjiLS2t,Cycling
zBjiLS2t,Reading
WgNDq940,Hiking
WgNDq940,Cooking
yY62HB1w,Painting
yY62HB1w,Cooking
yY62HB1w,Hiking
tG95mPBS,Reading
tG95mPBS,Gardening
tG95mPBS,Painting
vBGUZDYo,Hiking
vBGUZDYo,Painting
vBGUZDYo,Reading
zjsIGsMi,Painting
zjsIGsMi,Cooking
w0eSKiOa,Cycling
w0eSKiOa,Gardening
bpl7qoBP,Cycling
0XqR6yrx,Gardening
0XqR6yrx,Cooking
GutKgw50,Cooking
Sgsm5Kyi,Cooking
Sgsm5Kyi,Cycling
KGD8eSGb,Painting
XkNHdfQ5,Cycling
XkNHdfQ5,Reading
o1bwEZUr,Reading
IBe2lLWF,Gardening
IBe2lLWF,Cooking
AvGscFYl,Cooking
AvGscFYl,Reading
WaBQIPbD,Hiking
uG5sCFr6,Painting
uG5sCFr6,Reading
A5azIANG,Cycling
A5azIANG,Cooking
XwoTxrqx,Painting
XwoTxrqx,Gardening
HndOCWC8,Cycling
7t4nhrOS,Painting
7t4nhrOS,Cycling
cDMr5hUn,Cycling
cDMr5hUn,Hiking
8uBBftdl,Hiking
8uBBftdl,Painting
8uBBftdl,Cooking
JcyXfxk9,Hiking
JcyXfxk9,Painting
z5N2HwRp,Cooking
QNl7ESu5,Cooking
QNl7ESu5,Reading
wNmlERkD,Hiking
wNmlERkD,Painting
wNmlERkD,Gardening
1YLh9GBO,Hiking
r4wN7QPx,Painting
bXBu1P5L,Cooking
kZd38OQi,Cooking
kZd38OQi,Reading
MzYpRhgB,Cycling
Zt0jm3rL,Cycling
NZYbwGhw,Cycling
NZYbwGhw,Reading
NZYbwGhw,Painting
HQXE0x5Y,Reading
afyDBue1,Cooking
afyDBue1,Reading
afyDBue1,Cycling
hITMBJft,Reading
hITMBJft,Gardening
hITMBJft,Painting
mubbxuzC,Hiking
8xnZmGZU,Hiking
ohvQ8yCE,Reading
ohvQ8yCE,Painting
0UhF3izq,Cycling
0UhF3izq,Painting
0UhF3izq,Reading
a0XDaSbA,Cycling
a0XDaSbA,Painting
a0XDaSbA,Cooking
UTtbGfTF,Reading
pce0lCst,Reading
AV1a5qMq,Hiking
DUedYyll,Cooking
DUedYyll,Hiking
DUedYyll,Painting
MpZwFCGV,Painting
MpZwFCGV,Gardening
jcdwW1P9,Cooking
m0lff4YW,Cycling
40RmHmsB,Painting
40RmHmsB,Hiking
40RmHmsB,Reading
c69vZjOW,Painting
e9ZR9TzC,Gardening
e9ZR9TzC,Cooking
WwDXfTf2,Reading
WwDXfTf2,Gardening
0IwQ2hwZ,Cooking
0IwQ2hwZ,Gardening
DBIB6eXS,Hiking
DBIB6eXS,Cooking
DBIB6eXS,Reading
1gf4nA9w,Hiking
1gf4nA9w,Painting
1gf4nA9w,Cycling
s3KZfZ3n,Painting
s3KZfZ3n,Reading
UVCbs5K0,Gardening
UVCbs5K0,Reading
UVCbs5K0,Cooking
b4Uf4BdW,Hiking
b4Uf4BdW,Cycling
94nPs4ZY,Reading
5tpsboow,Gardening
5tpsboow,Painting
5tpsboow,Reading
pzrXdscl,Reading
IgpDB6at,Painting
IgpDB6at,Reading
IgpDB6at,Cycling
fjW6FV30,Cycling
0MalBwCi,Cycling
0MalBwCi,Cooking
K2la5TLk,Hiking
K2la5TLk,Cycling
K2la5TLk,Gardening
mWw1NQ9B,Cycling
M8P9Bt5q,Painting
M8P9Bt5q,Reading
M8P9Bt5q,Cooking
z8l3O36f,Hiking
z8l3O36f,Reading
q0ptjI74,Hiking
6FhZxBOn,Hiking
6FhZxBOn,Cooking
6FhZxBOn,Cycling
6JTrPuAH,Cycling
6JTrPuAH,Painting
NKFLDhCU,Gardening
mqo9bfYh,Reading
SIypDXUq,Reading
KPEei1h1,Reading
KPEei1h1,Painting
KPEei1h1,Cooking
aY3B8yfM,Gardening
aY3B8yfM,Reading
jbkYesPm,Painting
jbkYesPm,Cooking
jbkYesPm,Reading
lL95gZqz,Reading
lL95gZqz,Gardening
lL95gZqz,Cycling
z2uvdZVa,Cycling
z2uvdZVa,Cooking
z2uvdZVa,Gardening
qh8pCj23,Gardening
qh8pCj23,Hiking
qh8pCj23,Cooking
L8KFa1Zi,Cooking
L8KFa1Zi,Cycling
zaAnwvOI,Hiking
ACBL34YG,Hiking
ACBL34YG,Cooking
ACBL34YG,Reading
ZZ2PwLGg,Gardening
5XxcWlB0,Hiking
hUJnxlQ2,Hiking
hUJnxlQ2,Reading
hUJnxlQ2,Gardening
7jpWMZuj,Painting
7Y2lAytZ,Cooking
7Y2lAytZ,Hiking
xUnBUbWv,Cooking
xUnBUbWv,Gardening
xUnBUbWv,Painting
q6Ram2nV,Cooking
rc5CgLeA,Hiking
rc5CgLeA,Cycling
rc5CgLeA,Painting
MPpRiK9N,Cycling
MPpRiK9N,Reading
MPpRiK9N,Painting
lycQLUXt,Cooking
lycQLUXt,Cycling
C7p7fHpj,Gardening
19yYfOCg,Gardening
19yYfOCg,Hiking
5YL7f95d,Hiking
z299ojq6,Painting
PHtS8Z4t,Reading
PHtS8Z4t,Gardening
PHtS8Z4t,Hiking
qan25hKi,Reading
qan25hKi,Gardening
qan25hKi,Hiking
tqdxQ4tS,Gardening
3Ii92UOP,Painting
A2JEsWqO,Painting
A2JEsWqO,Reading
A2JEsWqO,Cooking
aZY0xJft,Cycling
KDy9LnVU,Painting
KDy9LnVU,Cooking
KDy9LnVU,Gardening
SvJQ39CD,Gardening
Meg48vBk,Cooking
5FLlUVEK,Cycling
5FLlUVEK,Reading
5FLlUVEK,Cooking
DgAqaY8B,Hiking
DgAqaY8B,Painting
vywWmu9Y,Hiking
vywWmu9Y,Cycling
vywWmu9Y,Cooking
kIZuGY0u,Cooking
kIZuGY0u,Hiking
l3DPpevP,Cooking
l3DPpevP,Painting
l3DPpevP,Hiking
UKULuauC,Cooking
UKULuauC,Gardening
UKULuauC,Reading
tvilKXKO,Cooking
E4Qus62f,Cooking
E4Qus62f,Hiking
zURs28ar,Cooking
zURs28ar,Gardening
zURs28ar,Reading
3YMj72JJ,Cooking
3YMj72JJ,Gardening
3YMj72JJ,Reading
UZ0wdhUo,Reading
UZ0wdhUo,Gardening
KxjaFnVg,Reading
KxjaFnVg,Cycling
0i4yVFj6,Cycling
0i4yVFj6,Hiking
0i4yVFj6,Reading
jRyMnnve,Hiking
pQq4W9lW,Reading
pQq4W9lW,Gardening
uUO1dFwT,Cooking
OFlJqjuM,Hiking
OFlJqjuM,Cycling
mfgZY6pl,Cycling
mfgZY6pl,Cooking
rL9qYvLe,Gardening
rL9qYvLe,Cooking
PAq4KM8x,Painting
PAq4KM8x,Hiking
Co3nHf4W,Reading
Co3nHf4W,Hiking
q0tzhC9i,Painting
DRkGXfqZ,Reading
DRkGXfqZ,Cycling
DRkGXfqZ,Painting
QRQEJ1wK,Cycling
QRQEJ1wK,Painting
QRQEJ1wK,Cooking
8KgYEFl9,Gardening
8KgYEFl9,Reading
X3tMYmkk,Cycling
CIWzqfvf,Cycling
1i0F8w8w,Cooking
1i0F8w8w,Gardening
DFJMJFfs,Gardening
DFJMJFfs,Cycling
DFJMJFfs,Hiking
KaZGG4cT,Cycling
VcQtf5tb,Cooking
VcQtf5tb,Gardening
4BdV7cO8,Cooking
4fVBBSmb,Cycling
4fVBBSmb,Hiking
4fVBBSmb,Reading
ZzyztqVD,Reading
ZzyztqVD,Hiking
Q8vFgbCb,Cycling
Q8vFgbCb,Hiking
qRUF7fVY,Reading
MD0V990c,Reading
MD0V990c,Gardening
2KAmRpzT,Reading
2KAmRpzT,Hiking
Nzv46peZ,Reading
Nzv46peZ,Hiking
ABYNbecB,Gardening
ABYNbecB,Reading
WJGHFzuw,Hiking
WJGHFzuw,Reading
zpictjcs,Reading
zpictjcs,Painting
QyncOaW3,Hiking
QyncOaW3,Gardening
QyncOaW3,Painting
HPT2VCDq,Cycling
HPT2VCDq,Reading
HPT2VCDq,Painting
PTjsQLOQ,Hiking
fwYgpUTv,Cycling
7qhKyxYH,Painting
7qhKyxYH,Reading
7qhKyxYH,Hiking
X4M9TC7q,Cooking
X4M9TC7q,Cycling
QgpzpO3k,Cooking
QgpzpO3k,Hiking
MhjcpcDc,Painting
MhjcpcDc,Reading
MhjcpcDc,Cooking
AiqV9Kpe,Gardening
o9RYCmue,Gardening
o9RYCmue,Cooking
loSSzkJX,Hiking
loSSzkJX,Painting
xxFZ3WbQ,Painting
xxFZ3WbQ,Hiking
iQ3vAiPe,Cooking
iQ3vAiPe,Hiking
iQ3vAiPe,Cycling
AWXJDZan,Hiking
6N8eLvhq,Cooking
6N8eLvhq,Painting
I23Wjt9b,Cooking
I23Wjt9b,Hiking
s3h4BylM,Hiking
s3h4BylM,Cycling
nkHfUbTv,Cooking
nkHfUbTv,Painting
rTLs84rP,Gardening
rTLs84rP,Cycling
rTLs84rP,Reading
BSJSSpAJ,Painting
BSJSSpAJ,Cycling
BSJSSpAJ,Gardening
wncDoNyR,Gardening
6RZa7HCa,Gardening
6RZa7HCa,Cooking
iJw8zfHs,Reading
iJw8zfHs,Cooking
iJw8zfHs,Gardening
kjnSR1Vw,Painting
BxwgdWJi,Gardening
BxwgdWJi,Hiking
BxwgdWJi,Reading
IsNvhRTv,Gardening
i2OmdJgf,Painting
NXiwmp7V,Hiking
d09f1dtk,Cooking
d09f1dtk,Hiking
kTMmGxhm,Painting
kTMmGxhm,Reading
Fr02l9jA,Cooking
8lPAEcQo,Painting
8lPAEcQo,Cycling
YOplVAzi,Gardening
YOplVAzi,Cycling
YOplVAzi,Cooking
Q8MuQF1d,Cycling
eqkAT85e,Cycling
eqkAT85e,Hiking
Z7Fx3ppY,Cycling
CKLyOsD9,Gardening
CKLyOsD9,Cooking
X9sU5miX,Cooking
X9sU5miX,Reading
vvZaFjIo,Cooking
mQrcKhxt,Cooking
mQrcKhxt,Reading
rN2fzKmN,Cycling
PtdQSwe6,Cooking
PtdQSwe6,Painting
sJ5Xfiv5,Hiking
sJ5Xfiv5,Gardening
sJ5Xfiv5,Cooking
L7jfqsqj,Cooking
L7jfqsqj,Reading
L7jfqsqj,Hiking
plCHseFj,Cycling
plCHseFj,Cooking
XHKUb02M,Gardening
XHKUb02M,Cooking
XHKUb02M,Cycling
Hon6S862,Hiking
Hon6S862,Painting
Hon6S862,Reading
BwfrRGxy,Cycling
BwfrRGxy,Cooking
wCNgkWF7,Cooking
wCNgkWF7,Painting
mzfA8kIc,Cycling
mY8BwV8n,Gardening
mY8BwV8n,Cycling
9KGb54lm,Cycling
9KGb54lm,Hiking
FzD768wH,Cycling
FzD768wH,Hiking
FzD768wH,Painting
uiWSApAc,Cycling
uiWSApAc,Cooking
uiWSApAc,Painting
dK1bewoq,Cycling
dK1bewoq,Reading
OEu6yGiC,Painting
ENQKnRYl,Hiking
ENQKnRYl,Painting
pq9D5nkj,Cycling
pq9D5nkj,Painting
pq9D5nkj,Reading
bLGdrYjN,Reading
bLGdrYjN,Painting
bLGdrYjN,Gardening
RZpkNz5O,Hiking
RZpkNz5O,Cycling
RZpkNz5O,Reading
nZusOGkt,Reading
G8J1OmsR,Reading
G8J1OmsR,Cycling
uQFHHok2,Painting
uQFHHok2,Gardening
uQFHHok2,Reading
EPlr5vLw,Hiking
lRPBCZ7j,Cooking
WwT7oOe8,Painting
WwT7oOe8,Reading
G0z7HAai,Cycling
bKrgKaHe,Hiking
EmJlfBWW,Reading
EmJlfBWW,Cycling
EmJlfBWW,Cooking
QrC0lEfw,Gardening
QrC0lEfw,Reading
QrC0lEfw,Painting
atUvWDwV,Hiking
THnv7xAA,Reading
THnv7xAA,Hiking
r3Qf3TP9,Gardening
r3Qf3TP9,Hiking
XCgYDnLM,Reading
Po31y7jj,Gardening
Po31y7jj,Cycling
3dBDKaYk,Cycling
3dBDKaYk,Gardening
3dBDKaYk,Reading
kfBQhWJW,Cooking
iF2DG1vG,Painting
iF2DG1vG,Cooking
iF2DG1vG,Reading
oKXrxDL4,Cycling
oKXrxDL4,Painting
oKXrxDL4,Reading
A25Lhc3m,Reading
A25Lhc3m,Painting
A25Lhc3m,Cooking
I3NYGmPB,Reading
I3NYGmPB,Cycling
avxfvKlE,Cooking
avxfvKlE,Reading
VbIyPKl0,Painting
VbIyPKl0,Gardening
lq2EiyYI,Painting
y1A2mOy5,Hiking
y1A2mOy5,Painting
P4c0LQOY,Gardening
P4c0LQOY,Cycling
P4c0LQOY,Painting
JkTfwm0F,Cooking
FuLIeJs1,Painting
FuLIeJs1,Reading
FuLIeJs1,Cooking
5xDYmJsL,Cooking
gzGTC5bh,Hiking
XQ6ItMlc,Hiking
ST0p0HEN,Cooking
ccIWACLi,Cycling
ccIWACLi,Gardening
o05CBjUd,Cooking
o05CBjUd,Hiking
3yoALUlp,Hiking
3yoALUlp,Cycling
3yoALUlp,Reading
5cuv3JdS,Hiking
5cuv3JdS,Gardening
5cuv3JdS,Cycling
RWP6aX90,Cooking
0SZGYIxO,Hiking
0SZGYIxO,Painting
0SZGYIxO,Cycling
urIOEsfw,Gardening
urIOEsfw,Hiking
BELrZLrb,Cooking
BELrZLrb,Hiking
bMNOzl1Z,Painting
bMNOzl1Z,Cycling
bMNOzl1Z,Gardening
Vu9ujPFY,Hiking
Vu9ujPFY,Gardening
WguSwvd8,Painting
Mdj5hXPM,Gardening
Mdj5hXPM,Cooking
Mdj5hXPM,Painting
8APfAtyO,Painting
8APfAtyO,Reading
ZVSTbqmy,Gardening
ZVSTbqmy,Painting
ZVSTbqmy,Reading
AUsVmsK9,Hiking
tnbxf9Gb,Cooking
tnbxf9Gb,Gardening
i3zj3cNs,Cycling
i3zj3cNs,Painting
i3zj3cNs,Cooking
Mt880bZ1,Reading
Mt880bZ1,Gardening
oldSwbpc,Reading
oldSwbpc,Hiking
oldSwbpc,Gardening
jdu1U7p6,Reading
jdu1U7p6,Gardening
NrPxQARI,Cycling
lALzDfxR,Cycling
lALzDfxR,Painting
rq3NIqrO,Cooking
Jd5mS40f,Cooking
8ASuK3qG,Cooking
8ASuK3qG,Hiking
tIs1t8Os,Painting
FAiWaRhO,Cooking
FAiWaRhO,Reading
8pmKb3NT,Cooking
8pmKb3NT,Painting
8pmKb3NT,Cycling
W7yjz0ws,Cooking
W7yjz0ws,Gardening
W7yjz0ws,Cycling
QcBRV2uq,Cycling
QcBRV2uq,Reading
9fC2h9Tb,Reading
9fC2h9Tb,Cycling
553R3g1B,Hiking
553R3g1B,Reading
553R3g1B,Gardening
gvPZccJ0,Cooking
F2xnD6Ix,Hiking
H5QWT1pA,Cycling
H5QWT1pA,Gardening
rjaSckPS,Cooking
rjaSckPS,Cycling
Kw29TxPu,Cooking
Kw29TxPu,Gardening
PtY8zGDZ,Gardening
PtY8zGDZ,Cycling
RyEcUrhq,Hiking
RyEcUrhq,Gardening
RyEcUrhq,Cycling
qw3piMUf,Cooking
qw3piMUf,Reading
kf2QuQmn,Painting
kf2QuQmn,Cycling
p3YmHNBE,Cooking
p3YmHNBE,Reading
p3YmHNBE,Gardening
TQufwQ4q,Cooking
HG8XtHZm,Hiking
HG8XtHZm,Cooking
HG8XtHZm,Gardening
LeZY3por,Hiking
LeZY3por,Painting
LeZY3por,Cooking
XVMGZGRC,Reading
p88hwMr0,Cycling
CHGbjcIb,Cycling
CHGbjcIb,Gardening
cS1kv8EE,Hiking
cS1kv8EE,Painting
cS1kv8EE,Reading
AgJI2jh0,Reading
m5GM1uBp,Gardening
dCLUqUum,Gardening
DaDMK964,Cooking
DaDMK964,Cycling
Op1yd4k0,Painting
KFeT3pR1,Hiking
KFeT3pR1,Cycling
KFeT3pR1,Painting
arQ6Wagb,Gardening
arQ6Wagb,Cooking
c9mkHeMX,Cycling
ZnHZRLMv,Gardening
ZnHZRLMv,Cooking
2YYZ6bJa,Cooking
2YYZ6bJa,Hiking
RNN3njCa,Cooking
RNN3njCa,Gardening
0PzQxenf,Gardening
0PzQxenf,Hiking
JhGrWazu,Cycling
WEIGXjz6,Gardening
7APgTZk8,Cycling
FTof0vfr,Reading
FTof0vfr,Painting
MTbIe4ga,Gardening
ql3b3IFM,Hiking
MClX332n,Reading
MClX332n,Gardening
vdx5GUa9,Cooking
vdx5GUa9,Hiking
h4VbWwuI,Hiking
h4VbWwuI,Gardening
h4VbWwuI,Cycling
3NL6qqem,Cycling
3NL6qqem,Gardening
AWRh9p3P,Reading
AWRh9p3P,Hiking
hj7620Tj,Hiking
wv4eh1IZ,Cooking
wv4eh1IZ,Hiking
8MI22o4F,Gardening
8MI22o4F,Cycling
oQV5Sv1y,Reading
oQV5Sv1y,Cycling
oQV5Sv1y,Gardening
tbHoq7Tn,Cooking
7Gh2QSuN,Gardening
A5x2YX8R,Gardening
A5x2YX8R,Hiking
IVkLrycq,Hiking
IVkLrycq,Painting
BMXHRCGO,Painting
BMXHRCGO,Cycling
BMXHRCGO,Hiking
LcONqLWg,Hiking
LcONqLWg,Cooking
U8Wf1rfw,Cooking
3dCPC4Et,Gardening
dSmDRGNX,Gardening
dSmDRGNX,Hiking
brckunE1,Reading
brckunE1,Cooking
brckunE1,Painting
LdLKYAKk,Cooking
LdLKYAKk,Painting
LdLKYAKk,Cycling
DYuQ6mpw,Painting
fVdohLY2,Hiking
J695UcKc,Reading
J695UcKc,Painting
J695UcKc,Gardening
kdt1mdWy,Hiking
kdt1mdWy,Reading
kdt1mdWy,Gardening
gYKhFNO2,Cooking
gYKhFNO2,Hiking
gYKhFNO2,Painting
gbajT5S6,Gardening
gbajT5S6,Reading
x1JJj6rb,Gardening
lf1otqqK,Reading
lf1otqqK,Hiking
EVY6CIkQ,Reading
CNvpFgIf,Painting
VY7NpNIc,Gardening
VY7NpNIc,Hiking
VY7NpNIc,Cooking
nrKhxyeA,Hiking
nrKhxyeA,Gardening
117wXU2U,Cooking
oMHz6Ayq,Cooking
lpei1HSq,Painting
7t5u1cPV,Cycling
7t5u1cPV,Painting
7t5u1cPV,Gardening
J6zjKmTK,Cooking
J6zjKmTK,Cycling
o5WYc51V,Cooking
87pm5BvJ,Painting
P1DXnRNO,Gardening
P1DXnRNO,Reading
GOlAeuIa,Cooking
GOlAeuIa,Painting
VglVbIg1,Reading
VglVbIg1,Cycling
VglVbIg1,Hiking
BEv8denC,Hiking
BEv8denC,Reading
FUCURYVW,Painting
FUCURYVW,Cycling
FUCURYVW,Hiking
xIasDAB7,Cycling
xIasDAB7,Reading
xIasDAB7,Gardening
MJm3HQyb,Reading
MJm3HQyb,Gardening
krw2Yc4z,Cooking
qJ926uOW,Reading
cQSAOXhc,Cycling
cQSAOXhc,Gardening
8DaAvPbB,Painting
VOSft8Si,Gardening
AUZ06Wsz,Cooking
AUZ06Wsz,Reading
AUZ06Wsz,Gardening
klbiB0M1,Cooking
klbiB0M1,Gardening
klbiB0M1,Hiking
WI76DVRb,Gardening
WI76DVRb,Cycling
WI76DVRb,Reading
sf4Ymr6Q,Reading
tgidEJ3y,Cooking
tgidEJ3y,Reading
tgidEJ3y,Gardening
RgNMMzec,Painting
RgNMMzec,Reading
hZ1qAkBX,Hiking
hZ1qAkBX,Reading
hZ1qAkBX,Painting
lKcOu0CD,Painting
lKcOu0CD,Reading
lKcOu0CD,Gardening
nW3P15xG,Reading
nW3P15xG,Cooking
1TTeqLsd,Hiking
1TTeqLsd,Painting
1TTeqLsd,Reading
BMlE4dX6,Gardening
BMlE4dX6,Painting
BMlE4dX6,Reading
myxnv3EC,Gardening
KZswe9w3,Cooking
KZswe9w3,Painting
q3RXnjKa,Cycling
6PI0W7Ow,Hiking
6PI0W7Ow,Reading
iCQHx8dq,Painting
FzcXdqRB,Cycling
dCC56CGX,Gardening
dCC56CGX,Cycling
dCC56CGX,Hiking
grE9YeLw,Hiking
grE9YeLw,Painting
Wia0s5gy,Cooking
Wia0s5gy,Hiking
Wia0s5gy,Gardening
ukz9jLYe,Painting
ukz9jLYe,Cycling
RNXZqTkN,Cooking
H8v3Em3f,Painting
q7V0mJH0,Cycling
QkBMQFjc,Painting
QkBMQFjc,Reading
QkBMQFjc,Cooking
QgLKdrtf,Cooking
QgLKdrtf,Hiking
LPP3OeqU,Hiking
LPP3OeqU,Cycling
LPP3OeqU,Gardening
Dgsw1NJb,Cooking
DFU2Yqug,Painting
M5FyMobM,Cycling
M5FyMobM,Hiking
M5FyMobM,Reading
O1yyJRqE,Cooking
O1yyJRqE,Reading
jIyXo8cE,Hiking
jIyXo8cE,Reading
jIyXo8cE,Gardening
9nGMdP7A,Cooking
6E7FV7BM,Gardening
6E7FV7BM,Cycling
6E7FV7BM,Painting
vGzAGOzR,Hiking
vGzAGOzR,Painting
vGzAGOzR,Reading
tS2pcQxi,Reading
tS2pcQxi,Painting
tS2pcQxi,Hiking
iBmQwq1i,Cycling
iBmQwq1i,Hiking
uThgFAQ8,Gardening
uThgFAQ8,Cooking
CZFipJyQ,Cycling
CZFipJyQ,Painting
CZFipJyQ,Reading
T4w9YNn9,Reading
T4w9YNn9,Cooking
udLBfotI,Cycling
udLBfotI,Gardening
udLBfotI,Hiking
RUPDMOPv,Gardening
RUPDMOPv,Painting
uRgDOUDI,Cycling
8Wul8fAH,Hiking
Q3hy05nk,Hiking
Q3hy05nk,Gardening
Hn0uxdiu,Painting
ZGnTKI8d,Cooking
ZGnTKI8d,Gardening
ZGnTKI8d,Cycling
BvSrksh8,Gardening
BvSrksh8,Hiking
g7C8iVIA,Cycling
g7C8iVIA,Reading
cuw3ndzA,Hiking
rwmt1kCN,Cooking
rwmt1kCN,Reading
SRmy7qCK,Hiking
40Y7B1CQ,Hiking
rd7cufUP,Cycling
rd7cufUP,Hiking
rd7cufUP,Cooking
Uunao8GE,Painting
VSfNLxn9,Reading
nQjQ1imd,Cooking
nQjQ1imd,Painting
PJoknGMy,Painting
PJoknGMy,Hiking
JPJU5hvU,Painting
We13LwyU,Cycling
6tz0sKI8,Gardening
ordkedGj,Cycling
OTeIgsdz,Reading
OTeIgsdz,Painting
OTeIgsdz,Gardening
0lG2GYB6,Reading
0lG2GYB6,Cycling
W3v7RL1q,Gardening
W3v7RL1q,Cooking
W3v7RL1q,Cycling
N0Kc9Kom,Reading
N0Kc9Kom,Cooking
N0Kc9Kom,Painting
mrUtfYO8,Cooking
AisCAyoF,Reading
ALKNUklg,Cycling
T3gG3sn4,Hiking
T3gG3sn4,Reading
T3gG3sn4,Painting
sOBiikQb,Gardening
Fk2rlg4m,Cycling
Fk2rlg4m,Reading
Fk2rlg4m,Painting
PuSFArsP,Reading
PuSFArsP,Hiking
aIYQtKJO,Cycling
aIYQtKJO,Hiking
qUf5YMzF,Gardening
umkpyOBO,Cooking
O3hJTD7E,Painting
O3hJTD7E,Gardening
JdO1OYgA,Painting
JdO1OYgA,Hiking
JdO1OYgA,Gardening
bdzTyEBF,Cycling
mO2HXIDf,Cycling
mO2HXIDf,Painting
mO2HXIDf,Gardening
ZYijTZiU,Cooking
f8zAS4X0,Cooking
f8zAS4X0,Painting
l34E4ikP,Reading
u5QfJ0S6,Painting
u5QfJ0S6,Hiking
hbx6Homw,Painting
EqsoHco9,Gardening
cytOprBM,Hiking
9wbBbPCk,Reading
xjs4bEmt,Cooking
8EpKQAPW,Gardening
8EpKQAPW,Cooking
8EpKQAPW,Cycling
w8cX8XFE,Gardening
w8cX8XFE,Hiking
pYOHfMsB,Hiking
pYOHfMsB,Cooking
CiOaBQMJ,Cooking
eCbFamdK,Reading
h5jC5Ego,Reading
9LsQbXR3,Painting
Qs5Q3hdC,Hiking
Qs5Q3hdC,Gardening
glNnjWTU,Gardening
bPezUwTp,Reading
HhG1JUVo,Cooking
5MEHNGw2,Gardening
5MEHNGw2,Cycling
5MEHNGw2,Hiking
mK0V59wF,Hiking
G04jtIUR,Gardening
G04jtIUR,Cooking
G04jtIUR,Hiking
Tk7i4Svu,Hiking
CyCPFzyC,Cycling
CyCPFzyC,Hiking
wNJQTJwe,Cycling
wNJQTJwe,Cooking
wNJQTJwe,Hiking
0a6FIyJQ,Cycling
0a6FIyJQ,Hiking
0a6FIyJQ,Painting
LgBuTjGy,Cooking
LgBuTjGy,Cycling
LgBuTjGy,Gardening
0RvR8avj,Cooking
esfSWRjk,Hiking
esfSWRjk,Cycling
lnLHJzNe,Painting
YtQLCsPl,Hiking
YtQLCsPl,Cooking
YtQLCsPl,Gardening
oFNkDaC2,Cycling
UofJT42c,Reading
NjhvOcf4,Reading
NjhvOcf4,Hiking
NjhvOcf4,Cooking
ElO3mLvZ,Hiking
dxi2aavP,Cooking
dxi2aavP,Cycling
LumqyjdQ,Hiking
Kx5emwv5,Painting
Kx5emwv5,Hiking
Kx5emwv5,Cycling
ZNjqhJkN,Gardening
ZNjqhJkN,Painting
ZNjqhJkN,Cycling
FjgWaUb4,Cooking
FjgWaUb4,Gardening
PTkcUBGK,Hiking
PTkcUBGK,Painting
PTkcUBGK,Cycling
sT2eXXjF,Hiking
NYxqRnIO,Painting
NYxqRnIO,Gardening
4ZhA2D09,Cycling
AL9lzmv8,Cooking
AL9lzmv8,Hiking
AL9lzmv8,Reading
fROcO1zh,Hiking
GaHUpWVN,Gardening
GaHUpWVN,Painting
GaHUpWVN,Hiking
pLgjpQIT,Cycling
pLgjpQIT,Cooking
1jB6bHL0,Cooking
1jB6bHL0,Gardening
xys5Gcwj,Gardening
xys5Gcwj,Hiking
A9BlSyTY,Gardening
pHWhy8Aj,Reading
pHWhy8Aj,Gardening
pHWhy8Aj,Painting
tWXfydrO,Cycling
tWXfydrO,Hiking
tJmdo5p7,Cycling
bUZB4oPu,Gardening
yJWXAUFG,Cooking
POnCx9nl,Hiking
DvAmUwIY,Cycling
hDCejBhq,Painting
hDCejBhq,Cycling
VUSqWdbV,Reading
VUSqWdbV,Cooking
VUSqWdbV,Cycling
CYSfdGmr,Cooking
CYSfdGmr,Hiking
NvpKmziJ,Hiking
NvpKmziJ,Painting
iwUN7irJ,Reading
iwUN7irJ,Cooking
bfFZmPFF,Gardening
bfFZmPFF,Cooking
VRBuV4Hn,Cycling
giORcvqL,Cooking
giORcvqL,Gardening
mClq1Xrt,Cycling
lbPbxqry,Hiking
lbPbxqry,Reading
lbPbxqry,Gardening
3QmPgdaY,Hiking
3QmPgdaY,Cooking
3QmPgdaY,Cycling
RxW4806A,Cooking
RxW4806A,Cycling
mh3Ue2yO,Painting
mh3Ue2yO,Cooking
r7HoJnE8,Cooking
r7HoJnE8,Reading
5jud1EBc,Hiking
5jud1EBc,Painting
5jud1EBc,Gardening
I0lP7TbQ,Gardening
I0lP7TbQ,Hiking
I0lP7TbQ,Cycling
uVrRzoTR,Cooking
uVrRzoTR,Hiking
uVrRzoTR,Reading
f71R9K3J,Cooking
IoNxNaIT,Gardening
IoNxNaIT,Hiking
a1435zyp,Hiking
a1435zyp,Cooking
qizYhOLw,Reading
qizYhOLw,Cooking
74oY1bY2,Cooking
45sCkckV,Painting
45sCkckV,Cooking
45sCkckV,Cycling
KyaiJIdF,Hiking
zwknYgfD,Gardening
zwknYgfD,Painting
zwknYgfD,Reading
0QshslVV,Cooking
0QshslVV,Hiking
0QshslVV,Gardening
WdJLJQmp,Gardening
WdJLJQmp,Reading
WdJLJQmp,Hiking
t8HXRt7s,Cooking
t8HXRt7s,Reading
yJEcg27T,Gardening
yJEcg27T,Cooking
yJEcg27T,Hiking
6Glg5WNQ,Painting
uHg6w7R0,Cooking
uHg6w7R0,Cycling
uHg6w7R0,Hiking
vb3QdIX0,Painting
vb3QdIX0,Hiking
vb3QdIX0,Gardening
ClrYgcOE,Reading
Xgz86vjj,Painting
Xgz86vjj,Cooking
Xgz86vjj,Hiking
1mKtXmUu,Hiking
1mKtXmUu,Painting
1mKtXmUu,Cycling
mtJuZ65c,Reading
aEfINADG,Reading
aEfINADG,Cycling
aEfINADG,Gardening
BdHCTHPD,Cycling
hzlL7VMd,Painting
hzlL7VMd,Hiking
hzlL7VMd,Cooking
21cG4tuj,Cycling
21cG4tuj,Gardening
KtgPKlea,Painting
TKUbS989,Gardening
TKUbS989,Painting
HvLHRq6s,Cycling
HvLHRq6s,Cooking
HvLHRq6s,Hiking
QLmG3SMf,Gardening
QLmG3SMf,Cycling
mo8ocLl3,Painting
mo8ocLl3,Cycling
FyFUMs8Q,Painting
FyFUMs8Q,Reading
FyFUMs8Q,Hiking
2baekX3q,Cycling
2baekX3q,Gardening
Jtg7hTof,Reading
Jtg7hTof,Cooking
bNzBzxyJ,Hiking
bNzBzxyJ,Reading
DQRUhRuP,Hiking
4PKLVS39,Painting
4EXNY4ds,Cooking
EudvxoRf,Painting
aV4e2Wi8,Cycling
aV4e2Wi8,Painting
aV4e2Wi8,Gardening
NPK09DCe,Painting
NPK09DCe,Hiking
NPK09DCe,Cooking
Dc0bxbKT,Cooking
Dc0bxbKT,Painting
Dc0bxbKT,Gardening
LVC2AO75,Cooking
hVl1qGsv,Painting
6kxkY6H2,Gardening
6kxkY6H2,Reading
6kxkY6H2,Cycling
S3vTjNNf,Painting
S3vTjNNf,Gardening
S3vTjNNf,Cycling
oyAm7iAc,Cycling
jIRunyBm,Hiking
YxzrS6Ww,Gardening
OCi8LezG,Cycling
OCi8LezG,Cooking
OCi8LezG,Hiking
PvTixp40,Painting
WoBhk1fd,Gardening
AmXole4l,Hiking
AmXole4l,Reading
AmXole4l,Cooking
irmVj1kV,Reading
irmVj1kV,Gardening
irmVj1kV,Painting
xlnKpZLe,Reading
xlnKpZLe,Painting
xlnKpZLe,Cooking
DDAxoq08,Cycling
VxxacEZR,Cooking
T1vdV8zN,Gardening
T1vdV8zN,Cooking
T1vdV8zN,Cycling
UGlvAeBo,Reading
UGlvAeBo,Gardening
2GgvayeE,Gardening
nyQ3cs2w,Gardening
PScTK84F,Hiking
PScTK84F,Cycling
giGkIfdk,Painting
giGkIfdk,Gardening
AWqh3m4b,Reading
AWqh3m4b,Hiking
AWqh3m4b,Gardening
Xnk2CDNJ,Reading
Xnk2CDNJ,Gardening
qoyaCcR1,Cycling
qoyaCcR1,Reading
OT1GavVE,Cycling
OT1GavVE,Painting
OT1GavVE,Reading
UWy2YLgw,Gardening
UWy2YLgw,Painting
Zcuw2rth,Gardening
rCrSjed3,Cooking
rCrSjed3,Painting
qsqkqa3Q,Gardening
qsqkqa3Q,Reading
ZKRWiEsI,Gardening
ZKRWiEsI,Cooking
0VfiFRxJ,Cycling
ZoTb3Xct,Reading
sgnvP1IN,Reading
sgnvP1IN,Hiking
sgnvP1IN,Painting
dCu042Tn,Cycling
dCu042Tn,Painting
dCu042Tn,Gardening
i21rTAjt,Reading
MNVQtI4O,Painting
MNVQtI4O,Gardening
A2zfsyNA,Painting
dXGseEO2,Cycling
dXGseEO2,Reading
Y95zDB6D,Cooking
Y95zDB6D,Painting
Y95zDB6D,Gardening
b2ufk4jQ,Cooking
b2ufk4jQ,Reading
cL0zqp2i,Cooking
cL0zqp2i,Gardening
cL0zqp2i,Cycling
pSBUoWfG,Cycling
pSBUoWfG,Gardening
pSBUoWfG,Hiking
FqH0PptW,Painting
FqH0PptW,Reading
FqH0PptW,Cycling
Flchrpzz,Cycling
Flchrpzz,Gardening
Flchrpzz,Painting
xRhE3EGh,Painting
r6sXj7OT,Reading
r6sXj7OT,Painting
TTtcZ9uh,Cycling
TTtcZ9uh,Hiking
MvBI6kqR,Gardening
7dcoY6cr,Cooking
7dcoY6cr,Painting
NblnGDt7,Cooking
NblnGDt7,Gardening
gIXkkqqV,Hiking
gIXkkqqV,Painting
gIXkkqqV,Cooking
xrJcUThj,Cooking
Pi6zsFv1,Painting
SacV26Jw,Reading
tYrlilpU,Painting
tYrlilpU,Hiking
tYrlilpU,Cooking
146RbR24,Cooking
146RbR24,Reading
146RbR24,Painting
FEWTZL9F,Cooking
FEWTZL9F,Painting
Gdlg7iyC,Reading
Gdlg7iyC,Gardening
Gdlg7iyC,Hiking
IuIr7uj6,Cooking
IuIr7uj6,Cycling
IuIr7uj6,Hiking
d0KMM7Ez,Painting
zR1SqCE9,Reading
zR1SqCE9,Hiking
zR1SqCE9,Cooking
jKM2hvmX,Cooking
uwJw3fsi,Gardening
uwJw3fsi,Reading
aWdvl1kw,Hiking
aWdvl1kw,Cooking
rjhGV6r2,Cooking
rjhGV6r2,Reading
j7KhcKxX,Cooking
CVEgkJUh,Cycling
bmz4p1A2,Cycling
bmz4p1A2,Gardening
w6koo265,Painting
ME3hbh2q,Reading
mk3BG7Ya,Painting
mk3BG7Ya,Cycling
e9YcG4se,Gardening
e9YcG4se,Hiking
e9YcG4se,Painting
HKEWho3X,Hiking
HKEWho3X,Cooking
rPJeIVzN,Cycling
9VbJDXvi,Cooking
Iz3U1YPl,Cooking
Iz3U1YPl,Reading
cskNvaxV,Gardening
cskNvaxV,Cycling
cskNvaxV,Reading
xKyP806z,Painting
ITxD8oos,Gardening
ITxD8oos,Cycling
ITxD8oos,Reading
rQCpsr9l,Gardening
rQCpsr9l,Painting
rQCpsr9l,Cooking
V2g8bxRa,Cycling
V2g8bxRa,Painting
ovWqlNrS,Cycling
ovWqlNrS,Gardening
ovWqlNrS,Hiking
CgT3VC4h,Painting
CgT3VC4h,Gardening
0PPpOn1w,Gardening
0PPpOn1w,Cooking
QYNkOCu2,Hiking
QYNkOCu2,Painting
QYNkOCu2,Reading
wikvI9Ql,Reading
wikvI9Ql,Painting
wikvI9Ql,Hiking
0d7jNxbv,Gardening
0d7jNxbv,Cycling
ohyrCpuA,Painting
ohyrCpuA,Cooking
ohyrCpuA,Gardening
fdCvXPBr,Cycling
fdCvXPBr,Hiking
fdCvXPBr,Gardening
PZjOkLOZ,Cycling
PZjOkLOZ,Gardening
IU8drhEu,Cycling
IU8drhEu,Hiking
KjCHTSEC,Cycling
uuZOZZJ5,Hiking
uuZOZZJ5,Cooking
aCeF50sa,Reading
7zYcorp9,Painting
7zYcorp9,Hiking
7zYcorp9,Gardening
Lb0dpdTU,Painting
Lb0dpdTU,Reading
Lb0dpdTU,Cooking
FPfV0km8,Cycling
QVXTLdXS,Reading
uo2h1dfu,Cooking
uo2h1dfu,Painting
dYqL3rM2,Hiking
dYqL3rM2,Reading
dYqL3rM2,Gardening
MJJmC4Tp,Painting
MJJmC4Tp,Reading
MJJmC4Tp,Gardening
IYG9aDgU,Painting
IYG9aDgU,Hiking
rEaP9R3Z,Cycling
rEaP9R3Z,Hiking
rEaP9R3Z,Reading
qfLk9ely,Cycling
G87pXV4U,Cycling
UbxzZVHI,Cooking
UbxzZVHI,Gardening
UbxzZVHI,Cycling
2SpO77Vp,Cooking
5MywhW5b,Reading
7Y7kwIYQ,Gardening
FOyJVrei,Cooking
FOyJVrei,Reading
IGUvQx8O,Hiking
Y5MWpYWz,Hiking
Y5MWpYWz,Painting
Y5MWpYWz,Gardening
BZAZSXwU,Cooking
BZAZSXwU,Painting
BZAZSXwU,Gardening
deVWEQHv,Gardening
deVWEQHv,Painting
deVWEQHv,Hiking
0aZL4MMF,Reading
C0MQt7Y7,Reading
C0MQt7Y7,Hiking
C0MQt7Y7,Cooking
crEK0TyJ,Cooking
LOKyTuyU,Cooking
LOKyTuyU,Cycling
LOKyTuyU,Reading
nbLKHxBa,Cooking
nbLKHxBa,Painting
nbLKHxBa,Reading
MMusucUG,Cycling
0ePjYn1Z,Cooking
0ePjYn1Z,Reading
nUDZ2crv,Reading
67XYQ25h,Reading
67XYQ25h,Cooking
7CiwB2zJ,Cooking
7CiwB2zJ,Cycling
7CiwB2zJ,Reading
4qRE8oWr,Painting
4qRE8oWr,Hiking
4qRE8oWr,Reading
kvyE1ZRq,Reading
pNVqrS8L,Cooking
CiiTLplM,Hiking
CiiTLplM,Painting
CiiTLplM,Reading
WM6KDPBY,Reading
WM6KDPBY,Painting
WM6KDPBY,Cooking
zPeWZSjo,Painting
zPeWZSjo,Reading
aZaiipCD,Gardening
aZaiipCD,Painting
aZaiipCD,Hiking
W1FmQn5W,Cooking
hte5D21Y,Painting
hte5D21Y,Reading
MPW5u3D4,Hiking
MPW5u3D4,Cycling
MPW5u3D4,Cooking
atVbVLgl,Cooking
atVbVLgl,Painting
iReRn0yQ,Cycling
iReRn0yQ,Painting
RNEEIqkU,Hiking
RNEEIqkU,Cycling
RNEEIqkU,Gardening
1TejHXMH,Gardening
1TejHXMH,Painting
5v9RQ7El,Cycling
5v9RQ7El,Cooking
r3og1s0o,Reading
f0zXFWsQ,Hiking
f0zXFWsQ,Cycling
f0zXFWsQ,Painting
QlDWQ1Lb,Painting
QlDWQ1Lb,Cycling
QlDWQ1Lb,Cooking
h48IhU49,Hiking
U5jcecSU,Gardening
U5jcecSU,Cooking
U5jcecSU,Reading
PvuCSgmd,Reading
PvuCSgmd,Gardening
PvuCSgmd,Painting
MY3LT2lp,Hiking
YNSrU60l,Painting
YNSrU60l,Cooking
YNSrU60l,Hiking
wDcToNHG,Hiking
qiY1fTMN,Cooking
89Ylz8Gy,Hiking
89Ylz8Gy,Reading
X505HDAO,Gardening
nxuNMW6D,Cycling
nxuNMW6D,Reading
nxuNMW6D,Painting
9LqgBmLZ,Cycling
9LqgBmLZ,Painting
dFM5fw9Q,Hiking
dFM5fw9Q,Painting
dFM5fw9Q,Cycling
wnnJ3XjN,Painting
IN867JHp,Painting
U40rY0EG,Gardening
U40rY0EG,Cooking
JaqcCBO2,Cycling
ULpmPPpN,Cooking
ULpmPPpN,Hiking
a05FSCld,Cooking
ljPqNAb4,Gardening
ljPqNAb4,Cycling
ljPqNAb4,Painting
bL86Owce,Painting
bL86Owce,Gardening
bL86Owce,Cooking
5vNarX8B,Cycling
5vNarX8B,Cooking
W6x3IpqZ,Cycling
W6x3IpqZ,Reading
W6x3IpqZ,Hiking
kkFs7Xp6,Reading
kkFs7Xp6,Cooking
bruLD9P8,Cooking
bruLD9P8,Reading
7MRdTRFe,Painting
7MRdTRFe,Cycling
7MRdTRFe,Gardening
ouh3aeLM,Cycling
ouh3aeLM,Gardening
XN9qmFB3,Painting
XN9qmFB3,Cooking
Ov6E8AfW,Cycling
3auLXzsS,Reading
3auLXzsS,Gardening
WcgUWFws,Cycling
WcgUWFws,Reading
WcgUWFws,Cooking
9y2P3jmB,Cycling
9y2P3jmB,Hiking
zWt2ixME,Cycling
zWt2ixME,Hiking
lURCCoCz,Hiking
Opb3kOwn,Cycling
Opb3kOwn,Painting
Opb3kOwn,Hiking
vA904TTj,Cycling
vA904TTj,Gardening
vA904TTj,Hiking
fn5Y0agS,Cycling
BvhgzRSR,Reading
BvhgzRSR,Hiking
zwODU7z2,Gardening
zwODU7z2,Hiking
GXbmEKyF,Cycling
GXbmEKyF,Hiking
GXbmEKyF,Reading
wpAI40Sv,Gardening
iDIra96s,Reading
iDIra96s,Hiking
BQCFPcBQ,Cooking
ebp7Z9nz,Cycling
ebp7Z9nz,Hiking
4SqdJQM2,Painting
4SqdJQM2,Hiking
oPeOq0GJ,Cycling
gp7AjXaI,Hiking
gp7AjXaI,Painting
0RKgYt9g,Hiking
0RKgYt9g,Cycling
0RKgYt9g,Reading
QET9xroL,Painting
QET9xroL,Reading
QET9xroL,Gardening
RXlLdspt,Hiking
nAy8UIaO,Painting
seX2UEZx,Painting
seX2UEZx,Cooking
Dr4CpVNk,Painting
IJW6GODm,Gardening
IJW6GODm,Cooking
MDlM0RV1,Reading
8RNX0733,Gardening
8RNX0733,Reading
pBYoUmll,Cooking
PrlZ5U2t,Cycling
0jwqMccn,Reading
0jwqMccn,Cooking
Kb6BvNUg,Reading
bizM0R85,Painting
bizM0R85,Gardening
GZtoIGkz,Reading
GZtoIGkz,Hiking
GZtoIGkz,Cycling
PZixR4T0,Reading
PZixR4T0,Cooking
sKgCZAFT,Hiking
sKgCZAFT,Painting
sKgCZAFT,Reading
jO0OFAWA,Painting
jO0OFAWA,Hiking
PgQGZNNR,Gardening
Tnif9prd,Painting
Tnif9prd,Cycling
Tnif9prd,Gardening
DnBM7spm,Reading
DnBM7spm,Cooking
B43ru3Qt,Painting
B43ru3Qt,Hiking
B43ru3Qt,Reading
mma8UE32,Cooking
3n3XNCOF,Hiking
3n3XNCOF,Gardening
SFQGHLoY,Cooking
SFQGHLoY,Gardening
SFQGHLoY,Cycling
sRK47B8t,Hiking
sRK47B8t,Painting
jzPLcAra,Hiking
o7A3VuYc,Cooking
o7A3VuYc,Cycling
yAaxYIGM,Gardening
yAaxYIGM,Hiking
yAaxYIGM,Cycling
9uiY4p7S,Reading
9uiY4p7S,Cooking
9uiY4p7S,Cycling
dtozCAsl,Painting
dtozCAsl,Hiking
r8lKwqkE,Cycling
r8lKwqkE,Painting
r8lKwqkE,Hiking
09uQIrR7,Cooking
fBkoWMAw,Gardening
fBkoWMAw,Reading
ZBhFyKIm,Reading
ZBhFyKIm,Hiking
ZBhFyKIm,Cooking
aEQoVvRh,Painting
6Rw2JlpE,Reading
6Rw2JlpE,Painting
6Rw2JlpE,Cooking
s0sAXeZ6,Hiking
s0sAXeZ6,Gardening
5tjMwJp8,Cooking
5tjMwJp8,Painting
xxzB0oOE,Gardening
xxzB0oOE,Hiking
xxzB0oOE,Cooking
KpXFqgGu,Hiking
icUVthxi,Reading
icUVthxi,Cooking
MEDzroqj,Painting
0ETd1Bt5,Cycling
0ETd1Bt5,Gardening
0ETd1Bt5,Cooking
vndSaOft,Hiking
vndSaOft,Gardening
NnmDBawz,Cooking
NnmDBawz,Hiking
8ZKGiaOj,Hiking
8ZKGiaOj,Reading
8ZKGiaOj,Gardening
PVkT0G2C,Gardening
PVkT0G2C,Hiking
CRPKdMEx,Cycling
CRPKdMEx,Cooking
9WJaLWj7,Cycling
9WJaLWj7,Reading
uceFsJvs,Cooking
uceFsJvs,Hiking
rdPprCT7,Painting
rdPprCT7,Reading
qsSePj8s,Painting
qsSePj8s,Cooking
wCKqciEO,Cooking
Thq2mP9K,Cycling
Thq2mP9K,Cooking
LFG9bPtf,Gardening
5q4CiXfZ,Gardening
0EvjmUnJ,Cycling
GQO0HztA,Hiking
GQO0HztA,Painting
GQO0HztA,Cooking
R0fmkMrz,Gardening
R0fmkMrz,Reading
THrptHop,Cycling
THrptHop,Painting
THrptHop,Cooking
OCNx7kha,Painting
OCNx7kha,Hiking
UHYXDyyv,Gardening
UHYXDyyv,Painting
annnBBuI,Cycling
annnBBuI,Cooking
qOYLMqql,Painting
qOYLMqql,Gardening
Br3vODHP,Cycling
y8TiZUVE,Cooking
y8TiZUVE,Cycling
y8TiZUVE,Gardening
w1EhVcgZ,Cycling
w1EhVcgZ,Painting
hyoEMxWL,Reading
hyoEMxWL,Hiking
hyoEMxWL,Painting
x6vb6Y8o,Hiking
Qlrbf1uV,Gardening
Qlrbf1uV,Cooking
o3xqpbq5,Cooking
o3xqpbq5,Gardening
o3xqpbq5,Reading
trNsceKu,Cycling
BA8XkmHa,Cooking
BA8XkmHa,Cycling
ZNOKs0x3,Cycling
ZNOKs0x3,Cooking
ZNOKs0x3,Hiking
vQ5Nh3jx,Gardening
vQ5Nh3jx,Reading
hgaMO0N0,Reading
hgaMO0N0,Painting
YEG3DQB5,Cooking
YEG3DQB5,Cycling
YEG3DQB5,Hiking
wilMToeI,Gardening
wilMToeI,Cycling
P1Ug2Ym8,Cooking
P1Ug2Ym8,Reading
mHOxCnaB,Gardening
mHOxCnaB,Cooking
mHOxCnaB,Cycling
hLgfqN6S,Cooking
fghh2rIB,Gardening
3gVogaxa,Painting
3gVogaxa,Cooking
4pPIP9PZ,Cycling
4pPIP9PZ,Gardening
4pPIP9PZ,Painting
AfX8kwPt,Painting
Lbibpfy1,Cycling
0hMSLc3O,Cooking
0hMSLc3O,Reading
8ZxGzYiP,Hiking
8ZxGzYiP,Cycling
8uiGDIBe,Reading
Hr3SClN0,Gardening
dlW2fpxH,Hiking
dlW2fpxH,Painting
Q2sDOjei,Gardening
Q2sDOjei,Cycling
Deajxup8,Cycling
Deajxup8,Gardening
8fw6Ocgc,Reading
pKbwrxJQ,Hiking
9ONHcS2f,Gardening
9ONHcS2f,Painting
wlFG2aVL,Cooking
MFbrRife,Cooking
bHXsrx4U,Gardening
bHXsrx4U,Cooking
bHXsrx4U,Reading
B6Kme5S9,Cycling
JVXiNCN3,Cycling
TPJHM2Sj,Painting
TPJHM2Sj,Cycling
3xxC498Y,Hiking
3xxC498Y,Cooking
3xxC498Y,Reading
c7Ba0d1s,Cooking
c7Ba0d1s,Hiking
c7Ba0d1s,Cycling
N5WzFhC6,Painting
N5WzFhC6,Gardening
N5WzFhC6,Hiking
xvwnzKSY,Cooking
xvwnzKSY,Painting
q2YXmKlN,Cycling
9VlqMmBo,Cooking
9VlqMmBo,Cycling
gkmVEhl7,Hiking
lqEBnirm,Cycling
lqEBnirm,Reading
90sAXH6O,Painting
90sAXH6O,Gardening
UBzDQ4gT,Cooking
UBzDQ4gT,Gardening
UBzDQ4gT,Cycling
MzOY78Qe,Cycling
iMUjvn5B,Painting
iMUjvn5B,Hiking
WoNovIXN,Reading
WoNovIXN,Cycling
WoNovIXN,Painting
2d4EYmy0,Cooking
jf158Nte,Cooking
jf158Nte,Cycling
jf158Nte,Painting
A5KGKsQm,Hiking
eDZu87v5,Cycling
eDZu87v5,Gardening
7P79jjSZ,Painting
7P79jjSZ,Cycling
tCuJU2Gv,Cooking
tCuJU2Gv,Hiking
3LlVaUmb,Gardening
5OWcFl0o,Cooking
5OWcFl0o,Hiking
JmIOIRm3,Gardening
JmIOIRm3,Painting
YatrrSx0,Hiking
YatrrSx0,Cooking
YatrrSx0,Gardening
KIvPQ2jd,Cycling
MCEWT29S,Cycling
MCEWT29S,Painting
XfCQDgwD,Painting
XfCQDgwD,Cooking
XfCQDgwD,Reading
XaqJyYnm,Reading
XaqJyYnm,Painting
XaqJyYnm,Cooking
JeMbr8c6,Painting
JeMbr8c6,Cycling
PYkXfV0Z,Hiking
pwHwgIuM,Hiking
pwHwgIuM,Painting
7Rp5xKpL,Gardening
7Rp5xKpL,Cooking
7Rp5xKpL,Reading
wPJSQ6cg,Gardening
3xxbCb1z,Reading
3xxbCb1z,Cycling
WxiBR5PO,Cycling
WxiBR5PO,Cooking
U3nRDJcQ,Cycling
U3nRDJcQ,Painting
U3nRDJcQ,Cooking
7a5nFhU8,Gardening
7a5nFhU8,Cycling
hIRJDdhC,Hiking
hIRJDdhC,Cooking
RutTsa7G,Cycling
RutTsa7G,Painting
RutTsa7G,Hiking
4Pry4Jik,Gardening
sWKslSVC,Cooking
sWKslSVC,Cycling
sWKslSVC,Hiking
wp2z1BL5,Reading
wp2z1BL5,Cycling
INIsao70,Gardening
ISanuCE2,Cycling
ISanuCE2,Cooking
ISanuCE2,Gardening
KbkS9Cf5,Cooking
KbkS9Cf5,Cycling
bLGn0JWj,Painting
bLGn0JWj,Cooking
bLGn0JWj,Hiking
AiLgHAyk,Cooking
AiLgHAyk,Gardening
K6MkmiHg,Hiking
bgcdXvvy,Gardening
bgcdXvvy,Hiking
bgcdXvvy,Painting
AxwkRlMU,Gardening
AxwkRlMU,Painting
AxwkRlMU,Cooking
mtlvzIxl,Painting
Ubd4ip4z,Cooking
Ubd4ip4z,Reading
JTn89WCf,Painting
JTn89WCf,Gardening
JTn89WCf,Reading
7stAjYxe,Cooking
7stAjYxe,Painting
7stAjYxe,Reading
u72sIdEz,Gardening
u72sIdEz,Hiking
u72sIdEz,Cycling
Wx3rUMdQ,Reading
9qmDQdMp,Painting
n2eYAWnv,Reading
n2eYAWnv,Cycling
9GM8JEJZ,Gardening
9GM8JEJZ,Reading
93dplYId,Hiking
93dplYId,Cooking
93dplYId,Reading
B5Hjxs16,Hiking
A56M8io4,Painting
A56M8io4,Cooking
A56M8io4,Reading
wBdi4Op9,Hiking
wBdi4Op9,Cycling
CpwPb1L3,Reading
CpwPb1L3,Painting
CpwPb1L3,Hiking
uNqEEj6Q,Painting
QbcOq5Pz,Painting
QbcOq5Pz,Reading
QbcOq5Pz,Cooking
pvXBOe6f,Hiking
DkMwmrjn,Painting
7UJS7JUH,Hiking
7UJS7JUH,Cooking
U4X2HY02,Hiking
KrtAmiZk,Cooking
8IpTZLJH,Cycling
GgEkST75,Hiking
GgEkST75,Painting
GgEkST75,Reading
GraqyPTr,Cooking
ZHuHSXH3,Cycling
ZHuHSXH3,Gardening
ItTN9aMK,Painting
yxpRLken,Cycling
yxpRLken,Cooking
yxpRLken,Gardening
JS3M2tCE,Gardening
JS3M2tCE,Cooking
JS3M2tCE,Reading
cZ1GOgvR,Reading
JnUoBgtE,Cooking
bmoT5V6D,Hiking
bmoT5V6D,Cooking
bmoT5V6D,Cycling
XLUL4EP3,Cooking
XLUL4EP3,Painting
XLUL4EP3,Gardening
OSAIEYFI,Painting
0sU9OboO,Painting
0sU9OboO,Hiking
0sU9OboO,Reading
yQimZ7HL,Reading
XzLPVMmV,Cycling
ts6jSfBj,Painting
ts6jSfBj,Reading
wb1VAZFd,Gardening
ay2tdUzM,Painting
ay2tdUzM,Hiking
H9zjoKAa,Gardening
H9zjoKAa,Cooking
V31UvQmS,Painting
V31UvQmS,Hiking
V31UvQmS,Cooking
BRVLuDhk,Painting
BRVLuDhk,Reading
BRVLuDhk,Cooking
xSHScNl9,Cycling
xSHScNl9,Cooking
SEO5J52f,Cooking
mhy0BU6F,Painting
mhy0BU6F,Reading
yeXlGLjF,Gardening
A30mnjZv,Reading
3XqeiJTQ,Cycling
3XqeiJTQ,Cooking
cvz0DrDn,Gardening
Epg3ppAu,Hiking
Epg3ppAu,Cooking
AlIRsbqJ,Painting
AlIRsbqJ,Cycling
t0NFNCX4,Cooking
t0NFNCX4,Hiking
3qo3q2b5,Gardening
3qo3q2b5,Cycling
3qo3q2b5,Reading
MuIT3Ptj,Painting
MuIT3Ptj,Hiking
GdgsvAdt,Reading
lsbMmoB8,Gardening
lsbMmoB8,Cooking
pomJ7YD7,Reading
pomJ7YD7,Hiking
pomJ7YD7,Gardening
iIs9Q0YB,Hiking
iIs9Q0YB,Cycling
95ILcEBA,Cooking
95ILcEBA,Reading
95ILcEBA,Gardening
SPR7Lq2t,Cycling
kXpnpBe3,Painting
kXpnpBe3,Hiking
HPiwD9wz,Gardening
HPiwD9wz,Reading
HPiwD9wz,Cooking
kjZamf3R,Cycling
kjZamf3R,Gardening
zcfOv5RM,Gardening
eV5w0C3H,Hiking
Vt8bPXf3,Cooking
Vt8bPXf3,Gardening
Vt8bPXf3,Hiking
V6NyFjWH,Reading
7aDWXwoL,Reading
7aDWXwoL,Cycling
7aDWXwoL,Painting
d9dcltEh,Cycling
d9dcltEh,Gardening
0jrLYVoO,Cycling
Vycp9qgd,Gardening
Vycp9qgd,Cycling
Vycp9qgd,Cooking
XyPqz7nG,Gardening
XyPqz7nG,Reading
J6kdzpeI,Cycling
J6kdzpeI,Reading
ofr6uNvp,Cycling
n9IcpsMd,Gardening
IfQfJ5pa,Hiking
FGlBjSG4,Gardening
FGlBjSG4,Cooking
bL8E64JL,Cooking
bL8E64JL,Cycling
bL8E64JL,Gardening
joFlZwOg,Reading
joFlZwOg,Painting
joFlZwOg,Hiking
4rK36FH8,Painting
4rK36FH8,Gardening
zu8yChQ9,Cooking
zu8yChQ9,Gardening
ixusrZOU,Gardening
LZh9d1Uu,Hiking
LZh9d1Uu,Cycling
LZh9d1Uu,Reading
3AlRiJRw,Painting
3AlRiJRw,Gardening
ZsfnRXsA,Painting
dkV9xW0r,Gardening
kDIrqh9R,Reading
JznNfE3x,Reading
JznNfE3x,Hiking
JznNfE3x,Gardening
rcqxSE1n,Cooking
rcqxSE1n,Gardening
rcqxSE1n,Cycling
RQ2Fi4PF,Reading
go22hrww,Cycling
go22hrww,Cooking
M5pTGy2U,Cycling
M5pTGy2U,Cooking
M5pTGy2U,Hiking
I4jwDBSz,Cooking
I4jwDBSz,Gardening
I4jwDBSz,Cycling
W9bxflQO,Painting
1YYvsOcg,Cooking
D9FKZTdV,Cooking
rOZ8iZEA,Hiking
q0G2keyl,Reading
q0G2keyl,Gardening
KE6IyBdH,Cycling
sTDp6fH0,Gardening
sTDp6fH0,Painting
6sWc1NAF,Hiking
6sWc1NAF,Cooking
6sWc1NAF,Cycling
N9i5KKfy,Painting
IMx3k9xr,Reading
IMx3k9xr,Cycling
FAXof1Ml,Gardening
0AQfGadn,Cycling
E1IjpFrL,Gardening
E1IjpFrL,Cooking
c1k2F6bT,Painting
c1k2F6bT,Cycling
dpoAS957,Reading
dpoAS957,Cycling
dpoAS957,Gardening
MvLJU690,Gardening
XiH6Zucp,Hiking
XiH6Zucp,Reading
XiH6Zucp,Painting
fU4NUtPL,Painting
fU4NUtPL,Gardening
JDCyt6NJ,Painting
JDCyt6NJ,Cooking
RiAf8YDp,Painting
RiAf8YDp,Reading
RiAf8YDp,Cooking
6M79EOhN,Cooking
6M79EOhN,Cycling
Z0faKtvO,Hiking
Z0faKtvO,Gardening
Z0faKtvO,Painting
q1ZWsHlz,Cooking
EJcrgw7b,Reading
EJcrgw7b,Cooking
QpLj2Xhr,Gardening
QpLj2Xhr,Painting
QpLj2Xhr,Cooking
mrdGhivs,Hiking
Wg4UWDz5,Painting
Wg4UWDz5,Gardening
Wg4UWDz5,Reading
r42SRtLS,Reading
r42SRtLS,Cycling
ZfnGr7xd,Reading
ZfnGr7xd,Cycling
Xc8VGwol,Gardening
Xc8VGwol,Hiking
Xc8VGwol,Cycling
8kM2MurZ,Gardening
8kM2MurZ,Painting
Ag6cLGBr,Hiking
4u8dtEzd,Cooking
4u8dtEzd,Hiking
ntzd6Tbi,Gardening
qd7bnmde,Painting
qd7bnmde,Hiking
qd7bnmde,Cycling
aaEgCZfb,Cycling
aaEgCZfb,Reading
aaEgCZfb,Cooking
N0fQjzZT,Hiking
gfh46zE1,Cycling
gfh46zE1,Reading
gfh46zE1,Gardening
8lVyccO9,Reading
NzAGBdT4,Cooking
ZifFgOAy,Painting
ZifFgOAy,Cooking
ZifFgOAy,Reading
hUshH5Zg,Reading
hUshH5Zg,Cooking
hUshH5Zg,Cycling
XfSNvghz,Hiking
XfSNvghz,Cooking
XfSNvghz,Cycling
xFl60EQc,Hiking
xFl60EQc,Painting
Rd0NsDep,Reading
Rd0NsDep,Hiking
Rd0NsDep,Gardening
P6gv6A02,Cycling
AkpW3W6t,Painting
AkpW3W6t,Cycling
1l7Cb8gR,Cycling
1l7Cb8gR,Gardening
1l7Cb8gR,Painting
nSpZL4Xf,Reading
nSpZL4Xf,Hiking
hEaKuV6q,Cycling
hEaKuV6q,Gardening
BgOo1bAF,Painting
BgOo1bAF,Cycling
PGqVXsqD,Gardening
nw34gXaR,Gardening
nw34gXaR,Cycling
nw34gXaR,Cooking
CCldgnoV,Painting
la7YJ8QF,Painting
la7YJ8QF,Cooking
la7YJ8QF,Gardening
mE9XEg4r,Painting
f0T6SxG3,Hiking
UFujnYIc,Reading
UFujnYIc,Cooking
ZXmfxQj3,Cooking
HcSnUsJ3,Hiking
68MgChIl,Cycling
68MgChIl,Hiking
68MgChIl,Gardening
ogNpVZGK,Gardening
ogNpVZGK,Cycling
ogNpVZGK,Reading
nBhqjbmU,Hiking
nBhqjbmU,Cooking
TWQwkmRD,Cooking
TWQwkmRD,Gardening
TWQwkmRD,Painting
RstnHvDn,Reading
RstnHvDn,Gardening
bBkrbmMH,Gardening
VnBjXmEj,Cooking
0m3GsLX1,Cycling
0m3GsLX1,Painting
MJvdlYch,Reading
MJvdlYch,Painting
MJvdlYch,Gardening
LrDkpI71,Painting
zz5S20wH,Gardening
zz5S20wH,Hiking
zz5S20wH,Cycling
KKy7q4yK,Painting
KKy7q4yK,Reading
xUMnAzKN,Cycling
xUMnAzKN,Cooking
eMzmx3m7,Gardening
eMzmx3m7,Cycling
Z3nRM4ko,Cooking
ihxnYJui,Reading
ihxnYJui,Cooking
ihxnYJui,Hiking
UyERvQdK,Cycling
UyERvQdK,Reading
UyERvQdK,Hiking
jNEQXIuE,Cycling
jNEQXIuE,Painting
jNEQXIuE,Hiking
Hpi7FvXh,Hiking
Hpi7FvXh,Painting
5Z7szWoU,Cooking
5Z7szWoU,Painting
5Z7szWoU,Hiking
eHMAnkdc,Cooking
vBFhRaBR,Hiking
vBFhRaBR,Cooking
vBFhRaBR,Gardening
XyaGRZgY,Cooking
d1ZuNwXW,Hiking
d1ZuNwXW,Painting
dC4V7C0V,Gardening
dC4V7C0V,Hiking
dC4V7C0V,Cycling
RFU9A7Cg,Gardening
RFU9A7Cg,Cooking
2nbgcaOK,Gardening
WPUleZZG,Reading
WPUleZZG,Painting
VySNQvTS,Cooking
6YbjHIih,Reading
gJm2Awsp,Painting
gJm2Awsp,Reading
gJm2Awsp,Cooking
9K4A56lS,Gardening
9K4A56lS,Hiking
aBlWTEUT,Reading
cnFOxT8F,Reading
cnFOxT8F,Painting
cnFOxT8F,Cooking
yKO0oWCh,Hiking
NXRds9RI,Reading
NXRds9RI,Cycling
NXRds9RI,Hiking
jc6PW2gw,Painting
jc6PW2gw,Reading
jc6PW2gw,Cycling
F4oSifoi,Cycling
F4oSifoi,Cooking
F4oSifoi,Gardening
FmMJ47FU,Cooking
FmMJ47FU,Cycling
FmMJ47FU,Hiking
NDoJ5pOk,Gardening
NDoJ5pOk,Cooking
tBEsrm0U,Painting
tBEsrm0U,Cycling
OIefyhS0,Hiking
kkpmwM5u,Cooking
kkpmwM5u,Reading
kkpmwM5u,Gardening
7TNtmB6C,Reading
OM4EzuBO,Hiking
OM4EzuBO,Gardening
OM4EzuBO,Painting
JAPQF5FL,Painting
JAPQF5FL,Hiking
crpdYSxr,Hiking
eu9bRoCi,Gardening
M7dcw1X2,Hiking
yr2CuiMe,Hiking
yr2CuiMe,Cooking
yr2CuiMe,Gardening
Nqvd3WoV,Cycling
xhJG2crR,Reading
s2WKraiH,Painting
mXB79F9N,Painting
QJjix7Tc,Reading
gXBIUUrY,Painting
gXBIUUrY,Gardening
gXBIUUrY,Hiking
uHbdxNm8,Painting
7iDUa7rO,Painting
7iDUa7rO,Hiking
cDNrBvIK,Cooking
cDNrBvIK,Reading
2bGgXDKq,Gardening
2bGgXDKq,Hiking
2bGgXDKq,Cooking
wojfxrhA,Cycling
wojfxrhA,Painting
LDzbPq5j,Gardening
YpLxvYJ5,Gardening
KCdBW6vK,Gardening
KCdBW6vK,Cycling
OVv1hu10,Painting
OVv1hu10,Gardening
ibTULfuw,Hiking
ibTULfuw,Gardening
ibTULfuw,Painting
CmhKSFDg,Gardening
8heODxzC,Reading
8heODxzC,Cooking
Kph02Ot8,Painting
Kph02Ot8,Gardening
Kph02Ot8,Cooking
XvR8kVkh,Gardening
lzSUQoxy,Hiking
tz80qgQR,Cycling
H0Xm1M7c,Gardening
H0Xm1M7c,Cycling
H0Xm1M7c,Painting
SGRbMsof,Painting
xcVxHUhe,Cycling
xcVxHUhe,Cooking
xcVxHUhe,Painting
uG3gVtx2,Hiking
uG3gVtx2,Cooking
uG3gVtx2,Gardening
La1zvE9m,Gardening
DC0b4ZnJ,Reading
DC0b4ZnJ,Painting
DC0b4ZnJ,Cooking
cdykt8re,Hiking
cdykt8re,Cycling
6Au4MUeu,Painting
Rr0lxHlG,Painting
WwO6ZpmN,Gardening
ADGUh4TA,Gardening
ADGUh4TA,Cycling
ADGUh4TA,Painting
tIhrZFK7,Gardening
tIhrZFK7,Cooking
wSTN3x2Z,Cooking
wSTN3x2Z,Hiking
wSTN3x2Z,Reading
zA90w5Fr,Cycling
zA90w5Fr,Painting
zA90w5Fr,Reading
5EsLfHpl,Cycling
5EsLfHpl,Reading
kQprd0yl,Reading
kQprd0yl,Gardening
41FdiQOu,Hiking
41FdiQOu,Painting
slrPsKSB,Hiking
slrPsKSB,Cooking
slrPsKSB,Painting
HN13Li6v,Reading
HN13Li6v,Hiking
HN13Li6v,Cooking
Ru4H0JyT,Reading
Ru4H0JyT,Painting
A391XGvR,Cycling
R764AR4Q,Cooking
R764AR4Q,Hiking
R764AR4Q,Gardening
0PK65bmy,Reading
7koOgU0W,Cycling
bWQfabMh,Hiking
bWQfabMh,Cycling
nP2pBDWI,Hiking
nP2pBDWI,Gardening
nP2pBDWI,Cooking
Ovkbj4Nn,Gardening
Ovkbj4Nn,Hiking
Ovkbj4Nn,Reading
yk8JLoN0,Painting
yk8JLoN0,Hiking
yk8JLoN0,Reading
NUIunDo0,Cycling
hEl9ivCV,Gardening
E9X5swX5,Gardening
E9X5swX5,Painting
NAmmRtAz,Hiking
NAmmRtAz,Reading
QAAhajcP,Gardening
QAAhajcP,Cooking
QAAhajcP,Hiking
QYqxobao,Reading
QYqxobao,Hiking
QYqxobao,Cycling
GlW8JvjU,Gardening
GlW8JvjU,Cycling
gnZO5yKJ,Painting
gnZO5yKJ,Hiking
J24wCh6O,Painting
z7uzAq9r,Painting
yYji9T9p,Painting
1VFQcvQj,Painting
1VFQcvQj,Reading
1VFQcvQj,Cycling
6AMbqSOI,Reading
6AMbqSOI,Painting
6AMbqSOI,Cooking
3ACk3O01,Gardening
3ACk3O01,Painting
fRk0W2uN,Cycling
fRk0W2uN,Painting
SzFjYcsg,Painting
SzFjYcsg,Cycling
rgCefcke,Cycling
rgCefcke,Hiking
90FeHOYd,Painting
K6wPB6jF,Hiking
krUuzHyn,Hiking
krUuzHyn,Cycling
sTE6F7dU,Cycling
sTE6F7dU,Hiking
sTE6F7dU,Gardening
isE2yE7j,Cycling
isE2yE7j,Reading
isE2yE7j,Gardening
LBPgJJEp,Painting
E3stoNRw,Hiking
E3stoNRw,Cooking
CAcBo7bM,Gardening
otT53ijn,Reading
otT53ijn,Cooking
3QrlX2k0,Cooking
R2GdF8Ui,Hiking
6GWjKWHV,Reading
6GWjKWHV,Painting
tOLHebWg,Hiking
tOLHebWg,Reading
tOLHebWg,Cycling
lKxu436z,Reading
FCjfLgan,Hiking
FCjfLgan,Cycling
NcuANUur,Gardening
NcuANUur,Painting
iDZXGG88,Hiking
7gU04uwr,Hiking
7gU04uwr,Gardening
svVrtfrK,Reading
svVrtfrK,Hiking
svVrtfrK,Cooking
3bdERwDA,Cycling
3bdERwDA,Hiking
3bdERwDA,Gardening
q4GB5oAY,Gardening
j60dXFtr,Hiking
j60dXFtr,Gardening
TLS9QTqs,Cooking
TLS9QTqs,Gardening
9GG6CzzF,Cooking
P1DSiuPZ,Gardening
Wvh3Ptjl,Reading
ym8pOyZv,Cycling
ym8pOyZv,Reading
ym8pOyZv,Gardening
rBifSuzw,Cooking
rBifSuzw,Cycling
rBifSuzw,Gardening
itQjV1GI,Gardening
D6oBqb8m,Reading
D6oBqb8m,Hiking
Oum2PCRv,Reading
uwFsPjLn,Hiking
uwFsPjLn,Cooking
64hd41r5,Hiking
64hd41r5,Cooking
mgiEr29W,Cycling
wWRF8ci1,Gardening
WFXGfLF9,Hiking
1Q2dEGBd,Painting
1Q2dEGBd,Reading
Wa1Tl8Ek,Gardening
Wa1Tl8Ek,Hiking
HXlCnaFC,Gardening
Am2k4rXv,Cooking
Am2k4rXv,Painting
Am2k4rXv,Hiking
7N3MHo54,Gardening
BT9KAQUj,Gardening
BT9KAQUj,Painting
BT9KAQUj,Cycling
cnWLxNhK,Cycling
osuyXgOp,Reading
osuyXgOp,Painting
osuyXgOp,Gardening
6pxHGRzR,Reading
6pxHGRzR,Hiking
6pxHGRzR,Painting
plH1Bmg5,Hiking
plH1Bmg5,Cooking
aRtEgMgM,Reading
aRtEgMgM,Painting
kqVxofj0,Hiking
HgXGw8IU,Gardening
4idJGXif,Cycling
4idJGXif,Cooking
4idJGXif,Painting
ma9BKELy,Cooking
ma9BKELy,Cycling
AMZ0PUsX,Cycling
AMZ0PUsX,Hiking
6LqSucSs,Cycling
w7Faj35N,Cooking
w7Faj35N,Gardening
w7Faj35N,Painting
7c5yVvb0,Cycling
7c5yVvb0,Painting
IDmxfzFR,Cycling
vW9NEXVI,Gardening
YlHyujeY,Hiking
YlHyujeY,Painting
5b9KpUcT,Cycling
uTXKgyhu,Cycling
uTXKgyhu,Gardening
cq1Y58Wv,Cooking
cq1Y58Wv,Reading
cq1Y58Wv,Painting
Z594fH9g,Hiking
Z594fH9g,Cooking
Z594fH9g,Reading
IaRH47Yy,Cycling
AmwBkSei,Cycling
AmwBkSei,Painting
XMa1FbBO,Painting
XMa1FbBO,Reading
cVrqUjqB,Reading
cVrqUjqB,Gardening
cVrqUjqB,Hiking
7iZFN8VG,Hiking
7iZFN8VG,Cooking
Ti8l3HMz,Gardening
m8FeeCuq,Cycling
tk1ieQq8,Reading
tk1ieQq8,Cooking
tk1ieQq8,Cycling
sfQobthD,Hiking
hl1Zq8Ar,Cooking
hl1Zq8Ar,Reading
ceTcRfrr,Hiking
ceTcRfrr,Painting
ceTcRfrr,Cycling
QKGT5LH3,Cooking
asEOdCoi,Reading
asEOdCoi,Gardening
ruuDFJ7t,Cooking
ruuDFJ7t,Painting
ruuDFJ7t,Hiking
S23KN5LZ,Gardening
S23KN5LZ,Painting
hSeLaIel,Cycling
hSeLaIel,Reading
hSeLaIel,Painting
5V4vgTCr,Painting
5V4vgTCr,Cycling
slWQgdHZ,Cooking
slWQgdHZ,Cycling
p4Qp1upK,Gardening
p4Qp1upK,Hiking
p4Qp1upK,Cycling
2XVvtP4e,Reading
2XVvtP4e,Cycling
2XVvtP4e,Gardening
834haAnF,Painting
834haAnF,Gardening
834haAnF,Hiking
Hflot2ws,Reading
Hflot2ws,Cycling
Hflot2ws,Gardening
DZ50xUn4,Hiking
DZ50xUn4,Reading
DZ50xUn4,Painting
FDm86RXw,Hiking
FDm86RXw,Gardening
Hjqsc80h,Hiking
Hjqsc80h,Reading
zmeHqrKf,Cycling
zmeHqrKf,Hiking
zmeHqrKf,Cooking
mUCFEBmM,Gardening
mUCFEBmM,Cycling
E1BKYQuL,Reading
ZV8YUdk6,Painting
n3eDYKB3,Cooking
n3eDYKB3,Hiking
n3eDYKB3,Gardening
hVEdpTlV,Cooking
hVEdpTlV,Cycling
94rCf6CY,Gardening
94rCf6CY,Cycling
94rCf6CY,Painting
Uf0uEj7h,Gardening
Uf0uEj7h,Painting
Uf0uEj7h,Cycling
h2mLStR2,Painting
MhEF8ox4,Reading
MhEF8ox4,Cooking
MhEF8ox4,Painting
ai04kZ1W,Painting
ai04kZ1W,Hiking
bAFsgk6Z,Cycling
s0INz20m,Cycling
s0INz20m,Hiking
m9cxAQ6V,Reading
m9cxAQ6V,Cooking
5PJRxm58,Cycling
5PJRxm58,Cooking
5PJRxm58,Gardening
4ZURGRMj,Gardening
OyFehm0t,Reading
OyFehm0t,Cooking
OyFehm0t,Hiking
yuBR0Orp,Gardening
yuBR0Orp,Reading
yuBR0Orp,Painting
LdcY5UI1,Gardening
LdcY5UI1,Cooking
sTGhDN4q,Painting
sTGhDN4q,Gardening
uU8ueIDL,Gardening
mbgXkF25,Gardening
mbgXkF25,Reading
KIu4TRzr,Cycling
KIu4TRzr,Cooking
KIu4TRzr,Reading
79mSak2U,Hiking
NSxSCIlK,Painting
rWQzgWl9,Gardening
rWQzgWl9,Cycling
rWQzgWl9,Reading
684ICFzp,Gardening
684ICFzp,Reading
doiWcuCy,Painting
doiWcuCy,Hiking
doiWcuCy,Cycling
47RBHqtf,Cycling
47RBHqtf,Reading
47RBHqtf,Painting
F7SUjotI,Cooking
F7SUjotI,Hiking
jVt5zzmK,Gardening
jVt5zzmK,Hiking
jVt5zzmK,Painting
VVxRWGlK,Gardening
VVxRWGlK,Hiking
VVxRWGlK,Painting
0itKfsql,Hiking
0itKfsql,Painting
0itKfsql,Reading
8YOxAiai,Cycling
8YOxAiai,Gardening
8YOxAiai,Reading
4l8fy10c,Gardening
MSnfUqYt,Gardening
Zh2cuiCS,Hiking
Zh2cuiCS,Cooking
Zh2cuiCS,Gardening
tfT3fFXb,Gardening
tfT3fFXb,Painting
wGU0grED,Painting
wGU0grED,Hiking
7geHREED,Gardening
7geHREED,Cooking
7geHREED,Hiking
p9SIImHY,Cycling
p9SIImHY,Reading
Y2ljU2sf,Hiking
Y2ljU2sf,Reading
Y2ljU2sf,Gardening
L3KyN3Xl,Painting
L3KyN3Xl,Cycling
L3KyN3Xl,Gardening
5YoAs2NR,Cooking
5YoAs2NR,Hiking
x56p8JeG,Hiking
x56p8JeG,Cooking
AKBIU4GT,Gardening
AKBIU4GT,Cooking
uT0bVuk3,Cooking
uT0bVuk3,Gardening
s1XT38Cd,Gardening
tzeqDphQ,Hiking
SMU4fGVz,Cycling
SMU4fGVz,Hiking
H3wwEXuS,Cycling
H3wwEXuS,Gardening
H3wwEXuS,Cooking
nFdwDXsN,Reading
XvwdE8i9,Gardening
XvwdE8i9,Painting
VWyYlP2E,Painting
VWyYlP2E,Cooking
dxxwO056,Cooking
MQlWmZ31,Painting
MQlWmZ31,Cooking
MQlWmZ31,Reading
tZQXYHzO,Painting
tZQXYHzO,Gardening
tZQXYHzO,Reading
Ymme4hKO,Painting
fZIBPgeK,Hiking
qsHMyZnX,Cooking
qsHMyZnX,Cycling
zO9G84vT,Hiking
zO9G84vT,Cooking
iwfT8H0o,Reading
iwfT8H0o,Cooking
iwfT8H0o,Hiking
yc2KC4nd,Hiking
yc2KC4nd,Reading
yc2KC4nd,Painting
bZ3na3V4,Gardening
fkecWpBC,Hiking
7e83TSSk,Reading
7e83TSSk,Painting
9g5MR0yy,Gardening
9g5MR0yy,Cycling
K19gX1KS,Reading
K19gX1KS,Cooking
oSofFkEF,Reading
oSofFkEF,Cycling
5qa9pHRd,Painting
5qa9pHRd,Cooking
8jtp2aup,Painting
8jtp2aup,Reading
8jtp2aup,Cycling
bLjZMuuy,Cooking
BQpiMn4H,Cycling
BQpiMn4H,Cooking
BQpiMn4H,Painting
30GpTQjU,Cycling
s9yREx92,Cycling
53kgLYcT,Gardening
9COpQCrs,Cycling
9COpQCrs,Hiking
9COpQCrs,Cooking
ZeeObZm0,Painting
ZeeObZm0,Reading
D6FrNtHQ,Cooking
D6FrNtHQ,Cycling
lGK8Gcdf,Reading
eyxat9VT,Reading
eyxat9VT,Painting
eyxat9VT,Cooking
0vUt4OOb,Reading
AvRAH8KH,Hiking
AvRAH8KH,Reading
I50v1qaZ,Painting
iRCe2bR2,Cooking
iRCe2bR2,Painting
iRCe2bR2,Cycling
dnHKkh5D,Cooking
dnHKkh5D,Cycling
dnHKkh5D,Hiking
IRSZE56s,Cooking
IRSZE56s,Painting
IRSZE56s,Gardening
UtBTnHTY,Cooking
vUxbRZH8,Gardening
aNRPlY2Z,Reading
aNRPlY2Z,Hiking
aNRPlY2Z,Painting
5zHBImu1,Gardening
5zHBImu1,Cycling
5zHBImu1,Reading
r7oIpEXA,Gardening
r7oIpEXA,Painting
r7oIpEXA,Reading
h4LbfrXL,Hiking
h4LbfrXL,Cycling
h4LbfrXL,Gardening
PXiVvr7q,Gardening
PXiVvr7q,Painting
PXiVvr7q,Hiking
9nFDm4Z7,Cooking
k6sdrsux,Painting
D5gKFiaP,Painting
hsbkMxIr,Gardening
ogdSb98M,Hiking
ogdSb98M,Painting
4S6jwok3,Reading
4S6jwok3,Hiking
4S6jwok3,Gardening
4LiTyFuP,Painting
01XaMsIe,Cooking
lEyaFuVc,Cooking
lEyaFuVc,Cycling
FC0wludk,Cooking
FC0wludk,Painting
1md6Fmo1,Hiking
O7v2TLW1,Gardening
O7v2TLW1,Painting
O7v2TLW1,Reading
4jIw5Pha,Cycling
QXhUbwsr,Gardening
QXhUbwsr,Hiking
QXhUbwsr,Cycling
TGRZMpji,Gardening
eYD9pxHz,Hiking
eYD9pxHz,Cooking
557Qgui6,Painting
XTV4Aas1,Cycling
XwRI8bmW,Cycling
XwRI8bmW,Hiking
XwRI8bmW,Cooking
Xln71OH4,Hiking
Xln71OH4,Reading
Xln71OH4,Gardening
ZzwW4xqR,Reading
ZzwW4xqR,Gardening
28oE0Pz6,Cooking
nHFwIbJc,Cycling
nHFwIbJc,Painting
twyFYkDR,Reading
twyFYkDR,Gardening
bS01tDmy,Cycling
bS01tDmy,Cooking
WlIdNk36,Cycling
WlIdNk36,Painting
EGftqRhY,Cooking
EGftqRhY,Cycling
EGftqRhY,Gardening
f37whaMn,Gardening
f37whaMn,Hiking
f37whaMn,Cooking
29NugHfJ,Cooking
29NugHfJ,Gardening
fzd1nAbv,Reading
rlc2qY3a,Gardening
rlc2qY3a,Cycling
ON0yKk89,Cycling
IqX43C5K,Cooking
IqX43C5K,Cycling
IqX43C5K,Hiking
KZDNdC90,Painting
KZDNdC90,Reading
6R4Skab1,Gardening
6R4Skab1,Hiking
rMfQLgcB,Cooking
rMfQLgcB,Reading
rMfQLgcB,Hiking
YKe24nxM,Cycling
YKe24nxM,Painting
YKe24nxM,Reading
IENImc0D,Cycling
IENImc0D,Cooking
MCeuNxlU,Cooking
MCeuNxlU,Painting
MCeuNxlU,Reading
qExNFUmv,Reading
qExNFUmv,Cooking
QGaRKnMY,Reading
QGaRKnMY,Cooking
QGaRKnMY,Hiking
MkBTLNGj,Painting
MkBTLNGj,Cycling
KBGarltm,Cycling
KBGarltm,Reading
lLkEe5M4,Hiking
lLkEe5M4,Gardening
lLkEe5M4,Cooking
xmNRLWOg,Gardening
xmNRLWOg,Reading
xmNRLWOg,Cycling
SDMYka4J,Cooking
SDMYka4J,Painting
SDMYka4J,Reading
uwjLOhUa,Cooking
3ivoA9Lv,Painting
3ivoA9Lv,Reading
9QCTzbjL,Gardening
9QCTzbjL,Painting
1MlktoBF,Cycling
1MlktoBF,Hiking
1MlktoBF,Cooking
iGTI54y4,Cycling
iGTI54y4,Gardening
iGTI54y4,Cooking
REiWUz1C,Hiking
REiWUz1C,Reading
oJilzeBp,Reading
oJilzeBp,Cycling
oJilzeBp,Hiking
R5tKWVcG,Cycling
orgbMCJ8,Gardening
orgbMCJ8,Cooking
orgbMCJ8,Hiking
zwOAvo8L,Painting
dSJKDXWW,Painting
e0eHU4Ok,Painting
UardL52e,Cycling
Zh3tASjr,Cycling
Zh3tASjr,Hiking
Zh3tASjr,Gardening
K1k8ONZH,Painting
K1k8ONZH,Cycling
e2xpw8kc,Reading
jiT6I7M6,Hiking
jiT6I7M6,Cycling
s9Pn59HD,Gardening
C0CAGc0x,Cooking
C0CAGc0x,Hiking
C0CAGc0x,Gardening
wiS0kxyE,Painting
q7hqEaRa,Cycling
q7hqEaRa,Reading
u2qrgPRD,Painting
JFksyxa4,Gardening
JFksyxa4,Cycling
G5jwjpVn,Gardening
VNk5Ki4y,Painting
VNk5Ki4y,Reading
VNk5Ki4y,Cooking
SEYV5u3L,Reading
SEYV5u3L,Hiking
SEYV5u3L,Cycling
OFSiJkyJ,Reading
nA0k89aN,Reading
cKUPpAQs,Gardening
cKUPpAQs,Hiking
cKUPpAQs,Painting
f3UT0ag3,Cooking
f3UT0ag3,Hiking
f3UT0ag3,Cycling
6viPaQ1q,Reading
aIfUSu4m,Cooking
aIfUSu4m,Reading
aIfUSu4m,Gardening
qg0dKirn,Painting
qg0dKirn,Hiking
bLyAH0eL,Cooking
bLyAH0eL,Reading
UDPMXScs,Reading
UDPMXScs,Hiking
UDPMXScs,Gardening
aMWelNM2,Reading
aMWelNM2,Cycling
NC04uJqs,Hiking
NC04uJqs,Painting
NC04uJqs,Cycling
Xcp0CD4C,Painting
Xcp0CD4C,Cooking
Xcp0CD4C,Hiking
65VltZ2G,Cycling
ROgGRtGd,Reading
ROgGRtGd,Gardening
ROgGRtGd,Painting
ovLL9o3F,Painting
lpmUtwCS,Hiking
lpmUtwCS,Cooking
cumRH4Nw,Reading
cumRH4Nw,Hiking
TqQc85ri,Cooking
TqQc85ri,Gardening
UUk6riLQ,Hiking
UUk6riLQ,Painting
UUk6riLQ,Cooking
5PEo4n3e,Painting
5PEo4n3e,Cycling
tLvoxcqp,Gardening
tLvoxcqp,Painting
qyJuSz8q,Cycling
HucnfQls,Gardening
HucnfQls,Cycling
pmbcc53U,Painting
jSabyXGy,Reading
jSabyXGy,Gardening
vVwK7Rla,Painting
vVwK7Rla,Gardening
vtj6sHe5,Hiking
vtj6sHe5,Reading
vtj6sHe5,Cooking
14frLTGg,Gardening
TVwlWMvx,Cycling
mGTbS8P0,Cycling
mGTbS8P0,Gardening
oI5Ak2sj,Gardening
4AvsoWOP,Cycling
4AvsoWOP,Hiking
kdhHC8Z9,Painting
kdhHC8Z9,Cycling
kdhHC8Z9,Gardening
ueCRdGaE,Hiking
JxKsgpAq,Cycling
m74BeEHc,Gardening
m74BeEHc,Painting
m74BeEHc,Cooking
2EAq4oEz,Hiking
2EAq4oEz,Gardening
2EAq4oEz,Cycling
PvOMAe18,Cooking
PvOMAe18,Reading
MiAPwQ7z,Painting
MiAPwQ7z,Gardening
MiAPwQ7z,Hiking
UfdVeITa,Reading
dAKe5R6d,Cycling
dAKe5R6d,Hiking
dAKe5R6d,Reading
91Fqi9gx,Cycling
KZZq8wip,Reading
KZZq8wip,Gardening
KZZq8wip,Painting
jvySQXwU,Cooking
IzgR26cX,Hiking
IzgR26cX,Reading
iF6YgSrL,Painting
iF6YgSrL,Hiking
fnPJVjOI,Reading
fnPJVjOI,Painting
fVx0KRro,Cooking
fVx0KRro,Gardening
fVx0KRro,Painting
FYxbyYgf,Reading
UiBpzJHU,Cycling
hcU7Iwlx,Painting
ztl8Fbq7,Hiking
ECLtIonx,Gardening
ECLtIonx,Cooking
ECLtIonx,Reading
9EyEUlCu,Reading
9EyEUlCu,Cycling
9EyEUlCu,Cooking
ICrZjWcg,Hiking
ICrZjWcg,Reading
ICrZjWcg,Gardening
6OvHeoFc,Gardening
6OvHeoFc,Reading
6OvHeoFc,Cooking
vgJuE1I5,Reading
vgJuE1I5,Cooking
9HPmdqGo,Reading
9HPmdqGo,Cycling
9HPmdqGo,Hiking
w1blMOQL,Cooking
w1blMOQL,Cycling
JPsnunfI,Reading
JPsnunfI,Cycling
JPsnunfI,Gardening
wCK6bo4J,Cooking
wCK6bo4J,Gardening
R4bRZn8N,Gardening
R4bRZn8N,Cooking
R4bRZn8N,Reading
Zz1c7fqv,Painting
10cGjXJe,Gardening
10cGjXJe,Cooking
wD1ilwAf,Painting
wD1ilwAf,Cycling
wD1ilwAf,Gardening
ZgbRbb3U,Reading
ORJP0BIU,Painting
ORJP0BIU,Cycling
ORJP0BIU,Reading
jcDyG4m8,Reading
jcDyG4m8,Painting
jcDyG4m8,Cooking
VFVDdRhg,Cycling
VFVDdRhg,Gardening
iAb3sezB,Reading
iAb3sezB,Cooking
RhxhRYip,Hiking
klqnC7Un,Cycling
klqnC7Un,Painting
GKKX8DhZ,Painting
GKKX8DhZ,Hiking
GKKX8DhZ,Cooking
MKJCetyM,Painting
YAaC2enb,Gardening
YAaC2enb,Cooking
ewZ5R3fT,Painting
ewZ5R3fT,Cycling
FUlnivRa,Cycling
FUlnivRa,Painting
3GeU1iD0,Cooking
3GeU1iD0,Cycling
d1QJVNhC,Hiking
d1QJVNhC,Cycling
7yko4B4c,Gardening
7yko4B4c,Hiking
s4Lv6qpd,Hiking
s4Lv6qpd,Gardening
s4Lv6qpd,Cooking
fuFv5H4f,Painting
CaH2LR3T,Reading
CaH2LR3T,Cooking
CaH2LR3T,Hiking
5FEmeRvg,Cooking
5FEmeRvg,Gardening
5FEmeRvg,Hiking
1mx3LqKB,Cooking
1mx3LqKB,Gardening
E3Zxe1h9,Painting
D84aA264,Reading
NI7VkeXb,Reading
E5x7cjp6,Cycling
E5x7cjp6,Cooking
E5x7cjp6,Gardening
KIDZU76E,Gardening
KIDZU76E,Painting
rXlOevnr,Reading
NXCHK9zt,Painting
NXCHK9zt,Gardening
3NAaLAZT,Cooking
3NAaLAZT,Gardening
3NAaLAZT,Painting
oYjMDSd6,Painting
oYjMDSd6,Cooking
oYjMDSd6,Hiking
pmzQf5my,Reading
27b3p3jP,Reading
27b3p3jP,Cycling
27b3p3jP,Hiking
akDnKGgm,Cooking
akDnKGgm,Painting
akDnKGgm,Hiking
u3d1KUmo,Cycling
u3d1KUmo,Hiking
nWWWyTaC,Hiking
nWWWyTaC,Painting
nWWWyTaC,Cooking
jBc1DGkw,Hiking
jBc1DGkw,Cooking
jBc1DGkw,Reading
qrPAT4ZD,Cycling
qrPAT4ZD,Gardening
faRbC3gx,Gardening
qaEBLKif,Cooking
qaEBLKif,Painting
qaEBLKif,Gardening
rRRf6bZ6,Painting
rRRf6bZ6,Cooking
rRRf6bZ6,Cycling
eE1PIgfu,Cycling
eE1PIgfu,Hiking
P8MVLy8u,Cycling
VBCLJkxJ,Reading
VBCLJkxJ,Hiking
VBCLJkxJ,Cooking
ZaGaGzJC,Painting
ZaGaGzJC,Hiking
ZaGaGzJC,Gardening
7yzETZQv,Cycling
7yzETZQv,Painting
7yzETZQv,Reading
y05IGfwV,Cooking
y05IGfwV,Cycling
y05IGfwV,Gardening
8kpToqjU,Cycling
8kpToqjU,Hiking
8kpToqjU,Gardening
cygROUEJ,Cycling
9d1RcQ37,Reading
9d1RcQ37,Cycling
CJz41oIa,Reading
CJz41oIa,Hiking
CJz41oIa,Cooking
3Lsg8HMh,Painting
3Lsg8HMh,Gardening
CeGi2gfz,Gardening
7886Mqqi,Hiking
7886Mqqi,Reading
1WIgMQvd,Hiking
1WIgMQvd,Cooking
1WIgMQvd,Reading
sJomZxB0,Reading
sJomZxB0,Painting
z9eIAia2,Hiking
z9eIAia2,Reading
z9eIAia2,Cycling
cXPLONg4,Gardening
cXPLONg4,Cooking
cXPLONg4,Cycling
aNh2rxco,Reading
aNh2rxco,Cycling
aNh2rxco,Gardening
vprNdtK3,Reading
vprNdtK3,Cooking
vprNdtK3,Cycling
UUM7OahV,Hiking
UUM7OahV,Painting
UUM7OahV,Gardening
gGiY2ne8,Painting
gGiY2ne8,Cooking
wWf0D6LK,Cooking
wWf0D6LK,Gardening
wWf0D6LK,Painting
wGPFRs4d,Hiking
wGPFRs4d,Reading
iANnuOO9,Cooking
iANnuOO9,Painting
GE7XMtZo,Cooking
9d9Sui4T,Gardening
nR7p2ANn,Cycling
oTcCo13E,Reading
O4IyKmDt,Gardening
7IR78QyH,Cycling
7IR78QyH,Cooking
7IR78QyH,Painting
v3CX9H5y,Reading
v3CX9H5y,Cooking
v3CX9H5y,Painting
oAqXUtPb,Cooking
oAqXUtPb,Hiking
oAqXUtPb,Reading
INR4yeKe,Cycling
INR4yeKe,Cooking
INR4yeKe,Gardening
F7BR4kkS,Cooking
F7BR4kkS,Painting
F7BR4kkS,Gardening
ZSqgY3O7,Reading
ZSqgY3O7,Hiking
1gvfOfNr,Gardening
1gvfOfNr,Reading
1gvfOfNr,Hiking
wnYjefyp,Cycling
gtoljUrL,Gardening
gtoljUrL,Cooking
gtoljUrL,Reading
l6QDatWK,Painting
l6QDatWK,Cooking
bvwpKFof,Gardening
umzpHRjj,Cycling
umzpHRjj,Cooking
ydxOK0Oa,Reading
I08cLXC0,Painting
I08cLXC0,Reading
EdXFuEBI,Cooking
EdXFuEBI,Cycling
yxPJgCgO,Reading
yxPJgCgO,Painting
Y8084Mr5,Painting
Y8084Mr5,Cycling
9vlxo9vr,Hiking
9PouIXGb,Reading
9PouIXGb,Cooking
9PouIXGb,Hiking
eXR5O5u7,Cooking
D512VMY4,Hiking
D512VMY4,Reading
D512VMY4,Painting
qCB6fvOf,Hiking
ns17ikK7,Painting
ns17ikK7,Reading
L3CE8MQ4,Cooking
qeIh296c,Cooking
XFLDr6CK,Painting
XFLDr6CK,Cycling
XFLDr6CK,Reading
VMDwoQzn,Cycling
gbCNgjXR,Hiking
xs1cFTLS,Cooking
SJW9pJ5M,Gardening
SJW9pJ5M,Reading
xiBANA2B,Hiking
egEQYF7o,Cooking
egEQYF7o,Gardening
egEQYF7o,Painting
JLLDGGPJ,Cycling
spdqXxSf,Reading
rlVKKUS5,Gardening
STjg0epn,Reading
XITVlZCG,Cooking
i69yD5mY,Painting
i69yD5mY,Cycling
i69yD5mY,Cooking
xRliHYSV,Gardening
DgG0fnOQ,Gardening
DgG0fnOQ,Cooking
DgG0fnOQ,Hiking
7Zkwv3mN,Hiking
7Zkwv3mN,Painting
7Zkwv3mN,Reading
7SIAvgps,Gardening
7SIAvgps,Reading
7SIAvgps,Painting
9uyIKh6N,Gardening
92vlxPG4,Painting
92vlxPG4,Gardening
8Rf3xadQ,Painting
Ur2eILw3,Hiking
Ur2eILw3,Painting
wolTWNX4,Painting
wolTWNX4,Gardening
yxuJrLC6,Cycling
QczP73Dg,Hiking
QczP73Dg,Cycling
tDsHlK84,Cycling
tDsHlK84,Cooking
fceYTw44,Gardening
nWXZnSO8,Cycling
nWXZnSO8,Reading
ECEuyUbZ,Cycling
NufFkkW5,Painting
D2r3zVkU,Reading
D2r3zVkU,Hiking
DcyimhzM,Cooking
yQj0fKpp,Gardening
yQj0fKpp,Painting
FNj37Ngu,Hiking
FNj37Ngu,Cycling
2rcJdPS3,Cooking
2rcJdPS3,Gardening
2rcJdPS3,Reading
6GOSP6Gn,Cooking
6GOSP6Gn,Reading
T7ZeZ4eg,Cycling
T7ZeZ4eg,Hiking
vzrlPZwx,Cycling
vzrlPZwx,Painting
DzQkbFB5,Reading
DzQkbFB5,Cooking
c7jekC8K,Gardening
c7jekC8K,Hiking
c7jekC8K,Painting
eMw7GUuJ,Reading
eMw7GUuJ,Cooking
eMw7GUuJ,Gardening
INTZHpts,Cooking
INTZHpts,Hiking
q5volgOC,Reading
QTjJfxpg,Cooking
QTjJfxpg,Cycling
a5jcD7py,Gardening
gBiNMgKm,Painting
sEecbXxH,Cycling
sEecbXxH,Painting
sEecbXxH,Hiking
YjMERpuA,Hiking
YjMERpuA,Painting
YjMERpuA,Cooking
kk1UxoZL,Hiking
4JmgZGCZ,Reading
4JmgZGCZ,Hiking
Ircvuc60,Reading
fQQo7HrT,Reading
4KFOg5G1,Cycling
gQWGW7gt,Reading
gQWGW7gt,Gardening
gQWGW7gt,Hiking
9tqYfUrO,Hiking
bqPxPWGV,Cooking
KbFD1VkK,Painting
KbFD1VkK,Cycling
KbFD1VkK,Reading
5Uu91erb,Painting
5Uu91erb,Reading
5Uu91erb,Gardening
iSaqnmNh,Painting
iSaqnmNh,Cooking
iSaqnmNh,Hiking
65Tgykwz,Cooking
65Tgykwz,Gardening
65Tgykwz,Hiking
riQoh6Nu,Gardening
xzB3qyHd,Cycling
xzB3qyHd,Painting
G0GpSHHX,Painting
u4pbkedW,Painting
qrSwKR3K,Cycling
qrSwKR3K,Painting
qrSwKR3K,Hiking
kbsgr5Vt,Hiking
kbsgr5Vt,Painting
kbsgr5Vt,Reading
OFyaMAHe,Cycling
OFyaMAHe,Reading
LNNR1ok7,Cooking
bmS2zGo3,Cooking
bmS2zGo3,Reading
bmS2zGo3,Gardening
dfCnPPuQ,Hiking
dfCnPPuQ,Cycling
dfCnPPuQ,Reading
ljLkWCuU,Gardening
ljLkWCuU,Cycling
pCelkOPq,Cycling
pCelkOPq,Hiking
iQb6oiGC,Gardening
iQb6oiGC,Cycling
iQb6oiGC,Hiking
6RsTwT9S,Cooking
6RsTwT9S,Gardening
4Pik8r1K,Gardening
4Pik8r1K,Reading
woHAdVZe,Reading
woHAdVZe,Gardening
woHAdVZe,Cycling
gZ2UrU8c,Reading
gZ2UrU8c,Cycling
gZ2UrU8c,Painting
vDRsrF0n,Cycling
vDRsrF0n,Gardening
vDRsrF0n,Reading
DAKFU4Zr,Reading
DAKFU4Zr,Cycling
DYKm4aK1,Painting
aU4C8BrS,Gardening
OcmrpCaX,Reading
aG0f5Pnr,Gardening
aG0f5Pnr,Painting
LWs1EwOw,Painting
LWs1EwOw,Cycling
it81VAEK,Hiking
it81VAEK,Cycling
it81VAEK,Gardening
2y4asoac,Hiking
2y4asoac,Cooking
2y4asoac,Cycling
PWTgzOSG,Cycling
PWTgzOSG,Cooking
BCY9hwyE,Hiking
BCY9hwyE,Cycling
BCY9hwyE,Cooking
5XaAPLrY,Painting
UqoKUeZB,Cycling
UqoKUeZB,Reading
UqoKUeZB,Hiking
1ar4GFk7,Cycling
dThgqDqt,Gardening
9jdiGDCf,Hiking
9jdiGDCf,Reading
9jdiGDCf,Cycling
MJgBbMGX,Gardening
ydiLYGRa,Hiking
VUnogCXI,Reading
VUnogCXI,Cooking
VUnogCXI,Hiking
ORNCtuxP,Cycling
ORNCtuxP,Gardening
IWsQlWaw,Hiking
IWsQlWaw,Painting
XPKFFvYT,Cooking
pjC8XW74,Cooking
pjC8XW74,Cycling
lFNtbiUE,Hiking
lFNtbiUE,Cycling
12B5yrpd,Hiking
12B5yrpd,Cooking
9zeJEET9,Cooking
9zeJEET9,Cycling
9zeJEET9,Gardening
bs3QfNEZ,Painting
bs3QfNEZ,Reading
bs3QfNEZ,Cooking
PHzPRBvr,Cycling
PHzPRBvr,Reading
PHzPRBvr,Gardening
GXwfP4MM,Cooking
GXwfP4MM,Cycling
mC7eImGO,Gardening
mC7eImGO,Cycling
h58rpdpP,Cooking
h58rpdpP,Hiking
h58rpdpP,Painting
Kn5hCqRI,Hiking
Kn5hCqRI,Painting
Kn5hCqRI,Reading
syFGpef8,Hiking
syFGpef8,Gardening
syFGpef8,Painting
C5zSwtRM,Painting
cExH7wz2,Painting
cExH7wz2,Hiking
cExH7wz2,Cooking
1xWsbAJV,Cooking
R0OqwsXt,Hiking
R0OqwsXt,Reading
R0OqwsXt,Cycling
4bmfYTrk,Cooking
4bmfYTrk,Cycling
brzugEMy,Cooking
RyZPUqfY,Cycling
0WNiMVO9,Hiking
0WNiMVO9,Cooking
3hJrzJDo,Hiking
EVoFJE28,Gardening
EVoFJE28,Reading
ISF79R7e,Painting
yMMBCzzC,Cooking
yMMBCzzC,Cycling
hI6povlm,Reading
hI6povlm,Painting
6g7XhGLN,Painting
6g7XhGLN,Reading
PFszrQVo,Reading
VyhUYCGF,Reading
eRLErMfe,Gardening
eRLErMfe,Painting
BXHwYe76,Painting
XFNbnK72,Cycling
XFNbnK72,Hiking
VV1QXPSg,Cycling
CTABaos4,Hiking
NThhHyvr,Hiking
NThhHyvr,Gardening
l8qy5jQi,Hiking
RiOZ7Snw,Gardening
gVdqse4E,Cooking
h3EyloaH,Reading
h3EyloaH,Cycling
h3EyloaH,Gardening
kzyH6EK8,Hiking
kzyH6EK8,Cycling
d7o93QlE,Cooking
d7o93QlE,Gardening
nrSfnIYj,Gardening
nrSfnIYj,Painting
nrSfnIYj,Cycling
COgKjpO4,Gardening
COgKjpO4,Hiking
a1NNPFTy,Cooking
a1NNPFTy,Painting
Oo6CMEQN,Reading
x2CGwXfS,Cycling
x2CGwXfS,Hiking
x2CGwXfS,Gardening
JYDENSOM,Cycling
oLIgVMr1,Hiking
oLIgVMr1,Cycling
oLIgVMr1,Painting
TxwxhOME,Cooking
TxwxhOME,Gardening
Z5QbFsKk,Cooking
Z5QbFsKk,Reading
Z5QbFsKk,Hiking
4jzfH7o2,Painting
4jzfH7o2,Reading
JX63tlDk,Cycling
JX63tlDk,Gardening
JX63tlDk,Cooking
hIUf2FGn,Gardening
hIUf2FGn,Painting
hIUf2FGn,Hiking
ZhfW7aJF,Hiking
2ojyFSso,Cooking
6iz6Ziba,Cycling
6iz6Ziba,Gardening
6iz6Ziba,Painting
1nkmxwqZ,Gardening
1nkmxwqZ,Hiking
bhJIyd4j,Reading
bhJIyd4j,Painting
3oQwbKdt,Reading
KFJMUuMQ,Painting
KFJMUuMQ,Reading
KFJMUuMQ,Gardening
uuIFe3sF,Reading
olHqaeXG,Cycling
gkfDUX2x,Cycling
gkfDUX2x,Painting
gkfDUX2x,Gardening
RkMOGTjq,Gardening
Pagj6Ma0,Cooking
Pagj6Ma0,Gardening
Pagj6Ma0,Hiking
usqc4MdR,Reading
NzIPEvtk,Cycling
rezs4DA2,Hiking
coPViXYn,Reading
coPViXYn,Cooking
6T6U6HgA,Painting
ndw0DW7u,Hiking
ndw0DW7u,Painting
ndw0DW7u,Cooking
r2dZaELe,Cooking
r2dZaELe,Cycling
r2dZaELe,Reading
8wBjMZIL,Gardening
SsTnE47C,Reading
SsTnE47C,Gardening
PKLzEKlA,Gardening
LpEY7bNd,Gardening
LpEY7bNd,Cooking
LpEY7bNd,Cycling
Gcqiv4fh,Painting
Gcqiv4fh,Reading
K7E9eByK,Painting
K7E9eByK,Gardening
Ub9zWnZt,Painting
Ub9zWnZt,Cycling
JNHeg5JT,Gardening
JNHeg5JT,Painting
g2ShtvTg,Painting
X3w6mxJJ,Painting
2YovmIcp,Hiking
2YovmIcp,Cooking
1a57ed7O,Cooking
1a57ed7O,Hiking
1a57ed7O,Cycling
gb2cVilT,Painting
gb2cVilT,Cycling
gb2cVilT,Gardening
Cqxjyv1t,Cycling
ugVXiy6Q,Hiking
ugVXiy6Q,Cooking
pdAyc8zE,Cooking
pdAyc8zE,Hiking
pdAyc8zE,Gardening
pJTEFSWz,Hiking
nI7giJe8,Gardening
nI7giJe8,Painting
nI7giJe8,Reading
Y6BjqxIF,Reading
hWBKEGue,Gardening
rS9V467I,Reading
4LuWEiaf,Hiking
4LuWEiaf,Gardening
4LuWEiaf,Painting
cRFvtV9z,Cycling
cRFvtV9z,Gardening
KR0elGsp,Cooking
KR0elGsp,Hiking
EofoDoTA,Gardening
EofoDoTA,Cycling
bHAmNWTu,Painting
bHAmNWTu,Hiking
mbH7dBUl,Reading
XBVLHQNT,Reading
XBVLHQNT,Hiking
XBVLHQNT,Gardening
HNQmlAaP,Hiking
HNQmlAaP,Reading
CiMwDNgd,Painting
Sdper6Nd,Cooking
Sdper6Nd,Painting
Sdper6Nd,Cycling
a0py9oDu,Reading
a0py9oDu,Cooking
a0py9oDu,Cycling
cTI9R57z,Cooking
cTI9R57z,Reading
cTI9R57z,Painting
9yJ6B8fC,Reading
QeELlpRY,Cooking
QeELlpRY,Cycling
9J6aDEaO,Reading
9f4yfdeR,Gardening
ilcoWP6l,Cycling
sUmnkKfB,Cooking
sUmnkKfB,Hiking
D6wxmTvd,Cycling
D6wxmTvd,Reading
4wy0vh6i,Hiking
QlpttQwJ,Painting
QlpttQwJ,Reading
MHmG8VLa,Cooking
MHmG8VLa,Painting
MHmG8VLa,Cycling
99fDuVkL,Hiking
99fDuVkL,Cooking
c84852Mk,Cycling
c84852Mk,Cooking
c84852Mk,Hiking
QlkiRy5C,Gardening
m7Mah5Qg,Hiking
m7Mah5Qg,Painting
m7Mah5Qg,Cooking
OsGEDIvO,Cooking
OsGEDIvO,Hiking
tMk68ubc,Cooking
tMk68ubc,Reading
tMk68ubc,Cycling
CM1Jq6Sb,Cooking
CM1Jq6Sb,Cycling
h7SIDLOO,Reading
h7SIDLOO,Hiking
yqvObrA3,Reading
yqvObrA3,Cycling
yqvObrA3,Gardening
kxUoGAMg,Cooking
9ZjWQiKt,Cooking
9ZjWQiKt,Gardening
9ZjWQiKt,Reading
vJwxVhSu,Painting
vJwxVhSu,Cycling
hBkOlHXA,Gardening
NmWSjdzP,Reading
NmWSjdzP,Painting
NmWSjdzP,Gardening
jf1f6Thw,Cycling
jf1f6Thw,Painting
jf1f6Thw,Hiking
4SjH4BBX,Painting
D8uVaF7Y,Reading
yNJiJOF4,Hiking
Gyn8pC21,Cooking
uzcwswFt,Cycling
uzcwswFt,Gardening
wQm7wCZR,Gardening
zqSyz5A5,Cycling
zqSyz5A5,Gardening
5QuNWrTt,Gardening
JvDKe0nc,Reading
JvDKe0nc,Cycling
4eR4leSd,Cycling
4eR4leSd,Reading
etKMKcYd,Painting
R8TiWMBf,Reading
I3rLynS1,Cycling
I3rLynS1,Hiking
QDiQbcAJ,Cooking
QDiQbcAJ,Cycling
QDiQbcAJ,Hiking
jkyiPMhv,Reading
dLjqsXil,Hiking
dLjqsXil,Painting
ibSHJHlo,Reading
ibSHJHlo,Cooking
YqCoJuKc,Cycling
Y7JqxzNO,Reading
Y7JqxzNO,Cycling
YcDPKrJJ,Gardening
YcDPKrJJ,Painting
YcDPKrJJ,Hiking
GPbOExjA,Painting
ANLwFfUF,Cooking
ANLwFfUF,Reading
Pu6Fk7y2,Cooking
80zgSiAf,Gardening
xRJZPypR,Cooking
xRJZPypR,Reading
xRJZPypR,Cycling
ER9dxJv3,Hiking
ER9dxJv3,Cooking
ER9dxJv3,Cycling
SfT3LQ1j,Reading
SfT3LQ1j,Cycling
FSu9gQe6,Reading
FSu9gQe6,Cycling
QC0b8aJc,Hiking
ZhsQ2GqG,Reading
aU1h6qVd,Gardening
aU1h6qVd,Cycling
sXP9jaF8,Reading
NpPJBHcb,Reading
xSnWueAg,Painting
xSnWueAg,Hiking
xSnWueAg,Reading
XVxAR7J5,Cooking
XVxAR7J5,Hiking
2ENxfBuT,Hiking
2ENxfBuT,Painting
cczfTgSe,Painting
2zm7n4jC,Hiking
2zm7n4jC,Gardening
EhwnOA4a,Hiking
EhwnOA4a,Painting
CEXAt5qz,Cooking
CEXAt5qz,Hiking
CEXAt5qz,Cycling
NwaI1kfP,Cooking
NwaI1kfP,Painting
NwaI1kfP,Hiking
8DZN41xC,Cycling
8DZN41xC,Reading
g5w7yGYG,Cycling
g5w7yGYG,Hiking
g5w7yGYG,Painting
6Xul8SXd,Painting
6Xul8SXd,Hiking
6Xul8SXd,Gardening
8oT3ZW75,Cooking
8oT3ZW75,Painting
8oT3ZW75,Reading
LEmg4HdK,Cooking
LEmg4HdK,Gardening
8864WiPU,Cooking
8864WiPU,Cycling
8864WiPU,Reading
MHJ8PKd7,Painting
YN34AgIb,Cooking
YN34AgIb,Painting
59GU9V5c,Cycling
3gRlRCzY,Hiking
3gRlRCzY,Cooking
3gRlRCzY,Reading
ynwH1tfu,Painting
DzoZXmYe,Cycling
seXfnOx3,Reading
seXfnOx3,Painting
seXfnOx3,Cycling
EaVIPJMq,Hiking
u6O6MD2U,Cooking
u6O6MD2U,Painting
u6O6MD2U,Hiking
yEsIhTKm,Cycling
yEsIhTKm,Cooking
yEsIhTKm,Hiking
FOhE1Lyy,Hiking
FOhE1Lyy,Cycling
p5ztG7M2,Gardening
vMHUAfMs,Cooking
vMHUAfMs,Gardening
EbE7xRIm,Gardening
EbE7xRIm,Reading
JCvUPzEt,Cycling
JCvUPzEt,Hiking
KF5yD85A,Gardening
KF5yD85A,Reading
KF5yD85A,Hiking
wJdpBwcY,Cycling
VLa5tFZJ,Hiking
VLa5tFZJ,Gardening
mPnkMZNw,Painting
mPnkMZNw,Gardening
6ewVtKkp,Cooking
6ewVtKkp,Reading
6ewVtKkp,Hiking
VyuQmCm3,Painting
ZuYHj3yg,Gardening
ZuYHj3yg,Reading
hQ6qsSUN,Gardening
RnblNme7,Gardening
XwILwDea,Cooking
Q2XZZToN,Reading
Q2XZZToN,Cooking
Q2XZZToN,Painting
McJXr5Vp,Cooking
McJXr5Vp,Hiking
GzrTf4n9,Hiking
b6mzNEQe,Painting
b6mzNEQe,Reading
b6mzNEQe,Hiking
fwdoZ1SY,Gardening
bkOZOFYe,Hiking
oZyBPHuc,Painting
oZyBPHuc,Reading
oZyBPHuc,Cycling
hbDT9Uvz,Cycling
hbDT9Uvz,Cooking
922LBxqz,Painting
922LBxqz,Cycling
922LBxqz,Hiking
BHxZpwIg,Cycling
NPaK4TL8,Cooking
NPaK4TL8,Painting
NPaK4TL8,Reading
QbNRTJWU,Gardening
hUb5yrpg,Reading
hUb5yrpg,Painting
1nJC7L7W,Reading
1nJC7L7W,Painting
1nJC7L7W,Cooking
maRLCXfG,Hiking
maRLCXfG,Cycling
ctFeFVIG,Gardening
ctFeFVIG,Cycling
0xpK7IXQ,Hiking
0xpK7IXQ,Painting
L915naaE,Reading
L915naaE,Cycling
L915naaE,Gardening
hV84sVfK,Hiking
dA5MktuC,Reading
dA5MktuC,Hiking
dA5MktuC,Painting
1LC8lc9h,Reading
dYX5TPVF,Cooking
dYX5TPVF,Gardening
j9JRGdIt,Hiking
j9JRGdIt,Cooking
j9JRGdIt,Painting
OTj55Wbf,Hiking
OTj55Wbf,Gardening
OTj55Wbf,Cooking
GXDWClvf,Hiking
GXDWClvf,Painting
GXDWClvf,Cooking
GbftpuKB,Painting
GbftpuKB,Reading
GbftpuKB,Gardening
6YpY4hYW,Hiking
6YpY4hYW,Gardening
6YpY4hYW,Cycling
Twa6IECS,Cooking
Twa6IECS,Cycling
Twa6IECS,Hiking
Xjr29nvq,Reading
Xjr29nvq,Cycling
Xjr29nvq,Gardening
c5jjEyPP,Hiking
c5jjEyPP,Reading
c5jjEyPP,Gardening
ExnT9moY,Hiking
ExnT9moY,Painting
ExnT9moY,Cooking
NZ5EX7CC,Hiking
NZ5EX7CC,Cycling
doraPRAA,Cycling
doraPRAA,Hiking
aLC14CQl,Gardening
aLC14CQl,Reading
aLC14CQl,Cooking
pDywBzAh,Gardening
pDywBzAh,Hiking
KYCdtZR7,Cooking
DdMW3flI,Hiking
DdMW3flI,Reading
izvDwsWl,Reading
gvgXrM87,Reading
gvgXrM87,Cooking
clWSLxYG,Reading
ERvWkqEN,Gardening
G4v458SJ,Painting
aBB6gEML,Hiking
CJWerWvf,Cycling
JFdr6WO1,Cooking
bpI7CwYj,Cycling
c7Btd4dP,Gardening
6ONMZMYW,Gardening
TrjDNNLr,Gardening
P7sB0Y1F,Hiking
uRvwUC8I,Reading
uRvwUC8I,Hiking
uRvwUC8I,Cycling
VrqL7vut,Reading
VrqL7vut,Painting
VrqL7vut,Cycling
mEA7iQBi,Hiking
mEA7iQBi,Cycling
thPUjWVh,Cycling
thPUjWVh,Hiking
h1oTnB5q,Painting
h1oTnB5q,Reading
h1oTnB5q,Gardening
tgZTnr5H,Gardening
nSqwhg2W,Hiking
YDRSWb0a,Gardening
YDRSWb0a,Painting
hYbDCwEi,Reading
RqRXCT3Q,Cooking
RqRXCT3Q,Hiking
P326Qi60,Cooking
P326Qi60,Painting
mdvVREqJ,Cycling
mdvVREqJ,Gardening
mdvVREqJ,Reading
EFdXqLoz,Painting
GDMQFLiq,Cycling
RgFrqeR7,Cycling
RgFrqeR7,Hiking
JmTFsE2X,Painting
JmTFsE2X,Cooking
EBngpHpk,Reading
KvBmx0XN,Reading
KvBmx0XN,Cycling
KvBmx0XN,Gardening
MLMbdtg5,Cooking
Aka1SXd4,Painting
Aka1SXd4,Hiking
iPehA85Q,Reading
cjdUXaeg,Painting
xGPpsAjc,Gardening
xGPpsAjc,Hiking
xGPpsAjc,Cooking
MhUlkdyt,Gardening
MhUlkdyt,Painting
D86MDTrx,Cooking
1qfPisZ7,Gardening
1qfPisZ7,Painting
1qfPisZ7,Hiking
jMvI1O8G,Hiking
jMvI1O8G,Cooking
zlmh2N2j,Reading
zlmh2N2j,Gardening
C1qrVIB5,Painting
C1qrVIB5,Gardening
C1qrVIB5,Cycling
0KBtahIz,Cooking
0KBtahIz,Gardening
0KBtahIz,Hiking
ZeqdWPXk,Painting
qWbngmyg,Cooking
qWbngmyg,Painting
XnYlNqy9,Cycling
JUEE6whk,Painting
aSVrd2el,Cycling
aSVrd2el,Hiking
aSVrd2el,Gardening
rF4fTkd5,Cycling
AvJls5XT,Cooking
yQcd1s0w,Gardening
w9w4OuoU,Cycling
w9w4OuoU,Hiking
w9w4OuoU,Reading
Wvyn8nYq,Cycling
O0X1ZBIR,Hiking
v29SjxO3,Gardening
v29SjxO3,Hiking
v29SjxO3,Cooking
NNbjkAq4,Cooking
nGvGN9eY,Hiking
nGvGN9eY,Painting
nGvGN9eY,Reading
19w0vd15,Painting
19w0vd15,Cooking
DSlSKdT5,Cycling
SJRGhfQ7,Hiking
SJRGhfQ7,Reading
SJRGhfQ7,Cooking
yNCwtzoh,Cycling
yNCwtzoh,Painting
iCc10gKE,Painting
QRDmHnQw,Reading
1rsdrwPa,Gardening
1rsdrwPa,Painting
1rsdrwPa,Cycling
LKKys9Dm,Painting
LKKys9Dm,Hiking
LKKys9Dm,Gardening
HSWkTbfP,Cycling
HSWkTbfP,Painting
HSWkTbfP,Gardening
XLvFyEFl,Cooking
XLvFyEFl,Reading
XLvFyEFl,Painting
W83nanTF,Gardening
RSCSJX3j,Hiking
RSCSJX3j,Cycling
tElpBMFp,Reading
tElpBMFp,Cycling
tElpBMFp,Painting
Pnmgw5da,Painting
R0GNxXD1,Hiking
BAoUG5fG,Cycling
joJEXGPz,Hiking
joJEXGPz,Cooking
joJEXGPz,Cycling
xB7xglLR,Hiking
xB7xglLR,Cooking
xv53HXT4,Cycling
xv53HXT4,Cooking
Vn4DtGhv,Gardening
Vn4DtGhv,Reading
LGliEFz3,Cycling
X2lEJyLd,Cooking
X2lEJyLd,Hiking
X2lEJyLd,Gardening
24EqvpL6,Gardening
24EqvpL6,Hiking
7hvBimsT,Reading
7hvBimsT,Hiking
LhBnf8jW,Cycling
LhBnf8jW,Hiking
LhBnf8jW,Painting
Qqy8REso,Painting
Qqy8REso,Hiking
Qqy8REso,Cycling
3gsOhsgu,Gardening
IpO0S4cP,Cycling
IpO0S4cP,Gardening
IpO0S4cP,Painting
AEfwP4WV,Gardening
AEfwP4WV,Reading
Knzn6Gjz,Hiking
Knzn6Gjz,Cycling
71rHmKuG,Reading
71rHmKuG,Gardening
07ECzLWo,Hiking
EAlazvSu,Painting
EAlazvSu,Gardening
vgulJ5Fb,Cooking
G6JNePMT,Painting
6Bm6fnht,Cycling
6Bm6fnht,Reading
dDyIsnQu,Hiking
2JpZD8p3,Hiking
xMvbY5hZ,Gardening
xMvbY5hZ,Hiking
qpiYyfj9,Cooking
imeJCo1U,Hiking
imeJCo1U,Reading
imeJCo1U,Cooking
jF14xzon,Reading
jF14xzon,Cooking
jF14xzon,Cycling
eSCXm4VI,Gardening
eSCXm4VI,Painting
6SoijEpG,Cooking
6SoijEpG,Cycling
UqJhiY5p,Reading
ddG5obY3,Hiking
BuUzTXow,Painting
BuUzTXow,Hiking
S5PlRprg,Gardening
S5PlRprg,Cycling
S5PlRprg,Reading
a7pIAowA,Reading
a7pIAowA,Hiking
rcXseSk4,Cycling
f35tecpX,Cycling
f35tecpX,Hiking
HrH7nohO,Hiking
HrH7nohO,Cycling
HrH7nohO,Painting
tHffGrz2,Reading
J89WnMDe,Gardening
J89WnMDe,Reading
ILWeO22Z,Hiking
sfaHVpHs,Gardening
sfaHVpHs,Cycling
jJJuo59O,Gardening
ARDU0tAP,Cooking
HsiK2ITp,Reading
AacWdCqX,Painting
AacWdCqX,Cycling
eHnCPsr9,Reading
eHnCPsr9,Gardening
2rz4LYX3,Gardening
2rz4LYX3,Hiking
zEyssuDg,Reading
zEyssuDg,Hiking
CnqGeC6j,Hiking
VtlbYQaq,Gardening
VtlbYQaq,Painting
VtlbYQaq,Cycling
qxjKuAxh,Cooking
qxjKuAxh,Gardening
U7sihSZ8,Hiking
oPUiaT1Y,Cycling
mo7xb7ue,Gardening
mo7xb7ue,Painting
ZBxVlXKC,Reading
ZGnxCZVa,Reading
ZGnxCZVa,Gardening
ZGnxCZVa,Hiking
Mnn8S883,Cycling
Mnn8S883,Gardening
Mnn8S883,Cooking
BQ4Wdwv0,Cycling
kDUHx41i,Hiking
kDUHx41i,Cycling
GDvNXC5e,Painting
GDvNXC5e,Hiking
SsT9UtqW,Cooking
52gKEj5W,Cycling
52gKEj5W,Gardening
52gKEj5W,Painting
pty1FLfX,Painting
pty1FLfX,Gardening
12dwmeVY,Reading
12dwmeVY,Cycling
8HsoYaDn,Painting
CXARbrjh,Hiking
mEeQEXz6,Cooking
mEeQEXz6,Painting
mEeQEXz6,Gardening
u2PHj5qc,Cycling
u2PHj5qc,Cooking
u2PHj5qc,Painting
NBSjfsJK,Gardening
NBSjfsJK,Painting
NBSjfsJK,Hiking
RLf07IzM,Cooking
RLf07IzM,Hiking
hMotQAou,Cooking
hMotQAou,Hiking
CbKD3zDX,Cooking
CbKD3zDX,Cycling
CbKD3zDX,Gardening
yUTdHAwU,Painting
lme2uwh8,Reading
5mUN3IMD,Cycling
5mUN3IMD,Gardening
5mUN3IMD,Hiking
t3yM0Ws5,Gardening
t3yM0Ws5,Cycling
NjKcn6vZ,Gardening
NjKcn6vZ,Reading
oIc9BMeF,Hiking
oIc9BMeF,Painting
oIc9BMeF,Cooking
SjR7vmJ4,Hiking
hNN7R6pp,Painting
jmkITsm8,Reading
y9xfFrZf,Hiking
y9xfFrZf,Cycling
y9xfFrZf,Gardening
IMrpNTwt,Hiking
IMrpNTwt,Painting
jEMha89s,Cooking
jEMha89s,Reading
jEMha89s,Gardening
f6AQtHqa,Cooking
f6AQtHqa,Cycling
iFE0w5P0,Cooking
iFE0w5P0,Cycling
iFE0w5P0,Hiking
sAvOnqpC,Painting
sAvOnqpC,Cooking
LVoAAk4S,Gardening
LVoAAk4S,Cooking
LVoAAk4S,Hiking
LvIZIRIL,Cooking
LvIZIRIL,Cycling
LvIZIRIL,Painting
4lKpz3vB,Gardening
4lKpz3vB,Cycling
4lKpz3vB,Reading
ymxZ2CUy,Hiking
ymxZ2CUy,Reading
PjV3CJU4,Cycling
PjV3CJU4,Reading
xfLZtURV,Painting
xfLZtURV,Cycling
xfLZtURV,Gardening
8lPSh9WN,Cycling
uwNdtIDw,Cycling
gBieP9OC,Hiking
gBieP9OC,Cycling
gBieP9OC,Gardening
eEAszKZv,Reading
R3EmZY1j,Cooking
R3EmZY1j,Cycling
R3EmZY1j,Gardening
gXaprEvC,Hiking
gXaprEvC,Painting
gXaprEvC,Gardening
aJMJRNqJ,Reading
aJMJRNqJ,Cooking
aJMJRNqJ,Cycling
wltiBTVs,Reading
lVW5Kxjj,Reading
lVW5Kxjj,Painting
lVW5Kxjj,Cycling
8l0cAGO4,Reading
yjN79oYy,Reading
yjN79oYy,Cooking
iMA7ayKv,Hiking
2xISsRQs,Gardening
2xISsRQs,Reading
4D8JdxOp,Cooking
w0tSmrEZ,Painting
AJ2YgdJH,Cycling
xhdeIpLq,Reading
xhdeIpLq,Cooking
xhdeIpLq,Painting
WqSt0tiW,Hiking
WqSt0tiW,Reading
IT7IL2l8,Reading
IT7IL2l8,Hiking
IT7IL2l8,Painting
RZsm2MY1,Hiking
RZsm2MY1,Cycling
RZsm2MY1,Cooking
tLpvzfen,Cooking
tLpvzfen,Gardening
YiZel8kp,Cycling
bz09gjct,Gardening
bz09gjct,Hiking
yE8JDQET,Gardening
yE8JDQET,Cycling
yE8JDQET,Painting
IGZgPpiy,Reading
IGZgPpiy,Painting
ou8f3oZR,Gardening
qqFYA1xq,Reading
qqFYA1xq,Painting
qqFYA1xq,Cooking
tnbyljYn,Hiking
B0lkZw3F,Cooking
B0lkZw3F,Hiking
2WFe4Zgn,Reading
2WFe4Zgn,Hiking
2wot6zwx,Hiking
2wot6zwx,Painting
wwUOKdGC,Cycling
wwUOKdGC,Hiking
YXEACVNx,Cycling
YXEACVNx,Painting
ZMZgyq5w,Hiking
ZMZgyq5w,Cooking
ZMZgyq5w,Painting
EeQc9QZK,Gardening
wfxlB4k2,Gardening
wfxlB4k2,Cooking
Y5O15QoL,Gardening
gBMGii4P,Cycling
0x5mhF19,Cooking
0x5mhF19,Cycling
0x5mhF19,Painting
QC3MKzBF,Reading
g9BaPwAA,Cycling
g9BaPwAA,Gardening
g9BaPwAA,Reading
vmrJUKs7,Reading
vmrJUKs7,Cooking
FClDsyAg,Hiking
GURV2GKS,Hiking
gjk1Q3ex,Painting
C52QaTF5,Gardening
C52QaTF5,Cooking
imbxTPD1,Gardening
qhOkO2RM,Hiking
qhOkO2RM,Cooking
qhOkO2RM,Reading
F7FkRlRU,Painting
F7FkRlRU,Hiking
LnrhmWNR,Cooking
W57PHxHq,Gardening
W57PHxHq,Painting
W57PHxHq,Cooking
XNEnOByp,Gardening
XNEnOByp,Hiking
XNEnOByp,Cooking
LikFuOar,Reading
LikFuOar,Painting
3Zl72kfi,Cooking
3Zl72kfi,Cycling
RAu6JKFt,Painting
dvOlMW1W,Cycling
dvOlMW1W,Hiking
dvOlMW1W,Gardening
Uu9wnMRU,Painting
Uu9wnMRU,Cycling
Uu9wnMRU,Gardening
5HWGbNzF,Cycling
HvkCnBnz,Gardening
HvkCnBnz,Hiking
8qEbu58w,Gardening
8qEbu58w,Reading
Hggd9sQh,Cycling
Hggd9sQh,Cooking
6KIqMqwm,Gardening
5rCHGu7v,Cooking
5rCHGu7v,Hiking
23JeeUzg,Cooking
23JeeUzg,Cycling
voGN7U1O,Gardening
AEzLC3EX,Reading
AEzLC3EX,Gardening
AEzLC3EX,Painting
qTpqo1Hr,Painting
qTpqo1Hr,Reading
qTpqo1Hr,Hiking
zli4R0qK,Cycling
zli4R0qK,Hiking
zli4R0qK,Reading
K14bGSNt,Hiking
K14bGSNt,Gardening
K14bGSNt,Cooking
iyR49ZO8,Gardening
iyR49ZO8,Cooking
iyR49ZO8,Painting
JswJmGbL,Cooking
JswJmGbL,Reading
JswJmGbL,Painting
X10DwFyf,Reading
X10DwFyf,Gardening
Co6rySCR,Cooking
icFsrq0u,Painting
icFsrq0u,Gardening
icFsrq0u,Reading
jwEzbjqd,Reading
jwEzbjqd,Painting
jwEzbjqd,Cycling
srVealru,Gardening
srVealru,Cycling
cpEvKdvN,Gardening
cpEvKdvN,Hiking
Kjmg3o2p,Reading
hmICU55c,Cycling
hmICU55c,Gardening
00bcJoxW,Painting
00bcJoxW,Cycling
cr9naTRw,Painting
cr9naTRw,Cooking
cr9naTRw,Gardening
Lia3Anjt,Reading
Lia3Anjt,Painting
Ut0j4joI,Gardening
Ut0j4joI,Hiking
2NCjQqzq,Cooking
VyqCNwtC,Painting
PHsEH5XZ,Gardening
PHsEH5XZ,Painting
PHsEH5XZ,Cycling
xzeDZ6hI,Painting
xzeDZ6hI,Hiking
xzeDZ6hI,Cooking
xeepafBs,Painting
xeepafBs,Hiking
TOlRR1em,Cycling
TOlRR1em,Cooking
TOlRR1em,Painting
Naey2UnJ,Painting
Naey2UnJ,Gardening
jyoSpAub,Painting
nuVIGEcB,Cooking
nuVIGEcB,Reading
nuVIGEcB,Gardening
Dv60JWkY,Painting
Dv60JWkY,Cooking
Dv60JWkY,Cycling
4JiRcw0b,Cooking
4JiRcw0b,Hiking
NeWQ97tD,Hiking
KsGDz51n,Reading
KsGDz51n,Painting
KsGDz51n,Gardening
4Rbr2ktB,Painting
4Rbr2ktB,Cycling
4Rbr2ktB,Cooking
9sgQdCaO,Reading
9sgQdCaO,Hiking
ijGmG5CL,Hiking
ijGmG5CL,Cycling
ijGmG5CL,Reading
658wPnPC,Gardening
qRovtwtF,Painting
JQhA9UOC,Cycling
JQhA9UOC,Painting
JQhA9UOC,Hiking
PEyRdulw,Gardening
PEyRdulw,Cycling
PEyRdulw,Painting
e5MOgxQO,Hiking
e5MOgxQO,Cycling
e5MOgxQO,Cooking
skd4RH9h,Painting
atlN65wi,Cycling
atlN65wi,Gardening
aQI6u9cr,Gardening
uCCWVnIB,Hiking
hQWcSUdk,Cycling
hQWcSUdk,Painting
hQWcSUdk,Cooking
VrUwM1tR,Hiking
1UAJDNLV,Gardening
QnRfTlgm,Reading
FSN5lzis,Cooking
FSN5lzis,Gardening
3W2mm6gU,Reading
LjJH9mNH,Cooking
BiI8tcp1,Reading
TbgJDn8a,Cycling
TbgJDn8a,Cooking
TguHSHO2,Cooking
TguHSHO2,Reading
TguHSHO2,Painting
ixHgnuIM,Reading
sCwWGdl9,Hiking
sCwWGdl9,Painting
PEATDN8D,Hiking
PEATDN8D,Painting
PEATDN8D,Cycling
ECy1FQUx,Painting
2YAVBjIB,Reading
2YAVBjIB,Painting
f79tDZGy,Hiking
f79tDZGy,Reading
f79tDZGy,Cooking
ipLnAvUw,Gardening
mtPtqg8W,Cycling
mtPtqg8W,Hiking
mtPtqg8W,Painting
5nqJygYQ,Cycling
5nqJygYQ,Painting
5nqJygYQ,Hiking
GlNNh9Ft,Painting
GlNNh9Ft,Gardening
GlNNh9Ft,Cycling
wzobwUOV,Reading
wzobwUOV,Painting
8MrsHSdB,Cooking
5TjtnitB,Cooking
gLa0uLrQ,Painting
Rhbk3XUd,Hiking
Rhbk3XUd,Reading
Rhbk3XUd,Cycling
9CyeS0h1,Hiking
9CyeS0h1,Reading
9CyeS0h1,Cycling
RveyrZUT,Hiking
RveyrZUT,Cooking
ffYueMMr,Reading
ffYueMMr,Cycling
ffYueMMr,Gardening
ZIrlky8E,Reading
Ewpu00uC,Reading
Ewpu00uC,Hiking
yJp7Hg7v,Cooking
yJp7Hg7v,Gardening
yJp7Hg7v,Reading
VUBheClA,Gardening
VUBheClA,Cycling
VUBheClA,Cooking
Mbq3RxLY,Cooking
Mbq3RxLY,Painting
8XvgodL7,Painting
YAFrol5e,Painting
tl8JJCzS,Reading
tl8JJCzS,Gardening
sX26p794,Gardening
7FsoBb3u,Gardening
7FsoBb3u,Painting
7FsoBb3u,Cycling
dS3Vbrag,Cycling
dS3Vbrag,Cooking
dS3Vbrag,Hiking
I372olNG,Gardening
I372olNG,Painting
I372olNG,Hiking
R0Mbwk27,Painting
R0Mbwk27,Gardening
R0Mbwk27,Cycling
Plvv7iBv,Reading
Plvv7iBv,Hiking
Plvv7iBv,Cooking
M2LMrMzG,Cooking
nYWEpOap,Reading
t3r2yNDM,Hiking
t3r2yNDM,Cooking
jvoCIqZ4,Cycling
Pqwk3hZt,Painting
Pqwk3hZt,Hiking
Pqwk3hZt,Gardening
SiOqYo3Q,Painting
SiOqYo3Q,Cycling
SiOqYo3Q,Gardening
GIRknWM8,Cooking
GIRknWM8,Reading
GIRknWM8,Hiking
uXYvuPMy,Gardening
uXYvuPMy,Reading
uXYvuPMy,Cooking
jZ6ZigWw,Hiking
0h61MiAr,Cycling
0h61MiAr,Cooking
0h61MiAr,Reading
6gkSPoHV,Hiking
6gkSPoHV,Cycling
6gkSPoHV,Gardening
7lCqR8vO,Cooking
7lCqR8vO,Reading
7lCqR8vO,Painting
7dSYg8NQ,Painting
7dSYg8NQ,Hiking
JcWaOvcl,Painting
edpM7fDm,Painting
edpM7fDm,Reading
edpM7fDm,Hiking
uOsx7EoR,Gardening
329DNSxB,Cooking
329DNSxB,Gardening
329DNSxB,Reading
UpaRTo0s,Painting
UpaRTo0s,Reading
UpaRTo0s,Gardening
WKMEj2Wg,Gardening
WKMEj2Wg,Cycling
WKMEj2Wg,Painting
F34C4cIf,Gardening
F34C4cIf,Cooking
G0XQI5HK,Cooking
G0XQI5HK,Gardening
EBizvBqh,Hiking
EBizvBqh,Reading
mclRmj5J,Gardening
mclRmj5J,Cycling
zbrEpkGk,Painting
zbrEpkGk,Reading
zbrEpkGk,Gardening
szyrz4Ep,Painting
szyrz4Ep,Reading
szyrz4Ep,Hiking
buV5FSCL,Cooking
buV5FSCL,Hiking
buV5FSCL,Reading
RHlTGZQc,Reading
RHlTGZQc,Hiking
RHlTGZQc,Cycling
GA0QBVJL,Cycling
GA0QBVJL,Cooking
BlI2MTHZ,Gardening
BlI2MTHZ,Reading
3DwnGy3V,Painting
3DwnGy3V,Gardening
3DwnGy3V,Cooking
c9nKTD6i,Cooking
Jeqrb7I8,Gardening
vtaoDiU9,Cooking
vtaoDiU9,Hiking
vtaoDiU9,Gardening
lHDVESRr,Cycling
XTbeKalg,Reading
XTbeKalg,Cooking
jvKi2R3f,Reading
I89pfpGF,Painting
I89pfpGF,Cooking
WPIyb66p,Cycling
WPIyb66p,Cooking
WPIyb66p,Painting
KnorQAzE,Painting
KnorQAzE,Gardening
QlFnLY5u,Hiking
QlFnLY5u,Reading
QlFnLY5u,Gardening
PJq0RkeB,Gardening
N8Np1kEL,Gardening
N8Np1kEL,Cooking
N8Np1kEL,Reading
vX5InjQT,Cooking
vX5InjQT,Gardening
ZSARupDh,Cooking
ZSARupDh,Hiking
tp4hw3Qg,Cycling
tp4hw3Qg,Cooking
ixTukSBD,Cooking
ixTukSBD,Hiking
ixTukSBD,Cycling
J73aysww,Hiking
J73aysww,Painting
5VCSJo2W,Cooking
zPub7snZ,Cooking
zPub7snZ,Gardening
zPub7snZ,Cycling
4DPwh6CD,Hiking
nHbd1b9I,Painting
rW9yI6DB,Cycling
rW9yI6DB,Gardening
rW9yI6DB,Painting
Dk6GaM1z,Reading
Dk6GaM1z,Cycling
2XeCg0vc,Cooking
uAxnIM82,Cooking
uAxnIM82,Reading
7z7SLGig,Reading
7z7SLGig,Cooking
7z7SLGig,Cycling
Egn0irOK,Gardening
Egn0irOK,Reading
Egn0irOK,Cooking
HLz6FBGo,Hiking
HLz6FBGo,Cooking
HLz6FBGo,Painting
zu7lcZW7,Cycling
1bnQGugB,Gardening
1bnQGugB,Reading
1bnQGugB,Painting
qHRuSpwn,Gardening
qHRuSpwn,Reading
9sYkNL1a,Reading
9sYkNL1a,Gardening
XUCSCSB9,Cycling
dRIw5UMK,Cycling
4ejU7cds,Cooking
4ejU7cds,Hiking
4ejU7cds,Cycling
93Wfdoqx,Hiking
93Wfdoqx,Gardening
JRtJHiO6,Cycling
JRtJHiO6,Gardening
ljDDoV1M,Painting
ljDDoV1M,Cycling
UgJqOA8S,Reading
UgJqOA8S,Cooking
UgJqOA8S,Painting
clSe3X1h,Painting
clSe3X1h,Gardening
clSe3X1h,Hiking
JeC7TiAX,Hiking
JeC7TiAX,Painting
Z9TBgldK,Hiking
mnYpNHvb,Cooking
mnYpNHvb,Painting
mnYpNHvb,Hiking
DFiQfubR,Cycling
DFiQfubR,Painting
DFiQfubR,Cooking
5PnVhjk2,Gardening
6cXuoATr,Cycling
IYdSqCji,Gardening
5qevlIwN,Cycling
5qevlIwN,Cooking
e7ll93cG,Reading
gMgUIxEf,Cooking
gMgUIxEf,Painting
IJOClV9M,Hiking
IJOClV9M,Reading
IJOClV9M,Cooking
71CL4qO4,Painting
71CL4qO4,Cooking
hB2SSwNZ,Painting
hB2SSwNZ,Hiking
hB2SSwNZ,Cooking
MK4l6xfG,Painting
MK4l6xfG,Cycling
SlQlT28O,Reading
SlQlT28O,Painting
SlQlT28O,Cycling
fBd7JQo0,Cycling
hlm2whK1,Cycling
hlm2whK1,Cooking
Qqwa6DBZ,Reading
Qqwa6DBZ,Hiking
esuVhFs6,Cooking
esuVhFs6,Reading
fyPXrO7r,Hiking
ks8qvTbc,Cooking
ks8qvTbc,Painting
Wl6iJl8Q,Cycling
GFP79qd0,Reading
tHp6ohVA,Painting
tHp6ohVA,Gardening
2SgVEHBt,Gardening
iAUR5SH5,Cycling
gMGz0uHT,Reading
gMGz0uHT,Cooking
gMGz0uHT,Cycling
92BShbur,Cycling
H1iPDOtr,Cycling
6KQML9Lo,Cooking
6KQML9Lo,Cycling
bVsfACSo,Hiking
bVsfACSo,Cycling
bVsfACSo,Reading
tjXLIAVv,Gardening
tjXLIAVv,Cooking
rzzftjCA,Gardening
rzzftjCA,Cycling
rzzftjCA,Reading
PX2vf0vt,Gardening
PX2vf0vt,Cycling
rnDXkjNn,Painting
rnDXkjNn,Hiking
grrgI2AP,Cycling
grrgI2AP,Painting
grrgI2AP,Cooking
F8bFFbUf,Hiking
F8bFFbUf,Reading
F8bFFbUf,Gardening
UNtTXXsZ,Painting
Za0jo3yE,Cycling
EdWokmY8,Cycling
GhkjMRtf,Painting
cBQ68b3f,Hiking
cBQ68b3f,Painting
cBQ68b3f,Reading
4SS91jC4,Painting
B1KiPO5Z,Gardening
B1KiPO5Z,Reading
B1KiPO5Z,Painting
F1sIqqxw,Hiking
F1sIqqxw,Cooking
F1sIqqxw,Cycling
3oDnW9R2,Cooking
3oDnW9R2,Cycling
3oDnW9R2,Hiking
lAfdjHNt,Gardening
lAfdjHNt,Painting
lAfdjHNt,Hiking
ebiJ1hTz,Cycling
ebiJ1hTz,Reading
ebiJ1hTz,Gardening
jppmk05L,Hiking
jppmk05L,Gardening
jppmk05L,Reading
T5KpJdiw,Painting
qNoLEkvy,Reading
zpx6kg4U,Gardening
zpx6kg4U,Painting
zpx6kg4U,Reading
A1hEDByy,Painting
A1hEDByy,Cycling
A1hEDByy,Cooking
FR8CG79Z,Hiking
FR8CG79Z,Painting
FR8CG79Z,Cycling
jVPdp3iD,Cycling
jVPdp3iD,Gardening
jVPdp3iD,Cooking
ejLd5s2c,Painting
ejLd5s2c,Cooking
ejLd5s2c,Reading
tJncMXoZ,Reading
G2GDf7jo,Gardening
yR13ysvU,Cycling
yR13ysvU,Cooking
yR13ysvU,Painting
6rihHufj,Cooking
fh0ot04I,Painting
fh0ot04I,Hiking
fh0ot04I,Gardening
Flmhib59,Reading
Flmhib59,Painting
7X9bHja0,Cycling
7X9bHja0,Cooking
2PGTduTR,Cooking
7vaQ5WIs,Painting
7vaQ5WIs,Cooking
7vaQ5WIs,Reading
i6XeDOah,Hiking
JcKomgJH,Cooking
JcKomgJH,Painting
gd2fPj4m,Reading
gd2fPj4m,Gardening
g5UxCWUP,Cycling
g5UxCWUP,Cooking
CWRUg9JQ,Cycling
CWRUg9JQ,Reading
QWHzw9PR,Reading
QWHzw9PR,Cycling
QWHzw9PR,Gardening
zr6kIzR1,Cooking
zr6kIzR1,Reading
DuaIKpX8,Painting
DuaIKpX8,Gardening
DuaIKpX8,Hiking
aIuG5Nle,Cooking
aIuG5Nle,Reading
cFqqetmA,Painting
mgQqI2pF,Reading
mgQqI2pF,Cooking
fsbksAUy,Hiking
fsbksAUy,Gardening
fsbksAUy,Painting
KqcCfDSw,Cycling
TGXhTo6C,Reading
jYV9Ti3F,Hiking
cHKZ0TxY,Hiking
cHKZ0TxY,Gardening
cHKZ0TxY,Reading
VMJazbsz,Gardening
VMJazbsz,Cycling
VMJazbsz,Cooking
LppowGbm,Cooking
LppowGbm,Cycling
AP9ysdbw,Hiking
AP9ysdbw,Cycling
0wyCCEwA,Gardening
0wyCCEwA,Cycling
kFN0e0qa,Hiking
8NBGlq78,Cycling
8NBGlq78,Painting
CHvicqly,Cooking
CHvicqly,Painting
CHvicqly,Reading
wKa5k8SI,Cooking
wKa5k8SI,Hiking
uuSUE8Cb,Cooking
uuSUE8Cb,Cycling
uuSUE8Cb,Painting
9pE4QWje,Hiking
9pE4QWje,Reading
sOAkESaH,Cycling
s4AEwcMp,Hiking
7cBmgohQ,Painting
7cBmgohQ,Cooking
7cBmgohQ,Gardening
CLnmCRCe,Cycling
CLnmCRCe,Cooking
3NLTyvNU,Gardening
5VNsDD99,Hiking
5VNsDD99,Painting
5VNsDD99,Gardening
TwIs3Uva,Gardening
TwIs3Uva,Cooking
TwIs3Uva,Reading
mK4zIox6,Cycling
mK4zIox6,Painting
mK4zIox6,Cooking
H0TNw4no,Hiking
H0TNw4no,Cycling
H0TNw4no,Cooking
ER1t7QSr,Gardening
ER1t7QSr,Reading
ER1t7QSr,Cooking
XMIltLiA,Gardening
coYTQV2k,Hiking
coYTQV2k,Painting
4278yGVa,Cycling
4278yGVa,Cooking
YDrA17KA,Hiking
YDrA17KA,Reading
Bw6sW8Sb,Painting
Bw6sW8Sb,Reading
Bw6sW8Sb,Cycling
G1XIH3ok,Hiking
G1XIH3ok,Cooking
s9AtIqFg,Painting
KNWmaoPd,Gardening
KNWmaoPd,Painting
c7q2LohQ,Painting
c7q2LohQ,Cooking
c7q2LohQ,Hiking
qXNiCuyZ,Gardening
kYge92OG,Hiking
kYge92OG,Gardening
dlwf7FJA,Hiking
0qf9xsSM,Reading
uqf6iB8r,Cycling
uqf6iB8r,Cooking
DEJ7Elju,Reading
DEJ7Elju,Painting
DEJ7Elju,Gardening
zyMJLSzu,Painting
zyMJLSzu,Hiking
yd1BZwgQ,Cooking
4yJmwI5r,Hiking
Q4hMgzfU,Cooking
Q4hMgzfU,Cycling
v6LgrPtL,Cooking
v6LgrPtL,Reading
v6LgrPtL,Hiking
BPdcTUfg,Gardening
AB2WnWVQ,Reading
AB2WnWVQ,Cooking
AB2WnWVQ,Hiking
srxxgE72,Reading
srxxgE72,Cooking
srxxgE72,Gardening
3uRF47W2,Gardening
3uRF47W2,Reading
VEOCZN6Q,Reading
8WJ2rvbj,Reading
8WJ2rvbj,Cycling
8WJ2rvbj,Painting
q5FGd8LG,Cooking
q5FGd8LG,Hiking
q5FGd8LG,Painting
DDyBXFTW,Cycling
5Ums3Ll7,Gardening
HfkURuHl,Hiking
Y8DqyuvK,Cooking
Y8DqyuvK,Reading
Y8DqyuvK,Painting
qjeQpYmc,Hiking
qjeQpYmc,Reading
glCJ0ykJ,Painting
OBVifQKY,Cooking
I5k8dJG5,Reading
6n5jJIjJ,Reading
6n5jJIjJ,Gardening
6n5jJIjJ,Cycling
wYvYZ04u,Gardening
ZH3pUwGI,Gardening
ZH3pUwGI,Cooking
4KsIKTl1,Painting
4KsIKTl1,Gardening
4KsIKTl1,Cycling
vEtfVhfZ,Cycling
Q755eU8g,Cooking
5hOY2aOU,Cooking
5hOY2aOU,Hiking
MxiGMbXI,Cooking
MxiGMbXI,Cycling
MxiGMbXI,Reading
J85UqEMO,Reading
J85UqEMO,Painting
J85UqEMO,Cycling
jReND73U,Reading
nhKNZ59T,Gardening
nhKNZ59T,Cooking
nhKNZ59T,Reading
mCx3B8dk,Cooking
7iQDRTC2,Reading
7iQDRTC2,Gardening
0auNuYwq,Gardening
0auNuYwq,Hiking
ZCImR5vm,Gardening
qC25xWtQ,Painting
qC25xWtQ,Gardening
qC25xWtQ,Hiking
orPqJ9Vy,Cycling
orPqJ9Vy,Reading
orPqJ9Vy,Hiking
hC2qtjcD,Gardening
hC2qtjcD,Reading
hC2qtjcD,Cycling
c8tqmxUP,Hiking
VVI0Ycam,Gardening
VVI0Ycam,Cooking
CfHhsDqM,Reading
CfHhsDqM,Cycling
CfHhsDqM,Painting
dgDZU2LR,Gardening
dgDZU2LR,Hiking
dgDZU2LR,Painting
xqoLHD3n,Cooking
B5L0kPOg,Hiking
B5L0kPOg,Reading
VHJspc6l,Hiking
VHJspc6l,Cooking
VHJspc6l,Reading
eoTNVRYd,Cycling
eoTNVRYd,Painting
eoTNVRYd,Cooking
wXoekpXk,Cycling
3oZ4LUDA,Cycling
Ak1flmIk,Reading
Ak1flmIk,Cycling
Ak1flmIk,Cooking
Ip3gJhoL,Gardening
jBeNSv9c,Gardening
jBeNSv9c,Cycling
jBeNSv9c,Painting
EXWVagwF,Gardening
EXWVagwF,Reading
AvYLPdDU,Cycling
AvYLPdDU,Hiking
AvYLPdDU,Reading
bwxZJhOM,Reading
bwxZJhOM,Hiking
bwxZJhOM,Gardening
upnbfzBl,Painting
upnbfzBl,Reading
upnbfzBl,Cooking
B2fhJNbG,Cooking
B2fhJNbG,Gardening
B2fhJNbG,Reading
uX3SPIs0,Painting
Wxzx21IP,Gardening
mEHOrFHK,Cycling
mEHOrFHK,Painting
mEHOrFHK,Hiking
d05UNUZU,Painting
d05UNUZU,Gardening
d05UNUZU,Hiking
ECD0LelR,Reading
ECD0LelR,Painting
ECD0LelR,Gardening
aFgbtlp2,Cycling
Wfjt2WfZ,Cooking
UGiSaRku,Painting
HmlJ5Fl4,Gardening
HmlJ5Fl4,Painting
04PtViUA,Painting
04PtViUA,Cycling
I7N4SHRJ,Cooking
I7N4SHRJ,Painting
I7N4SHRJ,Gardening
VAFGLmlm,Reading
VAFGLmlm,Painting
KzYjaVPw,Reading
KzYjaVPw,Painting
KzYjaVPw,Cooking
ABg2oKNb,Gardening
lk9Xynct,Gardening
lk9Xynct,Cooking
lk9Xynct,Hiking
dORnRvfV,Cooking
dORnRvfV,Cycling
dORnRvfV,Reading
X7hlEUwd,Cycling
TAbBJgK8,Gardening
vNriG1OT,Reading
vNriG1OT,Hiking
1mW9kOrp,Painting
1mW9kOrp,Gardening
1mW9kOrp,Cycling
Rz3xeCkd,Reading
Rz3xeCkd,Hiking
Rz3xeCkd,Cooking
yjsO67zh,Cooking
3NmSJCuI,Painting
3NmSJCuI,Hiking
3NmSJCuI,Cooking
rtvXHpg8,Hiking
KUHynpIl,Reading
KUHynpIl,Cooking
HDrOpPFL,Reading
HDrOpPFL,Painting
HDrOpPFL,Gardening
eJ7O5zr2,Cycling
K0ZwGf81,Gardening
eGs1WxWs,Hiking
MdfE1F24,Cooking
MdfE1F24,Gardening
K9IqwGt6,Cooking
K9IqwGt6,Reading
K9IqwGt6,Hiking
S0dwrZrs,Cooking
S0dwrZrs,Gardening
S0dwrZrs,Reading
pNfXwtQp,Painting
pNfXwtQp,Gardening
gYN3lgOX,Hiking
gYN3lgOX,Reading
gYN3lgOX,Cycling
TUpsLEkQ,Cooking
kyWOP1dM,Reading
kyWOP1dM,Painting
vlEU0w6W,Cooking
vlEU0w6W,Cycling
1zenYKTS,Painting
1zenYKTS,Cycling
TxdF7wAK,Painting
TxdF7wAK,Cooking
ZtA6iHLM,Reading
JUjLKB7c,Painting
JUjLKB7c,Reading
JUjLKB7c,Hiking
CbWKQ9pT,Hiking
CbWKQ9pT,Gardening
CbWKQ9pT,Reading
UfjJNMx2,Cycling
UfjJNMx2,Reading
UfjJNMx2,Painting
V8W51yoY,Cycling
V8W51yoY,Hiking
9f9zJkP1,Gardening
9f9zJkP1,Cooking
EfrJ7Mhe,Cooking
wbiOpYbx,Cooking
wbiOpYbx,Cycling
ZOUWnbog,Cycling
ZOUWnbog,Reading
ZOUWnbog,Painting
uLhRfvLY,Reading
uLhRfvLY,Cooking
uLhRfvLY,Cycling
qZLLUiXa,Gardening
h5AjwqI9,Painting
h5AjwqI9,Hiking
TCj9iBju,Reading
TCj9iBju,Gardening
774AAsDI,Painting
cai9Q7Kd,Hiking
cai9Q7Kd,Gardening
cai9Q7Kd,Cooking
07BOINyn,Cooking
07BOINyn,Reading
07BOINyn,Cycling
SwYBtZKo,Gardening
SwYBtZKo,Hiking
mSn0xsAs,Hiking
WqlgY6ci,Reading
WqlgY6ci,Painting
VRkuegQq,Hiking
LnFMjMRh,Reading
LnFMjMRh,Hiking
LnFMjMRh,Cycling
f0ProJZl,Painting
etpmoxGk,Reading
etpmoxGk,Painting
rqZ6DM42,Cooking
rqZ6DM42,Reading
rqZ6DM42,Hiking
xm6WTC92,Gardening
xm6WTC92,Hiking
xm6WTC92,Cooking
bA6YOaB9,Cycling
jYrI2D16,Painting
jYrI2D16,Cycling
jYrI2D16,Cooking
FGftej42,Reading
FGftej42,Cooking
FGftej42,Painting
ZfRWOMlz,Cycling
l59xOLRv,Gardening
qZwYYjle,Cycling
qZwYYjle,Hiking
qZwYYjle,Cooking
61TgL3SA,Reading
QHxBfswq,Cooking
QHxBfswq,Cycling
QHxBfswq,Hiking
GfWh7kCz,Hiking
GfWh7kCz,Cooking
GfWh7kCz,Painting
IgzIPqpE,Gardening
hk0RI2SH,Painting
Rbf1XN7r,Cooking
Rbf1XN7r,Gardening
Rbf1XN7r,Reading
Hvqvb28G,Cycling
yBukTU1D,Cycling
yBukTU1D,Gardening
s9yXLYju,Cooking
pwV0CoPG,Hiking
1yAP78ah,Hiking
1yAP78ah,Reading
ljx7UFPN,Hiking
55PhBBpD,Painting
55PhBBpD,Reading
55PhBBpD,Cooking
D5OPGi90,Cycling
D5OPGi90,Cooking
D5OPGi90,Painting
WByzi5cJ,Hiking
WByzi5cJ,Painting
qCYr2SIa,Reading
qCYr2SIa,Hiking
LVl4CWGD,Painting
LVl4CWGD,Hiking
RT6W5DUh,Gardening
RT6W5DUh,Reading
1NSLOr4F,Cycling
1NSLOr4F,Painting
mr6TJKuO,Hiking
KwS6kJ2r,Cycling
KwS6kJ2r,Cooking
hILF5uNy,Hiking
kIslEf5o,Cooking
kIslEf5o,Gardening
kIslEf5o,Painting
lCBchdLl,Cycling
lCBchdLl,Reading
lCBchdLl,Painting
5zaNBENB,Cooking
orNg7rwy,Painting
orNg7rwy,Hiking
orNg7rwy,Gardening
13ineji3,Painting
13ineji3,Gardening
vQcs1jio,Cooking
vQcs1jio,Painting
vQcs1jio,Gardening
pFvm5USQ,Gardening
T8xICxSi,Gardening
T8xICxSi,Painting
T8xICxSi,Cycling
WXbgUIS9,Painting
AQ6lRZhB,Hiking
AQ6lRZhB,Reading
bn29jOm3,Painting
bn29jOm3,Hiking
bn29jOm3,Reading
lpSiEhQ5,Cycling
lpSiEhQ5,Gardening
lpSiEhQ5,Cooking
SUG6Q4bt,Painting
SUG6Q4bt,Cycling
q9sd9Nt9,Cycling
YI1HaopP,Painting
YI1HaopP,Hiking
Jf1QIvLW,Cooking
Jf1QIvLW,Gardening
2JOQeHnv,Painting
2JOQeHnv,Reading
HD1lLhNc,Cooking
HD1lLhNc,Painting
HD1lLhNc,Gardening
N4ba1hhJ,Hiking
Quq5FEQz,Hiking
RbLb75SU,Cooking
RbLb75SU,Hiking
RbLb75SU,Painting
RbnfuOvt,Cycling
RbnfuOvt,Hiking
46VjAVE3,Hiking
46VjAVE3,Painting
bXemqlJd,Painting
bXemqlJd,Hiking
bXemqlJd,Reading
KbFymeZA,Hiking
KbFymeZA,Gardening
7bOEnVI7,Reading
cKZnfpSa,Gardening
cKZnfpSa,Cooking
cKZnfpSa,Reading
5hEvo8j5,Painting
5hEvo8j5,Gardening
5hEvo8j5,Reading
MOvTQo20,Painting
MOvTQo20,Cooking
xiLdckdO,Hiking
xiLdckdO,Cooking
xiLdckdO,Gardening
0Exf41VY,Reading
0Exf41VY,Cooking
lCYLiWEE,Cooking
lCYLiWEE,Hiking
hU2C4VyV,Reading
dkPlHyz2,Painting
dkPlHyz2,Reading
iYok8xi1,Cycling
IcMBmYY0,Cycling
IcMBmYY0,Hiking
IcMBmYY0,Painting
Csa0LOQs,Painting
Csa0LOQs,Reading
1lvNkNmW,Gardening
uT5zfDnY,Hiking
uT5zfDnY,Reading
oFjsWt0p,Reading
oFjsWt0p,Cooking
oFjsWt0p,Gardening
duo9Ex5s,Cycling
duo9Ex5s,Cooking
duo9Ex5s,Hiking
xxNfBnxA,Reading
lz7vL1PU,Cycling
lz7vL1PU,Painting
4dWxhbeD,Cycling
4dWxhbeD,Gardening
SJcPPHe1,Reading
RbapeTQg,Hiking
ImA833yn,Reading
ImA833yn,Hiking
ffSCg9VY,Painting
ffSCg9VY,Gardening
Et4Nu8Uc,Reading
Et4Nu8Uc,Painting
Et4Nu8Uc,Gardening
gMFzuI3M,Reading
gMFzuI3M,Hiking
gMFzuI3M,Cycling
S4fsO4jg,Cooking
Rhbdb3bX,Hiking
Rhbdb3bX,Gardening
llRYGaBi,Gardening
llRYGaBi,Cooking
llRYGaBi,Cycling
uI5Zcudt,Reading
eAt9f1IT,Gardening
66qmmqSA,Reading
66qmmqSA,Cycling
66qmmqSA,Gardening
5jRdcP70,Cycling
5jRdcP70,Cooking
hki11XDb,Gardening
bMMzpshC,Reading
bMMzpshC,Hiking
bMMzpshC,Gardening
o3xpu37a,Reading
9OESrQlT,Cooking
9OESrQlT,Painting
7qYCQ7Gx,Cycling
7qYCQ7Gx,Reading
Nyd0hv7D,Reading
Nyd0hv7D,Hiking
bAlzcCFk,Cycling
bAlzcCFk,Painting
bAlzcCFk,Gardening
yigtJQo7,Cycling
yigtJQo7,Cooking
bFGiFtJ6,Cycling
LBPg2QNP,Painting
LBPg2QNP,Reading
9zfKX8i3,Cooking
9zfKX8i3,Gardening
9zfKX8i3,Reading
6UcYcSDc,Cycling
u54ik6Up,Cycling
u54ik6Up,Hiking
u54ik6Up,Reading
AhRTXsLM,Reading
mYowrJ59,Hiking
mYowrJ59,Cycling
KrZHXDyZ,Cycling
KrZHXDyZ,Reading
KrZHXDyZ,Painting
P1Zzm2rO,Hiking
TExJ7qiv,Painting
KjHcDXDe,Painting
KjHcDXDe,Cycling
iUefAvRl,Cycling
iUefAvRl,Painting
iUefAvRl,Reading
5yfqnuCe,Cooking
5yfqnuCe,Gardening
IRwFoGcg,Cycling
IRwFoGcg,Gardening
IRwFoGcg,Cooking
w8cM0Lxq,Cooking
w8cM0Lxq,Gardening
w8cM0Lxq,Cycling
3oSQa7ag,Gardening
8fRmpuyQ,Gardening
fpKUBmAh,Cycling
fpKUBmAh,Hiking
fpKUBmAh,Reading
dpDdH0np,Hiking
dpDdH0np,Cycling
qvp0vYqG,Reading
zrk8kwF9,Cooking
vVwbEKtL,Reading
JUqbgUku,Cycling
JUqbgUku,Hiking
TqLlbxe8,Cycling
TqLlbxe8,Reading
c6PuzMFq,Reading
c6PuzMFq,Cooking
kQpnzRFP,Cycling
kQpnzRFP,Reading
kQpnzRFP,Hiking
cqj2QW2M,Hiking
cqj2QW2M,Cycling
AH0JF7cz,Reading
AH0JF7cz,Hiking
AH0JF7cz,Gardening
fCrr0sX2,Gardening
fCrr0sX2,Cycling
fCrr0sX2,Cooking
82SQJrsI,Painting
8sboejnW,Gardening
4ZI8s7Uu,Cooking
4ZI8s7Uu,Cycling
aynLJzzG,Painting
QX1wDr7B,Painting
QX1wDr7B,Hiking
Ba4a5zLy,Hiking
Ba4a5zLy,Reading
Ba4a5zLy,Painting
X6FmGvEw,Painting
HqBxgtSK,Reading
XX6RAf8W,Hiking
yDhqSNTY,Cooking
yDhqSNTY,Gardening
yDhqSNTY,Cycling
qSG7WCwj,Hiking
AacSgczA,Cooking
AacSgczA,Cycling
AacSgczA,Gardening
jSJHutGr,Hiking
jSJHutGr,Cycling
Xi8CvFxt,Hiking
Xi8CvFxt,Cycling
ASkzkClX,Reading
ASkzkClX,Cycling
Q1ImEkz2,Cycling
Q1ImEkz2,Cooking
uoMJdiFi,Painting
uoMJdiFi,Reading
uoMJdiFi,Cycling
5tnEZlpH,Hiking
5tnEZlpH,Cycling
S18s96SS,Reading
ogocmqFv,Gardening
ogocmqFv,Cycling
d4mPJ727,Cooking
IrqYL828,Cycling
IrqYL828,Hiking
IrqYL828,Reading
UzAXupsq,Reading
UzAXupsq,Cooking
bbY9UgEj,Cooking
bbY9UgEj,Reading
bbY9UgEj,Gardening
bY6H9g5e,Painting
bY6H9g5e,Gardening
7NOXohns,Cooking
7NOXohns,Painting
9GQnEHKe,Reading
9GQnEHKe,Cooking
9GQnEHKe,Painting
2CIWW1uA,Reading
CEgzaDiU,Painting
CEgzaDiU,Cycling
CEgzaDiU,Hiking
RasUolOb,Reading
OYb8Ev0c,Cycling
vnDFHPzF,Gardening
vnDFHPzF,Hiking
X8irpdqN,Hiking
X8irpdqN,Reading
X8irpdqN,Gardening
ZX9qBwkl,Reading
ZX9qBwkl,Painting
MrbFIRzF,Reading
mGzUwOiL,Cooking
mGzUwOiL,Painting
mGzUwOiL,Gardening
LGMnqSUz,Cooking
LGMnqSUz,Cycling
LGMnqSUz,Reading
6xeOHBUV,Painting
iUGICTBF,Cycling
iUGICTBF,Cooking
iUGICTBF,Gardening
OfgFKuZK,Reading
WFHnXIvU,Cycling
WFHnXIvU,Reading
WFHnXIvU,Hiking
cAqPcpaN,Hiking
5J2UoxSZ,Cooking
5J2UoxSZ,Cycling
P604liwQ,Gardening
P604liwQ,Hiking
P604liwQ,Painting
mDoJOrXe,Cooking
mDoJOrXe,Hiking
mDoJOrXe,Reading
aHFyA0TZ,Cooking
eMBcjvqW,Cycling
eMBcjvqW,Gardening
eMBcjvqW,Reading
kU1gI6X8,Hiking
kU1gI6X8,Painting
kU1gI6X8,Cycling
X9dFeIhM,Cycling
X9dFeIhM,Cooking
BYCl5Iq1,Hiking
gvmiEk7g,Cooking
K76xB90s,Cycling
KTCAKipT,Painting
KTCAKipT,Cooking
DYCmLIRc,Painting
DYCmLIRc,Cycling
VwaHaNF6,Cycling
pgEUgTuM,Gardening
pgEUgTuM,Hiking
pgEUgTuM,Painting
i8eqwPrp,Cycling
uxwenz36,Cycling
uxwenz36,Gardening
KexwgvMq,Reading
KexwgvMq,Painting
yx9oZZPo,Reading
yx9oZZPo,Cycling
yx9oZZPo,Hiking
ck9YXpeg,Cooking
ck9YXpeg,Painting
wB5xIR8C,Cooking
wB5xIR8C,Painting
wB5xIR8C,Hiking
oufLo2py,Cycling
LxsQmNoc,Cooking
LxsQmNoc,Gardening
3TikxEjD,Cycling
Jt0IZ1fy,Painting
Jt0IZ1fy,Reading
Jt0IZ1fy,Gardening
9oBVkMYO,Gardening
9oBVkMYO,Painting
9oBVkMYO,Reading
wWM2rpcR,Reading
wWM2rpcR,Gardening
wWM2rpcR,Cooking
HXfshdR2,Cycling
aTmQqLmc,Cycling
467e5sV1,Cycling
467e5sV1,Cooking
PfAqFAjF,Cycling
Bxe1XoXj,Hiking
Bxe1XoXj,Reading
Bxe1XoXj,Cooking
4X1uLrFW,Reading
4X1uLrFW,Gardening
4X1uLrFW,Painting
G7hBdvn8,Cooking
G7hBdvn8,Reading
3bqLKtdz,Cycling
3bqLKtdz,Cooking
3bqLKtdz,Painting
gKbdLTXO,Hiking
gKbdLTXO,Painting
J7iGPJ1X,Gardening
J7iGPJ1X,Painting
J7iGPJ1X,Cooking
DUNJRXHi,Gardening
fKBugCdA,Gardening
fKBugCdA,Cycling
hTm6GMu8,Cooking
hTm6GMu8,Hiking
R7n2TG85,Hiking
R7n2TG85,Reading
R7n2TG85,Painting
IzdCd8u7,Hiking
3u29hF5V,Hiking
DmddfGw8,Painting
sfZ09bPi,Gardening
dBCokorV,Cooking
dBCokorV,Gardening
dBCokorV,Reading
aplM7tw3,Cooking
aplM7tw3,Reading
aplM7tw3,Hiking
4tDQCULR,Cooking
4tDQCULR,Gardening
NKnbsSYD,Hiking
NKnbsSYD,Reading
FhTF8nc4,Painting
D65Np4zm,Reading
D65Np4zm,Cycling
G0114ThQ,Gardening
8ww4EjeR,Cycling
8ww4EjeR,Gardening
8ww4EjeR,Hiking
igGOM3AC,Hiking
igGOM3AC,Gardening
CvVSQUka,Cooking
CvVSQUka,Gardening
CvVSQUka,Cycling
u8FS6OFI,Gardening
u8FS6OFI,Painting
Uk0zG9HM,Cycling
Uk0zG9HM,Cooking
Uk0zG9HM,Gardening
dk07ZZVQ,Cooking
dk07ZZVQ,Gardening
dk07ZZVQ,Painting
jByo7fEN,Gardening
jByo7fEN,Reading
JqiegSyj,Cooking
JqiegSyj,Painting
KUaqgLAM,Painting
KUaqgLAM,Cycling
qycTgKsF,Hiking
qycTgKsF,Cooking
qycTgKsF,Reading
V2Yl2oO1,Cooking
UdErQT7a,Cycling
WlLz0dxM,Reading
WlLz0dxM,Painting
7BZeXZgk,Reading
7BZeXZgk,Gardening
7BZeXZgk,Cooking
qARohQZL,Painting
qARohQZL,Reading
qARohQZL,Cooking
i0FfKvkN,Reading
HVND68Cz,Cooking
HVND68Cz,Reading
jp9UKpTp,Reading
jp9UKpTp,Gardening
jp9UKpTp,Cycling
zkz8DG4q,Reading
zkz8DG4q,Cycling
zkz8DG4q,Painting
iFXPKgTZ,Reading
iFXPKgTZ,Cooking
iFXPKgTZ,Painting
9OgxPLWg,Cooking
9OgxPLWg,Painting
9OgxPLWg,Hiking
w175lQFI,Hiking
XcifUfVC,Hiking
XcifUfVC,Reading
GG2ipiE8,Hiking
GG2ipiE8,Cycling
XnP0yN3Q,Gardening
XnP0yN3Q,Reading
XnP0yN3Q,Hiking
6UrOSilp,Painting
dV5wb4GP,Cooking
PzzNV0VN,Gardening
PzzNV0VN,Reading
PzzNV0VN,Cooking
fQ8Iv0qY,Reading
fQ8Iv0qY,Cooking
MUzgolME,Hiking
zyqoy16C,Reading
zyqoy16C,Gardening
zyqoy16C,Painting
l8bLt34d,Cycling
rCLbScac,Painting
rCLbScac,Hiking
rCLbScac,Reading
1tsxsalj,Gardening
1tsxsalj,Painting
1tsxsalj,Cycling
IPoazcwS,Gardening
xd5RxUch,Cycling
xd5RxUch,Painting
foIvOQ5k,Painting
vMEqb66k,Hiking
vMEqb66k,Cooking
vMEqb66k,Gardening
cgSFaTAZ,Cooking
WDzRhOuW,Painting
WDzRhOuW,Hiking
WDzRhOuW,Cooking
BrzuNnUy,Painting
aylXZ6XP,Gardening
kVvWIR7v,Cooking
kVvWIR7v,Hiking
SZUAfu1M,Cooking
SZUAfu1M,Hiking
SZUAfu1M,Gardening
svPLT1L9,Gardening
svPLT1L9,Painting
I778TfEM,Cycling
0crvpnDk,Reading
In2SKmqo,Painting
In2SKmqo,Cycling
97i5fYLW,Gardening
97i5fYLW,Reading
9ftkieBG,Painting
1t25Jdio,Hiking
6KaDituf,Gardening
6KaDituf,Hiking
6KaDituf,Cooking
6BikS0re,Hiking
6BikS0re,Painting
1pAl5AHC,Cycling
1pAl5AHC,Hiking
1pAl5AHC,Gardening
2aomWZLh,Cooking
0Tk4Yqyo,Cooking
anMFGkyL,Cycling
whnoNLUo,Painting
whnoNLUo,Hiking
RabXqBno,Cooking
RabXqBno,Reading
uydmpNUb,Hiking
uydmpNUb,Cooking
amN5Le67,Reading
amN5Le67,Gardening
w87NgiVW,Cooking
slrXIvho,Painting
5BcBeLUb,Cooking
5BcBeLUb,Gardening
5BcBeLUb,Cycling
9huRuno8,Cooking
9huRuno8,Hiking
9huRuno8,Gardening
WMMAc0fI,Cycling
WMMAc0fI,Cooking
WMMAc0fI,Hiking
RaAEDoHQ,Gardening
7BCMxLzf,Gardening
MTB79cZ8,Painting
MTB79cZ8,Hiking
MTB79cZ8,Reading
FHrJQTgU,Cycling
FHrJQTgU,Reading
FHrJQTgU,Cooking
0NtVjZML,Painting
qWakyNrD,Reading
qWakyNrD,Gardening
CxtAeQr0,Cycling
CxtAeQr0,Reading
CxtAeQr0,Cooking
277lRSuQ,Gardening
277lRSuQ,Cooking
277lRSuQ,Hiking
Fuwj8PRK,Cycling
Fuwj8PRK,Hiking
9yoAdNe0,Cooking
ebh2zi72,Cycling
zbXTl5eg,Gardening
S1JHk2GO,Reading
MqzzTwiw,Painting
MqzzTwiw,Hiking
MqzzTwiw,Gardening
u7DrGMqq,Gardening
u7DrGMqq,Painting
u7DrGMqq,Cycling
bC4BkHXt,Hiking
bC4BkHXt,Painting
U6A6dgNq,Reading
U6A6dgNq,Painting
U6A6dgNq,Hiking
QFaJ2zGt,Reading
0h45E2hU,Cycling
0h45E2hU,Hiking
Z0r0u1km,Painting
Z0r0u1km,Hiking
GBgzvITa,Cooking
GBgzvITa,Reading
GBgzvITa,Cycling
6bHrwyKV,Painting
BVFmKTsu,Gardening
BVFmKTsu,Reading
t1mi0x65,Cycling
t1mi0x65,Painting
bicsrB9s,Hiking
bicsrB9s,Cycling
bicsrB9s,Painting
Ol5yqaz2,Cycling
Ol5yqaz2,Painting
Ol5yqaz2,Reading
XWKUkN55,Painting
XWKUkN55,Hiking
WNaYp5Vu,Reading
WNaYp5Vu,Cycling
anD6FPb5,Reading
b4l5ics1,Gardening
b4l5ics1,Reading
C6yuBi3J,Cooking
XNb4p4HN,Reading
XNb4p4HN,Painting
XNb4p4HN,Cooking
ZGefzlQD,Gardening
ZGefzlQD,Cooking
ZGefzlQD,Painting
iemESruO,Gardening
L0gOsTTP,Painting
W2sXat9G,Hiking
Gljp1E3m,Painting
Gljp1E3m,Gardening
Gljp1E3m,Reading
UdakmnvL,Painting
UdakmnvL,Gardening
Jt69ESpb,Cooking
Jt69ESpb,Hiking
xbKZHWGr,Painting
zyOXKNdL,Cooking
zyOXKNdL,Painting
EnygTtdm,Reading
EnygTtdm,Painting
EnygTtdm,Gardening
rcOzj4XS,Reading
rcOzj4XS,Painting
rcOzj4XS,Cycling
320EGm14,Cycling
5u0UCCJb,Reading
5u0UCCJb,Gardening
UnRw8yef,Gardening
R7FddS9F,Cycling
R7FddS9F,Reading
9AtN0gxo,Reading
9AtN0gxo,Cycling
DaaU14jr,Reading
DaaU14jr,Hiking
DaaU14jr,Cooking
yLn2xq8u,Reading
yLn2xq8u,Cooking
yLn2xq8u,Hiking
EaQzi20N,Cooking
EaQzi20N,Hiking
auSm2iU4,Hiking
auSm2iU4,Gardening
auSm2iU4,Reading
PTJ3D9yU,Painting
PTJ3D9yU,Cooking
7JwXqwCW,Gardening
7JwXqwCW,Cooking
EzltX5hv,Cooking
EzltX5hv,Cycling
EzltX5hv,Gardening
zOdBRlSj,Reading
zOdBRlSj,Cooking
mTG4avym,Reading
mTG4avym,Gardening
mTG4avym,Hiking
JbKuCXZT,Cooking
bPPvmnz2,Painting
FjDjCQW3,Cooking
gXXfNojv,Painting
hC1pHp3X,Reading
10xpAUQC,Reading
aQU5bIAM,Cooking
8ikFMmlB,Cooking
TvvcS1hr,Cycling
nPFmZNdU,Cooking
nPFmZNdU,Painting
sivUUNZR,Hiking
sivUUNZR,Cycling
sivUUNZR,Gardening
0C6p1Dou,Cycling
0C6p1Dou,Cooking
sDs9Ftaf,Painting
sDs9Ftaf,Cycling
YewSa3VS,Cycling
YewSa3VS,Cooking
YewSa3VS,Gardening
JCj8on3v,Reading
JCj8on3v,Painting
JCj8on3v,Cycling
kSYN3Aei,Gardening
kSYN3Aei,Cycling
uCKpWVJX,Gardening
5Mbd9kUd,Cooking
5Mbd9kUd,Painting
GrhDvZKC,Gardening
GrhDvZKC,Painting
GrhDvZKC,Reading
se384Omi,Gardening
se384Omi,Painting
1wj6nGDm,Cycling
1wj6nGDm,Hiking
MeVT6juU,Cycling
MeVT6juU,Reading
MeVT6juU,Gardening
8Wn71qi0,Reading
8Wn71qi0,Cooking
hofWt0lb,Cycling
hofWt0lb,Gardening
xddf4UC7,Cycling
xddf4UC7,Gardening
xddf4UC7,Cooking
NZWaUQrW,Gardening
NZWaUQrW,Cycling
NZWaUQrW,Reading
l7p5Dwqc,Cycling
l7p5Dwqc,Reading
l7p5Dwqc,Gardening
jSuHyNsw,Hiking
jSuHyNsw,Reading
jSuHyNsw,Painting
JisZ423I,Hiking
JisZ423I,Gardening
d0RtfJWm,Hiking
BLaZUFPp,Hiking
BLaZUFPp,Gardening
BLaZUFPp,Reading
kbdnzEH7,Hiking
xrsYjyNb,Reading
xrsYjyNb,Gardening
fXpsZ5Kf,Reading
fXpsZ5Kf,Gardening
fXpsZ5Kf,Hiking
Ay2WXCga,Hiking
Ay2WXCga,Gardening
Ay2WXCga,Painting
KwFcEpBS,Gardening
2kG6V1cx,Hiking
2kG6V1cx,Gardening
n6jdzsut,Gardening
n6jdzsut,Cycling
W3eNbIfd,Reading
W3eNbIfd,Painting
2suCwZN0,Cooking
2suCwZN0,Painting
2suCwZN0,Gardening
4e469ds2,Gardening
4e469ds2,Hiking
4e469ds2,Cycling
5Nt3dkjj,Cooking
5Nt3dkjj,Painting
ZwWR5cEf,Cooking
ZwWR5cEf,Painting
WVXNjmeZ,Gardening
WVXNjmeZ,Painting
1quNRUnh,Gardening
Nk5PdXqr,Cycling
PhuYi8ut,Gardening
PhuYi8ut,Painting
Ma3cdnwD,Gardening
Ma3cdnwD,Painting
Ma3cdnwD,Cooking
0gEArYGG,Hiking
0gEArYGG,Painting
0gEArYGG,Cooking
bc1xbtNy,Cooking
L84cBGWk,Gardening
L84cBGWk,Cooking
V1rA13jo,Cycling
XiDSBc8D,Gardening
XiDSBc8D,Painting
fefJy5Sm,Cooking
qakfYL28,Reading
qakfYL28,Gardening
qakfYL28,Cooking
1HGMkz5E,Hiking
FFcFlyAX,Cycling
FFcFlyAX,Hiking
fLjW1Gzk,Hiking
fLjW1Gzk,Painting
6AcwKIQD,Cycling
6AcwKIQD,Reading
XaDapM8k,Cooking
klkAJme1,Gardening
klkAJme1,Cycling
RB1is58v,Reading
RB1is58v,Cycling
IwkvFQP7,Reading
IwkvFQP7,Cooking
UGBSjzFk,Painting
UGBSjzFk,Hiking
32tc1DDP,Reading
32tc1DDP,Cooking
3N6C5WQR,Cycling
3N6C5WQR,Cooking
3N6C5WQR,Gardening
3aVGP65a,Cooking
3aVGP65a,Painting
8kRfTEnv,Painting
Gq695mMD,Cycling
Gq695mMD,Gardening
yQ48fC6N,Hiking
dLuRziFr,Painting
dLuRziFr,Cooking
dLuRziFr,Hiking
OwIsR7tj,Painting
OwIsR7tj,Hiking
OwIsR7tj,Cooking
sUruY2hD,Painting
sUruY2hD,Hiking
6K2EyR6L,Painting
6K2EyR6L,Reading
6K2EyR6L,Cycling
KbCSF8yy,Gardening
KbCSF8yy,Painting
KbCSF8yy,Cycling
KDZR7vBN,Hiking
KDZR7vBN,Gardening
KDZR7vBN,Painting
WgLo1zY5,Cooking
WgLo1zY5,Painting
TGpemG1I,Gardening
TGpemG1I,Hiking
WTGbCAB2,Painting
0ULrL4n8,Painting
hxU7kmZu,Reading
4YB4oSMa,Hiking
4YB4oSMa,Cooking
djnEoCVC,Painting
djnEoCVC,Reading
w6WXdNpP,Cycling
buaxhYOT,Gardening
buaxhYOT,Painting
buaxhYOT,Reading
MQq2iOQh,Cycling
MQq2iOQh,Painting
MQq2iOQh,Hiking
yFr85I7K,Cycling
NpGqGA6m,Painting
NpGqGA6m,Reading
NpGqGA6m,Cycling
MS50mdUS,Reading
zA0UtUZB,Cooking
BdeIp0A5,Gardening
BdeIp0A5,Cycling
BdeIp0A5,Painting
wacYCcNs,Hiking
lBF3QnKV,Cycling
rsvaSEG7,Hiking
U3vOsI38,Painting
U3vOsI38,Cooking
U3vOsI38,Reading
4TqQO26F,Hiking
aCOqAPpX,Painting
aCOqAPpX,Hiking
OaaImQsd,Gardening
ggKejHdK,Reading
ggKejHdK,Painting
ggKejHdK,Cycling
UXc4l6Ip,Painting
UXc4l6Ip,Hiking
UXc4l6Ip,Cooking
7T4XV2bm,Hiking
7T4XV2bm,Painting
7T4XV2bm,Cycling
Z80Kqx4b,Cycling
Z80Kqx4b,Painting
uvAxFkrz,Gardening
a7IUtj9V,Painting
a7IUtj9V,Cooking
a7IUtj9V,Hiking
ncQFdJJr,Gardening
ncQFdJJr,Painting
ncQFdJJr,Reading
Mxx6GD6n,Gardening
Mxx6GD6n,Hiking
GcpnWjBW,Painting
GcpnWjBW,Gardening
9AoJCGzH,Cooking
9AoJCGzH,Painting
iOe86GAG,Hiking
iOe86GAG,Painting
tTisOZIa,Gardening
Rt6nvZP7,Cycling
OI55T4GW,Hiking
OI55T4GW,Cooking
EYnGTtDG,Hiking
EYnGTtDG,Cycling
TBXC2hQ8,Painting
TBXC2hQ8,Reading
6qhX9DBc,Reading
6qhX9DBc,Painting
6qhX9DBc,Cycling
cgEtJKa0,Reading
cgEtJKa0,Cycling
Gu8FSzoq,Gardening
Gu8FSzoq,Hiking
4Qmx5R35,Cycling
Nv074AqH,Hiking
Nv074AqH,Gardening
Nv074AqH,Cycling
0F8jTbfc,Cooking
0F8jTbfc,Painting
0F8jTbfc,Hiking
kk1HOyUu,Hiking
kk1HOyUu,Cycling
kk1HOyUu,Reading
vwRIyn0C,Gardening
vwRIyn0C,Cycling
Jzwcp4vC,Cycling
Qzp04dfC,Hiking
Qzp04dfC,Gardening
Qzp04dfC,Painting
DqrxRvTe,Reading
0uBlCKfM,Painting
0uBlCKfM,Reading
GggN9JUB,Hiking
GggN9JUB,Gardening
GggN9JUB,Cooking
nzBRv6KW,Gardening
5IvAVyfQ,Reading
4TUN9MDB,Cycling
4TUN9MDB,Painting
VFLYlzJp,Reading
RYejO8Sv,Hiking
RYejO8Sv,Cycling
3mM39Lk6,Cooking
KIdtHwRZ,Cooking
KIdtHwRZ,Painting
KIdtHwRZ,Cycling
j0ENLGCP,Cycling
j0ENLGCP,Cooking
j0ENLGCP,Painting
pdF6iCYD,Gardening
kYZ4lyIH,Gardening
kYZ4lyIH,Cooking
kYZ4lyIH,Hiking
xDVfMiSJ,Reading
xDVfMiSJ,Gardening
xDVfMiSJ,Cooking
PuhLjtG2,Hiking
PuhLjtG2,Gardening
PuhLjtG2,Reading
0FJmpYOT,Hiking
0FJmpYOT,Reading
ukAt8U1s,Hiking
ukAt8U1s,Cycling
APLigXP0,Reading
c4dlmSMF,Hiking
8rvTqgdr,Reading
mhCoozui,Reading
mhCoozui,Gardening
96o0mvQb,Hiking
96o0mvQb,Painting
96o0mvQb,Gardening
TxqIncMJ,Gardening
TxqIncMJ,Hiking
TxqIncMJ,Cooking
cdQp82fC,Painting
cdQp82fC,Cooking
cdQp82fC,Cycling
xJovVfSc,Cooking
xJovVfSc,Reading
xJovVfSc,Hiking
iaRPi9MW,Painting
iaRPi9MW,Cycling
gAaZiadv,Gardening
qvd9EmX0,Reading
ccD87adt,Painting
ccD87adt,Reading
ux7s2BN0,Gardening
mUIgMrYL,Cooking
mUIgMrYL,Hiking
mUIgMrYL,Painting
m7Geo8mV,Reading
m7Geo8mV,Painting
m7Geo8mV,Gardening
ngpiOGar,Cooking
ngpiOGar,Painting
g8re7fuJ,Gardening
g8re7fuJ,Painting
g8re7fuJ,Cycling
qFBsBMmt,Cycling
qFBsBMmt,Cooking
qFBsBMmt,Painting
YlviUT8M,Cycling
TORBe50v,Reading
TORBe50v,Hiking
TORBe50v,Painting
DiubuDdz,Hiking
DiubuDdz,Reading
DiubuDdz,Cycling
akwIaAkz,Gardening
MXLqPzND,Reading
MXLqPzND,Gardening
F9THStrX,Hiking
F9THStrX,Gardening
6l4OVp6e,Cooking
6l4OVp6e,Reading
pa9ktrb7,Gardening
pa9ktrb7,Cycling
pa9ktrb7,Reading
ktDpco8J,Painting
ktDpco8J,Reading
ktDpco8J,Cooking
Op26XQew,Cycling
Op26XQew,Reading
Rqv6CJ4I,Painting
Rqv6CJ4I,Hiking
Rqv6CJ4I,Reading
5Td0VAvb,Gardening
5Td0VAvb,Painting
5Td0VAvb,Cycling
msxvdZLS,Gardening
msxvdZLS,Cycling
msxvdZLS,Hiking
asr4h4LV,Hiking
asr4h4LV,Cooking
NdV5oE9s,Hiking
NdV5oE9s,Cycling
mXd0Cpyo,Hiking
mXd0Cpyo,Painting
mXd0Cpyo,Gardening
dG1YQOKk,Cycling
fytn0HbR,Cycling
fytn0HbR,Cooking
9X7av0Bs,Cooking
9X7av0Bs,Cycling
5aFMwZ53,Hiking
0LJ5e0xL,Cooking
0LJ5e0xL,Hiking
Hr8bSyrb,Painting
Hr8bSyrb,Cooking
twC9dWtH,Hiking
twC9dWtH,Cycling
szkteOpl,Gardening
szkteOpl,Cycling
szkteOpl,Reading
kMFYBtVp,Cycling
kMFYBtVp,Reading
UFzdkOCe,Reading
R8f0B8Zp,Cycling
jirmnoIf,Cycling
6HvVMGJQ,Painting
6HvVMGJQ,Gardening
pDG3870P,Hiking
pDG3870P,Painting
pDG3870P,Reading
4dXCzXnK,Gardening
4dXCzXnK,Painting
B0I0sp2Y,Reading
B0I0sp2Y,Hiking
FddGDcPp,Cycling
FddGDcPp,Cooking
FddGDcPp,Gardening
oOqkKUcw,Cycling
oOqkKUcw,Painting
0M9t9p8v,Cycling
zKDV92KV,Gardening
qG2kHS4d,Cycling
qG2kHS4d,Cooking
8VtGHhpt,Gardening
Yeqtllnj,Cooking
Yeqtllnj,Gardening
Yeqtllnj,Reading
zKtBa1Y3,Hiking
zKtBa1Y3,Reading
zKtBa1Y3,Painting
YFYx26l3,Cooking
YFYx26l3,Hiking
YFYx26l3,Painting
rQAdlV0c,Hiking
rQAdlV0c,Cycling
rQAdlV0c,Gardening
3wFLJnfs,Cycling
GK6ptmbE,Cycling
GK6ptmbE,Gardening
r7YbM0BL,Reading
r7YbM0BL,Gardening
r7YbM0BL,Cooking
kknSR9Ki,Hiking
xlUcJAyC,Cooking
ImnjJP6T,Painting
ImnjJP6T,Hiking
ImnjJP6T,Cooking
faGPMazd,Hiking
VoR4AiMw,Gardening
VoR4AiMw,Painting
VoR4AiMw,Cooking
hBPyV3Sh,Cooking
qRRKucqM,Hiking
qRRKucqM,Painting
qRRKucqM,Cycling
TWOw8jgl,Cooking
ceULYnWz,Reading
fxE0iU3J,Cycling
fxE0iU3J,Cooking
fxE0iU3J,Painting
EGvHOZqy,Reading
qNcKomeG,Reading
qNcKomeG,Gardening
3DAOCHDl,Gardening
3DAOCHDl,Painting
3DAOCHDl,Cycling
79bbgXig,Cycling
79bbgXig,Gardening
2PGhlKh5,Painting
OEo7InaH,Painting
OEo7InaH,Gardening
ZKibycNC,Cycling
kCZabc82,Reading
RLcbBlbC,Painting
lskjh4DJ,Gardening
pSk7DQjy,Reading
pSk7DQjy,Hiking
1qIcXibp,Reading
aGqg11Ba,Cooking
aGqg11Ba,Hiking
6y6gkHKy,Gardening
Y8wY96Vs,Reading
Y8wY96Vs,Cooking
Y8wY96Vs,Cycling
7aIaOP7p,Cooking
7aIaOP7p,Hiking
7aIaOP7p,Reading
Rq41kFtR,Hiking
owxe7ESN,Hiking
owxe7ESN,Gardening
us3DOFLA,Hiking
us3DOFLA,Cooking
us3DOFLA,Cycling
E5Pt8mvx,Gardening
E5Pt8mvx,Hiking
qBfZRqWw,Cooking
RiAMhLoR,Cooking
RiAMhLoR,Gardening
rCQi0re2,Painting
KN2Q8rGd,Gardening
KN2Q8rGd,Hiking
KN2Q8rGd,Painting
xr0muBcd,Reading
xr0muBcd,Gardening
JTbsxFdf,Cycling
JTbsxFdf,Hiking
Sy8cLRXl,Painting
UGcxceGt,Gardening
UGcxceGt,Hiking
UGcxceGt,Cycling
5xYopFQQ,Reading
5xYopFQQ,Cooking
5xYopFQQ,Hiking
qRDKYbWu,Gardening
qRDKYbWu,Painting
qRDKYbWu,Cooking
rzme5TFM,Gardening
rzme5TFM,Cycling
rzme5TFM,Reading
Tz3dcYP7,Painting
Tz3dcYP7,Gardening
QbJ7pF16,Cycling
rcuMgNo0,Cycling
vJxkIuP4,Painting
sa5iP4VS,Hiking
sa5iP4VS,Cooking
TqCaJP1A,Painting
TqCaJP1A,Hiking
eavTj437,Cycling
eavTj437,Painting
nZtoyjn2,Painting
hvwWtZus,Reading
hvwWtZus,Cycling
NTAm4RXR,Painting
NTAm4RXR,Reading
NTAm4RXR,Gardening
wii5Xsdc,Cooking
wii5Xsdc,Hiking
gkDS8JX5,Painting
gkDS8JX5,Cycling
4tE71qMV,Hiking
nwzw19mE,Hiking
MOowMFFu,Cooking
MOowMFFu,Gardening
MOowMFFu,Cycling
0v0hG8A4,Painting
0v0hG8A4,Cycling
HOC1e4FZ,Cycling
VJuFSHSF,Reading
VJuFSHSF,Gardening
1AcW0qPy,Gardening
WXBkqi8h,Reading
HFpkDN9P,Gardening
HFpkDN9P,Hiking
HFpkDN9P,Reading
2HZgAp1E,Reading
Ca4wkws3,Reading
gBJYWFZQ,Reading
gBJYWFZQ,Painting
gBJYWFZQ,Gardening
4q86InkP,Gardening
4q86InkP,Painting
4q86InkP,Reading
xGykqMUj,Hiking
qE7lABU2,Reading
jis6czT9,Reading
jis6czT9,Cooking
uu8qgVQ7,Painting
uu8qgVQ7,Reading
uu8qgVQ7,Hiking
0vSfZvo4,Hiking
0vSfZvo4,Reading
yCboEuYB,Painting
yCboEuYB,Hiking
Z7tTv5Ac,Painting
IpAIeExM,Reading
IpAIeExM,Gardening
IpAIeExM,Cycling
YupDDKmP,Hiking
YupDDKmP,Cooking
KmZ3SF1e,Cycling
sT620VtQ,Cycling
sT620VtQ,Hiking
8GXwzhIT,Cooking
uhETMN2e,Gardening
uhETMN2e,Cooking
uhETMN2e,Painting
cdFZOWC1,Cycling
cdFZOWC1,Cooking
EadloT4U,Hiking
h1KGkc87,Hiking
kaUPMBiJ,Hiking
kaUPMBiJ,Cooking
FhQrlSMz,Gardening
FhQrlSMz,Reading
FhQrlSMz,Hiking
YhqooSmP,Gardening
YhqooSmP,Reading
SgASeK1d,Hiking
SgASeK1d,Gardening
Jajr6dNg,Gardening
Jajr6dNg,Reading
Jajr6dNg,Painting
sJdqbR6k,Cycling
qJPYn4e8,Cooking
qJPYn4e8,Painting
qJPYn4e8,Cycling
jFLlNADg,Cycling
jFLlNADg,Hiking
jFLlNADg,Gardening
fmACJDy4,Hiking
COttgKnk,Painting
COttgKnk,Hiking
XsLl06eh,Hiking
XsLl06eh,Cooking
XsLl06eh,Cycling
6gXitPpk,Hiking
L5wzomsr,Cycling
L5wzomsr,Cooking
LHps615f,Cooking
LHps615f,Reading
LHps615f,Gardening
w4eoYbie,Gardening
Grt5UxR1,Cooking
Grt5UxR1,Hiking
1iJaSlQ2,Reading
1iJaSlQ2,Painting
1iJaSlQ2,Gardening
xeP6v31S,Hiking
xeP6v31S,Cycling
xeP6v31S,Gardening
LIo0ZXBy,Gardening
LIo0ZXBy,Hiking
dtaRg788,Cycling
dtaRg788,Painting
dtaRg788,Gardening
UKl4psfQ,Cycling
UKl4psfQ,Cooking
gZl8BNEp,Painting
gZl8BNEp,Gardening
Dh8fx6xw,Hiking
Dh8fx6xw,Cycling
Dh8fx6xw,Gardening
mgggoaMO,Hiking
NGljOKGJ,Cooking
ebOu5po1,Cooking
ebOu5po1,Gardening
AHvMZmPo,Reading
AHvMZmPo,Gardening
KEUW9R95,Hiking
q0813n48,Hiking
q0813n48,Cycling
qgkb8Ulb,Hiking
qgkb8Ulb,Cooking
qgkb8Ulb,Gardening
v2fiAmwO,Gardening
g336LIfr,Cooking
g336LIfr,Painting
g336LIfr,Reading
sO8JIIOv,Hiking
sO8JIIOv,Reading
sO8JIIOv,Cycling
gk6FkFGl,Hiking
sF9UsfOF,Cycling
8TkuZ5TT,Cooking
8TkuZ5TT,Painting
8TkuZ5TT,Reading
KJlFpwGW,Hiking
tmM7jIhA,Cooking
GNylW2hI,Gardening
GNylW2hI,Hiking
UHTLTL8V,Reading
UHTLTL8V,Hiking
xr5DALwO,Cooking
KYr0Biws,Gardening
yo7WyBc2,Hiking
yo7WyBc2,Gardening
ULWrhZF5,Cycling
IP2Xxugu,Painting
IP2Xxugu,Cooking
IP2Xxugu,Cycling
un8iI1YI,Cycling
TbQ6xtrX,Cycling
TbQ6xtrX,Cooking
qMLnpwUV,Cooking
qMLnpwUV,Cycling
qMLnpwUV,Hiking
ALHZTyWQ,Painting
ALHZTyWQ,Cycling
mKgDZymf,Hiking
mKgDZymf,Painting
7vxXSQ9r,Reading
J4c2XALA,Painting
J4c2XALA,Cooking
J4c2XALA,Gardening
oQqqMNbo,Cycling
LEBjX7If,Hiking
LEBjX7If,Cooking
s9TchazN,Painting
7tp7E6Ln,Cooking
7tp7E6Ln,Gardening
kqROdjYJ,Cooking
kqROdjYJ,Hiking
6KvZXUzu,Gardening
6KvZXUzu,Painting
6KvZXUzu,Reading
6K29pc0n,Cooking
6K29pc0n,Cycling
6K29pc0n,Gardening
csXNA6tR,Reading
csXNA6tR,Hiking
csXNA6tR,Painting
V0IqUx3C,Gardening
4921XvLz,Gardening
4921XvLz,Reading
4921XvLz,Cooking
Jd4Zhkv4,Gardening
lAW27Aqz,Painting
lAW27Aqz,Gardening
lAW27Aqz,Hiking
DcZMd2gX,Painting
DcZMd2gX,Cooking
DcZMd2gX,Gardening
IH0SNMcm,Gardening
IH0SNMcm,Cooking
1xx8asbC,Cycling
lWSRfZRW,Cooking
lWSRfZRW,Cycling
lWSRfZRW,Painting
zZPcNQ4z,Hiking
dIWZj0VW,Gardening
ejR5sCZi,Cooking
ejR5sCZi,Hiking
YjsQ52kR,Hiking
YjsQ52kR,Gardening
YjsQ52kR,Reading
32x3CiIT,Reading
32x3CiIT,Cycling
srlhf623,Reading
srlhf623,Gardening
srlhf623,Cooking
kfN2cFFB,Painting
kfN2cFFB,Cooking
C7JKjKwO,Gardening
C7JKjKwO,Hiking
pOIazlo6,Cycling
0GPYg7wc,Painting
0GPYg7wc,Reading
0GPYg7wc,Gardening
73I1BiTx,Reading
73I1BiTx,Cooking
Gbq8cRve,Cooking
Gbq8cRve,Painting
ALkTu2Dn,Gardening
ALkTu2Dn,Cycling
hAvfVEBn,Gardening
hAvfVEBn,Cooking
hAvfVEBn,Painting
DPCnGWQ3,Cycling
DPCnGWQ3,Reading
DPCnGWQ3,Cooking
0OVZnVCU,Cycling
0OVZnVCU,Gardening
lgse7pTI,Painting
lgse7pTI,Hiking
lgse7pTI,Cycling
urZs7zoe,Reading
urZs7zoe,Gardening
PwJMIXvG,Painting
xV2tYgz7,Hiking
xV2tYgz7,Painting
egdS1yf0,Cooking
egdS1yf0,Cycling
egdS1yf0,Hiking
tp81HSjh,Reading
U4GK5pOs,Painting
U4GK5pOs,Gardening
U4GK5pOs,Cycling
nBugnNXW,Gardening
nBugnNXW,Painting
IFGK5iCf,Cycling
IFGK5iCf,Painting
IFGK5iCf,Gardening
8YlQw236,Painting
mr7QYSym,Cooking
mr7QYSym,Cycling
mr7QYSym,Gardening
PK520n8O,Cycling
PK520n8O,Hiking
PK520n8O,Painting
bqnyItuT,Gardening
bqnyItuT,Cycling
bqnyItuT,Hiking
L2ZLJwWQ,Hiking
L2ZLJwWQ,Painting
ZUEc1gbA,Hiking
05B1o0VM,Gardening
7D5jjItk,Gardening
Y1xpjp0g,Reading
aBm2fA9I,Painting
Fi1Q3Vqw,Painting
Zjpq1iy5,Hiking
Zjpq1iy5,Gardening
Zjpq1iy5,Painting
RGJaYXGZ,Painting
RGJaYXGZ,Cooking
RGJaYXGZ,Cycling
4ZHMtvEa,Cooking
JXKJSLMX,Cooking
JXKJSLMX,Reading
mYiAMriT,Reading
N53GsUhl,Cooking
N53GsUhl,Cycling
wCqEuZhG,Cycling
wCqEuZhG,Reading
RImc16Y1,Hiking
RImc16Y1,Cycling
oTmvKkV2,Gardening
JVJFLoXD,Hiking
JVJFLoXD,Cooking
JVJFLoXD,Reading
rb3XSA3U,Hiking
rb3XSA3U,Reading
p3IuEeam,Gardening
S5RwTEGb,Cycling
mLtCzz67,Cooking
mLtCzz67,Reading
39pANkLf,Cooking
39pANkLf,Reading
Wwf089WT,Painting
Wwf089WT,Reading
Wwf089WT,Gardening
KnrV3B7S,Reading
KnrV3B7S,Cooking
vhBw9p9X,Reading
vhBw9p9X,Painting
pOKRSSQD,Painting
pOKRSSQD,Reading
pOKRSSQD,Gardening
MrOCzrKw,Cooking
egqB08Tv,Painting
egqB08Tv,Gardening
7rVv5CN0,Hiking
t66Mqmds,Gardening
t66Mqmds,Hiking
eNg8dheF,Cycling
eNg8dheF,Reading
H3ktZDyw,Painting
H3ktZDyw,Cycling
H3ktZDyw,Cooking
Ztt6bc1Z,Reading
Ztt6bc1Z,Hiking
Ztt6bc1Z,Cooking
E5JolA62,Hiking
E5JolA62,Painting
E5JolA62,Reading
3hUTtxMx,Cycling
3hUTtxMx,Gardening
Onl2EEui,Cooking
Onl2EEui,Painting
Onl2EEui,Hiking
rnpzpTfJ,Reading
rnpzpTfJ,Cycling
rnpzpTfJ,Cooking
ySdMvgR6,Gardening
lIWExQFJ,Hiking
lIWExQFJ,Cooking
0mrnUajy,Painting
0mrnUajy,Cycling
0mrnUajy,Cooking
UcGeyALh,Reading
UcGeyALh,Painting
355vmPCA,Cycling
slNi8zXB,Painting
ufDl3g11,Painting
ufDl3g11,Cycling
ufDl3g11,Gardening
u3QZ8agU,Painting
u3QZ8agU,Gardening
2zbQWWJg,Hiking
2zbQWWJg,Cycling
2zbQWWJg,Gardening
OCImG6KB,Painting
OCImG6KB,Gardening
7T2r5jmZ,Cooking
7T2r5jmZ,Hiking
AkRzkCYI,Hiking
AkRzkCYI,Gardening
AkRzkCYI,Reading
KJRkkHdC,Reading
KJRkkHdC,Cycling
KJRkkHdC,Cooking
IVXoWtvT,Gardening
IVXoWtvT,Reading
6Xz3Dxsm,Gardening
78AXkTW6,Cycling
zxRaUNV9,Gardening
8K2FNLsU,Reading
8K2FNLsU,Cycling
Cv8Q0Jls,Gardening
Cv8Q0Jls,Cooking
H0WyXBSK,Reading
H0WyXBSK,Cooking
Zg5jOeWf,Hiking
02FFeTRv,Cooking
02FFeTRv,Hiking
02FFeTRv,Cycling
7p9lNSBZ,Cycling
GEkVlTyN,Cycling
bdhKBZjT,Painting
IZm2fRjo,Hiking
IZm2fRjo,Painting
IZm2fRjo,Cooking
JYkBCXhz,Reading
JYkBCXhz,Painting
JYkBCXhz,Cycling
VtRV1Ft7,Painting
ymrCVHcm,Hiking
GLJZPtLc,Reading
GLJZPtLc,Hiking
BkdIKZaU,Painting
BkdIKZaU,Reading
BkdIKZaU,Hiking
CSR9ymUU,Painting
CSR9ymUU,Reading
CSR9ymUU,Cooking
OQ046h2R,Gardening
OQ046h2R,Hiking
OQ046h2R,Reading
rXnf3aVQ,Painting
rXnf3aVQ,Hiking
MF5cvt5S,Hiking
MF5cvt5S,Cycling
MF5cvt5S,Cooking
dKdXcC1v,Reading
dKdXcC1v,Cooking
dKdXcC1v,Cycling
qBAwqnC5,Painting
qBAwqnC5,Gardening
qBAwqnC5,Hiking
oTI8Eadv,Cooking
oTI8Eadv,Hiking
oTI8Eadv,Cycling
Bz8fn3KI,Cooking
Bz8fn3KI,Reading
Bz8fn3KI,Painting
d9GO6JeC,Cycling
0sX8DvP0,Gardening
0sX8DvP0,Cooking
0RXFte0y,Gardening
x7OOnT8v,Painting
x7OOnT8v,Reading
YNdVevDz,Hiking
YNdVevDz,Cooking
YNdVevDz,Gardening
FpJ1PeN0,Painting
FpJ1PeN0,Reading
Uvh15cCq,Cooking
Uvh15cCq,Cycling
ifCej5lE,Cooking
qyZWRd7K,Cooking
qyZWRd7K,Hiking
Kc5ZAcJ9,Cooking
Kc5ZAcJ9,Painting
ghWzY6ny,Reading
ghWzY6ny,Cycling
La9rwUrE,Gardening
La9rwUrE,Cycling
UltgXxcc,Gardening
UltgXxcc,Cooking
NN3E1YhF,Hiking
mYkdhnhM,Reading
XWrbrUtN,Painting
XWrbrUtN,Hiking
XWrbrUtN,Cooking
NMia9vOR,Reading
NMia9vOR,Cooking
NMia9vOR,Cycling
pFdzbY1V,Painting
pFdzbY1V,Reading
W2suXX07,Cooking
W2suXX07,Hiking
7KVf52c8,Painting
7KVf52c8,Cycling
nj0XsvlZ,Cooking
nj0XsvlZ,Hiking
cIhS6mBi,Painting
kzT25MXz,Gardening
kzT25MXz,Cooking
2ytfL9OB,Cooking
2ytfL9OB,Cycling
2ytfL9OB,Hiking
ahRd0Uzi,Reading
ahRd0Uzi,Painting
ahRd0Uzi,Hiking
8Y6x2kd0,Cooking
8Y6x2kd0,Reading
8Y6x2kd0,Cycling
nqrcjmD8,Gardening
nqrcjmD8,Hiking
CgWVI6cb,Reading
4E5LRsog,Hiking
4E5LRsog,Reading
1fTC7muw,Cycling
1fTC7muw,Gardening
1fTC7muw,Reading
KalFtGiF,Cooking
r5ZYicae,Hiking
r5ZYicae,Reading
r5ZYicae,Painting
btwa374m,Hiking
btwa374m,Gardening
btwa374m,Cycling
7OxhhJ47,Painting
wt0DTLvW,Hiking
z2r1k0th,Cycling
z2r1k0th,Gardening
z2r1k0th,Cooking
SuebvmAF,Reading
SuebvmAF,Gardening
SuebvmAF,Cycling
UHqUEJwH,Painting
UHqUEJwH,Reading
AmjiJqAQ,Painting
AmjiJqAQ,Cooking
QCuOJ9Sx,Cooking
QCuOJ9Sx,Cycling
QCuOJ9Sx,Hiking
dLveCiNO,Cycling
dLveCiNO,Cooking
L7wNpz1n,Cooking
L7wNpz1n,Reading
AahiV7oA,Reading
AahiV7oA,Cycling
AahiV7oA,Hiking
p3POC6oq,Cooking
p3POC6oq,Hiking
p3POC6oq,Gardening
PUtSWpPy,Hiking
PUtSWpPy,Cooking
PUtSWpPy,Cycling
TRsssomi,Gardening
hoCQgBVb,Painting
hoCQgBVb,Reading
9jEdARc1,Hiking
9jEdARc1,Cooking
9jEdARc1,Cycling
6sJwgaXV,Cycling
6sJwgaXV,Cooking
EfeBah2t,Cycling
O3Unry70,Hiking
O3Unry70,Painting
th3Qz0R6,Reading
toeb7h6g,Cooking
toeb7h6g,Gardening
F0O6dDiW,Hiking
4vy8XxLz,Cooking
4vy8XxLz,Hiking
CzFXnxZJ,Cooking
CzFXnxZJ,Painting
vgCTyRII,Hiking
i4D3saAg,Gardening
i4D3saAg,Reading
mJKHb5S6,Hiking
mJKHb5S6,Cycling
mJKHb5S6,Painting
AXVdbCPq,Reading
AXVdbCPq,Painting
AXVdbCPq,Gardening
96r41uP5,Reading
jug5ORYE,Cycling
jug5ORYE,Cooking
7aNuaZ2r,Cycling
7aNuaZ2r,Painting
7aNuaZ2r,Cooking
bApImoMo,Hiking
tNjyDUj9,Cooking
j6YhOgDT,Cooking
j6YhOgDT,Hiking
j6YhOgDT,Painting
jEmWR2uM,Gardening
jEmWR2uM,Painting
sPL4vTjQ,Painting
rOJmLydR,Cooking
rOJmLydR,Cycling
ORw48K9K,Cooking
ORw48K9K,Hiking
ORw48K9K,Cycling
NCK8cfGE,Gardening
NCK8cfGE,Cycling
PM1uJOcM,Cooking
PM1uJOcM,Reading
PM1uJOcM,Hiking
UZ38NNYH,Reading
UZ38NNYH,Cycling
UZ38NNYH,Cooking
igkKbIEQ,Cycling
igkKbIEQ,Painting
igkKbIEQ,Reading
xFOU9pRk,Hiking
xFOU9pRk,Cycling
22BP94rO,Hiking
22BP94rO,Painting
22BP94rO,Cooking
iHSGWEDk,Painting
iHSGWEDk,Hiking
GD0r716o,Hiking
GD0r716o,Gardening
WcPdIwQt,Reading
YkPypotC,Gardening
YkPypotC,Painting
GjmK1Cne,Hiking
r8S2d4EX,Hiking
UtWqk9jd,Cycling
UtWqk9jd,Painting
GNxtfRYk,Cycling
hR1EM0ad,Cycling
hR1EM0ad,Reading
NLxGJat9,Cooking
NLxGJat9,Painting
NLxGJat9,Cycling
dGGP7i6I,Painting
dGGP7i6I,Cycling
PKCQoy5V,Cooking
PKCQoy5V,Cycling
LLlOtaGp,Reading
LLlOtaGp,Cooking
75hYLqr1,Painting
THJrl57c,Gardening
THJrl57c,Cycling
kzEYsvZ3,Gardening
kzEYsvZ3,Cooking
LJ3DMiXe,Painting
LJ3DMiXe,Hiking
iOaeKgRP,Cooking
iOaeKgRP,Reading
LmfOqyYM,Reading
mCGbjqy2,Cooking
mCGbjqy2,Reading
mCGbjqy2,Cycling
W8sbkZTL,Cycling
W8sbkZTL,Reading
K5KZRPTo,Reading
K5KZRPTo,Gardening
rZRN4egt,Gardening
rZRN4egt,Cycling
rZRN4egt,Reading
3RMPMghI,Gardening
3RMPMghI,Reading
RaW708MR,Cycling
RaW708MR,Cooking
HsrNgrck,Cooking
HsrNgrck,Painting
Ek0PTq4S,Hiking
Ek0PTq4S,Reading
Ek0PTq4S,Gardening
lHn6lSqn,Reading
lHn6lSqn,Gardening
gR6oJi91,Cycling
gR6oJi91,Hiking
gR6oJi91,Reading
mwDrfltP,Gardening
mwDrfltP,Hiking
mwDrfltP,Painting
rJh0lpxk,Cooking
rJh0lpxk,Painting
rJh0lpxk,Cycling
itMv1Gmi,Hiking
itMv1Gmi,Gardening
YzltfQEn,Cooking
YzltfQEn,Gardening
YzltfQEn,Cycling
yPMHjGEa,Reading
yPMHjGEa,Hiking
Op858uIh,Reading
w1VoRe6i,Gardening
w1VoRe6i,Cycling
w1VoRe6i,Painting
qLSRvDtv,Painting
qLSRvDtv,Cooking
XyBsUIjW,Painting
XyBsUIjW,Reading
XyBsUIjW,Hiking
8oTBnbcC,Cycling
8oTBnbcC,Reading
yPsRwb0o,Painting
yPsRwb0o,Hiking
qkroH38V,Cycling
qkroH38V,Painting
gLR2zvQs,Reading
gLR2zvQs,Painting
gLR2zvQs,Cycling
ENbaxVbr,Cycling
ENbaxVbr,Painting
8DyGI0Hl,Reading
8DyGI0Hl,Gardening
8DyGI0Hl,Painting
DQb0H1fF,Hiking
Y9BoBZ1t,Cooking
TK56t7Qt,Painting
TK56t7Qt,Cooking
TkbJcqcG,Painting
TkbJcqcG,Cooking
bcuNtKsh,Painting
bcuNtKsh,Cooking
bcuNtKsh,Cycling
7BebkzTL,Hiking
NsWsIlcU,Hiking
NsWsIlcU,Reading
AHp4b58U,Reading
GvnQ9GgS,Reading
vVixD23n,Hiking
vVixD23n,Painting
VpfspPkT,Hiking
98qPDUAU,Gardening
98qPDUAU,Hiking
QHvbFg2i,Cooking
QHvbFg2i,Painting
QHvbFg2i,Reading
KBFJk8Le,Hiking
BwVenFoF,Cycling
BwVenFoF,Reading
3DvJiAIT,Cycling
uMt3BTrw,Cooking
x0yYHcGR,Painting
N9goQ3wS,Cooking
Ns06KJME,Reading
Ns06KJME,Cooking
Ns06KJME,Gardening
5lmRF3jR,Reading
5lmRF3jR,Hiking
hS729TgC,Hiking
hS729TgC,Reading
AWxnGX3c,Hiking
AWxnGX3c,Painting
TT8TdZ0M,Hiking
TT8TdZ0M,Gardening
4LOl9R2T,Hiking
4LOl9R2T,Cooking
e8UWVLoL,Reading
e8UWVLoL,Cycling
3S7VLhUc,Gardening
wlBV8gQi,Painting
wlBV8gQi,Reading
wlBV8gQi,Cooking
AOXGZfLl,Cycling
AOXGZfLl,Reading
AOXGZfLl,Painting
5gnOPTvH,Reading
5gnOPTvH,Cooking
0fPnTLCo,Gardening
0fPnTLCo,Painting
0fPnTLCo,Cooking
9CB7BZrM,Cycling
2O09VOFE,Cooking
2O09VOFE,Hiking
3CpFsJnN,Gardening
xmcE7TtX,Hiking
xmcE7TtX,Cooking
SQaEeCbG,Gardening
APTeEr4V,Reading
APTeEr4V,Cycling
APTeEr4V,Painting
HgpcD2Bj,Cycling
J91JWigK,Cycling
J91JWigK,Painting
13BKFada,Hiking
0oKcKwN5,Reading
0oKcKwN5,Cooking
fqn40IcO,Cycling
fqn40IcO,Cooking
og58he0Z,Cycling
re5qTvU4,Hiking
1h6AN8Uk,Cycling
1h6AN8Uk,Gardening
1h6AN8Uk,Hiking
Mva902LQ,Painting
iPkVKnL5,Hiking
Q0MOSveZ,Painting
Q0MOSveZ,Cooking
Q0MOSveZ,Gardening
uakQlF3r,Reading
uakQlF3r,Cooking
uakQlF3r,Gardening
DWocWhEX,Gardening
DWocWhEX,Reading
DWocWhEX,Painting
9cSolAeE,Cycling
9cSolAeE,Painting
9cSolAeE,Cooking
fKyVsisY,Painting
fKyVsisY,Gardening
fKyVsisY,Hiking
Zfhh0TFm,Gardening
TzkQib6q,Cooking
pmSSvK8w,Cooking
pmSSvK8w,Painting
qGFti8rS,Cooking
X0TMYDnT,Reading
X0TMYDnT,Hiking
Uhb7S0Kc,Painting
Uhb7S0Kc,Cycling
IWoJq4Eg,Painting
4JusvQiT,Gardening
E0zghFok,Hiking
E0zghFok,Cycling
6TClObeZ,Hiking
vqqcaiF4,Gardening
vqqcaiF4,Cycling
pzQHhsUf,Reading
pzQHhsUf,Cooking
o7Ojv99w,Gardening
o7Ojv99w,Cooking
1hrmg3Rr,Gardening
HtpHNFDm,Hiking
HtpHNFDm,Painting
HtpHNFDm,Cooking
RWNSoovk,Gardening
RWNSoovk,Cycling
RWNSoovk,Cooking
3ouAhaj8,Reading
4ileVeZp,Hiking
4ileVeZp,Reading
v3Gd1HSL,Gardening
1trEZGaJ,Hiking
1trEZGaJ,Gardening
BLM11GWk,Hiking
BLM11GWk,Reading
nOyYaDTu,Cycling
nOyYaDTu,Cooking
nOyYaDTu,Gardening
ytHda3Y6,Cycling
ytHda3Y6,Hiking
DokIyB7m,Hiking
DokIyB7m,Painting
DokIyB7m,Cycling
oJK4IOfG,Cooking
XAous9eP,Hiking
XAous9eP,Gardening
XAous9eP,Reading
nxkdCGEN,Painting
nxkdCGEN,Cycling
nxkdCGEN,Gardening
JCUpOaIy,Cycling
YnxlK7x5,Cooking
YnxlK7x5,Gardening
YnxlK7x5,Hiking
fww71rfE,Cooking
fww71rfE,Gardening
EHwVeFl7,Cooking
EHwVeFl7,Gardening
EHwVeFl7,Cycling
Iqtedb5J,Reading
Iqtedb5J,Gardening
lm3UFRkj,Painting
lm3UFRkj,Hiking
lm3UFRkj,Gardening
CEnjZ3yw,Painting
DxuSfokO,Cycling
DxuSfokO,Cooking
OW9gSCoM,Cycling
OW9gSCoM,Hiking
6fZX3fhY,Hiking
6fZX3fhY,Painting
wLRpEe4i,Gardening
wLRpEe4i,Cycling
n9MAhEQG,Painting
n9MAhEQG,Cooking
pNd7B715,Reading
pNd7B715,Cycling
uiIpD6S4,Gardening
XswZorGf,Hiking
4FzaLouR,Cycling
JUSoBN4u,Cooking
JUSoBN4u,Painting
JUSoBN4u,Reading
B9C5zbDK,Painting
g3V6KOE1,Reading
g3V6KOE1,Hiking
g3V6KOE1,Painting
nRkFKcBo,Hiking
nRkFKcBo,Cycling
nRkFKcBo,Gardening
Ds03briO,Cycling
2HO4w6Ly,Cycling
2HO4w6Ly,Hiking
bKit1ng6,Painting
bKit1ng6,Hiking
bKit1ng6,Gardening
N2aVcrsB,Cooking
N2aVcrsB,Hiking
N2aVcrsB,Cycling
HlpRUMFW,Painting
HlpRUMFW,Cycling
lHlFoTNT,Cooking
lHlFoTNT,Reading
lHlFoTNT,Cycling
LIUGBZ6t,Reading
EvCFGpVL,Reading
EvCFGpVL,Hiking
EvCFGpVL,Painting
Bwq326Ng,Cycling
Bwq326Ng,Cooking
Bwq326Ng,Hiking
iHFi84zr,Cycling
iHFi84zr,Painting
Bk9lSJE3,Cycling
Bk9lSJE3,Painting
TNNqH88b,Painting
TNNqH88b,Reading
TNNqH88b,Hiking
3FEe60Rz,Hiking
3FEe60Rz,Gardening
3FEe60Rz,Cycling
CSNkr3lf,Cycling
CSNkr3lf,Gardening
gkzcv6Z0,Painting
gkzcv6Z0,Reading
1zooNqK8,Painting
1zooNqK8,Gardening
1zooNqK8,Reading
39UgUEFv,Gardening
39UgUEFv,Reading
39UgUEFv,Hiking
iZO6fFW1,Hiking
iZO6fFW1,Cooking
iZO6fFW1,Painting
hWLElgfw,Painting
Wtpm4QCE,Painting
Wtpm4QCE,Hiking
s9qxGxFe,Gardening
FWBpNTSG,Gardening
2SNreCzt,Cooking
2SNreCzt,Reading
2SNreCzt,Cycling
5dN5Rr7D,Cooking
5dN5Rr7D,Reading
5dN5Rr7D,Hiking
8g6vzJmS,Painting
8g6vzJmS,Hiking
8g6vzJmS,Cycling
3dlMRxhI,Cooking
3dlMRxhI,Painting
2Tf2VWFE,Cycling
2Tf2VWFE,Gardening
2Tf2VWFE,Hiking
Cyo90PQj,Hiking
G3cnhNV9,Cooking
G3cnhNV9,Painting
G3cnhNV9,Cycling
vfm9fknj,Cycling
vfm9fknj,Cooking
vfm9fknj,Painting
KanSsdYs,Painting
KanSsdYs,Gardening
KanSsdYs,Hiking
Tdydx8p2,Hiking
Tdydx8p2,Cooking
dRZbbj09,Hiking
dRZbbj09,Gardening
dRZbbj09,Cycling
jQzdusYM,Painting
jQzdusYM,Cycling
jQzdusYM,Gardening
2DnJsDhq,Cycling
2DnJsDhq,Reading
FnRUqiK7,Reading
FnRUqiK7,Gardening
FnRUqiK7,Cycling
ZgcZWnoc,Gardening
ZgcZWnoc,Hiking
ZgcZWnoc,Cycling
C25jzE8c,Gardening
C25jzE8c,Cooking
C25jzE8c,Cycling
4ZejSxFb,Cooking
7W4J7rPH,Painting
7W4J7rPH,Cooking
7W4J7rPH,Gardening
l4CvKE45,Cooking
l4CvKE45,Hiking
7rfpZ61C,Hiking
7rfpZ61C,Cycling
hWPRFDe4,Gardening
hWPRFDe4,Cycling
hWPRFDe4,Reading
tfA6W8pZ,Cycling
45dhi2Xa,Gardening
45dhi2Xa,Hiking
45dhi2Xa,Cycling
3L9DnbjG,Painting
3L9DnbjG,Hiking
rAugYaMT,Gardening
rAugYaMT,Reading
rAugYaMT,Hiking
sDl3RIfW,Cooking
sDl3RIfW,Reading
sDl3RIfW,Painting
G2fuhKJn,Cycling
G2fuhKJn,Reading
4J3NcotU,Gardening
4J3NcotU,Cycling
B5JMRL7m,Cooking
UeFCZict,Reading
UeEcgpLN,Cooking
UeEcgpLN,Painting
iF9bNhg9,Cycling
iF9bNhg9,Reading
iF9bNhg9,Gardening
qN2apToe,Cooking
qN2apToe,Hiking
5owbwBwY,Gardening
5owbwBwY,Painting
5owbwBwY,Cooking
rmzAXoLg,Reading
rmzAXoLg,Cycling
KMNxg6rI,Reading
KMNxg6rI,Cycling
zJHX6lqG,Painting
zJHX6lqG,Reading
zJHX6lqG,Cycling
DG7djuR9,Gardening
DG7djuR9,Cooking
JxBV5vTu,Cycling
Zlp6Ulyq,Hiking
Zlp6Ulyq,Painting
Zlp6Ulyq,Gardening
17OaoJGi,Cycling
X4wMxexG,Cooking
X4wMxexG,Cycling
X4wMxexG,Hiking
xbJrX4Ci,Painting
xbJrX4Ci,Cooking
xbJrX4Ci,Hiking
ACQnsSHc,Cycling
kpNKPVgn,Painting
kpNKPVgn,Cycling
C82HuVVm,Cooking
C82HuVVm,Painting
afYKAKBB,Painting
afYKAKBB,Cycling
vd8Bi3ij,Gardening
Vn6SDdEx,Cooking
Vn6SDdEx,Reading
6BPK5Zy1,Cycling
6BPK5Zy1,Hiking
6BPK5Zy1,Gardening
Vocgmcxq,Cycling
Vocgmcxq,Cooking
Vocgmcxq,Reading
VgQq1BuG,Reading
VgQq1BuG,Cycling
XHEeq1jj,Hiking
XHEeq1jj,Painting
puSUn4YG,Reading
puSUn4YG,Cooking
puSUn4YG,Painting
wXvgh1j8,Painting
wXvgh1j8,Hiking
wXvgh1j8,Gardening
TH4MWyFl,Painting
TH4MWyFl,Gardening
TH4MWyFl,Cooking
5zMAogTH,Hiking
5zMAogTH,Cycling
5zMAogTH,Gardening
8rx9lUDc,Painting
KVIoxyUB,Reading
KVIoxyUB,Painting
0uvhkmXM,Gardening
0uvhkmXM,Cooking
xOqsDxhR,Cooking
xOqsDxhR,Reading
FLMpwJij,Gardening
sJLZ4sBm,Reading
sJLZ4sBm,Painting
sJLZ4sBm,Hiking
FdCixHaV,Gardening
FdCixHaV,Cooking
J6XfGIQO,Reading
qxfnWwRx,Painting
qxfnWwRx,Hiking
rCRJgk0v,Painting
rCRJgk0v,Cooking
dLDb5Vvw,Reading
dLDb5Vvw,Gardening
1xSbVqZC,Cycling
IESezdr0,Painting
qagHGEMm,Hiking
qagHGEMm,Reading
qagHGEMm,Gardening
V9w2aE3f,Reading
o1AV6vak,Hiking
XV7TJyxc,Cycling
XV7TJyxc,Hiking
JFlcgFaT,Painting
KENIQ50k,Hiking
kvw3QFYk,Hiking
kvw3QFYk,Gardening
kvw3QFYk,Cycling
CuxTYhiW,Gardening
CuxTYhiW,Cooking
5kuZHAS0,Gardening
5kuZHAS0,Painting
Li4n2mlR,Cycling
L8z87jQi,Painting
LPUjX2xQ,Hiking
yRW1POU5,Reading
hfvCn9z5,Cycling
bBnzsZD3,Painting
wuQnXfHF,Painting
wuQnXfHF,Cooking
2uv29zEX,Gardening
2uv29zEX,Hiking
lPX4IkxP,Gardening
Be7RVY2q,Gardening
Be7RVY2q,Hiking
GNzjcoOK,Cycling
GNzjcoOK,Painting
GNzjcoOK,Hiking
uP6ijnmU,Cooking
uP6ijnmU,Painting
uP6ijnmU,Cycling
SCk5AcT9,Reading
wo4bEhCL,Cycling
wo4bEhCL,Gardening
hR3xOJ9y,Gardening
hR3xOJ9y,Reading
Rt9g8WUd,Cooking
Rt9g8WUd,Gardening
Rt9g8WUd,Cycling
crSbHr9Q,Cooking
crSbHr9Q,Gardening
crSbHr9Q,Painting
DFS6fpS4,Cycling
DFS6fpS4,Hiking
TJRcUyg6,Hiking
TJRcUyg6,Cooking
TJRcUyg6,Reading
66Lx77hC,Painting
66Lx77hC,Cooking
66Lx77hC,Hiking
WEalRaHN,Cooking
WEalRaHN,Hiking
WEalRaHN,Gardening
PxmSZTKD,Gardening
PxmSZTKD,Cooking
pAaxwngA,Reading
pAaxwngA,Cycling
E6h4APIM,Reading
E6h4APIM,Cooking
E6h4APIM,Painting
5XnwrjSo,Reading
5XnwrjSo,Hiking
ZdTrEWqj,Painting
ZdTrEWqj,Cooking
ZdTrEWqj,Hiking
zMLyQD1A,Reading
MBcx9UEH,Gardening
Rtrzi8ON,Gardening
Rtrzi8ON,Hiking
LG3fLCSj,Reading
LG3fLCSj,Hiking
LG3fLCSj,Cooking
zNBMktCR,Painting
zNBMktCR,Cycling
kW1ynOTf,Cooking
2JhbqYSK,Reading
2JhbqYSK,Cycling
1VRuiGxe,Hiking
1VRuiGxe,Reading
1VRuiGxe,Gardening
31vBlfB7,Cooking
5JhNylJm,Painting
5JhNylJm,Reading
EjHiylew,Cooking
EjHiylew,Hiking
EjHiylew,Painting
0CpDWd72,Hiking
0CpDWd72,Painting
0CpDWd72,Reading
uRk2bgFy,Gardening
uRk2bgFy,Painting
yGZSFAWA,Reading
wQwjY7sq,Hiking
wQwjY7sq,Cooking
wQwjY7sq,Gardening
oCrpfNrh,Cooking
oCrpfNrh,Cycling
oCrpfNrh,Hiking
jotdgoiU,Reading
pdzHkvhU,Gardening
pdzHkvhU,Painting
TVC73RFf,Hiking
TVC73RFf,Cycling
yevy3NxI,Cycling
yevy3NxI,Gardening
tzk4MI6n,Hiking
tzk4MI6n,Reading
TQ4BtVsL,Gardening
TQ4BtVsL,Reading
TQ4BtVsL,Cycling
ymEmkvBy,Hiking
MEnJ4LAI,Cooking
OlnRTflU,Reading
OlnRTflU,Hiking
BNWVNzhl,Cooking
NrAeMZMv,Hiking
NrAeMZMv,Painting
NrAeMZMv,Reading
eZm4pQx6,Gardening
eZm4pQx6,Painting
eZm4pQx6,Hiking
BaWV7lLs,Gardening
LRmY0HsB,Cycling
LRmY0HsB,Hiking
LRmY0HsB,Gardening
SxjBY2EY,Cycling
VSW0aVbr,Painting
QnH5PtAj,Hiking
43lGCv70,Cycling
43lGCv70,Reading
43lGCv70,Hiking
sgvXDWEY,Gardening
sgvXDWEY,Hiking
DI8mpE7q,Cooking
DI8mpE7q,Gardening
DI8mpE7q,Reading
5LDAefyb,Reading
5LDAefyb,Gardening
5LDAefyb,Cycling
nH1bcPLv,Reading
Q64PA4M2,Reading
Q64PA4M2,Painting
pTzHW08E,Painting
pTzHW08E,Reading
pTzHW08E,Cycling
K5rlGABL,Reading
6l9NKjtU,Reading
bayX1LUJ,Painting
bayX1LUJ,Reading
n7tasXaQ,Hiking
n7tasXaQ,Reading
n7tasXaQ,Painting
0U3rz0xJ,Cycling
0U3rz0xJ,Cooking
r6ppES6s,Painting
r6ppES6s,Cooking
ILgDqBNJ,Hiking
ILgDqBNJ,Reading
SnYYzByj,Painting
Tdu6yZlZ,Hiking
36LAZIx5,Cooking
36LAZIx5,Gardening
K4plXQOO,Hiking
K4plXQOO,Reading
K4plXQOO,Painting
ySHgy4e8,Hiking
ySHgy4e8,Cycling
vNsUkcgm,Cooking
tkW8jiuT,Painting
tkW8jiuT,Gardening
tkW8jiuT,Hiking
gXsj5Xh7,Gardening
gXsj5Xh7,Reading
gXsj5Xh7,Hiking
uE1pgIJK,Painting
uE1pgIJK,Gardening
uE1pgIJK,Cooking
c7fmiYAX,Hiking
c7fmiYAX,Cycling
G7cQGXHZ,Hiking
G7cQGXHZ,Cooking
G7cQGXHZ,Cycling
IUTUWG7G,Reading
dZxxtvck,Hiking
nwZ1PebU,Reading
Hm0G29cE,Hiking
yEEsvSLA,Painting
yEEsvSLA,Hiking
lyXjEMc1,Painting
lyXjEMc1,Reading
JKkLhv4Y,Cycling
JKkLhv4Y,Hiking
JKkLhv4Y,Cooking
OGbsrzSU,Cooking
OGbsrzSU,Gardening
OGbsrzSU,Painting
jBPzwWvC,Painting
MWgzXTue,Painting
MWgzXTue,Cycling
MWgzXTue,Cooking
WF55XgyB,Cooking
WF55XgyB,Cycling
WF55XgyB,Gardening
NEicrF6X,Cooking
vJrKteGT,Gardening
ZVYnKFO3,Cooking
8ypAF2jc,Reading
8ypAF2jc,Hiking
RUUxu3ER,Gardening
RUUxu3ER,Hiking
RUUxu3ER,Cooking
yaaIOnWt,Cycling
yaaIOnWt,Reading
yaaIOnWt,Gardening
HoEgp2s7,Cooking
HoEgp2s7,Painting
VbUx6Yl9,Hiking
VbUx6Yl9,Gardening
VbUx6Yl9,Cycling
BOZY53Ss,Painting
BOZY53Ss,Hiking
BOZY53Ss,Cycling
AhpxEYYL,Cooking
AhpxEYYL,Painting
ZGwWxEp0,Painting
ZGwWxEp0,Reading
ZGwWxEp0,Cooking
9Mk2ZeiQ,Gardening
9Mk2ZeiQ,Painting
9Mk2ZeiQ,Cooking
qivyzJVP,Reading
qivyzJVP,Cooking
qivyzJVP,Hiking
2357uhdJ,Hiking
2357uhdJ,Cooking
34oYyiqp,Painting
34oYyiqp,Hiking
XYgt9fpT,Cycling
XYgt9fpT,Hiking
XYgt9fpT,Painting
mNQs4Zaa,Hiking
IhLZRomr,Gardening
IhLZRomr,Cooking
MAU1WsvV,Painting
MAU1WsvV,Gardening
MAU1WsvV,Hiking
0jHrsCom,Hiking
0jHrsCom,Cooking
BLN2CXD3,Reading
BLN2CXD3,Gardening
BLN2CXD3,Cycling
ke2tHsKA,Cycling
UHrkCfna,Painting
UHrkCfna,Gardening
UHrkCfna,Cooking
TSyRis9y,Hiking
TSyRis9y,Cycling
593dSgAg,Reading
593dSgAg,Cooking
593dSgAg,Painting
vQaKyZYv,Hiking
6dQIF61p,Gardening
5vXL1DYf,Reading
5vXL1DYf,Cycling
m9tkgPlr,Cycling
m9tkgPlr,Reading
m9tkgPlr,Painting
n6YH5Ffr,Cooking
n6YH5Ffr,Hiking
LBv8gt7a,Reading
LBv8gt7a,Cycling
Iu3t5WBK,Cooking
2VuZEvpv,Painting
2VuZEvpv,Reading
4g257Zy4,Cooking
4g257Zy4,Painting
4g257Zy4,Gardening
xck7X5oi,Painting
OX4qnICO,Cycling
OX4qnICO,Painting
5FQnyLlt,Reading
7L6XJD7d,Reading
cqc3slqN,Cycling
cqc3slqN,Hiking
cqc3slqN,Gardening
e42Rs47q,Cooking
e42Rs47q,Reading
QR81JIyV,Cycling
QR81JIyV,Reading
QR81JIyV,Gardening
DDoHdyem,Cycling
DDoHdyem,Painting
8SeUwEkf,Hiking
8SeUwEkf,Painting
qkdPpXwK,Gardening
qkdPpXwK,Reading
qkdPpXwK,Hiking
DDhk6rOZ,Cooking
DDhk6rOZ,Painting
DDhk6rOZ,Hiking
AAWzdkxG,Gardening
AAWzdkxG,Hiking
AAWzdkxG,Reading
Xk7UdOJv,Cycling
lpBceqzm,Cycling
lpBceqzm,Painting
lpBceqzm,Cooking
yX4F6aM9,Cooking
yX4F6aM9,Reading
yX4F6aM9,Cycling
ep9YgcnJ,Painting
ep9YgcnJ,Gardening
Akmuif5e,Cycling
Akmuif5e,Gardening
lu3K2KJk,Gardening
lu3K2KJk,Painting
w3jILlkr,Cooking
eAklxCqI,Hiking
eAklxCqI,Cycling
cXt6x0FL,Painting
cXt6x0FL,Cooking
cXt6x0FL,Hiking
drRK7DqY,Reading
drRK7DqY,Cycling
drRK7DqY,Cooking
9Y450Y6z,Gardening
9Y450Y6z,Reading
9Y450Y6z,Cooking
M3BWKqVq,Hiking
M3BWKqVq,Gardening
S1uCovLl,Cycling
fhafQOVV,Cooking
tDf5mqeP,Hiking
tDf5mqeP,Cooking
k9R8RdUv,Cycling
7jNhUCQ0,Hiking
haEO2iyb,Cycling
haEO2iyb,Hiking
haEO2iyb,Reading
CpM588XV,Hiking
e64zMBJ6,Painting
e64zMBJ6,Cooking
e64zMBJ6,Gardening
qTJhzpFF,Cycling
qTJhzpFF,Cooking
DgaNzCLk,Painting
DgaNzCLk,Gardening
Nv750tgF,Cooking
Nv750tgF,Reading
ufm9aU7y,Cooking
MJOYfBYi,Hiking
MJOYfBYi,Cooking
mlZrQwgc,Cycling
mlZrQwgc,Reading
mlZrQwgc,Gardening
8OPE7sMo,Hiking
8OPE7sMo,Cooking
8rOl6I40,Gardening
8rOl6I40,Cycling
8rOl6I40,Cooking
LLYFTsky,Reading
8o4C4MWY,Reading
8o4C4MWY,Cycling
teZnp9s5,Hiking
4v1sQSIy,Reading
4v1sQSIy,Hiking
4v1sQSIy,Cycling
1BYK0xX0,Gardening
1BYK0xX0,Cooking
1BYK0xX0,Painting
IBSbEZYk,Reading
IBSbEZYk,Gardening
5zcODpuH,Hiking
5zcODpuH,Gardening
5zcODpuH,Cooking
NKbUITMO,Painting
YMcSfNU0,Reading
YMcSfNU0,Cycling
YMcSfNU0,Hiking
CYYg4XNy,Gardening
bSHrXoRg,Hiking
bSHrXoRg,Painting
PC1ZY103,Gardening
PC1ZY103,Hiking
sZ6rNHlE,Gardening
sZ6rNHlE,Painting
sZ6rNHlE,Cooking
cVZaYogp,Reading
cVZaYogp,Cooking
cVZaYogp,Painting
9QDKdRxP,Gardening
9QDKdRxP,Cooking
vddvdGKc,Cooking
sPJ2z8Hb,Hiking
sPJ2z8Hb,Gardening
khI2tI7q,Gardening
khI2tI7q,Cooking
FtRWbzRA,Cooking
FtRWbzRA,Painting
S0VA8tX3,Gardening
S0VA8tX3,Reading
S0VA8tX3,Cooking
wUBhaCGF,Painting
wUBhaCGF,Gardening
wUBhaCGF,Cycling
FTkvV7kJ,Hiking
FTkvV7kJ,Reading
FTkvV7kJ,Painting
LZqx5nKc,Painting
LZqx5nKc,Cycling
LZqx5nKc,Reading
lbZTYgSu,Cycling
lbZTYgSu,Cooking
gFQJiTzA,Painting
gFQJiTzA,Reading
gFQJiTzA,Gardening
euwAEjiQ,Painting
rs2t0GxF,Cooking
ygkpL0Ff,Hiking
ygkpL0Ff,Cooking
ygkpL0Ff,Cycling
ebDTextE,Cycling
PhuksvAT,Hiking
pUfH3LYE,Painting
8ekJF9zP,Hiking
8ekJF9zP,Gardening
MgidCkKI,Hiking
MgidCkKI,Gardening
mQreO4N7,Hiking
mQreO4N7,Cooking
mQreO4N7,Painting
UhqGyxlT,Cooking
UhqGyxlT,Hiking
yS0BK6es,Cycling
mlg3qyRZ,Hiking
7BqP6u1a,Gardening
7BqP6u1a,Painting
xJt4FXxF,Gardening
xJt4FXxF,Hiking
oJI1l5ZZ,Painting
E3Lur4Y1,Reading
E3Lur4Y1,Painting
BP4eSm3k,Cycling
BP4eSm3k,Gardening
96ZszzFL,Reading
96ZszzFL,Painting
QLyzkzqR,Reading
QLyzkzqR,Cooking
QLyzkzqR,Painting
Ah67E8tk,Reading
Ah67E8tk,Hiking
Ah67E8tk,Painting
U1Ft4rnc,Reading
sf0y2B8d,Cycling
sf0y2B8d,Reading
yBJqUp8c,Hiking
yBJqUp8c,Reading
mMWPLD5b,Painting
mMWPLD5b,Gardening
NwRx4lVe,Cooking
eLkkZncC,Cooking
eLkkZncC,Hiking
eLkkZncC,Cycling
tghv9hCQ,Cycling
tghv9hCQ,Painting
FUOlIVy6,Reading
96KQdlFw,Gardening
2ABF6qkX,Reading
9Osboyex,Gardening
9Osboyex,Hiking
MRcyRnks,Reading
TjOGRXnS,Reading
zsWwRTyT,Gardening
zsWwRTyT,Painting
zsWwRTyT,Hiking
X0KMsHFJ,Painting
2PBOxXzW,Cycling
2PBOxXzW,Reading
2PBOxXzW,Cooking
IlPgKq6f,Hiking
9QYbBUpQ,Cycling
9QYbBUpQ,Gardening
9QYbBUpQ,Cooking
k6FmY5Pv,Hiking
k6FmY5Pv,Reading
k6FmY5Pv,Cooking
tB9Ag1E8,Painting
55pqHwPl,Cycling
RhalBVDM,Hiking
OV19QhS6,Reading
OV19QhS6,Hiking
OV19QhS6,Cycling
huIbIrPe,Painting
mDx6cJPK,Hiking
k5tShG6c,Painting
k5tShG6c,Cycling
oYoc25Sj,Painting
oYoc25Sj,Reading
67e1EAC1,Cooking
OuZMuPKw,Hiking
OuZMuPKw,Reading
OuZMuPKw,Gardening
4gE1lqIj,Cycling
4gE1lqIj,Cooking
4gE1lqIj,Reading
kQuSvZzK,Painting
kQuSvZzK,Cooking
VO0ewTOp,Gardening
VO0ewTOp,Reading
I862BaPR,Hiking
I862BaPR,Cooking
I862BaPR,Gardening
VC0y8Bhd,Hiking
VC0y8Bhd,Cooking
VC0y8Bhd,Gardening
gDAExTHP,Cooking
gDAExTHP,Cycling
4oVerlyH,Reading
4oVerlyH,Cycling
SIAgQnrq,Gardening
SIAgQnrq,Reading
SIAgQnrq,Cycling
vXSBRCjd,Reading
vXSBRCjd,Cooking
vXSBRCjd,Cycling
H5gOjlzx,Cooking
JFlPgvuE,Cooking
JD2KUHF2,Painting
JD2KUHF2,Reading
f3uIz5Qc,Gardening
f3uIz5Qc,Reading
f3uIz5Qc,Cycling
y67WFDdL,Hiking
y67WFDdL,Painting
y67WFDdL,Gardening
47vK0we8,Gardening
47vK0we8,Reading
47vK0we8,Cooking
9fNpYSgL,Hiking
9fNpYSgL,Gardening
3Pr4cSTE,Cycling
3Pr4cSTE,Hiking
Il0mQw57,Gardening
NvAiBeet,Gardening
NvAiBeet,Reading
NvAiBeet,Painting
1cxCh170,Cooking
tjDyjuNw,Cooking
tjDyjuNw,Gardening
tjDyjuNw,Hiking
jw9FXhMj,Gardening
eCswQbzh,Cycling
eCswQbzh,Cooking
svK8IrKa,Cycling
svK8IrKa,Reading
STq8km9V,Reading
STq8km9V,Gardening
STq8km9V,Cycling
U1olFVur,Hiking
U1olFVur,Reading
U1olFVur,Cooking
4PlL3TeX,Gardening
fV8d2Srd,Reading
fV8d2Srd,Hiking
fV8d2Srd,Gardening
UeNafYKB,Cooking
UeNafYKB,Gardening
yNNG1Jct,Gardening
yNNG1Jct,Painting
yNNG1Jct,Reading
tLjI6gIH,Gardening
tLjI6gIH,Cooking
tLjI6gIH,Cycling
l9xkiYFq,Reading
l9xkiYFq,Cycling
l9xkiYFq,Hiking
K6bT8ISN,Painting
K6bT8ISN,Reading
5vc56xfJ,Gardening
5vc56xfJ,Cooking
ieasF6NQ,Gardening
ieasF6NQ,Cooking
lHnOAkWC,Cooking
WBSUyFX7,Reading
WBSUyFX7,Cycling
WBSUyFX7,Cooking
hup6f1My,Gardening
hup6f1My,Cycling
hup6f1My,Hiking
AFJjTdaW,Cooking
AFJjTdaW,Hiking
AFJjTdaW,Cycling
058IkTj4,Painting
icCIQqql,Hiking
icCIQqql,Painting
icCIQqql,Gardening
i4hvMkbB,Hiking
7eCN2ljd,Gardening
7eCN2ljd,Hiking
JXSxqe4p,Gardening
AwoWrvWB,Reading
AwoWrvWB,Gardening
4XwVoDpw,Cooking
4XwVoDpw,Gardening
uUnKbYf4,Painting
uUnKbYf4,Hiking
3WMZLGhW,Cooking
WwOcFe9N,Cycling
WwOcFe9N,Hiking
WhfD3t8r,Cycling
WhfD3t8r,Hiking
FYY2Ehjx,Reading
FYY2Ehjx,Cycling
ekdCNnHk,Cooking
ekdCNnHk,Painting
zrj4w9bl,Cooking
zrj4w9bl,Reading
29dRWtgg,Hiking
NZt0srHb,Hiking
CykYMoS8,Hiking
CykYMoS8,Cycling
CykYMoS8,Painting
nsuyRQvO,Reading
nsuyRQvO,Painting
nsuyRQvO,Cooking
J7s6v6G8,Gardening
J7s6v6G8,Painting
1gtP7nQ9,Hiking
1gtP7nQ9,Painting
1gtP7nQ9,Gardening
kTPJaVyL,Gardening
kTPJaVyL,Cooking
ecLuvhou,Reading
ecLuvhou,Cycling
SikEhl7m,Reading
SikEhl7m,Hiking
SikEhl7m,Cooking
sk7LTUtW,Cooking
sk7LTUtW,Gardening
h8GZgDb2,Reading
tykrWuBQ,Cooking
tykrWuBQ,Gardening
tykrWuBQ,Cycling
tSl7dbcJ,Cycling
7MS9xWsf,Cycling
7MS9xWsf,Gardening
9FbS0ytB,Hiking
9FbS0ytB,Cycling
yh4vWTJb,Gardening
yh4vWTJb,Cycling
yh4vWTJb,Painting
gJejMt71,Cycling
03cy3ESp,Cooking
03cy3ESp,Reading
03cy3ESp,Cycling
GbOWKabo,Cycling
NYltAR8m,Reading
NYltAR8m,Cooking
NYltAR8m,Painting
vIXltH63,Cycling
vIXltH63,Painting
a50KJwgz,Reading
a50KJwgz,Cooking
GBSczUbu,Cycling
GBSczUbu,Gardening
GBSczUbu,Cooking
jPXrNevu,Reading
jPXrNevu,Cycling
jPXrNevu,Gardening
jNW8bYvR,Gardening
jNW8bYvR,Cooking
jNW8bYvR,Cycling
GTa27j0H,Gardening
Lrf8MvBO,Cooking
AHTpkmg4,Hiking
AHTpkmg4,Gardening
AHTpkmg4,Painting
uFj1QJOJ,Cooking
uFj1QJOJ,Reading
zOviRNy5,Cycling
zOviRNy5,Cooking
8mW8e6x9,Cooking
8mW8e6x9,Hiking
fHYFXAuG,Cycling
RqbXKc3v,Cycling
KarIxSVa,Painting
KarIxSVa,Reading
xEWNxUOx,Painting
4cyHQvcb,Cooking
4cyHQvcb,Gardening
4cyHQvcb,Hiking
9UVeCdGR,Painting
9UVeCdGR,Cycling
RWTjKO2X,Painting
0i5LYUEC,Cycling
0i5LYUEC,Cooking
0i5LYUEC,Gardening
VB0n0SWk,Reading
VB0n0SWk,Cycling
VB0n0SWk,Cooking
oFYogXau,Painting
3nnsu9h2,Painting
3nnsu9h2,Cycling
3nnsu9h2,Hiking
bGb1LsDu,Painting
bGb1LsDu,Cycling
bGb1LsDu,Reading
u4Ie8sS7,Hiking
u4Ie8sS7,Reading
u4Ie8sS7,Gardening
VkhUWNgo,Painting
VkhUWNgo,Cooking
yQNz8puD,Painting
cVXOuk97,Painting
cVXOuk97,Cycling
mfcN510h,Hiking
mfcN510h,Cooking
e5hCSg9n,Reading
e5hCSg9n,Hiking
Oe4edp4Y,Gardening
Oe4edp4Y,Hiking
sDWdmSOT,Gardening
AlUEw0eC,Cycling
AlUEw0eC,Painting
2klXAnQq,Hiking
2klXAnQq,Cooking
5MGpkRcf,Hiking
XImQXvP2,Gardening
XImQXvP2,Cooking
XImQXvP2,Cycling
oQwMHslB,Cycling
oQwMHslB,Hiking
5fofKF1m,Hiking
5fofKF1m,Reading
5fofKF1m,Cycling
G2csViOo,Hiking
sgcs8t8a,Reading
sgcs8t8a,Hiking
sgcs8t8a,Painting
6aImbF0Z,Cooking
6aImbF0Z,Painting
4FkAeJJs,Hiking
Ms0cXazU,Reading
vvYB9W6s,Gardening
vvYB9W6s,Painting
vvYB9W6s,Cooking
JJDRlY4T,Cooking
JJDRlY4T,Cycling
JJDRlY4T,Hiking
ApDp76N0,Gardening
NMiVL8gJ,Cycling
NMiVL8gJ,Reading
NMiVL8gJ,Hiking
srI9wPNy,Gardening
srI9wPNy,Hiking
srI9wPNy,Cooking
TlxiCKaM,Cycling
qyovEWll,Cycling
qyovEWll,Cooking
K6ciOO9G,Painting
K6ciOO9G,Reading
K6ciOO9G,Hiking
9A8314dl,Reading
9A8314dl,Painting
S7u26tFx,Cycling
CwNVOjda,Reading
CwNVOjda,Hiking
CwNVOjda,Cooking
WBMr2wtJ,Gardening
tCiwU33e,Hiking
tCiwU33e,Painting
KQS5pAp6,Hiking
KQS5pAp6,Cooking
DXsTOQzX,Painting
jESYxTHS,Hiking
jESYxTHS,Painting
Zh9cKpj8,Cooking
Zh9cKpj8,Gardening
Zh9cKpj8,Hiking
AaAuD54M,Cycling
AaAuD54M,Gardening
aS4aIxVL,Cycling
QHvowkse,Cycling
vweco6S1,Cooking
vweco6S1,Cycling
IfdOMiLs,Painting
BTOpKATr,Reading
BTOpKATr,Cycling
BTOpKATr,Gardening
5kUyGxOg,Reading
phPhOtp8,Cooking
phPhOtp8,Hiking
ZeYjsd2O,Hiking
ZeYjsd2O,Reading
ZeYjsd2O,Cooking
JEVYdOuV,Painting
TZnKl4bx,Painting
4NTFlkOa,Painting
4NTFlkOa,Cycling
QaTyoe2M,Reading
QaTyoe2M,Cooking
EMPlxtUu,Hiking
Q3c64ooq,Reading
weNEydOi,Cycling
weNEydOi,Reading
pDlXIvyK,Cycling
pDlXIvyK,Cooking
pDlXIvyK,Gardening
VL6mXdbd,Cooking
PplXax0N,Gardening
PplXax0N,Reading
PplXax0N,Painting
JmewPGNV,Reading
WGsV4kOQ,Cooking
WGsV4kOQ,Reading
CfURJgQr,Cycling
CfURJgQr,Painting
CfURJgQr,Reading
CeSiCKHu,Reading
UrJOFwwy,Gardening
UrJOFwwy,Painting
qybOvCcO,Gardening
7Ge7vQJw,Cycling
FXi6LW2D,Painting
FXi6LW2D,Cycling
IZdwXula,Cycling
IZdwXula,Cooking
IZdwXula,Reading
ehwqDcKb,Cycling
ehwqDcKb,Cooking
ehwqDcKb,Gardening
2jiYmLyA,Reading
2jiYmLyA,Hiking
AhmbO2yJ,Reading
vn8P46cg,Cycling
BPFH4MLW,Cycling
BPFH4MLW,Hiking
BPFH4MLW,Gardening
sLEz4oxG,Cycling
sLEz4oxG,Cooking
sLEz4oxG,Painting
lIVi7AO6,Hiking
lIVi7AO6,Gardening
lIVi7AO6,Cooking
eArKJnir,Hiking
JmD4eISr,Hiking
JmD4eISr,Painting
JmD4eISr,Gardening
a0Qbo2nc,Cooking
Ggho45b4,Cycling
6vcfR9W6,Painting
6vcfR9W6,Cooking
t0GiiYcG,Gardening
UqAZcg44,Painting
UqAZcg44,Gardening
UqAZcg44,Hiking
WF4V4iUz,Cycling
WF4V4iUz,Reading
WF4V4iUz,Cooking
28DO8vKA,Reading
28DO8vKA,Painting
cRU5ytsR,Cycling
Ka0v2N8s,Cycling
Ka0v2N8s,Gardening
NNeFdTWP,Painting
Mr44cr4b,Painting
Mr44cr4b,Reading
lmz5oiw9,Gardening
ySO0w6gv,Hiking
8SnnoWhZ,Cooking
B3kkEgkf,Cooking
Kn4gxMOv,Cycling
Kn4gxMOv,Gardening
Kn4gxMOv,Cooking
PFFSZU6Z,Cooking
PFFSZU6Z,Cycling
lQmU0cOy,Reading
lQmU0cOy,Cooking
XVMbez4g,Cooking
MehOfNVA,Cycling
NblbDUOc,Painting
YqwznpoP,Gardening
5IvZdJ2u,Gardening
5IvZdJ2u,Painting
DN93Mwb2,Hiking
UUGHcS8r,Painting
UUGHcS8r,Reading
xfKP3q2P,Cooking
xfKP3q2P,Reading
xfKP3q2P,Cycling
whpOwVjU,Cooking
whpOwVjU,Painting
whpOwVjU,Hiking
5GhODPDT,Reading
5GhODPDT,Cycling
5GhODPDT,Cooking
HEJ051qU,Gardening
kx1WauqK,Cooking
as4r0DFN,Hiking
as4r0DFN,Reading
as4r0DFN,Gardening
MmvKJe5E,Painting
MmvKJe5E,Cooking
MmvKJe5E,Gardening
M3BBnqcj,Painting
M3BBnqcj,Cooking
03dRdqDg,Gardening
RIqxIBcg,Hiking
RIqxIBcg,Gardening
RIqxIBcg,Painting
Rlu0tDhF,Hiking
Rlu0tDhF,Cycling
Rlu0tDhF,Gardening
HvIKEfUc,Painting
HvIKEfUc,Cycling
HvIKEfUc,Cooking
OkuZJAkW,Hiking
OkuZJAkW,Gardening
c7oDYieL,Cycling
c7oDYieL,Cooking
c7oDYieL,Gardening
3uNVdQcW,Hiking
3uNVdQcW,Painting
5o77hK05,Painting
5o77hK05,Cooking
0uh84fcI,Hiking
0coPTHrW,Reading
ewDsS7LV,Gardening
eBvjqC7s,Gardening
oXJWRTuU,Gardening
oXJWRTuU,Hiking
oXJWRTuU,Painting
wtBkCSxH,Painting
wtBkCSxH,Cooking
qvHVY8Z8,Cooking
qvHVY8Z8,Cycling
qvHVY8Z8,Painting
b5jlMBE0,Cycling
b5jlMBE0,Painting
b5jlMBE0,Hiking
eBXgzXoN,Reading
eBXgzXoN,Hiking
VfP2LRCo,Painting
FykFzXvf,Cycling
rDVBmkaF,Gardening
rDVBmkaF,Reading
rDVBmkaF,Cooking
fk9yz9qM,Cycling
fk9yz9qM,Hiking
fk9yz9qM,Painting
4W2DBcJn,Reading
4W2DBcJn,Hiking
SNHAJNCd,Cycling
eFdjEFyw,Reading
eFdjEFyw,Gardening
28W3pwlJ,Painting
H24XJoAz,Painting
H24XJoAz,Cooking
5FRWoyyP,Gardening
5FRWoyyP,Reading
H2n1unAE,Cooking
H2n1unAE,Cycling
H2n1unAE,Reading
WyVE7nXn,Cycling
WyVE7nXn,Gardening
WyVE7nXn,Painting
fdaoDQPn,Cycling
fdaoDQPn,Reading
FC1eHbsL,Gardening
FC1eHbsL,Reading
FC1eHbsL,Painting
CFwt4e5M,Painting
bbJTDK76,Reading
bbJTDK76,Gardening
kuvK1S0K,Reading
kuvK1S0K,Gardening
kuvK1S0K,Painting
mjySwTTA,Cooking
mjySwTTA,Painting
W4dkI8X3,Hiking
W4dkI8X3,Cycling
hAXSPRkE,Cycling
hAXSPRkE,Painting
v8GFrTrl,Cooking
v8GFrTrl,Hiking
tKqCeeWF,Painting
tKqCeeWF,Cycling
tKqCeeWF,Reading
ktcvfrEl,Cycling
ktcvfrEl,Reading
nctLi0L6,Painting
nctLi0L6,Gardening
nctLi0L6,Hiking
baUEh5qa,Hiking
baUEh5qa,Gardening
5fOTID63,Gardening
5fOTID63,Hiking
sQOQ0faQ,Cooking
zxIvD8lP,Painting
zxIvD8lP,Cycling
1G9iNr0q,Reading
iqjO22oy,Hiking
yjcBbRxh,Painting
JnDqsLPL,Cycling
JnDqsLPL,Painting
JnDqsLPL,Gardening
Ot2tqc3F,Reading
Ot2tqc3F,Gardening
Gj3fYNqo,Reading
Gj3fYNqo,Cycling
XCZkpSUw,Reading
XCZkpSUw,Hiking
XCZkpSUw,Cooking
XBe8ndm6,Cooking
XBe8ndm6,Painting
3KKmeUFq,Painting
3KKmeUFq,Cycling
3KKmeUFq,Cooking
5lvJ8er7,Reading
Au4uldhD,Reading
Au4uldhD,Hiking
rkKYdi2j,Cooking
a2K2Nbo5,Cooking
a2K2Nbo5,Painting
a2K2Nbo5,Gardening
9PHpxqFT,Cycling
0MmtHde6,Reading
y38pGsdT,Gardening
y38pGsdT,Reading
y38pGsdT,Cycling
RaTpdixM,Cooking
RaTpdixM,Hiking
38dYUcTn,Painting
FVfShuSR,Painting
ElVA4Hbi,Cycling
JOCE4gY0,Hiking
JOCE4gY0,Cooking
JOCE4gY0,Reading
BsvTVXxp,Cycling
BsvTVXxp,Gardening
aRBH7LSH,Reading
aRBH7LSH,Cooking
lGu3AdxB,Cycling
rwMGCH3C,Gardening
rwMGCH3C,Hiking
rwMGCH3C,Cycling
AXwCgvLt,Reading
AXwCgvLt,Painting
AXwCgvLt,Hiking
VurEHSHo,Cycling
pbkHifle,Cycling
pbkHifle,Cooking
pbkHifle,Gardening
NSAxFLCF,Cycling
NSAxFLCF,Cooking
NSAxFLCF,Painting
ij45n9Ji,Reading
ij45n9Ji,Hiking
WzsoMZTZ,Cooking
WzsoMZTZ,Painting
B5d0kIGc,Painting
B5d0kIGc,Cycling
B5d0kIGc,Reading
StLK21uU,Cycling
IWI2NOAL,Gardening
IWI2NOAL,Hiking
IWI2NOAL,Painting
gMP1DWDT,Gardening
WRUo8xId,Cooking
S0cMyl1k,Cooking
v2JNtsL9,Cycling
v2JNtsL9,Reading
3clzwXbS,Reading
3clzwXbS,Cycling
aneDbP4o,Cycling
V1dzL8g8,Cooking
V1dzL8g8,Painting
0PEF3Ep1,Gardening
pFpazIdO,Painting
pFpazIdO,Reading
pFpazIdO,Cycling
XZlbCLYZ,Cooking
oLOKIboR,Cooking
oLOKIboR,Hiking
oLOKIboR,Reading
yaxhXoAw,Painting
yaxhXoAw,Reading
yaxhXoAw,Gardening
7C6A3TEM,Cooking
TRQB1jtg,Cycling
vfO29NG8,Hiking
efEfwyla,Cooking
efEfwyla,Cycling
efEfwyla,Gardening
mpWnAoOz,Gardening
mpWnAoOz,Hiking
mpWnAoOz,Cycling
3AXru2JV,Cycling
3AXru2JV,Gardening
3AXru2JV,Reading
s05pYYT5,Hiking
UWB0xFDB,Gardening
UWB0xFDB,Cooking
boqdH5nk,Reading
WimyfAC1,Hiking
WimyfAC1,Cycling
WimyfAC1,Gardening
DjqC2yDA,Hiking
DjqC2yDA,Cooking
DjqC2yDA,Painting
zdDEImcS,Reading
LC5dY1T5,Gardening
AYevlohb,Cooking
XDeLbiEZ,Cooking
iQDAb4af,Cooking
iQDAb4af,Hiking
iQDAb4af,Cycling
MTxNCKOf,Reading
OeYXt5oh,Reading
OeYXt5oh,Cooking
OeYXt5oh,Hiking
1uvm9GiY,Hiking
3KsFv15W,Cooking
olFBoYlN,Gardening
olFBoYlN,Painting
q1pFW4oC,Cycling
q1pFW4oC,Cooking
x55KRDO5,Painting
x55KRDO5,Reading
x55KRDO5,Cooking
HkvNqmUF,Painting
v1ZU7g3N,Painting
TnjLcsFh,Reading
TnjLcsFh,Cycling
vWGQVLAI,Cooking
EsQNRdgi,Cooking
HuCsTH6N,Reading
HuCsTH6N,Gardening
KpZABQ3g,Hiking
qDNAAad1,Painting
qDNAAad1,Hiking
qDNAAad1,Cooking
QTNFC7uT,Painting
0BBdLXD3,Hiking
0BBdLXD3,Gardening
0BBdLXD3,Cycling
GCUfHArL,Reading
ECOgyTSd,Reading
ECOgyTSd,Hiking
ECOgyTSd,Cooking
0kvaCeJt,Cycling
0kvaCeJt,Reading
0kvaCeJt,Painting
iooS1rIV,Painting
nYpA2SPo,Gardening
nYpA2SPo,Cooking
jvtpWKTt,Reading
jvtpWKTt,Cycling
nTLL9Ufw,Reading
nTLL9Ufw,Hiking
H5MNW2tN,Gardening
H5MNW2tN,Painting
g2pPubyD,Reading
g2pPubyD,Cooking
g2pPubyD,Gardening
Yn02MIvc,Painting
P6KAmnZE,Cooking
P6KAmnZE,Hiking
0wVpe0Sz,Painting
0wVpe0Sz,Cycling
kvsUXyrl,Gardening
kvsUXyrl,Reading
kvsUXyrl,Cooking
XwGcVMPK,Hiking
mYg3rs3C,Gardening
mYg3rs3C,Cooking
mYg3rs3C,Reading
nZObi65a,Painting
nZObi65a,Reading
nZObi65a,Hiking
3iRMGiuO,Gardening
3iRMGiuO,Reading
3iRMGiuO,Hiking
hRAW5Eea,Hiking
hRAW5Eea,Gardening
N687fBtG,Cooking
N687fBtG,Reading
JHT1qllu,Painting
M5qQ5zsT,Gardening
M5qQ5zsT,Cycling
mVhmeAZV,Painting
mVhmeAZV,Cycling
UnP4eURG,Gardening
UnP4eURG,Hiking
UnP4eURG,Reading
mFHtZWYn,Cooking
USZHJ3eQ,Hiking
USZHJ3eQ,Gardening
USZHJ3eQ,Reading
lwEtOanA,Cooking
lwEtOanA,Reading
lwEtOanA,Cycling
vQe2Smws,Reading
vQe2Smws,Cycling
9s3beSWr,Gardening
9s3beSWr,Cycling
ktOm7rs4,Reading
ktOm7rs4,Painting
ktOm7rs4,Hiking
4xNsV6me,Reading
H1n5uV6i,Cooking
H1n5uV6i,Hiking
H1n5uV6i,Painting
rl3BdL6E,Painting
rl3BdL6E,Cycling
rl3BdL6E,Gardening
9XrDPFSr,Cycling
9XrDPFSr,Gardening
9XrDPFSr,Hiking
Pw6lho0D,Cycling
OBA9YdLm,Hiking
OBA9YdLm,Painting
OBA9YdLm,Gardening
fUSuLGTC,Reading
fUSuLGTC,Cycling
fUSuLGTC,Cooking
HDciBvLJ,Gardening
wu1bnkp1,Reading
tqGiquYn,Hiking
Q8Gs5sTm,Painting
Q8Gs5sTm,Gardening
0kZqNcXO,Hiking
0kZqNcXO,Gardening
wcWqiFhm,Hiking
7gb8lMkQ,Gardening
7gb8lMkQ,Cooking
mp9vsS4K,Gardening
mp9vsS4K,Hiking
8f4v792j,Reading
8f4v792j,Cooking
aUjDZxcm,Painting
aUjDZxcm,Cooking
aUjDZxcm,Reading
wySSAo4p,Gardening
q598lThj,Gardening
q598lThj,Cycling
j4TbIYQM,Painting
j4TbIYQM,Cooking
5U15hBRa,Hiking
CidEu6Yd,Hiking
CidEu6Yd,Cooking
CidEu6Yd,Painting
3DHZOSNq,Hiking
3DHZOSNq,Cycling
jI2hP0aF,Hiking
jI2hP0aF,Cycling
wlnjiexz,Hiking
wlnjiexz,Cooking
wlnjiexz,Cycling
emUP9vyQ,Painting
okvuA7rw,Cooking
okvuA7rw,Reading
uMptcJB8,Reading
uMptcJB8,Painting
uMptcJB8,Gardening
isRuXAFC,Hiking
isRuXAFC,Reading
isRuXAFC,Painting
0xKBLLp8,Cooking
0xKBLLp8,Gardening
Q73jQ8bX,Cooking
Q73jQ8bX,Reading
juhoQLdG,Gardening
juhoQLdG,Cycling
juhoQLdG,Cooking
PO5v4bch,Cycling
PO5v4bch,Cooking
07ARLAFr,Cycling
07ARLAFr,Reading
VirQ5u6S,Reading
VirQ5u6S,Cycling
kbEZAssk,Painting
IDL7Uu8z,Cooking
IDL7Uu8z,Gardening
IDL7Uu8z,Cycling
ugx9kkIc,Reading
QFwxcPAJ,Cycling
QFwxcPAJ,Reading
KwlFIMGX,Hiking
KwlFIMGX,Gardening
YCVHyFYE,Cycling
v0FaMTfN,Painting
v0FaMTfN,Gardening
MMznZy2n,Gardening
MMznZy2n,Painting
ozS8cBTE,Cycling
ozS8cBTE,Hiking
ozS8cBTE,Reading
FVwFx0oT,Cycling
AIEuxlug,Gardening
DguKv3fR,Hiking
DguKv3fR,Cooking
dR2Bqfwv,Cycling
4sBpZTyQ,Cycling
wBOihrCG,Hiking
wBOihrCG,Cooking
wBOihrCG,Painting
6bGuBjRI,Cooking
6bGuBjRI,Reading
6bGuBjRI,Gardening
hYGKZBtj,Gardening
xvSKTSVl,Reading
xvSKTSVl,Cycling
xvSKTSVl,Hiking
Ynk3oKIT,Painting
Ynk3oKIT,Cooking
Ynk3oKIT,Gardening
b5A92gqf,Gardening
b5A92gqf,Cycling
b5A92gqf,Reading
5rNxneX9,Gardening
5rNxneX9,Cooking
5rNxneX9,Hiking
p1fGzQXI,Gardening
InKvmZGm,Gardening
InKvmZGm,Reading
FDYf8znV,Hiking
FDYf8znV,Gardening
QsWLs6d1,Cycling
QsWLs6d1,Reading
QsWLs6d1,Cooking
g1n40yIK,Cooking
g1n40yIK,Cycling
g1n40yIK,Hiking
57hQs5rX,Hiking
57hQs5rX,Cooking
TNi43BTV,Painting
LxsGLWJt,Hiking
VHFUnXfa,Reading
VHFUnXfa,Cycling
VHFUnXfa,Cooking
BrEoKXf4,Gardening
KIJvLjUV,Cooking
KIJvLjUV,Painting
PvDEWOIo,Hiking
PvDEWOIo,Reading
cAmylkuJ,Cooking
UhBmWqj0,Gardening
UhBmWqj0,Reading
UhBmWqj0,Painting
LOee9M8P,Cooking
LOee9M8P,Reading
hKZDdbjX,Cooking
cNIGmqvg,Cooking
cNIGmqvg,Cycling
cNIGmqvg,Gardening
eG0wc0IJ,Cooking
eG0wc0IJ,Cycling
xuRnENBV,Cooking
xuRnENBV,Cycling
xuRnENBV,Painting
2rxuPKNC,Reading
2rxuPKNC,Cycling
cV2FSUaA,Gardening
cV2FSUaA,Cooking
v48s8adn,Cooking
rx9snwrl,Cycling
rx9snwrl,Reading
7AOz1SOS,Hiking
7AOz1SOS,Cycling
WlpAVDu4,Painting
bUYm3mjh,Hiking
bUYm3mjh,Painting
bUYm3mjh,Cycling
pL68inWo,Hiking
pL68inWo,Gardening
FfMye9gS,Cooking
FfMye9gS,Reading
TpHsBH7z,Painting
5UBUxRTq,Hiking
5UBUxRTq,Painting
5UBUxRTq,Reading
INlHLqQX,Cooking
INlHLqQX,Cycling
INlHLqQX,Hiking
DrYUnp8e,Painting
BiTnWvvd,Painting
tiNeutt7,Hiking
K6BySeQD,Cooking
K6BySeQD,Hiking
K6BySeQD,Gardening
EdDj9q9f,Cycling
EdDj9q9f,Cooking
EdDj9q9f,Painting
1SJsZ0re,Reading
onwfkNNr,Painting
onwfkNNr,Gardening
ud4AYJVO,Painting
ud4AYJVO,Gardening
LuYKttrj,Reading
263AV71z,Hiking
263AV71z,Cooking
263AV71z,Painting
KyJT5etb,Reading
KyJT5etb,Hiking
7rNVfEiF,Reading
7rNVfEiF,Gardening
doSg7ABk,Cycling
doSg7ABk,Gardening
lNeavS7l,Hiking
lNeavS7l,Gardening
lNeavS7l,Cooking
5mM0ChJe,Painting
5mM0ChJe,Cooking
5pfR0heh,Reading
P3NzjAmu,Reading
P3NzjAmu,Painting
P3NzjAmu,Gardening
F775G35x,Cycling
F775G35x,Painting
n5A0dBso,Cooking
n5A0dBso,Cycling
n5A0dBso,Hiking
5rS9ZRMH,Reading
BAe3dY4R,Gardening
BAe3dY4R,Reading
RS5HHN9L,Reading
RS5HHN9L,Hiking
1wlfhUsS,Cycling
1wlfhUsS,Gardening
K3eqjFPK,Painting
K3eqjFPK,Reading
K3eqjFPK,Cycling
dGUfc8rB,Gardening
dGUfc8rB,Cooking
aCyv8iLt,Cooking
e85HRVTv,Hiking
F4GMH8Io,Cycling
F4GMH8Io,Painting
F4GMH8Io,Hiking
9LCmFo5F,Painting
GMaAC8c0,Cooking
GMaAC8c0,Gardening
GMaAC8c0,Cycling
6fkhB5us,Cycling
6fkhB5us,Reading
oMUaTBQI,Hiking
oMUaTBQI,Gardening
M7j0nOOc,Cycling
M7j0nOOc,Cooking
M7j0nOOc,Gardening
9s8p2Sfk,Gardening
i0r2uoCs,Reading
i0r2uoCs,Painting
0CMft71w,Gardening
0CMft71w,Cycling
0CMft71w,Hiking
0AByoWGN,Cooking
0AByoWGN,Cycling
2iAitaMH,Reading
2iAitaMH,Hiking
n1dQ8Ati,Cooking
UP0enqmM,Gardening
YEUBg1Gp,Hiking
YEUBg1Gp,Cooking
YEUBg1Gp,Reading
mf3oAZKM,Hiking
T4yuO5Jb,Cycling
T4yuO5Jb,Reading
TtKdFcQA,Reading
TtKdFcQA,Cooking
TtKdFcQA,Hiking
FS3KNa6i,Reading
FS3KNa6i,Gardening
F5ZaPLnq,Cooking
F5ZaPLnq,Painting
BEnVmCyY,Painting
BEnVmCyY,Cycling
CeeKf7Fu,Reading
CeeKf7Fu,Painting
DHKcQEuH,Cycling
fNLYMvX7,Hiking
fNLYMvX7,Cycling
sXQmMZxw,Cooking
sXQmMZxw,Reading
sXQmMZxw,Gardening
ulLQ7KDa,Gardening
ulLQ7KDa,Hiking
ulLQ7KDa,Reading
5zTKQDSa,Gardening
5zTKQDSa,Reading
5zTKQDSa,Painting
GmmMxWRD,Cooking
GmmMxWRD,Hiking
NYULqflp,Cooking
TdLOJKqr,Hiking
TdLOJKqr,Painting
iWTF1S32,Cooking
iWTF1S32,Cycling
iWTF1S32,Hiking
iv2v2LPR,Reading
xVWgKxnb,Painting
jvt44gFP,Cycling
jvt44gFP,Painting
jvt44gFP,Gardening
y1hK3eOo,Painting
y1hK3eOo,Hiking
2aoM3rYa,Cooking
2aoM3rYa,Hiking
BjzKHgXO,Gardening
BjzKHgXO,Painting
IooHiLGr,Cooking
IooHiLGr,Hiking
slZhVsvi,Cycling
slZhVsvi,Painting
slZhVsvi,Reading
DWTBnyPk,Painting
DWTBnyPk,Cycling
edG2KqPW,Cooking
8wrYd0qm,Cooking
8wrYd0qm,Reading
8wrYd0qm,Painting
c6Dwl2X6,Cycling
c6Dwl2X6,Reading
w4n3XzrF,Hiking
w4n3XzrF,Cooking
w4n3XzrF,Gardening
kWI8s4sc,Cycling
gvIIbMYo,Gardening
gvIIbMYo,Reading
gvIIbMYo,Cooking
arhx8LnP,Cycling
arhx8LnP,Painting
UUL8ps3h,Cycling
UUL8ps3h,Cooking
UUL8ps3h,Painting
rGxZI8Hz,Cooking
tJG89GJv,Cycling
w9XmEtgf,Cycling
3TckGPYq,Cooking
3TckGPYq,Gardening
MakK8oIS,Painting
MakK8oIS,Gardening
Pk3fy4kQ,Reading
Pk3fy4kQ,Cycling
Pk3fy4kQ,Gardening
EGUJyJLO,Painting
EGUJyJLO,Hiking
kVBckZe9,Hiking
KaDsx7Yw,Cooking
KaDsx7Yw,Gardening
KaDsx7Yw,Cycling
2S8cGCRS,Painting
2S8cGCRS,Gardening
2S8cGCRS,Hiking
JQsAGoE2,Reading
JQsAGoE2,Gardening
F77pz6c7,Hiking
QIrFEZhd,Cooking
QIrFEZhd,Painting
0de4kgSu,Cycling
0de4kgSu,Reading
0de4kgSu,Cooking
sV1O7nWN,Gardening
sV1O7nWN,Painting
sV1O7nWN,Reading
R7OLM9A0,Cycling
R7OLM9A0,Reading
4xvLzpJg,Cooking
NcdgQzTw,Cycling
NcdgQzTw,Reading
NcdgQzTw,Painting
xK47rIqd,Cycling
m8nyijXz,Cycling
m8nyijXz,Reading
m8nyijXz,Cooking
xaHsCovh,Reading
bHattpqu,Hiking
bHattpqu,Cooking
nUj3rCaZ,Cooking
nUj3rCaZ,Hiking
nUj3rCaZ,Painting
Iye7yYw8,Hiking
Iye7yYw8,Painting
baM5Lbkd,Cycling
baM5Lbkd,Reading
Ct0ekgSm,Reading
Ct0ekgSm,Gardening
Ct0ekgSm,Cycling
X7uAamOC,Reading
X7uAamOC,Cooking
X7uAamOC,Cycling
Cf93Z9F0,Gardening
Cf93Z9F0,Reading
sCzvxeH7,Reading
sCzvxeH7,Painting
FUvncXQB,Cooking
bNM5epjq,Gardening
a95lmih6,Gardening
UdUQ0DAS,Gardening
UdUQ0DAS,Painting
UdUQ0DAS,Reading
Hi7A2DDn,Gardening
Hi7A2DDn,Cycling
m42QYcmj,Hiking
m42QYcmj,Painting
m42QYcmj,Gardening
mPcADIhR,Gardening
mPcADIhR,Painting
mPcADIhR,Cycling
ZntSzivv,Gardening
ZntSzivv,Hiking
ZntSzivv,Cooking
LAA1OjBH,Reading
LAA1OjBH,Cycling
LAA1OjBH,Painting
QUid2k07,Gardening
V4jZnaI7,Cycling
kFRjRiue,Painting
9tdlJROD,Reading
9tdlJROD,Hiking
MS48sl8E,Reading
MS48sl8E,Cooking
MS48sl8E,Painting
KKppQvA2,Reading
KKppQvA2,Painting
BmNHjaCh,Hiking
BmNHjaCh,Gardening
BmNHjaCh,Cooking
xZWQv1Cz,Cycling
xZWQv1Cz,Cooking
JtJFZYMu,Hiking
JtJFZYMu,Reading
JtJFZYMu,Cycling
FQLMtmGH,Reading
FQLMtmGH,Cycling
FQLMtmGH,Hiking
l797AEpm,Painting
l797AEpm,Gardening
84OVkxT1,Reading
84OVkxT1,Painting
84OVkxT1,Hiking
Ru1Sdegn,Cooking
Ru1Sdegn,Painting
Ru1Sdegn,Gardening
ukwVm2Zn,Cooking
oWnry5gz,Gardening
oWnry5gz,Cooking
oWnry5gz,Hiking
FD5f4kji,Hiking
FD5f4kji,Gardening
BMK0OHEp,Cooking
BMK0OHEp,Cycling
E8w3Z6AQ,Reading
E8w3Z6AQ,Cooking
E8w3Z6AQ,Painting
TYCBOanG,Painting
TYCBOanG,Cycling
TYCBOanG,Cooking
Jp9dLQgc,Cooking
Jp9dLQgc,Gardening
vTv5o5lr,Painting
vTv5o5lr,Cycling
DHDuPr3j,Cycling
DHDuPr3j,Reading
DHDuPr3j,Cooking
Rqh9CIMT,Hiking
Rqh9CIMT,Painting
Rqh9CIMT,Cycling
aQvGkYy5,Painting
aQvGkYy5,Hiking
aQvGkYy5,Cooking
iPMT3C5N,Cooking
iPMT3C5N,Cycling
OBsfMVKs,Cycling
OBsfMVKs,Gardening
RABdpVbF,Gardening
790RNddP,Cycling
790RNddP,Hiking
790RNddP,Painting
sLioBhzz,Cycling
sLioBhzz,Hiking
nLQ9RK6U,Cycling
nLQ9RK6U,Painting
br115YgP,Hiking
br115YgP,Painting
F44Ijeqz,Cooking
F44Ijeqz,Painting
TirPK4iY,Cooking
MVCEepZn,Cooking
MVCEepZn,Gardening
4M9i8ubP,Reading
4M9i8ubP,Cycling
ff0p4iDz,Cycling
0FDRN5yt,Cooking
0FDRN5yt,Hiking
yD8OdttS,Hiking
9Fnl77qE,Reading
9Fnl77qE,Hiking
gArv7pGe,Cycling
gArv7pGe,Gardening
KTuljwsx,Painting
xKU1xmCt,Cooking
xKU1xmCt,Painting
DctrjobA,Gardening
5pcHgf08,Cycling
sBGUuDaA,Reading
sBGUuDaA,Cooking
kGxWT0z7,Painting
kGxWT0z7,Hiking
kGxWT0z7,Gardening
QPJTp4Yb,Gardening
QPJTp4Yb,Hiking
QPJTp4Yb,Reading
6H4ZBnsH,Cooking
6H4ZBnsH,Cycling
6H4ZBnsH,Painting
dU5AEujq,Reading
9Yf42757,Cycling
9Yf42757,Painting
9Yf42757,Cooking
DlqVirvm,Cycling
DlqVirvm,Cooking
DlqVirvm,Gardening
qkW7PXf0,Painting
qkW7PXf0,Hiking
5Ko30Flp,Cycling
5Ko30Flp,Hiking
RctwisX5,Hiking
ahZfSjnV,Cooking
wudT1YG5,Painting
wudT1YG5,Gardening
UYGxFj7n,Cooking
UYGxFj7n,Cycling
rVsbKP8y,Cycling
rVsbKP8y,Painting
rVsbKP8y,Hiking
ljhiJxkZ,Gardening
ljhiJxkZ,Reading
ljhiJxkZ,Hiking
VSTcjdxV,Gardening
VSTcjdxV,Cycling
VSTcjdxV,Hiking
16Zj2ywt,Reading
dX82EIi3,Painting
dX82EIi3,Cooking
dX82EIi3,Reading
siNbVa89,Gardening
siNbVa89,Cycling
MF8IPpFR,Hiking
MF8IPpFR,Painting
J2A5UvFu,Cycling
U639H9os,Hiking
U639H9os,Cooking
U639H9os,Reading
00LSQjtr,Cycling
00LSQjtr,Painting
00LSQjtr,Gardening
CFMbWsWW,Gardening
CFMbWsWW,Painting
CFMbWsWW,Cycling
uttNVKhd,Cooking
uttNVKhd,Cycling
uttNVKhd,Painting
SlbeyQYG,Cycling
SlbeyQYG,Reading
t9ACQFcm,Reading
t9ACQFcm,Gardening
klHPF1eI,Hiking
gNbsDhfL,Cycling
gNbsDhfL,Hiking
viAo4rQL,Cycling
viAo4rQL,Hiking
UWdcG13s,Cooking
UWdcG13s,Reading
ClINLYDc,Gardening
ClINLYDc,Cooking
ClINLYDc,Hiking
Nkw2336B,Reading
Nkw2336B,Gardening
av6pMQ7F,Hiking
eNYZIXFM,Painting
0gTdk6UC,Cooking
6yT3mqQ7,Gardening
6yT3mqQ7,Hiking
6yT3mqQ7,Cycling
W2OaoDyP,Gardening
W2OaoDyP,Cycling
W2OaoDyP,Reading
KtFZ88BX,Cooking
KtFZ88BX,Hiking
R7DokbOH,Gardening
kKK7AE9q,Gardening
dAQlVLnz,Cycling
dAQlVLnz,Reading
PnGO9jaZ,Cycling
PnGO9jaZ,Cooking
PnGO9jaZ,Reading
jzO0VoRH,Cooking
jzO0VoRH,Hiking
HsgxiuYH,Reading
HsgxiuYH,Painting
HsgxiuYH,Gardening
I5sy8BZc,Gardening
I5sy8BZc,Cycling
I5sy8BZc,Painting
CXOZtmy7,Hiking
CXOZtmy7,Painting
jwuHqLLq,Painting
jwuHqLLq,Cooking
jwuHqLLq,Cycling
jJmdZyrX,Cooking
6Xyievk1,Hiking
6Xyievk1,Gardening
zMQ0P89o,Painting
zMQ0P89o,Hiking
zMQ0P89o,Cycling
a8AKjF2y,Reading
weOKEIK6,Cycling
weOKEIK6,Cooking
weOKEIK6,Reading
of977FJl,Cooking
of977FJl,Painting
kzjqHIOK,Gardening
mRarVXCu,Gardening
mRarVXCu,Reading
0xOXDQHC,Gardening
0xOXDQHC,Painting
0xOXDQHC,Hiking
nvGHY5hA,Cooking
nvGHY5hA,Hiking
nvGHY5hA,Cycling
tNYa1SEF,Reading
tNYa1SEF,Cooking
tNYa1SEF,Gardening
cXNXQ95C,Cycling
cXNXQ95C,Cooking
PvZs4B0D,Cooking
7PfQ63i8,Cycling
ENBUWZvy,Reading
ENBUWZvy,Cycling
ENBUWZvy,Cooking
4G5xc7oI,Hiking
UF9yqP4S,Gardening
UF9yqP4S,Cooking
S3tYJJAe,Cycling
72hgoisy,Painting
72hgoisy,Reading
72hgoisy,Gardening
B0OQ4Sys,Gardening
B0OQ4Sys,Cooking
w3twI7gy,Reading
w3twI7gy,Painting
zXhcdqI5,Cycling
zXhcdqI5,Reading
zXhcdqI5,Cooking
fn4lP8HY,Hiking
fn4lP8HY,Cooking
l05ykM9w,Reading
wHcHfEKf,Hiking
wHcHfEKf,Gardening
OAs3KmwS,Cooking
V4gRfV3c,Painting
XstHaUg6,Gardening
XstHaUg6,Cycling
XstHaUg6,Painting
52By1L5t,Gardening
52By1L5t,Cooking
52By1L5t,Cycling
SNQOW2Un,Cooking
SNQOW2Un,Painting
SNQOW2Un,Reading
US10lXCS,Reading
mlgbNeyX,Cooking
mlgbNeyX,Gardening
VAnFnOHZ,Reading
oj3Pds9j,Hiking
oj3Pds9j,Cycling
oj3Pds9j,Cooking
dzTDmeTu,Gardening
XfZnyBoA,Hiking
0aOcZbqb,Cycling
Ifrwhvxp,Hiking
Ifrwhvxp,Painting
SXKLszVN,Gardening
0XRg6lwq,Gardening
N9GZsWr7,Painting
imRaC2wM,Cooking
imRaC2wM,Reading
imRaC2wM,Painting
BiGTdqU1,Gardening
R1YjrEnZ,Gardening
R1YjrEnZ,Painting
R1YjrEnZ,Cooking
qOnBZ17A,Cycling
qOnBZ17A,Gardening
SUUsWMLL,Reading
SUUsWMLL,Cycling
sqWOVx3U,Cycling
onNtUxvT,Reading
onNtUxvT,Cycling
onNtUxvT,Gardening
0Hyg26KC,Cycling
0Hyg26KC,Cooking
LbLcAwTj,Cooking
LbLcAwTj,Reading
LbLcAwTj,Painting
X8Egarfg,Cooking
wLdyTyOS,Cooking
uIcnZqyI,Painting
uIcnZqyI,Cycling
uIcnZqyI,Gardening
scKyiTZR,Cooking
scKyiTZR,Gardening
3yWDEZ0a,Painting
8Gov0ccH,Cycling
8Gov0ccH,Painting
8Gov0ccH,Gardening
AkNNqOuV,Cycling
wwBgRdhB,Hiking
wwBgRdhB,Painting
WhLEhSaP,Cycling
WhLEhSaP,Gardening
IxMe2a00,Hiking
Ivlj8u1z,Gardening
Ivlj8u1z,Reading
Ivlj8u1z,Cooking
5N6C38g8,Painting
5N6C38g8,Hiking
5N6C38g8,Cycling
vNxzRhYo,Cycling
vNxzRhYo,Painting
vNxzRhYo,Hiking
Cq51ayq5,Reading
Cq51ayq5,Cooking
Cq51ayq5,Painting
cWjiSGSu,Hiking
cWjiSGSu,Cooking
6LUZ5QQ5,Gardening
6LUZ5QQ5,Cooking
6LUZ5QQ5,Cycling
LuQbwLlq,Cooking
LuQbwLlq,Gardening
LuQbwLlq,Reading
mAJofOgN,Painting
mAJofOgN,Cycling
mAJofOgN,Hiking
Z4ar4R8Z,Cooking
Z4ar4R8Z,Gardening
Z4ar4R8Z,Reading
KCxEQu8h,Gardening
wdaVykfP,Reading
wdaVykfP,Hiking
wdaVykfP,Painting
nx8BR2nS,Cycling
nx8BR2nS,Painting
nx8BR2nS,Gardening
MtwIvIWx,Hiking
MtwIvIWx,Reading
MtwIvIWx,Gardening
L1DQbzVr,Cycling
L1DQbzVr,Reading
L1DQbzVr,Gardening
WTduew3C,Cycling
FcpqkZSr,Painting
FcpqkZSr,Reading
4UyLkNWg,Reading
lC2k6wwy,Gardening
lC2k6wwy,Cycling
lC2k6wwy,Cooking
pBJYkqjd,Cycling
McsUyGZG,Hiking
O7ORgZFH,Reading
nE3GbrGt,Painting
TpDlGK4t,Gardening
hsxjnEiL,Cooking
cNqoKGgA,Hiking
WIKzWkg2,Painting
VGCxxnBq,Painting
VGCxxnBq,Cooking
QQncvQpe,Reading
QQncvQpe,Hiking
QQncvQpe,Gardening
IpLjAG6Y,Painting
IpLjAG6Y,Hiking
IpLjAG6Y,Cooking
dgXco3l2,Cooking
z6sQ7h1D,Hiking
iCeDjhlv,Painting
iCeDjhlv,Gardening
eMAoZhpt,Hiking
eMAoZhpt,Cooking
xxad855B,Painting
xxad855B,Gardening
xxad855B,Cooking
GWUOynjG,Cooking
GWUOynjG,Reading
vaxYTJsB,Cycling
vaxYTJsB,Cooking
vaxYTJsB,Painting
iaJyLyjc,Cycling
tgNOpV1p,Painting
tgNOpV1p,Gardening
kPDjapFb,Gardening
7xDueDFY,Painting
7xDueDFY,Cooking
7xDueDFY,Cycling
fVYF4zqG,Cycling
fVYF4zqG,Gardening
5sZC5OZY,Painting
5sZC5OZY,Reading
u7nfCC1A,Gardening
u7nfCC1A,Cycling
u7nfCC1A,Reading
ztmAyaFH,Cooking
ztmAyaFH,Cycling
ztmAyaFH,Reading
OTeDp6hZ,Painting
OTeDp6hZ,Cycling
PwmxLX2E,Reading
PwmxLX2E,Painting
i0Vjt2d5,Painting
J453Dycn,Cycling
J453Dycn,Cooking
3yDTtT5F,Gardening
exNGjmiL,Cooking
MiaVdQBy,Hiking
MiaVdQBy,Painting
tUb2mSk0,Gardening
tUb2mSk0,Cycling
tUb2mSk0,Painting
Rvt8JIhj,Cycling
Rvt8JIhj,Reading
Rvt8JIhj,Cooking
LyitIUFA,Cycling
LyitIUFA,Hiking
HYupF2Yg,Reading
HYupF2Yg,Gardening
EOYEglkJ,Gardening
EOYEglkJ,Painting
YEbiooWE,Cooking
G3LA9GJT,Gardening
G3LA9GJT,Cycling
G3LA9GJT,Reading
uE2pTB1t,Cycling
uE2pTB1t,Reading
uE2pTB1t,Hiking
8IlkkZy9,Reading
8USd5YEU,Reading
8USd5YEU,Hiking
8USd5YEU,Gardening
quipenp2,Hiking
quipenp2,Cooking
EQgqrRXd,Gardening
4FwohNVR,Cooking
4FwohNVR,Painting
4fVndYgG,Reading
4fVndYgG,Cycling
4fVndYgG,Gardening
hSTdZGqq,Gardening
hSTdZGqq,Cooking
RK0VegS7,Painting
72tgrAQm,Reading
72tgrAQm,Painting
RrgnqsHY,Painting
xERrH33N,Reading
xTFM0mV9,Hiking
xTFM0mV9,Cooking
xTFM0mV9,Reading
7b3s3sfp,Cycling
7b3s3sfp,Hiking
hg9sLvBu,Hiking
hg9sLvBu,Gardening
hg9sLvBu,Reading
P9EV6Qhm,Cycling
uTYSfKAc,Hiking
uTYSfKAc,Cycling
9b28emJ3,Gardening
9b28emJ3,Cooking
VLnZuqPw,Painting
VLnZuqPw,Cycling
MXpsaDmT,Cooking
MXpsaDmT,Gardening
MXpsaDmT,Painting
LLV4HLIr,Reading
f7YDc6zn,Reading
WU6X4Vic,Hiking
WU6X4Vic,Reading
csZMWDK2,Reading
csZMWDK2,Painting
csZMWDK2,Cooking
aasLbJ63,Cycling
L9YxPAwY,Gardening
EktmdhVk,Painting
SCiHeRnu,Cooking
SCiHeRnu,Hiking
woW8wbsY,Cooking
woW8wbsY,Cycling
woW8wbsY,Gardening
GoNbiqaO,Cooking
GoNbiqaO,Painting
GoNbiqaO,Cycling
BjLVCPKQ,Cooking
BjLVCPKQ,Painting
BjLVCPKQ,Gardening
6UnqCzjD,Reading
6UnqCzjD,Cooking
9ElgMcUX,Reading
9ElgMcUX,Cooking
Wckecwff,Gardening
gVsqYO6K,Painting
gVsqYO6K,Cooking
69JFHhm1,Painting
sgQspaav,Cooking
sgQspaav,Hiking
USzedvlA,Cycling
USzedvlA,Reading
USzedvlA,Cooking
33xUt3F5,Gardening
33xUt3F5,Reading
E7bY8VC4,Gardening
E7bY8VC4,Painting
3nEU7XqA,Painting
L0Baj4eE,Painting
nE8jiw8Z,Cooking
nE8jiw8Z,Painting
nE8jiw8Z,Cycling
9sAE9WCx,Gardening
9sAE9WCx,Reading
0qbPfiEj,Cooking
0qbPfiEj,Cycling
0qbPfiEj,Gardening
yb3uVP33,Hiking
yb3uVP33,Gardening
yb3uVP33,Painting
wskxkTTJ,Reading
wskxkTTJ,Hiking
wskxkTTJ,Painting
Qbk9heSj,Cycling
Qbk9heSj,Painting
tTv7DvBu,Hiking
KCwPOgjc,Reading
CY248XX4,Hiking
CY248XX4,Painting
vtyMMCcF,Reading
vtyMMCcF,Gardening
vtyMMCcF,Hiking
N7O1s6t8,Painting
ArK7kbPf,Painting
ArK7kbPf,Cycling
ArK7kbPf,Reading
VBDQ9vET,Gardening
VBDQ9vET,Reading
VBDQ9vET,Cooking
HPW6v6ZK,Reading
Z4spApEH,Reading
Z4spApEH,Gardening
d0lezhh3,Hiking
d0lezhh3,Painting
SHNmVzjr,Reading
2vHA3S9o,Cycling
57723DwE,Gardening
GkZhTKaE,Hiking
GkZhTKaE,Reading
GkZhTKaE,Gardening
mNRDk0av,Gardening
to8SuZbk,Reading
GxrC08Em,Cycling
GxrC08Em,Hiking
DQCcYyq7,Cycling
FR0VrXpL,Gardening
FwzH8GAM,Cycling
4yghhjeC,Cycling
miG21tXP,Cycling
miG21tXP,Painting
AMu0v6rd,Gardening
AMu0v6rd,Hiking
4XcChGaB,Hiking
4XcChGaB,Painting
4XcChGaB,Cooking
vYOA6A8v,Painting
vYOA6A8v,Hiking
vYOA6A8v,Reading
85CLFDjp,Gardening
85CLFDjp,Hiking
85CLFDjp,Reading
4YT3sswg,Gardening
4YT3sswg,Cycling
nlefH4vZ,Hiking
p5CEoQcI,Hiking
p5CEoQcI,Reading
p5CEoQcI,Cooking
V2dURPUS,Gardening
V2dURPUS,Painting
I7U0pE5L,Gardening
TKoFv4jN,Cooking
TKoFv4jN,Hiking
VMBss4sz,Cycling
dchuV0zj,Hiking
aW2YooZY,Gardening
aW2YooZY,Cooking
aW2YooZY,Reading
JoBgJHJl,Cycling
i3sl5DeN,Cycling
i3sl5DeN,Painting
20lFCXRD,Gardening
qShnqp2V,Painting
1VEiTMYx,Reading
1VEiTMYx,Cycling
7aQ29gcT,Painting
7aQ29gcT,Reading
7aQ29gcT,Cooking
hHQACEyU,Cycling
hHQACEyU,Painting
hHQACEyU,Reading
1H169JZF,Hiking
1H169JZF,Painting
1H169JZF,Gardening
L9RJG2fC,Hiking
L9RJG2fC,Cycling
L9RJG2fC,Reading
YXkSCXh0,Cooking
YXkSCXh0,Hiking
aFUY0CM7,Reading
aFUY0CM7,Hiking
aFUY0CM7,Gardening
6qrl7D32,Cycling
6qrl7D32,Cooking
Ys9EGnUJ,Cycling
Ys9EGnUJ,Reading
37AzMJhv,Cycling
37AzMJhv,Hiking
37AzMJhv,Gardening
MsQRxJmm,Gardening
MsQRxJmm,Reading
Xp1GGxqn,Cooking
Xp1GGxqn,Cycling
Xp1GGxqn,Reading
nWMGvwLq,Gardening
nWMGvwLq,Reading
kq6NH0Bd,Hiking
kq6NH0Bd,Gardening
0wJ8h2fo,Reading
0wJ8h2fo,Cycling
mJ1AKYFL,Cycling
mJ1AKYFL,Reading
mJ1AKYFL,Cooking
YwW4PdHR,Reading
3Obp76uI,Gardening
3Obp76uI,Reading
eiKOGt1j,Cycling
eiKOGt1j,Reading
L3ixRYsJ,Gardening
L3ixRYsJ,Reading
L3ixRYsJ,Hiking
I5JcdFUS,Gardening
I5JcdFUS,Painting
F7tx1IXs,Painting
CbS4PHnS,Cooking
CbS4PHnS,Gardening
CbS4PHnS,Hiking
kBay9AKd,Hiking
kBay9AKd,Reading
kBay9AKd,Cooking
tXxno61M,Reading
tXxno61M,Hiking
tXxno61M,Cooking
qh9RSh4I,Cycling
IxjcjAcT,Hiking
QSgIhPLC,Cooking
QSgIhPLC,Reading
QSgIhPLC,Gardening
hv8hFWRG,Painting
hv8hFWRG,Cycling
r99mTkTY,Cooking
mD9QGdV0,Gardening
mD9QGdV0,Painting
mD9QGdV0,Hiking
uP1DqwwN,Cooking
uP1DqwwN,Gardening
uP1DqwwN,Hiking
4FkAb3wY,Gardening
eS1W4lnI,Painting
hr4MTtFe,Reading
hr4MTtFe,Cooking
EkSmRg54,Cooking
HhahJVjl,Gardening
HhahJVjl,Reading
HhahJVjl,Cycling
Avt5R2xP,Painting
Avt5R2xP,Hiking
Avt5R2xP,Cycling
R8KHcP8q,Hiking
R8KHcP8q,Painting
EGKynKG9,Cycling
xGghRA4M,Cooking
xGghRA4M,Painting
xGghRA4M,Reading
fiwVUuVC,Gardening
pH6mgbmv,Cycling
cZcpswRy,Cooking
cZcpswRy,Gardening
cZcpswRy,Painting
14gF5MyT,Reading
bD2gqv9R,Painting
bD2gqv9R,Hiking
bD2gqv9R,Cooking
EWw4x2PX,Cooking
EWw4x2PX,Cycling
EWw4x2PX,Hiking
7qElTQnX,Reading
sYRARLVr,Gardening
sYRARLVr,Painting
f7DTlRZJ,Hiking
f7DTlRZJ,Gardening
f7DTlRZJ,Cycling
zBkyfNad,Gardening
zBkyfNad,Hiking
bPG4UByx,Gardening
bPG4UByx,Hiking
uI0WJjHr,Cooking
uI0WJjHr,Cycling
1kL6V7ZU,Gardening
1kL6V7ZU,Cooking
1kL6V7ZU,Reading
yDwifk0k,Cycling
TpuMVftm,Painting
TpuMVftm,Reading
IA4fviG9,Painting
IA4fviG9,Reading
IA4fviG9,Hiking
BN8iys0T,Gardening
BN8iys0T,Cycling
BN8iys0T,Hiking
2aRWiVpH,Cycling
2aRWiVpH,Painting
2aRWiVpH,Gardening
Ljv4J3Cy,Cycling
Ljv4J3Cy,Painting
Ljv4J3Cy,Hiking
gJqM6SGb,Gardening
gJqM6SGb,Cycling
gJqM6SGb,Painting
1WdN4ku5,Painting
1WdN4ku5,Reading
MIdiIEBO,Reading
aDs5sUNi,Hiking
pgFchbKs,Painting
pgFchbKs,Hiking
Db3GJBBp,Cooking
Db3GJBBp,Hiking
JPUdHUY8,Hiking
JPUdHUY8,Cooking
JPUdHUY8,Gardening
1FLST6DQ,Reading
MGwFIrlb,Painting
MGwFIrlb,Gardening
MGwFIrlb,Reading
p82mVs2u,Cycling
p82mVs2u,Cooking
p82mVs2u,Painting
IgXeug4X,Hiking
IgXeug4X,Cycling
AUuY84z5,Hiking
AUuY84z5,Cooking
5M0EjcAs,Cooking
5M0EjcAs,Reading
5M0EjcAs,Hiking
kbCtKOxe,Gardening
kbCtKOxe,Reading
xBLfH5x0,Painting
xBLfH5x0,Hiking
VarxZrkI,Gardening
VarxZrkI,Hiking
WghiZTUw,Cooking
WghiZTUw,Cycling
WghiZTUw,Hiking
yeHYjSVk,Reading
yeHYjSVk,Painting
JmodCNBI,Reading
JmodCNBI,Gardening
J8wMqLGI,Hiking
THBazskt,Cooking
THBazskt,Gardening
THBazskt,Painting
msmGsal9,Hiking
VZCzt4YS,Hiking
VZCzt4YS,Reading
yWjP6x15,Reading
yWjP6x15,Gardening
P0ZWpR9E,Gardening
P0ZWpR9E,Hiking
eWvTKQGd,Reading
WmIHN1h1,Reading
xvmrCd6I,Gardening
xvmrCd6I,Cooking
gvrPqs3R,Cooking
gvrPqs3R,Reading
gvrPqs3R,Hiking
Boluku7m,Cycling
Boluku7m,Cooking
Boluku7m,Reading
tLPhuenC,Cooking
tLPhuenC,Hiking
FCQ42bkb,Reading
FCQ42bkb,Gardening
gp9sKrYg,Hiking
gp9sKrYg,Reading
gp9sKrYg,Cooking
L6qgzmHu,Cooking
L6qgzmHu,Painting
VGP6VeGB,Reading
eVL0BWwY,Cooking
kgR073Bm,Gardening
kgR073Bm,Cooking
kgR073Bm,Painting
o3PUwgnX,Reading
o3PUwgnX,Gardening
O8xOyaJx,Gardening
O8xOyaJx,Reading
O8xOyaJx,Cooking
OipFixxe,Gardening
OipFixxe,Cooking
3nI8XgFS,Reading
3nI8XgFS,Painting
3nI8XgFS,Hiking
CuVdsGA6,Reading
CuVdsGA6,Painting
CuVdsGA6,Cooking
9DPQZIpb,Cooking
9DPQZIpb,Cycling
7KvbM3Sm,Hiking
7KvbM3Sm,Gardening
7KvbM3Sm,Cycling
ijUMpEdt,Reading
ijUMpEdt,Cycling
WHc1x1cZ,Reading
WHc1x1cZ,Hiking
PNyQSbD6,Gardening
0bjGXwg3,Hiking
0bjGXwg3,Painting
0qopVkXf,Gardening
0qopVkXf,Cycling
IkBDjtzz,Cycling
aA1XdBgu,Cycling
k1a3X38b,Gardening
JGwaTGL6,Cooking
JGwaTGL6,Cycling
YaBSh1os,Reading
YaBSh1os,Cooking
YaBSh1os,Cycling
DqJjT2se,Hiking
jpZ2SPhI,Cooking
wnJjagaI,Reading
wnJjagaI,Cooking
wnJjagaI,Gardening
U2vk14rL,Painting
U2vk14rL,Hiking
U2vk14rL,Cooking
prszDRIp,Painting
LRPFA1Tx,Gardening
8R96QwMW,Cycling
8R96QwMW,Reading
kVAMylcm,Gardening
kVAMylcm,Reading
VrhOhct5,Gardening
VrhOhct5,Cooking
VrhOhct5,Painting
0ZRTDuTG,Cycling
0ZRTDuTG,Gardening
5HzQMJC6,Hiking
5HzQMJC6,Painting
5HzQMJC6,Reading
Nb5UnUN4,Gardening
Nb5UnUN4,Painting
wZyeTdBV,Gardening
wZyeTdBV,Cooking
wZyeTdBV,Cycling
huxGvdjz,Hiking
lUeBqUO8,Painting
qUNFj7bS,Hiking
qUNFj7bS,Cooking
qUNFj7bS,Cycling
leY5GHJf,Painting
leY5GHJf,Cycling
bYa7OPfr,Cycling
bYa7OPfr,Hiking
bYa7OPfr,Cooking
wPdMM4Nl,Gardening
L6wjitKo,Gardening
0bs1uloe,Reading
dcMNJd2v,Hiking
dcMNJd2v,Painting
dcMNJd2v,Cycling
CyvNjZwT,Cooking
CyvNjZwT,Cycling
CyvNjZwT,Reading
9LHYB2q4,Hiking
wOlTPKNF,Painting
wOlTPKNF,Cycling
wOlTPKNF,Gardening
T4YPkqeW,Cooking
PUzpKc9k,Gardening
JKeb93Zh,Reading
JKeb93Zh,Cycling
haUudahk,Gardening
nVe1EAAx,Cooking
nVe1EAAx,Painting
zlR5ULbS,Hiking
tvlXKQE4,Hiking
tvlXKQE4,Reading
tvlXKQE4,Gardening
E9MGC7Ny,Cycling
qrWGNV5o,Reading
UbH9ZQ5N,Reading
UbH9ZQ5N,Hiking
UbH9ZQ5N,Cycling
xaLKNOOC,Cycling
xaLKNOOC,Reading
owpVrsMq,Painting
owpVrsMq,Reading
pmg40Rkl,Reading
NO0rvrfa,Reading
NO0rvrfa,Hiking
NO0rvrfa,Cycling
DKqwSDHv,Painting
DKqwSDHv,Hiking
Nwsuxicg,Hiking
jJGu90hr,Cycling
jJGu90hr,Cooking
jJGu90hr,Painting
mIE8R89g,Gardening
mIE8R89g,Painting
cg5hx9Z5,Hiking
cg5hx9Z5,Reading
cg5hx9Z5,Painting
sFOw1wxP,Cycling
sFOw1wxP,Gardening
sFOw1wxP,Reading
IDqnEsTR,Gardening
IDqnEsTR,Reading
IDqnEsTR,Cooking
fEIm6Iil,Reading
fEIm6Iil,Painting
cpQ51kea,Cooking
7inoulpF,Painting
7inoulpF,Gardening
7inoulpF,Cycling
44BRmWgV,Gardening
9VySTTbF,Reading
9VySTTbF,Painting
P2YT808O,Reading
P2YT808O,Cooking
P2YT808O,Painting
2r1NYwM5,Hiking
2r1NYwM5,Painting
kkfOCBvu,Cooking
kkfOCBvu,Reading
kkfOCBvu,Cycling
AgWBlWqY,Gardening
AgWBlWqY,Hiking
AgWBlWqY,Cooking
ojPFbYRO,Cycling
6vDtZ2p9,Cycling
6vDtZ2p9,Cooking
6vDtZ2p9,Reading
Ln56hSB0,Hiking
7oI04NJG,Painting
7oI04NJG,Hiking
7oI04NJG,Gardening
tKjuDE2o,Cooking
tKjuDE2o,Gardening
tKjuDE2o,Reading
jgTxSVyQ,Painting
cRBIqjcs,Reading
cRBIqjcs,Hiking
cRBIqjcs,Cooking
HaGXMVnD,Cycling
HaGXMVnD,Cooking
V4qLBXkJ,Hiking
V4qLBXkJ,Reading
V4qLBXkJ,Cycling
Rv7xiBuL,Cycling
Rv7xiBuL,Hiking
Rv7xiBuL,Reading
20Lh3WgD,Hiking
20Lh3WgD,Cooking
eczGu2KE,Gardening
eczGu2KE,Hiking
eczGu2KE,Painting
549x3s3U,Painting
549x3s3U,Gardening
mJCMPUKC,Cooking
mJCMPUKC,Reading
mJCMPUKC,Hiking
gMqDgiGR,Cooking
gMqDgiGR,Reading
4lajPe0U,Cooking
4lajPe0U,Gardening
3QmBRDmy,Cycling
3QmBRDmy,Cooking
nUMDESg6,Gardening
t9i1Xu9e,Cooking
somY7RY6,Gardening
somY7RY6,Reading
Ssg9nitk,Cooking
Ssg9nitk,Hiking
r1cIRWb6,Cycling
r1cIRWb6,Cooking
r1cIRWb6,Painting
4lf1J4Jd,Reading
4lf1J4Jd,Hiking
Vjpi3itJ,Reading
aDTYOStl,Gardening
aDTYOStl,Hiking
aDTYOStl,Painting
pGC0Teob,Hiking
jvChXuRU,Cooking
mz5QQAgh,Gardening
mz5QQAgh,Cooking
mz5QQAgh,Hiking
zPpfbFXl,Painting
zPpfbFXl,Cooking
zPpfbFXl,Hiking
bCKWKQJE,Gardening
bCKWKQJE,Reading
yhEeoLAi,Reading
yhEeoLAi,Hiking
yhEeoLAi,Gardening
hUxlfbzg,Painting
hUxlfbzg,Cooking
kFLwqYGE,Painting
kFLwqYGE,Cycling
rv20iQun,Cycling
rv20iQun,Hiking
kkSEcRcS,Cycling
kkSEcRcS,Reading
W1V4p7bt,Gardening
W1V4p7bt,Cycling
W1V4p7bt,Hiking
jucx7dVN,Gardening
jucx7dVN,Cooking
19rlbRj1,Cycling
NN5gXnsh,Reading
NN5gXnsh,Cycling
IU36KTDZ,Cycling
IU36KTDZ,Hiking
IU36KTDZ,Reading
UHmC8JmD,Cycling
UHmC8JmD,Painting
UHmC8JmD,Cooking
xJ1l9kYJ,Gardening
sDOT5mqt,Gardening
OsAshtzP,Reading
OsAshtzP,Cooking
OsAshtzP,Painting
OLrlEDJp,Reading
oQf7mwtg,Reading
oQf7mwtg,Painting
oQf7mwtg,Gardening
LKcmm9GU,Painting
LKcmm9GU,Hiking
LKcmm9GU,Cooking
9lVPdM8D,Gardening
9lVPdM8D,Cooking
9lVPdM8D,Hiking
OrgCeFw9,Gardening
OrgCeFw9,Cycling
QmqTIkf6,Hiking
QmqTIkf6,Reading
LX5JDEsP,Reading
zjMg0idr,Hiking
zjMg0idr,Cycling
fNvPsJGJ,Hiking
fNvPsJGJ,Gardening
fNvPsJGJ,Cycling
7zYx3CQc,Painting
dCoM3iy3,Painting
dCoM3iy3,Cycling
9WB6zPeX,Hiking
9WB6zPeX,Cycling
J81ejsfG,Cycling
J81ejsfG,Painting
riqbX4tt,Gardening
riqbX4tt,Cooking
KtUy8HNr,Painting
KtUy8HNr,Cooking
p8HuPtDp,Painting
p8HuPtDp,Cycling
p8HuPtDp,Gardening
fwhVkFVt,Painting
gkNF4lVJ,Hiking
9Qw6m1U6,Cycling
9Qw6m1U6,Reading
FcTlSoeA,Cycling
FcTlSoeA,Cooking
gHO4ZAZX,Reading
vjbi1TOy,Cycling
vjbi1TOy,Gardening
aAsQfRQ6,Cooking
5JVY1Vnk,Gardening
RQcX5FgX,Painting
Qq2412ga,Painting
Qq2412ga,Cooking
Qq2412ga,Gardening
bDdHvzB6,Cycling
bDdHvzB6,Hiking
dtnqpLgU,Reading
JWjq0mKd,Gardening
JWjq0mKd,Cooking
JWjq0mKd,Painting
6kPcodC8,Hiking
f5PnS5xT,Reading
f5PnS5xT,Gardening
FXc9yRAk,Reading
m0GsY9c5,Gardening
SnLy6euC,Painting
SnLy6euC,Cooking
SnLy6euC,Cycling
WHe6UxV6,Cooking
WHe6UxV6,Painting
8buTU2kX,Reading
8buTU2kX,Cycling
8buTU2kX,Gardening
C6KehLkw,Cycling
C6KehLkw,Hiking
C6KehLkw,Painting
P3tXKXoN,Hiking
P3tXKXoN,Painting
sha1qRzC,Hiking
sha1qRzC,Cooking
sha1qRzC,Painting
fKlrof2i,Hiking
fKlrof2i,Reading
OT7NRdCW,Cycling
OT7NRdCW,Cooking
OT7NRdCW,Reading
t9UKCg5d,Hiking
t9UKCg5d,Gardening
7II5evYd,Painting
JYNqqTGH,Painting
JYNqqTGH,Gardening
eWAJoMAn,Reading
eWAJoMAn,Cycling
s7OIlalv,Cycling
s7OIlalv,Painting
J04eXxPl,Painting
J04eXxPl,Cooking
AWMbxxea,Hiking
AWMbxxea,Cycling
2TIWGR0l,Gardening
2TIWGR0l,Hiking
2TIWGR0l,Cooking
06MzK0as,Reading
NkAiqm2Q,Cycling
BzG7ODeZ,Hiking
E7eetfRr,Reading
bARsOYpL,Hiking
bARsOYpL,Painting
bARsOYpL,Gardening
VDWyRSeB,Reading
VDWyRSeB,Gardening
VDWyRSeB,Hiking
REKRrzi5,Gardening
REKRrzi5,Cycling
ztsHt8Gb,Gardening
ztsHt8Gb,Cycling
lAlZWO7F,Reading
lAlZWO7F,Painting
lAlZWO7F,Cycling
KEmhih4d,Painting
3m1FufEV,Reading
3m1FufEV,Cycling
3m1FufEV,Gardening
5xUMC8Im,Gardening
5xUMC8Im,Hiking
QEkNYWcs,Reading
RTfEyifR,Cooking
RTfEyifR,Painting
JPuXIQhm,Cycling
JPuXIQhm,Painting
4zScfCxW,Hiking
m3jEvb6J,Hiking
KbMJtn17,Painting
KbMJtn17,Cycling
KbMJtn17,Reading
rFoYEnc4,Cycling
rFoYEnc4,Painting
rFoYEnc4,Reading
uTSAri93,Gardening
uTSAri93,Painting
uIokDb4N,Cooking
uIokDb4N,Painting
65SXJLOH,Hiking
65SXJLOH,Cycling
CREalkDY,Cycling
CREalkDY,Painting
Mip3jJW5,Gardening
Mip3jJW5,Cooking
Mip3jJW5,Painting
A6I2x4Mp,Reading
GbctrX6l,Cooking
GbctrX6l,Hiking
GbctrX6l,Gardening
Y8IgeVDG,Painting
Y8IgeVDG,Cycling
Y8IgeVDG,Reading
XJVJRf5G,Reading
dXtqyq8o,Gardening
q2zsq9je,Gardening
q2zsq9je,Reading
q2zsq9je,Hiking
U6BvHncT,Cycling
U6BvHncT,Reading
U6BvHncT,Painting
V1eHYSfy,Gardening
V1eHYSfy,Cycling
c52AzkHT,Gardening
c52AzkHT,Reading
6ikR8Vty,Cooking
6ikR8Vty,Gardening
6ikR8Vty,Hiking
cciXqoum,Cooking
cciXqoum,Gardening
cciXqoum,Reading
2oZ77BMY,Cooking
2oZ77BMY,Gardening
OvNNsLlY,Hiking
csks4Tbe,Painting
csks4Tbe,Hiking
L5dZXvqR,Painting
XxWP9RD4,Reading
XxWP9RD4,Gardening
pVZ1k5fu,Painting
pVZ1k5fu,Reading
pVZ1k5fu,Hiking
SAom8zmZ,Cycling
SAom8zmZ,Reading
SAom8zmZ,Hiking
PCkkFbYI,Cycling
8yYgO7x0,Reading
8yYgO7x0,Cooking
zV1vu84F,Cycling
zV1vu84F,Cooking
zV1vu84F,Painting
eZAUzYiE,Gardening
eZAUzYiE,Reading
eZAUzYiE,Cycling
l2IXv4X2,Gardening
l2IXv4X2,Hiking
5wVgaVcA,Gardening
5wVgaVcA,Hiking
5wVgaVcA,Cycling
sf9nDeRZ,Painting
sf9nDeRZ,Cooking
3a4cQ7Sy,Hiking
3a4cQ7Sy,Cooking
3a4cQ7Sy,Painting
44VOylx2,Painting
44VOylx2,Cooking
44VOylx2,Cycling
tsCbolSp,Painting
tsCbolSp,Reading
tsCbolSp,Cycling
wVgMJU8g,Hiking
wVgMJU8g,Gardening
nb04toZz,Reading
nb04toZz,Painting
stouJLpL,Cooking
stouJLpL,Hiking
stouJLpL,Gardening
jdr9GaQC,Hiking
EMdMN80m,Cycling
EMdMN80m,Cooking
naCTkGQA,Cycling
naCTkGQA,Cooking
fwRWTn3O,Hiking
9WcCkq1U,Cooking
9WcCkq1U,Painting
9WcCkq1U,Hiking
BYsirF7i,Cooking
BYsirF7i,Hiking
BYsirF7i,Reading
RvaZfCoz,Gardening
RvaZfCoz,Cycling
I4zCqFin,Reading
I4zCqFin,Hiking
I4zCqFin,Gardening
ZqlUhBbm,Painting
pfQO1Bi2,Painting
lW6yC5pU,Hiking
7oBjO2a5,Cycling
kJ5cdGaQ,Reading
kJ5cdGaQ,Painting
nIZTuTXP,Gardening
nIZTuTXP,Hiking
nIZTuTXP,Cooking
LanRmWNh,Hiking
LanRmWNh,Cycling
LanRmWNh,Reading
9F7OiDrc,Cooking
9F7OiDrc,Gardening
9F7OiDrc,Painting
sWpKMN8U,Cooking
sWpKMN8U,Gardening
vflYxbtG,Reading
ttf6aEMx,Cooking
ttf6aEMx,Painting
ttf6aEMx,Reading
AqGCuN7I,Cycling
MnGlOIY1,Cycling
MnGlOIY1,Cooking
MnGlOIY1,Painting
M58GsBmz,Painting
0WjMQpG2,Cooking
2xTSyC83,Painting
F4HkMdT8,Gardening
F4HkMdT8,Cooking
F4HkMdT8,Reading
6iRwo6JG,Gardening
6iRwo6JG,Painting
XiUgeeCA,Hiking
REB5y80D,Cooking
REB5y80D,Reading
vo6EzefL,Hiking
l8F8vi4B,Painting
l8F8vi4B,Cycling
LNaKrs5Z,Reading
LNaKrs5Z,Gardening
KDjdDH69,Cycling
KDjdDH69,Gardening
KDjdDH69,Hiking
A9SHMoW0,Reading
A9SHMoW0,Gardening
QDgXTlho,Cooking
QDgXTlho,Gardening
vArHDbDI,Painting
vArHDbDI,Hiking
vArHDbDI,Gardening
J0Q1XkoH,Hiking
HcmfvRtD,Painting
HcmfvRtD,Reading
HcmfvRtD,Hiking
DQ5UGEOH,Cooking
DQ5UGEOH,Hiking
DQ5UGEOH,Cycling
HhfmDrEq,Painting
HhfmDrEq,Reading
dJw3j8Z7,Painting
77xykPHt,Cycling
5n2EtYIk,Painting
5n2EtYIk,Cooking
lkNPfKhZ,Painting
lkNPfKhZ,Reading
2jzwQW80,Gardening
2jzwQW80,Painting
2jzwQW80,Reading
QtDrTgS3,Cooking
QtDrTgS3,Hiking
Z2jVFZWt,Cycling
Z2jVFZWt,Reading
Z2jVFZWt,Painting
8Cw593uk,Cooking
5XxesvyZ,Hiking
5XxesvyZ,Painting
VfpWIkeI,Cooking
6Wq07DaA,Cycling
6Wq07DaA,Hiking
dcNstGjN,Painting
dcNstGjN,Cooking
dcNstGjN,Gardening
eONyt1UJ,Painting
eONyt1UJ,Cycling
eONyt1UJ,Cooking
MEhEA9cH,Cooking
tbQtXe8b,Hiking
tbQtXe8b,Cooking
tbQtXe8b,Gardening
uEltIpso,Painting
gsthmH8G,Painting
gsthmH8G,Reading
QAxLBrG2,Hiking
nZ0wSzaJ,Cooking
nZ0wSzaJ,Painting
nZ0wSzaJ,Hiking
LGmDPiFL,Hiking
0SGGHP0t,Gardening
0SGGHP0t,Hiking
0SGGHP0t,Cooking
ZbrT8wGS,Hiking
ZbrT8wGS,Reading
aJxbhnX1,Gardening
aJxbhnX1,Hiking
aJxbhnX1,Reading
0NKMIld0,Gardening
iqMxmHuL,Cooking
iqMxmHuL,Hiking
iqMxmHuL,Gardening
uE8bFMmi,Reading
uE8bFMmi,Hiking
jEKaEem6,Cycling
orRaA7dv,Cooking
orRaA7dv,Hiking
7YhKzHZL,Cooking
7YhKzHZL,Painting
7YhKzHZL,Hiking
5Dljiom1,Painting
5Dljiom1,Gardening
5Dljiom1,Hiking
FCO0IiKp,Reading
uHpnicWY,Cycling
uHpnicWY,Cooking
YC9Uj0UN,Cycling
YC9Uj0UN,Painting
YC9Uj0UN,Gardening
QcJ9Tjxi,Gardening
QcJ9Tjxi,Cycling
r3XBVQde,Reading
dkfUKkkC,Painting
dkfUKkkC,Reading
rdeCdS1M,Hiking
rdeCdS1M,Cycling
rdeCdS1M,Reading
1JRFIGIU,Cycling
1JRFIGIU,Cooking
gppI7Pxj,Gardening
yH9T4WA5,Cycling
o4KjtTba,Gardening
o4KjtTba,Hiking
o4KjtTba,Reading
YhrAGc8l,Gardening
WvQd5FYi,Cooking
WvQd5FYi,Painting
WvQd5FYi,Gardening
KCI3DZGl,Reading
KCI3DZGl,Cycling
KCI3DZGl,Hiking
LvPks2fd,Painting
LvPks2fd,Reading
LvPks2fd,Cooking
u96dNdrW,Painting
u96dNdrW,Reading
u96dNdrW,Cycling
HE7OjXsd,Gardening
HE7OjXsd,Painting
kjltSuDz,Reading
smJFFOAZ,Hiking
smJFFOAZ,Cooking
smJFFOAZ,Cycling
RrRChn2A,Gardening
aA5FXyCO,Cycling
aA5FXyCO,Gardening
aA5FXyCO,Hiking
m9WY8J0L,Cooking
m9WY8J0L,Gardening
m9WY8J0L,Reading
jHPwrtpU,Painting
jHPwrtpU,Hiking
GYUgNbq0,Cycling
XAn6F9wu,Reading
XAn6F9wu,Painting
9vXgt7Ov,Hiking
9vXgt7Ov,Cycling
UcqTOL8C,Cycling
UcqTOL8C,Gardening
kHgkVDIm,Gardening
kHgkVDIm,Cycling
txLwnhTc,Gardening
mWZDNSMX,Gardening
mWZDNSMX,Cooking
q30TwAzN,Reading
q30TwAzN,Painting
FKftRfiD,Cooking
FKftRfiD,Reading
zU5wlK5R,Reading
giJWCfx4,Gardening
A9EzkvpJ,Cycling
jsC7NJ0V,Cycling
jsC7NJ0V,Hiking
78uq5hfa,Gardening
78uq5hfa,Painting
78uq5hfa,Cycling
7dNEnsaw,Gardening
7dNEnsaw,Cycling
pS0ff0tW,Hiking
pS0ff0tW,Gardening
pS0ff0tW,Reading
Eiofk1Ce,Cycling
Eiofk1Ce,Painting
Eiofk1Ce,Hiking
LSHtn1dV,Cycling
LSHtn1dV,Hiking
Tp2GSxHQ,Cooking
Tp2GSxHQ,Reading
Tp2GSxHQ,Hiking
wDxBlx4w,Painting
wDxBlx4w,Hiking
wDxBlx4w,Cooking
pybpgnHT,Reading
pybpgnHT,Hiking
mUl6iJho,Cycling
mUl6iJho,Reading
mUl6iJho,Hiking
EuS75syU,Reading
EuS75syU,Cooking
EuS75syU,Cycling
k1XheD8H,Cycling
k1XheD8H,Cooking
k1XheD8H,Hiking
BRdVCDwA,Cycling
7gyXHe85,Cooking
7gyXHe85,Gardening
7gyXHe85,Painting
5zz6326C,Gardening
5zz6326C,Cycling
5zz6326C,Hiking
4w4VIwTx,Reading
4w4VIwTx,Hiking
4w4VIwTx,Gardening
2PkcR0yc,Cooking
2PkcR0yc,Hiking
2PkcR0yc,Gardening
ky6ELW8d,Painting
YAx5T2OX,Painting
YAx5T2OX,Reading
YAx5T2OX,Cooking
iYQPFyUN,Hiking
JZpUHTtM,Reading
JZpUHTtM,Cooking
JZpUHTtM,Painting
KmTSEQJr,Reading
KmTSEQJr,Gardening
vjEHrC5K,Gardening
vjEHrC5K,Cooking
vjEHrC5K,Cycling
hwgPLYAu,Reading
hwgPLYAu,Cycling
5O6Ra4e9,Painting
i4JmNh19,Cycling
TqpWpUw3,Cooking
575HSbJP,Hiking
ndN8KgxV,Gardening
Kb7GY354,Cooking
TqvPdZT0,Gardening
TqvPdZT0,Cooking
d6wXVzLZ,Reading
JYkrtebt,Gardening
JYkrtebt,Painting
HgvpCGJE,Reading
HgvpCGJE,Cycling
HgvpCGJE,Hiking
gpCdlF5i,Painting
nEli9ex7,Painting
nEli9ex7,Cooking
S5jHMN8x,Painting
QoHce6PA,Cooking
QoHce6PA,Gardening
QoHce6PA,Painting
htKD9twT,Gardening
htKD9twT,Painting
Q0PYpjOg,Cooking
BuM4ECNp,Cycling
BuM4ECNp,Reading
Su7Bm5Ha,Cycling
Su7Bm5Ha,Gardening
Su7Bm5Ha,Reading
wfgBO1zV,Reading
wfgBO1zV,Cooking
wfgBO1zV,Gardening
tc16EyuE,Cooking
tc16EyuE,Painting
tORw7vPD,Painting
pElS3rrt,Painting
pElS3rrt,Cooking
7ArTQ2YD,Reading
7ArTQ2YD,Hiking
7ArTQ2YD,Cycling
kBBSnBIf,Cycling
kBBSnBIf,Hiking
kmHW3jF4,Painting
kmHW3jF4,Cooking
HrqykcgJ,Cycling
HrqykcgJ,Reading
iBYA0DNq,Hiking
fEL3SlO2,Painting
fEL3SlO2,Cycling
fEL3SlO2,Gardening
m4vmMWhY,Gardening
m4vmMWhY,Cycling
09lJvKdX,Hiking
Cbv8QBiU,Gardening
Cbv8QBiU,Cooking
Cbv8QBiU,Cycling
he3Q3KeA,Reading
he3Q3KeA,Cycling
he3Q3KeA,Painting
UzG1tiOA,Cooking
UzG1tiOA,Hiking
OE0MhQJn,Cooking
OE0MhQJn,Gardening
OE0MhQJn,Cycling
wjAUkkYd,Cooking
wjAUkkYd,Painting
wjAUkkYd,Gardening
aFhvMTA9,Reading
aFhvMTA9,Cycling
tKg2VQln,Gardening
tKg2VQln,Painting
Gzpv9M5N,Reading
Gzpv9M5N,Gardening
Gzpv9M5N,Cooking
vWjRarZL,Reading
vWjRarZL,Cooking
Du0q20vr,Reading
dfVFpK2e,Gardening
dfVFpK2e,Reading
qQUueF1Q,Cooking
WOhLJl1A,Hiking
WOhLJl1A,Cooking
WOhLJl1A,Painting
cQh57mid,Reading
oExePw9A,Cycling
oExePw9A,Hiking
puZjnQft,Hiking
puZjnQft,Reading
puZjnQft,Cooking
WJlaGLxl,Cycling
WJlaGLxl,Reading
WJlaGLxl,Painting
Lj7iKUNN,Gardening
Lj7iKUNN,Painting
Lj7iKUNN,Cooking
8qlwjw5t,Hiking
8qlwjw5t,Painting
8qlwjw5t,Cycling
FXvbLvw7,Cycling
FXvbLvw7,Cooking
FXvbLvw7,Reading
Lfe1Yb5u,Reading
Lfe1Yb5u,Painting
Lfe1Yb5u,Cycling
zbafHGHs,Reading
zbafHGHs,Cycling
zbafHGHs,Gardening
L5jaGWe9,Cooking
YrXb2JJK,Cooking
YrXb2JJK,Painting
NYjjuZBf,Hiking
KvIYp8OU,Cycling
KvIYp8OU,Painting
KvIYp8OU,Cooking
It2hSkiW,Cycling
zvMFpIfs,Cooking
zvMFpIfs,Cycling
N7FUJCAH,Hiking
N7FUJCAH,Cooking
84DfsEb5,Painting
bnobRpec,Cycling
bnobRpec,Reading
SWvEff8e,Painting
TS4Txrdi,Hiking
TS4Txrdi,Reading
TS4Txrdi,Cooking
lcVAezGf,Painting
lcVAezGf,Hiking
lcVAezGf,Reading
CyMIcT9t,Gardening
CyMIcT9t,Painting
5RTCdwF1,Painting
qLD5Ldxi,Painting
SOKZOZ0c,Painting
H51b9bIM,Cycling
Vx0MZmuh,Reading
yItysb8C,Reading
EXwDTmK0,Cycling
EXwDTmK0,Gardening
EXwDTmK0,Painting
lQAdtLWC,Painting
hH3Mmtou,Cycling
hH3Mmtou,Cooking
il98LNpo,Hiking
LvuwcfiK,Painting
LvuwcfiK,Gardening
LvuwcfiK,Reading
WUzBGhnR,Cooking
MOj9bFDw,Cycling
PJ74pLWf,Painting
PJ74pLWf,Cooking
8oojVwUP,Gardening
sxQXQKSP,Cooking
sxQXQKSP,Hiking
sxQXQKSP,Reading
fynEannM,Reading
fynEannM,Cycling
KjvJZp1K,Cycling
HjWzAinM,Reading
HjWzAinM,Gardening
HjWzAinM,Cooking
0mOWeipH,Hiking
0mOWeipH,Gardening
0mOWeipH,Cooking
CGgnE60r,Cooking
CGgnE60r,Cycling
pWnLDttR,Gardening
pWnLDttR,Painting
Qb4rios0,Hiking
oWKyypmW,Cycling
oWKyypmW,Reading
eptpRW0p,Cooking
5OnMmaRY,Painting
5OnMmaRY,Cooking
lW6Ws30z,Cooking
lW6Ws30z,Hiking
hrx6oICJ,Cooking
jxEPZmSh,Cooking
jxEPZmSh,Reading
g1XLCEyb,Hiking
g1XLCEyb,Gardening
g1XLCEyb,Cycling
kibvxQeO,Cooking
kibvxQeO,Hiking
7c1rAaXx,Cycling
7c1rAaXx,Hiking
7c1rAaXx,Cooking
DhpfjMkK,Reading
DhpfjMkK,Painting
uLknr6BV,Gardening
uLknr6BV,Hiking
IDPwg82C,Hiking
IDPwg82C,Cooking
IDPwg82C,Painting
eC0NhSP1,Reading
eC0NhSP1,Gardening
MiH1gyk0,Cycling
MiH1gyk0,Gardening
O5exdQ8t,Painting
O5exdQ8t,Gardening
O5exdQ8t,Hiking
mrIiPVlw,Gardening
mrIiPVlw,Painting
mrIiPVlw,Cooking
Xar1vxJn,Cooking
QjwDEAjf,Cycling
QjwDEAjf,Cooking
rEy8SY3o,Painting
rEy8SY3o,Cooking
ZNudsQna,Hiking
1nqLgWHM,Gardening
1nqLgWHM,Cycling
1nqLgWHM,Hiking
vmKwZUVT,Cycling
vmKwZUVT,Painting
Zd9IllLm,Gardening
0k0qwI4U,Cycling
0k0qwI4U,Cooking
0k0qwI4U,Reading
tl63hYUX,Painting
tl63hYUX,Reading
tl63hYUX,Gardening
qS3WgC0i,Painting
qS3WgC0i,Cycling
qS3WgC0i,Gardening
MG9hHILQ,Hiking
MG9hHILQ,Reading
J7Vz0YbS,Painting
J7Vz0YbS,Hiking
iRayTvz2,Cycling
iRayTvz2,Cooking
iRayTvz2,Painting
8MbFQDul,Cooking
SJ2hdChn,Gardening
SJ2hdChn,Reading
SJ2hdChn,Painting
hsEpydNm,Gardening
hsEpydNm,Cycling
hsEpydNm,Hiking
bnz7wyWw,Painting
bnz7wyWw,Cooking
bnz7wyWw,Reading
ZEcj7MhG,Hiking
ZEcj7MhG,Cooking
ZEcj7MhG,Cycling
hivTd1oA,Reading
hivTd1oA,Painting
PujlcXUq,Gardening
PujlcXUq,Painting
PujlcXUq,Cycling
CFckcuTJ,Painting
CFckcuTJ,Reading
CFckcuTJ,Hiking
U7nibAph,Gardening
U7nibAph,Cooking
U7nibAph,Cycling
b9h5vKwC,Cooking
b9h5vKwC,Hiking
b9h5vKwC,Reading
iZdEQip4,Hiking
iZdEQip4,Cycling
3OVFOlLK,Painting
3OVFOlLK,Cooking
3OVFOlLK,Reading
zcjm3oKR,Cycling
zcjm3oKR,Hiking
jjnKXEpx,Painting
jjnKXEpx,Reading
qXIkBAZ0,Cooking
yjjKC7ZD,Cooking
926BcsWK,Cooking
1AVPUJO2,Cycling
1AVPUJO2,Cooking
1AVPUJO2,Painting
zbF2pKNY,Reading
wWSCG1f8,Painting
wWSCG1f8,Reading
wWSCG1f8,Hiking
mldM6OOd,Reading
mldM6OOd,Gardening
QKXZipcw,Cycling
QKXZipcw,Cooking
HNVW0z3b,Gardening
jC4Sl6qW,Cycling
g0lXGXZX,Cycling
g0lXGXZX,Cooking
g0lXGXZX,Reading
fT8r0a6k,Gardening
fT8r0a6k,Hiking
OzgI1TIc,Hiking
OzgI1TIc,Cooking
g4gnt4kz,Gardening
1A3xxhVR,Reading
1A3xxhVR,Painting
1A3xxhVR,Hiking
R5NHniF2,Hiking
R5NHniF2,Reading
q3NPKoZ9,Cycling
q3NPKoZ9,Cooking
bOdm3jwK,Gardening
bOdm3jwK,Hiking
Ssg3CzLF,Cycling
Ssg3CzLF,Cooking
z0fWiQxv,Reading
z0fWiQxv,Cooking
z0fWiQxv,Painting
apmtKAcb,Cooking
apmtKAcb,Gardening
QU4UDr1C,Gardening
Du6rl5ci,Cycling
Du6rl5ci,Reading
5wgqTAwk,Cycling
5wgqTAwk,Painting
5wgqTAwk,Gardening
1zjg9Mgt,Cooking
1zjg9Mgt,Reading
1zjg9Mgt,Cycling
wyd9cdW9,Gardening
wyd9cdW9,Hiking
wyd9cdW9,Cycling
BLSvoK64,Cycling
BLSvoK64,Gardening
BLSvoK64,Hiking
RXTdlaPd,Gardening
ZFaN3XUf,Reading
ZFaN3XUf,Gardening
dgpahrvS,Hiking
dgpahrvS,Painting
dgpahrvS,Cycling
V2s9uy1i,Cycling
V2s9uy1i,Reading
fX1GUJqZ,Cooking
fX1GUJqZ,Hiking
y2tFP7xI,Painting
y2tFP7xI,Cycling
5UJoYGxq,Painting
5UJoYGxq,Cooking
5UJoYGxq,Hiking
WORRGvQP,Painting
WORRGvQP,Reading
jqG5qHRF,Reading
jqG5qHRF,Hiking
F5MLwOxD,Painting
F5MLwOxD,Hiking
F5MLwOxD,Cycling
OCzottLB,Gardening
OCzottLB,Reading
QR7WH6Zd,Cooking
eDE67XdD,Gardening
eDE67XdD,Hiking
v2HAqw6j,Hiking
v2HAqw6j,Painting
v2HAqw6j,Cooking
5s4jcllN,Cooking
5s4jcllN,Painting
5s4jcllN,Cycling
ReZ9s2vS,Painting
ReZ9s2vS,Gardening
Kyca5t1v,Cooking
Kyca5t1v,Cycling
ljrvCCG1,Gardening
ljrvCCG1,Hiking
II7HOx70,Cooking
II7HOx70,Hiking
Qmexg1uj,Reading
Qmexg1uj,Hiking
Qmexg1uj,Cooking
0wTwQgvM,Hiking
0wTwQgvM,Reading
EfPofdQL,Cycling
dG47jV0G,Hiking
dG47jV0G,Cycling
dG47jV0G,Gardening
suZtL3KZ,Reading
kcSOSMBt,Gardening
7bFxaEcQ,Painting
mu4Y0U0e,Cycling
mu4Y0U0e,Gardening
mu4Y0U0e,Reading
SpEhdO8Q,Gardening
SpEhdO8Q,Painting
SpEhdO8Q,Cycling
JKgTAlAy,Reading
JKgTAlAy,Hiking
6t6z2hEz,Reading
1HlC0q1f,Cooking
y8t9T7H8,Cycling
y8t9T7H8,Painting
3hmOjtid,Cycling
3hmOjtid,Reading
3hmOjtid,Cooking
BjQPPslQ,Cycling
BjQPPslQ,Painting
BjQPPslQ,Cooking
9mWYys8F,Painting
9mWYys8F,Reading
9mWYys8F,Hiking
owXLDkR8,Hiking
owXLDkR8,Reading
owXLDkR8,Cycling
vkwQzE3i,Reading
vkwQzE3i,Painting
vkwQzE3i,Gardening
nUDENV0p,Painting
nUDENV0p,Cycling
MWAde9Zf,Gardening
UiziuxzR,Cooking
P9v2Za09,Cooking
P9v2Za09,Reading
J4hU4lLB,Gardening
J4hU4lLB,Hiking
V9S9FXut,Cooking
I3q80mv6,Reading
NPhFo8px,Hiking
78bYLhez,Cooking
78bYLhez,Cycling
9ngxQiNa,Cycling
9ngxQiNa,Painting
d0yOK5DY,Painting
d0yOK5DY,Cooking
d0yOK5DY,Hiking
pbZOFxu1,Painting
51IL4qTi,Cycling
JCohgT2x,Gardening
9ZB2FCB9,Painting
9ZB2FCB9,Reading
RNs5pMqH,Cycling
RNs5pMqH,Gardening
RNs5pMqH,Painting
3eaCTO7M,Gardening
3eaCTO7M,Painting
zoBWajyN,Cooking
eoeSObuj,Gardening
eoeSObuj,Hiking
eoeSObuj,Cooking
9wbfBK5N,Hiking
9wbfBK5N,Cooking
9wbfBK5N,Cycling
AvGFhV91,Painting
Z8iKMFU5,Reading
Z8iKMFU5,Painting
Z8iKMFU5,Hiking
kYpGJwCm,Reading
kYpGJwCm,Painting
xXlJZEd8,Painting
xXlJZEd8,Reading
1Hs0R8mn,Gardening
1Hs0R8mn,Reading
1Hs0R8mn,Painting
vbaAZzzW,Cooking
vbaAZzzW,Painting
ABZGwh4F,Hiking
UiSVfiKp,Painting
UiSVfiKp,Cycling
UiSVfiKp,Reading
3JGFt1kr,Cooking
3JGFt1kr,Cycling
8CoVBy0t,Painting
8CoVBy0t,Cooking
cu5dfCwl,Cycling
cu5dfCwl,Cooking
cu5dfCwl,Gardening
OcIT0Vvh,Painting
OcIT0Vvh,Cooking
U9E2ZQNG,Cooking
xYqCA1Od,Cooking
RfAJh71I,Hiking
sK3zuyaG,Painting
sK3zuyaG,Cooking
sK3zuyaG,Hiking
vSOIelVM,Hiking
vSOIelVM,Cycling
vSOIelVM,Painting
yYm1H8ze,Painting
yYm1H8ze,Cooking
yYm1H8ze,Gardening
uZdNAVnA,Cycling
jrFxMMeZ,Reading
HD0mvSdf,Cycling
HD0mvSdf,Painting
aYu7VWdc,Painting
aYu7VWdc,Cooking
aYu7VWdc,Gardening
z2D5jyFU,Cycling
ZIYoP3hs,Hiking
ZIYoP3hs,Cooking
SobbMKRt,Painting
SobbMKRt,Cooking
IQ65rDoF,Cooking
ypgGJKfV,Gardening
ypgGJKfV,Painting
q2W7nCoq,Cycling
q2W7nCoq,Reading
XELMpnvS,Gardening
XELMpnvS,Reading
XELMpnvS,Painting
Bio7GSCb,Painting
Bio7GSCb,Cycling
Bio7GSCb,Hiking
SNKXVTH3,Cycling
SNKXVTH3,Painting
SNKXVTH3,Reading
wC7fgOvH,Cooking
wC7fgOvH,Reading
wC7fgOvH,Hiking
2NQtL3DW,Reading
2NQtL3DW,Cycling
2NQtL3DW,Gardening
tRf3Jzac,Gardening
tRf3Jzac,Cycling
eSxNM3Bh,Cooking
fvkk5NvX,Gardening
fvkk5NvX,Cooking
Kjtm4c5e,Hiking
9ftajywa,Gardening
9ftajywa,Cooking
9ftajywa,Hiking
XPHbGPvS,Gardening
XPHbGPvS,Cycling
XPHbGPvS,Painting
n8JtEbJQ,Gardening
n8JtEbJQ,Cooking
8G84kUhf,Cycling
8G84kUhf,Cooking
2ZCyCmO5,Painting
2ZCyCmO5,Cycling
eSyaUEGF,Cooking
eSyaUEGF,Reading
eSyaUEGF,Gardening
l7g48Vg4,Cycling
l7g48Vg4,Cooking
MYCVWUDD,Cycling
jmxYe7Yi,Hiking
mfdPvkdc,Gardening
mfdPvkdc,Reading
nIWIS6Ng,Cycling
bzuzcE5F,Reading
XnUxXo5r,Painting
XnUxXo5r,Reading
UyTs6T97,Reading
DUYfrdRp,Reading
g6si6FrS,Reading
g6si6FrS,Painting
nvlMhW3a,Hiking
nvlMhW3a,Painting
KQvyqw2G,Reading
8J9t2T2c,Reading
8J9t2T2c,Painting
8J9t2T2c,Cooking
tcXUs2C6,Reading
9jvUupyF,Painting
9jvUupyF,Hiking
DyuFJmAU,Painting
9NpehUil,Hiking
9NpehUil,Painting
9NpehUil,Reading
MURh00W0,Reading
mfKQC966,Cycling
mfKQC966,Painting
aE8qS6Nk,Hiking
aE8qS6Nk,Gardening
aE8qS6Nk,Painting
CRJsdLL1,Reading
CRJsdLL1,Gardening
Z4LL033D,Gardening
Z4LL033D,Cooking
QPycg6kB,Cooking
QPycg6kB,Reading
QPycg6kB,Painting
IoqGXf7A,Reading
7bQSZebD,Cooking
7bQSZebD,Hiking
pdOx1dSG,Cooking
pdOx1dSG,Cycling
wTfvUmNK,Cycling
wTfvUmNK,Gardening
ANWReUur,Hiking
ANWReUur,Reading
ANWReUur,Gardening
7sfICro2,Cooking
xROb4k9l,Hiking
xROb4k9l,Cooking
xROb4k9l,Gardening
95S9y3RX,Gardening
95S9y3RX,Cooking
95S9y3RX,Cycling
Xw3cGZQH,Gardening
Xw3cGZQH,Hiking
FIm2Stls,Painting
FIm2Stls,Cycling
FIm2Stls,Hiking
RgPe4dXT,Cycling
RgPe4dXT,Gardening
4c0GW5HF,Hiking
zoQ6DzJl,Hiking
zoQ6DzJl,Cooking
zoQ6DzJl,Painting
edusFQ8D,Reading
edusFQ8D,Hiking
edusFQ8D,Cooking
KYIaeUGw,Painting
KYIaeUGw,Hiking
KYIaeUGw,Gardening
5Iqr9aqL,Cooking
5Iqr9aqL,Hiking
5Iqr9aqL,Gardening
wUY3kgOf,Reading
wUY3kgOf,Hiking
wUY3kgOf,Gardening
nNl6Wzf9,Reading
nNl6Wzf9,Painting
J3iE4uMa,Hiking
J3iE4uMa,Reading
YI3SD0bW,Gardening
YI3SD0bW,Cooking
iYtjZHvm,Painting
oI3y789I,Gardening
oI3y789I,Painting
oI3y789I,Cooking
swFwqsVf,Painting
j2VEFwRV,Reading
j2VEFwRV,Cycling
xTfM6q4E,Gardening
Szw83gP0,Painting
Szw83gP0,Gardening
Szw83gP0,Cycling
KwGv95xo,Cycling
KwGv95xo,Gardening
KwGv95xo,Painting
efhn3qQJ,Cooking
rNt5yRV8,Gardening
rNt5yRV8,Cooking
rNt5yRV8,Hiking
pCLvyBKl,Cycling
pCLvyBKl,Hiking
pCLvyBKl,Gardening
MZLsd5JL,Cycling
MZLsd5JL,Painting
ZXkQ9bwv,Gardening
R91ymKCE,Reading
R91ymKCE,Painting
R91ymKCE,Cooking
8SocTYx8,Gardening
Xrp62OTv,Cycling
Xrp62OTv,Reading
Xrp62OTv,Gardening
AbpDW7qq,Painting
J1kb3KuT,Reading
J1kb3KuT,Painting
oA13IYJt,Cycling
oA13IYJt,Cooking
8ecPDNkr,Cycling
8ecPDNkr,Reading
nOnLqOVC,Reading
nOnLqOVC,Hiking
BemfWWqU,Reading
BemfWWqU,Hiking
BemfWWqU,Gardening
n9wmbYYz,Hiking
QBZp4vjK,Cycling
sVRNBrIj,Hiking
cH2nlNb0,Cooking
TmPmp1bt,Cooking
e31HgHmI,Cooking
e31HgHmI,Reading
e31HgHmI,Hiking
nRJYv0Xn,Painting
nRJYv0Xn,Hiking
zmhEH2ms,Cooking
LKCn84RY,Reading
LKCn84RY,Cooking
G9416Hoq,Painting
G9416Hoq,Reading
G9416Hoq,Cooking
BnRN96vx,Cooking
yL44F4mS,Cycling
JNrkHWgw,Reading
JNrkHWgw,Cooking
SlXUum5b,Painting
SlXUum5b,Hiking
vLeE62GE,Painting
vLeE62GE,Hiking
vLeE62GE,Reading
zwWRx4i7,Cycling
c1eW0vwH,Reading
4gDAEcFs,Painting
4gDAEcFs,Cycling
juBFrQ9f,Cycling
juBFrQ9f,Gardening
m9kX2kso,Cooking
0M2I6909,Hiking
0M2I6909,Cycling
0M2I6909,Cooking
zMA45YVh,Painting
hkNmVQ7c,Cycling
hkNmVQ7c,Cooking
ZoLMst5E,Reading
OzRLDxwx,Hiking
OzRLDxwx,Cooking
njargfrc,Reading
njargfrc,Cycling
njargfrc,Cooking
9WmzZqsR,Painting
9WmzZqsR,Cooking
9WmzZqsR,Hiking
7KF4QRws,Painting
H93GC7Wk,Reading
VVcQJwwF,Hiking
VVcQJwwF,Reading
VVcQJwwF,Painting
ctWAN06D,Cycling
ctWAN06D,Gardening
ctWAN06D,Cooking
6hqV4nd6,Reading
6hqV4nd6,Hiking
6hqV4nd6,Cooking
i2ZJdnS1,Hiking
i2ZJdnS1,Painting
y5M1U5sl,Cooking
y5M1U5sl,Reading
1mONGre1,Reading
1mONGre1,Cooking
JCymzAq2,Cycling
JCymzAq2,Painting
JCymzAq2,Cooking
oWZWapvO,Cycling
oWZWapvO,Painting
yxpPBLTh,Painting
yxpPBLTh,Cycling
NtEk83kF,Gardening
NtEk83kF,Cycling
gxaWkMTG,Reading
XaywYI2M,Painting
XaywYI2M,Cycling
XaywYI2M,Hiking
GXoxt2HV,Cooking
GXoxt2HV,Cycling
GXoxt2HV,Hiking
WvWTIruv,Painting
WvWTIruv,Gardening
WvWTIruv,Cycling
4I9T9CYT,Reading
4I9T9CYT,Hiking
4I9T9CYT,Cycling
gzpopPFD,Cycling
gzpopPFD,Reading
gzpopPFD,Cooking
UPJfsauN,Reading
UPJfsauN,Cycling
UPJfsauN,Cooking
zfAgk4wv,Cooking
zfAgk4wv,Painting
ydf4fJrx,Cycling
ydf4fJrx,Hiking
ydf4fJrx,Gardening
0fNmRX76,Gardening
0fNmRX76,Painting
CViKBACQ,Cycling
gW42MGAi,Gardening
jWYntxL7,Cooking
jWYntxL7,Gardening
2RIsKsa0,Gardening
2RIsKsa0,Painting
kB22i2fU,Cycling
kB22i2fU,Painting
kB22i2fU,Reading
ReOt2865,Gardening
4Dv6BeJT,Gardening
4Dv6BeJT,Painting
4Dv6BeJT,Hiking
9AkFxLuf,Hiking
9AkFxLuf,Painting
3ZzPHArS,Cooking
3ZzPHArS,Gardening
3ZzPHArS,Hiking
9aHDIzXS,Painting
9aHDIzXS,Cycling
pBPmANc3,Hiking
pBPmANc3,Painting
97ph6FqH,Cooking
vjvZJAb2,Gardening
CxUxwEs6,Reading
IgyL499K,Reading
IgyL499K,Cycling
IgyL499K,Hiking
VPbJJj3A,Cycling
VPbJJj3A,Painting
VPbJJj3A,Gardening
FUydEpzU,Painting
a6Kdul9d,Hiking
a6Kdul9d,Cycling
eLTHqHA0,Gardening
eLTHqHA0,Cycling
cufc6qCz,Reading
VlteZQbX,Cycling
iYTvfKR0,Reading
iYTvfKR0,Cycling
CsLSxgad,Gardening
CsLSxgad,Cooking
Uw5Ursqx,Cooking
Uw5Ursqx,Reading
Uw5Ursqx,Hiking
Wb8PMhTR,Reading
Wb8PMhTR,Cooking
Wb8PMhTR,Cycling
Mi5q9OxU,Cycling
Mi5q9OxU,Gardening
5DopR69e,Reading
bFPbGi1k,Reading
bFPbGi1k,Gardening
bFPbGi1k,Cycling
tkZa0gIf,Cooking
tkZa0gIf,Reading
tkZa0gIf,Gardening
r7kmRF1q,Cooking
r7kmRF1q,Hiking
kEquEnI4,Reading
kEquEnI4,Gardening
kEquEnI4,Cooking
w0j2fp6I,Hiking
w0j2fp6I,Painting
bSdWtBa4,Gardening
bSdWtBa4,Painting
bSdWtBa4,Hiking
QfMdMOXK,Hiking
QfMdMOXK,Painting
QfMdMOXK,Cooking
o48NUmwx,Cooking
o48NUmwx,Reading
Jspr5Nnf,Reading
Jspr5Nnf,Painting
Jspr5Nnf,Gardening
Gii6WUVW,Cooking
ianfUNdD,Reading
ianfUNdD,Cooking
ianfUNdD,Hiking
WAKnvh5J,Hiking
DeWcbEeJ,Reading
DeWcbEeJ,Gardening
DeWcbEeJ,Cycling
2EB1yjft,Cycling
2EB1yjft,Gardening
2EB1yjft,Painting
rk18mmXY,Painting
1IobBAaP,Cooking
1IobBAaP,Gardening
1IobBAaP,Cycling
DqPazpDY,Hiking
DqPazpDY,Reading
ee88lkUZ,Cycling
ee88lkUZ,Hiking
pZBscrXg,Reading
TLONdgzR,Reading
TLONdgzR,Cooking
TLONdgzR,Hiking
z1iq07os,Cooking
yQWZkxtJ,Cooking
yQWZkxtJ,Painting
LxXDtSEL,Cooking
ovjJxqUo,Gardening
Y7U5J0xi,Cycling
Y7U5J0xi,Cooking
Y7U5J0xi,Painting
O3i4aCyB,Reading
O3i4aCyB,Gardening
JrLVE6b5,Cycling
JrLVE6b5,Hiking
JrLVE6b5,Cooking
4ED7gTX1,Gardening
nqajUrq0,Gardening
nqajUrq0,Painting
reaBu7li,Reading
9B6BVUaQ,Hiking
9B6BVUaQ,Gardening
9B6BVUaQ,Cycling
etKtL8Gn,Hiking
etKtL8Gn,Reading
QJLuAOhJ,Hiking
SQIdFptX,Cooking
SQIdFptX,Hiking
SQIdFptX,Reading
IstX5cvO,Cooking
IstX5cvO,Hiking
IstX5cvO,Painting
9h5dVFrC,Reading
9h5dVFrC,Hiking
9h5dVFrC,Cooking
OmcAA3d6,Cycling
c46zgXnC,Hiking
c46zgXnC,Painting
c46zgXnC,Reading
uXNmn59H,Reading
cM8DRvfZ,Gardening
cM8DRvfZ,Hiking
cM8DRvfZ,Cooking
8WxNSGGt,Hiking
8WxNSGGt,Reading
8WxNSGGt,Cooking
zXDZE9PT,Gardening
zXDZE9PT,Cooking
zSNIzaEF,Cooking
ghd90PYv,Cycling
ghd90PYv,Gardening
o0oR15Uf,Hiking
zJ0kBEV3,Gardening
zJ0kBEV3,Hiking
UTZVQFa9,Gardening
UTZVQFa9,Reading
UTZVQFa9,Hiking
widTw8Ex,Reading
widTw8Ex,Cooking
ccsaAP0b,Reading
ccsaAP0b,Cooking
ccsaAP0b,Painting
Oepp2cL9,Cycling
fZPWqMn3,Cooking
fZPWqMn3,Reading
H4xLklof,Cycling
g07qqCBm,Hiking
VBpq9idg,Reading
P7WSLWGw,Reading
P7WSLWGw,Painting
y3rBhVI2,Painting
y3rBhVI2,Gardening
EDiAsvGJ,Cooking
EDiAsvGJ,Cycling
b5fDdS35,Reading
VVd7x237,Gardening
VVd7x237,Painting
VVd7x237,Hiking
6RFE88Ej,Cooking
6RFE88Ej,Cycling
SKY6Iy8X,Gardening
SKY6Iy8X,Reading
SKY6Iy8X,Hiking
pdEQiV46,Cooking
Si5Pqivz,Gardening
Si5Pqivz,Cooking
Xxenc7LR,Hiking
Xxenc7LR,Reading
9J65zxb1,Cooking
6m4S7fTX,Cooking
6m4S7fTX,Cycling
kV9KTQzF,Gardening
QF8Lf1UJ,Hiking
QF8Lf1UJ,Gardening
QF8Lf1UJ,Painting
uiTAB86d,Hiking
uiTAB86d,Gardening
24q45FPF,Reading
Wz18JDVn,Painting
Wz18JDVn,Gardening
Wz18JDVn,Hiking
Rd4sGPlQ,Cycling
Rd4sGPlQ,Painting
Rd4sGPlQ,Hiking
gWpB1Hhn,Painting
gWpB1Hhn,Cycling
gWpB1Hhn,Hiking
eVxJvRqX,Reading
u8LmcHJv,Cooking
9aBzZDLk,Painting
9aBzZDLk,Reading
3bi9KenO,Cycling
3bi9KenO,Gardening
3bi9KenO,Hiking
btTinx5P,Painting
btTinx5P,Gardening
btTinx5P,Reading
Ia7pLAuP,Cycling
Ia7pLAuP,Cooking
Ia7pLAuP,Gardening
eC8GkZSo,Reading
eC8GkZSo,Painting
eC8GkZSo,Gardening
NUFLJ6SI,Cooking
NUFLJ6SI,Cycling
NUFLJ6SI,Hiking
A7RYwZLD,Hiking
A7RYwZLD,Painting
CWLdjfUF,Gardening
CWLdjfUF,Cycling
CWLdjfUF,Painting
W4ks3d7L,Hiking
W4ks3d7L,Gardening
T0GLRvxj,Painting
T0GLRvxj,Hiking
QRVQxycn,Painting
QRVQxycn,Cooking
p4qYxdmQ,Cooking
p4qYxdmQ,Painting
lSYJ2b1G,Cycling
lSYJ2b1G,Painting
wEVsoaBj,Painting
wEVsoaBj,Reading
xyAEypZh,Cycling
MPNQJiF1,Reading
MPNQJiF1,Gardening
AkZxYOq9,Cooking
YNhXrxXu,Painting
YNhXrxXu,Reading
UnEqXeID,Gardening
lR3pnY1k,Reading
7vV3modx,Hiking
7vV3modx,Reading
7vV3modx,Gardening
Wnq1baEf,Cooking
Wnq1baEf,Cycling
Wnq1baEf,Gardening
Pf8YIv7V,Gardening
Pf8YIv7V,Cooking
Ek0toJm5,Hiking
ZOO5inwc,Reading
ZOO5inwc,Painting
8WsUiorZ,Cycling
8WsUiorZ,Reading
YJwWICOR,Cycling
YJwWICOR,Cooking
cFcOIq8A,Hiking
ZKItDDrq,Hiking
YE3CtvfU,Gardening
YE3CtvfU,Painting
TYAw55Qg,Gardening
TYAw55Qg,Cycling
cIj2mELp,Cooking
cIj2mELp,Hiking
TrZurH4Z,Cycling
TrZurH4Z,Gardening
TrZurH4Z,Painting
7J5wMGc9,Reading
sl3at0JG,Cycling
sl3at0JG,Hiking
9du0lFBM,Gardening
najlBrXu,Reading
he9j6xM3,Hiking
VdPwd3qB,Cycling
VdPwd3qB,Gardening
VdPwd3qB,Cooking
dw4i86Dy,Hiking
dw4i86Dy,Reading
dw4i86Dy,Cycling
LLsUu7rM,Cycling
LLsUu7rM,Gardening
LLsUu7rM,Cooking
PzoaV2xr,Reading
PzoaV2xr,Hiking
RJH3bVAi,Cycling
lS5nmiin,Gardening
lS5nmiin,Painting
U9dtUNF8,Reading
QT10dB9T,Painting
vaw8IxWc,Painting
vaw8IxWc,Reading
vaw8IxWc,Gardening
HaEVWzV8,Cooking
HaEVWzV8,Painting
K1pdkXz8,Cooking
K1pdkXz8,Cycling
K1pdkXz8,Reading
2H5fxT9H,Cycling
2H5fxT9H,Hiking
2H5fxT9H,Cooking
CbfhvrtF,Gardening
CbfhvrtF,Reading
CbfhvrtF,Cycling
Gl1pGSoR,Gardening
Gl1pGSoR,Reading
Gl1pGSoR,Cooking
SNNCkLvk,Painting
R066xHEB,Hiking
ObtPatgC,Gardening
UOttkOKt,Painting
CUBDQrM9,Painting
SAqkNeF9,Hiking
SAqkNeF9,Painting
CqamQATZ,Hiking
CqamQATZ,Reading
CqamQATZ,Cooking
47oWYh9K,Cycling
47oWYh9K,Reading
9IuvwO5N,Gardening
9IuvwO5N,Reading
3pv7haag,Cycling
3pv7haag,Cooking
rYnI3HMS,Painting
rYnI3HMS,Cooking
BTqGZD0w,Reading
BTqGZD0w,Gardening
BTqGZD0w,Cooking
vr0ClM9y,Cycling
LsxVOV1h,Gardening
LsxVOV1h,Hiking
OkEUt7wX,Gardening
YsHFtoOR,Hiking
8ss4WnTy,Cycling
vMH6uFCQ,Gardening
vMH6uFCQ,Cooking
vMH6uFCQ,Hiking
dBvbKR7J,Painting
uuktn1E7,Gardening
uuktn1E7,Hiking
uuktn1E7,Painting
BikVVhsR,Cycling
BikVVhsR,Hiking
BikVVhsR,Painting
tim5yR2m,Cooking
tim5yR2m,Gardening
bjQAMpdn,Cycling
dixFQ3m1,Reading
dixFQ3m1,Hiking
dixFQ3m1,Painting
v3ebQ70F,Gardening
v3ebQ70F,Reading
OmMrkLG5,Painting
OmMrkLG5,Hiking
OmMrkLG5,Gardening
nn4kAcGR,Cooking
nn4kAcGR,Cycling
nn4kAcGR,Gardening
w4OaFalY,Cycling
w4OaFalY,Hiking
w4OaFalY,Gardening
jjtbaZbn,Hiking
jjtbaZbn,Gardening
jjtbaZbn,Cooking
sTIhh52D,Reading
sTIhh52D,Painting
BRFWY57V,Cooking
BRFWY57V,Painting
BRFWY57V,Gardening
gCJXzCO6,Reading
gCJXzCO6,Hiking
onySNaoL,Cooking
onySNaoL,Cycling
zOHXHyHD,Hiking
zOHXHyHD,Reading
zOHXHyHD,Painting
VpvlDAcu,Cooking
VpvlDAcu,Painting
xfwwD5RE,Gardening
xfwwD5RE,Hiking
FwOdfebX,Reading
FwOdfebX,Cycling
FwOdfebX,Cooking
FCsgiQVk,Painting
FCsgiQVk,Gardening
QXBwGD2Y,Hiking
QXBwGD2Y,Reading
s9YiS5Fz,Reading
s9YiS5Fz,Cycling
hg14oRN9,Cycling
hg14oRN9,Painting
MNa1O6nL,Painting
MNa1O6nL,Cooking
QAkPHOTO,Reading
QAkPHOTO,Cycling
G63ovawf,Gardening
G63ovawf,Hiking
G63ovawf,Cooking
tNsaFKET,Painting
tNsaFKET,Cycling
xAAAWwKq,Painting
3zfYGhsI,Painting
3zfYGhsI,Cooking
K2MTY8un,Gardening
Dczjh7t5,Reading
2SLS5KNs,Reading
2SLS5KNs,Cycling
2SLS5KNs,Painting
l55Lrmat,Reading
l55Lrmat,Gardening
Nu42Weme,Cooking
Nu42Weme,Gardening
Nu42Weme,Reading
hAiukofq,Painting
DqjXmiOq,Gardening
DqjXmiOq,Cycling
DqjXmiOq,Painting
eWLTHPbU,Hiking
eWLTHPbU,Gardening
MPXbVoIa,Hiking
MPXbVoIa,Cooking
xdCAzkkA,Cooking
gvAJey4V,Reading
gvAJey4V,Painting
gvAJey4V,Gardening
JghDsQQb,Hiking
JghDsQQb,Painting
81l0L9YR,Painting
saQrrFjZ,Cycling
saQrrFjZ,Cooking
saQrrFjZ,Gardening
8rRznVIk,Reading
8rRznVIk,Cooking
xw6ZwOAu,Painting
dnN9M9kE,Painting
rF7S7uiS,Cycling
rF7S7uiS,Reading
3zEB8v0q,Reading
3zEB8v0q,Cycling
gk0aUmV8,Cycling
gk0aUmV8,Hiking
6oMzBhCC,Cycling
6ahCbk75,Cooking
vJnlwFYb,Cooking
vJnlwFYb,Cycling
vJnlwFYb,Hiking
h9KmImCi,Cycling
36NByUg0,Cooking
36NByUg0,Reading
nhOH7Q7s,Cooking
RjVrDJmJ,Reading
pPDReyx6,Hiking
pPDReyx6,Reading
pPDReyx6,Painting
DiYEhnFt,Gardening
DiYEhnFt,Cycling
lT0pow7p,Gardening
lT0pow7p,Reading
hv3lDYNR,Gardening
hv3lDYNR,Cooking
F7O54Epa,Hiking
F7O54Epa,Gardening
nLzRVZm0,Reading
9wCr2S5G,Gardening
25boIkcU,Painting
25boIkcU,Cycling
25boIkcU,Gardening
N5SO11v9,Cycling
CUj1kUc3,Reading
CUj1kUc3,Gardening
CUj1kUc3,Cooking
Dj4HgIS4,Gardening
Dj4HgIS4,Cycling
Dj4HgIS4,Painting
ddht89j7,Cooking
ddht89j7,Cycling
xO2wKy4e,Cooking
6k3FJ90e,Reading
6k3FJ90e,Cycling
6k3FJ90e,Hiking
Pmb12bCa,Reading
cUqWXCou,Cooking
cUqWXCou,Hiking
cbBzrvr6,Reading
cbBzrvr6,Painting
cbBzrvr6,Hiking
mF6vkRuv,Painting
mF6vkRuv,Hiking
CstSi1KZ,Hiking
FvTIwhpd,Hiking
FvTIwhpd,Cooking
cstlrCEB,Cooking
cstlrCEB,Painting
bnG9S2fd,Cooking
bnG9S2fd,Cycling
GCv10rXG,Hiking
5zdnM9mX,Cooking
5zdnM9mX,Reading
Lqai64O0,Reading
Lqai64O0,Cycling
ryChhAII,Reading
ryChhAII,Hiking
Fj1P6RyY,Reading
Fj1P6RyY,Gardening
mJnH654M,Cooking
mJnH654M,Painting
mJnH654M,Cycling
KMEYlBwL,Cycling
KMEYlBwL,Reading
KMEYlBwL,Painting
5I2K0e7m,Cycling
5I2K0e7m,Cooking
uHq9f6u1,Painting
r9HCybIC,Gardening
r9HCybIC,Cycling
LJkV5zOW,Reading
psKCgR9Z,Reading
psKCgR9Z,Painting
psKCgR9Z,Cooking
APVxTPw8,Cooking
APVxTPw8,Hiking
APVxTPw8,Reading
PzO00kZz,Cooking
qK07m8K4,Cycling
qK07m8K4,Hiking
qK07m8K4,Gardening
rUXCBASK,Hiking
yAbsdx9f,Reading
yAbsdx9f,Painting
ixIH6O4p,Painting
ixIH6O4p,Hiking
vv51cpdc,Hiking
vv51cpdc,Painting
vv51cpdc,Reading
OKE2e0jp,Gardening
OKE2e0jp,Cycling
zL2fpDLO,Cycling
zL2fpDLO,Painting
mrndJaPN,Reading
mrndJaPN,Painting
SFXWY4EW,Cycling
SFXWY4EW,Gardening
5Gc4XBQj,Painting
5Gc4XBQj,Cooking
5Gc4XBQj,Gardening
7Pr0lzUs,Reading
7Pr0lzUs,Cooking
7Pr0lzUs,Cycling
SPhVuZZa,Cycling
QrkvRyu4,Painting
QrkvRyu4,Reading
QrkvRyu4,Gardening
FkAbfx16,Reading
LcAZuTzc,Reading
XqtD8m6i,Reading
6aNouByB,Hiking
cf5N7JDl,Gardening
cf5N7JDl,Cycling
NWR1RAv8,Reading
NWR1RAv8,Cooking
w5FKdkfL,Reading
w5FKdkfL,Painting
nCTmwnHe,Gardening
kBR4S8Lz,Cycling
ycZXRhOc,Painting
jkwWe5Ar,Painting
jkwWe5Ar,Hiking
jkwWe5Ar,Gardening
FCo2DxGm,Gardening
uM9vJuZR,Hiking
uM9vJuZR,Cycling
uM9vJuZR,Reading
D2BvQ20L,Painting
lfiDTeKE,Gardening
8SvEIBuv,Painting
8SvEIBuv,Reading
6nZk12hg,Cooking
6nZk12hg,Reading
eHZNS7R8,Cooking
eHZNS7R8,Gardening
EjgXPkAX,Hiking
EjgXPkAX,Cycling
gueKG7gA,Cycling
gueKG7gA,Cooking
eabAOHX7,Reading
eabAOHX7,Cooking
ojzYZ79K,Reading
ojzYZ79K,Cycling
ojzYZ79K,Cooking
oqar5CqZ,Gardening
oqar5CqZ,Hiking
y5i2o8bs,Cooking
y5i2o8bs,Hiking
y5i2o8bs,Gardening
9NZczrtn,Reading
mOpzG43H,Painting
mOpzG43H,Cycling
NxMtuxGS,Hiking
NxMtuxGS,Cooking
NxMtuxGS,Reading
lNoOrVLD,Hiking
lNoOrVLD,Cooking
nbJAjrhz,Cooking
v10zbMeP,Cycling
v10zbMeP,Hiking
v2TTcoqJ,Painting
kP3uzfDk,Cooking
sJdIHhAL,Cooking
sJdIHhAL,Hiking
sJdIHhAL,Painting
VKMpPOxv,Hiking
myfR1eZc,Hiking
myfR1eZc,Painting
myfR1eZc,Cycling
fwFAyXC6,Hiking
fwFAyXC6,Cycling
fwFAyXC6,Cooking
92d38htM,Reading
92d38htM,Painting
92d38htM,Cycling
7mWcteNs,Gardening
7mWcteNs,Hiking
7mWcteNs,Cooking
aBDaZ893,Cooking
aBDaZ893,Hiking
aBDaZ893,Cycling
JijL3uUL,Reading
JijL3uUL,Cycling
2ApjN316,Painting
WIfUa9Z9,Hiking
Y4r6Z0KM,Painting
oEaxsMBw,Hiking
oEaxsMBw,Reading
oEaxsMBw,Gardening
UR1pB6Wc,Painting
UR1pB6Wc,Cycling
DskGJ7Lt,Hiking
DskGJ7Lt,Painting
dDBaoQDq,Painting
TZHYD1LI,Painting
Q4MF4TCC,Painting
Q4MF4TCC,Hiking
JCgjwYZb,Painting
JCgjwYZb,Cooking
JCgjwYZb,Cycling
SJ3kiihX,Gardening
lSbaGpBx,Cycling
EdgNq3Dp,Cooking
EdgNq3Dp,Hiking
GvMKgRjs,Cooking
GvMKgRjs,Gardening
RcwRrFOr,Cooking
RcwRrFOr,Gardening
RcwRrFOr,Cycling
xOdPtQ7J,Reading
xOdPtQ7J,Cycling
xOdPtQ7J,Cooking
nEEzwu83,Cycling
nEEzwu83,Hiking
u0EVBS37,Reading
u0EVBS37,Cycling
4MQhibMs,Reading
4MQhibMs,Hiking
lCL7QZ0D,Painting
lCL7QZ0D,Hiking
OwZVARol,Hiking
OwZVARol,Painting
OwZVARol,Gardening
gQpK6ynU,Hiking
ZXBF2EhF,Hiking
ZXBF2EhF,Cycling
7kHrKBom,Cooking
MSP9cQ6b,Hiking
MSP9cQ6b,Reading
MSP9cQ6b,Cooking
LEfRlhiP,Cycling
LEfRlhiP,Hiking
LEfRlhiP,Reading
W19dgkPE,Cycling
W19dgkPE,Gardening
W19dgkPE,Hiking
dgNdKPND,Painting
dgNdKPND,Cooking
SQUsy4Gt,Reading
SQUsy4Gt,Painting
SQUsy4Gt,Cooking
8UCQZinZ,Cooking
8UCQZinZ,Hiking
8UCQZinZ,Reading
ZaZqZaM8,Cycling
ZaZqZaM8,Cooking
ZaZqZaM8,Gardening
hEwahfbI,Cycling
hEwahfbI,Reading
a32iE4lL,Cycling
a32iE4lL,Hiking
T0FSSBm2,Hiking
GzznrfL5,Cycling
m8R129Xn,Painting
m8R129Xn,Reading
m8R129Xn,Cycling
57Z10UkM,Cooking
57Z10UkM,Painting
57Z10UkM,Gardening
SaMRhjYX,Hiking
SaMRhjYX,Painting
Y5Z5SUU9,Hiking
Y5Z5SUU9,Cooking
ALrzzPfh,Painting
ALrzzPfh,Cycling
912Gx8oI,Gardening
912Gx8oI,Cooking
Ghy3lNC9,Reading
Ghy3lNC9,Cycling
Ghy3lNC9,Gardening
YxcyBWZh,Gardening
YxcyBWZh,Painting
YxcyBWZh,Hiking
HVoYbQe5,Reading
HVoYbQe5,Cycling
TKZVAyu4,Gardening
TKZVAyu4,Reading
m6kbgAg7,Cycling
biAUZBlb,Cooking
biAUZBlb,Hiking
4PHicuau,Cycling
4PHicuau,Painting
RDyqh9XB,Painting
lIb7KZ9E,Reading
e3aSwNt4,Gardening
Q3SRcrqD,Reading
avyTie2e,Painting
avyTie2e,Hiking
avyTie2e,Cycling
VwuVNjr5,Cooking
o7JAKEgV,Painting
o7JAKEgV,Gardening
BKWdk9Bu,Gardening
BKWdk9Bu,Hiking
XwBRQfvi,Gardening
XwBRQfvi,Hiking
XwBRQfvi,Reading
PwJgTb1S,Hiking
PwJgTb1S,Gardening
Y4Fc96OW,Cooking
Y4Fc96OW,Painting
Y4Fc96OW,Reading
Dsy0Pixg,Reading
Dsy0Pixg,Gardening
Dsy0Pixg,Painting
I0IsowVq,Cooking
I0IsowVq,Gardening
VejVQFNr,Reading
VejVQFNr,Cooking
VejVQFNr,Gardening
BIUsEtyO,Reading
BIUsEtyO,Cooking
5lrknZ9I,Cycling
5lrknZ9I,Cooking
EsYsv16i,Reading
0r0HBUIK,Reading
NNXYUdYR,Painting
2WOCE44f,Hiking
2WOCE44f,Reading
2WOCE44f,Cycling
mik0dLkD,Reading
jN2AeLz4,Hiking
jN2AeLz4,Painting
w8hHIqj8,Cooking
0dPUqw62,Cooking
0dPUqw62,Cycling
d94CJT7C,Reading
BDEU6SMd,Painting
kUxRnI0C,Cooking
kUxRnI0C,Painting
DfWIbqum,Cycling
DfWIbqum,Hiking
DfWIbqum,Cooking
yoMSh7pK,Cooking
yoMSh7pK,Reading
ixVS8f0B,Cooking
ixVS8f0B,Reading
3yIFYF1s,Hiking
ThDNqryG,Hiking
r1aS9WCj,Gardening
VRHAx16i,Reading
VRHAx16i,Cooking
qsDGqY72,Cooking
qsDGqY72,Hiking
qsDGqY72,Reading
OwAORPqv,Cycling
OwAORPqv,Painting
OwAORPqv,Gardening
vCeJKJIS,Gardening
vCeJKJIS,Cycling
vCeJKJIS,Hiking
y9S0P0fa,Reading
y9S0P0fa,Cooking
SQaiIws5,Cycling
SQaiIws5,Reading
08RIZUp6,Hiking
08RIZUp6,Gardening
jORroslq,Reading
jORroslq,Cycling
jORroslq,Hiking
pjmtCbLM,Reading
CWISck4w,Painting
ElZTemWl,Cycling
ElZTemWl,Painting
AuvRUPyZ,Hiking
bTyimu4x,Painting
bTyimu4x,Cycling
bTyimu4x,Reading
QcULRCV2,Cooking
TT0XXNG7,Hiking
o2E5z3g3,Reading
CcWRK0ZV,Painting
W979e5UA,Gardening
W979e5UA,Reading
W979e5UA,Cycling
41YebnKX,Cycling
41YebnKX,Painting
ULGKUXT8,Hiking
ULGKUXT8,Reading
ULGKUXT8,Gardening
KzoB1oNn,Reading
GR6Zypss,Gardening
GR6Zypss,Hiking
HCDFxxL3,Hiking
HCDFxxL3,Reading
HCDFxxL3,Cooking
n3xbRC5R,Reading
n3xbRC5R,Gardening
sGxlvpx4,Reading
7yTURUpW,Cooking
GmywLFpV,Cooking
GmywLFpV,Painting
HvJnVX5T,Painting
4wGBthxe,Gardening
4wGBthxe,Cycling
4wGBthxe,Reading
51Y3LTcj,Cooking
hzqyZewq,Gardening
hzqyZewq,Painting
hzqyZewq,Cooking
MwwwnRx4,Cooking
MwwwnRx4,Cycling
MwwwnRx4,Painting
OuBGGK64,Painting
OuBGGK64,Hiking
JqUpkmhC,Reading
zY6lkav8,Gardening
zY6lkav8,Painting
zY6lkav8,Cooking
ABtHKPFL,Cooking
A7PQV1pP,Gardening
GiPFEnJU,Reading
IwN1L7UR,Cooking
IwN1L7UR,Hiking
IwN1L7UR,Cycling
SFJWnXm9,Hiking
9IQXAmw2,Reading
hvG3Guhk,Reading
M7P48DIG,Gardening
M7P48DIG,Painting
M7P48DIG,Cycling
YpmArncQ,Cooking
YpmArncQ,Cycling
NwygEUA4,Gardening
NwygEUA4,Hiking
VCBdAGQU,Reading
VCBdAGQU,Hiking
VCBdAGQU,Cooking
ADQ5hYyZ,Reading
ADQ5hYyZ,Cooking
JoWhK3Ky,Reading
JoWhK3Ky,Cycling
JoWhK3Ky,Painting
tsvwgvBW,Cycling
XnyUEKR4,Painting
YuIIUsAT,Gardening
YuIIUsAT,Cycling
YuIIUsAT,Painting
DjZTFcKf,Painting
DjZTFcKf,Cycling
DjZTFcKf,Reading
rc803oCl,Cycling
rc803oCl,Reading
rc803oCl,Hiking
ADysT0Ln,Cooking
ADysT0Ln,Gardening
ADysT0Ln,Reading
3cvNLYMM,Painting
3cvNLYMM,Gardening
GjCpTbTe,Hiking
GjCpTbTe,Cycling
GjCpTbTe,Cooking
5MMVKPIW,Reading
98wTBSsA,Hiking
98wTBSsA,Reading
98wTBSsA,Gardening
YJ1pgOCA,Reading
YJ1pgOCA,Gardening
YJ1pgOCA,Cooking
Xpwfbf85,Reading
Xpwfbf85,Cycling
tUnSPV4Z,Hiking
b7LDo7tD,Gardening
b7LDo7tD,Cooking
b7LDo7tD,Painting
v4ZAo1GT,Reading
XU9WWu1g,Hiking
QPMoE2XE,Hiking
QPMoE2XE,Cooking
w4wy4eHB,Painting
w4wy4eHB,Cycling
w4wy4eHB,Reading
kRtn3f6F,Cycling
kRtn3f6F,Painting
Uv1nPxEV,Reading
Uv1nPxEV,Cooking
Uv1nPxEV,Gardening
YwDkzKYW,Reading
rc1GLR5T,Cycling
rc1GLR5T,Gardening
rc1GLR5T,Cooking
PzqhLQhF,Gardening
PzqhLQhF,Reading
PzqhLQhF,Cycling
5y9LD6qr,Cycling
5y9LD6qr,Cooking
ZauPNVvh,Cooking
qG2UH6UU,Gardening
aSmCcTSK,Cooking
aSmCcTSK,Hiking
sgU6iujs,Cooking
sgU6iujs,Reading
nj9Kl45a,Reading
nj9Kl45a,Hiking
jfPe0Hb2,Cycling
jfPe0Hb2,Hiking
Bf7BDHlL,Cooking
Bf7BDHlL,Reading
Bf7BDHlL,Hiking
j1mkihtS,Hiking
j1mkihtS,Reading
ThAFx0x1,Reading
ThAFx0x1,Gardening
ThAFx0x1,Painting
nG7qlxca,Gardening
nG7qlxca,Painting
nG7qlxca,Hiking
HEyQwD7O,Painting
HEyQwD7O,Cooking
ZItqWz1Z,Painting
ZItqWz1Z,Cycling
ZItqWz1Z,Hiking
1JbPnPVQ,Gardening
1JbPnPVQ,Hiking
R5mx447p,Painting
R5mx447p,Reading
7aSY5Zcl,Cycling
6VbTKfLR,Cycling
plhPnnrJ,Reading
1VWQVe6M,Gardening
1VWQVe6M,Cycling
1VWQVe6M,Painting
OJorlJYb,Painting
OJorlJYb,Gardening
PUfW5tKF,Cooking
PUfW5tKF,Reading
PUfW5tKF,Painting
QZ7V5ums,Cycling
QZ7V5ums,Painting
QZ7V5ums,Reading
w91ryzhS,Gardening
485nSG69,Reading
485nSG69,Cycling
x5YQlbq9,Painting
x5YQlbq9,Cycling
9eDfvrgz,Painting
9eDfvrgz,Hiking
9eDfvrgz,Cooking
Hsbdctei,Cycling
Hsbdctei,Gardening
Hsbdctei,Reading
B7cgslcz,Cycling
B7cgslcz,Painting
B7cgslcz,Cooking
Uy6GLWRj,Gardening
wLYfg8Bj,Hiking
wLYfg8Bj,Cycling
wLYfg8Bj,Reading
a7rXTeq7,Gardening
a7rXTeq7,Reading
U7VOB5Tc,Reading
WoBF5rZ3,Gardening
ApVKPWBW,Cycling
ApVKPWBW,Gardening
F6KZwWso,Gardening
85XYapNH,Reading
85XYapNH,Cycling
bpykdsjn,Hiking
bpykdsjn,Painting
9CxbskQs,Gardening
ndO5nGp7,Painting
BkyuIiXU,Painting
chgjdHDv,Reading
chgjdHDv,Gardening
VhhyAaNi,Reading
oXMXIWSF,Cycling
qO5SektM,Gardening
H4ljfOvr,Cycling
6taEdnYt,Hiking
JMxNsJ8D,Cycling
JMxNsJ8D,Painting
ri9oIEJt,Reading
m9trSf1I,Gardening
m9trSf1I,Reading
m3Lru04e,Painting
m3Lru04e,Cooking
hqccDj61,Gardening
JwW9qjGG,Gardening
JwW9qjGG,Hiking
d3hDWqpj,Cooking
d3hDWqpj,Gardening
I4PCwtku,Reading
I4PCwtku,Cooking
QWZnuGqM,Gardening
fZtUc0xv,Cooking
fZtUc0xv,Cycling
GyjYbiQv,Cycling
GyjYbiQv,Reading
GyjYbiQv,Cooking
uWOvxnB4,Gardening
sPDJUq9p,Reading
sPDJUq9p,Gardening
sPDJUq9p,Painting
2no36CM1,Painting
Bs6Ok6D3,Painting
Bs6Ok6D3,Cycling
Bs6Ok6D3,Cooking
DpWrEqMG,Painting
DpWrEqMG,Cooking
DpWrEqMG,Cycling
YPbSkiVL,Gardening
yFCYHzSv,Cycling
14BdJCfO,Hiking
14BdJCfO,Cooking
14BdJCfO,Cycling
FItEWsHm,Painting
Y80sdJeo,Gardening
Y80sdJeo,Cooking
QZi6rVGf,Reading
QZi6rVGf,Cycling
hjcxWRg2,Cycling
hjcxWRg2,Reading
uYof8cdS,Cycling
uYof8cdS,Cooking
uYof8cdS,Reading
EABZWCZQ,Cooking
EABZWCZQ,Hiking
EABZWCZQ,Gardening
SkLH65fa,Hiking
SkLH65fa,Cooking
Ll6ADh7C,Cooking
Ll6ADh7C,Hiking
Ll6ADh7C,Cycling
hrX3lW11,Hiking
hrX3lW11,Painting
4l87gmNw,Cooking
xVTe46dR,Painting
5aL7zYzj,Cooking
5aL7zYzj,Cycling
uwFy5iJm,Cycling
gI4HU7FX,Cooking
gI4HU7FX,Gardening
gI4HU7FX,Cycling
9DEO02OQ,Cycling
9DEO02OQ,Gardening
9DEO02OQ,Hiking
16o4apHB,Hiking
VhW6xoBW,Cycling
VhW6xoBW,Painting
tfjiFRAB,Gardening
tfjiFRAB,Cycling
ZHS4y4Va,Cycling
ZHS4y4Va,Gardening
XEEwJunf,Reading
XEEwJunf,Cooking
XEEwJunf,Hiking
yNpgswqj,Reading
yNpgswqj,Gardening
yNpgswqj,Cycling
G90O4rZB,Gardening
G90O4rZB,Cycling
dFka2dzh,Painting
dFka2dzh,Cooking
dFka2dzh,Hiking
y0XvupYv,Reading
WvagosfN,Cycling
WvagosfN,Painting
4v0QkmpT,Cycling
4v0QkmpT,Gardening
jCNK5Kt6,Cycling
jCNK5Kt6,Cooking
jCNK5Kt6,Reading
scDBWgST,Painting
yXMiHVEd,Hiking
yXMiHVEd,Gardening
L9ziguRK,Painting
L9ziguRK,Cooking
OUUAVzB7,Cycling
rre3zEGS,Cycling
rre3zEGS,Hiking
LcMWKWfe,Reading
HzSTIWZv,Hiking
3vOmdbwQ,Cycling
xOenzG5E,Reading
xOenzG5E,Cooking
xOenzG5E,Gardening
9Yu0sqp9,Gardening
KayAh3Pu,Cycling
KayAh3Pu,Cooking
AffaEKJs,Hiking
AffaEKJs,Cycling
pHpoPGbj,Reading
pHpoPGbj,Hiking
69XiYfjS,Gardening
Ow654pTx,Cycling
Ow654pTx,Painting
Ow654pTx,Cooking
BBVI0Bbm,Cooking
BBVI0Bbm,Gardening
BBVI0Bbm,Painting
4ZOR3hO0,Painting
4ZOR3hO0,Hiking
DR5PQRfF,Painting
aimgO6X0,Cycling
aimgO6X0,Gardening
YSsg5P0s,Cycling
YSsg5P0s,Cooking
0RT8uOnl,Gardening
G4TAnQQf,Gardening
G4TAnQQf,Reading
FwrBeu9E,Hiking
FwrBeu9E,Reading
w5YFuqHQ,Gardening
w5YFuqHQ,Cooking
w5YFuqHQ,Painting
Ys3FZamc,Cycling
Ys3FZamc,Reading
Ys3FZamc,Cooking
TElsx2oB,Hiking
TElsx2oB,Painting
diX7hmH1,Cooking
diX7hmH1,Gardening
KnUuDaXa,Hiking
QIVRMHoi,Gardening
s7DEQjOJ,Painting
yc8SJ31M,Cooking
yc8SJ31M,Reading
yc8SJ31M,Painting
47CPmEX6,Cycling
TNOFapni,Reading
QqnuoSxZ,Gardening
D4Yt8t9o,Cooking
D4Yt8t9o,Gardening
Gp7VttYZ,Painting
Gp7VttYZ,Cooking
0Cs6sS2W,Gardening
0Cs6sS2W,Cycling
U9FpRalh,Painting
Swy7EWEg,Hiking
Swy7EWEg,Reading
400FCMFz,Cycling
0HvQpc9s,Cycling
9SJNwqKT,Cooking
aJrKsdXs,Hiking
B9fjmOHp,Painting
OkFEIbBo,Hiking
OkFEIbBo,Painting
yq6mKgLL,Cooking
A9sMcP5m,Hiking
A9sMcP5m,Cooking
A9sMcP5m,Painting
K7ltAUD5,Painting
K7ltAUD5,Reading
K7ltAUD5,Cooking
afggHAFc,Cooking
IyQ4MXx5,Cycling
IyQ4MXx5,Painting
IyQ4MXx5,Reading
gZPv88iw,Cooking
gZPv88iw,Reading
fPZzTph3,Hiking
0sSmuGoT,Cooking
0sSmuGoT,Reading
0sSmuGoT,Hiking
5wfI8Wj7,Cycling
5wfI8Wj7,Reading
5wfI8Wj7,Cooking
57cB7Js4,Reading
X4dSEriN,Painting
qJPODodS,Painting
556reij3,Cycling
556reij3,Cooking
JUAmqZKR,Cycling
JUAmqZKR,Reading
MyIClp7T,Painting
OCuztqmh,Cooking
OCuztqmh,Cycling
jgzMW7Rd,Gardening
jgzMW7Rd,Hiking
jgzMW7Rd,Painting
nRFMlrBb,Painting
i49jFsXW,Cooking
i49jFsXW,Hiking
ZmzUYvYj,Hiking
ZmzUYvYj,Cycling
ZmzUYvYj,Gardening
17oIO8c8,Cooking
w7Wg99lk,Hiking
w7Wg99lk,Cycling
q4hiariF,Cycling
q4hiariF,Painting
CvI0IdwT,Gardening
xUn3xvoK,Cycling
xUn3xvoK,Gardening
xUn3xvoK,Hiking
lExA6k34,Cooking
lExA6k34,Cycling
lExA6k34,Gardening
HdHsiyGp,Cycling
pAFKl3Q5,Gardening
pAFKl3Q5,Cooking
e50x73yD,Cycling
e50x73yD,Reading
e50x73yD,Hiking
swnFVHYi,Gardening
qawc60Nc,Painting
qawc60Nc,Reading
V73glpya,Cooking
ePaYPJTV,Painting
ePaYPJTV,Gardening
ePaYPJTV,Reading
CzpNADri,Reading
CzpNADri,Hiking
CzpNADri,Cycling
MdTCwB6S,Painting
IvNYD7SC,Reading
IvNYD7SC,Hiking
1ScB1mhF,Reading
ZoLQ7gsr,Painting
BfZFddyf,Cooking
BfZFddyf,Reading
BfZFddyf,Hiking
gnoSFIiJ,Reading
gnoSFIiJ,Cycling
LJYWXjET,Painting
LJYWXjET,Cooking
LJYWXjET,Gardening
awEWxifD,Gardening
X8H2a8aX,Cycling
Nzg4n4et,Painting
Nzg4n4et,Cycling
c5GbeWSq,Gardening
c5GbeWSq,Cycling
RXWEghPd,Gardening
RXWEghPd,Cooking
RXWEghPd,Reading
TAEkYjVn,Cooking
TAEkYjVn,Cycling
aAWHNRh7,Gardening
aAWHNRh7,Cycling
aAWHNRh7,Cooking
bvWDfGKM,Cycling
O6RdPe5X,Reading
O6RdPe5X,Painting
yIr8Ghfo,Painting
yIr8Ghfo,Cycling
yIr8Ghfo,Cooking
nr2U3olV,Hiking
nr2U3olV,Cycling
nr2U3olV,Cooking
cqSbwTF5,Painting
cqSbwTF5,Gardening
cqSbwTF5,Reading
qWJOB8FV,Reading
NR4G83Ny,Painting
kWeV0b23,Cycling
kWeV0b23,Gardening
jNMZvYgv,Cycling
jNMZvYgv,Cooking
jNMZvYgv,Painting
tZC3dveA,Reading
6J53eg6J,Reading
6J53eg6J,Painting
6J53eg6J,Hiking
BXfYo2gw,Reading
Vj1nySve,Reading
60kZkeex,Painting
60kZkeex,Cooking
f5kwUZko,Reading
MazCYSLh,Cycling
MazCYSLh,Hiking
MazCYSLh,Gardening
2esHL2H6,Cooking
2esHL2H6,Hiking
t6knMxFG,Painting
t6knMxFG,Gardening
NJcdGLKj,Painting
NJcdGLKj,Cycling
NJcdGLKj,Reading
EfWdfUxN,Cooking
AkBrrpY5,Cooking
ic4loTN8,Cycling
ic4loTN8,Cooking
ic4loTN8,Hiking
9SmyjvBy,Reading
DMPE2UNt,Hiking
DOHZ2jYP,Hiking
ruKtGOQR,Cooking
ruKtGOQR,Reading
ruKtGOQR,Hiking
odjafawT,Reading
odjafawT,Gardening
O6av7cyr,Reading
O6av7cyr,Painting
O6av7cyr,Cycling
xdvktaB9,Reading
xdvktaB9,Cooking
xdvktaB9,Hiking
cB5XjDZR,Cycling
01kDUSaK,Hiking
01kDUSaK,Reading
6Wq6d4lZ,Cycling
ryjoh3Xo,Hiking
ryjoh3Xo,Cooking
OhANN61i,Hiking
OhANN61i,Reading
9kNREN2t,Gardening
ydsdqiRc,Painting
y2iIGZx8,Reading
y2iIGZx8,Painting
y2iIGZx8,Cooking
f773kABg,Cycling
f773kABg,Painting
f773kABg,Reading
zH6koSBe,Cycling
zH6koSBe,Gardening
zH6koSBe,Hiking
QQxD43vd,Painting
bZjHIAUr,Gardening
bZjHIAUr,Cooking
bZjHIAUr,Hiking
2aBZSiiZ,Cooking
2aBZSiiZ,Painting
DmAMS6xF,Painting
DmAMS6xF,Hiking
DmAMS6xF,Gardening
9eQfACKZ,Painting
uSiXoVEW,Painting
uSiXoVEW,Reading
74mmWdwf,Hiking
74mmWdwf,Reading
74mmWdwf,Cycling
i2bVMFmo,Cooking
i2bVMFmo,Painting
i2bVMFmo,Cycling
TApBk4k3,Painting
TApBk4k3,Reading
TApBk4k3,Cycling
bDd345rE,Painting
bDd345rE,Cycling
vb8Koohm,Cooking
vCFVpgXx,Hiking
vCFVpgXx,Cycling
HDbD5hm5,Gardening
wqeR5hEz,Hiking
wqeR5hEz,Painting
mo3H2Ipp,Painting
UMqImnUg,Painting
UMqImnUg,Cycling
UMqImnUg,Gardening
6q1GKrY3,Reading
XBGpwJ6x,Painting
KKzhL7Ev,Reading
CKi0K08O,Cycling
CKi0K08O,Gardening
tyMpBrcS,Gardening
tyMpBrcS,Reading
eBThVg4d,Hiking
eBThVg4d,Cooking
eBThVg4d,Reading
HihyGJGR,Painting
f2gNKRam,Reading
f2gNKRam,Gardening
RhF5dVgk,Gardening
MB4D2Mvm,Gardening
h02CTC39,Hiking
I2JiYvvV,Painting
hnIMarpF,Reading
hnIMarpF,Hiking
36TcmatG,Gardening
36TcmatG,Reading
YDQcOH5A,Reading
YDQcOH5A,Gardening
ZuD8ggnf,Cycling
ZuD8ggnf,Hiking
kg1Lx2jI,Gardening
kg1Lx2jI,Painting
kg1Lx2jI,Cycling
1NQGN6hn,Cooking
1NQGN6hn,Gardening
1NQGN6hn,Painting
VXzJEkO3,Cycling
DrFWKjad,Cycling
DrFWKjad,Reading
Tk4TroPd,Hiking
Tk4TroPd,Painting
Tk4TroPd,Gardening
LLWyHYT3,Gardening
LLWyHYT3,Hiking
LLWyHYT3,Cooking
D7D9bcvH,Reading
D7D9bcvH,Cycling
D7D9bcvH,Painting
rX62oulu,Cycling
rX62oulu,Painting
13yL84ry,Painting
13yL84ry,Gardening
HAeVwFdH,Reading
HAeVwFdH,Gardening
HAeVwFdH,Cooking
UXE2Ge2V,Gardening
UXE2Ge2V,Cycling
tZgMolCt,Painting
0cFguJRo,Painting
0cFguJRo,Hiking
7nTU3aSW,Gardening
7nTU3aSW,Painting
7nTU3aSW,Cycling
dSYxeWac,Gardening
dSYxeWac,Reading
zhG09Y0J,Reading
vFo3rvRk,Cooking
vFo3rvRk,Painting
B1Fbi4QL,Cycling
B1Fbi4QL,Reading
Ro27g7T8,Gardening
Ro27g7T8,Reading
Ro27g7T8,Cooking
PlDl0Db9,Hiking
BzR9qTs0,Hiking
BzR9qTs0,Painting
HvUKqFFJ,Cooking
HvUKqFFJ,Gardening
pkBd2l5F,Cooking
pkBd2l5F,Gardening
vWjKOJ1j,Cooking
iheNEAlJ,Painting
cTJfJJ7R,Reading
cTJfJJ7R,Gardening
bWMygIEd,Reading
bWMygIEd,Cycling
bWMygIEd,Gardening
o7I3ckVa,Reading
o7I3ckVa,Gardening
Ayrf9Eir,Cycling
Ayrf9Eir,Gardening
Ayrf9Eir,Painting
VlNx4ch2,Cooking
VlNx4ch2,Cycling
VlNx4ch2,Painting
TsKfhAnS,Cycling
TsKfhAnS,Reading
TsKfhAnS,Hiking
vzSRw1og,Cooking
vzSRw1og,Hiking
esHESA70,Gardening
g7wylKVq,Cooking
g7wylKVq,Reading
g7wylKVq,Gardening
L6EXwGBo,Cooking
v75fJ0Hs,Painting
v75fJ0Hs,Hiking
v75fJ0Hs,Cycling
8LSRHOjB,Cycling
8LSRHOjB,Gardening
z0XC1zhc,Hiking
z0XC1zhc,Reading
TGGj2Gyb,Reading
8dWhp3IX,Cycling
6oaV0WUx,Gardening
6oaV0WUx,Cycling
6oaV0WUx,Cooking
KLDSioz1,Reading
KLDSioz1,Gardening
AoB3ZHfw,Cooking
AoB3ZHfw,Cycling
AoB3ZHfw,Gardening
6htlPZ8G,Gardening
6htlPZ8G,Cycling
6htlPZ8G,Reading
gG8Xp6dl,Gardening
gG8Xp6dl,Cooking
gG8Xp6dl,Reading
dh0LtRgK,Painting
dh0LtRgK,Gardening
dh0LtRgK,Reading
9bQODt9h,Reading
9bQODt9h,Hiking
9bQODt9h,Painting
tVOJmoBF,Cooking
FUoYzfUE,Hiking
FUoYzfUE,Painting
nXe82Rh1,Cycling
eBksTIDH,Hiking
eBksTIDH,Cooking
eBksTIDH,Gardening
W5lI8zJW,Cooking
Q52RntDU,Hiking
Q52RntDU,Painting
Q52RntDU,Cycling
78wxUxdH,Cycling
78wxUxdH,Reading
78wxUxdH,Hiking
3I9JMDU8,Gardening
rKzJ4aAT,Reading
rKzJ4aAT,Cooking
j2iwUBL1,Hiking
IairZuXc,Reading
IairZuXc,Cycling
d9rJV9lq,Hiking
5EIrjTx6,Hiking
vRXHg8wx,Gardening
65eLFTLI,Cooking
DZhVMxsn,Cycling
g4mtjpuL,Hiking
yiuWUhwn,Hiking
yiuWUhwn,Painting
cD0c4Hob,Reading
cD0c4Hob,Gardening
17nuHgap,Reading
17nuHgap,Cycling
04PNEebt,Cycling
04PNEebt,Hiking
XYVMc4Vk,Cooking
I6gzhj32,Cycling
I6gzhj32,Hiking
p77zRbPC,Cooking
p77zRbPC,Cycling
uSgYkI2g,Painting
uSgYkI2g,Gardening
uSgYkI2g,Cycling
AudIYWNR,Cycling
6jC1yhSP,Gardening
6jC1yhSP,Cooking
2O9UKvwS,Painting
2O9UKvwS,Hiking
2O9UKvwS,Reading
Px6UV1nJ,Cycling
1I3Al5EO,Cooking
kaukMddf,Gardening
kaukMddf,Cycling
kaukMddf,Cooking
rUFQ2lLa,Painting
ShFBzwoI,Cycling
ShFBzwoI,Gardening
tw7UYbmw,Reading
X69zFpiP,Gardening
X69zFpiP,Painting
X69zFpiP,Cycling
bSxKFwXu,Hiking
szY2tBrR,Reading
szY2tBrR,Gardening
szY2tBrR,Cooking
Qd5HgeOp,Cycling
Qd5HgeOp,Hiking
wjnqHUT0,Gardening
8ShLHWWA,Hiking
8ShLHWWA,Cooking
8ShLHWWA,Painting
ECFKvTZX,Cycling
ECFKvTZX,Gardening
vDcKXpoh,Cooking
vDcKXpoh,Hiking
i7FKU6ir,Reading
i7FKU6ir,Cooking
FZIDnUno,Painting
FZIDnUno,Gardening
A5Z6eujO,Cooking
A5Z6eujO,Hiking
A5Z6eujO,Cycling
jK4GgxjC,Reading
28BQxYid,Hiking
XHPXh0xO,Gardening
5SUHO3IK,Cooking
AW42FdWK,Painting
AW42FdWK,Cooking
ExTIsuTZ,Cycling
ExTIsuTZ,Painting
jWZZt9KE,Reading
ScEYc1Fz,Cooking
ScEYc1Fz,Reading
yxuuFd8h,Cooking
9ku16WdT,Gardening
xhaNkMP1,Painting
xhaNkMP1,Hiking
xhaNkMP1,Cooking
ZpByLXte,Hiking
ZpByLXte,Gardening
2tLyMkKf,Hiking
1yMQdYtn,Cooking
SjI2mZtr,Reading
ADFk6Dih,Cooking
ADFk6Dih,Gardening
ADFk6Dih,Painting
omupVCCi,Cooking
omupVCCi,Cycling
omupVCCi,Painting
wIkTSZ2Z,Painting
wIkTSZ2Z,Cycling
PAqtpU30,Cycling
PAqtpU30,Reading
PAqtpU30,Cooking
cercETbN,Cycling
8jlOwBO4,Cooking
YunTHMR2,Hiking
YunTHMR2,Gardening
YunTHMR2,Cooking
PzOpjwbe,Gardening
PzOpjwbe,Reading
PzOpjwbe,Painting
drpNB57Y,Painting
drpNB57Y,Cycling
drpNB57Y,Gardening
4X42yWxA,Cooking
4X42yWxA,Cycling
APz0pCRS,Cycling
oKw3IFk4,Gardening
oKw3IFk4,Cycling
oKw3IFk4,Cooking
l2VvpHlB,Gardening
UK6LPc8S,Gardening
UK6LPc8S,Cooking
Ci9K0wwl,Cooking
Ci9K0wwl,Cycling
Ci9K0wwl,Gardening
CqgzUoAR,Reading
CqgzUoAR,Painting
dIzlLAbI,Painting
dIzlLAbI,Cooking
dIzlLAbI,Gardening
AVm0JpDj,Painting
AVm0JpDj,Hiking
AVm0JpDj,Gardening
lOwQEYQ5,Cycling
lOwQEYQ5,Cooking
lOwQEYQ5,Gardening
W08lR6UJ,Hiking
W08lR6UJ,Cycling
W08lR6UJ,Painting
7Snou5Z3,Hiking
7Snou5Z3,Cycling
7Snou5Z3,Gardening
osNbk0oQ,Gardening
PXg9RlnB,Cooking
PXg9RlnB,Gardening
PXg9RlnB,Reading
1lW34E3x,Cycling
1lW34E3x,Cooking
1lW34E3x,Gardening
VjRagBW2,Cooking
VjRagBW2,Gardening
VjRagBW2,Cycling
zSRiNCwY,Hiking
mrLLEgZl,Hiking
mrLLEgZl,Reading
zENfLogq,Cycling
dJyo94Kz,Reading
dJyo94Kz,Hiking
dJyo94Kz,Cycling
gK0PIoZB,Cycling
gK0PIoZB,Gardening
9kaJw44m,Hiking
9kaJw44m,Reading
9kaJw44m,Painting
OsexLPZx,Cooking
vBqBPA34,Hiking
eW6kQikA,Cooking
sZtfWNHi,Reading
cxCjEqqq,Hiking
cxCjEqqq,Cooking
Vz1nZ7Hg,Cooking
Vz1nZ7Hg,Gardening
olN058cX,Cycling
olN058cX,Gardening
olN058cX,Hiking
85p9hJ1b,Reading
85p9hJ1b,Gardening
isfqYCRQ,Cooking
isfqYCRQ,Hiking
sxnRK31W,Hiking
af7eWgiv,Painting
af7eWgiv,Reading
LcAA3CX4,Hiking
LcAA3CX4,Reading
P7tVvJv5,Cycling
P7tVvJv5,Reading
P7tVvJv5,Gardening
ihKqeyCn,Cycling
ihKqeyCn,Reading
ihKqeyCn,Hiking
OgDMz9SB,Reading
OgDMz9SB,Cooking
EZvaTzt4,Hiking
EZvaTzt4,Reading
x02Ha7bn,Reading
x02Ha7bn,Cooking
pp4kqox6,Gardening
r4LdrbY5,Reading
r4LdrbY5,Hiking
hJ3UzNdw,Gardening
hJ3UzNdw,Reading
hJ3UzNdw,Hiking
xrN4tXJW,Reading
xrN4tXJW,Cycling
xrN4tXJW,Hiking
0mGXZ5Xo,Painting
0mGXZ5Xo,Cycling
0mGXZ5Xo,Cooking
1lSL39re,Cycling
1lSL39re,Gardening
UWiJBndT,Cycling
UWiJBndT,Painting
UWiJBndT,Reading
fbQBK4Nv,Gardening
fbQBK4Nv,Painting
fbQBK4Nv,Cycling
Ocp4pP9n,Gardening
37aQOkW6,Cycling
BTuTN6WD,Painting
TpSTgZnU,Gardening
TpSTgZnU,Cycling
IcB8M4vd,Hiking
IcB8M4vd,Reading
IcB8M4vd,Cycling
12EDJ8QR,Hiking
WHx6KEXD,Cycling
WHx6KEXD,Reading
WHx6KEXD,Gardening
OJDuQYO2,Cooking
OJDuQYO2,Gardening
Ango7PFk,Painting
Ango7PFk,Cycling
Ango7PFk,Gardening
xOGyJWLM,Hiking
nONaNHD6,Gardening
PAO2jJJF,Painting
T3VsbtCn,Hiking
T3VsbtCn,Cooking
qGGrSnpI,Cooking
qGGrSnpI,Painting
qGGrSnpI,Reading
ynMhS20y,Cooking
ynMhS20y,Reading
ynMhS20y,Gardening
aOH1qRSt,Gardening
qTcx88Zd,Reading
qTcx88Zd,Cooking
qTcx88Zd,Painting
ruwfbY4K,Cycling
ruwfbY4K,Hiking
UrPJNUk3,Hiking
F5IcHtLy,Hiking
F5IcHtLy,Painting
F5IcHtLy,Gardening
3giDKjQf,Hiking
3giDKjQf,Painting
3giDKjQf,Cooking
q18zlsCM,Cooking
NVlEcvq9,Gardening
NVlEcvq9,Cycling
NVlEcvq9,Painting
Zb060Dzw,Gardening
Zb060Dzw,Cycling
QlQ0dgCK,Hiking
QlQ0dgCK,Cooking
QlQ0dgCK,Painting
qeiVH16H,Cycling
qeiVH16H,Gardening
qeiVH16H,Painting
PNXamKGC,Cooking
3CwigFOC,Hiking
q4YAgV8F,Reading
q4YAgV8F,Cooking
Rl6u5NJX,Gardening
Rl6u5NJX,Painting
Rl6u5NJX,Reading
Y0onqsQF,Cooking
Y0onqsQF,Gardening
mZiB9tgH,Cycling
Aqn7J0Nv,Cycling
Aqn7J0Nv,Reading
Aqn7J0Nv,Painting
kNGIGnhr,Painting
kNGIGnhr,Cooking
FdRHD02T,Painting
jw9hQP5q,Painting
jw9hQP5q,Cycling
jw9hQP5q,Hiking
t0fINlBy,Hiking
t0fINlBy,Reading
rbHhOa0k,Reading
rbHhOa0k,Cycling
if5DBgnI,Cycling
yVRjvHMx,Reading
yVRjvHMx,Painting
yVRjvHMx,Gardening
04i3ruID,Hiking
2U3FJt8O,Hiking
2U3FJt8O,Cooking
2U3FJt8O,Painting
AwcGMdDM,Reading
AwcGMdDM,Gardening
BtqOoyDA,Painting
BtqOoyDA,Cycling
BtqOoyDA,Hiking
J8D2Hy7z,Reading
J8D2Hy7z,Painting
J8D2Hy7z,Gardening
woEU9A9n,Gardening
woEU9A9n,Painting
s4jsc5Jl,Cycling
lXNs4a0q,Cooking
lXNs4a0q,Cycling
lXNs4a0q,Painting
OYhq7yTu,Painting
OYhq7yTu,Hiking
OYhq7yTu,Gardening
MRtUVAMX,Hiking
MRtUVAMX,Painting
MRtUVAMX,Reading
I6GJLXeX,Reading
I6GJLXeX,Cycling
I6GJLXeX,Painting
IZcKLntl,Gardening
IZcKLntl,Cycling
1JybPu83,Cooking
4R8veJfb,Gardening
NF3eonQv,Reading
2mjDlIW2,Gardening
zz1hGRwX,Reading
C68h3ThS,Cycling
LpCT2qM4,Hiking
JMqgo3Dj,Reading
JMqgo3Dj,Gardening
fOXVtzUp,Reading
ReEETOXO,Cooking
ReEETOXO,Hiking
GbJVmB0L,Hiking
hH9kJygz,Cooking
xnMSPGIn,Cooking
u8MLMXxN,Painting
u8MLMXxN,Cycling
u8MLMXxN,Cooking
ZGIesmMA,Painting
ZGIesmMA,Gardening
ZGIesmMA,Reading
jkyRCcVl,Gardening
VCGDQ2EO,Reading
2QkPMHiW,Gardening
2QkPMHiW,Hiking
cN0dONR2,Gardening
cN0dONR2,Cycling
VRCdfQV9,Gardening
VRCdfQV9,Reading
xfCvjXrB,Reading
xfCvjXrB,Gardening
E8VpGqjm,Cooking
E8VpGqjm,Gardening
E8VpGqjm,Cycling
vcwT5oZp,Cycling
XxIq4KkD,Hiking
6LcP2QLy,Reading
6LcP2QLy,Cooking
WkJhrsvZ,Cycling
WkJhrsvZ,Hiking
tRkvPS5M,Cycling
tRkvPS5M,Reading
tRkvPS5M,Cooking
UbbDCTZ1,Cooking
UbbDCTZ1,Reading
rU0oYjP4,Hiking
UeSVnSWi,Cooking
UeSVnSWi,Hiking
UeSVnSWi,Cycling
vJ2Dshcq,Gardening
vJ2Dshcq,Cooking
kvkptQwx,Cooking
xx655gu0,Hiking
kNhBVuO4,Hiking
Zs3XUfFY,Reading
1BgCOG11,Reading
1BgCOG11,Cycling
AYgk8dE1,Painting
AYgk8dE1,Reading
uywcIfoW,Gardening
uywcIfoW,Cooking
uywcIfoW,Hiking
jRiMaKFT,Gardening
Fi6tT2rD,Cycling
YnBeqHJO,Cooking
YnBeqHJO,Hiking
YnBeqHJO,Painting
0dKjGKtm,Gardening
0dKjGKtm,Painting
0jx42F2F,Reading
0jx42F2F,Painting
0jx42F2F,Gardening
cfsSiodL,Cooking
cfsSiodL,Painting
NOB1yulv,Hiking
NOB1yulv,Cooking
NOB1yulv,Painting
QjF3xYRM,Reading
QjF3xYRM,Hiking
meZD9vS9,Hiking
pdY3ndbj,Cooking
pdY3ndbj,Hiking
eONiCNTM,Painting
eONiCNTM,Cycling
eONiCNTM,Hiking
24h5jLwi,Cooking
mrRZ3AbN,Painting
mrRZ3AbN,Gardening
mrRZ3AbN,Cycling
JSJjONo3,Gardening
eMLHnif8,Painting
eMLHnif8,Gardening
pBDkWsci,Painting
pBDkWsci,Cooking
pBDkWsci,Cycling
iK1EUotk,Hiking
f9sNVvt7,Cooking
f9sNVvt7,Gardening
f7INy6Ac,Cycling
f7INy6Ac,Gardening
f7INy6Ac,Cooking
Wl7GEudl,Cycling
Wl7GEudl,Cooking
Wl7GEudl,Painting
kvhzZZ5Y,Hiking
kvhzZZ5Y,Painting
kvhzZZ5Y,Gardening
knooywIQ,Cooking
knooywIQ,Gardening
Pm9LCyZ9,Gardening
pqKLRXrN,Cooking
pqKLRXrN,Hiking
yuCEl7cT,Cooking
yuCEl7cT,Cycling
yuCEl7cT,Reading
H7Lnx3H7,Hiking
gpTCBoHU,Cycling
gpTCBoHU,Painting
EmxtIEwS,Reading
EmxtIEwS,Hiking
S13DZyKF,Hiking
S13DZyKF,Gardening
GBtxTPj0,Reading
GBtxTPj0,Cycling
GBtxTPj0,Gardening
oJlYp3xg,Painting
oJlYp3xg,Cycling
oJlYp3xg,Reading
KRcVSi7c,Painting
WqQu6f6e,Painting
WqQu6f6e,Cycling
E4bwyKcW,Cycling
E4bwyKcW,Reading
i4RFYAOz,Reading
AlAWFveB,Hiking
AlAWFveB,Painting
Pkqr39HT,Cooking
DK4X8rEp,Reading
DK4X8rEp,Cooking
Ei3lTHXH,Cycling
vHynJscw,Cooking
vHynJscw,Painting
8T8qPNLg,Cooking
8T8qPNLg,Reading
8T8qPNLg,Gardening
Uo2lylPu,Cooking
6fOmrqVl,Painting
yznaQ4ip,Painting
yznaQ4ip,Hiking
yznaQ4ip,Reading
XNf0Ktx7,Cycling
XNf0Ktx7,Reading
NPLFqhlc,Gardening
NPLFqhlc,Reading
NPLFqhlc,Cycling
bXBNNA7h,Reading
bXBNNA7h,Hiking
XOOhkjXe,Hiking
8Di909nz,Hiking
8Di909nz,Gardening
P7XeKt0I,Cooking
c3M5aflK,Cooking
c3M5aflK,Reading
4vtntTWy,Reading
4vtntTWy,Painting
4vtntTWy,Cycling
aI0HHcF2,Gardening
U1F4WrzC,Gardening
U1F4WrzC,Painting
mNRfVIUU,Reading
mNRfVIUU,Gardening
mNRfVIUU,Cooking
b97mvTGK,Cycling
b97mvTGK,Painting
b97mvTGK,Reading
E3MY2dAM,Cooking
E3MY2dAM,Cycling
E3MY2dAM,Painting
k2rDKIJs,Hiking
UtLfChhF,Hiking
OQ7vCVLL,Painting
al5Vvk0d,Cycling
w0j64oRc,Cooking
w0j64oRc,Reading
Drej8NeZ,Reading
Drej8NeZ,Painting
Drej8NeZ,Hiking
VuDrlQ5t,Cooking
VuDrlQ5t,Gardening
VuDrlQ5t,Cycling
Agwd8H3B,Gardening
Agwd8H3B,Cycling
art88inZ,Painting
6qwyFVkL,Cooking
6qwyFVkL,Hiking
6qwyFVkL,Painting
sH6Uf041,Gardening
sH6Uf041,Hiking
VxQxj80G,Hiking
VxQxj80G,Cooking
VxQxj80G,Painting
EVKx0cgm,Hiking
pniLBRqS,Painting
pniLBRqS,Reading
a7CWG6BC,Reading
a7CWG6BC,Cycling
a7CWG6BC,Gardening
GxYxiqhU,Painting
8sZBdsjv,Reading
8sZBdsjv,Painting
8sZBdsjv,Gardening
XHi9x7vM,Reading
XHi9x7vM,Gardening
5DpIHo6R,Hiking
5DpIHo6R,Gardening
5DpIHo6R,Painting
VVemovpf,Gardening
VVemovpf,Cooking
VVemovpf,Reading
YmWOFHS5,Reading
YmWOFHS5,Hiking
YmWOFHS5,Painting
42NeD3Kg,Cycling
42NeD3Kg,Painting
42NeD3Kg,Gardening
gaF04TMy,Cooking
gaF04TMy,Hiking
gaF04TMy,Painting
njZ6DAoG,Painting
SR5wL9qB,Hiking
7uflj88d,Cooking
7uflj88d,Gardening
7uflj88d,Hiking
sZpYF0uE,Painting
sZpYF0uE,Hiking
uIDeNhXw,Reading
uIDeNhXw,Gardening
vEALPNyn,Painting
WjFRNbq3,Cooking
9NKwBy6Y,Painting
N4q608UU,Cooking
N4q608UU,Painting
iM2j8sRt,Painting
iM2j8sRt,Cooking
cKBVlPCF,Cooking
cKBVlPCF,Gardening
X7Ftggs9,Hiking
X7Ftggs9,Cycling
bfdNjq95,Cycling
YqIGAmmi,Gardening
YqIGAmmi,Hiking
YqIGAmmi,Reading
sxvAKqG0,Cycling
sxvAKqG0,Reading
8JZkoLLA,Cycling
8JZkoLLA,Hiking
8JZkoLLA,Gardening
HpKJ1iO1,Cooking
HpKJ1iO1,Cycling
HpKJ1iO1,Painting
8ln2cpBV,Reading
5FCmOrCw,Cycling
5FCmOrCw,Cooking
ZOdi6eJn,Reading
kffs7ecB,Gardening
kffs7ecB,Hiking
kffs7ecB,Cooking
3Y1vejqD,Painting
rCNIaw54,Reading
rCNIaw54,Painting
Ne5SEDVm,Reading
OK5UNwMX,Painting
XdqV467w,Painting
XdqV467w,Reading
qyMP7PFs,Cooking
qyMP7PFs,Reading
qyMP7PFs,Cycling
0L6nSDBe,Hiking
0L6nSDBe,Gardening
0L6nSDBe,Cycling
VEuuuy5z,Hiking
VEuuuy5z,Cycling
nnR3xWE8,Hiking
nnR3xWE8,Painting
gkAjZyt2,Reading
gkAjZyt2,Hiking
3JFEaKRV,Hiking
3JFEaKRV,Cycling
3JFEaKRV,Cooking
LpKpaQmf,Cycling
LpKpaQmf,Hiking
vOjB1EoJ,Cooking
D7QeyXyy,Reading
OkBwhBuR,Gardening
OkBwhBuR,Cycling
SjvJ6vJB,Cycling
SjvJ6vJB,Cooking
SjvJ6vJB,Reading
qF2XWDcY,Cooking
G7WoCeNX,Gardening
G7WoCeNX,Cooking
G7WoCeNX,Painting
Yqhj96QV,Reading
FNzeYOlF,Hiking
YlvlIZOi,Hiking
YlvlIZOi,Painting
mbT0Q5Dj,Hiking
iuT5mhS0,Cycling
t0hYPMxO,Hiking
t0hYPMxO,Painting
sFOuw5Mv,Hiking
sFOuw5Mv,Cycling
sFOuw5Mv,Gardening
EBVx9Fpd,Reading
W3qRgdAZ,Reading
W3qRgdAZ,Painting
W3qRgdAZ,Hiking
70ACdxhO,Painting
70ACdxhO,Gardening
w96uogMo,Cooking
w96uogMo,Painting
3c2Yn03x,Cycling
03hNU7ai,Cycling
03hNU7ai,Painting
03hNU7ai,Hiking
tnzUtbTa,Painting
tnzUtbTa,Cooking
tnzUtbTa,Cycling
XcUAURYO,Painting
XcUAURYO,Gardening
XcUAURYO,Reading
Fbi6FKXm,Cooking
Fbi6FKXm,Hiking
Fbi6FKXm,Reading
ytjNx9dJ,Reading
ytjNx9dJ,Hiking
ytjNx9dJ,Gardening
j7whQcbx,Cycling
g4T3uFTx,Painting
RXAfUIzJ,Hiking
Ms6t77v7,Reading
xdEampPP,Reading
xdEampPP,Hiking
xdEampPP,Cycling
lxvY8UJr,Cycling
lxvY8UJr,Cooking
xglEMbM1,Gardening
QTW6UQQ4,Cycling
QTW6UQQ4,Hiking
DaBApAV7,Cycling
DaBApAV7,Reading
DaBApAV7,Painting
riQb7d5d,Cycling
riQb7d5d,Gardening
kqeeTTKg,Gardening
kqeeTTKg,Cooking
kqeeTTKg,Cycling
8C2lUFgN,Reading
iiYnvnfx,Cooking
iiYnvnfx,Cycling
RsIf2b8O,Cooking
1s0JCoSo,Reading
1s0JCoSo,Cycling
1s0JCoSo,Cooking
R2rWFgkv,Cycling
R2rWFgkv,Cooking
HuycKnoZ,Gardening
6faGiolA,Painting
KXMRR1nD,Reading
KXMRR1nD,Cooking
3CDDq2gS,Hiking
upaY2rm2,Gardening
upaY2rm2,Painting
c8DWz0hn,Hiking
JPpitmPW,Hiking
JPpitmPW,Cooking
JPpitmPW,Reading
x4GEqcJt,Cycling
8zf4s704,Cycling
8zf4s704,Gardening
8zf4s704,Hiking
tjw8yjI3,Gardening
tjw8yjI3,Hiking
tjw8yjI3,Painting
7dsBQEvC,Cooking
7dsBQEvC,Cycling
7dsBQEvC,Reading
076zhbmm,Cooking
m44m5kKv,Cycling
m44m5kKv,Gardening
m44m5kKv,Hiking
kV0XT4X5,Cycling
gpzDEgbq,Cooking
9TfvNNO6,Cooking
9TfvNNO6,Cycling
2HZUSsoQ,Gardening
g9LEuZML,Painting
g9LEuZML,Reading
g9LEuZML,Cooking
yIAgW3rz,Hiking
yIAgW3rz,Reading
rVDI2xQH,Hiking
rVDI2xQH,Painting
MTnqQdj2,Reading
MTnqQdj2,Cooking
dEuBeGJp,Painting
dEuBeGJp,Gardening
9QxAVS9u,Cooking
9QxAVS9u,Reading
zkuacqbc,Gardening
TZytDxUo,Cycling
PFUAYRnz,Painting
WqOXV1FM,Hiking
YLsG3hAD,Painting
YLsG3hAD,Reading
VPiK3vdN,Reading
Hk5ogBwp,Hiking
d281Wh8k,Cooking
d281Wh8k,Hiking
0IfUDVUq,Painting
d1rGNoZP,Painting
pmbGfNGw,Cycling
pmbGfNGw,Cooking
pmbGfNGw,Gardening
Qe9lrG4S,Reading
Qe9lrG4S,Cycling
Qe9lrG4S,Hiking
TavF4YxV,Cycling
TavF4YxV,Painting
TavF4YxV,Hiking
BPAjN1Nw,Cooking
BPAjN1Nw,Gardening
Blwvka22,Gardening
Blwvka22,Cooking
IKUfWzWg,Gardening
IKUfWzWg,Hiking
hGAvCdx4,Cycling
hGAvCdx4,Gardening
hGAvCdx4,Reading
Ylg3NrcD,Cooking
UbAaQd42,Painting
UbAaQd42,Cycling
zeQT6TWK,Hiking
zeQT6TWK,Painting
xasVHT1E,Cooking
Tze8INgO,Hiking
Tze8INgO,Cooking
Tze8INgO,Cycling
PCnc2dIM,Hiking
PCnc2dIM,Gardening
gG7jCIUs,Cycling
gG7jCIUs,Reading
0dLG1Cj4,Cooking
0dLG1Cj4,Gardening
0dLG1Cj4,Cycling
ZgGalXev,Reading
BGbTQQDG,Cycling
BGbTQQDG,Gardening
BGbTQQDG,Reading
tWdkUZ0X,Cooking
tWdkUZ0X,Cycling
IwQioX9s,Cooking
IwQioX9s,Hiking
IwQioX9s,Painting
6pqdqrTZ,Gardening
6pqdqrTZ,Reading
tE19FLT7,Cycling
tE19FLT7,Cooking
tE19FLT7,Painting
yfmuSkcM,Gardening
yfmuSkcM,Hiking
D5wguzmA,Cooking
E93FbmOD,Painting
Yjrs5fZo,Painting
Yjrs5fZo,Cooking
Yjrs5fZo,Cycling
7DTV5Go9,Reading
Kksoxl7I,Reading
85mmkjZw,Cycling
85mmkjZw,Cooking
85mmkjZw,Reading
ZueISuzX,Cycling
ZueISuzX,Cooking
V7KonFVK,Cycling
V7KonFVK,Cooking
V7KonFVK,Gardening
9ySudCtO,Painting
9ySudCtO,Gardening
CLGQG3bu,Cooking
CLGQG3bu,Painting
CLGQG3bu,Reading
ETTzCKHy,Gardening
ETTzCKHy,Cycling
ETTzCKHy,Painting
pAOP2I8K,Painting
9KgaGCTw,Cooking
9KgaGCTw,Reading
9KgaGCTw,Hiking
b69BMx1D,Cycling
jSeUrXyv,Reading
jSeUrXyv,Hiking
jSeUrXyv,Cycling
1pbXLmxG,Painting
1pbXLmxG,Hiking
4KHXsoCT,Gardening
5RctIF3z,Reading
02YIsnIu,Gardening
02YIsnIu,Reading
02YIsnIu,Cycling
9Nl3HWJG,Hiking
9Nl3HWJG,Painting
9Nl3HWJG,Cycling
fMkSikgR,Cycling
fMkSikgR,Hiking
fMkSikgR,Cooking
WUiHKY7A,Painting
WUiHKY7A,Reading
vYXKU8LC,Reading
vYXKU8LC,Gardening
9zdRgcHD,Cooking
4x9J2qYF,Gardening
4x9J2qYF,Cooking
Mas5P13u,Cooking
Mas5P13u,Gardening
JPCxJMpc,Cooking
JPCxJMpc,Cycling
JPCxJMpc,Reading
Itlpvloa,Hiking
16uAUKN8,Reading
16uAUKN8,Painting
16uAUKN8,Hiking
4fwRHguB,Reading
kQVgZOnj,Cooking
kQVgZOnj,Gardening
kQVgZOnj,Painting
Ahqi7TWZ,Reading
Ahqi7TWZ,Painting
Ahqi7TWZ,Cycling
fVZoZBdS,Gardening
fVZoZBdS,Reading
fVZoZBdS,Painting
sdQNrgJd,Cycling
sdQNrgJd,Painting
hBvQm5dZ,Cycling
hBvQm5dZ,Cooking
hBvQm5dZ,Painting
jCTslob3,Reading
JZuOpMts,Cooking
1jkXJd30,Painting
1jkXJd30,Hiking
PSveoJow,Cycling
PSveoJow,Painting
L5sUQFO1,Hiking
L5sUQFO1,Painting
L5sUQFO1,Cooking
czJl2GLs,Cycling
czJl2GLs,Hiking
Dt6pDdj6,Cooking
Dt6pDdj6,Gardening
Dt6pDdj6,Reading
mJRFNKtZ,Reading
95t7hwQJ,Cycling
95t7hwQJ,Gardening
jwy8K02W,Reading
jwy8K02W,Hiking
9XU10j7J,Cooking
kS6PB5cG,Cooking
kwdW2v5Z,Cycling
G0fEXe8f,Cycling
G0fEXe8f,Cooking
F33oU2M9,Painting
F33oU2M9,Hiking
F33oU2M9,Cooking
Mk77rxFc,Cycling
ftgJecrT,Reading
ftgJecrT,Cooking
ftgJecrT,Hiking
cNktj3Ak,Cooking
QiSCd2bZ,Gardening
T5guvs4A,Gardening
fgdkyh2A,Gardening
fgdkyh2A,Painting
o8l4AZE4,Hiking
Wf3t0n99,Reading
dCgHalqa,Cooking
X0mItuuw,Cycling
X0mItuuw,Cooking
pLiHTfaA,Cycling
pLiHTfaA,Reading
AHlZGEZQ,Reading
bUDGdM6j,Hiking
bUDGdM6j,Cooking
PdVEbVHk,Cycling
Jzj492bX,Painting
Jzj492bX,Reading
Jzj492bX,Cooking
m7MHrqPw,Cooking
m7MHrqPw,Gardening
9WwYkvex,Reading
9WwYkvex,Cycling
g8VZbpDX,Hiking
TwWEGW5e,Reading
TwWEGW5e,Cooking
TwWEGW5e,Gardening
42FnDhts,Cycling
GO1kDsVK,Painting
GO1kDsVK,Gardening
GO1kDsVK,Hiking
UnD5jB0T,Cooking
UnD5jB0T,Reading
6shu2IEZ,Reading
6shu2IEZ,Cycling
hwXQp4Wb,Painting
hwXQp4Wb,Cycling
bPCsHvWg,Hiking
bPCsHvWg,Gardening
bPCsHvWg,Reading
U5NAJfPe,Painting
lOf446sx,Gardening
lOf446sx,Cycling
GaAbhPu6,Cooking
lYEU5j1v,Cycling
lYEU5j1v,Painting
Ndw8C7KN,Cooking
Ndw8C7KN,Hiking
Yx82rz6a,Painting
Yx82rz6a,Reading
GYLS7fTV,Hiking
3nEGxR38,Reading
3nEGxR38,Hiking
3nEGxR38,Cycling
8ZkGoPAy,Hiking
8ZkGoPAy,Painting
uLJjx8NY,Cycling
uLJjx8NY,Cooking
uLJjx8NY,Reading
zmgFJPCI,Cooking
zmgFJPCI,Reading
YfbFb9x9,Cycling
YfbFb9x9,Painting
YfbFb9x9,Gardening
Rq0grIov,Reading
Rq0grIov,Painting
Rq0grIov,Cycling
zvkPjZcZ,Cycling
eqNML2og,Hiking
eqNML2og,Gardening
OHb0D3wJ,Cooking
BMIx6xLi,Cycling
MGPLEyiE,Cooking
MGPLEyiE,Cycling
MGPLEyiE,Painting
Xdv6W1aB,Gardening
Xdv6W1aB,Cooking
focONDJH,Hiking
focONDJH,Cycling
focONDJH,Reading
S5MMWYIJ,Reading
S5MMWYIJ,Cooking
S5MMWYIJ,Cycling
dSEeSkzH,Hiking
hJQ3djZK,Cycling
hJQ3djZK,Gardening
hJQ3djZK,Reading
eOLjYDkq,Gardening
eOLjYDkq,Painting
eOLjYDkq,Cycling
Cs1hVwFS,Painting
Cs1hVwFS,Reading
Cs1hVwFS,Gardening
p0Kj4vpH,Cooking
KHxgLKLQ,Cycling
r1liHzf7,Cycling
FcDSqwzY,Cooking
FcDSqwzY,Reading
AMESiCGe,Painting
iDrfnYuZ,Cycling
iDrfnYuZ,Hiking
HKeFfYTb,Painting
HKeFfYTb,Hiking
Lboj97yC,Reading
Lboj97yC,Hiking
uJrT0PGn,Cycling
uJrT0PGn,Painting
g7AZjZZQ,Reading
g7AZjZZQ,Cycling
FnFwyQe5,Cooking
FnFwyQe5,Cycling
FnFwyQe5,Reading
qYSU00b0,Hiking
91BDJv7F,Gardening
91BDJv7F,Reading
91BDJv7F,Cooking
4ufRwrZm,Hiking
x44eOpyP,Hiking
x44eOpyP,Cooking
x44eOpyP,Cycling
ernT4lZ5,Painting
lw0i5Ui5,Hiking
lw0i5Ui5,Painting
0H9NQS48,Reading
0H9NQS48,Hiking
pJ7CFp30,Cooking
pJ7CFp30,Gardening
XVty5om1,Painting
XVty5om1,Reading
dFvg6Ykt,Cycling
io5rPv0T,Gardening
io5rPv0T,Cooking
io5rPv0T,Hiking
c8xZ0qwU,Painting
LuU9XXD6,Gardening
LuU9XXD6,Painting
LuU9XXD6,Hiking
Tsgf9r1G,Hiking
YMO4w7OI,Reading
zvEyPZ9i,Hiking
ULLXER9J,Cooking
OiwU9U6h,Painting
OiwU9U6h,Reading
qpPm4Fjy,Cycling
3EvnUo7t,Hiking
3EvnUo7t,Painting
1c407gr7,Reading
1c407gr7,Cooking
RpIXI96M,Cooking
qoBGNR70,Reading
LZ6v2nyo,Cooking
WSPvhbSF,Painting
WSPvhbSF,Cooking
WSPvhbSF,Gardening
jcreH5nK,Painting
jcreH5nK,Cycling
PkkibySA,Painting
aP059pGZ,Hiking
aP059pGZ,Painting
aP059pGZ,Gardening
bqWItSTh,Gardening
pDui3d1b,Painting
pDui3d1b,Reading
rZ2YYo0G,Hiking
rZ2YYo0G,Painting
rZ2YYo0G,Gardening
zwTq7OAj,Painting
zwTq7OAj,Gardening
FTeQtq9k,Gardening
08Joopxl,Hiking
08Joopxl,Gardening
08Joopxl,Cycling
mu0KOYFA,Cooking
mu0KOYFA,Reading
ZOAJSZVp,Cycling
ZOAJSZVp,Reading
i7nlbFIi,Cycling
i7nlbFIi,Gardening
PGaO6gQf,Reading
JTCjvF2b,Cooking
v5XT84Mf,Painting
v5XT84Mf,Reading
v5XT84Mf,Gardening
JkGHbJef,Hiking
JkGHbJef,Gardening
JkGHbJef,Painting
cytzSOYa,Cycling
cytzSOYa,Painting
yj8Oe7z6,Gardening
yj8Oe7z6,Cooking
Pf9UEes3,Gardening
1e1NlWVD,Cooking
1e1NlWVD,Painting
Qde4xFCN,Gardening
Qde4xFCN,Painting
y9Dkzgfz,Hiking
y9Dkzgfz,Painting
QbuuyJTr,Cycling
LxWE1WvW,Cycling
LxWE1WvW,Cooking
LxWE1WvW,Reading
ZaCdnpKc,Cycling
b5vOBbRK,Painting
b5vOBbRK,Hiking
b5vOBbRK,Gardening
fyKASxQi,Cycling
fyKASxQi,Cooking
mjXY2DVO,Gardening
mjXY2DVO,Hiking
mjXY2DVO,Painting
wahWsYjQ,Gardening
wahWsYjQ,Cooking
wahWsYjQ,Painting
epuYnPDW,Painting
epuYnPDW,Cycling
GPaFPrE0,Cycling
GPaFPrE0,Reading
GPaFPrE0,Cooking
swjs47NG,Gardening
swjs47NG,Cooking
7cJaqYS5,Cooking
UwvwWq74,Cooking
UwvwWq74,Painting
518SSLwC,Gardening
518SSLwC,Hiking
I7PtCZNF,Painting
n6Sp7qsh,Cooking
EFY0vfab,Gardening
aj29IFwv,Cooking
aj29IFwv,Reading
JHco4gea,Painting
NANRSprN,Gardening
NANRSprN,Cycling
NANRSprN,Reading
5Kr7E6bh,Gardening
5Kr7E6bh,Hiking
5Kr7E6bh,Cycling
05KGV1PD,Painting
05KGV1PD,Hiking
OaAIzxwz,Cycling
OaAIzxwz,Painting
OaAIzxwz,Cooking
lyiKM5oU,Reading
lyiKM5oU,Cycling
lyiKM5oU,Painting
Zr0s8xHy,Gardening
Zr0s8xHy,Reading
udg7Pbz9,Painting
udg7Pbz9,Cooking
udg7Pbz9,Reading
VZbw17WZ,Cycling
ULdt7E2S,Gardening
5uNy5rba,Reading
86FqlRiL,Cooking
oIVWu4Jf,Cycling
xKrEzVUV,Reading
xKrEzVUV,Cycling
xKrEzVUV,Gardening
k8AcicdU,Cycling
k8AcicdU,Gardening
bE91uPbx,Reading
bE91uPbx,Painting
bE91uPbx,Gardening
lx8tyHZd,Painting
lx8tyHZd,Gardening
lx8tyHZd,Cooking
wIpnGNuZ,Cycling
d7p6TbkS,Painting
Q6ssJBZK,Painting
Q6ssJBZK,Hiking
p8Fge9ce,Cycling
p8Fge9ce,Reading
GnIZcYIw,Cycling
GnIZcYIw,Gardening
GnIZcYIw,Cooking
oh5lHLuY,Gardening
oh5lHLuY,Cooking
oh5lHLuY,Cycling
47CH45kp,Painting
47CH45kp,Cycling
1R26GUr9,Cooking
1R26GUr9,Painting
6RJSWyX8,Hiking
7rAyBBea,Painting
2bUgKbAF,Reading
2bUgKbAF,Cooking
2bUgKbAF,Painting
Ze5QXPig,Reading
Ze5QXPig,Cooking
GevlCgeJ,Gardening
rzYlVj1L,Gardening
lj02Nd1Q,Hiking
lj02Nd1Q,Cycling
9UEnllV8,Painting
9UEnllV8,Reading
YegOzkOL,Hiking
YegOzkOL,Cycling
huK4mxOu,Cycling
huK4mxOu,Hiking
huK4mxOu,Painting
eUNbHXrR,Cycling
A45x3ve9,Cycling
A45x3ve9,Hiking
LMNx8GkO,Hiking
LMNx8GkO,Cycling
LMNx8GkO,Painting
EHre0ngW,Cooking
EHre0ngW,Reading
sR1SonSi,Cooking
sR1SonSi,Painting
sR1SonSi,Cycling
Dqs3esoT,Reading
Dqs3esoT,Cycling
Dqs3esoT,Painting
oOInCWwO,Cycling
gUB7bKKQ,Cycling
gUB7bKKQ,Reading
EauPzYKk,Painting
EauPzYKk,Cooking
uNbMneky,Cycling
uNbMneky,Reading
uNbMneky,Cooking
CKAqAxee,Cooking
5qv4i12E,Painting
ECUSVgUY,Painting
nxh4JnYG,Reading
oNv5T6Sc,Cooking
oNv5T6Sc,Hiking
oNv5T6Sc,Reading
J8JIbF5A,Cycling
J8JIbF5A,Hiking
Kqj4WMwR,Cooking
kZMhclLE,Cycling
kZMhclLE,Hiking
w3vpTGWY,Cooking
w3vpTGWY,Painting
lYswLmqu,Cycling
lYswLmqu,Reading
lYswLmqu,Painting
XdoMf2I4,Hiking
x901sT1a,Cooking
ayziF63M,Reading
ayziF63M,Hiking
ayziF63M,Cycling
NmxWlSpm,Painting
fO3QfI1O,Cooking
fO3QfI1O,Reading
fO3QfI1O,Cycling
TUPGCsFY,Hiking
JYdiGcjE,Cycling
JYdiGcjE,Reading
Rh2ZU44S,Cycling
Rh2ZU44S,Gardening
fuQbbefi,Cycling
fuQbbefi,Cooking
fuQbbefi,Gardening
Bek68fg8,Reading
Bek68fg8,Gardening
NAcYRO3w,Hiking
0T1todjd,Painting
M0m5bqI3,Cooking
M0m5bqI3,Painting
tQTNtZ2g,Hiking
tQTNtZ2g,Cooking
tQTNtZ2g,Cycling
56JU9cEw,Gardening
ekmcIi7q,Hiking
ekmcIi7q,Reading
Cg0JUjZ1,Painting
Cg0JUjZ1,Cooking
JcaNxL5O,Gardening
JcaNxL5O,Hiking
mdHQAZLL,Reading
mdHQAZLL,Cycling
mdHQAZLL,Painting
4dOBMWl7,Reading
4dOBMWl7,Gardening
BfGHoq3g,Gardening
BfGHoq3g,Cooking
BfGHoq3g,Hiking
cnF5JDnW,Hiking
2el4EGtC,Hiking
0XoTA3I3,Reading
xEjeSaJI,Painting
xEjeSaJI,Reading
yPXbn1EV,Gardening
yPXbn1EV,Hiking
yPXbn1EV,Reading
Isukhwmw,Cooking
Isukhwmw,Cycling
64h3XhL0,Painting
XUzHN3vZ,Cycling
XUzHN3vZ,Gardening
XUzHN3vZ,Cooking
GJ5vbfSC,Hiking
NYdSAxDr,Painting
DkpFNcO1,Hiking
DkpFNcO1,Cycling
DkpFNcO1,Gardening
eloDgShB,Painting
eloDgShB,Reading
eloDgShB,Hiking
uJEcRmaL,Gardening
uJEcRmaL,Painting
uJEcRmaL,Cooking
rwliwjYa,Cycling
Rrt3wsFE,Hiking
Rrt3wsFE,Painting
Rrt3wsFE,Cooking
qzQBLZwr,Cycling
qzQBLZwr,Cooking
qzQBLZwr,Reading
AoH8BikL,Cooking
6zjFM3Wj,Cycling
Ox7slMri,Hiking
GUhJVAwm,Painting
QBqsaDSM,Painting
QBqsaDSM,Hiking
Hk4iUR15,Cooking
EEMpRtDS,Cycling
EEMpRtDS,Painting
EEMpRtDS,Gardening
jXfpqX10,Cycling
jXfpqX10,Reading
wwZ1F4u3,Gardening
wwZ1F4u3,Cooking
wwZ1F4u3,Reading
8aajDlPu,Reading
VkooAxaz,Reading
VkooAxaz,Painting
VkooAxaz,Cycling
XapCqJJ0,Cooking
FGkMfge6,Painting
FGkMfge6,Gardening
FGkMfge6,Reading
enyI3YeK,Reading
enyI3YeK,Cooking
enyI3YeK,Cycling
mqlJ2g9X,Hiking
mqlJ2g9X,Cycling
WmRkNRHg,Gardening
WmRkNRHg,Reading
WmRkNRHg,Hiking
WTNiVkXZ,Hiking
WTNiVkXZ,Painting
WTNiVkXZ,Cycling
uMJn12bV,Gardening
SBVvUMwj,Cooking
M3QhP6a1,Gardening
M3QhP6a1,Cycling
T0LYBRbM,Cooking
T0LYBRbM,Gardening
YfNdnmbT,Cycling
Wz8ifeWL,Hiking
Wz8ifeWL,Cycling
Wz8ifeWL,Gardening
Kdcl85hI,Cycling
Kdcl85hI,Painting
JFe5NiNu,Cycling
JFe5NiNu,Painting
JFe5NiNu,Gardening
vYGp2bGH,Hiking
9OATDvHR,Painting
zl0ZQSLd,Cooking
U9IpLkWh,Painting
WwAv6Buk,Cooking
uZzv7zQy,Hiking
uZzv7zQy,Reading
0yCZsRW3,Cycling
0yCZsRW3,Hiking
aaePP0c7,Gardening
FU8qQMgY,Cooking
FU8qQMgY,Cycling
nlntosjX,Reading
nlntosjX,Gardening
nlntosjX,Painting
uQHJ5Ir1,Painting
RIyb91xL,Hiking
RIyb91xL,Cycling
NP7ooYun,Cycling
NP7ooYun,Painting
diaM9WbE,Painting
v3V3aI5C,Painting
v3V3aI5C,Hiking
WF1RPzZv,Cooking
LHsf5rMc,Cooking
LHsf5rMc,Reading
LHsf5rMc,Cycling
JqDBLdg6,Hiking
JqDBLdg6,Reading
JqDBLdg6,Cooking
ngOOjeEW,Gardening
ngOOjeEW,Reading
ngOOjeEW,Hiking
1y8iEtn3,Cooking
1y8iEtn3,Gardening
1y8iEtn3,Reading
d8hjElRK,Cooking
d8hjElRK,Reading
d8hjElRK,Cycling
HtTMdaHR,Hiking
HtTMdaHR,Cooking
HtTMdaHR,Cycling
9dHDPeyG,Gardening
9dHDPeyG,Cycling
9dHDPeyG,Painting
DDdDpBHW,Painting
DDdDpBHW,Cooking
DDdDpBHW,Reading
uZA3BBMg,Painting
f6cnn4Rh,Hiking
f6cnn4Rh,Cycling
f6cnn4Rh,Gardening
UK1zd1MX,Cooking
q2tkfN3n,Cycling
q2tkfN3n,Reading
q2tkfN3n,Hiking
5ZNNu8xo,Reading
5ZNNu8xo,Hiking
6IGoU081,Cooking
6IGoU081,Cycling
MjzuqlUv,Cycling
YiGTUxIT,Gardening
YiGTUxIT,Painting
yY4PjrQi,Cycling
yY4PjrQi,Painting
v46lQcbG,Gardening
v46lQcbG,Cycling
0vuGH6nS,Reading
lNqG0Hz2,Cycling
QSAWI4F9,Reading
QSAWI4F9,Gardening
QSAWI4F9,Painting
RN9OUc0W,Cooking
qXuIBrNa,Hiking
qXuIBrNa,Painting
pmIdqJNC,Painting
pmIdqJNC,Cycling
TYv2CInA,Hiking
ZKeik2lE,Cycling
ZKeik2lE,Cooking
foMNXN19,Cooking
foMNXN19,Gardening
foMNXN19,Hiking
S8IxMbBw,Painting
ATHqkx4M,Gardening
ATHqkx4M,Reading
8AcScxfs,Cycling
8AcScxfs,Hiking
a6FuLh24,Cycling
D6JZllpn,Hiking
D6JZllpn,Reading
D6JZllpn,Cycling
PikvCIyh,Painting
PikvCIyh,Gardening
MaNPG0aC,Cooking
MaNPG0aC,Gardening
IUKpxjlb,Cycling
IUKpxjlb,Reading
1yts7aPP,Cycling
1yts7aPP,Painting
oM8KpWx1,Cycling
oM8KpWx1,Cooking
oM8KpWx1,Reading
7OwXAbXT,Hiking
7OwXAbXT,Cooking
iooYeM80,Hiking
iooYeM80,Cooking
iooYeM80,Reading
7jHQXAJb,Cooking
7jHQXAJb,Painting
7jHQXAJb,Cycling
Zh2yCGdr,Gardening
pqJL3vE5,Painting
6wyoLJcw,Hiking
6wyoLJcw,Reading
6wyoLJcw,Gardening
uNoB467r,Cycling
uNoB467r,Reading
uNoB467r,Cooking
pGuz43O2,Cooking
pGuz43O2,Hiking
Gj5guEbm,Cooking
Gj5guEbm,Hiking
Gj5guEbm,Reading
otH5UqRq,Painting
otH5UqRq,Gardening
NKspWhzI,Cooking
lekPNxjF,Painting
lekPNxjF,Hiking
S3vlSb6j,Cooking
S3vlSb6j,Reading
5WpFwLkX,Cycling
5WpFwLkX,Painting
MnMsvBOG,Hiking
MnMsvBOG,Gardening
OFlDvKDn,Painting
OFlDvKDn,Gardening
OFlDvKDn,Reading
g8UE8TbJ,Gardening
g8UE8TbJ,Reading
a2xqqZoD,Reading
a2xqqZoD,Painting
wO3qhDfc,Reading
wO3qhDfc,Cycling
wO3qhDfc,Gardening
nf4VZGll,Painting
9FDZgyTS,Cooking
mbjbIm8m,Cooking
mbjbIm8m,Cycling
mbjbIm8m,Reading
T3Gd3X1L,Gardening
T3Gd3X1L,Cycling
T3Gd3X1L,Reading
YDzADDLm,Painting
YDzADDLm,Cooking
YDzADDLm,Cycling
Rsdmhuji,Painting
Rsdmhuji,Cycling
Rsdmhuji,Cooking
G075wWQB,Cooking
VFQusVuV,Gardening
96KVErRA,Cycling
PjtqHsis,Hiking
PjtqHsis,Reading
PjtqHsis,Painting
2VPY6Rrg,Cycling
2VPY6Rrg,Painting
xa5ohxGo,Reading
iCQUzuxr,Cooking
9BJ0YUvK,Cooking
9BJ0YUvK,Reading
TLSOSwuB,Gardening
TLSOSwuB,Painting
BrTq56ol,Hiking
BrTq56ol,Cooking
BrTq56ol,Cycling
Fwz81UYT,Hiking
Fwz81UYT,Gardening
Fwz81UYT,Cycling
TnVEKM66,Gardening
a5yadXYu,Cooking
a5yadXYu,Painting
XrooGLBG,Cycling
XrooGLBG,Hiking
lJkQBLt8,Reading
mSN72dSP,Cycling
mSN72dSP,Hiking
mSN72dSP,Gardening
JAOM0MKF,Painting
JAOM0MKF,Gardening
LVEFhJ5L,Gardening
LVEFhJ5L,Cooking
nWMU3yn5,Gardening
EtuoG2lF,Cycling
EtuoG2lF,Cooking
EtuoG2lF,Reading
zSVk4HnQ,Painting
oTwOf8gk,Cycling
oTwOf8gk,Reading
oTwOf8gk,Hiking
PWvcay0g,Gardening
PWvcay0g,Cooking
iTJzVijA,Cooking
iTJzVijA,Hiking
iTJzVijA,Reading
fb1B2TfW,Hiking
fb1B2TfW,Gardening
m5jbJxBj,Reading
m5jbJxBj,Hiking
Z5Gl5oGZ,Cycling
Z5Gl5oGZ,Reading
Z5Gl5oGZ,Painting
ZkBUjRpY,Gardening
cthN9WQ0,Gardening
x7F5F8zc,Reading
x7F5F8zc,Gardening
bEubmAr6,Gardening
0fTEtJ5c,Cooking
0fTEtJ5c,Cycling
0fTEtJ5c,Reading
MVMyVXNQ,Gardening
MVMyVXNQ,Hiking
MVMyVXNQ,Painting
PQdMpQRi,Cycling
PQdMpQRi,Hiking
PQdMpQRi,Cooking
hR9Nv9jj,Cooking
yNGHedzf,Cooking
GL7ttX0w,Reading
E9CcE2r0,Cycling
E9ZMTGf9,Painting
5fPjhJgO,Cooking
TTDt2ttM,Cycling
TTDt2ttM,Hiking
TTDt2ttM,Painting
4FsEAEhO,Cooking
4FsEAEhO,Cycling
7fkjqMyT,Hiking
7fkjqMyT,Reading
7fkjqMyT,Cycling
dbLgkMk2,Cooking
dbLgkMk2,Hiking
dbLgkMk2,Reading
XmXLCaXv,Cooking
8k53ufQF,Painting
8k53ufQF,Reading
8k53ufQF,Gardening
nnM7wJDr,Hiking
nZKfQRm9,Hiking
HFAXUYjF,Cooking
HFAXUYjF,Hiking
HFAXUYjF,Painting
scsRCql4,Cooking
o0zX9MQ3,Hiking
o0zX9MQ3,Gardening
Nn76nqtf,Reading
Nn76nqtf,Cycling
Nn76nqtf,Gardening
BD9d45Ej,Reading
BD9d45Ej,Cycling
nZ6U6m5M,Hiking
h1gQf1u9,Painting
NcSxkpj3,Cycling
NcSxkpj3,Painting
NcSxkpj3,Cooking
ZcvxaVQo,Cooking
ZcvxaVQo,Cycling
KlmrrZ8C,Cooking
KlmrrZ8C,Painting
KlmrrZ8C,Reading
iQXHNS4A,Gardening
FzxJqIeL,Cooking
FzxJqIeL,Reading
fK6fWapJ,Cycling
NxA6ptIE,Gardening
QmwKRk1l,Painting
QmwKRk1l,Hiking
jk1oPUR9,Reading
jk1oPUR9,Gardening
jk1oPUR9,Painting
SdQ6QoeI,Painting
SdQ6QoeI,Cycling
S6MNQ7ic,Cycling
S6MNQ7ic,Cooking
tqiK26RD,Gardening
Qwyrf9HT,Gardening
fkjyTyKQ,Hiking
fkjyTyKQ,Gardening
fkjyTyKQ,Cooking
CtBpXA6X,Hiking
CtBpXA6X,Cycling
CtBpXA6X,Cooking
JxCmGnAe,Cooking
JxCmGnAe,Painting
JxCmGnAe,Gardening
HACApvVM,Cycling
gIfCtaEy,Gardening
gIfCtaEy,Painting
gIfCtaEy,Reading
LgigZ6ep,Painting
LgigZ6ep,Cooking
Ioz4qiGD,Cooking
Ioz4qiGD,Reading
eETydsEU,Painting
HN1ee9oh,Gardening
HN1ee9oh,Cycling
ouWwyPLD,Cooking
nfDGkikD,Painting
nfDGkikD,Cycling
nfDGkikD,Cooking
btAQQFN1,Cooking
btAQQFN1,Painting
8W0sRgih,Reading
2cfKOrm8,Cooking
2cfKOrm8,Painting
2cfKOrm8,Hiking
lqhlbokH,Reading
lqhlbokH,Gardening
lqhlbokH,Cycling
0QO7KbPD,Hiking
0QO7KbPD,Cycling
eVWkgVO4,Hiking
QLoOpQwo,Hiking
QLoOpQwo,Reading
5MgN5Lh5,Hiking
qwesUC5O,Cycling
4gLNhUX7,Hiking
qR0kb9wT,Cooking
qR0kb9wT,Cycling
iZa1h23k,Gardening
NnQFxGnP,Cycling
NnQFxGnP,Cooking
xt6lb1pF,Reading
Qvn2WI4O,Hiking
Qvn2WI4O,Cooking
UT5iage3,Cycling
f3MGE95f,Cycling
H6mxyhCp,Cycling
H6mxyhCp,Hiking
9AgVLLAl,Cooking
b5vUHF6R,Reading
b5vUHF6R,Painting
b5vUHF6R,Hiking
Ff8CNVFT,Cycling
dKCbOX1e,Cooking
dKCbOX1e,Cycling
dKCbOX1e,Reading
0vWxo6rf,Reading
0vWxo6rf,Hiking
0vWxo6rf,Painting
sA9NM1yD,Painting
sA9NM1yD,Cycling
YvsY55xk,Gardening
YvsY55xk,Painting
07Ltls9Y,Cycling
07Ltls9Y,Painting
07Ltls9Y,Gardening
O73z02Bp,Cycling
O73z02Bp,Cooking
O73z02Bp,Hiking
Du4fEEg8,Reading
Du4fEEg8,Painting
GJFEcj0f,Cooking
GJFEcj0f,Hiking
GJFEcj0f,Painting
8rr9QAGV,Cooking
czsVKQ4u,Gardening
czsVKQ4u,Painting
czsVKQ4u,Cooking
gqZxG2zS,Cooking
gqZxG2zS,Gardening
zhqeXBf7,Cooking
zhqeXBf7,Painting
zhqeXBf7,Gardening
unsOV2mT,Reading
unsOV2mT,Cycling
unsOV2mT,Gardening
BtF5p3em,Cooking
BtF5p3em,Cycling
H8fowOvG,Hiking
H8fowOvG,Reading
FoUDTAi1,Reading
Z2KxMPgO,Painting
Z2KxMPgO,Gardening
uTdXpEBK,Hiking
uTdXpEBK,Cooking
uTdXpEBK,Painting
eCCZNU4s,Reading
daLW3Fcw,Cycling
2PMSI7G2,Hiking
ayr9Vrn8,Cooking
XtQyC9Lk,Cooking
U8So781t,Cooking
4hf46MzK,Cycling
4hf46MzK,Hiking
iNd7jiD8,Cooking
iNd7jiD8,Reading
iNd7jiD8,Painting
LDPkxAEA,Cycling
LDPkxAEA,Gardening
P4FG2Pem,Reading
P4FG2Pem,Hiking
P4FG2Pem,Cooking
ONTK1S7H,Gardening
lFhkmsfh,Gardening
lFhkmsfh,Cooking
NVUSaJ3h,Painting
NVUSaJ3h,Cycling
NVUSaJ3h,Cooking
tN6iaWJM,Hiking
tN6iaWJM,Gardening
tN6iaWJM,Cycling
GrUKYWFp,Reading
GrUKYWFp,Gardening
GrUKYWFp,Cooking
ko1no0wZ,Hiking
ko1no0wZ,Cycling
ut8YsfLJ,Hiking
ut8YsfLJ,Cycling
ut8YsfLJ,Painting
kwK8kqwh,Painting
0dAgK78O,Gardening
0dAgK78O,Painting
eIKq3AKm,Hiking
eIKq3AKm,Gardening
eIKq3AKm,Reading
iEsrL9WS,Painting
iEsrL9WS,Hiking
iEsrL9WS,Cooking
qpNUxvSr,Hiking
qpNUxvSr,Cycling
8QZUXzTV,Cycling
8QZUXzTV,Cooking
Drvss0Eh,Reading
Drvss0Eh,Painting
Drvss0Eh,Hiking
8v1ZaBid,Cycling
yl6lrxRP,Painting
yl6lrxRP,Hiking
yl6lrxRP,Cooking
kn5T1TMZ,Gardening
kn5T1TMZ,Cycling
kn5T1TMZ,Hiking
kO955mMT,Gardening
kO955mMT,Hiking
kO955mMT,Cooking
Yb0JnHUs,Hiking
Yb0JnHUs,Reading
Yb0JnHUs,Gardening
NRgwLOlu,Cooking
NRgwLOlu,Hiking
NRgwLOlu,Cycling
bIpNlCXQ,Reading
318B8tW9,Hiking
318B8tW9,Gardening
318B8tW9,Painting
ZdXuzraf,Reading
ZdXuzraf,Cooking
ZdXuzraf,Hiking
rBSROd1S,Reading
rBSROd1S,Cycling
rBSROd1S,Cooking
pMocTggu,Cooking
8A4q7k4B,Gardening
8A4q7k4B,Cycling
1MUySRr7,Painting
CYZqFKzq,Hiking
EpkTP0Wk,Cycling
EpkTP0Wk,Painting
EpkTP0Wk,Gardening
hBgxB0ko,Hiking
hBgxB0ko,Cycling
hBgxB0ko,Reading
ERWBt36K,Gardening
fqXf5Fyn,Reading
NkgvkZaP,Painting
NkgvkZaP,Gardening
B1uSpdxK,Cycling
B1uSpdxK,Painting
Wgteoo0q,Cycling
94GIazuQ,Cycling
9CCLDPLg,Gardening
9CCLDPLg,Cycling
9CCLDPLg,Cooking
8bho9v8L,Reading
y3pmvmjq,Cycling
y3pmvmjq,Hiking
y3pmvmjq,Reading
FvWjvDFm,Cycling
FvWjvDFm,Reading
so20ZZiN,Painting
so20ZZiN,Cooking
so20ZZiN,Hiking
sJwWMjJZ,Hiking
sJwWMjJZ,Cycling
8Cs8TgM7,Gardening
8Cs8TgM7,Reading
AVa7TVjE,Painting
AVa7TVjE,Cooking
AVa7TVjE,Cycling
3bYAfie0,Hiking
aqqnBAar,Hiking
aqqnBAar,Painting
LbVL7tBo,Cycling
O7l0xTwr,Gardening
O7l0xTwr,Cooking
vi6Ow0hj,Cycling
tls2Lm7f,Cooking
tls2Lm7f,Painting
vIFrexTR,Cooking
vIFrexTR,Cycling
vIFrexTR,Painting
yBI4U9Xi,Cooking
He9VhWkW,Painting
He9VhWkW,Cooking
He9VhWkW,Cycling
lqQmoA5g,Hiking
lqQmoA5g,Cycling
8kNzKQwL,Hiking
8kNzKQwL,Painting
8kNzKQwL,Reading
ImrRtAAv,Painting
1lLzQS23,Reading
1lLzQS23,Painting
FuElun6N,Reading
2HsVg2Dr,Cycling
2HsVg2Dr,Reading
2HsVg2Dr,Gardening
cr6ik9rr,Gardening
krIC2sfu,Painting
krIC2sfu,Gardening
krIC2sfu,Cycling
rEA60bI9,Painting
rEA60bI9,Cycling
rEA60bI9,Gardening
G3q41e10,Cycling
GlIN9TJJ,Cycling
GlIN9TJJ,Gardening
ivgqfucR,Cooking
ivgqfucR,Cycling
sJWKoiQs,Cooking
LHG81Mtj,Gardening
LHG81Mtj,Cooking
RILQgyPB,Painting
4PlizWWK,Gardening
4PlizWWK,Reading
4MPCFaWn,Cycling
4MPCFaWn,Gardening
4MPCFaWn,Reading
B5hLIDun,Hiking
zPrByKRB,Cycling
zPrByKRB,Hiking
ApV9ZO4B,Cooking
Qs0ILlip,Painting
Qs0ILlip,Reading
yZ7ElspO,Painting
yZ7ElspO,Gardening
bevXjsEW,Cycling
CNOO2hr4,Gardening
CNOO2hr4,Painting
CNOO2hr4,Hiking
Jfnfk8bq,Hiking
Jfnfk8bq,Gardening
GARzlyvJ,Cooking
GARzlyvJ,Reading
GARzlyvJ,Painting
oBYen5xi,Hiking
oBYen5xi,Gardening
oBYen5xi,Cycling
K0X5tWFY,Reading
K0X5tWFY,Cycling
K0X5tWFY,Cooking
GqQ4UwVK,Hiking
GqQ4UwVK,Reading
GqQ4UwVK,Cooking
yv2e5VpK,Reading
ZlgDO79K,Hiking
ZlgDO79K,Reading
OzhIxEW6,Cycling
OzhIxEW6,Painting
xO64bTD7,Painting
V0ZKIozg,Reading
hKGTUepz,Cycling
hKGTUepz,Cooking
M8vLPg91,Cycling
M8vLPg91,Reading
M8vLPg91,Gardening
me33cQtD,Gardening
me33cQtD,Painting
jnrWjFkB,Cycling
jnrWjFkB,Gardening
jnrWjFkB,Hiking
HCbQZViS,Cycling
HCbQZViS,Gardening
pbxBUtOw,Cooking
pbxBUtOw,Hiking
pbxBUtOw,Reading
re3XFRxt,Cooking
pJzrVDbq,Gardening
pJzrVDbq,Hiking
pJzrVDbq,Reading
WFdxv4Q4,Reading
WFdxv4Q4,Cooking
2o0p3C6u,Reading
2o0p3C6u,Gardening
2o0p3C6u,Hiking
34fH3Fdq,Cooking
34fH3Fdq,Cycling
34fH3Fdq,Hiking
XvscQTVQ,Cooking
HL0LTTT6,Reading
HL0LTTT6,Cycling
HL0LTTT6,Gardening
qkibuhVo,Gardening
qkibuhVo,Painting
qkibuhVo,Cooking
KWIT9tHu,Cooking
m0wfZVMB,Cooking
TsJ2btpq,Cycling
Hm5FrwXB,Painting
bXnjxIl0,Cooking
bXnjxIl0,Painting
bXnjxIl0,Hiking
Z14bqgpT,Cycling
Z14bqgpT,Hiking
vECK5SMp,Cooking
1EhEISvf,Cooking
pWWDkHJE,Cycling
pWWDkHJE,Gardening
pWWDkHJE,Reading
PO3DyoGb,Cycling
PO3DyoGb,Cooking
TBufSwfL,Hiking
TBufSwfL,Painting
rwkzcwjT,Gardening
QUu2toKi,Cycling
QUu2toKi,Reading
QUu2toKi,Cooking
YJ93uZ0Z,Hiking
YJ93uZ0Z,Reading
67mhJkfC,Painting
67mhJkfC,Cooking
67mhJkfC,Reading
SHE2esUe,Hiking
SHE2esUe,Painting
gyymm74e,Cycling
ZHPMZeX7,Painting
ZHPMZeX7,Cooking
ZHPMZeX7,Gardening
VT0Jtbn5,Gardening
VT0Jtbn5,Cycling
VT0Jtbn5,Reading
ojQUqh46,Painting
ojQUqh46,Cooking
ojQUqh46,Hiking
hMtmc2Hr,Painting
hMtmc2Hr,Reading
0IjCEWR0,Painting
QLNVJE30,Gardening
6dB08rV3,Reading
65jWKkFc,Painting
65jWKkFc,Reading
q8j3g8vQ,Hiking
k8a4XhgH,Painting
k8a4XhgH,Hiking
tnoWBueq,Cooking
tnoWBueq,Painting
VdvSABr9,Cooking
VdvSABr9,Hiking
VdvSABr9,Cycling
eNkHR8uC,Gardening
eNkHR8uC,Painting
eNkHR8uC,Cooking
PMtfP5Nz,Hiking
vFi6OjUn,Gardening
vFi6OjUn,Cycling
TC67Z9dV,Cycling
o7u80j9o,Painting
o7u80j9o,Hiking
o7u80j9o,Gardening
NtKfSTiZ,Cooking
NtKfSTiZ,Reading
TC0L3bOI,Hiking
TC0L3bOI,Cooking
TC0L3bOI,Cycling
7ti87oJS,Painting
uwlh38Q6,Reading
uwlh38Q6,Cooking
uwlh38Q6,Gardening
k1KpLoMk,Reading
pPQv5vNS,Gardening
pPQv5vNS,Cycling
Ore8NkBu,Painting
Ore8NkBu,Reading
Ore8NkBu,Cycling
xrUdOmrX,Reading
xrUdOmrX,Painting
xrUdOmrX,Cooking
3hkqx5fZ,Reading
3hkqx5fZ,Hiking
3hkqx5fZ,Painting
q3dsEkKY,Reading
q3dsEkKY,Gardening
q3dsEkKY,Painting
463or4jO,Gardening
463or4jO,Hiking
0CIXVKHg,Hiking
0CIXVKHg,Cooking
0CIXVKHg,Cycling
mJAdPJ17,Cycling
ke9r8dPh,Gardening
ke9r8dPh,Cycling
c7UGtdx0,Reading
UMLjFAn5,Hiking
UdVBrtHY,Cooking
UdVBrtHY,Reading
5tHelaUt,Painting
F9nFjmrK,Painting
F9nFjmrK,Cycling
F9nFjmrK,Hiking
sXBm8JeZ,Hiking
sXBm8JeZ,Painting
9JgZdfHm,Reading
OLiOJ956,Cycling
OLiOJ956,Hiking
OLiOJ956,Gardening
Cmk9ZChz,Cooking
Cmk9ZChz,Reading
xAfukHPY,Cooking
kjzzl76i,Cycling
kjzzl76i,Reading
kjzzl76i,Painting
4WtsiYuZ,Reading
aIhm1pnU,Hiking
aIhm1pnU,Gardening
aIhm1pnU,Cycling
unyXW1bz,Hiking
unyXW1bz,Cooking
jXeXM9iu,Reading
xw5JdwOS,Cycling
xw5JdwOS,Reading
xw5JdwOS,Hiking
RCLAGgeA,Cooking
RCLAGgeA,Gardening
RCLAGgeA,Cycling
jgHBKogt,Hiking
jgHBKogt,Painting
jgHBKogt,Cooking
H99eKAUp,Cooking
H99eKAUp,Gardening
H99eKAUp,Cycling
mY7csIxw,Painting
mY7csIxw,Reading
mY7csIxw,Cycling
v2f5kCdN,Gardening
v2f5kCdN,Hiking
yrPM4wIK,Gardening
yrPM4wIK,Cooking
nlQvo78j,Painting
n7H8mD3W,Cycling
DhynXsYi,Reading
DhynXsYi,Cycling
DhynXsYi,Gardening
rtgZhwkQ,Cooking
rtgZhwkQ,Painting
jiXM8Gdu,Gardening
jiXM8Gdu,Cooking
g1KQAneV,Gardening
g1KQAneV,Painting
g1KQAneV,Cycling
yUECA1TP,Painting
yUECA1TP,Gardening
rVJt8mZe,Painting
mBeIKePt,Cooking
mBeIKePt,Painting
mBeIKePt,Hiking
qgOfDtht,Hiking
qgOfDtht,Cycling
oAdahEEY,Reading
7EC71zYk,Gardening
7EC71zYk,Cycling
GiTxxlFa,Reading
GiTxxlFa,Cycling
GiTxxlFa,Gardening
PldCnr4W,Painting
PldCnr4W,Cooking
hEO0YXNp,Cooking
hEO0YXNp,Painting
hEO0YXNp,Gardening
T6s8Lwoa,Painting
T6s8Lwoa,Cooking
mRIpNvI9,Painting
nJnA5RQg,Cooking
ggGcCEjc,Gardening
W4gRzELD,Painting
W4gRzELD,Hiking
6bQbNZjN,Gardening
6bQbNZjN,Hiking
6bQbNZjN,Cooking
0nMrnYfT,Hiking
uD2Xv1gr,Cycling
yhXkQqlq,Reading
yhXkQqlq,Gardening
yhXkQqlq,Cycling
bSkVG2Zm,Hiking
K3Bo3mBo,Painting
K3Bo3mBo,Reading
K3Bo3mBo,Hiking
d6E4TwdM,Reading
457RHlha,Gardening
457RHlha,Cycling
457RHlha,Hiking
onQZiibY,Cycling
onQZiibY,Cooking
jdYLwSAK,Cooking
jdYLwSAK,Gardening
YxeRD7i0,Gardening
W1WjcYnD,Hiking
vn8Pmucm,Painting
vn8Pmucm,Cycling
j3mcvVN7,Reading
j3mcvVN7,Painting
j3mcvVN7,Gardening
vAk1R0Ak,Hiking
vAk1R0Ak,Gardening
vAk1R0Ak,Cycling
SCr8Rt36,Cycling
SCr8Rt36,Gardening
khivjdeF,Cooking
khivjdeF,Hiking
khivjdeF,Painting
4rsDnYx6,Cooking
4rsDnYx6,Cycling
4rsDnYx6,Reading
hnZuJ6wj,Painting
hnZuJ6wj,Cooking
hnZuJ6wj,Gardening
1MVVl28A,Painting
1MVVl28A,Cooking
1MVVl28A,Cycling
6lLpr4Rs,Cycling
m1mmNq5d,Gardening
m1mmNq5d,Painting
m1mmNq5d,Cooking
0C7UFAdS,Painting
0C7UFAdS,Gardening
0C7UFAdS,Hiking
ZV9ZoidV,Cooking
ZV9ZoidV,Painting
g0v54CKA,Cooking
3Q81r337,Hiking
3Q81r337,Painting
3Q81r337,Cycling
Nr1TJzsS,Hiking
n9MhfKEk,Painting
G2b4TyX5,Hiking
G2b4TyX5,Painting
yBMoaopn,Cycling
yBMoaopn,Reading
yBMoaopn,Painting
PrIjmBUh,Painting
PrIjmBUh,Reading
cYNi00O8,Cycling
75lPBqpn,Gardening
75lPBqpn,Cycling
75lPBqpn,Painting
XH2OjNuy,Cooking
XH2OjNuy,Painting
4wK45NKZ,Reading
4wK45NKZ,Hiking
4wK45NKZ,Cycling
akIsutRD,Hiking
akIsutRD,Painting
5QKoCfgX,Painting
5QKoCfgX,Gardening
yCeIz7QC,Painting
yCeIz7QC,Gardening
4FKRU4Rs,Gardening
4FKRU4Rs,Cycling
4FKRU4Rs,Hiking
Cm5sEXKk,Gardening
Cm5sEXKk,Hiking
Cm5sEXKk,Cooking
heByuAAj,Cooking
heByuAAj,Gardening
heByuAAj,Hiking
J2pfCgum,Gardening
J2pfCgum,Reading
MIYqtsGq,Painting
MIYqtsGq,Hiking
MIYqtsGq,Reading
zkZCnQ5W,Cycling
5IQmlH5J,Cycling
5IQmlH5J,Cooking
5IQmlH5J,Reading
TSfgt4ov,Gardening
Lyba0Yvg,Hiking
Lyba0Yvg,Reading
Lyba0Yvg,Cycling
1794i5pk,Cycling
PXgULSDG,Hiking
eJ2VZdSP,Cycling
eJ2VZdSP,Cooking
eJ2VZdSP,Reading
KvZvGlDk,Cooking
GizmOeC6,Painting
GizmOeC6,Reading
GizmOeC6,Cycling
qEXI8clB,Cooking
qEXI8clB,Hiking
qEXI8clB,Reading
cNJOrFYO,Cooking
LgsGe3bI,Reading
LgsGe3bI,Hiking
LgsGe3bI,Cycling
UJnw6fcJ,Hiking
8wh8uJBt,Hiking
SHqJOr07,Cooking
SHqJOr07,Gardening
buGuFPv5,Gardening
buGuFPv5,Reading
HpdNmF9r,Cycling
HpdNmF9r,Gardening
HpdNmF9r,Hiking
6o3kWPOU,Reading
6o3kWPOU,Painting
e9SYek50,Cooking
1ibDVYH8,Cycling
1ibDVYH8,Hiking
1ibDVYH8,Reading
dpdxvhfA,Gardening
dpdxvhfA,Cooking
njjwjlpk,Gardening
njjwjlpk,Hiking
njjwjlpk,Painting
eqBecfTf,Cycling
EVndBRNB,Gardening
EVndBRNB,Hiking
KrLJXQmv,Painting
KrLJXQmv,Cooking
KrLJXQmv,Hiking
6Kd8s25O,Hiking
6Kd8s25O,Cycling
IhNdUFW7,Gardening
IhNdUFW7,Hiking
IhNdUFW7,Cycling
yL786Qg7,Reading
Su2iQaOR,Gardening
RYlTpO9o,Cycling
RYlTpO9o,Cooking
rvBvUGUa,Cooking
rvBvUGUa,Reading
As6jsOG1,Gardening
As6jsOG1,Reading
zYJ9iABA,Reading
AjiaXxbs,Cooking
z87iHo8c,Cycling
g6oJkSKQ,Cycling
g6oJkSKQ,Reading
g6oJkSKQ,Gardening
P1kL0k0J,Cooking
P1kL0k0J,Gardening
P1kL0k0J,Cycling
KYphmevo,Hiking
KYphmevo,Reading
KYphmevo,Gardening
diMbNLaL,Cycling
diMbNLaL,Painting
c4MkrJGk,Reading
c4MkrJGk,Painting
c4MkrJGk,Cycling
TZZF2eoM,Hiking
TZZF2eoM,Reading
2w15TOPM,Gardening
2w15TOPM,Reading
sl7KObIb,Reading
sl7KObIb,Cycling
sl7KObIb,Hiking
VyNIxPLg,Painting
2IcpXMcY,Hiking
2IcpXMcY,Cooking
2IcpXMcY,Gardening
6ndKI9tc,Painting
6ndKI9tc,Reading
vvkMulak,Reading
EcR9CdUM,Cycling
TkpopXZb,Reading
OUTrPbxC,Reading
vqRA6qyH,Cycling
vqRA6qyH,Painting
vqRA6qyH,Hiking
uGsnwnMy,Reading
uGsnwnMy,Painting
3miBbpii,Cooking
3miBbpii,Hiking
Q1LjNDUd,Cycling
Q1LjNDUd,Hiking
Q1LjNDUd,Gardening
3McRVRV0,Cycling
3McRVRV0,Hiking
3McRVRV0,Cooking
VgMUbqcY,Cooking
VgMUbqcY,Cycling
VgMUbqcY,Gardening
HXbaZW1w,Painting
AeE9ALWm,Cooking
AeE9ALWm,Gardening
AeE9ALWm,Painting
FiE9jPeD,Cycling
FiE9jPeD,Painting
P9jPXJNW,Painting
P9jPXJNW,Cooking
P9jPXJNW,Reading
lLx8JCB7,Cycling
lLx8JCB7,Cooking
lLx8JCB7,Hiking
yKnXYmm8,Painting
yKnXYmm8,Cooking
yKnXYmm8,Reading
Fw7XQzpU,Cycling
Fw7XQzpU,Reading
kOJa3Lj8,Gardening
8AalImwR,Gardening
HjoljlFT,Cycling
5kX2bRVt,Cycling
5kX2bRVt,Gardening
YGARQuou,Cycling
v2j7xnm8,Cooking
JVoGaAWF,Hiking
qxkIHadZ,Painting
qxkIHadZ,Hiking
gXN3HJ45,Gardening
gXN3HJ45,Hiking
gXN3HJ45,Cycling
o5qOFadP,Reading
o5qOFadP,Gardening
o5qOFadP,Cycling
PPLAZAdD,Gardening
PPLAZAdD,Cooking
kzfooVOF,Painting
kzfooVOF,Cooking
P4CrVnYZ,Gardening
4t3MamYy,Gardening
4t3MamYy,Reading
Qorq8nOS,Cycling
MeES8ua6,Hiking
MeES8ua6,Reading
MeES8ua6,Painting
bLJtgZhY,Cycling
bLJtgZhY,Reading
bLJtgZhY,Gardening
wjvo5B1U,Painting
wjvo5B1U,Reading
wjvo5B1U,Gardening
PF2cnO1C,Cycling
PF2cnO1C,Gardening
gjFIuqr9,Cycling
gjFIuqr9,Hiking
g0dCXgm4,Gardening
C0lZhxB7,Painting
sA3bfTB4,Cooking
sA3bfTB4,Gardening
fHc8bhmH,Reading
fHc8bhmH,Gardening
VWm5sazz,Reading
VWm5sazz,Painting
MZeJu5Ik,Hiking
MZeJu5Ik,Gardening
6L9JycSM,Cooking
rYhvIat5,Gardening
rYhvIat5,Hiking
rYhvIat5,Reading
s6IEWzaC,Painting
wev2qD1C,Gardening
wev2qD1C,Reading
wev2qD1C,Cooking
ZPtB9trO,Cycling
pmwnHdeT,Gardening
pmwnHdeT,Cooking
pmwnHdeT,Hiking
wsNSLqpd,Gardening
VGgJHW87,Reading
YSGFykg3,Gardening
HUsl1ZrF,Hiking
HUsl1ZrF,Reading
YXvyizS1,Gardening
e9YzaNDP,Reading
QiKcXcFh,Painting
QiKcXcFh,Cooking
1a9EnkXJ,Painting
1a9EnkXJ,Hiking
1a9EnkXJ,Reading
MJ5fKHvZ,Cooking
I3HK3sKs,Hiking
I3HK3sKs,Cycling
VfXJkXR3,Gardening
VfXJkXR3,Hiking
VfXJkXR3,Reading
OnIfSiHu,Cycling
OnIfSiHu,Reading
OnIfSiHu,Painting
mFiKceyC,Cooking
mFiKceyC,Hiking
UywzqS0c,Hiking
UywzqS0c,Painting
UywzqS0c,Gardening
AU1esRCE,Cooking
8n9dJ9BJ,Painting
8n9dJ9BJ,Reading
ITYWVl4z,Painting
z89AYPeB,Hiking
mvOmYBiY,Cycling
mvOmYBiY,Gardening
9h89wlgi,Reading
9h89wlgi,Cycling
9h89wlgi,Gardening
efAMJGsI,Cycling
mk8P3kHX,Cycling
FussGDun,Cycling
lDC3q4RH,Gardening
PvpoVRd6,Gardening
PvpoVRd6,Painting
PvpoVRd6,Hiking
3hPy3XFV,Reading
3hPy3XFV,Gardening
3hPy3XFV,Cooking
Fq2wZw00,Gardening
ss2nSWwR,Reading
bzUCbVfu,Hiking
wEn1Dcef,Gardening
wEn1Dcef,Cycling
0rckggRI,Reading
0rckggRI,Painting
zAP2oWFu,Painting
zAP2oWFu,Hiking
LKcB5aIS,Hiking
LKcB5aIS,Cooking
gfsM823z,Gardening
V8JQKxor,Painting
R4LvuGSl,Gardening
JU31Tiyk,Painting
8IZ917Gr,Reading
8IZ917Gr,Hiking
8IZ917Gr,Painting
msIK3kUU,Cycling
msIK3kUU,Painting
nhdummNj,Gardening
nhdummNj,Reading
6wJShJ5F,Cooking
6wJShJ5F,Painting
6wJShJ5F,Hiking
DHahql8B,Cooking
DHahql8B,Reading
QszbtbIR,Gardening
Z9qs5TyB,Cycling
Z9qs5TyB,Hiking
Z9qs5TyB,Cooking
zlkNPvFt,Hiking
zlkNPvFt,Reading
7dex9prT,Hiking
iOM5QPrk,Cooking
4Q7VDsMq,Reading
4Q7VDsMq,Painting
4Q7VDsMq,Gardening
1aSMnbXk,Cycling
1aSMnbXk,Reading
znAV0geH,Reading
7SQawn4m,Painting
Fnuk4VtO,Gardening
Fnuk4VtO,Painting
Fnuk4VtO,Reading
dXdqPNTn,Painting
dXdqPNTn,Cycling
dXdqPNTn,Reading
6ofuvdE0,Reading
6ofuvdE0,Cooking
6ofuvdE0,Hiking
IXYD11Q4,Reading
asbc8XbX,Cooking
Be8KnYS3,Hiking
Be8KnYS3,Reading
Be8KnYS3,Painting
ltV1uc0S,Cooking
x32QR2Pi,Cooking
x32QR2Pi,Reading
x32QR2Pi,Painting
Fx0CDNQG,Cooking
Fx0CDNQG,Gardening
Fx0CDNQG,Reading
mag6fhSM,Cycling
nPWKfyz0,Reading
nPWKfyz0,Painting
oAw9RqYN,Reading
oAw9RqYN,Cooking
oAw9RqYN,Painting
x3sgx3XB,Hiking
3NHSr5Gg,Reading
BwFI8fTC,Hiking
BwFI8fTC,Cooking
BwFI8fTC,Painting
VTEQ0Jz9,Cooking
VTEQ0Jz9,Reading
ptC4KmXJ,Hiking
HHJvYfbq,Reading
HHJvYfbq,Hiking
HHJvYfbq,Cycling
ollcpkE5,Painting
ollcpkE5,Cooking
ORu0zPO2,Gardening
ORu0zPO2,Cycling
ORu0zPO2,Reading
QUW9TLRj,Hiking
6XfXOYRN,Painting
6XfXOYRN,Cooking
gjgim2GE,Hiking
xpEhbhwH,Cycling
xpEhbhwH,Painting
iyMaurN2,Hiking
iyMaurN2,Painting
iyMaurN2,Cycling
JwdEOcEx,Reading
JwdEOcEx,Painting
JwdEOcEx,Cooking
3B3Xyhv4,Cooking
9QzkYEIy,Painting
9QzkYEIy,Cycling
9QzkYEIy,Hiking
Z5vu5f2d,Gardening
Z5vu5f2d,Hiking
cuBLLr5Q,Reading
cuBLLr5Q,Hiking
l8QBuzHB,Hiking
UW3bOaR0,Cooking
UW3bOaR0,Painting
WrcWpYEp,Reading
WrcWpYEp,Cooking
WrcWpYEp,Gardening
80oEznVp,Cooking
80oEznVp,Gardening
80oEznVp,Hiking
YhdcsS9d,Cycling
YhdcsS9d,Reading
YhdcsS9d,Hiking
1No44dIU,Painting
1No44dIU,Gardening
1No44dIU,Hiking
XQ92PLb5,Reading
XQ92PLb5,Cycling
Jf2tk8BM,Reading
Jf2tk8BM,Hiking
a8d1ZxW9,Cooking
a8d1ZxW9,Reading
a8d1ZxW9,Cycling
7CrET2EF,Cooking
7CrET2EF,Hiking
Vef6KOL3,Cycling
Vef6KOL3,Reading
Vef6KOL3,Cooking
QIszd6oW,Cooking
QIszd6oW,Hiking
QIszd6oW,Gardening
wvKf0jaE,Cooking
MwVri7JV,Gardening
DLZbEaLp,Cycling
Z8mEgJng,Reading
Z8mEgJng,Gardening
Z8mEgJng,Hiking
kgQF7LZr,Cooking
kgQF7LZr,Hiking
kgQF7LZr,Gardening
2t3tefci,Cooking
fB6TKqqv,Cycling
s4RvFVyk,Hiking
s4RvFVyk,Gardening
6lUNxFtI,Cycling
6lUNxFtI,Reading
6lUNxFtI,Gardening
XuZIKUiZ,Cycling
E3Y0EWXA,Cycling
E3Y0EWXA,Reading
a9cK2lvw,Gardening
h8CV5nvD,Painting
h8CV5nvD,Cycling
7QfWHNed,Hiking
ARGAFeOG,Painting
0ceE2llL,Painting
0ceE2llL,Reading
681cKrfa,Hiking
cDwAe3jI,Painting
cDwAe3jI,Hiking
ojsK5LsN,Reading
ojsK5LsN,Cycling
IAIfS7JL,Painting
4AjTmPJn,Hiking
nJiElqQN,Reading
nJiElqQN,Hiking
nJiElqQN,Cycling
KuP38uJO,Painting
orpPcrnD,Cycling
nAzkRXoz,Reading
nAzkRXoz,Cycling
zR89JHU5,Reading
zR89JHU5,Gardening
IGFdaw6B,Painting
VRfnRIQv,Hiking
VRfnRIQv,Cooking
KA3spreV,Cooking
KA3spreV,Reading
KA3spreV,Painting
8JQMrd3Q,Cooking
8JQMrd3Q,Painting
8JQMrd3Q,Hiking
YBYmkvpu,Hiking
YBYmkvpu,Cycling
QH7lEgi9,Gardening
QH7lEgi9,Cycling
6i996NaT,Cycling
6i996NaT,Gardening
elEjgOvw,Painting
elEjgOvw,Cycling
elEjgOvw,Gardening
7jaIaAaF,Cycling
7jaIaAaF,Hiking
7jaIaAaF,Painting
flzrHfyS,Cooking
flzrHfyS,Cycling
wr5XhVat,Cycling
wr5XhVat,Cooking
IyNoalyg,Painting
qj5XfwPp,Cooking
pI1sfw03,Cycling
pI1sfw03,Painting
gI2to3Wk,Cycling
gI2to3Wk,Painting
9OtyKySH,Cooking
5KeaZNFm,Reading
CTr78838,Gardening
CTr78838,Reading
CTr78838,Cooking
b3E5iooX,Hiking
b3E5iooX,Gardening
b3E5iooX,Cooking
P2BQZJC5,Cycling
kXWybRJq,Cycling
kXWybRJq,Reading
kXWybRJq,Painting
3icVjpyG,Cooking
CUfr0EEV,Gardening
CUfr0EEV,Cooking
CUfr0EEV,Reading
a983FO2l,Cooking
a983FO2l,Gardening
a983FO2l,Reading
eJFdTJJd,Hiking
eJFdTJJd,Painting
eJFdTJJd,Cooking
tooKCfln,Reading
tooKCfln,Cooking
UL8lJQVJ,Cooking
UL8lJQVJ,Cycling
KirP0LEN,Hiking
KirP0LEN,Cycling
KirP0LEN,Cooking
Etf05eN8,Reading
vGCy3ETQ,Hiking
vGCy3ETQ,Gardening
vGCy3ETQ,Reading
aW16AthW,Cooking
aW16AthW,Gardening
HRuv7jwr,Cooking
HRuv7jwr,Cycling
HRuv7jwr,Hiking
bxq7kdTF,Reading
t7gi6guu,Gardening
t7gi6guu,Cooking
s8hW7nZz,Reading
s8hW7nZz,Hiking
3oJzc4EC,Gardening
8baQlnAu,Hiking
8baQlnAu,Gardening
8baQlnAu,Cycling
EIVIZkZT,Gardening
EIVIZkZT,Cooking
EIVIZkZT,Hiking
zDj585Tq,Cycling
1llrXWVu,Cooking
jPR7ZHRt,Gardening
jPR7ZHRt,Cycling
jPR7ZHRt,Painting
lFxfX02X,Hiking
lFxfX02X,Cooking
lFxfX02X,Painting
conRt0pT,Cooking
PZZ1eLY5,Gardening
PZZ1eLY5,Painting
gB3IZ9LP,Painting
gB3IZ9LP,Reading
etrnaDlV,Gardening
etrnaDlV,Hiking
etrnaDlV,Cooking
3Lhi3URL,Painting
VmAivzUA,Reading
VmAivzUA,Hiking
zfgih5xb,Cycling
C1DCztpR,Gardening
C1DCztpR,Cycling
C1DCztpR,Reading
oTmCBSUx,Gardening
0PRoKY5C,Cycling
0PRoKY5C,Painting
0PRoKY5C,Reading
SJv9MQMy,Cycling
SJv9MQMy,Gardening
SJv9MQMy,Hiking
yVZEqpA3,Painting
JFU1IzYt,Painting
JFU1IzYt,Hiking
JFU1IzYt,Gardening
MA2Qkc0L,Reading
MA2Qkc0L,Cooking
MA2Qkc0L,Cycling
NviP2hIH,Cycling
NviP2hIH,Painting
NviP2hIH,Hiking
blyHTsaU,Gardening
blyHTsaU,Reading
wDztdPAg,Reading
wDztdPAg,Gardening
wDztdPAg,Cycling
vnHUF35a,Gardening
vnHUF35a,Reading
ltPwIDQg,Cycling
5zMHnAKE,Reading
5zMHnAKE,Hiking
5zMHnAKE,Cycling
1Wh4wkAt,Cooking
1Wh4wkAt,Gardening
goboHNQ8,Reading
ySlmtGZP,Hiking
ySlmtGZP,Reading
ghX9kbsL,Cooking
ghX9kbsL,Cycling
ghX9kbsL,Painting
JAAVa5G9,Hiking
JAAVa5G9,Reading
t5wvfS8H,Gardening
WDWlyg3L,Gardening
WDWlyg3L,Hiking
bJTPBJ0L,Gardening
bJTPBJ0L,Painting
BrPs7txB,Cycling
BrPs7txB,Gardening
BrPs7txB,Hiking
oAIwGlga,Painting
q4Cm2Y7w,Gardening
q4Cm2Y7w,Painting
q4Cm2Y7w,Reading
0eMhlWLX,Gardening
FDYs7Ur0,Cycling
FDYs7Ur0,Gardening
FDYs7Ur0,Reading
IWVwwKRs,Gardening
AkbOq7JU,Cooking
AkbOq7JU,Painting
0UUCcull,Gardening
S71x8jat,Painting
S71x8jat,Reading
S71x8jat,Gardening
aOBMhVNg,Cycling
IbvYWVWq,Hiking
IbvYWVWq,Cooking
IbvYWVWq,Painting
OkLEcWYp,Gardening
ust1Wqxe,Hiking
ust1Wqxe,Cooking
ust1Wqxe,Cycling
3hdpWODR,Cooking
3hdpWODR,Gardening
3hdpWODR,Cycling
g8QxHvG7,Painting
g8QxHvG7,Cooking
xsdtqt0O,Cooking
xsdtqt0O,Cycling
xsdtqt0O,Painting
MbxZ3yLn,Cycling
pdzcVh38,Painting
GZihrOsL,Gardening
GZihrOsL,Reading
GZihrOsL,Painting
76Z7rPX4,Cycling
76Z7rPX4,Hiking
tNd2YI8h,Painting
tNd2YI8h,Cooking
djZXFyYu,Reading
djZXFyYu,Painting
CcVGWW4o,Hiking
CcVGWW4o,Cooking
CcVGWW4o,Cycling
TRDLKztk,Cycling
TRDLKztk,Painting
TRDLKztk,Hiking
Fz9JQmbQ,Painting
Fz9JQmbQ,Gardening
IWPzAhET,Cycling
enMUSX3r,Hiking
rCKKfm2k,Hiking
rCKKfm2k,Gardening
rCKKfm2k,Cooking
VyScTSUf,Cooking
VyScTSUf,Painting
VyScTSUf,Cycling
NCuP2N4J,Reading
if5GL23l,Gardening
if5GL23l,Cycling
f0g9rpmS,Gardening
f0g9rpmS,Cycling
oBWGgKzA,Gardening
oBWGgKzA,Cycling
oBWGgKzA,Reading
jEIANcIy,Cooking
jEIANcIy,Gardening
jEIANcIy,Painting
U4TY5ibF,Painting
U4TY5ibF,Gardening
U4TY5ibF,Cycling
4OVnCY4K,Cooking
4OVnCY4K,Reading
4OVnCY4K,Gardening
wAZAQN6k,Cooking
wAZAQN6k,Painting
wAZAQN6k,Hiking
TPSFWwKg,Gardening
TPSFWwKg,Cooking
TPSFWwKg,Cycling
VzFn1e2A,Reading
VzFn1e2A,Cycling
VzFn1e2A,Gardening
MeXNpuy9,Gardening
MeXNpuy9,Painting
HsReSaIh,Gardening
HsReSaIh,Hiking
HsReSaIh,Cooking
Mc02Jig7,Gardening
Mc02Jig7,Painting
CvfPmmxv,Painting
CvfPmmxv,Reading
CvfPmmxv,Gardening
gy0R1sok,Gardening
gy0R1sok,Reading
efzVHUeI,Hiking
efzVHUeI,Reading
UXOu3qmT,Reading
UXOu3qmT,Cycling
IMpTns8Z,Hiking
4sNuq0Fk,Cooking
4sNuq0Fk,Reading
4sNuq0Fk,Cycling
mrccqsID,Hiking
mrccqsID,Cycling
GoNvvo8F,Gardening
GoNvvo8F,Painting
0hkO7Ort,Reading
HIujodf0,Reading
QL0Di69t,Reading
2OLFrTMK,Gardening
ktLmiK6h,Hiking
z8koY7mv,Painting
3oJJmtKp,Gardening
3oJJmtKp,Cycling
EqgY5V8O,Painting
OwYli5W2,Reading
OwYli5W2,Painting
OwYli5W2,Cycling
iFrDBbp1,Hiking
iFrDBbp1,Reading
iFrDBbp1,Cycling
Wc0fTods,Cycling
Wc0fTods,Hiking
Wc0fTods,Reading
WSes7CJa,Painting
WSes7CJa,Hiking
JluslrCi,Hiking
JluslrCi,Reading
JluslrCi,Gardening
XucsP8W4,Cooking
XucsP8W4,Cycling
XucsP8W4,Gardening
M5hzffIa,Reading
M5hzffIa,Hiking
rdakdaaf,Cooking
Ipsx6VBN,Painting
HJKUwb76,Gardening
HJKUwb76,Cooking
HJKUwb76,Hiking
JVrIM2XO,Reading
glsH4cJl,Painting
ZrH7bAe4,Cycling
WF6xjjt2,Reading
g1vr8djc,Reading
g1vr8djc,Cycling
g1vr8djc,Cooking
yLS5uzNt,Hiking
0ZDJBQK3,Hiking
XmwxoCq6,Painting
XmwxoCq6,Hiking
cKyiIFCK,Hiking
77iUmS2o,Cooking
CF52LypV,Cycling
CF52LypV,Reading
OeC70ypk,Gardening
CytoZEiz,Hiking
lPOomzca,Cycling
lPOomzca,Gardening
lPOomzca,Reading
nDawCeis,Gardening
1xls9qP6,Gardening
1xls9qP6,Painting
1xls9qP6,Cooking
HdpWG2hO,Gardening
HdpWG2hO,Painting
ZGqJrq2S,Cooking
ZGqJrq2S,Gardening
ZIuAQeYT,Cooking
ZIuAQeYT,Gardening
ZIuAQeYT,Hiking
3z7hMMSH,Cycling
H4eLIlba,Painting
H4eLIlba,Gardening
VhVGJDAt,Reading
VhVGJDAt,Painting
VhVGJDAt,Cooking
QkculkVk,Gardening
QkculkVk,Cycling
QkculkVk,Painting
K6Z2FsAY,Gardening
K6Z2FsAY,Reading
K6Z2FsAY,Painting
zgNrVYtm,Painting
zgNrVYtm,Hiking
J6SPAnHe,Hiking
J6SPAnHe,Cooking
DIrdtBYx,Gardening
DIrdtBYx,Cooking
d63rPj6l,Painting
d63rPj6l,Reading
rFj1l2Xi,Gardening
rFj1l2Xi,Cycling
LtzPyco8,Cycling
LtzPyco8,Gardening
LtzPyco8,Reading
2xbj6CS7,Hiking
1hQwPmdK,Hiking
1hQwPmdK,Gardening
4CLAHvPg,Reading
4CLAHvPg,Gardening
0YDBGQst,Gardening
36Jh9eua,Reading
kAcPiXIL,Reading
pCK1Vm43,Gardening
pCK1Vm43,Hiking
28NkiHPk,Hiking
28NkiHPk,Reading
28NkiHPk,Painting
NTIeJ19b,Cooking
NTIeJ19b,Reading
NTIeJ19b,Painting
bK7XJhOs,Painting
ibKgNLSt,Gardening
tVG6T4uT,Hiking
tVG6T4uT,Cycling
Gezwp03N,Gardening
Gezwp03N,Cycling
Gezwp03N,Painting
zz3GCyw9,Gardening
0PV9e3LX,Painting
0PV9e3LX,Hiking
wB2WgQz3,Cooking
wB2WgQz3,Reading
wwoxdy7m,Hiking
wwoxdy7m,Gardening
GICjkVkF,Gardening
ne9vLhVW,Painting
fS2tFgJu,Gardening
fS2tFgJu,Cycling
nGwGdAIf,Cooking
NJcNgviU,Hiking
NJcNgviU,Painting
eV0LIZ79,Cooking
eV0LIZ79,Hiking
di5DHe1Y,Hiking
WupRCdCA,Painting
WupRCdCA,Hiking
pjAJW5kp,Hiking
z9bSPGA3,Reading
z9bSPGA3,Cooking
syzwjgOq,Cycling
nA2An9kW,Cooking
nA2An9kW,Cycling
nA2An9kW,Painting
6o2Zy74q,Gardening
S3aIzeFv,Hiking
S3aIzeFv,Gardening
S3aIzeFv,Reading
tLQj9pB4,Reading
tLQj9pB4,Hiking
NJmfvR1L,Gardening
NJmfvR1L,Cooking
P1e7dVle,Cycling
P1e7dVle,Hiking
iu6qPEED,Cycling
8yRlZjUa,Painting
8yRlZjUa,Reading
8yRlZjUa,Cooking
f3VnRixx,Cycling
TTYvf6xd,Hiking
DsUSqZYn,Painting
DsUSqZYn,Gardening
DsUSqZYn,Cooking
wrVZkT0b,Cooking
wrVZkT0b,Painting
F78aRtd6,Hiking
F78aRtd6,Painting
GvbISGIy,Reading
GvbISGIy,Cooking
GvbISGIy,Cycling
hRaiJtPQ,Reading
hRaiJtPQ,Hiking
hRaiJtPQ,Painting
7vyvmDnO,Reading
7vyvmDnO,Cooking
LrShUEn3,Gardening
LrShUEn3,Cycling
CtoSjtDX,Cooking
CtoSjtDX,Hiking
CtoSjtDX,Reading
330eWK0o,Gardening
330eWK0o,Cycling
330eWK0o,Hiking
yWfnPQzx,Cycling
yWfnPQzx,Cooking
yWfnPQzx,Reading
jSIuu1nQ,Gardening
m6rQGoCW,Hiking
m6rQGoCW,Reading
m6rQGoCW,Gardening
4rS7JW4n,Cooking
4rS7JW4n,Painting
4rS7JW4n,Gardening
9gc4MGLK,Cycling
9gc4MGLK,Cooking
06YgNO65,Gardening
06YgNO65,Cooking
ydEqYoVI,Reading
ydEqYoVI,Painting
ydEqYoVI,Hiking
CmJbTF7I,Cycling
bxZlNFyM,Cooking
yV9VNd0g,Reading
OrjNd3Zx,Cooking
OrjNd3Zx,Gardening
OrjNd3Zx,Hiking
XQTreSEx,Cycling
XQTreSEx,Painting
XQTreSEx,Gardening
WKC5GEmu,Painting
WKC5GEmu,Cycling
WKC5GEmu,Hiking
uq7tprGY,Cooking
oYYV1A0Y,Reading
oYYV1A0Y,Painting
oYYV1A0Y,Gardening
ibnSC5xm,Painting
ibnSC5xm,Gardening
NBzqZhNo,Cooking
NBzqZhNo,Reading
NBzqZhNo,Cycling
tzLQYldq,Cooking
tzLQYldq,Cycling
9rrwU7t9,Cooking
3RTee8sx,Gardening
IXwc4gQs,Reading
IXwc4gQs,Gardening
IXwc4gQs,Hiking
l8N8WFqH,Painting
l8N8WFqH,Reading
lwQGx9Ph,Hiking
cg5gb0X4,Cycling
cg5gb0X4,Cooking
p3Wi5WFr,Hiking
56oILA5E,Hiking
56oILA5E,Cycling
2KvQqmlL,Gardening
2KvQqmlL,Cooking
7GTAmUkm,Hiking
mg4FBLoq,Hiking
mg4FBLoq,Reading
rpBkzj1h,Cooking
rpBkzj1h,Reading
RSbqUsM6,Gardening
RSbqUsM6,Hiking
Ht4LpqGq,Hiking
Ht4LpqGq,Cycling
Ht4LpqGq,Cooking
HI8MKadm,Cycling
HI8MKadm,Reading
HI8MKadm,Hiking
4JFMCkYp,Cooking
4JFMCkYp,Painting
4JFMCkYp,Hiking
aU7BWz0R,Reading
aU7BWz0R,Gardening
YSPdppG2,Painting
r90TvjMl,Cycling
r90TvjMl,Hiking
8tLzXj7R,Reading
8tLzXj7R,Hiking
bfh0Hh9H,Painting
du8fqEPi,Gardening
gVRfHo4Y,Cycling
dR2Wzdpz,Reading
j9gey94t,Painting
j9gey94t,Cycling
A8RJx8xm,Painting
A8RJx8xm,Reading
OTkkG3bZ,Reading
OTkkG3bZ,Cycling
OTkkG3bZ,Hiking
BycprKBa,Cycling
BycprKBa,Hiking
BycprKBa,Reading
4P804AAe,Reading
4P804AAe,Gardening
4P804AAe,Cycling
ZFKSSpO5,Gardening
ZFKSSpO5,Hiking
ZFKSSpO5,Cooking
PRVxInyZ,Cooking
PRVxInyZ,Cycling
PRVxInyZ,Hiking
jzVrCb92,Cycling
jzVrCb92,Gardening
jzVrCb92,Cooking
sYbQl3lQ,Reading
sYbQl3lQ,Hiking
sYbQl3lQ,Painting
XSujVHDR,Gardening
XSujVHDR,Reading
XSujVHDR,Hiking
ZsJfXqXU,Gardening
ZsJfXqXU,Cycling
KDT93ytC,Reading
i2jH5fad,Gardening
1Eg2Nj6E,Hiking
1Eg2Nj6E,Reading
1Eg2Nj6E,Cycling
eLyPoQ7p,Cooking
da0yb64L,Cycling
x28JwkXo,Hiking
x28JwkXo,Cycling
DTWM6JB7,Cooking
JyVeFFm6,Cooking
JyVeFFm6,Reading
EFoAJG3G,Cooking
oxCMYNZS,Painting
oxCMYNZS,Hiking
oxCMYNZS,Cooking
M0dGN4AP,Hiking
M0dGN4AP,Cooking
0IZhwZNJ,Reading
wHvlOtvB,Reading
SrvegxfL,Painting
SrvegxfL,Gardening
SrvegxfL,Cooking
b2VuYNl6,Painting
b2VuYNl6,Cycling
b2VuYNl6,Reading
8YW8yDRT,Painting
MHvwRG8j,Reading
MHvwRG8j,Cycling
MHvwRG8j,Painting
iAgohjqg,Gardening
iAgohjqg,Hiking
N8zS4QjW,Cycling
VbuFAuDt,Gardening
WsmW1p6r,Painting
WsmW1p6r,Reading
WsmW1p6r,Cycling
cRC5zOEi,Cooking
JSsMqH8X,Cycling
JSsMqH8X,Reading
JSsMqH8X,Hiking
lLG7Xzwp,Cycling
0Io55W6J,Gardening
0Io55W6J,Cycling
0Io55W6J,Hiking
ltby7Sp0,Cycling
ltby7Sp0,Hiking
ltby7Sp0,Gardening
TEzrPrby,Reading
TEzrPrby,Cooking
PIKw3R4U,Cooking
K0Hc64vF,Reading
K0Hc64vF,Cooking
iIeIX4S1,Cooking
iIeIX4S1,Painting
cT8ltiZz,Cycling
cT8ltiZz,Painting
LLSKmOQQ,Painting
8Sa54pZs,Hiking
ntvBG2hd,Reading
ntvBG2hd,Painting
ntvBG2hd,Hiking
M0PYoELO,Painting
M0PYoELO,Cycling
M0PYoELO,Cooking
fcgjOMIT,Hiking
fcgjOMIT,Cycling
8nKzYHmm,Painting
8nKzYHmm,Gardening
6rTcjRs0,Gardening
6rTcjRs0,Cooking
ybOK7SA7,Reading
ybOK7SA7,Gardening
R215iyH6,Cycling
R215iyH6,Cooking
ztSKMfLJ,Hiking
ztSKMfLJ,Painting
h86pyrvF,Hiking
h86pyrvF,Gardening
h86pyrvF,Painting
yN7zzxzd,Gardening
epmWtwEj,Hiking
epmWtwEj,Gardening
epmWtwEj,Reading
Z4jKxVj6,Reading
Z4jKxVj6,Cooking
jycmefD0,Gardening
NxgarACe,Hiking
NxgarACe,Painting
NxgarACe,Cycling
qSaNHfak,Gardening
qSaNHfak,Reading
01sAZ7sq,Cycling
01sAZ7sq,Cooking
TPrWLUsf,Painting
TPrWLUsf,Cooking
ZaaYWm6p,Reading
ZaaYWm6p,Cycling
ZaaYWm6p,Gardening
VEEMWzn0,Painting
VEEMWzn0,Gardening
7aKSTyYZ,Cooking
7aKSTyYZ,Cycling
7aKSTyYZ,Painting
9joAgvJc,Gardening
NCiXj2i4,Hiking
q7wSEq7r,Reading
q7wSEq7r,Cooking
q7wSEq7r,Hiking
hv89nNma,Painting
hv89nNma,Cycling
hv89nNma,Gardening
vK2dvAkQ,Cycling
QuhUSyc7,Reading
QuhUSyc7,Painting
QuhUSyc7,Hiking
r18QpFuL,Cooking
Ux3VJSk3,Hiking
pF1TWkGr,Gardening
pF1TWkGr,Cycling
xsV4LDML,Cooking
xsV4LDML,Reading
xsV4LDML,Cycling
vChNtngC,Cycling
vChNtngC,Hiking
8OmLcrOj,Gardening
8OmLcrOj,Painting
8OmLcrOj,Reading
2Tarn5bk,Painting
2Tarn5bk,Cycling
GSvzblph,Cooking
UQMNXIpm,Cycling
UQMNXIpm,Cooking
UQMNXIpm,Reading
gLN9ZNmA,Painting
gLN9ZNmA,Hiking
gLN9ZNmA,Reading
VcqcwvPX,Hiking
wCmKNlKt,Hiking
XCXsqGmc,Reading
uxNePB7Q,Hiking
9DSLu2OF,Hiking
9DSLu2OF,Cooking
EUqDCCWs,Cycling
EUqDCCWs,Cooking
EUqDCCWs,Reading
5iF1rQS8,Cycling
q9khSRWb,Cooking
q9khSRWb,Painting
19mznxXc,Reading
19mznxXc,Hiking
19mznxXc,Cycling
ZyQgB7l0,Cycling
ZyQgB7l0,Reading
8FBwGYGX,Cooking
xGYvBEE9,Cooking
377geTFz,Hiking
377geTFz,Painting
TYBGztTC,Cooking
TYBGztTC,Reading
OL5Vof5m,Reading
OL5Vof5m,Hiking
OL5Vof5m,Painting
ZdUBZ0ES,Gardening
ZdUBZ0ES,Reading
ZdUBZ0ES,Painting
dKTWnapy,Cycling
dKTWnapy,Painting
EQZoH4VX,Gardening
EQZoH4VX,Cooking
VpLYD5Fp,Cycling
AiSGFqer,Gardening
AiSGFqer,Reading
AiSGFqer,Cycling
zZKZAoAj,Cycling
zZKZAoAj,Reading
zZKZAoAj,Gardening
He6aa5JZ,Painting
He6aa5JZ,Cycling
JiRwkr2f,Cooking
ZKalobjL,Hiking
ZKalobjL,Gardening
ZKalobjL,Reading
tFcSmaRC,Painting
tFcSmaRC,Reading
tFcSmaRC,Gardening
VBSB3krr,Painting
VBSB3krr,Reading
bQObrd8R,Hiking
rO3haSsf,Painting
rO3haSsf,Cycling
dVueMOgT,Reading
dVueMOgT,Painting
7MLdBP5g,Reading
7MLdBP5g,Painting
NRI58hn3,Reading
NRI58hn3,Painting
CxDH6Xjt,Cooking
CxDH6Xjt,Reading
5GKg77X4,Cycling
5GKg77X4,Cooking
5GKg77X4,Painting
zcqEUZLF,Cycling
jwUDWCR9,Gardening
FN4XRsIR,Cooking
FN4XRsIR,Hiking
FN4XRsIR,Cycling
LtvCvHd7,Hiking
s4NnnNkJ,Hiking
s4NnnNkJ,Painting
s4NnnNkJ,Cycling
49PqOYeS,Reading
7tivNAal,Gardening
7tivNAal,Cycling
7tivNAal,Hiking
0b14re40,Reading
j5k6ENVE,Reading
j5k6ENVE,Painting
aaYj1GVC,Hiking
aaYj1GVC,Painting
aaYj1GVC,Gardening
oCXitLQC,Cycling
dPAEsmBS,Painting
dPAEsmBS,Cooking
dPAEsmBS,Cycling
HY5zzuIs,Painting
Qyy8udjD,Painting
Qyy8udjD,Cooking
Qyy8udjD,Reading
apDV7MSp,Painting
apDV7MSp,Reading
apDV7MSp,Gardening
CN8DA2e2,Painting
CN8DA2e2,Cooking
CN8DA2e2,Hiking
3wlbgIZE,Gardening
I1lZZQa1,Hiking
I1lZZQa1,Cooking
I1lZZQa1,Reading
d9GwZZgy,Cycling
d9GwZZgy,Cooking
7DyYAGIi,Reading
zWznc2SE,Cooking
7ag94aba,Cycling
7ag94aba,Reading
7ag94aba,Hiking
OBSGZfx5,Hiking
OBSGZfx5,Reading
OBSGZfx5,Cooking
v8fEkPU5,Painting
v8fEkPU5,Hiking
v8fEkPU5,Cycling
zbn7Jivl,Gardening
i541FM1Z,Cooking
1pzaOsjt,Cooking
1pzaOsjt,Reading
OVSHzuOJ,Gardening
NtaD9JjA,Painting
NtaD9JjA,Hiking
NtaD9JjA,Cycling
wHUFWUU9,Gardening
8JDlE4rR,Painting
YSyq2hfU,Gardening
YSyq2hfU,Cycling
YSyq2hfU,Cooking
pha2mMz4,Reading
VKAtaoMg,Gardening
VKAtaoMg,Painting
VKAtaoMg,Hiking
m1lFupJk,Gardening
zLGkDpan,Gardening
zLGkDpan,Cooking
zLGkDpan,Cycling
4bdXQZoZ,Cycling
4bdXQZoZ,Reading
4bdXQZoZ,Painting
WHnCzt1U,Reading
qMPGcJ46,Cycling
qMPGcJ46,Cooking
qMPGcJ46,Hiking
4jdyzttb,Cooking
4jdyzttb,Painting
4jdyzttb,Cycling
UNbV1Jv9,Painting
h6UOL8z8,Hiking
h6UOL8z8,Cycling
h6UOL8z8,Cooking
6LCdgaOv,Hiking
6LCdgaOv,Cycling
cfyDI569,Cycling
zrfHisBQ,Hiking
qTIDpC8c,Gardening
qTIDpC8c,Cooking
qTIDpC8c,Reading
UW8NRdHo,Painting
UW8NRdHo,Cycling
ynfycmPr,Gardening
TsdLCcnP,Cycling
OnIJWqOW,Cycling
mc9YHFP7,Hiking
mc9YHFP7,Cycling
mc9YHFP7,Reading
NfblXOoV,Painting
k5WTBp09,Gardening
4dn30NoH,Painting
4dn30NoH,Reading
ZtzWFFHQ,Cooking
1ZZ5pZLL,Gardening
1ZZ5pZLL,Reading
zAKwhy4m,Cycling
zAKwhy4m,Painting
dqonso5W,Reading
dqonso5W,Cooking
FFmy2Phi,Hiking
uE6PoXCz,Cycling
avo0RuG7,Cycling
avo0RuG7,Hiking
avo0RuG7,Gardening
HNWOqWqG,Cooking
HNWOqWqG,Gardening
4CYvaJTa,Gardening
4CYvaJTa,Hiking
4CYvaJTa,Painting
JWqF5RDg,Hiking
JWqF5RDg,Cycling
Epuuf3tp,Reading
Epuuf3tp,Painting
vv17Q73K,Cycling
JkqDxeHM,Cycling
JkqDxeHM,Hiking
JkqDxeHM,Cooking
uivFuINy,Painting
uivFuINy,Reading
uivFuINy,Cycling
BGxO2mMA,Hiking
BGxO2mMA,Cycling
CKlKRsNi,Cycling
4eR9ljHp,Reading
4eR9ljHp,Painting
dYJHuNQL,Cycling
dYJHuNQL,Gardening
BrnSbZ0w,Hiking
BrnSbZ0w,Painting
NJiTXEHO,Reading
NJiTXEHO,Cycling
nBZv5dXW,Cooking
nBZv5dXW,Gardening
nBZv5dXW,Reading
3PWUWwys,Gardening
3PWUWwys,Hiking
3PWUWwys,Reading
CovMktST,Reading
CovMktST,Gardening
00QwqgZq,Reading
RocMkFCs,Painting
RocMkFCs,Cycling
RocMkFCs,Cooking
GLhG0yrr,Gardening
GLhG0yrr,Painting
TrWU1CCd,Cycling
SrnbX6Oj,Gardening
SrnbX6Oj,Hiking
yrlsE8NJ,Gardening
JqpKbGIv,Cooking
JqpKbGIv,Cycling
kp7k1bDP,Cooking
kp7k1bDP,Cycling
h9F4Lyej,Painting
h9F4Lyej,Cycling
h9F4Lyej,Reading
tJcfRUbt,Cycling
tJcfRUbt,Reading
tJcfRUbt,Cooking
0R4AVWhn,Reading
0R4AVWhn,Cooking
0R4AVWhn,Cycling
XmeNebuw,Painting
29jCseuA,Gardening
29jCseuA,Hiking
fAONUzm7,Hiking
fAONUzm7,Reading
fAONUzm7,Cycling
vlXjUL3K,Cooking
vlXjUL3K,Reading
vlXjUL3K,Cycling
Ue3IlWhW,Reading
Ue3IlWhW,Painting
Ue3IlWhW,Cooking
7Jh52ymD,Hiking
7Jh52ymD,Gardening
7Jh52ymD,Painting
g77wAzCa,Hiking
opQUdZOA,Painting
opQUdZOA,Reading
opQUdZOA,Gardening
uRGkNBZP,Painting
uRGkNBZP,Cooking
Mvcm67rs,Painting
Mvcm67rs,Cycling
Mvcm67rs,Reading
qVy9dJlb,Cycling
qVy9dJlb,Hiking
qVy9dJlb,Reading
EHHiUdBQ,Hiking
EHHiUdBQ,Painting
smgwtGcn,Hiking
smgwtGcn,Gardening
smgwtGcn,Cycling
0N77RuuY,Cooking
0N77RuuY,Hiking
vgkY6Uoh,Cycling
RRjunddq,Painting
RRjunddq,Cycling
YOUgfz24,Reading
YOUgfz24,Cycling
5z8CLN7C,Hiking
5z8CLN7C,Cooking
fRHMwfEq,Hiking
fRHMwfEq,Painting
qHq7YBeW,Painting
O5W1fgTO,Cycling
O5W1fgTO,Hiking
O5W1fgTO,Cooking
49rizZhC,Gardening
49rizZhC,Reading
QWgNQB1P,Painting
QWgNQB1P,Cycling
QWgNQB1P,Gardening
MMPa2gnf,Cycling
MMPa2gnf,Gardening
IyizC28E,Cooking
IyizC28E,Hiking
IyizC28E,Gardening
8NtzOfNH,Cycling
KhkTrqnx,Painting
KhkTrqnx,Hiking
KhkTrqnx,Gardening
eMrY7R9h,Reading
eMrY7R9h,Hiking
eMrY7R9h,Cycling
zgWg41FS,Gardening
zgWg41FS,Cycling
sz7T6mAs,Painting
sz7T6mAs,Gardening
sz7T6mAs,Cycling
cyP36flz,Reading
cyP36flz,Cooking
xfHhFZxU,Hiking
WYZCBh5Y,Hiking
8FgFus7s,Cooking
8FgFus7s,Cycling
5JlGZZfC,Gardening
5JlGZZfC,Reading
fi2xWAlP,Reading
fi2xWAlP,Painting
nzUoVUNP,Cycling
sOzMpYSH,Painting
2UESJpSY,Cooking
2UESJpSY,Cycling
2UESJpSY,Reading
r8fg6Eaa,Cycling
r8fg6Eaa,Gardening
r8fg6Eaa,Cooking
rTe8ruKu,Gardening
rTe8ruKu,Painting
79HJ4SHA,Gardening
79HJ4SHA,Painting
79HJ4SHA,Cooking
2pmC2UWN,Cycling
ohAyWogf,Cycling
WQGK4ISE,Reading
RZlPl6eO,Reading
RZlPl6eO,Hiking
RZlPl6eO,Gardening
SxN030Zd,Cooking
SxN030Zd,Reading
SxN030Zd,Painting
B1mhLjso,Reading
B1mhLjso,Gardening
55sr470F,Painting
55sr470F,Cooking
55sr470F,Gardening
DLzBs9d2,Hiking
DLzBs9d2,Painting
DLzBs9d2,Cycling
11z49XtL,Painting
11z49XtL,Cycling
DRpA8xfJ,Gardening
DRpA8xfJ,Cycling
DRpA8xfJ,Reading
MwIDeWkQ,Painting
MwIDeWkQ,Cooking
cS9ZYK8A,Gardening
cS9ZYK8A,Reading
fafgNdax,Painting
fafgNdax,Gardening
fafgNdax,Cycling
0CAhNIGW,Hiking
0CAhNIGW,Cycling
xld0VJL0,Cycling
t6cjNvGQ,Painting
POaDfRla,Hiking
POaDfRla,Painting
GYbXh5jC,Gardening
GYbXh5jC,Cooking
cPrxjoBq,Cooking
cPrxjoBq,Gardening
LMd7gvEM,Reading
LMd7gvEM,Cycling
LMd7gvEM,Hiking
2l4a1zcZ,Hiking
2l4a1zcZ,Cycling
c98Isrzc,Cooking
xQpgYa5Q,Painting
xQpgYa5Q,Reading
xQpgYa5Q,Cycling
IWFslSb3,Gardening
IWFslSb3,Cycling
IWFslSb3,Hiking
Z7cJXNMW,Gardening
Z7cJXNMW,Cooking
Z7cJXNMW,Painting
piUBs4oW,Cooking
r4vb5WlZ,Cycling
r4vb5WlZ,Cooking
igMmKst9,Cooking
igMmKst9,Cycling
igMmKst9,Gardening
qjHQ30lT,Painting
qjHQ30lT,Cooking
qjHQ30lT,Hiking
eDT5K3Ex,Hiking
eDT5K3Ex,Cycling
eDT5K3Ex,Gardening
QdpTFY7k,Cycling
QdpTFY7k,Painting
QdpTFY7k,Cooking
i9aG51nU,Reading
i9aG51nU,Gardening
i9aG51nU,Cooking
La97OerI,Gardening
La97OerI,Hiking
96Tx8PZw,Cycling
96Tx8PZw,Gardening
96Tx8PZw,Hiking
CvT9VqGx,Cycling
CvT9VqGx,Gardening
CvT9VqGx,Cooking
8eeIpeeK,Cooking
XlxlYtKC,Gardening
wFJdxEm4,Cycling
wFJdxEm4,Hiking
BMoIHa4q,Cooking
BMoIHa4q,Cycling
j9DAiEyU,Cooking
j9DAiEyU,Gardening
yDHC3yaZ,Reading
yDHC3yaZ,Gardening
yDHC3yaZ,Hiking
M3QhVt2o,Gardening
M3QhVt2o,Reading
FVYUYgKi,Gardening
eq5NyPdb,Gardening
eq5NyPdb,Cycling
eq5NyPdb,Painting
kjO5fgAO,Painting
kjO5fgAO,Hiking
kjO5fgAO,Cooking
MBJEaUda,Gardening
5NUvUUy2,Gardening
5NUvUUy2,Cooking
WffyYNhY,Painting
WffyYNhY,Cycling
WffyYNhY,Gardening
87tJl4zt,Hiking
87tJl4zt,Cycling
pwNTOFlc,Reading
pwNTOFlc,Hiking
INQFS5xj,Cooking
f65oVLMF,Cooking
lh1EVPVd,Reading
lh1EVPVd,Cooking
lh1EVPVd,Painting
w6CfrM5V,Painting
e931R4eD,Gardening
jYqKkyfN,Hiking
jYqKkyfN,Reading
jYqKkyfN,Cooking
UoFV2STW,Reading
UoFV2STW,Cooking
UoFV2STW,Painting
1apkiQ6i,Painting
28MVmYLp,Reading
28MVmYLp,Cooking
28MVmYLp,Hiking
7x9npKjh,Painting
7x9npKjh,Reading
7x9npKjh,Cooking
dEDEUhRe,Cooking
8SpZHLf4,Hiking
Ppw8uAuu,Cooking
Ppw8uAuu,Painting
Ppw8uAuu,Hiking
qtR8yOVO,Painting
qtR8yOVO,Cooking
qtR8yOVO,Gardening
y5Q0MYAm,Gardening
y5Q0MYAm,Hiking
isH6sSpF,Reading
isH6sSpF,Cooking
isH6sSpF,Hiking
wnNDNzAp,Gardening
wnNDNzAp,Cooking
wnNDNzAp,Cycling
6bbBDxkD,Gardening
6bbBDxkD,Reading
n8qKokC5,Gardening
n8qKokC5,Reading
aVS8oeBt,Cycling
2QvwkNqz,Painting
2QvwkNqz,Reading
2QvwkNqz,Cycling
jTKIewE2,Painting
jTKIewE2,Cycling
qg8pcvNc,Painting
qg8pcvNc,Cycling
FGpIZqNO,Cycling
FGpIZqNO,Cooking
yt8keREP,Hiking
yt8keREP,Gardening
uATUOwa4,Gardening
Jq2aV5w8,Cooking
oxRkO3d7,Hiking
oxRkO3d7,Gardening
oxRkO3d7,Reading
Dc5sWYr9,Painting
jdQCBppF,Cycling
jdQCBppF,Cooking
NAn4k803,Hiking
t4xBPOqA,Cycling
t4xBPOqA,Hiking
JIwkpAup,Gardening
TAFLAowk,Gardening
TAFLAowk,Hiking
TAFLAowk,Painting
ThIokctL,Cooking
mSfyCZeG,Painting
b2xNMKb6,Cycling
HBXw9HME,Cycling
HBXw9HME,Cooking
HBXw9HME,Gardening
r42JMvxu,Reading
r42JMvxu,Cycling
r42JMvxu,Hiking
7T37xQ9M,Painting
vgbfchP1,Gardening
PiZKby0O,Gardening
PiZKby0O,Hiking
AbRXdy27,Hiking
AbRXdy27,Cooking
AbRXdy27,Reading
QpNELIsy,Gardening
O44XT9Bn,Cycling
O44XT9Bn,Painting
O44XT9Bn,Gardening
e7kHrjxn,Reading
e7kHrjxn,Cycling
yQRIK89M,Cooking
DCXInRpH,Cooking
4io91jvv,Gardening
8tw3VPE7,Cooking
bB2rAGaZ,Gardening
bB2rAGaZ,Cycling
bB2rAGaZ,Reading
j7BAbnVk,Hiking
j7BAbnVk,Reading
1k7iIBn0,Painting
tMsf4ggl,Painting
tMsf4ggl,Reading
alGXenbj,Reading
qSvoEuhR,Cooking
qSvoEuhR,Gardening
qSvoEuhR,Cycling
vPnNWPjB,Gardening
vPnNWPjB,Painting
vPnNWPjB,Cooking
rpLH7SDP,Reading
rpLH7SDP,Cycling
3mTDU57V,Gardening
xo3pKvR0,Cycling
xo3pKvR0,Painting
50VR3j8h,Hiking
50VR3j8h,Gardening
50VR3j8h,Cooking
yySnSFjJ,Reading
yySnSFjJ,Gardening
yySnSFjJ,Cycling
OE1Ab1M7,Painting
OE1Ab1M7,Hiking
u9qrreO2,Reading
u9qrreO2,Cooking
u9qrreO2,Gardening
BQeRt7Oz,Painting
crq38Q9G,Painting
crq38Q9G,Reading
rlxyvLzY,Cycling
rlxyvLzY,Painting
6lZ4h2cw,Cooking
t6Pw7ClP,Hiking
t6Pw7ClP,Cycling
ZGsa6OxG,Gardening
ZGsa6OxG,Cooking
ZGsa6OxG,Reading
mZHNqDP9,Hiking
mZHNqDP9,Gardening
I7lNdaHY,Reading
I7lNdaHY,Cycling
I7lNdaHY,Gardening
1l5AhN0e,Hiking
hnrx3wsg,Reading
hnrx3wsg,Cycling
hnrx3wsg,Cooking
Tp03MGWl,Painting
Tp03MGWl,Cooking
oWoYIVdB,Reading
tMdIg4Ao,Reading
tMdIg4Ao,Cooking
ZdtCHGFm,Painting
ZdtCHGFm,Reading
b7K8Sb1O,Reading
chjJUdJy,Hiking
UwVVE5lj,Hiking
zKrpESyw,Gardening
zKrpESyw,Cooking
zKrpESyw,Reading
W1U6GvuN,Cycling
3VRNZzJ3,Reading
3VRNZzJ3,Cycling
Vr1M02M8,Reading
Vr1M02M8,Hiking
D2908hof,Cycling
D2908hof,Hiking
D2908hof,Gardening
J5rDIYDM,Cooking
J5rDIYDM,Reading
J5rDIYDM,Gardening
VVF4CkGX,Hiking
VVF4CkGX,Cycling
VVF4CkGX,Gardening
XdNMjS0u,Painting
XdNMjS0u,Gardening
8jhcJ69v,Hiking
8jhcJ69v,Cycling
M1V2Wh5Q,Hiking
M1V2Wh5Q,Gardening
WD0v54ts,Cooking
WD0v54ts,Reading
0JohFj5Y,Cycling
0JohFj5Y,Reading
ZsyRS0M9,Painting
Di1UWnUe,Gardening
Di1UWnUe,Hiking
jhRSm4Bk,Cooking
jhRSm4Bk,Hiking
jhRSm4Bk,Gardening
EKmQfPsq,Reading
ERZ0vJWV,Gardening
l2djhq78,Painting
l2djhq78,Cycling
DtLVUV19,Gardening
DtLVUV19,Cooking
LmrkP9dO,Cycling
MbkmNPUQ,Gardening
ARe6L1th,Reading
WL1dKWQU,Painting
WL1dKWQU,Gardening
OjM6Gx15,Gardening
OjM6Gx15,Cooking
FeyC80q4,Hiking
FeyC80q4,Reading
FeyC80q4,Gardening
GzE8yx3I,Hiking
GzE8yx3I,Painting
5s6IiHNp,Cooking
5s6IiHNp,Hiking
WkSTQKDM,Cycling
WkSTQKDM,Reading
v8mfwFwl,Hiking
IECk8AMW,Reading
dC6lpXhj,Cycling
dC6lpXhj,Reading
dC6lpXhj,Hiking
FBi3LYND,Reading
FBi3LYND,Hiking
uLVqRyDP,Reading
uLVqRyDP,Cooking
B4wpNaDv,Painting
AnQrayzg,Hiking
AnQrayzg,Painting
kBXAXZcV,Painting
kBXAXZcV,Cycling
kBXAXZcV,Reading
vcodFXwN,Cooking
vcodFXwN,Hiking
SAALZh2w,Cooking
XTRa5tLs,Gardening
XTRa5tLs,Painting
nHeSqnPd,Gardening
cxqB3f8S,Reading
9Evs36Vm,Cooking
4qn09xPt,Hiking
4qn09xPt,Reading
4qn09xPt,Cooking
ZK9yT5Io,Hiking
ZK9yT5Io,Gardening
ZK9yT5Io,Painting
J7f45PUo,Gardening
J7f45PUo,Hiking
5dr5n4pk,Hiking
5dr5n4pk,Cooking
5dr5n4pk,Gardening
wdY14i6q,Reading
wdY14i6q,Hiking
wdY14i6q,Painting
RsYMys4s,Hiking
RsYMys4s,Cooking
YOKueNru,Cooking
tLCOHZu2,Painting
OsEPWeR4,Gardening
fspf8f3c,Hiking
fspf8f3c,Cooking
vM5FerKE,Painting
vM5FerKE,Gardening
c0Q9ER2C,Gardening
c0Q9ER2C,Painting
WrsvCtuN,Hiking
TSMkBMRj,Cooking
TSMkBMRj,Cycling
TSMkBMRj,Reading
5az61Wkw,Cycling
5az61Wkw,Cooking
5az61Wkw,Gardening
3CCLbVwt,Hiking
3CCLbVwt,Cooking
3CCLbVwt,Painting
Mc8V8WJD,Cooking
UYZDS3fM,Reading
UYZDS3fM,Hiking
UYZDS3fM,Gardening
vQsf9XcY,Cycling
vQsf9XcY,Reading
dXbioib5,Painting
5HecETtC,Reading
5HecETtC,Hiking
rKtm33mZ,Cooking
rKtm33mZ,Gardening
rKtm33mZ,Cycling
ElvuuHqF,Hiking
ElvuuHqF,Painting
h21QrR98,Cycling
h21QrR98,Painting
K2Xa0hEG,Cycling
K2Xa0hEG,Painting
yri7YAaR,Cycling
yri7YAaR,Painting
IgBO5nUd,Cooking
9Dfqen1R,Gardening
9Dfqen1R,Painting
boqe17o6,Cooking
boqe17o6,Reading
boqe17o6,Gardening
6tIcV1yV,Painting
6tIcV1yV,Gardening
xaKSaJ29,Painting
9NsaYVyp,Painting
P9WL1mi5,Hiking
oQMpZkmS,Painting
M3fGAxUc,Cooking
M3fGAxUc,Painting
99tM9KA8,Reading
99tM9KA8,Hiking
yMTTFb1d,Cooking
icoWc3yG,Cooking
1dbvHZHC,Cooking
f7kcuKSG,Cooking
Uine6HVq,Gardening
Uine6HVq,Painting
Uine6HVq,Hiking
JhQKaSAs,Gardening
t8gDUDfS,Reading
t8gDUDfS,Gardening
iltgq77A,Hiking
iltgq77A,Cooking
xCbEq34e,Cooking
U71UnSo4,Cooking
U71UnSo4,Cycling
U71UnSo4,Hiking
0PsLwEMp,Gardening
4OOtPj1Z,Cycling
7MPNXlYD,Gardening
i39BvyOL,Cooking
5eU1cb7v,Painting
5eU1cb7v,Cycling
tTyMa2LD,Cycling
4bIIvBUD,Cycling
ih6jtzwZ,Cycling
ih6jtzwZ,Cooking
jgR99jaz,Painting
W4dhE9Te,Painting
qjdw4qql,Reading
PmLGvO1t,Hiking
PmLGvO1t,Cycling
PmLGvO1t,Cooking
YPw8ipe7,Cycling
H2M5ZtpE,Reading
0bFjRTn5,Cooking
0bFjRTn5,Painting
he0VvKH6,Reading
he0VvKH6,Cycling
he0VvKH6,Cooking
KcQH0xOw,Hiking
KcQH0xOw,Gardening
TgAF7uql,Hiking
dpM9kILx,Reading
dpM9kILx,Hiking
67XzMb8o,Cooking
67XzMb8o,Reading
67XzMb8o,Hiking
pJCEcVei,Cooking
qVhPnENc,Hiking
qVhPnENc,Gardening
FH18x8Er,Reading
FH18x8Er,Cooking
FH18x8Er,Hiking
vXYF2Nmc,Hiking
vXYF2Nmc,Reading
vFbM3s04,Hiking
vFbM3s04,Cooking
