name,age,city
zJe3I7Bp,30,LA
WqEok2Oo,58,London
OlFBtIo7,63,London
98a00Hco,67,SF
gFhemJZQ,32,London
eArbLw83,59,LA
x6sbwsjK,24,SF
gntSUWS6,57,London
xKOjVO77,45,NY
9J9NTHh2,49,NY
XLOGtmJ4,52,NY
uX8ot8QB,32,NY
7zeIewEo,65,NY
WoZ95p4P,53,SF
PLXvhzFj,38,Berlin
E2mlCkzV,23,Berlin
SDg1Zbke,18,SF
FGyAhRos,21,SF
uZuLgSe5,28,LA
64NTBURT,61,Berlin
SKYFjaKP,43,NY
CtkSrVoE,54,SF
cGGF5rxU,40,NY
7c62TAr2,46,Berlin
tvkrEnk6,38,London
qLgorfIF,65,London
kLc3HmEY,62,SF
wr6ABhC4,62,LA
S4h3Efir,66,NY
P8XUneju,44,SF
CTPeQ3cg,56,LA
RGlIZM6M,57,NY
pK2nmDEl,30,Berlin
EiNfGSnA,40,London
ELScQMNo,33,LA
vG7202PE,47,NY
NLHsn73V,21,SF
ABpAk7Ov,57,NY
yh201LQb,33,SF
qn0zIuPz,48,London
YAqdEnNc,59,London
Bn2HWg8L,42,NY
iH6bxWuv,61,NY
VddnH9Zy,29,SF
SrkxzIpa,43,SF
0UGFXcrb,54,LA
NQcUYxyY,65,LA
21eFRTbU,50,LA
H4fKyZ1W,45,NY
AUsCg8Jx,26,LA
AnzrrRFx,29,NY
9T6VSCJb,22,London
VBDgtiNf,69,Berlin
Im6KfyZG,45,London
0VdEzTZc,52,NY
QL2qmIEE,22,NY
7oCDITT5,51,Berlin
AehaGhm1,63,SF
h2EMGi2z,51,SF
ah9S2qt3,30,SF
IkrQX7xL,56,LA
DnuU95kS,59,SF
DtlD9aRm,62,LA
fCfMKeN2,65,LA
valr4ATw,31,SF
V5INmKgn,28,SF
lIhGNxJ0,59,Berlin
L7TM4mao,55,Berlin
n5MiDae8,21,LA
iYADsVoy,50,Berlin
VRwZteLn,24,LA
kNriBBRp,58,NY
h3Ol11Vv,25,LA
AM25lx59,54,LA
mwmKu44F,68,Berlin
aqONy9Rq,27,NY
dJbSDLCk,60,London
UOHgwMSR,32,London
k0fZhBSt,55,London
1r0OTuP3,32,NY
3k9SwaPz,22,SF
PdlVjqkc,46,NY
LQzN06tI,36,Berlin
hCZf5f4l,68,LA
ftMbkaNC,27,LA
26tQ61UT,29,Berlin
txrrJzZq,21,Berlin
m8qBfwwV,48,LA
GZQk6KjJ,35,SF
9AOQrv8I,33,SF
UqFnnq5G,57,SF
NDCuIO3t,53,Berlin
gw3jDu3l,42,LA
wkHUBMKR,40,LA
TDpSLDyc,29,LA
5o55gAqJ,51,NY
KkksLRG6,53,NY
JiPWdfXi,54,London
vyCOmktl,20,NY
1BSjIWaj,26,SF
gIynDxCp,35,SF
4yt5yurP,60,SF
2LHvP8b2,52,SF
lowFaLye,51,London
oEcsfxlj,58,SF
tPDq7lyG,31,Berlin
gXvTOzYj,21,Berlin
hFQaOPAd,46,Berlin
AUhY4FWS,58,NY
08glAV1e,62,LA
a6RpFM2A,67,London
Cc1CdLwA,32,Berlin
PVbqszBs,45,Berlin
cgTGykHh,59,SF
iE3vCM44,33,Berlin
5YJcucLS,29,SF
YgFSuNsy,69,SF
lUSUe47X,22,LA
J9MHXRdJ,51,NY
n5rQlFcy,59,SF
lramWOrC,18,SF
WNgnRnLT,56,LA
LCAKHDIv,49,SF
tZj0EGky,43,London
yOJeE9fU,34,NY
GsUBCjKM,65,London
JzVUrU9x,44,Berlin
Hx6hyngr,41,NY
1V98Ivn3,52,Berlin
rVNPQNNF,63,SF
HnzUr5j2,59,LA
yaZVOQgJ,56,London
zzlbnLFe,43,Berlin
JzbLkMQ7,66,SF
bLWyFl4C,55,London
SoDSmieb,40,London
JCQBokCN,39,Berlin
XZ24pSeU,21,SF
QzGDxW72,66,LA
HSL9SBZd,26,Berlin
YZScy5NB,21,London
Wg0UJXSw,24,London
OipDquRC,40,NY
RUUvQuBp,19,SF
rciGb2IS,66,NY
tSJsSPjX,41,LA
hL1po0Kj,57,Berlin
awF1GD38,48,London
NKFGx5O1,64,SF
DExPenmj,48,London
LThmEJNa,64,NY
UYW3TwcM,57,NY
7Fq70HeX,65,Berlin
BGpXl61o,68,SF
Sl8qrUT4,60,SF
4ismpVDg,51,Berlin
2dWeDBDg,41,NY
KLsaA4SB,66,NY
NKNU9pzq,43,NY
NuDrOqGv,33,London
QFMgUla3,64,LA
FElVPf1v,30,NY
QYmgotsV,32,LA
DQ5nPuly,44,LA
kjPuGDKz,21,SF
Toq5ZwsT,33,Berlin
ZttIVa6d,47,London
zOiCrYmP,61,LA
pZbAxITX,47,London
MBqejS6K,53,SF
76Wy7Rp9,20,NY
KddvHBrD,39,LA
2e8TZ2KJ,66,Berlin
IBuHOIYQ,39,SF
iV1RT7wV,67,London
Untowm8q,67,NY
L5iNAXXZ,66,London
d9xJ972u,29,Berlin
HrueefIg,38,LA
jF0JDOle,21,Berlin
QYC39jul,48,London
JCWT63ys,61,London
Myatj1KV,48,Berlin
HOmY53SJ,40,Berlin
ljtgH6ch,37,Berlin
ve15Omk9,32,NY
o5Vb26h6,40,London
b10mdBmV,45,SF
Kh8FJGkm,33,NY
6Tw9znfF,54,NY
DF6bxA7g,38,NY
wte6OoRO,32,SF
Y2a7T3c0,34,Berlin
kaGiDcKn,67,London
TsMZzkGj,54,LA
YPw5Wbmz,30,LA
x0MbbbDT,36,London
izHVSkgv,47,SF
nAe8Cz3B,62,LA
1YaD3puH,35,NY
7PfEZJhF,31,LA
XiOUSrMp,53,London
pTsSCKG9,53,NY
q3uxjT0U,37,LA
XNX8aNZo,69,London
yaD1l18z,36,SF
9CqBUOFu,62,London
9lv2VCf1,61,SF
VqWAbHf8,24,NY
ZhShvCI6,61,London
78lY2FiQ,21,Berlin
WmUGWIGc,51,Berlin
HHR9kjQN,19,Berlin
1o5SH7Am,22,Berlin
d8yyGADt,27,Berlin
SseRPmTK,49,SF
eUiDj888,59,London
yjzKpvo6,58,NY
iyTKPmir,30,Berlin
uNGGVLoB,56,Berlin
YHLj2US2,22,NY
6cZpMAkS,27,NY
1EsGfT71,27,Berlin
o0ERAdgV,55,SF
0T4NuPpw,44,NY
aSEKnAq9,68,London
ZELJL1Pc,38,London
gZNgf7oJ,25,SF
RLYScOBC,18,LA
1cyXUA4n,45,SF
lNuszbC3,66,Berlin
wQv7rWuR,56,LA
NVjI1OTU,31,Berlin
WkEfvHX7,38,London
ts4fzMNU,47,NY
m1EuBwjk,38,Berlin
altFNsIl,66,London
MefS4P0j,26,SF
vvix0T2X,34,Berlin
M8unZpj9,22,London
bnRn2BYj,48,NY
s71DBI9l,69,Berlin
lGyJ3yqX,57,London
wXAw5oHe,55,Berlin
QtZRXJf4,60,NY
9RHgZovR,36,Berlin
8YnqZCBK,53,Berlin
e9bBO3DR,67,London
dv7rp3bL,50,LA
AViyPtRs,30,Berlin
oXFzV8K1,31,LA
8dUKWedz,50,SF
jm8V9Zb5,46,Berlin
TufzRQXx,60,LA
D0ltkApf,66,SF
qmvOfCfp,53,London
2dIQfa9a,61,Berlin
usXJxekN,27,London
EH8gQjxk,48,SF
B0VFYBM5,23,London
3Xh55gQK,18,London
kgljMuCO,24,NY
ZW6Pepi7,44,SF
EXcd8D0O,38,London
UK0fO4IR,45,LA
GUNriVsM,33,SF
zxEEtEyE,63,NY
WrQdZlf3,40,Berlin
UJktcb7x,69,London
vHZQAF0F,37,LA
QcnClntS,55,NY
EJMcx3hs,42,SF
4O4ukyo4,45,London
yjLMq5QS,22,NY
3t6O4zaZ,38,NY
x0lWpaQc,35,LA
VhQehjXe,64,Berlin
HkT7SRrr,23,Berlin
1qVy2mf0,46,Berlin
mGcDgcyf,36,SF
ReBwTBVP,50,NY
F8VScaj1,18,SF
pkC3dx6F,62,NY
nMuSbB0L,20,LA
rjHtgeGb,59,LA
SStc3Qaa,38,SF
dyJ1VcHb,52,SF
ZDJxQx4o,58,LA
Ep8ND3C2,57,London
nrT7ypjT,20,Berlin
Ascz209h,42,Berlin
Mmz2CC7C,62,LA
uPiGpSJ6,55,Berlin
TWwC1Xxt,62,London
yDHC471z,37,London
mu3O6A6b,69,NY
mJk8QVNJ,61,SF
XjtpTVEL,62,Berlin
VGMcgeb5,51,London
1uf5wU7t,38,SF
eMt4Buks,65,SF
Xj2kh4zI,40,NY
MRr0ph64,23,SF
gc2DDVK9,68,SF
wBJBbEPv,30,LA
vfwkMP4g,66,NY
57mNsXWv,40,NY
8EMK9wpF,26,Berlin
84btkORq,34,SF
9uq9OOub,19,Berlin
25aJsmDy,36,London
RqxwF9AR,36,SF
ivqlrfBP,24,London
X413bhVp,59,LA
keJofeST,59,SF
v4eK78Nu,37,Berlin
PLdi45lS,26,Berlin
fAQnSxMl,34,SF
YRERDTK1,44,Berlin
BFe8q2Jl,64,SF
hVl0UoyZ,19,NY
szNnpvoa,53,Berlin
3QrjdE3d,36,SF
UAP3B8Pt,34,SF
V4RL7JTt,22,Berlin
wYwsEHUo,56,NY
kQz2uX6z,35,Berlin
1CjTx62W,24,SF
x1jwAY4j,34,NY
6nbDqmEj,56,London
Z0rlLEA0,53,LA
EPvg7RLi,57,Berlin
GEnE7Nut,62,SF
MLLGvxQh,21,NY
JDbwp6Q4,55,NY
3N3DrvXR,42,London
37WJ4RLY,22,Berlin
pI3t2xjt,47,NY
GC36Teyl,29,London
VSwWDnaw,21,SF
MIW7Et2m,41,London
Yl5Lsd2G,46,Berlin
FpxR0sms,26,London
bNAwW9Bx,21,NY
jBt6CmLr,68,NY
KubduDiZ,41,LA
xbAulMVN,31,London
uUcFSSE5,22,SF
igkSfwwf,35,Berlin
veydzWRH,59,LA
fmjV1odQ,36,London
bNRDcV67,29,SF
ityNyFrb,35,LA
SzemcoEv,34,NY
e2FZyjaM,47,Berlin
MqxyZUpm,41,London
3yOCB7PV,28,SF
mgyg5mVT,52,NY
sQnKsCOo,40,LA
30nbaZ1m,34,Berlin
6yu9LkEI,18,LA
r91pM20M,32,LA
165sxJjd,49,SF
nlA2ezbV,26,NY
3sq53Xm5,32,London
UQb5Dafo,45,SF
1JIqRDTj,41,Berlin
eQbEZz8J,52,LA
cdVrrDXb,39,Berlin
q2oBaO2Z,44,SF
A7Eo0cwL,36,SF
CDkOxIjT,62,London
vkyCvsYU,29,LA
EHwAL2uw,37,SF
CU1kcF1M,18,Berlin
LHZjXiYm,38,London
QfzgFcga,66,Berlin
5PkoSuhT,62,LA
XIyOyJUQ,18,London
9oNjRUS3,27,London
8XE4RtUs,64,London
mN6lbsmZ,49,NY
QeCh6PaL,56,London
vxsM5NKQ,39,Berlin
8EvpDXUV,35,Berlin
AK26Q9x7,65,LA
VfpfpZNf,63,SF
xuLDuIRB,49,SF
MfQKPbFe,44,NY
lrJXHSph,45,London
GkC0cLAQ,35,NY
8eDpyUOk,56,LA
xsn1KESY,66,LA
6hki8LbE,46,SF
XAR3wHzc,35,LA
BRef2PDF,61,London
p5ibflmO,25,Berlin
HID8OKhc,48,LA
msUyxFaG,51,NY
qGsYtpDn,24,London
PDnkIM1e,53,LA
P1jVD9ek,35,LA
MzM6ZzUc,55,London
tylTxBZn,26,LA
4D6Fz2No,26,Berlin
GEeLzIRW,63,SF
VcrrO9vZ,25,London
L41DEU0K,68,NY
IQLWiuQ8,52,LA
HMdN52Ko,35,SF
5uol8luP,22,NY
rLPlMWXQ,31,NY
lQSImCGh,45,Berlin
SspLNu3Y,47,SF
xyS5Cvpe,21,London
hxIyeYpE,56,SF
5IYFAq8M,37,SF
EgBtihV9,42,NY
cegHhfUA,45,Berlin
cOdg8Sro,29,Berlin
nLU5vobK,19,SF
Vk7xHbjJ,60,SF
M8YhpzpL,31,LA
34raPA10,39,NY
Bo0zBj30,48,London
UbVmPB2v,40,London
bFyBmieZ,65,Berlin
QkznvqS3,37,NY
x27QIOeS,55,Berlin
bJwbBBAB,21,London
vq4qjnKG,32,SF
GmcxcoRj,41,NY
MIpGpjiB,42,NY
2lzke2MJ,18,LA
W21TrDAk,24,SF
b7LeVqWH,48,SF
WIwlHlWu,29,Berlin
kqYF3ykD,59,NY
0oLwWCCS,22,Berlin
SkLc8irG,61,SF
EUIT3COG,67,LA
WJZzp6k1,59,NY
hce90h4x,55,SF
sbEUnWUB,29,LA
KViXyi34,56,London
pySxmi7p,35,SF
jNgxv422,19,London
esYIc80e,27,Berlin
utFagUId,32,London
FNxBuMvu,47,SF
wXK2VAFP,61,London
HUF9jZuS,34,NY
TNiVmMrn,21,SF
caizmX2A,24,LA
J9n9kcTW,58,London
n4kPhPYv,48,NY
TxD7JH3U,68,Berlin
NujQSGrK,56,Berlin
3obDuFES,51,London
z7s1gjnW,23,Berlin
2p45RFzy,67,LA
JspM6PW5,55,SF
dzAz8uwt,62,NY
E95ynAop,68,London
XuLK0gfT,51,Berlin
jA35XRjd,61,SF
Dcs0Q4RP,32,LA
fktg9fca,31,Berlin
5W3ZEqsZ,23,Berlin
eLiC0jWF,67,NY
EnryukDC,54,LA
7sOYz5X0,67,LA
PnCRcd2j,49,London
9hSrutoD,20,NY
z5PPTsR3,20,London
Owyvd0Xy,39,NY
YC7W1BYU,39,LA
RO7U1l1k,27,NY
pf2uciFE,68,NY
rmlcawvM,20,NY
ugV8mjQ1,29,SF
UqyGK5mV,46,SF
Tc7Kr9Cr,65,LA
bK7dZzC2,34,NY
J5Znq30Y,24,LA
PJyaonYo,30,SF
aceXH36b,19,NY
1TVWVPEJ,21,London
HIW15ySk,27,SF
OaAupDg5,56,SF
TkspkATw,41,SF
Vr9QNejh,34,NY
67eVVqlV,69,Berlin
uFZHFDMW,23,London
wfkYHpb4,36,London
XXfdjjYH,22,LA
D5Nb0XAY,49,NY
WykMDKR8,27,SF
UZ5WICtw,26,Berlin
3clJbPxv,44,NY
UatCifGV,30,NY
KDIIVhYW,36,Berlin
NpHAcg6P,38,SF
9RY9r088,41,NY
wETzbrlf,55,London
iGLgh8Vt,21,London
hJKedtVU,41,Berlin
4eS51H4O,52,SF
gz5t2fuT,20,Berlin
if6a3cYz,21,NY
gj63pul4,54,London
RgYDThTY,57,LA
QozQ2JT0,65,Berlin
EoAMyZsi,52,LA
8zJqM3Rp,48,LA
LahKUQJY,61,London
J7pSopce,42,Berlin
y7rgangR,57,LA
zvBjOhw8,30,NY
xGrP1jyl,21,SF
P6pEqdaC,63,SF
d3dCrz2i,31,London
rAaWGKvN,30,Berlin
BQrDyjn4,44,Berlin
boEn6F5g,23,SF
SGQqOXUb,34,NY
J2orYUPI,53,SF
MXGlEGjb,57,SF
VVAvDlTS,66,Berlin
ARqmy0LI,52,LA
fDmpcuDo,34,NY
uo7beJiz,58,Berlin
cCHTg9IS,19,SF
nnwcaKhr,30,LA
KBmvohXX,69,NY
HNVcQHOR,19,London
a0YnzufK,69,NY
5rAvwCRb,45,NY
gMbrkjTT,60,SF
mmiCPnih,43,SF
4mM2sQjd,39,London
3DaxHQ3g,64,London
VnjgoYqG,60,London
IP653492,20,Berlin
j9HJ7ALX,52,Berlin
rqnTVbzx,29,SF
H52hR3oR,41,SF
6hD4KTiG,22,London
Hoh4FL2o,37,Berlin
IvHquilA,56,LA
0mXnNGMe,56,Berlin
SHTtkr0b,30,SF
VWWQ1Sfk,58,Berlin
UNfQDXB3,62,SF
OdN8bjvx,29,London
h4OUqfYL,30,London
JDE4ekVF,27,London
WtDFCcdP,50,LA
2xNfSrjx,57,LA
hzXF9wdt,33,SF
kJTIcDzo,62,NY
LMCw9VW7,52,LA
1GhdX51p,20,SF
G34TqT7N,22,Berlin
HD2pmSlO,43,London
ypPiyQTG,28,London
OPtsb2Ui,24,London
S0Ag7pCc,27,SF
y6Nj6xs2,59,London
lWSwHll1,69,LA
TPDtX1F7,51,Berlin
G4bogoRG,20,London
ZrSiLRPv,25,SF
rN9smn8Z,48,Berlin
mGK2hTYX,28,London
fSCC2hc8,62,NY
ofQEiN9c,24,London
zcefUVE7,62,LA
9f71WSGa,19,Berlin
4mbYKuzI,23,LA
ZGaQuNET,58,NY
ZK7442Qy,49,NY
Lv2eLY1N,37,LA
JgsoGvbi,51,Berlin
9mYjnLjo,67,NY
ruepcUTi,33,NY
H6cwbXo6,42,London
A7UGfUA0,29,SF
662d2wyL,24,NY
YVxQe6n7,56,Berlin
VpvdAIBg,34,Berlin
MEVNinGq,62,London
Ucp3aGBm,28,Berlin
sDPI3ico,23,London
xSdPBRLc,40,NY
wIRXrla9,44,NY
9KkURMMV,63,NY
JxWsILLT,23,NY
Q8C3sHwx,55,SF
7pugbFtM,19,SF
8mkllWYs,39,NY
i8zI6zR9,37,Berlin
DyhV8bBU,42,London
t6SGnPLw,32,LA
p6i3UZ8Z,66,London
373hiRLv,46,LA
I0jKwPAq,25,LA
WxxzeZaD,54,NY
APQjlGJ8,66,LA
UplqHoXt,69,NY
FMcb7Dna,50,SF
0Ay2ddZV,39,Berlin
FePYu80c,67,LA
eGLrsL1t,64,Berlin
CV1G26NM,22,NY
dwNq3BLy,56,LA
d62TVzii,35,London
bXUEMDxc,55,SF
jRLVqyGH,54,SF
emmo67tS,47,LA
kv7gHea0,68,SF
3kgLagUo,48,London
FPiEJvhn,27,Berlin
ePsqd71u,32,London
iyF8fr9o,59,SF
mpgDgiCX,65,Berlin
PklakfEY,61,London
HlMq5AJv,35,NY
ZWQBU1oY,40,NY
phFH9zuJ,50,Berlin
BTERHNy5,33,Berlin
hDd1E3GY,55,Berlin
1aVxiOkn,52,NY
vPfy2wWH,51,London
BgqJTGVk,45,Berlin
8iJ8U7IH,19,NY
QoMHW17h,47,Berlin
40X6Qo0A,30,Berlin
SSp8OsL0,58,Berlin
LIefvMF7,33,NY
UcOf5oHB,22,London
DH8l5Cxe,45,NY
MSPCLEH1,56,NY
JBE0ZiFm,62,Berlin
9cNtGylM,37,LA
odqb3w9x,41,LA
MQJbhrHW,44,LA
vxp5yKmv,47,NY
YsNNiHJq,62,Berlin
y11m755v,44,LA
keQuHu9D,43,SF
4vkJzK1n,24,SF
GWwn9FIy,59,SF
w7Eqx0uL,64,London
UVrqatM2,55,Berlin
3ZeZ4Lkm,22,NY
ZuoXfwyf,40,NY
sgZmnkMn,45,Berlin
AT6gXBta,51,London
M7j1XrVf,32,Berlin
WkxG9RGI,49,London
LZUawoFI,43,LA
Vy35I4Wz,65,LA
71KzUHr1,48,London
iRF83rNT,36,Berlin
Aw1W0rFs,26,LA
MhfQ9b5a,46,Berlin
cjtNK2eo,68,LA
NZ9hutmu,56,Berlin
DGNATQrr,21,Berlin
GMxMSi7Q,20,SF
6A3WSszU,46,London
i09R4r6e,69,NY
nYRYgiZh,28,London
L2NMMdT2,50,Berlin
GzEmIvHV,55,Berlin
zRPklvCq,28,London
8IqijJci,44,Berlin
fY1TxOog,50,LA
d1S7OkCn,38,Berlin
BSnIKlZb,56,London
lj74nzkg,48,London
Au0esIi3,55,London
uw7W1Ht6,63,SF
qhSCUEky,19,SF
pbu1J7ES,44,SF
h3L0KaJB,53,SF
kuPKV4Sn,28,SF
RYi66Gib,64,SF
P8iwTTdl,35,SF
ccVEYQCF,18,London
1BQQS2Pw,52,NY
oH5X5XYc,52,SF
b8oyfJXt,48,London
Cv272J5f,45,NY
WNk56UPf,56,SF
mr1FdZ4J,18,NY
9fQELhyN,42,NY
Thj157zU,60,LA
ihVPhxg4,55,Berlin
cMbivUGB,37,LA
p5Unslxm,20,NY
alOPsGjW,68,London
kfbIyG51,19,SF
JuiKxbZm,35,Berlin
09vxXYTa,61,SF
5SJvWKZW,27,London
oCil5IHy,22,Berlin
Vi0qeUji,26,LA
DdhMDIrk,19,NY
MBSfAKzi,51,London
1G6gt7j2,55,NY
NaR1cdbw,48,NY
47IVBAWM,27,SF
wKWvr06p,67,London
0iYCacdh,29,NY
WhmXTzoB,53,LA
r6EAcagT,38,Berlin
wgK1gvdf,66,London
FzgdSu8Y,64,SF
r87Emyhm,23,London
bAv1PBRK,65,SF
EmIu9XWL,66,Berlin
jY65Z3Bj,20,LA
vdoi0bdq,27,NY
zg7MbehB,22,London
EC4cUqoV,63,SF
IYIRRRJt,43,Berlin
PRtkpLcK,38,NY
OLE4WGEn,62,Berlin
eCBhzLUg,43,LA
47jE7EJp,55,NY
ZVBnQFKr,61,NY
JhLYeYq2,43,NY
07indC40,25,SF
gz0OONOq,22,NY
03H8fwRM,32,Berlin
FF9K33fB,33,SF
bZFKrPbY,18,NY
eHyqHjh6,33,Berlin
2GTo88x5,54,Berlin
HdbHztPZ,20,London
llIszVP5,69,Berlin
FEYqkPIF,64,LA
CUJ95DNq,48,NY
Koh4fKgA,30,NY
EIpEPYIn,33,NY
SvWCXXPy,60,Berlin
scLANZxH,38,Berlin
S6AqFjBj,19,NY
uxj5JpNr,44,SF
Ha77WqyR,55,SF
ocB9yj9G,43,LA
LebZfe9h,55,London
39pO9NkY,63,LA
mzoDzalp,42,NY
4tFyWR4w,28,NY
7UEqMAO2,25,NY
RqWz0DT3,25,London
5eFRKJHc,50,Berlin
H4ayZjqB,24,London
z0goulyx,55,LA
qAPM4RKR,38,Berlin
ItFJQ1uK,25,Berlin
8XdhiLl0,68,LA
W9p53chD,38,Berlin
AToKUIyA,37,SF
p8OgJuLx,25,LA
abOJYs8p,63,LA
c59Qq31M,48,SF
AzuBkY5t,67,London
1EBHbB7V,46,London
7lFLApWq,65,London
zxiNVurg,26,Berlin
NLv5a5A1,32,SF
hjlVC7DO,47,LA
titeber8,43,LA
f40YpXN9,27,LA
a4HgK8DE,46,Berlin
ImeJ2w53,33,Berlin
5qiSX0NA,53,London
jgkmpT2v,37,Berlin
ART1HCvY,62,London
k86khPRo,54,London
upX8qb6p,39,LA
OrCT10ei,24,Berlin
m59rHVTE,40,London
6T8B3ymP,58,SF
NQkklZHQ,57,SF
Y3vaHXeW,46,Berlin
7ZpSmx98,33,LA
uHZq3uos,55,LA
c5RNge2B,45,London
FFeA9rpP,65,Berlin
wqdGY2QD,55,SF
MBWgNO4T,48,London
tNhH7FpH,31,London
xMJ9GW2V,50,NY
Ls9DRZg0,26,Berlin
QpoY19H7,44,London
SkimIoBG,41,SF
oXjgOIb5,30,NY
j2nk15SI,43,SF
njchlkad,46,LA
GCxcb0L1,68,NY
5PShHYlx,66,NY
fdS3rtp6,60,London
KUWrWVIi,45,LA
tz8tPgaT,45,London
9CU4aYru,25,Berlin
UxZu3cA3,40,SF
yqe4yx1R,46,SF
R369aBuy,22,London
Y4qMcMwI,59,SF
mAmIxSJz,24,SF
yCaoAI3J,59,Berlin
D9OEMwxK,53,LA
lCeCxQob,58,NY
fAR9C7GI,44,London
2xse0V8J,63,London
56WwF8hE,19,Berlin
sfUExleH,42,Berlin
XNifSyiq,26,NY
kLDFedR9,44,LA
2Sw4gIQx,18,London
ZcAFaJh1,40,Berlin
EaJ6dNnR,27,London
vrdkZr19,59,SF
F5L32rdE,69,London
O4GjqCf9,42,LA
e6H5VaeW,20,LA
6NUdhxal,23,London
CY8OtAUc,23,SF
w61BYicC,19,LA
YKQaD4ZO,35,Berlin
2JtSRoOX,40,London
GzIn1vKr,19,SF
DhZfMS58,29,Berlin
mtHnVVcu,39,London
jWPzQe3n,54,SF
2XwpVZu4,37,Berlin
Ad18AUBK,56,LA
nSpsHmsk,41,London
Xx848s4H,65,London
udY5RyBu,37,LA
e7jJTac6,18,NY
3ucMtb9g,18,Berlin
o69CFyLQ,34,LA
iXRByQkN,18,London
zM5t5q6Q,69,Berlin
93Pl3W3w,62,Berlin
7a1VRdtu,47,NY
154vXQKB,58,London
3vBcZgBl,64,SF
iKdvUPN4,20,NY
PZc8rQns,63,NY
Sm3hrhbn,28,SF
cL8resMf,41,SF
nO2MkHvU,39,NY
4QvcyczE,61,Berlin
6abJ64He,62,LA
xBqW39FR,43,LA
h3nm0tR9,30,NY
1byCV0ua,18,Berlin
jvaE9tiy,41,SF
rCpKMPJW,27,NY
nnufaWJN,52,London
30cpN7Iz,41,Berlin
pa2hxBXM,45,London
a3u84u2I,53,London
WHuJlkTV,33,NY
tyo0zXla,57,Berlin
RCvlp83R,33,London
h4hX0nUa,34,Berlin
lRkOLOe4,68,LA
GhJEawfg,32,London
gBHuIT2J,33,London
C8kQxGRU,32,Berlin
V4DVR1e8,51,LA
Lj4DkFu2,28,London
1O9iSDal,18,NY
nsh58i6d,32,Berlin
fr9OT51U,43,Berlin
e87JSRPT,68,London
ThN8rSj0,21,LA
iBw5Rgxm,60,London
3VFz2zya,22,SF
9dSK5BCy,52,London
KLnVQO9f,30,SF
QY8es1c6,27,NY
K7n6bp7H,28,Berlin
rMyjf16A,35,Berlin
adz28z8y,51,LA
72coyjJX,56,London
wdKWWsc7,58,NY
ymsVSJvs,59,SF
Lkl0xAZf,67,LA
8pWP5T6I,40,NY
tPgFF2cT,24,NY
6KQgMzNS,56,SF
4SOJxnIX,20,SF
3S7rC73P,29,Berlin
wop66cQe,24,London
RwPEb8q1,66,LA
WyQPEXyS,43,London
S9S64um7,50,LA
BI9qxTWx,54,NY
YA4hkrbR,65,SF
au0M6FYl,32,SF
yiWxxsBg,19,NY
5a1roWKh,58,NY
lhYdPqHm,24,LA
XjzhW2nY,49,NY
CzOCg44b,21,LA
OTEGwk5e,37,London
TB4ItmYO,67,SF
Tk3FCqQ3,53,SF
Egm715PQ,49,SF
zvUj4CiA,45,London
QzmardZ5,30,London
NwjBHb6u,18,Berlin
G9c5DQTe,52,LA
lC0mALoJ,65,LA
XVnyXREk,47,Berlin
chxvRGy4,53,SF
bNJNEphx,42,LA
MZ1Q4jjQ,33,LA
YoM3Lkr0,36,SF
QZWnviAf,18,NY
vcy4ICFy,22,NY
E7VYZmca,68,Berlin
hyv0ZI3I,39,London
I7R7EXN5,41,LA
VHqymBqi,60,LA
8788ikSb,62,Berlin
gLpjIPTj,69,Berlin
Y9NlTvdl,54,LA
39uxdyZN,53,SF
S1p1hdyX,53,SF
rZaPoIsh,21,London
Ij3eWkOF,53,LA
ryJSOxtr,69,LA
DwpekMef,35,LA
8qeVPuqJ,67,LA
PJx9KBEX,33,Berlin
dXYbk8Pe,58,NY
1EiPjemp,35,LA
S4MCJCc7,39,NY
DeA3oX9l,19,SF
ByVCvJGM,38,London
OAoNmNJ4,53,SF
QmLNxtbF,61,LA
SJuoijKv,56,SF
bvYqrNXr,64,Berlin
adi8CsHV,56,NY
EsBBt6Am,46,LA
3A9pubpt,43,Berlin
nmKxqAlC,38,NY
e2JwJxtd,34,Berlin
wCawgGCP,33,SF
AoetrG00,48,LA
VLvrOp8U,68,SF
26snRWXs,26,London
hJLpLZ6q,48,LA
JrJqzbVZ,31,SF
RknKFhSS,66,LA
nJYN2K5g,54,NY
j79VBdk1,19,LA
VDs0vrSz,69,LA
uXiWcasJ,65,NY
0xdSndb3,63,SF
2gWm1uyw,31,LA
RyuuQDa6,50,Berlin
8eJneRIl,52,LA
Ryne5Icm,56,SF
3lz5Tcpt,64,NY
sqmgsPSz,68,SF
TPOWHbI3,37,London
6tRi1xKd,19,LA
2OO8BrCl,68,LA
cmtjHXwc,58,NY
kI6AuBu2,36,LA
5jmGjXab,54,Berlin
uJgmabmz,35,Berlin
BTh3WwYB,33,SF
AWLvYpUk,21,NY
Nne44TIq,29,London
EonS6ihs,46,SF
e8KT9VfS,24,NY
7PidxB2z,31,NY
ZOHT7ZDN,29,SF
EZzMZ6lq,52,SF
xNo2BWDj,22,LA
F5ltc7Wv,34,London
yHS4Sjpp,59,Berlin
lJ6Xgf8h,49,LA
CFovQz4M,27,NY
P33CdZsc,60,London
Nnjg8MRl,34,London
t2VEkiEy,22,SF
pnCkwrix,62,London
xtYKO0lm,59,London
TQYmrs2Z,26,NY
s0EL5aCX,66,LA
axQVQeVt,50,London
WBpRlAOj,53,SF
2TzqCEtk,53,LA
4JbeyHiL,35,SF
bwSjKht1,26,London
5zcKtPKo,46,LA
pPYOkMsV,67,London
lAePMbPv,31,NY
mSnH0cJ0,42,LA
n1dNkj6k,32,SF
eUF4gxjA,23,NY
zEy3gKGq,59,Berlin
Hy9UZPcy,46,SF
JF5BGptu,32,London
Tyy6ytUK,46,SF
SnOgi5Yl,21,Berlin
lbQckpn8,35,SF
rEF2VRgD,67,NY
MjVKKMJG,66,SF
OFmTbnAz,61,LA
TURdvmku,56,Berlin
HlftcYq2,33,SF
3IawQ50M,28,Berlin
OJLdyRkC,31,NY
Bpo09m2L,20,LA
xW7nD3fu,68,London
hNHYZyyg,67,SF
AsWaejFj,59,NY
3SjP0Tn3,55,Berlin
CL1Gu6TR,62,Berlin
z3EfcUSZ,59,NY
kN5G1Ype,35,SF
hL7h4RvK,37,London
JHpQvETb,65,SF
STRxRYHV,42,LA
LvZiBtFJ,55,SF
7vnqANVT,30,LA
2JLBMiMA,21,Berlin
9sVJybaW,31,LA
CQEIQ0rr,50,London
7lLFszp0,45,NY
GNmTHH9s,69,LA
KbraLPFy,54,SF
a7h3by7c,25,LA
yI3bHqZw,61,Berlin
gnIHI2Xu,51,LA
sYIMTq09,61,London
Iz1a5Bwa,22,LA
acvyQg3W,22,London
wm46ygqJ,48,SF
Z8P3sBdV,62,Berlin
44OGk2Xb,26,NY
NmxQcqs6,59,SF
pL6yrvA3,49,SF
y4k6xWhu,50,NY
vL2i5Vl1,20,LA
hao5OsXq,47,LA
t3srWxnB,67,LA
k0YHtEfi,29,Berlin
uvgR1Kap,46,SF
hlf15WoW,20,London
i8EAqNTM,43,NY
IStulPk0,47,SF
i1ghFEMB,26,LA
d4GNwLqC,43,NY
qownVs2T,19,London
0sZ0hJR8,20,SF
Cq0LcoFb,63,SF
mGA2emZG,21,Berlin
Ll6FF3YI,42,SF
vkHmrIlQ,68,SF
thQzZnuo,30,London
YWdF1wQl,56,London
rxfDU5Ky,61,NY
59nYiLpx,52,LA
Xq4dKKbc,40,London
cKvob4ZQ,26,NY
vffKPsrO,19,SF
yTFGM60M,58,NY
Cwk4wWEN,61,NY
JUhGgKle,48,NY
UCHOPNei,61,NY
GlL13C5U,64,London
G4qugq5A,19,LA
Vj98glnb,49,NY
GvAHWJL9,35,Berlin
Ze6uaYTM,30,SF
47SNkgDc,63,SF
tIAAmZxM,22,SF
OUHbS7aZ,59,SF
thyUhJWe,61,SF
p1hJDi1v,27,NY
pAJQuHgF,60,LA
hrdinCy4,42,Berlin
5XGmUiBn,51,London
vSypvXda,54,Berlin
ut2U8fNs,47,London
PfuxxKJw,24,London
Whxp7MOZ,23,Berlin
4DlbjK9O,20,NY
zvpkfYpY,30,SF
Qe3MR7u3,20,NY
u2NsZcxh,43,SF
lIaEnqEm,41,LA
i12qqqhU,23,London
otnbzXzy,60,Berlin
R1OL75Jk,66,LA
H16FV2Uv,59,SF
1oZuUC0h,29,NY
qmNAIIhg,66,Berlin
xZqSZm6K,53,London
V3FmDOwF,19,LA
TnrDapoa,28,London
a46vFNzb,56,SF
HyvW85e0,51,London
1ofcOBiq,43,NY
rbREKRgn,35,LA
q9oIeMSt,38,LA
75ir7bTI,53,NY
jyp5zlx9,57,London
0XlaZRPk,69,NY
gHMcsGgx,63,Berlin
daHBOd5W,61,NY
buXyXSew,39,London
zHbvDtdE,47,NY
i7IaXnCl,67,SF
WOkfmYJU,60,NY
DeyihXp1,47,NY
SrzgEJH9,25,London
eZCsz8in,51,Berlin
s15iwfyi,64,Berlin
l4qf74Pb,26,London
qTB02xbP,68,London
AMtnizOL,37,London
sI8PqvQK,57,SF
vxigPt5K,42,LA
0kA29RTX,36,NY
2pIX4FAn,22,London
xdaGtqFo,28,London
YIfJJEMJ,32,London
fsdJTGZ3,25,Berlin
8y7MZW8r,36,London
qBB6FhJG,40,NY
tAj1k9mT,44,London
QU1wu2Va,57,NY
bIxXU9CK,49,SF
LaGVJfpz,43,LA
aJ1fJTjo,44,Berlin
QmCZP6JC,36,NY
ScaXuH0f,67,SF
04A9ycbK,59,LA
0KrnA3Sp,46,LA
B5GffLOR,56,LA
uiJXjbNX,58,NY
PemVrzBx,50,SF
JLr3qzBS,36,London
fIqNaiV4,54,SF
QjinB5ra,36,SF
7ycv3EQ4,50,SF
CWw8zj5v,64,NY
CafM9IiR,33,NY
ghzekNuI,40,NY
r1y2dLnq,24,SF
zdhpiff2,43,NY
4m4J9Mef,49,LA
b46SaTAu,29,NY
7VT8qxc2,25,Berlin
O38znNx7,22,NY
gfowSX87,59,NY
t0qv7f9H,45,NY
ktgQZPlC,22,NY
ayzY55W7,66,Berlin
1re522zH,43,London
F0WsCejd,22,NY
maz5XsJ9,39,LA
8htqmdT2,32,Berlin
UH6juN0L,30,London
UkpWbyQX,45,NY
NfhPLVHe,50,London
jp1AtuKr,60,LA
2FleGKAb,40,Berlin
zqVvggcf,50,Berlin
YxmUfTpb,60,London
RdL6AZoi,35,NY
SNFddk9m,67,SF
KIKL7eYc,47,Berlin
as6YoUEg,43,SF
ZVIcU2U2,33,Berlin
j9vS89Sq,30,NY
Kr8CG15M,56,NY
e7vukhDk,50,Berlin
G1BUDWLd,43,London
ogzAIFWD,65,NY
ZimKVNxD,18,NY
WHEZc2Ig,66,LA
3lraSIWC,55,NY
8bkp1mVn,19,LA
yl8hKWxP,66,NY
xvCyDyBQ,23,NY
eMhJ85R6,63,London
6fdhzsje,67,London
Damc6YGp,55,NY
WrnUgHni,59,Berlin
HsebsgAY,41,Berlin
ea1cg4xS,35,NY
VS9RzXo1,44,Berlin
MutfabhV,58,NY
4AVjFYW1,25,London
hDItV1iV,45,SF
44ugoxIF,27,LA
vqx6cPLj,34,Berlin
TbssV0wr,46,Berlin
VDcegCdF,23,London
hxqOGNoP,31,Berlin
dgt8GW3s,39,NY
es0RPxkk,23,NY
qUQyjBIZ,43,SF
9BAiB3Qi,56,SF
61R6mI5D,29,SF
Qwh3AFDd,52,NY
3RXG69Ko,31,SF
duwoaWQ6,39,SF
Limzf4KB,68,NY
6WtQTzdD,40,London
KCSvj0K1,65,Berlin
oWq0D1Ui,24,LA
TlRkNDge,57,NY
Cx2AhEAd,67,NY
sMHhqIJo,42,LA
x6Z7aKYl,30,LA
3U99Xa93,38,SF
lyEeAbeC,58,LA
2bn9ym2c,27,Berlin
vacKmzCp,26,Berlin
rJ01BIWA,32,Berlin
oIH7cy5q,69,Berlin
jvTYIgLT,19,Berlin
nCjVl1jJ,42,SF
YnOsVYdZ,30,NY
SCOZCkNw,51,LA
mEMMxCa1,68,NY
AYzEwz2k,51,LA
HP5J0kcl,52,SF
exZsYMrH,55,SF
4Kkj7pk7,20,London
pejxOu0d,59,London
MT9rXQc1,23,SF
KYYrWMUp,65,SF
2sp4KiYb,66,LA
IT9oh7qq,36,SF
kJBuLt2L,20,NY
idi7yeCK,35,LA
realWqfm,56,SF
BMXKlBRg,26,LA
xShA6Dj0,69,LA
Nyx3ibMh,29,Berlin
YoaKO23t,22,London
idkgvoua,20,LA
fnVgNsPd,28,LA
0EKNqLhQ,47,Berlin
pi8FoYMP,21,SF
RHgl5aVD,22,LA
cExJ72UK,18,Berlin
9Af26kCH,44,NY
rAdGNWwG,45,Berlin
lTkWRSDz,46,London
kTqDOWw5,35,London
1NtxWyIk,29,SF
1aglTPNk,30,SF
2skzKpla,58,London
0kk5fJka,19,London
aRzkRcza,54,LA
43ZdKAlD,62,London
rcSMdVJp,33,SF
VHljZf6n,65,London
0RAbGCOt,41,SF
rgQz0DBi,52,NY
rRSvauCm,39,London
ABAjng82,53,SF
WhNXqS7s,28,Berlin
6SyrYhUC,63,LA
COyw63UA,46,SF
QWLl8Y2Y,52,London
D1gIbf0M,65,London
JkRckIBq,32,NY
qVkqAumZ,48,Berlin
JBVawsHU,59,SF
xVzJrCmA,58,Berlin
Rda7Ko2M,60,NY
tTqfToWL,33,LA
ZcWDePdE,27,Berlin
OzfnF4qn,66,NY
dTfU07vz,49,SF
30i2Uz53,68,LA
WwsRGYUJ,19,London
6jDRJgWt,41,NY
cC0Ib8wU,40,London
AucRB4Kp,19,LA
bDBnYDX4,55,NY
HiTA3DJr,48,NY
fbFFFuFu,68,LA
LZyUJmQk,57,SF
FM0U9b0X,43,NY
N00NJihC,46,LA
q1ARe1QB,20,Berlin
zm0Vyk5P,31,London
2D6JkZ0e,42,NY
9Y5EIzu2,65,Berlin
mXCC4aAZ,18,NY
LkKjmRH7,20,SF
o2PouQNQ,43,LA
hwJ8B9Ld,35,NY
vHlw9G7q,26,LA
IFWOpdj2,55,NY
QTCHzF5x,40,SF
xNPQvOJU,38,SF
3dx02KSi,18,Berlin
0FumBcD6,38,SF
8zsBcbNb,44,LA
N11CyGLz,59,SF
k1ssGUb0,23,NY
CGO76lON,61,SF
fza6QS2x,53,LA
gXziIG0o,45,NY
hdUk5m3q,62,Berlin
quKNlp9Q,34,Berlin
23faUY5i,57,Berlin
k2nKK6jn,69,NY
waIqBZ5d,20,Berlin
LOBiUpt0,29,SF
3tvnVpUR,56,NY
YWWrbpyR,29,NY
03Hh2J9p,19,NY
w6yjmhAx,63,London
YLMGrext,39,LA
Y81PkU6l,40,London
Gl7Ihxy7,47,London
6JzlvLK3,22,London
LYKTXTpt,26,LA
ID8ICELx,38,London
WahpkG1p,28,Berlin
LpuLU8Lj,22,NY
haaesOOC,52,NY
y0S67sOo,44,SF
cr6esbGJ,66,Berlin
t30DcLAu,19,LA
PsUPRsaM,41,NY
RjGoZb59,48,London
A6g6IMh6,50,SF
6ZH8YO1y,56,SF
iaDwMaMz,47,NY
6AuDUOT7,63,Berlin
s0tXtpSt,54,SF
7ODM0gdE,68,NY
mkE8dzUV,45,Berlin
lcRZUKSK,48,NY
FlClTY0t,28,NY
0rLWEbUH,40,Berlin
1Wte8aZz,19,Berlin
eUeDc4IW,57,Berlin
wDoO1Kev,58,NY
lpLeXFvH,44,SF
eTf3CqXy,52,LA
wLhyOYar,19,LA
K3XSttH9,56,NY
9p5SjfHQ,54,NY
Kyj6ToxY,38,SF
IQr8UOHa,22,Berlin
yjRf3rBL,69,NY
1Svzm5LD,62,London
qb43V0EF,38,Berlin
7I9ck8SL,46,NY
MHSQ2rnf,37,London
Q4YxfHII,55,SF
vXoOgOc9,37,London
XPjbo4QD,67,NY
7wrDRW1Q,42,LA
QiNmBdye,19,NY
Mvpq2Eyz,49,LA
2luVxaoa,43,SF
UeHbxY4a,23,SF
4Gd5doyo,58,Berlin
ZwiGNOAZ,20,Berlin
MKanchkX,50,LA
obwbqjm6,18,LA
UJRw1JZ8,68,SF
cMHc1C46,22,London
5PpqN7cr,30,LA
ILQ5nfIN,36,LA
hHyNGr0r,29,London
u8jkXxhM,65,Berlin
dRxoYgAi,42,Berlin
HbaBNU3z,68,LA
iv9wwe7Q,52,Berlin
eoT6AYtd,29,Berlin
GJxlsmKt,47,Berlin
JdxqUnQt,22,SF
64KtCJTV,51,NY
5NGAUsSK,39,LA
Ayho2SEM,56,LA
Iy7xDV89,30,SF
R0Xfq1Xg,64,NY
lbwEn0iR,20,NY
RnQn9zql,37,SF
IiokyX7x,48,London
1OqB4MRn,22,London
HuiiQbfQ,41,NY
aAlVkri7,57,London
EeKjLXDY,50,London
1uqv3d5u,25,London
JLeInbSy,41,NY
rpPlV9Sj,67,London
hBCme2F7,37,LA
7ysD5Bmw,33,NY
oXutMXir,67,SF
TcDRTiEb,69,London
OAWwkCiJ,29,Berlin
a5ZacRlF,30,NY
8NX62X6T,62,SF
rBtEKg58,59,LA
RJEJHr9W,56,SF
p4FcT3Ya,42,London
rRPiz2sh,63,Berlin
U8pxijHR,49,London
2Xe1gMIv,41,SF
paeQBR4k,65,NY
4Y8RsEk3,64,Berlin
NvSURdFF,61,Berlin
i7mGHDuH,26,SF
0eGxeTRp,57,London
NyC8L88y,67,SF
UuABqWx2,40,Berlin
H811BmXd,67,SF
HJifyazw,30,Berlin
tBF6uPGy,49,London
uV3v9kDr,67,NY
axBGYY1s,32,NY
dexpgkps,53,SF
eFL5aXZm,66,Berlin
zHAFotDc,22,NY
dbpm2s6j,39,Berlin
nNdcRTHT,33,London
n8WreqJK,58,SF
AeLK1432,27,Berlin
iq9IgwLG,41,SF
s4CvVUE9,35,Berlin
8atN7JP3,66,Berlin
KMIi8aSp,35,London
j21X8vG8,24,SF
iGL2D0jo,21,LA
IBCrBww6,43,Berlin
Oe3T9QSm,22,Berlin
FUiLWGyF,33,NY
6gApVk3b,52,SF
NSxMrCZs,43,LA
Gg8lay0n,35,London
74ffY5Xf,46,LA
HjW2ZYIz,40,London
IZ55oCiO,31,LA
hM6bjkDZ,32,LA
dRX8tqXH,66,SF
Nd3rCBuq,50,NY
MBEtKeY1,42,LA
HQ0UCeKt,38,Berlin
LIsFLSyz,34,Berlin
IFIBmbjb,40,Berlin
DeoyghNP,60,NY
b0THYg5O,34,LA
HN0WgVYb,31,London
ZayS0K2c,46,London
KnWKiI3n,37,SF
4F5Bs35p,47,NY
tAuFzGTn,36,LA
8uQaEogk,56,Berlin
X3nuvc0t,30,NY
PchfDL2n,35,NY
qYqt8Hge,40,LA
d36ORU68,63,SF
X0mHBuUY,50,SF
WLUKB2MH,56,SF
2iNsWqAs,57,Berlin
zDYbVoVS,35,Berlin
AsbA6MDV,26,LA
FmhKEC4L,50,SF
RjBgyIUS,49,LA
iZuwRskY,34,SF
osx9xIMp,36,NY
pAy64sX0,44,London
RyTvNwrf,23,London
Mq55hdaa,52,SF
kkFfJeZr,54,LA
9oVZPx3R,51,Berlin
pIRYrThY,37,SF
1HrNom5Y,42,SF
A0v5bTKR,21,Berlin
lIlxCLxz,27,SF
Beityok6,27,NY
bXZiRnMH,41,Berlin
e9S8I3EM,38,NY
bDCejsYh,28,London
sMnWvC04,44,Berlin
At1xdIpU,33,Berlin
xeKUTN3N,43,LA
wUNEB0qf,47,LA
Lb584Hal,66,Berlin
XvT8ZWqr,33,London
Q2yiHHJs,24,SF
U7e5rTRx,33,LA
DJmwhRKG,52,London
CZniQrKr,33,London
BOAFdGxd,57,LA
gRDptKu6,29,SF
pAHkgXEI,52,LA
IgMzGAhV,66,London
0zHZiAJm,38,NY
5SxqRmzd,67,LA
mlF28QuR,60,London
P4irfrjz,53,LA
DgetKif1,65,London
Ap0Gh0rb,34,SF
t1Klkxib,49,London
7TU0hmHm,58,Berlin
JlNwG7hn,23,NY
pLu1Qunl,41,London
yVsBXkKA,44,LA
lkdY6pUN,37,LA
D4YrJNwM,42,London
ZwZfQ98z,19,Berlin
YIeE37wp,26,London
Nd4zgD9n,45,SF
zKwrB9qV,55,Berlin
AtomJQ5h,20,London
NVIvpr2R,37,NY
9EKsvfN1,23,Berlin
RzmM5unO,56,London
zuUpJzgT,50,NY
jJKoL3HO,18,London
zvn6fyWO,54,SF
RfpEmidQ,23,LA
WV6qMY74,62,London
b3xrmihr,51,Berlin
WKsVyuri,64,London
JZk0sUmY,32,London
LCUKYNsn,62,London
Yq0ePlz4,43,London
SJfz9bQI,31,Berlin
nnggykWJ,24,Berlin
hWpLTcUm,63,London
o8n4zDX7,48,LA
qXrZHQfd,41,London
eALc94fy,48,Berlin
8JSPfb0O,46,SF
53cGZzzh,59,London
49UeMcsh,49,London
0mFUuI39,34,London
mmARJPE6,31,London
KmHduD12,57,NY
Xh2WgQ5Y,53,London
9sC1k5IO,65,Berlin
rh0CNt45,41,Berlin
e5nB0wx1,62,NY
leI7cNs8,44,London
OxW9kNhr,42,LA
cSfuuzP7,49,London
leHYu9kO,69,Berlin
T3aNrSeR,35,SF
KLMG4wyr,63,SF
J6ndwKMT,35,LA
AvPywWsj,54,London
9BSCyiOz,43,NY
bxabcs95,26,London
gn9xO71q,52,LA
WFWga88z,25,LA
Hdq8VEHa,37,LA
zlSh1Oii,59,SF
jkjarujl,39,London
9KsafTIC,36,London
Xo3ghpPZ,47,NY
6ttWBjVG,45,LA
iZXBhRP7,52,LA
IcVGb5be,60,Berlin
3gr16peu,28,Berlin
VWF45qDz,48,SF
CTMIkNP5,66,London
nxUE4N8P,65,NY
oIVPgZM4,56,NY
B54YyJtu,53,LA
uvExJRbV,47,NY
l3az7Jds,40,LA
3GXAxTyA,36,London
oCqBcyiz,29,NY
5zIs3dwN,32,LA
FmSMjLyq,48,London
CZ1lXYGP,60,London
oipnFVqC,54,LA
hgup2Luu,54,LA
C0KbkEYa,32,SF
rwd9nOMu,46,London
Lw50tHYG,67,LA
or4iAl2M,60,London
fjE6LZbf,43,NY
C5khQK3x,61,Berlin
n1Zy9YU8,19,Berlin
hojcG6wl,37,LA
cfKgopxn,32,LA
LfddbROA,69,London
xlvSPRdT,21,LA
vLaB9Yia,39,London
XvXnUfxM,67,LA
CWVrxBrp,55,London
aTM6vQRg,40,LA
eBE8SvvO,43,SF
OVebJIYO,68,London
DdPXMjpP,28,SF
yMQBxZNm,45,SF
pjQhwj1x,19,SF
NSOwnEf0,25,SF
Llc6pZVp,46,NY
UJR2ReiB,28,Berlin
LM0xm8UH,54,NY
pEIXEve9,35,LA
34ifWPby,67,LA
vRylBXn3,31,Berlin
dilr6nYp,27,Berlin
6wy5xDzG,52,Berlin
FKjrXrwh,26,SF
tMt7J8zx,52,NY
51iP1VU2,28,LA
Sl6TRMKn,61,NY
QqiigBWx,29,NY
ajm3C9Q0,20,NY
PRrvEJ1i,56,Berlin
hGRdboLi,31,Berlin
sI066VlN,45,LA
2Q5Rqd5E,28,LA
VByzni18,56,LA
Gmg92Zb6,42,NY
d3Ps4hYV,38,Berlin
1m9n0Px6,27,SF
F6QLETfm,60,NY
auPLrA4i,32,London
IwzJZhlq,36,NY
w145xZ82,65,Berlin
e3sgv3S3,39,London
NHd7TJUT,38,NY
rNddpvxF,69,Berlin
enuGOrOD,61,Berlin
CvdcNgz5,49,SF
xBEYIc7L,67,NY
jC4g3GIR,40,Berlin
Dgfw5AX8,30,LA
gJDZBJSm,22,Berlin
mzDctb8H,21,SF
xpNevuRH,45,Berlin
p79JKVkj,31,NY
yiDWDIeu,25,NY
Y5AE1a2m,26,London
jFm3CDxK,68,NY
YntNYSkh,52,London
G6A8aHY6,54,LA
a45hSaCZ,38,SF
ISkDDCUU,35,LA
hVstQDFy,50,London
aLa4jci1,25,Berlin
isrnQdTD,68,Berlin
YP9fM5SA,66,LA
hJNgwLvy,34,Berlin
VzcLQGor,60,London
qbSj6069,48,SF
xSmCmRhf,51,NY
eq9RCwrP,23,London
AVuWKf6c,39,London
RcyZjaFi,31,NY
vJmqDuCI,20,NY
0nrFmEfl,29,SF
ryJYx8S5,53,SF
9yrZYbm6,29,SF
6QYzwWiy,62,Berlin
u1KkSPrc,19,London
c2PiHPfP,19,NY
xbfbVrZE,32,London
h7mdNS9t,40,London
AOnLV3Yf,46,SF
dSKGKoIG,34,SF
TYtZ7kN6,49,London
u7dH6UMd,24,SF
TdqnBApz,47,Berlin
k4bWf9PA,45,NY
e01JW38V,31,London
024n91f8,61,NY
Q6PTaLEm,47,Berlin
BF8fKhtP,34,SF
LDz1OUgY,49,LA
AQgEy3OH,63,Berlin
7zoH4PbT,23,LA
yWNCyKlA,68,NY
BZFJQBy6,41,London
9ul4L3HL,23,SF
CKotHivD,44,Berlin
CA8ZxbZ4,35,SF
wUbbeS5h,41,LA
B3WuIleZ,54,LA
K6vyXHBO,41,London
0tAdOVaL,55,LA
qKNGBZEN,51,London
9MNVKbg2,57,Berlin
vaNyMEkU,64,London
bPLjlolL,32,LA
YNakcWEm,28,NY
6YW4OAqX,39,London
Bo6TrbYE,41,SF
WfNryPL3,18,NY
Q4pSHEmO,35,London
pxpSrO38,61,SF
Pz5FP2FW,29,NY
I1P5O6N0,60,London
Zn8ZGobP,45,Berlin
CwD53sj2,57,SF
zXIOOs2T,24,Berlin
9Q1bbSsX,40,LA
wSKGykZd,38,London
mk9LmcCo,51,London
T40KqWvM,28,SF
Qo5diIvv,39,London
PQNsvO7f,59,LA
noe4KVQQ,52,London
ZUMZueS4,69,NY
govb9kw2,46,Berlin
YjAP4XvQ,59,LA
GEGIPvve,45,LA
NAcL4fof,35,Berlin
D3sZtQQR,31,Berlin
5zDHgCpp,35,LA
f00PZxAS,45,Berlin
1kA2kAFG,41,SF
FWBjK5Ao,25,Berlin
LAb05L6B,59,NY
EduSSYH4,62,NY
hPSBPgkV,25,SF
roW5GcF0,21,Berlin
fsjjLpsc,44,NY
QIWopiwx,53,London
xlLguKUM,22,Berlin
mf0msBMn,50,SF
X2Q1PKDQ,66,Berlin
gajK66Ly,51,LA
WvdC1F0i,47,LA
MUTEYjgI,25,NY
y3WBQAEV,56,LA
wJQEBs0T,64,SF
0f1dqdYl,43,NY
iOUGIIcn,54,SF
6N2ktyVc,51,SF
OcaWWqQC,24,LA
vMHSoAFc,57,LA
3ZPBe2tp,45,SF
rdHjaoOk,56,LA
XkVTQeUx,56,LA
hWzzaHPQ,45,LA
OR9TLCFR,31,Berlin
OAlcvfRg,67,SF
dDahoI2b,55,London
OHLgnaxV,21,SF
2KeqNw5A,59,NY
DMvyhlAe,35,LA
BTYQPFU0,61,LA
ovgUVxWH,65,London
6xECm0GU,42,NY
ZcTnOS7P,24,Berlin
7sW2kATa,55,SF
6gXzfsMg,45,Berlin
lFgyGA3z,22,NY
D0yx8yFD,20,London
bxI7arnQ,61,NY
5oTQev8U,48,London
i79KPk5x,64,Berlin
Lrcqx6if,59,Berlin
HkFrhlfh,37,NY
RV6O0DPG,36,NY
TZGpJ3KB,65,LA
Lt5iEgHz,28,London
uzGfMP93,57,LA
aenX01t1,20,SF
fzZkC7ZB,40,SF
l1zzszEI,24,NY
eJ3GQKKK,40,Berlin
y8kcVNae,24,SF
9vXRhn8m,63,SF
5XpD1uJU,51,LA
cQZpPLUx,59,LA
WFvA71Q4,36,SF
HZj09nNj,26,NY
t7vBqZRl,65,LA
I2N04ZZ1,68,SF
34gRllYh,35,Berlin
HoLwgmVp,58,LA
otndp3XL,65,SF
GTWMOAPw,62,London
WHirTIUL,59,LA
kgDWlOVf,42,London
yd2nMlAb,69,LA
QhOR8Rli,31,LA
kk0qQGXS,61,London
YdPpTAta,42,NY
3gXrkVI0,36,SF
j9bQpZwR,56,NY
tzR6hTAe,32,NY
u9aXrtvM,33,SF
MelctNsu,44,Berlin
fNd4l1PY,57,NY
eNttqUKk,27,NY
NkDSAP9L,21,NY
WJoHfpZM,68,Berlin
HULbMoXh,36,LA
O1sxPFlz,45,London
msGL7pDg,38,London
7GBLTFWw,64,Berlin
rrTk66Iv,31,NY
BmYb1kVI,50,London
4GMxq9DN,65,Berlin
aJYL7rmL,27,SF
0DuqhImc,36,London
KKqI6nrr,47,SF
TNPGABHJ,39,NY
CzgR1b11,20,London
KfqBfbVX,54,Berlin
q6S6gyZz,58,LA
TauHF6Qx,35,London
Pq2QmR8w,28,London
38Ju29rV,65,London
buz1J6Et,19,London
iS33XADR,29,Berlin
K3Xh70u8,23,Berlin
QouREUU2,60,LA
s9ezUGrp,57,Berlin
U11PmFnS,61,Berlin
fV0iIxu7,46,NY
LmVNFw44,47,NY
EvxD3yzd,19,SF
mApQnKyW,26,LA
xTpge7mw,64,NY
QfSUc2Z2,19,LA
s1C2kzip,46,LA
yHRF3I2E,50,London
EW71MQO6,27,LA
0SivlUW2,51,London
17WDCIrq,61,SF
j7DCeKvs,25,SF
eUVOmMdc,54,SF
SJrczyTj,50,London
USvG7uOw,64,London
vlmP6AbQ,23,SF
4V1cC1Je,61,London
dpt9PZeL,57,Berlin
VFKyteHQ,62,Berlin
tn7WrAts,36,London
B5FVzEaS,49,London
TzP1ZHjM,44,NY
TSwvLxGM,18,NY
rkooTJlA,60,LA
rbrDpHkj,69,LA
pvnfybEB,50,LA
pIZpTFkC,57,SF
1Zauqg5U,49,Berlin
P4oFNZ9H,22,SF
UR1z51Df,34,London
fmwFliFm,25,NY
38VHenMG,59,London
HNRELvMM,51,London
YGRP848I,26,NY
xwG31xvM,40,London
nm0KtVJH,52,LA
ScdmHY1l,67,NY
hLYtjQ2J,24,London
UpVdK5kF,32,LA
j4s9symf,37,LA
2wmddnlY,67,Berlin
sBHPgc9T,42,LA
wIPtCTRo,20,SF
Xu2hI8Lg,63,NY
zM4qjzQ5,41,NY
4Xb84U8x,51,NY
Mb330TNj,63,London
pXhHzFhQ,39,London
NE5yOxMW,28,SF
7bmqJ5fa,65,LA
voPN56vi,25,London
iMdmjcOC,56,LA
0IMTplCh,60,LA
Lfu3Yu92,52,London
Xb546yXc,66,London
Ik5laW02,63,SF
q7y87cJp,55,Berlin
fFTFB7qc,25,NY
3u0AiFEF,54,London
FTxA88Mo,44,London
mOdO2iK2,45,LA
9X1IarZr,57,Berlin
U3eJaFmh,51,London
Sp9K9upk,49,Berlin
SreShCIc,32,NY
wthowfTD,61,LA
NYunOyaI,34,SF
1VzMUzXx,50,NY
OKkW6Hl2,64,Berlin
GkHaVGjx,63,Berlin
c3FATQZE,69,NY
zEb6rXn8,33,Berlin
TJZDjoNf,46,SF
D3QRLjFM,26,SF
rR7fQRsG,50,Berlin
Q8jBV0OW,66,Berlin
MAuqzWew,46,SF
NtgzGA5a,30,Berlin
YJmTYdgW,38,London
ZfTJOj5i,38,LA
GVXnVLDz,22,London
dMVBR7X2,27,Berlin
8rXmsaZu,23,Berlin
nUx2y9E5,68,LA
uq2vK3c3,30,Berlin
EqU9NiiN,18,LA
UyRXMdLj,37,SF
G8zT5jFT,64,LA
kf2wt2WZ,63,LA
npbEvti4,25,London
xznLyNqU,27,Berlin
aIWbDvP3,26,SF
R6LeDwjQ,66,NY
rftWvPAr,58,LA
HGPpWuJq,20,NY
BvWKcbuS,28,Berlin
qXnZnVHO,29,LA
g1XkiaKV,27,NY
1dz6o1vw,42,London
ChdchupC,66,NY
or7oe3qH,66,London
ivw7upnq,42,SF
7NtyuOCM,28,Berlin
toiwxIZP,53,NY
K8vUsE5g,56,LA
zcW4VqNW,43,Berlin
zoTO7sab,31,NY
gyK8NfTE,56,LA
KSYQ8hvt,57,LA
vcSErSyh,18,LA
bLybCMb0,21,LA
UBcxJOJE,47,NY
AL6tQyRg,29,SF
XJWPV5Ay,52,London
p9XEo2XR,30,London
KcdhHnW7,69,London
ovgmaqcD,48,SF
1kN8ozPn,55,LA
DVJBYdRG,60,LA
bR03adCS,40,Berlin
XVBwYybk,21,London
0l9z3DKq,69,London
We21GAKf,33,LA
hhmXeMk1,24,London
XfgENJ80,39,LA
Y1yVt7Nq,46,LA
4RlQtreG,28,LA
XQPVRfxB,50,NY
FbudIOHQ,46,NY
nZSFWH31,56,NY
6qPk6qGm,29,NY
u83gBH4a,24,SF
aDW5DDTa,56,Berlin
APB8oCiL,59,Berlin
aADZNlfj,65,LA
rGGIOgyJ,43,London
c2PysuyM,57,NY
CgLyu4UL,26,Berlin
bWpXcJRE,58,Berlin
asuPh7Bd,51,NY
ITxJl9iy,62,SF
7Ck75ep3,30,SF
TWvkXihJ,53,Berlin
5bRCXFi0,42,SF
Lm9HUZl0,41,NY
NawoX0Du,61,Berlin
pJVRh2Ts,34,NY
4VjHlJw6,19,SF
KDJ5vVLg,30,NY
5fEbczCd,48,SF
Jep5xu7p,46,SF
YVNKmBIh,67,NY
IVzCP1ar,45,SF
t6OSKSPP,44,LA
oeVVcnqX,32,NY
USB483q1,48,LA
haH31KR8,57,NY
Snhfvbvr,32,SF
DCWK6YSs,50,SF
DZgd7Jy2,37,Berlin
wPvvjJCk,59,Berlin
QnFq9bma,29,LA
F7x1TaAS,54,SF
Tl1O1eG5,26,Berlin
WDM123Bx,40,SF
cOJ3zxEK,25,NY
2Y5eWdBo,49,Berlin
wiLkOcH3,65,LA
4rkl6oWn,31,Berlin
KorbyRb0,44,SF
6J8RQaLO,42,London
lB2uisiv,30,London
DZcx6p2I,38,SF
rD6phJUX,62,NY
Wpw74Gap,48,Berlin
BVsiubI8,54,London
AG7HbloK,65,NY
ih34c3MS,60,SF
uyzmKJiY,22,NY
JWj2EZRp,30,SF
jtwzJh4J,45,Berlin
thamlIaa,60,NY
uRlEue6j,42,Berlin
jRUf3wwq,68,NY
yGMORd3z,52,SF
iCObgkQJ,64,SF
pkd1yD4v,56,NY
T5XmJx7i,24,SF
oIyRadfq,55,LA
BKoyeTGF,49,LA
gNawSJE8,20,Berlin
8PbieihI,62,LA
IShojJ0Z,56,LA
J0UKFKgH,54,London
644Ye0XO,67,London
fL84CZCR,39,London
gXtlIDoz,25,London
xve5oesJ,34,SF
8XDBVORC,69,Berlin
kUsNm21M,44,Berlin
CEL1wg4U,50,LA
0nGPcj4c,63,Berlin
XqHbssKz,34,LA
dbdrLzvo,59,Berlin
zrkxWRiw,29,NY
K5nWoKf7,65,NY
5NdguCgS,63,Berlin
UllteE1A,44,SF
8aaeq4Xn,65,LA
uGTBsjHp,25,Berlin
XVVMQ4DD,40,LA
58pKWkVk,59,London
sToucmLa,66,Berlin
c8dsCe0t,46,SF
jFpTuq6S,67,London
rNhMLSUT,37,Berlin
Bw16nm7Q,33,NY
ybtnWKl9,34,Berlin
vFInCpXF,33,NY
3p5ovNZm,36,NY
lot0jV5b,25,Berlin
JxSCdoc4,55,Berlin
yhYuYEf6,55,NY
u1dK7NRq,46,LA
jOQsvseM,58,London
xxftFY6V,53,SF
efp88vbS,43,Berlin
nQLpVeSD,48,London
uEUw63yX,61,London
kFO8zbWh,29,LA
z0ePHw6A,34,London
taWC6trd,32,Berlin
LOFwOKCe,26,London
ln7b5cVc,56,Berlin
c4Vzfdnj,59,Berlin
ZGIHmr8y,65,NY
h6Ih7DHv,29,LA
GQ55cvcK,49,SF
uyIVxkcD,42,NY
jEZS8gP1,56,SF
BNCvrCnS,35,Berlin
W7nVL7GL,32,NY
MJgp8LmC,49,London
eyqcAGSB,23,London
eIV3fsAv,61,SF
Lwy9pUF4,60,Berlin
Om5bcvZv,69,SF
uXoDDXbm,52,LA
xQDKjzxH,51,London
Pagqd77r,55,NY
tO9s9FUc,22,NY
I40JENoF,35,NY
ixyaXVpn,33,London
PbJstMMo,25,Berlin
bQSg9JNt,42,London
qUjMQwGX,49,London
juCuzahc,43,NY
n7cxD08g,69,London
wOGTZgGN,39,NY
VF4uzARX,48,Berlin
0nhGsrNc,60,LA
IXzuDLZY,27,NY
1rsaj8Rj,29,SF
HZle1oew,45,LA
oeZgHRxx,23,Berlin
KhqhVPzx,37,LA
bCWfFZhg,22,NY
JXht67Pi,40,Berlin
sEIPndcq,26,SF
rmeg69Ig,46,NY
a85Roth2,33,NY
PtBFzJrc,63,Berlin
9xgOFGem,39,Berlin
qYVythVC,25,LA
PDqdSbn9,37,SF
BqMM8BLo,68,LA
LRy8MfYz,31,LA
saxnAYv6,56,NY
RIv5yfZf,54,Berlin
9LNsWkoc,67,NY
5brsGCsI,51,SF
WNYKFGC3,28,LA
pYbd3Xae,57,SF
E71Ot4KY,50,Berlin
Y5Bg5egR,48,Berlin
AdcMkfrf,61,London
8w0AroPG,51,SF
PT95xkJg,67,NY
Wbnopa6d,24,SF
MXKxzvSS,66,LA
7MOCgC71,40,Berlin
VRjFSj4X,63,Berlin
YZ0xuOZj,24,SF
DYIPqe5o,42,SF
JX3DLBca,20,SF
wNDotLhS,55,LA
yvyYIl2U,37,LA
yyYHKa6P,51,NY
MuE0oSpi,66,SF
R8S9yU7w,61,NY
hZOuMk9a,61,London
PWXgVdYA,47,LA
z0CIW8UM,34,Berlin
f61aPIiV,27,London
Gs8ZMVQ3,52,Berlin
RIzhPndP,37,London
GE386p91,35,NY
68Sei9VG,62,NY
iizUG9Yh,61,LA
xNMSZjzV,44,Berlin
QBoFtMKz,66,London
CqZjWPST,53,SF
O8i3j2XX,40,SF
4k3oKLMt,49,LA
16t4zpsG,27,Berlin
Vp5NVTAh,28,SF
8ht8nAbR,55,LA
bID0tvPW,23,LA
dNy3WG5d,58,Berlin
5JQaT77D,64,SF
hlSySnlF,51,SF
eXktOK6D,53,SF
oC4JLwEJ,54,NY
Ve7YpBQe,34,SF
Dny5aSA7,57,London
yO1gj6s0,57,NY
mbacypUF,29,NY
j7M9IFn4,38,NY
1XcDSGfN,57,NY
oAv5Hjai,36,LA
dBbsHpPB,20,London
SERVmyeM,35,Berlin
TvfRbwfF,68,SF
MQVSh2mc,36,NY
naChtjOo,64,Berlin
RlqiYr9u,23,LA
mhAJ0I1g,33,Berlin
zyh0WLZD,25,NY
Pamax4db,65,London
gyJaQrWu,35,Berlin
buOEsJzQ,69,NY
FKshaYO7,65,NY
zJRgSmuk,60,SF
ujpkO85u,56,SF
ZlCBsvqd,66,London
RSEz6UPK,66,SF
cghujuFA,29,London
lBHHyn8r,62,LA
K8b4w33F,27,LA
RKhHe30Z,24,SF
iL3wR7VO,63,LA
w2cTvztE,18,Berlin
L0glBKHb,66,Berlin
suzi2u1g,53,Berlin
9aJ3wGC6,38,LA
Xgv5khmx,54,Berlin
GWd4mCQe,69,London
PN3KSa9E,41,NY
yghpZLNJ,42,SF
1KCN5R54,24,London
1nGEHGvZ,59,Berlin
FT7IMyOH,34,NY
VW8CRd4J,46,SF
NDErKLWT,47,London
ZWtQNpXr,24,SF
0cy4kAxV,50,LA
vOsCvJQb,24,Berlin
XqvOF5F7,41,London
N1TCLW7w,28,London
1BU5Ez9I,26,NY
xG9ntc0Q,29,NY
dBPX0Cy2,52,NY
Q1tbMEHy,21,SF
jlSFrolK,53,Berlin
LiIQclf9,45,SF
iYXtjoRS,30,Berlin
YrBqQl8p,40,London
DeAL2KSt,36,SF
vB94jchp,59,SF
m8q5wqDy,54,SF
VgI5L7jP,56,LA
UazbTgj1,41,Berlin
4HoSbxrI,33,Berlin
vP6xu6Jd,50,SF
8nuaEVLP,29,LA
5nOE1lSd,51,SF
QzblTpJS,24,Berlin
8Z6A5b6l,28,London
dB6PyCLA,48,LA
6C4evgcm,46,LA
0pLCL34x,30,SF
TImoQoT1,48,London
eKJxOjau,19,Berlin
bfkz13hj,56,NY
oCUlWtMu,32,Berlin
THBkHjyj,28,Berlin
QGRU78k8,51,London
I3qRwJi2,56,LA
EaJYYO26,21,Berlin
BRpYvwnI,28,LA
RDHHaaRL,46,London
zDC19f4F,19,London
L7jsydLF,33,SF
93QeNxhb,56,NY
v1eFAuTy,30,London
FXe0Nx98,54,London
JwdCG32V,34,LA
9iQoxQfy,38,London
bJfMQIGa,61,Berlin
RDQWQE3w,36,SF
cCg6Drrn,24,SF
8JTLCj4z,55,Berlin
PuecZ5dD,25,London
YETbkxjP,30,NY
JkVMRMca,54,London
PM2wMLqC,19,SF
QP6N1AKU,58,NY
BtZkjPQV,28,LA
pOdfrvSB,41,LA
cXQw39o6,23,London
8V1WXyJW,43,London
LxhPx4Zt,24,NY
EfXsOXGM,56,NY
yFrKcd7X,36,London
FkTPBqbM,23,SF
ImqVt8Tg,60,LA
3f74GX17,46,NY
pQ3LPTKY,60,SF
ewJhPdOS,56,London
mr6G2cjO,19,Berlin
zjM6Piuu,36,NY
HkJ155Hg,21,Berlin
L80XDQLH,23,SF
BxsK57DH,66,LA
pDXlqelu,54,SF
cqXM3A10,45,LA
MFOC9G6u,47,SF
rF2V7oa4,24,NY
5i698z3a,26,NY
uLlCPdRm,42,Berlin
xpLg00GW,50,SF
DpSPz5ew,18,SF
IyRRo37Y,68,Berlin
bzMG18gc,23,London
RB5odZ7k,35,SF
2OUEHNks,27,SF
2vldYieH,45,SF
aHl4HX4z,28,London
t2v1uyoA,50,NY
RsGbMIGu,18,Berlin
ekPRxK4t,30,London
7qKSGtH3,54,LA
909BcjpP,37,LA
0kMI4fT1,18,London
mjb16G8h,69,London
B2DyAHPu,20,NY
DGT8SjF4,35,LA
Boq87alH,58,Berlin
ZqNYU8Nw,31,SF
p3k7iX0E,48,SF
ScpnGRDd,44,NY
hCUPhIYY,34,NY
5bRWcTjv,63,LA
szLWQ8X3,46,Berlin
8OsgDI0e,53,Berlin
WAWr1CG0,54,London
9vLs7F5q,43,NY
PEoll07k,34,SF
HuH4Ba03,39,SF
oM6KK07A,42,LA
bzNKmf6c,19,SF
1pFRo6E1,39,Berlin
xHpAMt3W,22,Berlin
eHbhYmrY,21,NY
uCiOEFC9,53,LA
5wAMC4Ps,23,SF
7vvJ8bv3,69,NY
oNiSfhF2,38,London
7renvjtT,30,London
PwYdCPG8,54,SF
kVyt2LSf,42,SF
ZxssjXcY,43,SF
iNV2CbTH,56,Berlin
sdYw1k6W,37,SF
Tr9aRK9B,50,London
rZWJfXfI,31,SF
cSOvJKdb,53,LA
5D4fXO4u,34,London
zf3f7hXT,38,LA
ToXSDmLQ,63,London
AkCHfEsh,33,NY
VjVM2RF9,63,London
cr1IkGLI,33,London
NSJQswlZ,37,LA
gJKFent7,46,LA
TRf7oA1y,45,London
ds5294f1,25,London
nHIM3XDc,41,Berlin
YbomjV9q,20,NY
XKA7e3Dy,42,NY
dSCUjROj,36,SF
exUhbmEN,50,London
Tf8P8dVQ,19,London
B0bl1L1m,32,London
A1bvLyLZ,39,London
yQpS9pQd,27,NY
EUtYWJ1e,35,LA
OImls0Xz,39,Berlin
3Ws2HGl2,63,LA
kDLaJlG3,66,LA
4Zix6Uw9,44,NY
gMhJAbnt,30,Berlin
1WoEImSm,50,London
20l7GcRz,22,NY
BGz3qADS,43,NY
goViygu3,30,Berlin
JDcqFagU,44,SF
qXwlgtnx,31,NY
ezxgxbmx,41,LA
fLyUWvRq,20,LA
84ky8xU5,64,London
689Efqbr,68,NY
XqQruJPW,66,London
boafLz8j,47,NY
W78xK4QQ,52,Berlin
OTVUXyGH,65,NY
O26uQB8K,31,SF
qWLfQ4ch,29,LA
lXX1U6oY,45,Berlin
MIlUDCaA,61,LA
Y5uOuSsl,46,London
7pMyJsZ8,60,Berlin
UDR80ivF,34,SF
7g7U951O,57,LA
BqCPrUKo,66,NY
PYSIZA4F,38,NY
Ef70dBC7,40,NY
gQMNuzeT,37,Berlin
cq96JIf5,28,SF
rM30Xtvj,51,SF
9YHNDPYS,27,SF
1OJIOci2,27,LA
xN6DZvI2,60,Berlin
TeG9Dc3X,23,NY
r56EJhze,53,LA
5pxO891o,41,SF
VCXkV2E7,29,NY
YP41V8lE,60,Berlin
SDsP8EaD,40,London
IhjpuffO,44,SF
VZIkkD8d,62,SF
zzTjA40I,54,SF
nJ9CzyZG,23,SF
8VaaQUaU,18,NY
K8BYEWGF,23,Berlin
T4RAYJkE,67,LA
0Uc73oFK,39,NY
PQEsBzQM,58,Berlin
v0XPqvti,41,LA
DwrVFFBK,42,SF
EJa5ctVU,32,Berlin
dBlL8dhU,43,SF
P4v7xBoL,25,Berlin
Sc9UYWcx,68,London
uAvOqyDh,41,SF
vIDNKbSw,65,SF
ZnSVLmiA,55,SF
npj6Rj6G,23,NY
C3ZYEkuJ,52,LA
gooDVR2a,59,SF
QtOp3mBq,18,SF
l2mhM3FH,63,NY
wN8hO3Ma,53,NY
CBKXNx5Q,29,London
DAOH3Oxw,55,Berlin
RtTQfERX,28,SF
CPAbmjZm,29,Berlin
88AGMq7G,59,NY
INJnC4D4,67,NY
P1QexofF,56,London
UZAvwfQb,24,LA
uyA4OzPc,28,NY
OnszfsJQ,53,SF
AiKSfTou,69,London
t1xjuJy4,48,LA
BmPzKpuK,50,London
aIvWrwWO,30,NY
mDFndTfP,35,LA
T66xxQ8v,58,Berlin
yXmRl6m4,41,LA
CILePafh,26,SF
LsGy8bB8,48,Berlin
UzsUVIJQ,58,Berlin
PFMNrEAd,27,SF
YPLE4s6R,19,Berlin
PNIavEpq,55,NY
AJs4XQ8H,32,LA
V2UW6uFJ,20,LA
Oyv9IBXs,60,SF
BfGUF8qY,48,NY
vLztncju,23,Berlin
jc1NZyyL,20,LA
NqnWopzu,28,LA
9lgwboCa,32,LA
Hm1AsA4K,62,LA
dDqrA4hT,69,London
ffkYcUTY,45,SF
ztvWSSRN,27,Berlin
3cWstLnx,55,Berlin
0zSygntU,64,SF
VbKWDWa9,67,NY
2e1Y1fH4,67,SF
Ix4YLLVh,24,LA
4MScwhfY,32,LA
Yn5zBFXE,35,SF
DHNLj0RU,35,SF
604709b4,69,Berlin
RLf7nYem,58,Berlin
JkiI6VqP,41,London
6ZDP6DwI,19,London
xSpaye46,57,LA
lz8icody,37,London
9wetPkhA,51,London
ZdfhT1SW,60,NY
2MLnduKU,43,SF
VK4dWnXY,24,Berlin
vAOFL0gb,55,London
KxgV1drb,47,Berlin
keU0XahW,59,London
W63VpUY0,22,London
2RQEgcW0,28,LA
qIqJvYaQ,18,NY
0u4Fzi6q,51,SF
yKnMHZJc,18,SF
pLqsPOsw,36,LA
59BAtlVH,19,LA
CUL2Xmf6,38,SF
7EGNh9Px,37,SF
GKa77yLB,40,NY
yhyiSyal,38,London
KhYyI49P,41,NY
Dcyx0UYs,21,SF
j3YEif6t,29,London
q7vvUZat,39,SF
ZZtydlw0,37,NY
vjM43uVl,35,NY
hq4bLZoP,18,NY
phShL25J,47,London
43ogY4Ne,50,Berlin
1YHWFq41,41,Berlin
QN2DVj2c,31,SF
j5AGonMJ,53,London
QUfgacQx,22,LA
1kz9GMXY,28,Berlin
QwD8W11z,41,London
VsGHmUEM,48,London
tslNmh38,30,Berlin
QUIu9pwI,33,London
GFDaqyA4,41,London
RHH8sRZB,30,Berlin
SiMte0n4,41,NY
ILgWRyfO,43,SF
Ds3fXqaY,19,LA
ayrriWL5,33,SF
vCqmeX0f,55,NY
h0oY3W5k,63,NY
AMbbcmNo,18,London
sLwSRYSM,66,SF
TGf5FdS5,28,NY
2hJjLnB4,68,SF
FEr17nhk,52,NY
oLqc2aBQ,60,LA
8T22GXIt,46,NY
D1pCnx18,54,SF
vaPB7i0I,34,London
j1lQHhZn,56,SF
1z7kIqBA,59,Berlin
Rnm04SwK,45,SF
ZJPcyOy3,46,LA
H9fmOq9G,60,LA
TJ9f7O8X,20,LA
vjqh2UCQ,69,NY
DRtS6Wp6,27,LA
fQTJ5TYY,59,SF
SJpepJmg,31,London
Vz4yJkyA,29,LA
EEJwIeZt,64,SF
E9evW9bH,59,NY
HsAEimLQ,47,NY
EzwbffLu,49,London
GarUzpMV,49,London
qKaaT6g5,59,SF
W4pCLtMX,49,London
L7v4nPbC,43,London
6xPylcPh,68,NY
XVCAnkwX,18,SF
JBjqw9g0,59,London
OwQMj2Ch,19,SF
QtMZCEMl,34,LA
ZzYKFzIH,47,NY
NIUcUvLm,56,NY
vx81YZsn,24,NY
Rm1q2dxj,69,Berlin
yEAX2KYX,44,SF
TGOyMYN8,26,LA
Uv0Yo041,39,London
OSibwBkO,51,LA
IqZGy2Nq,63,SF
2oXvI6VD,66,NY
aonTxylS,18,Berlin
hzx8GRrW,26,SF
DCdXrvSx,37,SF
k9pbgX2z,36,London
G1CKm35C,53,LA
Oq8W31Up,57,LA
074mWMqu,62,London
jd7JYe2b,21,Berlin
MBDHQKhs,26,NY
GKCJDG91,58,NY
bfp3BOq6,39,Berlin
Gnv64PVQ,35,London
zlCT1DAD,29,SF
DN4H66Lo,59,LA
S51JhEpL,60,SF
K77gTm4E,56,LA
5BuQWaJV,26,SF
MU0w2YqE,23,London
7GVQsGq8,36,London
XoGVCA1O,65,Berlin
Qasqilda,64,SF
hC1FXWXp,24,SF
TfEGUFqq,33,Berlin
qcIJtUnm,22,Berlin
lMC3B0Zj,33,London
MWhwm4ci,18,London
6OymbL34,68,SF
w7v88bLK,54,London
XrXdlC5b,56,London
j8LnI5as,36,SF
mPGRUQxG,54,Berlin
YdGhQJ4d,34,SF
7srB4wUE,43,NY
BmY6jZuQ,39,SF
oZxfjjQV,25,NY
1Briw7Fl,50,SF
wOQVWPe4,19,NY
Kp6hATZu,47,NY
sTCgXaRs,64,SF
IKhSubJO,37,London
rSc4b5z5,35,LA
vvRVn1Fe,60,London
dUijBuBZ,27,NY
M5qJlrRh,41,SF
FjrKYDDc,21,SF
ES23LrZJ,54,SF
TCqS3BiQ,21,SF
vA0huKvb,30,LA
kBBMXxhj,42,Berlin
WjjDwX6Y,30,NY
6Qmg4Ndv,35,LA
7uorw73w,41,London
Alh97PmX,19,Berlin
5D8VzdYL,65,Berlin
VsXJbzSs,50,SF
ef4QIVfS,36,LA
Coyxc6Qp,26,London
eQcJ7GFv,45,SF
Q8cxVmeg,52,SF
0kkrcRQT,56,NY
R6AEc4P3,27,Berlin
HNG69dHn,18,London
s7BgUVAp,59,Berlin
22XTHsRl,38,LA
lVADjYt0,26,NY
pOmQkEYz,64,SF
BWufQDZs,32,NY
LkyBf5pY,52,SF
nXMufuYz,22,NY
Omr6MXKa,58,SF
IJxVKyPY,39,Berlin
d3OH0JXp,58,Berlin
VN2ixEld,40,Berlin
CoRVdxSm,24,Berlin
z5R97Ep5,40,NY
WuxX3PBy,61,SF
Y48ZCxPd,42,Berlin
veT4NDAN,44,NY
6q84kczp,58,SF
AlppcsfQ,23,NY
ApS1ipfJ,51,Berlin
JGPOXzMo,26,LA
t0tHM94Z,66,NY
RF53z9lE,50,Berlin
KSWhmfy5,68,London
UF8TEcjL,23,SF
Gv3OZsZz,54,Berlin
Mb0DRvMf,48,London
hrt8Yc6a,51,NY
ETUwnAaU,58,NY
38gICv6Z,46,London
g9oZcpLB,31,London
pfzzycny,53,SF
48vbVpuu,53,NY
A63Pz3Ui,32,London
Sga74045,25,LA
IcJt7V8f,43,LA
G0CQmloX,53,London
lXV4b1qr,65,SF
Ktf1uY3K,38,NY
l1RojkQz,45,LA
Gu5ugbSs,21,London
1OeSHctd,33,London
nrWSnzVa,39,Berlin
DVRlRdJH,29,London
rz9o5cOf,33,SF
CZUBglR2,68,LA
k3Znn4YU,57,Berlin
fN0xGCLx,55,LA
vf7oQIbR,59,LA
8QS3KWLH,54,SF
pOEn3rEG,46,London
SpsxRXs9,35,SF
wjTJ5wbE,27,London
6xwJy1D2,59,Berlin
tj6lgPjb,56,SF
h5NxT7hB,35,SF
1bh92WBa,18,NY
OK0aIOd2,56,SF
9Ezkb5XP,38,NY
GCEEdrKi,18,London
xi7guOVL,32,London
yA7BN7wR,21,London
IgKkc13h,37,NY
my1TJTCr,27,London
GPkcEgCq,40,LA
YGNlHITE,58,SF
EF6rBo1M,51,NY
MQuInoxJ,63,London
DhvV0Ldx,65,LA
pNhxEJJ7,50,SF
JnocMpII,51,SF
cNGFTWxo,56,London
0lQdLrIE,27,LA
DhljKPmU,37,NY
ho8XinBC,18,London
A4apOQYB,30,SF
ZNduDOSW,18,SF
ICm4PnNm,22,SF
p5eQEbK3,33,London
CdqcWxRx,32,Berlin
N9lLmJzx,66,Berlin
ZCaGtbJq,45,Berlin
VJ4qgWes,48,LA
1WKqlrKh,40,London
7gGeHNz3,65,SF
Mh7V1Kw8,62,LA
tGX3efSc,60,Berlin
lCyN1Zr5,34,NY
Qxs64r9a,66,LA
lhoRXMRi,51,LA
prE1Upsr,30,London
xd7Mv5Dd,31,LA
PzXpJ0eB,28,London
9wyueNTT,45,NY
aksgueF4,59,SF
upZG7uhn,49,SF
myTaG8L5,52,Berlin
uAVthOgx,48,Berlin
DkduTslf,34,NY
KhQOjKLF,64,SF
rrUnFwR3,26,Berlin
KJrktahk,27,LA
Sgscd3OR,25,London
B8FGzMHQ,38,Berlin
jlXhPCP6,30,NY
74tqNh4t,67,SF
XSIbflG2,22,NY
nwZHk7rH,23,London
58TjTTpk,47,London
yZN9j9t6,48,NY
72jHBcBx,34,Berlin
ti4m95OU,28,Berlin
ER3R4s8R,37,SF
3E1eBuX0,65,SF
doncX0bP,26,LA
XL17iXXi,19,LA
rAreUPGP,54,SF
KE0U7RoI,18,LA
RnOXk5J4,21,NY
O8MWCOFD,53,Berlin
84rOo4CO,42,LA
eMwoYSQK,20,LA
POttCdaD,26,NY
0OExSIWs,39,London
rJL4mvxz,40,SF
7heHauJe,29,NY
WprwUkwu,27,London
gYZRULvf,51,NY
zOv5R4bz,60,Berlin
tgo15oUT,27,NY
a0TpEE5i,47,NY
oi1EFY17,39,Berlin
9m7QnZgF,23,SF
B22YOJo6,67,London
tBQU27h3,19,LA
BtKp13nf,47,SF
L7o939Fk,19,NY
oYTu83Pb,49,LA
o5fXpzHx,59,Berlin
fccejepH,33,SF
BiqAAIHN,29,London
NldJJ10m,18,SF
hbltEnms,25,SF
gzecb0aa,65,LA
smow7Csc,67,Berlin
D8jQQLwU,30,Berlin
9COEXeGV,32,SF
3IKEI0CA,61,Berlin
T41nDOhn,25,LA
HHJMNXcF,27,LA
nrhpvF5Y,63,London
fTCSrH3b,22,Berlin
7JytPpNg,67,London
2XFM4g9N,36,NY
oyiwrslo,64,LA
lfIp6otA,55,SF
CidDNVmI,28,LA
rd3wOSUP,60,NY
q60B6GKz,37,SF
D72HX5kS,37,Berlin
T8XVbcWQ,38,Berlin
arVME89W,35,LA
sgBPHa6f,67,SF
379Izfz6,27,SF
jAVs6ERI,51,London
zfX8FCap,43,NY
uWQOnUCi,47,Berlin
0OVJMD3L,26,LA
YdnWq7Fg,63,SF
CM2FKizJ,68,Berlin
rb1h5QdF,48,LA
Vrifqwxx,59,Berlin
FhCK3Dbq,21,LA
4Cm0vxQs,23,Berlin
8XWuxt2P,31,London
meugeK5b,21,NY
ixEpyKdc,43,Berlin
2k8tk1WB,64,NY
9pUYIPtA,65,Berlin
hz7tVJLq,56,SF
iXfrZtBV,34,London
2HjGSMdg,36,London
0J0tbXiv,68,NY
wovdmP5u,66,SF
NFbbXt2S,23,LA
FK2NBnqW,46,London
silRDEpW,28,SF
qyXpsrdA,33,SF
xGFisA7P,47,NY
wwmCo29v,42,SF
OrXbgh2p,57,SF
D1p8TLcU,28,LA
dZM9n0UD,24,NY
Bi7w6XRs,43,NY
hydidZU8,39,SF
WsPL5qqj,42,LA
IwQpf0Kq,36,Berlin
zq5sR3Sv,48,London
CFhBlgRr,43,NY
TOiTGiiQ,59,LA
3kLm14Dg,58,LA
zYSVrcTy,53,SF
PgkxF77v,40,London
6RXGLcWs,64,NY
NKk6GSiW,30,Berlin
3EXlMtq4,42,SF
oN2lWSGn,19,NY
zUlZvcia,19,NY
Bkp3M7Rx,33,LA
2PxWZnEw,26,London
wp8waJmI,45,Berlin
nPJwDmoB,30,London
Zo8L93rf,52,LA
tv3VQC4x,58,Berlin
N3bjHbLD,30,Berlin
kIMfjUG0,48,SF
8vp9RJVi,38,Berlin
nYY43FCv,49,NY
CBMmmYIH,51,London
X12reukX,25,London
r65cFHEv,58,SF
REvH6avU,65,Berlin
scM4kpzs,19,LA
yBF7g4rQ,55,NY
cX4OqP4Q,49,SF
Q4jExP5L,57,Berlin
mJrA26Ux,45,LA
pcIQPRIT,54,Berlin
1RZwtqeU,58,SF
dO6CjA6F,18,LA
MOBLtCd7,58,LA
rn0AqPL9,27,LA
5qp6Hqac,21,LA
MmvXZxWl,52,Berlin
ARKUZV6n,27,LA
8SDmvEiy,64,Berlin
Dle0aIvO,28,LA
1vKwisvy,31,LA
bJW02uEH,55,SF
zLRmm4e4,29,Berlin
pNulKuTH,62,Berlin
MQ9BSB7T,34,London
XAbqxZWp,33,SF
B9WTe1Et,52,Berlin
6mIfTZ3o,19,SF
4ClewDEs,28,SF
au8ZBhjV,58,SF
StqEwodg,20,NY
TFDzRQkN,46,Berlin
iSJKX3Yj,35,SF
tWaRh1iR,37,NY
rqF5vCXe,64,NY
ZPg6Oxat,31,LA
HZJ3yYtB,51,LA
y5Y6UyxD,66,Berlin
Ayp8cvaP,48,LA
50iButlE,57,Berlin
dJHEiIEi,59,NY
wTiaeRwc,35,NY
3kZCQOAQ,47,Berlin
cxDs1AKp,42,LA
XfpmHlJ3,36,LA
obe5XFPy,25,Berlin
pGvExRwJ,45,London
gelL6vRG,25,LA
t672mFSf,48,SF
ovyAM8p9,20,LA
YHXw2HPe,20,London
O5uQ4QLU,61,NY
9W4AqALN,39,NY
A6Ky26rA,34,NY
1ZEKlDTL,53,LA
9f2i9YEe,34,NY
VQ9tSPha,31,London
HOj4h1we,68,London
cqvXks9q,26,LA
QjfuzNon,47,SF
QcjlihoH,38,LA
7adEt1UZ,29,NY
eqjirsUv,54,LA
EwVUn16F,49,London
1N2LCiqs,28,LA
Wf4aEPkQ,37,LA
Ro5UENnB,52,SF
vBehw6ut,64,London
5r6lyAvQ,63,Berlin
JXJ1LlRZ,28,Berlin
7v5g2Znp,69,London
djMT8Nul,25,Berlin
rBlRZei1,21,NY
1n4Qg9vp,44,Berlin
RwC56XfT,61,NY
AP8c5yOP,57,London
LcSZlpnq,55,Berlin
pZUIXKpj,64,Berlin
V5adNk3B,47,NY
SojF0F2B,61,NY
HPgLnHxc,65,LA
ccdANiF1,65,SF
ODBuyIhk,44,Berlin
O7OorAnl,38,SF
rxO8P1G6,69,SF
VuUTuCEt,37,Berlin
9e9wW0EJ,21,NY
xRJ4zWaW,28,LA
NV5RBtl0,30,London
TFNfIl3u,26,Berlin
TuDKwSCi,21,Berlin
Ezqr6tdM,29,London
DHnElIhM,26,SF
mNj3PLkN,30,LA
cSP6syiq,65,SF
CAOKuL5D,43,London
5OOUyQb6,55,London
BjsAyLQn,59,LA
5YQJtGF2,30,London
U4buJuNk,56,London
DlxUjYWu,45,LA
Tjp6S25Y,36,Berlin
Lk7TqkWQ,41,SF
pp2Aycg7,36,Berlin
LUfcxFkY,66,Berlin
xTGGD87q,30,SF
p3pbp5VP,30,Berlin
Mf7MuXos,45,LA
cIHRogpb,19,SF
yTqAeiZ4,27,NY
EE8p8IaW,39,Berlin
2jXenFwb,30,London
MogjemYy,26,SF
VneVKlkc,50,NY
pI4EcgML,31,London
36gVEt4R,65,NY
aRQONUeC,37,Berlin
102Yksto,32,London
9WFWh4tS,49,Berlin
sMh8dSIa,50,London
DHlcpco9,34,SF
Sa15mMJh,41,LA
ZkxQb11n,47,LA
qeoQUlBj,30,NY
j12fgBIS,64,London
k7UkxQgU,65,Berlin
yFhA5XUz,33,SF
iLlflypk,19,SF
BWkcJfQ5,34,SF
uNb6aXeG,49,LA
WdvBXaqt,60,Berlin
HzEdWFBL,25,SF
daOobBqs,69,SF
c5ou3f3B,20,NY
CKB5ilb0,29,London
HoagUdlb,37,London
30HeMcbs,33,London
ydPNZ1De,31,NY
fdyH61J4,33,LA
I7Nf3Wpd,66,NY
TLtsQ6HO,60,SF
hdh96r4R,66,Berlin
ERCze1iI,68,SF
TfcjfAu5,50,SF
D6Vc2PIp,47,Berlin
97sFkCi1,29,London
Td4NNlqI,32,NY
DoRE87M2,35,LA
lMvDQaRp,45,SF
3LJyASXt,40,SF
xHqPpItV,31,LA
XvSLIIPz,47,NY
Wjp81Z13,50,SF
6NdgApWh,62,LA
QixQpQv8,32,SF
zyXGA2mC,24,London
rqwST26m,32,London
25fgv3q9,69,SF
uNkYNGs1,59,SF
VxF3eMh4,63,London
qEL3OrK2,55,SF
9kBmn4M2,63,NY
xNYw0dth,61,NY
w6eG1DJ4,28,Berlin
3d7YIqT9,46,NY
bFizs6UH,48,SF
Q86tU9N5,42,SF
NaAUySx1,69,LA
MpBtgYXX,41,NY
GE7MxaeV,36,London
BvagkaTl,19,London
zapd4DIY,39,Berlin
HW7Foi5d,37,LA
yeUMsx0M,50,London
VMYUC2k5,25,Berlin
OrrqpaD0,42,NY
kRHASvwG,63,LA
5tL1q8OR,26,LA
nUEVFKbt,51,SF
DDYN0mBa,40,NY
tMcKLTHt,22,LA
VYodo8Ab,42,Berlin
iwIzNxS0,25,London
zwP4y4uf,33,NY
kdFikitO,65,NY
4G2irKdv,62,LA
WNtxuXND,69,LA
CTKcB355,32,LA
Vu3E1IUT,18,Berlin
TUuk66UZ,39,SF
zX0dOXV0,20,LA
0KNkqQ0A,55,SF
2mMEQK6M,31,SF
iYPvcaIV,53,NY
vS6rzTDt,35,London
ZHe9PLDR,64,London
uMztSUbd,58,Berlin
vbXm2eGE,35,Berlin
EBGO393l,20,London
nFrSMDXX,27,London
cp9TPdYs,66,NY
fOpO1dla,56,NY
Lmn4HTQe,64,London
J5E85ECC,18,LA
ozVCtvu2,44,LA
m3FMXRmV,44,NY
SgdxmtmZ,28,SF
HTiQl6fw,66,London
Ue8GuWCi,22,Berlin
pAXAxrgN,24,LA
hZsFBg68,36,SF
7Ip9OC23,46,LA
CdKdJZ4v,32,SF
PjTWwMCV,52,London
jHHGVLfP,64,London
ZK7ZwfQu,54,London
KURrZy99,29,NY
AViZap8k,47,SF
282TxHuE,37,Berlin
aeKVLvc3,54,Berlin
sBc5QoEV,20,London
74U4RdQP,26,Berlin
C3cNoRAP,58,LA
ggPaEMXU,56,SF
xqD0ErlF,43,SF
521VUE3u,19,SF
fwd4y6ew,40,LA
DQwzz1z9,40,NY
38JAUyza,38,LA
Jwhz1emu,33,SF
9lqxejyz,26,SF
KfjR4BTt,30,SF
0RyEsDUF,45,Berlin
LzmJ5dkM,44,NY
qmJZlVYT,68,LA
AiahDz4V,69,SF
gy8UfZ1p,34,London
9OZwvYaW,55,NY
kalzmTEx,53,London
MrVGXasa,18,NY
8c1jmnhV,35,SF
kB19mXhS,68,NY
W0fIQj7Z,26,NY
HQAZRKF9,30,SF
7PImOPdg,57,London
OkVCXb6N,62,London
AyySMDFO,32,Berlin
j7uFul8E,60,London
dkPr9ZEn,61,London
NmUOjpv0,63,NY
BQzZKvYZ,21,Berlin
TdyCdWh1,50,SF
yj0MXLFj,41,SF
S7oFkaSu,53,LA
rCEqfyf1,68,Berlin
B0i3ki6U,58,NY
gJuq5Pb1,27,LA
is1JsPUp,53,LA
1CZ91e24,37,SF
HBMbT2c3,58,London
0RKSUFim,62,NY
R8Ww6KlY,61,Berlin
5JrjCzgW,28,LA
PzREc6iP,29,NY
b1nNn6ge,35,SF
a4MyD8B6,47,LA
mBspn3wD,61,LA
CgMaz1Er,65,SF
1mzDtyBL,54,SF
epLKUv93,37,SF
OE7Sdv8A,42,NY
h0u8iKk0,29,NY
At9W3QIF,38,NY
s0WxZLCT,42,London
ceJd3cmF,28,LA
ty4RNTr0,26,NY
UoJ8IrnJ,67,London
tJEGimas,42,LA
5HpXkNg7,52,NY
KcUL1asP,69,SF
rZtBMYcQ,49,Berlin
ViISQ9yA,66,NY
9ykTJt9e,31,Berlin
m6tOIYDn,18,NY
CrRmGFzj,34,SF
UPN2YRlU,42,Berlin
pkah5IIh,25,London
n1eDzvZz,22,SF
CeiR2PIi,22,Berlin
co5G8BXq,58,Berlin
wM4oZmaB,52,SF
Gg2kVD5x,36,SF
v2d5r0Dq,40,SF
wRtowlBs,26,LA
YQ6Gj1iz,47,London
0L7RYwg5,67,NY
YtA3WHvt,33,Berlin
ATEcwOU0,50,NY
G8HFmeKq,19,SF
udVt7d5s,31,London
UvmomHjs,63,London
8wrtde12,18,LA
S06NyHaN,43,SF
X79T4CxP,42,Berlin
Uyj5FNJC,33,LA
TDSl3nDm,32,SF
IOrIB1lG,43,LA
J14XjS6f,64,NY
X75RiUa6,61,SF
9yvQpT4w,33,Berlin
vr0Mt334,31,Berlin
fVdoyb4j,46,SF
jDusLtBY,41,LA
HxBAXKBi,64,London
mWXdz0zH,32,SF
x7nBdQZ6,36,Berlin
kbkwBGXN,25,NY
y5PyembI,51,Berlin
ygjy3Fa6,19,London
RzLFYWPr,44,Berlin
ffYo0R1Q,27,London
ofSQyoxl,52,SF
UiqZsraN,40,Berlin
C40xkJeZ,66,LA
NFGex8zc,25,LA
Od13sKNB,45,Berlin
LuFNgZxY,40,Berlin
3r7zMHr9,21,NY
2nZ4AdlQ,31,Berlin
jnGmqpZC,59,NY
XNaCkFbp,46,NY
O9NU0AfH,18,NY
onmhVpJt,21,NY
pYk41RsV,49,SF
laWFPIwO,50,LA
cK9vgBya,66,NY
8jLk70VD,43,LA
oSr4d3sd,34,NY
YQkcUELY,56,LA
Woo7sV58,40,Berlin
QoNvnKq0,49,Berlin
IwGl9GNY,69,LA
rzphOFYu,32,NY
dZ6FEgKZ,30,SF
hhnEgMDr,19,LA
DQJQDEpS,36,London
bSwG3Q4G,41,SF
u5UDWLz6,62,London
Bnxds2Dg,41,LA
agaBKFj0,28,NY
iH6Manpw,39,London
yiLRDBi4,32,LA
zrIdPgmD,27,SF
etqOeuE2,58,NY
jZ6oMa7V,44,London
wLiR0cO8,26,LA
lLIDoRbf,69,NY
MLZs8qEP,45,NY
O1cV7c8C,18,Berlin
etZy1J6o,34,NY
xWbmQbD4,48,LA
y4Tfd1bY,61,SF
RE2AN3b1,27,Berlin
4X3FXCCe,54,LA
S7JgtCop,46,LA
Vhq1BISB,35,LA
46xYRIe8,64,London
0Kh0VM0F,55,London
4kJPd2bG,56,SF
gRPIuwCo,66,LA
RrCzhtJ8,23,London
bYAMpH5f,57,London
UadTcBzj,29,London
W9dA8cVL,31,SF
jzTkIPuX,61,SF
j5UqKEZL,27,LA
3xXNKQYz,37,Berlin
ZtrTw3CI,32,LA
8PT7EedR,48,London
lKRvSdAY,24,London
CImyVgrn,58,NY
bd5v7dsm,27,LA
gQ0CjWag,27,London
jB9TDBn7,65,London
a2VlRjS4,56,Berlin
QnHg4zy5,45,NY
k2cTt6y9,47,LA
oeF9qDud,54,SF
rY9F8cmM,20,LA
y4tXvPl4,67,LA
obM9o1jV,60,Berlin
dYABzuOu,32,LA
Tlj8h18r,38,Berlin
uR6FAeIa,69,Berlin
Ie8G7Cln,54,London
WBI5OxwZ,29,SF
ighB9vwE,21,Berlin
w7MxIG3q,64,NY
fVvPK0RK,26,NY
O5tyjytb,56,SF
xlPdfX62,59,Berlin
B7eKDGKn,45,SF
ZkXq1YuO,40,London
PMEQg6zf,62,NY
rxt6XAuj,57,LA
i0X3VcPf,61,NY
9gGgKBMH,39,Berlin
c0L7pBXs,41,SF
P4OY2Y3F,68,NY
E5pTGbFX,43,LA
La04FHql,47,LA
r0vc0gSc,50,SF
x6n7GZAX,33,SF
KN7W9gRJ,39,NY
z37e4247,66,Berlin
ZWihRSvG,67,London
lWdYqFI0,60,LA
KQtekaJa,35,SF
nSqAzQE3,24,London
hAv04Nnr,67,London
JvdoFPyO,43,London
yvGiS52l,25,Berlin
3V0b9938,23,SF
IEp4z3PJ,47,LA
Y5wpHhUQ,56,SF
1mp2cnqY,40,NY
riNFvHFK,49,LA
aLxMlPLY,39,SF
7BkoHfkv,59,LA
4hmTR97N,60,NY
DIU6j750,62,LA
iFfCf8AI,26,London
w4ixVrCW,48,Berlin
Pr90rpeU,24,NY
loRZAPAD,26,LA
JdAN7pDN,30,NY
USgPdaop,20,London
T0kbfHDD,52,Berlin
Mvn1Urin,50,NY
oMih2EBl,38,London
CwPc9OG2,48,London
lg5GAcSl,69,London
oZSHHFsY,51,LA
aUPC3M2V,49,SF
pPXtUdxR,52,NY
SpKGoOd9,32,SF
5tfAPOKr,49,London
UBCPe9JW,23,SF
nz521uSW,62,London
uWi8hIUk,38,London
7uNfrnEA,50,Berlin
ym4K2vVI,49,Berlin
MECfDMj1,69,SF
icShWgpF,36,NY
zzdlfEKg,50,SF
1VVJygRP,45,NY
XPaSNvR3,48,SF
qODPN2SK,38,LA
yvOMYmc9,51,LA
hhCUdO1p,32,NY
VooAxBEB,31,Berlin
pSYyZu0u,36,NY
mesOBfa4,60,SF
e3M1bWfO,32,London
Jc09yRzV,23,LA
Zqj04fh6,69,London
royFYWTn,26,LA
vm50JS2u,54,SF
BTxmTDIf,37,LA
dEGnKY0q,51,NY
TU7eQfLN,55,London
LOPoVy14,43,London
uRpJVKdL,35,SF
u3y9dyyS,45,London
h9weqBCT,68,SF
7SO20FfT,26,Berlin
w1U2QDNP,49,NY
pz5DMkXt,23,LA
UyCRusKS,31,LA
cflKLLLf,45,LA
sI86aOJn,41,Berlin
Rg8yJDqb,30,NY
dAHHeEfi,60,London
LeqROdKX,29,London
UDP4uLjQ,68,NY
wiHIP13m,36,NY
WjjWSLno,38,LA
6HBLgTmX,44,London
LzEjGtTq,36,NY
rwcQ3pV5,41,London
hIvQGdHt,43,NY
TY6UUuga,62,SF
GgIN3ZEE,45,LA
7pAKBYT7,63,NY
xZWsVpns,35,Berlin
BrJ8mD3j,61,NY
X5A3FMea,53,SF
nrINp9d7,59,Berlin
hrtNpizM,46,Berlin
1NAKq6Eo,34,NY
8xJU6JLf,21,SF
UESywMOG,61,Berlin
GXFKQ32C,62,LA
pXLpq7S5,46,LA
eA0tvpDr,21,London
BjiFFBxY,27,London
W4fHIGuE,42,SF
1H8hlKNb,48,Berlin
dKtvhotw,20,LA
cTenslz1,64,LA
TD8lo64W,19,SF
Vum2mSLD,42,Berlin
5YPbyYFT,66,SF
hzaEENNF,23,NY
1jRDl0Ac,43,LA
5CKYS10z,25,SF
JO9Fuua2,52,SF
dNrwcRLj,44,NY
L89Vbf5L,42,London
SQjwBjro,35,LA
usevEeBm,18,SF
IVSWkXtf,65,LA
2W0CcFFa,56,London
utmIamyM,20,SF
DBnMwVT8,21,NY
vX0zzlWH,58,LA
tHIWZl1G,54,NY
uB2Ijr7J,68,London
tngo1Alc,32,London
7xnzq5m1,25,LA
WV5AkHAP,55,London
cyD9vwWT,67,Berlin
Uuga6UPB,36,LA
3i8slQXH,64,Berlin
MFeM4XGj,43,London
vFUWNcbr,56,LA
hXfdC6VJ,27,Berlin
hxGhVYfN,55,London
N8fObrPw,31,SF
c2tIcNKi,66,SF
Dz3McOtW,58,NY
MuOT0OFc,36,SF
QWyIzE1s,47,Berlin
uFUEGnvW,22,SF
V2PqO2LZ,48,LA
zRPcccwK,24,LA
6Iq83IVX,36,LA
zN0gaJgB,48,SF
JFBeZ7Fh,69,SF
yzHInb1H,56,NY
xglfdxu5,41,London
xjBg1ngB,51,NY
KCk1W6K5,40,Berlin
XN6EwINO,65,LA
MBConVVf,62,SF
A3k6Zq4p,57,London
fzcqVwAr,23,London
vOTi3zKT,55,SF
wfPJ2Z5Y,58,NY
IpFZiLYY,53,London
BK5TtkDz,44,NY
REOhB03a,28,SF
kRlljvxI,22,NY
i6SZmphQ,34,LA
v0Jv51MV,69,SF
1vw3Fd4O,24,SF
Gkajeymc,44,London
POnGgWjD,64,London
Bp2hBSBA,32,London
M4X1J0VH,63,LA
BRUKjJqL,30,LA
WmENE9ZU,28,Berlin
zFRL24uz,62,SF
ABFVbehS,43,London
W2DLvs4I,39,SF
Hlgt86TF,45,NY
gyHapidh,41,LA
LFZTM27e,46,Berlin
vWPoE4wp,26,NY
Y1JfPWaA,59,SF
lSvrci4O,21,LA
Yt7ILi5u,66,London
NIR137gX,63,NY
pczeGcuD,35,LA
MK5biMGc,60,SF
9Dv1Ay5d,33,SF
Hzfy5Pks,50,NY
Bo9dQC5U,46,NY
Jma3j4vX,56,NY
PkXDN96E,27,Berlin
FuOMS0Md,26,London
kohukKZk,48,LA
JPkVpgK0,45,SF
pQ0sVwof,20,SF
HWwqHdYZ,31,London
JTqAy9Zp,42,NY
0wNwbZup,32,NY
Ec2ECbKT,19,SF
hWf2XV9R,41,London
aloXxAAb,31,SF
dtb2P94u,65,NY
a6kk8dJe,24,LA
yrVy6oxs,53,NY
47laDQhX,67,LA
sCTcVLNw,41,Berlin
ILSaZYzB,44,London
YNjzoLfX,54,Berlin
olgObRX8,55,NY
Wx9dzUbs,47,London
kl2BrPJw,44,NY
fujS1MMZ,56,London
RQvyhG6G,32,London
R0GYhYIp,43,NY
Dg1hekqj,18,NY
RF927BeP,21,London
meT32qJ5,46,London
Qyt4tdvT,18,NY
ap3OX5z4,60,NY
Cxm2hPCG,67,SF
1PGZfk67,63,SF
Dx7AaddW,39,SF
OTt1WSR2,28,Berlin
I70eArqQ,27,London
sO9eh2D2,34,LA
O6i4Gh7d,53,Berlin
A9sUXAFy,64,London
nY6YgRMo,43,LA
4AteUrpl,65,SF
5gA1JtAW,38,LA
Orf2D9O5,30,NY
NsA2pgQ6,26,NY
H0cDAZUC,28,London
xgXG9rRu,28,Berlin
1rrsEoRx,23,SF
OOLpVDfA,18,London
Vj6ZeYRX,23,SF
tpaIDfUG,30,NY
MIRqbMkb,39,Berlin
SOvLDJFG,48,Berlin
Bjyd6TLN,39,NY
ke6fL1cQ,54,LA
S3ZWlEO3,64,Berlin
b89UdFmV,44,LA
jPh6uiIW,67,SF
2m7lyEvZ,69,Berlin
Rn063hkC,31,NY
h7frkOEi,64,LA
tER1lWPt,22,SF
jLlBoDgO,53,SF
CMMid1uJ,49,Berlin
P0u74YaV,51,Berlin
wQTHEXRn,24,London
sWECvjGM,59,London
AQ4hjogO,65,Berlin
NomgDl6P,27,London
lq8rGWrT,67,NY
gnZhokcE,34,NY
pU21D6US,47,London
sKZpaGv2,38,Berlin
7mMh6gYT,30,NY
lxda9KBx,18,SF
MeBHqLIV,18,Berlin
paBrO3XH,64,LA
fXBPJysw,50,LA
tBE8a44t,55,Berlin
6G04IghF,42,London
PYJUGtXi,43,NY
4rD8V7FT,30,NY
nexVg2Yo,45,Berlin
UBbzQENP,50,SF
yVogWeAf,54,London
g7uUbpmh,58,SF
lQoEeCVn,47,Berlin
JObgHida,66,Berlin
9xiDXyZB,65,SF
QhAqDj25,25,LA
dAuiObSn,66,Berlin
Y6MhbBj3,64,London
TMDY8boR,18,SF
Ra8gLX7z,29,LA
16UrA6B9,22,SF
RHeTq9ct,41,LA
d7wf3wQu,23,LA
E9aWdTOX,42,London
LKp5bnpM,18,Berlin
scTHyDJ0,42,LA
WqAtp8a3,18,Berlin
csz0pCGn,49,London
THBkzr3K,59,Berlin
irAtAflc,59,NY
Due9gPgY,20,LA
vQxIhJLt,66,London
g6BZ0WpN,36,SF
QDX18P2Y,60,London
Zgc7oZRh,46,LA
CDktxzps,67,London
xAw6F3lQ,19,SF
fPoFV11X,26,NY
1NqUQV5K,34,LA
SWCS8f14,63,LA
sG59baOx,53,London
01pz2XjU,34,Berlin
I0FINDpy,66,Berlin
NXzpJ5Cc,29,SF
p1vI1CA0,37,NY
JtACA6UQ,67,NY
fhlwxpvO,20,London
LhAJ00Gw,60,London
UBJbxOTn,67,Berlin
3KP8EP1W,21,NY
DDZgcX0D,34,NY
5iw7bfwr,67,NY
McZMMHCu,54,SF
w9nq45Iw,63,SF
TROyZUzp,59,London
uqlR8bJv,32,Berlin
naBDTiMR,50,LA
iyuFIdSK,33,Berlin
q6j28Ybz,28,SF
ALbNWA2q,37,SF
k4LZ9mwd,55,London
DZXAnEWQ,41,LA
prg9Iegl,33,NY
QKbZDkLv,47,LA
gLvMGDFm,51,LA
DcGmUUZJ,18,LA
i6DoZA1k,41,London
WMgaRPN4,41,SF
MhRJs3ce,26,NY
gjCLfAwv,39,LA
8ObloYUd,29,NY
w78QOpn6,34,LA
rlPSw1U9,42,SF
2GspSoMN,45,NY
uTa8lBXQ,32,Berlin
eCmejc0v,47,SF
jBLr0NPR,68,NY
pCyICRKo,44,LA
FPJqKX17,39,LA
BFDEH4fs,27,SF
BR1kxMXt,48,SF
ZrUEeFir,44,LA
qRaXJiWr,29,NY
Wpd5AB5s,63,Berlin
yXtemmde,48,London
2SFwBn2Y,49,SF
DRSS9Qrl,49,LA
4BzbEolg,58,NY
590BCoKY,62,SF
Of2aO6Jz,52,NY
eXI04jT3,63,SF
aaeGu0K5,38,LA
d4tf6pHc,27,NY
rDdI09cs,33,LA
d3U5RJu7,24,NY
35Md7DLl,21,SF
31X8EEBd,44,London
u40ujDaq,69,London
lyqdKqUF,42,Berlin
UWVupgGE,48,Berlin
EXsIWxwI,28,LA
6JP1vEIy,65,NY
Tx73qTfs,37,Berlin
8UM5VUEN,53,SF
GdvcuhBF,34,London
zVkF26Bs,62,NY
pzIFs25B,28,London
xHBaAeqA,47,NY
Jj5KOCzg,52,Berlin
cp1WtbEa,58,Berlin
Q1v7SHa3,55,LA
4IlrwCgM,39,NY
5DcAifTX,60,SF
kVs1qaNX,65,Berlin
gj7UMHm7,68,LA
C8WdGJkV,44,Berlin
vKqrC2yT,54,London
H1bkWvzi,63,Berlin
GzU1HjEO,66,NY
X02kcOSC,52,LA
oxuv2ghB,21,NY
xeRjJ28H,33,SF
y2l1dWp1,33,SF
Flidjurc,38,Berlin
I6bMbBXC,43,LA
m7OI4YHm,53,LA
33U8NBus,36,LA
r770UWob,34,LA
aAnYZSaH,62,Berlin
R7Ecr1QD,43,NY
Mar28N6U,39,Berlin
YdDhOJjC,45,NY
qhlQVtNd,18,London
03H64uD3,61,London
FarEbjku,53,NY
aktlwiHe,60,Berlin
03hupeXI,54,SF
DVWawm1U,19,Berlin
hGqFwfrh,34,SF
86aq58Tx,57,Berlin
uJ4nXjzM,55,LA
WxJ4qoCL,38,LA
c6Plmd8w,26,London
mYBjZ0mm,30,London
0Mit9enA,28,NY
J1AmAQmO,33,SF
38QKXxAV,33,LA
wUK94xoO,19,Berlin
8HMJ2WoP,59,NY
cmrYnYQG,61,Berlin
VgJajbTO,25,LA
EqbtWHBx,60,LA
FCYOyTCD,59,LA
FzAzbm9l,30,LA
dIG7m2cC,34,Berlin
fXKkCdQw,56,NY
G5iaFMXZ,41,LA
zlC5QFO2,20,London
HJax2yXQ,47,NY
G2jKt1wH,69,London
qt5AWQLj,30,Berlin
rPLCLahI,36,LA
GqSM4vSp,24,NY
GCJ6Xq6p,26,LA
p3txQ4Nx,36,LA
lnPFbRUz,62,NY
d5LJNsNG,57,LA
SaRBk8WR,39,LA
0BhT2Gb9,35,SF
eWtHNoTm,40,SF
eY8hDu8q,19,NY
KrSpZEHB,67,NY
ScOMziGZ,67,LA
5Br4pahB,28,London
s8iLRFtA,48,NY
Ntv0juWy,50,LA
klL9k8AM,31,London
cPg9qokS,33,SF
5IPG9MXZ,28,NY
PLyjOpOT,50,LA
lzAfoyEN,24,SF
d4mOesVj,48,Berlin
jowObTjA,65,SF
11NcXeLc,63,LA
4fcgyZKu,64,London
vtScf210,31,Berlin
iTEsVQXa,45,Berlin
OlSvPJ5C,60,Berlin
5mE7jzyY,33,NY
3JgUdGPU,36,LA
ehEn4ajc,34,Berlin
bqjCAWpZ,43,SF
OVziAQw0,23,London
8r3Pqfzj,60,LA
xJvS87HE,66,SF
wNI5ITdS,26,NY
P2kWGW4V,67,Berlin
d1y6TbOM,34,SF
9LERsWoW,48,LA
8KtQG64Q,29,SF
T2d936iN,40,NY
VS4DWWXn,22,London
VgXzMX1b,60,Berlin
KBs9MkJe,53,LA
NihhwvL8,53,Berlin
d5VrKaND,20,Berlin
JfVZUoQv,41,Berlin
x7O9nmqd,34,SF
1QFb0n6o,56,SF
uOo5HW41,43,London
MUmQZjkN,21,NY
Xltj8Ftq,62,LA
EIKVNCEw,29,SF
bbxObyiP,18,Berlin
lz5S22mA,38,NY
CaVLdTcF,36,LA
9UNB5EPk,38,LA
8lKAZyXY,69,LA
srgQKP84,35,LA
CSJGyjLg,60,London
XvtStDr0,69,LA
HTEgNTlm,20,NY
8B6oXnsE,66,SF
32MAfCwd,61,NY
gbbcEAPV,49,Berlin
wYG41CVv,27,London
N6o3dOAf,57,London
RunE39mT,32,Berlin
CJZk27r0,22,NY
xlyFLtfU,21,NY
vPVmE1bu,45,Berlin
LTtOpLYX,69,LA
KIOtQ8VO,68,LA
kqmr76Si,21,SF
E6ev0oNG,32,NY
aBtgHvOh,34,NY
blOAibwg,61,Berlin
rTz6ezyC,20,Berlin
xafuSo9V,27,LA
alOvxsw0,64,NY
0ZyU2SKD,59,NY
8fdaGMXX,40,London
jpLs2Vlt,35,SF
EbzgxZnZ,18,SF
CZXtW2kK,52,LA
6Re3zJdJ,48,NY
Og1D1dyy,61,London
dA1dJqhO,18,NY
J1DLPgJr,20,Berlin
BJMPIqAe,20,LA
jL5nFUHt,54,SF
D0H4jWCM,36,NY
9THAk95l,46,LA
RaWcSeuE,42,SF
u9aYmV6x,50,NY
1TfZxVGe,53,London
bjH6Uz6N,46,LA
ZYhoeXdr,43,NY
NPWOxJND,21,SF
HXhOLwFe,66,SF
oYXb3KsT,31,London
rqVQHuLn,67,LA
pjI29R8M,44,LA
QA0KbF97,50,NY
dA5e7s1A,39,SF
N2ygVQZr,65,SF
8z1d8vG8,20,London
IrQpOEQ8,40,London
tEraomwU,38,LA
GzBKLljt,58,SF
s5zOgq7v,40,NY
Fn9eJfi1,21,Berlin
zn5Z8BUR,38,NY
DGJ0kFoO,54,London
wwmrHloN,60,NY
ht1DLWPw,48,SF
8nH38Xp4,38,LA
mwFnEhtk,43,Berlin
tQSjoRfm,58,LA
vUX2uBIE,52,Berlin
2xaR1uuG,55,Berlin
9sGMsDQj,41,SF
xwvBllTC,28,SF
V2jN17Sx,58,London
GwHZiimR,46,London
fzC0dw0N,64,Berlin
BbWZVZ26,20,London
B5U0HRAT,18,SF
f99KDG1Q,69,London
0pl5I9XR,36,Berlin
OW91yZCU,63,LA
0VEVqrhM,66,NY
5jka7OWV,39,London
ZPXiJThG,31,SF
BI2x4AKO,66,LA
Lqe6OGGj,31,SF
ix8GTaRE,61,London
xEXUpONw,33,Berlin
LOOzkMQx,50,NY
sitHHKXa,30,NY
7IFV6VGf,55,LA
3CrU4myp,66,NY
8FFuIFqV,29,Berlin
mZihmAWS,68,SF
90nI7WeK,55,Berlin
QFXo3RcK,56,LA
D8uVFWkI,50,LA
I7eGUrkf,50,NY
73gjxMBy,46,Berlin
niniEhWb,22,SF
lpi1GI2H,23,Berlin
LkzbqxiC,48,SF
2f3gJn5b,33,SF
3eL0UdyN,48,Berlin
jHbnBbbJ,42,London
33fKa1Uy,65,Berlin
y1oy6E3j,63,SF
NrdS7aT3,50,LA
Q3vomb7S,30,LA
AuetZq6E,69,NY
c3PY6gnh,27,LA
KBd1K6Xs,41,London
atNmJQzo,27,SF
InxOG7Dm,58,Berlin
LK2baXsy,48,Berlin
QEcSAohy,30,London
aZbJV4w0,20,LA
FPSs1rkg,67,SF
gOLikf8g,69,LA
G5aU0gEv,51,NY
Cv4U5y4D,66,LA
vby2OPP4,45,NY
MrmLAA21,36,Berlin
IVE7a3p8,40,SF
IE3ZxPoE,62,NY
Ufsi71DQ,49,LA
KBsn1wwa,30,LA
IdiMbAKs,50,Berlin
mt4pYQKm,51,London
NcWbGjuN,50,London
hSPBjmas,22,LA
EWakku4O,20,London
epfA9H4v,24,SF
5Eqby8Bc,41,London
VqkhlmUL,39,SF
zNgV73HX,62,LA
AOv7id0x,40,LA
xSZ9xCYx,47,LA
ucqvUe12,35,Berlin
sXZJJw22,49,London
JkAaGMVg,24,NY
oPjQip6P,50,NY
SVuIH71I,22,LA
0cvGmL9c,66,London
1m8E3THY,45,SF
o3rgADXK,25,NY
R2KOTu02,32,LA
JcvE8VvR,69,NY
bB693pCA,21,NY
mNpV5tXz,51,NY
At4MIlzk,22,LA
DkqoUl1M,50,LA
J9uztXg6,22,Berlin
dol3yOo6,55,Berlin
WBYHNUcv,51,Berlin
SfgXjq1A,43,NY
opPCHe8G,18,London
qrl1DhBI,21,LA
zeTrx3bm,56,Berlin
CDXovhZu,43,London
v51C6mOW,50,Berlin
FukyDTa1,50,Berlin
GLnmhHwF,25,London
9gxAG83X,37,Berlin
qeQc6iry,33,NY
SIWACqx5,38,NY
YCVAmqmf,62,NY
fBijTG9s,43,SF
aoWNWoJO,40,Berlin
yEplDI8I,35,SF
f25DiRNY,48,LA
WgevmJwF,69,London
p5fyddoF,59,LA
eTVCaFt9,29,SF
DzQpFaRp,18,NY
fDeGPBNL,59,Berlin
H4J69W37,26,Berlin
XWOGqJpt,20,NY
ZAGj6Wck,68,Berlin
sFgQvXPW,43,London
UodREbQr,26,London
E9r80I9p,59,London
B92j9mAr,68,LA
BFynBOIR,33,NY
DnXXCzR8,41,London
l2QNRzJK,67,SF
AVsRKpn3,31,London
zRPDZxW4,20,LA
FvvCS3wi,51,SF
L7FzHQX4,50,NY
lsHJkV2x,67,NY
rqulZyNj,41,London
9Yku7I44,26,SF
VS7BzVKa,30,SF
ZFY7sEfj,19,London
LY6FxthG,24,London
WgZC810U,65,Berlin
mXQoMcPX,38,Berlin
Kl3e6xwt,36,London
sxNI8QPP,42,LA
UWy2utnS,64,Berlin
VZhJabAx,39,London
h2X1Omex,28,SF
bQsRxCKF,50,Berlin
soQ2xMBC,49,LA
0wybIq9z,38,NY
xoGjNLKA,56,SF
yTHW6YhC,37,LA
tIrrbzns,25,LA
BuiUhIoB,59,LA
dkO3mbOs,54,SF
n6Qfm9Su,26,LA
BLbclyW0,42,NY
IipxnzBG,42,Berlin
mROw7dgy,50,SF
C79LXONU,19,LA
Si1xneAt,36,London
WKhiZsqb,63,Berlin
kR2rsITi,37,SF
0BJ7oyEV,59,London
G0LKLaVG,58,London
o49sHoKU,59,LA
3rdrsCld,46,SF
isvjIdLp,23,LA
ZkD4C82p,34,NY
hpXoH86b,42,London
tGLQPbOx,55,NY
EC3DblOM,21,LA
ZLkt8CL9,47,Berlin
9QsPypVD,37,London
DGlzBVGe,20,Berlin
3XVyXham,40,SF
UzsYFsLy,68,London
wZJCWns7,35,NY
XY7OriOx,43,Berlin
dHbekGpp,53,SF
FH4WKZw1,25,London
trwGMLce,34,SF
knf4is63,48,NY
htCFqXCG,54,London
8fYDYT0U,62,SF
moou6M4b,50,LA
IptyxzZP,44,London
kJZSwTra,62,London
etN693PN,21,London
wip9w3wA,39,London
dYXnVr8C,43,LA
kqPeLYFk,49,NY
93hsnun2,41,LA
NZvSYh9P,63,LA
AUaRFZp7,52,SF
F8CueTpc,54,Berlin
PMFTbRH8,49,Berlin
Pdv5Vzvi,24,SF
ybMAf6SV,50,LA
CNjoahHx,48,SF
oVWqZhbt,29,London
Pd9WTnJ5,28,SF
cDEa0QK0,41,SF
oqTN6Ujy,25,London
buwRR6Sx,49,Berlin
jFLxXTBQ,55,London
ZYKLVmbQ,39,NY
eHFVHGl2,51,SF
6a0vl1FL,36,SF
Ga0IIYNK,69,Berlin
VGzXQbBs,37,LA
1jtUNamj,31,London
gHNBGYdJ,50,LA
1Pcv84cy,27,NY
3428mbyq,33,London
HDEMcsXZ,21,NY
WaDNJfHM,44,NY
PhlUUElQ,45,NY
OTMN53fN,60,London
8zAD9EJv,33,London
BAiRbp73,69,Berlin
VlOexNGl,50,SF
u95d7sYx,65,LA
xRncxXj1,36,LA
oyii9xT9,38,NY
DccyA7o4,39,London
G2kpHcCX,26,London
bODYZSTO,26,NY
CTVqNQTH,26,SF
wUBbnTyC,44,LA
TNU5V58Z,34,Berlin
bKMMZnZD,61,SF
rSykVHr0,62,London
m2bLHbCc,25,NY
byVvqvYW,33,LA
AsS6nifD,35,NY
YYNd0vkD,50,London
787Q1H4W,18,NY
Uq50NNHQ,29,LA
S2ekwbs2,23,NY
d8QW5hgB,58,LA
RGaGf9OC,22,NY
zAowfjzm,33,NY
OhaV6HGA,35,LA
zTts2vLt,66,NY
IuNslkC5,35,SF
HZNEDUQJ,18,Berlin
fMxnjPpD,36,SF
ZgPbMS7Q,25,Berlin
XYv9gLxP,20,SF
Tidt4jSz,42,Berlin
Rw7LRQMo,22,NY
XFsy59YQ,57,LA
4WAHVfST,36,LA
yPXl8Jd6,35,London
Nn5qJztG,67,Berlin
Q5EM47pE,48,London
sRfAyfHU,50,London
oMrsLmyo,64,Berlin
sDL6k0gP,35,LA
IKIvGjiD,56,Berlin
mg5ufP6I,33,NY
C8naXM8U,33,London
q9AS0iyL,64,London
FuVzlDeg,55,Berlin
xOMsqCSZ,58,London
abXBQR7E,24,LA
AHGhHplB,31,London
EVmLHN2h,60,Berlin
phZXHh2P,65,LA
2YtERvzY,42,LA
gNJgOsW1,49,London
JO2NZFO6,55,Berlin
tpI3agCe,39,London
28R4xFuZ,33,NY
LZfBqJ6a,69,NY
GObX2HTk,46,LA
N1qgMyIs,33,London
jJCphztC,29,NY
iakIxA9c,34,SF
aaJb11VF,54,NY
apa5Cj81,44,London
TNWOMdUl,42,London
Cd1dVJkk,30,NY
2KxOkwe0,25,London
R89daW3C,22,London
iPZRtYjI,29,SF
nH0sk2mK,58,LA
3YEOMvfL,20,London
VU6w0FC7,52,Berlin
3OqOOYgA,50,LA
Pbt4EmRj,39,LA
zqKPdWPZ,67,Berlin
LdDuOOlK,61,NY
4MTfuqHY,26,SF
IMhMFuFH,58,London
DKcc1AIW,35,NY
8vHb2O9Z,67,Berlin
IPwXe4rn,46,SF
VPttj4hv,56,SF
YRxNFRHA,44,SF
LagRIhn1,53,Berlin
qlM8rDci,62,NY
4hQyO4tq,34,London
AMw7Q3ZH,51,SF
ECp3dQnB,63,SF
PL6fWdSZ,20,NY
pNtVeaqW,22,SF
cjmt1Dvp,31,SF
9Z9WU50x,20,Berlin
7wwiFI62,40,LA
wSAx9FGO,56,NY
t8Dndkvz,47,NY
q0oBFiqM,67,NY
FraYQtcP,62,Berlin
xVDA4O0G,40,Berlin
KOmN1wMu,44,London
rlGgl2Or,27,Berlin
MM03Sfag,42,NY
QBWsYxZH,30,London
81GLB9nz,33,LA
VD9mNWy6,58,SF
HnFfNf5P,51,SF
Xx7tPHlW,54,London
ztS4BIcW,39,LA
1me9bt0s,34,SF
iMXUsuwV,40,London
6AtJ0Nzf,53,Berlin
cGBnWRoK,66,NY
tkoUqKkk,26,LA
wG7lvZeg,69,SF
xlRqmgWL,19,NY
FziRjgp3,49,London
cGe7aNEo,67,SF
smrzl92x,39,NY
7pwrSNKH,60,Berlin
6ckjwSfQ,30,LA
7ov2DOP5,25,London
wqUOHkd2,18,SF
iSprD2p3,34,Berlin
55X3czeh,29,LA
nbqO4iwN,21,LA
mdEUzX8P,30,Berlin
nwwowIGj,48,SF
qnIBGyIc,58,LA
vwSm1mGC,24,London
88zyJrsC,40,NY
4bCtuQyW,41,London
FVNUOu51,22,LA
EWSimrco,22,NY
dodgcAIZ,34,Berlin
g0xpKVXf,47,NY
sSZ8jyii,26,NY
jz18haVN,23,NY
5sjTjrbo,42,LA
iRafiGLH,36,SF
PqodKEf5,33,LA
uVL8h69l,38,SF
rTGzExdV,19,Berlin
U3KCJwx4,27,Berlin
alNcdp5x,33,Berlin
h64SuDSA,54,Berlin
E5WAKsYP,32,Berlin
JR1mTls6,30,London
jrkjljGn,30,LA
GWm6uSnL,49,SF
biQV1s90,62,Berlin
2Q9skujK,64,London
jYyPGZJJ,63,London
o2Nczj7Q,25,London
m7rvmvYT,60,LA
5oSBNKWe,35,Berlin
45bpcNqI,53,London
wvF9v4il,43,London
RlaaA3IL,27,Berlin
sZyCCNvU,48,LA
gHT7xwIV,50,London
JPi01OUu,46,SF
iQXNR3gg,22,NY
P32wzO8i,30,NY
OB3FW5Z6,18,NY
TJscmYkr,40,LA
VV8jAqTn,57,London
8Nsn1R40,20,NY
9mej0qXc,20,NY
eP6HOb4T,24,Berlin
o8e9kwTV,53,London
rBBCAOPs,52,London
kz6oCObG,32,Berlin
TTTgs0rV,57,London
xLshgFtK,20,SF
brKZOWdk,46,LA
le0sJ9rL,47,Berlin
b7r3feCP,56,NY
r8eXwafT,35,London
FIczVBYO,28,SF
qqo6ubvq,60,SF
iCdjvoyg,66,LA
uh4A1Dfm,55,SF
wlgyOAuN,57,London
72ltn0cm,18,London
3laiTH9t,46,SF
Sk5IBXTA,27,London
Kt6Yzga5,45,London
TMoe286R,48,NY
qdYLFkSM,36,Berlin
6gXiRXlG,20,London
1seS1pjw,53,London
Nsuczqkp,60,LA
6AKyBrdf,32,Berlin
u7kNi2jq,50,Berlin
bADMoxCe,58,Berlin
EF3pdLnw,60,SF
S1nUgwJd,68,NY
lpAfSNbB,62,NY
8jYuhiN2,43,LA
dQ4zKW80,33,Berlin
bqPMUlO6,53,Berlin
D3nzWz3m,50,London
YK8cyz9A,37,SF
XvbOOv5Q,30,SF
dnzMwQKF,50,LA
c8735teJ,22,NY
rehnecal,54,Berlin
N7LcyKVF,31,LA
U3LHzGLo,44,SF
ZfBI7fhD,40,SF
Bx89WrZv,31,SF
1TgYv613,57,Berlin
MdHZy46d,21,Berlin
AsA02Dwm,56,Berlin
X63pP8Em,69,London
5EGkCcZb,36,NY
EfaaNXaj,64,SF
o4YzLMJv,21,SF
RHXhyfb2,47,London
qqLrWrP3,36,SF
ye7iQ9Q2,48,SF
igvWX6kx,48,Berlin
UlO0zSK3,26,Berlin
RKxFyp8J,30,NY
nlK8v27G,31,SF
kHIzWspT,63,LA
0PV4xNc8,27,SF
duvWDsyn,65,SF
GnpSaj5k,48,NY
E6v0sSOt,54,LA
W3jUAzaG,40,SF
Lcb6At2B,44,LA
QRiwAIUn,23,Berlin
YpNcOSMb,43,Berlin
oJyG4Ux6,19,LA
yUG9sG9i,62,SF
SX9lI31v,30,LA
6bb3Xgcs,68,LA
GEAbwFVX,67,Berlin
4o9YeLj9,36,LA
UvUFmEGs,18,London
E4t2bXtG,57,London
iYKZdSdF,49,Berlin
B1uct8tX,39,SF
0NYSOyCn,65,SF
yq8DfwZZ,46,Berlin
Tjtzdr2X,19,SF
Q7qpsvBk,57,NY
BwEmVe1y,55,London
ePVKt3dZ,65,NY
KuPW4P5O,28,NY
AhGM7DDu,34,NY
an6Dhv2C,68,Berlin
OahOkYXN,60,NY
AvJ4xwlw,25,LA
pPqosNF9,39,SF
JLwwoOMk,21,Berlin
Q1qcpq1w,28,LA
2RL8R7eI,25,LA
OxQLZd1F,26,London
uS1Gd2VG,43,London
q8WniKQC,19,LA
SIt2krj3,33,London
VYHaRFxS,48,SF
MSIMHBm3,23,SF
pOEtXgvI,38,London
lWHvz0ze,43,NY
ExDfUSms,36,LA
R84J0yzW,45,SF
hkUOMHSN,25,London
A2y6eitJ,31,London
Nlpz85Ac,41,SF
Qg0fqPwL,65,SF
uHQltjF8,61,NY
bMseWovh,54,London
rZYfe2Gl,43,London
lehJffLa,48,Berlin
ZADAPm1m,68,NY
Xy1tIl3k,49,SF
tanwp4U7,67,SF
Yfguszu1,58,LA
eJPwJ0Bc,19,SF
fXaAOhIl,42,London
eq5uwX1W,69,SF
2MFX8BAA,61,London
0sPS3FhP,19,London
5mizBlib,59,NY
YWr1JjLi,18,SF
eMkB7NXv,53,NY
APHkJTFi,29,London
hibFSMlU,26,SF
824g3W6Q,53,SF
wvs9eIUS,58,NY
8F6cT1a8,45,NY
QR1GeRmY,55,London
3noawqlT,50,London
g4vJMTOi,59,SF
fQK8K09M,63,SF
OLexeNtR,39,Berlin
h4Z8sNWb,42,Berlin
Jb2eZaUv,35,LA
8P9zMsLw,23,London
0mqLmd0z,35,LA
6xuX9Xwl,69,LA
V7U5P9H1,33,NY
OQ8bX9Eq,32,NY
r2uw9QJn,65,Berlin
SbuV3UPW,25,LA
g4JwJMoN,30,Berlin
JRYyBb19,60,London
j84uF8GS,24,SF
q9Lia9FO,34,NY
KiVWZuFm,67,London
S7cDnDUj,49,London
wIIJQGmd,39,NY
pCIXpbKQ,68,NY
hqtUIp0x,30,LA
EccrYsOS,64,Berlin
VTQPFg2K,40,London
QkupJj0A,46,LA
qgj7VW8H,39,LA
d4dliuKg,18,London
Xgf0FopR,46,London
LU5iPYiy,65,SF
W9IG40de,22,Berlin
km8bAJx8,52,London
MyCpnTX9,27,NY
ytstykXb,36,SF
EPNtmP1J,54,Berlin
NvMaV58k,24,NY
NBoj7EfR,63,NY
EC7hd6K4,52,Berlin
4T4JUUfv,62,SF
ftw8wMpM,30,NY
ifmIiWDN,27,LA
kHPbje59,19,Berlin
xWOpqcM0,23,Berlin
Fg9gwVxS,25,London
on2reahn,53,SF
rstfpNF2,42,LA
b0u4iiDD,61,LA
6hdsCMOL,64,London
TGBlyKOs,57,NY
dv0QWMxk,24,NY
Bynzbchg,63,LA
1Ec6wlce,40,SF
2WDYarhR,36,NY
5SoSiVfs,63,Berlin
nz8e9TMP,39,London
tt2KchLG,30,SF
SuegwHCo,38,NY
dmhO6Fay,18,LA
iyl0vFSr,36,London
xKmerOE1,50,NY
GbOCe3YE,21,LA
qtdjEqFp,59,NY
r6BZzAdt,20,London
UWThHeek,44,Berlin
EBnZCKBG,69,Berlin
sRCo9NNN,58,LA
Z4gzurYX,52,Berlin
rVNvBCYS,45,London
LSDBdtNu,23,LA
n9emWqjk,23,NY
vkNJIxQq,61,SF
wvOMuZEr,40,NY
GAjOtj2q,50,London
BjUWbhra,33,LA
sJckvS72,41,NY
grCcz6Bx,22,LA
dojhJy0M,58,Berlin
WdTAvyJ4,59,SF
hS84Gqvn,30,London
p4e4bc3k,64,NY
HxzcdWi6,29,SF
fwRZtLDX,22,London
3zuAo6Qn,54,London
3lEcreQ5,48,Berlin
CkIp5LuF,45,LA
ly5kTcEy,45,LA
2NPG74VF,47,SF
hdmOk5jm,35,Berlin
n5knEcrG,61,London
bONqILIz,44,Berlin
rg5kgSwN,52,Berlin
iKmKDi3s,43,SF
xTLUcDxd,56,LA
71PO9qfU,66,Berlin
UqE1kOC2,68,Berlin
umzZk6Y8,35,Berlin
rPV8YaH3,50,NY
wfKbzUTk,42,Berlin
lzLVeEul,48,Berlin
LkCXKzsi,54,London
j2L5ppIu,19,NY
17yExEjq,50,Berlin
4wGY82Ba,56,Berlin
Kn9rFTXD,60,SF
n0gZJ0zz,60,SF
Nb6Dwudd,49,NY
YEwMQOaD,35,London
ajc3Cfig,34,NY
XrZEJJNQ,51,NY
9RM2ujZT,56,SF
hpTpyJ7n,24,SF
UbDXFWMv,59,London
FNP5PbXY,52,Berlin
bHSqMoSB,47,London
9WuhELiE,29,Berlin
XQSEljX9,52,LA
otWy1l2J,28,SF
4pfRyY9W,61,LA
AHk7ZW2n,21,LA
KAS66Zuj,42,SF
Jys7eQFn,65,LA
3OClJKfq,49,NY
y51W6AR1,37,Berlin
v4dx21Ow,67,London
M6J6L9zB,48,SF
dlmrsRXv,21,NY
grBaq3pj,55,London
L0jmEDq3,64,London
ji1QiOYX,18,London
0lFP2Qbo,20,LA
Bgubk5HT,54,LA
uFmkgsm7,39,LA
fnOT9R9e,34,LA
BePNd9oX,31,NY
VqMR21n6,58,LA
N6ksEzJi,52,SF
Pc5i6KTv,30,London
Ic55vhIJ,52,NY
QgIN8Ak6,60,LA
Lm5tTvm5,19,London
7gnCsxAA,64,NY
aqoQEPRo,30,London
DhREzU07,68,NY
XkCGVsaQ,33,Berlin
MB9A90qI,35,NY
kmM8N3I2,24,LA
CU6xp7aW,62,London
hYNv2CuX,53,London
qZAso03q,58,London
o2hxuvzK,47,SF
dspwOdvm,59,SF
PdFOjUlh,58,LA
nM9EnZt5,24,Berlin
HQwJ2CWz,32,SF
FFyXJiSR,57,NY
qEzAkEeY,36,LA
7B17vUvm,60,Berlin
qwcPGuWh,54,NY
qzWdJCju,19,London
RrBmZM4f,59,SF
3Rq4wt22,65,NY
JCyti7wq,30,Berlin
t6wUQNC5,57,LA
bw5A5Xo7,58,NY
WOBYEeNK,60,LA
yOV7g0bk,60,London
Xo6zwchT,48,Berlin
EFIiKZfR,33,Berlin
MaKwdTsp,59,SF
P0kJR9to,61,Berlin
FRbM4vRs,23,NY
xHrZon6W,45,NY
0I321vJc,49,NY
SIXIsmhX,61,London
zVp1qKmN,27,Berlin
J2s57QTM,67,Berlin
mrQoUN7R,35,NY
4CHYZg0j,21,SF
XP2PJ7e5,26,SF
CNGPPZH6,24,Berlin
d5oHoyJD,67,Berlin
aPXPwLtW,25,LA
AqdeOlsW,60,Berlin
RGp8RkYP,24,NY
oR8inDve,58,London
tLLblPVi,57,Berlin
3MMo6W2f,20,Berlin
xSonGB8t,34,NY
nVHdlsyG,19,LA
Jk7wvule,32,Berlin
QgN6QYwt,63,SF
VItKaqwX,46,SF
ZI8aligO,67,SF
CMdvp3L9,65,London
oe7marSo,69,London
EFe942CK,39,Berlin
YB92hACN,21,Berlin
ELV5Umbl,69,Berlin
vCAZMk4E,23,London
zgmsJSIN,55,Berlin
676yd7LS,43,NY
0c3J2esw,28,LA
mB0UV48k,43,SF
75VvAtEz,34,SF
wPPEahzw,41,NY
ZyLVzrug,45,Berlin
KaM20zCt,52,London
kq7Ew0HW,48,Berlin
sy0QMnRY,30,Berlin
lxSgiCaX,52,SF
NbMlklWn,33,SF
aKPrRx90,32,London
3xuS2sCK,60,SF
DfPiLuwX,35,Berlin
LTHnN1u1,64,NY
sLZQ0eKn,54,London
vVOSiIDQ,65,NY
e9JcHEsJ,65,Berlin
pde3An0J,66,London
Lf1taPUL,58,NY
y0MCOqbR,44,London
MwGqPsLq,52,Berlin
fSkP4Y2l,69,London
M6tJZHku,62,Berlin
Rtu2LJCZ,52,London
V881ZJx3,45,London
9QfPKgVY,56,SF
kHWIxL8W,55,Berlin
Kw8ETQK0,26,LA
2z0gxIPp,29,London
b20NEhaS,32,NY
vei5Vq9R,38,SF
xg6DRL2I,69,SF
5OmDJFSK,52,London
fTT3G1hF,59,LA
NP1QhoXL,50,SF
26mforNB,68,Berlin
P2ViFVzp,36,London
FVMcFePk,40,London
TZ6ldrsY,30,LA
otLF2Izp,61,Berlin
vgVX8PvM,18,Berlin
bR1lsiVE,68,LA
RHWZ90Wo,46,NY
Erpn3dvP,41,Berlin
JuYfnpvh,33,NY
zkkf21M5,42,NY
Ezwrkf7a,40,London
dkF6ZqCW,45,London
xrNuYyZh,64,SF
UpSc0gq5,33,London
x482JbiI,60,Berlin
0GFKKwPS,55,Berlin
rKis0OVr,28,NY
pZ9QBwop,20,Berlin
aqxgrqAX,32,London
EGXTji3U,18,London
HXstbIob,24,London
of5se6gW,18,LA
RMEqnnE3,66,Berlin
iWBhwZkh,49,SF
989amGnU,26,Berlin
lDl814cs,46,Berlin
eDnD6dAj,43,LA
K5IM36n7,40,Berlin
j9G4lNwQ,62,NY
HWlzo6Gr,60,London
9V2TIvFR,46,London
J8PG4XLq,69,LA
IE3IrWap,55,London
m4U3tltl,50,NY
ICgKhad5,24,LA
J6ljWZ8Z,29,SF
bbOQ7Cgl,48,London
iOaFXE7s,49,Berlin
DoJbE3f4,37,NY
wMHK59ds,68,NY
g9ZODkrO,34,London
w9BJMei4,53,SF
nfWCFwAw,20,Berlin
452cxsbi,18,SF
BdPhgi0w,67,SF
bcn1Uv1o,44,London
W99oqX8Y,64,Berlin
fQq4F1oc,57,London
kkXHlm08,50,London
uhiP5UmU,37,NY
fjjBwxCs,31,London
Skv1jjr3,53,LA
y7UPEneL,22,Berlin
svK0muwU,40,NY
0rZmj8BC,62,Berlin
x0k4DesB,32,NY
aX9ukiSk,23,LA
cLA8jrBd,50,London
qDM6OyRl,36,NY
0XM4ngcv,30,NY
0o2LlfVN,46,NY
6tYpfbTn,23,LA
NLWRzHGF,32,Berlin
uSwvF6nq,33,LA
qIxMJVSq,41,NY
vskK8T0n,40,NY
GXuFKEPu,65,London
Y3C124Dl,27,LA
tdFua17G,58,LA
W2qg033Q,58,SF
1XzeSIKC,66,Berlin
kBg2STMX,34,SF
1NleV0vd,66,SF
mlIpeQbr,61,Berlin
Yq7MDSZO,62,London
edAu7yWn,47,London
RVS3qefe,61,Berlin
lcpRbCGz,63,Berlin
CdCXonN8,27,LA
XXBLEzcc,36,LA
8N4YDdKC,46,LA
dnwPWx1H,19,LA
xa4WYcEZ,53,NY
g4UihRIn,36,NY
8Mt0c5ZV,24,London
34TJWTgW,43,NY
4BGDe0gM,32,NY
eX69oljj,64,LA
gxV446Fx,55,LA
Ajd2bWYp,20,Berlin
sYyu8R5j,55,LA
S0PX4ZqG,33,Berlin
uCvZu8ki,19,Berlin
pVzpxoON,48,NY
rB607jjy,45,LA
QMNagGBZ,24,NY
WCt2lUIE,47,LA
md53LoR4,60,NY
z1UBJbjX,24,NY
LAO0L4Np,53,NY
ShzYK198,46,London
N0T4vC6p,41,NY
YNgmkFKN,69,SF
k4Cn6WXV,56,SF
AtUHrEsK,21,SF
X8Qvrd3b,46,Berlin
bN0ozU3I,61,NY
w4II8n8s,22,SF
7SnyFkiV,46,Berlin
LTzwEwLN,47,SF
P880MamY,46,LA
CyXewC8g,43,London
tf5wVgxj,36,NY
epqIhH25,43,London
uJdmL2ww,54,London
BUUVhXdO,44,LA
LZdN1sai,47,LA
EiaxyrBz,68,LA
laNk152Y,47,Berlin
zoNfpUCo,20,SF
K12Deg07,60,NY
A3inXPXT,24,LA
3rmTZT2d,66,NY
ERiHKttd,26,NY
HOqIKEuX,58,NY
6EZOuL4I,59,LA
Kl5rvsT6,30,LA
jbgNLhVZ,32,SF
BtrmTOSB,22,LA
Mx58AkWo,46,LA
uo5ZcP3O,52,NY
T6K1lNym,44,SF
0EUgYjwS,44,London
EbnfYdvE,25,LA
PwmisIku,49,LA
vJtI2DCe,37,London
uQLvRFK4,27,NY
4Wr3WkAS,30,SF
ELWmW1AV,46,NY
aLiIOORI,52,Berlin
jRDgnOWc,25,LA
K1UvZxKQ,46,Berlin
N9H7TGJr,48,LA
erJmVftU,58,Berlin
Rt7kUhGy,47,London
QWSUzkQT,39,LA
I1iOAvfR,38,LA
dBYXFBOs,29,Berlin
rtq5maOW,28,SF
YV7TDsOs,19,Berlin
A0Zvgnym,67,LA
kw16pAcC,58,LA
vQYzd9l4,19,SF
uC9AcxNw,51,NY
FwjfcFzv,20,SF
0mx8E1Oq,33,NY
lqPZmBr0,68,LA
tWya2IQa,21,London
FgNGIKSK,40,London
NDJFJn0g,67,Berlin
LDLfugGe,37,SF
TCUgbGSQ,42,SF
thzsWuQM,47,London
kgXZ2uUE,35,NY
EefMX3Jh,59,SF
uSXE6XWv,28,NY
M7AwfGhB,46,NY
2MuxKCDV,34,NY
pQzH19mh,43,NY
WbmyStK0,40,Berlin
7BBOsRsp,69,Berlin
iF39n8Og,65,London
huuHEDY3,37,Berlin
vneetPxH,62,SF
PuzIAUHW,19,Berlin
s2etkUNG,41,SF
R3NqZbwC,48,SF
3LS86AxA,44,NY
jScAEdoL,19,London
nx1Ep0cT,31,NY
9ImDhVgl,21,NY
R3n4rMpT,66,Berlin
FDQ5EQ5Y,30,Berlin
4nPBy3Rf,53,SF
65DXE4MG,52,Berlin
Fs0MSM2C,61,Berlin
KfsLC70z,25,LA
OL5K4knS,19,SF
XfHO1W46,23,SF
VP7y1HOL,48,LA
GjblxYdo,27,SF
dtifqkT9,61,London
xfYnlILD,38,London
dSNJ1ebq,59,LA
8NJUKdVm,27,Berlin
7HyiUBEj,40,London
66mstU9S,20,LA
9hT54MQs,49,London
ZN1Sw8e1,37,NY
4bVJccW1,27,LA
r8BnSlpE,46,SF
pesNtsMh,58,London
F32y0VWD,69,SF
0OT6T7Nl,68,LA
cgi3HiR3,63,London
3V9TEJon,51,SF
qd15KYMA,54,Berlin
NNfykfvd,37,Berlin
A5GQWBZ5,25,NY
nFRBf2Cl,24,LA
JJmR2WES,23,SF
DPUEahOJ,28,NY
AjruB9rm,61,LA
RaLENc97,35,Berlin
A6ZtLO1z,68,SF
OZsOEqSR,59,London
aSix1yDO,46,Berlin
mw8TEw1u,42,London
R32nJq7r,38,London
bFnjvCbe,63,SF
kyUQxVJZ,20,SF
t7OBgVj7,35,London
AjOEAmIX,41,NY
7d7ditVS,64,London
PAhCKLZL,55,London
LOUWnXVp,27,SF
mmBAFIXG,44,LA
XjF7n1AH,29,Berlin
4xliuEZL,24,SF
SMD8oNiJ,34,NY
GxG5Lbmm,18,Berlin
rKZMvHC9,67,SF
jPAH3BBT,43,SF
BV07PoLe,32,LA
98cOB4FW,68,NY
3ocnEcA8,50,NY
ihRorIDl,54,SF
vGqLMZUf,64,LA
isy68lC0,48,SF
LvVYOGcC,52,London
IPsoORG2,18,London
aJY4A35J,25,LA
W8N2tbu2,29,SF
MtUUvLxn,36,LA
rXoxsJgd,42,SF
E4LBijRt,49,SF
4Tf95ocj,29,London
aCwd00X8,30,Berlin
LVQRpHct,45,NY
poIOQhA3,18,NY
eV2E2dy1,68,LA
4Q6w2vJ1,23,NY
3jiqt6vn,25,London
hs89tVlX,21,Berlin
JxfBIm6o,22,SF
eAu4DvOV,42,SF
LRaAYzgW,39,London
YGEcYOdZ,45,NY
8QJLZjri,56,SF
B9GLJJiJ,40,NY
6aNIdiFc,21,London
xd6UJjzq,69,SF
Tv9JuMIH,21,LA
q7Ko6Zvt,64,Berlin
eV4N6QxF,38,NY
sDuxn15c,54,NY
x9K9qyga,58,NY
g04PS4dy,19,NY
xxZ0Zbvb,24,London
FwxCuHJZ,66,London
DRpfLEnj,33,London
JKRujRVJ,34,London
5y0KbC4q,37,SF
eV1lPofe,40,London
NdBzPoB9,51,SF
5gn1pL8p,28,LA
9wkE5Xmx,51,London
XTlBNXzz,50,LA
3IzGU75c,43,London
dwIO5Rnh,19,LA
Dx340qQ9,40,Berlin
U8CgN7C7,58,LA
Sq55X282,39,SF
hP0807qz,51,NY
3OvgfaZ4,32,LA
ziyAIsWP,27,NY
o2Qn5EAL,32,Berlin
3McPr5Xo,59,Berlin
XgAlAq0M,46,SF
gOfxjGzS,40,SF
HdxmfwNe,34,LA
8vhgBaEr,26,London
lt8JlkkV,67,Berlin
3UDxL8zj,53,NY
kGv695qm,26,London
nRtQEaBB,33,Berlin
bCLjMgEz,53,LA
BKYdh3Tq,65,Berlin
ufctue3P,68,SF
rwi7oHa7,50,NY
0fB3OxLh,48,NY
snpQvlfw,23,SF
Mr6gQse2,27,London
oD3GaMme,33,SF
EeMEJDg7,21,NY
4gKgKQwG,39,LA
lEnI7CKA,30,London
e1dp3GeZ,33,Berlin
tiDkm2ZL,69,LA
Cbt6rvoP,46,London
xawSPMFZ,23,NY
DnbEZo9Y,43,NY
CkWnA1dZ,28,LA
jO3ucCwu,41,London
izZ4qm7Y,46,Berlin
vm7Dlswm,20,Berlin
OYKsANZS,69,SF
LMCC2RfO,27,LA
p4xfeMfm,18,London
wtdNVR52,69,LA
kczHOOkG,60,Berlin
m0LMHL5s,43,London
2IkuNrEk,29,NY
qBwwgFWF,31,NY
3P9mlEAV,42,London
deakMpN5,25,LA
7EWNQqer,60,LA
FZuPUUCI,21,NY
GMM28Ihj,45,NY
1nMlvpUk,24,Berlin
ddm9WA06,27,London
AHJJS88p,68,LA
gwWzgHPe,53,Berlin
XYk3Smuw,19,LA
l1zFijwq,43,NY
qhkYMz9h,67,London
st4gOqhM,31,SF
E1EFbZeh,33,London
vLmAsmkQ,60,SF
lwqLclxT,59,Berlin
Rf20BJpm,34,SF
Hvvi76TB,63,SF
WNalnAbP,39,Berlin
oMVHF8Lx,21,London
DIEJyJJP,36,Berlin
699h3JIY,19,NY
QqhoOLPc,56,NY
rwh0uV43,26,SF
5nmkDiWK,36,Berlin
y7FY5wHU,33,Berlin
nfkeSRv0,42,Berlin
fRpCW5TQ,65,London
rmbvEP5Q,35,LA
9VCJc5HJ,40,LA
uxBluGm3,38,LA
lqruTkR7,28,London
Hci8aMFI,56,Berlin
QcJ1TZKt,58,LA
XsgaWIae,21,Berlin
pqNS8Q4W,42,SF
p3kzCtqn,49,LA
J1rn5y0h,47,SF
b7CRrwoJ,62,London
RT0GuMCY,43,NY
9FkJHIkt,53,London
8xhqjVcX,68,London
aaVDRLPw,51,London
4ZQMevnh,26,LA
dPvmEDGd,29,SF
3oV5IlwC,19,LA
Echooa5l,55,NY
6JYqV4e5,22,London
o5wKFL9U,22,Berlin
QjzAfsnK,69,NY
Zbm76Qhe,39,SF
YNmYxEms,22,NY
2RuUskFN,21,LA
n2QZFtlS,26,Berlin
BLnp0wBt,46,LA
oNvhLaQs,39,London
7ri56Ter,44,London
jqCm2Cug,27,NY
mEblqhgb,33,London
vxLyYzsC,59,London
je4z6Q6m,59,SF
EF6D7DsD,68,SF
1lKzm3fo,27,LA
nEWT6Iif,23,LA
Ck6PELxs,66,SF
LM1vtCAh,22,NY
zcmr68jb,23,SF
z208Ctzt,64,LA
fa4xPwk2,42,Berlin
ju6GcHu2,68,London
AadRVrUD,67,Berlin
ZTVelinZ,21,Berlin
O42M7NZR,57,London
YRiM8cjm,65,SF
WpTjnHPe,49,NY
R7M9KVDX,68,Berlin
HPLB9yBH,69,NY
jyNSlKx2,52,LA
0zgpqFvq,27,Berlin
byYxeP8I,51,LA
sJMKRikK,53,SF
emVGoOK9,23,Berlin
3JIUe7Bz,60,LA
3buaC7Jv,63,LA
1r0kg0kI,33,SF
OaRr6q5X,36,NY
zPK87Yqd,51,NY
TV8h3Ooo,42,Berlin
gE8TDPep,48,SF
zjzTLhuw,66,Berlin
2HGfAtG9,58,NY
hrWSzFXg,34,SF
lQMXgdlL,64,London
guV5Pvhg,47,SF
wfh6fxiV,56,SF
w3NKykKg,48,London
qchipAYy,36,LA
YyifIlGN,52,LA
I1FQCfeM,46,LA
0GtPBc8a,18,NY
YUpoaMb9,21,SF
kfhesFt2,45,London
fTTbVtJH,35,NY
Kjuzs5UV,43,London
5KASLpwd,57,NY
gwPmcbW1,36,NY
eaRgQyT0,23,NY
tQPiNbLE,18,London
GV42FHJL,25,Berlin
or3dwi5E,50,NY
CfnJ0Ozb,68,LA
8eaOqPsg,60,SF
Tjm3bBRy,38,Berlin
9GxYiRXW,41,Berlin
J0FpSUdX,42,London
DW5Rf3jz,64,Berlin
yv1QgAyA,60,London
fCXgfhcE,36,London
gQbuGJVJ,46,LA
EKl6zw2i,27,NY
CebS02l2,29,Berlin
LMOH0zFP,50,NY
PNTlapri,24,NY
K20HnZhQ,34,NY
eo3HZaaa,27,London
p52vtT3J,48,NY
Zgs2ATjv,23,Berlin
HcTXcudQ,34,London
CLayy1WV,67,Berlin
4GlG2GHx,54,London
z4zzm7PD,35,SF
e4Clz5Js,43,SF
Plxg0RNC,66,SF
HTPqQpZX,33,SF
UDwXXD5c,25,London
Aq0HH712,41,NY
8HYxGKwb,30,LA
nJ5mCBrS,46,LA
skgrMOHt,49,SF
I3kP56ts,41,NY
kDBTX05l,33,Berlin
zk4oFJot,28,NY
syFXpVZ8,49,Berlin
6c4t7xzE,23,LA
XPd3JaMR,52,NY
SL5NXY0Z,50,NY
3yACKxfc,35,LA
SvTkDye8,54,NY
TKibC4KR,30,Berlin
xbdpqv0Z,27,NY
xo6xBjxj,54,Berlin
21bhtJYI,43,SF
IbmbUNRR,63,NY
b6CaZjTG,34,Berlin
LZiO3DwE,18,LA
Lqx1uZr7,42,SF
srz8L8T3,51,NY
BDNrXGPB,56,Berlin
xYwWKrBp,27,NY
xQ0MIwyi,37,Berlin
PE2ufCGo,24,NY
9er3PBBz,33,SF
mBS79lGB,54,SF
W9YE2682,46,NY
PFGxPWTk,29,NY
aQbYuHsk,34,London
ZzqzfS1V,65,NY
vfd3PoGM,37,NY
F0MGZAFt,43,SF
gNBzdWEX,65,NY
TJMCg3Qw,36,LA
1ltTqx3u,64,NY
Q5LSI78m,29,London
txoaYj2S,38,Berlin
fOFdfrGb,59,SF
VHBQYuBE,51,LA
rOjl2ehP,24,Berlin
9IZoyY9M,62,LA
pKNGyFUm,52,SF
JW3FUAD3,32,London
ldi4yLrI,18,SF
8TLx5bsG,43,LA
8Yj0sSu3,52,LA
5KE9qs48,42,SF
fTQXQc6C,59,NY
KQZKfeil,32,SF
UvfiQvnF,39,London
bsgyu9Ea,23,SF
H4ExMUmj,69,Berlin
SboVCUoA,32,NY
72tqNedX,41,Berlin
mno5YYpS,38,SF
7DdwvkM2,24,NY
rv7Ajqfi,46,Berlin
Pew86FGT,49,Berlin
kmDhg5VC,49,NY
PBdEMP8O,22,NY
O0s3YsZD,21,LA
O7eogYQz,39,NY
GEhcsysL,35,SF
X2JrArFR,52,London
YXa1IvSi,34,LA
llXvZEej,67,NY
sgaoWY5G,67,London
0bp853St,41,LA
7cOZJMTQ,19,SF
hYPYnPSv,30,London
iKWk3129,32,NY
DQ7c2l9w,22,NY
ikHoSxVG,20,SF
Gsx0h01r,54,LA
1lYZ3Mgh,54,London
EJXzdyGT,54,SF
wSWl6mAo,20,LA
9dQ3vy7m,52,Berlin
UW65Rv0r,69,Berlin
f8AYWNt3,40,LA
xzCV5TpM,45,NY
6rSsb5ZZ,47,NY
gV7qBqTb,35,Berlin
DFl7j06Q,69,NY
QnAVkT1m,53,NY
ouhrDzC9,50,LA
9BcOc3L0,43,LA
h3kTEUMM,65,NY
msPfdyKP,57,LA
73ftRNPc,34,London
bDEuu6nF,57,Berlin
VTI6EPHr,24,London
y5tgmHpw,25,London
9P0ItMjy,48,NY
rucDY7Bo,29,NY
1OeAlcsS,65,London
JfDoMH2k,48,London
ODzWTLMa,61,SF
RsFMyLwy,36,SF
0fTIIifb,27,Berlin
DFswYbEn,56,London
mxgq16FK,29,LA
9fQhDOHn,37,SF
3OX76Pkb,54,NY
YV3JjVGo,65,London
aXvdRICz,58,LA
9pUMS1Fv,24,LA
o84ofLUl,69,LA
SkC64Fnc,31,NY
KQYi7eIx,28,SF
D3EPhocd,24,LA
42BEtUqD,46,SF
MFNaXbaZ,27,Berlin
odZNSrHb,46,NY
4eT3ZVJg,26,SF
OITejV6q,53,SF
pBArxG52,65,LA
tI3xQHZm,27,LA
yuVt25NK,36,NY
sC9hlPU1,48,SF
WnGiUvhD,34,London
NWx2iyQJ,26,LA
x002T81P,62,LA
PFNRxC4s,50,Berlin
HA0BPt4C,51,NY
AnPXFcCc,62,SF
YGlTWo3J,41,SF
rVQ5SAIz,26,SF
udpY4w0a,24,LA
UwfC2nen,33,NY
NFBIkMGa,36,SF
kSPjOvW1,56,London
EMnFHEQB,23,Berlin
TSZPWahQ,67,Berlin
OvrVseZt,68,SF
0aH3HyhR,28,LA
UjLNZxpA,29,Berlin
Z818pziR,59,Berlin
RyCqFxIE,30,Berlin
fSig2yBd,29,Berlin
1eCCaWSJ,38,SF
LScY41IP,27,NY
bkp9Kytl,37,NY
tg5fof83,67,LA
pfz6wuYl,53,London
pm9weXUU,45,NY
fOzbmmFS,41,London
Fud6qu3t,22,NY
OdJzoqby,54,NY
AAYWDFg0,29,LA
qtvq1HAV,52,Berlin
eYn4JPmv,57,LA
UZr6xmjS,19,NY
Nzg4iCds,67,Berlin
OgkV9W8o,58,Berlin
GUSTIJjb,62,Berlin
dL91oP6O,56,London
YXhKn2AE,59,NY
WgR4ksJg,26,SF
FUVabkoG,39,LA
F49MqhEf,64,London
BhSBEYfi,22,LA
61o6RJpm,29,SF
m4pASHCi,18,Berlin
tvZbq54b,61,SF
pqBEUAkP,39,LA
HeOrxj4y,55,SF
xLaG0r17,68,NY
3NBo8k47,36,SF
p1m9InFe,33,NY
vgviGEYr,48,SF
vaqrfAnq,68,NY
aCsTxtUn,20,NY
JNqZPUrx,40,SF
JKtaIRBt,59,London
YESWUPbA,35,Berlin
lXaR6lsO,43,Berlin
B9q1HDrp,30,Berlin
7Av52QQa,35,NY
UIT1IckS,20,Berlin
N0KFl9Ji,40,NY
khOXqiNQ,20,London
Efdj1KK7,42,SF
atbX4kL5,44,SF
iwC8JFGu,61,NY
LYP5kWo0,44,NY
sI1DNaDH,69,London
EWdxusaF,56,Berlin
9XwJ7du6,42,London
flOF47bJ,41,SF
MCQJ4gBx,25,SF
KdzZFEDR,26,Berlin
MXWUjLAr,63,SF
QqoiIQB5,54,NY
AEu891YT,47,SF
JVvM3VuE,36,LA
WsPOdCfY,33,Berlin
TR5olynv,41,Berlin
jMDmauNx,61,Berlin
HSH9AYgO,38,LA
qnCxds19,53,London
g3GFXLL3,57,NY
MSxPuDoO,56,Berlin
AIrfW3bV,64,SF
afH3ZazI,23,NY
lZoxV7JT,22,SF
eFMFNEOu,31,NY
u9Lv2yIX,62,NY
33qLp7m8,59,SF
rqGLe7zu,67,SF
MfHn59ly,21,NY
KVyxb4RR,25,Berlin
BaIJb6rF,41,SF
dBdgMwbX,28,LA
uk0HuSrq,34,LA
QSmlG1Tx,67,NY
SpJp47gj,38,London
9GFhD5NI,43,NY
x9ModLcY,60,NY
bMGCApSu,65,Berlin
4HfTZOkB,61,Berlin
z20HBFqh,62,London
yAR8d16X,44,London
vBzElp2H,33,London
XBPXfyp0,43,London
M8eZRb27,50,London
u5s1AO5i,48,NY
gvIZCWYn,65,NY
K24c3yyw,64,LA
jpsa0g8t,23,LA
KEz3We9r,61,SF
UXBoncXA,25,NY
F2J9CVzk,24,London
1LolAf97,51,SF
kzue3h8g,61,Berlin
uX6Z52f9,31,NY
8InO0N4d,33,LA
u4nr9SDt,60,NY
Wf59Xnhe,69,NY
zRn0l0T2,26,NY
vQWq50or,27,NY
jvY1Kp6C,34,Berlin
dxOmc9jA,29,LA
8SFCfj9Z,23,NY
Z2uE8Zfi,36,Berlin
XwlHl3ma,60,SF
ODSKs9RN,58,NY
23T5Uxvz,46,Berlin
Zghio8QD,23,London
qN8vv1M6,42,SF
ma5l8i8B,41,LA
yxonTT0R,42,NY
4YMCU4et,33,NY
7MB0Z85J,69,Berlin
SADNhNSW,33,LA
Tf5Z1pcc,23,London
1bQqcYl5,54,SF
tvxzYSfm,38,LA
0wDNiVWo,21,NY
JlLkWlqH,51,Berlin
1bVzYSwD,45,London
ytJ77IgA,55,Berlin
VkOsQqqR,58,SF
816zTqXH,45,LA
6IinSQNX,34,Berlin
rWPsswPW,31,Berlin
XTsuRkNC,24,NY
MKpxddmJ,39,Berlin
q4iyry6i,68,London
TvqT653S,18,LA
WZB0azDN,46,SF
PdMPIoLS,69,Berlin
pIjSv6nh,48,London
LVWKl5GQ,47,SF
ZFS2SaoF,32,London
G6vwyhff,35,Berlin
zCFy8ze5,52,Berlin
RykCStYZ,67,LA
7s2zZvR1,47,NY
KCmcsxnH,51,London
trXfOi48,59,NY
XOFImhdw,28,NY
LdJMo9RO,44,SF
lSk7teEz,41,SF
WBY4Q1mH,52,London
IxzrQba6,56,NY
PEu0JzwZ,25,LA
vbhfw4dk,68,NY
nQmTyKCA,35,SF
N4sbNqkh,30,NY
MqX7UEb1,62,Berlin
x8ky8TOW,41,Berlin
202vay5r,68,LA
wvGmyCjI,40,London
rJm7jTG8,29,NY
TS2FGgyQ,66,Berlin
63SGrtmt,47,London
OUA61VAW,48,Berlin
8ObNEqib,45,London
2OY0dOsW,39,London
2BMo4DI0,61,Berlin
cqwgvLT1,45,SF
kZIBrcgt,30,London
8qQ14GEJ,42,NY
vWu6LZih,61,Berlin
OCVcdIra,68,SF
R0QoWQ5t,63,Berlin
WKs4OYl7,24,LA
Fi29E0rA,62,NY
pB4TVBvz,23,LA
QgsyORfz,41,London
GKx2t4hG,36,London
sHtNqTkf,36,LA
hfk55GRW,53,LA
JVqdfiYO,68,London
YCRftDB9,26,SF
1qiWdTkt,65,NY
Qj1Da8Uc,53,Berlin
lGWBTzru,55,LA
ltC6x2NZ,57,NY
PyBM5aWk,46,Berlin
CiUoh5O8,41,Berlin
FzQm8Uro,65,LA
Bw3IJOQ7,22,SF
StRKcisa,59,SF
5BmQOI44,62,NY
MsQQs8Lq,43,NY
CfoELyNZ,31,London
A3V1pGaQ,56,SF
aNKHADXi,46,NY
qttajlkh,69,London
HybXtHn8,23,Berlin
k3oEnqq3,24,NY
20FI5PpH,54,London
Oq6kPn7h,35,SF
FTA1yLJf,40,Berlin
FfFm64oo,61,NY
6QSQlWvw,55,SF
sBjbdqFL,18,Berlin
QMEqp4OM,21,LA
1mnp1wdn,68,SF
800id49d,61,LA
OZWpNCpA,64,NY
PDwFKBEf,52,London
TTDoo9FE,40,NY
87lH5U4s,44,SF
PuKrZxgL,43,LA
CTGjPcLy,69,LA
rcJMjqiC,25,Berlin
A1S3BdDT,60,NY
ZbgtuQC2,33,NY
DwczS1qL,58,SF
LF9WEhyM,20,LA
G0SdbkrU,49,SF
0nPa5Inh,22,SF
HXhttQ9m,37,LA
Md0F1aUq,31,SF
g5BnjSwR,49,LA
Xq3M8TgM,43,SF
Ew0JoRNi,64,London
ZGMiG2RJ,23,SF
HnJNAb6Z,53,SF
I44VH0J4,57,London
UHDCxLHz,68,NY
2pZKhvcv,22,LA
PB8u3oT9,30,Berlin
UGiFkniN,49,London
D8XE4xhv,33,NY
7E783jeh,18,SF
qrTx1HzB,30,NY
wKiBgJRz,28,London
vRsyTNB3,25,SF
UMXoQHBM,42,NY
FfRUyjhf,57,Berlin
EUyboZa5,49,LA
HdWbDRH8,41,LA
hZZjzDpK,45,London
EUmltTfm,31,SF
MjD2O2qR,62,SF
TrrDjGEL,20,LA
krBPQ5et,53,NY
zyyJJq1Q,44,SF
xnA81lxY,37,Berlin
i8L374HG,64,Berlin
VILk8kfk,32,SF
zt4SIwDc,44,SF
7ykuZgmt,62,LA
i7FroPXl,58,London
4pSgk2ic,45,LA
pc8HFOjD,42,London
MOAXCmlg,59,Berlin
kUdL2DeE,61,London
2Q6pgTgK,63,LA
xI18IYej,50,SF
F89UvWu4,63,London
qxyrQN40,31,LA
Rd2cC1IR,25,Berlin
8Mk13DTR,65,London
c4upShjV,31,Berlin
7kqrWY5M,18,Berlin
paJHuWDB,33,NY
oxPGI7te,35,London
maAzD5aR,24,LA
Z7CCiMSE,32,London
rayrPwpQ,41,London
le6wuPuG,66,Berlin
IeNJYHZS,68,Berlin
ciZowdPV,30,Berlin
29NlM5Tv,26,Berlin
p7DOXquR,32,LA
ELej5e8H,52,SF
ZumNUpQ8,41,NY
gluGSLwu,50,Berlin
YmDLDHFf,33,Berlin
SFczeJ73,25,NY
IrsDXfN9,46,Berlin
VsC35CyG,40,SF
NvvSPtX1,62,London
r6okCwf7,48,NY
TtwDdfNY,57,LA
9kyUIfdw,66,NY
BYjcuyYA,31,SF
VrSzyQNI,47,LA
mjEuYnGS,56,London
nOqpj0F5,44,Berlin
QF6NU6YA,64,NY
tqL4Vcbj,33,LA
Hfcmkzzf,68,NY
IFFzpR4J,23,London
e8iEEza1,50,NY
LsVvUjYJ,61,LA
wmmuK38e,35,SF
K1U4xrLW,33,LA
nbYdU2cB,29,NY
U4tbn94q,37,London
hUaH1m57,62,Berlin
n10oLxgE,57,Berlin
ebUNCggr,46,London
TzxQI4lS,47,NY
P27iGbYr,43,London
M09nw5O8,39,NY
eeLXYqPS,50,LA
vt2uw6fJ,56,SF
wJEu718w,64,NY
PJqj5acV,46,Berlin
FPaCpUA0,39,Berlin
6e7g2czE,62,SF
DicdrAsv,30,NY
6R6GYlM7,26,SF
NYrffv1E,41,LA
Lin1NUZC,32,SF
axQOioV7,53,LA
9VlI4POu,30,Berlin
CwisDcGR,44,LA
QBi22wnj,61,NY
0tIjYVkh,54,NY
d2mGC3Qi,24,NY
61e3zAwW,25,NY
bGX8T3ft,54,London
knE0Yh5r,58,LA
qnwcHYKX,31,NY
YcJzbT52,29,SF
zsGxGskl,53,SF
CyvuQ02t,69,London
ikEbLjwR,57,LA
Ztr1VkAd,34,LA
7wlX8LBQ,57,LA
lb4nt2Bn,46,London
kdKGSnjo,44,LA
eENmTmsD,18,LA
DAdV7tHF,69,NY
CX9sYX14,51,LA
KeP2Jnbp,21,NY
EFtGgqVR,41,NY
NNhJ0mGz,38,LA
MCbygS6v,50,SF
Xc5YMhGX,24,Berlin
LxgxGbET,18,SF
BhCaelzn,58,LA
hVk2lyx2,20,LA
efM9zaqu,61,SF
jzIh6eYs,68,LA
BKaipEg6,32,NY
RWh6wZhl,48,London
YYmsMVNu,33,LA
S7m8fi6T,27,LA
Or9mYXGx,46,SF
3CbeHH0v,23,NY
QssMgg8j,46,SF
sB7JEpgw,34,SF
0bvQB0p2,39,LA
gIQQNqzQ,41,NY
lsu5oMIa,34,LA
DibZV0Tv,38,LA
9rHdiBDx,68,LA
af8AAEuB,67,LA
lTYpq3hX,28,London
cBsiTaVI,24,Berlin
amrmTgQG,59,NY
kBTvqYCo,56,London
nq0htGG7,22,Berlin
0OU3k301,61,Berlin
nb7l5qyJ,65,Berlin
lGEg52v2,38,London
2STilfQM,35,NY
jScTajPr,52,SF
79lQHNIx,37,Berlin
VnZXhtTo,32,SF
mxJNl2FT,22,SF
5MLDRtR0,30,LA
S3sttRKE,68,SF
l0K2jmFH,29,LA
Og6ypsXY,38,NY
LgqgFsXC,54,NY
UPqJePP2,23,LA
6AN9yfl9,24,NY
DNOqLbwn,43,Berlin
gFqwkJnP,59,NY
u0gQjR20,65,LA
K9EcJB8Y,25,Berlin
PAkJHnVs,26,SF
gxX0KTmK,44,SF
xkMYNnDn,21,SF
vOjc5fTR,38,LA
QFBqZWB9,48,SF
Z4madfgM,38,NY
phIiUE6f,57,SF
SCdhoJPq,42,London
YvqJK1Ks,56,London
3LNOhhDk,32,SF
ei3tsfkk,52,SF
Q00FN4Ob,66,London
hUvQnfJh,60,SF
bOKlyZh1,58,Berlin
jMqOJXN3,54,London
y2guFaAB,59,LA
d5VTwQL8,64,London
tPZyjOj0,45,NY
JFYFE6PH,31,Berlin
XrVG5ekj,21,LA
rxv3mERj,37,SF
iuySXxg0,51,NY
9XHdtg0k,29,NY
MrT4F7Td,50,Berlin
AzqJrpXF,41,LA
3vShXFIV,37,NY
CWGuTtBu,22,LA
nmoyeLIh,55,LA
TpH5T9NS,47,NY
2Xri86ly,41,LA
mTaneeAH,60,Berlin
HC7WQcZu,57,NY
utyQUnmR,24,Berlin
Ph4iOik1,53,Berlin
48ldEU7I,55,LA
lbNB6TEc,33,LA
UkmVZJ5n,69,NY
EDTLfLKQ,32,SF
ijboBUtD,63,NY
qaIt56RL,40,Berlin
e88LHm8J,29,LA
UMHjAnoa,46,Berlin
bQ6IZ4UU,61,London
ZmReSdEz,65,London
L23A4SHF,32,Berlin
OaRLr3X3,46,SF
JkoUEFS1,62,SF
SGKNjdX9,60,NY
IXQ4DoTi,66,NY
304E9Boc,38,NY
MVqa6mVq,32,LA
jpsqVfEu,31,SF
qUcniPld,59,Berlin
eBe1aNTB,61,London
JY5otfP1,33,SF
8svtQmdx,32,SF
j0s36DWW,59,SF
Z5LfDAHR,21,NY
IzSbkKwR,44,LA
Mdf7tcbT,40,Berlin
j5NnxfDI,46,NY
0uh33ZF9,58,LA
t46ZrIxc,69,SF
sNTOfUaq,26,LA
YVD03ZIY,69,NY
uhnkU2so,60,SF
QtO1QenU,60,NY
aiZtiu1b,24,Berlin
ktfYWDdF,59,SF
1YmFycfg,21,LA
n0nSKgUR,22,NY
J0ZPCrAs,22,London
o9dYn2P0,28,LA
RHfhP9oa,58,LA
2hj6HcUX,45,SF
rdJ0po5o,33,LA
eYZ2Rx1v,58,NY
yI1djiNb,47,London
lRU7PJRB,21,Berlin
wnlWruHQ,19,London
2KphkhqT,63,NY
KFobBBeQ,20,SF
AdTIXng5,67,NY
XtLJmfwO,38,LA
oMC5mEuY,23,SF
6HglOpb3,60,Berlin
Pctm0uHH,35,Berlin
vNlI7q8G,61,NY
E8ERS14v,22,LA
M6cZXtgs,26,Berlin
iHFeS6R2,37,London
EO5EML0U,45,SF
mPYawe8w,43,London
OapwSTor,35,Berlin
pqg4IFiy,36,Berlin
DsoE7gq5,20,NY
ib8dgQaL,26,NY
eNav8DXk,53,SF
04psTr6u,48,NY
sqU483bF,66,LA
3IGHgyoC,34,SF
f2QHVEXY,40,LA
4hxvsHAG,51,NY
zVN4ZBd7,58,SF
kGVUDtq2,58,Berlin
i7sjvIMq,22,London
IdoThFFO,32,Berlin
STYUWpOG,64,LA
knNZ4cJO,20,Berlin
Ef14W6em,36,Berlin
1scjerzo,45,London
vBXpd1tv,20,London
YQlNhq0O,55,Berlin
CCgIU4Ji,21,London
P52MAwHw,41,Berlin
gqKF0l8r,48,SF
Orz1KUjx,62,Berlin
E18DQorV,62,NY
x6ElspEO,28,London
d9GXpV25,54,London
yjekwt9r,18,LA
qsmyo6ga,26,LA
pc4FCran,34,NY
ZKq6QQrX,18,London
LmnS11kg,20,London
ujXiz07H,64,LA
Z35Tdmef,43,LA
ynXhTCVB,48,Berlin
vreqDlVv,43,London
38BWK6LR,40,London
iyXqJOdy,47,Berlin
c9K6kRNZ,27,London
I2DEmM1n,25,NY
lg6IUTiN,61,LA
1GBuP5vQ,42,LA
YMns3GXa,39,LA
MBPCP1ko,32,SF
OW5OyzjT,58,NY
86HJ2JH2,27,NY
oYAUCAMx,37,Berlin
1hoaXCwp,58,SF
OrR7oFde,64,London
tjHiY3Da,40,NY
E05OTHy4,18,SF
kzeAckNi,19,SF
5bk7Qsyf,36,NY
RuDZIy90,31,Berlin
wEd4HGmJ,25,SF
m8TqMSly,55,LA
LCVJwB2k,29,SF
ntIqdQ3C,43,London
S5sjUiq2,44,NY
QYKzSY3g,46,London
L6RzcoST,32,Berlin
c54JDxPd,63,LA
jb5QAVnk,18,NY
ptiLg98O,60,SF
yNgT3kpY,45,LA
YJg2Jyqj,20,SF
RgWtSIA0,68,Berlin
6bL2zFMD,35,NY
PEdTTSgQ,69,Berlin
1zsYF66J,51,Berlin
rcOYbLTH,49,Berlin
IhWDdsdf,46,Berlin
gOpHM2xH,42,SF
GFHbLiXX,43,London
EWu7HEeQ,56,SF
RMnV79JN,25,LA
dJ3TWm6a,36,Berlin
b4p7mO3Q,64,LA
TNLtsWYV,59,SF
6Y5c81Ix,39,Berlin
Hk4lnIGM,46,SF
skf3BrD1,50,Berlin
EktRpuAC,55,SF
lfrjTC7p,62,NY
DRyhqoNm,63,London
cV4Gq1jn,52,London
dJ4YqoVx,60,Berlin
Sa0PgWtd,20,NY
96UiMmKi,36,LA
VmCptRn9,27,NY
zaksciCV,44,Berlin
uiwhBQjT,32,NY
uxMpx2Oj,28,LA
FmTs5YWw,64,Berlin
y4fGd9z0,43,London
vtV2gRKu,41,NY
e1uYDIuB,30,London
gqh6ijH0,49,London
eq0IPMpM,54,SF
tZrwXuqG,21,LA
uFY6NRcJ,30,NY
sJIFHLJM,26,London
Z1sracWJ,66,London
5JwtvNgJ,51,LA
Jb4XEEd7,54,London
FfokJm7X,65,London
CdiEiotR,24,London
iZBNWinp,18,London
RGIWVWQs,29,SF
ekrihZf0,38,SF
ZuOt5UaP,28,Berlin
URbQyH2E,61,NY
pDQ0EaMN,68,LA
6RNWalEd,61,Berlin
cN6Wasbj,61,SF
BvARN23U,31,SF
meuZfLpf,51,SF
j8HACvs3,51,Berlin
7YVmpVjJ,42,SF
GfFvfKJK,21,Berlin
QD9cUx5D,69,SF
7WRDY3iX,43,London
CWf8Wrub,33,London
YToVNMZA,27,NY
MsSBYnjE,62,SF
p2Skkfos,19,NY
ayGQOzwK,52,Berlin
44pw5Szw,36,NY
Gx42Tfrn,23,SF
VPeVIcty,36,Berlin
fBDcTdjg,69,Berlin
jPtjeyps,68,London
bSBs338a,25,Berlin
4Wn0MDGC,31,Berlin
DxSWET4l,27,NY
VkpDtQkH,20,Berlin
Ez4WiTi8,55,LA
jZK1IBJ0,46,London
OZFKQcRh,32,London
0v7SscAZ,40,Berlin
luGy7Gb0,40,NY
re6vym1R,35,London
WT3elugX,63,London
FTF2sVaA,36,LA
K952joxE,45,Berlin
bxpImDK6,43,London
Q6u1w5k8,27,London
tHJzRvLw,64,London
r1vcrtfX,21,London
byxzxFJJ,19,NY
NnNOf9Mp,20,SF
jxEkgHy8,24,LA
YjHPRG0p,33,NY
FyvAOPfS,48,LA
I7559PIl,27,London
xfWtInxV,36,LA
0sKrRooN,45,Berlin
A6HWYXA8,34,Berlin
eV5yN35K,45,SF
xPwF0zVT,36,SF
e5j6xf1U,54,LA
DbsHbCES,40,NY
i7EaZ3AW,37,NY
KyxWjD2O,30,London
tKQHmIIZ,30,NY
0QbyGgsC,60,SF
J96YSXm1,28,NY
vAC69NGv,65,London
Alb9M1W2,32,Berlin
yKfSWrLm,34,NY
VJyCRw4s,67,NY
1gWe5woc,45,SF
A9JNBNvf,36,LA
EznXYddh,21,Berlin
K2Y1Az75,39,LA
kWWFZ8nY,39,London
l58mIXkl,54,London
K6U3cDQB,56,LA
AhwAfsSX,51,SF
ajZH7VUp,50,SF
weWrbQva,61,SF
NQvkumbu,59,Berlin
DO2HXMj1,57,London
18bxXSMD,50,London
CNsidF6n,29,London
riS95C5e,19,Berlin
ErSz9NbP,45,London
SPhEyh7D,27,LA
jcyvo2YL,39,NY
HUPSzzHQ,34,Berlin
ZAzkVj8Z,43,NY
H1QiobRb,20,LA
JxoJEmsH,24,SF
RyU9IqBa,61,SF
TJ15trg8,25,SF
Zx0f7yfk,37,Berlin
8KlxhP0D,29,SF
xcmXy0Fa,52,Berlin
IjPQ2ueh,34,Berlin
nGnQLqMf,45,NY
PDl1LpqW,58,SF
c7wdvDgV,27,London
By1Elrjy,39,SF
ubp0td6J,55,SF
XKLSjql2,50,SF
p1bUA4fv,39,London
NQi2ExPY,61,London
xIUIv2Qh,54,Berlin
nXXRkvTW,30,London
ekGczYCF,44,Berlin
G4mnGt1j,32,NY
q43Qwdnw,39,Berlin
VJtbTWDO,47,SF
JLRRU7MU,60,LA
Ye2ZTif9,57,LA
DlAeExQl,54,SF
EjTeWzgH,51,Berlin
amlV7Jso,61,SF
hJHZpeu0,51,London
9PRGkdYe,65,Berlin
KiHDlBCn,52,SF
6Us0FPFb,59,London
Ka6YTMrS,36,London
2TLCWjp7,25,Berlin
K9lG06n1,56,NY
COpPuRXw,50,NY
rknqcxIF,61,London
wudGLNgf,45,NY
aGCHpvZW,54,London
1KrZRIBi,65,NY
Yp18u6VH,42,London
UXHwiDe0,53,London
g0PhAhLJ,34,London
Wp9AVmzQ,41,London
Y2ZvPyMS,38,LA
bcqrhQrJ,19,NY
lUx7eXMh,48,London
OW71s8k1,61,SF
05hnx4Os,50,Berlin
94QbGvvO,47,SF
IkqmP5S9,29,SF
48hleSzL,61,LA
4mprJvhM,29,NY
IXOEZDjd,68,LA
oIEhFQi0,66,NY
TSAz5wnL,69,London
9GbmqALs,41,LA
xq0ay7Ks,41,Berlin
vklKaMIe,28,NY
OZEhlHlb,30,LA
kRY7Mv2k,44,Berlin
mAhTeYeg,25,SF
06V5U9Aq,27,London
dzuHWw4F,25,London
tsEEvohW,37,SF
sCsyl8tz,25,LA
5n7AZ3aY,26,SF
lu2TfNO9,24,Berlin
g0kHebRe,31,NY
jfb3Gq9M,45,LA
Adui8nKC,19,NY
TRB6GTmX,60,SF
x1qFLq07,25,London
0mnanaCx,30,NY
z2o9kpOc,38,NY
hhGNfrUg,64,London
ivdPFHTs,45,NY
svZOBENV,52,NY
oOm5Rfo7,40,London
1vqThQ2s,63,London
VzcLt4Wa,32,SF
64OxLxgg,19,SF
fWwZsd79,68,NY
XuapIqq1,29,LA
4U4Z7wA2,69,SF
epb8Uulb,53,SF
sMwDkSqb,20,LA
jgilKnkb,22,LA
5s1fLOCT,20,London
DrPoBmSC,64,SF
tgnTFCJF,36,Berlin
0wU1w5tt,19,Berlin
ptNMvtgs,61,NY
AdoE3o9F,54,SF
Izc0O5sT,34,Berlin
wYQJPJpE,31,SF
RJduwbH1,45,SF
mvrqatRO,44,Berlin
8LvD05DS,27,SF
2Lv1H4dg,20,LA
Gr9lwqEd,53,NY
4k4vomJx,55,London
nc2hqsJc,42,Berlin
M6NyylsJ,39,London
bA14mLz1,65,NY
xuBlScwN,56,LA
l9XlLMWe,64,LA
jechQ9nE,47,LA
lT7H36TW,38,LA
IWG1QI54,47,Berlin
RzxAOsmm,45,Berlin
ftLn3eli,48,SF
sUg4ds9o,69,SF
xMLqOFrK,43,NY
Y1lwGf4V,60,SF
Pwrz1cln,39,NY
kgSiO71d,38,NY
gowQwdfH,18,NY
Z5CPx1sx,54,LA
zsoEVapV,30,London
facNl13M,38,London
mtKq7Gwz,63,Berlin
ijvnBU5a,26,NY
WB9zx3E7,34,LA
ltIedVYb,64,SF
bpbWXBxb,38,SF
79iPwVHs,48,Berlin
giFFkET9,56,Berlin
EV9j8MdT,39,NY
r1II7fAg,29,NY
ez8VPFUJ,23,SF
NNxoGYBK,33,SF
fv4vKoVm,43,SF
c5Dn5kqk,22,SF
KwjdMMos,26,London
sZ2XsqpA,63,NY
uhga6xZS,57,NY
8Mf2K6Hk,31,SF
A8IzcO8o,61,LA
oxeOukuq,59,SF
QrBmDHgY,47,Berlin
Y9OZrdDd,69,LA
gelnw6RQ,69,Berlin
9V1h6VoN,43,LA
azRqFyBf,62,Berlin
ZTey83vN,46,SF
5XiIpend,36,SF
h1sD02kP,64,LA
L9QrmgzX,25,Berlin
frsZHau1,40,London
bunTXPLV,59,LA
b8CMQRK1,52,LA
MKXATRog,48,NY
2b05CTu4,52,LA
R5h0e2Ad,49,London
J3AYHuTI,22,SF
b79ZjFDs,33,Berlin
d1u55fwb,34,NY
FKvgIfxW,49,Berlin
09HmFdWh,55,SF
p31CCg7J,49,LA
sifWmT7Q,69,London
IMWxMC7Y,37,NY
NLvbgHse,65,London
jT26kGB5,19,London
M7cH3TyZ,37,London
rJ22TA47,64,London
jWJ9wBk1,35,SF
SIwlBBi8,18,London
AC82OwJn,46,London
bCPDp8Z3,46,SF
6VGayYIG,36,Berlin
15d6QEKi,61,SF
SV46A67C,57,LA
MWbq4jkT,23,SF
6IknB4Xa,61,Berlin
I2D1tkUQ,56,LA
9rf5hJYf,67,LA
39D0YclT,63,NY
ZPqEXFg1,25,London
06dWl4gZ,41,LA
WN25Utb1,37,LA
I5NQLYyw,31,Berlin
IKEFQWzB,22,LA
HjlXy9ku,58,Berlin
srC59TWs,57,London
xYH3sd9A,51,NY
fjvfAcgX,33,NY
q0hIgzCl,62,London
gKYL4kTf,24,London
IDTjxetX,33,SF
4iplw3sP,24,LA
X1Rr6YUR,44,LA
EVXV4iEm,31,LA
GIEAcqin,31,Berlin
rrveMPQm,61,SF
R0eifrCI,50,LA
eoBxtiKE,50,Berlin
lY0sC0nq,61,Berlin
sdPsPiZt,37,NY
BYgSsXrF,64,Berlin
6JYqqNW3,53,London
Swt4nDYc,24,Berlin
fTcmv6wJ,49,London
SMLtzwrO,65,London
EyBpJfsF,20,NY
yK9TrakW,56,NY
kARUmiQS,46,Berlin
rNhyarFt,41,NY
MZuFV7lw,39,NY
VydKf4Dv,23,LA
MJct9npb,65,Berlin
dw8Kd5nu,41,Berlin
3xmArhR3,57,Berlin
kTQcQut6,40,NY
9gXRguJJ,55,NY
0TJkqLBA,27,London
u4nYhfOV,33,SF
mHPjwHy2,28,SF
qZRhJZOu,49,SF
t1H2g6s9,62,LA
I6xhoahm,23,NY
Z2v1wML5,41,London
nmghXYeS,50,London
1tpPxyZg,68,SF
mRxluK7p,29,LA
Va0sTRaS,44,LA
IKr5xMAd,55,SF
DF50lo7p,35,SF
AMdBgbaP,62,NY
xHuuFoAU,56,LA
41xi3QVE,30,London
auDmRKDh,57,SF
pQGxXxzm,47,NY
4nLzlGpH,66,London
CtbPlr0w,58,LA
ZU3oq39F,69,SF
UjX2hvzU,30,SF
VxskOrC4,51,NY
xHmuG5MK,53,NY
j1ri3WzG,47,LA
nKKnZ6Mb,42,SF
R2mRogis,19,NY
5UQDwpwS,53,SF
SalhN5z3,35,LA
xKDZ25hN,22,SF
Lzt4G9iE,36,London
JTL7hUqZ,59,SF
osQDJhFr,35,Berlin
tThpWakm,49,Berlin
QWgOv1iP,38,LA
qqT78NFb,27,LA
wLfkH5Jh,54,LA
gZ93UNtB,66,London
xATov0nW,39,London
bCRlChQw,30,SF
xFg7a589,34,NY
FW85NB9O,26,Berlin
fX9QAlqj,41,Berlin
bwJkYwd5,61,Berlin
9MX7Ww0L,31,SF
LDcwKIwY,63,SF
40i0tTF4,25,LA
501JlFQQ,54,NY
yoOPQC0A,36,LA
nmaef8T7,45,SF
wZXlKxZy,63,London
zevA0DXT,58,LA
mrEobzp1,47,SF
ARhMChC5,24,SF
p7u7eMzH,43,London
lFNyhjqz,57,London
a2fV16IX,63,London
B0xDKqUJ,63,NY
pa7bDA69,28,SF
d7D9NQor,31,London
zg0uuZqb,38,NY
iBYTdwdo,25,Berlin
bFOovgVN,20,Berlin
uQYvh28m,45,Berlin
uVZIAQ5W,46,SF
41E7xYa2,40,NY
2xadv2Sr,35,NY
vfoIrZUO,52,Berlin
ScMq493Y,30,LA
tgljsg3w,29,Berlin
jOepqsI5,64,SF
iTJ2xHn6,67,Berlin
kom7OMWH,22,Berlin
zSz4LuzN,56,NY
qdLnexJK,28,Berlin
ug7pU1Y8,28,London
VLMaOIu1,64,London
FpOdXYoD,59,LA
2h9txuQO,64,SF
PjA09FBZ,48,SF
9be3HLgO,48,NY
nGgcCFNr,30,SF
Wp1o9PvD,31,LA
fZRIWe2a,66,London
qTQivUNi,62,NY
zwsAQ10a,59,London
9HG8DAUg,42,LA
o3klw6AJ,50,NY
Sl0rorIS,50,Berlin
SEiz5SeP,32,SF
LcBDpgXY,33,LA
tYW8t4nu,61,NY
Hh9PMJcb,55,London
qY1DoCMZ,23,NY
5HfGFf5U,61,Berlin
B1VbPV53,42,LA
HNQ9cinB,32,NY
DK9Dp03K,21,LA
x35WkNnU,21,LA
EhIwhjy0,47,London
83BLPxNQ,51,SF
DqG1Oqyu,44,Berlin
QsZNN7yF,48,NY
J68L29ee,49,SF
ZTlbrhDu,61,London
n7Gvpvat,56,SF
kbWQUO9f,69,LA
5fSSUVrf,26,LA
ddnKpZBX,58,Berlin
hUcXPb2U,25,NY
bZVz5USP,31,NY
gEFFaYr6,50,London
Do7IQ2jx,40,Berlin
LW45nM3G,38,NY
7BdTScxI,29,LA
VJSQvBE0,19,Berlin
kgBS7tzD,30,SF
FDPAoRUD,21,Berlin
29VpOtqe,37,Berlin
nPIRRmIf,67,NY
bcQ7228N,68,London
yhu7NLPa,65,London
I76Ex4a5,31,NY
xbdAQ6ev,47,NY
FexGmjRA,46,NY
lAxgwPII,25,London
I27YsSxe,29,NY
vrUOS275,58,SF
7PidYjjX,55,SF
WMXnCbQc,43,LA
oj5FBWR6,67,SF
oUCBUQNs,19,Berlin
gI1wbhVL,57,LA
qaEqse86,31,SF
5F2ptj4Z,23,Berlin
u7MphF95,59,SF
q3UTj2GA,57,Berlin
gnlOaAYM,48,NY
oePRE6R1,34,Berlin
ASMFUhn1,42,NY
Tk5ehgK6,49,Berlin
IPdDJ2mL,29,Berlin
ZlXLNL6Y,66,SF
YbbV4jIO,30,Berlin
PFhhoV5N,36,SF
9GlH2wSa,61,Berlin
8GVE6KFC,65,London
IJlrqjmv,42,LA
JSNxFbSW,48,SF
lVbjcEx8,54,SF
X55NIIfC,42,NY
HI0myOLg,33,London
3yVxPSgd,55,NY
pq037uAJ,60,London
2lU4lqQd,66,London
PeD82xX7,40,Berlin
sOyGqKGL,31,NY
5vhDxf16,23,LA
knN34zxv,42,London
uvlVW8bP,40,London
rAXqF9HR,60,SF
QSegrBty,29,Berlin
7AnARacF,30,LA
O67OcA7R,53,London
VCrB6nsa,56,SF
RCtubRPm,51,NY
m8W19U8D,23,London
iQRMAnFF,55,SF
opVyhQhU,67,NY
07jmk5cR,69,Berlin
X0MuDQri,57,NY
b0iUfGyF,25,London
DyUcWHrB,25,LA
SSg4YQhe,57,NY
w3Ugmgqk,50,LA
HVCRqXqo,51,LA
BgXXyHm9,61,NY
DoCugZ8B,32,Berlin
B6UKm2OL,53,NY
bepAFQSu,52,SF
qXjnpQCP,63,LA
6qgZu7Hz,39,London
nqjwU5cp,40,LA
3Ctvq9r0,57,London
rea6QJKG,62,SF
uzaQzzOy,68,SF
BmKTEH6y,39,SF
S1R3KLSJ,22,NY
T66MYE4J,48,LA
96RG2gUz,30,London
iaUfuQSR,45,SF
qyrptQlS,37,SF
l64uwOCG,50,London
GOFIZaZx,33,LA
uDlbHJjs,46,LA
9P1fskRl,40,London
FFWpS1lq,41,Berlin
jIsbTJLz,51,LA
EG3oC0g5,24,London
aiZtJH5u,55,London
a4jEck5Q,54,SF
o01C2byt,21,London
Mz9jYI0u,51,NY
cMlW1aQT,59,SF
ih2qWKnM,39,SF
0axOErJz,22,LA
aUx8xg3F,67,Berlin
lrnSkTxe,59,LA
hl2j8YnJ,40,NY
Q5H5Z3rl,32,SF
ociSWYf0,48,SF
dVL0vQ7a,26,London
LFsPl15H,60,Berlin
X51N0SMs,42,Berlin
RMJ6W1Eo,42,London
PKO0Ugr5,66,NY
TYQ9es6a,38,Berlin
5s8YGYzP,26,SF
xjMNMlkE,65,NY
AwOP8Li9,55,LA
ThUNxzTM,39,LA
fVB03iY7,60,NY
MXRgb8Bt,40,SF
mOkVKXCm,66,LA
yAHDIBhl,21,SF
5dP3YiRr,46,London
qiUAy8Ot,32,Berlin
dtAOkXqh,18,NY
UzsZUHRI,47,Berlin
rDcPALCf,46,London
DKkIfZn7,37,LA
wlsmLiLF,50,SF
OmdS46FQ,58,SF
cwqMalpv,61,London
YBTYeYUR,53,NY
WV6p2U9N,39,Berlin
s18I3iQK,30,LA
rw6fUnZX,24,NY
3Jr3sqi0,25,London
oMJP39sB,45,London
73L4Tar1,62,SF
ZvJXsBOx,60,LA
r2mIkPd9,26,NY
9SIjgg2F,42,SF
Trj87A3w,33,LA
3wnM1a5s,27,Berlin
Qlt0cvYa,28,Berlin
PNZUSJ0q,48,SF
yTBnM8Qm,29,NY
QMYwDCRO,48,LA
hYAYzytC,31,Berlin
typwFhhd,68,Berlin
JzJLM8rK,61,NY
zjtmLk4f,49,SF
zSmEVBNe,67,London
TnpTddDH,34,LA
AxQwr9cu,52,Berlin
HQ8ATPwt,18,London
SH4dQg0x,46,NY
I0x7PwCy,68,SF
AZmx2O2i,21,LA
WzigMMfn,40,NY
y68zoLxQ,45,SF
053EEkWm,33,NY
xBeqRzQU,29,Berlin
7Mzbjy6O,38,Berlin
7Yp4RYvB,62,London
qq9CqSlf,34,NY
XNbK54DY,57,Berlin
7pGVEaNU,30,SF
vV8alp8P,69,London
HuLmPdJQ,49,LA
tM6wTfcm,54,NY
6ZK2GnQV,67,Berlin
5dsq5ezN,32,SF
PmamrvJA,29,NY
NU0aWWF4,66,SF
tO39QGSw,32,London
RpSdsKFe,51,Berlin
nLVCQur1,23,Berlin
qqWHUWb1,34,London
BYO7KLie,65,SF
rvQNksTy,66,NY
onwi4zZM,37,SF
A28pUm2Z,26,NY
yNyVucT3,22,London
XucRqh0j,40,LA
kTzhoYo7,50,NY
fXb9EMYn,55,Berlin
HaFGBiPF,31,Berlin
c8wtQ2oh,34,Berlin
0DNRDa7J,36,SF
cJCqNuYV,50,SF
r755zP6w,18,SF
O0myz7bR,30,Berlin
epkeloyj,63,NY
FB9cfKcv,44,Berlin
mU8cjSvG,23,NY
ai3IY4MO,23,SF
GInjY2WN,50,LA
EvBmXQqx,47,SF
5D5yhm9T,63,London
ma37XsA8,52,NY
oPbGkPbq,40,LA
TuvkpNHD,27,SF
pgKoHvrW,68,LA
0KTUKo2G,36,Berlin
ZY4bSwSn,68,NY
JOTIwxV7,45,London
W71RlcFL,40,Berlin
z8sZGM3s,21,LA
mUWF94w5,37,SF
zpWN6QEc,36,NY
WW7OXIvQ,59,London
RpWKwlqg,44,SF
HIqJfFmW,51,London
cGDVyLpx,21,NY
IrftEqP3,55,LA
PV7VSbym,24,London
i40A5b6v,65,NY
UQ6Hz0uI,24,London
zCn0b51g,67,SF
PktAwrL7,69,London
1sqSHvLz,43,SF
mjU6W4ZK,43,SF
dingxz8m,36,NY
QFrRp5Wl,26,Berlin
qRU57USg,37,London
iJ4MU96F,59,LA
eq4BChmQ,62,SF
MmdXiTCU,67,Berlin
2gGJJIQr,33,SF
VSqZAScF,34,Berlin
3uITUCNn,39,Berlin
Od5VXWIj,30,LA
aLwpMFyC,29,Berlin
vBoGzGtv,27,LA
OUZPY99m,18,NY
3Elkysdf,49,SF
NtI7VjGi,47,LA
CwKJht9F,25,SF
YprGUIAX,38,London
a7j2BcJx,39,NY
9AUj9MW2,35,London
vjsCXZ7S,19,London
4A5q425A,65,Berlin
E5BccZJ4,61,Berlin
6xSwWv42,26,London
7ivRIQC8,20,Berlin
DV0Q7v5N,43,SF
MQSDYfIX,38,Berlin
4FfIWG3i,47,London
LCqFCJDv,45,Berlin
yZkg7ZqE,53,Berlin
WWUcO3FX,43,LA
cd353592,51,LA
5s0KdWCs,25,London
nXFBOioS,27,SF
3D98ybwz,65,NY
R4jMyK3y,60,NY
df9r1pFE,67,London
ojKyiFfb,31,SF
hyGuweT5,57,SF
lAE2rGGR,32,SF
3sQ3LEgn,34,LA
JWjVIjVM,35,London
R0tfmGd5,49,NY
rrXusuls,55,SF
gm9MYc0S,40,London
sMhPaDgY,63,NY
CJEwmxar,40,LA
Wt9vLi1o,52,Berlin
nm30Q2mj,56,NY
tJD6kj4t,32,NY
eONpL5cJ,41,NY
W9SFot5i,45,Berlin
Eb5vFWLb,33,SF
Aqe9EIyE,33,Berlin
YAnELqeu,57,NY
4NOg4ssE,56,LA
rbcTQWuq,23,NY
aVpuN9Ca,19,LA
xbwdVgX8,30,London
MwBIfDUa,61,LA
MGDBOeQh,64,NY
Ts6UAnpN,26,Berlin
GGo0Z7cC,51,NY
00IzWVQS,34,NY
5TEfPHCl,44,London
VlQv5ZZz,46,SF
Ox1pUmaT,54,NY
M5kzybOE,60,London
MFzfMSSb,39,Berlin
1RRlzSFa,68,London
BU2TZVde,41,London
g3kANGRB,24,LA
k7OvGA8G,51,SF
hbQjuAcN,65,SF
Hgl34DG6,29,Berlin
5O5eifqm,40,London
WQYvhZdb,32,Berlin
Xql1SRc4,50,Berlin
eLShFFxh,30,SF
8d26uPsk,40,SF
k0de84CV,55,SF
u9lCcJKp,49,NY
aMfLo48L,62,London
bwspRF9W,67,Berlin
tzcvo8Ho,52,London
5ejuozl5,18,Berlin
D8UvVQ6O,64,Berlin
tuXVJeEl,62,Berlin
TlO5qcNN,22,Berlin
w6FeHvDD,30,LA
b0wA349C,22,LA
dYy6rWcb,49,NY
mRvIG1eM,68,SF
7HaC10xh,38,Berlin
2LdGpSud,41,London
B7gssVqz,35,LA
LykVLvKR,38,SF
gZH5l42N,27,NY
6tulT0jC,41,SF
9ClHLZz4,57,Berlin
ydmhY9WM,64,SF
Fe6DLCRN,38,Berlin
JJoJ5BDY,42,LA
IdXLazlu,69,LA
KVzxyu4a,40,Berlin
GbXlwwjF,39,London
VLmNqBa2,21,LA
Kkqh8WgB,51,London
i6JBoJa3,23,Berlin
YmdPjh08,45,Berlin
rbGTtkfW,48,LA
8UTR0hvx,52,London
dYg7RbEI,56,Berlin
nFBidii8,59,LA
34Yz1cOQ,40,Berlin
ADwYtCTF,23,SF
2WBwYBKp,33,SF
vWBSRqR0,19,LA
Ohvg29IY,41,Berlin
Feo0eMKm,34,LA
VAg9w8fW,62,NY
2YXZ8AOB,18,LA
iwQ3vqmh,23,LA
P7jZz6W7,22,SF
qPtrlGu8,62,SF
tKfFCEZx,67,Berlin
QtK0ZFHV,46,LA
mdCTIQur,29,LA
BgiyKlLO,56,Berlin
iJBfLQtH,64,London
DQcnbM5i,20,Berlin
wehtEHiy,65,SF
i1haGz02,18,SF
wzHclS6f,44,LA
dZq6msz8,65,SF
jekLTBNs,41,Berlin
tD1UPhp5,61,LA
e8fKx4X2,36,Berlin
2kXjBEkW,25,Berlin
E7VNnwYS,61,LA
lzUKYriI,64,London
ADsl7uh5,19,SF
47wJ6HD9,47,NY
QceT3fEE,47,NY
xK8Zql6l,66,NY
x6kE3tKO,56,SF
xt8S9Dhd,62,London
B8fIHxIq,49,Berlin
pNDBQ7m6,18,LA
JHJIRvJw,55,London
G6KOSFrZ,30,NY
Q2h1G0Sy,28,SF
cbgAnXEF,27,SF
bQp05Bex,65,LA
IiepcrrF,43,Berlin
u9bgvktR,37,London
aCwsPuHr,34,London
jDEeXwm2,34,London
E5PoKK4Z,21,Berlin
Fh3O7rOc,22,Berlin
WpUxHTpk,40,Berlin
nEcT0tDi,63,LA
r4rD1jA5,69,SF
j1NnUjxV,27,NY
5PljBxE3,63,Berlin
9vnQPeCb,45,SF
YF2fXUSJ,50,Berlin
9iT1ig0L,60,NY
8wLwiRob,43,Berlin
MKVMcbWk,67,SF
oBHZrvqT,65,LA
tqsWLO5E,46,NY
AlXmXHmP,44,SF
xQN01Evo,35,London
K8e18uh1,57,London
AvxUx40c,27,London
DYDwOOno,59,LA
3oyVOxbm,22,Berlin
VsVdTTf3,27,Berlin
BYi5Nhb8,67,Berlin
C7HkhA87,38,LA
yy89RNAa,41,London
DM8YHHX5,55,Berlin
UFC7IgkJ,20,LA
uWf8h6sO,57,LA
GlaJjBlM,48,SF
yrFy2Od5,58,Berlin
0SU0ZWmo,54,London
QyZLZPxt,19,NY
QgefUsRP,19,LA
pzu2lzx5,56,SF
DjKdaral,66,NY
zUZF1s5l,59,LA
Im9Mp2Z7,61,SF
nGOLgjRt,51,Berlin
2qFZiThc,59,SF
fPMEU0M6,37,LA
SkhUNc7U,50,Berlin
azcUEFIP,21,London
rPjcB1CP,62,SF
0AZgcLtm,61,NY
L14Ni4xU,28,Berlin
oDq1WlQa,59,Berlin
6YmY8C7c,64,London
P4Y5Ff5W,22,SF
68U2nzXe,42,NY
fSDUZxT5,66,London
mk0ODHGy,54,SF
LBcYWMHa,51,NY
JZIh9m8Q,26,NY
019Giq1O,23,LA
osVisbqr,35,NY
XlaxyuBA,31,SF
TzNj8Eok,36,London
bt9HFIm7,31,London
bRAzy6a7,57,LA
Zy1IsIgM,34,SF
B2P9Rhr7,52,NY
XxNIWKxs,46,LA
AjAL38l7,59,Berlin
D6Rz8rSl,34,SF
SXDpsCIk,60,LA
clPFw3jT,25,London
PeEPkU6A,18,LA
w7teEdu0,62,Berlin
DxEJlc0i,53,SF
Ulqm5EJb,24,LA
bf402lFt,63,NY
1LwaXZEI,22,SF
dmKwrHAB,41,LA
Tq7iLQc1,45,LA
WAdviy1p,60,SF
DmckOWhi,34,London
IBXGXVaG,54,NY
qvzLXMyP,37,SF
FOl3Z668,20,NY
OA7jm8dN,54,NY
cEBD3zHp,43,SF
ALBbSa3N,32,LA
buKoeJJl,68,London
qMLOywcX,65,NY
BR2zk6uu,25,NY
32g4S97c,30,LA
NLAbzqKf,65,SF
U2eznp3m,20,London
xsXkbPlT,18,NY
xrYWfs8z,26,NY
fujFIu5g,48,SF
zsUNQKJB,58,LA
RLQAP98g,43,Berlin
v1yjMS6q,34,LA
I3Btdzvy,51,NY
u8XWOlhJ,26,NY
BBVRsOat,68,London
IPfvetzu,30,LA
9vixAXiS,22,Berlin
bxgX1ljG,58,London
7srKG2n7,30,Berlin
eqWbrTou,18,London
IccNiW7i,42,LA
fghi8L8v,64,NY
FTsKmyN5,21,Berlin
x1RfnQKA,53,LA
CeFM65gK,69,Berlin
o7kkMhe5,27,LA
0ew8D3QN,45,London
2a2TQVP6,23,LA
9e15bOto,44,London
vXpR4r0e,29,NY
iLVmCGFm,69,London
as3q9BZl,65,SF
n2KdUH2d,20,NY
WNLMmUjq,63,LA
ex05fzX6,50,LA
C74gJ2MN,27,SF
bEe5I9A4,48,LA
vduwwr3b,32,NY
XA3feiCt,24,NY
P15qnfMO,53,London
fezG2W3O,31,Berlin
hwl5dbs6,65,LA
LjKz1Myg,31,SF
YWhxcdZ0,20,NY
j5XoIRyw,66,NY
3Dhu7DJl,63,NY
eoztC884,67,Berlin
ONROOjEv,20,Berlin
KSylLnjh,39,LA
wPcL8gMK,36,SF
lTq5Anfa,52,Berlin
24bCQdKk,29,London
6pvPoDw4,22,Berlin
xGspS1Hh,27,NY
zklYQa1o,58,SF
mWQ0DUce,50,LA
dH8aTC2H,30,Berlin
nAldQSy3,52,NY
Z7B3e359,68,London
17LB0lt5,49,London
qKd9vMQv,28,LA
WYJrpe52,65,LA
Iz6G15YB,55,Berlin
jp0kG0SY,41,LA
rYicGK6e,52,NY
k8JmB898,36,NY
gj2pstiQ,23,NY
d2shZZqN,57,Berlin
gkFiJYgK,62,Berlin
ARSbX3Me,61,LA
z1nsCICz,59,Berlin
LDUyL4RC,52,NY
hV30kOR6,21,SF
DWSdTO6y,50,NY
lEpwBxPw,30,SF
0CgfnrLt,53,LA
xqz7s9hk,60,London
H2xxmFno,36,Berlin
PjSR8aGs,60,Berlin
QP8ciYG1,29,NY
cSFMLg55,28,NY
4Hpf59ER,23,SF
eTktaN78,29,Berlin
A0ZlsX00,44,LA
W0mkFf0T,58,NY
KYI6egfb,42,Berlin
oAfULz3J,59,London
K7WKGxyE,20,SF
UdXkPwEd,20,NY
nk9gYCP5,37,NY
fvVX37Ly,45,LA
jnXDZ7MI,40,NY
qAGTZFru,65,Berlin
H5OhzhxY,20,Berlin
2DgqP8FE,59,Berlin
4QG1L0V4,41,London
7IgTQKoS,60,London
IIK3PnF4,57,NY
qhe4iXea,23,London
TSGjEx4l,37,London
JInESMoX,28,LA
A0t8BzBn,49,London
f5YviPPo,44,SF
c5eTUiTy,38,SF
qG1tANx9,61,SF
heby4cjR,65,NY
EMumT1aK,67,Berlin
eqGye2M1,30,LA
ZwamynWA,39,NY
8Db90sjl,52,Berlin
A8DqyRl1,64,LA
xQmCuUqw,39,LA
DRXnbNeU,45,LA
xcbBsxxL,38,SF
PrbHRZt0,63,SF
8N9bu8qJ,35,SF
M1JfIhyk,48,LA
r31VysuK,63,LA
e6AdkiA8,54,SF
uSEKjxs1,38,LA
3TgCHO0G,31,SF
THRy7OIg,42,SF
zj7ZheKY,44,SF
xCwrf4SD,57,Berlin
EQq5XHJO,40,LA
oLpHFzSG,48,NY
XoTuDrCK,64,SF
5KT5duOY,46,NY
ouMSrkAy,64,Berlin
lOA3yW4c,47,LA
1MRFusee,68,SF
hifcW21u,43,SF
2pj8QPfq,37,SF
3tw2HzTF,55,NY
FX1bQ5Qj,36,Berlin
bRgTFwsT,44,LA
rfmjVghm,42,Berlin
sIzoAcLw,57,SF
5v9I29NK,55,Berlin
uYlz2Vcd,69,NY
zGr1lWjN,40,London
S3ffcZ8l,46,London
QJuWUAmf,32,LA
XaVmpNJj,20,LA
X9M55WcR,27,Berlin
E0u5wWui,32,LA
QJrz30Rd,33,NY
ruFxZ1Pa,34,SF
uLI0KKVd,36,SF
x0Yy1zZT,28,Berlin
vgowpFYo,65,SF
a6rEDPUI,22,Berlin
I1TAsdd9,22,LA
OeDjITEk,31,LA
VGvvNcmm,67,NY
rJB2PdO6,43,SF
Y7c2on5X,25,NY
Z8pEEdm3,22,London
7mM36FSx,24,NY
KQ5pP8Yi,33,Berlin
zXOvd6sR,31,Berlin
ZbsUzAgF,54,NY
x2kiz804,58,LA
pdYjQrWf,21,London
DwRAEgDs,53,NY
jevgR15j,65,LA
ALoaKclM,34,NY
wgfXNJAH,64,SF
6AusiaX1,53,Berlin
xBtCScy9,23,SF
izFwA7gd,33,SF
MfqTHeur,46,London
pDqvAlwJ,53,LA
2E3lNDrP,55,Berlin
sGkZSFli,54,SF
FrlhkJhM,65,Berlin
AdqaQVUT,65,LA
I4THBei6,27,NY
RHqX3CUq,58,SF
cdp8N8Ph,53,LA
SzKljkNW,46,Berlin
Nwc7F3sA,31,LA
rMtSl0mD,21,NY
OWjzBxIo,61,LA
vr4Tzyuo,59,Berlin
63vF9KT0,53,SF
GVd5DQpU,67,SF
JW8uRVYh,62,London
1ZndHmT5,30,Berlin
3gZA34WO,63,London
Ci6VJmQN,35,London
jNLNp8iu,50,NY
YOf93r02,38,Berlin
HOHeapsq,33,SF
p5IdHxzG,32,Berlin
Otmp8j2o,22,NY
oMnrAvJt,23,Berlin
5R34iwGG,55,Berlin
d3jCflNQ,20,London
13kLwniL,65,Berlin
OzC3iWEe,29,London
VaIcw4Fi,53,London
DQFKndFu,50,LA
DY5mdvH4,53,NY
9zCalDNl,50,London
JzDiZmBh,48,Berlin
65JQTZfl,38,London
uG7mM8LC,44,London
cHsAxMPy,44,London
tq0XBNvT,25,SF
rFoFSHY5,54,SF
GRdVkBys,49,SF
G1DwZ7YZ,43,SF
o7MV6t4b,19,LA
b1dJX57D,29,London
zPDGdm1i,39,LA
XZv5VNmm,34,Berlin
1hZG1Cq7,24,NY
xsQGoyTQ,60,LA
h9TtA1Qs,21,SF
88eXGPyM,54,SF
Qe8fhVkz,55,Berlin
9WByYTTH,49,London
xye3UIUk,28,NY
CLMDu173,18,LA
Ii3eSDsg,42,London
7h5Xzhom,59,London
0PgEKcC5,69,LA
QN1TKpS8,41,LA
8mEujLNm,60,LA
MkbwD1cI,34,LA
KiOzXa8d,25,SF
FUMeNWjL,62,London
Wyj4OE2P,44,London
hRlWhAbm,69,SF
HLlUxoP9,35,London
sbkfndFa,44,LA
rj0e3HgZ,39,NY
6Kpn6pPV,33,London
mOUQG5lg,19,NY
rjzOuZDj,22,NY
Q2z1dirf,35,SF
bOhqec97,20,Berlin
t6lbJUQW,44,London
phgKYuWa,34,SF
jUPLGo6M,33,SF
kTpxB0LJ,23,NY
w19vVEhY,68,London
tHfjx559,24,SF
qJpaUDmV,67,LA
z2GbVUeR,31,SF
l1OxdPNA,55,LA
hRiJ4D61,57,Berlin
KBbrWgXS,32,LA
8Rsowtbv,64,LA
s3fBtzGQ,64,NY
pjSWKoY6,65,SF
g5KAKm8N,50,Berlin
ypdjjYFp,60,SF
g4jBmgeG,44,LA
MBTRlWgO,46,LA
v69K9LRV,54,SF
2odgyBkG,22,Berlin
6VFNHco1,46,Berlin
oJ4WIMRr,49,NY
M76FRRvI,23,LA
Kd9ST53i,19,LA
PEM41xCO,23,NY
Yc1ctoWY,63,SF
SKIAn4Up,60,LA
HbHECe2J,21,SF
58T3wN7g,46,Berlin
RSXlxl8z,42,London
X2Eq3CaJ,26,NY
76DwCAoj,20,LA
3iPPwQBv,43,NY
B3FgZZcw,65,Berlin
0QvpUpDS,60,Berlin
m2mC2BaO,44,Berlin
wSoMYrms,53,Berlin
I9pjKgDc,49,London
mGeXhAYY,18,SF
HKR5vqru,33,SF
VReZrYUq,68,London
dw2Ca1T2,65,SF
JYHCiTuJ,28,Berlin
uM7lpqP7,43,SF
UJUSp2TH,57,NY
pmBGmOuG,18,SF
u3kMY5Lv,43,NY
Ue7HuMev,45,LA
Ezi9lmco,26,NY
scXDsi4c,61,NY
qP3LLM4q,39,Berlin
AmOEL2F5,25,Berlin
WWh0mC14,66,Berlin
KKgEJbuJ,59,NY
0BgFTEeo,44,London
AYltEr9a,56,Berlin
jihZFANU,36,Berlin
IAbDMtQK,42,NY
9EVfzvFO,55,LA
pRmy78ec,38,LA
6m2anErl,41,SF
ZZ6cHVDM,41,LA
30qzenPZ,36,Berlin
7kCsPtpn,67,London
xtJJBIbS,64,SF
lglio1RT,19,London
4mVGA5Dx,31,London
dUIlGWFb,49,Berlin
ws8at6Hw,59,NY
lU522OND,49,NY
Xf7sdCJL,45,NY
sfvkSMgQ,65,LA
sv6zVol6,56,NY
aAUXOldi,57,Berlin
brjr3aj6,59,LA
9Ft9mDsb,64,NY
MidbtTIZ,57,London
Bi2oxsPs,30,Berlin
ghh2iIBv,29,Berlin
GNEN433V,25,SF
iGKCJMpn,32,Berlin
JGEiFaBd,43,London
CvBvnezN,29,Berlin
RUhCAta9,60,SF
TIhbnb1O,68,Berlin
hKTPBuMs,63,Berlin
73IIuaXk,44,SF
4Jb1IbOI,35,Berlin
KzSrjYIo,62,LA
InkwyWsm,53,Berlin
LSAFMhpf,66,NY
VD4RWLwu,68,NY
BtWGwBv5,44,LA
eXY9DZ2p,26,Berlin
JJQa386h,56,London
iQCOOjYR,18,Berlin
G8LDdlPA,24,NY
dvd0hUGg,43,SF
bXV4QDNu,24,LA
3pyPEmys,69,SF
hHS2OjkS,24,London
6YqRyf7s,25,Berlin
ZTId7HLf,33,London
9GJH4sui,20,SF
Btm13pgc,62,Berlin
Tnxjx6e2,27,London
hDd6KQen,67,NY
R4AqbpSB,24,NY
AGEKnLe4,38,LA
H7qxEqF1,54,NY
23f3gYDL,48,NY
4XVLpGm3,40,SF
pjbuBj5Q,44,NY
RCxz4p2S,39,NY
XVkRgGin,56,SF
wyK6Hrim,44,NY
sdZ1XiUK,66,NY
jn4pIagb,21,LA
wtO7Gyen,41,NY
CWkyENAT,40,NY
9WmuQ4Zb,65,LA
gFzv0ksi,36,SF
mqzsjj4y,59,NY
9J7Uvemo,20,London
sq6BTUoR,44,SF
JzpI8h7a,20,SF
qvMEz0NW,45,NY
dM4bW5Lv,34,LA
f665fOA8,48,SF
Xl1CINzq,27,LA
IVqD4nmo,66,London
vTj6I77P,39,LA
x01qft8l,47,Berlin
0B8tsea3,66,LA
eKx6oztP,38,SF
CV65ChuG,53,LA
r7VVFsag,40,LA
Zwikb3Az,55,Berlin
GRgGVxvp,29,Berlin
mohXZZBb,42,NY
lcBlwoze,37,SF
4fDVDZHa,66,NY
CiM0mkwj,66,Berlin
7G9wtUES,59,LA
aDQCYgiU,24,Berlin
bIcr52yH,46,London
efGdxv5N,65,LA
1BIcTzcH,46,NY
lIOrLx1t,30,LA
gLqrMSEk,20,London
kTVmtzH3,19,Berlin
mLlxRgvC,33,SF
VygO5CxV,47,SF
OzD1xRRC,55,SF
KZwHYTGT,23,Berlin
L9Bi60nQ,62,SF
NGIYU95G,24,London
huhfr5PX,22,Berlin
5haj2woJ,24,SF
9NVGRni1,51,NY
TB7PHB8b,49,Berlin
SCywaM2D,66,Berlin
OkzgMRRd,30,LA
X4RWOLSp,47,SF
TAQoRQS7,42,NY
fITneVbT,38,London
2khpesPf,38,Berlin
KnHhBnrY,45,London
LuytBlWx,65,London
XApKK2A3,37,London
xnb0rPAn,51,LA
5MkG9aZN,22,London
dWUTzM82,35,SF
QeePQpgo,56,SF
nHHp9rOK,60,NY
BYQQuoGv,28,NY
JjbX3Cei,34,London
1VB5Uabo,65,London
o5t4LRu0,62,LA
n3I05QYA,39,London
cMh9etWL,54,London
NsLYp0dd,37,London
C4WKO2rI,65,Berlin
cMbveg40,65,Berlin
D9En08H4,65,LA
BjWu9mzI,63,LA
QR9mTOhH,23,SF
9TFQmy5F,51,LA
21mE6Kx8,31,SF
sQ5uzbC4,65,London
YkB7vk30,40,LA
QHap8cmh,37,LA
Y3M65Zua,30,LA
b3SvcXID,64,SF
y2ig3via,61,SF
J59ZuqwE,58,NY
jJqpCrOH,49,SF
f1RM2UAu,43,SF
JsQxnUWb,67,Berlin
mNPF3P7D,31,LA
ZLg2EAoR,69,SF
iI2FQG1g,53,LA
lPSPjjah,25,LA
7U0MrPJH,57,Berlin
HH2oxOK7,39,LA
2FucAxpO,39,SF
6CGPYSPM,33,LA
AlAyFq3j,44,NY
o5o858st,27,NY
eCT7sT5C,42,Berlin
e7fWs6Nt,48,SF
Nwl9p1QN,38,Berlin
4HUeZjZG,44,NY
RXYsK4yg,34,SF
95hd6F2e,50,LA
2sU5NAc2,48,SF
uVUS7vSi,67,London
29WiqjHH,59,SF
gA4Yr2DP,43,LA
GpjXtsIM,38,London
U8mEKVnw,53,Berlin
IWmHFgKx,18,SF
BvIWPiLY,21,Berlin
tXzbiDJw,21,SF
NlurlEAj,43,NY
nAajrRrq,21,NY
MlEttELK,66,LA
VEeMG1PS,26,NY
y3mJ198t,47,London
qh7TJCOe,68,London
qNuwRyq2,62,SF
3CYfFg34,21,Berlin
pb0pw8nk,22,London
9zRlOuCh,62,SF
Au7QiBZM,40,Berlin
DYJnRrNk,33,NY
RKgXvW1d,39,SF
Rz8UG7Xa,54,Berlin
iIObvzp5,25,LA
1cJzU1B5,65,LA
jXI5ZzhT,50,London
zH4x9cET,55,Berlin
H0GUe221,60,LA
jan0f9Eh,33,London
CCQY1QH8,22,SF
VlHIjivW,33,SF
qRuduaSJ,24,Berlin
wg2Bx3qX,68,Berlin
1ClqDN6l,18,Berlin
NvZFJi0G,26,Berlin
NDZ7IiZH,35,LA
JdmJDwNM,62,LA
2nBHwIrq,64,London
cHE1fFXi,20,LA
oQ1TLYES,41,SF
PCPT93wx,45,London
GP2kFlay,27,LA
QN4EEcY8,26,Berlin
JF4BBNnH,30,LA
PSqAoPib,65,NY
2vseeT01,52,London
TNHOzBgK,40,LA
TZO2Y7N5,64,LA
PQhu6F0a,34,SF
OfNOgRNa,63,Berlin
6etLdgS3,24,Berlin
UuSDnVGz,69,SF
DDlczutw,33,SF
mQZrawAy,57,NY
AgtMZGWQ,53,London
fRl0B5Jo,37,Berlin
PUzgszOl,41,SF
CpOyPOx0,64,SF
paaNSSCP,22,London
O4KYwvxB,62,SF
fq50IpDw,23,NY
jbPxlsCH,45,London
lNWGeMs0,22,NY
Cdr2Nldy,66,LA
c6TtCWCW,56,Berlin
6jeFzEZ0,55,SF
eJmRemPW,19,London
1F7h0A4o,60,NY
nf1fovKU,56,Berlin
BCCIZgSW,38,Berlin
phsClWoc,57,SF
yVd0reAQ,54,Berlin
fU2rGqAp,35,SF
PJfK4Ami,65,LA
G3PLLFWZ,63,SF
nsjZ6A4H,29,NY
5yvMxByC,34,Berlin
b215DMKs,54,Berlin
6o7PYvnI,63,Berlin
Mnx984s8,55,SF
Z4vfNPG3,32,London
lEoTkSLo,24,SF
c3BvByW5,31,NY
p1bf7E9W,67,SF
qGjBK4Cl,18,Berlin
kPXfKpxw,55,LA
tZNmD86e,20,NY
mhC9CgtG,54,LA
8DmQBeur,61,NY
IgJroRHt,48,NY
sNYCrNBV,60,Berlin
XZINKUOf,30,SF
3G9LmD9X,65,Berlin
wJ2LH8tx,35,Berlin
b1fvG6vf,34,Berlin
8buwg0QP,34,LA
QUzOw09D,28,NY
Olg7bHqS,37,London
ncbT8SLo,27,SF
GW0ARhLM,46,Berlin
3PCZegxP,65,NY
QV2AfHbZ,51,SF
luu3bLuB,34,London
e43aOvuO,69,London
a2UBGa9O,59,Berlin
5KViivqX,30,London
OpkVkW5P,61,London
mauO4pby,64,SF
ei83TapO,56,SF
R6qEOoLS,44,Berlin
gZ0BNIYZ,43,NY
EZDsm5rO,45,Berlin
TvWFncee,30,LA
VQmTyfyD,29,London
9bbdpSx3,61,NY
Wgo9ODU0,45,SF
8v5MoYk3,19,LA
opPhA1kZ,54,LA
lh3L6BNC,51,London
iLUbSu0e,40,SF
WJL0qaWJ,69,NY
vD0Jwx3w,62,SF
86OVBn3n,46,London
3iIsSgHT,52,LA
nfpZV2Or,28,London
4MxlUKQK,65,Berlin
1ElkVwdZ,50,LA
kwKf9aRn,68,London
NhoDsEpv,28,NY
8MiEocK7,26,NY
xoVliOL4,31,NY
EVIf6fja,26,Berlin
8wy6dtes,56,SF
gKIRt7wS,65,NY
m5g5p7l2,20,Berlin
aHMV1Fzn,46,NY
aOWjjdZN,36,Berlin
z53RR1wJ,53,NY
zHDb1ihC,49,SF
owcPWIGk,24,London
o0MaTeJR,45,NY
4IoMmSxj,61,London
qrV7uzwE,35,NY
BY3uvfDC,22,SF
6ICKlcvL,40,London
55xBtyzF,39,Berlin
6EQARtLd,43,NY
jbNCNb8B,59,NY
eb6F3im6,29,Berlin
PFIX36dH,57,SF
58rsNtQZ,36,LA
qRl9kiz7,64,NY
AMpIWhST,18,Berlin
MZQIAGiX,20,LA
OzuSzws3,44,NY
yBDNGuS5,35,London
34VMDiS3,67,Berlin
GB5mDHC6,47,London
jzWSkxGo,19,SF
e7TntDyc,22,LA
8Z6H6SDN,46,Berlin
K3SzTrN5,50,NY
iv5ghQeO,59,NY
fkYGv07v,37,LA
WXpsHjdG,47,London
T6LVhcel,59,London
QeKUMWVS,22,Berlin
HrrGv12i,67,Berlin
daDTeLDs,38,London
o9g2No1t,32,Berlin
lr97C78j,37,London
QePCcktM,25,LA
abjDhkcP,66,Berlin
rbBc3q9v,48,London
hULUZh9Y,29,Berlin
SvOy0woI,38,NY
7qPNubVx,47,NY
yVz6Go9U,44,SF
OEtkNe97,61,London
7YeR4zvr,43,SF
8o6fi5UB,50,London
XtD2WmXU,43,Berlin
Jb0DSbcn,43,London
ZKheFSjC,53,NY
BWp0LVRt,57,Berlin
B0OsaKjb,18,NY
vjzvEcI1,32,Berlin
uBqre9GH,67,London
iHlpOvyC,18,London
pV9xgDLI,28,NY
rVHfdygt,19,LA
KTVbWhaq,18,London
AC1Ad6o1,48,LA
IXdlcgrS,61,Berlin
Lhxvb87F,33,LA
LClGNP4p,39,NY
ya9NaAno,59,SF
T5VQmNko,35,SF
ntQ8CcLU,64,NY
tO60NHjz,34,SF
y1ZBz6VC,47,NY
4Fh0Fp7n,27,London
EacRnMAI,52,LA
9vt6KWpC,38,SF
YbUJ0Ewa,33,London
GY2Op2Hf,23,SF
0e7aURnP,20,Berlin
sHOIWuyr,58,NY
4dT6s21B,60,NY
bVUmWDJ8,38,London
7xwPoYjP,30,Berlin
zZlQdVlJ,35,LA
KqXPaMoJ,41,Berlin
tYJeUTol,44,Berlin
YtWEtoOt,21,LA
we6IVuKS,39,LA
2T2Fgdjx,41,Berlin
XiQcCucm,57,SF
TN0COsXf,62,SF
qirm8lvu,27,Berlin
Gw4uBKnE,19,SF
k9awc8yV,57,LA
x0LqPVoV,23,LA
nJwKtLh8,65,SF
6DpRMYFW,35,LA
Dy3cvODD,34,NY
mrH3hsHH,55,LA
0wJHrdb0,62,Berlin
kX5Cj1mg,40,London
nl1boVpN,63,SF
s1woQpXX,47,SF
frX9CTPY,38,LA
zb3oEMxF,27,LA
tbSR7eTy,60,London
q3IVm7k4,30,London
Xy7vQ1eY,29,Berlin
BLFBt0sN,26,NY
b1yiY4eC,21,Berlin
ELCrHK85,56,SF
mIYzbtrb,41,LA
8UbATExt,51,Berlin
DJW1I8Tj,56,LA
0K1iYFLB,58,LA
aAjspvy6,22,Berlin
fEpbHrDu,32,Berlin
hSXi7CsI,67,London
6ShIQxrK,21,NY
4biJtiUM,68,London
FNyBv03l,69,NY
NPn6jYVl,56,Berlin
itW8rWIm,25,NY
JFZBtj0n,66,SF
xfcIhGkV,62,London
XchXtp2U,41,London
KyksWPzN,45,London
EEDnukwu,60,LA
Ep7gJg2V,44,LA
wJ2hJau0,18,Berlin
dtSEUjjd,51,Berlin
MGXy5O11,34,LA
BdaqVIYa,54,London
fc24hw3C,55,LA
Xl9zwXjp,43,NY
r8w6B8tG,41,London
3JXXMMKE,56,LA
w73httSb,38,Berlin
Uihal9Dn,47,LA
zaslppVg,64,SF
rNcUEnJn,68,LA
saDQsALp,65,London
uOLOnogJ,30,LA
2T4wDTdB,54,Berlin
fwPSE8Q5,20,NY
FAGz6WR1,49,SF
Fl8PGYVr,52,London
yPrTsExu,36,Berlin
UyG9jLJR,31,SF
HeFMLe59,65,LA
DRe0GZC7,39,SF
hKzG7IYB,34,NY
jSETrTtv,21,SF
xBn3XD39,62,SF
2GsHn5Wh,57,LA
7W7MwFPt,36,LA
5uycBR70,54,London
5fgq5xEd,19,LA
TwprnNJo,32,SF
YAgUplKz,19,NY
nB37cveZ,28,LA
LYYQljB6,62,London
AvpjRf5U,40,London
DsloIF86,27,SF
UkDEm5bB,20,LA
h7HqHt6i,22,LA
W7q0TIlD,20,London
IViDsYFO,55,LA
UIhjeQPv,30,SF
HZZjRrOd,59,NY
Nn0ycFgg,36,SF
gcbSEO9D,57,LA
DFxhQThE,67,SF
p0VdeQ7A,52,Berlin
JFed4DKO,41,Berlin
EEUpQxZz,41,LA
H28YVHrN,34,LA
tPrdqMFz,57,NY
0nA9Utku,27,SF
l3A76ogw,19,NY
tqRZ94fj,61,LA
77IGb9nu,40,LA
7PzQEEaw,23,London
8FZ2l4ok,19,NY
smMGGD4u,38,LA
vXyD7kH2,52,Berlin
hlepRq6F,66,London
qzvWCXeT,46,SF
6DCl3lcA,24,London
hNLnIvjR,46,SF
XW8Wa1mN,54,Berlin
wo1NQLoI,40,SF
8Otdr8y8,50,NY
GhuBlLUd,25,SF
PDuV0alX,29,SF
tIyGKmpX,63,London
DBAWwF2q,65,Berlin
MqG1TCjM,27,SF
CFMi8Uea,32,NY
b1rxpGLg,41,London
DAF8uUj2,43,Berlin
khskc8fT,64,Berlin
dkQOuN6t,59,LA
f6fi7RJt,56,NY
AlIUU8Pp,20,London
BAKcCbxN,19,London
QuomdhNx,23,NY
LTGWzvdq,38,Berlin
35zAJSJv,26,SF
SlKWkDlt,27,NY
W3aXzd8p,53,London
TBurcUKR,20,NY
d1DYFVqZ,58,Berlin
KjX8op3x,41,LA
tzdh6PBr,39,LA
weT3x3uz,66,SF
QNqZo6h0,31,SF
HoYo1bCl,59,Berlin
1YFDoLxL,62,SF
lqILoEyY,61,LA
xnFGWCVj,44,Berlin
hXDG1WlA,50,Berlin
dxoFMauq,39,Berlin
cyLLpX1d,46,NY
RHUJVu8y,36,SF
2C63iCeo,36,London
IA8KRIal,23,LA
iqgnjfL2,62,SF
4Ut6iNEa,36,LA
aMasBgrh,30,SF
xC5n32z1,43,London
oc83emcC,39,LA
oxl8hknh,38,London
Ezi2z64I,53,LA
OWt8rYOp,19,NY
v3jgziP9,64,NY
sY0YE56G,61,LA
68iEIveC,47,LA
mvYK3L1H,44,London
TbENrC99,24,Berlin
DOnVnKJT,37,LA
2KuEbd3k,67,SF
dH4hY5Gf,48,SF
20XK8pnA,40,SF
QOriXRQi,30,NY
rmUg4gyX,34,London
IuR6gaO6,21,NY
2ercqoMD,31,SF
8yhGIBcp,37,LA
4KgOjLJg,30,SF
aj75dtbP,20,LA
zAsPv8Lw,43,London
EYuGfOpe,43,Berlin
nlnfKL3G,35,LA
jjwLyrSZ,49,NY
kZkqB3Vo,31,SF
ft7B3815,64,SF
aDipayG3,20,SF
aQPw8rAq,18,LA
277x5A6E,43,London
EERUjhiN,41,LA
uusgKaeY,66,NY
MnIpack7,52,SF
FWmqsxmK,31,LA
0OxJI5rL,20,SF
byz6t0eC,30,NY
EJR8aiF6,64,Berlin
r9hHXuU2,67,Berlin
D0YYQiHm,31,Berlin
EJqbde2u,38,SF
G45Dd6SZ,43,LA
4LsiPZhy,20,SF
zQLkFIKC,68,London
Yos1tA30,57,LA
Dh3mfh7y,21,NY
w9KHtthb,53,Berlin
ewtwl9ED,68,LA
JHFcdXYn,60,LA
1G0VBGJx,18,Berlin
eG2oj2iP,57,NY
LgwYCj6l,64,SF
RycCwiMT,50,SF
GWmd4JNi,24,LA
jtlMUczR,69,Berlin
quRDBvmi,69,London
6nUZIDBq,28,NY
DmKSMhUc,44,SF
GZEa5mhK,31,NY
NTXofG7U,39,NY
1BAP308x,33,NY
dfyqvIfs,63,Berlin
wDVpzILI,29,Berlin
saX2m8nu,66,Berlin
KSmBa2RR,63,LA
YaNR70ak,27,Berlin
iwEpYCcX,41,LA
1fyY6Ufo,63,SF
Ynk9jvsm,35,SF
E4tYRuci,39,SF
Dtgk0nFp,26,SF
Kxl7oMEr,34,SF
6YnATSLK,55,Berlin
RXKJevfN,57,London
Te16GeUZ,30,Berlin
m1JOwOVN,67,London
m0dMIOoj,54,Berlin
rLae7kTH,23,SF
aTzZ5hMB,38,NY
CKn0lyMy,68,London
q165AVMI,53,NY
zalAJMZc,24,SF
ty8XTMtU,53,London
lH33jwYx,42,NY
XTKEH0jC,28,Berlin
loMbyb9K,61,SF
oz0hlZsP,31,Berlin
Um8gDaPE,62,Berlin
mEDMGsqY,46,SF
q5cH0XSE,27,London
GlRQpRej,67,LA
ysuOpmFY,65,LA
a7vcIkjU,22,SF
1S41klaW,25,LA
YG6N3EJG,63,NY
qeipUtUF,22,London
r6bJ6njA,41,Berlin
bm7XI95X,57,Berlin
FcpnMxud,43,SF
MFzogQu8,23,Berlin
XaBKWsxZ,33,NY
bD7gZuM1,53,NY
CovPpc8Y,29,SF
9OO9Y4NQ,28,Berlin
T9mS2yUV,20,LA
1pTMj3Ef,61,LA
4DHZyptw,54,London
NzDH4FkU,23,SF
FSgD2TgS,36,London
Ay6o75EW,35,LA
OTuwSgqf,33,LA
r5RHesbs,40,LA
nOkXVdSf,60,London
aghbcstk,54,SF
HA7FScUg,26,NY
NyougEil,20,NY
Rwz0jEIQ,25,LA
051wEjwh,55,SF
fb9AsKD2,21,SF
AhkiYyBv,29,Berlin
ZPB1SgQl,61,Berlin
xx2fkwui,48,London
LoVy1JfD,42,Berlin
K2TQCLpM,33,London
ND7nWWGx,59,NY
1D80JpP8,31,LA
IsNBqvMq,30,SF
g62szlYu,58,NY
xyQSa70C,24,NY
avRnth4z,29,London
uEc0FBd3,54,LA
oTkDoEZG,67,London
AjznW1Od,21,NY
tDEBpTAA,19,SF
rrJyQ50O,52,Berlin
AbarmTov,61,London
9gcPDWSM,20,NY
b4QVwbOR,21,Berlin
NrwDUjfi,55,Berlin
hmd7o6dU,29,NY
1HERVCs2,36,LA
kzbk5NTq,27,NY
QFeGN9ib,18,SF
j0HCiPbj,34,Berlin
IvmUvtjt,33,SF
YrGokvvW,26,London
y2dvsCla,26,Berlin
OrsHQBZe,26,LA
FmOvqpsC,29,NY
wrRTWusR,58,London
ClAJoOrF,32,SF
yEC4lRDX,19,London
DqiASfjP,28,LA
whvYFbHK,28,NY
Jaf5dx1K,25,London
cP1LbSJq,49,SF
UpancPCD,23,London
1eHYk2El,37,NY
tPH0NTPk,56,London
pyVrZmN3,52,SF
DluE9Fa1,25,NY
irmjXofS,67,LA
c0nW3NWi,66,LA
CkvgLrzr,60,Berlin
YyKIjw6m,51,London
eG0Sp2Ry,36,SF
cFmy6EYA,24,London
Nd1Df7T9,48,NY
yqy5dmys,35,Berlin
fVDgpiSb,57,SF
tuXfBFR3,31,London
ZNRJWLd3,56,SF
2BHxP69L,53,NY
7LQkKPh1,34,Berlin
AZKAd981,54,SF
q7GjrWSh,61,NY
OdGbaucY,26,LA
TM7EWe0R,37,SF
0bCCo7Cc,62,Berlin
i9DszrjP,45,SF
vNqAfHJp,67,SF
TTUtoeFp,37,NY
BBKhDhCp,58,London
1bllYtNB,53,London
4hgcCx5l,44,SF
LQ9er6F4,25,Berlin
wLfo2shd,49,Berlin
lNnJgDSi,18,NY
A8FfTWWU,34,SF
U6xPPGLp,26,SF
0BjHyo3P,37,London
iGEU0lEn,62,NY
fuFkdsnP,49,LA
fT8fH8lG,19,Berlin
WKqtZcO5,49,Berlin
rpljKwYs,62,SF
iRsnLk9F,26,NY
OgbSbHIP,47,LA
STdHTz9j,37,Berlin
58ypg6CF,55,NY
dYnMwDWr,18,LA
v3aMzBwz,22,SF
XIcG8SfY,52,London
aysKXf25,53,Berlin
6kXQWVyH,18,Berlin
gBCzriCS,31,LA
tCIbNtxj,26,London
UapmRNbl,47,NY
kadghkqo,41,SF
g7Q46i11,21,NY
UwgI3aLJ,67,LA
5yXLRoyf,31,Berlin
qdIgPhN8,42,Berlin
IaHjfTqS,21,NY
5pPuiLMO,42,SF
OJyohbBJ,27,LA
fzQCUehM,52,SF
dYp1sN9Z,24,LA
8B9ubsyW,59,SF
3vJ695IM,30,NY
z0NUmmaH,21,London
Ov1hC45S,67,LA
xAWGk5vP,60,NY
aRITm2NJ,53,Berlin
Vy8mNjzc,31,Berlin
VByYM8zH,35,SF
nI1WbOHS,25,Berlin
c6KoANbT,49,London
58dbtI1j,44,LA
G1lFNwXC,59,SF
sGylU3DF,54,LA
fZOyKQB0,40,LA
pOw0EC2q,24,NY
5UawUlz8,29,Berlin
GBzZavAj,42,LA
R4VDGYtY,20,London
6R9CTy5q,43,London
GEQkXG3Q,21,Berlin
RhLrhweB,59,Berlin
zxZY9iEX,53,SF
v04q4LFe,32,SF
md57ogJ0,49,SF
gOwQcPSx,46,Berlin
XqmoFcEL,27,LA
Ek6FOMUP,38,NY
x4DZWO1h,33,SF
1PMRGgXO,64,NY
W4o5qPw3,36,London
9s1HwdTA,46,Berlin
m76OKtUo,69,London
rytAH7LY,68,SF
sbMILTHq,35,LA
m9bGb1ld,61,SF
YrgjydQW,33,NY
G5TDBAZN,18,SF
EVvEskvO,65,LA
H27dOzay,19,LA
dhMaxHDa,32,Berlin
Tcdtp6T0,56,Berlin
nryvNqcD,45,LA
QXN0iado,18,LA
NuiDzqQp,22,NY
JjAhNWYQ,59,SF
Dhv0DtN4,39,Berlin
AhRTFQGR,53,NY
8qOAUJn7,63,SF
gPx9PNHV,30,Berlin
2qhwO4Nu,18,NY
CaP1Elou,33,London
6gkMRoVG,58,London
nvBfbAOM,39,Berlin
SwJ6vpU2,49,NY
oasbRwZK,33,SF
uO7a9TKI,68,SF
jPihutYV,32,NY
NSlaoRDD,63,London
Ov94oINu,69,NY
sKecXnHz,59,London
KwpMEB1s,29,London
lHkoTbhc,18,SF
FRt49snG,34,Berlin
AGIBJGCG,58,LA
cJVcwQgB,68,NY
YKMmMxPq,67,London
FkxpxGUF,45,NY
3XHgN0EG,24,Berlin
C326GwQs,26,Berlin
fusY8TUY,39,LA
bcVadviO,43,LA
ugNGnrs0,29,London
EWF8o49S,24,LA
cjFSROTl,63,London
Fszg2T0D,64,SF
fJmIWhEi,32,London
HyAx09Uq,55,LA
pErpCmib,38,NY
0rRb82ru,31,LA
FwJ1WFE4,19,Berlin
qR3Vi97u,25,LA
kdKacNS7,62,SF
rd1Coal2,23,London
xWkRQ0ke,54,Berlin
xwpGHiS5,54,London
Fbi1AOnJ,50,London
Wm5KFBS8,58,LA
Qrf1jCOO,23,NY
7ZYzaBRs,69,Berlin
OhaCEg6w,43,SF
JjopkMFh,56,SF
FAQ2vh92,58,NY
OxiWqFK4,54,NY
yRsSvwtd,31,LA
qpuFNP6w,54,SF
UdwX4BZx,25,Berlin
Uas41n0v,56,NY
O8VIORAk,30,NY
DTU4WbuK,30,NY
Q2IPmmvc,57,Berlin
GLyfd2BA,60,SF
mcZ3A2SN,45,Berlin
5vwRII0Z,35,Berlin
v0C3Ojqy,36,LA
HNIXvPgW,55,NY
2ppAoFHa,49,SF
HafTVhEr,39,LA
aehw50oN,19,LA
8Xb4FHvR,30,London
OlLW2ZG2,40,NY
pgrzKyHA,42,SF
ZMbskJBX,45,SF
Cmal552l,28,SF
12aIeaz2,50,NY
gDvv4MhD,41,SF
B1A8dXY8,19,Berlin
tv7wCUi3,47,Berlin
PFL5EtvY,34,NY
gSLZmEtg,57,SF
IhP4kbQy,51,London
rz9DeNc8,55,London
YkQEv43s,39,London
D7dtAOEH,22,Berlin
JMu4lEIq,65,London
L9SzyuNr,57,SF
qbWlmjN9,68,SF
3Jgpjq3u,33,London
IwLtuQjD,30,LA
nRbhFKLq,43,London
qGtbG1ab,48,LA
E1R98qFh,69,NY
nZNdPlnG,56,NY
j300EZSy,65,SF
EekE0XCo,40,Berlin
hDozLHxK,65,SF
nh12oSHj,29,SF
KO8zeugH,31,Berlin
8aQbwtfI,35,SF
zJQ0GOHt,44,Berlin
NT4Q9gHZ,45,SF
pMUi0uEY,35,NY
56a7R40x,33,LA
lFKD881K,69,SF
ZdsZzdp9,33,LA
IQTwWdxU,30,London
LVDJvNO0,46,SF
aPz9McmN,26,NY
BZmU5VAl,43,Berlin
beCrZHmK,45,NY
QOvXEUvQ,58,LA
kRaSEPWb,30,Berlin
KqP0rFGr,53,NY
18NnzjD1,26,NY
dObqDTTi,64,NY
k2dJwQMO,31,Berlin
w4CrHXFi,68,NY
bz6DzrMK,29,NY
dxpKVlN5,49,LA
29Jc9Sy2,55,NY
wCE7UjPm,20,NY
QyzBGWsA,69,London
uOnwqFRR,33,Berlin
ZtiXzcXc,37,London
cZwRvLWm,49,LA
4RN33iZK,40,London
7L9NQ3o8,34,SF
npKEkz9B,33,Berlin
L5B0TOdh,55,NY
FDHc7eCP,25,London
zxKJmOd0,36,London
vEPq8Yi6,47,NY
O25FsNhC,51,NY
Pl02ys8Z,31,LA
UgZz5Jox,39,London
8t562F8Q,61,London
7djgG5I1,34,SF
ykupqe1V,32,SF
7kcnizNJ,67,London
i42Lla5T,65,SF
255pjm8P,49,London
d0jmHuhq,30,Berlin
c0if7Uzb,38,LA
q0QFjCAb,66,SF
1kaTCKLb,57,London
WqtPIbNk,50,SF
7A2MCkQE,44,LA
13nGREtB,52,Berlin
dUxqM41H,33,NY
zmOz677o,45,NY
jqoV3kBd,51,SF
NtVVuoPU,64,London
qn2ox4zZ,18,LA
lbP0ILCQ,58,Berlin
lRqsiawj,65,Berlin
j9vzEGVL,48,Berlin
aBxhhQVR,53,NY
oXYuSb8k,61,LA
iR21VIIz,50,NY
wjT10ESD,50,SF
NV9Gl4dP,56,Berlin
nafddJkI,35,LA
kV5m70GF,40,Berlin
u3gF0Ard,40,NY
eYyT1K53,32,NY
wnDJ6fPj,43,NY
65UdImiG,47,Berlin
DR54upLn,42,LA
qjs4ztlp,62,LA
qlbMaUn9,33,SF
77AdBbAO,56,Berlin
ppjg75nv,65,SF
FYx0mWEe,62,SF
hIY3U6pk,31,SF
HFwOB2J2,34,SF
anJONJSO,29,NY
uEIDIOgU,46,SF
ASlhR1io,49,LA
shf9PmVt,41,SF
oK2q5bTq,69,NY
NoiIBaVU,30,London
W8U4AZfc,37,London
5WsD7N8L,32,London
Z8IQjz6n,21,Berlin
mSNIL7XY,51,LA
VtXFtOQw,45,NY
vS2bphuL,67,London
un8mn0eS,19,NY
uDvBoYdZ,64,NY
5Nh46V3g,47,Berlin
wlOsuFAy,43,London
YJ55qyRh,68,SF
ahbsujs0,64,NY
6zN0TWu5,43,London
wgdNW41m,37,NY
yhsf8CC8,59,Berlin
pCmg4KN4,45,Berlin
6CcmY84a,37,SF
nIUMIVKS,28,Berlin
PA7dJ17O,27,London
SJgl2lQP,40,Berlin
LgXgmM2y,54,SF
rnekabpb,58,LA
PWk8Gjt1,69,NY
MF7F4T1e,36,NY
rzQzzpZr,62,London
O5gKeVx1,35,SF
ME8t4zaj,66,SF
aSnJj2ui,44,SF
LRFWRgic,23,NY
K23fQP3R,27,Berlin
maizo3RK,19,NY
BkTd397Z,41,NY
2amoxFW9,55,NY
JrdbXxXQ,45,Berlin
mTSLpPtu,45,LA
X9xeqIo8,62,London
0qYRDtET,67,LA
afYLwXs2,56,LA
U9Nfjpt0,19,NY
zfLZ3VNU,63,LA
zw0DiyPa,22,NY
wL1rGgnq,67,NY
zqdB66FO,28,London
kL6WOF9D,27,SF
FSZaUNj2,60,NY
Jf2dZkUs,19,LA
bkbmAuE0,32,London
XIvm82FO,56,LA
VVe9XYtI,58,SF
ES1VhkqQ,54,Berlin
TlgWIsCy,24,SF
lJj1RsDN,37,London
bQh1Y5PK,51,SF
KMvcqnZN,52,SF
Lsdp2NMM,51,London
d92M5d2o,39,London
6n9WWa0m,48,LA
nfzFoKQJ,40,NY
1QM1xSyK,36,Berlin
QJchR3oj,21,Berlin
fKVwq4MQ,41,Berlin
r0yC2CTt,37,SF
wWETwSFA,56,London
bWER4dSf,45,London
7lXHJPCe,56,London
23plhETK,34,NY
sxy8qPJC,36,London
J2KyqfPT,65,London
7Kw1rdPv,52,SF
sot2r4of,49,LA
5UvIKK5M,64,Berlin
by27qiHf,63,SF
F4ZNnxhb,64,SF
PHFqihug,63,SF
PgGmRnRH,56,Berlin
VCSb6Ahh,52,SF
dquHiTZX,47,LA
jQKMJJM1,34,London
NXUSMG0x,59,LA
l49XJURO,64,London
BdOw9cX1,46,London
lvR6bs3l,23,SF
UnhyD3Gy,34,SF
KpzIL5wc,34,Berlin
0tRprBpv,31,NY
sX2MnQ5h,41,LA
ckblemJ7,67,Berlin
jdBFewCd,54,Berlin
xiCeiAIC,57,LA
8OJxaomG,56,LA
76aICoZG,49,London
9DQNMe8B,53,NY
m9ulUg3f,67,SF
AWkE8bl0,54,NY
JDCanmwW,65,NY
xzG7FpF8,31,SF
BWhwtQHe,44,NY
eHMfBQaW,36,Berlin
J8O98Sjg,48,Berlin
7goP8g8v,63,SF
NbQ95mv6,26,SF
0d2CumM2,55,LA
TBfAGHmg,34,LA
EkdPTjSD,36,NY
tpLUyZIy,61,NY
5dyiYbhM,21,SF
xHTnovbn,65,NY
xclGtdI9,28,London
QWe8FZME,39,Berlin
W6pB65pe,21,NY
5hbrv6CP,34,NY
pgaEbHx8,25,LA
FfVbVV6X,63,London
uB27kfLG,51,NY
tpxR7lvw,28,Berlin
HjmGjGZ1,48,NY
FB7k1xof,28,SF
SW9vat1T,55,London
4v1tUuy6,38,NY
6XdHyZv0,63,London
DiJYLjXs,47,NY
o5TkHMkf,27,Berlin
5oMM5N5d,43,Berlin
zqVe1ckd,44,London
14k1Uw8W,25,LA
WEjGYF3F,56,LA
32Vz5ahu,25,SF
cgx5COWn,25,LA
RlZseUbL,51,London
ihUzaMKk,33,LA
hbss5UzR,58,SF
YRrWmado,30,NY
V45gL1VP,40,LA
CtpRktUL,29,London
hYwvwjea,44,London
E1uaZIk5,39,SF
PryKjSsn,49,SF
rwLtlmGx,66,Berlin
4uajQbSC,44,Berlin
j4QW2HxJ,19,Berlin
iFMqzdN9,62,NY
nrajo57g,50,London
Pdgei6pH,43,Berlin
zszzzm9T,45,London
hwoJXfk5,36,SF
LpRV4ctJ,60,NY
qoWRRpS3,22,SF
YUqieeza,50,London
LcwNckWW,37,Berlin
fuNIgpPs,47,SF
5qV3yGIj,62,LA
GcetpN1E,25,NY
cOON7nFu,55,London
7qAgLj05,34,Berlin
caOJ97gl,61,SF
OQaubzSS,18,NY
9V5MVWYM,20,Berlin
URdPocoK,63,SF
DWPTgnag,43,London
iCLRruCH,48,LA
mhlKB3JZ,25,LA
H57n9dED,60,London
yKDauGhi,63,NY
XDpWyOS2,25,London
EVeWTFsz,52,SF
PIAo97wh,56,NY
tCRHL6tT,45,LA
5hfP9Kf4,68,SF
mbN4isA0,21,Berlin
LMPKA6BG,33,Berlin
MJa9IF5y,30,Berlin
8qVE1Nqc,37,LA
47YcIsae,68,London
gwENDen5,22,NY
OFLblpva,54,LA
ZM55b68j,37,SF
Z9mVpvdx,41,SF
f1Vq4EMI,53,Berlin
igyOZ9ZR,51,NY
owfOrJcx,62,Berlin
dRAqfqrT,65,SF
NYnGsCgu,51,SF
EGctFjND,36,London
od7oTdB3,34,London
GjSUMME7,22,London
3ToHMRZo,42,Berlin
qhARR8xf,35,NY
OnjVkjVx,67,London
vHYSMM0u,25,LA
8SsH3jYC,44,London
LTXFfFJ2,32,Berlin
MZ1CeGiL,62,NY
NH3Eygww,30,London
GaONgGd8,33,NY
8zeldmBL,39,LA
otB0YKYx,37,SF
qYSi3LtV,30,NY
YYqcNXpy,37,London
24y3uXgo,19,Berlin
cSObbtfV,52,Berlin
kLsxRDLC,64,Berlin
7vtNFrzJ,36,Berlin
gjsZig7j,62,NY
ksLHE0Yo,54,Berlin
dw7MXByo,23,SF
vRa445BA,31,LA
OCPcYHIW,21,NY
YvelKHSI,39,NY
nRfFApsw,68,Berlin
QNWb2bvt,56,Berlin
miLdIuaJ,53,NY
uQEuVApP,51,Berlin
kL31kapy,44,Berlin
1fmIGq9J,24,Berlin
fqrAU8c1,20,Berlin
luTNKllf,64,Berlin
pPLkSgFF,50,London
176VjK1H,19,London
Cn4VOZLo,59,London
ifA2hZ2A,33,NY
0CTBeCiB,42,LA
OISEzuNL,32,NY
EjAwD4cb,41,London
ifLuSwZP,32,NY
VyGkVCcj,48,LA
453O8OXx,31,Berlin
CpJ4orsl,31,SF
iklZZ5aP,23,London
nhbsrNaw,31,London
srYlk74L,34,LA
iejkVmCk,35,Berlin
b1HRr7Ex,37,Berlin
XNYuwLXr,68,SF
kWEJwKEV,34,Berlin
3UVVpgob,33,LA
FVXBdjuL,57,Berlin
gIVFPq04,56,LA
Z2PJ0yRP,69,London
7yzlbAiX,49,London
t9odz0iT,61,London
sGuDLO9s,26,NY
VrsBPKtB,44,London
cDYqsuCq,63,LA
hPkjKeHx,69,SF
8L6FeRvZ,50,Berlin
RLtdGAIY,27,London
CI6dTPAV,34,NY
JGaSxEFj,66,NY
JTL9tWE4,66,LA
BFCkFdut,53,SF
lNMoEKt4,34,London
5Q4iqczr,35,London
Z1UEMNTQ,69,NY
lJFyGwYv,40,LA
zbb7WDK3,51,NY
DST8YPfG,25,NY
MOgpvF0z,30,SF
wk5RH9wd,40,LA
HmBYiY4p,37,SF
ibUrRfSU,39,LA
FMjBpXz6,64,London
SHcboRik,69,Berlin
utbtRbER,40,Berlin
7ZOAc2ca,58,LA
O3piw6Fz,52,Berlin
cLyikckQ,20,NY
hMFuyEGR,51,London
EhxhxhBE,50,London
zacBHQna,63,Berlin
hdPqKvvq,34,LA
1UnP85VT,62,NY
FWMrtxZI,36,LA
BP4MxUTN,47,Berlin
fOQeRqxP,40,London
nAnReHKB,32,London
Y1CHZsGs,31,LA
0fAl9nBu,19,SF
QVusZ9Wz,56,LA
HVhqhStl,66,SF
oG1jdusa,35,LA
Es54Vpja,23,SF
YuKjSD0O,49,SF
OxYPfTxC,38,SF
9t3w2u7L,57,SF
tFmQ5bo4,45,NY
UTyuVYtj,44,SF
TDESZaF1,19,SF
tI8LXdtS,50,London
xPbUsl6U,33,NY
dC3rgCPv,56,SF
ahcHunNQ,39,Berlin
1qFjMp3W,60,NY
Wq1Q4F6D,64,London
Dk6mXCAe,30,LA
Amhw4OXM,19,London
34QTCdHv,31,London
vyqUAxgA,55,NY
bknon4Sw,58,NY
5C3gh6Ib,45,Berlin
OpDJbujW,24,Berlin
6DbiCEk6,35,NY
NTQPI3Ej,58,NY
WFjya1mU,53,NY
5xr97Ajo,58,LA
xg87WKmj,53,London
vJln8KMo,61,Berlin
gL7Q7wfT,21,Berlin
uO7JWk6d,47,SF
IgRB3Luc,41,LA
dGZLg9hb,37,NY
yIbor719,63,NY
yZBXF5LR,48,LA
ZXAxaJcn,41,Berlin
JoKZUP5d,24,NY
qza9324K,43,SF
nMSjk26X,30,Berlin
dt9UE1uV,25,London
g5rage2E,22,LA
W2ieDptv,61,Berlin
Qs2UAP5D,30,London
xqfNlXts,46,SF
fWuMhMZt,37,LA
WuT8Y86p,31,NY
a7hlDLsx,49,NY
40et0BAJ,67,London
hmWhEfxC,44,Berlin
t8ftEuBc,42,SF
gpObVZyO,69,London
OJPhVrr4,21,SF
Snp9cuf5,38,SF
XsWLLzyi,35,SF
pomhjzl2,56,LA
Nr3TtRwA,32,London
PhLCXLzP,55,LA
5An1JzCt,65,Berlin
pBSFd0Ku,69,Berlin
RjdubWWx,41,NY
Hm2PC3nd,25,NY
Elg8rF87,45,NY
CnX9hHCv,38,Berlin
0C8PtlgX,33,SF
sRfZOp3u,33,SF
x0LgDQrg,52,London
CAPUIlrR,34,Berlin
kMGAhjP0,26,NY
1TjnNSzH,52,Berlin
QOEkJIKy,69,SF
LW91LEHM,46,SF
7pqjFV1K,56,LA
PMwBKREv,35,LA
rFq0txQ0,29,London
hoPBzkAB,36,Berlin
6bFSuBzX,65,LA
Ye12rLxy,39,LA
7An44JDL,66,Berlin
aBaayzS0,69,SF
VQQi5TZW,32,London
YEm2uaqb,18,London
SIdOSZT3,19,London
yIt9LRbk,25,LA
S0qbKtXg,39,SF
EmnLKC0s,42,London
Ymz7lDne,19,Berlin
YnFYNE2t,68,London
AXYvOzp5,26,NY
Q5WKTisg,26,SF
CVL7hGS1,30,NY
uIkUn5tK,23,SF
OtM5unCW,47,Berlin
NPOIdLuh,32,LA
ep3eIT5Y,68,LA
kJb3WBml,32,SF
hxQAKVQS,67,London
FOmDaJEn,24,NY
g9UMZMEE,28,Berlin
fJXAtdjz,57,London
pfX5of5G,55,LA
cq5GiuxA,57,London
lH5Vs0jX,19,NY
C6iNr7xE,68,LA
YHBpsfzb,65,SF
R6YD4NEp,56,Berlin
l9UwbcVX,27,Berlin
qnuAa2uW,61,LA
WqQknBzV,34,SF
KlsiPJPj,24,NY
guJJJyUB,57,Berlin
cFwqTgFA,56,LA
LONaQpRx,21,Berlin
tiAnVsHT,52,SF
ZKTrcJsN,68,NY
BzSEPuQg,64,SF
7JhU2PZB,53,London
wQDnUbjO,48,SF
DtEiq70I,42,SF
lxSEC1Ih,58,Berlin
ep8BoSm3,30,SF
OU9ccgu2,35,LA
saN7pvnp,38,Berlin
Bw3mPgr6,65,Berlin
lLA6UM9Z,18,London
RyVIjFXI,53,LA
HsD17em5,67,SF
e8vfDOc7,25,London
Nk9bFZWY,69,LA
gjV4hVTi,65,London
cz3I0l5Y,38,NY
RRwOAZNN,60,SF
Ant609aU,69,London
7Ywzzumi,38,NY
fgQQ7ZpG,44,SF
Oc91LddC,36,London
oJ6M5lGh,40,London
7ah95mQG,68,London
2CRgo2kB,67,London
fCfwyg9R,68,Berlin
nby23hsR,60,London
Gcm96SWx,52,Berlin
N53P7AnU,57,Berlin
hmgLkLnl,69,NY
osEPcWdb,68,SF
VBwxzxRA,59,Berlin
GddJ0L5E,65,LA
mHlcrawn,22,Berlin
TNmwjwKj,69,LA
1mbW6tPH,58,NY
puHn7VaL,25,LA
VOUMla2C,28,NY
2TKFv5wX,33,NY
R9j3GZsH,56,NY
YS5iuzKI,64,LA
Fl7jgbLB,41,LA
fkRIQ456,38,NY
wuL0vrkZ,69,NY
Gwgzh4e8,40,SF
wKCJSl4U,66,NY
WgjkQkMH,55,London
UxhvurQz,64,SF
avxMlTx7,25,SF
d6UOTv8D,24,SF
7KKkdi3O,19,London
xDkzJGbe,47,SF
49RzC5DI,30,SF
nDEn8WXN,40,LA
DPf24jKf,46,LA
EMWpxlVj,55,NY
Hycggjs9,54,NY
zrqOMzGj,37,Berlin
Homf8qHs,50,London
FSgiam9C,46,LA
8Q8GXf8D,67,NY
EFTWMEFm,32,London
rMGxsjw9,40,SF
TtS1wy09,59,London
UlGJig4K,20,LA
1RYbH7gY,54,Berlin
liGcpf3M,46,LA
Ecyffjw0,62,NY
SIxhE0cF,25,NY
5FmkKe0Z,39,London
W2lNCHsw,46,LA
7ioVL7Gv,19,NY
MKHTT5ld,58,SF
wXq6X4al,66,SF
fXZESovU,67,Berlin
HCMvi3TS,62,London
vmzKFG3I,18,NY
P10R1bBZ,61,Berlin
c8MzngTN,37,SF
DRExrMPj,69,Berlin
Jmc5ZklI,38,Berlin
pVcJ5Hzs,54,NY
c72i3nAS,25,NY
ShxkIlKp,44,NY
kYLfLe3w,64,London
sfnFweOb,52,Berlin
e5uNTTgX,23,Berlin
XWsXSiJq,62,London
6Th31ZxI,61,SF
BYCAPhZI,36,LA
0W9sNJsc,35,SF
ii1QM6WE,18,London
bF2Cpeqs,42,Berlin
HRz7wDBC,44,Berlin
VmeTGx3m,24,NY
Bx3Qmkdr,61,NY
eywZLuDQ,59,Berlin
VjoQ54dh,46,Berlin
kEfK41iR,48,NY
Bjii9pXM,61,NY
dBkiTbWn,60,SF
aa98nj0N,53,Berlin
q2r4gPBr,36,Berlin
HBwp4awT,23,London
1VYOpMdJ,42,SF
JRXm8T3v,48,LA
4k1lWpWf,26,LA
zg6YkNvx,37,LA
KcGhfdOW,27,NY
8E0tlXE3,54,LA
mQ8ZQFk1,44,London
7922oOe7,30,NY
XC4CcnSv,58,NY
BOzVnY1b,19,LA
mJMLWB1i,67,NY
U2VcGbpi,38,SF
g97hJw9g,50,SF
gJStqf8r,41,LA
GjgWxHyd,61,London
xunzT0Pf,59,NY
ZqCXx0Ce,51,Berlin
21QpmUk6,26,LA
Cyl0nxw5,19,NY
jtOfzMwO,47,LA
WMbaXACu,39,LA
HNlDnCLW,63,London
W53VmR32,28,Berlin
SzDNuzv2,60,NY
ROwstnXR,34,LA
j4pgpK8J,53,LA
PWeST287,30,NY
z2f4ELrH,24,LA
UcE2OmrF,33,LA
fk7Kwr6d,50,LA
9b243gfX,62,SF
ip5zmdJo,18,SF
JKKMjEs4,28,Berlin
oLWoGZ13,23,London
VzU0qcdt,37,NY
umnhoaLt,52,London
JTRe1ldX,61,London
tkJu6IUZ,54,SF
nw1xaJRs,58,Berlin
Rs25wAKa,43,London
3yvthvts,29,London
KwspDmYM,47,LA
7d1kOhfh,45,NY
WSqnJVb6,44,Berlin
rlCi9OBK,59,NY
M6IELgD8,36,SF
OrdSYpoD,22,London
QPYDFs9w,22,London
cIAOHIeJ,58,NY
2YqE8vne,44,SF
j5CDAxJK,45,LA
wfWdXjM2,43,LA
jCozzzQa,44,London
IMzQYtxe,69,London
gTVtKF9P,66,Berlin
Gfva4Nt3,59,NY
Rwyl9FtO,38,London
sTVsrosV,18,SF
1JQFD43S,45,NY
HWF7690g,65,Berlin
KhwRyRiI,32,LA
KIypnT3f,34,Berlin
4GizqXY6,43,NY
d4S1XxgC,37,LA
dNkQ1MLj,42,SF
bfVrbZAr,30,LA
s6aXMohi,50,LA
CsYnv3zQ,42,SF
YtHIY5bC,25,London
LQrm35vp,22,London
ky6Ph2Y8,23,LA
CahOfJF0,40,LA
48L4JNw9,69,Berlin
GGGix0R3,47,London
VdOO7kYF,31,SF
hegFvVz3,40,LA
91oHfxIq,28,LA
iyDhLcml,48,Berlin
2xjWBTdR,23,Berlin
WJbNtjd3,28,Berlin
ifEvcxZi,30,NY
CyXNpShk,29,SF
NLSZHUxZ,19,NY
apyGIErg,52,LA
wupo9y9k,53,Berlin
VMBVyUUP,34,Berlin
HBQGbH55,45,Berlin
9XkcDVPK,45,London
jxi4PSFD,39,SF
uyyeNr1O,55,NY
1uKvnaDz,24,SF
9iGslOft,32,Berlin
bytnR1K4,49,LA
z96an72v,28,London
ZIA1qG3G,41,SF
WRTwP5j5,20,LA
sDN3izkO,47,Berlin
FkKuufVR,23,Berlin
ZxS2qZaQ,19,Berlin
yLC5fL7j,31,Berlin
Z8egA42Z,58,London
lQTxyhKK,35,London
aRo9YPCT,68,SF
7D0V7Lka,61,Berlin
2WzOgPID,48,London
vk1EdHnM,30,LA
4XrCPgi7,43,London
1b9Mw2aJ,61,London
DgsaMHBy,29,SF
2qt06XYj,35,London
9Ym5b7D0,26,LA
la5Ec4Qp,66,Berlin
iy7QVIHK,38,NY
WvJfdyX9,65,SF
A2Dcm9HI,66,LA
ivHQcXfD,57,SF
tycpOfdb,60,Berlin
iflqnBtJ,41,London
6AFJ5k17,51,London
pci8A8MK,25,LA
KJGA1uOb,61,Berlin
DFoaouk2,50,NY
KKL6G2i8,40,NY
QDDSbIp4,30,London
I1KRHlVW,66,Berlin
ePKCJRfo,31,Berlin
AvvlvB1K,31,LA
RZHNETr2,33,NY
s9O8Lf0z,66,LA
OEqappBN,55,SF
0o6VxrnN,56,Berlin
AsTxe7vK,43,NY
S7R7m3ea,43,LA
1xKNcvcV,18,London
itNTkoqW,49,SF
uXfUVpp9,32,LA
L4MTR2Cx,69,London
AzJesIvq,38,NY
eyDnEhr7,35,NY
EftoTz6z,47,SF
ZRNmlX1I,30,London
G6zxGuUe,41,Berlin
T0r3Seim,47,NY
KlK84vGi,19,Berlin
I1aJqn4f,36,Berlin
zKtOA23Q,64,LA
UQNqVcIL,61,LA
7Vd0mMIk,64,NY
CTA7OxzN,42,Berlin
yxVlK5I8,67,LA
kOt3sAtU,31,London
xcRVP03M,23,London
IRSwHMPz,29,London
XG8sdrhG,37,London
4bl0nPLT,40,Berlin
6unGFiqR,47,London
TZdLetTj,47,Berlin
fIsQZjP7,55,NY
D2FrRvqP,47,NY
NhZ7OJZj,58,London
N4lOKMHd,47,London
3zsYLpwx,53,London
XMFpE53R,66,NY
MTY1YFZu,51,LA
C3dyztqI,33,NY
wnpA0YBb,41,London
0dOdxxZB,31,LA
mlXzVEeS,43,LA
iFWqghoo,25,SF
bkIAbIEt,31,Berlin
ZYGE6KqY,48,London
zoqFwoDW,19,Berlin
A683vEuL,65,SF
xwGFV93R,21,Berlin
KY6yAE1t,18,London
PmbU3wiX,37,SF
5COx0dcX,31,Berlin
3YkmUfCV,57,NY
U988tvMi,42,LA
xiqNlQhL,42,SF
8ynYM2CJ,20,NY
pC9rKP53,22,London
2cgVDoJO,55,LA
5kLgAVS8,43,SF
fby0VrL5,57,LA
SdIK37HS,55,SF
GXPDF3JN,55,SF
bbvk0BMK,21,Berlin
5TTCyp6c,24,LA
F70gRmv1,47,LA
0FwhBRa3,47,NY
RPRmVQBP,36,London
H1Tg9xKQ,56,NY
QbAszvTJ,52,Berlin
BUpsxOQF,57,SF
gEf1NdEA,50,Berlin
ghMsqeIm,50,Berlin
GFH7zpjy,31,NY
Hfzvv1nk,55,SF
NDeZh2Hw,27,London
5rlzf6K8,45,Berlin
SRQn9RvQ,31,London
XuG9ma64,53,SF
GfE8XW0R,55,SF
LFiqGno6,33,NY
0MDsyEhK,38,LA
Ign4MKLG,45,NY
DMEkrZhQ,50,London
7XACumSX,23,NY
z9gPQFI5,58,SF
lZT6WNPG,32,Berlin
iEJ0vn87,61,LA
VBi1FgPs,20,SF
1ZWYZqoJ,60,Berlin
RDhwhSl4,64,London
zL5SEF3B,52,London
derEhd2f,31,London
7FOnfj84,19,NY
DppkYNAL,46,London
5QOsFmBn,21,London
FTfc9AgN,43,NY
QGIp8nIV,68,Berlin
ARZZwtZj,29,SF
pKqZOzfI,19,LA
3ZfFV84k,34,London
MFNMt6LK,52,London
Dgv3vo05,27,London
uxFQFOF3,65,NY
4OdZFpWX,39,NY
3MUKCfmP,58,NY
j99z8IKo,60,LA
WFo9JsMP,38,SF
3a6WCDZn,32,London
XT8SCSuY,52,Berlin
n0qpizOh,65,London
3ffkbcTU,38,London
fBz45yai,38,London
ua8WmTXg,38,London
Rivl24iK,61,SF
FWuiOpGH,49,Berlin
uPWOEYDy,22,NY
md6ZvGG6,56,Berlin
adbP5m8S,26,London
1fvCwRTT,35,Berlin
nmDSJzci,38,London
GQzR5gi9,25,Berlin
cORrTiKV,61,LA
NC6qqSt4,69,Berlin
zfjZZCVj,51,NY
hPQvGbEf,27,NY
hT2aPW4O,68,Berlin
5gVfXnC4,58,Berlin
LF0qZck7,41,SF
FSuFqsqO,57,Berlin
0apqSGTZ,41,NY
oZUPevOk,49,LA
UjNR5kwZ,50,NY
nrXRnfeV,55,SF
De0Ej43x,61,Berlin
Y9SKbQg0,68,LA
NCAo3xAg,66,NY
n1cB8599,51,LA
jghbBoTC,28,London
ox7GrpjR,48,NY
s7qhAbKF,35,London
nZkjnDEo,40,LA
UUN1otXy,39,Berlin
fNvOv5tE,60,Berlin
HxFxUKy6,35,Berlin
T2bw6zHS,57,London
oHqV8PeC,64,Berlin
6HaRL6zz,58,SF
nAllIjWx,64,NY
7fK3lPv5,56,NY
OCCdjmw3,37,LA
25McprNZ,30,London
h9s1ASEJ,62,NY
rXMWIIcq,18,London
FXTgiVeg,69,LA
Zs3bA0BK,21,Berlin
pO1rzc02,41,LA
ItPXiiME,53,SF
XVM4JMBJ,53,Berlin
QSYZTUPH,62,Berlin
1W8UFWvn,19,Berlin
DQDwPd1n,45,LA
C4eP9xtR,43,SF
AQRa10qK,40,London
D5pudNwI,32,LA
vvu0ikeJ,53,NY
r89aZOpS,44,NY
Seeai8VE,23,LA
i07JwvrJ,52,London
DAqqG5pT,56,NY
wEnIyQ9z,55,London
Krx5wCni,52,Berlin
rP9jHjzI,53,LA
AYS1DzFj,27,Berlin
D37j84rD,47,NY
pwN7Gv89,58,London
2VKPN2EM,55,Berlin
MDHiIzt0,46,NY
jg91J5nw,69,SF
7Xl4qkyL,60,Berlin
Ln1F2QsL,56,SF
QL7Mhkkt,67,SF
rCpN9LS9,21,NY
1KlRMLSI,22,LA
J7F2CWMw,21,London
N7ynJTgg,53,NY
yGl2ZdaL,62,Berlin
CHiQ7Jsx,33,London
EbEb12ze,42,LA
iPpgfym3,31,NY
NQSvyZet,28,LA
zR9CC4JK,46,Berlin
MgLVRQ9m,51,NY
M11luCTD,39,Berlin
fcqw8CTi,31,London
2qG1XoaT,41,London
aE5mRVQh,56,LA
447gmWq8,43,LA
1Rr5a0LO,60,London
joVLtdkS,53,SF
Ox0kQLQK,56,London
7txjMG8l,33,NY
rImgX9S7,55,Berlin
rAhv5z3J,49,London
nNWB4HV3,23,London
I3RihIyC,51,Berlin
W2g6ub4F,25,Berlin
fA5UHHaN,47,NY
KAoKlNHL,44,Berlin
fGkRGRVf,24,LA
FSSSPumc,44,London
N4zuvEg5,42,Berlin
RiGNfMaz,63,NY
z7SiH1a5,58,Berlin
6mDEMq86,32,London
Y3ZKkjp4,42,SF
XIP75Oja,39,Berlin
QvJkEWvW,35,LA
haKoEo9J,29,London
XkYSsWPB,40,NY
FHryTp5u,68,London
by25AMNr,62,SF
YDhVZ6bD,56,NY
gW7Y1OP2,42,SF
tAzNCnTV,27,SF
TGrXyudg,47,LA
maEXmD5Y,27,Berlin
ZcU2gD1E,51,LA
hfgpyGZU,63,LA
H7gWkiyO,30,LA
CW0kpUlA,46,NY
o9c7JYI6,55,Berlin
XUQfy8Tx,58,Berlin
2Vhsrk7i,62,NY
0eQlks3W,26,LA
98ElI7Wv,30,LA
Q1uEOJia,54,SF
lFtsB5vs,31,SF
3X0xHbRl,54,London
toIZXQO1,26,SF
SzLg0O63,25,Berlin
l6uuVEX2,56,NY
wdGUCNjm,57,LA
lJIZhSla,20,London
0MiCEHhu,64,SF
C7RnF3Au,57,London
wTbUxmmp,50,NY
ydUDtUSu,49,NY
W5qspMDe,24,London
OWDdCJ3Z,36,London
c9PGwCHw,51,London
AU87HT9P,31,LA
up4c2n25,67,Berlin
2SLxZbsQ,64,SF
irvZ9Df6,63,SF
J6tFo4u2,36,SF
FzgPxIlP,68,London
mXQuGDz1,43,London
S1tn7j7X,34,London
RnQryD4h,45,LA
NTnhYwfe,36,LA
eEZUQ9Ct,44,LA
xJL2txke,65,LA
3g4eppUI,69,NY
ISWB03Vd,36,LA
OosX65XC,50,LA
MlzENZAn,68,LA
JAhBBcgC,24,SF
qmSpjfDt,46,SF
j9pyqbvR,60,SF
dIF7jhdd,22,Berlin
l3IkR0rM,47,NY
B6vZupyO,66,London
u2uWWZQY,60,LA
H23vYGoH,25,SF
dnK9cO5R,59,NY
288Kt4u3,29,LA
1DfT3RHk,59,Berlin
1jDneGq3,30,London
nubqg08X,43,LA
WHoQ2mIK,35,London
8MoC4Et6,59,LA
BboxNxP1,68,Berlin
HxNjvDLB,69,NY
xvVzi4Ek,66,London
rLfis67o,37,London
ZVkVcdkQ,33,NY
L4NOvHEc,54,London
T0eGvtRS,20,SF
jCRwiuKA,44,NY
8lL3CdZE,32,Berlin
FmJPV0jF,51,LA
ggWYo5FO,62,LA
wizvi5pq,39,NY
pRHb3BWk,57,SF
C1D1TiAq,40,Berlin
JglIVZuJ,66,LA
HRiN396F,21,LA
BVpuvmII,68,SF
D4WxLW45,58,London
Tey3R2qW,40,NY
5hFUEkBq,64,SF
ZMUfSDeX,26,SF
l5AYO4aY,41,SF
gWNwnawl,38,SF
fgpnEY1r,58,London
0Zx5sdLy,63,Berlin
yr7dcm88,33,SF
tSkbPKc8,42,SF
fDYsxfnm,43,NY
tUsAv8Jm,66,LA
0Gfm5iVy,62,London
QB3lPYBh,26,SF
3m9RQYS8,32,Berlin
EBg8L5P7,56,Berlin
i9IywXkN,50,Berlin
dRMqwJ6w,18,NY
TzuS4g2t,22,Berlin
nzoUtspZ,26,NY
Vjw5SHH4,61,London
QYmhqxV6,23,Berlin
JiQVNEdX,45,LA
L0rAuxM4,62,SF
UNpwpIdm,43,London
BTuxihe9,45,LA
qEzp4bJa,57,London
H5sm7hyT,32,Berlin
04d6wY41,23,London
SxI4Pd62,44,London
TNZT7eE5,55,London
Zo4zJ76B,21,NY
zroRtExb,28,LA
bCnDkrtM,38,Berlin
MSTWjbWW,47,SF
ln9Nu73V,35,Berlin
ASQZPW4G,52,Berlin
pLVxeJpy,20,NY
8HXGZ7QD,29,NY
U8F0Jx9E,44,London
zOOiK73z,47,Berlin
7kLxHAsa,38,LA
EHdKcSbl,55,NY
IQFomOXY,38,NY
OORfAVD0,55,LA
7VizKfpi,57,NY
rEvkvRso,32,LA
HmZ1ikeD,35,SF
dv5BuTaD,69,LA
I2qjxh1B,46,SF
Cw5iWVxC,65,London
dz5xggq3,55,London
0ifV3Pg3,38,NY
wzylbY1V,34,LA
MT3pUwAP,58,NY
20qDZ1h7,68,LA
VOeHCEaY,35,NY
qrA69Qnz,54,London
ThvrdHnl,55,London
RwlH5hPh,29,NY
BppoMWck,28,LA
8FIAhpMC,65,Berlin
gpEIUQpc,69,LA
Rbi8javQ,66,NY
qfpHUHeI,37,LA
oDJC9067,26,SF
M33p6Pz2,18,LA
tIv0g2dO,20,London
hnm7Bd6A,38,London
VykEJ3qD,40,SF
wouvMEVN,26,LA
TKp3GB1k,36,Berlin
8Pqjjt1S,62,LA
8m97UR90,63,London
Cn7iha9E,69,London
UIdBQds1,36,NY
z0MaR2Dl,40,London
eDYU004O,44,NY
TNiXOVIh,44,London
quRulB6E,56,London
I9E52QJG,53,Berlin
8UJSXWxS,29,NY
HtZ7OXcv,44,NY
nxYB5qqI,63,London
kkc4X20A,51,NY
AWYXp7qj,50,London
G0SzFaml,45,London
VDGCcCBP,48,LA
H8mQfKF7,49,NY
jAqPOKFQ,67,SF
MzhR7Kuo,37,NY
dqOeZOu9,57,NY
wIWF59ER,52,Berlin
yE4jH8Cn,48,SF
bgePvnIo,48,SF
99uudbZJ,55,Berlin
lGWbGNpT,39,Berlin
5y7M8n3d,62,NY
cmcyQuVD,58,LA
aLZO27Ij,26,Berlin
rkksfOuh,69,SF
f2jFwIJv,26,SF
GTf84NLX,32,NY
h8GHXe2g,30,LA
56HJSEtT,39,London
7gK73rrG,33,Berlin
krgGAtoN,49,Berlin
mLcbkLSf,19,NY
TLqa344y,43,LA
nrYEbSgs,31,SF
x1SVtRnc,55,SF
M2YppXTs,51,London
VYQThga6,25,SF
eyunshOA,53,Berlin
kWzoMVzm,38,London
uIY0A30R,63,LA
2mXRPkRq,60,London
GcAzV85V,45,LA
JztsSUMk,63,SF
2tru2CAk,61,NY
sKlop3HD,65,London
e1OtpHi3,23,London
Dcz72Cgn,37,Berlin
UC4FFdYa,48,Berlin
j4QPs557,50,LA
GGNzwHcf,61,NY
YGpMUWHI,24,Berlin
2OF5zuas,25,Berlin
9NmdE66P,26,SF
cVHjCnHJ,19,SF
LV9UV6uD,34,Berlin
tSymr9RY,69,LA
cw2nIt6F,62,NY
c62swGAG,54,Berlin
dQvEFqJ9,59,LA
wVbT725H,61,LA
rTVGOucV,34,Berlin
Av22J928,55,LA
BaPRUEIc,52,London
UgcB7qbm,64,LA
zK99eTTJ,56,Berlin
m3yf8NnL,47,LA
76NjQtas,23,Berlin
mH9ksSLL,21,SF
NqLm5gH4,68,Berlin
lGmYmWX7,54,LA
vj8uY4N4,52,Berlin
HLcBWx9d,26,NY
MPgqtVPp,23,Berlin
d6HoNehu,30,Berlin
Gl37Q1Af,39,NY
genuYV1v,45,NY
FqfvX18r,47,NY
ov4GNEDe,69,London
YYn2qCIo,53,Berlin
fUJ282wd,19,NY
OsuCdE47,53,NY
2Ege815z,25,SF
jzJh4kQ4,62,London
N29cPcBC,59,Berlin
dJBQ0qht,67,LA
ugZOQQuw,26,London
Lp1x3RKB,18,London
Yyp1G2Hs,30,SF
pmC0jfV6,67,Berlin
F0WT3IV9,32,Berlin
7t8cS08Y,49,NY
1QoXROTg,51,NY
LrBFRoGU,60,London
MklMlfwo,48,SF
rcCLPgNA,31,Berlin
etUYU2hK,64,SF
vGhSqDXm,31,LA
LNWtBmIv,65,Berlin
2RiiCsC8,46,NY
rxBNn0N6,64,London
NPwCHBJo,36,SF
yYH3SWMb,44,NY
2FJmxU2k,26,London
9uEHGE3i,54,NY
e36XX0W5,54,Berlin
gAgxMPut,60,SF
mTDfKZQQ,45,LA
qVjFDnpy,69,NY
jAe3PhTM,41,SF
cI2KeAjW,45,Berlin
5SU0Ye4x,53,NY
4mFPASue,69,Berlin
7kC3zA9m,35,LA
WnVeszDx,42,LA
EEWYJH9b,52,London
a2sOFrxw,21,London
LKX3niPk,31,London
Jq5kJluA,56,Berlin
tnGaetFu,43,London
PlDW2Vdr,25,SF
R6vrA6T6,41,Berlin
FRlkzcxm,33,Berlin
fjEZBCAy,37,London
YUclzxJq,32,London
xEKXdp0D,24,Berlin
zjiB6MzN,34,LA
OjzL3UX7,39,LA
3ieF1EyH,39,London
27y0Fxbk,29,LA
Ar25qhfo,35,SF
pPBlZa5o,63,SF
X7I7VCTH,64,SF
dqaz3Iay,32,Berlin
JZDuw4xB,54,Berlin
yRu6waUM,33,Berlin
MZCLUveq,22,Berlin
PmGRUQpc,19,Berlin
auWP1IXS,69,London
nOY8ZG0v,45,LA
Oy2fXZwA,58,London
l0OzrRJy,44,LA
lgLEqm70,48,London
3jQBNWrS,58,SF
fprGAGTQ,53,NY
vcycxJq5,64,Berlin
BadXW14C,60,NY
Vv5yd1OG,18,NY
ZzUcaShI,67,SF
IRdpqS1L,46,NY
LK4EZBZA,18,NY
9IfFMzcn,25,SF
NFXXXGs7,33,LA
HH6Ui8BO,45,London
SLBPmUs0,39,NY
Gc7pDqt2,35,Berlin
CeMGvvmK,39,SF
qmmwaIl1,58,NY
FNi2IuW6,29,LA
1kfyTZTB,36,LA
6WWrYZdi,42,Berlin
oq56dEoe,67,NY
bnEbTMa3,22,Berlin
EMJH7Lyw,51,LA
HtrdqZL2,56,LA
BL81Jdjn,27,London
RshuaaVR,64,LA
JRKmvfFn,24,SF
53IJpVKt,54,London
oAzqm1C0,64,Berlin
97CUKoRm,69,LA
GiyUCGk6,69,SF
PUXqIBS8,32,London
9t7L50uD,59,SF
xrrLbiPW,41,London
hcKXJI9j,43,London
O4i95YBU,43,London
gqKDHM4A,63,Berlin
wt1ZY6QG,43,London
oa3pYjzU,27,London
jcLI74pT,34,SF
g3HspEZZ,31,London
AkWJWHYl,19,Berlin
WM61fLCP,65,SF
MDyy6VWr,30,London
0e4rlcTq,44,SF
F63k6EI0,26,Berlin
IsUYcyTi,24,SF
7yTd8pul,65,Berlin
FCwrjH0k,27,LA
ElZNbHCE,26,London
wviFn8kJ,39,Berlin
loBgQPZl,40,London
gJ0hymqP,24,Berlin
LA70Ocfq,65,NY
4iGL9qQu,26,NY
qmrhEW9b,44,NY
NUbXkuwM,41,Berlin
TOw1nqP8,46,London
gpsJmfJK,34,NY
Lqfp6yHQ,37,London
e3hWJKZq,24,Berlin
jMhe9CiY,60,London
Oyoabogg,57,London
8fdzmeSB,24,NY
jVJnjGEN,45,SF
D9FyxShH,36,LA
N6Se4RlR,37,Berlin
bDoZwwmU,61,Berlin
3bjfFFPz,56,Berlin
KcJxUuSH,57,LA
0FjaghA3,24,SF
LKgyxvSd,23,London
Iziuum39,42,Berlin
QMqJFyIf,58,London
pD7MYEZX,30,NY
Geo5jV61,56,NY
vZJ2EVy0,57,NY
APzRH9uB,39,Berlin
zuD3hy1a,66,LA
Lr4hF9wX,34,Berlin
VOz066uZ,65,NY
ZKo78EhG,39,NY
D7F6l3hB,51,Berlin
SWxyd1b8,25,LA
FsCOglhD,66,LA
ncK9wQqd,62,London
iKfdgV70,35,SF
LLX9KQ5t,41,NY
sYbsUJZ0,59,LA
m0kcYakB,19,NY
lmIyQ5zw,19,SF
PAii9x3V,44,NY
Uuca1ILf,31,LA
IwPt6v34,65,London
f58PMMgC,56,Berlin
5o2SFFoD,29,Berlin
BdYv2OJv,49,LA
KozLwLRL,45,LA
sNhugEyg,45,SF
x8vroulj,63,NY
SgsIdrnF,42,SF
oFlNQuOp,21,Berlin
goBeHwEv,43,NY
xk6u7mfg,53,SF
rHyeuS1Z,67,Berlin
ER4JKJHc,20,NY
avsonwJ0,18,London
M4OWaz3e,34,London
L7VxFTnh,24,SF
89Tzazf2,65,LA
FfSvS7P5,22,NY
X7JBKS5F,36,SF
8fzFCwof,56,LA
8B7nuHVC,63,LA
i2yK0n55,51,NY
I7Nnkuv7,52,NY
PV1ZEyBc,66,LA
lXjruGdS,33,Berlin
SEc36qiq,57,SF
OgFJEu5j,67,NY
29TQIAVh,64,LA
5eAy60fO,56,Berlin
JIg7NHU9,44,London
jNAb0EuI,58,LA
egDJjg4j,55,Berlin
dEvNL36Z,67,London
z2tQdimk,67,Berlin
VvWHSXB8,42,NY
SjtMghDv,43,LA
dsydVHYR,31,London
bXigQ4eD,31,Berlin
xYBfDLWo,31,London
0bhCHLrp,42,SF
2f1NVcdy,53,LA
SE8pKgIp,21,NY
1codrI2l,64,London
iEV4Zush,32,Berlin
oGqhsPGC,49,London
qFglCo8N,35,Berlin
y3U8UbLM,31,London
72sqQew7,18,NY
620JQMKp,59,NY
7adOz1Sz,37,LA
TKS78BJf,27,NY
yXxpZluO,27,London
bYzbunwV,41,London
3K6Z8X8E,51,NY
kaMTZwCK,45,SF
BI8Mf0BG,44,London
pv0agdjT,57,LA
3PyBnB8P,18,SF
6eBVj3ac,50,NY
S3wHxY5i,21,Berlin
BmirgYlv,24,London
B9oJBwpB,26,Berlin
wovXZqLl,33,LA
FCuhoN3s,22,SF
PwIgujA9,51,Berlin
mMBF5qin,40,LA
WrFwlZ72,60,Berlin
77765x1e,67,Berlin
wFS2HqEC,42,LA
PbkKZPXM,68,London
ULWdhHJ0,30,Berlin
wH55o0Hg,41,LA
Bec58EZ5,28,Berlin
IEupDNok,69,London
7ocncnI4,68,LA
gdjBqjXD,34,Berlin
3PRBedwb,54,NY
ORIovtjm,30,London
QncpMm5A,44,Berlin
k1iacRYr,37,SF
kMrqDIV2,50,LA
nDcATTb2,59,Berlin
7Qvzv0tN,49,London
aNEV6Rbi,25,London
vEL55DEh,46,SF
7AMh5XHU,57,SF
5BxlyO48,36,Berlin
ydkHiUwC,23,NY
nXIlTgVe,61,London
nIUBj2rz,56,NY
T9i9kus3,65,NY
OpyOUPMi,58,Berlin
zgD1y7aX,38,LA
9tRIYKCK,39,LA
HYtgSyxy,59,LA
PVwAOIXT,27,SF
KFLdftPU,27,London
dmOZOQA6,69,SF
rNHRJ7ts,46,London
UwiNjg9T,33,London
u0ciB2KC,18,London
T5KyTQns,34,Berlin
fqE9K2Au,47,LA
1Q0yut3X,43,SF
lOh0Mbnj,63,SF
mWpuAcNx,36,Berlin
vQwGgZ3g,38,London
NDWD3P68,34,LA
AoURKcDi,63,NY
CRbWeMOk,57,NY
HHgiX8Fv,38,Berlin
9O2bwDeG,58,LA
iIPccqme,57,NY
21Xbyu2H,62,NY
JWrVD6Mq,66,SF
me8ZA4HJ,36,LA
UnN8p0Z3,24,NY
69nIW6DH,34,SF
8OKNSKpK,18,LA
BBJEdFwT,54,London
xXvsosqs,23,LA
B3ZN8Xfj,43,Berlin
dWFj60X0,19,SF
fQlhE30w,49,London
ul6tsntW,65,SF
kin2gExV,22,SF
fsZTHqOi,54,NY
YUAIddvy,48,LA
hnCPtFKS,29,SF
SYztuf14,52,SF
h0LKkCc0,47,Berlin
DTjMxnXu,65,Berlin
wmjsb9TF,23,Berlin
2QqlUyK7,32,SF
oFqT7KUd,32,London
9SWCaEm6,33,LA
lNSLQdIQ,37,SF
G0vvLUM0,30,NY
sRN4iJ64,61,London
SLPzIdck,59,London
6yOKkKBA,63,LA
6LBfA3Hy,48,London
XN88C761,51,LA
w39HmqIa,46,London
yhLur3DZ,20,LA
GLak7zJG,26,Berlin
hPgHIHnm,28,Berlin
NQ7kKBHU,28,London
ZvbZvOty,42,London
n0a4cQ8b,39,LA
3qgAUaMd,59,LA
eGBMKXQs,63,SF
OrBxW8zW,26,Berlin
xcx4yNF1,37,SF
pStsDzcE,38,SF
dtB6KGK5,27,NY
JgEAfuFD,39,LA
ftc2Tgi8,46,NY
kSmlcNfQ,26,NY
4YtKKXda,22,SF
5Y6iqdgS,57,NY
in9qSE5M,28,LA
JwVIUK2c,18,SF
3j2ZFYtj,59,LA
HKKLFcr1,18,London
7KOe9ab7,56,NY
xhJCaBUn,63,SF
N88MF1f3,22,Berlin
CTIJrwvN,66,LA
t5PjiqsV,39,NY
G3JwRk6J,43,LA
6ridNJrP,23,LA
v8ZoNJl4,49,London
DIDirg8V,65,LA
3l9G06Wt,28,London
MbaLKEGt,27,London
6EkWjx6D,64,London
qbZUyABb,56,NY
ZzrioSaV,51,LA
Oe1wTVWg,48,LA
B6D1ZfjY,29,London
ZNF0xjL3,68,LA
f23okyVx,61,LA
BAcChMW2,33,London
hUVUILG3,55,Berlin
pSigs5Hp,20,Berlin
We7EtXn5,19,London
Dfs2ccMF,69,NY
ksVMV6Do,22,LA
43n3YwgJ,28,LA
Vft2U81a,42,Berlin
54qY3Tym,52,London
rq3ijS1J,52,NY
u8xHfWkb,39,London
DlSby8QT,54,Berlin
n2nRazoD,39,Berlin
dP16fVkj,28,LA
wktmRNyk,49,SF
dt44H6Et,52,NY
vR0TrPjA,48,NY
TPMIp0Sf,62,SF
LB5CAakK,25,Berlin
WErBr2Zv,37,London
M43GzWFJ,59,NY
aew17WAH,51,SF
myZTLtfL,21,LA
8dZrTSS2,35,LA
wRN3Ogam,68,Berlin
WFMxC5oU,21,NY
UEJGIbf6,37,London
4kfi7gP3,26,NY
4oqa2qs0,33,LA
2U00T7tx,43,NY
W5X1Wvgn,55,LA
lvcKW4nJ,42,SF
K6wDLDQS,21,SF
xkZWw6pK,58,LA
tY5aXzcZ,62,London
f8XozizZ,58,London
f0UfRqhW,55,NY
FGYKqCeg,36,LA
Tzaa9uDD,31,Berlin
ykrwhwd8,38,London
5hOA9uLH,32,London
hNSdMwJU,20,SF
LTrBHIEq,54,London
nearSShF,67,London
UtYu7SSV,63,London
yDMqojF6,33,LA
eTt1gGdb,31,LA
qqmtNC5U,26,SF
i9sn232e,64,NY
QcDI620r,24,London
7QMwOT1q,31,NY
zvvEEXOn,23,LA
pXWDhA5E,38,London
UIT5NYPc,32,NY
ND9Ww80j,69,NY
IAmglQdH,25,Berlin
OpramlMy,51,LA
JjTUhnAp,57,SF
ujQGAYEK,18,SF
0FgVnVB2,49,Berlin
Sh5SVAma,66,NY
iGvSSRrI,68,Berlin
ww9NGec2,22,Berlin
KgLnJoxo,47,LA
o1uSkFvo,39,London
HNarq3IO,37,NY
gePjdcQk,33,SF
MOM4nKRc,24,SF
mhwRy72c,24,Berlin
hqcqKGHp,67,Berlin
8sh4Zhhh,67,Berlin
mlOVf7NY,19,NY
lDxSwJl9,64,Berlin
pj8qtYRB,31,Berlin
JDkZlVHA,48,London
g5uGPWGB,67,NY
kAqHh9Zo,58,LA
ABdoI3sO,31,LA
APGklXZL,22,London
LaU3Mpub,28,SF
wxjBuK7I,57,LA
hRk4FTTM,22,NY
vNT7IFVJ,46,SF
BZos9xvY,28,Berlin
EA6hQgDV,22,NY
hu3RUwR3,66,SF
RFD41I94,49,LA
Nch9DRqN,53,Berlin
vrwc515P,32,Berlin
dBjHuy2M,36,NY
N0LvYoaP,39,Berlin
qu64jS05,51,SF
b9RcFQNU,34,London
l75tGGV6,29,LA
VVoKNdL2,42,NY
ESSVv5Bz,34,London
dPNI2MRK,27,London
0AYNwEgy,45,NY
69tbM60N,35,SF
NcOq8JeJ,68,LA
TSphBsMb,35,NY
6qLQt0St,62,London
G08fuglO,49,London
WrbLmOBt,31,NY
9HW60yzV,33,London
mAmEcD3B,67,NY
Z1k0IFB3,35,NY
ptG3TWhA,33,LA
gorUsleL,34,NY
rg2aJc7g,24,London
UjcjWrlc,29,Berlin
7yIob06k,51,LA
Kh0MLUj4,27,London
0YYFi1Nm,22,London
enX8W4Xd,38,LA
d2hvQznR,20,LA
qn7lgxH2,36,London
LgLoc68d,62,Berlin
QjCmpeNs,61,SF
dsFa32wq,52,London
TcVW7wMI,23,LA
ZqirwDUm,31,NY
YpqLOjIs,21,NY
Hx6UnesV,62,LA
9ag7Wi6o,68,LA
i09KpbiB,35,SF
a0B0TScT,46,LA
UQT3qefc,52,NY
CS39SH9s,69,Berlin
zjFKKFlF,55,LA
VlN7Avpa,33,SF
LLbPjeGd,37,Berlin
K7VWqq7t,41,SF
iNGivmnt,52,Berlin
xnvPIx4a,61,LA
wr50wsMR,68,NY
uGRtRakb,36,Berlin
mJk6zmE2,21,London
0VYpGPQq,50,SF
LQMY9DzS,19,Berlin
fDasefcM,30,SF
s3FMPzLU,62,NY
Hu2qQdMh,47,SF
tTqOYznq,51,SF
dAp2omVm,47,London
e8HqHLFm,68,SF
HEOGm1qd,41,Berlin
1xUg2z48,65,SF
I3Q0UNrR,61,LA
sbYhT3Km,50,SF
EJq508i1,58,LA
ZeDWfC9X,66,SF
vN7xWobg,27,SF
ZXQU2J0A,35,Berlin
OtoO1btk,36,LA
J7Wkx0Et,24,LA
PjMbyJqo,36,London
NrdqMCYA,41,SF
OE4O82tx,32,SF
zWaU5kQb,58,Berlin
im7IfcL8,59,London
Tw3nty41,40,London
TBlhzPxZ,69,Berlin
SARJDrP9,69,LA
QBUTBX8u,21,NY
G8Nt63W5,55,Berlin
17MyGO6k,21,LA
ClvCDjMY,22,London
Fjz11YRs,58,Berlin
HxJZFNwn,61,NY
lxnoenYp,40,SF
8yDmEe5y,57,Berlin
pGW5qcUl,54,NY
FMElo6Rr,28,NY
sLTfAgox,28,Berlin
HmLoWutB,30,LA
psZjOCqn,31,Berlin
Xlqon8mn,25,London
Ngr5D3Q9,42,NY
M5p2GwnA,35,NY
v08SLpUa,68,SF
yCO6AtAI,61,NY
vHpsuvHd,61,SF
OdtCzRY3,35,NY
FQTyeKto,27,NY
hbfAzOH5,24,Berlin
4BG0Xixw,67,Berlin
P7J9PV4n,61,London
ZZLMp3Tl,31,LA
51OufWNi,32,London
msoJxUC3,33,NY
MSeYQsZy,19,London
lUnXsmAo,47,Berlin
e3Av2XZU,47,NY
gWb7rLaP,35,NY
trdbsCG5,48,London
gsCwnKPw,61,SF
CVbZCF0l,65,LA
lAZwTEWT,30,London
kU2ujt74,37,London
oqI8Nw1J,66,LA
F8lJi0HC,67,NY
xKLaIVtX,52,NY
yZ2dj6Vv,40,SF
VBYDu8DO,59,London
wXThgrCY,50,LA
7tLTKCSh,55,London
6i1ncFUG,52,Berlin
bD2qKzfY,68,London
w2GNK2OQ,53,London
bxIjLLj8,37,Berlin
tBlGqJQ9,20,Berlin
gvQvNCqr,25,LA
iMX2b43G,57,NY
mn1Fm6w5,49,SF
knTDtN1p,46,Berlin
FUaCpIuy,24,NY
rIfYjrFW,19,LA
nWI3VTRO,38,London
0pJHYGLt,23,LA
G0iUFMPC,45,LA
6CxbzaEc,65,Berlin
J6nkT0Ym,59,SF
l3V79WVB,53,Berlin
LmzDh3J3,49,London
I1dujc1W,62,Berlin
klwj0wGd,59,London
uCdP5qwd,63,Berlin
KhFI3sdw,26,SF
a3MGfAxt,28,NY
VJupb3nW,40,SF
dZhwq6Nr,67,Berlin
pcmOqsyc,28,LA
obbz8O77,66,NY
VAg1Hao0,19,LA
htaLECGs,20,SF
ZQssfhUq,28,NY
Vp01OJ16,67,Berlin
czsxqMdb,52,LA
PFEw2u2r,32,Berlin
rKQOesKG,60,London
ZbabhcLk,28,NY
TcQnpiGL,48,LA
fJgsICZm,45,SF
20A6Re2L,45,SF
O5zlTaLH,49,SF
sYmEtP0x,42,SF
jQ8yUXwn,37,LA
HBKTurUB,45,London
lCYXXIxR,42,SF
KR6bhWpy,28,SF
rjZ6a1Fq,36,SF
JThwKX7X,45,London
RDqX5wCQ,18,NY
GznSyniv,22,SF
1WV27pQF,27,SF
BZqfLY18,59,SF
PLYRSUCY,63,NY
rOvdZMu8,51,SF
ui8xiWX9,53,NY
DfLr4kNL,19,NY
D99uGxg3,35,Berlin
Gtf737a3,30,Berlin
iPWbbURP,68,SF
i6w2vbv5,22,LA
NhJ9Z6dA,37,Berlin
XrCoZc8y,19,Berlin
VAMiQj2l,28,LA
1WG7M8rx,47,London
r2JODphd,49,SF
z66bU73a,49,London
uQq1MN6T,67,London
2k5h3OCW,55,NY
BYmnnSfD,45,NY
0jCJTuvD,27,SF
jQUIDDEV,39,LA
l6FLhcye,34,NY
u4GU5GCW,39,Berlin
197jl1x4,60,SF
8ftWJEuR,36,London
faEFGUVr,34,SF
juGsK1eV,41,NY
FIlFkKqw,53,LA
qpsAhqf0,49,London
rH5FpKUK,63,LA
mooxAcv1,69,SF
UoSTJnHV,53,LA
c2avXd8V,45,LA
qUImb4oZ,31,SF
HtbGXAhH,53,London
yQX6WPAJ,23,LA
mjpwS2hj,26,LA
jEa7JOnv,38,SF
oOTnolVc,29,Berlin
ZLjOfJ3D,47,LA
1SahumEV,48,NY
cKj269O6,57,London
33ueGZTp,21,LA
nwMeAQT0,48,SF
TNPleGGo,44,NY
d4wXE5Fx,42,SF
rQiS7Y2W,22,LA
e0Oa5XQk,23,NY
IkyvSuVH,22,London
hGb6IVri,68,London
3PoeqsoS,44,London
psaEx9TV,25,Berlin
PYQOGDyb,26,SF
BdKUwRCA,32,LA
hnC2DE7W,53,NY
oc9SXAsA,58,SF
lpvKuCg6,24,LA
lwyx3bQp,49,Berlin
fGY8RcPb,25,LA
IJIkiUi4,64,SF
NPatxkt8,68,LA
GLjoyVsP,32,NY
hSByoyzw,54,Berlin
GZrt8sON,36,NY
1S0nmfp7,56,Berlin
CvLs7OwX,23,Berlin
HgtMUgtt,36,LA
Yo3lJmxi,45,NY
atqfFwso,34,Berlin
R6m1jMAR,59,Berlin
79ggQsIo,36,LA
81CF4P9n,48,SF
XOzRgTMe,28,SF
Z6yvL9iq,32,London
aTgjXbNr,27,London
MgrKWffB,60,Berlin
bef7td3V,40,SF
WTzktQIS,20,Berlin
mPbdlFK2,20,NY
blquHhhp,35,SF
1A6fWQ31,42,SF
UyBwUym8,60,SF
ed7VNZYq,37,London
obog9Gcf,46,LA
T9RNt3A0,39,LA
ZF85Fytm,67,London
iXb7BUzT,32,London
uZqopO4z,56,London
SVoWHs3A,27,LA
9mbGIt08,38,Berlin
QajWInj0,69,London
xoo0colK,46,Berlin
1BNmbUxB,49,Berlin
FP9kr0p2,27,NY
mPVOmCDr,30,LA
hBSJ12dV,64,Berlin
4LPNwZiu,40,LA
SVGQ7P0t,67,LA
kDnvg3SZ,40,NY
a6NYlGwu,48,LA
lBA9GWJY,21,Berlin
ycLSNJEi,69,SF
IpZ3mIPR,66,Berlin
LidI7yYy,20,Berlin
aEiYNkF7,38,LA
HWGfvgyY,19,Berlin
PIzLV31m,21,SF
pbhpsGlc,18,LA
AWVF1Tl7,32,London
b1Idpvs7,50,Berlin
3GrzK7vN,23,Berlin
3TSexFZp,24,NY
vigB4FUq,36,London
ZMM2Pcxv,61,London
e0LAEEGR,18,SF
Ubg5bSP3,56,London
p6RFwbPx,36,NY
BAzITUY9,62,SF
6qMuBJpO,43,London
Grmuzekr,61,SF
DtogboWt,29,London
Lj03cHzW,39,London
yeF8Lbsw,30,London
oMhfYgQr,45,Berlin
Oc7UD29j,31,London
ATEBqrhG,39,Berlin
qHfrAlQQ,47,LA
SXd1fYaE,61,NY
rKaYNvx8,37,SF
VJvD1enB,61,SF
ffhbNTnk,44,LA
C2QXN5sW,55,London
oWVGfsF5,59,NY
0tj0PaqG,69,LA
C1vQ1URF,58,LA
QA7LdMlD,51,SF
0VvJ7bQW,56,Berlin
pGtU1zUg,58,Berlin
oEuzGAMt,61,London
5TyRmI3S,54,London
vUgCyrwI,18,LA
dfU10drC,32,London
d4rjKPSx,49,Berlin
2weZJCtX,25,NY
T6BDx4A5,50,SF
veQR2Vbo,35,Berlin
DYDAwBoy,62,London
rL5lAYLT,46,SF
Hfse6UvL,49,SF
R9lXeXZ2,50,LA
U2Y0xlgI,22,London
D3pg7OPz,35,LA
3eubGtD1,65,SF
K8b9TdYL,27,LA
qTzyrsre,53,London
k9us5576,50,Berlin
gNBEgwrK,40,NY
XUTC48Ay,57,Berlin
SCeE30LP,22,SF
NVp9PygB,51,Berlin
qBSX06Mp,41,LA
zorx0Zk0,34,London
7fijFNwt,48,Berlin
G9XkD6Qe,24,Berlin
iJrpkepN,34,London
OAdTX0ty,45,LA
b0xm6P2x,55,NY
I1f0pLz4,39,Berlin
NcW70yHP,32,SF
be4mlWaw,54,LA
ufSOeYn2,32,LA
956Psb6Y,67,Berlin
kIuxJuLH,67,London
J84zNaqu,42,Berlin
xnJZdvVK,38,Berlin
zPqVoJ2i,55,London
Uql8GhEt,19,SF
96Tc0cbE,44,London
UlNxwxEC,66,Berlin
8JXCerpS,49,NY
eR9FRELm,38,London
DSSf2gB0,21,SF
Gh2HZXAi,61,London
smPL5LvP,36,London
xp0SVBeU,19,LA
u4ql5ThT,43,LA
Nn5XZ16X,51,Berlin
jCA4SFpB,31,Berlin
VStfqlAp,32,London
p4JkNy6T,37,NY
McJCTJpL,51,Berlin
BOhYkTGS,53,London
DfPZosJG,36,London
eFj4Zjod,26,London
GvPOj5P9,24,London
7QLt1ql4,47,London
HrEhMVkV,30,LA
bgEUYX1i,44,SF
IuQmh9b9,61,SF
T0hBNIr7,52,London
5lYXo7IL,30,Berlin
PkSEJnwd,32,NY
rIieDqz1,63,London
UMs7IBCR,26,NY
SUpc6iQ5,62,LA
LX0DTsAG,40,SF
lCQwUEtw,53,LA
uo8PgJIy,57,Berlin
zS6BLPaY,20,Berlin
SDRBQZqB,51,London
QcU23d1z,36,Berlin
3JrSQZFf,45,Berlin
XmEjGCMO,40,LA
FpesPLnL,57,NY
Xiyh14Lv,66,SF
SV9rRBXW,62,Berlin
T0UHdUDw,24,Berlin
6Df5rkyZ,58,LA
TByYro49,29,SF
CXGwpVhx,31,LA
WECBbi5c,63,NY
gwFBx8EZ,32,LA
Lic40eEO,20,SF
fI4CKqSn,32,SF
57ed4EpY,68,Berlin
gQK4BU9U,41,NY
nyYb7UA4,69,London
82ns3ypX,63,Berlin
10i3lUuL,25,LA
I6EwAAdY,22,LA
mBP8Xpfk,68,SF
2d2aI9CR,21,SF
mrG53CDV,31,SF
6orlunKI,33,London
tyFlZacj,37,London
yFzEwqya,41,Berlin
7JbD2UTb,23,London
T2NniL3I,48,SF
qogNGDXC,23,Berlin
k7qWZfM2,52,Berlin
AyuGpKhf,32,NY
uqX1oFdk,46,London
uV2fcNJj,20,LA
Oxxvi9lO,28,LA
BkQ3eJ4A,20,NY
f75U6zot,45,SF
t1DuVUWF,27,NY
EznlYmmT,67,SF
PoBERDff,50,London
Fj1aUavY,65,London
LW0kmSdV,33,Berlin
mHkwui5N,27,Berlin
BVlrUN4D,50,Berlin
tSoDLmZW,53,Berlin
vTMCdybC,20,LA
joGmKDzM,22,Berlin
fg2fVpxS,29,Berlin
LrVjB6Ie,61,Berlin
1soygg0d,30,SF
7E9wHezE,41,Berlin
siSwfKYC,61,NY
zuSjzBgq,49,Berlin
qoFuqbVJ,33,Berlin
MAbJFRFG,49,LA
mlsOW8fO,62,Berlin
Mj3nY7FC,54,SF
ETYm8tav,53,London
Dp5R2bY6,38,Berlin
lKGFzaqb,64,Berlin
rKFG6zgS,29,Berlin
mDzmPQp2,68,LA
qCX9X4EI,38,London
NDqcHsSV,68,LA
aM6Wt6xS,38,LA
x4daIj6I,60,LA
Gnina0X9,23,SF
FdQjNQNk,26,London
jhgkyBxn,18,SF
HDm3DVRF,29,SF
P9o2yR2W,31,London
4MI03i9W,23,SF
pCWLmAnm,18,London
PV3XwYCj,39,Berlin
JxPpihqv,51,LA
8vhE4b92,28,SF
YIgFNZVj,20,London
cG2H08cO,59,NY
7JIH6eec,23,SF
0P24Q9EE,23,SF
pmU4Zg1K,37,London
yKrVWl1m,38,NY
46rHhEkE,19,NY
DTgftZ2z,43,Berlin
ygQoALfm,48,SF
I6RTneUB,43,LA
gkcQ4LmF,49,SF
KQs0E15D,27,LA
pk7dZHsG,40,LA
IJ2JHPEm,23,London
XOAYlIje,40,SF
fneakUez,45,London
EImXorMY,66,Berlin
Lx1xLtdp,47,LA
eGbNlMvL,31,NY
EMqM9NQI,54,LA
fBtPXd7t,49,Berlin
shqnPL2z,66,LA
zJoSWKXQ,51,London
ta3VI8mP,58,SF
eqnNfjOA,61,NY
DjvA11Ub,68,London
3HazKjwC,39,SF
pegBUVZj,48,NY
7ldcQYqE,24,Berlin
f5mrXB7L,58,LA
tGuE2fIG,38,NY
fD6Lyl6j,33,Berlin
Bi7v2WTU,37,SF
SW4sprGy,60,NY
imAU7xG9,61,Berlin
9DaXzPO5,64,SF
TeSAF6c2,67,London
YeRqQXqG,36,LA
6KHxRQos,65,Berlin
0s7lxbeI,49,London
uYwvA6Ik,32,SF
YoAda2vp,22,NY
9xVYtule,28,LA
JUx5Q5N4,32,SF
icxcN4kt,46,Berlin
24oNDPiY,67,LA
lL6aQEU7,62,London
O7LjAbUC,21,LA
4o5JJunn,66,London
lhuN5flR,53,SF
xu0OEEAB,65,NY
SUFWk30W,40,LA
bV41h3kW,32,NY
Gmo5BJfq,63,NY
G3drV7z7,61,LA
0wd52jRz,20,LA
70ht7Qpx,49,NY
gEm7cVwx,27,Berlin
lnWG02zn,57,Berlin
iGjQxdht,55,LA
DOxLTsuL,39,NY
w24gos5K,31,NY
oL9CINCP,34,SF
lRm9Od4i,38,NY
Z6iNfNuy,68,Berlin
XZETkEAd,65,SF
T2hpbp68,32,Berlin
aFPBckg5,32,London
nK2AjFvn,18,LA
x1y0o0mx,41,London
1Rc8PeRA,29,LA
tinsab8E,27,Berlin
dU8U94Ru,63,Berlin
ZttPM0sx,59,London
NncwAiu6,59,LA
ywdmq9CB,69,LA
2ypn1Ogt,48,SF
BlXIiiEL,28,NY
dIP7MS3x,33,SF
PGjTRlq1,26,Berlin
ca1fk4Zm,64,London
3tt94RwQ,31,LA
MFXZehqE,36,SF
7KIDMDrV,48,London
4Nw3fRIw,26,London
4B51Vxls,53,NY
O3aNdU9Q,56,LA
7FErWP4T,43,London
HxpbFGx6,25,LA
KoMVsYt8,41,SF
9KmRm5fv,25,London
wjfTBkuM,36,London
t5bJ5YiB,64,SF
2wNi6O34,65,LA
F2q8VlIW,47,LA
vLFdlmTV,39,London
VO7YjTwM,26,SF
WOqdZAhs,61,Berlin
XWUXZ6xJ,65,LA
vdq3rPlK,21,Berlin
nHhQfANp,54,London
LhXYMn3B,25,Berlin
DaOsGbEF,18,Berlin
XC6vePyb,45,LA
9E2JIFvn,23,London
KfmXfcIi,64,Berlin
FzLRgia0,53,LA
EwEMlghW,28,Berlin
PsWLQdEr,22,LA
7p168Tpk,67,London
O5tncYi3,41,SF
YJmv3VGg,64,LA
AuTLlAdk,35,LA
DwrYf9ZA,37,Berlin
7B4TWbmi,45,London
e6WP6mGK,30,NY
dyNKJNyy,22,NY
J2aI35B2,47,SF
40yfNCUd,18,London
DqKe00Zm,39,LA
bhJ1Byso,35,NY
u7OchYj5,63,SF
xN0YAWe3,22,London
gQwrNMJR,48,SF
dvstfG87,23,NY
d7xj9Unx,44,Berlin
ApJNaB7i,42,Berlin
tksR1Ri0,46,London
fPF9c1Si,45,SF
uaEHMuOh,33,LA
HaPu9VwR,29,NY
SJYmUrag,37,Berlin
NFhGtwR0,35,Berlin
kIcBZLNA,51,SF
v9FwNZ7j,40,Berlin
uGR6U5zf,62,SF
HIdOQj51,44,NY
Zxufi1gu,66,SF
zlPOPqQF,34,Berlin
34E3uBxh,65,SF
kk9jgxKD,38,Berlin
XtYMpfdZ,67,London
kqHplyNf,57,Berlin
6HALNC3A,48,Berlin
aTcLZz9S,20,Berlin
nmTYx8kl,34,London
v7q6PO6x,67,LA
DaeNj7fQ,43,Berlin
dvP8YwLw,40,LA
nDifZH8n,23,NY
LvAjlvmi,45,SF
Bnq3tpX4,25,LA
aPALAybJ,62,NY
oD7cgmHe,25,SF
EPjYfN5l,36,Berlin
9Fnf62LC,55,Berlin
D7XXLxRr,46,Berlin
AJNE3pcC,40,London
W4AaFoJN,64,London
XMOyrRnl,49,London
bFktFD0N,27,London
3PXvE3ZN,44,NY
iyczfTpI,66,NY
qsUFomRW,18,Berlin
k6ZmmB7C,56,SF
wtqrxala,46,London
Zvtfhtj3,62,SF
uNMyeOaX,20,NY
M3doEKgn,68,London
PBgbNmyC,64,NY
W3VLyc8a,54,NY
JTyXJfm7,48,LA
y69RwTV2,28,NY
YYBsX6hN,39,Berlin
xcB8kezl,35,NY
5lKwO9dd,52,London
AYIWeiTq,23,Berlin
mUxX4gDO,20,NY
rrhof0CI,22,Berlin
hXbdRei4,26,NY
17nBjT7b,45,Berlin
5HowhNsS,36,SF
Kvdrnet7,45,LA
ChcdiP2D,44,Berlin
TjLVtxQ3,30,London
iyp05y5g,55,LA
SDezz3i8,60,LA
YqOCrBuk,38,NY
z6wzIxTo,44,Berlin
2eyfmCJZ,63,LA
WzXZ28Kw,23,London
LnIOzQhh,55,London
LyJeLNnH,66,London
FqPOxxzG,28,NY
FxkohaUC,64,SF
DWkNtpt3,58,Berlin
9FDJdiJc,34,LA
uLUyoIVm,56,Berlin
SjryqHVk,24,LA
ZgTM304a,47,NY
N6kM7zMu,38,Berlin
bLmOdUjc,18,NY
Pkm999ex,42,NY
inHVF4Qs,49,Berlin
fdIv6n2z,25,Berlin
YFRfHc7b,22,LA
70gLEuKh,47,London
WcgEffUO,68,NY
HEIi0FuZ,25,SF
EOq8D1cN,66,LA
ympaqrlq,36,LA
DAsh3hk9,61,London
W9URicST,47,London
E8BQTiTF,32,NY
1VipgFsw,53,LA
Tf4TT36V,61,LA
ocMl3EQg,44,SF
CYvtE8qo,30,NY
UBwiJ4F7,31,NY
SUEYTFvO,54,London
hVCCe9qR,65,NY
RW9LZK0e,47,SF
a8ysNg5K,56,NY
9u0HGrxJ,64,Berlin
9NnTftKT,30,Berlin
XolmqhMl,33,SF
N3Zg9rHT,61,London
pXkKNoQj,24,LA
NasBGtnM,65,NY
rQIy6hN4,44,London
NeS1ShBI,62,London
IHZJvs8W,52,NY
lmOu3mXB,32,LA
BNzem5Mq,45,NY
kjbNAYJ1,52,LA
YnGxbwVC,24,SF
QZHrUQiS,67,LA
EIrd9XPu,63,London
bNlllp8L,67,SF
KTvDXCx9,68,Berlin
hIzdpU1k,63,SF
xZ5ySDey,37,LA
0za7EjYA,49,SF
QT3reTJe,55,SF
2Aa4NdHX,57,Berlin
V3lQQxVy,49,LA
b57RIFRM,43,London
DhcuuqmE,56,SF
NDohtpfv,37,NY
KJihZRXF,35,London
98bpi13b,67,SF
qY2GSMdJ,32,London
227ZuDXm,69,NY
qOwFpUDW,39,London
