name,age,city
y4VHPwNm,19,LA
KeeAISCO,54,SF
19raeIJG,69,London
VHqoEI9N,21,London
rsmXUlAd,53,LA
M495CzV3,43,LA
oY9eOEJk,58,NY
cBuqCux3,44,LA
tTbAEIJN,53,LA
uNwQevwp,23,NY
MUufOw4p,53,London
COFevthU,23,Berlin
lEDZbI4K,43,SF
LyvONz0M,63,SF
t0tKjydU,59,NY
2QrbZ9sW,28,Berlin
v7KYdpnu,41,LA
2H2VcJsE,46,LA
jsX7JYJF,64,SF
cPG5o6oE,45,SF
PJRvFmkn,31,SF
mSKmoIhr,43,LA
vNdMLaFy,27,London
01zB0mbN,22,NY
ZIAFyxV1,59,London
nLF6HVPE,59,LA
OYjsg6ki,24,Berlin
2utMUDyF,45,NY
aoeD9Nom,49,SF
Oxv5nvI2,56,SF
JyZlVyJ1,45,NY
S0GCNqCv,42,LA
k6aAaOCj,45,Berlin
P9V0u8Om,38,LA
JyYjueAF,47,NY
BlDM7g4u,67,Berlin
TlumsLag,52,London
pqrghDwj,62,LA
xbm8r5Gs,55,London
vBtOS1Wy,60,London
oDdT0F9T,39,SF
QpCb2zvQ,59,SF
q8Asj9Ln,33,London
Uw7swTwd,49,London
cGG87wJa,43,London
FJaC0qPX,65,London
LjpjLnuJ,53,Berlin
6rMhotYj,55,London
vKiYIQJT,65,SF
nBRx4wYf,46,London
eKT5ljQQ,42,London
iqDgNxoq,25,Berlin
ioxzyDUJ,50,Berlin
GMgQ2S8x,56,LA
BfGtAwrV,35,London
MdTsn2ve,59,SF
vusHL6w3,51,Berlin
4T7TXqVd,24,London
4Cp0nyE1,18,SF
wRLw7PMM,54,LA
BMkGwFjx,48,Berlin
72ehNkC7,21,Berlin
iqWe9xWQ,50,SF
Lth1EsmR,49,SF
6BODhBaU,19,London
bISVdnD8,60,LA
uZ7CQd2k,52,NY
5Kmbb877,22,NY
cO53VU6A,30,SF
70duofL6,62,London
qy7eHzOI,38,LA
OhrbOXDk,28,Berlin
Z4aYEPu3,36,NY
Gqujd1kj,29,NY
HcFpeVOy,23,London
hHhi06MS,41,SF
pdeqNuqo,30,LA
RIPPNfAt,37,Berlin
Cj54wO1v,52,SF
tzRglZN0,43,London
ZGAKfGoB,62,SF
qf654duA,23,Berlin
RQg9D8TC,30,NY
gGzMLoGS,26,NY
zYpMotbp,31,NY
H9ts53Yv,20,London
dcw805nf,33,Berlin
hhAuJuRQ,29,Berlin
KVeub6au,68,LA
2UgDeskU,54,LA
0ZZMr7Zt,53,LA
VthuDKYD,24,Berlin
VZpXhlvS,44,London
JxBF5ITG,36,SF
VAPJ5BDT,25,SF
ErPlddY1,65,Berlin
kyYdo7A8,21,London
RXmWexW8,40,NY
msRhiJeM,51,London
IHUaVC3o,30,Berlin
eLGTXX8s,42,Berlin
FGIenWCG,65,NY
HiRUt1bQ,43,NY
7wkR2K6L,19,LA
d8r3KKAt,57,London
ooQjuxRf,69,LA
UvdY7f4t,31,LA
eRpbOqN5,29,NY
NNertkHz,43,NY
AmIXSJs4,45,NY
rA7nmut5,55,London
vE3VEXG9,27,SF
m7kcwMQS,29,SF
az7JzovV,26,LA
wZlVLG6c,26,Berlin
xlcmNbTi,44,NY
Ln7FeJoF,65,SF
qysVcevY,39,SF
XUmILLhq,41,LA
zenAROxN,39,London
kBRSdE7y,39,LA
85n69Don,21,London
kTUqfWAr,58,London
D11p9at7,48,Berlin
25LjF7w0,29,SF
8Ysniphq,52,London
Qmsv23Bf,18,NY
ZmMj3McW,41,SF
N6HM5RsL,65,Berlin
MlU6WNQ2,60,NY
vbNRx7R3,51,LA
czk5HGAn,46,LA
fc0g0V7Z,55,NY
by6NZhtJ,24,LA
FL51jIdz,37,NY
s8Q0tPs3,32,SF
1rUaD959,21,Berlin
c8Xiqj0X,21,NY
5D61eK2X,57,London
uW2sdgbM,64,SF
t5Bwk4PD,46,NY
OYqYI6mV,69,LA
9P7NvKNp,36,SF
LqFoyHIC,45,Berlin
Bs6CGA90,24,LA
h3bHyxLR,53,NY
DGEzGjOq,47,LA
nYD7Fuew,33,NY
o6Q1bXWU,52,LA
hgQrPbbP,46,NY
PIlvpSJH,34,London
N6cxnq37,55,Berlin
joPzGdAZ,67,LA
0PUvy3cG,31,NY
vubFrlDI,53,LA
jGa5A6oQ,64,SF
xGr8EOCY,46,NY
lQGs6XkP,18,Berlin
Zl8AVH3L,68,NY
ENg75Eix,62,LA
8tH3ORZY,39,London
E5Bp21tu,22,Berlin
ifKIHjVQ,36,London
lF8xs4BN,34,NY
JFh621Au,63,Berlin
UV2RNCYW,50,Berlin
8dcGxghR,66,Berlin
pF116XJZ,29,SF
jPSaTxfT,44,LA
EMdzP9OC,35,London
tutvS7Ys,53,Berlin
UOFoPRWB,34,LA
XiBW6IuB,52,NY
mk740Or3,55,NY
NG5MdEnw,52,LA
vEyFmBXx,62,Berlin
QsNL4utZ,56,London
xExUeXww,51,London
kgyeTtLx,34,NY
nD060ama,19,Berlin
l1JKPg45,47,SF
NgCIH1ei,37,Berlin
DD0hiBOP,44,SF
pGFZ3kBQ,56,London
noKlWWQ5,51,London
CE1xczk6,41,SF
qrtmHrYo,50,SF
KUBAYWBJ,31,Berlin
4842JkQq,39,NY
77j6qABk,24,Berlin
sNtZgUz8,45,LA
hI91SH48,31,SF
ErYMjiHF,27,Berlin
nKvh1bos,35,London
KuNB8ujU,69,London
k9agtUHx,50,Berlin
Err02li7,64,Berlin
1MfzZIyp,35,NY
wJ8iGXcF,39,NY
EcrxhafT,69,LA
8JQPYBPY,28,London
DcCB3QuV,40,London
Qd6vu5E7,67,LA
l0UNozsC,45,Berlin
oNLmCLLv,61,LA
mknhf4Id,49,NY
gyEtNdnt,18,NY
CxkbAyF3,56,SF
mJnx0RoM,29,Berlin
QpsiPuVZ,63,Berlin
FfJgyEaq,55,Berlin
xkyEEW4O,39,SF
ALGDddfc,26,LA
DSqpMIKV,42,Berlin
48BVueij,38,London
bY6jtFDu,53,London
WnFrnPVJ,52,London
IO8dKEvA,24,NY
9mx0SOEj,62,Berlin
YRxClzUP,36,SF
IXJE1Pwq,22,London
WhVIH9rj,48,NY
jTEBW45y,64,Berlin
t3vAC99w,31,NY
qTbAkRQ4,18,LA
2RZdUbtw,38,Berlin
wBaJCrVj,57,London
MnCyqdYT,56,London
yzYdYR60,69,Berlin
T2Ej8ob0,30,NY
ew0yv35L,57,Berlin
ltXgJorv,53,NY
hroMxxY2,25,Berlin
0BQmSl0J,67,LA
g8ZDBnsb,66,SF
2u99Clad,42,SF
KTuykjBv,59,NY
KchKZwpe,56,Berlin
xP0CC7qW,34,Berlin
Or2JLjFp,35,LA
FoA8ACsP,55,SF
zAoka9Bj,32,Berlin
1QNNU2Qp,22,London
IBHMZ1Vp,34,Berlin
DxydZl5y,35,NY
wuGBpmId,69,London
POLusgl3,22,SF
TaDoRr8G,31,LA
Y395LiFf,39,London
X7QpvUSq,36,SF
EBpKloTa,25,NY
SZR7Yt53,32,LA
8QnQp3vT,19,Berlin
v54Ms20r,21,Berlin
eSan4vBC,36,Berlin
Z8jJF3gh,28,NY
CgS1l6jh,19,London
YzaqFCrL,69,Berlin
8L3x89aW,37,NY
QqSD3FYz,54,Berlin
KXEeirkd,30,Berlin
W8J4yR7n,59,Berlin
V0btANck,47,LA
26BTCzXt,66,LA
1PJIoPPr,69,LA
s3a0vNok,68,LA
ZAFhjB7C,55,LA
pxdDWwTi,42,SF
upz93KdZ,28,Berlin
74b7YzXW,22,SF
yQKOAabO,54,NY
HNs6lCpP,38,LA
AVZgDODm,36,NY
JBcricBt,31,LA
Yn8hgkwQ,31,London
pmr6PIEu,62,Berlin
sXnW22Da,32,SF
xjsIiH0K,53,Berlin
8IiJlTdw,44,SF
S8HFRjgt,41,SF
hEP3kYyr,48,LA
VdkjVG4e,52,NY
BQ6XX6Zw,44,SF
1ybWeT5G,34,LA
impkAxOu,36,LA
7FV8xgkl,32,SF
j2b3IrWp,33,London
vW7LmeT7,57,SF
jnuaLgi9,64,London
ytVWt4mq,31,NY
absy4hh6,49,LA
nT6Ab5DF,58,LA
Vka0zjAC,24,Berlin
5epaKU3d,18,NY
juQ6gru7,44,NY
2O2U5ikd,47,Berlin
CmsnQQjS,41,SF
Tb1bV21g,47,SF
R0GqVl0Q,36,London
C08NcUhJ,55,Berlin
0re9cmuN,68,Berlin
YJdIMDZP,58,London
2MlFJbkH,31,NY
8RkhueHx,29,SF
a8LdREAO,42,London
nQaEQ7F9,26,Berlin
iqmvuwDk,22,London
jb6xyRs7,63,LA
HucapLp4,52,Berlin
dHk6UTUH,54,London
xafTVA01,25,SF
f13QG6wj,64,SF
ljutOtCB,64,LA
w67tUU4C,46,LA
uWIZw17T,18,LA
4oUqbiFF,55,SF
l9ziZx6O,26,NY
7SfV74Fu,67,NY
adOhe3MO,52,SF
6PA2yEQu,27,Berlin
t1MEO6q0,35,London
sdEj6tfT,31,NY
PvikeoB6,28,Berlin
vpL9bdYe,54,NY
cw2D1pVO,35,SF
wAjU8Ai7,36,LA
Ba7oZ2FC,60,Berlin
veKioSaf,65,NY
hYjK97ny,59,Berlin
47FujdzK,31,Berlin
lKryEHyS,36,London
7NgYabzG,48,Berlin
Q8q07AXP,68,London
P72Y3j4Y,51,SF
pXROOx3y,51,London
YOtzbWRl,65,NY
BsKoqf2D,50,London
MN3BCbEO,65,Berlin
qZOSUHjd,53,London
TmOuRAtY,47,London
dUVDHKRn,63,London
kMni9qVU,38,SF
5Sss7uja,56,London
Et1vnTyD,58,London
9hy6ZVE9,36,London
0rCn8RAb,69,Berlin
MmKyS4bj,65,London
IhpppF5g,55,Berlin
2AnmS1ee,49,London
3avjKytr,53,Berlin
ZXc4u3jY,37,NY
EG226Zvy,64,Berlin
j2pq65wL,49,Berlin
2gT8BfDE,64,NY
kXefEAar,59,NY
Q5mECM4j,52,London
LilhhjFY,29,London
ADK90KAt,42,NY
LUNO09Xr,46,LA
WKY8Eogn,42,SF
KR2oTdl1,50,LA
ZNNPuxl1,57,Berlin
X46zremJ,35,Berlin
D4i02Yyp,62,London
6ly7OjDh,60,Berlin
PquJkIwH,69,London
gzELX5F0,53,LA
pAzaI0bU,45,SF
nJiAril7,47,LA
8TbCxJg6,26,SF
sKgXGV3o,53,Berlin
xV7EJvVf,20,LA
vKXUO8q1,57,NY
ZpeplGr9,63,NY
suieDBxA,64,LA
peADKtXR,56,NY
qr8bsLvW,41,SF
KTLQzPEd,33,London
rXO4bz76,50,NY
q3obruHh,57,London
sNL3dZGZ,19,LA
qSwe9NY4,42,Berlin
kZt56ZVM,56,SF
MBdm5tKo,69,Berlin
PV6sUXpH,20,NY
lbSN0ZV3,66,LA
id3yFJOz,21,SF
HfvvVvnx,53,NY
VS2KlmG3,48,NY
MvrpL07w,35,LA
7YOP86MJ,63,NY
Ytv6xAGF,52,LA
hq1Wbv1P,41,London
NP8dCS7g,51,LA
s0EbTs7l,26,London
MfjbN89P,38,Berlin
WsNBOSC5,23,Berlin
Nhy4zfn2,54,LA
qNy4iQQs,39,NY
5agnpwHj,23,LA
9hlaE6OV,53,London
GjKPNxfS,28,LA
CCwE4Zv8,38,SF
p4ESHZUe,55,Berlin
cHOHbbif,24,LA
3pQ7eTwe,60,Berlin
TkRuBQiQ,38,Berlin
BI9bbaFM,68,SF
ZMJehvAy,20,LA
HgU3jp09,68,LA
qpHPnY47,52,Berlin
RJZS6jzi,61,SF
IOpc702L,18,SF
X5XitH1i,59,LA
nFeq18Ml,28,NY
gXn0ojdU,69,NY
jsZncqcz,21,SF
NZBx7S17,52,NY
fWVZhvjx,69,SF
a7aT4ujm,48,London
EzX6bwBf,47,SF
RpHkPPHZ,63,Berlin
qQT7HUpl,47,SF
WOLWN4d8,41,Berlin
heh9wp80,39,NY
0Ft2sdzV,19,Berlin
BlCbLsA7,47,SF
8fiyn0WU,36,NY
5xPKkpMd,62,SF
3Bsq16M9,61,SF
4ntnDxkP,63,SF
Wp5nMYbj,40,LA
8fux8wvs,34,London
aWIjYr7V,66,NY
6N1jbp45,64,London
b5yJJnXP,40,London
VJHLWRvO,61,LA
j4vWNbq7,22,LA
XIbvLLMa,66,LA
R1KxNM8r,22,SF
Rtq8mxno,39,London
gJSdGr6K,34,Berlin
W5meAY7Y,54,SF
yPuEuyfJ,59,SF
hbwxuJYh,63,SF
VuyBlEYe,66,London
fyNf2tq4,30,Berlin
mo8YPUji,55,SF
0xxqf9bx,52,NY
fSLmPMuc,23,Berlin
Z9asOYX7,37,Berlin
5PtVfV8f,67,SF
9oeoM3PF,64,NY
IqsMNtOM,40,Berlin
4sy8TMkc,28,LA
p0eskDJh,21,SF
zUokwPgQ,66,LA
4huJl0yD,31,LA
xfRP13mB,18,NY
yAgG8sU6,63,SF
GmvXdL6B,47,LA
D1hyTa9l,59,Berlin
xihJqF4w,34,NY
a7aAdBWA,37,NY
n6eZPelX,53,LA
xIJVQMV6,32,NY
ToC9bMaa,36,SF
kuTYUzt3,69,NY
2gHlor0R,69,LA
yUbjAvVX,50,Berlin
Uef0vF8e,26,London
Z5AR01KR,18,LA
v1csGw7F,52,SF
KePowZlF,32,London
IFqmiz4a,53,London
2c626UPt,56,LA
Wwo9hOxY,42,SF
LAOvhxeE,39,SF
JW2hVARq,57,London
ux427P7K,66,NY
3OcdL1Jo,25,NY
6VdtBwjx,23,NY
IL0qWp16,63,Berlin
AmzOgwV2,37,SF
m77KLgYH,68,Berlin
jtp9sSWA,27,Berlin
0LMEXEv4,39,LA
HEdklyC9,30,Berlin
VcyXjFLt,26,London
lIIijOUa,66,London
6VPtFUHb,53,Berlin
BqJvyXjt,43,SF
mbGhYGbE,61,SF
RRzklDQa,62,London
P9B1zB5k,26,London
NZzfPee0,33,SF
43HiEWdz,63,SF
wXxCsOSA,38,LA
grKvfSxE,46,London
xArN23Ns,59,SF
whdmWL56,31,Berlin
z1O5pK2C,67,Berlin
pd1a95Nq,33,NY
UlyDjI8G,28,LA
4ah5tMMC,40,Berlin
L4u3YYwv,31,London
SK4uqtgv,24,NY
xNwm5eyU,29,Berlin
58j1N1b8,47,London
mRSLoZr3,65,LA
Foeopbp0,36,NY
3DESwtvj,24,NY
GHQHufAO,48,London
ZsPH467h,37,LA
AnOYsM4j,40,SF
YVebhyOh,47,London
0FKl4Zwm,26,London
A5HnCsVF,64,Berlin
sUWejZ0L,55,London
TGFF22BO,60,London
8CX96UfI,64,SF
Yoh619Ws,41,LA
0FvFOjR9,60,Berlin
xDfoK575,21,LA
LaNAaev9,23,London
uFF1b9qQ,62,LA
UUMt3yOz,42,NY
B361H0Kg,30,LA
jLNQB702,39,NY
QEBISUbd,54,Berlin
0EJCeG6k,59,London
um6JOZYo,66,London
p277nEVD,68,LA
kzBQWGAV,26,NY
h3s6BXP8,42,LA
nQF0OsTn,55,LA
XvQtEscm,25,Berlin
JRnRPNep,41,Berlin
IHEypzz2,36,London
0AjQkFtP,31,LA
F7de6afy,24,London
3xd6nLSj,36,Berlin
0qRjegfL,24,London
4YN496em,31,LA
F0hNgQ5u,61,SF
5Y9uaO1D,42,London
hNtYqibY,32,SF
qs0c7XpW,43,LA
DEfgyiPR,58,Berlin
MSY3cPOj,64,Berlin
J2D0wqX7,51,Berlin
9y4sOWm6,51,NY
5dT8j3cr,60,London
UEV7ZWAg,25,LA
mqWvqurB,20,London
3YYzrzxI,20,NY
By08ryr2,33,Berlin
F2ZdG0kl,54,Berlin
kN9Y0gtT,26,SF
76cZOVls,27,LA
lNyAFbTQ,18,SF
QQVWzOZX,60,Berlin
AjMNKexV,30,NY
2hInBnkh,38,LA
s6AXMacz,58,Berlin
ZTXbduZt,52,Berlin
RCTgX6kl,56,Berlin
S2xyBU48,20,LA
9jMJpcYf,42,Berlin
ZKVF71yp,24,Berlin
mE02YzEf,22,NY
dMM1USLB,25,LA
216pLC8U,40,London
kQoFzV8v,63,Berlin
XKWBG6rF,56,LA
lWhNpgRQ,47,Berlin
ISnDRZhp,53,LA
MnisikHa,26,London
HpL7T0iP,63,London
2eyyKTp4,19,London
k7pbJjmQ,35,NY
HCHaF8Ga,42,LA
ckDpZBUm,30,London
20Niwqlu,39,London
rnN3nHUe,27,LA
vIj5QFl8,61,NY
m7IHSl02,19,LA
3JCJCzDB,23,London
EPXwxqhd,61,SF
nBcN2WDl,39,SF
YnB8C6NG,65,Berlin
l0Lukvr9,65,Berlin
iLAhIsU9,27,LA
OTAG3MX9,22,SF
iApI1e2y,29,Berlin
ln9bLQ6l,39,London
NvZ5CTKJ,51,Berlin
il8hfd2N,47,NY
lGfr53Oj,65,SF
eblrxe57,36,London
LzV0lYwx,62,SF
6KHXZI2P,62,SF
SS9KWz0N,40,Berlin
D6wfWC4B,61,London
QQ5YN1eg,32,NY
RtM9cD3r,34,Berlin
8xrXC22X,27,London
WPSbbIRv,58,Berlin
uePpkOIw,52,LA
7x35IjVP,67,SF
Blq7DRvk,36,SF
Qce60DXr,49,NY
vMDSfmPz,51,SF
r7pQULSO,61,London
wnbHsjLM,33,Berlin
hgWq89am,26,Berlin
S0lkcrSm,22,London
1PAq3VCI,37,LA
dCNpEaXj,27,SF
gtbmlD6m,33,Berlin
rxdQxsJs,52,Berlin
bDbmIi4t,42,SF
RVyv8UVb,42,LA
Ttendkoq,52,SF
t1fIvzar,61,SF
YSagApRE,48,NY
6vkY5E6u,57,NY
LQmtavr3,31,Berlin
b4Z6HqWl,65,SF
gpkNfcXw,46,SF
yni27xua,59,LA
IEqXOplL,20,LA
Wcv0vQO2,22,NY
AeG41TGS,54,Berlin
tpQ2kkKb,62,London
Y2hr1266,25,LA
yP1MHIhk,67,LA
k1Knx4PV,49,Berlin
2B2wHSzw,67,Berlin
Yn0n94KU,64,Berlin
1uVNNKsp,27,SF
9fRMAw9W,47,Berlin
ai5dpbH0,31,Berlin
P3BBF3lB,38,Berlin
DJCQvjnB,53,NY
s8KUEVFj,60,SF
np52SQPT,55,SF
jgjeLw9O,23,SF
n8snQDqz,19,Berlin
eTrSHVS2,58,LA
8K1RDJf5,66,NY
uioz5aZy,22,NY
8U6TOTVq,30,Berlin
z1Pvdo0y,52,NY
BEaWYqUc,31,London
gjo9aCpy,44,NY
KRPTP1my,63,LA
2RMKgbO2,56,London
BsSfNIZk,36,Berlin
9scA1pQb,58,SF
szkHgEiq,68,SF
8vHm1Nk3,18,Berlin
k9KhnY5y,40,NY
Sph6zyBA,20,NY
0d8Cb6Es,28,SF
H4Oqvula,60,SF
qHMq8ZNm,36,Berlin
kB2gqJz6,37,SF
fIGF4Rg6,60,London
buTk0RfA,36,LA
oQQpatGl,52,SF
ddlOJavv,56,Berlin
SyMWd5ro,40,London
lqTvM6dR,45,LA
DHxmtkdj,48,NY
9qvhZ01e,56,NY
aPIoYGqH,61,LA
f9wZ0cj3,23,London
3ePpsb3M,51,NY
S0DsXSLn,66,NY
9VPItDSu,62,London
GqSsJ5tw,30,LA
sls8cAYy,25,NY
bdPvzbpq,24,Berlin
2ktcJDoQ,68,Berlin
gSIcMgtB,69,SF
2EJYD2X3,36,London
Fc80tr6P,24,LA
5mlIt9pf,33,SF
eXlcJYf5,29,SF
7TqUBkNR,39,SF
QxwItORC,41,LA
nfqh03BG,25,LA
mBuhCeZ6,64,LA
fWLeglZO,57,Berlin
Dbf6FvoT,60,NY
7Vc4UnqY,56,NY
yGW10dEW,29,Berlin
wB9IH134,31,NY
NbfFSmoh,31,SF
9PRVfu9i,46,NY
Y5oqtJjw,66,LA
l0GrWEnT,44,Berlin
SHwqRAUS,63,LA
0MNgTLrn,42,Berlin
Snj4y5VH,45,Berlin
QOrUa983,47,SF
tqbTBFtS,33,SF
8eAOEqTD,33,LA
gHt1EUr9,27,SF
yj1zAc80,26,Berlin
kwGnmmCY,63,Berlin
MQbXkkU3,49,LA
DPBmIpUj,30,LA
hABGSwV5,60,Berlin
ZrKmDPWq,35,Berlin
5OgdgKMJ,33,NY
SF91ihII,40,Berlin
bK9tnRSp,62,Berlin
CMsRL9AE,52,London
pgEnC7NH,32,NY
EJw9N5mA,60,SF
VnlUx9uF,40,NY
0DwZLTyb,51,SF
lr3bvWqM,35,Berlin
NjVh0NMH,60,SF
F5dTPPT6,65,LA
nHjO5x0s,52,London
fhvcbQfB,53,SF
KP21BsQC,51,SF
X1V58OTn,44,Berlin
XEnL5nSZ,20,LA
TWgiJtEb,19,London
5Sqm3vTC,55,Berlin
JuJdwMLM,61,SF
PHPXtkGI,48,SF
GPsxKa63,45,LA
TCdx4Pzf,64,Berlin
uPgyYs2l,32,Berlin
9Bbx2VWe,41,Berlin
3UxYY0wY,36,NY
HP7i3PTZ,54,LA
GqTkpFmh,42,LA
hR60WgFf,51,Berlin
bpJEgXRH,35,London
8ETtiGkR,38,NY
KSn4rDHm,42,SF
XMAihhZj,29,NY
OiDVaJPf,43,Berlin
GDmTMsqj,31,SF
5VUyW7sf,61,London
uXZth7tl,65,London
1ob7rN7P,61,Berlin
7RfmqsJm,45,LA
4QO0sucT,51,SF
dESbfuUy,42,LA
GfU2wT3Y,37,LA
PB1mqVjn,26,SF
MjuQHWkg,61,Berlin
4Xegc1Oz,61,London
3LQtgdPs,27,London
j4eVwpFM,22,SF
xBATVkrd,69,LA
NvS4n8PG,48,NY
jAwpqUCE,21,London
ccLdumBB,51,London
yJLTiBLA,54,NY
7dvxaA9j,44,NY
qaFIWNmA,33,SF
umoHOgxt,35,LA
saUXyngC,28,NY
cF7sw190,59,SF
cQoHL3eH,64,London
zrqzDMK0,67,London
1YLEnTGp,61,SF
uDVSt8nJ,41,LA
Nbr6W2Ln,61,SF
qzn3CFPA,23,NY
4lhzUaQD,41,LA
tzy9dT51,18,NY
5M6LnsFi,32,London
TnwDb5I1,46,SF
DndDJdWZ,18,Berlin
NVGXNVOZ,63,LA
fj2FAAja,36,Berlin
TlkHDp9L,66,Berlin
aql2oLkn,38,LA
6YcfOQro,66,Berlin
Gt5Mm0NN,43,Berlin
WrRrEwJm,50,Berlin
Z0vwDrei,69,SF
fRWyUtEP,19,London
lm6uTx8D,55,NY
gOyhPOIQ,18,London
N7BrYsid,48,SF
YveORxMr,33,NY
wz8sIt32,52,NY
I0Za338b,44,NY
mSZWxvST,29,LA
OY6RItyd,51,Berlin
5tfVzvgY,66,LA
HtLqmdTB,42,LA
NpL5AFxo,34,SF
j0QqC65C,68,LA
zaRHzngk,69,LA
SMwK8jzo,26,SF
OiGdVisn,43,Berlin
4fTNJtzK,56,LA
moafVKxt,39,SF
AHggBmyb,42,LA
Wn7UCHTV,22,Berlin
kPdiBmbi,53,LA
HoNCH0LJ,33,Berlin
8KylhQFM,34,SF
ZVSNNSOt,29,London
UtKJNgAt,61,London
Uj4YT8ln,64,SF
84dHnKuh,19,LA
QAwDi2sI,51,NY
vjDXRhzb,36,LA
G1eAyeP5,20,Berlin
NXCzqIUl,69,Berlin
QHuPGhOr,22,SF
6QZszRF3,35,LA
SULQRNew,22,Berlin
L5DWgmRv,65,Berlin
xdRqHG3R,47,SF
c1GtBSMK,45,NY
WAcbrLGe,43,London
RNxVFCph,35,LA
PKP3Y0DX,49,NY
I6voMkvt,45,LA
I0ZVmnqB,62,London
RelP9nne,23,LA
0GelM1TR,67,SF
r5yQMogI,27,LA
MIylQLAg,19,SF
XmK8X0SZ,67,NY
2K1aSYwQ,64,London
4y96JQxa,47,SF
DXgGdBAS,62,London
Bd0r1Yw6,32,London
SpMrbWEk,55,LA
tmVJExGF,69,Berlin
mgJt9SsJ,35,SF
2IP7zQwL,51,NY
erbCmflF,43,SF
qQMh0gO1,46,London
XuUhl0gr,26,Berlin
I8MsgIpS,39,LA
M16TviNh,54,SF
ZP3BXUiY,67,LA
q2J6iaKC,28,Berlin
ImEqDidd,41,NY
CCYUazTS,46,London
w5RzEPLf,30,Berlin
dVi5840d,53,London
1mckhPEI,33,NY
MaSYzNqD,58,London
gHLawwxj,32,Berlin
pf24enH1,27,London
jAcCFbxx,25,London
3xn7vvt3,48,London
6M4pHWf7,67,SF
BSOX660V,53,London
TvWewEvx,46,London
s7fT2g9W,52,London
SDUVJiE8,29,NY
vKmHH2NB,31,LA
WsWSvjx0,43,SF
LsPrULW5,44,Berlin
JpjulN2W,68,LA
TeFnK4mk,21,SF
5MeNP9gO,55,LA
wmzUV7Lj,51,LA
0tEfmU6O,50,London
D9P3CZjU,36,LA
X8oqAJbB,27,LA
Sy8aKFgr,24,Berlin
Z4NJmZdm,56,Berlin
PNmegMOF,28,NY
AqWYoo1B,21,SF
eFV6Giop,48,London
zAqq2efD,39,Berlin
SlBe6Kxi,50,LA
sxzkQGq4,36,Berlin
iEFd0RDF,61,SF
O6rT7sUW,47,LA
vbOp4Tb9,45,Berlin
UyDyLods,51,LA
I0PvjT2a,54,LA
CoKDoPhg,62,SF
dUW3X9dK,19,SF
qnuu3PJO,52,LA
gc3Lxce9,49,LA
2d9nwvlx,35,LA
RtzJeu2I,25,Berlin
MqgImf8n,31,LA
tbEMuNF8,31,LA
fJyeJ4fD,38,London
GrXUCwZV,43,London
5Nfo2Udu,34,Berlin
x0KgODzJ,27,Berlin
YCRgD8c4,50,NY
EOeOs1BN,54,SF
ftWkkfa7,42,Berlin
pKRg5bfv,55,Berlin
JZeIotgk,54,LA
KnIq1jBC,59,Berlin
29B80zFj,60,SF
3820m6k4,57,SF
YIJahGF5,44,SF
rY7RVBxq,69,Berlin
Wn9jgCHa,65,LA
unWIeExc,64,SF
WhlKXStD,68,LA
AVO5UVCY,26,NY
wVXWTHQU,43,SF
ORfKC4Xm,68,SF
k3qLuUCM,58,SF
O2fDBbrU,37,LA
5Ffp3XRo,59,SF
y1v8QsLX,28,London
Jt5wXSHC,46,Berlin
pemR3QX6,24,Berlin
B5zfmmin,36,Berlin
QABBDe5K,51,Berlin
4oDVNrlJ,67,LA
whEjdIoB,40,LA
ny4EJoJS,37,London
ixIXDF7o,69,LA
MyNGSM3H,47,Berlin
fOt4dv3x,18,Berlin
puCkH9dp,64,London
TGeKh3cO,28,SF
T4kswjVR,53,SF
YBp0IAv6,59,NY
asCHL47n,39,London
lygHTYRu,66,Berlin
IpUpH13N,68,SF
wbVl4CJw,33,SF
nDLoFgVw,30,NY
LHDcZDgG,47,SF
1zKRWLiD,49,Berlin
p2qpAbp1,65,SF
fIiSGg5I,52,Berlin
H2cU3WJD,42,London
BrXGVgV1,39,London
oOZiSoxw,68,London
wDwYGOPg,18,SF
iIywUQPk,34,London
iAKCb95r,55,NY
sIKeJ7S9,32,Berlin
qyZoMEfR,20,London
Hl7uLtMF,33,Berlin
wF47qAuX,33,Berlin
sFu57cXs,66,SF
ATR9kukS,67,London
uSZNUHCh,65,Berlin
050oLj5G,39,LA
LoENIc3X,20,LA
wATH5E9L,18,NY
zkWyopqi,34,NY
vV4xwKmo,46,Berlin
SryvGgV2,49,SF
ByMLKqaj,40,Berlin
KB4LVuyC,59,LA
W26ZDhU0,42,NY
L31J00sv,63,LA
1CwpjpKZ,36,London
EYFG4aIs,43,Berlin
uGV3HdCj,51,NY
BWediuLe,40,SF
23FLgOXP,29,NY
EDxRM851,59,NY
lBZBMz4v,52,NY
0xF6ThSZ,45,Berlin
1ejMYJ2x,37,SF
tDEg7SMt,22,LA
lkJFKAar,53,NY
fred0CJO,59,NY
jNrykGYl,18,LA
ZzeUnHON,23,NY
V8oJQtsG,46,SF
KVfPzzTa,33,SF
0ECbMlzd,50,London
dxZGBTjc,39,LA
wP4GBBAn,51,Berlin
RViXA59W,20,London
3ZX8OqrH,56,SF
vConN7an,55,London
7e782qD3,47,Berlin
Fx6IsQQo,43,London
rUeLbj8l,41,London
WDHmkX2u,29,SF
VCFMMjnh,35,LA
TpDhDOqj,27,NY
kchvApjH,43,LA
Dz5sexL2,66,London
h0xiXGLg,18,SF
JiVeI4tU,20,NY
n08VrAuy,18,NY
b0YC6STt,62,NY
gJctP8BL,21,Berlin
UENTKdM7,64,NY
tmMr4RTI,19,LA
xuQxAFlH,31,LA
QJOvTDbS,47,LA
seanfupK,22,Berlin
uW8w9dn5,50,NY
2VPsm8Wm,24,NY
I6sfp72L,26,NY
l8oEgsNu,18,SF
zrgutlTK,57,London
DUpoFzJ2,37,NY
9uSeldMh,40,NY
6HHAPaW0,33,Berlin
OjC816Gm,28,LA
z7DWhd3S,29,Berlin
pibSindA,68,SF
iXJUW25e,64,NY
LvHU5s2s,64,LA
9lyQbIvP,22,London
3PvJOjWs,49,SF
Pkl0wU0w,52,NY
G1jZ05H0,25,London
iJiOQ1T6,18,LA
X29bKTLC,39,SF
9yk55KTe,65,NY
UCl60eZS,42,London
34PrmhCG,63,LA
hKiuwSqu,20,LA
n8rraPu1,51,Berlin
8Te21pNz,38,London
bzYQ2mOB,53,London
kPiHnHkr,29,Berlin
DHni7y00,44,Berlin
vReL3lZS,34,SF
p8zUxP7S,63,NY
Y1IEWJzC,65,London
DgygzIdm,54,NY
R10F47Y1,33,London
ZfqcucbO,18,London
DmY19Z98,61,SF
0GcQkQ6N,18,Berlin
BKHLA8Hv,44,SF
3MYimEL6,26,Berlin
G4cc3vD6,49,NY
u3aRqzxq,41,Berlin
AdnGx3wf,60,SF
3uA7CK7n,25,LA
tsVFeLLl,18,SF
aJ9VMpfM,29,LA
nBLalIWj,69,NY
Pr4SnX4e,61,LA
my7CqE9D,61,Berlin
7HCHII3N,54,LA
XgApkXuH,33,SF
h9dzGI05,33,NY
yn44S5uQ,50,Berlin
D1F1gaFM,18,SF
nLWaLE2W,41,LA
WFRkon00,45,Berlin
cxI8R8aJ,57,NY
JJkj0CXG,22,London
Sg5wDtNg,29,Berlin
bm2hS6hl,22,London
Rg1Gf8tW,66,LA
EgiVpt17,67,Berlin
tLHWQKA3,26,London
iXDm6bbj,25,Berlin
banyJSEI,56,NY
SIa5dHPN,31,NY
GdoxyIiX,66,LA
SQgkEM1F,49,Berlin
l9Dntzma,52,Berlin
3ERkmnGc,19,NY
QHk56afZ,46,LA
bKXOg9M2,50,Berlin
3tcDh6D5,39,Berlin
Q0lEL8av,51,Berlin
D9bjIvSK,69,LA
Kr3lusOd,61,SF
tJrRcwlj,29,SF
HJmwy8PY,27,NY
vhmQVbVl,46,London
EcTzjTJp,39,LA
iXiioZMj,31,London
AVnjHK1c,51,SF
kLE3yu30,31,SF
83rUlIT6,25,NY
0AL9IIet,68,Berlin
2aJ4nbUM,57,London
j8rvpiV1,66,SF
jDBZMuuH,56,SF
xHadHOjL,32,SF
9Rr9xvlx,34,London
jvvOqzSh,43,Berlin
HwAlVb9e,68,Berlin
SKJ1BEKt,59,Berlin
6j87Yeyn,68,LA
WUbyXYUB,32,LA
hoL5nMUJ,34,SF
pqSpwAcG,28,SF
Ifgcw2AE,50,Berlin
Dtf15qyS,53,London
fNmL5mXi,25,London
zy110d7o,69,SF
aDebvNcK,44,LA
vVBPsZAJ,48,NY
5xvE0VrF,39,NY
AkqFrcEt,61,Berlin
T22huueF,18,SF
15gGkwAw,29,LA
slHVqBpl,33,Berlin
XGJGWTTu,19,LA
5Cdg5uWr,38,London
CTbReGrP,53,London
9t3bZVGP,29,London
RhFynNKo,19,SF
HxIennFm,36,Berlin
cQVqbfyw,44,London
pmmtPJDe,40,NY
Mb8vl0ct,19,London
mfaPyUbe,52,SF
mduhHU5K,63,SF
CmFefBrd,42,SF
CZKwPJXV,21,NY
elsUqEQJ,63,NY
HjvvIo4r,45,LA
cJnQth8s,49,LA
DdeGhdiC,36,NY
kRnJvpUV,35,Berlin
eEPwFCmr,40,London
cq7bvKZq,19,LA
IvRS0Wc5,27,NY
r1SXiCEP,46,NY
USfyiRvY,62,London
p9yzeNQD,30,London
xplEKqag,31,Berlin
VKfd9n6k,28,Berlin
gnF8lOVI,44,LA
5GlPAQRi,33,Berlin
nwb4NWCB,56,NY
vpFBXGJq,50,NY
5aKTKfWE,55,LA
Dl6FSzwS,19,LA
ZcIhAVqK,20,SF
zbmb64tH,53,NY
1d3nstZY,35,Berlin
eoS5c88q,57,LA
IbyA8KIY,56,SF
IoYMefxk,61,NY
dnw3dwKB,33,SF
PvLIBBZV,26,London
yJHQsSAc,39,London
s5acDzPB,28,London
ExRCvTAD,33,SF
Gf9kcrTM,39,SF
CKr01SNe,25,SF
F4piKfEI,24,SF
JsCB4zLh,18,Berlin
VCNwDcbV,52,London
BS9hMxlq,63,Berlin
CFwR5cWu,66,NY
Jo7t2DOy,28,Berlin
J9mV72X1,22,London
jNWIccdg,27,LA
mKEeIXw0,46,Berlin
I30QgwnF,55,NY
3AraBRau,33,London
z0bE7eDV,61,London
3JmY8DbB,56,Berlin
p3lILlcZ,62,London
sr0LJvjv,40,LA
REFlDfjb,22,LA
D126zAVA,50,NY
gKDzx3wt,65,Berlin
gg6bOMiv,28,SF
jLYEIifm,40,SF
Fkw42NQb,54,NY
VlfwDnJz,27,NY
WXU4fRMS,67,London
NNBlMA9Y,23,LA
GbliOsgB,46,London
UcI5Ezhs,60,LA
lcXTCImi,52,Berlin
7g6asLSq,38,London
JDO5psuB,53,SF
rNhjWhRu,46,Berlin
cX4XmNKt,44,NY
fe5ffk2G,68,London
66divwgi,56,SF
ay7XgzeG,54,NY
rxS8Twx9,46,Berlin
QjWUsZic,39,Berlin
HLDSFvJY,49,NY
CiRljmgk,47,Berlin
3hymByTG,63,London
YzOM3dDm,51,Berlin
5GdhdYrE,65,LA
0g2RPr7T,64,LA
QoHlHUBZ,25,SF
pTvf2BB6,24,SF
UHvR16bb,30,LA
NwOHPrXJ,28,NY
dkfVGtWO,63,SF
o70fVmGo,55,Berlin
koLrdZD8,38,London
OeswYqEs,23,London
bvoy5W9s,61,London
2D0vXaKY,41,London
BGNp4a44,55,London
Q3jtrKLj,18,Berlin
OJ9f1RsJ,65,SF
diAMc4Fr,56,LA
9uBmYhPE,19,NY
reNJF15s,44,NY
JR3Aq8hS,46,Berlin
ge3jGHZR,40,LA
LpHIA2cI,58,SF
TUw1Je60,31,London
bK4DaFXj,66,LA
SdIEI1zL,31,LA
G5FpSzVQ,24,Berlin
1DCQKX2p,30,SF
o5wJI5fS,31,London
COh9Uqhk,34,LA
z1AzsJ6W,50,London
eoLJV1U2,45,Berlin
eofS6xwA,55,SF
YHDjgPAt,52,Berlin
4qH8tcFa,50,SF
XOv5JyPU,18,SF
pFvBOM3m,50,Berlin
gBNQuTSP,63,NY
u33HBBz9,41,London
Yni3da7F,61,Berlin
Ml9S8jWm,32,SF
6HPNDewb,32,LA
UYbNP2IG,22,SF
esibrrRI,54,NY
61EZ8htv,32,SF
ALGpsouF,59,LA
cZvOTXMc,45,Berlin
v7sWZJFH,68,SF
FZ9FTEUT,18,NY
iKwAG2lt,65,SF
lDegMPQs,48,NY
UDye01u2,23,SF
ERIU1FNx,51,SF
12Am5xHh,23,LA
XI6Y1KdL,62,London
mXJ582o0,60,Berlin
6GUJ3KJI,58,NY
vLy0j38I,36,London
UQbJR74K,28,London
6jzKAB9l,60,NY
BynuAc9s,42,SF
8gpJa2Ct,55,SF
69sXpiLu,54,LA
0Fu8dXHc,47,SF
TWIU4RT1,57,SF
33N2jtgS,25,Berlin
P6ieuVXc,37,Berlin
OEp62P91,67,SF
bMFAqe4i,21,NY
qf23tN7B,20,SF
HW4JtSK5,45,NY
3FScJ0Ti,19,LA
YavD6bd5,65,Berlin
82AFfN6l,54,LA
7IwIrm8d,43,Berlin
iPuBYjPc,56,LA
NbtuviFw,20,London
Xcbb1aPz,55,SF
0QEgASUE,48,SF
qFZsRC8l,37,SF
Q1TPWClX,31,Berlin
PJHXINGt,22,Berlin
pEbrWQhs,51,SF
qFxLHvB3,32,SF
iiZxjSjd,20,LA
61CsNGkz,23,NY
FMNFuNmQ,39,SF
Ji95F32N,38,London
mpaMZPkY,19,NY
YT5r198v,22,SF
wQSIEqxE,53,NY
k54hS8DC,29,London
p9wHfmU6,69,NY
JGMCKOPg,48,NY
idHRkZJ5,32,Berlin
xeLSJXXS,18,SF
SWuxulo7,39,LA
2ovidwXS,45,NY
XnJ6gzKs,42,London
2aT3NQiR,32,LA
WvpgoRuG,60,Berlin
XkZGbV6C,64,SF
x71T6VwK,66,NY
xdxwTyDi,45,SF
pxadF55d,21,Berlin
Lpvw64jQ,61,NY
qIByXlXl,65,Berlin
LnDx9j3D,34,London
iJ4OFXfU,47,Berlin
yg2ZiSMr,67,London
KN4eoPxG,40,London
Ww8jmLe3,27,Berlin
39IVoSuS,32,Berlin
b4JCn5Fy,62,NY
cAFlWsyn,23,SF
7iMqiZpa,48,SF
BAmTmU4F,26,London
32KjDFHy,69,LA
hS8nlnNE,54,Berlin
IFgaCbra,21,Berlin
3wFTXz6x,56,NY
zfYhWEfx,22,LA
F3Z9kOjm,32,NY
tBoyLyIf,48,LA
qweMHjyq,53,LA
h74Hu0Kh,63,NY
7tq1v2xv,65,Berlin
AqUMi2hQ,51,London
rCKzd22s,36,London
TeBUVhgB,63,LA
pcpbuoMh,65,NY
RDitaMlR,55,London
lYBqhPmb,20,NY
Dw1kYVYt,69,NY
vBI02mud,62,NY
cYxnGyco,43,NY
4N7FpHeD,51,NY
VQoSLENM,55,London
zc9Ccxba,67,LA
ygKnIZJN,30,LA
a9TQP1lF,19,LA
sQJPCRR5,53,SF
tW5JlA8M,68,NY
dodC6ZsS,65,SF
5GKAq129,31,Berlin
JLr2WZHm,59,LA
IrMiZNVE,20,Berlin
d7BF6tyN,56,Berlin
E5PSpLOM,24,Berlin
vds0q097,52,LA
0MyvNXam,55,LA
LlnNgXaO,68,Berlin
K7Hx0sjF,32,LA
feZVIMBB,23,SF
NuWnqDVc,55,LA
E5j6eNQU,38,London
DNBQ9crz,40,NY
5VHGgTtu,26,SF
F1x9evKK,46,SF
Rgmz082g,63,NY
wr2DAbt3,36,London
C00MCdt7,52,LA
srycgfaK,32,LA
72GaE2T0,41,London
cq8asAEz,36,SF
i3vAmhcy,61,NY
oWVsogEH,45,NY
9eqLAFS7,29,Berlin
K1kSfHMk,38,NY
2ztMLXg9,49,LA
yLyJrzKu,51,NY
zSM7uR0z,44,London
vzvfFQIk,34,LA
zt2QwcYy,37,Berlin
JH9xScQK,38,Berlin
JScq3DTw,50,LA
LMKqpFGX,23,London
kV8svKRk,43,LA
DKvsUt2z,66,NY
oY965J5e,50,Berlin
pP8Y8m4D,38,SF
pAdfjxEM,58,Berlin
000WzWhm,57,London
GnaTvUrj,64,Berlin
8ozotKof,40,LA
AJTx9ukm,66,SF
qOp69j0T,44,SF
39a8RdAi,40,NY
aveanrVt,36,Berlin
I246Hly2,20,LA
n16xbvW6,67,London
w8JCVwPi,59,Berlin
pidesNTr,69,LA
tIay0eMI,23,LA
fcpCrBWa,52,NY
89vvh6Im,44,Berlin
3PGFjr8S,28,NY
2hAtd0jL,63,LA
h0KdrK3n,31,NY
hpMKMmr6,58,SF
lDbtfB1R,47,SF
FoD5K89p,55,London
V10hAeTt,57,NY
9QYaBk01,51,NY
ichDxA9y,47,NY
FKyxwnnW,52,Berlin
ZKlMPoc0,22,NY
eacfRtDY,49,LA
52VsquSC,21,NY
lAgO3z8W,50,Berlin
MHJhT2hM,66,LA
wNidlHOU,59,SF
Ts1qji35,36,LA
c9yMVogy,18,SF
b9IBQLQt,29,London
cSMNHQsA,58,NY
jh25Se6t,27,SF
v2hUro2H,66,SF
gY3ZabrP,66,Berlin
thQGdvBy,63,London
1veYmSjJ,49,LA
uL3OULcz,35,London
CSCpdSiP,43,NY
93m7ICGy,53,NY
yJtMJIhj,56,NY
mNzWKBHR,21,SF
fuq5qMPN,37,LA
CecyD8XC,40,LA
liudlxUx,45,Berlin
qpaqVBsp,18,London
WAFz8TNR,27,LA
xsncfLH4,34,Berlin
6diiFB9y,58,LA
0FumKh9G,56,NY
1tprO6au,68,NY
i3WCoPfU,39,Berlin
guqe4wGB,21,Berlin
GicK9tM6,20,SF
qXEuP0rW,40,LA
YMA506G7,57,Berlin
kZenSdvq,30,NY
mmeE4SyJ,46,NY
HYidRTAp,55,LA
VYs3LshP,32,London
EtHXomlw,68,LA
h7WRBdUO,33,London
o4X1hVCv,35,Berlin
RSznzxp0,36,NY
kiywkvzF,65,Berlin
ljQziLiK,33,SF
ewMGvvEL,34,SF
QAMsoxvV,61,SF
spcgplDQ,63,SF
ovTZ9oId,49,Berlin
iviqjOhA,56,SF
sq4cL6do,35,Berlin
4hd0d6AY,57,LA
yGB3ELgI,24,London
oYEJP1GD,25,SF
9dvJQJae,40,NY
lr868SBb,57,SF
dRRXlepI,61,London
aG98luni,46,SF
DnAMdzOE,65,LA
5NFO7XLL,65,NY
HR8lN7ke,39,SF
Rru1Immm,48,LA
x1Ka2XLx,66,Berlin
D7IItUHa,64,Berlin
uWUgQTvm,33,London
MF82okvf,68,NY
oTv2XCC5,62,Berlin
l87T93tm,27,SF
TvE1DpR8,23,SF
1IHzF2J3,47,London
ufv4cZT4,57,LA
16yuxoyA,34,LA
rBrcKAHO,69,NY
eygcsEwu,44,Berlin
9rExhTNM,34,LA
pAWfQnvM,69,LA
2dyKjMXf,25,LA
qjzF5iLT,19,LA
qn4ZU1ww,28,LA
T3xGUCX2,27,SF
Z0UrNwPu,34,Berlin
8h3kEVzC,57,NY
zolnhD8V,34,SF
iTmJYOeE,35,SF
TqPeZmmC,47,Berlin
LiuAwMtL,63,NY
Px58CZVO,50,London
2SsJ4HmU,39,Berlin
tmrDElB5,53,NY
mSaslaMc,59,LA
WKqRGZkZ,52,London
hptiz1tS,30,SF
4cIe7mCm,65,SF
Vk2V9gIi,24,SF
DRkoK6vF,48,NY
Jlw6xCxn,26,SF
s34rBsfa,56,LA
oab1esmi,40,NY
WtBcvohp,64,London
P6GkCONx,58,NY
s1u5qrON,52,NY
DM58961M,22,Berlin
UDgoCgaF,51,Berlin
cB5hKOYz,33,London
wQyiB8Xy,31,Berlin
aZXL1qGW,46,Berlin
eLaRma2y,56,London
D3wpbBGW,53,Berlin
mmef0TGM,57,SF
jKCJkyQ7,29,London
4Fuo8KV4,63,Berlin
1IF7RjAc,43,Berlin
3jHrS7wk,61,NY
8Cxv5tdy,38,Berlin
goCJhVWp,28,SF
p2GKaswf,51,LA
dZIzhbaO,46,LA
BUYvG63v,36,SF
Wn8uk9Da,35,LA
T1fA1sM4,55,London
eB4QsYqr,46,Berlin
pmS9RL9t,48,SF
SCiRIqVu,46,NY
APMtoiLj,29,NY
M2cLDVLJ,20,Berlin
o1r3Aix7,31,Berlin
DTn9IoHV,56,SF
wt34selU,68,SF
mrU3IkCa,54,London
WV1bKIva,24,SF
S85duzhH,33,NY
HaDAQsdp,64,London
u4Mtt2Bd,58,LA
h4LhEm6d,24,SF
s1epiBDX,67,London
5sj1Hj1k,48,Berlin
zpld9Nab,18,SF
3wA0K0P9,37,LA
mYuLlJ0V,28,London
PxhJ2fGT,55,NY
0crSUYHo,59,SF
SlZ2bEt9,52,NY
fbTc6ghS,59,Berlin
3wfT8ocN,66,Berlin
J6mSW9gh,29,London
RsrNulxQ,66,LA
v83jaS9n,60,Berlin
yXK0j0aM,53,LA
5iTxpeNC,51,SF
l3TL5qWg,53,NY
8dIBQunG,66,SF
I5CfMY83,44,NY
9wzJFePe,53,London
cHScnoGd,44,LA
LrYvZMMj,19,LA
qE8bCXd3,55,Berlin
rvKCY25y,67,Berlin
KMgqcj1A,32,Berlin
4033e9Yn,21,SF
UQ7GEw9E,52,LA
CAtAOuTV,69,LA
tcf0Fdna,44,London
hRkpoBeQ,43,Berlin
GgnFF5tG,38,SF
p2C0nWGv,63,LA
Xqml4XtR,54,NY
vt4AbslI,24,London
M9PQ1sph,44,SF
wntmbdzD,48,London
jFm88QAN,47,SF
saiXniMg,38,Berlin
RbNiHyZ4,50,SF
yekT46n4,39,London
BVyjdhWb,31,SF
GF0HcU4Z,57,NY
Aq4XfqMi,21,London
zlKjN6sJ,67,LA
yKmGTDUi,21,SF
gOf52I1k,55,LA
ncPaccer,46,LA
CInCRqK2,32,LA
FxYpus6R,41,NY
MoIhhht7,40,NY
2jJVuPfy,51,LA
m4DbsxnG,28,Berlin
FccYPInm,37,Berlin
NN7k0t6z,29,Berlin
QvGHf1Du,46,SF
xQWI5xEY,57,SF
EBtC7rk8,26,SF
fAycLeQK,47,NY
UTLQqDGn,31,London
NgTLmsDV,55,NY
JLeUF5Kd,20,London
AIjU3bas,23,London
okSZMsPt,53,NY
t7hRvXOl,63,LA
6Q11PRkl,26,Berlin
IajIiZF1,21,NY
UdWEvY4w,35,NY
W3iMV4J2,20,LA
29qkWe8V,47,LA
TSvUxeh7,28,LA
5UoXNWgu,33,NY
vfuOwtlk,43,Berlin
6ulBmsZ8,38,NY
CdqLmq8G,40,NY
lm338Br8,20,London
zhne6AtT,45,Berlin
C4zWANH5,59,London
VNFvPg4V,54,Berlin
DvtBJmx6,58,SF
i8D9nUZp,36,SF
kpEbudla,64,SF
tSLOnWAU,43,NY
sykJZTMu,19,SF
MXAUBgzW,21,SF
TvpJzVDP,63,Berlin
CXc3qEA2,22,London
GknVSBC2,35,LA
JTTTZU6n,42,NY
0AkrxVlA,61,London
kvbOpA1T,19,NY
Zl5Afntz,68,SF
yd3WQlD7,29,NY
4PCjBBhg,20,Berlin
E482uiWz,40,Berlin
z6YzUB7Y,27,NY
E8gjnjJH,44,NY
IOPkBSuc,60,Berlin
nlDrM8zR,61,SF
4rpL0QLw,20,LA
04ch1qhm,62,SF
NXbIgv9F,54,London
amS0SkgL,60,Berlin
FnIqUDuH,53,London
rK9PMs5i,57,LA
m7NYoAOU,59,London
M4WUYanj,60,NY
ZR11zokT,35,NY
vTT7Wqaz,30,Berlin
LqPdq6Iq,54,Berlin
5OiKqAK5,18,LA
Lt17OoT3,65,SF
5AOMGeCB,31,Berlin
YlMUiUam,37,London
A9KYOrCN,34,LA
GW0UEzKa,22,SF
ylkzlSCn,65,London
M2JA4AHG,38,LA
pMvp4lEU,50,Berlin
gPfj0FpP,25,NY
4WCo9G3a,60,Berlin
btZHqf1K,19,NY
0ZB6RSwC,55,LA
Fp5KFKJz,50,London
6pL1jSWe,66,LA
v7SCThhm,33,Berlin
V081uKy2,28,SF
oonfpYHz,20,SF
ZODCHY4x,61,SF
nsF5Nh7j,19,London
1QchCfUi,47,London
rvsMqJJu,24,London
FEsjteLj,43,NY
RzuLY9Rt,21,SF
qNRy6SK2,20,SF
3WZM6WaZ,22,NY
WLvsX50e,58,Berlin
FSZ4hTjx,64,Berlin
avGxerJd,44,London
jDhEcwCR,24,London
Eq4pvmA2,66,Berlin
ci1jYuCy,29,SF
2mDv6lzK,61,NY
GFopiEAp,48,LA
1bCZpQsZ,22,SF
boXK0nOq,30,SF
cO782aP6,54,London
yQhNIHpw,40,LA
CGzeq2hY,69,LA
0dJtUyJq,26,LA
wZb7R3Fd,27,LA
fVzJcGSa,29,LA
iX7VaAzs,40,SF
LCbS6InL,23,London
Mb1crg3F,64,Berlin
ht5KgyOo,22,London
5in12xxo,67,SF
NxoYzplw,22,LA
UlEvzzCX,68,London
apcNHilo,23,NY
8SGtknBv,64,LA
hOiXieb6,47,SF
V0stDDMG,26,SF
Y2l20Hpt,56,LA
0bcx9ZoT,42,London
LABowYuR,24,LA
LYsturID,63,London
ao6slcpm,66,SF
6ne8TM8w,65,LA
rKDdqxC9,40,London
MA5tsXUI,46,NY
Q1painoO,48,Berlin
TUjFByqe,53,NY
NTwdUHOU,45,London
mLA9KmVr,25,SF
sMcNI317,68,Berlin
4F9VLVUU,51,London
jtDfAuV9,56,London
YHOea9dx,39,London
o8xJd5S2,46,Berlin
GnrnKlBL,69,NY
65m1liTY,68,NY
Xo8Mu1dr,41,SF
QDActwnC,41,Berlin
9AyIyj3v,40,LA
DebudU6n,30,SF
ZO9VC50e,47,London
YpYHZ4Jn,22,LA
FvX9xmfW,35,NY
a8guRAl7,58,LA
KGK9KQKJ,23,LA
GSMBbw14,56,NY
oJobV7Xh,38,London
gmltG01E,24,London
qddkEVP9,29,LA
1otwgJog,35,Berlin
mhHELX1s,43,LA
7nhFItoi,55,LA
MNnQZuPl,20,SF
IBtZTvlQ,65,NY
r0pnWzE8,33,SF
2RzIev4p,50,London
SWjvpnjc,45,London
OFxEU1uG,65,London
xJu5Ph1a,64,NY
2Y1FUChj,35,London
coSPRuUw,49,Berlin
mqqs1RyR,62,Berlin
23D25J6K,53,Berlin
8ofUXir9,18,Berlin
SGkZhETr,33,London
c1sFiYIK,35,SF
r8hRbvj8,68,LA
0WFpT9iJ,23,Berlin
IhwxgZLs,34,NY
nsbyGrKj,26,SF
VJIFwVKm,40,SF
blSUAuda,30,SF
I1DJan2H,21,Berlin
IBoMK45e,67,Berlin
WTd3ADI6,18,London
rQE1VOYz,26,SF
kYmasUIQ,18,SF
43OBjY55,61,Berlin
SnkMfDYs,34,NY
JbHHU4wl,37,London
48YBvP2G,28,SF
rcu4vkPZ,69,NY
zDx9dhnK,41,LA
yb9ZDqxt,18,Berlin
mbNdcRq0,27,Berlin
bbTpqaik,59,SF
NEnOpePM,58,LA
GkpG24oX,66,London
XujHqEdX,31,LA
v32S0EHf,56,SF
7C3N94uL,45,SF
hxkHioYG,36,NY
rSJZwnCJ,40,London
CeAbdBPL,50,NY
4kFEwdMC,58,NY
uoDkxZsk,65,London
iW3Csqbx,67,Berlin
4Nsy4f5Y,28,NY
Op6tunvY,34,Berlin
et0RrxYG,69,London
CfMTDNAx,32,NY
TgOEAEr5,19,SF
KQiHWvyY,38,NY
P8m2p9uh,61,London
FL6pjnZR,35,Berlin
tRNtvG0P,45,NY
10wHIflb,18,London
R5d35lPs,51,London
q3V9MdcU,49,Berlin
UkgpveAc,67,Berlin
8KjbWmwb,50,London
ZgbtDRKb,28,LA
UWVxSJ09,65,SF
R8o4jCHf,43,London
N967whGE,45,SF
4Gn4FX4C,60,Berlin
VMv3FRRP,19,NY
nL8NDH2W,57,NY
gP58wbPv,46,London
HGNviAio,34,Berlin
Bl1Vw99D,27,Berlin
SUGXZWDk,55,NY
0aQ1gIrB,61,SF
5Bydfixm,38,Berlin
ccQYg7S5,37,NY
gYrYlbX7,41,LA
mtVHl7Ge,23,NY
0POAtRcz,22,LA
MNvm3cg2,69,SF
pbEoNSOk,28,SF
rkknebs1,60,LA
IXEtNm6w,27,London
SrtqwfsJ,47,LA
GQ1x3LR9,62,NY
Avqnnnw0,64,LA
lWfDkMXV,42,Berlin
QeWOXtWr,38,NY
cghuBzkc,61,London
UGekkObh,68,NY
KXd940DO,45,SF
6CfRf2Ey,18,London
LMOmnbyT,51,NY
ugfHpFGJ,18,Berlin
yaEPiIZu,30,SF
KydjR2ds,24,SF
AiSFU7dc,43,Berlin
MwMRsmz8,28,LA
HVTZgiem,68,LA
IKYSbGCp,29,London
28KwvTdd,65,London
fplGvqzP,30,London
gpddgY8S,49,SF
mOllubsd,58,SF
Tqu7lyye,31,SF
JlM2uDPc,51,Berlin
xNmmKojg,30,LA
4QzgVyX7,59,NY
Q5XIq1Xk,25,London
XmLSLGpa,47,London
j8Q9ju9L,35,NY
kfC082ek,44,NY
zpZeLocj,66,NY
uAxEobcP,60,SF
hljcalbG,61,Berlin
MXcqBmbF,28,NY
1fmrVuXU,36,LA
uar1G9bp,31,LA
j6GSL5Vt,28,LA
C67Yvzim,18,SF
sjviLS8W,69,London
2oItbqxd,54,London
vLfG6k5M,22,NY
2NAXumzT,27,SF
wrawAZhd,29,Berlin
T3PpAzzF,54,NY
z4RZLNLS,20,London
Y3vyKiWE,68,London
LXZlyFBN,68,NY
1uL3Uspp,45,NY
HaiKGmru,20,LA
dgxh67j7,63,Berlin
iuo91ihQ,48,LA
ZmuG9Q8c,23,NY
W2nk4lS6,67,Berlin
86B2JFKO,37,NY
Yld9kfiq,55,SF
EGSD7GwL,32,NY
wcfF0tWe,54,SF
m0Cvljkc,24,LA
ARmWeEe8,23,NY
25lVl39U,21,Berlin
Fa8smXFf,44,Berlin
sjh5ogbi,51,London
xIUM5YjI,54,Berlin
qq5cTQYN,50,Berlin
Y5cB7vVr,42,SF
l1Mydig7,34,LA
p2318ZHA,37,SF
01FPR5KS,67,LA
NijJjgNK,61,SF
vxq2RE7e,18,LA
B1DJmXSn,25,SF
7yHMwaLF,67,LA
eyxLyFLK,20,SF
4axSPgEs,51,London
t9j7Ld9f,60,London
4AbKVPTY,57,Berlin
PlXJ4gSI,51,NY
XJPkDG19,32,NY
IaR3zr1D,20,SF
sEui2BxG,53,London
djmAYG2q,58,NY
Rw5nCFyO,31,London
2fyW4JY5,61,SF
uBbP67KK,23,London
ywNxZxwI,18,LA
eoINX9v2,38,Berlin
8d8ofcsG,66,Berlin
Sq4eu2Dx,33,SF
iv2MZGbs,52,London
4aYD9XN1,49,London
jiQGqX95,48,Berlin
8uHvVZ5i,27,Berlin
qDjuEuqk,21,LA
2xbFE4El,50,SF
jTLJ2z7d,66,SF
zodq522Z,38,SF
nyGjlqB1,69,NY
EUphK1Xw,69,Berlin
2QYEgwlG,39,NY
gIILiHYm,56,London
vhvQ0SpL,48,SF
Wa9PCeqK,19,London
uAsjbiqm,56,Berlin
I845ui1d,50,London
6LarkbZy,58,Berlin
3QiXnPXR,59,SF
NEKVN7x9,69,Berlin
sVWJg1CE,43,London
c1xMX28K,61,SF
jdc1aD5K,63,NY
Yp0QwwgD,65,LA
OX39t4CW,27,LA
ZMMtIfGQ,68,NY
Qx8qPsOz,37,NY
SARALDky,32,London
2R1Phhj6,58,NY
9BfzHl42,42,Berlin
yUb4mtGj,47,LA
oEhO9pYJ,20,LA
ybiKlLTH,67,LA
JNQ6tn8J,40,Berlin
vrgmipJg,66,LA
HOpfbwnE,26,LA
gYXG5GXr,59,LA
11jDhdT9,37,SF
F4erUC0D,44,LA
CQ8exqOf,51,SF
LpOhex0e,31,SF
tOSYIiRf,57,London
he0aVCyQ,35,LA
FJW6hIiB,45,London
MOAgmTjL,57,NY
aJAefm4D,53,Berlin
Q7TTcCC1,44,LA
9a2IZVX3,24,London
3MIceIPT,52,London
hYlXnBqw,54,NY
0UiO6lmZ,66,London
NgoSvA0S,33,NY
juXK8TdY,61,London
rJIxYIeW,29,NY
dKBAcNzr,34,NY
9GKXmW8f,66,London
mGs3RiDe,51,LA
9Q12mMLU,21,Berlin
3YiZRcMV,23,NY
3vPkNNR9,34,NY
nmr5DiyB,38,London
88ih2B46,51,Berlin
XJhgq9Ii,19,NY
Kga8Jc4q,48,LA
AGQbAhu8,37,London
GUycqRWd,46,London
VDLYs3eQ,47,Berlin
SiDsIEmu,26,NY
OmIQbWKI,32,SF
pMraUTSS,68,LA
JUP6vAh2,40,NY
UlLngQnv,60,LA
06J9PraN,52,NY
XqfQmJta,42,SF
1x5aeH3D,49,Berlin
Upz7cl2E,64,Berlin
rm7zIEW3,36,Berlin
QZfE4J6w,53,NY
6PyXaUFl,22,NY
GkXy4N5B,57,LA
Lc2WGFjc,40,Berlin
QEpaiJzC,35,SF
XWdMrQvH,55,NY
XGt4oyJ3,23,NY
mI0sJ2UP,31,NY
LU8lXabP,34,NY
Ka2NgbfR,41,NY
hGlzPj4Q,28,Berlin
efNC31Cr,22,LA
DDwwCJOk,54,LA
LiISNcRj,40,LA
8bc8IqJM,43,NY
TLMSGhEJ,55,LA
h77b4x0w,66,SF
bdKoMB3S,46,Berlin
zBTlyltB,49,Berlin
QCpKimLC,20,London
ZE6hCFYa,68,Berlin
y5RFeEj0,69,Berlin
RTRBwUdt,58,Berlin
U1xVgQZ9,19,NY
GaoeET9t,22,NY
lErRQxg3,18,LA
99NiAQ4p,29,Berlin
Lne5f039,32,SF
1IaFaT1b,62,LA
pHroMU6W,45,NY
ECgOSBK7,43,LA
tEfXqZUF,66,Berlin
iof2F43H,37,NY
aZjja36h,26,London
rLmaNAXP,67,Berlin
JKlyd7Az,53,Berlin
bOyyZJ3R,42,NY
wOdgC35o,50,LA
IVsyPCCT,65,NY
YOdYIR5B,29,SF
136fXSWP,39,NY
dQzJL2SG,26,LA
eeEpPee5,69,SF
wYYIO6Zh,19,SF
z8ztjHAJ,23,LA
QWVN5Icj,20,LA
Tpn5S6cj,32,LA
cC0Q6N2i,42,NY
Bq5nIu8D,64,NY
B3Fuew6m,18,NY
2p4evSMJ,47,NY
3lwjeTGl,49,LA
b9V0Jqwt,36,NY
sGwkbcTn,62,LA
wlYmzwQW,62,NY
tjjpUOxb,47,SF
pnX7erLy,56,Berlin
HkYsImhz,21,London
I7DhOtLg,18,LA
O62SYuAb,62,NY
Ej48ikaz,50,London
wKaPUvc0,56,London
RcBPlGB9,44,Berlin
6FZlyh0U,58,Berlin
gtnlJk6v,48,NY
wGxI1yu8,48,NY
D81EsDsm,21,SF
aRQyXBGg,21,NY
vvOIOfUl,19,NY
6zAYWWMr,51,LA
JVLcFCYL,39,NY
28FA55hs,25,Berlin
jNre7ofQ,48,London
NGaYajTx,40,NY
nIssyWG5,24,London
pncOq9Fz,47,LA
fNRpMvtv,36,London
vrH8oYjF,38,London
XZNxG9dB,38,London
nsIJ7WwO,40,SF
81I4KMJ0,18,SF
xGP4dQwe,19,Berlin
fEKsnYvX,66,NY
wCm3HNgw,69,SF
prwcPE3z,35,NY
yK0gn9Fm,20,LA
eVmu8JN2,24,London
GvbCVGZX,52,Berlin
z05gu9P3,33,London
ChkADNEG,27,Berlin
0yYpG7tl,63,Berlin
z6eZ51Xt,56,NY
9zh5B76Y,53,NY
wcdjdsJW,45,LA
wnT5hjRI,50,London
LCQ17cck,44,LA
XD6EKVph,24,NY
ZCBpRvbt,44,NY
yQv44Cju,59,London
gLVEhvJ5,66,LA
3HVv6AF2,32,LA
HK1iQZoj,27,LA
3mVILh1B,25,LA
ACuHyAe1,41,NY
QjKiiVL7,38,SF
nIG9hGXZ,20,Berlin
7GfBZki8,62,SF
BE5J7tFc,67,SF
b0uquoUi,50,London
3tttcoAQ,21,LA
xR14vZXN,48,LA
ogjvIYy8,56,SF
PKw2mPiu,68,SF
c0mbhWl5,64,NY
TlMeySiv,22,NY
1hs06seV,27,Berlin
csOsO4gr,34,LA
5D6CbLNC,34,SF
HSJ8Ot4Q,34,Berlin
fEunVMBF,52,Berlin
zOwGkdA9,27,London
o2Df4HQM,58,LA
Gbks3bwb,41,LA
22RybR0a,48,London
JMNpg929,56,NY
anZlfH2o,47,LA
8wY5F1It,33,SF
iwO0VzIr,60,London
FiuvY4jj,40,London
azAQNkg6,36,Berlin
YLBd4hW2,24,Berlin
MWUo084k,50,London
Eqt2hrqS,26,Berlin
QOcUWF7r,26,LA
XdkL6W8C,34,London
wxWp0dX1,25,Berlin
P3o7hQ5w,44,SF
fXssDfr2,46,NY
YlyLpFv8,40,LA
H05tXK1a,66,Berlin
nj8Na1bm,38,NY
HodRFKqX,68,NY
Z9Xs3yhm,62,NY
yFqL6j55,41,Berlin
bebYAuj6,20,NY
6E0ZxSkK,30,SF
897SxGQl,19,Berlin
ymeOBroN,35,LA
v1uykUgP,55,Berlin
43PIsszQ,67,NY
ZoOZhmmD,53,NY
hFBI073Y,26,NY
0RBD0FIZ,36,London
ORMePhoU,30,London
MMfWqu3w,54,NY
A6HvBddy,61,London
oocN9ev8,60,Berlin
Q7hgJsFd,24,London
2UqUQFAS,57,London
bZuid7es,28,Berlin
RSQyqs8R,44,London
hYOCwgku,66,NY
C4Ph39lI,24,Berlin
LCgZS9sZ,31,SF
KfnDsRvj,20,LA
NcWFxsJg,55,LA
fYDiVwAG,54,SF
ICN31dmz,39,SF
cbh3hWE9,29,Berlin
Xuy1tDys,30,NY
9CotFuGe,56,Berlin
7aGFXkN9,46,London
5Hy1ZwLP,28,Berlin
Yzh8UZba,27,LA
rwUNt9yZ,22,London
zfk8OnZL,32,SF
q44nSpvU,33,London
YJdZbca0,52,Berlin
eXcfDUss,31,Berlin
IJRcI46g,20,SF
RJUJ3hvA,43,NY
WR80Bq3o,23,SF
xqgTRVnB,65,SF
Tjtl1Ogw,20,SF
oWLtRNde,59,LA
MaExEwmB,37,NY
xqjucuCk,65,London
6EAn7Rus,21,SF
5gY7vA0A,29,SF
NBgohEpy,47,NY
xBuxIUtS,50,Berlin
i5fDMEOL,26,NY
kaAtfooo,26,Berlin
YqVlTjJK,31,NY
7s55JbpX,35,NY
4NDRwlCQ,39,Berlin
3DkqUBwc,56,LA
KshEliIB,45,Berlin
LGZK4aj6,28,LA
FIJxdDNO,33,LA
SHaBWeVr,50,LA
Ogous0EM,64,Berlin
cgFMDnkL,60,LA
d2PkX3Ph,58,LA
HIcILGxU,64,LA
mEW7b1gg,19,London
PkQ9UAYh,49,NY
cA5bJApw,23,SF
8xE6DF2r,58,London
sfb28Iv7,37,Berlin
l2z7SOII,47,NY
OsO7eDDO,27,London
wbpANm25,25,London
b7KDH6hx,29,LA
envZfe2t,35,London
f2XtlC8J,55,London
gmIMsgPo,66,Berlin
uEyCt8B2,64,LA
OEoHIifb,25,LA
V4R7uq5v,53,SF
o65OFAcY,47,London
XEqC11kj,44,SF
cWRWcsRM,37,London
8sfHuR79,68,SF
2LCu2zni,23,Berlin
e7f7V59U,60,Berlin
Ctftf8SM,45,London
ec6i6uSe,65,NY
keAM2law,50,NY
hVNQN4ue,55,SF
QUnZ6Wsj,35,SF
bfNwFWer,46,LA
Cga8RKAW,59,LA
fVZoxK86,61,LA
S8DJLuM2,19,London
Jdu21kyn,56,SF
K3T9heHw,61,NY
xcQneISv,43,LA
KoMpXeXw,64,London
VrTi70eO,20,Berlin
36U26Q8p,35,NY
cfWxtViX,26,LA
EKLJV8aq,69,Berlin
MGxrjJdT,56,Berlin
3tnkZ0K1,36,LA
3hbTSyVF,48,Berlin
GonNEqLl,50,LA
toJWV64z,24,LA
uMB0JSKF,18,London
pqwAV5hA,43,London
YNprQQoy,45,SF
onzihOfp,65,London
xo3xpmBL,28,NY
D55XNxFf,40,SF
WoPnlXeU,21,London
N3DFBVoH,50,Berlin
UBg32Zcp,20,LA
kO5hYVBL,48,London
2IT3UreB,53,NY
BXTV3Hug,32,SF
FJzOtwZs,64,Berlin
TV036DF2,28,London
x1Lege03,38,NY
J44AfhHs,44,London
8PtX4fGl,38,Berlin
0hCNRYKT,25,SF
GbCc3eHS,67,LA
PJZTaUYU,56,SF
JPIRXyk7,36,SF
SoYgt66p,42,London
Cds6NFny,34,London
ueIxQOgW,59,NY
Z9ZFrpAq,34,SF
agCwgX7Y,41,Berlin
zOOh9dTH,59,SF
umxHzvW9,20,LA
MckWp6xF,24,LA
DgHYgMgG,54,NY
vYHP3gKX,62,NY
27bSQ0TG,50,NY
HpZYTAH8,66,Berlin
0XEgQBaL,19,Berlin
kmaiSqVq,68,NY
JPPdjGkS,46,Berlin
VqXkS1LH,23,LA
hpmm3d19,58,LA
WOAmB4rT,25,NY
nfaaCLpR,47,London
77CjzfpC,61,SF
wv32YlhY,46,London
L5HL0pjE,36,SF
0bVGM9YN,31,London
cpO3USWY,38,LA
aXHLGwnq,34,London
cCCDx442,39,LA
GTzBg7Vi,64,LA
cq6G4tGv,38,NY
AblmX4Gk,47,London
PYNRlyNd,47,NY
HG0gk6FX,18,Berlin
6BDTu51D,57,LA
dh6KYDMT,47,SF
qPWjghyt,32,NY
MYyBDU7q,47,NY
l1qloxQv,58,NY
WBZo0Mz9,63,LA
t9oJhUpp,41,London
v2GynDQn,55,SF
K1fJFnvJ,39,NY
OmyvzMSD,20,NY
BurCBCiY,39,LA
waB3qeGm,43,Berlin
9C3yRQY1,47,NY
PeOMJvaT,36,NY
8jTnmC5X,59,LA
3QuMve70,47,Berlin
JkgoP7Oi,36,LA
fB6FvgVC,63,LA
6TI2X2rG,37,LA
bbgtrAQG,35,Berlin
qtM1pg52,38,London
whVx8HQ8,47,London
Ar1RK81g,52,London
Xazxhv1f,48,London
hQ3DWmbj,46,SF
PS39PUzH,44,SF
yxYXZ8Nr,19,Berlin
VLTA0bD8,54,London
H2oUPKTF,20,NY
UkYvc3vZ,20,London
5yTQsC0c,27,London
dUqVHoPs,25,Berlin
gHBDJtC7,53,London
Sk0wL07f,54,NY
ukjlZEq0,41,London
CumvgtFx,44,Berlin
zPcIEqld,29,Berlin
qNgBSAEH,31,SF
usaupXEv,29,Berlin
4Nev0gVe,54,London
NQ0IbPnk,34,LA
uT7wbbDX,37,NY
D1LQzXlF,36,Berlin
xJU4giom,20,Berlin
fT3ggasX,65,London
6Bmu788p,52,SF
Wd6CBfcD,64,LA
SxzMJcNt,24,Berlin
gtwq1jit,30,Berlin
ZK0jx8T2,36,NY
9hHqD8pu,22,SF
1hxLRqZi,37,SF
YVuC0psJ,20,London
60xMbIs2,24,Berlin
T1qi6oix,18,Berlin
p0LaMii5,57,NY
2uAxOeky,39,Berlin
vKE5itOn,46,SF
CBe2qEpI,34,SF
ud4FsYEM,53,NY
3i9ZBBEQ,47,SF
Wcf4YSEG,32,NY
RLsFUBUt,31,Berlin
OoMEl9kz,63,London
jCTWSiAP,42,LA
IoFBjl9u,53,London
OZaKjUmB,27,SF
ScNFAGNX,53,NY
FXfLbN4r,59,LA
7jbQ5Clv,36,LA
VOq6R5bk,66,London
7OP0dD2p,35,Berlin
lun95qfz,31,LA
GA5Oyo5q,60,NY
0JhOoWqa,51,London
2PvLO9uz,31,NY
VlLIeGed,35,London
7zt3iXS0,59,NY
5x4aixps,37,London
q77VvwUa,62,SF
PPkQ4KC8,37,LA
dtHZKNmV,21,Berlin
9hUYstRt,41,LA
VtqLCInT,27,Berlin
iVjIcxKv,42,SF
f9IlNu42,21,LA
cIhGT9sZ,37,Berlin
dCJ29nPi,29,NY
NixrwcoG,41,SF
bcpaDQ7B,66,LA
XkJGJBST,40,London
MJjnuaX7,52,SF
tGjZXJ12,29,Berlin
8Xh0EPQn,22,London
Yi6sDcGJ,29,LA
6nW2cGdG,64,Berlin
OUHxQMAI,38,NY
3GLEPYBw,63,LA
J6LLqD0V,31,London
ZTk1cfcx,33,NY
MBy54PGi,56,LA
ObjsJsVB,58,SF
nh0z2dd3,67,SF
maASWUEM,50,SF
7RhqGcYr,32,LA
rtDSVcoD,53,SF
Je7UH0iQ,59,LA
d4VN7gKr,47,Berlin
w3fMSiaH,34,SF
7d3ZnSPr,43,Berlin
ATbNg41n,41,Berlin
4K9ksWct,26,London
kiYfynYV,26,Berlin
XNHiruxo,38,Berlin
4xvdiRIg,46,NY
UlKfWZ8V,53,SF
RTUvkoRk,45,NY
Nhr6FK9s,29,LA
A67mPfCO,63,London
AlgCy3wF,36,SF
3uM7oMlD,64,Berlin
0GOcJrVp,69,London
1NnlLe4x,53,NY
7CnzyHp3,54,LA
aZR44iPw,64,Berlin
gWRz1wdt,26,LA
VdNZQinY,26,London
lKOjhxEs,23,London
Ff3YbMax,60,Berlin
iIHRJcO7,31,SF
6aZAPzwt,30,London
cxMqbU9O,63,London
s9fwUIJA,55,LA
5lFksAkK,64,SF
pSZmX5Qr,60,SF
b5vDQPV3,59,LA
TEWFFLoS,33,NY
kPRrnr9K,56,LA
TRq0Bm8M,50,SF
ZZHdeqKB,45,London
t0RAcw8a,65,London
QmIeXARM,41,SF
4gJqJIJ1,19,NY
zVOItI6i,66,LA
QYjLN3cN,49,London
ZGjzKr30,37,LA
s2I6Wcbg,30,SF
dYkpNRSb,45,SF
xvTNcETk,24,SF
MapRp3Ae,50,NY
TQjGEP0l,19,NY
joy7Pds7,67,London
0fasYlAO,68,Berlin
EOpemaZp,63,SF
ieaCuyo1,54,London
GpZbcZIi,51,London
YCbuWRSU,25,LA
zPYHigsu,53,SF
lLMO1kHW,22,Berlin
52PMb9Jj,19,London
yzuwtava,67,NY
NBGNiJCp,29,NY
4RT9WuYQ,68,Berlin
dnCbgkqK,57,London
TXTfaTCH,58,Berlin
QicGb1oj,56,SF
5SBaMRkN,47,LA
JNETnMDc,23,Berlin
bdtlKRRB,24,LA
dLqWPNwk,56,SF
ajgyPU7d,58,NY
4LnwCQeQ,35,London
bDn9aoTn,19,LA
In8cdhN4,57,London
r92ThZtO,21,Berlin
gshmkhCR,52,NY
R0AxuKfu,20,SF
oSsCTnGN,28,LA
Cr5vbvzp,47,NY
CkOo6hFf,25,London
oteAN6iO,27,LA
2yHqsvxO,36,SF
HGMo4AbV,38,LA
lUzL3PoN,64,SF
UjUbYrI9,25,Berlin
yUetfOcY,24,SF
3tNRllmb,54,NY
CvkjYtzs,54,SF
34GfI4pA,19,London
RQjmEZWI,44,NY
82XKRk6x,66,LA
eOryz5gQ,43,SF
Oz8eR2nW,39,SF
HA8zwTWb,54,Berlin
vXJj1EsJ,29,NY
pi156y7e,67,NY
XaDIw3J8,66,SF
eOv193CY,69,Berlin
ob18RNSj,65,London
5PL9MO5X,44,London
UM8ofYyv,60,SF
Lb2ZtORI,67,NY
K9lXyELg,62,London
4rJJoUfV,64,Berlin
aaovKxpg,58,Berlin
HyTc0x8K,19,SF
JdDU9Dk3,65,NY
sWvLxWII,59,London
fanzdu69,56,Berlin
qm6DlwID,28,London
0HOqqQl8,48,SF
I6jtjVm1,51,London
sWQJLUGy,26,LA
dA2Bo010,57,LA
3ytG2zyW,49,NY
Ys5GR3um,66,LA
jzuQPy4v,58,Berlin
Kg1gwCt1,42,SF
8WhJ5ArT,62,LA
BXOTjVw2,35,LA
B4CJcvJp,51,NY
60LKh5GN,46,London
nJRKBbEr,36,LA
zOZuBG0t,22,SF
5vkAOtqS,27,NY
8C0Nq75Y,42,NY
8VzYUklF,55,NY
ZmoZY1Vf,64,Berlin
9CfjfkKT,67,LA
c4PSyuW9,28,NY
OuToSPIV,30,SF
92kgxKSx,58,LA
xlMHzzRD,41,LA
6f7xb5Z5,19,Berlin
8Vcv2uv7,66,LA
2Ayr1Zs5,28,LA
kx5f4izf,47,SF
ld6JLCsh,19,Berlin
RmuQ2oi1,63,London
RT4jzHTq,56,Berlin
fjKoXuLP,27,Berlin
JozsnRGq,37,Berlin
CFNEphEl,24,London
GutZnOKH,51,SF
ry3FykQc,24,LA
nzc7W0JC,23,SF
zqEVXxbD,48,SF
n2XZhzg0,51,NY
R40jP3f2,38,Berlin
FWiu4dID,61,NY
vfZwrqVB,52,NY
iKa7cs1O,42,Berlin
nZW8dUqE,67,NY
kMG00qce,32,SF
zF8KaAT8,22,London
jwFEQu7Z,24,SF
wx5j4wpB,41,LA
kjg59uhP,41,NY
LfplTvbu,60,SF
MHFlITJ3,36,SF
t9IAw3pC,43,SF
UFgahKYZ,31,NY
4mPGo6kC,50,SF
CQnrdRVW,44,Berlin
e35muSzf,56,LA
Fi4MxpSN,55,Berlin
6jQNfcN4,64,LA
gh7uBgbx,50,London
kNZxepOK,24,LA
KpTFMwYQ,36,LA
9ACVqPxL,20,NY
NMDaV1FZ,62,SF
8M64V7Bd,30,Berlin
5IYzHWil,43,NY
ApCugP8K,57,London
48Nwd0Yi,28,Berlin
dMMQ5Gxg,61,SF
IeAqQBgW,63,London
oEEBr1dL,24,NY
pCkWFJIk,63,Berlin
NKRdIfgX,58,London
ANfzIIth,55,NY
SeYJtrDy,23,SF
BEzKFALQ,28,SF
OurMDLD2,33,LA
XzT00u6P,31,Berlin
lOkTuzyk,27,SF
kmuGmKFO,24,London
6grk7Hot,22,Berlin
bLHmy3Xq,20,London
OAFh8a16,57,SF
rL9pcCHL,31,London
VZW9wLFp,33,London
KKxJv6Ue,49,Berlin
hXgEuRCm,22,SF
tD5wKLIR,53,SF
h20LXxf5,21,Berlin
mZhkkfi6,56,LA
uLUa3xGl,54,Berlin
tU1uak5t,40,NY
vCMGmYzK,42,London
PxKMomie,39,LA
7l2Jc7yN,36,London
rURW2Pay,61,Berlin
nOsf0Hkp,57,LA
GG2t7yDe,56,Berlin
m7il6wWX,27,SF
MtGBwiMc,50,London
xGQUbIwQ,46,LA
u2cUkTRT,64,LA
NSZJWnSA,51,SF
EKa5TfVa,40,Berlin
nTPH4A4r,58,SF
4DXtwq9s,57,Berlin
fKp27L8h,49,NY
YWjOt3wK,22,SF
1AswC5wZ,69,London
BfVU7c6N,56,SF
Yyu2TW6v,53,Berlin
S6KISZ7l,43,NY
2aMCCJF6,27,NY
LOaI2wpL,39,London
RpnU4KHJ,43,London
T0k2JHdC,22,Berlin
SrCblXJa,34,SF
grP9i2xq,43,NY
8WhksVfu,31,NY
LdEdIRAP,63,Berlin
TuHrSLUx,60,Berlin
IFJpRlyf,27,SF
7GWxOGuT,27,London
4GhsYQJh,62,London
O22g5jLN,25,SF
54uK8aOH,43,LA
wGrzrDQ0,57,LA
w1S8yc24,62,Berlin
GCBmIFx3,59,London
MUNXIavP,24,LA
1cp94Hxl,63,Berlin
e3xjf6pW,52,NY
UdNqyNob,30,London
dlAd6wLk,23,NY
tzJaCUA7,63,LA
bRmpDGqG,68,London
vL9lVYpE,45,SF
dd2WtWc0,25,London
8vs2uefi,19,Berlin
iekJq0zk,43,SF
DGn82kmZ,27,London
ERuphOTa,50,NY
fuSvsZaO,35,Berlin
3N3hAVXg,59,LA
u6VcswTY,22,Berlin
VRqHHISD,43,Berlin
PXXwpTCt,52,SF
Sm5EFv1W,22,Berlin
Y7emCjMi,40,London
X4tmuWuN,69,London
053krUrS,19,London
bYi2C8CQ,29,LA
AxRWzvbD,59,LA
yUOLROYp,50,Berlin
kdtQuwqF,59,NY
WTJh4ANM,64,Berlin
QKDinI7f,65,NY
hEbSQvHN,51,London
fzWE2cqk,42,LA
9eAiGEaj,54,SF
22nzvo2F,18,NY
LNchxxvi,35,Berlin
kmsw2oin,66,London
YSsnsADq,31,NY
cPRMESmJ,31,NY
aP8xkiFJ,19,Berlin
QIXK7aid,66,SF
lVLu3JNg,62,SF
4InrXaAG,22,LA
nDcxONfh,34,Berlin
3PEiTXtk,40,Berlin
CNdw28oq,36,LA
fAABKti9,18,LA
WoBSSHag,34,SF
lYXEIbEQ,38,London
tgFVmhN5,18,NY
PWynivgO,37,Berlin
A10JDTBz,58,NY
lLfkQMB7,53,SF
rtLY6GTO,18,London
KBdV6OGC,37,NY
WFmRw8er,23,Berlin
3oxNbdVR,27,NY
Mc1CNFBH,44,LA
CQUU6YYP,62,NY
ft4bijQ8,62,SF
dXHzmYMr,22,LA
oaNOAX5z,69,Berlin
Gh8PLeYh,69,SF
yGq5UhBP,45,SF
JRHo6q8I,36,NY
DQZPICov,64,NY
NdzXDP7G,67,London
H5uj27Mg,35,NY
IZRANEEu,59,NY
Q6yrUwSd,18,Berlin
8m6F1su7,31,LA
uAT3QLeo,51,LA
lgD9wPUQ,62,SF
78i6y4nF,41,NY
8Laqcjaq,28,LA
MJYel86s,51,SF
ks5gzBjb,31,LA
6reTMtUy,33,NY
yk4iGqEU,41,LA
SQE7DZzc,40,Berlin
e4TktIzS,50,SF
JOouDk9E,52,LA
XZ9BV4yL,40,LA
a1YYIBIB,36,SF
wf2OKZd0,25,Berlin
tCKwdhNR,18,London
UJzJDf81,30,SF
B3dirxZU,29,SF
4QA6hdL4,30,LA
mMfTkVUq,57,Berlin
QzqZ2z5d,41,Berlin
yGUxM6GN,19,SF
49h93NZz,19,London
fMpRn13d,62,London
Mc8kfio5,60,SF
zQsgxYlz,68,NY
nHlu4VCG,26,LA
YCzFc3Du,41,SF
FVadX9ar,41,Berlin
xuqrKaFF,19,SF
IXnzoqap,22,SF
LPMnr2xp,47,NY
Iru8lm5A,69,NY
TgTtkNE6,30,Berlin
7PnSjYhg,38,NY
uhoRnOXc,48,SF
Gh96Jt6H,30,London
2CTcwozn,63,SF
vGLoQPcb,32,SF
f6cFQady,52,Berlin
ZuJASAhN,30,SF
mUuFbEWL,61,London
7NSTIk7K,20,London
OVMKYZVX,47,London
IBOeFnM7,19,Berlin
FqBxTy91,25,Berlin
Tqc94yIb,24,London
p2InB3lS,34,London
Pyegu15S,63,LA
bg0jbPqL,49,London
5VVfc3Pd,22,NY
HBNmAo5v,28,NY
AjdRfit7,50,NY
lKnoOvhF,29,London
2qcRPMEq,37,SF
97pLt64m,51,Berlin
G5a4mdgu,37,SF
P7bBEJIH,28,NY
bsrArta2,21,LA
S4vCt0wj,48,SF
7ruL74CL,25,NY
hQcsLWxe,60,London
cbzF2EVm,38,LA
EwpQZ18b,68,NY
PFuUGzy9,48,NY
A0faC8cK,46,London
SRqZ3nkY,18,NY
clUh60mD,51,Berlin
cXhc2mFh,36,NY
KKSyJWVY,60,London
nhjs3fzP,34,NY
9BCQedBo,18,NY
ghHujV0E,31,LA
HWNwzvBY,42,SF
erLqsSpt,20,LA
4lloLZfo,25,LA
XTrTM0nJ,69,Berlin
BFGNWBVX,43,London
5JPYJ7XK,67,Berlin
TKGqif2Z,36,Berlin
ue5rHsLu,48,LA
TQobWNKT,22,NY
YYY0PMyT,50,NY
FnwyJBza,36,SF
Mg1ac87N,18,London
bXrUsavp,33,Berlin
8wRYXRAy,51,Berlin
WW3P77po,34,SF
6xe41Sbj,54,NY
KN7pQfMd,26,Berlin
MBSBVQlZ,21,Berlin
k7znfFi4,39,SF
QqujhTal,33,Berlin
vjIi4PMX,67,NY
5WbN53Ja,58,LA
d0qEyste,40,NY
0lKyek5J,35,SF
W6Tz3Ijc,58,London
VMiffySv,66,LA
oo6uMwhV,22,London
twrwqekS,37,London
Zrj6l9f3,63,Berlin
JFexEDFu,42,LA
fbdiojyL,28,Berlin
j1vk9WkX,65,LA
ewRwQUqo,31,SF
ncSpsXyR,18,NY
YRuxjY8p,58,SF
Ouo0Y5JM,45,London
aSXEtGwx,34,SF
49ypRS1b,67,SF
wLaUpF1P,49,London
xuXQi34Z,48,LA
43FdiTcA,33,LA
0t0tgfey,34,NY
BoAsG0NE,31,Berlin
P9U5Uwfe,56,Berlin
Lcp9zl02,26,LA
4rAc8ZtG,50,London
bEVuj5Re,35,LA
VtXflyKC,65,Berlin
xsSZECUZ,44,London
YsoUE5vJ,38,Berlin
yDDTt94Y,51,SF
5Zx2Ee6w,63,London
4aUQtXB8,48,LA
YXO0g281,32,Berlin
LUB1ILd5,46,London
ca9Yj8iw,54,LA
hxb8Kuk1,43,Berlin
Ua7X1r2g,42,London
c9Z48PuV,40,Berlin
9vyi19kY,45,London
012cfF4X,57,Berlin
CG6dYqlj,21,SF
ah3hfqJR,68,Berlin
xGyswxc6,25,LA
MBUBZFsF,59,London
ERmpInOk,46,SF
vYIYPYYl,32,LA
7tSZ5nXw,67,LA
owfx0lQM,23,SF
cvggMipx,20,NY
zaxL1rd9,41,Berlin
oDEKKPrm,66,LA
sgd2vru7,52,SF
FC6ZGrOi,32,NY
4oat8reJ,23,SF
kms81TAl,62,SF
3A327Bx8,51,NY
S6OLRJkd,63,LA
2I9A9AZD,27,NY
5jyVeToX,49,Berlin
nDVmXpDu,56,LA
D7HZv53D,47,Berlin
7jisUWfl,45,NY
ROJlWMhf,28,LA
KBcinky9,18,Berlin
DhtMnJlM,64,SF
qTQi12Id,32,SF
B5hh4MoP,36,Berlin
SXDJv1LF,68,SF
byDSyczB,67,Berlin
pGIhg45a,43,Berlin
m4MfhiAj,35,LA
fEnuqoS2,66,Berlin
nHnbyzWM,62,Berlin
gACkS9ij,40,LA
uGTGLJQN,30,London
F0vWEEZW,52,London
1U3IVjK2,48,London
OTuaa4pD,56,NY
cUc28VQE,37,SF
MaynKyNp,36,NY
EvDTuwPz,42,London
J45jTP2c,61,LA
cthWjjwz,50,NY
fl7cCcT5,46,Berlin
hVJjq0Sh,38,Berlin
8NCUBNQH,67,NY
dwytzVXo,62,SF
8hu4xQZx,18,SF
tY60vXQX,56,LA
dhXwVwYY,31,LA
7xvOrFLA,46,LA
v7qdLO9s,60,Berlin
GiEOiMpJ,57,Berlin
VP1pU8Hp,42,London
TMNbabfI,32,NY
Kqrq0vBU,62,LA
w8ye1BAV,24,SF
rMvq8ACF,25,London
Ccst3WfF,55,LA
ahO8mCyY,30,LA
i4EcCbea,27,Berlin
hFPdWdlW,19,SF
iRRs3LAP,35,Berlin
Llc1xSyE,62,SF
3BFtLv4D,31,NY
GksWtNmG,54,London
H8NI4Ljh,56,London
8IR2EcsP,35,Berlin
8NyilPhX,36,London
1FkvVMKx,68,LA
HpMOn84Y,60,LA
zAnXEGY5,30,Berlin
h3DxGSRp,53,Berlin
fxXITFhm,21,LA
OY9rIRn6,29,NY
EpdC3GWa,65,NY
npQeNq8p,56,LA
EGoaj3Ja,49,Berlin
0dxRPvRe,66,London
ZHYWKXmz,36,SF
FOOXvpJk,41,SF
NwKYq1qe,63,NY
7fMlPf5R,67,NY
Jt1btGwQ,34,SF
iCjRmiw0,42,NY
wmV43CIm,47,Berlin
YyJaQ3wg,18,LA
k4TS7CXF,19,Berlin
uuJbWDnj,45,London
G2vWwPHO,30,SF
4B4me4Zl,37,SF
AVMiequ4,48,Berlin
HiCqkgUR,28,SF
qMlqOfpV,59,NY
8jSiXcpn,56,LA
qGGXLdn6,40,London
6CLtIXXo,54,London
D1CDlFEH,31,London
qc4Yk2rT,59,LA
tasUhKus,31,NY
Kbw3U9XX,43,NY
qu5OIJmS,63,SF
NfCn9j3S,34,SF
I6nFtl31,59,Berlin
9h2zHsvx,39,Berlin
uQNyN2bn,40,Berlin
irL3ndtP,48,LA
scc5DXZz,40,SF
57VZ6qyX,47,LA
JVGkAL0n,22,Berlin
vDLUGQub,24,LA
BSNRfGSZ,30,Berlin
uL106VLB,44,SF
cCF6Tv4V,27,London
kJJGCMIx,18,SF
786OIqhB,47,SF
HkycGIKd,40,LA
RomOZg45,50,SF
EVGHGWOr,33,Berlin
NSVdBZYR,23,NY
WauulUee,36,SF
NzoooI81,67,London
zvTzaCMJ,41,SF
42kX1A3D,33,Berlin
hnjOCWhU,21,SF
KF77YhI8,60,SF
CuwaOMe0,28,LA
56RNaTuA,25,NY
XIBzTSeJ,26,Berlin
oDx2DU8e,19,LA
811JH8y7,58,LA
hc7F0ywt,26,LA
bCLbE2iW,44,Berlin
vO1DYWfs,22,LA
YUXgpHVv,33,SF
z18J69y1,50,NY
BFOxpoFR,44,London
gThGYDGl,49,SF
dXpU23ii,50,SF
S0InJVzI,43,SF
Sc35V6uR,65,SF
cftsxUvn,42,NY
4RWmLrwX,48,NY
sA6dmW6v,25,SF
5OomLN0V,20,SF
7CDnAufJ,50,Berlin
lJ71kJF6,56,NY
jS4AVn97,39,Berlin
iB6YmJ0O,30,LA
QKDbymmR,51,London
hUQuGUWc,60,London
cO61UrNu,26,NY
QaZjVmex,54,NY
oYk7bcYQ,39,NY
uzItMxRB,20,Berlin
sHcpZb4w,35,Berlin
lwT3iY2b,58,LA
VvYO4Lwf,64,Berlin
JOjucMLc,18,Berlin
shj3T6p9,38,London
O5xiKTss,32,Berlin
O3ywdljN,19,NY
hJCQlYV2,29,London
pwZQqEyG,24,London
3egxVHAd,28,SF
prVG6f5f,19,NY
YKw2ZLtV,68,London
rvgE2n7Y,58,NY
8hP04aPh,32,London
NWvtKhS7,60,SF
XoGYxNmI,50,LA
xDoO78cD,36,LA
ETcLdWSw,46,SF
8iTUNa9t,35,Berlin
pMCkXMQ0,55,LA
a0RDLbEH,18,NY
ojKAnQTj,30,London
1so3FNzg,22,SF
zBZmYs9S,18,London
moi7cB6B,44,LA
tgyFAZYT,24,LA
oXSbOG6i,57,NY
ooUGRdUc,42,Berlin
exbJHsQe,28,London
zM9PrHZU,40,NY
e8SoAlt2,29,LA
0xttY2zS,19,LA
PuAISf3v,55,LA
CWucdfvr,65,London
KtkDx1Lt,59,NY
c7fhYaI7,35,NY
kBlbMzIR,54,SF
8WdiB60R,44,SF
Z2U2KSYf,54,NY
194732DG,64,LA
SOIUJb3m,37,London
VXEGNxp4,43,SF
VdbDQQlk,66,Berlin
1GwiIUDe,23,SF
fNfqCl1d,65,NY
oC4GXk6O,33,SF
vLc0MlOZ,28,NY
F7vdQeB0,23,London
egQuNTgx,55,London
u9aPw7EL,50,LA
xZMX5Hs6,56,SF
j4Zn3eTn,62,London
R6wSIlgx,59,SF
vzBxryQx,52,London
xYVCV0do,63,LA
41bvTB0P,66,LA
bLgJL0zD,45,London
ccs4M5rG,25,London
9FgWNoLc,45,SF
Fc8yXBH9,51,SF
vvQFwZW5,42,NY
fBYuzr3f,20,NY
ROyogHFc,66,NY
fmtFUntQ,59,LA
Er8qGg0d,68,LA
EJ5IUG0B,68,London
Lp2DI0f8,26,LA
Y9GgrcIM,29,Berlin
qhLnyWPr,59,London
LMxbZ8d9,34,LA
Fynp5W0Y,49,LA
UZFa0SaK,30,NY
vYVmpnL7,26,NY
mycwo64W,63,NY
aKOqJgXJ,52,SF
REVqZ1jC,37,NY
ajYEgDx3,44,Berlin
4XsH1VBT,33,London
6yojxhR6,18,Berlin
6UYidTFK,20,SF
tpoC42wC,68,SF
FKkRlJii,38,SF
vsV8jQvW,25,NY
EYSEJiPr,27,LA
OQg2EGKd,45,LA
XjTjLIQc,52,Berlin
U0kqYedH,37,London
Zw5NVHTj,60,Berlin
cySGRcC2,31,Berlin
pYUpPL04,58,Berlin
TcSwVCLt,44,SF
XFnO4mgM,33,London
lX0U7jHE,39,NY
1WwyUkB0,34,LA
jHWC4kDR,18,London
MEk4QImC,29,Berlin
IcPU76j7,30,SF
z7sJ9ep0,40,Berlin
IPT8xc8Z,18,LA
2BSFkzh1,62,NY
d5F1LkgR,63,LA
uE1SDvoG,47,London
36SBYllu,54,Berlin
1h0Vumz7,55,LA
rB4cHxcW,52,London
7ccNb0DV,61,Berlin
U9QgZpHn,29,NY
3ek4s7De,20,LA
bSMHcxyV,20,SF
z1e8smJt,46,LA
1BirWBlX,53,SF
XZJNy50w,19,Berlin
1BGaxQ2i,48,Berlin
CZ8BVFCL,60,LA
UG3EAZPM,27,London
K0XU1e3U,52,NY
rWUrOMjy,49,LA
5nTc1ZTw,60,SF
ZFN39i13,32,SF
ElIiPKaw,56,LA
snTmb53V,66,London
CmgvWA3o,30,LA
eUvZzfjE,39,LA
VK9DNH8j,48,Berlin
kKGQwYnz,27,NY
kX7o6Fsp,59,London
I1wOlwoU,69,NY
ZDaIy9qD,60,SF
i5gSK2cM,56,Berlin
niQuwQwj,69,LA
EcEAu8o5,36,SF
Z64NyOQb,54,London
GDEQ5R52,27,NY
DzBtGSPb,25,SF
EyT7CVsn,54,NY
e9UUEu3P,48,LA
MAFrQJmO,45,Berlin
O5NafNvz,41,LA
L4EtWiKU,22,NY
rBun54Vn,40,NY
rukV6YnE,41,Berlin
BsvfKNKx,55,Berlin
MNv1sdlH,27,Berlin
vhhvnabd,45,SF
HPG5dFRF,38,SF
NyLw5ltm,49,Berlin
lst3UWKM,27,NY
5rAe6QSf,60,LA
3Acix4Ge,38,NY
hKUNeWXS,37,LA
pwtJJBNu,62,SF
zkU95SNs,22,London
3ShVqLLM,54,LA
1GDj0ypH,20,SF
QxEsyrGA,40,NY
ImlXNnYw,52,London
V28R9633,39,NY
n32MA0ZF,38,NY
EkL0W4Gq,24,NY
WHrv4Ktw,36,NY
bd3yJBlb,63,LA
wQCJ5v4c,55,London
x13vUjtL,24,Berlin
aXDq5RBi,47,LA
oIYIfqOK,57,SF
pcmoUwFA,52,London
hSTfmWEF,25,Berlin
mqMKOJ7h,62,London
U2tmeP6b,66,Berlin
T6m2e7h5,42,SF
wfw4IMBv,55,Berlin
0R1SLSIS,53,London
cJLT0sS9,29,Berlin
iM8CLZNv,67,Berlin
fXwCY5ES,52,NY
C2ak74nE,64,London
yMGDcG9I,32,LA
d5J9Tbyj,52,Berlin
hTsMtcjS,50,SF
VO97JqsW,67,London
1uesRmLn,55,Berlin
M3VXe0GK,21,SF
z7XroxRo,37,Berlin
XUmki8xh,28,NY
si5L9KAx,54,London
gOzsRr0o,37,SF
JWgQyGuK,61,Berlin
QFaAxGaY,52,SF
6P89wb4F,61,SF
ktUcRmYO,28,NY
xQ7BxW1d,56,LA
o5rOC2a3,43,SF
WuDnsRIe,58,NY
A5V1McCi,53,NY
jCKBn0uP,38,SF
o7yKAlsi,25,SF
1DFL7sHz,24,NY
T3cyTdcc,28,LA
36QbTvPv,47,SF
Khckzpwz,39,London
T587Jj2T,42,London
PzlLkuQq,51,NY
BlNo1P9h,48,Berlin
s8181N8H,28,SF
eqYI3jhT,66,NY
CXFf8cMb,57,LA
VsZpDbjV,38,London
gztQSzb1,24,NY
8RYDqV50,27,SF
kIosvtWa,54,NY
dRiihzSi,31,Berlin
IQFQXuDL,19,Berlin
5ANe5UWN,53,LA
JtsCYD2a,62,London
TiMGtgIt,23,LA
Jq6lfHwO,55,LA
JBUOrXPp,18,Berlin
8dUNl7Lq,52,Berlin
faQWlV9f,54,SF
8l0hlnOp,19,NY
Ptln9jDj,53,SF
EeQYzFtP,60,NY
ZMLYQrSF,38,London
qjy4hPqy,47,Berlin
FLL0Nrhw,48,NY
zPP8QsWf,34,London
aqzqtWb0,43,LA
nOdXLygN,48,LA
2lxJK808,53,London
N2Q0Uyf8,56,NY
KVL52WQ9,65,NY
3N9rG35g,62,Berlin
73mSe3MJ,18,SF
I6nzniA7,50,Berlin
ZnbsWORJ,53,LA
xXv8lTET,63,SF
b8gsAfKd,58,SF
8260xWqh,41,NY
miSpOg2P,69,LA
s4kjE7wZ,45,NY
fZCztUm3,38,Berlin
T6OCXBwB,24,London
owoXIEiV,33,LA
VvS9LMcg,20,SF
GBzV8Oy2,65,Berlin
JFmDmrzR,48,Berlin
nXftAhym,37,London
JM1BMybp,42,Berlin
CIpmUXbW,20,NY
CnaHH661,39,London
wYsVrwqJ,19,NY
RcbDTyBw,63,LA
hS1SVHL5,36,London
dL88oCxg,54,NY
fGpUAZMi,47,NY
tPlEr2M1,27,Berlin
NC9D03T4,21,SF
6pX7Zf2J,45,NY
OMFYasqQ,20,LA
0WnslVZf,49,Berlin
s7ODJUzw,18,Berlin
CCTrpLsV,32,SF
w2UfKGCH,30,LA
S8vBekhZ,19,Berlin
3wbXXIXQ,46,SF
WmNjjBiB,50,SF
FyKcHRog,67,NY
wloZjlpy,43,Berlin
mlGOfE3B,46,London
L5TqwDn2,55,SF
wkUn7EAE,47,LA
TKZPh99i,53,LA
OLVJ6EwH,60,NY
AdiljAdO,25,SF
POjKb5s6,35,LA
Pvg8zjZR,38,Berlin
RVv91G0X,30,Berlin
H5iv26aR,56,London
lNBntVKc,18,Berlin
TheyLA6O,49,LA
GLqunhz5,33,Berlin
jtxHbBLR,19,SF
blfQgX0n,50,Berlin
DsVaDivz,39,NY
ZCeV7WYU,38,SF
SZWfPS3A,59,Berlin
RJhoTibB,22,London
lX9SskvD,66,LA
qbKWZqEu,18,Berlin
91VTq8U3,48,SF
O1mIj6Jq,19,London
OV61Hvt2,22,LA
YshSGPoF,29,SF
FN2uaGtZ,20,LA
pH473PNW,57,Berlin
MILLLZGs,45,LA
xnTUwLNr,38,LA
kNhuqT5r,58,London
eJfcAZFh,53,SF
z7znrbOb,44,Berlin
Bvav0Jy2,34,London
WcndZnEb,46,LA
M6isR11N,57,NY
HGK5LwYY,65,Berlin
Y40Yv60M,21,London
QHv5QVat,20,NY
c49qskhv,40,SF
TfSrWjOr,69,LA
pw0zvTKP,19,Berlin
ygcwUIHh,35,London
FhQvM39t,44,NY
jfsrMo4Y,30,London
E2yXVfXn,31,NY
vNB2j85b,43,Berlin
uDMo2oyk,30,London
JofegAxH,39,NY
6cm4v2HJ,48,NY
wvxmM2gp,35,London
m1JxK578,66,LA
3JL62D2I,19,SF
ylNhhfJX,22,NY
bt0WxYMg,45,Berlin
anbL2s7O,62,Berlin
wqVpPv09,42,Berlin
jsfrkvOb,62,LA
txgw1J4A,67,NY
YshAyGW8,60,LA
kY0BoCXa,62,London
fmt9BpCz,49,London
zTiEOEID,41,LA
OCgJdxzF,38,LA
l19EyfGN,32,SF
rCyAIIB1,29,SF
HMp645Wk,49,London
uFcCm0H0,36,LA
rsnLd6Rb,61,Berlin
7N2yyw3G,29,SF
Xf8Hf2rT,36,Berlin
t58e972i,47,SF
cR4RcJdY,51,LA
3er37VFP,36,LA
OJBbCXmN,26,NY
FcC5yPcz,31,Berlin
vtXuS8Rs,59,NY
88QyxwLT,68,London
h9teEiG6,23,NY
sUMfXWNa,32,NY
4Y0Df7A3,56,London
tdZ0iFxg,21,London
xnHsWLiA,50,Berlin
8tvlEaw3,25,Berlin
GWWdCY1f,54,Berlin
meJ5H7Qo,19,London
FIZJunun,47,SF
oBogKruM,37,SF
vXYNjk2W,48,London
3bdRIaYQ,54,LA
5nvkTiZB,25,SF
Y6asYaoK,21,LA
FtDd59NX,67,Berlin
Dl9gAxyA,65,SF
PEky1xkv,42,London
jvWigmYP,59,SF
e9XXhxDe,64,SF
uqykm2cF,52,NY
Ep9LnGCg,45,LA
xycS4f1O,32,SF
bIQvvWdq,18,LA
PFt8ZVyE,69,Berlin
bt5JQzbz,60,LA
w0p1gbmu,49,SF
0UcIcu2M,38,NY
GSJCeHl9,35,London
TXD3eh7l,45,LA
tN7HJTKo,47,SF
WMoIPGZl,35,NY
BMDWd9Ou,25,LA
s6rRC2n2,45,NY
FBe7wF8V,42,SF
gMPNYIqY,19,London
1HOh28Zy,57,Berlin
ntMKRSrl,56,London
SVi8GTDe,65,Berlin
GgCKvP9P,55,LA
GfS5uQYk,49,Berlin
c54h5fJA,67,LA
quuumqCg,55,London
KXRnqvu6,61,SF
l3x3yqEm,66,LA
27yMXPh2,57,NY
VERM1de5,60,Berlin
B6BhEtUq,48,NY
nDFh5aor,58,NY
RBcXsSQO,60,London
CycKUvrI,33,London
bi6LRibU,18,NY
LveryK0i,30,NY
ZeXrCN1e,55,NY
YXrHctyD,52,SF
lsiDgfql,20,SF
fUoBj3Fs,68,NY
Xkhurwy1,52,LA
rWcOcRPd,23,NY
nzgy4XSS,51,SF
SaIhgmni,45,London
tI4xO3pV,39,LA
vdNsXEp1,26,SF
LGTudAch,57,Berlin
OkxYoA0y,36,Berlin
Fsz6kVXU,21,NY
lqU2Caso,62,NY
Ar4Ib8aA,63,London
ZxeSZ1Xn,54,London
sOfl9Dqs,65,Berlin
WaduyHJa,48,SF
c6HBzdVM,51,NY
KrjrEYDf,19,SF
nmMiqp61,49,London
0eGkEDlw,23,London
corvGMbP,34,Berlin
nUNLYZeh,52,NY
HFTVt5yH,61,SF
9vRx3s01,21,Berlin
AcIziAYW,53,SF
blnASdwK,51,LA
MgFZ56C6,20,NY
3FAmFkI2,28,London
JaoXlL5a,66,LA
sCMnBdge,27,Berlin
dD5CPSI1,25,NY
50IAgTsX,66,NY
Yx6ujCtT,48,NY
tCnlUTbw,56,LA
a0U02e8g,34,SF
ykUMgmR2,31,NY
8ujyWHZU,69,SF
trxObeDp,63,LA
n7ZuhXZy,22,SF
TwBbMHor,33,SF
ULoiffcG,68,Berlin
BCZwLBSi,65,London
0rd5KaNW,42,SF
gnRMonOQ,26,NY
I6Muj0Lg,64,SF
yybIItTO,41,NY
SEokZRih,44,SF
TiDmEHC2,47,NY
YzjA9FB8,68,London
hu7Hcxz4,22,LA
O78ShQ7s,47,Berlin
NhY2wact,43,SF
o861UP8R,66,LA
M6p2d0Is,47,London
mG1YBd60,26,Berlin
byPzrvlx,23,NY
JgSo1c7U,51,London
Ra49MZz8,25,Berlin
PMt3Jttc,37,London
6xuH0h6o,34,LA
16jeDShl,34,LA
ge5S3gLJ,32,SF
fp7wIT1d,50,NY
wdo8qyVY,61,SF
8lPPHJhV,40,NY
p7ErsKA6,54,NY
aNoOCyqj,59,NY
2oaXs8EE,62,SF
ZV3NHJrS,22,NY
fOkl6k8E,43,LA
I4Hj5Ezz,30,Berlin
Tol1FzqN,41,NY
rFVaoF9e,28,NY
dUKtv17o,50,LA
kXg1fzRj,28,NY
beqdtV7h,20,Berlin
EI6VcLMP,28,Berlin
6yOnKcq4,41,LA
geOEaON1,40,NY
E7gooGwg,29,London
DGA6AmjF,66,Berlin
VASiKg37,35,LA
rPuHKM2w,37,SF
3rDUmFN1,34,LA
7nNxHowF,26,London
hBVXKcWv,36,LA
OlhBnPIu,32,NY
susRax3T,27,LA
iiuW9OWR,63,LA
ZbBBVCLq,64,Berlin
paGm9Dfh,47,LA
CYw47hvK,27,LA
byHsC7FP,51,Berlin
dQCx6FKk,51,Berlin
B01UZpy6,52,London
NIVTruHK,62,London
SvlAp4qR,29,Berlin
ceWOoqwL,59,London
otLVUcBA,39,LA
NtP23HF3,48,LA
GtyR6DK8,45,LA
Be9txN3I,60,SF
qpHUdSgc,53,LA
mjl1HVhy,33,London
xXwdWlSd,64,LA
8HLSEAF0,19,LA
TBmVvayb,32,Berlin
wUfiVKq9,26,NY
RZCAkxEU,21,SF
2XOXxSdh,27,LA
kYGZENLx,52,NY
DNZ7pcoX,39,Berlin
GSVk7Njn,68,SF
kWxqPBIm,53,Berlin
YtdaSFcC,20,Berlin
iPHo1zUk,45,London
SteGfIag,25,Berlin
0STQmu6W,42,NY
c5vL0Oko,30,LA
Ho8XWv1u,55,LA
pV7AlL7I,31,SF
Jt2K9eSw,57,LA
vwrtv05N,67,LA
vGpnDaG5,66,Berlin
CHirzkHu,18,SF
RPUDThL8,33,NY
pxlmAihP,34,NY
C7g8L9bc,42,LA
aBzwtLzJ,32,London
psMLirUb,65,NY
ccxdvev2,28,Berlin
8sOzIGjC,30,London
J0m5WIVv,62,SF
zoyOd60u,67,SF
9RfmOyoW,20,LA
jMvFb2Ov,45,LA
DM0E3qiK,54,Berlin
7A1YojrC,43,LA
J7cjtUCD,47,SF
LGH61WqC,60,Berlin
EZaULpe8,32,London
L1pGNQCX,40,Berlin
VkpFGEcJ,23,LA
H0eJdp9h,48,LA
EgUNdTx3,54,NY
vRBNoo2U,66,Berlin
LF0MEpY0,39,London
32wGbETJ,69,LA
JqYDVeKP,35,NY
5iLE2DT3,23,LA
o2TCCKnB,20,LA
TO0A2n88,64,NY
Gv2w8Qct,62,SF
GDGrwAV2,29,Berlin
tPGrzmEK,68,London
0jda3Utc,53,SF
3J1id8DZ,58,SF
Op5ZgjRt,52,London
BQsTvMvx,35,LA
mc2p3dsZ,30,London
yxUYHlMX,38,LA
jC2hCjfP,58,SF
CDqJBmZd,28,London
obMr89nS,50,SF
TG8WiMvr,62,Berlin
Z0f9Lv70,44,Berlin
nxUKGlqM,36,London
RRjp4tnG,28,LA
XeO6S6hg,50,LA
1kCLQuZz,24,NY
5cuzLeOS,64,Berlin
gZ1v8q8Z,40,LA
qiFBB9M2,19,Berlin
c8NVQC8Q,54,Berlin
oO2NyNrV,57,NY
vJydhEo9,18,NY
vBRI0URr,34,SF
iLCYL4XI,23,SF
YfU8HykD,56,NY
keIe7TLq,39,NY
Pq25ldMd,47,LA
ZMGdeKHy,53,London
gVK89l5r,53,SF
SkFLSiDk,64,NY
f9dWW1cP,28,London
QfADpLs1,18,SF
RV2JE87v,50,Berlin
B9Owzv8f,44,London
tpIUhEm4,56,Berlin
iZRGBVDc,63,SF
CIVNR6GM,56,LA
bt95GqTZ,65,LA
y2r7aKAK,33,LA
mdLlu8Eo,34,SF
vwHLoJ3K,44,London
Sp1mPLa9,37,LA
OTr9td2q,56,NY
HERyNO25,50,London
jrWft4PX,27,NY
Ts9vq0Hv,56,London
vQSP6t5q,23,Berlin
f4YLOWEh,52,London
IaFCesvV,44,Berlin
ITsXfczE,22,NY
LL7j1OLl,30,SF
fq9UCeQM,34,LA
1UuXxGlB,60,LA
C5sykiro,40,NY
t3QLNivY,33,LA
OPziFSrs,28,London
IWWHiVbV,58,London
iGrtk2Cx,24,NY
hyXMQCcO,66,London
joqH0vVF,69,Berlin
woIpgQnB,60,London
UzVs87tb,22,LA
xc9zW4Ig,55,SF
jDExxWkp,51,Berlin
xhHyuiyZ,47,SF
VfhWU2La,22,LA
otzUyVma,54,LA
np5MUdJt,26,Berlin
Z9Snpm9N,20,NY
DGUFBpb5,44,London
m6vAeCxz,65,NY
2aK7jvCE,33,NY
PLrDmb8A,42,NY
4L0s1PHY,58,LA
4CVGiqsb,56,Berlin
fSTGedZ8,42,LA
pBRzth6F,36,NY
irQlpGn3,43,LA
C53vUPZO,40,LA
QelZ6ZQs,51,NY
kwNLuFRW,24,London
75z0zfdE,27,Berlin
8RVjqFGq,66,London
rruY8Uxd,65,Berlin
yX9NcGEj,35,SF
Nx0K74Ts,31,London
IGwLYH9Z,47,Berlin
WB4Gkzs3,48,SF
lnMbvl5w,65,NY
84GyVfpq,35,LA
Vd9bwBoZ,27,Berlin
7kmhFFzp,20,LA
qAKYphFX,21,London
KrQqHzyZ,51,LA
8bGMG2NB,25,London
yM2VEMBg,57,NY
fd8uAQ8t,57,LA
PtSexpFR,19,London
cMcKWLEF,51,Berlin
LxHr1uLR,22,LA
uDMgbQkn,24,London
k4ei02ky,30,Berlin
sdfkRigw,36,LA
pOcaUOGx,27,LA
EDhNqToM,47,SF
yh2CBk1Q,30,LA
5XQnLWZj,33,Berlin
biAuJJxD,35,Berlin
RE9vhZDZ,43,LA
mylF8qC5,61,Berlin
asqobK7b,22,London
fpQqUxAI,58,Berlin
BzVImx7f,41,NY
1SE890A8,35,NY
9Yn40OAi,50,NY
qn1fcrW9,58,SF
7FoAGqNX,56,LA
7IV21mVn,69,LA
vlwVArpU,53,LA
3al2rz7r,28,NY
5yJtxIVv,25,SF
x5OP6O5P,51,NY
e6AP1NVn,41,SF
xWKeiBVk,65,SF
NsF8idst,34,SF
jyOM6fw0,37,London
okymjxxO,28,London
AMvgXEHo,42,LA
p7nTgl1P,55,Berlin
VnQhAcRR,47,SF
BeHdXnQ4,68,SF
u084hqrb,69,London
lpCfUwBM,65,SF
eq69tNEo,18,LA
62aSFmJe,24,London
McQD0bkm,44,Berlin
f8o1FknF,22,SF
cyk1Qomj,49,NY
zGehdanz,23,LA
qe5IwEzs,36,NY
Yx7yeUQq,51,SF
4kZbxQma,40,London
j4YzTMeC,69,Berlin
L9Y540lD,26,NY
xtcB4FEI,53,LA
ESqUrZQa,32,NY
POpx12Ea,50,NY
vCJH7GOO,29,LA
7S2qPSP5,44,LA
Hv8Vl9Yr,28,NY
CrSAuASy,59,London
QQMnVexf,61,SF
1haBxrcf,54,LA
asKFZ8qt,67,LA
OzIOihLJ,60,SF
fXPqFI7d,23,SF
FIhOToqW,62,London
P7a2vdOA,44,LA
TEFGAqZI,63,Berlin
WbV2xrOd,52,LA
yIQzwHjT,59,London
C9zb1fie,25,London
9lb9VUks,22,Berlin
Y6yCoS5z,22,SF
CvlWUCh9,26,NY
fGZMRyke,63,London
goJqS0Nv,32,SF
2tEEHN3J,36,SF
0OtahkhQ,28,LA
sTUvf6Fk,18,London
9HSeZQiJ,61,SF
vgmzez5T,33,LA
kTvZBO1B,60,Berlin
kuCRNPF8,55,Berlin
9fjjnTZj,20,Berlin
LLWaQMal,47,NY
5katnfJ3,55,Berlin
6xllXd1J,33,SF
S9MApoL3,58,SF
HsBo3G6u,58,LA
19B1vwe8,27,NY
9qubevuP,31,London
iTwSfag3,32,London
AF3aMBt0,33,NY
WYgOHcJb,61,London
fkbbYUFp,44,London
yjJYRtIN,67,Berlin
PS3CsH9S,29,NY
8JhITZAn,46,LA
eVNjU3nu,40,NY
GgqxSPxs,30,London
sZfpw540,18,London
0E9uCMKF,28,SF
X3tIYrZk,30,LA
wanbWJ5j,26,NY
LYxl4Bou,64,SF
TTrx5gZs,41,LA
hRhMN4Xd,20,LA
4QPiFmcD,46,Berlin
RJwFdjN7,22,London
ehma9sgP,62,SF
vCoXtayA,40,London
1KztXEvZ,34,SF
HR2lLUs9,64,Berlin
xind8eMG,33,LA
zd74jCyJ,43,LA
hwsSfmzR,29,LA
XJXmH7kA,30,London
oxl6B3wo,24,LA
9DTHOlgq,44,SF
rq4774mJ,62,NY
yxaIfhb0,64,London
zDL8qYKx,58,Berlin
IYKs6VRL,59,Berlin
CbwZttSr,68,SF
Uc5T41TY,52,London
O8kkLNWH,18,London
GCMrmpj1,28,Berlin
eHfaG5OQ,49,SF
qYYV3EAM,19,SF
HKkahCLq,59,Berlin
uRn9iHKe,18,London
XS5XMRZw,58,London
DMnj02Sy,54,LA
bUHDjG1V,43,LA
Q1g2lBOu,43,NY
grjaujy8,44,London
F46TGBFc,38,LA
HQRVfVAC,53,Berlin
1YuClc1Q,62,SF
emYrl8dV,63,NY
PE9lEvd5,35,London
oQkIAkcX,51,SF
05ahdjcV,40,NY
mwQCstY6,61,NY
tAbNna0w,20,NY
NE5zYOmk,58,Berlin
ODKreFeH,68,LA
3dGhHgFB,45,SF
rakXi0Uw,35,Berlin
Mz7ivXdS,45,SF
XnIw8AJD,53,NY
jITi0P8D,21,NY
vcbpvAyi,40,Berlin
mH0X4eBt,28,LA
nguCePVa,49,Berlin
R4EyDCE8,35,NY
fIi5bCKW,39,Berlin
10ZGBozd,26,SF
IzWqin1b,30,SF
8olrUvLd,37,London
wzfxOsQS,66,SF
VZqYw1On,55,London
kUgyFFrG,39,London
PxiQ7Ow5,47,London
hVPa8T9i,26,London
2WFhQykP,69,NY
GDFJ0FOs,65,London
tm2LPecw,55,SF
p4HkAPOz,56,Berlin
g9SvHLm2,67,SF
0IVTz1za,59,SF
m2NMYCrr,42,LA
FJgFmng2,20,SF
eXvTRn9Q,22,SF
HVvPhYKr,52,Berlin
01M21CcD,47,SF
7D8rEsx5,50,LA
3Bb8Enk1,40,SF
wUo3cffR,59,Berlin
P5FJUYGh,49,London
Rg2E7cu6,53,LA
O42PxOpZ,39,NY
qflFqFgZ,48,NY
TiQRfBLb,44,LA
pqZjPQWX,54,NY
seZj7C7X,30,LA
Y2463zDC,63,Berlin
gT3i0wLt,32,LA
fJfUVm5d,41,LA
4DTU1AbC,45,Berlin
vQR4hCSi,54,London
8PvULmR6,50,Berlin
WsE0Q1gd,20,Berlin
fpnCKOWv,23,LA
4IKoVpkG,54,London
uxwT8QOJ,23,Berlin
jWixMQIa,19,Berlin
sSGG7G8E,67,London
GiRkzxUx,58,LA
aidtKlHC,52,NY
pIFBxfq7,18,Berlin
2CLGunwv,40,LA
voZyArXC,59,LA
aERbXdwN,47,Berlin
fc0q6kFD,51,LA
aUCuQPNg,56,LA
Vr3rnTwm,51,LA
K8UsiT9k,50,LA
O0tmVe5T,65,LA
Di2s0ulA,33,NY
C2ILyT7U,46,NY
Y2L39b6f,33,SF
BF6BEUiy,28,London
ooW7nKY1,26,LA
WfjRjCSg,36,SF
JKkX6820,56,NY
gM3VuWLW,32,Berlin
lPK7xfEc,23,London
DGSMiwRx,69,Berlin
nf7AsXGq,56,SF
uOxXpmh7,21,NY
SlqjdnRl,66,SF
arr2Xdnz,22,LA
Xbp2zYex,25,LA
65qLk4Ga,19,LA
b3BQmihu,53,Berlin
U6zo43qr,37,Berlin
WQDNy7zC,36,LA
Ig8T6VeM,24,NY
7mJalAs7,49,SF
pcIJXMfS,59,London
jZfmzshI,41,NY
rVwkkyMq,47,Berlin
P5M7XvjY,67,Berlin
TRAEqTXx,52,LA
leAuJ75m,61,London
s6aIxWrm,25,London
oUs5UEuf,54,Berlin
mp6hfYdl,35,NY
cMoKKZm1,58,LA
i076L61M,61,London
Dcn8wkx9,54,London
XbNSdk9g,22,NY
URE7bUKI,27,Berlin
ZB54pCvM,52,Berlin
0V5vjtMK,45,SF
BKfaODDd,30,NY
ANjVjbfF,61,LA
gqZI1BqQ,61,SF
u8oIZkRL,69,SF
mSDKtDUB,53,SF
XB4O2CGr,30,LA
0eDtjfb8,57,LA
OYaCiIId,40,LA
80maGWXU,59,LA
roWQsdnz,18,Berlin
B2ILxX5k,44,NY
OT6glYeZ,38,LA
lTTlvbNK,29,SF
JYu2apcm,26,NY
7OV7lgMV,67,NY
SQckBNHD,24,SF
xMRKirjy,23,Berlin
9FW0sqfv,55,London
T5EhOmPW,44,London
Zt3W0wQa,61,SF
mswWbV1d,67,LA
4ef8mu4s,38,Berlin
SIRSqXlP,44,Berlin
6mdxXzwD,69,London
gsMrpr1s,43,London
4grHJ5k1,49,NY
ZEezJSNB,37,NY
O9XZr7cs,69,LA
H5hmWOij,19,LA
ap6gom36,31,Berlin
ihh2CxHD,66,London
Xm4jA1jc,25,NY
0n55neRY,43,SF
EsvkeTPu,40,London
ijpcGFAf,42,NY
NJ5rzRB0,54,Berlin
0czt0O82,37,London
b5RQn7nU,39,NY
rDBqC0lm,60,NY
ss4v4QBF,52,London
MuVMxG6M,29,London
a8rVoLM6,32,London
5wCVOg3o,60,LA
o6Torz0s,68,NY
8EWf5qsV,60,LA
kIqJlYcU,69,London
fgH8Ukj1,43,SF
QmICcFf6,65,Berlin
1NXHBaQ5,45,Berlin
4ixnjgmR,25,Berlin
ONlqArvU,57,NY
CCLGpteF,18,LA
XjK9RMUk,50,LA
TS5nYtMK,18,London
RpbwUdCf,55,London
n0M2amX1,18,Berlin
JavqUEwf,26,SF
ixeE4D1g,59,Berlin
0mw0AaSq,32,London
jwJY8Z4h,58,London
Cn6ddXZO,47,LA
d8vgWUiX,30,NY
4GsQTnqt,63,LA
g2LW2U5d,64,SF
iM6QTSA8,21,London
r41Dl8vI,29,SF
ZM0Sonub,62,London
NWpKEX8q,56,NY
I4yTBacw,64,SF
i7e6FzTS,38,London
pmhg21Of,51,SF
hlqP7QOz,38,NY
zvPzVMUd,44,Berlin
vm3gO81n,55,SF
UFaXFUUK,54,LA
HtaLSbIZ,18,London
9G7J2SJN,47,SF
kjxhvkEO,27,LA
iAq9inUi,36,Berlin
wyssv00C,25,London
lKLjJfUo,64,Berlin
sPFpv9Bq,19,NY
sFNRtQxK,30,LA
WdzTppTU,21,LA
9knk3KgS,52,LA
APdf9nVQ,50,Berlin
2QGqvUcj,65,LA
M1t3vYDB,27,NY
zQIFvDiS,23,NY
itgtpLnj,54,NY
Bu1goVfp,34,London
SJcgasfL,53,SF
RtuO3P4t,37,London
0nihHP0U,40,SF
iiXmJRvv,61,SF
bAAXb83y,42,SF
MW4vNTQg,43,London
5neOAZh0,67,SF
w9NV1Wr4,47,NY
bU0sltN2,51,LA
iCG167Gf,60,NY
9D8YL0ja,26,SF
9aUXIRfi,23,Berlin
e72cbDMG,23,NY
KmKrIu0T,22,NY
Uhna6cBa,20,NY
z139gtZq,54,NY
YjcKgjOC,61,SF
rTsLPifb,59,Berlin
Px27PlbP,59,SF
MhK2KZO3,66,LA
lxZBlOxe,43,Berlin
So00s8uP,53,Berlin
67sBgauK,64,SF
IMXnm9Lv,35,NY
daQ41vYP,35,Berlin
q01Jso0J,47,London
i76rPSXC,66,NY
9O5kFUTn,34,London
gPWuKhk6,36,Berlin
q0oAY7Kn,31,London
CuuVrdaW,42,Berlin
lTMyy7qG,33,Berlin
01OyTTM8,42,London
eM7xRbYr,39,SF
caV1lrtt,49,LA
D84UXUBg,29,London
eY05wj7n,44,LA
sgGMVOIB,60,Berlin
1MFXTuoI,32,LA
oWHkCYSa,48,Berlin
yAhkMtZk,36,Berlin
RbdFtZEi,46,Berlin
WiymdL0F,47,Berlin
AUwvTyd0,43,LA
64tbzH4e,42,London
RdTMCwlG,48,London
wReSeZSk,56,LA
VKor4nyx,19,London
gnhNWuU4,48,SF
5185pdD5,31,SF
MFtCykDe,33,SF
63ztdcdj,55,LA
ADZoXYk3,48,NY
4enKoEJ6,24,SF
yds5vmlH,65,Berlin
YsG0QcA2,42,NY
zKayUsP4,39,LA
cKvdxjO7,29,NY
XLxhoqtk,24,NY
eaub3Dq3,22,LA
Y5Hs73cR,42,LA
sDSosivs,52,LA
JqTicO2D,61,NY
3iYCOMaD,35,NY
R06ulD7B,63,NY
numUuWFp,36,NY
TQU22UP9,49,NY
ycWmIA0q,53,Berlin
ZNMQWBUU,30,LA
MW8L4xYF,60,SF
lIBJGXLP,23,Berlin
6ylmmHUD,67,London
fL0qqLus,58,SF
FIiZqp0X,23,NY
SXvRO9Fs,19,SF
AW074q6h,25,SF
Z3rCY3AD,66,NY
M4bz0pnr,46,SF
BmpNXriH,48,LA
Ij9WMSXL,19,London
AiwRrgIJ,26,SF
1mhVTLHP,67,LA
RZr5lmYQ,29,London
Ch6WFiLU,52,NY
JCmgmrha,57,LA
UY54j4zo,30,Berlin
nIbfX0Xz,43,London
xQq85Np0,45,LA
kwYJSaRo,56,Berlin
PKaEMJ9E,39,NY
Z5yzvzEi,62,Berlin
vWa9QETB,47,London
0DMuXdxm,56,NY
RgYITjlW,68,London
KW2VqafR,44,Berlin
JgWiiqpQ,40,NY
PfE9dL2r,58,SF
P6QCuM25,29,Berlin
4r9IWFQl,52,NY
Esjihcux,68,SF
VcWYBzau,65,Berlin
xA5VVcJK,41,NY
3vjeQAwX,60,LA
OC5zWQw7,38,SF
0VBtlisf,40,SF
Vt3j1yNx,18,NY
y0TQ8511,44,London
JZPpCyTR,33,LA
irDcA8ve,55,London
gMcMlIxy,65,SF
WCMfcCOB,37,London
F1jacaNP,25,SF
rWVf23cC,51,Berlin
IPs6PkKu,31,NY
tzcRxjII,19,LA
RBCsR1hC,21,NY
zV8nJEf0,67,Berlin
ebCPI6Fr,29,SF
zfCuGgze,61,London
WLPhjU3C,44,NY
XMsGbUYo,51,SF
rSqiew5Z,22,LA
WV0ugYXG,50,SF
jQ0O5uc1,44,Berlin
jnM8Sns3,35,London
i6nDA181,53,NY
bxBMc2Yk,22,LA
0h5AFmew,62,LA
REfrAOHU,42,Berlin
qosD8Sdx,51,London
wrBkxCJz,28,London
iwoPYnPG,59,LA
uxSui8Mj,31,London
zlPUXL8m,35,Berlin
25A0EUOG,38,Berlin
e3IPNyeQ,29,NY
bQcVY2a0,43,LA
JYi6QR2F,36,NY
qsYuW6Q1,39,Berlin
DlAE1wN5,56,Berlin
aaQOudKr,18,SF
fES0xXd3,64,NY
23UtvEWK,44,Berlin
46ATRsgC,19,LA
eL7WA8jd,66,NY
LAdG7DfP,58,SF
pNswWOti,57,SF
VZjGDbq3,26,Berlin
ZgYZlFpx,24,LA
RapDaf5Y,61,LA
jPn1OfGH,45,London
7RPz8vFu,22,London
4MBBotxB,20,SF
TMoQxnPi,33,London
VSwhA95m,50,SF
2vIs0yUs,64,NY
1dtTvGSs,31,NY
nChGZi8H,60,London
mvwVBzMM,28,SF
3JMvZI2a,57,NY
3Xa58VTG,68,SF
YrtQ0cji,61,NY
Zp2O9zVy,29,LA
8M5MvzZh,63,LA
HcrL0fLN,69,Berlin
HbHy4cs9,29,Berlin
BDzfI3cs,44,London
XfKEvBzH,27,SF
JvKYBJud,31,NY
Wg6C7rJh,50,SF
7R2M4q7O,62,London
WKYrkk1l,59,Berlin
2pr6ZSKc,30,London
ECZPxVwq,42,London
GWlWwjYa,50,SF
KpJHY0KX,56,LA
mFgDdcLK,46,Berlin
tlRq9TQu,61,SF
Q5Qjx5be,27,SF
1t58Snxk,31,NY
K0nu652F,33,London
y16d7byI,32,SF
tIuclEGj,26,London
jeYxJLWV,51,Berlin
bz7NRoGM,19,NY
R5Y0dVi2,54,NY
CGkBnecM,63,London
vGvkr0uI,27,LA
4cgOrnTS,33,LA
4xjDM6we,20,Berlin
QTcAwy2E,68,Berlin
D4u4JLOF,65,NY
0X9gdqfg,50,NY
5sQttmkC,61,Berlin
iXpr8iQh,32,Berlin
3QZrHE7Y,32,LA
fpr9ySlr,54,London
SiFJtch9,47,SF
YPyoQqIW,58,NY
dD137Ytz,32,SF
d7IGcvTy,23,SF
6817JvyU,19,LA
2eGZ55aP,63,Berlin
m2q6OScx,40,Berlin
vax2dO2q,52,London
DcLPRr1l,58,LA
9Su2LSrC,19,LA
1G50d5zR,18,LA
mEb8PuOI,34,NY
IFEa4rm8,52,LA
KgOygMJv,39,NY
daaMhmk0,68,London
ZBtdEGHU,23,SF
R5E60IMs,58,NY
7flFB0Hk,59,LA
R0aFeHJ2,61,SF
3UPRfuy9,40,SF
vQIfu3xv,32,Berlin
RTXxEbOR,54,Berlin
ByTcgeim,41,LA
3cuLFvD6,28,London
otF3CLW9,19,NY
ElOCnDOa,55,SF
y8Kqtt1e,49,SF
EgDniIG4,55,London
ZqXEtdSC,20,NY
S4hSclUQ,64,SF
4mBMTa9S,49,NY
3oAXhZQi,26,SF
6NfwDJD8,65,SF
QztypvID,52,London
5jS7xV2d,58,London
4T1gP2K0,34,SF
0cLgY0Cm,39,Berlin
a0T8KY6Q,27,LA
9PW54Dqv,20,London
ssRfekoV,26,SF
XjNzoqTY,28,SF
lg9J0zko,30,London
bulI24ri,59,LA
BdNejXaX,69,SF
5aisr4Hs,60,NY
Dal0BhHC,23,SF
iSbCzhiV,21,SF
ON6lRd3A,50,NY
WMQs44OG,21,Berlin
l2Dp8HcY,24,SF
cK8dL2eu,38,London
9Rx5pRZf,18,London
NYtIqahq,22,LA
rNviobX2,66,LA
q5NBrrMk,42,NY
9sNVXNVj,46,SF
qxVP0G7D,26,SF
YlDSZHjr,49,NY
Y4Ee1NEM,50,NY
OdFBVLwk,52,LA
BrKYSeQy,69,NY
YErTLRte,66,LA
3ypIEj1b,20,SF
xWl64XIR,32,SF
3azMW3Xs,39,Berlin
yDjzpBT2,27,SF
ZX9Tmvvq,33,SF
SL38z5lW,33,London
Gs8qFsAO,21,London
K7j3koCk,39,SF
mAlmAhRP,48,LA
opcaWWCA,21,SF
PdfS2Ta1,42,Berlin
fzScQwVZ,32,NY
8OcGcqS4,60,London
1ZoVY4a2,52,SF
9NR7AXkz,63,NY
JWvfd7ff,43,NY
EtkNc3ud,37,Berlin
dXoMWiYa,38,London
YCuq5kGw,31,LA
EbeHC6Lr,19,SF
JuG8nw7m,46,SF
ylElAC3p,26,Berlin
9fZNT2mm,58,NY
WfwZ42yv,44,LA
312nuUAo,65,London
Hr9FIvDE,57,LA
utJaupVJ,18,London
0P8eE7MM,56,London
duNaNdAO,56,LA
CsoGDv3m,41,SF
VOF5YSml,23,Berlin
KvDd4z2B,37,SF
s7ldfH6w,48,NY
mCIqQ4GS,45,Berlin
Sh8TPvDu,36,SF
3yLVhb3N,50,NY
PoKXWXCF,44,LA
9zizI52W,52,LA
qKEeryZZ,18,London
pQNUrTK0,27,Berlin
JIKWKJII,30,NY
xp1sJFCZ,20,NY
OWwarv9k,59,SF
4xPO1vE1,48,LA
sfszUbrF,23,London
DS9UfJQJ,47,NY
a8jH4cp1,47,LA
UNr7iaPf,34,Berlin
vNlLd1A5,44,LA
kHTZviDv,34,SF
xqBOZ0UC,32,SF
n9uJg4Qj,53,NY
Jbq1WHCx,60,London
5UWU9XLx,40,London
M6xqHjFL,25,NY
vrC07Wvz,21,LA
GXMMHz59,38,London
tN9a1AGr,39,LA
hVoYtYq4,28,SF
RZlrtG50,43,NY
bVpqZAZE,43,LA
XljNYAjv,52,SF
zgZw5plx,55,LA
Vou5S90o,28,Berlin
qOaJJNjg,48,SF
yqSIA9b5,19,London
7SXAOpSL,41,LA
dIfjXmAR,50,Berlin
JNc8FRfh,40,LA
lHmAHmHZ,49,Berlin
cVu6vvCW,55,LA
qcVRCOkU,53,SF
ZCRbF3r5,24,SF
Okm5ppdc,64,LA
nsN3ZkLy,54,SF
SURDIpTp,51,London
QV3sUvNG,19,LA
izAht1XW,23,Berlin
jfWOlA3R,25,Berlin
71aNjI0Y,34,SF
s1zOMqMr,20,NY
6Tf6dg9b,22,LA
3pVEKejo,19,LA
nnqZ0uwe,30,SF
X8Km6jk4,60,NY
dVKnfAZk,20,London
Mq7mI2DV,29,LA
GkFVxBJX,42,London
rc6UxIAS,54,LA
bKL2e5Az,65,London
Tb0BWYPC,31,SF
TiChBLh3,26,Berlin
9svgnr5k,45,SF
9MY1y6nA,48,NY
SxELyAVd,19,LA
7giGZGCy,57,Berlin
isJQDSsL,34,LA
LdDCctaj,31,Berlin
31lKulPM,23,LA
gcmtrdQl,68,NY
xK2uCehX,18,London
zoAxHIIo,26,LA
NKfw6T26,41,LA
gLNZbvhd,41,NY
kVNezDUs,64,Berlin
sCvuLgLo,29,SF
XeABjTUw,65,NY
0aRlVI8e,62,LA
ImJmV7rt,63,Berlin
G9yUJWnP,28,Berlin
wvWOtHOU,59,Berlin
44Rq7lnB,53,NY
LiFTYhYQ,43,SF
GiTa33yB,40,London
7mprZ2Wk,56,LA
4F6E3o9k,50,NY
84mmZm3j,53,London
FuAzgP70,49,London
SNkaEY8C,43,London
EeEE7yVq,63,NY
fu0bfz8r,69,NY
GDdZrWqg,54,London
miZ7hhrX,61,LA
BhvWqD5E,41,NY
6C6JB5nF,40,NY
rkgMvxL5,47,Berlin
8hfYOsJU,45,Berlin
pcEdyQbs,43,London
DRoBTjrZ,52,SF
P3YkPyog,39,NY
newdbl3O,44,NY
qQbd5X7r,19,NY
cog2CC6h,51,LA
9tQ1slQA,28,London
P88ZQxmW,40,London
9lcnj1Lq,21,LA
8MTHFf0s,26,London
JF1pl9GO,43,LA
O3uZQxUS,45,LA
KI2N16Sg,50,Berlin
8smBfYTX,67,Berlin
WyApsVJs,38,LA
0eIDOpkn,67,NY
QVBt2qgL,44,LA
rlewulVv,47,Berlin
AHrLGZnS,19,Berlin
dZ1sJ4KP,44,LA
ZRKQDjLz,38,Berlin
85P1T6HD,32,London
VAArAmVn,24,LA
4WDcqNep,35,SF
u4CY02op,19,SF
5eTq0I3N,49,NY
5RKYXLab,46,Berlin
gcHWE1YM,41,LA
Ji8GTP63,22,LA
u8hK1lNN,35,LA
ZPafBrEq,36,London
Zp6hCgnF,67,SF
4dB4JtMN,41,SF
VKAfiAo0,66,LA
e0VsuR1a,34,London
gKzXGzYv,21,SF
NaJYFvVI,54,LA
7S4CcgLr,58,NY
AbLIwBSD,35,SF
7Sm31bLc,57,NY
EvRwl7ZJ,44,NY
A4qNuZSN,58,NY
F62lPJVp,57,Berlin
YAT7c82M,51,Berlin
Fsw1jD08,60,NY
zRGsYvsk,19,LA
rTI9m6vm,34,NY
UMgwWXmn,51,Berlin
3mfy7ufg,21,London
dnXkYMAn,22,LA
3Wc52i0Z,29,SF
dXVfTEmn,62,London
ONBCtnre,67,NY
ZmYXETJM,35,NY
j7DqJYFS,54,Berlin
bpXRm9SV,63,SF
S19I8IUP,49,LA
BD8NTI0u,69,LA
sDERsd58,34,Berlin
d1DyvHj0,54,London
CQxdwAAu,38,SF
YUmp99b7,68,London
cisgvlq4,43,Berlin
jOwaBkcP,67,LA
eUceySo1,65,NY
LHxHRbyf,51,Berlin
0pKn0BVJ,54,LA
1Svj6X41,55,SF
UjqRaZex,68,SF
m4vwoWw3,40,London
SMe6QCHC,67,London
h6fiuJIm,22,NY
GUxZ3Deg,58,Berlin
ENvjOzjh,56,Berlin
Pr4fi7eS,30,London
PIVoeEJv,40,LA
f6rYMAbb,46,LA
HXi0QLbK,40,NY
efwheEKK,69,LA
2WYZGC12,67,Berlin
e4k00PqP,61,NY
tVOnWQIv,55,SF
tnCIA4rs,35,NY
7FWYIXWz,48,SF
D4HTpCE0,66,SF
1ZrJVIIq,25,London
q2zDgLgq,57,LA
xfEsQebv,33,SF
RWSu3wOY,52,NY
mNKqcMBv,43,SF
9Pf6N6zz,52,LA
VoKEqeNB,22,London
NuSbWgEo,41,LA
PNaG9mGF,57,London
Yqo5oh9m,36,LA
XOtJIb8e,35,SF
dwQ1gcai,50,London
yXSOT99n,23,Berlin
4TpSs2Sr,50,Berlin
5YEEvP1J,42,LA
K7HMuar7,64,NY
rQShCTLo,35,NY
0aT4h2Jc,59,NY
mI6vD3j1,26,SF
fsoKUm0W,48,London
YhBItblp,61,NY
7mPMK9aN,67,Berlin
u3U8NVbT,43,SF
v3Gg4hqG,23,LA
YvaoQs6H,69,Berlin
Kar6CMHR,68,Berlin
dY5BpIQk,43,London
KI8DwX8i,57,London
zu8YtO7n,58,NY
eWuHJjdr,66,NY
jl2Wab6v,30,LA
ixirVatC,41,SF
pvbNVl6F,60,London
jv05sMN1,67,London
P3WjRpHN,33,NY
1XgL1sRO,51,NY
tRD79Xen,49,London
kgzSsXdb,24,Berlin
cGxTbb0k,68,LA
jsWEHukl,18,NY
N1nDXQ8M,31,NY
gA7ohosu,20,London
RqcY47eI,25,London
FiYWF3lk,63,London
EjRKFL3X,20,Berlin
L1E2ITKr,25,LA
yzb8xY9A,23,SF
JPU5lISB,48,London
MXwnE5m3,51,Berlin
03nsCHrb,57,SF
YxZh8wZP,36,NY
uurlwCYL,53,NY
nIQRD47D,59,SF
jETAMfqk,30,London
2GlQNQtD,63,London
3eIXY7wM,55,London
QgZzjftx,19,LA
gFpJDZP6,62,NY
EQk8Flo8,57,SF
trp61kVH,49,LA
L6yZauyT,34,NY
In5fT9YU,27,London
32PBaoEe,28,NY
1Dl1Waut,51,LA
egDiehIS,69,SF
2oBVBwG9,59,LA
q6hllqdA,44,SF
qWjpK0HU,22,SF
Zv51khvA,37,London
29hxRtb6,29,London
0FlLzl26,34,LA
PCh44xia,34,SF
v5L0tFpN,51,Berlin
d6RxuB4g,59,LA
Nx7xzCIo,23,Berlin
hGqVpI1h,33,NY
3mzQDyar,43,NY
bfYRLVyj,25,SF
jHrjaKww,55,NY
OmK8vtkz,55,Berlin
Avn8hCFp,26,NY
lGcxvv14,50,Berlin
JUyWz5kT,47,London
fJ3v1gg8,63,Berlin
x0PoGveg,62,Berlin
yNnfMhhR,63,SF
mo3P1YAB,38,SF
M2kNNsPv,37,SF
UolWkSsI,31,London
avyKv27h,18,LA
esOZvjOZ,53,LA
JnpAEmL8,41,SF
9mcJvusG,44,London
3FqCxyC6,35,Berlin
0Xi8GsdI,56,LA
hMpaAj9D,56,LA
VvBEhmMc,44,SF
Oh3hto4r,61,SF
3meEEvC7,34,LA
HP4YvxzT,57,London
021dmGdj,20,SF
nfd1Md2r,38,SF
cgvUPTAb,21,Berlin
2KG1DwSS,31,London
IbzQCt80,60,LA
ZCb1Ty54,33,London
08PQpPGt,62,Berlin
mHmVmy39,36,London
oRhQ02dn,45,London
oKtzhN4u,36,SF
tYWS2Hmb,60,LA
VymSWlrO,55,LA
3EPx537K,40,Berlin
w3WgRihn,50,London
ztAcg1NG,30,London
cEPmmv9l,68,NY
Ca0mjRBX,29,SF
YXezcf2S,25,LA
mDAQ4fdn,63,London
jw8EWveU,43,Berlin
jfdNmQA1,26,SF
CeC5tPI3,58,LA
r33l0HDb,57,Berlin
YjFqp9u5,45,NY
QhMzLV03,52,LA
Or5Ur7l0,68,SF
J5omoekz,46,Berlin
yBe640aN,50,Berlin
ujyJqkOA,31,NY
Gk9gc5ty,32,SF
3aQckUui,69,LA
Ck5X4WCR,36,LA
2OAr0uyo,50,Berlin
T8fOgdst,25,SF
RKIx8Hzt,51,SF
0jdo5BW7,44,Berlin
eAkvqnAA,60,Berlin
nqXakYtV,63,SF
x6ggCRYK,47,NY
ABwnWl8V,63,LA
Gfl7QyS1,41,NY
rcQUDGiV,49,Berlin
UteuDgvt,66,NY
LMRsamN1,53,NY
TXJaNupj,54,SF
ShXsif5p,20,Berlin
6KJVVaeU,54,NY
TpdzYp5n,63,Berlin
MZDFoSWW,57,London
xoP0nJwl,18,NY
fG3Wsfx1,20,NY
1JYXS04d,44,NY
wqiFFgq4,49,Berlin
ux6tPwzy,69,LA
HsikHhL7,49,NY
xp84njxR,34,NY
CuMAnOT4,60,LA
HFBzhK3u,62,London
x9Rdafwl,52,Berlin
ZjMOKyjz,49,NY
xfnvzRj6,35,London
wLoUH3Vi,53,NY
bhOmLcuo,45,London
7XBqqFT1,66,LA
FKfG0buj,56,SF
m2Sdn0Y0,57,NY
Xl94cSvy,53,London
dr5TbFMO,24,London
DYyuAaX9,49,LA
2LJmWvU2,66,London
URxDcxkA,28,Berlin
9PcXpk91,45,London
mR4KVI91,43,SF
Nf0ggbjX,61,LA
bJaUavMq,31,LA
LUlaauGh,42,LA
sDgueGrT,68,London
ZEiu1W9t,40,London
RpeMByJB,32,LA
EJmnBTvK,48,Berlin
WbwA17Xf,47,SF
TwINmpJ1,67,SF
G81jdRt6,46,London
u36xg6yl,46,NY
A9W7MrC3,61,LA
n9MZ3mHX,28,Berlin
QHiWgYgg,69,Berlin
J0VvSIha,36,SF
BxXPBBH9,52,Berlin
9lRDClJx,66,Berlin
QNHRWwPi,36,LA
0gkk407q,30,NY
8FKij2bb,42,London
z44xO3Fo,56,SF
0GVP2bwZ,27,Berlin
5rH8T3QW,25,SF
vZ7grtuO,24,LA
PGG4jiUf,41,Berlin
93nFeXFv,59,LA
VsIXKwoe,54,Berlin
FemakNwI,47,Berlin
hHPqvHv7,35,London
Se7ez4zk,27,Berlin
9AgUk9zf,22,SF
wGIyD2wi,53,SF
xU0vgvcv,56,NY
eSBBsI0D,46,Berlin
2fUi7R6t,26,London
Hj3L6NjD,53,SF
2tSAUKTJ,50,London
Anz3fcSg,49,LA
YknLO58I,27,London
165Hi17Y,35,LA
KLqRIWPV,34,SF
l1wywboy,27,Berlin
L6eVliPD,19,NY
vS4RLrUr,31,LA
feaJClrG,38,Berlin
8o8UeAto,63,London
D0oWvHDo,50,NY
LZ5g7jlt,22,LA
rVSZirek,63,LA
a1yCgdgV,51,SF
585cJqrO,28,London
U12q7aen,68,SF
l1WYEZf0,30,LA
nxrXlDAK,46,SF
XaQmcAg4,28,Berlin
IH4h5mka,55,London
rWB85V2k,25,SF
t1BoYeZ8,64,LA
89UlCDVt,69,NY
4oAbmvS5,50,NY
uPigTnB9,63,Berlin
gatFrnGR,66,SF
b0qERlFY,49,London
7mqnZEJy,23,London
XkYniAPT,19,LA
g3QEcZhy,46,NY
Ly9R6J8m,58,London
lQzjVotN,52,NY
V7gexdXq,49,NY
UbVTKUoB,39,London
mgPUYbVc,69,SF
20pwN5BL,64,NY
Zl1d9nWk,21,LA
3mKKawql,57,NY
Y3dDXpgM,51,London
PjVl9am2,43,NY
0w5x46Be,51,Berlin
xob2cUg5,63,Berlin
m43nEnsT,62,SF
b3Txqu0Q,65,NY
yYenleq9,22,SF
fkVAxyc3,52,SF
56gmOQxi,56,Berlin
WTLshkSG,53,Berlin
6v99Vtig,66,NY
DBV9CsXB,65,SF
rgGyXDPb,32,London
jCuuevmH,54,LA
AG9HOLZm,28,SF
26NJiUUo,61,SF
xPozRwyl,36,SF
6QIhKhTh,58,SF
7dYJovOl,28,NY
lCIDbce8,68,Berlin
zJZ0k6lU,48,Berlin
KiczN6hz,19,London
8LvOWZe6,42,Berlin
vdcyE28x,48,London
LgFuQvou,65,LA
kvgFXhvs,54,Berlin
GDuytlpV,26,LA
j0OWKjWQ,27,LA
utDoq85i,63,SF
ToitgoVe,18,London
MXMatjob,68,NY
G3gIQCeU,38,London
gmK10NaS,69,London
UKoAq4dT,48,London
GgwegKkz,39,NY
3SePIYQV,57,Berlin
E3x306to,18,NY
X9f4dfFv,57,NY
xeEnVoQn,45,NY
GKs2vfZ5,20,LA
5KTVJXuZ,33,LA
JaVkiTol,25,SF
Z2JyF9qt,41,London
1mNfM50c,69,London
68hF6v1X,21,Berlin
z3RFZd29,55,Berlin
JESwS0NE,62,NY
Fxb4NlTf,24,LA
Wh15yJzC,18,SF
E5JHKpcc,64,Berlin
bRpQtq32,64,NY
hQbngJZ9,29,LA
y7a4e0wX,22,LA
sWt3z9Qd,50,London
wBsxqsap,42,SF
h2VDH6Xf,42,Berlin
xqQtz2Ls,67,SF
SqSRNXEO,43,London
qAljTanR,38,Berlin
ac5w26jJ,47,Berlin
jKBCAU16,47,Berlin
7tnZNV09,41,NY
bi0smga8,52,SF
gtdQZcJs,61,SF
Q8BvJ8nJ,35,Berlin
KfsrytYu,63,London
7ovoQiB2,36,NY
ifGTZ4Yl,36,Berlin
2DQVlvrt,26,LA
a2FPnwkp,20,SF
aMR8RDRP,68,SF
baKRRpKX,68,NY
UF40RSuc,35,Berlin
VN13hD5u,53,NY
pkFkllfu,66,NY
1UpwlqqK,41,SF
lRins9GE,25,LA
5DHSE3FF,39,LA
O7KaDhPk,40,NY
SwXbekLn,69,London
SMlUehER,25,LA
jzUQY7k4,54,Berlin
GJTm2H3V,65,Berlin
gmfkIKEQ,36,Berlin
zYBoHAil,63,London
XQECKnvO,62,NY
8IEvWo8U,62,NY
G070SZOF,27,London
MTB1Kaar,37,London
88Ll42AT,44,NY
7C37AgKR,22,SF
0UMN3nf3,37,SF
A58v9Wm3,64,LA
rEdh6GDF,19,NY
Bd3M2Tqr,33,NY
CyQZHdoy,48,SF
AXY8MmYR,34,SF
Cux6uJ9x,39,Berlin
iGX4Ao7O,33,SF
TqTtu7b8,28,London
QgfLSSNf,28,London
LSBBFuF5,66,NY
jqEbHgzM,18,SF
OP4xjufN,45,NY
dBTI1r2w,63,London
fSFEy4Tp,44,LA
24dCo1YZ,21,Berlin
qd47yUNG,37,LA
7qLpev0P,62,Berlin
cPQPHk9N,23,LA
SXPTzAzF,30,LA
skfa2NZ7,38,LA
I0kZwEFI,48,LA
Fo78dmNA,65,Berlin
iwkLq3r9,58,Berlin
kdTN0GSa,49,Berlin
ZlUjoess,63,London
INcXJhv3,29,London
WnbWiKBt,57,LA
cHHN8jtk,65,LA
SL5yjskr,67,NY
Vp17bjIo,40,London
gXFeHkuh,53,NY
FvCfEcMM,69,Berlin
RQZgeDcy,49,London
JZIoW2Ka,56,SF
55GFI9Xt,55,London
FnWlhacT,56,Berlin
9A0Ygz5V,41,SF
ibf0U1Cg,59,Berlin
doWstvfm,25,LA
7gXPwxrN,49,London
CDCP1z3t,41,LA
fD3v4mNP,22,London
gLdsE7pG,67,London
8a1VMGLK,29,London
eZ7BxjSZ,49,SF
AosdhTCH,18,NY
bIDzX9s8,52,NY
Jy2Bu0yJ,49,NY
TFdJ4XFF,58,London
OC543IXl,32,SF
MZa69KF9,51,NY
JpmDbsZw,51,London
kWZZhI5V,25,SF
FORPK1ti,64,Berlin
Dy1OI9sr,32,SF
H2Wa1v27,19,LA
nH1H6mt2,42,SF
m59nOQ1j,31,London
PEF4cSIp,42,NY
FoRSw3a1,19,Berlin
yIf4os6E,69,NY
lD4h0IoC,44,SF
T3fEuuLd,34,LA
l41TbPIQ,25,LA
S4sJPtq9,64,LA
lOjmh8gn,25,SF
P2zGeqTC,62,SF
1EPuLgjm,41,SF
miVoY6k4,50,Berlin
5oCc0JJl,67,London
PKDQ95VC,45,NY
j00L0TN0,31,LA
Zj574LqO,26,Berlin
h3fBrxiA,34,LA
eN31HSKp,55,LA
juFJ83ag,55,London
V5bJKG5r,20,London
8OtlaYy2,28,London
TBJQpOZx,40,LA
YPg5w9ol,58,SF
HTimTHpe,64,London
P7klJy01,63,NY
Y7cyrz5n,55,Berlin
z9gElUBn,62,London
1JouaYst,36,Berlin
nlfEKi5Z,60,London
fiTV0D4d,25,NY
2afKb76O,25,SF
opUgKT2N,35,SF
R9bd8k3O,39,LA
19wZ3Fpg,61,Berlin
0Woercas,59,LA
4kgupuvV,24,SF
AntpGu1M,37,LA
CIWWWBH9,26,NY
Gk1tRGTV,57,LA
AdagEDIb,60,London
wLT3wUOJ,55,London
OOTTxAui,20,London
WPnozIyG,44,NY
aC8488OL,69,LA
kSqp5j2e,48,SF
C1nbdjw2,63,London
3Of9Wgxf,63,Berlin
8sphgYUj,64,SF
pFJQM1Oq,18,SF
YQpG0g8a,29,London
auIuwtlO,28,Berlin
83vQR1QP,24,NY
MIyI1EdJ,61,LA
DumKWyAD,58,SF
vWWYpHbj,30,SF
CP2A5q1H,62,Berlin
3efq9QRj,55,London
0ltBEcWa,64,Berlin
NDzOjALO,66,London
SPwU0f2y,51,NY
eUJGTRno,46,London
tv49IFks,24,SF
pyZpacUl,50,NY
o4LescYZ,53,NY
Uas7UKyj,59,SF
1CW741H0,54,NY
Ldk3fPz4,69,NY
ckAG6u4S,59,Berlin
8COhG090,29,Berlin
Z9AQiW0M,19,London
WT1WtUTu,20,SF
p0G9I3OX,40,London
xBs96jWb,45,Berlin
BkUJiqoT,39,London
bmwusvZ6,29,London
g0Ull65z,51,London
eGlM501U,35,London
DvEi96oA,50,Berlin
IGUaaTnZ,54,London
IU2GxSdC,36,London
eIqflMaw,53,London
8EKFaHAJ,60,SF
AWoqC2Fa,58,Berlin
hoNXTj2d,41,SF
frQkQksj,50,LA
T6A4KKXK,42,SF
CirNWdy7,19,Berlin
XVNk2A9e,23,Berlin
DKQQm4MW,18,London
5DSuA5Lv,60,LA
HSS28Uuj,38,Berlin
ydQOLZPw,35,Berlin
GNNHVoYO,30,London
pxGXs4uP,30,Berlin
ziuQ1WyO,36,Berlin
9uWzVKmt,51,Berlin
VvvMmmeZ,32,NY
2QHZQwmi,23,LA
hif6V49y,39,Berlin
JD03qIKe,20,NY
nKIhf7EZ,64,Berlin
YAq7iBYi,51,London
GOuZNsEy,68,LA
Ilv1VR7R,55,Berlin
laTcOFtv,48,NY
u8QtdDx2,63,NY
mjJvXTQG,40,LA
h8vVaG1t,18,NY
f5iDHHON,20,LA
ZySsEP14,64,LA
OIKUhiJt,23,Berlin
fxiye8It,45,NY
gNaWfRED,23,Berlin
3jpPybeG,69,LA
SqPZoh2y,43,NY
q0Kfs8V8,42,London
TzrkVuTn,26,NY
W4mFaNlF,32,Berlin
rRDEPUT0,50,LA
cJtRH9bt,51,NY
1mRrRIYA,39,NY
d04tSAmc,34,LA
mJBozO0K,24,SF
sdOa2OrA,34,SF
FArgjGTP,23,SF
lsNzOwrs,32,NY
CNFuzgoF,22,NY
cEycLG9O,22,SF
xrlv6DGu,56,NY
TpqjHAEG,42,SF
2ty5Dcsb,36,NY
sFZmYPIz,57,NY
5ytH0Pz8,48,LA
WtlbmBMo,19,Berlin
pYVdUnxr,39,Berlin
9doraHZU,25,SF
rCWy3AsV,46,LA
cggtP2n7,30,SF
hy4qBCtn,25,London
HVXhtjeO,28,SF
GmNEUKu0,42,LA
5FKv0qUn,35,Berlin
6AAB67Pj,34,London
5liU2Qb7,51,London
X4HOf6n1,69,LA
9ru5wYnR,32,NY
bTv4Ryl8,39,NY
q7QjbwCV,58,LA
snnQF2Eu,62,LA
RSOUMj6v,51,SF
Q8pSJXwO,34,NY
GsGkqIdD,26,London
JdxiVIs8,62,LA
0NE2QeFe,65,Berlin
oetboWZf,20,LA
JVMBfWr0,28,Berlin
J4E1YaRq,35,London
dzghZEFm,45,London
ERUA4K05,32,Berlin
tKjZldL8,31,LA
JOgnZlDB,46,NY
rgx3atai,51,NY
37zWaipr,45,LA
ZiJcnlzI,29,NY
quTAuMF2,19,LA
izXQsQYS,30,LA
sybCwcur,55,London
rRSiGPlB,55,Berlin
UbhZREpu,19,NY
7HpHxBsU,61,NY
aEn8XuyD,28,Berlin
c9Cwztso,21,Berlin
kakxH6Zo,19,NY
IOCNQT3V,43,Berlin
15qnv29x,44,Berlin
oAD4JmcT,43,LA
L3IfSIL7,38,Berlin
vWaJORqR,47,Berlin
eanmNL0w,35,NY
rrw6ezTg,48,NY
sT4rUwtH,29,Berlin
SjalizpI,46,NY
S5Vd7b24,25,Berlin
ttWfYkbR,20,LA
HVJEufsw,36,NY
xwNpP2uT,53,LA
VRHxDVcE,59,SF
PnpbNd4Y,24,SF
dD65N0Fy,23,LA
XuEjOm4x,32,Berlin
2aeBa99X,60,NY
USOksm9u,57,LA
0rKHywAD,61,NY
Vil7mxnu,42,LA
g0ISBC08,45,SF
w0hoDU7a,49,SF
LCWrCTfk,18,SF
45PJAuez,52,London
ng1y9CC7,43,Berlin
gfnCHOUr,54,NY
PuVkAZVK,68,London
K2e8QrgL,56,LA
APTwPXPj,40,London
otyF1TLB,36,LA
yxsIPNzY,68,LA
Q0v5QFkb,44,SF
f9uBguil,27,Berlin
WxVWyvOO,52,London
f5ghh1Ur,55,NY
USeaXAzm,63,Berlin
15lyrqpq,59,NY
MwaW490i,65,SF
R6tROiwu,25,SF
xXU1msmm,28,Berlin
l7lNkVxO,28,SF
ImoOXz8B,56,NY
PCVChlxQ,31,London
f0xrOrXy,48,London
AtxpzImN,46,London
UowdFg4J,25,Berlin
iBK8LLD1,68,NY
e6CVNl4W,35,London
hzN1lAb8,33,Berlin
Be1z6Bey,37,LA
aGFOQlvw,56,NY
KsbP2i8f,29,Berlin
seKHrzhW,30,Berlin
2WL4Xf3M,48,LA
D6TjqQcb,69,Berlin
ntFAp3Og,47,London
BWA64yxO,35,NY
nhuDxszC,65,NY
41juRWgz,47,NY
gwkA4pDh,61,LA
4TvJ2mMT,47,Berlin
54CIP5rc,51,LA
lBvovpZz,58,London
CdYuOReR,64,LA
lDVKBFNg,29,NY
EyBYSpci,65,London
9YFDKS76,33,SF
G1VsO7uv,53,London
XCEtXGUK,67,London
ZK4BHSHZ,42,SF
TFkZQ45p,41,NY
uAEvb0R8,60,London
lQAjViax,36,SF
D2XNCVsC,38,Berlin
Os1tV2OK,48,Berlin
b3QrQJ0t,58,Berlin
mcPptCtC,46,London
5adDHKvD,47,Berlin
hpga9d48,41,SF
2wWaD2OT,55,SF
sVyJdaXb,21,NY
QhQcBRlk,20,LA
p475Lhp4,66,SF
iqwFdxSJ,68,LA
z7VRJthY,44,Berlin
598Q6soF,53,LA
KMiI7p9Z,69,NY
xWN6K94V,28,London
KRk0IQ1r,65,Berlin
hakpkxrz,28,Berlin
hnBA4dpN,27,SF
WVk9rYTe,50,LA
wFGnYnG0,39,NY
QOsXpy6K,65,NY
ThYwXZQR,25,SF
2VoI81VN,42,NY
5apcE3kZ,25,Berlin
KED8ngcW,62,London
7g5QUmqj,42,Berlin
4ia4gP3X,69,NY
9emuX0NZ,41,NY
IGGrRRU0,62,SF
ouAfw35P,54,SF
t6xMKNTi,35,SF
6gqV7s4o,42,London
y1BEwcl6,53,SF
YB3PmqKC,42,SF
i04v4WpZ,29,LA
SJQjZYRP,23,NY
D7GbX1xV,68,LA
CNPx6VP1,18,LA
OxcCMDHe,41,LA
cB78JDZ3,63,LA
3OzhOu1U,40,Berlin
zXujpIKa,45,SF
Gj5jwJ12,56,London
tz6GqTmm,21,NY
KmY5oKli,20,SF
JFGpF7CT,57,Berlin
GKXR3Lwc,55,London
ZxM36nZ0,68,LA
pGh5mdDB,22,LA
K1jpYFsA,36,NY
AfU4HbBI,25,Berlin
7y6RGnFf,20,NY
WryaLGpp,45,NY
UvGqzJcl,50,NY
OCznBkX4,62,SF
6gJNw6HQ,43,London
GSArHy2e,40,LA
Diiw7hlm,49,SF
5rBWUq3Y,23,LA
8IJNPbAF,35,SF
UCUngicO,67,London
0VQzvuVS,67,SF
uE5oqdSZ,37,London
XN5wDvZF,35,SF
errDodTx,33,London
91lvjkdQ,34,LA
09MnwpLW,63,LA
qYwssfTt,44,LA
Dq4sfLEG,38,London
bDAMKuUn,45,Berlin
c3Qqrnp5,22,NY
4Tk1EONH,19,London
MfzOnQK7,46,London
R4HMkeXo,37,LA
QFUQBvYQ,57,LA
e7qeCX6j,24,SF
fxF53s3G,22,London
MQXgCi8s,66,SF
oZ6aBYqO,26,Berlin
UvNgRC5h,28,NY
tAJSiJRB,21,SF
jbVc3pMf,39,LA
x5z3lFjW,46,LA
0Nv5PQXH,26,SF
0DyXRn5s,48,LA
rn2hDRVP,63,Berlin
WgyCB66C,34,NY
BhXmJ5hX,60,NY
gL0iwX6p,22,London
72nQphnZ,29,Berlin
J7A71EZ0,43,SF
YhKFUTuo,52,LA
pz4w0mmT,25,LA
Vq8NhqQE,32,LA
3Dj4EIK9,45,LA
X3nCVxk5,37,London
uNKEeVlM,63,SF
g5PKKSYM,29,SF
3dSqwrLp,21,Berlin
kC12pl7d,43,Berlin
qk5qeN1Z,18,Berlin
hnrBdRcr,68,Berlin
coqeWj1c,18,London
nIWVWzLL,43,SF
cZeoJKtv,57,SF
JZp2Edsa,43,Berlin
C4XmLoxQ,24,SF
NHO0Y3UF,33,Berlin
V65Zcx84,19,SF
flKuykmh,56,LA
KhTy8KOx,46,Berlin
ETW2mYCp,64,Berlin
6XTFm4LE,35,SF
I7Pmh3jl,22,London
BpXXdp9T,34,NY
AdZ50ugM,39,NY
qtJSp9fr,47,LA
sRC2svDl,29,Berlin
mBpfzKCw,49,London
eSMplj9K,63,SF
oBrp8zHO,50,NY
BHG5m95s,43,LA
RGaaRJqP,56,London
UFKnaJHS,39,LA
BGNipvKh,39,NY
irMe8JQn,48,LA
6CO3Fggt,22,NY
NbvQ0isB,29,SF
CxphfnwD,37,LA
ZzhsiLrK,33,SF
bO1XB6tv,37,NY
GtJUIcC2,29,NY
nMczWrI4,62,Berlin
gfeTSJHk,66,SF
VtIa8CAv,65,London
jtdEsJVa,53,London
lSVS7sCE,63,London
EGCoXOHT,61,NY
nGGe1aTT,55,NY
XPmBMNIZ,47,Berlin
vdQcwYsZ,47,SF
oLchFGPJ,68,LA
f7FpGVJa,21,LA
LWhDWQmF,33,SF
nRWhNBrh,25,NY
MIGckgoE,44,London
GF3vFSLv,32,LA
zZ48nMqY,58,London
32wYuRg6,56,LA
UGcHwb5u,31,SF
nV2VvGi0,57,SF
okUfsz2A,51,NY
G7C2yF1K,27,Berlin
QfAJAySW,61,SF
zVL0xPni,62,SF
llcqXzoK,54,NY
rL7lUKS8,33,LA
mFF4QYua,59,NY
Ayyslf5T,26,Berlin
1muz5l0F,61,NY
jeQUr5NL,43,Berlin
ko47Save,68,London
mffAfsIo,36,Berlin
hkV9p7Om,35,NY
beJf1ISH,66,NY
7oeRgw2a,32,LA
FK9mvlZJ,35,SF
WDW3a540,29,SF
BlwSYdJ8,56,London
MNiw6udy,55,LA
RQ5XEaXX,37,LA
YfElFMUP,69,London
aXHJ8mYk,55,Berlin
wbMPRFQM,55,LA
IwX43bJZ,50,London
xe396F7M,26,NY
CPIeOGmS,53,LA
DRN5QpDv,22,London
aHp6R5gU,37,London
6J44X309,18,LA
v5yB5HZS,38,SF
s5bhx75P,42,SF
0BfTwWcO,62,London
scQL94e6,69,SF
PY8M84uQ,46,Berlin
2L8ngXsQ,31,LA
ty5ru6NB,31,Berlin
IzYTHOBe,42,Berlin
KQ7pykyN,30,SF
VDHmWCQn,52,London
lrkKKEjx,41,London
T91MMaFq,69,London
LrqSoDH8,47,NY
WjHFj38U,55,SF
sSctXxaV,52,SF
zKirQzq6,29,LA
cTx8TIKW,30,LA
ZqodU6A2,45,Berlin
PfY5nG3G,53,SF
nXMNb4LZ,43,London
2JtYToEs,54,NY
QFBPt6Ez,45,London
IttZc5GE,47,NY
iHX9xYMq,37,NY
K0zCcn4f,65,LA
8p1Sw25g,29,NY
8QczoElM,22,LA
RKyqPs2h,36,Berlin
w8dsXabw,39,NY
NkhNm4Ii,21,London
UxScUtjm,67,SF
NJh1cx7U,28,LA
xsdryGY0,41,SF
9b8YOl3Q,30,LA
RxPOipjD,33,Berlin
XvJbhxMs,52,SF
aOZ4zB2l,65,London
3UOK2rJY,37,London
6QpKzH8S,18,London
WE7rF5Ct,44,Berlin
X9kleREy,34,Berlin
ChYPmFS2,40,Berlin
kKI4MTSb,20,Berlin
hfMoAae2,44,Berlin
LwUDOAAQ,67,SF
U0wTYrAh,19,LA
ZTQJDQxQ,24,London
B0DJocVr,21,SF
L7FhA7NL,42,SF
ugHT1JME,19,Berlin
XkNhRh4c,56,SF
FgQo7wR1,69,Berlin
jkL2kW6K,23,Berlin
E5GJ9OJp,29,SF
PL2DCs9f,26,Berlin
FUodXWpo,48,Berlin
HNFTzLTi,30,London
1BeOK5MP,61,SF
F60kh2lF,30,NY
qpyMIBc4,42,SF
HYM21uWm,44,Berlin
5eXaPN7e,53,LA
b9tbTuW5,24,LA
DqiyS4ne,68,Berlin
bIwzKInT,69,London
cL40VQNY,58,London
89OnaWJf,62,NY
0XTjNmPT,32,SF
MB3GyBTw,68,SF
UPKz0K4T,36,NY
bCkfktYy,51,London
FLCK4spR,56,LA
is01d5HJ,66,LA
sBpELTIv,69,Berlin
yc2gqLbS,22,NY
MjtXU58J,39,LA
AS84OHRZ,68,London
XrFGlEzE,51,SF
kfj6xK8E,39,London
kV3vUUzh,51,NY
tyBnDWGY,38,Berlin
eVraontX,56,London
tE2PPpFl,58,London
ftEKb06W,46,NY
IDTErG4q,52,NY
kIuFkJM5,40,Berlin
C8DYAQVJ,36,SF
SaJbeES1,21,LA
tEsY199R,44,SF
PUlahnTZ,56,London
cGxn5LNc,30,LA
76TPAFoF,52,London
Ggx0rlWY,41,NY
Z2P0p47Y,38,LA
EIlocfeJ,30,SF
l7QPDmSu,54,NY
Jt8YCoYt,20,LA
PZU1IcVC,23,NY
O2T9IvQX,34,SF
sqC3MohF,31,London
oY6us54T,26,London
ziCdeMpn,52,NY
Wtnk7Tww,26,NY
GRUGZ67Q,63,Berlin
rETyw215,21,London
yg6uSnag,26,LA
5MzkJGHf,64,SF
vFKJJ53m,42,London
U4eQ99Ie,45,LA
jZDqnaDK,18,NY
IYEspdez,26,London
NFiVoCs8,59,SF
lw3IELDu,55,NY
2NPOncBB,47,SF
clCshxZU,68,SF
Gm24yF1Q,51,Berlin
4Gw5qij6,40,London
bfxsFusK,57,NY
f56WJzhh,43,London
911XP9fS,56,SF
oDbshrPp,44,SF
5l8zILBi,56,LA
182LUyQP,43,NY
BUmIANG0,19,SF
RF6IgVHt,26,Berlin
EcakVeNo,42,NY
7dH7vS1X,49,SF
5HB98gS0,38,London
djpPbZd9,54,London
vayvPzGI,61,SF
taar1Jms,42,London
Rw4QOi6Q,37,London
v0Tr6obV,54,SF
foFqbCq8,43,SF
yFkLsjoX,44,London
3meIhY0u,21,SF
zW4fgRVO,18,Berlin
bRksTfZt,20,LA
ZZxC9h4L,68,SF
72zDYBOH,60,LA
u8Xhs1oa,68,London
k0nlxE5H,34,SF
muMIfHJ7,48,NY
mQTKCznS,50,Berlin
pperDRFY,18,NY
FdTzopk3,47,London
1zSoiCfx,62,NY
gKZvgs2o,30,NY
ggY7P2tW,29,NY
W53z4Xnr,63,LA
9oMgYDo1,20,LA
ApebH6sO,29,NY
fjjtw8DY,26,London
Z10wdPA7,53,Berlin
1ktr7OqA,51,London
NYN2vSPM,42,NY
DEdk7pkH,51,London
OuomRFT8,43,London
hfqve4m0,44,Berlin
2L2fjpgu,67,LA
F5oJIXY9,29,LA
wRe22HCM,54,NY
Yeb1JDhD,47,Berlin
pOh08Un4,29,NY
qjyzNEQd,48,London
3F1MVHbx,45,Berlin
v2ncIfhK,28,London
T2wTa8Jb,66,LA
2zTz5p8t,19,NY
6nOF9iyF,52,London
Ug0xW6k6,64,London
usNadyRJ,65,LA
KDUl8Mo8,26,London
pqdx9jC1,38,LA
tuFwehPB,57,LA
ueTAcmnY,23,London
0rfrnjmI,25,SF
ZwCX2fdY,58,NY
GX1A0zV8,23,NY
h65xvsFd,53,Berlin
gnyjNzlZ,34,London
uEwmJZ6T,39,London
BiYAlXha,32,SF
RVCbSrzq,39,Berlin
spZDx16Q,67,LA
Fz3AtE5o,38,LA
yk0Ib42C,65,LA
CPl8c88y,66,London
Py4muyrC,20,Berlin
BfY6c7e2,37,London
4im5EycO,53,NY
KtYcFC9B,48,NY
NeAJ5FNI,47,LA
ZQZ08wCM,26,London
GvN0sPZy,67,London
6NuhD0Wt,19,LA
xzLsmiGM,61,LA
03AYZQ8Q,66,LA
P0YwcMvS,69,NY
VluR99e6,51,LA
H6AA8SSa,47,LA
XsA1ht1j,55,NY
E1Mccx4L,53,Berlin
NCSJa0pc,55,LA
48OWOm55,65,LA
2pyIN2Ef,57,London
9cwQZIET,18,London
WLFxipii,45,London
VOKbJFwV,49,SF
WETpjFfj,55,SF
QxhydFPr,57,LA
feKT6FGX,67,NY
XrZevH2t,33,NY
PO6UqirT,28,London
KUwTynUV,21,Berlin
VrqhETP7,53,LA
NOtErVnc,27,London
Glz7CXX5,67,SF
StLUbeMX,66,Berlin
ywYcpVLu,39,London
Ozp6XCBd,46,SF
YPn5fujJ,49,LA
GYV2qFuV,18,NY
LZOlFhIV,69,LA
9RPjBblI,29,Berlin
80FokVc1,29,LA
eQIcnYlF,41,LA
GVUs4Eza,46,NY
PJObcGJ2,62,LA
Fs9NOVUe,46,NY
zdenwxF4,65,LA
aukqGaPk,52,London
F1JVaMY2,29,SF
qxXR6GwF,64,London
I9KyiXVl,55,LA
LIjqHouN,53,NY
clW5i87d,20,London
W1wmRoZ4,33,Berlin
2E20bHKj,56,Berlin
X5jrPeLd,18,Berlin
PVZKFgyD,23,SF
dvVN8rig,20,LA
dd3VByMG,53,SF
uzxoTVM7,29,SF
TieZ4zIL,57,NY
aWMzwjlO,57,SF
dfot5cmX,62,London
qhAAxG37,23,NY
P9mZoO0z,25,NY
UEbK2Q1o,53,NY
kCHvLPjF,48,Berlin
u5E6hvQT,64,London
HPEgav5c,66,Berlin
R6lwyUFN,47,SF
vPT5Ios5,23,LA
stQJAaZ2,44,NY
htVC1UgB,38,Berlin
xZctZvk4,56,NY
k3SLjf96,18,SF
YFmpyWYu,42,NY
3w4u5ct8,42,SF
kdmWNEc6,40,Berlin
HrhEcxp0,63,NY
zWMX1h81,37,SF
FlwU3GHB,69,London
MIHdK0r0,33,LA
AN9mjyYx,48,London
DEO64ulf,41,LA
5vzcr7Sv,50,SF
3tCDpWlC,25,London
oarrauAR,63,London
a5J9Ab9u,59,London
niMfZ4iR,53,Berlin
OdyPbf2X,34,London
fxK49N0D,62,SF
gtTmOsmA,26,NY
IWZkyThg,40,London
Iu6hxHAH,29,NY
jBbTMLSx,69,NY
9RO2lJoA,30,LA
hi442ply,34,LA
hLPy6eaD,40,NY
VSkpbFCt,64,LA
Ef91BhRX,44,SF
w5awK0ye,64,Berlin
D3IC2F3R,45,Berlin
Mt4ELdVH,32,SF
ilnVR2NK,54,LA
jMC5Of4J,46,SF
sa35hNty,47,Berlin
dVNBbYna,64,LA
obZrn4gF,59,LA
1f7if2HM,39,SF
QQ8Ekjnl,64,Berlin
z4z8flQ1,55,NY
eK9XcwTq,61,London
0k7NoSQC,53,London
Eh8U5DAB,66,LA
58UgTasa,32,LA
PNKsSkxT,64,NY
zuFXV9jq,55,SF
vqhUUlYC,23,London
OAaLniKC,23,Berlin
MOICcVaa,23,Berlin
Jn1kIzui,66,LA
2rmTPanP,60,London
t3Tl4r2j,43,SF
67YN5RuG,52,LA
jux19nLJ,56,London
57sM3lcD,65,LA
NmlH0G3t,21,London
Br2KLeh5,33,Berlin
YVAxRzrC,39,LA
qEzYOvCi,65,Berlin
6MPihsoa,35,SF
WTDmxUiB,62,London
KPTnjh0R,22,LA
JnYId8sc,26,LA
UxXFJm7A,28,Berlin
1VhdLq7d,53,SF
2RxbeZQn,24,SF
LFKOTRzn,59,NY
7k9rnove,62,Berlin
jiUjq4fu,50,SF
mq5zhMKK,29,NY
ptwU8Vpo,24,London
8hEsj9lT,50,SF
S6KifYxK,30,London
LRoP56ku,38,London
srp9q8Mp,27,Berlin
xuU4LxwN,66,NY
3K5lgItV,60,Berlin
fifUhiLa,36,London
JM6skKZN,35,SF
0KXWnVI0,25,Berlin
t3pHnOsj,61,SF
WjUTya1J,69,Berlin
IWGD1hvg,30,NY
bBsFHtDH,58,NY
JcIiIerc,32,Berlin
w3LLb77p,32,Berlin
zhCjp3hg,66,SF
c8SkTaKx,28,London
hPGIY4S9,35,Berlin
r5rC3LBQ,23,Berlin
bt4mpVD4,40,London
wIMnpfpI,27,LA
33lwWPde,67,NY
DmYwR6TC,30,London
SSavky0S,46,LA
CsajiCsw,50,Berlin
CBAPdPue,42,LA
EQ2BQJVe,23,LA
8UO2hXmX,57,NY
Qz6ThSgC,18,NY
uDfYa00y,22,SF
XpqEUfeG,59,LA
VOmEXCEi,63,SF
UGSbubgE,54,SF
ZjySidL1,43,NY
EIGiAl7I,65,NY
45kcngq3,58,LA
pAVE9cfl,46,Berlin
mOquk5jI,60,SF
DrETJNEH,65,Berlin
X1wB5hvE,30,LA
nwmLcYpS,41,Berlin
zoYlmnmK,44,SF
rcZOZH8o,47,LA
EOWXK7tN,28,Berlin
dk7KNfGQ,67,SF
uH5DLD3T,30,NY
hymrCuWL,18,Berlin
SXzoq8vB,19,LA
uFtv7CN3,67,London
1uhtErqW,67,Berlin
Wafg2syf,55,LA
9ckfaTuf,40,London
vILijLel,39,SF
L2xaIJru,68,NY
ML8csraQ,29,London
QEN83Kln,24,Berlin
aMB35hGD,40,SF
LVuRjRUZ,56,SF
sseW9Q88,24,LA
GjHgglEg,25,LA
GkCktJkd,46,LA
MhNFoMyf,42,SF
46mtLJbd,38,London
hHvvuI5d,21,NY
4Yydb8sK,31,Berlin
I9r0pjGm,36,NY
q62tqt0C,23,NY
B9dWgBr1,51,NY
XnT1lNsc,56,London
SEa19Mjj,21,Berlin
F5bIKnll,50,Berlin
2HLddpI1,21,NY
icInSno5,21,Berlin
hjA9Crqd,65,London
oqH9XXvp,33,Berlin
hIYV7cz5,32,London
Bq4Z3nNx,53,LA
HQilGpzP,21,LA
WUkrG1XR,65,SF
G8F65LvP,24,SF
yf6p6Gnd,56,Berlin
SDhXAOaW,36,NY
qXW4V9ur,23,SF
6qZQ2kK5,52,NY
U4KvwRKo,43,London
V5bRVum0,34,NY
zLwzFhEI,24,SF
lBh0FKPx,54,NY
GBFjVBxv,53,London
kdF4KWlt,57,SF
ebMyBFyB,33,NY
Ek7eKWPy,63,LA
rhsNs6qF,40,Berlin
dDns6uFs,36,SF
HGwzQNTO,44,London
SxAjW8R2,59,London
qF6fxMSE,24,London
NKYfHPfY,24,London
ySStsIyi,43,SF
QQbKbwLW,40,SF
DL49Uh64,51,Berlin
r7X3GDtp,68,SF
ddeFYOcM,20,Berlin
sZWv2INf,60,SF
yewFpJSV,36,NY
DrhIBulh,24,LA
Fe7XVDEu,44,NY
iSUB8xZu,30,NY
jzfp3hJA,53,Berlin
u4ef9u3v,66,NY
qslYLyTQ,31,Berlin
4GP16Kqj,39,SF
ssGUkFWB,34,SF
R478E7lF,40,LA
2W4uF96a,18,LA
1gSWXse4,56,London
nkNgSCW3,61,SF
aMDUD4f7,44,SF
vMsxtnzU,30,Berlin
qJwQ3IQ6,31,Berlin
9Gnkpqr0,49,London
KDSv5N1B,55,SF
NfbazxM9,42,SF
ErWuett8,40,SF
WJRhjC79,24,Berlin
dYgJah47,28,Berlin
e4rsR1iL,19,NY
A6qxTXOn,63,LA
A3QJjh1C,42,LA
piXf2Vfc,39,SF
JIptL8tW,66,LA
rkG4ZEKt,66,London
oAigW6vM,25,Berlin
yXooKprr,46,NY
UmN6Fnhz,46,SF
53xVK12J,28,NY
uBipEaHJ,42,NY
phFPkJbR,55,London
crU5wXXm,42,NY
5Rul1PJL,56,LA
Th1NQVaH,34,LA
9W7kiyfj,47,Berlin
pNYA9mi1,21,LA
Cg3uAi2v,65,Berlin
UN24Vh2Z,68,Berlin
tO2U3A2C,53,Berlin
Ys6ZwC1f,49,NY
PR3CFz2J,18,London
7Qq4ktqZ,66,NY
f5e4Ngc9,69,Berlin
29JZJ9Y0,40,Berlin
Ox3Sik0n,69,London
NuGTqnDR,45,Berlin
vdcZJjAD,67,SF
YPgQKgB4,31,SF
1I0LwRzH,37,SF
ShbL8eAt,65,LA
YMzlOIg9,38,Berlin
fYm8qE1p,22,NY
6U15OQsK,42,LA
CXwayi1j,45,Berlin
imFMgDsq,51,London
pOWyzPPU,60,SF
c8Z58RU9,33,NY
Kp7Bo5TV,68,Berlin
OE377KKN,24,London
wfQJcdy4,19,LA
bSW8UAIi,18,LA
Ek0fL6Xe,68,SF
MQRZRNEh,38,NY
iOHww0PB,39,London
NLdQA70r,23,London
T0fseqLA,48,LA
2J38pA9U,23,LA
bMfZaag1,50,Berlin
JGcRPiqB,20,LA
BzsmeAfj,20,Berlin
YFDxbhFH,18,LA
rD1f3qEN,23,London
b19QMy7s,43,Berlin
jZciXKvd,29,London
M9ovPh0S,35,SF
jjOZ2M0f,48,LA
KF8yQdLH,66,LA
cKuX3BS3,57,NY
IMjMKmtE,18,NY
Y0zRtOW9,55,LA
STG8hZzk,43,NY
n37OzyJ8,56,Berlin
xGF9mAIX,59,London
Hyc4EIKW,46,SF
ekxPDmMe,18,Berlin
R3lVTLIP,31,NY
5gKD3bqN,33,SF
tagVb9Nd,31,NY
LAkP4v79,47,SF
HEjx562t,59,London
vKtvPUeL,52,LA
T9ae1b8u,46,Berlin
3EMfzxpf,30,Berlin
r2cgekz7,69,LA
55xYqiXs,28,SF
iEFyyJKI,26,SF
lJJsMg4K,56,Berlin
YHKmknYR,31,London
OKTOsrzV,56,Berlin
kbLvBGFr,57,NY
Ua3nZWrK,62,NY
tH1Zo7BS,20,LA
n4T89yQj,39,SF
xqYVRoug,28,SF
bZTC1ajO,40,SF
eqwvymew,60,SF
SucREcWu,56,LA
qD3IygcC,64,NY
qMnZk1jF,39,Berlin
wK6BfVaz,61,LA
mwXNQpjN,67,NY
Ly6zsfaY,24,LA
tYFmFTnZ,39,Berlin
f6efqgB0,55,SF
ClYtNNnv,45,NY
QawV7rdk,65,London
eogvR4NT,68,LA
BhbZ8sQb,53,London
j3vm5q3m,31,NY
UzGgppVY,46,LA
SqXOQqUf,69,Berlin
M91Us35k,35,NY
55UQccTl,48,London
WEus1TYX,65,SF
yUHjwWea,42,NY
2CSJ7lIJ,47,NY
bQ4BhVVn,68,London
bigSlyXZ,65,Berlin
YQz883rz,40,NY
7HhAJumC,23,London
eQUsD8eN,58,LA
KJR4KygV,65,NY
GKMamnb1,48,SF
YbQFmBmc,41,SF
Tcx6leNU,50,LA
70w8og7A,48,Berlin
y5SrEnB8,64,Berlin
QiJ0GKns,69,London
Ep0jnUvr,44,LA
Rs0HYCpg,67,LA
2UWNhhlP,24,LA
FmDTnsjN,63,NY
nPuItOA7,27,NY
laYOu7NI,22,LA
pgciW4py,47,SF
ItcgvdMr,65,SF
kzq7ueQA,38,LA
FHJyqKk0,46,London
2OSkpUYb,42,Berlin
UNKiocdo,46,London
OcU3zYTO,21,NY
XdRiCjdw,68,NY
sXzIJM3U,64,NY
eYzIpysP,45,NY
cGpCpeaR,66,London
xFWGar48,47,SF
XAcajtCg,64,NY
aDjW9QvC,48,SF
OQHO1mH2,31,London
FbK3rWy2,28,LA
Wra8QExF,20,London
Z4PE3odh,62,NY
Hh9sS5FI,39,Berlin
N7It6HVV,57,London
KEsIWxmX,32,LA
bma0D1pa,51,Berlin
YkgOPQIV,18,SF
oFnqXlft,53,LA
31nXWeJJ,65,LA
UY9Ej4VL,42,NY
bxKAj6Wd,53,Berlin
hUAtsvGt,21,SF
Af56FBqy,54,SF
qpxweOKN,35,LA
ZtueVwi9,19,London
xg3Bbh4F,65,LA
NoI2lZ7H,35,London
Oa3fy0qA,56,London
tOUcKOMi,29,LA
fSLjBcc1,61,SF
8sJQitC9,64,London
zvax9Srn,24,SF
qpPYZFTF,49,LA
xKcQDmnD,33,Berlin
ioonpjLp,58,SF
eSuEjT5S,43,Berlin
XL4IpeJ0,42,LA
YTGEISLs,35,SF
M4xMSoLY,37,Berlin
aR0MYYNn,24,NY
unXIWrRp,63,LA
UpC34ltt,65,NY
6NBEgXCu,47,Berlin
QBNmb5VT,53,NY
jIqBsd88,67,SF
K9DLyghi,68,LA
MNOCqLo0,39,SF
xH976XoT,53,Berlin
fpcURYZU,37,London
w7MVS3GZ,40,London
xPcDWX9p,26,London
50hp8zF1,32,LA
vwzLieE5,61,NY
EqOu8gDG,40,London
rSvYmIpm,33,Berlin
GIS3GKRy,23,LA
qy9JbPjd,18,NY
LRisJwlN,22,SF
tzrvCknK,31,NY
BVUML5qj,31,SF
IHOvK8AN,53,LA
mA0KjyQe,19,NY
x3F6SSj7,31,SF
xMyzaTsY,59,NY
g8Fa0Jii,69,NY
tpdnDTbE,63,Berlin
19411OeB,40,SF
PVcU2496,67,SF
kyhlezdx,52,LA
8MTbqZAv,20,Berlin
aMaXmlrP,38,London
g1SFxnni,33,London
8xOX46GN,60,NY
MVzkutnS,46,LA
qDiMztM8,44,SF
ftaUjEFC,29,LA
T6vHsVjl,27,NY
m2P91BMf,37,NY
1zZrbfVx,55,SF
I2jshC9O,35,SF
eRskQ2Ae,51,Berlin
2j7QM1Hd,44,NY
EerTXRdO,47,London
MWoi1bhq,54,London
q7WmJOX3,41,LA
9XMhiVgO,21,Berlin
Tkt9iPfH,68,Berlin
dw5aMbRx,46,NY
ZnEJ6lE7,63,LA
GfTkwnQ5,36,London
61n96VGG,25,London
ZsOYR0qR,27,London
cnQZY1ax,43,SF
Dc6tAJlR,42,NY
0LeDoGNA,49,LA
suVAYpSz,53,NY
tvIm7Uff,55,London
FEOvqXcd,67,SF
7NuJzH3r,42,NY
ADcA84wj,56,SF
se0Dtfmd,56,London
qzJzfrux,48,NY
aZrbW6UL,58,LA
Fs0upqdW,36,NY
6YhBufoH,25,NY
drcBvqc6,24,SF
ZmLe8C9h,41,London
OuKKA5qu,54,Berlin
Q8mFgxpA,28,LA
WbwoJKBM,22,LA
ZcepwRBf,20,NY
2kXby4l1,61,Berlin
jEdSvWtV,60,NY
OZRDsEOG,25,London
QY4u4VfC,19,NY
ZbDSpIv4,41,Berlin
CvXdqSFt,69,LA
kJm893xX,64,LA
tjKWVnFl,56,LA
CtuANE1L,35,NY
tPSJYsBP,35,LA
KLTKxcXI,68,LA
XuQ3T3XA,24,LA
E84tRTiz,47,SF
jTbl8Tzf,39,LA
Jgm2uHYd,65,SF
ccaZEXU5,43,LA
RW1JIQrz,56,London
Qn1E8ELx,19,LA
rIhiSsLl,31,Berlin
rkzXVyq0,49,NY
IvUCVR4k,26,LA
9JpZ3dxD,52,London
L4glIMIg,39,SF
MymIpqE6,63,Berlin
Zj1WpIOp,28,LA
GyWYfkx2,38,NY
vDcY0nUM,46,NY
jMvEROVK,29,LA
w18veAVz,48,NY
pEONx9es,32,LA
ZIRzHQ38,24,NY
8pVVy532,49,NY
aks9W2MP,43,London
5lg3z6HW,61,Berlin
3d7NHEbP,63,SF
kzOf38WY,49,London
P2bEZw9y,27,LA
GWapu1tD,69,NY
wWf1eXKT,62,LA
WVaYs2Qb,68,Berlin
F5nioUHu,39,NY
k8y3IqqT,63,NY
n7mrtUny,35,LA
6wUs3mwm,54,SF
UBfUZAEv,34,Berlin
SPv9eEYC,68,NY
yFjFozNj,60,Berlin
9Pi1FkpC,29,NY
v7n4ESLA,39,NY
P5n6vsAT,21,LA
TmuiEza6,20,LA
5srSmduw,60,NY
vptrJxef,51,LA
FvIahIoR,34,NY
0gImNQ2E,23,SF
kJuP7C1k,47,NY
UJw11Co2,54,SF
MDRL59kT,59,London
5pN1JUSv,18,Berlin
SggJ7kdq,26,Berlin
1qliPmhi,55,NY
I5KdJe81,61,NY
ZcJpCqMg,45,LA
HfZZW76I,21,London
aGjo74sq,48,London
9unHoiXZ,64,NY
VccwRBD6,62,SF
3tTIKPhp,48,London
BaeBmZcQ,46,Berlin
Jc7es2zw,58,NY
4ehoRr78,64,LA
UNFwbAyM,41,London
DigVkVYs,62,SF
soZrQawq,33,NY
qiFV65Nj,42,LA
P6VQjyc1,54,NY
wVm6Is9L,60,SF
Vby2T1sS,25,NY
JqvvrMKH,60,Berlin
zLJQij5R,30,Berlin
yE6V0gJu,44,LA
f2kfjEh2,28,Berlin
j4nYfgct,49,SF
ys75Mqc1,47,Berlin
G2gTfou4,19,NY
a4uh0yYV,27,London
3K4Ms43B,66,Berlin
a9riCp0x,49,LA
1iTQYBMw,65,SF
wSuaR0jL,68,SF
RnapHgcz,30,NY
fz8Aas31,52,SF
QKYbEvsq,27,LA
GrQMKuWN,69,SF
lxCaa7HC,55,NY
vGNoG4lX,37,Berlin
QRWzV8eY,20,SF
zp1nkkkG,22,Berlin
aFY4MGlt,67,SF
6hHTo0Ys,45,SF
ME7CTJAK,54,LA
SAsSKlgE,60,SF
p8zlrdcB,47,LA
VVoKUePP,65,Berlin
ZORzvAIw,41,Berlin
yKnqPwCg,34,Berlin
sXyW0pYo,42,London
QBcJ3PSz,49,NY
4f0Qykir,29,LA
QU6DDyjO,42,Berlin
eIHTo5i6,41,NY
i5dKjmKz,30,SF
1cmOA64H,64,London
SYsoRVjC,41,SF
aTPSoILr,60,Berlin
VFcOfcP6,57,LA
JGQWrcII,38,SF
lvymqawr,47,NY
F6bNkLmJ,42,SF
HFN1HwNI,42,LA
6pssRvf1,66,SF
VGTakCAB,31,SF
nMnXubwY,58,Berlin
INuiODrT,18,LA
IX8x6Pe1,29,SF
xmsgQfC2,39,SF
9f4uQqiq,50,London
RP9t336V,28,SF
OaiU6hXf,39,LA
xE2aiCoQ,22,SF
F2cIJCjr,21,Berlin
6Pr4z9CN,29,London
SshEzzBQ,53,LA
AgrWZcHB,61,SF
EmRFjrB6,39,Berlin
fn3HsIN6,27,NY
EWpIqAcQ,34,SF
lbReFOVO,24,NY
QV4D4cn7,34,Berlin
nCqJvtlG,44,London
PNQCgiOA,38,SF
DOV3aeqJ,36,SF
FyDITZO1,18,London
b8g3e9vM,36,Berlin
i3Q3i6oD,48,SF
wYU1mive,60,London
W905Xk73,44,NY
L9Qz0Qvp,38,Berlin
RAqGpjt7,33,NY
ibXOvJ2y,36,Berlin
9GSPNeOX,64,SF
JAcoVMR8,50,LA
g5vsfhps,66,London
RbmvBJ0r,62,NY
ap37A7cn,51,NY
syX3BTrn,35,NY
aWdOV6rc,35,Berlin
DXhptrwV,18,LA
pPVYuw0f,46,Berlin
BsyADV1v,34,London
reObAqti,52,SF
YffdgJAq,43,LA
C7c5Weqi,68,SF
yHfb2GdQ,65,London
WzJSubdw,31,Berlin
3lRnZB5F,40,NY
2zQKHCbv,64,London
KDMcCR4o,30,LA
I6Nzjnxj,48,NY
QnG9JVK9,26,LA
TAYXL64U,46,London
1lM1MHV6,52,NY
2r1SiFlZ,66,London
kP18RP4X,33,SF
6pkoa8zD,28,Berlin
omQGjIYQ,63,London
4maidN4v,23,LA
F6al4Oas,61,NY
KDYKdqZZ,66,London
rkEHjyoB,20,NY
0Mv9IeOM,62,London
T5whdgDs,52,NY
bhIgRaoh,58,SF
ijtnDBw9,50,LA
aZNA2jAd,41,London
7hYrSi27,57,NY
ztkiLgaJ,41,London
PTFhJEVo,60,LA
crGR2f0e,58,LA
VR6jrpcC,38,Berlin
H7ccRgOj,32,LA
OOLf3TXq,68,Berlin
XhseZzQU,53,NY
PO9EiDFv,39,LA
2hvoUBB6,54,LA
49ebhjtT,55,LA
obsvESxE,52,SF
tJeNXf3s,37,SF
h1EwXQjQ,67,LA
ScsQEYWE,26,SF
itIXIC0s,61,London
ArThwhCT,19,London
MdHZPOcW,58,SF
8H3Emelw,66,London
ftQfurM6,20,LA
Ck0rPSim,50,LA
316D8JSe,56,London
ZxHnY25t,48,SF
Nl6KWvJy,68,LA
I6vkQyWz,51,NY
bcT60NWu,49,LA
gRbs2g7G,51,Berlin
93an7NrV,20,LA
bTW8pIAj,41,SF
ArApqpHL,36,SF
EB6l0k2R,41,LA
Vrxwc0bX,33,NY
SQK5DtAc,60,NY
I1SuEL5b,46,NY
bkmYyMyU,67,NY
gTBvbRBY,48,SF
ed9PnLO2,57,NY
PaeyJCEU,35,NY
l9pkcJZv,19,LA
e3ItAZb0,53,London
vgg9eaYY,26,London
wfxRf9De,46,NY
W6XPPCmj,41,NY
kBtmkypT,44,London
x7UmyQ8Q,30,NY
rP0unU1x,39,NY
Gh9u0RV4,29,LA
48KqfWHD,54,SF
99SuTr5w,62,London
9wRiMrhl,19,NY
v3IBfUFJ,31,SF
2AF0a7uC,66,Berlin
YlCP0s8X,21,NY
wnlVkVYT,55,NY
RAcui8Tr,63,London
13Iiji8f,42,LA
CCEiYUnW,28,Berlin
gwx3qKIW,66,NY
SfZufQ90,61,NY
SPsJpZkO,42,NY
x7EK4c57,44,London
XhO7xO4B,58,London
Rnk7c73Y,19,NY
J5sPMpRC,53,London
7jakOV58,59,London
7iD1t3iW,25,London
DSA1aI2M,21,SF
d1bKrcgd,37,SF
b4zNxdq1,38,Berlin
w2I6gjtr,35,NY
0T60D84W,51,Berlin
59HB5pwJ,34,Berlin
zxYPCPyS,30,LA
QLEy0Lb0,27,London
7MVsuNOA,64,Berlin
uUZpxswv,68,LA
uEKVHBqZ,41,London
dha0fNYz,23,LA
VpATnH6G,47,LA
ABQcZAyi,45,SF
BtQ28sN5,57,LA
xasEoOwU,61,London
25vrNrrg,28,LA
5OggsP3l,59,LA
SICD0m32,50,LA
XMHcutLt,50,LA
m18jHyu7,56,LA
nblavcGN,24,Berlin
lHjNJVM0,69,LA
uJCX8BPC,57,Berlin
StGpfcD8,23,NY
iwSJZGkW,68,NY
z3OciAHM,40,LA
OwXwXUsP,19,London
0CAOUYJz,25,SF
r9d6qLuq,38,Berlin
n3I0Hutc,35,LA
LNl6wT6N,47,London
caHtEllb,25,SF
DefHQY0a,50,London
zRYrMzZd,40,SF
vjjtmwuD,66,SF
6EPY3rT4,35,LA
X7w3J3vx,23,NY
w5kTFepl,44,London
sEdnEsZ9,44,London
71zS4OR6,25,LA
jpUlMTrE,55,Berlin
Av8b8dfO,19,NY
MGq7Xbna,53,London
GT4m9ABd,67,SF
8zZi77Il,41,LA
X7EKWB4h,57,London
tDQXgAKG,22,NY
xXSeGFGv,64,Berlin
s8cHXUeR,43,SF
NFzQGg83,69,London
8uYoaxLg,42,London
udGhluXS,20,LA
NOgU8Sgp,20,SF
p9TzAojH,35,Berlin
vFHYSkdz,57,NY
7doZ5fR9,30,London
8otM5b7N,38,Berlin
WqT9QYfz,43,SF
RBIi8u3r,34,NY
rRmzh2fS,24,London
PshMtQp3,45,SF
zZutexMW,62,Berlin
yBIJbVGZ,26,London
VtJruWtT,48,London
p9ekZxkn,44,NY
v9vYmyAj,56,SF
mEnPu5Sa,35,SF
p3srYwIU,24,SF
vtgusGaF,40,Berlin
DvtWrB8X,54,SF
Lm39dCnx,22,London
kNxPv4y9,18,London
5kUL4GJq,27,NY
RyesP9z6,28,LA
diAmEjVU,44,Berlin
UaAXzjdK,32,SF
p4c8v7ic,59,Berlin
OaROXvNa,18,London
GNSc2Qqj,55,LA
r7l32qPO,39,Berlin
lBGO7qDS,32,London
3wpHcIO1,48,LA
KWbNwMkn,64,LA
Vf0jQi0t,39,SF
GMB8Kzvm,34,LA
qOZA7HHz,20,LA
BkR0P57B,30,LA
QK5j28Hw,38,LA
awYRnmIW,50,Berlin
79otXZLj,28,SF
eBt71gRv,48,NY
GpDT7eg6,44,NY
iqYYhvsf,50,SF
3T3sFmI0,50,NY
icQ7s1sE,41,SF
44H553Qv,40,London
CwzZ33X7,58,LA
YLYsI9P3,52,Berlin
moE0PBaN,60,LA
iSVOfqao,43,LA
fRPCfHbC,31,London
9r1rGXpt,37,NY
qbewjEU7,66,NY
cgQ5BP9u,40,NY
sMlp86We,52,Berlin
F6cOPJiE,22,London
br27mub8,52,London
YaGNJUaE,32,SF
TMdLVgAf,28,LA
n047MmtV,55,London
MeuwXdmk,27,LA
SWugyi1G,61,SF
qMPDlBSi,62,London
p1nGzgUd,29,Berlin
JYHjKADz,20,NY
k5QqcRzn,64,Berlin
PaXHiPdR,41,London
V4pM9Tae,44,London
L3RclWT4,47,SF
tvFvimsV,22,Berlin
OwE6BbYB,64,LA
dm8ZqGb9,60,London
338ATP1y,66,Berlin
Hiz7xASo,67,NY
qMua9VBX,61,SF
27mWnSqx,43,SF
mdDUTW0f,20,LA
epQ1x82g,67,London
5pQlSkTE,67,LA
KDECGIvw,66,London
NivaFpy9,28,NY
Zc7ttCow,61,London
TC9ML7sw,23,Berlin
OWxqb65Q,26,Berlin
yru0rLN6,25,SF
Y8pCwS2o,41,NY
Y3LzdDsU,36,NY
SacdwFq1,41,Berlin
DVHem1zh,60,NY
JEInBXWM,51,LA
L4hGReHS,38,London
IPX9DV2l,30,LA
vU8QC47W,43,NY
TNNaWKMn,66,Berlin
MHpknEbB,55,NY
9sgWpFvF,56,NY
taE0S469,59,LA
YNuw9NQF,66,London
Lwjq0hFU,26,LA
x1JMLmht,31,Berlin
VLCjCUL2,42,SF
HOLWiihg,62,SF
vmdMsKq5,43,LA
tWqB7Ovr,51,Berlin
Hh1ISttN,23,NY
NgJmDJuq,23,LA
XZe6IERc,68,SF
lYfdhGwp,23,London
tLzdFuKx,51,LA
TTH9aBne,31,NY
tcfgTbvq,66,SF
A81EK9gW,49,LA
BS2NGL5X,67,London
pnY0uR53,59,SF
YUEk0xJr,68,NY
pTXwgYIh,43,Berlin
uhdSZ3oM,60,NY
yPofD19I,22,LA
pvbGCymO,40,Berlin
snMS3OH4,30,LA
lCdOUMlK,48,Berlin
YLMcuGNg,40,Berlin
0OLeA0O6,59,NY
mERkm5l0,32,NY
XrT5T2ji,63,NY
CJ1xjCak,44,NY
EQRhuFum,69,London
dIBXT8Ig,26,SF
kD8e5iy6,19,SF
VQxgcRk1,65,London
g1iLKsrD,55,Berlin
qkVCpALs,49,London
gk2gpIDA,45,SF
hO4ws7lM,37,Berlin
9WXR9m4j,43,NY
zolkODPn,30,SF
6gH5ZAok,62,NY
4fVKkpoM,36,SF
wKWaoRo3,55,SF
xl4ALcAT,36,Berlin
nzaEvKvM,44,SF
oNVIVtwx,67,London
HU8bfskH,49,Berlin
7cfv2Kpd,48,London
FyGsuGht,56,LA
wKei8yIJ,57,Berlin
nA8Eoic7,33,LA
aWKJEo93,24,Berlin
j7eKyxsI,30,LA
bumZ9y8l,18,LA
B8S2WyZQ,40,NY
BSpT7dWl,60,LA
5ZFCeZPP,51,Berlin
ctOJnquO,49,LA
rRAx1DUU,30,Berlin
FwAktqnt,23,NY
b7wy4XWs,50,London
iADJ68wk,50,LA
59XTGoX5,21,LA
Ywp2bQBC,64,LA
ZjwrCXGg,42,LA
GtRYc0OU,30,London
S8EA05Ug,44,LA
C0gQgxjb,21,London
Z2gH9WGE,62,London
BOq1QqTd,48,NY
PspdDMia,58,LA
kOEOGnRV,59,London
IJRtbArm,59,NY
NNzs89wY,26,Berlin
9ZjvAiXo,57,NY
uKdDvbBc,69,London
wiwwI9VK,36,NY
Wf4y9v5d,39,Berlin
l4SqngSH,49,NY
ZEmmPj1A,25,SF
5pUendQd,67,Berlin
D5lforiG,62,Berlin
0HLwFuS8,60,SF
9CDd9q62,47,London
eAb6GsCK,53,London
wvkZ8rsx,34,NY
03ydwkvg,28,London
1Qx6yUoj,19,LA
qVUhyN90,58,SF
K143jkFL,19,NY
Liix0bH3,20,SF
9YehAe4m,60,LA
PQvik12w,57,LA
DpKjI6Bh,57,Berlin
ozDzILlP,42,Berlin
vIYvW1Us,28,Berlin
RzcHVUes,61,NY
C7HJTi4A,31,Berlin
mXOZc1LG,38,LA
OjbpL4uS,23,Berlin
J6p0VUw4,42,Berlin
O1sMRj18,35,SF
5WerX6mp,66,SF
OuSUZiUD,60,Berlin
GWIrGiXH,60,SF
BGZEgPtR,32,SF
WUyD1kXF,20,Berlin
2u48u4BF,54,London
wQ8hhvtL,19,NY
tWhmGwia,52,LA
uXHtHQtY,31,Berlin
2i2RMzzb,58,LA
grT3JdpC,35,LA
GguRxcN2,33,Berlin
QJ54ugq8,20,London
pdOjEk5r,51,LA
Ez5lRvt7,69,SF
Chq1c9L5,55,NY
Vnw7QNjf,33,LA
seDparf4,48,SF
ZgEdSiGd,53,Berlin
gN5dCxrK,53,Berlin
tSOB2oRK,61,LA
vu1BEJKB,29,Berlin
qXC6r4pw,26,Berlin
DaEvfTPI,45,LA
oxzvKZKq,60,Berlin
cUT2wTdj,60,Berlin
G8C67TUC,35,Berlin
MmTFDwug,61,London
WqSDCuCc,62,NY
ACnQTEnv,60,SF
BQDQYkiY,41,NY
g3q0uoNU,19,London
TTOkWzum,35,London
B2U0t1mQ,63,London
rnnPR9ta,54,Berlin
Jy0o9qdM,65,SF
4ex9WRxM,26,NY
2O8K5aVB,49,London
7veiJF7M,21,Berlin
l9hPSR5F,34,LA
QxIFaW2O,57,SF
asH9l1Zr,62,NY
pwb7R1ur,58,NY
5UBGXkRS,66,Berlin
uwbuRdcw,68,Berlin
gWCwewkY,22,Berlin
W3YPB8qH,45,LA
eiisX6XZ,61,NY
EuB13Xxx,46,LA
tuedvlS4,20,NY
ZRRQ1g7h,60,Berlin
ycCRz4fA,68,SF
uHsJIeTq,56,Berlin
hX2e3X5V,35,London
ZKkenDCf,54,LA
UKVsM4vi,48,NY
bFu6RDJr,23,Berlin
xnN4S7ET,33,SF
Whqx3Y7r,36,LA
uYWZpVA0,31,LA
qFRrFZkK,56,LA
420U5Thc,29,LA
iyvfdVDN,50,LA
h6rN9Nzf,65,Berlin
0L1rCP6o,62,LA
H3iIKMbf,24,LA
ROPhaN7U,52,LA
aACtkyLd,45,LA
I6hBJ7QQ,40,LA
ECOlFFDs,39,NY
BUsAY8W6,22,LA
tSbLkOO9,22,SF
FwytbSUs,63,London
JR9hGwkK,63,LA
Htz9xJY1,60,NY
kW5iAhBW,61,SF
KFJNxYOn,22,LA
HpVRfa9o,58,LA
UdOpDPyO,63,LA
DDYNFiUc,59,Berlin
6a00jv0D,57,Berlin
9hIuhpXO,43,SF
Ci7u0kUv,48,Berlin
wE6UdLuw,28,London
xfziMPwr,24,NY
KRspPjXQ,43,NY
C0rEXX0Y,20,NY
3llKYt12,19,SF
AEW7wOA9,47,Berlin
TIOxS9ga,39,London
4fxpuhAW,68,LA
KkdY1aml,56,NY
uH7LEOr1,48,NY
Ll6dpREH,51,London
K3iiWPLe,44,NY
hnB0Ex1m,62,NY
f1Pnqen0,66,SF
IEbfZkkU,22,London
CryVIprM,35,Berlin
s5uac1RE,66,Berlin
MUIqyz5J,53,London
I1HncuC9,65,NY
yz6vyC2K,39,London
C0QH5D1r,58,NY
Id7nG1NW,46,SF
6xwYKmIc,39,Berlin
ICgaVa19,57,SF
9m0UJ6qb,52,London
VRjw3B9t,19,Berlin
fTNtZSbG,69,London
MLfn6NkN,47,Berlin
3WAuCIRe,31,London
tHlRjNKg,31,Berlin
hzGYqGSh,18,Berlin
aJ1sJw94,30,LA
4IozAhOl,55,LA
Xcgl705N,49,Berlin
Gh4Eq0No,30,LA
XOJKeubI,22,LA
X2jJcJUE,54,Berlin
TIz71BdH,34,SF
X61i7Hnj,50,NY
YRfu22UY,24,NY
Hb2i05mX,48,Berlin
nZGsCrR1,50,LA
tGS1QVSU,63,SF
MhFmMqt1,58,SF
51pnIcTO,62,London
pvTDLqez,31,Berlin
2YWG2r83,34,SF
OZVdo7PG,62,NY
TLpLKzD8,54,London
q8ryIbsZ,41,Berlin
6zfalQRw,28,LA
duKf1o29,50,SF
ID8vQtTG,54,London
KVY7p76T,53,NY
iqigI9at,26,SF
ZFmeBjGK,46,NY
h2xdRb5D,68,NY
SJ5tthM5,64,London
Nmq4HGjF,60,NY
Kh0oSgg7,49,SF
mFaCeN5z,38,LA
PwQagMNs,67,London
mXmqtY6F,67,London
nbZ7MXWr,50,London
qqFndfMN,21,London
QWdOWADm,48,Berlin
lU7VgT5e,20,Berlin
D7FjL4YH,18,SF
SOOegciH,58,NY
h76VLPGR,61,Berlin
xTfr2Ror,31,London
SVX5YNV0,20,Berlin
LoyaUsF9,31,London
GHmLnGdo,54,London
SZteU22D,42,NY
28hMY319,18,Berlin
3DLgYclr,59,SF
Gsioz5uw,32,SF
bh3wFax6,47,SF
wGfLspy9,19,NY
Yz8GJi9U,21,NY
gfKXldKe,18,LA
6RnkXmZk,57,NY
GbaWDlpo,27,NY
Ayhz7pJe,47,LA
NLwf8iOT,25,NY
Xz2iQLf3,22,Berlin
tIzsRtq9,65,London
lfmkXcmJ,32,Berlin
SuGkBKoW,60,SF
N2ps8uux,60,Berlin
FnbRa6d9,46,SF
YFAro6o9,22,SF
Q4RzslUu,22,NY
kbuV58rn,52,Berlin
TqxDwrxm,66,London
RMaaH1JR,45,NY
DZofyFiC,45,SF
8qv9lxUl,23,London
4TM4TWOT,29,LA
lRRFTtEF,68,SF
IeWRvYSA,50,London
3tkTSlzh,52,London
xqOUrCYw,69,Berlin
JVdaZGPj,40,LA
J6u8Zx74,25,Berlin
iFpwWO1k,38,NY
9YUrbFuq,56,NY
31gYLPDp,42,SF
1vcaIcSf,34,NY
ib4vV9MU,65,London
bNrb61ab,65,NY
OYOrwEqK,41,Berlin
4uachGoI,24,London
4lNIUOo4,19,Berlin
1GP0TZX7,65,SF
UckkBuu2,44,LA
8VSBajVV,35,SF
vziD7PWF,23,Berlin
0S3bsSK4,51,NY
RhdwYFGR,54,NY
oYIS5pXg,61,London
nSncg9Zl,18,NY
hlvwTiGF,66,Berlin
jbcz8e9P,37,Berlin
6Wu4yKqt,49,SF
ursSaVBN,43,Berlin
046Gcvwg,46,SF
5VFcUchH,42,Berlin
86vFyAyg,43,London
j12yAEYq,45,Berlin
xjyhBHqq,37,SF
pw1sNfqm,33,NY
pi5Qgft7,26,NY
aDyKoNvZ,49,NY
Q8m36LDY,50,LA
fTMLijJQ,36,London
EmjgF13F,18,LA
9NndNyVb,43,Berlin
wFzr5p29,24,LA
gZL5Vl79,68,NY
EVaAk8aq,24,NY
9BF8E6Nt,25,SF
BPmHd0Lh,57,London
yNVuS93a,45,NY
kKY1CDNe,62,London
1wuF8mnW,53,LA
eKKfwL8J,41,London
C6bmYezg,68,LA
LXAar3A1,26,LA
h4lPU3lZ,34,London
5U8xscSk,47,London
rnjJsvYH,59,NY
8zKiUfTl,48,LA
NxVhfMsq,41,LA
rRnb8Gfb,58,Berlin
KQkaHAXs,61,NY
xBKwOzD4,24,SF
HK7IBBWe,52,NY
NIJ5eORU,35,NY
2CjDjMFy,64,NY
3V5gaRwE,41,LA
WEZK1Sjs,24,Berlin
ryfo6CH6,46,NY
8Ina5hw9,26,London
uBi25oX1,62,NY
BE8MDMKT,57,SF
jqkzyi68,64,Berlin
ni5q9dD3,38,LA
2eWOgRwC,22,London
V3z3Xo1e,42,LA
AhAgOIsZ,26,Berlin
ofkunElx,28,SF
mRnQqsXv,43,NY
IGoy5WVa,53,London
E05NgVJk,43,NY
TBYJtcFl,42,SF
Ou6ic8T4,52,Berlin
LsOQAdTA,21,Berlin
4gksmkzR,42,London
jiJNfNZL,54,SF
Wu7nSTYa,22,Berlin
bSHz6dM1,59,NY
uQUwx3QI,22,LA
0S226XK8,61,SF
DF7KtSBy,21,Berlin
guRpuocu,54,NY
IPIHINhY,65,NY
QMiG2lRD,64,LA
6Qhj6lEX,66,London
JEaYTvgA,23,NY
ZOCk1gKB,32,SF
1Qj1h9pr,57,Berlin
R5pFzVY0,21,SF
aDX0JJwT,54,London
Zlzqk9mv,20,SF
warDk6XW,60,NY
gbKS2oHw,46,LA
sBxLyJ0S,36,Berlin
HnWFINFJ,66,Berlin
8rn1VwwY,51,Berlin
NLzy3lX9,30,NY
EbawC9Wq,63,Berlin
ScmoMNCh,60,LA
cW0MyUZ6,28,Berlin
7NkmJrm3,62,Berlin
uZuUQrbU,60,NY
N6nmq1TT,45,Berlin
gHeljttv,28,LA
54Up6Eah,19,Berlin
55cuDoyc,24,Berlin
YWIX0wpG,51,London
9FtPmKpG,24,London
qIr9RNp4,60,Berlin
nrAXzmVN,65,NY
ug4Dipyl,26,LA
DVnUHb22,23,Berlin
7ZEMOm9O,23,NY
019ipgYT,35,LA
j65fIaOF,38,NY
vLvwuAjc,53,Berlin
nNqnNBvp,51,SF
Ez9E87lE,25,NY
7Khs4JQ7,32,NY
dzWXWssd,37,Berlin
6EJ9anML,22,LA
lxRzqDyZ,38,London
dmA0QZw0,34,London
0KqeB3Ue,47,LA
8Ok1ZzVc,51,London
YF13GuY2,21,London
6jWEnI42,61,NY
DFNBDXnI,22,SF
qCAqaH4z,55,SF
9xx5iesC,27,Berlin
WX9WlLqx,28,LA
rPeFHJjt,53,SF
xwZ7hXOs,35,Berlin
vPIh92L2,52,Berlin
eZpOKLE4,33,Berlin
q4y8sLY8,41,London
FYTSeGfG,25,London
ny0LX1Au,67,NY
r9sCZrqy,24,SF
5XABkInN,26,NY
sVPcperT,39,LA
RiRSvxn2,32,London
mdUb6BfB,67,London
ogFv657b,34,London
mIRxrG3K,31,London
2uHjcYFy,46,NY
XDshSbdL,62,London
cuyiUI6w,29,London
RqN6HSjJ,21,Berlin
QuiNi1Ub,39,NY
BRyDfnBb,44,NY
VfukodA9,67,LA
Mq85eDlU,53,NY
3sBMvGbE,23,Berlin
DDcEyA3g,47,SF
J5RPIDmP,39,NY
PV2qcj7w,24,London
EWl5HQ30,28,London
jVUDfT3j,40,NY
NKBwgtyr,61,LA
nGxgz35q,23,NY
l8yWaInE,66,NY
oLfqeasM,65,SF
bdYkokH5,44,SF
qPvmas4C,24,NY
fvQh5qrS,19,London
uZiHxcm0,38,SF
Vig4a13U,51,SF
5ZK6Wss3,52,London
WaW3k8MB,58,NY
D7Kb1bu6,49,LA
AXikp8LQ,53,Berlin
U25OcVGg,50,London
bm3QMXr0,43,Berlin
WRk6KQCf,27,London
9e5vKorc,24,London
FrlRV65d,23,Berlin
SwKKKSN6,36,Berlin
zdqS5xq1,52,Berlin
Pi4uwUk2,29,Berlin
1IvdsAvH,22,London
nqyblQ7a,49,Berlin
16EAypCa,47,SF
xaM6OZtK,61,NY
jWWCUHr0,68,Berlin
6QaOTUqi,31,London
ACDYHvDE,41,NY
EFvNkdK5,42,SF
IwggA4z9,63,SF
qqtwMAzR,28,NY
ATC1VBao,46,Berlin
QmaToTnO,21,Berlin
UmmKkLA3,52,London
rxOEk4E2,67,LA
Pnmb9hUv,32,Berlin
LNerjJge,31,LA
L6Ms7azZ,22,Berlin
4x6V9cKm,26,SF
e1QN80c3,66,NY
Oiyp4YeC,58,NY
kTu5eKo9,35,SF
Qs6jvxLC,50,Berlin
2zBHoCbM,43,SF
iRIS27Hy,45,NY
1caFDuFi,51,NY
94Kgjl7O,23,LA
B7yK0rjJ,36,Berlin
riPjiClI,57,LA
zrM5MaDN,44,Berlin
hjrkd8MQ,22,NY
hE5PKLbp,46,Berlin
6blow1a2,45,SF
qUm07aZJ,61,LA
tPTNP7ak,38,NY
f7kPcfIM,36,Berlin
1NQ75maC,20,Berlin
upTfnuco,23,Berlin
9N4yh91p,49,London
YPrMGosD,66,Berlin
hBjcvRXi,62,Berlin
el2HWP5N,42,LA
MsJ0CIqY,42,SF
o8rNCRkh,48,NY
8MJ1RSEk,20,NY
PjRTAkXf,59,Berlin
JzwjTGTD,23,London
jqpUKrej,60,Berlin
9GcbfmM6,57,London
UD6uF3vw,58,NY
9Mv1MYqk,69,Berlin
mQ9d9J1X,67,SF
3CQDTyOJ,33,Berlin
lY0aP9bo,57,London
UOel9lN9,30,SF
FqDRn5vr,29,NY
InZ5nM93,66,NY
mxMLmTzy,40,Berlin
puqdC6OW,35,NY
6nLb2gpW,53,LA
qERVSC8c,61,NY
CzklhEfn,53,NY
3CaaJRsd,28,SF
vykkZgO9,42,London
fXeHK4YW,65,SF
hW9A9DLo,37,LA
AZAjtwW7,58,London
1cKMjeYK,31,NY
VuNYlnU9,46,Berlin
lhGtytuK,69,Berlin
iaJbhaM2,27,SF
Jzq4Z5ib,62,Berlin
pH3lP7LI,26,LA
YiHRkhli,53,Berlin
L8vSjjoy,30,LA
fsPnQLnx,27,Berlin
9iaKJAVu,61,London
UYd3Bk7C,43,NY
ycq3vKWa,60,LA
AHrjrQOy,48,London
t7a8SJNj,63,SF
c0eH9PCa,68,SF
7SFfGoH4,26,SF
0nFMcO5g,18,LA
63Ir3Q0F,27,SF
ozNWycX8,66,London
ro670Bqq,18,Berlin
40PINh6i,55,SF
RMu3Ce4W,57,SF
4vZFw0nz,24,LA
BjTaW9Ml,18,NY
GEdIiC96,36,NY
PTePhCTD,33,NY
BwzPITpF,65,NY
LAeL11eq,31,London
gcUgNaZW,49,SF
YVOhu6yc,45,NY
55CRVzt5,25,Berlin
vFNSAncm,68,London
otpcYC3Z,50,LA
0cpgGDKA,66,SF
NehBAcMc,26,London
1cJAuXcU,63,London
hZkvNSb6,20,LA
cHF63BDm,57,London
L5kN5uHA,47,SF
ojr8dNpf,26,NY
mJq1hG4Y,40,London
c9Vgpw9h,28,SF
LuPwap38,52,LA
HvffSIff,39,SF
dda2fhYL,30,Berlin
gc9r3kiY,28,London
hsYK6RLr,40,NY
meI9FCjN,31,Berlin
W3HXr3jU,42,SF
P06f5zVh,30,London
bNqMS9y8,37,Berlin
iUJ7u1s5,21,NY
Hh518KAX,20,London
Kr897Pr9,26,NY
ndiS5mBo,30,NY
vauTjA7q,42,SF
U1anKJ08,21,Berlin
BwwJpQlW,68,NY
vgMtoMzn,54,NY
m1jLUSOm,65,NY
aEMv4pUr,23,SF
tKq0wcRH,45,LA
atF17zzJ,44,SF
56RtxowD,50,NY
DU5S6jQ4,42,SF
HyJcvvFR,28,NY
aQ2sNPO3,53,SF
WpAJkLcu,43,London
we9FIAxm,64,Berlin
GIQqVrBx,43,London
U1kc9kKS,41,Berlin
Al421nmD,18,LA
mx27oo5O,30,Berlin
Mtpw0Vcx,20,NY
H9tAzyB6,31,SF
PU59OwNx,32,NY
MoxYChd6,56,Berlin
uQHEX9zj,66,Berlin
aMZw9Ybh,54,Berlin
WrHjNqUQ,52,London
WbfRt6xu,61,SF
fSC2eWo9,18,Berlin
GlOQlqIV,61,LA
Ir3AaJVj,20,London
qWtj1mh0,62,Berlin
afqC56GU,29,SF
7nmO4Ftj,28,London
cyjA0EiB,35,LA
TgupjKW1,54,London
PCYcfZJb,22,LA
RMBRwQa8,48,LA
7Cl8YXlY,60,Berlin
d7TgshBz,42,NY
9gpn6gVO,38,Berlin
3cj9cR17,35,SF
GG7orvFR,48,NY
bVTHw88U,41,SF
T9hCivgV,48,Berlin
qvsPaCA3,19,London
RvZbf4oS,27,London
kb9hbOpg,57,NY
ixel2r8l,37,Berlin
tU9qdc7K,52,Berlin
BLOEix8m,30,NY
ZC0TuM9P,35,Berlin
SkBEeZ8I,29,Berlin
8O6N2Ruz,39,NY
4xXnBkQL,66,Berlin
tNDwDQvO,29,London
uPiotOQl,48,London
OJ621Atg,53,LA
SVqrfNBa,64,NY
ivRNtPJ2,19,SF
L4JcOFoz,48,SF
yPYI03Ze,43,Berlin
kSW0wSJK,58,Berlin
GWOXs4wc,58,Berlin
VmB5DOxy,63,SF
aDKchcgu,18,NY
yVdmo2IT,65,NY
fTwTYAto,47,London
UVtxKMi6,39,Berlin
tl3Qk5A5,68,London
6xkBqEPQ,50,London
NDdHhCCi,45,SF
9P7Lu3Cy,20,SF
Pp1YGdEf,28,NY
ZfcPxANR,61,LA
53h2ELdC,36,LA
wQQuNh9L,50,London
sJU5dmZL,65,NY
meu7eI8Y,59,SF
frSqYUGu,21,NY
hRcTgeyY,58,NY
5QjLyA6F,57,Berlin
3XdHuyZ3,39,London
Ck9B02EQ,29,Berlin
CYjzLMtn,61,LA
M0igl3ok,46,NY
NecnTz4v,52,LA
YJUrz6HQ,58,SF
3OdoR5tI,44,SF
TY4hM4gO,61,SF
qcAmqfAn,64,LA
VzSRvlH4,66,SF
HsRf4xYE,52,LA
BW46Zuqc,36,London
wZwkXwk0,61,LA
c6vuz9E9,28,SF
WeObicE9,50,SF
cwwhYqHN,59,London
ru2YrPGo,37,LA
37TKoz5b,46,NY
wdJBlI7A,51,NY
jLV2Slj1,45,SF
2YgpdvAm,40,LA
VQpncaL2,63,London
Do7UKRMc,38,SF
lNtYSCfL,38,LA
mzhfP6gd,26,NY
bE0DwS6g,68,London
ewZ65R2a,47,NY
QA0q7mQm,63,SF
h9HKVahO,21,SF
B2z7gSsy,20,NY
pJnnT27A,55,SF
F36Lulcr,62,LA
Km2DUsFA,22,NY
XDgEBoDU,40,Berlin
ubTkqIHH,56,London
CLzU1XV8,51,LA
XIqIg7Px,32,LA
sdga1QTJ,68,London
FqzJBQgI,20,Berlin
Yd8z03q3,58,NY
iuD6F46r,68,NY
xYj9myBx,61,London
Bqosq726,51,LA
rWuV7rc8,58,LA
yvkt1xMA,18,Berlin
aZpF0cVd,28,Berlin
xBEbIHh9,34,SF
jndzuRWT,69,LA
g5j3CVmK,54,NY
HpCRBxp8,43,London
K9XiRTMA,46,NY
Co3JXbrH,49,LA
n1JFfkCU,59,London
3i4yq0Kt,31,London
X0ymakbt,63,London
PUc5jMfK,36,LA
yxrpvPTo,69,Berlin
IQePMqRD,56,Berlin
wJNvqR6V,49,NY
RtBfnKD7,24,London
DMm23A00,21,SF
6BPGMFNf,18,London
Lx0stXuc,33,LA
bHCdVkvy,41,LA
NM5SpzfX,42,Berlin
YAFVYJKO,68,London
aSlCWzGb,69,SF
yLrljyxF,62,Berlin
41IDwpjS,18,London
BmR7TdoE,54,NY
M19C330k,39,Berlin
XIDX7Api,60,Berlin
jSBoQCVv,39,NY
O9Swc5u9,38,Berlin
KZbY1tT4,56,LA
91khGFlz,50,London
4lbS0f5p,61,NY
W1460QFQ,46,NY
VbvQyMUx,42,NY
EjxEfT4T,48,London
xlAreUCg,24,Berlin
l8g6SGWx,47,London
06OnL5X2,62,London
6MjbEiEB,26,SF
Oaz90okQ,41,NY
83bpdVfN,29,NY
ZLNDbSqG,30,Berlin
o2LmxVqf,40,NY
Up2bosmS,30,Berlin
4Z8tTpu2,47,NY
JIWkLgIX,44,NY
DDd30FOZ,50,SF
yKBm67vq,41,London
lUP68Ddg,32,NY
rmWsip8s,33,LA
1e6nuRKV,67,SF
DRbVQGph,37,NY
qgumnqWU,38,Berlin
BZbYUpNB,36,NY
iqxUHuPc,62,SF
7x6draYt,66,SF
mJoqObXZ,36,LA
kMxankZ9,42,LA
uKM4n657,67,Berlin
WjgOefi1,47,LA
eU9pdSCG,26,NY
GihoxkYk,32,LA
RFWOda3N,66,London
WdF1NNc1,27,London
sQo2nJR6,69,London
ndCmjHTq,49,Berlin
NsclYALP,53,London
LBL8c1EU,24,NY
JjPeWf5q,50,London
TlvRW0pz,27,London
1fCYICKV,54,NY
kR0puuf9,23,LA
nP0m8f42,32,Berlin
09xEGiNR,34,SF
Gvp4B7sM,25,London
qAX3oqEl,55,LA
1E9GEcKW,26,NY
nGZ8sk1L,38,Berlin
pw9mP5KT,60,LA
7K3sdT0M,44,London
w3D9cMNl,21,London
FCrxladX,34,Berlin
1EQU2c1V,35,SF
RTs5FPyi,59,LA
OdzRHUUR,41,London
WD6y58fU,47,LA
m9ac6SvV,53,LA
2lENFEov,52,London
43CPuOzg,28,Berlin
EUNSGdpK,40,LA
JqpJNyBd,52,Berlin
gITvCXhu,30,London
3GtJD3Ue,24,Berlin
OM09Kk1n,54,LA
4rKjNzCK,29,London
6JfbEhqP,41,LA
8IpO3c4G,44,NY
WZJq0rOW,39,NY
yi9kbcTs,68,Berlin
plKahomT,20,SF
uzrqoG0v,31,NY
nhoqRtoY,62,LA
BxpI8bxp,25,Berlin
P3GSS4ic,30,London
jNlTRS8a,32,SF
GZFcvhMi,28,SF
bTadtW94,59,LA
WXHUEe0g,36,SF
ayv0369o,63,SF
uPYEcKRw,27,NY
V5oKsffx,51,Berlin
TMOUwtUc,34,London
pz3x6MNe,18,NY
YNwTV3a1,24,Berlin
tAv4Z4qL,28,Berlin
w9KT4c7H,23,London
3sRDzvDO,50,LA
HpQ950Fo,42,LA
7FZ07DR3,22,Berlin
yffeNzme,55,London
b0REzO9u,58,LA
3RmFRje2,50,NY
ttz2klJv,67,London
YfwzkVTK,36,LA
5ZSFwFwT,29,LA
jPN2Wqz1,50,LA
ui1dwDcf,69,SF
OdpHkqUS,47,London
byBpZ6Bl,68,Berlin
QvH7assT,40,SF
ewU2pxCW,62,London
Els7h4Yw,40,LA
MbC0ZGVU,47,SF
18P9PWuq,43,London
6CW0WhmD,46,London
nkDXqr4j,33,London
5bDp7GFI,62,LA
4WxyQdOT,56,London
nBsuEgAr,62,London
RAv8KJOH,38,NY
VmUt4A0e,26,London
kUaQ6EQS,62,SF
vxnYTtNs,54,LA
N4wXY5UO,35,Berlin
UPtKtvMy,20,SF
pSdKSMut,49,LA
CrpSh5OJ,49,SF
5N6XeHil,66,NY
J7znIqYQ,57,Berlin
aAQ3kR8V,53,SF
EOFLb9CG,23,LA
xJy3Yv4i,20,London
UT620c0l,37,London
szEo8jIa,36,Berlin
QSW7GmQc,22,LA
EhQXorxn,65,SF
AyfzAMe1,64,NY
i9fzasDx,27,NY
jEpKLEoD,56,SF
51MaGZkE,28,SF
cN6vlGEY,49,LA
2b1PPhDu,34,Berlin
9h08Rwt8,37,LA
ESUWod40,61,London
AvG4joXO,47,Berlin
NSOdSbYm,33,SF
Y0qgl0GK,21,SF
TfRP5xSj,37,SF
h5zJUQYq,57,London
XQWLZGwg,59,Berlin
p6XGl82U,52,SF
xp6X8bhg,33,NY
5y4kDIO2,40,London
qTJ2HiPM,55,Berlin
RFgtQUKL,38,SF
dldMEcMg,38,Berlin
g9E4qEt7,31,LA
9xplZtXy,27,Berlin
rk8R5Bx1,47,SF
q0MuKllU,66,LA
TTsOok86,62,SF
mmt4c8gL,39,London
XNSJuLwA,23,NY
8IPXH0a1,37,NY
9TrLpDkV,59,LA
hYGOfuZ5,40,SF
waZ0OiEb,64,NY
CqXBEAJ4,37,LA
xZlCodCX,68,SF
Wes1AQQq,34,NY
0kI4OPdS,30,LA
P1lXw2P0,60,LA
naHGnn0W,50,LA
jrRGvSiW,41,NY
uwVK1oYt,55,Berlin
wcc6m5tL,65,SF
nZHu0oBw,68,London
fONylJXk,52,NY
IuXhKNG7,59,London
WfO4PiOS,51,Berlin
f9mDuLGT,60,NY
ljaPBYij,39,LA
3KiCUteh,49,SF
lMzsG4YT,33,NY
lOhDECon,49,SF
lrxVTFlG,61,London
xI6RJz4j,53,London
hCIdkX7Q,47,Berlin
oZZh70h2,24,London
Ml6Fe3c7,22,LA
210Kh9UK,18,London
6aADIw0r,65,NY
TvSIg5db,66,LA
PMlsrM99,56,NY
A2yI2GxE,37,SF
Gj2e3cgT,55,London
bx41aBDR,63,NY
I9DH539U,46,London
0pjx9Z0x,27,SF
N1N4Elo3,25,SF
W832MyMq,60,LA
2ntP0oyG,46,London
NNhzQ70q,57,LA
m5xAWbnL,56,NY
qrfoqhdM,61,SF
hcsAOz9I,55,LA
s3fPGsGW,62,NY
NJrchxta,21,NY
t5zoKa58,57,LA
CWFcXOEY,55,SF
FWmJBK9m,48,Berlin
SqVCtEW0,33,NY
WWAXILF7,21,SF
cwS4xUJY,30,London
pmVsooM3,18,NY
jyfhTZkL,69,SF
fwmT6Fup,39,Berlin
sCC1qGo4,59,London
a6xxMKrr,19,London
v7VbLZxW,42,LA
jHY1JxZG,41,LA
0RR0MOMR,23,Berlin
A88OQWcO,38,London
rlvofeq8,37,Berlin
IEra4u5T,23,NY
YpdXF3Fk,68,SF
u7YSRIO7,30,LA
yAhVzFMx,40,NY
rwNA24Yt,31,London
AkSJ8rNm,21,SF
J1rPSrQV,62,NY
e3MchzJQ,23,NY
DuRY9UpW,60,NY
XgFasnxp,41,London
uaARDDEQ,46,LA
QC3pU0h8,39,London
yzqVbdSu,51,SF
6gmD6E67,30,Berlin
DCpOg59R,66,London
tT39yFqQ,69,LA
Y4wjCvvq,22,Berlin
nenDOzIm,42,SF
7KRAekjh,48,LA
dqxn444z,54,NY
6IlA255h,37,London
4ReXecvG,54,London
gdffEqnc,41,SF
dqkjF53t,36,London
UMSwS4Mh,56,LA
dxdPtdgF,37,SF
qhunSvKt,51,LA
nDFtu7xb,41,London
vqz4bRYj,24,LA
EdOUBmUE,29,NY
FcFmDWIU,29,NY
Hn9saS5U,43,LA
IqVejTyZ,69,Berlin
vnMJ5kWO,44,London
tV5BhTZE,40,LA
pMdovcbO,57,Berlin
lwZNJy6x,68,SF
f88WhLhU,69,London
xzI9ci2I,54,LA
XapsN25C,49,Berlin
BVZ3mGVy,69,LA
2AQ7plC1,36,Berlin
JieqUA9k,36,London
0dtyE25c,64,NY
Bz9JfME1,65,SF
4DxLXKog,21,LA
PBSs1Sju,23,LA
vQF9daNZ,62,LA
mPJovcc4,45,London
YzrD07xE,50,LA
8wSA7kur,43,SF
8zsNZkU4,23,SF
EcovL7C7,69,Berlin
nxMayIIi,25,SF
7wCgwAj7,18,London
HFxDmrKG,26,Berlin
kQv7XfYa,46,Berlin
eMupAMer,35,NY
H1ZXVhHL,33,London
2nfkNFPr,41,London
Bely1vKI,36,SF
OnYzqcrf,42,Berlin
y2GjcUgW,67,London
WgWt97vd,65,Berlin
7DFGIr3F,32,Berlin
lTdQ4kp7,31,LA
IK4qBj09,36,NY
lNMyBrJM,39,Berlin
EaxjkCrW,67,LA
MCu6zI2R,20,NY
SuO6tVB1,51,Berlin
EmGXq0xC,65,London
XD4WjhqU,31,Berlin
4sMifJL7,29,NY
yIqssg8c,40,NY
UOwQDwK1,45,SF
D3rnv00P,29,NY
YfHHcRIU,61,Berlin
CMEDIUiG,22,NY
lUCGfLr3,54,NY
JM8A6wdD,53,London
e0NXuQjc,49,SF
RP6vsIcc,38,NY
XuawAu71,48,Berlin
rmPm1olN,57,LA
8P9yRyNc,57,LA
GroLgyGr,58,London
IUaWR6Xv,64,LA
GFkyb0jw,67,London
M5RC8cB2,49,London
vs8lShji,42,LA
1ZWKuxj4,20,NY
NhaxVVe7,43,Berlin
zAqOwpOI,57,NY
fZfj2t9d,18,NY
iDDiPSpV,19,London
cgLAQVi0,35,Berlin
wdWXDGPv,61,Berlin
vM72dVTq,51,London
NE95o87v,28,London
iTWFC1yr,43,SF
e9C86OO1,32,Berlin
K4671Plv,41,LA
T4zBSV3l,45,London
hgNyQzgY,56,LA
shJlRqhO,59,Berlin
HdJOBtlf,64,NY
jIMttQiH,53,Berlin
dB1yPOEH,30,NY
9De2uTNA,24,LA
9HAIB0VE,65,LA
MaEvdJkO,30,LA
TPtCpA3T,53,London
lO57FaEZ,36,LA
9MRuvDA1,57,NY
2jvW5cfK,37,SF
CRFtHEZQ,23,London
h0Szxgw8,56,LA
FdH698A1,61,SF
i5Znknd7,67,LA
5LRvaN7a,24,LA
OAZ2ijZB,36,SF
HQqgrMjy,18,London
o2IJdb58,37,NY
xnKAFN8x,48,NY
ab3DoaCF,67,Berlin
4qFRzm58,65,Berlin
05xwL5nT,37,NY
CAsbgzsd,34,LA
aOjKXcWM,44,SF
JWm3Tdhr,69,LA
sNQPMoni,29,SF
bgllDCRE,60,SF
KnO8Rjxx,63,NY
hLzGyZJh,45,Berlin
GUCxjxty,31,SF
ZMrrAV1i,62,Berlin
LykEioEb,60,NY
RwCDWFmU,22,London
07gRDsRN,35,SF
JEwrLliD,38,London
5e6SSTHr,43,NY
2QXGEdvv,50,SF
dySBckKR,29,London
phPuQck8,64,NY
qkEOyzHu,39,SF
R55bbRhs,46,SF
LLljLs6T,48,LA
zfTIIkgn,47,LA
LzQa9whO,37,LA
H3kwGWjR,18,NY
nLes93vZ,31,NY
YG4LxWJn,56,Berlin
GduFaRSl,24,LA
z2fOai6Q,28,London
9X77uU0b,62,LA
xQGmH5S5,59,SF
vgYrewe9,37,SF
PatXfI2e,40,NY
5WLMxaWA,53,Berlin
kb3iceZK,19,NY
uNWs5h9m,30,NY
6VcRLoyf,46,London
eHxjq4TY,54,Berlin
cMFK38Lb,60,Berlin
aGTOOmeq,67,NY
cYbKhHyU,30,London
5KmtvRjO,44,LA
kPproOoi,63,SF
Mx2Y7zTe,53,LA
MvbkD5vB,40,LA
3UamJfhf,19,NY
t4AXY7zn,68,NY
ErZwYobM,25,LA
r1Sbi4gT,67,Berlin
W58bORxY,31,SF
UVukkuwg,35,Berlin
Gl43wwFb,25,NY
ZLgxv0vZ,66,SF
TerYv0nu,18,London
uGO3DwgU,41,Berlin
hws6Theq,42,London
0HydCDnC,30,LA
pCYzQ4a0,36,London
EgRx3Hep,43,NY
Cr68ovj9,32,London
9U4B9bcY,60,LA
Zbhn3FbR,36,London
56HdKwR7,67,London
dgkdoTnU,25,SF
LNlkaTD0,34,London
IRlmjpst,56,London
0aWqqI3g,39,London
IMczwAJa,63,Berlin
DxrDu8K4,53,NY
UG4E4qSF,50,Berlin
Lgvlp6xJ,52,London
wTEeP5eM,44,NY
2Ou8I0Q3,34,LA
JGiuwP9V,29,SF
JzzGBY0i,41,Berlin
Vn9klJoN,63,London
JvPk8xnb,18,Berlin
5GLEeQAt,33,Berlin
UIOjGdWe,57,LA
hkYQlkMm,58,LA
mFXWKpVB,62,LA
L4ZkutG5,43,London
c2wvQwZX,20,Berlin
KBRO7wQZ,42,NY
DJv4nEmx,62,NY
g4cYXEJV,65,Berlin
bm76edGu,41,London
bLDMaUhy,39,NY
pNFf2AHA,53,NY
gc9fAJs1,45,SF
onqAuMVB,54,Berlin
t19OMQeb,67,Berlin
qBM81bKt,40,NY
dpTcMGTD,38,Berlin
mtttKIhQ,48,London
RhjvkTCb,47,SF
9d2pTkeb,21,London
ov55pmNr,51,LA
ts2erKxB,41,SF
Hdo07zIt,63,Berlin
8Sw2MGjP,33,NY
Cp4GDX8g,34,LA
Ls9rCCQv,63,NY
vZ99LEse,45,Berlin
uXu96Hsx,58,London
l8JzsOfO,57,London
d4e3FrdP,38,LA
8iCRlWa2,47,London
TZM7Rje5,52,NY
KztUghch,36,NY
R7hpmq9T,34,London
tWEuvHvv,68,SF
Luuwczjo,21,NY
waRZMbau,33,London
w4ihdx4i,24,NY
3DSIHDke,38,London
NV8J6YiX,22,NY
mEWj1fI0,59,London
KIdi2cRA,38,London
9rYyxmV8,21,SF
uMQccWZ8,54,London
8hppVdc1,40,London
cXPOEY5m,64,LA
8vx8C5rI,28,SF
Zm5EE29V,24,SF
pt7Ai2up,24,LA
NVKsHbof,59,Berlin
OGo9T2OT,68,LA
K9IwsdaV,65,NY
GDLShbui,18,SF
vvVX0URP,43,NY
Am6fMIJi,39,NY
Tnn1NRmw,35,Berlin
vmTUSxOX,42,LA
BVlTgNAX,49,London
6A03kLTU,22,NY
wbQqoa8Z,31,Berlin
JvNEIgUp,54,London
jPItdSML,22,SF
7kyv7OKw,47,Berlin
fGGHiLdp,60,London
e3OTd1H6,19,Berlin
Jpr2lBMj,65,LA
Sj2fZ6UW,33,LA
feamvBKK,29,NY
KGCtUb2U,55,Berlin
GbA1CpvC,46,NY
UWFEwGYy,38,LA
dJgshgF9,64,NY
ORJfHkZf,29,SF
6Kr6QhT5,23,London
fXkztzZ0,69,NY
I0JF4osN,51,Berlin
Yn7ZrzYT,36,London
kriiU8xf,30,NY
tBkv58yI,24,NY
ZtblsS6K,28,LA
IJIdkTg3,57,Berlin
RnAokAbg,31,Berlin
8JRNvj2w,19,NY
4yFuucdz,38,NY
dquGiPZl,22,NY
hei8efuv,40,SF
cewOd7xQ,60,SF
HVJkR2Ya,42,Berlin
n1dFGlyZ,23,LA
kLqhI50W,39,NY
e9IpX5ud,36,NY
hcixYN2G,50,Berlin
PHacNqvs,37,SF
3grskvlp,60,SF
59SpthlZ,63,Berlin
USeARj2H,31,NY
IIDzSeR2,69,LA
V2etvvtU,51,SF
CcXy6oJw,42,SF
DeC6vYN3,65,NY
IsSkiZHV,49,NY
EBewznX7,18,SF
GEFGALq3,36,London
IPq2BusY,69,NY
kOlRM8Bt,26,NY
J0gdzZaT,44,LA
OjFiD8ek,68,NY
w3t2XbZn,65,SF
Jz2i1SKv,57,Berlin
4GHmMdtz,67,SF
G7UPXPgO,65,London
FaVIEErO,29,LA
QJS8qvEo,47,NY
WLA9jEZV,48,SF
OB150D5n,56,LA
CbnEyjsb,48,London
z5ibohJa,43,Berlin
lkQHPAhY,66,London
bfMBvMgn,59,LA
FVtXwu1L,22,SF
tunsXLwF,49,LA
qVg4I3xR,68,LA
5vTgoVrF,55,LA
OSCVeunD,66,Berlin
ZFRyuoXn,42,Berlin
XG9G611Z,31,Berlin
hEfSUS3q,20,London
iAHLq0aQ,21,Berlin
eYaOp2gu,26,SF
TSufVRdT,19,Berlin
VBY7U0Op,18,SF
HTZJjboQ,59,SF
XjZGsNQc,33,SF
PzWxQeWj,63,NY
smZH0lC1,19,London
AiJ6ZPIF,50,Berlin
DgRqQKZe,68,London
rg9wranU,60,NY
qhSZXmT6,59,LA
F57ideQ3,30,LA
FCmunlCl,38,SF
4UCNqZzu,52,SF
yZHIHJAd,43,NY
rGArfseI,67,Berlin
W4u1yJxR,65,London
Alc9A7fk,27,SF
roppPQW0,69,SF
NfkpFv0D,21,London
civvM79L,19,SF
E9V9HZAw,31,SF
ojVgLcaV,59,LA
PhUn7LK2,43,London
Ntd6jJy1,36,LA
YidN8b7R,57,LA
ZVG1vSLh,51,SF
hCSK5FMX,69,London
Cq4P1cZc,21,SF
mKUUg3hc,41,London
YzHID1aL,54,London
JnTtwUYc,59,Berlin
zUR7kffk,66,LA
NuhTZ0aA,51,SF
6UPB4kOS,29,Berlin
HMRBYEsV,43,NY
FmOXlJsq,26,Berlin
d22ltoik,26,NY
wAgLtkQD,45,SF
kXzJ0ngy,64,SF
k89GCNMA,58,Berlin
TMNVdKaU,24,SF
XHaRHvl2,67,London
uXvAFkWU,60,SF
uK7vMzn7,69,Berlin
RjQ1PwxQ,24,NY
etXRwTPK,39,Berlin
97tkhqx0,37,LA
9NuZGHKj,21,Berlin
yuOC1G8X,55,London
zJm1kPne,27,NY
Y9P2b2jT,42,LA
uyEjzPyD,23,London
5bKI1EMq,51,London
ac8kuWBX,31,SF
ksXHPScx,40,Berlin
aKdwxSmy,37,NY
ZVh60vF7,36,SF
NvdFNsEf,48,SF
v2A86fyb,66,SF
wAqst8wF,34,Berlin
6j0Sn7xJ,23,Berlin
Onp6mUDp,61,NY
rGEZXxga,62,Berlin
tw33ktMf,35,LA
rVWVxWLS,30,LA
Lys7BNI2,26,LA
B22zHC36,33,Berlin
rV4C6K5U,36,SF
qigpAOq9,42,Berlin
Cp55eADs,29,London
HZsd7em8,49,London
x2qCYspb,41,SF
VzRu4hzX,61,Berlin
qSmE73a1,28,Berlin
miryoGDn,43,London
IMwelP4i,65,SF
aHkWxfAG,33,Berlin
FSnYk5fH,46,SF
vwd7DKIq,41,Berlin
ANR0056b,56,London
j07TU2BR,49,SF
El853aYN,38,London
TQ6mpaye,33,Berlin
vqNH6UPn,69,London
qdYHSgwF,38,NY
dBfnyOf2,28,NY
oLNMMxJO,33,LA
aFfP5O88,58,London
65P63qx6,21,London
HlITErcf,58,Berlin
Q5cMoSRS,26,London
sYuZcOsi,59,SF
hdW4pl2r,23,London
RPXFEf6S,22,Berlin
8hELv5lk,63,SF
30HHWbq2,67,Berlin
gNQMvfVQ,37,London
px81GC2Y,68,London
NTgTMhrn,43,London
C5FJCBfH,26,LA
J3Gkh5Bf,53,NY
qI5oVv0j,39,LA
IRMn1Dcj,55,LA
df2e3Z2I,67,London
zqG2sbnN,53,LA
wH90Idp2,65,Berlin
s18oUZA7,64,London
A7YZMB2A,52,London
6easQeXv,19,NY
0fktY7i2,30,Berlin
7D6fXHDV,41,Berlin
DHmqvYZs,21,SF
L1NQX2hL,63,London
cvCKUhp2,61,London
anXOYGXB,66,LA
r9LXYh0b,24,London
UHIAD3uW,59,SF
Gd8eAav9,18,SF
7KRZ37Nz,53,London
9OMj2JlQ,40,SF
IMMxoxaZ,65,NY
V4qsuUMQ,34,SF
JqDdQiSH,59,SF
iNlKZqLl,36,NY
yCdcMZB0,59,SF
q6LAL9Nk,18,NY
aQHJwehR,46,NY
zAFDJplq,36,London
VDz1cIy2,49,SF
NmF4duRu,24,LA
n0nWMra8,43,London
lERTtL2X,66,LA
XMjSNZ2m,64,LA
1N9e4E38,48,Berlin
pBfrRJXE,48,LA
N4OAtDbY,38,LA
iQ7l5FFt,59,NY
wGOlMzqq,44,LA
pPAIsSZ1,42,Berlin
zrE5Bnf1,69,SF
e6MGqakv,67,LA
ZqxzHYGC,41,NY
bFDI7cdv,60,SF
2GkG7BYe,34,Berlin
KYs79Rxx,59,London
iMcU9J4H,56,London
rQr7uX2c,58,SF
dlhUOUxt,18,London
tpM5J5oV,40,NY
SOFCo2Ub,25,SF
Vr1Nr9Ul,45,SF
yTdB2LJC,48,London
SddMwbIp,18,LA
SS5YHPsJ,37,SF
dNxVL9VP,68,Berlin
ZzPWxWxg,44,London
w0AnQ8fZ,47,Berlin
nV32ZXVC,18,Berlin
iMd0OxzJ,53,London
rCPtUssq,35,London
ol9mgqlR,19,London
4TWcEqpx,49,LA
ngNEhu4Y,55,LA
ZhJjm3zx,51,London
efhmfhKO,49,NY
jT0eHxdM,29,Berlin
xKHhfGqh,52,London
y0HVrYgl,23,SF
OTJdwGR6,51,SF
KkoQ8XmN,47,SF
DeByNNSV,19,London
sNTJQ55A,35,Berlin
wHfU5eqs,47,London
y8ZqDc0X,52,Berlin
Nqo7A4J4,61,LA
jA51a9Ay,28,SF
umtZanVj,44,Berlin
MjWrAn5p,47,SF
NOxIWin8,30,Berlin
qdL1lKIQ,47,Berlin
7yAcgmat,35,SF
RV5iRlE0,59,Berlin
vbWsz6YZ,21,SF
MPzp0std,37,London
ASis9FC8,51,SF
til2A04s,35,Berlin
b4gh4vOC,33,London
JjvAOYYF,64,SF
B80hBEwF,32,SF
c5ksEpwh,65,SF
FqKH6Ikb,21,SF
U58hpoSZ,41,London
A13w4gNz,49,NY
pGjI63h2,48,LA
GGcU1His,63,LA
eTHE54gG,62,NY
eHaZ86Bv,23,NY
EDiOxK5v,57,SF
tX31P83z,59,SF
GODddO3B,32,SF
rEGPr5V1,50,London
oogGeM46,36,LA
sZ2iN9Bp,45,NY
rZO0bGrl,40,LA
us3gEQS3,62,LA
0rSS50gE,57,SF
nYo92X4N,54,Berlin
izTEy9V6,46,LA
bebVIXbX,34,Berlin
FShDOyBI,35,NY
TRb6zcdk,63,London
NkmEO7Th,24,NY
JFuAzAsQ,26,LA
RQ6jiFlc,35,London
hYbYEM2k,46,London
lRTHruE8,43,London
kDMA5ZtV,66,LA
b0A5zt98,53,SF
JTDrqHZG,21,SF
owwCRxZ1,47,London
Bd9tkJvR,32,London
CVRv798r,25,LA
nSIzUgfj,64,LA
zkYVMMqu,25,London
5SzXouDu,61,LA
woymUIKy,40,LA
TcCdLenV,26,London
mFJ41gpY,63,Berlin
23jjqat4,48,LA
EdGlZqd1,49,Berlin
c2tkgTws,58,LA
uN9m9PGR,53,NY
w8FTXjoV,40,SF
SMBcA1Zb,38,London
nYPLYI1t,20,SF
kXYQdvpF,21,SF
iXTLY93t,39,SF
7rCsUi3b,36,SF
Yo6RSpu3,54,Berlin
0PUSNoyA,44,London
ABwc1q4y,54,NY
rXshBRsP,64,SF
dDNZeZVC,62,NY
c8pWBSFZ,33,SF
nRMkpATM,46,SF
bTuihRVT,31,NY
D1G2VdvK,21,Berlin
hrQ1mDlp,55,London
tZ68Sx8x,52,Berlin
7tzTGZsL,67,SF
Gqa1dYPs,18,London
IAqXGpPZ,33,SF
D817QeNR,23,Berlin
9vjBbaD0,34,NY
65io5kmY,29,Berlin
fYLGVd4e,38,SF
eSR4g073,68,London
0O4U3m4a,40,Berlin
r04Ia0D1,53,Berlin
5Bb6s57x,50,SF
N5mabKjf,59,Berlin
3VuviPoY,38,NY
2jDeFbxW,64,Berlin
fRLtzodi,20,London
PsKglXmb,26,LA
P8wsQwJd,21,NY
75slQvp9,34,NY
6XTPrQW3,67,LA
7kbUhqId,38,London
O1yRIPQw,21,LA
ko3Bq7Wt,41,SF
KoIEAiAo,51,NY
7JIM4NUC,35,LA
qoc3Vldw,66,NY
bHS1HGtC,24,Berlin
lCMOlg3g,32,Berlin
3AUsRK61,49,LA
rf5WxGrh,33,LA
JlOtLIyg,59,NY
B5xXERzS,37,SF
tAKDqb7e,25,NY
9bPKeA1I,60,LA
7VRbmWgU,67,LA
I8ptFXxr,24,Berlin
UFeBHfNs,23,NY
CuzPHIta,42,SF
nuvSiccN,67,London
peCI3fXc,23,LA
565H9PsK,27,LA
c5aBRfnJ,46,SF
W4ZT32qw,25,LA
D138WDdC,24,Berlin
K5rJTdXV,69,London
tGmzZpM4,61,SF
zmbiZEDP,55,SF
NcyZr4g9,65,NY
hK4VcqAY,69,NY
5WiaYpp9,42,NY
dWd8nyhg,50,NY
4mb4y9yn,25,London
YhVOwiev,37,LA
AaKPLSyv,45,Berlin
sJlNrpQy,35,Berlin
iuLQhWtS,32,NY
RsYWvUhC,33,Berlin
GjBZMiUq,26,London
KA3ifo2Y,53,Berlin
tG33llcT,62,NY
HJeHjKFu,22,LA
eSbcXooC,32,NY
OFVXNaJU,38,LA
YfPZsgSh,34,NY
ZG8YPgFP,55,Berlin
8h07YXGI,49,NY
V6rQ08ZJ,47,LA
MWR9tm4a,49,LA
3rBEJGXZ,20,SF
ViJzEGhr,43,London
OtbcUCky,31,NY
QcNDymPE,54,Berlin
gVMS0vfI,64,Berlin
eLW00lAe,45,SF
LLFemqOJ,29,SF
ABwYR9PT,44,SF
90J2xxJq,32,Berlin
ijidfqqb,23,Berlin
DeLIsq5z,38,Berlin
w1dBHuUv,18,London
HQYFqFRk,64,NY
m0rwjmiW,40,LA
VZVCbWMa,69,Berlin
KYWCzpVR,23,NY
5h7Q4dDT,44,NY
eB3ICt6z,66,London
iwthLVwU,32,LA
2OFeXoUl,25,London
2ePr5Xul,42,SF
X49F6Is4,49,LA
5GWeL3u0,57,NY
UklA8mEx,49,Berlin
TEDpAnSr,62,LA
hiVR6IBW,32,NY
MDP0w4IQ,43,NY
nBI2HV3C,42,SF
3AatXYAw,68,Berlin
lZ9ycUTB,35,NY
Qrv5A4FQ,36,NY
GfND7BFj,67,Berlin
I3OWkDef,35,London
bFjpSfob,66,NY
0bHpAq9N,43,London
4vAuAMMf,68,London
s9e4pGm8,37,Berlin
vumYsLKN,31,NY
wYUTD22i,28,NY
yaji4Q2S,59,London
AfeppAUl,42,SF
ZKWVtLiD,21,London
LruumQua,47,NY
BY6fbb94,34,LA
k2nFncBA,38,London
WcwWnmww,19,London
X2wjqyLX,32,NY
pgTd6acU,48,NY
9ZZRUmPF,52,NY
QQzhi5cb,52,Berlin
n9XgrPZL,29,LA
G9qivmsf,41,SF
14sD9iiw,18,Berlin
BSX7Syjv,59,London
sdtlgtoc,18,London
xIRVQqyp,40,London
nAswD214,21,SF
LpDW4wBG,24,LA
KZlpgQdI,55,SF
Kfr5G0Ip,47,LA
GsRC5Y0C,25,London
BPnxEDbm,62,NY
M9iNZdjr,63,SF
IQ3ttt6i,47,LA
rqZb5OuZ,35,London
07diIDJU,48,London
iGjwnICO,19,LA
dnEUgw5j,19,Berlin
Ry3USpWT,60,SF
9PQ6I1zl,66,London
pOPz3H6S,21,SF
c7fgTUbX,27,NY
MDIXuNih,45,Berlin
GjUfJKct,69,Berlin
TB9NPcQD,49,SF
SUsGWju6,35,Berlin
M09Xck5J,51,Berlin
ItDaJg2q,29,NY
sDgowkeG,45,LA
12yMAMnJ,64,London
EvkAR38q,35,NY
13xvOWUd,33,SF
YI0ry1lE,60,London
Q340OuSz,58,LA
uA1tyUvx,50,London
X843jXZX,56,SF
5Wu5olPA,69,London
KpBEb5We,54,Berlin
Lz47sb0e,58,NY
HKeWTqT9,66,London
J9hHz5Gc,34,LA
yBf2Vfkl,50,SF
SU7azdEz,48,SF
LhiLfcpb,62,Berlin
2FwSyxAi,68,LA
Gm4b70AL,22,Berlin
IKHdr9hv,68,Berlin
QSSmZLVN,56,NY
lC5r98bV,39,SF
GyZv5DMa,37,NY
LFGlPEFW,53,Berlin
4JDVV2Rm,20,NY
ozMVyESb,30,LA
mCA2o0SL,51,SF
ulWYHW5I,30,LA
cXTTIrKp,69,LA
EMJlfft6,58,NY
CbKNaPMg,62,LA
ZyieNsMy,32,LA
5qruRCV0,38,London
VrzqDSSg,39,London
nry0VXhz,24,SF
TvtyRdBl,53,London
svzbkrMG,66,SF
FnpQBWoR,48,LA
VmX5uQlr,41,London
oTrLlAdY,35,LA
M5SpLYz7,66,Berlin
ACHoyUzp,67,NY
5xIJiNrw,21,SF
jMzT8GPB,58,LA
azNKHRa3,21,NY
62iO4bVF,64,Berlin
nPlfmg8h,36,London
xD77eUvq,53,London
DxKiant7,34,Berlin
PxUnisPH,50,LA
aDpOosDw,51,SF
f81zzyPo,54,London
1cN6qDCU,56,NY
eWhAEQ3t,60,LA
I9FA5AiQ,19,London
49rz4LST,56,SF
VnQFPIWw,60,LA
3z0DHrc1,22,NY
F24eL2a0,62,SF
v0fuXxXL,62,SF
C6DyGqU0,48,LA
F3OeBN5P,38,London
rnEnYXQp,69,NY
Nj45pC20,58,London
ySmfF98N,55,NY
OxtnqA7O,55,LA
vMp6T1Bd,68,SF
SUDGqBXm,47,SF
xT16d8K1,26,LA
LbpaDkpO,35,SF
PrzUYYSP,53,London
LE8zGlB7,21,SF
y6QZzujS,27,Berlin
tRaM6h4P,54,LA
DlE3XRCl,21,London
vioMz5IM,54,SF
hFB36WYN,30,NY
q1YdsWKq,40,LA
yVP2Tn4C,19,London
Q0DylLhe,31,SF
AsuLDJFD,58,SF
57WCcPuS,66,London
g4vqxwMR,62,Berlin
DhG3AWPX,62,London
0TNPacX7,60,London
p1je1buv,56,Berlin
1sJv3zli,29,London
hmOF6FE7,69,NY
YwrRVBCl,34,SF
WGqw95il,67,London
hWcNOL0k,27,Berlin
LwKM14h8,63,NY
usCTXChS,51,NY
MMU5Dfu3,67,NY
tKOvEX3G,58,Berlin
ITFBUbJ7,52,LA
pxLsKuRy,20,Berlin
GIVdi0OH,29,Berlin
JxejaW6g,44,NY
EiN7fKN1,33,LA
myWi1VPi,25,SF
PN4Bu7FE,56,SF
YfzzSgIi,60,NY
iDk1yzfe,32,SF
Q9HgPSsa,68,SF
FiWZHAHr,54,LA
bcAPL09j,68,LA
6WJpApg8,69,LA
IDgRiTOf,33,NY
7sc9HtGx,29,SF
0ylI8z9g,55,LA
u8sLpvZV,56,Berlin
yFvH5FwW,59,SF
BTdV6G0Q,42,LA
7GQVn42M,64,LA
d6GN061m,50,NY
xZrGwv7e,39,LA
RjOalwJN,51,NY
huoz8hZp,19,SF
pONtJIRR,59,NY
7aeS1S7P,69,SF
WCeJBEM5,51,SF
IHeWWwEn,68,London
E52bIOg1,39,SF
lAZtINGO,66,NY
LMoULWVs,35,LA
upfsDxyt,21,Berlin
ue3caR8y,61,SF
Rmal9sTj,36,London
9PiILjuc,18,Berlin
YqQajjFl,36,London
jThBUU7t,48,Berlin
UxIhNSXO,24,Berlin
zzYPFVcu,34,LA
YJQuKxLz,40,NY
dMWel5hx,23,Berlin
oYe87ylW,23,London
NtHdCaAB,36,LA
jHzU7wHh,53,SF
u17ORZMO,53,SF
IsgGUaxA,58,SF
vSrkskHO,32,SF
TWIhlXOt,46,Berlin
WtR17fpc,55,London
PI00OH6B,28,NY
CzkvSScA,52,SF
1t5OGAF8,26,LA
HP5xdyfc,25,Berlin
wJA5Mte7,31,LA
vpU3FuiU,61,Berlin
P1XcZIPA,53,NY
1pOS6GsE,59,London
jUtbWpEq,45,NY
fdnuvYjo,22,SF
eAqkNuvC,57,LA
gglsGp4e,25,London
YKHmJ7x9,28,LA
UM6p3uyt,26,LA
ARqbJNdy,39,SF
qBfsYbxb,30,Berlin
hFNUDK3Q,28,LA
AukysFbb,40,LA
JjbWsnnX,57,NY
vo3Gc4DN,29,London
N17Cjkb1,56,Berlin
EGVkNVLz,46,Berlin
AlZ1JrTV,28,NY
atZWUzxB,43,NY
iCejqzAL,40,LA
tINgF8fw,55,NY
tjN63s8l,57,SF
SWIc5ehH,58,Berlin
2Vh8zGve,67,Berlin
rBiKky7S,40,Berlin
RIPIFuQS,46,NY
rotB0hW2,45,SF
YyvbEJ03,26,SF
Q5Z8jTNy,50,London
ILo2Zn6n,66,SF
SpN2cdMp,30,LA
XlJNaahq,44,LA
1dteZpb6,61,NY
e8Jc0SDa,56,Berlin
GI5bGd4W,46,Berlin
Zfgg1U9Q,51,LA
PFKRx8Xx,47,London
CNuAin6D,28,NY
JtAn5Hlv,22,London
GFgWFcRv,59,Berlin
Aho38zo3,27,London
IIJMTxOX,48,SF
gd9MfAiv,67,SF
HfpLtMF7,56,Berlin
6HwgzRuo,51,London
tKQVziU0,29,NY
oGxkFLa9,29,NY
KDKed9VM,62,Berlin
IhOkFrnX,57,SF
idGWyBAi,63,London
a17fsSWC,25,NY
mwF6n0ay,25,SF
OvMs6fyX,40,SF
jqWv4FWY,31,LA
LheIC83w,19,LA
c02Q5P4Z,36,LA
wsi6aHTc,31,Berlin
i1sxkaCj,59,SF
A7Xke5vd,47,LA
QZreXEzp,24,LA
9F7zEbBm,63,SF
ateh9imS,38,SF
30b7jne1,40,LA
21zgFvA9,38,LA
Q9uBr0AZ,50,London
yzkbCsRp,61,NY
rfmKKmhA,32,NY
P2ln2yNr,21,LA
BMbVP8ZZ,34,LA
KBR2291K,26,LA
tLqYLvz9,60,Berlin
16hKN72p,35,Berlin
EUX0g8RL,33,Berlin
D5WWcNdz,38,SF
JgyPYYBO,44,LA
y2qsetY8,18,Berlin
biJMfuSH,66,Berlin
wufKqRFH,65,Berlin
44LHrFRh,66,London
uEq6GtuC,58,London
9m51JMbB,54,SF
5DVTsU5H,24,LA
wHBd1eqL,20,NY
tmIWZ9BN,57,SF
Z3b4yuWC,53,SF
7D3cgXdm,60,London
ew5h0E2b,60,London
L7ui6xV4,62,London
gWQeO7jU,20,SF
9SSjxfTa,65,NY
qec0kAhc,64,NY
Hm14r3r6,20,SF
1rBtJQZr,36,SF
Tl5gQFYu,63,London
b6zFJIXQ,31,SF
pXVudd8d,59,SF
wSweYcCa,54,London
SkCWiwxj,42,Berlin
rZcFLBbZ,60,LA
haLLA7EQ,53,NY
aCDNrPkV,30,Berlin
mzRM5TIr,37,London
rocVFL54,21,London
fQHZEWid,35,SF
Q3qmyJtD,53,LA
6kQ1WSgH,60,SF
Fn0JddDE,33,London
XAB7ZOzp,62,SF
910E48Of,34,Berlin
HLvMMPE5,29,LA
OW8IijbO,45,Berlin
KYZfuKd7,55,Berlin
IYXPtYzo,56,SF
OEcIM3w2,36,London
2Ealckj9,39,SF
rjKmP1HM,33,LA
JEnaljwR,52,SF
sYVjCBKn,38,NY
PVJGjmC9,46,London
QOnypyxT,29,London
74QpfTBP,38,LA
otdFzt8P,30,NY
uKF3VUwV,25,SF
j5eO16P2,39,SF
28sfBaLp,44,NY
FPDeX9Cu,54,Berlin
OHygwAkh,69,NY
TwUhRefu,46,LA
SfWdLduR,66,LA
UR17fjkx,60,LA
vFaknGCm,49,London
NyF8DR9J,45,SF
KCHwT9Fl,67,SF
XaxLxpTD,44,NY
2COhYeQv,37,Berlin
9xJWYsFM,40,Berlin
CG2a5SJR,26,SF
sOOMV0HQ,20,SF
slKiWxqu,41,LA
9ksJHerx,18,London
LXTjxiG2,56,SF
IOs8MO4Z,50,SF
OjrxBl1z,45,SF
wNQQBIEx,29,SF
Q51tVzc6,19,LA
PQBULB55,66,London
Az2G1p9p,39,London
MW1u4QIg,56,Berlin
fYXtsZab,32,Berlin
dHom5l2N,34,NY
Xm4Jgohk,25,LA
takqR0hN,66,SF
RwdgyVB4,46,Berlin
YZEHpRfv,47,Berlin
Yk2KCTZ9,51,NY
DaUfJhpL,63,Berlin
xjfGzjVZ,46,LA
4PArSs8I,38,NY
OnakD4zq,24,SF
b6ZL1IDX,67,SF
IrDBklHM,21,NY
dBACX31s,37,LA
remWeRDK,20,NY
AHz4JYhF,42,NY
eJ3bft20,35,LA
o9mR9Ezs,65,LA
fnfRMOO7,57,London
FW4YeZ3Y,19,LA
X9iELi3r,38,NY
g67VVDJv,60,LA
3enb4307,60,SF
Y2Z7dTSO,58,NY
pzGbIBOO,26,NY
rws8lb6T,61,SF
Dp8qa90f,20,SF
QZLsAUnJ,39,Berlin
i6fTHCJA,28,London
1hQgdY7Q,28,SF
BnveQZW8,48,LA
SBSdbljS,22,Berlin
JNw3d8bI,67,NY
GK16CdXr,28,Berlin
fuOtv2Vb,41,London
JqrtvU1K,35,SF
DsRKjBMP,27,LA
gNSivNIj,27,Berlin
txXCstG6,43,NY
s3v9M0Aa,26,LA
ME3Wq44I,33,Berlin
0nB9JNT6,34,Berlin
JtxMrdXY,29,London
eqt17tp6,55,SF
1wie0Tx2,66,Berlin
nrgjneb2,50,LA
GLvGhY5y,42,Berlin
zweHaNH5,22,Berlin
NioMW4UZ,54,Berlin
C4qKmTaj,56,NY
o9oo2RBw,47,SF
ar2E32j8,43,LA
PSRi33Yj,64,Berlin
b3D561pN,64,NY
13I0iCRr,58,London
J78cnEkV,28,London
RFPT8F7o,27,LA
q5CBhG6H,68,NY
ic1cdCyD,32,Berlin
uCILEkP3,49,Berlin
Rc6CDpd5,39,LA
OiLqZc4I,66,SF
xqHC7Quc,32,SF
ylT94DVZ,27,NY
G1bQBaEM,43,NY
65sQSY5f,69,LA
lpFmF6p4,48,London
Fd6BvXfW,46,SF
0tAS2113,68,LA
cJ59hHK0,22,London
tJykEv7j,27,NY
nyHvzYto,35,LA
lteSv0MK,36,NY
u2HTmV6U,57,London
rbGq1OMJ,46,NY
g7d5YwOM,34,NY
mt73tGJZ,37,SF
PIXjaixD,28,London
xc1KzxKC,66,London
cbVlmHu9,69,SF
bL632gEu,40,SF
dObciaBS,50,London
0xSDhqEe,47,NY
B1fGEcln,30,Berlin
eJL59Nnt,32,Berlin
udbZyhzs,26,Berlin
tYTpJqrO,45,Berlin
agEwr3mP,35,Berlin
uICL5gEk,49,Berlin
kuBm8LRo,38,LA
F2uCYGMm,68,SF
gQjtqtYX,51,SF
rzAPCkUL,46,London
0puLq5Wo,21,NY
zC2rti22,52,London
GkhkhrZc,34,NY
68fVuCrv,30,SF
PPNCz09I,30,Berlin
lGPHLoGl,60,NY
CaTZgaY2,61,London
k8ikrONs,66,London
RYfuIVDV,38,SF
kXqylHEZ,25,NY
Bg62aVK5,25,LA
6tS19dw5,35,London
rp0uEgX0,33,Berlin
KEhahZ99,45,Berlin
saSmCqaZ,35,NY
rVzetuuc,40,NY
PmsHqRpY,34,LA
MTu0ayLT,36,SF
YWlJ8M3k,47,SF
IieFkVJ4,64,NY
Ab0OAcPp,39,NY
wd2Wql6c,36,SF
iv22Dut6,64,SF
U8xQwLVg,32,London
Q16TZxm3,29,SF
MCkWkOVO,61,Berlin
szlz0LCa,28,LA
J5N7XDn2,35,Berlin
eJcHzHNE,50,London
D8Kf9kDq,66,Berlin
QP4MIvwe,65,London
Dg5eNib6,41,London
iLmBtPTh,33,LA
URAIjFf0,47,NY
6h3FFMHl,55,SF
oYRXDIB2,54,London
ko2eJCCf,24,Berlin
Lznz6N7F,68,Berlin
hwBVkxCG,35,LA
aSXkkO0O,34,LA
6rNQU61q,67,London
ZdOoXsrM,68,Berlin
YSp9wcIZ,60,Berlin
3ayDJUFI,32,LA
MJs17RzC,47,London
jgrixJrI,35,London
21ZQm7l6,32,NY
UFaW9Fr4,53,NY
87iDIJKo,30,London
yquFMAlp,49,London
Y5UgmMuz,56,SF
Nn3wjwqa,64,SF
oShfom47,60,Berlin
vfet0ysr,21,SF
lkMSKYsj,51,SF
XVvAon2P,27,Berlin
UNKDkFXt,40,NY
Py4SJSva,64,LA
csIP7YEr,68,NY
GLYjKCBB,61,London
XNOLuqrD,44,London
S4nk2TpB,51,SF
E8khq61I,32,Berlin
EVENDEtC,58,SF
Fkf6zcTt,49,Berlin
XqmAqBB7,37,NY
FGq4CZnw,54,LA
QSVkRvkI,25,NY
vG2ygcnY,66,SF
OcMMC6eE,45,SF
xhnVaLuY,34,NY
XdhwRztl,47,SF
AhWTpiGk,51,London
BedmRdjo,30,LA
SSwp1yYp,68,London
utnCXwMk,20,London
tIo2XFh9,23,NY
hNjBWZY3,35,London
IiDJTyW7,55,London
faCCUdC1,50,LA
AEAslPMO,21,LA
ceJaKXl0,39,SF
HF7YTarg,37,London
KlUq7D01,34,Berlin
NZeytwTL,52,Berlin
53PdW67W,50,NY
9zEt64OO,39,LA
n5tfrwTN,49,Berlin
7hZF3Vxr,26,LA
uUzcwnx5,67,NY
dmiNLcNb,69,London
HbilNMe5,56,SF
D8CyskXQ,21,LA
bR4jSNx3,25,SF
nyhvCSs0,58,London
UPgZ9oMA,51,SF
S2EcQ8aI,38,SF
oYPYXqpQ,38,NY
NnhVJUes,19,LA
ORv6bZWG,40,NY
2wPd3wZY,64,London
wBqUfG2N,57,London
XPGL77AQ,48,SF
lPGXVFbe,51,NY
cpnonfQ9,64,NY
jveupKS1,19,Berlin
cYaUcm2q,61,London
Nua6RoK8,45,Berlin
RgvJo9GZ,35,LA
Ws8CHYLS,63,LA
VipokxL0,50,SF
6ZVJ2iVv,49,Berlin
UYxs6Fqn,53,Berlin
GMnF2QoK,40,LA
jSXxyr65,47,London
nO6Cpfxz,55,LA
DFDQLHQu,21,Berlin
RD0HuINe,45,London
dUyDLNUS,39,London
Bbzxs2g6,55,SF
LFjfyQDO,51,NY
FAHkqsG0,43,Berlin
l732FJRX,51,London
BgqBIFVt,44,LA
6ttbiphG,53,London
yMUnTKU3,53,LA
pYegeSkk,53,Berlin
t49fIr8t,45,NY
5pFNidrv,32,Berlin
EtZ7W85k,34,LA
dsDsYwfa,30,London
h12agy7G,44,SF
lYSA8Qse,26,London
hhYPKYjN,31,LA
CU8TJUMb,53,LA
ESOXPEy5,57,Berlin
RZVYV7jf,45,SF
R80naHtD,32,London
ipQyLyqh,34,SF
DD7IQ6fW,43,SF
sS3apH9d,28,NY
BxVcsUSd,46,Berlin
B48RabmM,25,London
hj8eLCVa,56,SF
OeiNbiIL,62,SF
3kssghC1,25,Berlin
2Dap8hOS,22,London
5buPuE0W,42,London
3QpQdaP9,26,LA
aVivAPRT,41,SF
0aVmUXYA,63,NY
iVylFtQK,68,NY
dv8IpEWh,25,Berlin
iCyepf6j,66,NY
KQz7c6WW,63,LA
TtJY6ZVx,35,SF
DPSESp4k,28,LA
gLrElFyZ,37,SF
M0oBKGAQ,44,NY
SgRq8BOd,54,Berlin
LtbNYv9K,33,SF
oKr7ekVP,67,LA
YC8gU6fG,22,SF
uX4LEt8x,66,LA
ABNAMZJF,67,LA
g7hL6XGC,47,London
WzUCDDDk,26,Berlin
aQT81rUI,31,London
AYaOCjMS,40,NY
QY4lc9kF,59,SF
OwFpneG7,40,LA
799X8YAk,39,SF
v6Luhi53,41,London
HefiLghq,27,SF
SCe2wYMt,55,SF
WxUhUfWr,43,LA
X4FGRj8J,39,NY
slgT5ILV,30,LA
dOB7td1K,62,LA
T31BTfut,31,SF
LaE38LTX,39,London
QmWnZkgF,57,Berlin
XjQYLuox,26,SF
CIqFo7aB,56,Berlin
UXbtY90E,66,NY
I6wMTwTP,25,Berlin
L4sGajZ0,51,NY
0ZyswQok,55,NY
wGeFhMa8,26,SF
4GB5pGIC,43,London
4Nu3hNkS,69,NY
L5gzWC0e,52,LA
EwbzGwIE,53,Berlin
ZUWzOa3a,57,Berlin
7LcHLEkD,64,NY
nMkp03bc,57,Berlin
NyaEFAXo,49,LA
uKNmNCMe,43,SF
latFyeZA,66,London
qRkH2fBK,63,LA
hOjP7EuQ,63,SF
iww1cDMM,62,London
ZIxzxmoe,61,London
0Z6JGeWl,56,LA
1MLSmEeJ,26,Berlin
L09TPLxQ,36,Berlin
ATmn6h1C,48,NY
Y7xvgN0l,19,SF
4lARWZBG,67,Berlin
8ngvdCBE,59,SF
odgOem6O,59,NY
xGH0qsVF,64,LA
tkHeLbqg,68,LA
YkDlROjC,61,Berlin
Tdxie9S4,24,Berlin
iYCzWfCW,18,London
g0bR9rp0,51,Berlin
Iys9w44s,35,NY
EQPQsQXv,53,NY
NbSVuSuJ,40,LA
Lyjuufdo,50,Berlin
vc743nLq,69,SF
k5EuQ0lj,53,London
2zUAPbRM,19,SF
bKugGjkO,36,LA
Mb6MNVXO,29,LA
zeHhCaqc,46,Berlin
h7prNpZq,48,SF
CBuFLCwl,42,NY
AxPDd1xY,65,Berlin
FpcEfpp5,67,London
8P3QVLlp,27,SF
Ww1cXqXf,55,Berlin
bddD51R8,46,London
1GxqqKlV,21,London
yig1WRby,61,SF
wgNm2zeP,57,NY
Que4NiFT,59,LA
SvdROGHK,24,SF
Pd2aqRKJ,44,London
gD8Nd3BK,67,NY
pQbBQzsA,52,Berlin
0NFjqlOR,42,London
xWO6JXSv,33,NY
XWyJNcZq,63,SF
nw14f6A6,61,London
JWznxuGo,63,SF
CG8BHkXr,68,SF
OzdPUY2D,32,LA
cz8wC1P3,58,LA
bQMmyCRx,25,NY
rxiR1r4U,58,NY
eujHnDPi,36,London
nwdKZseN,18,SF
OcZII8dR,33,SF
sCafl9e7,62,NY
Szw6zmaI,26,London
53sRM7zA,56,NY
PXuvXDFJ,56,LA
q4wkMZQL,39,LA
jIOy2lPf,44,Berlin
gIiZHL77,29,NY
HyBWFLjQ,44,London
5abuqa0B,39,SF
jyCVdZR3,27,Berlin
zudKyriZ,22,Berlin
Z61UXaYB,21,SF
mfE7p810,22,LA
nHgoWBuD,32,London
eNoovdnE,23,LA
uGz4eVD2,27,SF
3Rt9KemJ,39,Berlin
lT5IThCT,46,Berlin
Rz4zgXGC,23,LA
DtNGRBNH,56,NY
HuUDIzOJ,35,London
LE3fKBCt,19,LA
OJZeVy2q,54,NY
LNTJSw5H,30,London
qvy8aVH7,39,Berlin
eBZXzFq1,25,Berlin
lJYx8LZO,37,Berlin
vpFQQhf2,61,NY
RXIvRUo0,54,NY
s8GJelkE,69,SF
oYzxzP1v,28,SF
MegIe0q9,33,LA
ePMU7hef,67,NY
Js3ci6M9,59,SF
3N6g95Wv,40,Berlin
9DOhPgSR,54,SF
j9Z5QxrP,42,SF
FFmHWqTM,51,NY
q4bE15eF,63,London
2Ntob1GH,67,London
QLQwPmME,50,SF
8mywBSor,36,LA
dX7j8AJa,23,SF
Tcn5X8QJ,42,Berlin
Xn6vxT4Q,28,Berlin
SwDI5AUR,42,SF
rBcF3RpL,58,LA
YXJK06aP,56,Berlin
JYxwHAg6,54,LA
Pl8ftq1Q,40,Berlin
3fWJUdlw,69,NY
spDHXysD,43,SF
TpYacQGh,54,LA
PvWde4iO,27,LA
z55e0CUf,57,LA
tvjtk9iv,19,SF
r7eWLZoX,29,NY
IYzCD8G1,26,SF
plfjXG67,35,Berlin
yAEBb52q,50,London
P4vw0BGO,18,LA
049wt9WA,44,London
khEadj88,21,NY
lh61jQE3,44,Berlin
okY9LpTc,66,SF
NjwDmczf,61,Berlin
j775Z3fb,35,London
YGdG9RLc,61,London
gtgUpDtC,37,Berlin
2icEPT8c,58,Berlin
3CKLYn2Y,32,London
6YsyyOPw,44,NY
isUcCr2N,25,LA
UT6z5kB7,48,SF
2bK34kMy,29,LA
ux7mmhTj,31,NY
fgYuKyKv,54,SF
V5ziwvyv,45,London
kZiytsnj,62,London
LmzplMb4,37,SF
VgdrJeFN,35,SF
Lubqe3AU,38,NY
STvbgKu2,32,Berlin
2RZbYdom,58,SF
TcLyK22S,25,SF
h5PmsmJ3,43,London
LSlKbrI1,21,LA
8mapPunz,30,London
RhGFbCzj,27,LA
rIazdx5u,18,LA
DPNsa7Uj,45,SF
EMaxccZL,50,NY
cMuofdFJ,40,LA
zO0LVF2X,55,Berlin
qKEi2Nbo,38,NY
FkxirBwK,39,NY
y0gW2z5q,33,Berlin
IOVy2qpT,50,LA
ToDQNseo,57,LA
anY5NLpk,28,London
BvK4b3iA,66,London
bVgGQGUn,56,LA
POb3XcMq,52,SF
z3zUhgPC,66,London
ldPnKTgm,25,SF
lIHAahFw,48,SF
SemvWAUB,56,Berlin
kksUoG7x,18,SF
OhbRnQtE,32,London
VK1R2b4y,26,SF
S67fGw5w,49,LA
mboUMXn6,33,Berlin
RfjutPCi,42,London
KA6DAvY1,36,London
jTUpC08l,66,LA
FkOUa7Er,42,LA
AuA5HWZ9,48,NY
G00JvUpj,65,LA
HtIs8BwL,44,LA
CAIRRPkB,51,LA
M3UU9sJG,57,LA
5Ttj9jJm,38,LA
BIsdClj8,58,LA
n2ha5v87,62,LA
TdbzEf9O,60,NY
WaBCiRbw,24,London
5JCP4r2X,20,SF
Vl97EKey,30,SF
udbkJi6H,53,London
D9T0vrOO,69,NY
maSUcAh1,67,SF
BGdJAoEf,20,London
gmQxLoW9,22,Berlin
tUX7bRvw,56,SF
6TFQGF9F,66,LA
qxEU7Wyl,27,Berlin
7kvLObc4,51,NY
xkFODELi,45,SF
zdCwghVC,59,NY
Ai8vdNZb,50,LA
ZkNCnVJW,27,LA
emcyRJs3,43,NY
CJnqIDML,69,LA
UgVggd8y,54,LA
bJI2AISy,69,Berlin
VhfU92A4,19,NY
JfPUFgJG,32,London
vuJPH9Am,57,SF
HsmC1FCK,67,Berlin
fze0jqp0,39,NY
QOH6YKao,62,LA
jvJlu9tD,18,NY
Fli58Y3N,48,SF
9pfHx0hg,34,NY
tTD65tTO,25,SF
21w3aTDn,66,LA
9h5QpnMw,61,Berlin
KAZTqV4T,66,London
tl5kt5CR,39,Berlin
KP8CC6vq,23,SF
6dB9IEk9,47,Berlin
5WWtGoF2,49,London
VEcqbWQD,53,SF
ssWSbeKD,28,NY
Z3OeYyM5,62,London
3zN87mVV,31,London
rLlkZHQ3,36,NY
sfDzgiMr,19,NY
QsdYPY4Q,22,NY
5AmGMJzk,69,SF
fjNL8ecr,57,Berlin
ZiQCksRB,41,LA
aqKm838i,57,Berlin
iSTLRsIn,52,Berlin
Ktj5JTK9,56,London
lYqc2q3Z,37,NY
HkdIJ70f,58,SF
HhAhpSnI,45,NY
rC0knv83,62,NY
OrQnFcgF,41,Berlin
lUuVO2hV,59,Berlin
rjQUxrRe,19,Berlin
ar6qA29o,59,NY
HkHBu2ut,21,LA
b2MRRaj5,37,London
4S559bBU,63,LA
FviK5cKp,31,SF
KKH0kCr4,55,NY
wXySY5a4,28,Berlin
HQGphuNy,49,SF
UE2FKTGT,61,SF
niZIgks5,18,London
WuvZhBWv,49,Berlin
RmS6btPP,27,SF
xVFSWE8C,54,LA
qdsFttee,53,London
8VVblN8f,29,London
Y63cusiz,22,SF
VHvBrn4P,44,NY
FT6GpEEL,37,LA
7GPMr8mv,24,London
cooRoigZ,52,Berlin
XuImdXye,66,Berlin
YwtAebJM,68,LA
1r3nfRI1,39,SF
D0lrP3ap,22,London
FLbcysQq,19,London
YjupMKNu,63,London
bvPU1aXz,28,SF
OVbOdhxA,19,London
NRUfgbFs,23,Berlin
9zRDxjXh,45,London
2B1PwxNR,65,NY
F4JYhjxC,24,SF
p5dr42YP,40,London
hNqJndTw,41,London
AU7yBRgf,50,LA
IYwSNP82,39,London
mvMEUhGI,34,Berlin
h2W7KsuA,66,Berlin
p363BPzb,43,LA
VQ5q0DO6,64,NY
n2zVxnxo,44,NY
M0UJKuxM,20,NY
CJrq604M,69,LA
CVOsC9Ud,33,LA
jiowq86v,53,Berlin
ziQn0pX3,50,SF
luCWg4Ka,38,SF
dTTruFVt,21,NY
l4rrkCLv,45,SF
ei6HP65s,27,London
niuk1v0O,21,NY
uXgN7r4I,58,Berlin
qqhZsjfw,32,SF
uXWCMGjc,34,LA
ICRocpA3,48,SF
iceNbINx,38,Berlin
nb8vMrBM,30,NY
cmE86soa,44,Berlin
LG5wlIBS,69,London
Bb9D4elA,27,NY
uCSPXw82,56,Berlin
8HiP5kgH,39,SF
bRIR9RFy,29,London
wsdsFdhd,48,London
RF8Bjtn2,52,SF
3D59UAwG,22,NY
MK0GdtND,28,LA
H9WLJAP0,64,NY
iAgAmIrU,50,LA
hdwCSLfc,35,London
u7Qbn6zE,64,Berlin
jSAVBxQR,53,SF
jijvaWR9,18,London
WK5KwHX5,32,NY
h2lZp0Ld,24,LA
27ORzppr,49,NY
BDLGYO91,53,NY
LC7eujF6,28,LA
AIWsfnap,31,NY
FnWVCqCQ,46,SF
t9GdCchG,53,NY
FtlhH3dT,22,LA
G7yIIhCB,43,NY
OLMbdgic,50,SF
mEz2Ksvx,32,London
g8gGj2pW,51,Berlin
xaEQK2sl,65,London
M3bCvJrL,41,NY
rtztJDdk,54,NY
fUg7dnEk,58,NY
eebNx6s4,27,SF
m997keaf,22,London
UGTYnC2H,18,LA
0HLkSnH2,61,Berlin
nMHRlZ4J,18,SF
yOA5XCD4,59,LA
SScEcEU0,65,Berlin
YAF5YKf0,64,London
7pDDATU4,49,LA
rxBKzi5Q,47,London
lwMgNSBG,69,NY
9im2D89w,38,NY
AmIWk0RK,44,NY
0XwbElnx,59,SF
eXbXf2Bw,30,LA
zgQ3WyrM,29,London
4diR5JP7,46,LA
0HiIFtwx,69,London
VR6mRvGp,63,NY
HP1icyhM,60,Berlin
NAk0eIMN,33,Berlin
VjjEo52c,56,LA
fuaSeesV,37,LA
UAVXJLFJ,49,SF
XRdOBVNb,21,SF
iMoVCEjx,30,Berlin
kLxYTiCT,36,NY
PtxW5nsw,51,London
XptzMefI,59,SF
hNXwro8r,56,NY
imFNZ660,26,LA
w0JYJA2A,67,London
a15gPnxr,68,London
ccQwkxRI,41,Berlin
GPXh8EJ6,54,London
3QKwbEAp,44,SF
YKRoCidC,50,SF
ogmcdmWL,66,Berlin
xXfNrNDa,69,Berlin
fHOl1X4E,69,NY
P8gjvTvW,69,London
QECIy5Bq,65,London
iw0jeI0V,45,NY
vWXOKED5,60,Berlin
tpmUF5XE,42,London
CFEN0F6X,52,Berlin
FlrJA2HM,32,LA
zVUbjkE0,28,NY
YzuPhbnJ,50,London
N0PR3ML5,20,London
U5EtdVYu,62,Berlin
wFLFkiMS,19,Berlin
nQHS8r1W,63,LA
SZr7nhLo,19,Berlin
W1p7PXfz,51,London
p6JCWyeR,41,London
yGJtqFco,32,Berlin
Y5AN5lZ8,36,SF
SxYwVnyf,42,NY
s25WWCTT,47,Berlin
37Zbx7mH,34,London
VoY7KKjw,55,Berlin
Bj6LTniH,35,Berlin
P1qdO3pl,56,Berlin
uBGUZx5V,43,NY
AqIYPlNt,41,Berlin
UXgDKy9v,25,Berlin
Qhjy8yaS,49,SF
tGDaDxKv,58,Berlin
3ZHucv4p,62,London
PdLcw16v,40,London
2TFs8s7G,55,SF
TugFt4xA,25,LA
YE4V0iZv,43,SF
phkZmUoK,24,London
BLCOHvBd,59,LA
RCY70E3y,45,LA
NLSYjplm,57,NY
gZKj0uRL,64,LA
3e8We9y7,61,SF
LCGghlOf,33,NY
N8zOQ7jb,55,Berlin
np0c71IQ,52,NY
wr1uBEgt,60,LA
769LizwG,53,NY
LrWFTldL,48,London
TW916xAl,64,Berlin
t76yo5gn,54,Berlin
zIScPrws,41,London
NT6TbepY,33,London
itOWEOTU,55,SF
lu7mIvjo,25,NY
9Xu7HNQa,36,NY
YOfIdhKh,43,LA
tbQuqUQI,59,SF
DTr5SDS0,61,LA
YirNS0Pb,29,SF
fnFCrfmJ,19,Berlin
NRzERrK1,53,SF
zsvnWPwd,52,LA
JHqXK2Et,59,NY
chR4R3bd,57,Berlin
gXJFxU58,65,London
pTvi6asI,62,LA
Cn9zbXPN,47,Berlin
Byz2mBYy,21,Berlin
auskDAEP,62,SF
HwWyAkIK,69,SF
zSshsAzC,51,NY
msWKStnK,28,Berlin
p5GtA4l8,63,London
uWxyNt6Z,54,SF
ux52wfHv,39,LA
drm7wq4D,38,NY
vGBuJuwz,24,LA
JQvpQjAl,36,London
ZUvdcJa7,19,NY
ObqWHZRV,18,SF
iehlXkeK,37,NY
8HWfjRwW,51,NY
742lk1VE,25,London
nnpwocfV,49,Berlin
DC5hDFqg,30,SF
hTz8ODLa,53,LA
CIgXtynL,39,Berlin
K0BzeQdA,23,LA
BxhQVkgU,52,NY
bWyq5skr,68,London
QyDJDAzh,47,LA
KeqJnZgW,68,Berlin
cRHsxGms,46,NY
sNwagCW7,27,London
5McME2kJ,26,SF
88rj9ccB,26,London
m9mG31dC,33,SF
WsxrHI1w,39,NY
XiA3A3uT,63,LA
rL4anGHg,54,London
ppYoHzNJ,53,Berlin
NTmqW480,62,Berlin
cbxT4tkT,41,Berlin
3iyfBvwx,47,NY
fn0RExK3,60,NY
q9k5VuAm,24,London
K1xiYxVz,68,NY
moyO3fuY,42,London
sTmmQZzz,52,LA
c7Up7sgh,28,NY
B3fzpo1c,46,SF
gVUXELs3,66,NY
SZkAXq0c,52,LA
HH9HG4C7,45,LA
i4YiVI9S,26,LA
970w7pY3,26,NY
UKhjX0U0,19,Berlin
BPf81yRn,65,Berlin
uvr8yJjz,59,SF
F0vPxhWF,51,NY
FLLZGqFl,44,SF
oLbxe52P,58,SF
pnl8mfRx,60,LA
GqaUiTKm,38,SF
YeKe1nUi,61,LA
vlIR7HI6,40,NY
BamUeWR5,37,London
JVU30RSo,59,SF
rpSyzONM,21,LA
xwUmv0dA,62,London
ws9HHL9G,27,London
N3xGybj8,59,SF
qG8UG4JZ,48,Berlin
iNEmX9Yg,52,SF
arwpOdom,65,Berlin
XMZryv0j,46,Berlin
j2OF3K7Q,49,LA
P2OxYs0a,39,NY
K3UhgbbP,32,NY
rutWd2jK,26,LA
XU6hxdD8,59,LA
EeIJR36X,66,Berlin
LDWbo8cM,33,NY
eqIfXYWC,62,Berlin
doMttBLB,26,NY
b7IcCy0p,65,SF
ca9pzbPL,40,SF
MwyxBOYQ,18,NY
ak7SStco,35,SF
IBYDPdiC,61,LA
UBDaHPFp,55,London
zikOMz9I,39,London
7Wb9jMu1,63,SF
JFoneFhP,26,LA
bEHs7KHU,37,London
sd1h7smR,21,LA
3ju1UhU1,61,NY
T8oN6Wdc,40,Berlin
vjMJArz8,61,NY
bnnzspQQ,19,London
PjtsrCwA,23,LA
1zK3dr3Q,26,Berlin
NwTrFrZt,66,SF
nzq5nIq6,30,LA
0ik1eaIE,56,LA
QXlDzJ8a,50,NY
wtf9HcKk,36,London
wLyb0YCJ,29,SF
5NYCpxCt,60,London
Tm1WUM1v,58,LA
hCnR59Tn,60,Berlin
2poG0uar,57,London
QbinDnuM,69,Berlin
k7orBVDe,52,SF
sWRRU999,63,SF
50zTwrwd,60,Berlin
jbo0u7hG,21,NY
NXFFXwAX,21,LA
cRnBf96h,27,Berlin
fsEZwWBt,49,Berlin
LPJfefz9,69,NY
IwZv88UQ,31,LA
2lbwP2ZW,39,LA
iAGoBT9E,66,Berlin
CkQrG8Is,23,NY
vbG7z51j,53,Berlin
DYck1yOB,66,London
BnZaXkEy,33,SF
JOXol96q,59,London
3UXldH4g,54,SF
OR2GcOci,45,LA
QgIB9XMF,59,LA
BL1KXGOj,62,Berlin
XfZgsXka,55,SF
3JYxrItp,68,LA
x4uPvpkO,49,London
ockKJ8hI,34,London
e0HTeFHd,45,Berlin
8Xkb6iAO,61,SF
eY05Lkvx,67,Berlin
m9yOMKhv,23,London
NRs1Rmnc,41,SF
Rv9Y36zI,44,LA
KgyY4pts,37,SF
IBB1R5Wp,50,NY
epUfxRb7,58,LA
hohpREUc,40,Berlin
IduuzI4f,21,SF
5ZThg1C0,19,NY
5QSPSVNB,48,Berlin
vQUiKMxz,19,SF
aqQe7jfZ,43,Berlin
AB6PQUXL,58,SF
loaPwRAi,51,NY
aeXBCWFz,38,Berlin
HcquJpB2,23,London
kbgPPXFG,61,London
fioMkWD5,36,SF
0RkRITGV,24,Berlin
KWOUYe9R,55,LA
Qv9CHOJn,21,London
QQLOdL0d,33,Berlin
fsIZnGnG,41,Berlin
GrIH67DQ,49,LA
2qorcbD0,23,London
705eQJDV,46,London
aQcp6QkW,42,LA
ZuBOGZNY,64,LA
ivhifUWx,61,Berlin
BQivuy0k,42,SF
PjlB1rnj,25,SF
kwAmbqjY,68,LA
j708GWq2,35,LA
lGjmDWlE,26,Berlin
1O96CPyL,65,Berlin
I0BIl8o3,39,LA
tQ1xu6GW,30,LA
m8T9gT8p,38,London
LdrCPhAA,53,SF
kt1ajo04,20,SF
i4CwwDNz,42,LA
ZbCv37jT,49,London
bJOyApyB,46,LA
bmHz1sYT,35,NY
QNXApVCt,45,SF
agJ7cPZ7,52,SF
e2MBDZ9w,36,London
IFOsGl90,68,SF
EIZeGVXm,20,Berlin
UpoWW5aC,42,London
SUM2bUjt,55,Berlin
AhC5XlW4,54,NY
Ln61Oo9R,39,London
5YYYw72s,66,LA
Or5PR6vn,54,LA
OubFcjBi,18,NY
peJ2SggY,36,NY
NeAsQlFh,61,LA
yf9c8xO1,57,LA
rdeaAYIP,46,Berlin
YQXHzhrz,39,LA
0LUdhdzf,27,LA
Xg3C0nI8,48,London
U60GUs4z,62,London
WTUYv2Xn,38,London
VAawMZL9,60,London
Lse5pSEv,23,NY
6htW1wjA,38,London
9M5YEuWE,63,NY
yqRvrJ1P,18,NY
hfWON6T1,35,SF
SReV8dKK,52,NY
rA1yeVbE,64,NY
OQ4KGuVo,60,Berlin
BcpkP51y,54,LA
M23yrFZh,64,LA
xkd3D4dm,43,London
NM0jDP62,26,Berlin
9MCqMP94,47,LA
1ewiz8i5,25,LA
UuYT3ZKp,54,NY
uxLOLNyw,63,Berlin
vRSZiPtw,37,London
oin7c41v,23,SF
s7nP6ZQO,47,SF
LhwHRH5e,46,London
FgEnqNHG,46,London
hZCiBM8f,53,LA
C9HB7eDa,63,Berlin
oyJMTRza,19,NY
8gnl3Tpo,51,London
JNRaq3gQ,46,NY
w01fC8Dr,27,LA
hUD0ZEtb,38,LA
URPchLS3,49,London
Y9dhP9Ge,62,Berlin
onMuMP7V,66,London
La1YYbj3,29,London
sj2Z3Dgr,34,Berlin
Qg8aQfLZ,27,LA
KwfoPlUT,42,LA
c3wOKIw0,53,NY
tTPRjRoB,32,LA
iQzgKTfa,31,LA
5QCTqpbK,52,London
ep9XkKpI,29,London
df1f8hOO,36,LA
7gmYqpys,56,LA
DApvQrFl,59,NY
LlL8dWxA,31,Berlin
21gf93IN,20,LA
kQzOuDa1,50,LA
k2EM3cE6,33,LA
t72FO5jz,55,LA
vhSW0frE,64,London
4PsuStz8,47,SF
eGMlsvMg,48,SF
xhjriWrc,46,SF
yHgelWBH,52,SF
elbmFgZV,58,London
XVL2hJ8Y,60,SF
2rnyj5hY,22,London
w7g0K92x,55,NY
0BKmfFBe,69,London
JyOKz11u,42,Berlin
9iDB5J20,27,Berlin
IGm12o5Y,57,LA
8rtYnIme,55,LA
EnOFq30b,30,LA
FMKZivvP,39,LA
gTR3R5iv,26,LA
ceEr4Za9,32,LA
6WEGcC4W,68,Berlin
49YzUsx8,40,NY
81V1bg3i,21,London
CZAqHdhb,57,SF
hxaWu0DM,54,NY
i5arWdwE,33,Berlin
4390r40H,41,Berlin
kNfLEUTo,67,NY
6AgGFHXO,39,SF
VjXNw2Zj,48,LA
wITJhiDK,51,NY
boIJ9Izt,49,London
IFDo8PFJ,55,LA
TpKOJZE8,47,NY
OjzOKzUh,52,LA
ZWGYAVaW,24,London
ei85oAFw,45,NY
k3qhILFh,49,SF
u3oEdbHX,43,London
GQj4wTOh,52,LA
HSoqI1Tl,40,SF
DKyLhNI3,29,London
sU5RrRdx,51,Berlin
JYfCl8ql,44,Berlin
k0haj37C,58,SF
XUi3LmjP,65,LA
rLNFrFDW,26,SF
DNhAgXrr,55,NY
xMQqQzl8,42,SF
qXV5Wd72,32,London
1COZwC5l,48,London
re4KezgV,47,SF
BqorjKsB,24,London
Jk2JcSKi,53,NY
iCEbBmEu,38,London
0oyQ0eVP,60,London
2p17fGtZ,53,LA
gzY973Ee,31,London
4oK58tTg,49,SF
XGuijKyd,24,SF
O7ny7k8q,54,LA
EyJskDnF,34,Berlin
1G3U4FEn,52,NY
yBGiFaN6,49,NY
QOmFuZid,62,Berlin
6fTOHsij,64,London
hyLMFFRI,23,SF
4jMITaRr,68,London
QjQZMsLK,38,LA
L3Z4LaQQ,28,NY
BzZecxRL,52,Berlin
nvJ1JDNa,19,SF
dQKrzdNp,50,London
Yyt68jT3,18,Berlin
Rqy1rAgX,63,Berlin
gtQ7bL9k,23,London
o75mhlbq,22,London
ERJMoHEU,35,SF
TC1cfNdI,32,SF
q9GvWN9Q,68,London
0fdtbNnd,53,SF
aAMrzbLU,58,SF
ad5SJHfP,34,NY
VuLvmWeG,34,SF
aidvL9nS,54,LA
R8IoEk0B,60,SF
ncbEFaLT,39,NY
FiciUfHP,44,London
6m1OSsqe,65,NY
Ud0qsgMB,63,London
RWF2p26u,22,LA
zugnOhGG,64,Berlin
zPKxlIgU,55,LA
ZotUEevN,45,LA
0diU9eMB,69,SF
1u1jMBCr,64,NY
8gMHH5it,27,NY
QvrBg2nB,44,NY
AlNTVg6T,62,NY
P1XhKGQh,53,SF
wemyvGSf,41,NY
jtQQFTNW,44,SF
2ZnpEs2S,64,LA
bq5AICrR,45,London
8MPTCjCZ,50,LA
vIr8CMle,18,NY
S6ZGakqj,46,London
Y6mSvW2f,63,LA
ATEvKwHQ,33,LA
lt2JvbcF,60,SF
Tvc7ckOU,59,SF
hTsnLqj0,36,LA
Oi22YZHu,23,London
kbtVHvnt,51,London
PsS30yvU,23,London
LeDeev0V,27,SF
AKsiPtuH,53,NY
yYJMzAvC,68,NY
9m0n4Bgb,49,Berlin
eQlLMfBF,60,SF
jXOrPdd5,26,LA
gZ9LF4eg,32,NY
lHYyzHDg,56,LA
fjwNpujP,35,LA
PYkjz486,27,London
rdTEyQyX,26,NY
M4wYUNjP,33,Berlin
R01YoX0A,62,SF
oDAmlAf0,66,London
kaQJIr6p,22,SF
gCShmvK0,68,LA
Q85c1BNB,59,LA
ICoZydSB,43,SF
VVQIjr7l,63,LA
iQz0H05H,69,LA
mJMGwWNJ,58,London
ks8eFRPv,59,SF
sdJwpKpW,21,SF
phASODla,36,Berlin
XMcXrmGz,58,Berlin
fxdqj5Q0,32,London
OpLi8BVG,48,LA
Qg8aixey,26,SF
L1N0yLJF,28,SF
NBhDHN4q,56,NY
kAg7YvNs,46,London
BuwgkeJM,56,NY
xZaNmCRS,61,Berlin
zJBk87gO,32,NY
hxyZj4Zg,54,London
0WodtwM4,19,LA
j6G7qMZj,40,LA
TNv39FN0,26,NY
kyItfszh,30,Berlin
Et4iWZMC,64,NY
y0QXuc9G,67,London
Z82PnZ0x,31,SF
qEJChloq,54,Berlin
mVNOPut7,38,NY
Xq1Si0Bl,35,SF
Vr1jGGn6,19,LA
LxOp1OuI,36,London
GoQHf28n,51,SF
9WdYpAx3,40,SF
Hy6A4zc0,38,LA
th58cPLS,53,Berlin
BMb8mwEK,66,Berlin
cG0KjFal,40,SF
9hEx5YN7,58,Berlin
zIj7I2II,21,Berlin
OTPb6Xbu,44,NY
CAhDQKM3,68,Berlin
tkilXUkN,60,SF
EAlwu35H,64,LA
8Ljlucxf,39,London
mqNeMdwV,69,NY
jLhf6xVx,30,LA
jY0STTba,35,NY
jXUsFoj7,21,NY
wswWXuhZ,55,LA
zJSs4IK2,38,London
JBVLvma9,35,NY
kiQi0hav,33,Berlin
mTk2oKkF,37,NY
6xuINf2h,33,NY
3mkgXvkH,59,NY
SVWErLJ8,21,London
pZHoAidX,47,NY
xoa9WvU0,53,NY
j9JCnUaq,29,LA
YOjq5qQW,60,LA
WYDOQ0Tv,38,LA
vAbbS2sJ,26,LA
tcEVzYhA,55,London
6MV4FiLH,57,Berlin
g21uUKl0,64,LA
nhBqET19,69,Berlin
tfAAIbbK,61,LA
nJICtKWl,38,Berlin
3teF5jcW,46,Berlin
vlaU0c5H,45,NY
npIL652S,25,SF
ddMjFwqo,66,London
t24X8VoL,53,NY
s4hRRQUZ,23,SF
JNczmdZq,28,London
zQeb1MYz,21,SF
rW1zKFcY,52,LA
ZPEiQ7jI,33,NY
fLGd2YSX,36,London
XiFjfYIg,39,London
J51G1Bk4,29,NY
YVbOribF,60,SF
ClB9euFr,56,LA
QVs7xLjg,47,SF
4VgV5u2h,27,NY
3LEgGLUI,18,SF
OvEzsz9C,31,London
u8TqqH2O,23,SF
4wZ9RXLP,53,Berlin
lovNjefU,19,LA
Gv9kyGto,56,SF
iJWDCUnO,40,SF
Fe3op2KS,33,London
FwXV75gy,30,NY
5qW21rNA,32,London
7ZjhsNW8,51,SF
FCt4MHip,20,LA
W9zHo1xb,67,Berlin
ges38QG2,43,NY
iDFfyju6,35,Berlin
RP82dMQS,64,Berlin
FOKk8M4z,26,Berlin
ygP3I63Y,63,Berlin
dBFrIwLq,28,LA
QKR6lrbT,38,SF
ak9wsl3F,60,Berlin
fyBSJleq,40,NY
w7Uoms3O,19,LA
NKtTwQXv,47,NY
C31Fq1Mz,31,LA
U17vM4Ej,60,NY
5roTacJc,23,SF
ldtjfVZ1,65,SF
0ddQApC5,30,Berlin
SpP1Sy5P,38,LA
RqaLNBPd,47,NY
rLxzJmcR,38,LA
9cZ02RGz,19,NY
JsRP3ErZ,18,Berlin
ksLfGSj8,60,SF
U8VnYsic,65,London
QoHTgg8q,43,Berlin
6q6rtMgz,29,Berlin
mCZYhiK4,34,LA
uZenvrXL,32,NY
vrxzZxPW,60,LA
ilvXBklW,30,SF
uSQz1ao6,54,NY
OPsbY1ba,23,SF
EAi5FmXi,61,London
Dlq79ApJ,34,LA
2oChH50r,46,Berlin
I8dJQya6,60,Berlin
fneSKs7s,29,LA
u6CwWwnb,49,LA
JwU0Koiv,68,SF
oFvXrCZ4,46,Berlin
wfIpkoZp,51,SF
7ctwQKTB,44,Berlin
FchSAR4M,18,Berlin
sdUCHVJk,69,SF
PD7lygVA,47,Berlin
MkLflBQI,43,Berlin
ZlC9ydKZ,60,SF
UgmWslDD,26,SF
pw8nSZ0p,34,Berlin
PcB9simU,19,London
VCkFKegI,61,NY
VrrucwHL,18,NY
HMu7RI2q,20,SF
GiYOtZGW,27,LA
sBYPgwwr,69,SF
37sdEh6M,64,NY
dCcLSihe,44,NY
ANsDGzG8,49,LA
0wuKl35B,43,Berlin
ttwI6yAi,54,LA
HAHEtwD9,18,Berlin
Xm3QbO1V,19,LA
L7B1jpXL,40,NY
VdBg9dEz,63,LA
cf6Lh988,57,NY
WJTDlzU1,38,NY
fHGVaFJa,25,Berlin
unjbJyKv,58,LA
Zosy3Kos,49,SF
aoKj34kU,58,NY
GiCFAtjc,66,NY
c9Ig3Zu8,32,NY
zCD0oq5y,35,SF
kaM6AzYC,32,SF
h7InJV8e,39,LA
5sPsoijP,24,SF
V0yPVkOs,27,NY
jUejdUdz,61,London
gUeYODuX,33,London
2zI2pEcf,69,Berlin
Jkz012Li,45,Berlin
1faWls4X,44,London
JmCA3inu,19,LA
aHucqnlF,48,LA
Og2icu1C,65,LA
cLjF3cZx,56,SF
tDEceFtF,37,LA
XKOlfGy0,54,NY
QhQYfegS,22,LA
C6PBkO8r,46,SF
ERZR9IN4,22,NY
uB45dclB,26,London
j2zaSlym,28,London
P2ATmNKz,22,London
xvisueLa,38,London
RnR2LRKq,48,Berlin
OvxBpj2O,56,London
LrJ0DlS8,46,London
oe0bIG8B,35,SF
dHUbLBnn,28,LA
VwGjQKbf,27,LA
veEu7pHe,63,SF
jxVZSSju,48,Berlin
0O27gace,57,LA
lpoMlnf0,38,LA
spojIuFF,55,NY
Z6YrYVPr,53,NY
KOV8LL4X,19,NY
0GZ7tAEl,48,Berlin
WpaO3biU,30,LA
eoncAwKQ,46,LA
AaVkBUab,38,NY
O56cl2fZ,38,Berlin
JGvpWWBC,20,NY
RC4VAQqO,59,SF
j8EESGwy,50,London
h3FkLuoe,33,LA
5rr6xeVa,39,London
cPpjWSvl,28,Berlin
4vnnVuY0,35,SF
Cjas2cBp,29,NY
NlwacBye,57,Berlin
EWMNnsnw,55,SF
wlBITXzO,53,LA
uYzjtnNo,46,LA
T3RpjGGT,27,NY
sZYUjESH,40,NY
gmhCcwuG,31,London
0nUlMKR1,63,SF
3Hw9KXrM,39,NY
Zamzl3Pk,18,NY
iULlx8mF,54,NY
ZBncXyN9,38,LA
21awOcNF,55,LA
ObukC5mk,49,NY
Hwvrbat0,32,Berlin
SdfwG6sE,57,NY
w6pl3Uzr,53,London
5Z4xo5S7,56,NY
x4IK6CMF,39,NY
xZFMvWN8,66,NY
EIWnMs62,18,London
oZ6zpIje,59,Berlin
q2U4xBwd,23,Berlin
qjGOUPfx,48,LA
tpfg1Gq8,29,NY
Xk1acB7O,37,London
3wQQAvti,36,Berlin
r6gUAIWM,65,London
8KjlAvJw,63,Berlin
BHov8Cib,58,SF
6rMXKrgS,22,LA
RjjlG1lr,38,London
BBdbdOKb,38,SF
dGKKUsuA,46,SF
9KaWVuH3,26,LA
NMnSuinI,57,NY
tdAk4oar,69,NY
zk2ASwvE,28,Berlin
GzsXiXz3,53,LA
HeXESxUv,48,Berlin
gq6FdvAP,58,LA
kmD0lHFc,33,SF
wuIuASKg,33,NY
zikdjnig,37,London
5hH0Fo42,45,SF
mY1PAPcV,27,SF
ptc7ly3W,43,Berlin
SzZ162qZ,49,LA
OxKM1PcL,52,Berlin
VwtpG2X6,24,LA
PWjNaNi2,44,London
a4roHkIE,34,LA
jMxrjaP7,38,LA
BcSJriJD,57,NY
ugqwgHXq,26,London
eMDoIgFa,32,NY
PkIYpUfK,46,London
OK8GIOQi,18,NY
9eKfX7VB,45,Berlin
RWvwxyF8,35,London
Ln3nXTyU,47,London
Rv8DE7Df,42,SF
Gu9cOJqT,25,London
Nqt7bzDJ,29,Berlin
JqYGNDU0,29,LA
GDbawO4e,39,SF
NoVo1YdZ,29,SF
DOVLhnD0,31,Berlin
tobb8pRI,51,NY
7wOrZX2L,68,NY
sB9uqJps,68,Berlin
iQZyBHEL,23,London
s5m6d9IC,52,NY
7Pi3Ojol,24,LA
knrXwean,32,SF
1hRVO356,51,London
1JCPQrXR,33,London
jLIVlh9A,48,LA
UleXX9qG,64,SF
d3xhoq0C,25,LA
Qx7l8IMd,64,SF
HWnZ4KZs,30,NY
STRae99T,34,SF
AXzG3hdz,63,SF
lx2fhDNY,69,NY
D6r1Mux0,60,SF
M5sQSYS3,20,Berlin
utXPE4jx,67,SF
IuMI8cx4,20,LA
Eg0YtLfN,35,NY
4q3El45X,60,NY
lWsEGi94,68,London
Xg5OFO81,37,Berlin
up9FKqLR,32,NY
UFI34PSK,63,Berlin
YcM6Q2Iz,60,London
A7iaVe5K,60,SF
JwOZp4cO,34,Berlin
xFuSbtN4,23,LA
0qyJeIR4,44,LA
1VMoMKFy,35,SF
8VfzwfK2,55,Berlin
nsyCNFC9,51,Berlin
2qxWnyIt,64,SF
IbmuX2UU,52,SF
2SkbUWIn,68,SF
XYmUd3SX,56,SF
sEqyZr0z,57,LA
c2QVEuSL,36,NY
P1gcylaR,50,SF
E3Hpv4ML,68,LA
5oMYFPqE,21,LA
XRYVnUtg,63,LA
Ss1jOQTX,34,London
mAZfHIgV,57,NY
DbV5W2id,43,London
g3M1CySB,42,SF
tUqM3VyI,67,NY
FI5vanLZ,49,Berlin
TsLblMvZ,66,Berlin
OCiuaTdL,43,NY
vcCjHFQW,48,LA
MNNvNumB,35,Berlin
YrIFA6UB,43,NY
VbhnTIPy,20,Berlin
qdeIQW9e,31,Berlin
6Ab4qHIt,54,London
iaO30ooN,39,SF
aOBBqk3e,22,SF
V1GBX6uB,58,LA
QSPJODUa,68,NY
1Z2ptejY,69,Berlin
8WBxfI7N,19,SF
9xzt2etX,37,LA
N7yP0PZP,33,NY
hN0vHoYi,22,London
AeHBUcoV,52,London
vjd7KMU2,56,NY
WthgYVyz,60,LA
c9mXP0CX,39,London
97ywAAvT,51,Berlin
qWGasZM3,44,NY
GKWujTzP,63,LA
oMDBiOCp,21,London
xmXC00zq,63,NY
8Yh5PLi1,23,SF
QEuRGzMi,46,SF
eOTOSbqW,63,LA
PsyxmCDT,61,LA
czghN67W,39,LA
1QuhlsZL,62,Berlin
ejH5BuVm,69,NY
BWpLwd8G,53,Berlin
YP8LjuI2,23,LA
C8LDV2WN,23,NY
GjGQZCUc,67,LA
yCU65nyi,46,Berlin
lF6kP79C,30,Berlin
asa8In7g,69,SF
ZZaAzW43,27,LA
CmO0evQw,25,NY
dOy5g4bt,28,NY
ZT8kB8ib,34,Berlin
mzFtDbUM,30,London
TqTOavIi,63,London
yMHdt0UK,36,London
lLfq7p56,60,London
3Yqr3eTC,42,SF
i8EfUJLi,19,Berlin
WlaGjieX,18,LA
eHoKQW6X,50,London
eDPTSW5h,56,LA
3ssCHosn,58,NY
qnfBsmij,47,LA
A6l7aifo,39,LA
G3WoXwtr,50,LA
hNaAhEwx,67,LA
IEHgdXIn,56,SF
p7huK9sD,59,London
Kz27mti3,24,SF
TR4Mkg2C,22,Berlin
FTZGCwKN,54,Berlin
B3SXLqks,63,LA
T3zuCd5n,35,NY
qrSYvgyG,21,London
Wj43eJWs,48,Berlin
7bRmxTwT,52,LA
xD1E9B9o,53,SF
fI5xUP7v,35,NY
lgfBQ73J,34,NY
8QsYenUW,57,SF
BQoQVBPs,32,LA
9VF1nYJo,67,London
ffgJOjkz,20,Berlin
NHnsQ8K4,43,NY
vdGg4BlY,46,London
EfxVwDKr,45,SF
OsQuJ9N4,35,SF
hhYDJ5Mh,62,NY
W48PHHZV,37,London
xUKpnPjx,41,London
dShSj1VP,63,LA
84EZwRDn,46,NY
ZHCV6OeQ,61,NY
eggMlEAl,32,London
W3Al1gXi,44,NY
NXjj0492,21,LA
gVJH4ERl,58,SF
jM7aXc6Z,42,LA
6gX4fd0P,61,Berlin
NVLJGpHm,43,NY
D8tYwrmg,65,NY
NKCWim0U,37,London
WPwK3SUS,38,Berlin
4OtmY2oK,68,LA
ZAPAEPoh,62,LA
IrQwxFSx,31,Berlin
qVg3pNeT,33,London
sFtMBWUu,61,London
ssxBATV6,22,LA
JqnojDYs,29,London
fTTrflEm,32,London
ug7LoLrj,67,Berlin
nkXK3n1d,21,Berlin
p7azjYaV,46,London
qZscPfJo,36,NY
jrTfKlQ8,27,London
QrDPUEZ8,32,SF
a6W6f0Mt,18,Berlin
dGq8XrUu,45,LA
l54Wd3M1,44,Berlin
3NexOrcK,53,NY
u8YRkMwZ,56,NY
ygeNA20I,24,LA
tW708pxI,61,LA
EH7GT5uE,33,London
fOHrz9QE,38,SF
7L3UVFBs,65,SF
cpz76yGl,39,Berlin
ALrNtDSQ,42,London
48tBl2xR,67,SF
CNyhWDPG,52,London
IxwgtZ4K,18,Berlin
mMr3CwR2,47,SF
jZJiPmGo,39,NY
BfDBi72m,52,NY
uIpqFzBD,22,NY
4n03zYLU,29,SF
jVdhhZbO,55,NY
ZnDGIlE2,66,NY
v49DzucN,20,London
15OTkJG1,29,Berlin
IYyvsX6v,60,London
fPGrW1WU,53,SF
11kbAMGN,49,SF
2IlDNVcS,51,LA
6s9CR8TN,37,London
NWPezbct,57,Berlin
LfD1C3IE,39,LA
rj0Jj4yj,59,London
bgfmlvsP,47,NY
59rmljQx,32,SF
tlfiJAZT,24,Berlin
1hCVd6MZ,64,Berlin
7alFLidD,33,NY
pcvDSoms,33,SF
tH95g7fO,45,SF
kRQ9iT5Q,65,LA
HHsnH7pk,67,LA
agoRFev5,19,Berlin
Oom3vYLu,43,LA
TKbSTlgT,44,Berlin
dBqR46Ql,38,SF
ivRXLQM4,50,LA
L6GNFwa9,18,Berlin
ApUqcUmc,48,NY
dybPTm4h,60,London
FQ2pb5J7,29,London
wuNKMDu7,35,London
ZOw5nM3j,61,London
Eea7TTyH,36,Berlin
sFUn37cq,39,LA
8TTP7USl,28,SF
FM0rIO0b,22,Berlin
ndvheMyL,69,LA
a5GRxRPt,23,SF
KuuNRPfX,41,London
zujmPbwD,68,SF
0WAVL1xB,34,LA
XKufrt1H,28,Berlin
sSrQKi2G,50,NY
gVZYsOrh,38,Berlin
1IhRkRN9,67,NY
9Sw2XPEh,37,LA
DAj95Ig3,20,London
pARgNCsj,54,LA
10NV84Fc,45,LA
Lt93NgkT,51,NY
qaAdlAGf,63,London
tJb6AOnL,30,NY
39MTX3PD,19,SF
blngD98Y,22,Berlin
c9vjOGTT,49,LA
Kxk10GrQ,21,NY
d4j055Xg,59,SF
4ve2jhqB,39,LA
GvovgnRt,35,NY
pqlqVwRC,43,London
GrUJ9asQ,44,SF
TgYuHGqS,26,Berlin
EpUDRcVT,43,Berlin
maYRUiV2,61,NY
XJYcy7Gw,25,NY
qHSSUObP,18,London
75H6ocm1,68,Berlin
3ncaUW6j,47,SF
JroNwEoj,18,Berlin
q9ZcjwE2,55,SF
7jEyio4A,31,NY
CZJcqVcd,66,LA
XVGqfdUk,53,NY
tqR8qbXI,34,London
vcksgexI,28,LA
HRsCoEaS,35,LA
eFdKnTa1,53,London
iiLOtZe2,45,SF
IZ83ejBD,32,SF
wOGBx7P2,22,SF
lkZpFBws,32,NY
9H2h5FAl,40,London
qgsG8Sdz,41,SF
rrXiOU6M,24,Berlin
GEeSelWK,65,SF
8jgVPi9A,43,SF
24fGJDzV,68,London
bv8doWsz,19,London
VqPXFlcN,65,SF
e3zuaEd3,30,LA
JHXzAYvP,43,NY
FI2HfVgg,39,SF
PlPWdgaf,33,Berlin
PMBnVx3j,34,LA
Dco4ybwS,66,SF
HQSrJ6by,26,Berlin
g5mhHy33,68,NY
tHf20LOG,68,SF
07WhzEjB,20,LA
EIRKbYqd,39,NY
dVbtZV4M,69,London
0In1mnBr,47,NY
hvS65sJN,26,London
IM76zOG7,27,SF
6Cbgdern,36,Berlin
xmkKIQkD,33,LA
AGgp3MMn,63,Berlin
TiFdw5Bi,43,SF
KEh2rOe6,29,LA
OPF2pmva,24,LA
Z2kZmPIo,61,SF
XljRuGEF,35,SF
wnZPzaoY,52,SF
VWEOQLKQ,28,NY
b6kzpyT6,36,London
58iDsCFf,47,London
vZCxmFyN,32,LA
ejxaS6JI,26,LA
WkDSZ9hC,26,Berlin
VahxHf8c,69,SF
MvSfV5bI,34,SF
ygQD1mzT,35,SF
s91fsiRi,55,London
i0VGM0C6,62,London
AoyXuJpP,60,LA
hGCH8RfJ,30,Berlin
r4wTM3A4,59,LA
55cQwsnD,65,LA
mAQkrNs4,33,SF
B0CvVXWc,39,London
7iqRlvSS,63,SF
fZmdsAsg,55,London
QVde36Qq,43,LA
q658vmqu,37,Berlin
3cP8hDJN,47,LA
tskb2dVw,47,London
blBG9FWQ,41,LA
D9gHsvrp,27,NY
TRgrwpqV,35,NY
zHCLwHQq,35,SF
a6KM57Yr,36,London
alKhMfgI,55,London
q1RUgc6x,49,SF
JHGcJygT,27,Berlin
i4DRC9sK,40,LA
tIiwkY0Z,58,SF
bXDpJpWK,59,LA
rQuVoLXf,28,London
koTdM4cH,43,SF
cTiOzQSo,42,LA
EzJFqeFs,28,LA
iafsER4x,20,London
WiR47Hhw,60,SF
dppDAw3L,31,London
I0jCyuQI,68,NY
nachRoXu,36,London
cSGY8peF,20,LA
ZPy030vr,26,London
OdlYb6Dm,22,London
CXNCm6Nf,51,London
0lL2V7Zk,23,London
E4buBrpM,26,NY
AviAn7Ha,68,NY
Wa96Tp45,56,LA
uUWX7nwk,59,Berlin
ZpjuYyyM,48,NY
GN89c7II,28,LA
tUs3djGA,50,Berlin
b9nxo0W7,68,LA
RQzDYzqB,58,SF
tyJY9C7N,26,London
9GayDsqC,46,NY
uql1Vkgx,49,Berlin
i4GMT2Qc,23,LA
6ym5DUdq,43,NY
KTifAVYO,59,SF
8ZGBmUiq,58,LA
M1dAYA0i,21,London
JeAlBRLi,55,NY
XVA1avCP,45,SF
Y0YGFOvJ,56,NY
Eceuc6VS,31,LA
lcr0V2BO,48,London
ymLLyyuD,38,NY
ZDT27tki,45,London
TbpTAfhT,21,London
HSSW42mB,41,SF
K0rm5MNW,19,London
kb4Gmo3B,34,SF
pbB0gtu9,40,LA
BXq09liQ,45,SF
kD6PYXGm,60,Berlin
OSjn0RCS,27,LA
mK59W3G5,38,LA
UxMjN6zA,55,Berlin
VUwHRZPD,33,SF
3tyBo2Sc,28,NY
KqPwrTvg,27,Berlin
YGzwj2fr,38,NY
om2i0WEM,40,LA
rslLYjGf,18,LA
kxzJrrzm,33,LA
cXqWJXrW,45,Berlin
bR5NJ4gk,44,SF
82C3YOYx,48,London
2ShTz3K4,36,London
wjFMcIwx,60,London
jv3JsHpV,53,London
6qTOpwkv,41,NY
L3hYy4ND,30,Berlin
DIrAKKvl,18,LA
obx9eRxK,29,SF
loGz9MuL,36,SF
8yGmZ7y2,27,Berlin
fIsnyDHr,59,LA
0RhIsWu8,21,LA
haSsL3gN,58,NY
E0myLtet,53,London
ETABK07U,26,London
cpo0efIK,21,Berlin
R3UoE5LB,29,London
xVuqAo0p,57,London
BP0GWIxc,38,London
qKwn9lKP,56,NY
GEk61GoM,61,LA
ijZFGiaA,36,Berlin
urt4rEoD,30,LA
dPLLPE9P,68,NY
4bhPuDdJ,69,London
AesuLOBJ,50,NY
0p1qjsHy,63,London
iuTmDT0o,22,SF
UssXAFXC,64,SF
KxFVkHKL,68,LA
gczSzUbT,26,NY
gDl6Eufl,25,Berlin
oFhSZFwD,20,LA
x9QgaOSb,53,London
qIW26jcc,61,SF
MgA0cGgQ,33,NY
wi7cAafr,22,London
VMimcbol,41,London
qZpPEbBk,25,LA
CVvrUSmI,46,SF
fHLyVGrq,66,NY
JYvnHkDR,59,Berlin
dVr92ZfN,52,NY
A6gjNRr7,36,SF
0DYieqoP,51,NY
C4Y9bNge,35,LA
JNjKgU8X,67,SF
EIoWhpvB,56,Berlin
S6ArhAIS,39,London
EhrxnegY,28,Berlin
Y9ncdWBr,25,NY
ktILrcjR,18,LA
L3EBTRJd,18,LA
d7Sciu34,33,Berlin
JJzMhBhe,61,NY
PwCAOJnX,28,London
0e2VrWAx,30,London
Levm3tVT,60,LA
3RguajsZ,68,London
efs0RwIU,61,Berlin
mtvFFxEF,63,NY
HG15bZh8,28,Berlin
067Wkrwi,28,LA
8wY41B8f,65,Berlin
khkRjXFw,25,NY
Q7y59yYz,35,SF
McTKeiDa,54,London
JWLNjaeF,34,Berlin
oL6UIyBd,19,NY
P5RHn5Yt,57,LA
vb7xN0aZ,61,Berlin
w5UIpKVa,50,NY
dRmpkfPz,60,London
H2jrrwEJ,18,London
qtxQb2xi,50,NY
3vhYhTRG,56,LA
L1tRl6ri,55,London
QLCBK4MK,64,SF
X8TQyeDw,36,NY
E7jkAhQ7,45,NY
VY0oUqlY,35,Berlin
0IQcJpAP,54,LA
27zCqmrl,48,Berlin
RkfIKOJq,60,NY
YBmqNMx4,38,LA
gJY9U8S2,63,NY
9K5OlGEd,33,London
sxdOc44P,24,LA
w06v3Eo1,25,Berlin
wd4N1yXQ,55,London
ywFLWTeI,64,SF
lnYljKkl,56,Berlin
jn5Nh8Hb,65,NY
GTT8R1ms,28,SF
JyGG5Wx4,68,London
QpRhcLkX,41,LA
YPkNwCYa,35,LA
fb3ST438,48,London
UMgDXURY,39,LA
e9wFTZUU,58,LA
AqnhSgH5,39,London
dhHzoM9j,64,LA
COsVZ2tP,38,NY
ZrtSYIy7,38,London
tdGGMkNG,37,Berlin
eXKgKNBW,47,London
X53D9VYe,36,NY
gtaF4Wcr,67,NY
0as3yG7H,52,SF
dCn0i05K,50,SF
GKA43eIK,25,LA
8ckuBQXE,48,Berlin
s7GGDCDK,35,LA
jiXzEp3h,24,NY
bY5WNay3,36,London
rICwTNOj,61,Berlin
Gp9d8lOY,38,NY
KLV71WKH,28,SF
YwfvPgOQ,41,LA
YdCP4kWK,56,NY
e7uVZ3uX,55,London
BMnq2MYb,32,Berlin
NWdjJ7bO,47,NY
WTAcSZst,36,London
cP4bjvsM,25,NY
tp8SAouu,36,NY
FheOPuco,18,London
VpslAbxe,36,Berlin
DGlVGEfM,69,LA
OtE0rxYW,60,SF
0KKPKtKh,42,Berlin
jkah8TFG,60,London
qizCFy5B,29,NY
C1bb6BbX,46,SF
L5uvk0Gr,47,London
ubaQvfXv,43,Berlin
CfgPI1FR,26,LA
qk7ku0nO,45,Berlin
y6kln9Fw,68,SF
0AfMLn6d,58,SF
RmwnNgXX,32,NY
uP55jjgb,38,Berlin
eTTswmJG,43,Berlin
foWOhsq6,46,SF
gIVPdEfi,55,SF
sQbmXpEf,60,London
wGYdXGYN,26,Berlin
GZTKLNd0,31,SF
zPbBdi0T,42,SF
Qqyqmto2,21,Berlin
ez62La71,20,NY
Weo68bM7,43,NY
GJEqiIvj,61,London
4gz24fmg,25,LA
b4IVmItK,28,Berlin
AH4jDVzT,27,NY
JXZkrF7g,51,SF
mZ9HFsl5,22,London
fLUmkE1F,46,London
eVhEjqMS,68,SF
N50DeiAo,21,NY
KG4PM6Lz,67,London
OvmfJjO3,63,London
2uNbhlQv,26,London
Ynj4M2Zz,42,SF
K62fPoy9,34,NY
HzfaicVX,64,SF
Sp7OTUzb,54,SF
2fRGr4bF,65,SF
F00Aodgf,49,LA
3ePVnPK3,54,Berlin
9iLntMay,69,LA
754hgJfr,55,NY
HOEhSvCb,65,NY
0Txx8Etv,58,Berlin
6nxwhFHQ,67,Berlin
0LPxsmCX,41,NY
4GBBeZyO,39,NY
8LQRq8Bd,25,Berlin
cJibH9qv,33,NY
iiWjfuZ2,67,Berlin
zgjl9pje,36,SF
jnMV2PId,60,London
8XU8WLny,65,SF
CksNod6x,38,Berlin
DFnqb77l,56,NY
Ju8tNbBY,36,Berlin
Yh4KcPUX,48,LA
exYhWqjw,37,Berlin
zBKKDR5w,25,Berlin
XMzgRxfT,67,LA
Bzr8wP6X,62,NY
nOGYsAgL,19,LA
qIeE4JnT,35,SF
6yWF3NiG,60,LA
y3C9moUO,33,London
IPjtkxBw,42,NY
PlbwNnIm,53,NY
qoDYynL0,52,NY
oEGKs1ov,39,Berlin
JvfX4l9c,18,London
eX9CcSbM,59,SF
LiaPDwrE,27,Berlin
b9R2wqah,60,Berlin
qMbNCQ2r,56,LA
5c9udbBe,68,Berlin
Wvuupc14,30,NY
sHxtvoIH,65,NY
99CfyOYs,50,Berlin
zucnBCiF,25,Berlin
tCUCrPhJ,34,NY
yzDdyvpc,41,LA
drwim3Zs,20,NY
euPSGM4M,21,LA
79qJaThf,56,Berlin
H7BW6lVR,29,London
mtTIdJTB,29,LA
iFcIvStY,43,London
RkwL1dw0,55,SF
U4zKEmQz,40,SF
AvOfDzgz,32,Berlin
LrxLqhzy,18,NY
41kJxsSe,62,London
I0XfOidz,58,London
DkwyK0OV,50,SF
isBtScWf,35,London
Npas8c8p,24,LA
6pSuzxyf,34,London
9vJJN8yG,47,NY
1bfDfA41,32,NY
N1aV0fAz,47,Berlin
vwuY4qpA,68,NY
XbOsfIjR,23,NY
MZkSRVHo,44,NY
boKqi0ew,35,LA
ZlTKgYIf,53,NY
zq6EXFNb,60,LA
tzCVjNDV,27,SF
Rt8twytM,18,London
z788LRVJ,35,LA
evzIoDoj,34,NY
1Vfkfi7P,51,SF
0dRxHWFA,24,Berlin
Nue8Dvel,36,Berlin
DLKB6mzZ,19,Berlin
mkycQiPQ,32,NY
ilZwJ71M,69,NY
dHcxdOTd,62,NY
nnG8v0wF,24,NY
cxojtAUs,57,NY
nXMCQtLM,33,LA
H6UUosKJ,66,Berlin
v5RtvB5E,69,NY
lGsY7Lzx,52,NY
szOcgb4b,18,Berlin
t41A8sSw,52,SF
e93KNt1p,20,Berlin
7t7hqWEu,40,LA
8Tu6AvxI,33,LA
saMK0Awo,47,London
Zvt6fEEk,37,Berlin
FMJLfMzs,66,Berlin
n9U1C51r,46,Berlin
MBXaJ3lo,53,NY
S73uh8SO,40,London
ddn9Zhlh,22,SF
wnZOT3PX,33,Berlin
UwYjSeaN,33,London
4lOWVptn,53,Berlin
mOiVrfsT,42,NY
wdXcc8PX,60,Berlin
GcqAYxky,57,London
lfo0MC9R,67,NY
HnEEh8F8,64,SF
8p512ffn,68,SF
SWI5R3gl,36,LA
VmAG78Wj,33,NY
RLYwCf6b,63,NY
XsaXUShU,21,London
hNB48zwp,58,Berlin
ZqCJR4SN,46,London
a2CazuOp,38,NY
moYVZ3wb,18,Berlin
wn2uThZ9,61,SF
04IovCbR,35,NY
tdgDHQxG,47,Berlin
Jqmph8vm,67,LA
dPtRtjZo,38,SF
bBViOh4l,26,London
2JKgqNiV,18,LA
uVuiPQ6V,40,NY
RURs2YCv,44,NY
h65MNgDR,65,SF
piN9SWfZ,66,London
SbK9kMM5,57,NY
F8GvatI5,29,Berlin
93KEGegZ,33,NY
OcKSRCSb,54,NY
N3192cEI,64,SF
UnJieWJo,52,London
T3UQle1E,53,Berlin
dbyKcpSx,42,LA
YRmjrZOA,47,Berlin
dhqLJIFN,25,SF
vT8Ckjiq,38,LA
Y2Tns76s,67,NY
EbUOuSHB,45,LA
xJF1xQex,22,LA
47hWzpzD,18,LA
PoAggq1B,63,NY
cwlMagTB,44,NY
HLcT8Zi9,46,London
YTruUXs1,56,NY
izo13atu,40,NY
jJazpvRB,63,London
nznFbxvx,32,Berlin
GqT4LUZe,59,London
wW4wgJF2,37,LA
wUoZXllf,20,London
pDAjVm5H,59,Berlin
dLolfvOZ,28,SF
ISKL3fxO,25,SF
NOxqLaEO,67,LA
kVfEEGhT,59,London
jsGOXHnq,38,LA
0ZXYG619,35,Berlin
eXEENDT1,34,London
cB8EnzpR,68,Berlin
XTfkCP1a,36,SF
e7CSw83O,37,Berlin
BtkEqXvu,36,LA
cH6GTrbJ,49,NY
ZOhPD8e4,32,NY
wI8eutoM,18,London
mlilRGWQ,50,LA
2DsaPqMw,24,SF
6LyQT9K1,46,London
XrkrjqS4,34,NY
rhwsefni,27,SF
AFc4DzvJ,31,LA
ztge2Nwn,35,London
9JiHvHjK,39,London
rpolWFJ6,39,SF
p0EdhHbs,63,NY
qBhpQfWJ,30,London
3YTYhppu,41,Berlin
1cxT1TKa,57,NY
uhxFXcQU,42,Berlin
MTEHFtza,66,London
ACqRmqQ8,51,Berlin
2jy1sbKD,42,Berlin
Fdbk11GX,24,LA
HcOk4XzX,68,SF
Kfh9Vk7l,32,Berlin
oOmbkMR0,69,LA
dJJWpwA6,49,LA
PcBN8ecu,34,NY
vmep5Ivn,19,London
nfWgcvB6,66,SF
mcT9hvXr,60,SF
kksIYNjh,66,NY
euLGavJv,18,LA
n15hIAJ0,47,SF
uEn0HMXD,48,SF
MbYhFWUG,27,London
BDwo7Fkj,23,SF
NqdXL5wd,40,SF
QBf5PFYc,28,SF
L8ut46U6,45,London
ZUTiukSG,59,NY
4LRA3XW7,65,London
IVNsqLGu,45,LA
jMw2V6Yo,37,London
on91LSUm,32,SF
xHSIoJho,33,London
OZTw01zU,23,London
PDnJJOsC,28,LA
ijrpgfiA,68,NY
ExAoNMcx,25,SF
cYuxHSaJ,68,SF
G0AcOQLF,55,Berlin
AFSBMv9M,58,Berlin
Dx8oO9vY,30,London
NJHBkiF2,59,Berlin
hgD99inE,69,SF
pRlj13Xm,48,NY
wfb7Ed6v,23,LA
lx5wl8hP,61,LA
n2CWAnYY,53,London
PBZUZq0K,61,Berlin
kwMRNStK,19,SF
Knqu4Be2,57,SF
eExJiRAw,64,LA
LN79ZhaF,24,Berlin
MATpYcLE,41,SF
h1s05MkN,30,London
hQf6yZcM,51,SF
yTwU1K70,62,SF
gMZaPdug,45,LA
AThswFYD,18,SF
H6r0LAGQ,63,London
qYSuNnMC,25,SF
GCssxRjs,23,NY
ZbwE2dMd,27,SF
CQNOF9M6,63,Berlin
mRvmZAh5,22,LA
3DxZxmJ3,47,NY
SFCRWm9o,29,NY
sqnbO53L,42,NY
jQ3WvSqO,56,SF
9s5BUJKD,29,London
gPaa0BBD,58,SF
jptV1LG4,61,LA
KLLfxO7U,57,NY
2oGECeeV,46,London
07nwXHno,51,SF
lBI3Fcvb,45,NY
YmAjiZFo,45,LA
XXUrDDj1,62,LA
yh4pZZCP,27,SF
wBMIPaJc,19,LA
2BLMKZp4,24,London
ktoEm2vG,50,LA
esjqpwJD,57,London
0EMI8v0L,36,London
XB6Awrg8,51,SF
qSNPFbW8,44,NY
rQJG3jjX,53,Berlin
Y5kkaI9M,69,Berlin
1WXbzNmb,20,Berlin
tMgMZRxD,22,LA
z8EFrvPB,25,London
Ad2ZPSfr,42,SF
kASObFxF,63,NY
IHZVguir,25,London
VeN0ccWR,31,London
Q34vt6x1,39,London
OpnHxruv,43,NY
RPVbxkf8,22,NY
s6S3DQ3f,32,SF
QYaE0gxy,52,NY
7iIluhd2,64,London
N2bjBaeP,58,SF
XyvDQAkw,65,NY
Lb1qkcj7,56,NY
vJbaykZ3,47,London
Lb1Q8Faf,65,NY
ntWCV8Op,61,London
AvDTUokM,28,Berlin
dbOdETod,47,NY
mgS2Ksx9,47,London
7s8GJ5cf,21,NY
QdCdfa3t,40,LA
2Zow3dYI,39,Berlin
QFKLJPdO,19,London
HxjoEAC7,23,NY
XlW89Sv1,41,NY
JMJ1jOFO,67,NY
8iMXQXHk,49,London
wZgqi8Dq,52,SF
DSFe67Qv,34,NY
BfuMwR62,29,Berlin
oZS0zHBg,65,SF
DeMMoosC,57,LA
eASDahSN,18,Berlin
cUjCfhxF,32,Berlin
xTP7EYiB,69,LA
8DEHGG38,26,Berlin
ycUMRTCX,44,London
uymfL4sN,20,London
8ADiemiQ,52,Berlin
YGOGYmGQ,36,LA
0O4dSZuH,59,London
G3MaRoXh,58,Berlin
Z68mIgpV,27,SF
bW0MlSKb,56,SF
X4CbLsJR,25,Berlin
0yL4j8QF,48,NY
NigmAhvS,64,LA
0iNZT7Dr,23,London
CBXEMCAm,59,SF
IrqBD41O,52,NY
Zyf7fN08,19,NY
9vshMl2M,35,NY
fGigev9E,26,London
yqK3iWXe,63,Berlin
u1ACr1Xz,29,SF
4P4ZEkVy,31,SF
W5anAJol,50,Berlin
JEbfCNyI,26,LA
GydgTlIW,37,NY
bO0pJs5g,29,SF
2DHOoUFR,19,Berlin
P2yjTtnz,66,LA
WKCA533l,49,SF
8cbkaHhT,48,Berlin
ABwj9wB1,38,London
bB5sW3tH,20,London
pFeWTRys,33,NY
mdDeMGE8,26,Berlin
UZToDqsD,25,SF
UxrlYkys,63,NY
Uy5OMNci,19,London
fTLBiX8P,28,LA
TTQEDkAd,68,LA
fDwdOhX7,45,LA
UDbI2PM7,26,SF
IhD0eiBE,28,SF
Is2hmAEP,47,London
Y8vP9F2t,48,NY
lE3J9Fiu,38,NY
NtacSbxm,60,London
btDK16MB,25,Berlin
ZlCDtjCz,59,London
8h1ANWhG,63,Berlin
2xNlmFFn,49,SF
tMbDgr8g,58,Berlin
XL9grN0K,32,London
6V9qJxXP,57,London
RCl8e50x,56,Berlin
rtkamqKO,28,London
WOakSHPz,54,LA
28CmA74t,36,NY
jxzBT8LN,48,London
oWSUnDgE,22,LA
a7P5okWH,61,London
oa54fVAe,34,Berlin
znf6CIxB,41,SF
RsP5GEM1,24,SF
lvZ9859N,52,SF
pdyWiKRb,27,London
Lunm701H,56,London
lndSoC9G,55,London
TTfhjPy9,46,NY
xO9xC7nZ,64,LA
kEy0nI7U,59,SF
pTJXQJ4l,31,NY
ey65Jed6,47,SF
mRzK9Qqg,23,Berlin
HM7yrmz7,64,Berlin
8dXCLdnQ,32,SF
PRAI1Z63,18,London
MTt4aY3b,23,SF
aBzoB8vn,36,SF
ap05SxH9,39,London
hGDCWtf4,22,Berlin
CR6QjKgK,50,Berlin
XBrY6zkM,65,Berlin
vpzJYPWz,65,Berlin
7L1YZUnw,32,LA
acHudTDV,48,NY
WlWQeWhi,62,Berlin
ObvGZy2V,53,SF
HHEKrDBw,33,London
1HvtE9yk,32,SF
mZE19BUv,64,SF
lW9vxIvY,43,SF
P90FZcBg,36,Berlin
88ih4ZDn,25,Berlin
qg6WTwqW,49,SF
RB9CNtBs,20,SF
uXj1iqPL,58,Berlin
MoNkykFF,21,NY
2zvGpJ3l,42,NY
UmmV8d1W,37,SF
01Eok2zy,21,London
EwruhHc6,54,NY
vIAPwzbE,21,NY
OrxixUPc,48,SF
DROqjec3,19,LA
N2Xa9HWi,33,NY
uqpAuJrF,25,LA
95fzLkg0,28,NY
MCVCESOh,56,London
tbVxKQml,57,SF
xKxeEP4F,68,Berlin
XcSQ8uCU,49,Berlin
1JZOnK2t,38,London
RA6vCmu4,21,SF
ZdqVg1ZQ,33,London
pvJmNd3G,38,Berlin
PBDnk09c,30,SF
M1NmxkDX,27,London
wiIEmKvR,31,NY
xXye6BK8,22,SF
f0nlTA7b,59,NY
tKuJWq04,48,SF
oQiCTsh3,31,SF
MRZ5VRUP,35,LA
QS3KJOG9,67,Berlin
KqZAX2la,60,SF
FpEsNaaI,36,London
p0XfyrqZ,67,London
8wCM9K1y,46,London
NypPgyHj,20,SF
mFUjygXQ,60,London
STL6o2Ya,69,SF
c3Bs9BJS,33,NY
di8HyZuV,45,NY
1krcLDQY,55,NY
Vvqe9rNX,42,SF
ZJl3oRU4,35,London
69i4rtRI,55,Berlin
xAEQLVrB,24,NY
LG9ALpMN,51,NY
gd2SwrlR,27,Berlin
vfPuEa1I,57,SF
SZ10p1Rc,41,Berlin
Qda2T6In,54,Berlin
5fg7KLdw,27,Berlin
T2aOpMwu,47,SF
xj96tQbM,22,Berlin
gSlm8Pw7,56,NY
ezlvmHfv,49,LA
Tux9apc1,44,LA
lvvhu54Z,65,NY
rKIXN587,46,London
04JI4Vbx,20,London
2bDcPFhW,66,NY
BYDkYuRI,59,NY
WVwm1Clh,69,London
DAMrTdQd,64,Berlin
iy2mcVkW,61,NY
1qOaeGOw,48,London
0KtpQvvD,46,SF
fPsHXnPx,30,SF
iixLIx6Q,35,Berlin
zsTzcw2N,27,SF
buZtxQaV,29,SF
W9ZyBXon,28,Berlin
g62sAGax,48,London
gCvziilF,65,Berlin
nkUVZ9YC,69,NY
vFowxazg,54,NY
PqwkhhpA,51,LA
y2rMEpjX,29,London
GMOjjdLJ,33,Berlin
ZXH8e9uJ,34,SF
j8Mu1HwT,19,Berlin
TPA3EFnb,52,NY
wCwz5y7B,21,LA
5eIaNqwY,20,Berlin
kvBBQmHq,54,SF
5H7b05cR,25,NY
CpLVCqEe,30,SF
Lx24Hx3u,21,Berlin
q5bvxGYv,54,SF
cOLgdj2S,36,Berlin
d8Xgx9bZ,67,London
cvH55Qce,61,SF
VM4Cuxax,28,NY
gJrOEXWt,24,NY
oQfEnekp,63,Berlin
f2LAB1Ds,44,NY
Ix1rmGRW,63,LA
Shx8MAkb,67,NY
Dg4peqHt,26,SF
pwYndWaH,33,London
4qPCT0zF,52,Berlin
5iLzRHJd,25,LA
JXijESqA,48,LA
DHLxOOKU,56,LA
c2Wt5R5Q,57,LA
Io037bik,19,LA
Ar9vx85u,54,London
1BbIAs77,51,LA
jMkeQ0oC,35,LA
4UTqY4Ef,27,London
m7JiDa2e,67,NY
Qii2nD3d,65,SF
v4hWExlg,30,Berlin
NXruIvkN,50,London
C3r1xorL,66,Berlin
UAJ1LmTl,25,SF
g2A5RYKJ,27,LA
xVeYvubL,63,London
QrlDiQaa,28,LA
aQcZCZk2,68,London
rhsj7Kxt,35,SF
zafD35Sr,60,LA
nkbtIXUE,36,London
V21Ksw3V,59,NY
bsGWGIpm,57,SF
4jdDoKuF,67,NY
PoPlwlye,49,SF
eo11X2J6,37,Berlin
S4MFfN8t,68,NY
7OqOZAgP,56,London
GKnIOiFC,19,London
UayB59O7,56,Berlin
4ZO4vAwN,22,LA
SV4lfVG0,48,Berlin
bfMksAvg,66,NY
UL4XA6Q5,54,London
XvPbFpjE,29,SF
mk2wl7uI,24,LA
6riteBhb,48,Berlin
pkk7VpFt,31,NY
JcXkGAYm,61,LA
QlwvC9um,37,SF
KrYOzGDh,66,SF
pzs97I3e,67,NY
V9t4O4au,49,Berlin
p7OO9wL6,25,Berlin
a9SGetPs,44,Berlin
Ub5TRKYW,52,Berlin
gYXYQcql,47,London
ZUlP2z5I,44,SF
iCuC7PnH,38,LA
ZQ56M0DG,44,LA
743lle3N,64,NY
eJTeP3jn,41,LA
H4nhFkAI,68,NY
aE43tPfE,45,London
bwYcGaMc,61,LA
uULd0XTB,49,London
BB8ART4N,22,LA
MS4TciOq,32,Berlin
d9tLivIr,29,Berlin
9XbdPuf8,35,SF
UhcsBKp1,30,London
aYCVBIXt,59,London
VWVhBMhv,26,LA
VjoeQude,53,LA
BQFznT88,48,London
SH4X1yZe,20,Berlin
GSRGpmSk,58,NY
8b9I1NZL,49,Berlin
Ab6szCXJ,46,SF
CHBFIbtZ,34,SF
4lVvFO01,66,Berlin
hXHtXslQ,25,NY
32ZMl2xN,63,London
BqURTT2E,38,SF
DFVbLblM,47,LA
VdAv7PcP,47,LA
dS7uPGJu,62,SF
KZwNEeyo,20,NY
jm38BqTl,28,SF
scBheZ0j,61,London
yyUC0aOG,37,LA
lUdh4237,69,NY
Oy9DseUN,58,NY
xz8dooLD,21,NY
V4thllrm,25,LA
zjBKLzXn,52,Berlin
WQllxVIK,29,London
HBQ6pTRI,37,Berlin
DOKELOmq,22,NY
0rQrjmzc,65,SF
YerBZhQp,69,Berlin
oUakGb5m,32,SF
OLk5dw6P,66,LA
soXA6r3C,28,Berlin
GFpa7Q6S,47,LA
EESuRU8Z,43,NY
vjCl57D0,20,SF
dfA0J2AE,53,SF
XfkvE8V3,27,Berlin
wZLDU9jh,49,LA
ZIfxVOMi,27,Berlin
4A3OtLjY,23,NY
cJwUdgJb,43,NY
YPOVHv0J,31,London
gG4ww2aE,54,SF
edMOaJ7e,18,Berlin
SJunSQSY,68,LA
usvt9B8S,65,NY
hxbTPvlJ,23,NY
PH6ClxSh,50,LA
FQhmrAoc,22,LA
5JO6uYJZ,45,Berlin
6HPBQRoN,27,SF
ZNlQX4c4,43,SF
boxLbhPK,55,London
SlKCKRv2,32,Berlin
VZFZvmT0,34,LA
ShfQoR3F,62,London
Udulb1It,51,SF
g8Pu1rGY,19,SF
GYvY12qd,32,LA
U4onqGFp,33,Berlin
H4uRQ31J,34,NY
Swx6CG9P,45,LA
PJygzpYE,18,LA
3mwxfb4S,54,London
KBpxlJ5j,39,NY
13zICAep,51,SF
iInU8beu,52,LA
Lf8me7Oz,27,London
KlA9BEwy,61,SF
jT2EH4g0,24,LA
NKxq274e,67,London
Owdz0M7q,28,Berlin
77X2EGTT,64,SF
RAZddBNg,42,SF
8f1yalru,61,London
eqHdvlTz,26,London
lfGlWzDy,53,London
FudA1Xub,33,Berlin
WMGSAZhL,69,LA
3FjkQX9G,55,LA
1k4jW2m2,36,NY
6ahHZzjw,43,LA
ST2P5W42,28,Berlin
bFKbf2xd,30,LA
vTp0uNKh,42,London
13Yn0mhE,53,London
oe1BKa2k,36,NY
r1OR3voI,36,LA
qbo5wU7J,18,SF
L700SHwV,65,SF
gGhU1xQ4,63,LA
FSPLvHj5,26,LA
99omYV7y,46,NY
GyGrFecc,51,London
VKic48Iw,67,Berlin
xNJRQkuk,42,SF
k9VrxWOJ,68,London
yxguMPKM,45,LA
f7JjMDqr,46,Berlin
z89mzZwr,69,NY
PnqnBHNw,68,NY
oAP6zWKJ,61,LA
WZEK81ag,61,London
i2Mvc8kS,43,SF
Wpl502rq,57,Berlin
xJHofavm,35,LA
jF7HAGtD,22,Berlin
4vGnSOvN,37,London
WZofsx4Q,22,Berlin
D9gNteXJ,61,SF
LMTFeQVV,65,Berlin
x8udW8bh,34,NY
nm6u0h94,53,London
Tu8gfj0L,46,LA
wwwwNwID,32,London
MPaphsTQ,33,SF
PPnYGcwL,39,NY
FWv8ZrQo,57,NY
pk2bHVhf,27,LA
j5dZ7N7M,20,Berlin
2eRYGETy,28,London
jzeLW3UI,63,LA
iGaEwsKd,41,LA
FHDv1AJn,57,NY
2iQ9EoFR,65,LA
NhmvYgJL,51,Berlin
4JS92HHT,52,NY
RuN9CBlK,24,Berlin
9bPSq0Yi,49,SF
PQX0wtg6,39,SF
2TVQMUqQ,58,NY
wmdEUSdW,38,London
GMWdM9bS,18,LA
ydJuzEMh,49,LA
67BGi1Zf,60,NY
mzxVjn79,34,LA
7ust7HXP,62,SF
1u7lQ4H0,40,London
7e8VeQvB,59,LA
vDUnOJrQ,43,Berlin
0pQneeTQ,48,LA
AxwyPszo,44,LA
OM20w9AA,44,SF
cDMQpAff,52,London
5cz3zbT0,50,Berlin
YOYuSzFg,54,SF
AvgJdHhb,63,LA
za2m8rgg,30,Berlin
VfR0KqIt,36,LA
2jMkJlvB,26,Berlin
ICvqAAhA,60,SF
37GJQdw6,51,SF
bDgrlo0A,27,NY
6QnzJEGn,31,London
eFZNcUQy,34,NY
dWAMEFbJ,49,SF
fxUpaRNH,66,LA
hA9HAqCE,61,London
upb4LfTk,24,London
v0K90iUa,47,Berlin
MDkowExK,57,LA
7VidIXtW,43,London
Cw39iJNf,52,London
FM3dxkpO,68,LA
OaPqB3W7,47,LA
Hw5CQp96,28,Berlin
IZN9w9Da,59,NY
kQDaEw7B,65,London
rDKiU5LX,43,SF
vKthtP62,54,NY
RfaDZY3L,53,LA
wbckOBK0,22,NY
oPwVP9MQ,64,Berlin
NG4AX7ea,18,LA
e6bs1xwV,33,LA
K1BW0KiJ,61,LA
I92IsUnh,65,London
6WOuUvVU,26,NY
Un5O8ypy,57,SF
sLkLMWQP,38,London
1lC5gOlT,46,LA
4ozvGdCP,33,SF
5S3g8uOb,53,SF
SYzziAuk,66,Berlin
jmfoOsfp,47,LA
PjeeZQkR,58,LA
uIJWVaCc,57,LA
J6GBCkKr,26,LA
RbyzTnBd,46,SF
sL1kbL5j,62,London
2PCFpdGA,59,London
8qB2KLfb,22,LA
S2yautdN,33,Berlin
nCTuNA86,54,Berlin
N2hwaObq,25,Berlin
CpCNHIpV,65,SF
bE88JJc8,60,SF
grBvH7FQ,35,Berlin
fFKvH81T,36,SF
oijhKZ9N,67,NY
mrL5BLm7,57,London
Ddrt8nvH,47,SF
0rbrAfjX,67,LA
jJQTet1h,52,NY
KxYRdo5G,33,Berlin
583cxAy9,29,London
cH9Hynfw,26,LA
AMSZopvr,54,London
mLmarTa5,51,Berlin
eqvl6D1a,34,NY
MHO2EEor,41,SF
bX7TFyru,65,SF
vYy6Mq2z,51,SF
Mhl2WX5j,50,SF
LhEYEd8f,23,Berlin
ckIcw1Q7,51,Berlin
XH9WjavU,44,London
lnyQ2SDI,57,SF
Mvll9McL,37,Berlin
InMWctSb,67,SF
wgvBfLy8,66,Berlin
xGYTzi9q,24,NY
ERg0eokE,65,Berlin
AbPHLZFO,30,Berlin
7FxDHp6n,64,London
5j4C8kUq,31,London
f6HCDNcS,44,London
kVhrpdDy,62,SF
rBcPmIDW,31,London
FTeiMRcf,67,London
L4nPSH6a,57,SF
AA795hUf,18,SF
1Rn9zdIe,60,SF
xVHSAdim,18,Berlin
A9xEs99f,32,London
kPCyC3rg,56,Berlin
BQu1Z6Qi,52,Berlin
Gux3G2Wt,25,LA
xU25exvg,64,SF
SW3HN34g,49,LA
CeDbh9qa,32,SF
RobgEV3f,55,Berlin
vR8lIEEm,36,SF
n7DA6o1Q,39,NY
mSKyDvEY,62,LA
PlMfGahy,24,Berlin
ZDY4SQUl,23,London
2gytdx71,50,London
GmLtyhcx,51,London
nI98tEJE,37,London
h1nE3hiJ,62,SF
lsZTu1r8,46,Berlin
E0y9F2Gd,42,SF
d5UA8RoL,65,NY
1uIjqIyd,67,NY
TVtLikev,27,LA
D52fzY84,31,SF
i69rw89C,56,SF
DXLjLI8D,38,SF
40n4knMI,36,Berlin
cmrmqgYh,46,London
FGETQLka,57,SF
pnZqPz8n,60,NY
YrXf5Pkz,64,Berlin
tNVfXOs2,20,SF
sknCBxWR,23,LA
yDjViiW5,54,London
5CqXnCOD,36,London
HVlrMIfr,65,SF
GICSr8Dw,58,Berlin
doE4r6TS,35,NY
Qq0IcVsc,37,SF
EP5DiImj,65,Berlin
0Fqi7dnj,63,NY
QaSCqelS,39,NY
t0xwGupN,23,LA
dVJlGgpx,41,London
lB5kXA6f,45,NY
8jstzpaw,44,Berlin
ndIV2VnL,31,London
M1lO6VhZ,23,Berlin
JA7mKlUI,41,Berlin
VzXELcxm,46,LA
ibZzW44p,37,SF
oiBbnMWl,68,LA
vmf5UhP1,62,Berlin
joB3lCfM,35,SF
P8oseXdF,52,NY
BEW6SdAb,48,Berlin
k2h11ypc,36,Berlin
VWzh2Ld9,59,Berlin
K5J3Cq5b,36,NY
IMIhumNp,34,NY
eOvZbPgj,62,Berlin
XlNR0UKW,21,Berlin
hC0ocL5g,61,NY
DsFA1Smz,45,SF
4TglfmXO,30,NY
LM7r6y95,49,LA
2uGilkEP,37,NY
Z4AJK5da,48,LA
XvXS8vSi,34,LA
HQgTvSvI,42,Berlin
kZu6Zsud,29,SF
9Xn6V8Zm,68,SF
JmTZ53I8,56,London
5lx18rdA,27,NY
ezFv9Ou4,49,SF
eM4XBAjj,50,London
fdwCZn8h,55,Berlin
xyBj6mIp,55,LA
N5Q5YbPi,40,NY
BfTFI6oj,21,SF
PkjKgLyb,29,LA
2Ft5GSvm,66,Berlin
w7yiipIe,21,NY
Ds8TxqgH,48,NY
t1pc61MI,34,Berlin
72QaP1jH,49,London
O6hcb3n6,18,NY
v0MnwOiK,36,Berlin
TjIk6uDo,21,SF
6LkOoiLF,67,NY
J7EsnVDE,24,SF
Mj2QKjz3,48,SF
duJtoZl8,39,NY
W0zdf9jz,30,LA
SMQYzrMn,45,London
YV7WoSeZ,67,NY
JBK1BDbd,35,London
TEHrhJwV,20,London
wkE8F6Kd,39,SF
ByrYCiyt,41,London
VxVLDf8m,58,LA
LNZAkowE,31,Berlin
xnFbD4ck,24,NY
AvQjarWf,65,SF
GHS9wY3b,26,NY
vzJ76nW6,29,Berlin
4o7WvXcK,47,NY
ZLqQTOU5,56,NY
4wkzgumA,20,SF
xjHmIKSI,21,SF
75finDFq,48,SF
QoBu1cTI,63,SF
qqUbWMYu,48,SF
gOtZdYSZ,65,NY
1VjSeNXj,24,SF
jQb9QfAa,51,Berlin
phrI70Qh,38,Berlin
e0nJIy0T,57,NY
PIKH4AyK,60,Berlin
N7aK2GEK,69,Berlin
RRUql5my,69,SF
UV8YWMlI,39,Berlin
FmyCBMux,57,Berlin
FnMkA3sJ,31,London
EJa5hvzK,30,SF
DUg512WC,60,LA
NMyXJ5wI,47,NY
QyWFwW7K,61,NY
wVSzfShM,20,LA
wzPVXo4k,56,SF
952C8c3E,20,London
MOEXCtKW,64,SF
ZYMIhC72,66,LA
HoXY7SMz,27,LA
dUoFHO0r,35,LA
XZqx0tfF,45,Berlin
0bAO579u,26,LA
hZbm27Ye,60,London
csQPussc,45,LA
n0AdwJwN,69,London
85FBm3AR,51,LA
7errmKft,61,London
wRQOWDi1,43,SF
76ox9Vca,48,LA
6LgLr9x3,41,SF
7Kih6Npc,67,SF
Q1PHA50x,39,LA
Y5eA9Q7y,44,SF
ipKOzzcH,54,SF
rVTSqIW6,56,SF
RQcpphYP,65,London
M0UQwDhN,65,London
fLR51ETV,56,London
BUej0ff9,59,Berlin
GmYMrqL6,44,London
fzdcWSow,30,Berlin
DeoLw0a9,18,NY
TOje1hyc,38,NY
mmzDjv4e,66,SF
3FCo3GGP,23,SF
7AOUEFbe,55,London
8FBy87J4,28,LA
RhwGVsHS,21,Berlin
BeIo5iAf,66,SF
oUQ3LAGK,59,London
1cE8caaS,20,SF
rRVF9Z3g,61,SF
rlVlAeWL,58,LA
FmBRYKfQ,52,London
cGdrN9WQ,36,LA
59B8HapS,68,NY
lXrbv55l,31,NY
0yFsRoiA,51,LA
H6DoJbXT,62,LA
PEP1zKso,50,London
nQXD2aGy,18,London
cpv8RAVA,58,NY
HVlhID0z,47,NY
1eQty1dT,66,LA
wIntHs1x,64,London
jD3UwfRt,43,NY
TEAnAzEI,65,Berlin
OmX5LmP8,28,Berlin
dC0Fd0vi,29,London
sICO2rpt,18,NY
7YvdV5Ii,26,NY
dKm4eS0d,47,Berlin
H2fgRmZN,30,Berlin
Ecl5VON5,47,NY
kgPq8A6V,32,Berlin
0FtFQYqT,46,NY
ehlcO3be,41,NY
jpcMKXqs,60,NY
eJSVpuZN,31,NY
bsELbWrn,61,Berlin
zAKgto2b,53,London
rXclwFj7,19,London
olPxGwOR,18,LA
svXBhBRd,46,SF
5Nc4zQgb,58,Berlin
BIBQwn4y,47,LA
6i7AsiLq,65,SF
Z1VNsj6e,62,LA
7pAjyNyg,20,London
MsmWSnVv,32,London
ShqWs8ms,24,LA
uWflIM62,51,NY
ePdeR4QU,39,Berlin
GG08SGqh,57,Berlin
AgaJ8C0B,32,NY
kMLCYMHh,31,London
kxAUXaRl,27,SF
SHnE2XKX,31,NY
MHNYTWJp,36,SF
tcOGvrN9,55,NY
GVIroFRx,46,London
fVvKdjb3,39,Berlin
2hagwjFm,54,NY
EYXxyUsS,33,LA
K3Kczokx,63,London
iWCiPu3n,52,NY
zEPApccr,26,London
G29TdICG,57,SF
fmh6XPE9,43,Berlin
5TsRrSSJ,58,SF
nIYGR4wo,29,Berlin
VYT3y1gD,60,London
FdtugBGv,18,London
T8kzlGio,55,SF
u5FKU4yY,55,London
1bGNwlmj,52,London
hxeteKmp,23,SF
MsF3gg2N,27,NY
IOByEnpo,26,LA
ZEgQaszh,52,SF
r2qU5EoD,41,LA
at76q9D7,63,SF
2rKNp4qg,26,LA
AG1FP0gk,68,SF
NuqnA8Dm,33,NY
MPzqOjuf,41,NY
ngxUPYgf,66,LA
jICclqiA,27,NY
OvcAb7Vi,61,Berlin
tYMLl18N,49,Berlin
AeIKl7nr,68,LA
0v7SR1KJ,48,LA
obaCDFyw,52,SF
Kc983p4a,29,Berlin
7PdzyziX,37,NY
wPNIsrLN,40,SF
BFGF2YBl,51,LA
RykVHtNM,48,London
FxR6XKsZ,24,London
5lrfF7c5,40,SF
GigNwJiS,59,Berlin
Jzb9IrnL,35,LA
ZFF3f0fZ,52,London
eXrp3mvX,64,SF
iAnm8e0I,27,Berlin
reeo7T2v,22,London
D10IC3DF,63,NY
40dJtOTC,63,London
kBDVBDuN,44,NY
Shbd21o8,51,Berlin
fsOXaVBB,68,London
0C8k7SRC,56,Berlin
aoWi3x5t,58,LA
hB4dUdmX,22,Berlin
E2B92Rso,44,NY
f3TGQ14c,54,NY
lKQOxEvB,47,NY
C0fnrM3Q,34,LA
Ogh3ROP5,61,LA
gDjI6t4K,45,Berlin
o7jcIE46,44,SF
sW4NwP9S,53,NY
s5veEp8M,61,NY
VHdfTusN,35,Berlin
rKr7OopZ,46,London
diOvvkIN,34,NY
dvDqsHud,60,London
GsJogU9M,48,LA
9wAPOCuG,40,SF
x5fOAwNQ,43,London
RGx19KTh,50,SF
7dPlhPUU,25,SF
X0DumY3G,61,NY
SI5Iv43J,24,LA
ZHqwLqvI,51,Berlin
mA5QBqon,36,LA
ZfJBYL82,66,LA
MYfuMWCJ,37,LA
jD9yADtQ,66,Berlin
j0lApD7b,30,LA
QzgPIerr,26,LA
0BS2gS0I,28,LA
48PHIgVn,26,LA
bCJG9yur,62,London
uWLZzTlD,52,London
J2doEFYO,69,NY
TsyzenzW,41,Berlin
fs4lDUbB,38,London
YYxwuLjs,41,NY
EIsDAqlG,18,LA
wCx8uoxN,23,London
4KE55xJU,41,NY
J9b2TFQb,40,London
sGhxsohZ,57,SF
CiKQpCCB,48,London
cXB6LBy4,63,London
6oq2P6Sx,22,London
Kcu9wVXN,61,NY
pNIgLIiI,60,LA
FxjUKKSf,55,SF
kSh21CPR,18,SF
wKof1Ilm,46,Berlin
vWn3TGAJ,42,Berlin
7YCCMprq,66,LA
rcpTXF1m,69,London
GCBniIDb,26,LA
Clucim0B,46,SF
oIK4D1bQ,21,LA
XztOwtDq,64,NY
7RiIOdcq,63,Berlin
uf464YJL,30,Berlin
iF9UoOKO,64,SF
8BM9gtK1,31,SF
BixMtVum,34,LA
9KCyOuyZ,39,LA
0EX0heLx,54,Berlin
AhfQevcz,47,LA
gWWf2jv0,53,SF
B5H3PKtp,69,LA
pDTNlnTP,60,LA
7is7UqOj,39,LA
76HR0c6I,35,London
yYZdZPkg,19,Berlin
OP8uub4U,25,LA
Spj83s5i,63,SF
suiDtlq2,62,NY
nE1L69xi,23,London
zz43sNc0,65,London
6wJJfQpQ,40,SF
TNedt15o,65,NY
E5j1GExM,20,LA
RwxphZU6,21,SF
1hRTovP7,64,Berlin
CCFWG3yx,18,LA
S3L2MDMu,44,SF
l82ySHX6,54,LA
dPgCVg2U,24,Berlin
yzl3Db4I,48,SF
fAhb9FDg,44,Berlin
Y3oCiWYw,24,LA
fjQnqLP4,20,LA
EVNqfvSt,18,London
VCfqbO8Z,61,Berlin
RTlU6ZPJ,37,SF
MDFr4Xyg,39,LA
Ut2FLzLx,65,SF
c22Vh9ux,66,London
JQLZXyUP,60,Berlin
BpC83IWh,31,NY
LvxL60z4,55,SF
hHJ0kDQ6,54,LA
10t8HpKt,47,London
YHqhtF9r,54,Berlin
7B4gPUY3,56,LA
ssQSMksE,51,Berlin
mYIdJ5jY,64,Berlin
X6XHRZDw,42,LA
iqlvYLkj,69,Berlin
MeJFtXy6,50,LA
goAaQnge,60,Berlin
cEjkRnns,59,London
AkvtsQZr,30,LA
0Ew7Ply9,43,London
TLWdTbSp,55,SF
4ovAqP9W,49,Berlin
zrjiyDPJ,35,Berlin
iFg6z03T,42,NY
Pd4bw8kD,36,London
yoDsr6ik,43,Berlin
osKNPy6A,43,Berlin
OZ6AtqtE,57,SF
12trWuBS,54,Berlin
bstjiTBQ,41,NY
zu4cZCZH,32,London
K8dLI8bM,41,NY
kkh0Y940,54,SF
R8frXKo4,61,NY
7wufNlO0,59,London
UW6SJ3BE,28,NY
htsmHuec,30,Berlin
u64cbBzh,18,Berlin
DPd8fBQw,34,LA
VyrvKuQX,24,NY
jenIcNu5,57,LA
SXcnV6gV,32,LA
J8F965Gg,57,NY
2uj1jIfU,30,LA
lquX8S5v,63,London
BBXIGIgV,51,London
AW3USXTM,57,Berlin
8jrtO1S0,55,Berlin
K81VGACo,47,Berlin
k8wSk7ko,19,LA
bL4dAzey,53,Berlin
cpKcMwBQ,26,Berlin
R5VT6CPT,41,LA
mXFxMtRi,19,SF
fLqY8Uhv,57,NY
K4dAqOBz,61,LA
CEnmUWFd,53,Berlin
BbRcKDuS,21,NY
Vch2uCmS,21,NY
EOl2o18P,34,LA
IGHqd81M,51,London
rOlouf1I,23,LA
gTkc2UJN,33,NY
GazzFUl6,50,London
pG79QOAZ,50,LA
BQWOSs7g,29,NY
FWB6410n,52,LA
R3rft4xM,29,London
oxIrF9Kv,63,NY
0VvQzU8o,45,NY
GYL6izVO,65,London
eF3F1mgU,24,SF
uigOSRe5,54,Berlin
7smgF7La,40,Berlin
Wqfc0loF,24,LA
yyCqRS0C,57,London
uQhhM4I0,54,NY
bJE3abeC,18,NY
DYGxYLzM,28,NY
UI5AracN,51,London
n0F5pwWj,59,NY
FbVqSIKm,22,LA
bKcg6kik,24,NY
4dK45IZx,44,SF
lmhAP4IE,64,NY
h4BFqAQX,25,SF
yLrhMZ9k,30,London
VkittUJW,29,Berlin
ti1RZST7,53,London
cDjio5Nt,37,SF
MUfmdSR6,55,Berlin
Urn8GIvA,67,LA
5sqW55XK,59,Berlin
X1E2RK42,44,SF
qNz0Pk2x,31,LA
HRPjpBjh,42,NY
40oeNPyl,23,SF
amveEndE,63,London
6uBdv8Ru,23,London
efrSbdof,64,LA
rGutmuzG,46,LA
DLwxAaiD,53,SF
wwmlGnpq,18,LA
anHTqJZ8,62,LA
43zEb747,26,SF
hV9m3X4W,42,Berlin
tIdV4g0d,62,NY
CDHQBLX3,28,LA
NeT90hr2,49,NY
BuXNYy7L,45,SF
oinLpngn,33,London
DLlKC1nG,36,SF
a3d261HD,56,Berlin
hsosnUzn,61,London
F8Io9RP1,26,London
kTLEu5bV,30,Berlin
5wBfEgUX,42,Berlin
CqoMj2fJ,58,NY
vjtQiik9,45,SF
wQDk3uZb,68,LA
KDwwqTrG,56,NY
5KYl9caR,39,London
jROTBm8u,24,SF
7i17rgcI,56,NY
xfNo190I,61,Berlin
Ms3PGfsr,51,LA
9SmEgndW,49,London
puQPSdha,24,SF
dJTyxRHp,57,Berlin
ULG1Pkd4,43,SF
fAicbOXF,22,NY
SgkIIxGr,45,NY
xrnepia6,41,SF
3PkHQNNJ,48,NY
K3yV7Xhf,63,Berlin
PLt0cGhe,53,London
2q365GeL,23,LA
KUCiES3S,49,SF
LUMTOpL9,39,NY
ShNwsZ5K,26,LA
XjdBHI6t,55,SF
QYHmNHIp,40,LA
QI1RDRMr,45,Berlin
S92buoVO,67,LA
1NIp8lwR,44,London
rDcMAJ1c,34,SF
c8j9kgPG,24,Berlin
ygGJn7xD,51,SF
CRudTcta,43,NY
ho9eC7kH,63,NY
F1gJj3Lq,45,LA
DDiSCZRc,45,SF
phxzd7gi,65,London
BUDZuBSD,56,London
Gu8Rn3sO,64,London
naTQuV7v,69,Berlin
Nbt2QkhN,23,NY
ZUzpC7rN,63,SF
KtmcovpQ,67,NY
NKt17lbh,33,London
cOhiSFcP,41,LA
uUMQZNgD,41,London
fUnBWgCX,37,London
m4L54KYt,36,London
vwxGyLMX,27,SF
qgUnt5jU,44,Berlin
SnvkBLIE,33,London
xyalVZm2,54,SF
Ez3Ruofn,29,SF
OxtuYGTF,36,London
1Y54MuF8,56,Berlin
zfWRbApH,39,London
RQvt1Wtr,35,Berlin
DagvRttL,50,Berlin
iw9rgeoH,60,London
6UEhFI1A,46,SF
TDt6LICY,58,NY
J2unmOO8,48,NY
gI2fDMS9,46,SF
1GGsEjiQ,53,LA
sv3S8d10,19,Berlin
xS4nda1L,28,SF
VoNaxWJk,61,LA
O81rMFd5,29,SF
fimW6B3X,43,SF
WeuF8uQA,65,LA
pflSADwa,24,SF
hP5S7y2Z,48,NY
ZNYsIOeT,69,NY
DPzO4cqU,24,London
eZnzPLHI,26,LA
docyAj2h,37,SF
ovlVq3mP,68,London
bjMEQWnt,25,Berlin
HzebofXN,57,NY
gt4egLd4,61,LA
qUxHsHSR,28,NY
zPZDEEl2,42,NY
zPMztkf5,20,LA
8IqNqer8,37,NY
Nxt04efX,35,LA
OE88GmuP,59,LA
1BPJAZPp,22,SF
yR4FH1Cc,33,London
IW4e8KN6,45,Berlin
o6082Wh0,30,Berlin
Kspifet0,25,Berlin
sNetkMPt,26,Berlin
fZZBgtBL,57,NY
0OfxP1se,52,LA
u8mgtnwh,60,Berlin
PEepzeUg,48,NY
Rhgmgknw,27,Berlin
mB7CehnC,36,NY
jKCHrlG9,55,Berlin
9clonFDu,47,London
SNUIubAn,46,SF
h0dwr2hw,23,NY
jrLxhyjG,69,Berlin
WdN262iu,52,LA
zQnSJ3bg,19,LA
mIeNrcFv,33,LA
1ETnzbmz,69,Berlin
oeHz88d8,49,Berlin
LV4UsMGp,57,NY
0RvBZHdG,25,NY
MwhdbNds,24,SF
Ncd0BGWj,27,London
SZMkTPTp,68,Berlin
ApPBX6Bj,43,LA
UNzSwjwd,55,SF
FwiZGotv,43,LA
vEc9QLa5,19,London
6rQrQ8Tm,24,London
xUQyb36Q,40,NY
FOOmxf8q,20,NY
lWwHS1cM,42,LA
GDQrk62s,58,Berlin
lV3SUxEl,33,Berlin
HCPDAtka,47,LA
PQAVnVjx,43,SF
bAxmPgzT,49,London
Bn3xSsC1,19,Berlin
e82KTu23,58,London
KeWemF3o,25,Berlin
RqVdSbvU,28,SF
6JCqXhdN,68,LA
pvCWUYEi,69,NY
AFWktZN8,20,London
6bRHyGgX,63,LA
EItBzAP6,69,LA
L3XMD9U7,56,SF
jAllDh9L,34,Berlin
TZmNEtcX,46,Berlin
RUAY1lTZ,48,London
9YHzJWMX,25,Berlin
HoWpJGVa,19,SF
TuNWrPj8,51,NY
5rIVMOUC,47,London
HIHJAcH7,48,Berlin
rMrueuEo,68,LA
gtk8tqsz,50,Berlin
zWQsUcaz,19,SF
WM030bXM,62,London
dbtqm3M7,67,London
kGvElMC1,43,LA
nn9f0q6n,39,NY
JaDt1oJm,26,LA
af4ETsrs,69,Berlin
TeIa5ixM,69,LA
u7wEFFmb,28,Berlin
YHCVdNYj,55,NY
yjhPUx3t,37,Berlin
7MqCcXQv,59,London
n7nA8IgO,65,Berlin
fyX5Y4IK,28,SF
cTIhXEzA,69,NY
IqY7CEXb,56,SF
H9D6ZlLb,46,NY
3dHKsEKp,28,London
JiWBmHDo,59,Berlin
pXoO4J5O,52,NY
rqNuxXGc,56,LA
AwcehKed,31,NY
Bl0Jj9GZ,58,NY
JBiDYZfc,56,LA
XMlcK1hr,56,NY
iCTEUtfT,68,Berlin
yTUr9smv,39,LA
LaZPBCXh,59,SF
fJsRSvTx,54,SF
mlbng5BP,23,SF
r3h52pQd,35,LA
MsOJgK8a,58,Berlin
rADUUnKy,58,Berlin
3bb16vi7,37,London
jOT78GyG,41,LA
qEvID8n0,32,London
G75yhcx3,30,LA
FlX2JEVk,32,Berlin
9Ajz2OJD,20,London
kxVxCg4v,53,SF
JqKiWlyM,50,SF
TdWyFroz,48,SF
PaE8wrfR,34,Berlin
HLO3rOD4,59,LA
ONS413UJ,36,Berlin
uoBG0yrx,58,London
XYB9yriP,38,London
i1Yv5gty,29,London
UWDhvtOI,25,NY
Ml4S0hRQ,25,Berlin
EDL1bspm,32,London
JmWChG0w,50,London
4vWSN8j3,55,Berlin
VWVU3idB,31,Berlin
S1zQEABU,52,Berlin
76TTYpfw,57,SF
U38Tj1qz,46,SF
gZmezN2t,20,London
LUzgmaWY,65,SF
Qh2cGD58,22,London
Yf9F4d8Q,32,London
0RgC4PZO,53,LA
hNIymLHr,48,SF
5pNWfg9p,24,Berlin
ajV81RH6,30,LA
dAezZfKo,56,NY
otFBQtKo,20,London
pIGqGcwh,62,NY
7RkdQUil,60,London
f0MnNoq1,32,LA
Ke4OVQED,32,SF
vbn08FLd,26,SF
l5OoVwcS,23,Berlin
1YTGY0VX,67,NY
OV1OoDY8,26,Berlin
NsPS27Ie,29,LA
7MTp1aZe,67,LA
uPOl9h8Y,46,LA
OWDe0XfO,64,LA
3KuRDVcu,35,SF
jXQPm0pY,45,NY
aUyNHYNC,39,LA
rOoPGyiu,36,SF
5lgXK3ay,20,Berlin
Sgi38IqI,33,LA
x24B913b,20,London
kxRztxKg,27,NY
6w4CyxjO,62,London
9rYpZbCC,43,NY
IKdxrhpY,53,London
z6Oi5CFl,41,SF
zDYbyhL6,22,Berlin
VLodg5IA,36,NY
O2wS50PK,25,LA
cz35CSxi,50,NY
6TZDaPtH,28,London
x38hCESo,23,Berlin
vhxlz1sB,21,LA
YRRTKYOJ,55,SF
WMBQV8xG,19,London
CgmKPsSZ,21,Berlin
Dq0Gkk9f,60,London
h2lbIaYg,57,SF
zpdoNoph,23,LA
XmJjaEZu,36,Berlin
KGjVjC7a,49,Berlin
KnfLVKT5,19,Berlin
sA3TK2cn,28,NY
SGAJ9yKV,66,NY
P6f6DvWF,30,LA
i46GiYWB,50,Berlin
NBRUMqO9,59,London
sutj3W5Q,21,LA
5eiL4yjT,29,SF
aNIeBZIY,42,LA
guDC4uSm,38,LA
FgL5J9o7,31,Berlin
Mc6DgQ5j,23,LA
kTujdiLW,36,LA
47380FSr,45,Berlin
xXuUZBSS,57,LA
tNC5KDrW,44,NY
omisj2f0,30,London
yq5clphK,37,NY
v9e635eX,64,Berlin
xIQFb0Ym,64,Berlin
dw9WHB5D,41,NY
AzjVZfk2,50,Berlin
LPTZ321F,63,London
8nHDtX1R,64,NY
AEgrkwAu,54,NY
lOE34Iw7,38,NY
54RKrI6B,45,NY
9esTGx2w,61,London
nUoMMVLb,21,LA
ryttvuw2,32,NY
JTlNhLJP,40,NY
c78Taulj,36,LA
LvFbJZD5,34,London
uViHxUFg,41,NY
XKFkh4aG,20,Berlin
EWISs2KX,57,SF
3hIY9sDo,47,NY
UFj8VtB9,31,NY
YmIu6LZz,63,LA
43wZ36zs,62,LA
nWVEwJO6,59,SF
how0rI35,45,SF
QZZBrNX8,27,Berlin
hs6cnlHH,24,London
eBQgVETl,62,Berlin
Wr4jNv1D,33,LA
xGOnLnJS,32,SF
p3BTIS1N,59,Berlin
mui55z1t,40,NY
Ps6T0Jeo,49,SF
un11RG1R,39,NY
4Au5lSk6,36,LA
gNbvQz61,44,SF
bSMAP1eO,60,NY
UAX1d9p1,19,LA
vORGd2gZ,36,SF
xIEB9w1T,60,Berlin
jzFcNsAx,69,Berlin
pZNyQa3i,56,LA
ff1vDJWF,37,LA
UEah2WXd,39,NY
cnMhwiRP,21,NY
QchTdhnB,43,LA
4Kuar1GK,25,London
sduPbAOU,35,LA
Ksue3HqK,51,NY
e1INeMix,37,Berlin
cjR9o2BA,25,LA
oYXVt1kU,45,SF
lt44BmQt,69,Berlin
EHmLYMeW,31,LA
cECCSgJr,27,LA
86EYhqKk,47,SF
8ZJB3j82,21,SF
sYAOE1fO,20,Berlin
VgDf4vW5,19,LA
vRN6gIRf,32,LA
uHZ0j30P,50,NY
FfkE7vMA,22,NY
9X4rQqUs,34,LA
JLDaXQFY,59,Berlin
AOG6JdV9,22,London
cJEiuPob,39,Berlin
RPrNBDmI,25,Berlin
rx993kum,58,LA
POn4UVlK,66,SF
slmvQ9v9,66,LA
eo2FKvAz,65,LA
hnzXFZrO,41,NY
Mpjjrb3G,38,Berlin
NZBzhdxG,25,SF
mDZCZnjV,45,Berlin
BJdkC7pc,50,London
Cystq3zh,32,London
QJXajTQj,68,London
J2mxFt82,20,SF
mc5Vexbc,29,SF
UkJzOmfY,49,London
vdsRG8dl,53,NY
iydK990i,32,NY
Z7EVmEzx,37,LA
rUuulurr,52,SF
8x1p2TXI,60,NY
OJzaGv7U,35,LA
AW4LcbzJ,18,LA
lnKtrxXT,53,Berlin
JSRNugVa,49,Berlin
Tnk849DM,23,Berlin
cdTYCZBg,34,NY
2H1Jr4tK,43,Berlin
k3NPdNgR,38,London
f1Y2vdVw,36,LA
of1ywawP,66,London
FNfwcUvd,36,London
rtN3o59g,54,Berlin
14GRN6U6,44,SF
Ydoz03OO,51,NY
VrAZ1StN,46,Berlin
drGZXxv5,19,Berlin
DItqgb5s,55,Berlin
acic6g6M,36,NY
ZJFIMdA1,63,NY
T2CknWmI,63,NY
1CSyeMEb,59,NY
TWLk6dhD,19,NY
sdEIIpQK,33,London
ohoyGMqR,29,SF
cZqbUT3Q,46,SF
9kNDYE7z,51,SF
4qXyAKzK,40,London
ymmrHn7t,24,NY
btpdCoS5,65,Berlin
lBXqGPlt,31,NY
rbSHvrMd,46,SF
bh3ocB04,47,Berlin
a314hsKT,20,NY
zPwfNW5S,57,LA
ZWxGLnNM,28,Berlin
ACSjOrD8,27,London
HRXjRQNi,65,NY
trZRCzlS,32,LA
Ja3a6OiI,52,LA
dWxkcU4E,55,London
0nKNmOvd,61,LA
ZDO2XCY4,65,SF
bChAAk0S,22,LA
RtAuVTtI,48,London
gAlw52ew,30,Berlin
Q4vUc0Ep,55,SF
mV9VXpHt,47,LA
0NswwLzL,25,NY
R0jlY5MA,45,London
BRAAY9DG,63,NY
wbx6BtH9,47,NY
EJjVA4zO,64,NY
mlsQgmSm,37,SF
jwcRfj6R,63,Berlin
pXrYrmg4,57,Berlin
QasL1p7G,28,LA
brG7Cbxv,46,NY
Wrgxcuoc,32,Berlin
YlFbEP6O,61,Berlin
ioJGPsRX,32,NY
iTDkftZ5,44,SF
gAoacEKi,61,SF
s3sVooa2,36,LA
Rjd0S3ev,38,NY
qqbbYqM9,63,London
caTd7USG,34,LA
ZDPw3nyT,53,Berlin
8iThHAu6,50,SF
iBBZCQD9,20,London
jDaYvizK,56,LA
EyU6mzJG,61,LA
Z4gSb4Mn,24,NY
mRtbS2ny,59,Berlin
dzXYLofk,46,LA
MwJ2UvMw,40,LA
WLJEgPHB,69,Berlin
JZGGlEkB,68,NY
g9OgNTFO,34,SF
r17pqGiU,33,London
pt79BgGq,59,LA
Mr1WGOMU,25,SF
5mZo6NwG,62,NY
6GwMwAW5,49,SF
i2irSsqC,41,LA
dujOKqg9,49,NY
N6azG4ar,34,London
PK20exwW,54,NY
11uoC8iT,30,LA
akL9E8QE,66,LA
jaHi1exL,67,Berlin
nctJhQwf,44,NY
W7vkiXE0,59,LA
Iw4PqcJm,44,London
zmOpwjtX,55,Berlin
ih1t6Sr8,36,NY
wUjeFULN,66,LA
v99xOs8k,23,NY
HkeDiT8O,34,Berlin
BHK2qt6T,46,SF
TET2p06k,45,LA
SfBtgszW,22,NY
TeRwh1FQ,63,LA
frrGjHs0,60,London
Z5w7MIQZ,22,NY
NRnq1Hy2,20,Berlin
p0hw0FVK,28,NY
itaszlM7,26,SF
M8SdVXuf,54,LA
vMUIE0Ji,35,LA
9RCb5Pfc,54,NY
BBvRzldS,51,London
8RxNul6P,47,London
AFCdBGyE,27,SF
AYaGQSZb,22,NY
vWHLw3es,61,SF
rmAKxKlV,58,London
5sr0gQww,64,NY
B8m0SSI7,25,London
4gT85lI5,65,London
fA244wfP,29,London
btvaAmce,46,NY
VIJFIsrd,65,Berlin
8Xd2qVPA,27,NY
NnTZLNkw,38,Berlin
NMmNIlBt,60,LA
vGHXp04G,44,SF
D7CjhSst,40,NY
fexZBdtl,54,Berlin
ncLc5Og9,41,London
Us9t8YhO,48,SF
0RlS6Jxu,49,NY
rZNYXadJ,28,Berlin
n9GJP8KG,33,SF
5wfyf6x0,43,Berlin
lt7S04ds,53,London
DhiULB9i,50,NY
LiLTEocy,19,Berlin
cTczbmd8,18,London
HhpLP6sH,61,Berlin
EqlAau6v,37,London
dLpzkjKj,68,LA
VK9mIt85,41,SF
FpYvkf1r,43,London
gtLXNjYx,26,SF
uWIXNZdq,31,London
2Unip6iA,20,LA
d0HgTt8a,22,London
nF3JkCz3,58,Berlin
k4yUGbX3,29,SF
Y1gRQul1,45,NY
l39ZY6uk,29,Berlin
xXppqjOU,42,London
5CutmvYu,54,Berlin
Hf5BOFtd,20,Berlin
Pk9t4Qzb,27,SF
uqWxih7u,37,London
9N3xXfaN,55,SF
vx9UALMr,22,London
qNZq32lf,65,SF
b7IRzYyX,64,SF
ikyujJIe,61,London
bJuDLWxU,52,NY
qM3SM0iX,41,London
Dw2gm80y,27,Berlin
4e7zXTxv,59,Berlin
U7VZLKp9,53,LA
9PQaq99j,42,London
rwY1DYIO,39,Berlin
8rtCXXnH,42,Berlin
h2XPjgZ5,69,SF
QlNI7pXr,59,SF
kZ2M4fot,68,SF
I7BvC0hi,63,Berlin
IJX4ATkG,67,LA
yrb0vN3P,44,NY
rgJoVDjH,46,NY
ZP3LBSOg,58,SF
1FSVqHnX,52,NY
rANm6SDX,26,Berlin
GwxtxiAd,28,SF
livF857Y,36,Berlin
ISk4jxVg,59,SF
ddTgi9qC,34,NY
4qD05eLh,61,LA
Tn1TnLHk,25,SF
hqde8jL4,54,LA
5ODfbBu8,41,NY
94fQaa2a,44,London
PTFDcAEp,40,London
zs4BLZDu,26,SF
mM4zC0vq,20,LA
uAj1fEhI,52,London
8Kgjy5Pl,24,SF
5ccmB5Xw,39,London
vWzbRwZh,67,LA
e4GKsidW,25,Berlin
zPkNI4eR,62,London
EfZkpHMt,58,NY
jowVsAJm,27,SF
EpmTSP6R,49,London
h6L11loL,47,LA
LnysJAy0,27,LA
OcgVAxZR,59,LA
55yKXRoa,46,Berlin
irdgPmxJ,30,London
xNMp1eFY,33,Berlin
iwtc7Btc,63,NY
Mg4OoW9h,59,London
UpFUBca3,21,SF
ih15DSNV,59,London
AKGy7fSl,63,LA
iIrDMvh2,61,Berlin
XiTex6MD,32,Berlin
8x1g8oCS,57,Berlin
YeHuWTvX,41,London
4MTixPHB,28,NY
oKyGHZuj,32,SF
EUZUrvqY,38,NY
S35tJsSr,51,NY
JHDlK53C,68,Berlin
uaqDg2HC,27,NY
DSfgqqD4,33,SF
nhfFUFIJ,42,NY
R1esG0h8,26,NY
KMzMVFZb,35,NY
lrWrqFSN,20,LA
79uytFKH,56,Berlin
YYh7sqvA,40,SF
3y5hYEuR,55,Berlin
NZ03KZUt,55,LA
VUYD1q4u,67,SF
5gM7Sosy,42,NY
b36hWasG,34,Berlin
URIsfPnn,56,Berlin
D6lhZvHC,35,NY
IlpIbo2Z,43,London
UN6QtiXN,67,London
ASqqQVy3,55,SF
0M0rSAGS,50,SF
4Hddarix,22,LA
bLL6ZRaX,35,NY
92er2TpV,65,Berlin
qAygQcVF,67,LA
EUDOQi0K,29,London
GZKHmkvx,57,LA
MO8JPS36,56,NY
TGb7T3ks,21,SF
xSYnZZrx,20,Berlin
C1ZOFced,47,London
Vhe9CDED,58,Berlin
yIo3pZ1A,41,Berlin
HEJlKBpP,42,LA
4bpMwqXB,49,London
FM3SHscI,56,NY
yRAZVInh,25,NY
tC2n7TQo,32,London
AkvtUJO4,23,LA
pkNIZ5ks,38,London
J3FQRqw7,29,LA
N76CCGJW,62,NY
nVAtG1q0,56,NY
m1zqsafN,28,Berlin
Pzhlkrl3,24,London
zWH1aNcp,61,SF
UAuCfpEn,25,LA
4CGNaO1E,31,LA
oTrqtNgO,33,NY
LF5mzFtH,53,SF
uj9aeo02,40,LA
QLAAmVvR,31,Berlin
p6LyqY4G,22,SF
dHwtcllq,48,SF
vXN6mphQ,68,SF
bDM3GYkY,40,London
4bFRwGk7,57,London
3SqmZZeq,38,London
VlDkc3zN,31,NY
OpI4o6a7,21,NY
TWktNfEE,25,London
3McEN77H,35,NY
uFX8CDiC,27,LA
hZN5NAol,39,LA
Btlt3ztZ,53,SF
PNptX4HB,45,Berlin
MBDx31mf,32,LA
cqDSKlwG,47,NY
Ubg0tDRu,24,LA
eqNsibcc,34,NY
upVQ9Vx8,56,London
Ozq3PTMm,62,LA
C0J4GXZE,30,SF
vYEZNbvP,43,Berlin
p30auUH4,49,Berlin
P3vHAzxw,35,NY
PGX9a93n,20,NY
HwaVzZaJ,24,SF
Zj7o8Nae,28,London
GYCUfmS1,23,NY
YmZBcJfI,45,LA
TNTsDlqk,21,SF
uNTc5Poe,58,Berlin
OvSV1Ka0,21,Berlin
NsqZFjMy,62,Berlin
Ytit3ufA,26,SF
9wlx4wxV,50,Berlin
bklaVYCx,32,NY
ANCoreeW,67,SF
HsleC8YR,33,NY
sfo4b8hU,53,LA
1Fwh01oJ,62,London
EsBPWluK,20,SF
ZBBRNk94,49,SF
9DaxOGPA,48,LA
SJ6hVjEu,53,SF
s3mAl3KY,43,NY
8Pv6JpAV,56,Berlin
EYQ2mxdj,44,NY
H5JsZjtZ,35,NY
QIEB95Us,49,London
JwObY6b2,41,LA
W5mTFyG3,53,NY
OO1Hsq0d,22,NY
G7pEPR3U,35,Berlin
xRXO9jnq,50,London
LsvplmgF,64,SF
OIWgLfm7,56,London
joUeA73Q,62,London
EUgdC0Pl,60,London
KFDYeSyz,54,NY
syoUUAgD,44,London
L33btxag,45,London
iJmJnIRf,41,NY
bI3sJM8k,49,London
dUWtER98,46,Berlin
MpeVogJU,67,NY
mQvYKDCh,37,LA
XXnMzAkh,51,SF
OZ7QNBdM,30,LA
erCeuJMr,46,Berlin
jjXgNdyR,29,Berlin
zuNc7gkD,22,SF
SIo1883e,21,Berlin
rb3lZRQc,57,SF
pcWW83Oc,60,SF
oNtbnaUb,34,NY
u30tPmIR,41,London
GhgR0CKc,61,London
WAxQjben,65,Berlin
daBWs2Ms,60,LA
ILuPptcE,29,NY
LbDuwXZG,27,LA
htgz93Ul,34,NY
ryCceKSZ,44,LA
3S5ZXQm5,55,Berlin
oD71caua,64,LA
e9jBQyyh,51,London
zwjdszJf,49,Berlin
MfLKn7dh,22,London
LsNnyGFa,23,NY
c5qSiMw7,44,SF
jsuh0TJ4,57,NY
u8BhyXVD,69,Berlin
QZJNyKiZ,61,London
tRNiqaSf,25,LA
FeZsVj4z,45,London
WNsMG2y6,19,London
ess94DZX,62,NY
eQucGbPI,23,LA
b3JNieuY,37,NY
gVFcm5Qp,28,LA
m2QHNfYl,36,NY
HDTJxmEW,53,London
TLCZCipN,31,NY
BN3ONBgv,67,NY
oBsr4QCT,29,London
Xrs1l8yG,67,Berlin
jErD7X9Y,24,SF
5NYvvZps,33,London
COcaujRq,30,London
QvAXfZs9,49,London
pMBca5u9,51,London
Z7M5FJ5U,53,London
1niHcmWY,41,SF
EBSQPi9x,20,SF
srzMvuaa,24,NY
Kv5h7pt6,31,London
yNzTlSka,24,London
3Zutl61v,34,London
SGbt7LR4,19,SF
BAg6s47s,51,SF
sNWHfi4P,55,London
ffZQM1CC,43,NY
4IZdlujP,58,LA
oAgUXoTl,65,Berlin
cAq6Srmk,44,SF
j3yzT5PS,48,NY
EaC8bYCh,31,NY
ZmRpnjAf,40,Berlin
QN5rTrOS,69,NY
rGYJw5zl,22,LA
cGaxDBG6,55,Berlin
FCnhs01T,31,SF
o3Bfv2zH,26,SF
Vhg8RB7V,22,NY
8YlXXEul,36,SF
65F6lBSL,68,LA
bybH66sd,22,SF
4bewbrwA,29,Berlin
o5sNrJEr,18,NY
XyFCJxSl,42,SF
DOIYDsPz,40,London
TDw9ZkwF,69,Berlin
Q8h9B4qA,46,London
dpViqFTX,23,London
EbbqoGL8,34,London
aXwCo9R9,54,SF
CjmUGckL,53,NY
hUqidM6n,65,Berlin
P81uH67f,47,LA
VDb5yMMx,30,NY
1H9IdwTw,63,SF
VfiigAcM,56,London
CLmhP29t,44,SF
T8yVZZ9g,60,SF
fry9TUYN,41,LA
SHZAzgvc,59,Berlin
dY8lLOmK,41,SF
bXQ4JWTG,67,SF
TTqJwysH,59,NY
JppbAED8,32,LA
1E9vHoQQ,63,Berlin
NjfRrDDM,28,SF
x6CcHTzy,46,LA
lcNLYYMS,39,Berlin
MplvBJT3,53,Berlin
TBZC8TFJ,39,SF
Xl9ikWq3,28,London
vODCgxgz,52,LA
ttBMT2hn,22,SF
LNkgntHz,46,Berlin
lWhAyQiH,63,London
JhuWgwJY,63,London
Wt7YXvv5,48,SF
pb6lnsfo,27,London
yrhiaRJk,60,Berlin
nFSq0tur,38,London
EB1Y48Zb,47,SF
sUEAoaxz,34,NY
QBp8quU3,34,LA
cP6EDR7B,44,LA
zaG0dnL6,59,Berlin
MZaxWdaX,35,London
InBzpFb5,33,LA
BCFZNoFu,21,Berlin
FWXFihFy,27,LA
40X5I4fw,34,SF
f9hXSqbA,49,SF
b3h2TBOQ,53,LA
uFEc0Xfv,44,Berlin
YevwSccQ,62,SF
Ovm7osTu,60,LA
62JgdTa2,61,NY
c8qtkY9i,54,NY
aji9a4Kf,50,Berlin
eS4roRhl,66,NY
sOAq0Mhv,27,London
utJVpFNK,22,NY
9OBkqLvZ,33,London
sr5Ldhi9,68,SF
youxhC0K,43,NY
J2b9a8GW,28,LA
13JmiFn2,20,LA
YHtsuSCH,65,LA
Lv0X6VdF,37,LA
KSHoBnSC,45,SF
ow9Bm0QR,52,Berlin
uB7saMf2,27,London
KxB4OLri,39,Berlin
JP3W9IKW,51,London
nHifROIB,37,London
9Xrdysaw,19,SF
JIhaTUlx,21,NY
HsQepSWL,33,NY
UNKJNr0g,51,LA
UuXYoJkg,20,London
ierLWt3x,30,Berlin
9kuFbzNK,66,LA
sUAXVtiL,52,SF
VwKRfBGj,33,NY
L0eLzXE5,32,SF
sZ4A1ptq,55,Berlin
hrZy5oXk,45,NY
1tWj6rV2,47,London
shGQYBMo,61,London
k0zwG42L,65,SF
N0cRUBVp,60,SF
K2oymrEs,30,London
DT8MuLby,30,LA
jfzMOCXI,29,SF
SQvWVfnH,22,SF
fw9wfe4a,60,SF
rtpBKdwa,69,NY
66EL9WK1,52,SF
Wac9HfBK,20,SF
dufiHBOm,43,NY
y59M8lVb,36,LA
vHJca6c8,23,SF
MPDY1MYu,24,NY
Erg9UWoB,43,London
juJqpp5r,56,LA
cnmZteBE,60,LA
GgXsZT7C,66,NY
69NhKepW,44,NY
zw2tBqSt,51,London
4jkCMFaY,44,Berlin
I9Jx586m,55,NY
H12par6U,32,SF
jFmkeXvl,66,Berlin
p8xnVIN7,64,LA
3c4aoyZm,68,Berlin
rveOAI0e,59,Berlin
GL6KZEqA,60,Berlin
BHsWatj7,46,NY
QEzD51Lh,46,LA
7MIU6K3O,50,London
csb8miqJ,69,Berlin
neZicQsn,51,LA
NPrLP33x,68,SF
nHb55V2l,19,London
Lg96admK,59,LA
iQNHvDFQ,62,NY
9v1dbp82,68,SF
UlqIOIk1,48,Berlin
5xlSkuxc,24,SF
Q6JDGvAq,32,NY
APYEKQ2E,44,SF
PfWyQ0IL,65,NY
4owzF7QD,19,London
gstgB8Ia,38,London
Zr1UK7u3,41,London
pzqIQa02,54,NY
ceDnPUER,61,London
CVFvgoW9,33,Berlin
hoFd7G76,22,NY
wNG5Ie1C,22,LA
bTuZPBUt,27,NY
PaCF0BT7,52,London
m14AJV9E,57,SF
zg2AyWpb,57,LA
o8Kjyly7,41,SF
P12tI8dv,37,NY
P9bG1dHy,18,London
7e1Uy3JY,62,Berlin
TJgjOx69,64,LA
V20xW6EM,64,SF
fcAKSDQR,60,Berlin
ctN4q2iI,33,SF
0pu6uxsM,63,Berlin
MSQAMuwb,38,LA
FeikKfGJ,26,Berlin
hiLDfBFu,49,Berlin
PkKTV7sS,49,LA
eoTcFkt5,27,NY
9EaPRu0O,60,LA
GaXmqMEK,38,SF
lC1r1C5U,53,LA
B5IpL9AW,32,London
yAj6cyPJ,58,London
McxJjcVZ,58,SF
WLUikyx3,29,SF
GGXsNJnM,46,NY
1LFd4eWv,40,London
4YdWh2Wz,27,SF
1d0L9lSo,36,LA
xDkUJpHL,44,LA
l2agAS7z,65,Berlin
KiDdCLYs,47,London
zJ8tPsgr,43,Berlin
KmI9rHmN,56,SF
lYqMQWeG,20,Berlin
DX59Shii,30,NY
EHgbUH3Y,35,SF
YPbmTqnh,68,London
8A3aYGnV,60,Berlin
DVpM2Ftp,51,LA
aUes1o7S,64,Berlin
nqDpLP6l,36,LA
CIpLhihN,31,NY
rBvLm8Lr,46,Berlin
Aqbf9Qa9,64,SF
cgbpRxhS,41,London
ofTFbmRK,65,SF
VhRUyBs3,44,SF
FMsVTBdn,35,London
cAfJ5Vmv,33,SF
bEV0cXhP,34,SF
nAZipSyF,43,SF
lVxToHoc,56,NY
sxSxPuTW,41,London
btH5RyHL,46,London
rSOzsIYO,27,LA
0TUMKH5c,39,LA
VSrhFXtX,45,NY
eCKS4r9k,50,Berlin
TqPrk27D,57,Berlin
0naTq7Wo,35,Berlin
N2BtCjax,61,LA
IIh8c8DD,40,SF
FcUuB1Q3,55,NY
R7lA7Poa,51,NY
xLF5enbl,21,London
UoENZjFD,28,London
Ido3aWVA,61,NY
mZYexKGN,28,Berlin
9BB6Vbga,24,NY
6EkMD4oe,67,SF
CHKo2Vxh,38,SF
YkMW3iVL,50,Berlin
bNzeAgzr,38,NY
edN4lRhG,55,SF
2xHPr0ww,51,Berlin
4QSCt2R6,56,Berlin
zlE7wX5g,19,NY
v163MKri,35,NY
cvCUetGC,57,Berlin
qycidIxh,50,London
TM1r9Z4h,33,NY
ZI3boCbt,58,Berlin
FxB15iqX,31,SF
6UpBp4D7,39,LA
lofcU9YI,18,London
1Ph7bFo0,35,NY
gmFPmBVs,55,SF
QWfSDfzX,20,LA
3QsRGQL4,35,SF
tOfLK6WY,22,SF
7GLQk1gq,24,Berlin
xSpNdseb,67,London
EF0wdJuM,50,Berlin
6RLE3vzo,54,SF
WIr3jd6B,65,NY
VMr82ExQ,40,Berlin
moQ0N4yY,22,SF
dfo2CObd,41,NY
cpJooZAc,31,SF
4a36G9Df,27,LA
JMNzc3OJ,41,London
SC7dhFLw,20,Berlin
3Mcn2R8I,30,LA
tylEla8D,54,Berlin
1xtbwLnN,33,SF
03jT0xOG,32,LA
v3b2nbvS,20,London
fM2I00Tx,27,LA
XO6lNqs1,27,LA
or8LCKm3,20,NY
7nwk2ZLM,42,LA
hrH6skPQ,37,LA
LGkjGCv6,50,NY
JCLhXbgg,57,SF
CAw22lvf,33,LA
tMPc2q0I,27,LA
1HxAXcqE,51,NY
y3g5Ria3,46,London
9utWUPO0,44,London
H6DKl2Gk,40,Berlin
rkBFxXZ1,27,Berlin
ZZIJsJYY,40,SF
KCGUWqpv,57,Berlin
7L6EvDOn,41,Berlin
JHWcJZ74,28,SF
Shsp9V5f,56,Berlin
VRrJiPwQ,36,NY
JcXzkMlw,39,Berlin
bVISenXJ,50,SF
jn5MRA83,51,London
p7XvfLbO,46,LA
tOLTonAi,56,Berlin
B157ilW7,45,London
POVNg022,69,NY
Dra3dsZ4,65,London
d4RprSok,63,SF
eH8XDds7,43,SF
jqRnG9rB,18,SF
vRuM6zFW,62,SF
9HuLNOYz,46,Berlin
0PZnuqvu,24,London
nDwpUgkC,43,NY
URCx3xyJ,19,London
ePuvX1Q0,38,London
xz5z3OdL,36,Berlin
w4aTscFG,20,Berlin
Rc21BI60,51,NY
O301Wx8X,25,NY
bfTjLpmv,37,LA
SK4PVTde,25,London
BCoyMSHC,28,LA
o3MrygqV,50,SF
n3flWkLk,47,London
uvPv6JiT,53,London
9BNG9JTr,49,Berlin
jkXSUwnH,25,LA
rprUzHyi,23,LA
Lnlz9XyI,69,LA
bZBtpHMZ,26,Berlin
FDGUYaHv,37,NY
q4v21IHx,67,Berlin
ePaAh64P,52,NY
ueRIZvMt,31,LA
OKwX9801,28,SF
tTdgJGVF,57,SF
LUQRVUjg,64,NY
W24Q8sC7,53,NY
2ee7Zrp4,25,NY
IkcCwCl0,54,Berlin
Q2Xzc8Dw,54,SF
Q70vBn8w,36,Berlin
xRgqA01B,46,London
YUIshHRZ,43,LA
jjyqHPUl,43,Berlin
P3vL80tI,69,SF
RSxhBvjk,55,LA
8ys7E03e,36,London
N5lUzhCZ,41,LA
n8C5wGDj,19,NY
tbzoEKKp,39,NY
Y8EyG1DU,29,London
ZGkm176v,25,NY
CC0P9Q5Q,27,Berlin
63XQEFd8,19,NY
Xt8w76Se,22,LA
AHVAJgE0,66,NY
Aic6WGT3,57,Berlin
61gjTzlJ,40,London
XUFcu7Ve,51,SF
Q9kyC9qs,19,SF
1KbLqlzR,34,Berlin
7meqNuDf,25,SF
NyAxPp5I,69,NY
1V1Gl8CE,39,NY
yqAk1dCU,60,Berlin
LLoVumNM,22,NY
bz7C8fyL,44,SF
bf2Islqd,30,London
pbJQYRxH,26,SF
XNsfxpOO,67,London
4vc8SbWn,56,Berlin
a2ZWQQML,43,NY
Of8rlRxA,54,SF
OAf6xGVt,51,Berlin
XW4GmEVd,65,London
DBOzh5fE,65,London
15O8rOQN,37,SF
5MYJkBRB,42,London
T4OUWOEo,27,LA
7LBFCPgm,49,Berlin
FTCVjpvx,20,NY
c6obHM6m,29,LA
oMCyq8S0,48,NY
vLuEYDQq,48,SF
JCqoJty7,49,LA
QIMwnU0B,56,NY
4nIHQruj,48,Berlin
ke8HagAh,21,LA
r92f2OP8,24,Berlin
Xphr4yjQ,46,NY
K3TVNUXx,20,LA
gg8q1k88,36,LA
lEDLndty,61,LA
AuxjNcA7,26,Berlin
qgDXLR3p,46,NY
LhCRREj9,35,NY
sRm8AXqa,38,SF
nwZ6d8Hr,50,NY
JmZqaRxm,66,London
ZTcPhDfX,27,NY
oNUjOhi0,69,Berlin
RcZFLtAc,46,SF
L2LyZa6R,44,SF
1oaxqovf,49,LA
PCmJ3hC9,50,LA
jDuaKvQr,24,Berlin
OALOW8PL,52,NY
rDtORMdL,35,London
ejF8HvDK,27,London
N7gEJVQN,60,SF
N9IJwHyF,48,NY
pCF1i9pw,31,Berlin
V5NYupnk,18,Berlin
8ma1BDc3,47,NY
q1EJDz6Y,18,Berlin
TGsTUglY,68,Berlin
aelcJ69O,37,LA
XpEMoxo4,36,London
lFcwAZkO,36,Berlin
IJTcxdM4,58,SF
Cukthr9R,28,London
wssJtJNq,30,LA
C9hjIyvv,31,NY
rxb6Zdf7,41,LA
kIDpwS0m,44,Berlin
T7UcIk9f,20,NY
u0ArC3Ky,21,NY
EdocKMPg,49,LA
3W7iUSKO,48,LA
DZxnnrDl,66,SF
VfMaTReS,66,SF
LiiifG5y,50,Berlin
SAjShVey,26,SF
4se9fDOg,62,SF
ug0h4Bzw,47,SF
O8nHNVvo,46,LA
faaYrOf4,42,NY
ptJ5hEQH,46,SF
CcVsFI7M,61,NY
JtY5aLzI,55,NY
TnVjPrTm,34,SF
ziaGLQuF,61,LA
JW19K55U,27,NY
NA84dlqV,45,London
l3aRMM09,45,NY
iUejECWv,32,Berlin
ve31tbd2,24,LA
PZUjoHEi,67,LA
5k5T0VrX,36,LA
d6pNsXgf,54,LA
DKPiKBS0,40,LA
FVMuVs2O,36,NY
jmfRtSCJ,47,London
AHND4L77,21,LA
QMHCE8mo,33,London
gL8X6aTn,67,Berlin
TTpYvPdJ,34,LA
LgTjrNTa,25,SF
ZxfehO7P,64,London
kU03qdha,39,NY
Gk3cOBSp,66,NY
KrtllkDz,65,SF
JyllBQ6B,53,London
iuNgfP8M,32,SF
dxOjlz9d,30,NY
jtvN8oNf,57,Berlin
dDR8b3Kr,43,LA
kuOTupUH,55,Berlin
TXdmBk6M,66,SF
RFGWFvja,55,LA
kgk2D0Fu,24,SF
NAAYz2yg,58,SF
NcCRJovW,65,London
pSX7myqE,40,Berlin
7aK6CFgO,65,NY
pCNbl0D3,62,Berlin
fevAV2ye,36,Berlin
MtLNUzKd,48,London
Suv9G7f3,60,NY
rjFdPONT,50,London
xgkHCrxu,29,NY
HfxQvHw7,18,Berlin
ZIc7OHJ6,42,LA
dyayi4Fj,65,SF
NMCgSeW8,50,LA
WiJvfaOM,67,Berlin
HeYxap7q,23,LA
DddTjn30,39,London
WOojoe0o,52,NY
uaB4SFCW,64,London
VWZDmiqM,26,SF
Ca9MWskJ,46,Berlin
zLfmoQgP,48,Berlin
JJqy4xTB,42,SF
sVxDbwJ3,32,London
Ti7U6GjG,51,SF
MTxOkyR6,18,Berlin
qKsW0Do4,61,LA
AAiOdi7M,60,SF
rV1F9I5g,48,London
rkzYPQBQ,62,SF
tbPMdPyB,42,LA
wbOLQrBR,40,SF
uolfd8Hs,41,London
7gYINnvz,55,LA
VLkFjScd,61,NY
mcPc0nQR,60,LA
HXZ0C7D8,45,NY
oqPbersp,48,NY
7wjFbuFl,18,Berlin
6AbhpPyl,33,LA
U0yIVsxI,27,SF
Gzg0ndLp,51,NY
jODlTTQG,65,SF
9zMQRhON,25,NY
yQRGd9Te,46,Berlin
kMgdhOwC,44,SF
nLOhnoS8,69,LA
rrT4863R,19,SF
bYjwlPAK,28,SF
ghoKpOEa,35,LA
5ZsGhw6j,26,NY
5IHijNzl,55,SF
deUIz7PE,47,Berlin
RaPyxmwJ,38,London
GjWMO4tO,69,SF
X1HH8KeT,53,NY
itcyI9bP,58,LA
Thy6E5mW,24,Berlin
r0I9Uf0J,57,London
PmO4L5gR,43,NY
O6zyD77U,60,LA
SOJFdtus,49,NY
qSKKCr1Z,33,NY
iKfIs3yU,45,London
zkQ6fHls,43,LA
KpiAeKti,28,LA
hjc67gHp,24,London
SdKHhTUl,48,LA
qE1t1Pbb,61,London
mFDph0aZ,64,NY
bQeDQtYL,64,LA
6LPcVqbd,59,LA
ecS771gs,53,Berlin
8OGr8z88,33,London
H9NexRdG,63,LA
TfnLfFiR,69,London
fHn93jx5,67,London
adNfTKOO,42,London
tl9b4yR8,18,Berlin
5i3L5o5z,28,London
a1KQQvuq,45,NY
7EomK5U7,55,LA
vkxOcSRv,37,NY
Q1X1EPNU,42,SF
ELpKALx1,25,SF
JE71b45C,23,LA
M2YazsA1,35,NY
LXgqYI2V,46,NY
CGXpmonQ,38,Berlin
JCbYcwiO,45,Berlin
cJRBOUSO,63,Berlin
OrIxlrqv,39,Berlin
92D1oV0a,18,London
Oy9chURp,36,LA
VlyfV4Lp,49,LA
SObHKsQ8,37,London
jp2WSORx,27,NY
jZDzP8f0,45,NY
MlOWDaQH,22,Berlin
os60sOjg,35,NY
qzQJEnVz,50,Berlin
Umlxivvt,33,London
n2aDNBXo,58,London
G4kkCYFW,57,London
Cw7fAkUH,26,London
gYACoJsP,48,LA
CNpDVi67,59,NY
ETgITuuM,26,SF
gqwuVitX,45,LA
CIyJt5qf,45,LA
H2A3alaJ,54,Berlin
ohKiKOud,30,London
0zHM4spo,55,London
mv7S1Nm0,20,London
HvzOOrqm,54,SF
d8wSe4rE,58,NY
Re1a3l7L,54,Berlin
5Jj1BKMU,50,LA
6hzrWQUA,55,NY
vTJrAt9I,23,NY
uz2izrtk,50,LA
766TDbuE,31,SF
c14XBgZA,39,SF
MScFbfbu,49,NY
ce1btHiJ,64,London
QMbFRYei,52,London
Q5n3ibLS,66,Berlin
t7bxV9q9,69,Berlin
lBNM32fo,66,London
6p7QiFRg,20,NY
vkCvAAlv,30,Berlin
PgiU6FVa,31,Berlin
JHmDNtgH,61,Berlin
dVkb1yGl,18,NY
yyBUqqz8,54,London
k62BPaI4,20,London
otnuHVh6,62,LA
p5uJFuB5,60,Berlin
uuhmu7gF,60,NY
7j3TI5ly,37,SF
1w5kRD2F,52,LA
8UEZi4G2,38,London
Gvmizhjn,52,London
qjJyMD7h,29,SF
67G9YSVw,61,Berlin
fllHfG7P,28,LA
ktI2ZbkH,27,NY
X1cT5TgU,53,NY
N8ANn1mD,31,Berlin
dAkzIplt,27,SF
pDKmPZJY,26,NY
BKDqV1EB,44,London
zhTkozJG,53,NY
lOiQ9UuH,68,NY
51ybWOkG,42,NY
DQKdVVov,69,Berlin
sWJEHwyK,25,Berlin
gejhN2m6,43,Berlin
h2Dc0zo0,25,London
TPJOCjxZ,19,Berlin
JQsx1F5k,43,LA
bE2OIkEJ,61,London
2BipN6OY,36,NY
qSri2tQ1,66,Berlin
wWsXkSa9,40,SF
dAjTm2yC,56,SF
2Xs4jA3j,64,NY
ggyul3qP,45,LA
cXLyJG0w,35,SF
uWvCunxP,23,SF
E2BIkYkO,24,NY
uudyJEBF,69,Berlin
HzUCwmU0,18,Berlin
KRQfkYjq,20,SF
RfPWm5W3,44,London
jPplGodv,42,SF
PinD9XzK,50,London
QnvTnEER,65,SF
JjcjGo0V,58,NY
Q2hgmqSi,29,SF
fmgkoMYB,54,LA
JC5uRCAd,69,LA
5FzM0p0y,44,London
WTEVvR01,28,LA
zK2S2DFs,49,LA
msnEU3us,18,London
EMTXN9vI,59,Berlin
hmLIex23,41,Berlin
Rcp0RpIn,65,LA
O04N6o2g,32,Berlin
cFPcf2QE,35,SF
MHg3BXXg,54,SF
yKnz9nP4,40,Berlin
Ptf7Fzkn,59,NY
n1cG0RYB,45,Berlin
JPVcVGVi,69,NY
SN1Klh73,50,Berlin
5c9YzcGn,35,Berlin
0YMKGto4,66,SF
9JGVemt1,61,LA
DTd1yFLk,18,LA
omhtx4rX,56,NY
K4S8Bwrx,50,LA
z9LSfu2Q,37,Berlin
3OC0jQDd,26,Berlin
NQY5sL45,52,London
EnWcPKjY,45,London
4dEJrPSx,59,London
erWXW8MG,32,London
ZLGZKPtw,59,Berlin
Ie0LDpV2,36,SF
VdTjW2kP,37,LA
ZflIGB6W,25,SF
wNjY2A8w,62,London
ssAWzzmT,69,LA
IhoraCFV,23,London
7F88UBX1,37,London
W48gaP0d,30,Berlin
fpW1ifj5,58,Berlin
ljoxXVa2,18,London
FLGu46Mj,46,NY
tztIbjTK,65,NY
0yOgPfIc,33,London
FGdIcEBr,34,Berlin
QTGT2EXb,65,Berlin
SVi11UOf,46,London
iWlCF53k,39,Berlin
TfTMWeqi,19,NY
2BhcRg3E,41,NY
rj7yy801,59,London
3YqUApA2,34,SF
lU4Bg7B5,45,NY
Png98KAH,21,SF
sihuRNhP,56,Berlin
ncROyAXk,39,London
opygVNZo,31,NY
L1HjfLjd,64,SF
EWxjaTW7,29,London
kSNSrNif,45,Berlin
17IEQ6RA,45,SF
8AOdiQIk,47,NY
LVS665OA,62,NY
FTkSIy7F,32,London
2Jy2n8WF,27,LA
J6QzzYF7,50,Berlin
BVNxPvWg,32,NY
1sz9M1lb,49,LA
gxsfuVpM,19,NY
1nLzdg0x,49,Berlin
XtP3hYc8,38,LA
afLJbAFY,55,Berlin
q4KWaPQU,36,SF
c4rkS5fc,69,Berlin
cBgS8M9Y,43,NY
Dt9UaCjy,28,LA
zTJQh8yd,36,Berlin
Qft3WEms,18,London
tUwelIPJ,66,LA
x25rPtKQ,41,NY
CU5kQELn,23,NY
eA4nMALX,58,SF
vdZyERwf,41,LA
8W10uqAC,21,SF
DOopX1B4,40,NY
tbvj3LuZ,67,Berlin
1A1R4xjE,34,SF
CK9El9HZ,47,Berlin
gGHg7dit,58,Berlin
Mz4TzKax,29,NY
bTAuU5WQ,46,NY
xvAca4wT,54,NY
k5jVJkzp,30,LA
2z986gE8,21,Berlin
deMVDLa2,56,NY
gfChOwwu,66,London
WKNuor7o,39,LA
omhgracT,48,Berlin
d5jMyVH0,23,London
RF7GgnoU,23,NY
DcjINbkZ,22,Berlin
0423pF0n,26,London
lVa7prwa,51,LA
d2HwEk7a,51,LA
QblfGdDm,55,Berlin
XyTVLX2Q,59,London
GzWNUGvp,27,SF
oG5Ph61Z,45,Berlin
AqiwDX0G,55,SF
M6ZMS7HH,66,SF
xYxHlL7k,36,LA
L0tLwvv3,21,London
jaQHZzmb,46,London
0RnyEyD0,37,SF
Eu6ExjXg,33,London
Qx6Tfeqr,36,Berlin
nVde1fHb,66,London
N44sknUa,38,LA
BZyHTQBx,64,Berlin
XouiwcYf,24,SF
B5MoSkN3,37,Berlin
O2cnYQl6,46,LA
srvGudfi,42,NY
8mmZeY2R,55,London
1N4pMDXb,54,LA
wmXUGd8z,51,London
VDt6WeM1,20,SF
zmk132Bf,39,SF
gVBZO0bE,53,NY
Oof5JKWj,31,Berlin
T8mrID4j,66,LA
Ybo5z0nA,46,NY
DrQ1k3PO,30,SF
D7vKsDyP,57,Berlin
BeLcykNm,19,NY
YO9XR3vH,64,SF
xemE8LdZ,29,SF
gBzLoaVb,22,SF
VqllulcP,62,Berlin
Lm5GK4k9,32,NY
cECZEmgA,63,SF
G0UHiSvT,43,Berlin
O495hjZh,31,SF
DSrCirKS,28,London
B8QzpfIh,42,SF
pDXxazLL,68,Berlin
wTyIrmW8,56,Berlin
sB6Uvrvo,31,SF
WIQqu3y4,25,SF
LWgSJict,18,LA
RhahJVxh,19,London
9OoBIhYV,41,NY
fmR4q844,66,SF
jy3Lhfxk,48,Berlin
Ty8aAM84,33,SF
SggDOoS1,44,London
nGgsW7WY,60,NY
bD8HEbgW,34,SF
eHWoDycr,62,LA
YCHYe6Ry,52,Berlin
bFOYkW1O,48,NY
I5ZPOZtA,47,London
VrGrGqoe,49,LA
C4J3y5Vv,64,London
3kXyPz3W,31,LA
X0D2lbrn,20,LA
fwz7CR7x,61,NY
u9t2c15S,41,NY
zjiOuKG3,60,LA
uvvMoCXM,20,LA
R49Aom4l,20,SF
GJjDeoY8,24,LA
0Jinnz3d,27,London
gXSwQvlR,45,SF
Fiqm6fTx,61,Berlin
JdyUqIKY,26,Berlin
Ifetvhic,50,LA
VFgjTPqz,19,Berlin
EmAl4o4z,43,SF
f0CEDqQF,32,LA
og4FJask,56,Berlin
vpBx5AkP,67,SF
t18yUWon,19,LA
97HWw2Zp,58,NY
P05LFtID,33,NY
Z4xE0Pwy,53,SF
5Zxwnw5z,62,London
J2pO5Dpa,45,NY
CohPu9SO,54,LA
wXHkZOEb,38,LA
ZN2EfjHk,36,Berlin
mi3hU0j9,25,SF
NeFjyAeJ,67,LA
qjH4EIc9,30,Berlin
Bd3kPqj4,38,London
uVGVWHMx,69,Berlin
tn3NObvM,39,SF
tIaaTwjT,48,London
rkzIgbKS,41,Berlin
XmRRIBFS,41,NY
taY222bx,55,SF
Fk5OC8ii,66,Berlin
NgSUzYZf,24,Berlin
QEKK7xOU,48,London
bXwJXTPq,25,LA
mz3klN4n,54,LA
9vTJgThS,40,Berlin
HmYggQFq,29,Berlin
sBUyA8S0,29,LA
QAS0XaJ9,65,Berlin
B9eZmf58,47,SF
1uy4JqOV,63,SF
IkiAhQjV,58,Berlin
qJTFki2m,60,NY
yWL1WVXE,40,SF
SEJYamdK,35,NY
1e7kdr5T,68,LA
qcVhg84T,25,LA
2m0RxlCE,64,Berlin
JkRnGFOo,38,London
SViq9uNG,57,London
vdlhAOri,32,NY
qU5xGzpE,50,LA
Iq7imEAp,47,LA
D2IWeUID,38,NY
qITS7Byz,62,NY
8PlNgssj,51,SF
xTr5l93M,44,NY
qrUMNX2D,36,NY
WMwNsRpJ,45,Berlin
VngsaUOt,57,Berlin
lLcVRQ9n,69,SF
77Q5nmBJ,53,London
NeehWhzX,64,SF
fRujFhox,25,SF
rMO7Cq1s,64,Berlin
v5A2nQfA,65,Berlin
TkroRma7,52,LA
Me8qO07x,20,Berlin
JLSkxygp,63,NY
QGqB9TgN,62,Berlin
t1bXeDCS,34,NY
3deZyd2u,62,LA
timYCaoK,39,SF
hOWUnE3d,44,NY
w8rUKi93,31,London
kGPD6FWK,61,Berlin
RlFYdW1J,51,SF
9ux7dD5J,55,London
tEQsU0PX,66,NY
gcNgwAIP,25,SF
qM79yGjq,52,LA
leLQqHBK,56,NY
Ok4BRZWQ,21,LA
gKmuUO0g,51,SF
1axYbhFD,62,SF
THx2F0RC,63,Berlin
GfkzfKrk,69,LA
m4PnOyGX,64,NY
gPx5bjkt,67,NY
y2RAC6wK,26,NY
8XvXV96h,19,London
bvZ4b4JV,47,LA
OCHxrdWu,46,NY
gd5foH8y,20,NY
RytNktbM,21,LA
8LGzIqRk,62,NY
xvQYvrov,29,SF
btUQJtgd,58,NY
qWNQ2gGe,40,SF
F2u0hLJk,42,London
IObbpwqy,57,SF
5XPBc7Gp,66,LA
CfXGHRfX,33,Berlin
0Y2QCiPw,47,LA
tCZ9FdJd,48,London
Wul1n9QH,64,SF
7jwMY8lr,36,LA
sSnz2TyQ,29,LA
OGjF7Hgk,57,SF
cn580kaX,20,SF
HElOYTM8,43,NY
JzrcLJGH,54,NY
pIuSPS7L,18,Berlin
v3xgPmE9,69,London
e4XOOu8V,63,LA
wU8DKVBp,37,London
JbD98r0z,53,London
MezMak4z,18,London
tEYi0ukC,46,LA
n7X5LVy2,50,NY
U2CUSzNG,47,London
W6zDgZ8i,28,SF
CDELCVNU,46,NY
NOKmE42l,63,NY
9nMCs3Yi,29,NY
3UlycGuQ,22,London
PsPe9FXX,34,Berlin
nFkZJkEP,54,SF
ZbZOxERH,67,SF
wI7XyPuM,30,NY
QjVqLEKk,46,NY
g6f7vOTp,64,Berlin
T2yo1rju,30,LA
rk4jRvhg,64,Berlin
xnZcuqFZ,66,London
9ePc2xOn,43,LA
wnpOiNIP,48,Berlin
yBDdypM5,50,Berlin
Iwjx2X1J,49,NY
M9Ydi1LU,38,NY
g2AwdPLR,37,Berlin
FaLYbDIu,55,London
HaOoOSQf,67,Berlin
RwJbXe4F,69,SF
EMc1xnJn,46,SF
bzp18408,55,Berlin
WhQ8Z32G,24,LA
WLWmxRcB,31,SF
i4xa9nuZ,41,LA
SfeHcg7w,46,LA
U8JwjndN,21,London
RNV7sRTz,58,Berlin
FvCuyupx,36,London
d9G69Xdc,32,London
9wTSBaCG,32,London
YObCL5d4,49,Berlin
5ArCbF9Y,65,LA
zYVknCM3,46,LA
KiatkMN0,39,LA
I4UUzFCm,67,NY
1b1qqMOM,67,SF
6tbrLmEd,53,London
ONQidfz5,34,LA
jiP2sqjK,53,Berlin
ZnN9maOi,65,London
vAYB077n,30,SF
sqg4JDFs,50,London
oxPd5o4v,60,Berlin
vQY5er2U,40,NY
PAdgEocF,66,NY
eS2tZNZL,39,LA
ONQIsJ1J,57,NY
sKLPBnyz,51,NY
PeocGhtB,34,LA
KCiUgg6P,60,NY
2uCD3yxx,66,SF
BDDlAC0p,37,NY
wTObq5IB,18,NY
koCfdfpH,65,NY
t0tJGKbX,37,NY
c1AT5yWX,58,LA
wiCwDalQ,50,NY
pB4G5p4q,51,Berlin
K436DUJg,22,NY
HSIv0KJj,67,NY
qwqodDoM,65,London
0pWUFvQ7,39,London
uJPWwtVE,54,Berlin
DiXPYgsf,55,Berlin
KzXmzOcr,67,LA
Z1AqMbt2,56,LA
XEefed5a,26,NY
81qB2Zr4,36,NY
cdzu37Pg,61,London
FhacknvQ,50,SF
BVY0Qy9q,67,London
6gwm6OWb,35,NY
PvocZKfN,67,Berlin
ilsydGoN,40,LA
t1u2j84R,60,SF
Jda8ew4y,23,NY
mxinBVEV,26,NY
UTYPUbxm,52,Berlin
EFvr7FQx,36,LA
aHV7yC0M,22,Berlin
LgjQwTIA,44,SF
xlDaXGwY,66,SF
hapTn6uc,18,LA
DZYbWBL7,32,LA
GGxa3kqc,66,NY
8egInZRP,51,NY
20spt7FV,30,NY
P7Pc1AJK,34,London
rBnkA99V,36,London
Cjg2zCrh,58,NY
jmsJ4sLH,44,Berlin
nC5pZeOI,53,SF
fDi5ErIF,65,SF
EtGjKpCY,58,London
DbWtm6aP,47,NY
HCRCuK5C,53,NY
k68t3wzs,20,LA
9IdmUS9v,44,Berlin
7cRUMfP3,58,Berlin
mYlDdRxi,37,LA
vvvFq20E,61,Berlin
PEflSj9v,56,London
f2gk3PgS,60,Berlin
U1Nl4BW8,48,LA
dTu48MBm,25,NY
cM12TMvG,51,SF
sBulbV5d,36,London
wBdLRnIb,46,Berlin
p0NpuNiB,63,Berlin
JA8wIZLV,21,LA
cdr0FIj0,18,SF
lE5EpvjE,37,SF
3RNE1U9W,31,SF
kujlRqef,19,LA
RoGoesNb,39,SF
OixOCU5S,45,SF
pZ7Nn8ZY,57,London
qHQLpvE6,57,Berlin
AyGZeHp1,52,LA
Jcn3HD72,63,LA
LorM9VeI,64,NY
APAd5mRN,56,SF
VWNyIn5s,63,Berlin
7z2azrpw,47,SF
9BTyhEf3,68,NY
RFX7YUZe,43,LA
VpfNl633,18,SF
uBVMe0Tg,65,LA
B2UhF1GU,56,LA
4iKedSmq,43,NY
wCwfwGyY,38,LA
vAQ54QZJ,49,SF
kGV98l3A,42,NY
Bo3ilZ34,69,SF
ZU4tEBtt,29,London
AvKaDh8P,52,LA
Ya1zT3Uv,35,SF
cmeC6gGW,56,SF
yDzeNHm9,60,Berlin
0RCYM34g,22,LA
0NfDlvTD,42,LA
BcXZ72Ut,27,SF
L10WhXjA,21,Berlin
1hsz2Q29,47,LA
dwhhML99,59,SF
fm40BTBn,24,NY
5gUuGy8D,59,Berlin
e9KpypxX,58,London
xqRS7kDE,25,SF
YIoyTRYt,21,SF
cQlqEfK4,23,SF
My6wXau1,54,NY
l4LaBprq,47,LA
HrfY1aEg,27,London
PE2VhlXO,32,SF
jIXVhIxF,59,SF
V1p2aUUu,54,SF
OKCDMszb,68,SF
FoVbot8s,18,Berlin
fraoampG,28,LA
hgLCaKpL,27,LA
AQyJkZ3e,57,London
huoTN95A,29,SF
flezCZSQ,68,Berlin
NbYP2rzd,43,Berlin
va9R03pk,58,SF
YmLVCM98,65,SF
At4qbHa1,19,London
Ps5sosmQ,42,London
AY8NtS0U,64,SF
0zE5ZxBH,44,Berlin
YFE4i5Kb,49,Berlin
FkqC6zVP,33,NY
itIBGO3P,31,LA
ycyHeZxP,54,London
ksHXFqPZ,47,NY
6QCNCu8Y,52,LA
OcSORift,33,SF
Nb2OSZDK,23,London
O89V6mSi,56,NY
O8qiCykz,60,NY
YvHA8hiT,39,SF
aGZexvvu,41,London
JmaaxXQT,47,LA
Of4rLWSt,40,NY
phft1Sp1,35,NY
5dGlXT4c,61,NY
9sgyZGyO,41,NY
VGsyytP2,24,NY
4yUcdStq,68,London
zpl1ceqk,46,London
1FQgdVTf,67,London
2GcdDuBJ,46,LA
WojOci98,60,London
A4sHycd7,62,NY
6LTSs5Yh,50,NY
0OxRnY6Y,44,NY
fplFw8kL,29,London
DZEm8MYt,59,NY
Yf4G8iul,66,LA
Ouy4UmHq,37,SF
TFQ5YfRO,46,London
HHWMVM2d,52,SF
xqcBE2Yv,30,SF
HLiOSBtC,34,LA
SeXxvEuL,67,Berlin
8BIF9Gfh,30,SF
MVaYZ97S,48,LA
50X01fhp,49,NY
rZ60BuqS,67,SF
Om09YSl7,45,SF
Eao0wc5M,34,LA
EtdTtZYD,45,NY
Ij9P6k0Y,31,Berlin
vumPqmPA,45,Berlin
FZjHxk8J,25,London
MSs1qjPT,34,NY
hyyEHHdg,22,LA
wo7EhnRa,44,Berlin
N4iJDry9,63,Berlin
eV0lDeKy,56,NY
QjeciNIy,20,Berlin
5dsdkACq,39,SF
h1IqzXqy,57,LA
lmb8Y2SM,49,London
dzeeUri4,54,LA
VIBcw79w,59,NY
YPlvO74F,57,London
UDbycsg7,35,LA
WiPWclFG,40,SF
gwsflxoM,64,London
tBY3zvHS,38,NY
FdcBSvQZ,46,SF
etkD1SfU,63,SF
nVnUWZLy,69,NY
L8n9ltdW,53,SF
JHF9luir,43,London
W0FuKTx6,47,LA
FSwEUZq0,46,SF
w5BABqUu,23,NY
yUCCkfAn,33,SF
KE204Ety,33,SF
snZH4bws,55,Berlin
DnHHtijD,25,Berlin
L2yEFMAW,52,NY
5rq9qA7k,53,SF
vhtZeOdO,31,London
imtvla0c,22,London
6MPg3dvQ,22,LA
foYIQGnQ,28,SF
wngG6oBk,46,NY
b2QnIiOi,49,Berlin
khH6wXMK,66,SF
JXPsQArE,22,NY
LmldDmWg,56,London
QvEM4sAH,25,SF
AVJXoI33,52,SF
Tt2gCCHI,43,SF
748wAeik,61,London
MazJ4FWU,56,NY
qXlAycEh,40,London
Hg3T3lg7,42,London
MVWfNpML,46,London
ic56VFTo,54,SF
ce4lpR88,41,Berlin
KLIINxSA,65,LA
1gTK3YNN,31,SF
OTLpXOHS,69,LA
P9wJ7I5z,57,LA
9cHhplGC,47,NY
nCRW2nAF,19,SF
uo6uSUng,34,LA
xsudf4YS,40,NY
QodM6T25,66,LA
Dq3kprbl,63,SF
3gj3vI2M,55,LA
NmVYncxe,67,SF
Po3gKFad,42,Berlin
W76ujF4y,30,Berlin
YAm0xLHU,52,SF
KkkTQROW,34,NY
4743Tclj,39,NY
uJFrVoxO,40,LA
MyI7fUBY,23,Berlin
QEHlydaj,32,LA
QP1GdGsB,55,SF
nny0CTM2,23,LA
lx2Tyupt,46,London
58ciRQ5f,56,LA
rcK7PgD2,29,London
upOLf8hl,57,NY
Ifon6w2R,68,LA
yWdlDjxh,46,SF
2i9i7dT9,41,Berlin
dSQB7OQG,24,Berlin
skBqXjY1,51,NY
qHEPZtpT,34,SF
kcCrJ4nw,63,London
8z48lKUE,42,London
fJjPeI7Q,33,LA
2dXJV1In,65,Berlin
HMEaznIk,39,London
UBf0TTnr,36,SF
GmPUjYJs,56,London
xCNI5gL4,18,LA
dxzWZH7S,36,NY
qiI2Z3iv,40,London
yrldFC4e,51,Berlin
H77uCtmR,59,NY
o0LnzajS,41,LA
YYRPgXyH,40,Berlin
KJ10Fv0n,52,SF
KRhJSQ09,25,SF
6kEjX8RN,32,SF
Dt0h5e3l,53,London
qBHAOv1K,25,LA
66GtaWPp,37,SF
RFoOt7RC,21,SF
L0Q6iJHu,51,LA
t3mifDs5,56,London
X6vyRuG9,34,Berlin
sWuvUun0,51,SF
nHVCIF9C,68,Berlin
C8gJnYUZ,30,LA
R1iuWVbR,67,London
1NluV3Ce,61,Berlin
00j0Yk0D,26,SF
tBHU7iy0,56,SF
4D0uDdGR,20,NY
3cP8ctp0,32,London
5Tx7Snh9,41,London
p58a8X8a,37,LA
xk1sT8OT,60,NY
00V0DU4c,29,Berlin
Z1LOLZam,58,LA
WSBgTwqJ,31,NY
oQ3DED49,34,Berlin
ElVz1crx,69,NY
MPEbSKIk,39,Berlin
lgno7AV0,40,SF
hhCC3RYj,41,London
YvkoLSMx,50,LA
VDzZG8dg,37,London
zElmfcjB,25,London
VC0ETAvq,49,Berlin
fm11juHM,26,Berlin
YuI8LrQK,68,Berlin
RlFd8EnI,53,Berlin
IUZ2rtOd,57,LA
asNSSen1,27,LA
uR4lk2iy,35,LA
hIh0PNKe,56,NY
7yLbTPIX,48,LA
l2yHlYPr,43,London
Uoi2wLtr,33,London
v2RiuMnn,50,SF
ZFb0a3UG,67,LA
BTE8crk6,41,London
iLiYHGjX,51,LA
Xqm98ME3,68,NY
TliyPB5Y,61,LA
F0C730CR,69,SF
izyyli46,34,London
bMFyb6ZT,49,NY
hBs1UF2R,61,NY
bzp5tR0B,40,Berlin
VArbeslw,30,SF
6MxYkanN,34,SF
w0mSlo6F,63,Berlin
Pw4OMirO,63,London
UyLOGtsa,45,NY
tEUo2VnF,25,London
FfLHUZNp,50,LA
oXc3usWL,37,London
EUTnG3qQ,33,NY
RGH8vRAD,54,LA
AK7HUV4V,52,SF
WRECqIQw,39,Berlin
keGcnqMd,53,LA
e0PDPyF2,40,NY
YHlIty1s,53,London
JUtemmgo,51,Berlin
5rhhUPWo,38,London
sccjOFz0,49,NY
2BqGelh0,44,SF
l2mnaSJb,43,LA
FCpIwpRn,21,Berlin
lCQfXsMj,37,NY
gZrEpzmB,30,NY
CZcWFOhT,55,SF
TqVGKnVC,43,SF
Md4eb6eg,21,LA
Tp700hFR,22,SF
andcb63o,49,London
Q5Pd5vwF,41,SF
RxLtKk6V,55,SF
BKOABJ9c,28,LA
ce0MEyWP,40,NY
PYCoRNQG,48,London
YDitdzAc,48,LA
FJoNkzwM,33,SF
2A4qef52,51,NY
OH75DAsp,34,SF
HQLzWQQW,38,SF
cowUnLVr,50,NY
COWIag3w,48,SF
9bjp94Ln,59,London
ijuj8p0y,45,Berlin
h84baLUG,48,NY
lKNOF0I9,58,Berlin
LX7xKJd8,25,LA
EUuz6AFX,31,London
KlIPoToZ,39,Berlin
ugKgx7Un,23,Berlin
37bTE1yu,39,Berlin
3jc3H1Pr,32,London
Io564aJk,49,NY
TNkYSCYK,59,NY
8OGyr1Vr,33,NY
h7k0ysAG,51,London
R6zS15qu,19,Berlin
IalBtBXN,66,SF
HejqLB0G,43,London
tLjwceFz,26,London
pjXAP2x3,48,NY
LCOUkaNo,42,LA
Kb699Mck,50,SF
ytSnadOG,67,SF
ZVnLyo2M,26,London
0hCERGu3,26,SF
y0po5pWL,53,NY
viVXNByS,63,London
uasLsrOq,67,LA
PNVrx75o,67,SF
nXc1yyMp,28,Berlin
v5IRbQpv,57,SF
rHsCwZM2,26,SF
tz1LzCyS,53,SF
mTgTYLJb,37,SF
tBrQw4UA,54,NY
YPMsx4SD,62,NY
BLoRs9T3,39,London
QGLas2yH,53,NY
nx3sb4A6,23,NY
Tz5NKpDE,43,LA
uQRrzaNb,20,NY
p3GkQNyh,18,NY
qkDkuslR,32,Berlin
kJmoteen,50,NY
EsWzGGqC,39,London
0jA2wEUh,42,LA
MQS37WVC,54,NY
O3aPUtNz,39,Berlin
VdvkBZjz,64,SF
cGr8XKuo,23,London
h7xYZgBl,65,Berlin
2jSG3UKZ,66,London
wxQDIviB,20,SF
x7E0oVqH,20,LA
U46eJW21,58,London
vOZS11M1,39,NY
K8bbVhTF,22,London
1z5ylVOF,42,SF
QO3SkpVT,41,London
IxKmd8Pq,57,SF
eqjqs9SL,68,Berlin
7F0LfNPy,44,London
8EZ4fRDv,69,London
J8XWU95v,34,Berlin
yC8obADj,61,Berlin
8xju2k8g,60,LA
FqsqvVMe,39,London
mrB8Xf78,60,Berlin
Dcc5FZpt,69,SF
1NuYGMW9,19,LA
qM7U1SH3,61,Berlin
dTCWcEck,69,London
pmje17A6,67,SF
mAChRyAm,18,LA
TB1n3Ozs,57,NY
85xYL8jq,42,NY
U8TkHbQQ,44,LA
pgYRBIzj,19,Berlin
Xj0WKdoj,69,LA
fBtQsjEq,40,SF
qPY1pmxr,58,Berlin
TJ6WFb4g,45,NY
AW3FjXTL,60,London
ufDbTdz0,56,SF
NpDB6Aqx,24,LA
bt7k55pC,64,LA
NVJCgwxl,64,LA
Vav6OhpA,24,Berlin
L9kuTLVC,54,SF
NY49TlP1,60,London
XRbfSCyD,53,SF
QaY87wII,63,London
k7a2brI9,52,London
5g1qI702,43,NY
bT17uYYB,61,Berlin
0rB4zuAa,39,NY
PLrs6G0J,37,London
KdZCnf0h,44,LA
FyvwbwRl,40,SF
pk8sskDl,58,LA
o7uUsWJd,59,SF
R6xPoXZe,54,Berlin
QvzbT497,66,London
VC2zN2hh,40,Berlin
eJtdUuF9,20,NY
FFCKav9C,21,LA
mPhEaN1l,34,Berlin
gxKJG0lA,59,LA
jI2w7Mqm,49,Berlin
OFvBXRJO,69,SF
TedosV6B,37,LA
uVGbapml,34,NY
KE2fIGOF,55,Berlin
xluxkzGg,62,NY
38Vnfh2p,54,London
6JRFz3fy,23,NY
PIkA19oP,61,NY
HF2XslFD,26,London
hr1YeWTy,56,NY
NIfMTL4k,51,London
JNMzA4ms,48,LA
tGk9ht8s,42,NY
OIrrQAID,62,Berlin
V2MS43L8,33,SF
2GnaLWGM,22,London
q3RVU8rW,65,SF
IOn0pXFD,41,Berlin
Xvir8iYu,67,LA
YvUAotUu,20,Berlin
ZOjDMAJn,41,NY
MjbCLR7P,66,NY
IPqBcPg2,68,Berlin
pK6jdm0H,45,Berlin
PFq0wF7q,35,SF
FHKqOL1c,37,Berlin
lf3WNNC0,27,Berlin
5xGgJuqM,28,LA
XuuYXdk8,69,London
Z8Wx56er,36,London
JO4RYMm2,63,London
ibelWoJE,45,Berlin
GruYPRMT,24,Berlin
ttinjyuH,19,NY
xr7s55Hi,61,NY
CEnh2Khq,52,LA
QUZLyAEl,23,NY
oEmqJiUP,37,London
CbvrA3Dw,40,London
OKIgPzz0,69,Berlin
FFzzUBNE,32,Berlin
y8hYCyr7,66,Berlin
28f42GYk,27,SF
rLIkL3Cw,22,LA
ZOLdOXS9,46,SF
pDRxNqNO,59,SF
70PfUbNV,65,NY
DQkw5cg7,54,NY
GVSEdxKc,60,LA
iE5YEnBR,56,SF
PsDIYKbu,18,LA
nsam7r6G,22,London
Qe7KU4Ht,40,NY
hve91dQq,55,Berlin
pK3LlJ8h,39,NY
D3iyHus5,35,SF
2ufn7ZIW,67,SF
1lSHThsU,52,London
X1OherBg,18,London
u3WSv4Kz,55,NY
9c7i6sSu,36,London
NYyreMhR,47,Berlin
KOT8NqGS,25,Berlin
dLhbN8vC,67,Berlin
xcPl2fPK,23,Berlin
yPobr1nO,19,SF
D6Tye8MN,49,LA
JoU2HpGP,37,Berlin
xM0kzyys,60,LA
3HOT1d86,38,London
x6VmUNVy,25,SF
81r8gDOa,41,Berlin
0qiIzK8F,36,NY
HltGTZNL,67,SF
PLba07RC,30,SF
t4Jie1Ov,42,SF
IgVhjSac,63,London
lkFDXXue,19,LA
4JKhKu6p,35,SF
SWQLdaey,32,SF
UIQNBH30,32,NY
V35BZRJz,44,NY
5DkMzprM,47,NY
XtKQ6TiA,39,NY
sIBGqiUe,58,NY
PClOiTHE,43,Berlin
GUq9erIt,28,Berlin
caDn0APL,48,SF
fYkQzHVx,57,Berlin
jYi1jzvI,44,SF
pICRXv4E,48,LA
B7yhvS2j,21,London
flHSAu5V,31,Berlin
4v4Co9k7,19,London
IbbyCKid,30,NY
LMsPVOwJ,38,LA
s3d6heN4,27,Berlin
QIDgDaAH,37,LA
9XUq9Io0,19,NY
OVoQdkdt,19,Berlin
83n9ZbGx,67,NY
CxldxV06,21,Berlin
RUBJRzYO,59,NY
hZKb1TXu,25,NY
FoANXYZc,28,Berlin
qJ6cOgjz,33,LA
c3MZvB6e,58,Berlin
RtdMtShi,24,Berlin
TwIjpvnz,42,Berlin
q006fAAn,64,LA
4Hy7NAJ0,44,LA
LnkFwscB,59,SF
3XmigDCj,57,London
DuI8XRF4,44,LA
Q3UJScZI,64,SF
nbJdIKmB,44,SF
R4ZyaQ9b,19,London
IENcEaQ1,39,SF
GFXQDm6l,55,London
JHJ9D0UH,52,NY
THb8Vxtw,32,NY
mfa0LqHa,37,Berlin
GwuBxSSF,63,SF
d8j9Yyaz,67,Berlin
Ry37d5iM,26,Berlin
ioZAtYtV,26,NY
odQXR3yM,59,Berlin
hTOyela9,40,London
r1ee39Bg,43,NY
RnDp4W6k,31,NY
vjvS8Yt6,45,LA
EiRvaeov,45,London
qozk4vpw,48,SF
zDNMlP9o,23,NY
3kLXqcEV,54,NY
oJLQz6Wn,37,London
CRhqsgez,39,Berlin
k8yuuv7v,40,Berlin
f5lk0DWY,45,London
o4x0h8hC,63,SF
abagXZek,31,SF
0BDxQZel,65,NY
WHs84M2W,29,NY
JyiIrGkM,46,SF
QsLw4Ixk,65,SF
T7i2yNef,57,SF
qp6KZTqI,54,London
C82whwsg,37,Berlin
l0atibMv,32,LA
NqOq3Hpo,25,LA
71KKsFJn,53,NY
DqmtUssc,22,LA
5xVZ9ShV,40,Berlin
ogD4N6DB,35,SF
wmhKMdob,61,Berlin
YYEcnBu4,54,Berlin
Q4ubdkOt,49,NY
xuqbAfg3,40,LA
PtagSECB,45,London
Y6hyUxf8,33,LA
NklX0ymG,30,SF
Yu3M0gKu,26,SF
wNGV9ons,29,Berlin
iU3HVTCW,19,Berlin
rjsgtsIK,49,Berlin
eq2XYwgM,45,Berlin
V58qqKp8,56,SF
0Cxa5WKx,52,SF
0Nj86onF,18,Berlin
ZYQOjOn7,60,London
skKazpA6,25,SF
MfRTPThq,57,NY
XN2VLy0e,57,SF
bmVTKm2z,45,SF
mdn50DGG,24,NY
aApTjm1I,37,LA
rIAOF5LY,32,SF
FQCQAGbC,44,Berlin
WJAp95XC,33,Berlin
b9S3KXbO,19,London
1Jmv71Ux,68,LA
DsfXj3HO,43,London
FAKNWni0,62,SF
bJxQJyB4,69,Berlin
jw0VDS4f,36,LA
0hByjfyW,26,LA
SOMLSimO,64,SF
mHGAAhMH,38,Berlin
Z286N2c1,28,LA
TRxIODQw,64,LA
OkVVY2dq,36,Berlin
ctTCjKet,23,London
BWGegFIJ,25,NY
J4262B2c,63,Berlin
izrMa7XH,24,London
EEwTCq5i,49,Berlin
IMfX2vpP,27,NY
QTKiZkm1,26,NY
hPhI03LI,57,London
x32pPvUD,52,NY
NdBaG5pT,35,SF
AOjGAvb3,22,NY
aRstdEFX,55,SF
leeiw08Q,24,Berlin
CXue1pkP,64,Berlin
jjoohrkh,59,SF
LYrSlASj,68,Berlin
lAQIol8v,24,NY
W1MVbHkE,46,SF
k0gQCWja,36,NY
bw17kpq5,20,LA
pTqjwcOJ,61,London
o7a5OvyK,21,LA
5gE6AhqC,50,LA
5vgz1rPe,60,SF
g2h4QUn7,53,London
BxpHMtc3,43,Berlin
XtuMbt7A,48,London
HGhOnmRB,33,LA
4rtFjfbI,68,SF
T9OUSkkQ,58,Berlin
7MZb7NwG,48,SF
19gJg1U9,59,London
bVrxbxCa,44,LA
0lyXWwll,66,NY
0FKZtcGL,31,London
ljn5RUIp,32,SF
iRAhogPv,35,LA
Y0n02uIN,61,NY
vOo2rVDd,67,LA
BmKuuIVF,38,London
hKCETUbT,64,Berlin
Sm29hsmQ,28,Berlin
miMvGYH8,20,SF
EZj0U5za,18,SF
PckNfMs0,55,SF
b02qOIuE,64,Berlin
UI1XZZjK,26,LA
NmCq68Z9,69,LA
KbnE9GKX,45,London
UmGlS2hH,19,LA
IMSHLG7S,51,Berlin
cOSoPgJM,46,SF
IRRzRxhM,27,NY
rjzABI2c,48,LA
4VbW94Oo,54,Berlin
YigGi3nO,25,Berlin
Lp9n7Zi6,51,SF
UHRcmXGG,21,NY
Ktv6L6Yk,37,LA
N92Ylj1J,42,NY
OMrvxmuh,49,SF
UeCYSy7K,31,NY
tANM0dXf,53,NY
S013de72,20,London
DHfR1cAc,18,Berlin
fHqdskIf,33,LA
83u2A8H4,38,SF
GREPLHD6,24,LA
seoEoh7L,18,LA
zRLdbFvL,32,London
RV1VCjH1,41,Berlin
PYkWVtJP,33,London
4orw2qwz,39,Berlin
dLC3q5Wb,40,NY
iPQa5oQG,46,London
hh5BWU14,64,London
JmI2EJHI,60,SF
9BVqpPP1,26,London
eHKkmwQk,54,LA
zIGBtbb6,26,LA
Ldfzdl4v,39,SF
7aUeVmsQ,42,Berlin
7Pf753hl,49,SF
HIqxZoOy,56,Berlin
4g59FQra,42,London
FHaXS70q,54,NY
GTNYw4wm,48,Berlin
oeRITCYz,65,SF
c4O0FelF,41,NY
81mmEUpD,28,London
y5l8VLz6,58,Berlin
Y2D6SmHZ,40,London
bBtaMgBU,40,LA
BTjWbnAR,20,LA
hATe8MEj,68,LA
FsNJcWF0,45,SF
BLNw79MN,27,LA
cWfdCruI,58,London
rRqzKewo,30,SF
RBFIlVwJ,51,SF
zi3Xfz9r,27,London
lQao35z8,30,London
7RRDLCP6,24,NY
ONAwbVq9,69,SF
OmRbhMw3,56,London
Q7L1odAq,45,Berlin
MYIJL35Q,30,SF
324ojwv9,49,SF
xeDCLo9n,21,LA
5oGpAIh3,22,NY
wBg5Xw8a,36,SF
WPJPm2mw,50,LA
pEiukZvi,54,London
nffEdC8Z,60,LA
iplj5kJe,20,Berlin
G7nUS1ZJ,45,SF
pLpnU1Zs,48,London
P8c8Rhh1,29,Berlin
EqnYfmyh,42,Berlin
Y4poE8Se,55,LA
G5Jr6L2S,51,London
SGBHfml4,45,Berlin
4v0UShoi,48,NY
07z6pRza,33,Berlin
ZltR5Sk2,32,SF
bhuIKBpi,61,SF
zWWjGIH7,23,Berlin
F6MDtklL,58,SF
dUZ9sVr0,63,London
kKFeMYkD,19,London
iomI3TEA,59,LA
N0oDapq1,65,NY
qsl9BklT,18,Berlin
snkoaYM0,67,SF
WhTZ7XQw,55,LA
hdPZWMXL,43,LA
le16h338,59,Berlin
oFmJ6h47,51,LA
4FkUxOhp,36,LA
QhgzvwJe,35,NY
E63I2VBf,51,London
TWxouUH2,29,SF
iKQCVtEJ,35,Berlin
SI1mpWjo,22,SF
54Vb4YXv,41,LA
1AXdpTpn,64,SF
pXHqdV5Y,67,LA
cx1CJSU3,32,NY
w6y1jgoh,18,NY
ZlLPNqSQ,51,NY
YnDolj72,42,London
5MHHEqBg,20,Berlin
mppAoUxR,27,SF
hUH2bNru,64,LA
E6C86cIX,55,NY
9z4DefQh,41,SF
6r6XwapG,64,NY
wUXmWuRa,39,LA
twK1Dlfg,67,SF
z4ppvYJH,69,LA
H3mfxGyV,43,SF
qqtVPuI5,33,Berlin
xUeRdubK,38,NY
QRjggiuE,66,Berlin
xXdtd3nR,55,LA
858oewT5,45,NY
bYrFjokq,59,NY
zqHLNmGg,52,London
euqacrMA,65,NY
CGbbApWW,46,Berlin
lvAC7sYU,68,SF
jmxhvYkE,69,London
pHDQVAjd,59,NY
gRzkFmNm,56,London
jUzx75wN,52,LA
EFlYQIMF,59,SF
awJbsWCA,30,Berlin
xGdAmo5K,57,London
P4VIg1sL,21,NY
Rvz77rdg,19,NY
INVwkjui,34,Berlin
dXHVti2h,34,Berlin
d4ik0FZd,45,NY
YvURHtkG,62,NY
MCrdFGfo,19,London
kswlbyVp,57,Berlin
DsRlwvwe,57,NY
pR2H1BTb,68,NY
vZKHEYt4,31,NY
RT4xsaZ1,42,LA
Nale1NPE,20,SF
Oo51r5I2,31,SF
aVJvVSHg,53,London
JPa1wR0g,41,NY
7uSKimEv,53,Berlin
1tjiSlyE,28,London
Wj2F3OR1,43,LA
jubxuAsS,22,LA
aQ8QrPx7,24,SF
ITl1OZVw,29,Berlin
0Vofo8c2,49,NY
YOnY6OgZ,62,SF
MTwiEye0,18,London
1vzIIWNX,57,SF
kHsPl25X,21,LA
GzZeOUSD,18,LA
i2g1EsBk,42,London
8lmynVXA,19,Berlin
s0voQPVf,59,London
D5ZvtuWu,52,LA
QDcxd99u,18,Berlin
qaPk6Om6,36,London
73QcxQdS,41,LA
FAVPsVYM,58,NY
Gkge4dgz,19,London
XQX0D1x2,60,SF
MVSxnyZO,32,SF
iWWOHwf0,33,LA
gNOg48JR,66,LA
cjwN7k8e,63,London
yjuaA9Rh,22,LA
WyHQ04Vr,42,Berlin
U3LljreR,31,SF
0CKrxlIo,54,NY
Ml65mcUo,68,LA
Fs0f5axS,53,NY
nB0Jqp12,51,Berlin
UNqzCej7,34,Berlin
qZgMiGzY,56,SF
qL2ZkHMS,56,LA
sqG5mtLb,49,London
J6P4mEci,53,SF
1uSzssRj,25,SF
XOs1IoPQ,63,SF
w5e1JtlT,69,Berlin
WrLoRJn7,31,LA
BcXdzEdV,23,Berlin
hBgDXQ7e,63,London
7Z79wJ0X,40,SF
15p8aK1S,20,SF
q7rq8PkB,21,Berlin
IqRMPd8G,36,SF
rPKMm0jF,37,LA
r2d1vbxL,43,SF
0jxnx8Jw,60,Berlin
t0zTt6lQ,25,Berlin
324YGPyn,18,NY
So2RkDHq,34,NY
RKY5haqW,25,Berlin
1wkYSEAB,30,SF
XP1mfTlu,64,LA
UI6W7rL8,31,NY
LHHcVO21,53,London
i8hcXoqk,35,London
uh2pVZSz,35,LA
3I94tf38,61,Berlin
OrNGV9oy,66,LA
oU0Pigsn,45,Berlin
KNli9KD4,58,SF
y6LoeQC1,66,SF
FDFdVB8R,33,Berlin
JNzJ4bYp,34,London
hmiTTcMn,18,SF
u6VIgsmz,21,SF
CQcNXi1f,52,LA
trsY3QYs,46,LA
uSD6a4Ec,40,SF
09JOF3pi,22,SF
UsvxlEGT,32,Berlin
ktXb5bL1,34,London
97ca0iLT,19,SF
bUbUtCgy,31,SF
Qq9CVmUi,33,SF
TLksrA8w,53,London
qlqwx6B3,55,London
2yMAzNHA,37,Berlin
uMqbzGwW,41,London
4yF2Qga8,61,London
7cS7M3i6,33,NY
nmLPjBAp,54,Berlin
mABJ6WSh,32,SF
0s39wgo2,41,Berlin
d2GYBV1c,31,London
iUGsHfOn,63,NY
RxRBqCO1,29,SF
tCR6vuWN,38,Berlin
NnTI2lGE,43,Berlin
BsgtY3l4,42,SF
KxItG4LZ,19,LA
r7REUlD3,59,NY
RCALWPqV,38,London
BMaS8ZGN,62,SF
sXVUjCks,25,SF
nm8z6Qfx,32,NY
10xjijEG,27,London
dte2SCIA,64,Berlin
ohjefEGX,58,LA
Okj9J9kh,53,SF
VWax41x5,48,LA
PHU8mZFn,52,SF
TzjlyEbw,43,LA
XKcdfPkf,64,NY
dOceyqHh,34,NY
xaAlPLwE,36,Berlin
YajuNA4Q,69,SF
PPIEb08Z,21,Berlin
ucUrXzvB,60,London
DTB8Udx0,39,London
U9rGIrsS,42,SF
8npzjhR0,42,LA
RRLQNavt,20,Berlin
f9DJF7SY,29,LA
pceMbVNJ,28,SF
90qG9rvv,50,Berlin
2qbZ9UEe,50,NY
fMzYs3ZA,51,LA
umIGvl1X,24,SF
X7VMSP5z,45,Berlin
Bii9FERJ,18,LA
BdlfsYX5,23,NY
Tab37Xgj,50,SF
8MzvcsZ8,69,Berlin
4XyZxPM3,48,London
BEM4Uzv4,51,LA
rqRmIL6s,30,Berlin
pyRk7EXh,68,SF
vybJz5f9,52,LA
IjD9Jz6F,41,LA
1lNXeGZm,62,Berlin
ibH3NQKt,52,LA
ypQ5znAr,69,LA
tiVjHO63,48,SF
EUWpWVpM,57,Berlin
OBYGtHnP,61,NY
9DZaaalj,48,NY
fDIgDHd1,38,SF
nM2DeIYe,54,London
9AUNK1gY,62,London
AWa3C8LD,50,London
HGOab26b,39,LA
oSAPaenO,60,London
01x911AI,53,London
32wSiDlB,69,NY
h69j0vPE,42,SF
n3ZwkRmM,50,NY
7i54raJl,42,LA
L3hhu40C,35,London
9P7D8Em3,50,London
hBnkPBFL,68,Berlin
7vh5xqLx,62,London
Trrmp4BL,27,SF
ngWvNoU4,41,LA
ahFeqPqU,41,SF
304tCpX2,67,SF
F2HhlBIL,26,SF
30N7hxII,33,London
CRqAKYuD,30,London
5gdIFc2R,52,SF
wZTK0qn0,69,SF
Usi80RHt,51,NY
FZGSWYu5,33,NY
1myWEYbU,63,LA
K9oQtiX9,31,Berlin
ALuWAonI,67,London
B7K3MIqM,50,Berlin
PSmgVuqm,27,London
RWXM6JVN,37,London
BqAMb4fB,60,LA
fGnHWCLN,55,Berlin
5JGOXOcp,28,LA
bXh7ZYyc,65,Berlin
BkLMSlwv,35,NY
3GbwIrmN,29,NY
Was1wUHb,18,Berlin
YPMVtYGd,22,London
3jeR7y3Y,67,NY
Day4nZs5,33,SF
k37Tpo19,26,NY
h2lxlkMe,18,NY
8pOrYV67,19,SF
vZHgOwXG,24,NY
XxUOU0zC,39,LA
EwMAoQrK,40,LA
yrLT330A,45,SF
1oRMmJae,45,LA
VRqj0HVp,41,Berlin
qPBkezjP,29,LA
G045fkaI,67,Berlin
rHMN2hbn,45,SF
bJBDeNBX,19,LA
clzMmKf0,43,NY
vwqR17U7,23,London
RIzFrR7G,47,NY
M0ENknOA,54,Berlin
ZYKws5UR,23,London
5MpsXUGw,51,London
tmpGbpnm,20,London
mkAja5Zy,55,NY
mR85pIKM,69,London
V87FPpeq,40,NY
oFfGcsxB,48,London
oXlUj5xR,65,LA
iE2vL1fj,27,Berlin
MDqCHfbc,66,NY
PetdqaGm,41,Berlin
7xtrooKW,24,Berlin
FmoNJv62,57,Berlin
mipupAzK,22,SF
wLH4ijld,32,NY
lTP9PRiG,68,NY
TVHnQVyX,35,London
gOFYhxbX,40,London
iQZQrJ5J,36,LA
7Y4c2jc9,62,Berlin
Ln9aCPgn,20,London
SoNbt2Xi,24,NY
n6Gm0Fvh,55,Berlin
QR8xV5Pp,47,London
aGk9ftpv,64,London
sFXmHtJj,46,Berlin
UJ8K2xvp,31,Berlin
mzMutO0N,23,London
qlPYA8nL,32,Berlin
p3fxikMj,47,SF
uO6ZNCHH,68,Berlin
m7OjgszI,48,London
mVi2MuUw,30,LA
Rm9an4LL,28,LA
h4ydEdCx,26,London
JsT8WLqJ,19,Berlin
lFFdxVqY,20,Berlin
3quGkFnr,53,London
ah0teRjN,45,NY
0eNgLG7W,56,Berlin
EsY7RjRC,37,London
9EBGtphv,57,London
yNBZsG0b,35,SF
BJGCIvSu,26,NY
L3Pb2sjf,38,Berlin
VEeVyvnp,68,London
Yq4izVJO,35,NY
JQCjSmEP,61,SF
CmoXkvo6,43,London
ZwUHmStA,45,NY
C2MND7K1,19,SF
Pm86RNGz,41,LA
30FwzdUV,67,Berlin
yyD5nmVu,42,NY
5spvDASv,25,London
EzLDT3yX,48,London
AzQmgWOC,38,London
y9THB9K1,64,London
sYfwEFL6,51,London
Clo6RapS,67,SF
Sb56I4Z6,34,Berlin
DeRQbi9o,29,NY
plExmaWr,38,Berlin
jryaeW2x,53,LA
sSqT0uze,55,London
Y82ORkB9,29,NY
FzDAzouc,47,SF
B97ZFv44,64,SF
JO9F0XRi,57,NY
PUPSMYVT,20,NY
XIXtmYRm,34,LA
flEi1x2w,56,Berlin
ZvnqOnLl,34,Berlin
oPcFzw21,46,London
E7mPGVB6,39,London
kM4wMNCl,53,London
7hPpcQGo,46,NY
EE2HTcqv,25,NY
5pdoxMZq,44,SF
t3GONFW0,44,LA
8C2VYJXo,21,Berlin
chkCVoqg,68,LA
TWhqpvn3,62,NY
RfqOUwTu,30,SF
RDV7vc8i,64,Berlin
h05YKkaV,55,LA
mlFPS88a,34,London
T5LRqkWx,59,LA
IlgIMb6C,59,NY
fzXI7P27,68,Berlin
Dy0k9VFv,61,SF
F8V1qTOR,54,London
06nWWyMJ,23,LA
1XGMPPgF,38,London
3tM2mVH8,62,SF
kk5oXGS9,36,London
BOQeAjDw,38,NY
tmY9XzWc,18,SF
T9f4RU5n,48,SF
8E7uTJ7x,66,SF
ZTxzMsKT,43,Berlin
qbibFpkt,62,LA
rW4WPVbu,38,Berlin
Jug5fu9t,21,Berlin
IqMt8Rj4,24,LA
DiVg2pUI,66,London
LZSwcO4M,51,SF
kSnB6vSI,60,LA
D40SSZyr,51,LA
AYaIvdFw,31,Berlin
CTBXgHYK,68,Berlin
yA9s6myO,31,SF
pHpST64y,59,NY
WXoJhr79,32,SF
ybvFm2HA,65,SF
iHtP6wOj,52,LA
4Knxt3FN,57,Berlin
ZtWDf8WL,31,LA
4Vi4diZ4,54,Berlin
3Asn2OAX,56,Berlin
GMDS3HYg,56,SF
NATHHIRR,60,LA
5CUTIhYA,33,SF
sWMVl7pN,60,LA
Fm8Rhu6b,50,LA
yF2ShfE8,33,NY
9zG7q3vj,21,Berlin
224xUAmE,21,NY
nElfiJqt,23,London
B67iaa4R,42,SF
cRhAsmS5,52,SF
nc6HHkHf,49,SF
QZl9sm6M,48,SF
NMpHSe1v,39,LA
TxbKBxWD,60,SF
YN3D8eYf,34,London
OLTRu3Zb,58,SF
qhaaJcmU,63,SF
lUDdVyDB,35,Berlin
LY6QjMYW,38,Berlin
iXuHINvz,32,London
jnU6TdoO,36,NY
eQ8QG0V6,63,Berlin
RBY4ONHx,35,SF
S1NfUJEB,22,LA
iuTNNr6r,27,NY
njJsCY4p,64,SF
nPjdU196,19,LA
0Wobd92U,35,LA
K2Qv0dbj,33,SF
VHV6QXMx,50,NY
u4lNfYop,29,LA
U9egmLkq,59,NY
X70KzkSj,32,NY
yRwqsMiD,32,NY
S74elxb4,48,Berlin
T82lY5d0,28,LA
lZgTakAB,22,LA
50UzQhUD,30,London
K6EfbZcI,29,London
A0M5Tkbb,60,LA
PaLRbeod,23,NY
wWtNHxPV,31,NY
UKdDIImi,49,LA
eHxVHDE3,67,LA
FK62gIGZ,28,LA
fZWKOV86,56,Berlin
DwpfTlBE,45,SF
QJwxqw5R,54,LA
12J4Ql8y,43,London
tm1PJgoL,66,SF
YQYy76KE,37,LA
EhQYMgde,59,London
Xrb4gaTj,36,SF
hS02ypRR,23,SF
Tjj6EYsQ,59,LA
VrSlHGVJ,61,SF
NDPCzzDG,66,LA
9cneSf28,68,SF
4EdPWEsm,36,SF
04E3I5UA,24,NY
fPioey49,69,LA
R5vvISHo,19,NY
CJl4C70I,60,Berlin
mJxMCwRv,38,Berlin
yJ2a9pVL,40,SF
FKaWxn1k,48,NY
JGDpF0Og,21,NY
yEFMA5RN,18,NY
vAffwciZ,60,London
5ZSC1NHy,61,LA
RiEnN0cZ,40,LA
L1al5nqi,64,SF
ZgWtZjwM,62,London
RGeP9XFy,34,Berlin
nh3dGmk1,56,LA
pE0VWjhg,27,London
wavPKyUD,22,Berlin
D27W3V1L,52,NY
LjcbfZBi,45,Berlin
BMqxz4wV,51,Berlin
Koh2VU2N,65,NY
DSXBwpfl,45,LA
Es3BgGzK,30,Berlin
4by9RSjf,44,SF
Yzw6rFBs,54,Berlin
63vnnFmR,39,SF
SGXp4E5o,42,London
ykr3D38K,18,LA
4qVun6Vv,24,SF
yXJ5A5EI,34,LA
t1139MIV,51,NY
Fd08ZOqk,23,LA
EdLR6Op8,67,NY
vG0r3iWR,23,SF
u1MCzDHA,62,Berlin
Xp2vIfsa,41,LA
edCbHDb2,43,Berlin
UtRqt03v,24,NY
IN8MICas,39,SF
ye72qb6G,29,Berlin
nGu8Y6it,41,NY
gantP7dp,42,LA
9xEoOMpZ,33,SF
PKUysMfd,34,SF
OcbceN0X,37,SF
177h8acD,54,London
59hQl5NM,57,Berlin
9zzmTnk7,51,NY
jUrwk3qL,45,SF
hHQvX9rj,29,LA
gTiTlHUv,36,Berlin
Laj9c6qq,53,SF
YqsrIF5y,43,NY
XBJ2dEOB,26,SF
a3YrPVTS,67,LA
w23xVplH,23,LA
ppDaoYA6,53,London
Itd6RCYu,26,LA
ypOhm3aZ,64,NY
wdcuCFMA,63,London
uVSkxN5V,53,Berlin
XKQvNuJK,23,London
xDBFDJhX,40,NY
U7sLfGDu,50,London
CL6bwswE,34,LA
DLp1eLs5,47,London
M1P3dxSs,28,SF
Hdxuwxme,18,LA
5dEqGFnj,64,NY
UWHV7pjP,58,NY
NJ1wrIvO,69,NY
BYRpOaap,45,LA
uWQjpmLy,53,NY
SNjUzcAx,61,SF
2Z8wJHAb,55,London
VyScgaOb,61,Berlin
DNEFTy7M,61,NY
KeFCFCxr,54,Berlin
EIZnpCHF,32,SF
gUzEJCu7,46,SF
lI62lJEX,36,NY
RdxRxZue,46,LA
nDOjckLl,45,London
cwA6u1zi,34,London
yXCVq5ZS,49,Berlin
T6HYPX51,38,SF
EpbJgxLC,33,NY
oOrC5kwP,18,LA
GIzRjIZe,30,Berlin
eQMJDO57,33,NY
woDuRgI0,44,London
4Z5LXClG,22,SF
Zqzl9yU2,44,London
ZqffmDeE,50,NY
ttwHHKXn,44,London
HqKr3Dtc,69,Berlin
MttxtNlT,23,SF
z45nnMLM,19,Berlin
ylW7taFD,60,NY
oaNKn82L,43,London
MpPytGo3,18,London
OF3WvYBv,65,NY
zwHSQyB7,42,Berlin
Tb247eFe,61,NY
xuXCcSjY,65,Berlin
v9egH6Xr,42,LA
NWJ98cUg,54,SF
hNEsgSRR,39,London
6YLywqqS,30,NY
Xio8t16z,29,SF
wkPChsb7,26,NY
y6ZgQcMx,68,Berlin
kZH1vyIt,19,NY
zPeS9sgh,65,Berlin
ofgsRLfu,61,NY
VNMZQ4T2,23,Berlin
mJuahoZk,36,NY
x6bOL5FE,44,Berlin
ilHmUMOz,53,Berlin
Q9CHqRA1,22,London
0g1FagG9,24,LA
I4qa4vwG,65,London
4xxmfFfB,29,SF
NJv3nowz,30,London
IQJlnK7c,60,London
U4bGLQgD,36,Berlin
a7muyVGH,32,NY
RJ8kzqpN,37,London
5j8P8axV,39,Berlin
HYV85BGh,20,LA
jmi5jhgL,45,SF
4IpYAU3X,21,NY
xBuCftah,68,London
RfFMuwYM,54,LA
PYp06gNg,56,SF
4ysVylGx,32,SF
qiRqvku4,31,NY
ECjBrFUI,65,NY
3sUiFqS6,50,LA
WnlgN03C,31,London
46Ad3Sju,42,NY
orQHY0eh,21,London
8MVYvvN0,24,SF
90szgpko,31,LA
CwggkREu,42,SF
O9U0lhgq,53,NY
kP3fU99a,33,Berlin
cYrrKmUq,66,LA
eA2bVOn5,22,NY
mAvOyt2i,60,London
YccfF9qH,41,London
vDFk2cgB,47,LA
tz3kUvRY,42,SF
eAwoskJw,26,LA
SeKcludK,55,SF
ltWMC5vw,67,London
3qUq7j6O,62,NY
OjeNWQv7,67,Berlin
Vf4brytJ,19,Berlin
7DssflK1,37,London
XO0Zvnp8,64,Berlin
bwIjUpGm,27,SF
L57hxjcb,32,NY
kFwdC9re,45,Berlin
sr7IWP5M,52,SF
in637IKM,52,SF
OXWg967r,62,London
iK5Jefcy,51,SF
wxXdif8r,68,NY
Q13Hkdca,23,London
DruPySLT,45,NY
vdXAx6Sm,66,London
tLkfW7JO,69,NY
Zw4dbDMB,24,London
6mIXCtcp,50,SF
RqYTNTxU,38,SF
K3OmqmwF,59,LA
oWFdCkC1,56,Berlin
7ZBCzzAb,49,SF
U5y3KtqN,68,NY
1XVzxFNY,45,NY
tvQ0shQf,51,LA
PaJbYqil,33,Berlin
rqx4NmzJ,34,London
S5JOx1q0,50,NY
vUxYP8jh,64,SF
ZqMwBmt3,46,LA
STFqB7vh,27,London
sB8QmuxT,36,London
KE5qEcl3,31,London
xoBAv7sA,56,SF
KAspYD0Z,48,LA
f0GySeix,44,Berlin
Nj03S7aG,49,London
WgUZa7hH,44,London
iY7bNNcw,58,NY
Cn5tYy3U,58,NY
sCBxNECy,45,Berlin
Y2VjnQe7,67,London
ePg0U3Wz,46,LA
2ToduBg8,27,Berlin
IRtv8NNB,56,LA
QDtP7wJf,54,LA
EmqEHd0r,22,LA
TvCoiaUV,23,NY
SSSt6Ftz,42,SF
DzP36Kco,19,SF
ELuznhZo,53,Berlin
HQZhVSL8,24,SF
8paAzt5w,44,LA
GJIf6AgA,35,Berlin
AnfY8ZBe,40,London
S3zvN1Dm,45,LA
cv4ntLFo,23,NY
GQ7EUro7,26,NY
WOE2vD78,51,SF
ECqeOkcn,53,NY
larh0kse,59,Berlin
eBMtsF5E,66,London
cZfX20Eh,37,NY
GXhqBhPS,24,London
XSKPPvpO,18,Berlin
NKP4k0aO,34,SF
uJd8lW8k,63,LA
CskyAl3T,45,SF
io4jIqRW,32,London
lDhlxawz,66,LA
xWSkSXX8,56,London
w1OjthvZ,68,LA
8Y5mVCCx,62,Berlin
IHF2BptC,59,SF
yKHqNDyV,57,NY
80M1igPC,18,LA
yQpWQnA7,25,NY
9w4CBAgR,18,NY
Nph26cgh,22,Berlin
E5q1IaBI,54,London
gbAThDYm,47,LA
5fLXzc2N,22,London
oe9kUOSS,26,Berlin
49aJx3Y8,37,SF
tuo3Cgts,28,London
ivg6yQYW,56,London
Fvg2G1m0,27,SF
mdKH0TpD,29,SF
40qWx303,41,SF
5Euyx7WG,46,SF
LOklBlwI,48,LA
4RJ9H6UN,37,SF
8zvOnd1k,22,LA
naz85QWC,67,SF
53BV24UA,53,London
6NwiDNnh,35,LA
scen4QCY,34,SF
3RVYhd2G,23,LA
Jg3pKPbL,52,Berlin
NVYOFpzv,33,LA
dHbozWjO,33,Berlin
B0ElT8qG,27,Berlin
bTPJcgwz,29,Berlin
OS0A166q,20,LA
atgpoLf6,32,SF
GPstPggB,27,LA
GmKqcZwW,65,LA
5JWpzrjd,30,SF
N4Wv8yzw,24,SF
GTBLf0kT,33,Berlin
FNMGvhYv,40,London
JHMRb0IY,52,LA
qkLkD0fq,27,SF
BheGSs2k,31,LA
GePaUCSe,64,LA
gpx9IGvf,69,Berlin
XG55dWVN,41,Berlin
oPOl9JzU,67,LA
HlTcOGOj,55,Berlin
qCx4Sl95,46,LA
294aXALf,61,LA
yqzuf76m,62,London
byBplTvd,49,London
3GrKHmst,43,London
wSCDsC1y,33,London
1FIM1Ndr,35,London
zPwKWzAC,33,LA
j99lxyer,66,LA
xYIPVpDb,52,SF
bAnCXlXp,63,Berlin
hMDo6k3h,60,London
P9uAmDxu,57,Berlin
qy4rVIbp,37,London
pCGNEz6j,57,London
XYJ4CPWA,47,SF
88NcaVRJ,28,SF
3OkFphb4,64,LA
ucPI6lmd,25,LA
lS40o7fF,33,NY
vAmYwWQJ,65,NY
WSKXF7Vr,60,LA
RjaPeUE9,56,LA
xYgIGXW2,24,London
xzzYYRS9,61,SF
GR9z743v,30,LA
6xMcu4t3,57,SF
m7BlNYYg,51,SF
cYIjj7tP,29,NY
QR3wQnzt,64,London
mLfXcikz,50,SF
KBa8TCb3,56,LA
bAdcWk36,64,NY
J8yZcobr,26,NY
vhwwoW6R,63,SF
PTYdRBzJ,23,NY
1H32crV7,36,Berlin
Y5RcBcsh,59,NY
IgHYXMgo,68,NY
WtG0kXCK,30,LA
ctyS6Lq8,65,SF
X9TYh2sO,18,Berlin
W3qqmazV,36,London
PqLqfBDn,65,Berlin
46JNpjT1,32,London
nYjz3VH3,26,Berlin
p7YjPLH5,34,LA
IEJXHoRH,67,NY
mv8mUinP,59,London
RKFXvUVR,19,London
AhCdAwA9,68,London
vT7dQoCH,47,SF
whjPRqrO,32,NY
cbdBFszK,64,NY
beVD4M9J,25,LA
jITvzQdP,26,London
x4AsaETf,44,Berlin
O1PMXXU4,45,NY
djwBG2Fk,66,SF
xlypDzka,41,SF
KQ9KGIAH,21,LA
WuDZhplH,39,Berlin
JFePRyzY,66,London
kWq5S2Yk,51,London
d1JbCP9e,29,LA
9qfGoJnF,33,Berlin
Zye0Ahrv,54,LA
VRlpDqrK,19,LA
civy8SHh,40,NY
a24mayhs,38,London
eNoqzfZw,30,SF
HVyx5PHt,49,London
fhCRBzPV,22,NY
wQbkT7Zw,66,SF
cTmwFBWN,51,SF
XDL4eeAm,34,LA
upfGo6ad,28,London
6DlPVXv0,44,NY
bBFIO0aA,57,Berlin
1HJ1KMMF,19,SF
wPv7JHNy,42,Berlin
fzksrkLf,53,LA
QH0jn9Vs,66,London
siR4x1Mg,25,LA
XTYA1CGW,51,Berlin
Jfbx3fdN,33,LA
fBGSljOm,31,London
s1FUCWRr,53,London
Bnci5snx,57,LA
sNI2tXMA,45,London
o1N6jbW1,19,SF
OB99Zu1I,62,London
dMvjUS0f,37,London
R1qzgSrR,37,Berlin
eG5c4q76,53,SF
JLfQdrJf,32,NY
7qyVK0lF,65,London
JgDNoU31,30,LA
OEapH3SJ,39,LA
OIEpHTbS,25,LA
X7J64Qf2,41,NY
Zy9NqXsn,36,NY
cM7kWItP,50,NY
bcDxtmwJ,28,London
U5roHHQk,34,SF
hl41RIQr,67,London
ebWmCfIE,62,London
6lX4ED6E,42,NY
ldf23Wpn,39,London
uKb7iVqd,52,Berlin
G5av6SA0,20,London
hRMvLjrz,56,LA
a6uuJmsr,68,Berlin
wEQvxxVk,32,Berlin
016yJlSK,63,LA
oj699ftr,41,London
trckXtle,48,London
FVbzCKt1,48,SF
Zsh2K9rB,40,LA
KcxgJnr0,31,SF
1z5W9JIg,45,NY
aIDLoVMw,29,SF
W8GvwFFs,58,LA
MnKk3iA5,53,LA
bmBBLMdc,21,London
bqhsJePU,37,SF
Gfc4YH9G,49,SF
JyWuhm2l,35,SF
BjzUkFbb,47,SF
9YjRYVVl,45,SF
ZgFwICCv,34,Berlin
uuanr4SI,37,SF
dEaCwGZe,54,LA
PhKKiq2R,64,London
ndRI7c2E,39,NY
Gatd5J73,57,Berlin
a9f6Pe7C,28,Berlin
AiUXIGdv,60,NY
JNeXe9Gy,25,Berlin
neWlSLdR,58,London
KC27ANL5,51,NY
s8HcaFJS,36,NY
cRXf9c8S,53,NY
cVgw3Lke,56,SF
MXYojZt2,40,LA
JD6W30V6,30,London
M8MBYgR4,28,London
EI1enjtC,59,NY
tV96eRhM,50,LA
8n9PALP2,55,LA
i0E15wLs,18,London
qKi9eOb1,32,NY
Fhzr9Q4q,34,SF
BANz7uMb,21,SF
8vLsVFWb,61,SF
X1fBTkUi,54,SF
HaZrsMxh,51,Berlin
FFPrtAWj,67,London
9Z0YExs2,43,NY
VkJzPo9a,30,SF
Wq10o4IR,22,NY
Ptz14bT4,33,NY
8slI2Ros,35,LA
gstL0toJ,39,Berlin
GLZkrgrq,20,NY
qKg7mcYE,19,NY
GbdXClfr,27,LA
bXXsXBuF,66,Berlin
sV09bgge,32,Berlin
iZr0OkgJ,36,LA
QsrGI4E4,69,SF
vzLChIOg,28,London
g391IFOn,26,NY
C7Zaw3gT,62,London
XqBXHOmM,27,SF
18Pm2ZTq,40,LA
I8hod5Fi,24,NY
fGU9pDNB,53,LA
QAB38gNR,47,London
Bj6h9EeP,40,SF
pi28mhzv,38,LA
cPLI3OdD,61,NY
xQshaxbK,27,Berlin
tpBE46fM,59,LA
p8arBnd9,25,LA
OcUMKrGu,66,London
Ry24FqpQ,43,SF
Q9LBKW25,56,Berlin
KizV8zAm,21,Berlin
DwX1T3pj,67,Berlin
ICHH76Uo,44,LA
YJfHhGSY,40,Berlin
GnOXujmH,51,Berlin
NciFYah7,59,LA
OM8VmzvV,32,Berlin
uoXslyyO,48,SF
VK2bl0Vj,50,London
r6D5MqSN,49,Berlin
QrzY6KMr,34,Berlin
UQ2lKabX,68,London
gZS6bbB6,56,LA
VLRNU2SW,54,NY
4eIkG53C,27,LA
q1hxEovG,34,LA
GK7soLNu,18,London
QziduvWb,29,Berlin
NQrX44gV,52,NY
2eClGX40,59,SF
B3bEzsqj,39,London
3sBxC2sR,57,London
L6TXmSZz,59,LA
WO3xmbnX,49,Berlin
pEx88M1l,49,NY
y2AcNJlj,37,SF
ZlE6kVfs,40,London
oNkpFaDC,63,NY
MDQo0ykl,22,Berlin
lkVt1oGd,62,LA
gzfum5Ty,46,SF
ZWS6uVfN,55,NY
1rToNq7E,63,NY
MXbW9rNC,64,Berlin
mBVkXC81,28,London
2D8nBQmC,44,Berlin
SOCSbTZb,56,London
aBhXXD8S,62,NY
3PWEQH4A,53,Berlin
u8sWr3Wf,29,LA
RiBVxTqG,69,LA
JjUMem5T,26,NY
m52cihpV,52,NY
NJvee3Et,31,SF
qrG5jEze,32,LA
yAZXMSdm,59,NY
h0gXKzO0,66,NY
AuqvRU3C,54,SF
5rlg52bC,49,NY
RlxoNXF2,52,London
IEC9gR6D,41,LA
Eyqfnu04,63,LA
BlrLl9kP,18,LA
rgK2fUBq,33,NY
VuCDXniA,57,SF
SxHwjImy,36,LA
9IYFOvIN,45,LA
ZMUYNKnI,63,SF
KIav98Gs,30,LA
BJ7VudEu,20,SF
hKvKNoST,41,LA
g7JLrY8B,21,SF
xydlmQdC,29,Berlin
wF4xgZhY,69,London
g66vJFdJ,63,London
nod5MrcR,25,SF
WH7jL2zG,27,NY
ywvYQtf3,19,London
ToUa2fmk,36,LA
8dUie4Zu,57,NY
GPSGxGmL,68,London
RPr00qW3,53,Berlin
9PkHfdoA,65,NY
1pG5L1Gu,56,London
ndFkKdBs,25,NY
VUYIESXm,64,NY
wkkI5NoE,42,LA
oxNMkPqC,19,London
hYWIM72K,67,LA
RCAeztS4,46,NY
0WMrHnhm,43,London
7LUviMRv,66,SF
QGAmcMM9,35,London
s6evuC5U,57,LA
aXoMR6ft,28,LA
VhnMDFat,66,Berlin
a8wQoHtx,37,London
7gYbKqNq,60,NY
Hnkz1Hr7,59,SF
atYB9dfa,67,LA
85pD8MnZ,41,SF
o0rckFex,19,Berlin
Qu7mZE1q,47,Berlin
MRiecusa,65,London
RyiPknbS,28,Berlin
HlwUQhE5,66,LA
hTk8Qzmo,22,NY
4maXv5FI,23,NY
1qDfc5E2,29,NY
NE29P6xC,22,NY
MukHIq8D,21,SF
ELq3oLan,51,NY
DmUbA5be,32,Berlin
90IIVh7K,54,London
0jIHicCm,18,NY
ri98bioQ,66,LA
jdzG1tzN,54,NY
jH9W42SR,56,Berlin
TrG5vzRr,67,SF
NWoDj0DI,29,SF
Ow3wXlN6,44,Berlin
tOBOwet0,34,NY
yR1S0Tdt,40,Berlin
IKIYUGFq,68,Berlin
jTdx2Hri,55,Berlin
gg6LpNen,67,LA
7HkSaMZW,39,Berlin
WpNwwUPx,51,NY
qeEI3pcL,35,SF
yuOTQSPZ,69,SF
Rtv4JWjs,62,LA
SCs5Er31,65,SF
LEiKAJV6,25,SF
L0sTVuNo,36,Berlin
yHLrzfi5,68,SF
S2gQYTqL,46,Berlin
za3tInlf,44,SF
Sq0ayyTE,42,LA
VCZ2rBL1,26,Berlin
n1hTPY19,38,Berlin
bJRoJYgg,49,London
prx8cv45,43,NY
E5Jw2jYB,66,Berlin
7yf8qYe6,38,LA
we3pZMff,43,London
rUmQYZXe,39,London
c9u2eKnx,53,London
Ruj7NPzj,61,London
02gwvzXH,30,SF
Gnftd932,46,Berlin
nUmyAeiF,47,Berlin
trYnfwvU,32,SF
RPBqpoTx,65,LA
MOTQfFFj,21,London
iY8Cdc6e,24,London
fSa9qCPC,30,SF
rw2a3zr1,52,NY
zcZDoukr,59,LA
2p2VJ0Vw,26,LA
qhYpgB2B,48,LA
sh0AaVuq,54,Berlin
Q8EoLRSt,60,LA
30VAHsr3,28,LA
6ZWJkSHd,49,SF
6g6uoaJT,22,London
klc4ooGu,62,Berlin
ZgcmBBAR,55,London
3q3KKVHd,36,LA
znrKMqPo,68,SF
wClTTJJw,23,LA
AYFkxgrK,61,LA
GvIW1R3H,53,SF
h9pN8W9Z,25,LA
b0y4cr3O,41,NY
2vcsZyNI,57,Berlin
91MTPhZb,29,London
GkMpoI1i,59,NY
OpK6ln9x,45,LA
p8XBR9Ga,67,SF
2hEqJpp7,35,SF
e81VeVWj,54,NY
bQxAw2Po,44,LA
nXPNzcLh,47,SF
JDmclOa4,43,London
W7wdmGMZ,66,Berlin
PHyt8XQ6,20,NY
7XJ4mgHJ,19,SF
wYMmyNcd,46,NY
0gWdMTI7,35,Berlin
8GFPjTXO,69,NY
QhgBRLIP,54,SF
kF2Rnr1B,63,LA
7h3oEi8w,52,NY
kohDcwWa,68,NY
HALWrGcO,33,SF
UU6DUMjE,55,SF
usVJBX4H,62,LA
7K7Fx47U,19,SF
I2cLxH1I,41,NY
KLyf2d1y,57,Berlin
c6cuuN2x,41,London
2cCKVRTv,28,London
VEIAZfSu,56,SF
jE6o2Sde,44,NY
sAAVyTXr,35,London
ved11ugf,41,London
4UJjZrku,53,London
02zWypyA,47,Berlin
cGAkdi0R,28,Berlin
X8wxp2xY,62,NY
h5oKwAmi,20,LA
tA7nLfBt,63,NY
HrWB3xBQ,68,LA
uN6V32ic,44,London
muxvPfNX,55,London
mXOWaUQO,44,London
ctSJib0y,35,Berlin
A2DhfhhU,48,LA
40tszE88,31,LA
nHmQb8lT,46,Berlin
aiCPafPB,68,SF
ibW8si6B,58,Berlin
ZZ123Fgf,52,Berlin
MBkVFxhx,20,SF
1RMOpPeZ,29,SF
ss5o5MfD,55,SF
HHxbK1In,40,Berlin
PbrbJbiQ,21,LA
HWwDrAjo,33,LA
ZewQhC9J,34,NY
SiYpi3mK,66,London
CWEr8RFS,47,Berlin
eTQ60K4x,33,London
Ap4sr7Ks,31,LA
DLLdQ3Uf,18,London
9ihNBA24,67,London
fb8e0vPC,43,SF
f39NxLJI,47,SF
KeptB1Ot,53,LA
cuIIskAt,56,London
brFs2t96,39,NY
bDLo4RKi,54,NY
5GiwBLHv,53,LA
VCm1Ew3S,53,SF
S6wbnzjU,22,SF
aBdy84Ir,27,SF
yJNBueog,38,London
7JCZFUPl,33,London
BuV2bAqn,39,London
3Am8V1oT,68,London
8YZ1VnsY,35,SF
30Wjg0fk,43,NY
zCEp6z74,43,Berlin
zRo1Dlz6,40,NY
rzuWRLb6,20,NY
61WAynaL,21,NY
OCiPpMId,45,London
mdIJUdXe,56,LA
AZEa7RKC,45,SF
k12d6RZg,53,NY
5QTEKalV,36,Berlin
R4jzf5bf,61,SF
SOJlYX6B,50,SF
lwNbns2w,38,Berlin
KDbl8BrP,53,LA
o7vm1EgK,28,LA
Ld0HQe8y,64,NY
LEn3LccP,48,Berlin
gsGn34ZI,34,SF
KbB8Ewd8,53,London
ABXpeFNn,63,London
2wRNkzWz,38,Berlin
uGk5NNfj,36,Berlin
j7T6FEDI,45,Berlin
0FiKr0O6,33,London
wSI6lMYM,19,London
eZpQRRei,25,NY
BYEF7Uyn,62,LA
OpDQIi3c,53,LA
t5R2yk4l,38,NY
JWvVdAKp,31,SF
nTDGaHft,35,NY
PVK7C5LO,53,London
HTWAl6fq,29,London
Hjijj9hZ,45,NY
zcqT74a5,38,London
S2ozJovy,39,SF
PcdMQNcP,31,London
98MTwETx,47,SF
5xzmVb6c,69,LA
oiWJpax1,28,NY
psuxuS5n,34,London
6O4GJwr2,37,LA
uQaLkeGE,23,SF
YRLbNXhW,63,Berlin
dkqMOF2m,33,London
0Uu7UQYF,66,LA
YBTIbUL9,19,London
n1eH3xCA,59,SF
TCVvC3cU,26,Berlin
BzVYAn7W,35,London
GMpFYv0t,24,London
gD0uTfXQ,26,SF
OAerYnBC,55,Berlin
arYkYlQR,62,Berlin
L9MQcU27,41,London
cowxSTBw,33,NY
xrr22LcI,18,Berlin
rdNklFyl,32,London
VyczJpMi,21,NY
hDknFQEl,47,LA
xuSOC1Ds,35,London
fUNwMbAt,39,London
VD2MbyB1,22,NY
WhteeSM9,26,NY
aF4v3qy6,58,LA
YRQbBHj7,66,SF
GF9FCsAq,64,LA
yaHexGnW,41,SF
pka6IoRp,52,LA
PXacPu3W,59,SF
1pH5YtZd,48,SF
XltxQRae,54,Berlin
T7570Qwa,54,Berlin
FgItbGu9,22,NY
IY3ciCtO,46,LA
sDgyPMKp,44,Berlin
lJPWUpzb,37,Berlin
za9km4UJ,20,London
i2dYqP5y,20,LA
1JKZtAfQ,55,SF
YNgHraFq,58,Berlin
iIpx5wG9,22,NY
YvnumJc1,51,London
dvKm8wPd,23,Berlin
WeOpqjDA,60,London
8Ei5ePQy,53,NY
Z19oQpmv,49,SF
1J4tEmFO,46,SF
sTj9IVIP,62,London
EGbId2ku,36,SF
omQG4adv,64,Berlin
QBicsH8l,19,SF
IxMHwggW,68,SF
jv4P0ah4,20,London
tn9i5HSl,50,SF
Uu0b2k2w,31,NY
sdOy0YKw,33,London
bNpllD9q,23,SF
1yyErBGS,47,NY
NBAUSJHO,56,NY
CtVbJRMw,57,LA
EkBs6Kt6,56,SF
TIANFJHr,69,Berlin
C8OE3yc2,49,London
MO3DfcEE,44,Berlin
CGTKwPcC,61,Berlin
7ByzPYDy,31,London
LmNqtHjE,32,LA
7eBKKMJr,34,Berlin
9liS54C0,41,Berlin
etKVGINN,51,SF
gn4xfNNU,31,Berlin
3gxOMeXf,26,LA
uEbLdhUP,21,NY
xd9ipz3U,64,LA
BQFaDkRs,20,NY
2Ux4rYrh,47,SF
W2289N6g,61,NY
7GLQMrqv,49,London
I8kbtD7O,19,London
LEwoNAFJ,57,Berlin
uN8HXXwl,34,SF
JchsdaIf,49,SF
249hJnPc,30,Berlin
Fq8Tw7pO,68,Berlin
p1Wmfu78,50,SF
aoCunfrW,57,LA
D6JuPFSq,55,SF
m8Ut4Zcn,26,LA
BuoI0uDB,49,NY
S471F7XP,44,NY
HAjCqI7c,40,SF
saXl0IeV,33,SF
vIlAqy6N,24,LA
sg5UJ8Wa,33,NY
I0WB1phA,32,LA
dKnX2WOj,28,LA
a8ZKNJjb,67,SF
C4qnPRHb,24,LA
oDYlBEX4,60,London
j1pUI5x2,21,SF
6Us0KnWQ,18,LA
fVHZ7MK1,56,London
bzbHuC7Q,47,NY
aduYQgwj,31,Berlin
2nLKmzBx,68,Berlin
Ip6s5ARH,25,London
s7K0sycF,33,LA
7KquLcDz,23,London
vzjf7MrV,28,Berlin
bq7dYmH9,37,Berlin
Wb7YqcE4,24,Berlin
bAsownpw,44,Berlin
sz4I2vfu,31,NY
G7MOgNo4,58,London
FclmdjC3,27,LA
kslcnYqc,52,NY
s5YoBSpf,67,SF
wQEKmKLO,32,SF
TMKnYMdb,45,LA
lfXkiWL3,41,Berlin
VsmxkA5Q,63,SF
iVJEhxoa,19,SF
eUyqMThm,42,Berlin
a3sP6aOi,69,London
tn4VFa6F,65,London
9RZo6xoX,43,London
HAIJn1nZ,60,Berlin
zYTJnG1g,24,NY
PsUEyVwp,52,London
nMppL60D,62,Berlin
aQ30UnxT,59,London
GflGB94L,44,London
kad6gGRN,31,London
1OQKa0wg,67,LA
qu2lzJh6,31,LA
viXu7AXL,43,SF
I8BikvMl,60,NY
a16TVeop,53,SF
Oz986CPn,62,LA
EBDSSN53,27,SF
Ccjl9BiA,19,LA
RyW5H9vZ,68,LA
MNlhlNkG,20,London
Dwi4tTjH,41,SF
scFCOaem,35,NY
a767jD1r,30,London
Tizo9Prx,54,London
PSvFEvzz,35,LA
5adUyjf9,50,Berlin
Hz5eIe2S,47,LA
LE2QlXqy,53,NY
7JabxhEN,42,Berlin
4Efa4BjB,49,Berlin
UUbcs4v2,51,Berlin
tK1rhKei,25,NY
0kP2rBTb,30,London
S7yOSvYm,53,Berlin
yzxpYp1m,32,London
NBLjkXFE,27,NY
9tBcd0aP,50,London
gfI0RFY0,65,Berlin
tjzWh4fb,66,Berlin
b4XK4b3l,69,NY
5LEGAYfJ,34,LA
jiI4YQ0K,46,LA
s3sULHp1,38,SF
j5Ha7ZVI,65,Berlin
V33PnMmw,36,London
mpSYjsMJ,51,NY
WKqCMcUo,33,NY
8ozvjhZ5,60,Berlin
YoQ9nyWX,62,Berlin
DpW2eD51,56,NY
mxWxIUYh,54,SF
4FcDerrO,54,SF
sKRGAtjH,30,LA
WYswn1aS,64,SF
EvjetGZx,33,LA
DbkZTxPd,31,LA
NhsZNvtp,34,Berlin
I4O9vkZp,45,London
nODnlcBA,42,SF
A7RxtzAx,36,London
nZafBeHP,18,Berlin
4lbgkgN8,64,NY
fhUuJceM,30,Berlin
xcqVh5BW,25,NY
aEgTwnSl,47,SF
7JVfM2Dg,63,Berlin
ibWXR0hQ,26,NY
fxJ8Qj5S,65,London
XIRPhjjK,39,NY
H27roP69,64,London
70KI7leQ,64,NY
cJTcZD2L,36,Berlin
gIZGWLMJ,47,Berlin
6c4ezO5Y,20,Berlin
UeZCMylC,28,NY
2kc2O5lx,29,Berlin
MA3Xwmdp,68,LA
tfJKssQv,36,LA
UNJtoAGg,61,NY
a7wrc86Q,24,LA
4VosVt9C,49,LA
F9v1o3wr,64,Berlin
WRT4JwzO,34,London
xT4rDYxS,32,SF
nPGbahtF,61,SF
uNozQQSE,60,LA
EeXCa0sb,23,London
ZvWTzvn2,61,SF
J3fqhMc9,46,Berlin
H81Du5fO,38,LA
yxLRrGRz,56,Berlin
dIHeC3cf,46,SF
4fmZjnSB,68,NY
wzruEoA8,66,London
SfzmAWep,58,Berlin
R4sAoqZQ,63,Berlin
YJlyPTFR,42,Berlin
7XWZviWH,63,SF
QSYhLuhv,54,NY
4aiaJnLm,50,SF
kJ9H9fGK,65,LA
Uds7Watr,21,London
n6LKLpgn,29,NY
JsTqYNCL,30,Berlin
oGudYRk3,56,LA
sZuoFdSw,64,LA
Saluus5D,66,Berlin
8ao7H2s2,37,SF
96dYWxbC,35,NY
SIP20vle,35,LA
tJM9Nbns,31,Berlin
yQ4VVxZv,34,London
IgT5XwoH,38,Berlin
Eres8d1j,43,NY
4pRi9R2E,53,SF
Hxnf0Dhu,68,Berlin
ZV26ZY6J,43,SF
65QBtwZy,45,NY
uk5FDRpP,51,SF
qRPlYCov,42,London
ByJqAEdm,66,London
Voag4xo4,25,NY
Xcn16RfE,22,SF
FGq0ocin,45,NY
LBt4oC2E,51,NY
caVnn5jT,43,SF
Fhdl7E49,45,NY
YtWeBVZX,53,NY
ShcyRFMQ,44,LA
YGoO04kS,34,NY
1BiOcWCl,67,LA
DSf8fhmO,69,Berlin
8aA72kiU,37,SF
4ufzK4Pr,69,London
tg6EFD5K,31,NY
Dwus7ZQ4,38,SF
ALh5NtZT,49,London
RT35Iv9J,40,Berlin
BbXSM7zF,54,Berlin
jpue7oz9,56,LA
3e7iYipn,25,LA
cgZUzEx6,36,London
G7dxZhEL,46,Berlin
vcFzJ4K6,22,Berlin
9Hgq1aa7,66,SF
GZfyFFeU,49,NY
kDwa3lkD,37,Berlin
svbnn96u,36,Berlin
qLM2GFvS,41,NY
U1z1qiRm,49,London
8qTl9B15,42,SF
ZcptYV6O,44,LA
45fjRLqS,29,Berlin
0yN991UE,28,NY
AK171q71,30,SF
X08m5D78,20,London
BfSzlauH,30,NY
FbKJGAuP,38,SF
MY2eqkST,21,Berlin
8u0dDEhu,47,SF
vwzqIDve,68,NY
AMFoIK1c,65,Berlin
dMlT9NOJ,46,London
5OQq585p,56,NY
8ord5eZ0,46,SF
sYuHiKpl,59,London
OY04qyTq,30,Berlin
S8PJ0XCs,46,SF
kTFuf28K,57,NY
TobE5UNZ,60,London
sgleJk57,61,London
pp0akx9W,64,London
8YnjljwD,29,SF
mvMCzIXJ,44,SF
UstFgfNV,66,SF
wKT9WesR,68,London
MScDqJqv,49,SF
KeTcE0vP,19,LA
jUEav0G8,25,SF
2wh8KY9k,45,NY
0rkm2O46,49,NY
0tzcwISD,68,Berlin
4aL1OCkP,39,NY
sA2NtrZY,35,London
FLvzPscH,67,Berlin
prGdVh50,24,Berlin
6EG1IrtE,51,SF
gu3Wzi6p,63,NY
S0bfpfLd,35,London
vDK0qShj,36,Berlin
olv2mR7K,55,LA
Blk7bRpR,34,SF
EdIXJ0yE,36,LA
VSueRlsT,32,Berlin
ikpLfpBD,50,London
u08TjtC8,18,LA
3hPs0fPL,51,SF
YB7wHy14,20,Berlin
FgyxtwKN,23,Berlin
ND9GkbFL,38,Berlin
spUkvEc8,22,NY
ZDUm99mW,44,London
7D8fdi8w,58,Berlin
5Zb2vqRD,25,SF
eKFqMqpQ,33,LA
fLHBkIWH,32,NY
GBAGf0el,27,NY
sZmay9y8,21,Berlin
xpRWxh7K,63,NY
KoIF918R,64,LA
gvaizBqH,35,SF
1EQfCnE6,31,NY
OC2x5gLo,66,London
caJNEEAU,57,London
QH9vr8Af,24,NY
CZBqXx9V,22,LA
cL9PMVYZ,22,NY
neG74IVW,24,Berlin
r9ISetp6,26,SF
1hGfRXyy,37,LA
2EU1RBD4,39,NY
xeDitaYN,44,London
YU2YN8z3,62,SF
aDZfT9f0,20,LA
ujv5MlQ0,66,SF
aBbfmr9J,58,NY
lyQlGeN3,45,London
ybxre2hp,49,London
eZtOctfJ,53,London
jPdg1x3R,22,NY
gALbxbCF,29,Berlin
FpWs8YWp,67,SF
dUNjaq5e,47,LA
NWPx8UGI,19,London
WAAFyICt,24,SF
ws4RemE6,48,Berlin
CZbTOCnA,22,SF
MIWQiqz4,42,Berlin
YmsQ1i2a,64,NY
g3exkoNQ,63,NY
bKj83Qn6,34,Berlin
29ozFUKV,47,SF
7a8hlDbK,47,SF
MBSwIk5X,44,SF
qjzcF6lU,60,NY
9lzrx2UA,44,London
YUwuUdfG,46,Berlin
Sn9zWNwF,39,NY
gTV9QYjG,64,LA
WkFuU00I,49,SF
qBu0jHLu,59,SF
hRXe6iQt,29,SF
gT3Y5sOz,50,SF
BDieKOjb,22,London
vQGllHBl,36,NY
nXlCsqhM,51,NY
s7EDTEg9,66,LA
zpl3pGk4,45,NY
PdAhANqi,52,Berlin
psjonfMh,31,LA
iCsWczKK,23,Berlin
c9uagMXt,64,LA
4Vl9R5PG,35,London
Az6Wn7Od,38,London
YoqBhK9a,58,SF
IIVFAfqe,65,NY
DSjr957v,22,Berlin
ZWyyjxZ4,50,NY
4aIuv3dJ,23,SF
iJXdS4Pk,40,Berlin
lFj84OWV,18,London
6qT0bVVC,47,London
a1bNDF2A,37,SF
3xyAAP3P,24,Berlin
544DlDa3,30,Berlin
Jlj9u2Ty,18,London
zyzX1Uug,69,SF
JnnlfmQP,31,SF
FYcBBvZ5,62,London
10jlPkjI,19,NY
t99uSjno,35,LA
5V9AZtkO,48,SF
PgUWyG2r,35,London
6ckgnn8A,66,Berlin
eZlnxAKv,63,SF
ce5EoEER,40,Berlin
ghPoRiwU,27,Berlin
GU3rFGVU,33,Berlin
eoSbjPaO,25,Berlin
Q9s5UcGJ,40,NY
ddrMmN6g,18,SF
0GEpSvmT,43,SF
VIVzcrMc,20,LA
iUTdcKLc,67,London
ann2hvo4,36,LA
MjcTFl2g,66,LA
hfLULcS3,65,NY
PH9XD4uN,37,Berlin
ABRQ0EfG,53,NY
h1nRG4Q4,66,LA
gES3iLMe,33,SF
z5frb46k,24,Berlin
tDKNHhOG,30,LA
RDBl1TIh,38,SF
cLcM2uTO,29,SF
S8YYpEgN,44,NY
exwICCpB,67,LA
R6op1nTI,61,LA
X3Mh4AsD,33,Berlin
yVDFBJcN,24,London
cWi5FSBs,36,London
OnEnUw5O,48,SF
rQy5XwnD,62,Berlin
ftMSOic3,54,NY
vA6yJIs5,32,LA
YSClRkQK,38,LA
3t7IHveb,51,NY
VfSP0qUw,58,NY
Ae5pMZfy,36,NY
3J62urG6,49,London
ghHN8b2n,28,NY
8IoV8uuG,68,Berlin
Gcd1Yatx,19,NY
vBEpesC7,67,NY
ZlSXZNwJ,50,LA
c4CabpOt,37,Berlin
NXLIfR60,59,SF
mPRW2v90,57,NY
q03SJggh,46,London
95gmeuPR,67,NY
5Z2kW8Vt,43,SF
VkC3b9Sv,27,LA
qYbglhzC,19,NY
iZqbUayR,43,NY
Y8I4jc4s,38,SF
r5NuVcXU,66,NY
I96tQ2yW,55,Berlin
mFhrgKUP,22,LA
NakgMtTV,35,NY
4RJVuSjm,48,London
Nv2SMkfa,43,SF
pQkEj4QT,48,Berlin
vNVpBvA9,29,SF
xSkzJkwg,44,London
GDY3qVZ5,18,NY
zSimZlzN,20,Berlin
4b1gWIVB,28,NY
Y8U65cWH,46,NY
jIVzjHSq,21,SF
VUowyf4d,57,NY
NFV6DGff,21,LA
76P8IeMd,41,SF
wj0Qwt3b,64,NY
lkhKlL2N,68,NY
Bfw2KXMD,59,London
BapFKhIx,40,LA
2HOayskm,26,London
1aCrx0VI,25,London
RaLvTpnh,44,NY
kkdSxkX3,59,NY
TwVcupws,61,NY
gQ4AD5r5,26,LA
8JVyocj4,49,Berlin
GsdRpFC0,23,London
w5CbULvD,67,SF
aBJ7XCAR,58,SF
mMHGaxn0,40,Berlin
CKnHTjcZ,30,Berlin
iIHRGrTC,21,NY
YIwAiBtn,35,London
1lrjbZa0,36,SF
cQUEbXnW,43,London
2iPhKZNZ,54,LA
6UwJy4dV,37,SF
j48NI0mg,34,SF
3QcEnkzS,44,London
Z979enGH,39,London
K7A9P5Nv,18,Berlin
FbnFeRIy,34,LA
TLYFbbnP,40,NY
CFnqGtiw,23,Berlin
BiDYfDr9,34,LA
jUhcuKJB,65,NY
3ObkhqUn,18,LA
BAKfmFgp,32,NY
KuwzsSnK,60,Berlin
KPClwBY9,57,SF
v64Jcvhn,59,Berlin
BkBA515F,51,NY
NgZavpOf,53,NY
BHJBOUwT,31,LA
evf6A1Jn,46,London
WYnqLjZb,56,London
nxxMYHQM,47,Berlin
Yl6J5gfQ,46,NY
wTuTUjjn,46,London
f3YDHgcS,51,NY
Hc73j3lP,45,NY
PDh5ZkCT,41,Berlin
CelMDs5Z,30,Berlin
Crb95eqk,62,SF
78TdqZve,36,LA
X26v4cx7,56,SF
52dRsuZ7,54,LA
vfqRZMu7,63,London
VQgvEIkY,22,NY
Xs42rc1K,29,NY
pZcdiRyC,24,London
ufFlMess,40,London
LfhQgySv,50,Berlin
L7Gn5oFF,48,Berlin
s5U6JbXf,56,London
xVYPHSc0,21,NY
eO0P5Qqe,19,SF
sxfHtIrP,38,SF
bZJURIa3,20,SF
nLFC90ai,36,LA
YSFzCDSU,18,NY
f4s9ualB,61,NY
0zcZFxHo,41,Berlin
d0BZ1Vmu,49,SF
J9y9srHM,44,London
c4B5p2gI,63,SF
0jb72OPw,62,NY
sCpS52Hd,20,Berlin
EeK4o0Q7,42,London
MfCfR50Y,68,SF
fc9pf6cv,66,Berlin
gDoOHmYd,23,London
XyJuLVJz,59,LA
UvEhle4O,51,LA
fiNamU36,64,LA
iudol8gL,19,SF
al4o8tBm,35,LA
tS335XeE,63,LA
s3jjzGcx,43,London
GghNAOcm,69,SF
3lxegqO1,33,Berlin
kfLQ1BHj,42,London
NFka9uup,57,LA
KmqNjzx0,21,LA
R0Z6IlSQ,31,London
7yDgP7oD,21,NY
Qp3JkSlc,20,LA
9QehxMgH,56,LA
88X6oXUO,61,NY
5kk9SXld,22,LA
okUXALFw,19,SF
r9L43ERG,68,Berlin
poaOw52g,20,LA
ieDPqFJm,35,London
1wSOkS04,20,Berlin
urpU1JK5,61,NY
M0WQ2aHS,20,NY
kRxOD8MX,42,Berlin
vo5bW1dB,25,SF
cfAr2e1w,55,LA
KV4U1y9p,49,SF
Un64U03m,44,London
T7MJseZO,23,NY
EiDhdL4L,44,SF
LzrLlg8Q,21,London
loe36qyr,27,NY
CBuHbBWq,37,NY
yKRhy2Lo,34,London
cnxyaNoB,30,LA
iOg62sL8,25,LA
yOeSRbm5,52,Berlin
KgAeIofJ,45,NY
EH6j41gG,47,London
WAP69LA8,55,NY
VI3xbbih,63,London
maMWoE06,56,Berlin
xkFJr9jS,62,NY
AxvpCu14,63,LA
w0uIuV4E,26,London
h26k2a7d,36,Berlin
OZJzuIPP,62,NY
TPT0lWWQ,37,London
RLIqsS3x,25,LA
sHOxIc6G,62,LA
oMihNVFN,33,NY
JZzkcGcr,38,LA
qT0ZPQbf,47,Berlin
1BiSRRHX,18,London
fWnd5nVS,46,London
pSMjerRr,48,Berlin
O1jtk1ia,60,NY
vQ1wYyl6,51,Berlin
ruP61arQ,48,Berlin
9vvvTLcG,64,Berlin
cO8gGLk9,59,London
fMdo1i0k,36,NY
Hv1QIMze,30,LA
DkuIJ2tQ,57,LA
SRxENRX7,41,Berlin
EYlzLziE,65,SF
3ERUCuuf,47,SF
GCeVycMz,52,SF
TgrSlGKC,30,SF
v2j91L7s,20,Berlin
D0bnssSQ,57,London
E4OHkHIq,58,London
EbbqDSiC,54,LA
E0MmdQ8c,57,LA
yiqitfWy,28,NY
E5fu7NLz,33,London
vUfDAltB,35,London
4vZtgGdx,38,SF
eaRBTyIt,49,SF
5BB1ExcB,67,SF
SRTkKfLy,46,SF
dViUH23o,52,LA
VpT7vSUT,27,LA
YHoqE0pH,46,SF
H5UE2kEK,64,London
xKgWFYYK,51,NY
k812x99T,26,LA
FfwUX2JR,64,London
xnXNLy99,59,Berlin
FtLDssp3,38,London
luVSA3Yo,36,SF
ZkgKndmz,19,LA
WlwKuz9P,20,London
QiB3muMH,19,Berlin
8UeLehpf,35,NY
GNHdDvTf,65,London
fil7AcnJ,63,SF
G70kg2Zv,44,LA
wsbzPeKm,66,SF
OfqzwxnB,39,SF
GZYtrJIs,31,SF
AYw2xwiO,60,LA
pUXmgY3I,34,NY
dAwJpChE,42,Berlin
Zx5rZIRq,68,London
13UqqMJd,18,LA
mxR8bP42,48,London
on8crZAv,40,London
e9v5jXaL,43,SF
thqQmjgL,45,LA
rDkptauB,33,NY
ypnrp9rq,68,LA
Kz1BGe25,41,Berlin
tmUXCyKV,56,LA
CpKZMQww,64,NY
nAZW21Bi,55,NY
ucI65NSd,60,SF
zhhkegxm,27,SF
F1itNxKL,64,London
JPAGJ6t3,50,LA
3WYKJDco,29,LA
xvNr2ZDw,33,NY
HkMvZaK9,36,London
QMRzMxMQ,26,London
Vifa2ag0,63,NY
tbU5BLTX,19,London
T37mZ5zn,46,Berlin
k2RkHXRg,28,SF
NHAH57nP,22,LA
oyB1qGHf,65,LA
8T1IlBof,23,SF
NDwWJeg4,51,Berlin
shbA8Mnh,39,LA
FoAMyQbn,24,Berlin
MXzooObC,50,SF
xKb5tRGk,43,Berlin
ezkhHxvd,35,LA
faqNvI1R,46,London
CPxGysP8,41,London
XV1t0Sxn,28,SF
kCagwIE5,65,Berlin
y3oY1h0k,68,London
3nCd7IM7,58,Berlin
9eBW1Xhs,33,SF
Fac0crmm,19,LA
cDTKqanf,60,LA
hk9pfekm,37,NY
QhcKprUY,20,NY
VZCoMtIW,60,LA
OvD68RzS,48,SF
GsObxcCD,52,London
uTbsrpob,57,LA
Gt7OM2Dv,54,Berlin
CXshES1G,38,SF
5qChc8ZF,50,SF
A25ffJRT,64,SF
F8m54bdF,28,LA
bPZYFwpJ,54,London
DtZyxOss,19,London
XHmmZgX8,25,LA
6cGoB9bQ,26,NY
BWvphdOx,54,LA
0ae5c3VL,50,Berlin
nU8CYPQA,48,LA
gYiui3F1,31,London
SzUybb6b,69,Berlin
llIIjWwU,62,NY
fGfIRRK4,43,London
BeZ9OzJB,58,London
spPmJfNe,26,London
Ck6kOEpk,44,LA
YhuA7CVN,45,NY
oOgcxDcE,21,London
gzZRB0qh,61,London
beIPr8Yb,49,SF
Hl6Yh1ym,69,London
RX8kNsln,60,SF
C4QaOfUQ,62,London
uXNQoKb0,67,London
FrsI7pl1,61,Berlin
vT1ABtVB,26,SF
OJijIe2T,42,SF
YH1doari,35,Berlin
3hpfHcdT,51,Berlin
GmtVzgky,45,SF
rFVv025n,65,London
O6OIWsnU,29,Berlin
XwHsnlBg,43,LA
Fecq2mxp,69,LA
CBmFMCQT,67,SF
ihLsWLo7,34,LA
osENXxLX,56,London
CzuyRYIR,46,London
GvUl39Ac,54,Berlin
R7CGAfCa,50,SF
TuQR4Epm,23,NY
AnF3iTsA,59,LA
DJkbIhCD,59,LA
foFfLbgi,24,SF
X4SF8ib2,43,Berlin
cdAr3BRb,62,London
3qaPxrMA,25,Berlin
xxLDfzqL,61,London
ovnShiIx,64,London
94YfAOH0,55,Berlin
jtZnI1l1,56,LA
nUqD2EdT,55,NY
Wcnvig3l,52,NY
zqQY9mLk,50,Berlin
fuzrk6mj,66,NY
2nxeZOoA,36,LA
4AxdJ50U,68,NY
WJOhr8xH,48,SF
jgrGZfv5,18,Berlin
KHxRBFt9,60,London
tqshZ7ic,54,Berlin
PRHKZzu1,29,London
6N8nEADk,56,London
d6dCtfVH,26,LA
PqXyn8ce,46,SF
bAitPGVm,35,NY
RcMvn4Bg,18,Berlin
DvV2qCUG,55,NY
CRDGUL4R,39,LA
ZGJL1vD6,69,LA
4X07NX6b,22,LA
Y5zZ9U9W,43,LA
JhGBVwZR,69,SF
OM7qDJt7,50,SF
wIp6kkko,62,SF
9tfO4L1f,48,NY
lwb1gbNj,48,London
Kkj2iiJx,67,NY
VF3TViNP,56,LA
WiALmKuQ,64,SF
QBQyp6S3,29,NY
caK8vCUB,31,London
LTIcV6bt,33,SF
SZtdEy8g,55,Berlin
N0QEMPqB,62,Berlin
MK4MUdFu,60,London
JRsdFL5R,54,LA
0RAE0SKA,61,NY
wtAtU5mi,44,NY
wXcXPzld,65,London
hWOoy6Pe,67,London
S8UTo0I3,23,Berlin
p44vIYPZ,40,NY
fL8oK85d,40,London
sQLsZ8gX,42,Berlin
DnZtqMpt,53,London
lWHVMpmy,57,London
H9mDyQqA,21,LA
tcDYzFS3,40,LA
tYCA9A8Q,36,Berlin
Jxnakx9I,67,LA
x1VobuOY,51,London
R4EsJdio,33,SF
BBW0gsZb,26,NY
5ARdo9QC,19,NY
thbf73jb,61,SF
qahpywad,20,LA
QTaUpHiA,66,LA
kmHePdKk,28,London
uOdtOMsq,42,NY
YnUzAU0q,32,NY
FLGByq5I,62,NY
3PIx3O6z,28,NY
rC7TOnda,58,NY
FnQ44yLo,55,Berlin
2kyixeU5,55,LA
5DNcbHBH,41,NY
y3JGxfVJ,62,NY
2ChYe0cn,57,NY
dNwncnnj,18,LA
f8AWpUWx,27,LA
tpoVZ2Ge,45,NY
flZpg2Ip,25,London
x3vIs7c5,44,LA
4rmC7Pzd,40,SF
cflilkU0,48,London
z7AttfV1,45,LA
FMjDis47,69,Berlin
NQkAeIqx,20,London
KgxUVSaY,57,SF
jUyrYkD1,26,London
h3n5jQIX,60,Berlin
LRhQa4p6,20,London
55NWZgaZ,66,SF
X5ZC8H8H,20,Berlin
vqriMi0v,40,Berlin
YLGamBP0,65,SF
fsJSzeL9,54,SF
AIufp9o0,53,SF
qEBDcqg9,21,London
sGLVFazN,45,Berlin
8ZS6gdQS,27,NY
6wyq1CSU,35,SF
Se4Imk0m,23,SF
DKBQu4kF,57,LA
PYUkv7i1,20,Berlin
NpT8tS1n,40,SF
KE5fWrM7,57,NY
eJT9GO6s,50,London
bZoax4hC,42,London
IMUEGtXs,45,London
StV2tKFV,28,LA
PxXbuPmg,20,SF
qorBVGMq,68,SF
pAnx68K8,38,NY
b8FJ40Ze,32,LA
aof4XkYL,53,SF
Mad4Y1iZ,21,SF
1WddZKv1,62,Berlin
gpoVeP8v,59,Berlin
UfEyK40B,64,London
8IrpeQFy,46,LA
4duaivl0,23,London
vazB6nor,41,London
1spVYoA4,45,Berlin
SgOSANln,34,London
GStQddIn,50,SF
gmDR262V,40,Berlin
yIrdermW,60,SF
1WkyjbFC,22,NY
5dY5O5vu,37,SF
EvGwKoBn,51,Berlin
PgGP56bK,35,Berlin
7AkThAFy,64,SF
MZpjzOiO,55,London
LrKYCus3,18,London
ExucmpUJ,64,LA
omnuYTNq,36,London
w6sYvqMF,28,Berlin
ooIlGQf7,34,LA
bEydo54O,58,London
pWRtzcPG,40,NY
Sb0swVef,19,Berlin
Ta7MYWWi,68,London
vFayTwlN,47,NY
DEECZm5e,38,London
CnLsEwz8,66,LA
O7DqezVY,42,LA
itHOptfh,54,Berlin
Qz84lbGL,54,SF
XefOLr9B,30,SF
CpReLm1l,54,NY
oEGdBYib,43,London
Ekm25nf0,19,Berlin
fkVt3Yo0,68,LA
3pSAuxI7,40,NY
kGMJLptF,28,SF
XTDkLd8k,19,SF
jxa0Wond,23,London
trCUgas8,65,London
pNXIZZRB,27,Berlin
aAIJ8v8j,25,NY
0rB25lNz,66,London
F6vOtltl,30,NY
u584D1o4,22,Berlin
wSasGsRv,40,LA
tZamUBVD,39,London
q1HzxoX5,47,SF
4wTr9FFY,55,LA
mZsaDlVL,51,LA
JgO22i3a,21,Berlin
qTinOdPw,27,SF
lJ9ktHvO,42,NY
GcYMaua1,60,Berlin
EnC7TozE,27,Berlin
dD5um7H4,51,London
2RQkyRzb,57,London
7qLsGgdX,34,Berlin
HVyVQQU2,46,LA
OjHESLZB,43,Berlin
iTTP0qjT,18,London
OMimZrDn,69,London
sNbcmMgO,54,LA
sgc6lme7,25,LA
gqx6GgQm,42,Berlin
wzhWDq1r,25,LA
a9i9pfpT,31,NY
pLgPsjyd,63,SF
f1BhZFeW,32,LA
UYWl0gVV,36,SF
Wf0PlXI1,58,Berlin
bQ9H9YFx,48,NY
tadLYeV5,64,London
S3VQdzrJ,29,NY
suJB1TO9,37,SF
BXqko1ZO,38,LA
JjH9Hm4M,30,Berlin
HErnaxEJ,57,LA
5yafGnht,48,NY
RziJqfZt,25,Berlin
yiTMDX7H,65,Berlin
RabC9uQh,34,NY
d4ooT7cp,43,Berlin
Na5I01DT,63,NY
147dTAHC,28,Berlin
OFkRILbq,59,London
WhLewivL,69,London
Vka3wZHJ,25,Berlin
MpCQU5Z4,64,London
pRjYdRFO,21,LA
74Cja9Zh,48,LA
BW6t4JXY,46,NY
ewpl8Yjk,61,London
HUb9wcQm,21,NY
LRUMEuo4,69,Berlin
LR3NXIPh,50,London
RffNJgcH,32,London
bv56Y9Jd,40,SF
jhSOhzf4,24,NY
Qw1On97I,18,NY
102VWkFA,22,LA
fvy9AqRt,63,NY
dUZEvS6P,40,NY
Ad52CHx3,65,Berlin
E5rISdgi,24,LA
Gr4NzhZf,59,London
FxvDywxa,60,LA
f2CQwaNz,51,London
COA0O4nC,24,London
gcKCC90U,59,London
t5O3dm8t,22,SF
L7Vsc0lB,31,SF
mYBRkjF8,21,SF
x13zAIcG,18,Berlin
8lWLttOM,67,Berlin
S30jDKLs,23,LA
qV0QnDbu,30,NY
GdA0asNj,29,LA
TFtHZCoQ,57,SF
tteqGL22,61,Berlin
xugKTV0N,52,London
RxxBFEJm,19,Berlin
AqkduU2S,56,Berlin
51vbJa5i,57,LA
z3OeQwnl,49,Berlin
syyKMF9J,20,London
sFI25VXd,23,NY
5By156wn,22,London
pBd9QgM8,57,NY
ZVOCRKjh,24,London
ZkFbKNGV,46,SF
nlQepyQx,57,LA
6xuLSL19,65,Berlin
gD3gqx5t,22,London
glnCI7Bu,26,LA
eprYYOF1,53,NY
SsFYiewe,49,LA
k164PdAZ,24,London
usYqcyQX,51,London
Q2urSF4Z,22,LA
i2T7aHEr,38,SF
GeOSntlP,60,SF
ICkJNMbU,37,SF
Jt8mcdT5,53,London
ExMfkKr7,18,SF
7usoziaR,42,LA
Jh0SSE5t,43,NY
sP1ccKCh,60,NY
kqfHwzlz,25,London
EVyBbDAn,45,LA
VhQJKfEY,63,SF
3jixMOgM,35,Berlin
6zrCYey6,30,Berlin
FtYjVpmy,60,Berlin
uzDaO5W4,54,NY
5EwKu982,45,NY
h6DoWJ7l,62,Berlin
OIv8NJQq,67,NY
aMHlmbP0,43,Berlin
G1Kip53n,50,Berlin
5h9WlmYm,21,London
OoY2PFj4,29,SF
qHOYEkhz,25,London
0Bsu7jAb,24,London
Un2JvF5D,50,NY
tS22BnoJ,55,SF
ZGEWD0Gu,52,SF
v2XOAOV5,58,SF
vTTvNKfr,36,Berlin
7LLfamZ5,37,NY
LiqvVqXT,42,NY
oFRDa4vu,40,London
t3IIlLIQ,27,Berlin
zMVTxNpo,33,London
YtXHtTqf,48,LA
I7naxFgs,55,LA
g0FO2GYh,22,London
7WGeuB2c,41,SF
h3aCc07q,67,London
FNgE2Ky4,53,NY
YhHCqgKq,25,London
laZ8nJh4,28,SF
lcdKgSwe,47,London
nJiBh7oU,46,SF
IafqgIlS,58,LA
wtO5xACF,39,NY
y9qHAaUo,47,LA
IYz6d4At,37,LA
qm2AN2OF,31,Berlin
gOP8WRLy,43,NY
iEZHibYl,57,NY
tmUZnFut,19,Berlin
b5rVOBsU,60,London
1tpLM0zt,50,NY
y0JZ4JE7,22,London
zjhmHjJY,67,SF
FkjsLoW4,45,Berlin
9jISmK1x,37,SF
rv6ZM3rg,23,SF
lA3PP1wd,38,Berlin
32qzks1k,52,SF
pZ2SqB2T,36,Berlin
TeZh77U1,26,SF
WYGRgqb4,53,NY
xMnWknfD,26,SF
EX93o2fU,33,SF
U8FTJRZa,54,London
1hqzxesv,69,SF
4lOfcEGZ,22,LA
hFHV07xU,29,Berlin
GodVHVnO,40,SF
eyonIUsq,65,Berlin
NcKdmLXk,44,London
ujmW0ywT,59,Berlin
GkJ19dgT,18,NY
X4JiXjWS,28,NY
DK3CkGnH,42,SF
D5hRj0Ll,65,London
xola9fzR,30,NY
Vgux0HLe,41,SF
DMwNUHvA,54,LA
kc0FBY6j,64,Berlin
SjymqBG1,68,SF
R3eLwFzQ,19,SF
mFdNG1C9,19,SF
5SVmZaC3,56,LA
bo2dzMqR,51,SF
22IW0e8J,51,Berlin
NlOaN5Cp,59,Berlin
TufN1omg,22,SF
ASUKhbSD,59,London
wS3Cbdcx,32,NY
qm0h2PWA,27,SF
q84v67DO,23,LA
aagZcxbE,68,NY
EJHcx0TQ,36,Berlin
MCF8KpZd,65,LA
0CP4CirE,41,London
vDRoztZC,39,NY
FZvZhsTp,53,LA
JU3IZuO7,55,NY
I4AsYh6U,46,London
bgj9KRPs,69,NY
744VrWqH,24,SF
lfNSqnse,45,Berlin
O4CcRHCh,33,Berlin
MwEIl6lz,61,NY
g8widLyO,37,SF
PGNyZf2b,62,LA
gwZ8xu8s,54,NY
DkQkcn4N,57,SF
rMTelW2i,47,LA
ZLcyfFgo,51,SF
2qSg2DpA,46,London
zodB0mer,59,Berlin
xAdz0T3w,27,London
6jefWpS9,47,SF
yApWG0lP,55,NY
vOrztq0p,22,SF
7av6g5fQ,28,NY
5mXsIRe5,45,Berlin
NqYAul92,27,SF
XQ43fVkt,43,LA
zP4fJGCP,23,LA
lfKkxm70,58,Berlin
dvnpLOef,49,Berlin
HwpyC6fU,54,SF
4JSqmXyi,46,NY
jzrhftXQ,21,LA
201jsmJd,53,SF
UqnRMdtd,60,NY
R7aDiCOn,57,London
Z41HjhPX,51,London
P0qupNC3,67,Berlin
1UqfzTQk,47,SF
uC1jyhtU,36,London
tSk4tp7O,29,Berlin
Nh5s8aLh,60,LA
n4NAfk8d,38,London
ebHscFXW,41,London
1ZZK0h4Y,31,NY
Ja5lebrz,27,NY
eGHw5PmH,57,London
pyhePyns,66,SF
do5VrKrK,31,SF
XVCruTNB,20,London
9YkTS91b,43,SF
ArEizgHZ,55,LA
2vTXEOQC,58,London
KCEhdnIT,57,SF
bF1DOEp9,29,SF
JKFjZz51,18,LA
hrPTlscI,67,London
gFHVm2iW,25,Berlin
PlbszmYb,29,London
VDUbn9NU,51,NY
5eWc9mnx,52,LA
wEyV9jPQ,21,SF
iyIKp5NX,44,LA
B8m2zJRe,35,SF
qGQv1KV9,27,SF
NB3m0ysA,68,LA
iVNAvr4T,36,Berlin
RmU864vU,35,Berlin
SML0ahEA,68,NY
KD3xwu37,48,SF
NVpEOsca,31,Berlin
cBiGTQc3,20,NY
fI7JT9OR,62,SF
274oMTfe,65,LA
PR0AFBEW,37,SF
uDtTMSJD,61,London
Bs8kJJC3,37,LA
GKeaf5YB,47,LA
dFf1J4L8,51,NY
SAYjyzgw,48,SF
TpBUd5vq,63,SF
dsZNyqu6,25,SF
x2FcL2M0,19,LA
oFFukTAV,43,London
l8vopUKd,24,NY
rERZ1V0Q,39,NY
WpXWVxAt,49,SF
JCTwJwkm,55,SF
oj9uSmCn,51,LA
OVUk4lF0,51,SF
dMWerZed,19,SF
IpoUpsHk,58,SF
kMe6LvF0,67,LA
UCCIYb4b,67,NY
MhVk9r3M,68,Berlin
c85UqZQ4,40,NY
v3FpWNPo,41,London
wQKMEyKf,32,SF
RVNVwm3b,44,LA
ncYsKDx0,43,Berlin
dR163ln5,51,SF
yOfXIxvk,27,NY
d6DkE6xE,31,London
HN8rO9Ar,67,LA
G28BuuLO,54,Berlin
v9EVDMDK,23,LA
Ztnre989,30,LA
0VnClsEc,50,London
4dWbU6B7,67,NY
TbscVchu,22,SF
B2aAi2Qz,61,SF
iS0eAzuI,47,London
9ZxdKOwy,22,LA
kyA4mMjF,25,London
FP354miH,66,SF
ztYBBtJp,40,NY
fRTakL5q,23,London
JgDcEkLa,50,NY
RCdvCOjU,53,NY
BiKkqmiy,44,Berlin
7PoTnrf4,47,SF
aKooIu0m,30,SF
yFJrD4cx,26,NY
2nkWkkKy,58,NY
oPk4MoJ0,67,NY
1PWzv2Az,23,SF
1kuySqL3,68,London
WNpZbY4M,18,Berlin
nNxnn1Q2,33,LA
BPS7vS9M,55,LA
uDNRdwln,47,NY
ohJ27vag,36,Berlin
hmB5W4zX,30,Berlin
TV80Z9y0,30,LA
FbVdNGlz,39,Berlin
X3e8DYoZ,42,London
DWEBHvGS,68,Berlin
39xjjWIC,25,SF
uVRJeuMP,32,NY
Br4P1pPG,64,Berlin
vAi7Inhq,55,Berlin
FGMgMkqb,60,NY
0wCMCg9S,66,SF
ReWb6TJL,38,Berlin
Rviwby9u,61,Berlin
NbRFQ0mJ,63,Berlin
g5VLwvMh,41,NY
8Xpqt1kS,33,NY
rjItnY1U,34,LA
zJztmSLL,61,NY
9WW9VD0h,28,London
e2MYlYVi,45,SF
1o7d44K7,54,NY
2AbvKj4H,69,Berlin
15yihyhs,35,London
C5XEXM1s,55,NY
UYFDpJtb,36,London
uAkBwEto,21,NY
WLPpviCI,52,LA
R7JxHie2,49,NY
8q9sevik,68,Berlin
metnzqAU,40,NY
JB40CjN0,51,LA
cR8UtF4V,64,NY
G3HUXdD7,66,NY
ah9U08RX,64,SF
zQqXpx9u,67,London
PsvFdL78,30,NY
ExCI21M5,18,Berlin
UGjmoLDz,33,SF
CZBckf55,41,LA
8o5SKs0V,24,SF
bjyJVifN,43,NY
fi6BA11l,29,NY
ox9a4qHz,63,London
BCuJeNUy,63,SF
HrHA1pzh,64,LA
d1z68Rwu,56,LA
VCDr2q0Y,48,NY
8qxbwDRZ,42,LA
kU2CrREa,66,SF
prYcyZba,54,LA
uSeuYlYD,39,London
zSgmtGei,19,London
bRDrW6Es,57,NY
Hd5sFa0w,43,SF
7oMPPcXO,47,London
rwFMpDhj,48,LA
Oweab5WB,46,NY
BI6Y11yz,39,London
VOC3EgVB,49,Berlin
yRPUJOUo,67,Berlin
N98mKrWm,67,London
cooCZK6j,20,Berlin
SJpP9m42,55,London
XSVX1sBC,47,London
Y2n15dbD,24,SF
6Xfy2k6S,55,NY
zUeLfPCr,65,SF
0bAikoHI,48,London
yQ2Zb4ly,50,LA
5ReAi0F3,48,NY
uRSbXWfc,61,NY
x6iy1lf3,21,NY
qF6cSdSM,60,NY
q2tyVRUS,69,Berlin
BPPUIOwd,57,LA
1ww6jGYV,22,Berlin
ZxpxDq1A,60,London
1LLAWGak,64,London
0J1HlCxo,64,NY
hcK4JSdd,29,London
ZQGXtU3R,69,London
m8Tl1Udl,67,SF
gP1GuM7O,52,SF
9Comugi7,37,LA
2Fnnw4tX,66,London
CgrQx06z,46,SF
1OKk0Ggg,33,LA
WinufJtx,56,LA
UFbgmEUu,34,SF
pdlZ6vFb,28,SF
dihsugNV,47,Berlin
7I6vjM30,24,LA
l87n5CjN,39,NY
15MipO0B,29,London
mtbpfxuc,32,NY
z1VoeaXf,27,SF
rokvst8S,33,LA
Y1gG83Y3,60,SF
iUOA1pLF,48,London
ikDSoqj9,56,London
daxoOSbS,32,London
G12Tp1Gy,28,Berlin
LD4s0qAc,30,NY
d7eNYQ4N,51,London
jK9Hul9r,57,London
1S2i39Tp,21,LA
CKpQvIkT,50,SF
sE7YfvjN,24,SF
cWR99eRc,65,Berlin
ZQ3Rwz1s,59,Berlin
AJCt8vnM,42,SF
85b7qrQx,62,LA
wLJDiG7n,44,SF
5YgmmGc7,20,London
fGoWyaz7,59,LA
u2xUIBMO,34,SF
v89e4fD7,35,London
GRRX6Glx,59,Berlin
Kb4wl5dg,67,Berlin
NmCegsol,39,NY
qQnyIsxE,26,London
t5zzkHAP,59,SF
0B3sobmf,55,London
YS2OilbZ,24,Berlin
vBtePYba,46,NY
5qTTuMDx,57,Berlin
LpDsLT8T,59,London
a4EiaLx1,23,London
mIupnTtd,36,Berlin
P8gLfOyh,51,LA
kbvECgZj,62,LA
Rki9FHZS,23,London
569SFIat,52,London
OQ1S2eM6,39,LA
WEyXBvR1,53,LA
Svc9ESPQ,39,NY
cnL0Dgd3,69,Berlin
TCr22Auk,21,SF
LJtzfRq2,26,London
JG7Voe2k,60,Berlin
CIDNZU2S,26,London
e8O5Dd4L,24,Berlin
12MsCgwF,18,NY
zkO8BjBg,22,London
vxAOx2Dh,57,LA
3shX0XUK,23,Berlin
GnPGUFaU,67,NY
nHA2Hxro,55,LA
8RO95tmH,59,SF
CkI5dVUi,41,London
HZOTdOWL,32,LA
FOqdd2VG,19,Berlin
cJaBTja3,63,LA
mqQiUuVB,19,Berlin
Vd5i4tN6,42,London
eg4eBKyI,40,NY
KIcxF6tr,27,Berlin
xbkTBQn7,30,Berlin
hzgG9d7U,34,NY
BXEdwlqQ,21,LA
m9MdDe8d,68,SF
dQtjsiRV,61,LA
sdaFnpv7,18,NY
dyo4jHUO,27,NY
WczPHC2b,59,LA
QSNtJz45,33,NY
c5MsbsjC,52,NY
ab1ilFvU,52,London
FrW72214,45,LA
3A1xfBaJ,53,London
4f6LO0Dm,51,Berlin
OYZCDdHG,49,SF
nrRN9Lu8,31,London
tjk7opzA,23,Berlin
tTW9CoQE,37,Berlin
KIhCkT6G,49,SF
QvuifpxO,34,LA
ogh7vYqm,33,LA
nlXHCYEw,62,SF
YSAJRVDh,41,SF
8nvbXlqb,63,LA
GVkHo2rP,45,London
6v2UrOE9,52,LA
bM846cIs,60,Berlin
eVOIlei3,59,London
GWWzPH1p,64,NY
QGvOUDiq,29,SF
jY9fI3gX,27,NY
xM8RL4Av,26,LA
mrfVjX7L,63,London
iZb4Oggm,58,London
0mDXSZNA,61,NY
1KBzCFX0,37,LA
QeR5RcSh,61,SF
ZHkJYOcc,46,NY
zMWQYOag,45,London
cAe7LJVo,55,London
HBuvYHOR,18,London
gumSu23n,51,LA
FnkFp6td,21,SF
5skerP2H,42,Berlin
OMnTcHvF,28,LA
rum9ixDY,52,London
rIT52Nyo,53,NY
PCdSbgNj,20,London
JMKD5Kij,59,SF
ikFav71j,54,LA
SDa6PcY2,35,LA
gRkBWGsI,28,LA
0eECiTRQ,29,NY
tcWArwss,59,SF
vEUpeq5l,42,London
roGn9Txs,48,London
1E1wOiDc,24,LA
5qilLBJD,42,SF
yhlGlsnD,20,NY
gj0UmmfB,51,SF
4BXRzC6z,57,London
3GNuc4hV,29,SF
SGSgGELJ,66,SF
8GX2n4As,42,NY
FW5mWS5e,58,London
LaDqHTfh,31,NY
gp6xa5Zi,37,NY
mu8PkvMl,44,NY
8Tx8Ye9I,55,London
hRazN7pr,21,Berlin
H9ow3TUx,53,LA
rXIWTtJl,69,NY
7Evle8Qt,60,Berlin
yge8PqGR,51,London
i9jRNzCf,61,SF
8bkRksed,50,London
nHz7RvmD,52,NY
OGv6htCr,46,NY
e5spsPps,40,NY
8KKSgGYs,39,NY
EcH1etBK,61,SF
JSAohJ8G,24,NY
ZTcOci6f,31,Berlin
1uXKDtrI,55,NY
EhFDYlrw,65,London
P6pVcXmc,22,SF
awf4HWqV,51,NY
sPt3pOhK,26,London
8vOzKb3g,20,Berlin
ymwT6NA1,39,LA
Opb0itpT,19,Berlin
D5TXUpWS,41,NY
QIE3VcLS,29,Berlin
vcrwLDZR,22,SF
utty6DtS,64,London
Q1OAFyEg,19,Berlin
aduiXwHh,65,LA
ipGIvRpK,39,NY
YhGbLoA8,37,Berlin
bUe4bQJ2,49,NY
xdIc4iwy,27,London
p0RpYiLz,18,London
WbBQay7H,50,LA
CGalYSiT,48,NY
jyqruIR0,65,NY
oBC4UMjU,47,London
IOLgU8lI,27,Berlin
ltqlFeHm,43,LA
BJ3e8b1r,60,NY
vXiwj38C,35,London
6lb8kfHC,58,Berlin
tHKkOz9S,58,NY
iT04V0qi,52,Berlin
08PFYUXt,29,NY
dKPbnkZN,26,SF
z07KgdUN,52,LA
uoddwD1s,69,Berlin
ITAZUIDs,39,SF
gFJjyoRg,46,NY
4mdL9z9j,21,Berlin
BHvR4nc1,19,SF
PNSZoItA,23,London
JCe17Z8B,59,NY
MYtizCFE,24,NY
rMKoBlZq,68,NY
5fUEZvM7,69,London
4GyUjZND,51,SF
J8FNqk71,42,Berlin
P2uhaS5Q,20,London
7WVyfVCF,27,SF
OZG0e1Bk,65,London
TLST7SHT,46,LA
zpfiKfO0,44,SF
AzMOHjaU,58,NY
4nmiSdfy,39,Berlin
R9bjmMfF,47,SF
V5JaXTFp,18,London
MAAYjKc5,53,NY
f0PeNcOs,45,SF
Vk9Z6hZm,53,LA
sdRicOv3,28,SF
EJLBJdN5,34,Berlin
Jf3AfpFU,61,SF
G9TZg57M,53,NY
Es2v4Vxi,28,NY
YJ8sGClO,18,NY
7E42MISj,33,LA
mJ2g26kq,67,SF
52nM8n0y,31,LA
cVpJgNlj,64,SF
Hv3l2Tzs,55,NY
CHciSObV,69,LA
uXnZoTIf,34,London
4yxH5KWj,45,LA
pdqlttgC,34,London
HsKqpTxK,33,SF
4Rst9xsW,58,London
lj5KY5bo,38,London
fGUaRCMQ,33,London
PA0i9IiQ,50,NY
6QvgiX8g,31,Berlin
PbFc4XiG,58,London
iuHGCg7A,41,SF
hoi77FqL,34,LA
3eA9RnUL,68,NY
PCCQD6Sf,48,NY
9HCrw2TW,60,SF
vjM1fK0z,59,LA
M63NGihr,24,NY
WZka4RxU,68,NY
Vgvawe3j,53,LA
SjHOZblf,45,London
jq7XYPfZ,69,LA
8kraXtEw,34,LA
hnubmsqk,31,London
OCj5zErH,30,Berlin
9nk6xsVb,41,SF
Ud3XLYm8,40,NY
M5rpJfmi,52,NY
v5knoxjo,44,Berlin
xryVAISA,26,SF
XYuPnKEt,19,London
KK2YcAlA,30,NY
oJ7rrMKN,37,SF
USx9pDVP,18,Berlin
hFFAUTTq,24,Berlin
3pvnpCmy,27,LA
TjPVRvD7,25,London
O5wQ5GLk,53,London
QkidLQYI,50,LA
6ya5HG3M,31,Berlin
RXxexsdB,33,NY
cgDcWRE1,65,London
ZYbRJhzU,62,London
bxgSDUxm,41,LA
Qd3kfSAM,48,LA
HMRkLF47,24,London
CxKI7WOi,32,NY
77dqtYRm,60,LA
1jUXxHjj,18,LA
tRWLYaso,66,LA
qyvyZb9r,21,London
DUk8uJO6,26,NY
EnY80jNp,65,London
PRFpcD8x,63,Berlin
cilPXaAc,19,LA
31Nc94cj,47,SF
C92lmsDK,28,NY
hYePLqEf,19,LA
ZLZLEWB5,39,LA
0NbSsMW7,39,SF
v45QEbUy,28,London
KJ65S8PR,20,London
3t2tJlSi,25,London
kGpyTOUS,30,London
iVXr5LtB,45,SF
OdDJtQo8,61,SF
c7jyZQ3l,46,NY
I3u1Nm2M,36,SF
FT6BJ6DF,38,SF
OVDTgKvu,56,SF
5LSMbGhc,64,Berlin
L886pwOf,55,Berlin
R2CibWDL,61,NY
pDMQSyit,53,London
R3HIQuiW,58,SF
DFd68SPe,67,NY
PprLg5r1,56,SF
fjjVpupO,42,Berlin
STV0hJm9,32,SF
0X9GANjw,20,London
AfLgBAgK,45,LA
JaikIDXN,28,Berlin
JK3pr7oD,29,NY
hh6Yjmn8,49,Berlin
8Jd72Eio,21,SF
CHVP1XAH,29,SF
SNi7wScl,23,Berlin
4VnlzZWz,42,NY
cgAtXx3M,49,London
Bxd0oPvp,43,London
g4kbFw57,61,Berlin
KNINIbuP,65,LA
V2JWxiUC,40,SF
wyf7a9lZ,49,LA
3nSxCzPO,62,NY
fgr3UvGV,55,SF
89phvrCN,19,London
p71VpKIx,63,SF
m0D4vLhw,63,NY
K8eQMJNp,23,SF
mYxuY3ZK,48,LA
OoOLJaYe,42,SF
7EFeMcoJ,56,LA
WGfLTWpF,54,LA
b2o5hQJ8,33,London
wUTqCZI8,44,London
Nkb1v0cc,34,LA
nbgf3gcv,23,NY
Gfb0D5xw,50,Berlin
rD1AnBQq,39,NY
lnOy7AIx,24,SF
rHT7kRkP,55,Berlin
GW4E3sz2,56,Berlin
5stlhHX9,44,London
z8PUcaSj,69,LA
lkKFnKgl,40,Berlin
NdIVvth1,59,Berlin
1cadXMZS,36,NY
5WZNgmdw,28,LA
1Zk4X4va,36,NY
mlRZYhWj,26,London
funBStZj,67,SF
b5Mm1eam,56,LA
MkCu4w2X,41,SF
CypiU1mX,37,SF
PoB9F0Km,35,NY
moVMeWWx,57,London
G1zxvs2Y,25,LA
Xl9huVOP,28,London
DCcYy47l,25,LA
SqSlqRg4,53,London
hhjkznxY,30,SF
viHYkmTb,18,Berlin
E8jrcH6B,63,SF
JLwrNb1D,57,London
ydKAN7J9,49,London
QGyAiWpK,44,NY
MY7kpp9w,26,LA
inlmfp5q,24,Berlin
xEOeeJob,63,Berlin
E3VEOH1A,23,London
8jmkTyTC,62,London
15hl49gG,34,LA
OgIAK0i8,58,LA
KlcshavW,62,London
RX6iUx7P,30,NY
rJz0xSB0,67,London
55TTJMNy,43,NY
FSSObdZD,26,Berlin
a24YIFR4,47,London
tKYTU6p6,49,SF
P5f9J96K,63,Berlin
JHhVSXZo,37,LA
XPkJJyoh,32,LA
u80j0aeO,52,NY
t5wJlLCd,33,NY
M2OeYYjF,63,NY
p3fdDPhv,51,LA
jbdkEvtY,58,SF
XN3ShQSc,56,LA
0IwGqO7u,69,Berlin
nukJX32a,60,LA
f35JkQyL,63,LA
eVBWJIwj,26,NY
0BbODZbz,42,SF
bbprSuVD,18,London
7GqWql7a,36,London
tP7B94xr,30,London
Z0SOG9H8,28,SF
IOQsz8zD,64,LA
EPIvUNUr,21,NY
Lp1JeHEw,32,NY
IhpzL8qn,57,Berlin
XKLqffof,29,SF
6GQqOueo,40,NY
ngAJE8aV,22,Berlin
o5WuhIrC,52,NY
ElrR9Zn8,40,Berlin
MafLzNNO,32,LA
z4xbShDS,22,Berlin
bbDs9DtH,23,London
7xfZhtMc,31,LA
5fTh8uNO,29,LA
teqJ82ZP,34,SF
lfZkTcjB,64,SF
8qlZ74xb,59,Berlin
JkvobRMF,24,Berlin
FTSfHJih,38,Berlin
rqZWUwdv,62,NY
fVQd1fGH,49,LA
TOi1IjaX,67,London
UeO5CAlt,26,Berlin
XFoO4j7A,24,LA
0q1gCd6c,27,NY
wvjNb2qj,66,NY
4zaFhYnL,35,London
wXftAjBY,45,Berlin
Po9lurRH,20,London
jIrPmUK9,37,NY
bl2prHI7,61,LA
xieBwBbK,32,LA
ceeJ513g,46,Berlin
l4iNwINK,31,NY
8BDHPd2y,48,Berlin
Ltlfcm6f,53,London
tCsTkOLJ,65,London
NE6qjhiq,45,SF
K60pcnkv,45,Berlin
8bgnukRN,21,SF
eWDNI0Uk,64,London
gYvUyRQX,64,SF
0gxAk2qd,28,LA
ZrNd7elY,68,SF
Hou5QVS7,32,NY
GlAn5wGT,32,NY
Cnzrz455,31,LA
UQU8QXIj,19,NY
CUIwPepY,18,SF
sr6Kyfa3,39,LA
2vTq9Ju7,19,NY
j6sWKim8,18,LA
fUR1q2HL,28,Berlin
Zkp3vHVz,46,NY
IhVVbbnb,18,London
CaIkOeFh,58,London
YkARPsE8,31,SF
POMb6sQ5,52,LA
Z3QsUqgX,20,LA
0XpeWXgU,48,NY
dXW5eziP,55,Berlin
129WJC4t,47,London
vvFh4Jtp,52,NY
OdjZkbmi,42,LA
O0X0pvqX,24,Berlin
IHiu9jIX,53,Berlin
MvAUiqge,58,Berlin
SgYWlchY,53,NY
caIAOems,51,London
zPdw7aXb,22,SF
aRj00x0b,60,SF
8ZZlP150,33,SF
Q0sxGXl1,27,Berlin
oI47bZr1,58,SF
R1qoHoJU,67,Berlin
KDFrc3gB,65,Berlin
qytnjuxh,24,LA
GfS4gmdU,39,London
A97UZbrQ,30,Berlin
Kgj9z5HV,62,SF
5dlcDKrs,23,SF
vUAN7xAC,68,Berlin
RVcMkbQ9,68,NY
pxQUlOzI,41,London
zDQLh8uj,19,London
8PvHzuRY,28,London
OvZC1ktE,21,Berlin
C8lrGWzd,52,LA
dyEwdphG,58,LA
Kr0mscrU,23,SF
3BuoUvpO,60,SF
GG8Wojuq,48,NY
flFVdinS,43,SF
hGI4iN1y,28,NY
k6ngygxI,48,SF
ESOmsCYJ,35,LA
g24gJJxx,62,NY
BB2eZ5RI,57,London
oznY4BOz,39,NY
OgJlFRfo,34,NY
DD9sRQb3,63,SF
eialofSg,20,London
D8zVmi5O,61,Berlin
mo7l4iKt,43,SF
PbcHbHbB,65,LA
oqInqPcx,45,London
zpInm1H5,28,London
qEz9SMyY,62,Berlin
eGKo2lok,68,London
WY7kuYEp,68,SF
fufpPlte,24,LA
AHPsg0W9,29,LA
DClQx3Bl,31,Berlin
2jampCfF,34,SF
iVAKeH6n,37,SF
jJdQVL31,18,SF
ZHKwvOGt,45,Berlin
RXM8Xvti,62,NY
EYGxLxY3,34,LA
o7F1Vdw8,64,Berlin
6M4xeOhq,56,NY
tBjRC4I9,29,SF
gQT2dXJe,38,SF
olWzq1s1,68,SF
5msGmLQT,24,SF
EOI94zSO,41,London
Pmheb9gG,57,Berlin
vpxDFczE,20,Berlin
9XVD4HNo,69,LA
k73JTYb6,64,SF
9dfcVb9L,31,LA
9TeBMZH5,68,NY
pAjcxF7b,65,LA
jwPQ9TCD,68,London
xpMATlHk,26,SF
KpEHgAv3,62,SF
qXsamXE6,37,London
0pGRlpFS,60,SF
pALnT7BZ,55,SF
v2ZVLuev,58,NY
gP47OCKK,21,Berlin
GHpfN21a,38,SF
OTzS3MVm,24,SF
2hzLeu8K,29,SF
r22At91O,29,SF
h5yta8GA,32,NY
awL8uiNE,32,LA
0zKEOfJm,39,Berlin
U5yQ3e4w,19,Berlin
U5yxi7Sk,40,LA
NPXXG2Mf,48,SF
KWarD3rx,50,Berlin
oJEGJ8I7,18,London
pgztEg4K,20,London
XLE0YXEW,63,SF
4d1JLwwr,63,London
BNCHuQsu,64,Berlin
4nMr7mz2,32,LA
ShupyOj1,35,SF
1edl24f5,51,Berlin
gjUKpvvC,25,LA
xT2EluyJ,54,Berlin
xNDeaBOv,47,SF
kVYNtzmD,64,London
FPUpmW3C,51,LA
JeKqmnSw,19,London
G7MkWXIC,62,NY
H7l8IW7a,69,LA
Lui68BBC,57,LA
Sb3be72n,53,Berlin
omLjLPx9,24,Berlin
9iNRyOUH,53,SF
H4XlLSrx,51,London
GggxfslF,27,NY
wBuv65QB,33,Berlin
yvR9BJhT,50,Berlin
OGyWnpPe,59,Berlin
J0ZjbV1y,46,London
mDpj4g1d,51,NY
ZN3lKBqQ,49,SF
VNsihuZU,30,NY
oHqhMJKp,51,Berlin
Pmi4itwX,24,London
SDDvNU41,43,NY
b5aFGFdj,45,NY
B9diYWHw,55,LA
V4h3w2xc,51,NY
TkqolnNU,27,SF
u7OoNgmP,26,LA
ieDG41rw,58,NY
qEnxHVkq,32,NY
1y1U98GX,26,LA
0PDZ6592,24,Berlin
D8r6Iyok,52,London
AAgKBHQv,66,London
O1CIToea,59,Berlin
AGpOyDDd,44,LA
5ByfQhx4,38,SF
NJBWVLx9,35,NY
gM2hnR7H,58,LA
lhQrQCk8,66,SF
9PVqOW0E,59,LA
1HhwZNtW,44,NY
lvbekRVQ,69,Berlin
5VIesvJO,26,Berlin
efXbp1Dt,22,London
0q8tSdsb,65,Berlin
kFYF14lX,62,London
3U1xbjRh,48,Berlin
NYtNVKhH,55,LA
av3aWDuy,50,LA
MeXo1zcw,30,London
3P91lHWc,34,Berlin
3t7OhDb5,26,London
1y1ZdBAS,66,SF
YUGLZvdR,58,Berlin
IJQ5HA4E,46,LA
rax8BDTe,51,LA
nd11Dof5,58,London
jFlsTBSm,53,London
DrXkM7gH,68,SF
CCgwx5ly,58,SF
Tr3P4KFP,42,NY
sGlpd9OF,58,London
Kj7keBAZ,43,London
cdp0ekoK,19,SF
V93sQPJV,65,NY
9EC8BQwR,23,London
PY4Hl9I4,66,SF
ymfveJPk,60,LA
NiOYfbso,52,London
JNl5FR9U,34,Berlin
rzepobOD,58,LA
kqQ2BzoJ,52,London
u6qtQ9cF,49,Berlin
hPs10eFv,57,NY
LyTI2h93,23,LA
gC4b9xpc,69,NY
HN8JYU7V,29,LA
uALnBcuV,42,NY
GMQSCU6y,56,Berlin
PkmPtL8L,49,SF
aORKERRn,30,London
cSPlx3O3,43,London
eziTzxWd,19,SF
OhRWKl0B,58,Berlin
nCHR1PpQ,67,Berlin
2SRZxGpf,22,LA
3hgLILY0,42,SF
oW3GdzBb,64,NY
Z6puGLFv,31,LA
MAzvAcD7,24,LA
pOjhrwG2,57,Berlin
EjSL2uJW,62,SF
fYbDdovi,37,NY
Ip31n9PE,30,London
QVrqgz5F,49,SF
gAqUijqF,31,NY
PCBJRNJo,43,SF
yBlD7dxb,22,Berlin
HuyzD0Wl,63,Berlin
dQbLCrnE,54,NY
75wZ8zXr,22,London
nuc0KO2A,30,London
z8KlQiO0,44,Berlin
uDkoNLa3,36,NY
85nspYSy,27,LA
NhdkeUuc,53,London
TRR9Cl9j,29,London
YPP6euor,33,London
eDXiaHhg,68,SF
c50r87fR,21,SF
ici95V7K,54,Berlin
omCOWHKr,44,NY
Jruqpocq,22,Berlin
UBvkWVY5,29,SF
mpb6gjVR,25,Berlin
NIMB83QT,52,Berlin
QcGiOPhX,65,LA
bfgz7oct,60,Berlin
wDsIYGFH,26,London
tijFoOcP,41,NY
saAKO06W,49,NY
R9i7JCll,62,London
Tef8GYbO,42,SF
UjbE1bwC,24,Berlin
TncZ2hHC,22,London
UoZI5acy,62,London
PgHFp4nF,67,LA
e2UYwiOP,53,LA
sI4ZiilB,40,Berlin
463PmzJT,63,Berlin
xV3fMNke,45,SF
kFZ4J6O5,60,LA
yGpjbpjK,40,Berlin
IYh1vaht,22,London
IXEANPg2,63,SF
q3SOvaoa,59,NY
ISYTt9Om,40,LA
bXGL211h,69,London
3xfLSfJb,62,London
CPLvlvD4,27,LA
b3JLJdXn,25,NY
I2pBQdcM,32,LA
ioMZ1hGy,41,London
MbYm6erS,64,SF
QznnB8b9,19,NY
MN7xuctc,55,London
fKErYuul,55,London
jpLCJKHL,51,Berlin
CFmptj6n,22,SF
2S6lJv0r,50,London
liWWJIuY,39,London
Py3ZnqJO,45,LA
ZqHClPOn,44,LA
fITFUBTr,56,Berlin
e44UVZud,20,London
8cGW6Oki,32,NY
CG1ETRH7,66,London
GCvAhPEp,57,NY
dksRv99f,47,SF
FTihr3mg,55,Berlin
wxwU594z,64,LA
kKIMFcEN,65,Berlin
juSsBrZw,47,LA
7rI2oiFE,39,London
rX8uQRgv,33,SF
SZwGGnPQ,69,LA
ye6votef,64,NY
GgvGotMn,62,LA
dIIy8hL3,48,LA
0bI4FQZv,68,London
NwuA1cfi,22,Berlin
YFWVPQVl,64,NY
TvOLLjiQ,54,Berlin
ED4mwsW9,42,SF
w694tNhP,24,Berlin
tqb8Kkx2,38,NY
f4fg16g3,27,SF
pCCQiXZM,43,London
7AxuW7EK,57,SF
VESsdQLk,22,NY
sv5Koc94,69,London
ZrkWXoc8,63,SF
8l8b4Joa,22,London
DRzWdjkH,49,NY
geK70Jdy,21,SF
AWjQ0ndc,30,NY
9IBjoAdB,54,LA
fX4aadk0,52,SF
ligZhfL7,54,SF
vZ0u0nmf,53,London
8UTVdL3P,56,London
p4Q8KYwb,30,Berlin
Dvk0Hj59,36,London
oGb3uk6J,27,Berlin
AxD07Jzn,30,London
r22BOlMv,64,NY
BpvG428h,34,NY
c8SeHvwp,20,LA
BbR56SgM,36,Berlin
4f4GslSf,50,London
IuYpcbCz,37,NY
CpFaWkom,55,London
B3syrcHB,37,London
yiL1m47Z,44,SF
bELk2c1y,40,LA
99C3IXGd,50,Berlin
Ni6ig9aV,23,NY
piWYjmsm,26,NY
J9i5UyXG,51,LA
vvAPIdHy,43,London
rm0ShKmP,69,LA
eSbSp5xS,44,SF
ExRgE5ph,52,Berlin
ugiRfLQR,63,NY
syVZWs0f,63,LA
eTpg4IZD,63,LA
Z2XAIJNK,32,LA
9INeLHTU,65,London
g7mt9pfw,52,LA
UPEOYJM4,67,London
UZt9behK,25,London
4j3Np4Ga,18,NY
6PdsQDeD,59,SF
LMOXN0ZP,45,Berlin
ilYyCkdT,25,Berlin
0lM8ztoO,62,London
atvhdwTM,49,LA
K0KwdSIn,23,LA
oBME6QA5,62,London
5UEubV16,60,SF
SFTXeQfh,35,SF
ZkRLXGjM,45,NY
kqBySh3d,32,Berlin
OOQnTm5t,49,Berlin
5sy8JNus,51,Berlin
TArQK10V,34,London
9DDZAARm,35,NY
tsvs0qJa,69,London
myqHDgfH,58,Berlin
XOHBYm70,60,NY
Zzmhpi2z,65,London
vbWVb23b,41,Berlin
CIh3e0nP,63,NY
apO2Jqw7,44,NY
Gvl5obxm,44,LA
1HsTSzya,65,London
dX9o99oW,18,SF
5kmq9Ba6,27,SF
ntw7yaZf,62,London
A8HxTocc,45,NY
VfBzpuir,30,LA
SBWsXtwg,61,London
ae0UTwjy,69,SF
nZoDeoWx,61,SF
cbGqv0FS,55,LA
xpaC4Weq,19,Berlin
tKjKaF0z,26,LA
Fiy0HPkR,54,SF
oPughkp8,29,NY
TgMoReLQ,37,SF
8OFq20fw,55,SF
3LtjHDw5,28,London
f76lzpiB,42,LA
M3piRkyO,19,LA
h1dnkuUT,29,SF
LlyDsVlp,27,NY
1jHrFBSW,28,London
O0hcRUdA,36,LA
eCHBexQ3,56,London
iHhW7UJH,42,Berlin
OJwUx6jU,51,Berlin
blt70pxI,39,NY
48XG7zoo,52,London
cjZKiTxz,53,LA
V0P7rVCa,64,SF
DhHfEOrL,47,Berlin
Qcl18gWy,24,Berlin
Ci8EHN5M,64,NY
Oi2kxCG9,59,LA
orLV69WG,35,NY
Xi92u6uI,53,LA
SHXYIOjt,19,NY
KggpjfQ5,33,NY
C1BTU7bZ,31,LA
wMIGpfK9,38,NY
Ehh25eqo,42,SF
VFmjEBUC,20,NY
w09boWEi,61,London
dusgpFz1,41,Berlin
D5Ro00lq,40,London
PCkN8M7B,57,NY
RB5kobpc,39,London
4qZKzSBR,20,London
yUvygd5U,63,Berlin
pTrdFqdK,60,LA
FNmrIukD,34,Berlin
Jjnbbe3c,60,LA
GvnvKlaN,25,Berlin
9YpcBnx8,51,NY
oIYnaVKu,46,SF
4ty1CR7I,21,SF
aZgCgwt4,35,Berlin
UnTR0L77,64,London
YLg1EUxm,33,SF
1j4q7wOq,34,Berlin
wTYGiasY,24,NY
zAc0NTHm,66,LA
uVo0BhoN,18,SF
VcCYJ9Ql,53,NY
h0nttbSb,38,Berlin
xp78OQjj,42,London
Tybsn9Mz,20,Berlin
STdtu0Yy,28,Berlin
QuprJSvg,32,NY
Tu4y0OK1,56,Berlin
72aqaEYA,58,Berlin
EjFvk3xS,40,Berlin
0AasTKa3,36,London
NdSRIAAf,34,London
xTwytZ3m,68,London
xh9pYHFp,60,SF
YwLIFHER,63,NY
7RBCuMbr,65,LA
GS41CNfB,39,Berlin
EVqURd2x,47,NY
rgucECLN,60,NY
Bmj8EUs7,51,SF
EzwETTP2,56,SF
TFNQbTsF,59,London
UZcidWKl,22,NY
jkGnXGtP,67,Berlin
EpIvwAQn,18,London
AiXCQk7p,38,London
MAdbSRnj,22,SF
85rdSxYA,25,Berlin
rHbUuBC6,44,LA
on1gHtzd,69,LA
QKVqJbon,55,SF
Bn7Neafh,69,London
19rtag0r,56,Berlin
qSfy8uL5,41,NY
PQxad4rV,21,LA
F9ZP1DuP,63,LA
IlftbPVI,28,NY
4q4ZCgSW,41,SF
rLc2fWVL,35,NY
59OVd9IH,42,NY
E8LZR0IU,27,SF
ax6XiEgB,66,NY
9dm3VVy1,38,LA
9PEF6T3P,19,SF
UJ917NJ8,44,LA
3l4xtzdc,35,NY
getZYWIp,43,Berlin
MzmUxJI4,68,NY
6nb4UuZa,36,NY
rY6mQSTn,37,London
b06GU02G,60,Berlin
XDGUa60Z,47,London
iJveyLeY,32,NY
3Lw2qi9x,69,Berlin
kFsQCGl8,21,Berlin
5CGWgz0g,49,NY
5POwzNcd,52,NY
G5jv6W5Y,30,London
SwxP9tJN,64,NY
Vsknxv9c,44,NY
r22ct83Z,57,NY
WgUha2zm,59,London
2UVOff7W,55,NY
JKOyBUN5,48,LA
T1co9EX6,20,NY
bs2QOTQ9,64,NY
8aNwU9w6,51,SF
ZFkTOWGF,39,Berlin
gDOC9WC7,41,London
TbzS37wa,44,NY
DGxzQEjA,54,SF
vVDdbCW8,29,Berlin
bvKC0IO0,39,NY
6R8EogqS,20,Berlin
wMlVgRTz,35,London
8nyIi4Sr,33,Berlin
piQ0lXV4,53,Berlin
iCi27KOg,20,SF
ndDAffUT,67,SF
0LUVKmre,45,LA
HN83HZro,55,Berlin
braWM9zP,67,SF
rfvWMUK0,68,SF
3i8Guy6v,36,NY
3k8p0KlI,27,LA
56brpWgb,62,London
BR4jKpy7,56,Berlin
dVx1QzKz,65,NY
D6sVmyog,21,London
St4L1hFm,25,LA
91RArU79,32,NY
tioF0wg6,46,LA
n7Bo4GOU,63,London
jGVdJUV5,27,London
RIXAASrd,68,Berlin
iJRxTu7p,48,London
96cjU5Nl,30,LA
Tun00p2m,48,NY
wz9UwJxD,19,London
3bS495Re,60,SF
5LFyJLaW,67,London
RrmchcWh,46,Berlin
kvM4oUKS,68,LA
KCRBg08p,27,SF
NVjGDonM,18,LA
IHXijgsj,46,SF
AUcNz45T,27,NY
gSedP0ev,54,LA
SxgPq5Pl,65,Berlin
rj8tzHUt,36,SF
3SCKrg0D,52,London
fOis2bnx,59,NY
lcF6cvqM,31,SF
D5AodCP3,31,NY
003ZnKYH,33,LA
ZgilDXZu,20,LA
ENEYNUNu,33,Berlin
MSjP4QS4,50,NY
aJ9ebW2i,55,SF
XPQ8DWUS,20,London
VLzPgTyQ,32,Berlin
zMChLrsk,56,LA
5vaGPlZR,46,SF
cYnnGE5N,23,SF
euxr5gGQ,59,London
JlLMnonU,67,LA
zXyMfAkF,52,Berlin
5lYXKGKz,30,NY
9LJwmbYf,53,London
b7gkE5Lz,43,NY
MSTFFAfZ,20,LA
dhELCzS3,65,London
LucvQEd3,60,LA
kjasIxsU,63,Berlin
y16cdIhE,35,LA
xdiTbaJl,56,NY
pL9sdzlL,19,Berlin
XYQqklTF,54,LA
pcrEoSok,42,LA
iKagJbAi,67,LA
AH8r8DiN,49,London
4ngrn3uJ,39,LA
PTH8c3Bc,45,SF
yW1rOjvY,24,LA
d23fUzUu,20,London
dAZJZa6L,32,SF
1ypAX2qw,68,NY
ssQJ2llL,27,LA
mOPuif1C,38,SF
OhL55Rqk,47,SF
yScLKgWy,57,Berlin
zCJbqieI,47,SF
JrU547YB,31,NY
BtfAhvhk,23,London
u0ACNx0T,51,SF
RoztiwCK,19,SF
LkdzwLF9,23,Berlin
fDny7xyT,60,SF
fVLHhszF,38,SF
qNqoywKh,67,SF
5oIZSZou,69,Berlin
GHBtvIrA,26,Berlin
9xsVIBcp,19,NY
wMP6dqPN,58,London
LHcIfgL9,62,LA
xieHgTWV,46,NY
CZVMqewW,44,NY
gcxCmyQz,38,Berlin
4BNqLmGx,47,SF
guIPOiFX,50,London
rzehbbVT,37,London
W9qbw7Zn,47,SF
dlVWXHYw,38,NY
7GlK6BAW,29,SF
PX1UxRmP,50,NY
BGbXX55W,36,Berlin
M8ygiOtP,46,LA
rSprhR28,54,SF
s4TeL8qj,19,NY
Cxdszylg,27,London
VnZ4jZ1B,47,SF
hwIuIutE,68,London
yjrGO3yD,26,NY
z3LDJXpr,38,NY
ks4Se9K6,50,LA
bBuNWOk3,52,LA
BXMluW9g,41,Berlin
Iohbrej4,39,NY
B5wit270,26,NY
AuJNlCUi,39,LA
EeTMHTaz,61,SF
miZOHZdw,26,SF
oQexuzT2,47,London
wSJcm27A,24,NY
R1Bj25CB,43,Berlin
DnoKkRXY,62,SF
WOkV03dZ,67,LA
rTU9mA4u,41,London
1V60Vidq,60,Berlin
mWi89Y0R,51,London
ILcJU8Fj,18,London
z7wHnhud,35,London
yazEgszR,56,Berlin
bwLlwlr5,51,NY
14fXWCxd,62,LA
FmhElIyy,26,SF
QxL8Vyrz,29,SF
qgHAjTir,20,LA
MV37SSiK,23,LA
waQlS5Wz,51,LA
LZMPNyS5,51,LA
d80uZ0IJ,67,LA
U1SeU87L,23,NY
b6Nr532S,19,LA
fIUfaXoz,51,Berlin
3rHNIBWo,30,LA
g1bx8fPe,63,LA
Sht8SLL6,48,London
8v9LstM8,30,Berlin
3gd79VgM,50,London
EYlqi16r,22,London
olttFSFf,61,SF
dWcN9YeP,30,Berlin
OhVQyyil,21,London
SFVnU72Y,24,LA
hUPzBwd8,49,SF
1cDFF9xX,50,NY
UYg8yqrG,34,SF
mb3n7wdW,66,NY
ff6WMORp,49,NY
ZVOZZ5H2,67,LA
P8YUvKda,59,Berlin
hyuhir7Y,23,Berlin
XybNU87G,65,SF
lXp8VGBL,33,NY
fuPiTK09,66,Berlin
z8r5ozTx,31,NY
O7wAt0Tt,36,LA
XdHaUnvi,22,SF
iMbWVIEL,33,London
1wfFzmH4,40,LA
cNEqhZD2,20,SF
iTgj9CQD,43,SF
fb6udvqQ,40,LA
aJCexfkl,27,NY
Hv3neLCK,41,London
rDZanRNY,22,NY
kFKt0PAX,18,LA
heAuDt94,61,LA
Yyb4lwDy,68,Berlin
HUKobKqU,48,London
lwwTnkcx,67,NY
u9UvzsJo,60,SF
dUf7dxvE,47,NY
dRh8mJcA,52,SF
kYIIsCoQ,52,SF
OS5i03Lw,54,London
z3Hw2qXI,65,SF
wbPeFVJC,43,Berlin
1aumD8tS,68,NY
53ygbJAd,55,Berlin
WUQuxaP1,51,SF
M1dxnQSf,34,Berlin
3zvzOI5F,21,LA
nxOqVPlh,40,NY
oKJGuLCW,62,NY
5KQ9r1Jt,33,London
AzJuEbHm,29,LA
b4NHqMH5,37,SF
mcKywnKr,48,SF
2aL22PXl,55,Berlin
jxMMvxrd,24,London
iKWJ2zwd,69,SF
W4Wtm6jn,26,Berlin
ydPkEaAX,49,Berlin
pkLS0SzB,25,Berlin
eXjKFawy,54,LA
mITtcCLd,53,London
kyqRolZl,59,Berlin
ee0EOdRg,40,SF
LOui9crN,65,SF
mJhVqgKL,69,LA
UK7tz1OV,62,LA
3jBSVqGS,53,London
hmeQfQyq,48,SF
0rYu9aoq,61,LA
zOE3Yp1m,26,London
xoCgQaLM,18,NY
c1Gd0BcQ,62,London
BYEQfTZ3,47,LA
gPlC3tQ3,47,London
kHueIUm1,66,NY
xXLdHeHZ,24,London
SDzirTCT,35,LA
5jbHGXMj,34,SF
MGr9174p,39,SF
3jJMCATr,37,SF
7fFyug0b,59,SF
AXPtJJp5,58,LA
wIzmcvZd,41,London
aO8lAiI9,62,London
Q7OKDUcx,25,SF
ILZhs4uk,68,SF
t97cP7Ku,44,London
aFGTq3Ii,67,LA
7HJxo73v,61,NY
OKeNLr4H,39,LA
cKcNLLbh,44,London
3Em5CyO7,63,LA
mhvnEcjJ,35,Berlin
gx2nPuMw,40,NY
1LnN82bx,27,London
462VkseL,49,London
mtA211r6,39,SF
RdQLOjMM,58,Berlin
Oe221Ru4,68,Berlin
NaHF7l1d,61,SF
m8owiwmq,49,NY
EQ6EhWbm,25,SF
KTbsDmQF,33,NY
6yHla6KQ,64,Berlin
rqxUF9fV,64,SF
RjkfHCvO,22,London
dydegnVn,28,SF
AsjJF08g,41,Berlin
p00r6FIY,44,LA
sMSpSbDL,21,NY
YoNBdsxB,19,NY
ApnrdNLO,67,Berlin
s7ZjbMxC,38,SF
bXdmYSEk,21,NY
qGjXJApj,27,SF
WtYIhSHr,47,London
Mj097ydl,57,NY
79ZcVv8I,35,SF
f8cAmMyb,28,London
8musseAa,24,Berlin
ToEysOZh,49,NY
U8FEm1Go,56,Berlin
T9p1zmJ7,65,LA
0h4GOT1p,56,London
fJA2xvOJ,27,London
Sglm7sP0,25,SF
vddj79rP,69,LA
nTaaVkGP,65,NY
aXv1KvZ2,62,Berlin
kntMbXoo,48,Berlin
cpnv81Ne,46,SF
j6OawAwo,48,NY
qg7Eual3,56,NY
IEpgiuNI,36,NY
yyCetR8V,26,SF
dn7hAyIx,21,NY
LD0eeVxI,46,NY
540YcVO3,68,LA
5dPSQpOa,24,LA
8slTBThm,32,NY
kPN5jsLd,27,NY
b8GMRU9J,59,NY
iOOoDJO0,26,NY
cmq6KmFJ,38,Berlin
kcS9pCeL,49,SF
ObYFwpIT,19,SF
fSC0MWgN,47,SF
vIJi18yQ,28,LA
wVbME3Ef,51,LA
1qcrNJbS,58,SF
ACtfSPEa,36,NY
2aO7UxmL,56,Berlin
O3cBOnXB,38,SF
3WqsbJLI,45,SF
xXerkmDp,44,London
vIHP3GgY,23,Berlin
gqwAH0Ui,39,London
J2Thcg0S,27,London
GMgKu75j,61,NY
Boi8272O,46,LA
MCXXViXN,53,NY
cB5SjDkg,36,NY
TzqUyIB5,38,London
jG9sGvGb,27,LA
wULK3vJd,63,LA
KRU6UlW2,32,LA
OHZnQJR5,61,Berlin
dHjc3r2v,25,London
Gt3vyyLR,30,Berlin
YqLReVo5,31,Berlin
JZx3CTkR,38,London
ukTsH5pz,29,Berlin
9XBXam4b,63,SF
ppsjeEdd,33,Berlin
gBS5obxY,58,Berlin
9Ku0CK3A,63,London
iOTea31B,33,NY
WzI9fDi2,59,NY
g2ynf688,22,Berlin
oM3PWUAT,27,SF
tGG1zFea,59,London
93Qk8L9O,34,London
hWH5YEgg,66,Berlin
dglkzSl5,35,Berlin
goHW4AbS,62,SF
8BbBnLPQ,20,Berlin
Fy0V0JBf,53,SF
HRwcIKQu,29,LA
unbtO3wA,29,LA
S14vgBZ5,37,LA
78qZOsZo,61,NY
xId2rUv3,57,NY
dpvrYkQk,30,London
iCPvCo6Z,54,Berlin
DhWlIcoQ,38,London
IrHP2eya,41,LA
4WSOvWOa,58,LA
5se9mj4i,25,SF
aGJgWQOR,22,Berlin
mpbvvK86,61,LA
CdmUZ1PI,69,NY
ZWTBqfgN,29,SF
UcfUrADZ,65,NY
YoulHTNm,31,SF
oyj0bIPw,61,London
n9YVsOWE,23,London
TFUsICv4,58,SF
vJx2aXcJ,44,SF
He3GKq5H,35,NY
gG3jJQiP,51,London
qkSR8LQ8,59,NY
1J6SaPqx,23,NY
zZvenguU,48,LA
Hzale8h6,31,LA
xi0RPTAS,37,Berlin
59M8GYzj,40,London
wQd79pt3,39,London
lwGcfpJS,21,Berlin
Z4PBqpTw,31,Berlin
klYRtmJA,46,NY
jBUt0Nqf,28,SF
1ibWowSU,38,LA
QWqIgxX2,60,LA
M1aE3tdW,58,NY
IcvR3iDu,26,Berlin
ipaStEwr,40,NY
xUS5B23P,60,London
mj0EM0GP,18,Berlin
dtoIazbU,42,London
3xCpVxBJ,40,NY
48PeLVbK,60,LA
VZ3KTz9y,66,LA
VqU5st15,53,Berlin
8mrZbtoQ,57,Berlin
rbZ5c2TR,33,Berlin
Mky0o2WU,66,NY
H0A7Wrdc,43,SF
l84BMQgF,52,Berlin
o5noAPiD,55,NY
9P6U198p,69,LA
S991cbMj,52,NY
Ea6vw2Xh,67,London
371YBLNi,18,NY
VklDm9zj,18,Berlin
baVXK3Eb,27,London
gYk79LXM,47,Berlin
qIfJk0eb,18,LA
J6zdwcFW,22,SF
TevU6iya,46,NY
eYT0RLss,30,SF
jVqkqlfW,32,LA
mYEAZFS0,49,Berlin
6nZX86Pp,29,London
rPWFZu3L,58,NY
gApq4gYo,69,SF
YzoyZ2tk,42,SF
p4YJtOCn,28,London
CiJPElrX,57,London
zhmH9zAy,53,Berlin
36szyMI2,20,LA
32mFfKTY,61,London
vTPKLBuh,54,NY
wYW1IH8H,38,NY
yKugxJkk,22,Berlin
1qfXM2Kd,19,NY
HAYwwTGC,47,London
i2EHsedp,28,SF
m9fQjQzF,57,SF
dW4lmYxd,27,London
O8ZgNX6y,47,LA
FAfKDCXA,45,NY
BItt0Idf,53,SF
uYyZs8QS,54,SF
1MJlLB66,28,Berlin
iZmZncfh,18,Berlin
LUrjBB1O,38,LA
4fNXRNyu,43,Berlin
BonxOBpm,43,Berlin
DaGCMy3O,29,NY
QSkRLAoJ,30,LA
YZLs01Pg,33,LA
3pnlkkNT,37,NY
dTVCj8sw,56,London
qNLTfqNO,30,LA
b1e3JrEK,45,SF
ZPsie6rG,29,LA
ME6udqpL,37,SF
Oqrv8Qal,33,LA
a9amrYC3,30,NY
xtnkaBDg,20,NY
D2THAG0T,23,Berlin
ZY1PTRh1,25,Berlin
vve0mdWS,68,LA
0HCz0Jkm,24,London
5iwmzE36,30,NY
YsEfEsI0,61,NY
CB1YMHaZ,61,NY
K3snLYri,69,Berlin
Ge5hvCBj,49,SF
j5yaXcaf,40,SF
NYndjJAE,22,SF
VTAoWKmL,60,London
QntwwfKZ,45,London
rrpD7o74,61,SF
fidnk3I8,39,London
SHCQ9E34,27,Berlin
dQTYCNGB,33,SF
JrMj8TEu,69,NY
vVgYOEef,27,SF
mgzxNF4A,53,London
L7xDzD4z,50,LA
ROkbHpVc,56,NY
r2d6CjqS,32,NY
bMtevHaR,52,Berlin
xzNT4eI0,60,NY
G5qqC5jd,54,Berlin
1JVSDZO5,32,London
v7bAvMDv,21,Berlin
mWYNg6j5,24,NY
xdhEAniM,69,LA
4WTT8DYP,48,Berlin
cDZGzsQN,44,LA
8uM5vS94,33,London
CXs7tz00,46,LA
7p0jl0BP,54,Berlin
NZ7pIW1I,26,LA
26jHTBnL,65,London
0CUmLcVU,19,SF
AZY9DWbT,38,NY
thHr6bmK,58,London
4wgvHBFr,19,London
g53Kh7aq,58,London
IaApqQRt,33,SF
DdqetwNN,61,NY
0VHLiQli,49,London
VGZQce1l,46,SF
Wm6hEQwM,68,LA
nwvsUusC,48,SF
CFlPoXE9,30,LA
FWv2fIb8,33,NY
uOpxrNpi,31,LA
aWMyibMY,51,LA
ocKhriUQ,47,SF
THCWP4wV,53,London
RNdcyej5,40,NY
KY3AfC99,27,SF
ief1Jpgy,28,Berlin
KcDtScGY,67,LA
14y3pDt3,63,NY
jYD7s6OU,45,NY
ljeJbabk,57,LA
cKPCWIPw,28,London
MPUmgqQe,35,London
m97POYv8,55,LA
xpfZuErD,69,LA
8oRiIkQt,21,NY
kTshbuzm,50,London
YVoLyT5r,33,LA
RP6KethI,47,LA
3A2GPFHe,51,London
oPwLdVUr,18,SF
nLqxs5LJ,54,SF
Af2SUfAS,39,NY
QZ0p4tgz,60,SF
BHLT6aMh,31,Berlin
XL21IGJr,44,NY
3z4VwsW7,46,LA
HyM2G1Rx,26,SF
XaQskLCx,40,London
Sumyx1Vs,68,LA
n3fjX56Q,45,NY
FktS5rbn,42,London
HMlKsMXb,43,SF
LeLdDB6J,31,NY
dJTSbh6h,56,Berlin
9DUTPWQU,34,SF
674Nw76Y,55,London
jOGI0OfR,19,SF
BUEL10I8,22,SF
CnEOJG86,56,SF
RVyXJa9E,31,Berlin
2iU2wc7b,21,LA
45yLbmoY,22,LA
0lqCUKh2,53,SF
QJf8GPZ8,26,NY
DJZtCNAY,57,NY
0wK1pxa8,61,Berlin
OiX9BmTX,26,Berlin
YH6M2uCA,53,NY
I0M1bYy5,50,NY
wGeQpt3R,44,NY
dpz99gPw,32,LA
aqWkkEjS,44,London
nSJdoVdA,68,Berlin
vkxNSAxx,26,NY
C3oYJBK5,65,Berlin
VBIIJS59,53,SF
NG4GCBiF,65,Berlin
2qIsTpi4,30,London
TrNxnEgo,18,Berlin
BbScnNCm,62,NY
wSJkLrMV,61,Berlin
JwqlxeNx,19,SF
VhVqDMFM,34,London
lAx9qm67,36,NY
bfOus6hd,20,NY
6m0wmm5c,63,NY
iKHwGfKC,46,Berlin
uYbPpxOW,36,NY
QxlWslgk,38,London
9vrTfNbo,24,SF
HCAqrKLA,65,Berlin
Mya0sDM9,43,Berlin
KJOsQBRC,24,Berlin
xrti2ru2,39,LA
OPnZgOvf,42,London
ewwbFPFZ,50,NY
Jf1Ql5Ms,46,Berlin
df7ZQEff,37,LA
h1AgjZSE,50,Berlin
csCnQuPn,58,London
JVIibFow,31,SF
R0egE9Ap,68,SF
xj9TDjZa,67,London
jTc2UwWF,59,SF
GsSSLOX5,38,SF
01z61dnP,35,NY
XGWhP4M8,22,LA
ONz7EYzi,34,LA
sGz0nFtN,60,NY
fWJiuDSJ,23,Berlin
BkP7vaTd,38,Berlin
97yq7lHI,50,NY
oU45Lpm4,45,London
iNfPcMBc,44,London
BRBWUBry,55,London
eTgzUZ9L,38,London
GXnQrbXY,25,Berlin
thSnm2dc,22,NY
cHqbU2tY,68,SF
BPsqr2tE,30,NY
VM8LYXDN,55,Berlin
GtdxwetD,58,NY
mor7zSlX,53,SF
iORhVKXa,39,SF
6ABbUVTJ,27,Berlin
T9f56bJn,67,NY
VhqK9yyI,25,LA
iaqHrMHh,31,London
KjiSn0Bk,32,NY
ED7odbMm,59,London
v1UnYPEZ,19,London
20NiYrGo,37,NY
tpKIFoWo,46,London
2Eiii1iY,67,LA
sNVID3xj,51,London
aEHZWNfk,21,London
glBB2lvi,36,LA
fYPwUMET,41,LA
n2PLyOXx,69,SF
aYMEYRIs,32,SF
AKxaUdUy,31,SF
QRMc0M0t,31,SF
zoPUGkcw,22,SF
Phr9Tc21,62,London
fHuOeuA1,47,London
4e9mYqpM,35,London
ukosbdqk,64,LA
w1GWK2SN,20,SF
xoohxcAQ,18,Berlin
4cYrxuOq,63,NY
iIKlRLzL,42,London
1o20whK7,64,London
cPPkfOMf,69,LA
lWIsTcpN,46,Berlin
CuCEqNqB,39,London
lHSa6BTh,33,NY
lkzFdYpc,54,NY
ZwvveenF,22,Berlin
78yhPGAH,57,SF
vQLW1VOB,62,London
y1a88Ed3,68,SF
yqOEhBv2,64,SF
dAGGvidb,48,LA
aPr3DmAY,62,NY
7DrRne8O,20,LA
o3E2xK6S,31,SF
BboysVcb,37,LA
Hbk4gGS3,65,London
viAh1654,43,Berlin
lyDZvoMI,59,LA
YQ9nD80X,50,London
5Mwo1ta4,24,London
TC62Tlga,52,London
gbmoY8jQ,22,London
IRBhGi8x,20,Berlin
OKbRANx6,55,London
yOLbTftt,39,LA
FMwAklsm,36,SF
XDkso7ep,51,LA
fXt42BCV,28,London
qp359gn8,41,Berlin
vviLmjiM,30,LA
scs9dzLn,60,NY
LA3tpE4A,24,NY
2zYqM8n1,62,LA
KiNb9ntv,58,Berlin
JsetHmhf,28,Berlin
mZwZOT9w,36,LA
0ibXh7a5,25,London
4RtXuGYN,43,SF
EZ3nfz6P,35,LA
K9PuN8cX,19,Berlin
bLGnRxBG,26,London
ghMGbXGy,65,LA
44ozZblm,38,LA
IsvnAw4i,38,LA
bXyEdI7b,67,London
d5E3nGhS,28,LA
zpgeItcj,69,London
sUjzjiKT,44,Berlin
qY5Ul7o3,63,LA
MDPeennP,58,London
MClRf2MN,52,LA
tPriqdbb,56,LA
IpN575KK,67,LA
ED45XGlh,29,LA
VyrAhJqO,25,LA
ZyCG7Pj0,56,Berlin
XWncROJ2,41,Berlin
EoQVS3fh,24,Berlin
arsm8Qcz,49,Berlin
66tgIrBo,48,LA
2iUFKo9h,27,LA
LWGiVu3a,58,London
bz93He4X,41,LA
kGZOK3fY,33,LA
9KQnJMnS,69,NY
6SiN85BT,42,Berlin
5B4MaidU,60,SF
h5MIY4uw,27,LA
794x8Mt9,49,London
jm69qUgl,37,Berlin
hrKPjDaG,23,London
Pz7giZOO,48,LA
oTGg3Zmk,42,SF
1cHy3edN,46,Berlin
alwqgKaj,55,London
DivqGUdQ,45,SF
FISUrGal,43,SF
wbmnylBw,47,London
m791tyMO,46,LA
NLOmKOPW,50,NY
MfRNHcTX,20,London
AJW3fYKj,39,SF
WOg59QFy,56,London
UL1EDMou,19,London
kmXVi1ia,58,NY
DjVvk4U8,54,SF
yoVm52mm,23,Berlin
9O5gtK9Z,29,London
pNk3MCrE,36,London
Ro5cc1rN,57,LA
Nl64a85X,64,London
zMEYB0yN,40,NY
2QyQbDWg,45,NY
dHzz9Txa,37,NY
eoJrntOV,18,NY
qZue8PRn,59,SF
vpj5PQzH,42,London
cBeSiwZH,67,NY
ILOQN1aG,20,Berlin
aQ3gG9gX,39,SF
wRmiHwwu,52,NY
XrNr1IaK,57,SF
9D1y10ke,26,London
YhNToCu7,54,SF
7Zah6uZQ,46,NY
mJ3ZZo6N,31,NY
XRoqFaXp,62,NY
hUFaH2KM,43,LA
6kD8msg3,46,Berlin
U199DVTR,48,Berlin
4Qwecb1D,35,NY
94EcLBer,65,NY
4Lxa8FrM,35,Berlin
Jy6rVqyv,44,LA
GclH5n4m,67,NY
qTYFOskg,60,LA
nSb3htf6,21,NY
oBSsLski,26,London
EYWJh8jp,59,LA
IKjxpX32,59,SF
lkjtKRpX,63,NY
suX0kEDk,46,NY
4KHb9QdD,19,London
kxxS6NXy,37,Berlin
zqcjvXVY,31,London
kfmo0prh,21,NY
Tl2Vhbko,31,London
5va7FO6r,54,London
SRVi5xMr,55,LA
nLE4HSYH,19,SF
vDbp7eEy,54,SF
qpnStz26,32,LA
ZbOvljC1,57,LA
3MLZKl0S,23,London
jkpAbYRr,43,London
TefHg40w,66,London
XatoUmj7,24,LA
N9DbOhGs,42,SF
emFkTlQe,22,LA
1f8w1I2M,34,London
SPwI8mDx,59,Berlin
5YPR5ewW,66,SF
oDgIrAoO,23,SF
eHlmbrEQ,40,NY
eQ3UT4VR,29,Berlin
xwGYdaWL,37,LA
0N7IrgEh,61,London
KrS6Qz1h,53,Berlin
tBTSnYki,54,Berlin
f8b6c0JL,56,Berlin
Vr5G0RBA,34,SF
ZTieq9mM,60,LA
h5tKO45L,38,SF
XKcw0x6q,40,SF
KUbvwdGQ,65,London
Z1J9EmxP,68,NY
ABo6iFbI,64,SF
ldowNaVi,52,LA
304aZUzj,48,NY
gVlkqbRU,37,LA
XLwA2Spz,42,SF
A7DMYJ5B,41,LA
iz80dLeK,43,SF
zgUvqq6L,24,SF
6Yy2VNhI,43,NY
jFIJ7YQk,62,London
N8LtbzI9,50,SF
pWsQcwWf,19,NY
g95B77tJ,66,SF
3k4BgV2V,23,LA
pryS0XhG,19,NY
UxGRHm3r,66,LA
2TPoyxYl,59,LA
27Q2Jhf2,28,London
ouuEOP1C,56,Berlin
s5AwiYGY,35,London
fudoQX7l,65,SF
UQWvEecI,43,Berlin
YGuvSS3x,69,LA
VZDV8zsm,68,NY
IQy3ThBN,22,Berlin
yt1pcJBu,48,NY
24L3tzOj,64,London
y3LoX1et,66,Berlin
B72sAWUC,67,LA
CbcZaTFO,23,Berlin
w4NzYTKK,27,London
ddSnYLkQ,29,Berlin
DjaUU2uf,23,London
13tWmj9q,37,LA
K8msTQ39,18,NY
JlRqKaqr,36,Berlin
knOXPI7z,39,SF
4QpHH4X7,54,Berlin
rzmb9qIm,69,NY
9wfMO3W7,62,London
KOOj01U6,48,NY
KqkQVRvJ,67,Berlin
eA1LT9TR,22,SF
zQUrJ7pO,63,NY
Rcp9lnm9,20,NY
PzfVbK58,57,LA
L9k5JJbP,48,LA
EeiQBo0d,37,Berlin
qTu0KJXM,52,Berlin
YfjSC7LG,57,NY
aIfB12iR,34,London
axSpr150,34,NY
aD8vpgKV,60,LA
A5IvI76m,21,SF
ToJKZH7f,55,Berlin
RoRhWuDn,69,NY
eyDBJaam,24,NY
1nTlqvoG,19,LA
amb9mJ13,32,London
WuxXlzqn,68,LA
CoEtzzoP,19,NY
qci3OkDu,44,Berlin
tPmWQtuz,52,Berlin
D7q7Zul7,40,London
5pALr61d,25,London
CXoZ1Sj6,22,LA
WdjEozhX,61,SF
nN1gaTQI,45,London
8qbo1U27,45,Berlin
z73PQCcR,29,SF
DqpLzQM6,47,Berlin
FUNyadZf,60,London
Ku2rkSq8,39,London
HrRfa5wM,24,Berlin
gI5L3XOw,34,LA
7e08gU1S,26,SF
R9yAjg8k,48,SF
tAhg6ehQ,20,LA
3OMZsn2f,24,NY
lbXhRiEN,66,SF
X25LDzIr,51,London
RPcygsdm,61,NY
3cHRaPfT,28,SF
J6TfknGx,54,Berlin
pGOBlLSO,55,London
dbRzQ6tx,55,Berlin
vbLzkcte,28,LA
5KsR3lKP,42,Berlin
LWPnPxBW,46,London
2I22xZnA,49,London
OmHqBQQ5,59,SF
NLslwXtc,51,Berlin
KpLwBJmn,39,SF
D5VOMJda,36,Berlin
dCyIQrOe,67,SF
GW2jCnFu,32,SF
rE9GKsX4,18,SF
0z06RPZe,47,London
un2ky1xa,63,London
VVRaMm8j,23,LA
SYWpDmx1,31,SF
JBSFkSPO,63,Berlin
YHkDLMY4,28,SF
tL9P4vRq,59,LA
Yeal1igX,33,LA
Z4WuEGxc,56,SF
PNE1jdLq,30,Berlin
4fMzpH1j,56,LA
atNkwFQD,42,London
O8WRLl4c,69,NY
iiYN03A1,52,London
pXeoM5sV,46,NY
LQnJiT67,37,Berlin
ZDtT6nbf,27,SF
lxGgqdHd,65,London
eWAxbDzY,24,SF
x2yuq9qH,54,NY
Bl53WwRL,26,NY
usN1Geh2,58,Berlin
YXjW7yVd,28,SF
AHfsPfcR,46,LA
h1N2O8H0,44,LA
vUT6qSdp,31,LA
dEfFCezb,21,London
6ajFqlc5,24,Berlin
rNNfRxlO,36,London
kpAuHX4R,19,London
TP2XdEhE,26,Berlin
wJXiwy32,62,NY
oXzIfmMe,37,NY
I60RafB7,58,London
V8XfO2lO,53,NY
D6TDO9p1,18,London
SQ3IxLy7,48,SF
HIYqsBQT,30,LA
LzGfyN15,61,LA
PkZOgmle,64,LA
zsIgEnVh,63,NY
UNvrnxC3,67,LA
eterQdt2,33,Berlin
GHBk3qog,45,London
l94g7jAo,61,Berlin
o3sDqeHZ,63,London
x4UkN6uw,40,Berlin
qLC6CeOA,42,NY
1Nr9MwRk,30,NY
BFPAAmox,43,Berlin
a4ia3OIo,54,London
meVKgPEm,45,London
RW3zMNaj,51,NY
zOZBOomN,29,NY
QqeIOVcm,25,Berlin
AnPfjPIu,23,NY
yxWQVPTX,59,SF
IFPxmIdR,27,LA
8yWdTPjt,20,LA
Rmy38ODr,18,SF
d1wMEKOT,61,SF
tbLsQTGa,56,NY
jJuUQAde,39,SF
xYVeMS3T,64,London
VPVjyOI1,47,London
kZ94dMKl,31,NY
atOZZkaA,19,SF
mSIFangA,51,SF
rmqsOuuZ,51,NY
LuspafXW,40,LA
oefsP0Ne,37,LA
ks4gKB1z,60,London
RsGi9osT,38,Berlin
broI8Pd2,40,SF
POxuF5Ie,59,LA
lXh85JAM,20,LA
naVHrTCp,45,LA
Da2xLwLN,27,LA
vPn8hyiM,50,NY
y5w6uvLv,64,LA
eDPgFBKi,33,Berlin
vikzXdNE,35,London
ZLyh1OIF,55,London
88pWPdAS,38,NY
U2DJwKko,46,LA
qnxeyqdS,53,Berlin
wSkIzyhh,68,LA
mSa7mqKW,56,SF
9KHayaJ6,54,LA
pmiXDvlm,32,SF
bYACfGKx,40,LA
JAoQmQ90,67,LA
B29Wna3h,31,SF
pwSRo3xg,60,London
4TzWCIxa,56,Berlin
SlSJIXec,39,London
5rXdVZlJ,46,Berlin
l61p2FAV,40,NY
Elrc3gqn,59,London
7CWpux2v,60,Berlin
9L0rROLf,47,NY
21TVgw2Z,24,Berlin
xcXMEek2,20,NY
HiM4IZyV,21,SF
7YppsdVV,53,Berlin
0QAssIcr,47,SF
X3bSmG3t,56,Berlin
OKQ3rs1c,61,Berlin
JA13QdhR,69,London
ZZpndAcJ,29,Berlin
hwFc4TTe,56,NY
rtDw5U96,26,NY
aUBPLBha,50,NY
RmOxAASs,62,Berlin
WR9f2GUU,52,Berlin
aOoNNVeL,34,SF
8OSdasbd,19,London
BZm0V3hx,42,London
gzaJyeRJ,52,London
7AqcDVMW,69,NY
Tk4u45DX,43,NY
WwEQco8w,22,Berlin
o4V6WwuB,21,LA
2BMSHD5s,35,SF
8Fmtoxka,18,LA
lvdRNql5,46,SF
MAdf8dY0,47,SF
ezvqNbYV,59,LA
Ke7cbQdU,38,SF
lKakAaO1,52,London
RHljsfMq,60,NY
kCCuSL4x,40,London
QUOavKT0,52,NY
ElfrHkch,43,LA
AtiZvUVH,41,LA
kCjdooIF,18,Berlin
xhXLMSRF,30,SF
aagHrT5T,33,London
OLBW0RvJ,37,LA
2DWNtE1f,46,NY
wDPBDJTb,57,London
GvLk7HdF,47,NY
X1F7UOdt,38,LA
bnBI5DtA,61,London
5qptxVqF,30,Berlin
D2F9gLMX,27,London
OCDdQnwu,27,London
0bE5lTWA,22,Berlin
UCQpeBws,38,Berlin
ZK4tLWjj,44,Berlin
Nr8W9ekG,33,NY
EajmBQi5,31,SF
aYWqCeWs,54,NY
CfimXNZP,62,LA
tBJ1HC9X,23,London
WG72qRJj,57,LA
EGAU1GXl,20,London
44GuH9HR,30,London
0CckLogy,28,LA
aw15KvNC,30,London
G1TNlqZV,49,London
06KifQnF,52,London
8nkUEm0B,65,SF
pIRreRXe,27,London
rsujRbnB,61,Berlin
mSFdnMcp,21,LA
ufBvl5Sj,68,London
073rvkVx,63,London
KQpQsY41,35,LA
UMVe50KC,24,London
5udqvyHz,22,SF
jYifnKYs,57,Berlin
a4KajeOE,27,SF
hRv6hNqR,44,SF
Yee4YmBH,35,SF
rIktISiG,30,SF
8rAvIsPX,45,NY
ai8TIasv,37,London
1jfbRilo,59,London
YU9TI7wK,35,London
rhSp6Rh8,55,NY
LeONIF3u,31,Berlin
GH0eZYxW,58,LA
CtV9s8Fs,53,SF
20rjQKWH,59,NY
gmSgdWUc,56,Berlin
NkTj0iUg,48,NY
XCWLgwVV,48,LA
kwdjuDls,20,SF
Z2nqS9qZ,59,NY
PHdlBpe3,35,SF
wDCDLQTH,40,LA
rrSmavJk,42,Berlin
w8tBklef,44,London
F5uE9Y7j,52,NY
PBy5WIKm,29,London
E8sDpsz1,64,LA
S8ydj9mS,21,NY
BXf7en9r,38,SF
iOvkQaVs,39,SF
0tW8ZfLm,68,NY
wVj3m7MM,27,SF
WiFRICft,37,Berlin
y5hEq0uo,29,LA
G5Nh4NLc,19,SF
OxHhc4T2,44,NY
EXeOQYgc,38,NY
cNMp75Ki,43,Berlin
1P0T72r3,46,Berlin
D3g9FDq8,33,NY
j2MQ2NwJ,68,NY
Oo00CAAM,52,SF
qTV3e5Xl,60,NY
FmH8qnXM,24,NY
lSnqAtid,68,Berlin
CJWX9vIx,65,LA
lBcUY4Sl,27,Berlin
13u8hdyS,21,Berlin
KlvnK9bR,27,Berlin
DktVfemJ,54,London
cVlJ7pWx,30,SF
QLQxQyj9,58,LA
lboqeqz4,37,London
mzxMaZ97,24,London
ZJUTXj09,19,SF
mh0t3Zld,36,LA
jaERvoex,59,NY
ZMBNaYxo,69,NY
oyXyXvUT,25,NY
R4zU4G0y,52,SF
C3dFQlnQ,42,London
N6gZ8l2m,63,LA
kKCejkjV,40,NY
nPUQHEob,47,Berlin
YD2OqKQ8,25,SF
ZWwE0AmP,59,NY
CPnFJSng,34,Berlin
e7iOcHgN,35,Berlin
hlO7tnim,48,SF
Iq3qzvoK,67,Berlin
sYYqcDr1,33,NY
99CXGPr0,69,SF
a8sbPwOR,33,Berlin
ZgLAhGx1,53,Berlin
B0rQxvK2,35,Berlin
bIUhleMN,54,SF
qvyPzdgM,49,Berlin
gww3Vh7l,51,NY
z92xK91W,54,NY
wGsvmtzZ,52,London
afuftixy,29,LA
tTAIRlyO,22,London
OgeYsD8D,48,SF
tVLztjR1,67,London
cXGmOb8s,40,SF
eDNrwzyg,60,London
c1pvxu2v,66,LA
a5wO971O,47,SF
trQaUhJV,54,NY
dDqkaVhv,47,LA
arAlxtLj,50,NY
hPjayqba,34,London
YjDL9HMo,54,London
oaKQ7BJc,21,NY
vjBJ1sjf,65,Berlin
akSkebqj,24,Berlin
ZitqcOmW,18,LA
chO1FT7Q,53,London
hNyObkRO,28,LA
WC9erhIU,43,NY
w7dXa7d9,24,Berlin
qfEMdU0f,26,London
yoLqmKbs,63,LA
HT2ZDOdS,22,NY
Az5Rf0vP,36,SF
sC8qtKDR,60,NY
nJWYerD3,32,LA
E1ZiOGYU,66,SF
CNEicnEc,40,Berlin
bQlKuNby,48,SF
NEUOyxTP,68,NY
CA7iadbI,59,SF
PYXOj8FC,57,Berlin
iTvuoMIH,51,London
EaDy327d,37,LA
nrnYOZXE,37,LA
WdFOFiXa,34,SF
7ncjGKOW,40,SF
3DXqkVUf,27,Berlin
BNTpL54O,34,London
6k4YUWPo,60,SF
AvSc6GK1,40,LA
ebohKMro,53,NY
GQAmXumV,26,NY
OghZeoqN,38,London
H6ARTJCX,19,LA
BZbfJiz5,60,Berlin
CDrE3Iiu,59,LA
VpYIcvNy,22,SF
7GFeVSsO,58,Berlin
eN28Hno3,29,London
Oiey1WY3,34,LA
DQGEqPIx,62,LA
J5UdxhNs,45,LA
FNL4p6c9,59,LA
7aq4f4rB,27,LA
Q6NQ7Os4,26,LA
545L5fiX,23,LA
XppJSbi4,31,Berlin
TetEsN3W,53,London
w7ZYpKgo,44,Berlin
QRgIE2Uu,65,SF
XeBKkAdM,63,London
2937pbn1,26,NY
HN04arpF,49,LA
KPDutva7,23,London
N6SXRNiR,49,Berlin
g5s9oRx1,61,London
lhXWJQF8,29,London
wsvNxziF,61,SF
lzD46ol8,31,SF
9xbYBHhO,66,London
Z0lG1A3W,57,NY
W25KMSQV,32,London
8paU2d6c,27,Berlin
BRj7UN96,62,LA
5Y5x4q7l,43,Berlin
NmPWiz0T,18,London
62WU17Pk,53,NY
5WMTXbIf,69,Berlin
6o0KrgRo,37,NY
UAqA6sta,33,SF
WRINrnX6,32,LA
krd1NbB4,19,SF
B0N3B2ml,51,LA
v0xQyikL,19,London
YZPiDwfj,46,SF
TvT60RZ7,56,NY
0X8hk9xn,61,SF
HT5rVRrQ,69,London
DqEMSLrH,27,London
iH3nAtQe,48,Berlin
fdPuWe74,63,Berlin
iBhHrptq,31,Berlin
YL1bx5aG,60,London
4kXJduz7,46,SF
zNesnPKu,22,NY
GlLXvX6S,50,LA
f31E9EeX,30,LA
KlLT6yMn,67,London
GnwF5Ebx,25,LA
zkl7pKtc,26,SF
SEnOfpIs,46,London
EIdzx7vh,47,London
dBbkBLM6,30,Berlin
67T8oyIP,22,London
SNRR7Q2J,42,London
KHy89iWn,62,Berlin
I8aKUFJg,52,SF
EOrX3MY3,46,SF
F1rWn98n,30,NY
ZXRxOZ2B,63,London
goQdXRxl,59,SF
gUY3Oz1o,44,London
10kZsuLs,60,NY
3m5znTyN,64,London
zcQX1vS0,39,London
N76MblG6,69,LA
WJ7ywPZO,37,Berlin
j5FD7aMz,29,London
cNt5X1LR,19,SF
ZXZj8GMR,50,London
xOxbjZET,31,LA
Xf7KqtRj,28,Berlin
ZVhhRemG,45,London
UT3tqJvG,60,NY
8E1FG1sh,30,London
bjrwRsag,26,Berlin
X9v0vLHA,60,Berlin
Edp1GgZe,45,NY
cUHVvPMe,29,Berlin
EBfdBN2K,46,SF
ymcmHyiN,31,LA
8ZOXybYK,55,Berlin
l9tcPhDR,40,LA
UyU8Bd7b,63,NY
xYVTdthj,52,Berlin
14hgTjQv,38,LA
7QY5M69K,60,NY
3pC6snSu,46,London
td9X6Li1,48,Berlin
SQeyqEJ1,55,London
ftzkF0qH,48,SF
Zp9psqUO,27,Berlin
njxKISJg,22,LA
NzQWtx5U,63,NY
uJ9eUiJm,61,LA
eLMydOC1,36,Berlin
1k4D91IR,64,SF
E3HUQPr1,57,NY
UALNnNcN,69,Berlin
wFODOUch,63,SF
1DSuxOGe,41,LA
gnhs6yXm,60,NY
PxaQJjAA,65,London
oIXKe5vB,53,London
O7ak5FOQ,24,LA
3Q1ezhj8,52,LA
nV6uKwMD,19,NY
jt9lQ6Cz,57,NY
P9GEAqsm,47,London
DqhrXuxJ,56,Berlin
C9BTBNjf,61,London
Mkftf28e,66,SF
F2YEEf9V,42,NY
x8Y4BtNt,58,SF
C0I5H1Ko,23,LA
xPLgIJVo,47,SF
utyTsIdv,49,LA
RwVnjYZK,55,London
Zwynmyjt,28,LA
uHwlxiz0,58,Berlin
01qgh0xk,57,London
Mq9OpJoZ,46,NY
Y4W7LcL3,65,LA
J2SXJpIu,50,NY
fdBQXpKW,19,LA
Tn1FBclK,30,SF
Lrw4mo6h,57,NY
YBtWyiQd,23,Berlin
q8dhbI4J,37,Berlin
rv68En5N,52,LA
Y0aGd5fR,58,London
6GNb4r8i,28,London
lDLZVWaF,35,London
9E8tGGaM,29,London
NW2BBtRT,57,LA
jKggCBju,27,London
V85GPl3M,29,LA
9skZIgNV,31,NY
OLx5qi0E,46,LA
dyWdFaQk,26,SF
VY96nuoH,34,SF
Lt8QR7EI,20,London
Moa42D0B,53,Berlin
3uDdobVg,45,SF
a1gXxABJ,63,NY
LwvnYsEj,33,Berlin
sUFgoRp5,68,London
fPfMFTs4,59,Berlin
38Pppb8l,61,London
yyr6eH1q,22,NY
d6Pv8kY2,24,Berlin
Vr5aHttd,49,LA
xzYMiTUW,38,LA
uZpQE1ZY,20,NY
WlJyQV3T,65,London
dayOP2TZ,18,London
oPd5cW6n,40,London
P73w3eGR,18,SF
JUbQHxm4,69,Berlin
lA7Ei8oB,61,SF
E7AlvFKv,63,NY
wlz0x7pC,50,London
uCL14wec,30,SF
BkzGescF,20,NY
XNP2R09F,68,London
SzbiROwf,52,NY
q1ppMRlS,25,LA
ASiYrLPN,48,LA
wAvvrVmZ,61,SF
aXRC1r1e,51,London
lu7g5gAd,39,SF
kjKkl1UP,19,LA
8OZeVLd4,32,SF
EIYyk738,53,SF
zvO6k6K7,42,NY
LK12YKb7,44,SF
5FGwSFTE,41,NY
kmjIZpoV,19,London
2Of0QOOs,52,LA
7ZJRehgW,36,SF
7yJRTNUV,29,Berlin
oLeJrtQl,61,Berlin
wblLSjak,52,Berlin
YxuaoLzX,31,LA
T77i7Xp6,54,LA
oqez5gQ3,32,LA
AlfoJqaI,60,NY
CMXZ2CJa,53,NY
Qg7dqz8o,66,SF
Mlp2hvmr,38,Berlin
iy1bVsSn,38,Berlin
22UEtIvf,36,London
xLW95d3J,45,NY
7nVxr2hD,36,London
jAJuETiC,57,NY
qivMJGdX,64,LA
trhTw8DY,58,SF
OSppuZNC,66,Berlin
eD1yL1YK,47,SF
lJ6p4f6Z,37,Berlin
RgbM7zOE,42,London
zIdxDzX8,19,NY
jbJs8iJo,55,LA
wlCiA0lU,33,LA
HTG6yWmc,57,NY
8y6AnnWM,33,NY
9aK5RGFG,48,LA
RlGtBHWd,25,LA
cv75PK93,21,London
0aGnCBLL,23,SF
0yejLO7t,45,SF
afDSakQC,36,SF
oPsjT02l,62,NY
pvgvYiKr,61,LA
aMSU5wtX,25,London
QaUivqvU,65,NY
5UNUvW0S,33,LA
lIpXccwD,52,SF
w64hDOWd,51,London
DJWbLTQ8,32,NY
sCOO4Sk0,35,LA
uJXWVmJh,31,London
BR6rB6Tz,61,Berlin
YkkSWeVP,22,Berlin
eWeKcTCJ,65,London
gwOwNZyK,29,Berlin
XbjDeavx,25,SF
DsWB2smD,29,Berlin
nnEulzO4,53,Berlin
g6KVZ7fH,45,NY
3J5ADKGg,47,London
PZOJrzIl,57,Berlin
XkoRbtm4,37,NY
cmdTwODp,45,Berlin
rHuDQ8hk,47,LA
vIjUu8E1,45,LA
ugtiJ2iX,34,NY
ZvRRqIEc,19,NY
B7pLINqY,66,Berlin
w5SIMDKf,33,SF
8ZBJbYh9,25,LA
hWQYP2Zd,37,Berlin
LepwdgpW,44,NY
t5HbM2G5,26,LA
Bft7mpbC,39,Berlin
MZiYWEft,40,LA
EnCC9C6K,62,NY
HuhINYPi,19,LA
BaV71UI3,52,SF
5Esezk9r,39,London
xNGzyLbD,48,NY
fhBDurhs,39,LA
652Y9Iyl,51,Berlin
6YHypSBp,33,Berlin
5V2YMHf4,29,Berlin
0YmNFJMZ,56,Berlin
8NFSsylg,53,SF
Kdc3MTFn,23,NY
7kHvhxet,45,LA
leBhdUwN,19,SF
y74W7FnB,57,London
DO0pWUbX,25,NY
easq0re0,52,Berlin
F98cFM90,39,SF
7OCDC67Z,38,London
lVAakNyR,51,London
K9MFJLjB,51,LA
yO0uhgym,46,LA
iKvPc1XK,50,SF
QZ89pJU7,50,London
zJ9yL3cv,31,SF
3QlNttE3,34,SF
Pr5gpg7j,29,London
SJYtD1gN,43,London
cw8o2tCh,59,SF
VvcDBfiE,48,Berlin
tMpUWtLn,22,LA
08MFzdaN,25,SF
VdxXov4X,43,Berlin
hMu0vGPD,68,NY
Gu8IoaQ2,20,London
013zUAWz,33,London
PRQ3C02H,42,LA
TL0pVrBv,42,NY
d9XpWcx2,48,Berlin
9deLztLW,28,NY
ausLSab3,18,London
a3cVWzeA,62,Berlin
gdUbXDa9,33,NY
RymjG0GK,20,Berlin
6F1Z22pO,35,London
9uB6iZno,41,LA
RLQRnJxA,41,LA
I7UxaqME,48,NY
CSQzlDCZ,24,London
woiEAfQ6,55,NY
robMslG1,42,SF
ezNs64B2,21,Berlin
JFqgv9Bt,33,NY
jOIaD5SM,29,SF
hTjHkBp3,28,SF
XBeI0gA8,43,SF
UrhrBolg,65,LA
GAklY4GN,66,Berlin
AvpzpPGf,69,Berlin
Egh9XRJq,38,SF
VeV5fY1y,36,NY
gSZ5ng7H,69,SF
JqEZUIGr,56,London
gBhndEUG,64,London
VWsbnu5a,50,NY
E5vVJDzQ,34,London
lLqBU9gp,68,Berlin
24z7NUxQ,59,London
RlPfLBXS,32,NY
kPVGqZMO,54,LA
3zqXOwsp,18,NY
x2LMRm4f,36,SF
PGFc90ED,39,LA
OMiVnF24,50,NY
ikTSlHUm,63,LA
9xZUuqZX,37,Berlin
EsKA0ani,45,Berlin
seyEhGSy,48,SF
aXcpZuIW,33,NY
iHGvFLWk,45,NY
mt3upTGf,40,NY
ZdHYRALx,63,NY
N38gOycJ,63,SF
sZOQGUEJ,28,SF
fADOdJm6,56,SF
pgLQ9kyT,20,SF
0raEkrGt,21,London
umewxDFq,61,SF
z7QhvCyB,20,Berlin
cwORsg2L,44,SF
P48i97L6,44,Berlin
Syzl5PnB,49,LA
rJEtAcs9,52,Berlin
SFgHYe4T,46,SF
Je9x2ds8,57,SF
wOLaSv0b,31,LA
lonMxN3k,59,London
8MfkOt2X,37,NY
WDJgFjZf,18,LA
k1VtYfCO,60,NY
0WrbTz03,19,Berlin
yb3ck6fZ,44,Berlin
yoYBbofR,23,Berlin
xcmq4wuh,58,LA
diRhQQNF,29,NY
x7WgiaNy,50,Berlin
kVm5ePtm,39,LA
cfp8IRcT,61,SF
5a3PMZQA,50,London
KfHaxAoh,22,London
qaO0hITA,30,SF
PNmSrRMy,27,SF
QEqCzRAG,28,SF
hzuWoPfE,38,NY
MsYrwZ97,44,SF
a9LTiZeL,19,Berlin
P8HEgt43,21,Berlin
sizxIywT,32,LA
It8T3ZLi,53,SF
FnpMPt5w,53,Berlin
zWHTlfDa,28,NY
rLWFOH8e,53,LA
qumZsYeK,25,London
2Z2aP3JP,38,LA
5NMA9Wkd,69,LA
9kEWo70h,26,Berlin
PVJWToNP,64,SF
jhSB7Out,54,Berlin
rSvTJck7,20,LA
Zb6K7BSt,25,LA
zwDeIkQw,56,London
RdTjZtux,69,SF
CoIEZzl1,59,London
aGk4vVfd,64,LA
ASydQnBU,32,SF
QcDsw9vo,46,LA
pLO2kalh,65,SF
DhILlzf2,49,NY
3S91VYLO,50,Berlin
DlxIcO2U,59,Berlin
KCkjW2cu,54,London
V7Z4hwZQ,57,Berlin
TnMRd9Kh,58,LA
fK9EZLO0,39,Berlin
8wRwJjiC,66,LA
te5twfKF,30,London
3b0ccnUn,30,SF
vr2DQO3X,35,NY
HZ5JU2Hh,45,SF
nMi2wfg4,40,SF
C1QQDVs7,18,LA
IziAMmGR,69,SF
y1m20g78,64,SF
f0Fbd72W,62,London
PuHsShD7,30,LA
pBXR4GjX,51,LA
EENiP91e,61,London
LKWR5Ws2,57,LA
Z2EAy47V,35,London
3Mc9Cswq,19,LA
CKpADYJI,25,LA
0dTQtcWS,42,SF
KV0r35nl,56,NY
LeZCB0ZG,46,London
xpRoQ3cL,50,London
zG90m2Xg,31,LA
TEi9ktUx,46,SF
MR9H3WyM,18,Berlin
n5wBUhyh,48,NY
xjhiq2pE,30,Berlin
5xeCDSmn,19,SF
DxJMBxS3,65,London
PMUhs7EH,30,Berlin
5Bh3m6pU,45,NY
XGSrKYx9,20,NY
9g66XVpN,18,London
esD29D0P,61,NY
e89V0Lyz,56,SF
lms6RtJ2,24,NY
YhdVl2RI,34,SF
Tjjo5I8C,44,London
kGnEwGdQ,59,NY
W4qURYUB,34,London
XyhWzblH,22,London
ViTJq49e,67,LA
VWkTJCDC,64,LA
1SyzG2Pn,36,Berlin
ir9dZZI7,23,London
bZmCF5vx,23,SF
uBpkXxSt,24,London
p6UJeCL6,29,NY
xURrF4zg,35,LA
1hnXz7fB,54,Berlin
9bqEzAIb,28,SF
fzKAwhhm,35,Berlin
JTbW8GLo,53,LA
pabWI7Fc,39,SF
AMdRBvND,47,LA
xtbld6Fx,45,NY
WbD09L3D,56,NY
yFQvTW1G,40,London
NHr43UO9,27,SF
agn67bmV,42,Berlin
9shZtFz7,60,LA
KvCBTRo8,48,NY
xYSutshZ,19,London
FeaPrUAP,67,LA
oJ0Y5UpD,28,SF
0b01KEPC,29,SF
aTGWXLbf,57,London
sr4SmRKj,52,Berlin
zK7Qa6Tx,61,NY
otzIoVOm,40,LA
2z18TKtB,57,London
mWoBetKm,59,London
ICqz8mvy,65,NY
tCWWGaYz,63,Berlin
MhE77Ams,29,London
ZsLdxPDh,46,SF
4e1KvYJa,27,SF
Iw81wNQv,51,Berlin
hkhfB8IJ,48,LA
IcJr6oer,59,Berlin
6aDJOXjG,63,LA
qyZf1olb,33,LA
u03mkX1I,44,LA
hnBWf8ze,48,SF
WwAG0gyY,23,London
doiy7qVC,57,LA
VUONNBBE,35,SF
gQOcxGOX,68,SF
nQ8S3svw,50,NY
aXQBLnc5,60,SF
ludazw9a,46,Berlin
SUayVZbZ,58,London
D1jy9caw,23,LA
aUz1JZ8G,34,London
Fkuu94jg,59,London
3xmeoVWS,63,Berlin
z0sKLnnj,54,Berlin
lCr1ypb3,69,LA
C4qTSYS1,42,NY
QvPdyEAq,46,LA
aFLp7IR3,23,LA
sgZVtt5h,69,LA
AVQI3k7p,61,LA
9Erjsro2,29,NY
mjzQRyOC,28,SF
noy86wZc,35,SF
rzVWocM5,25,SF
8tBoezVq,18,Berlin
jnomYQhH,42,London
rs6kUwny,50,LA
xlhRzj6x,51,Berlin
MkDSWG2I,65,London
PjR4yGxL,53,London
eAXhMrXj,22,NY
lh4aDNvp,27,Berlin
riBluE2f,19,LA
zS3hCdff,20,London
1tHoeRKO,61,SF
ZqA2vjoT,61,NY
puaFfAKb,48,NY
AWXFhjVN,34,SF
7YKNobYs,27,SF
oJECrt02,69,NY
q6iO6x0W,69,Berlin
R5d2uEJc,61,NY
oBPRVCKS,46,LA
MbR9o8HD,69,NY
c3z7ExhQ,26,SF
3Oiq7fCF,37,NY
1pboMtK4,27,LA
LLxIKJ7V,58,SF
do3xqahM,65,SF
3u0afMy9,35,London
mt336x8O,61,NY
SnZB2UZC,49,SF
SHi4dP2Y,66,NY
bFVlF0ve,51,SF
ld1cpUuz,32,SF
P97itibd,29,Berlin
DX2vmz78,64,SF
KvKoHuGU,30,LA
hvtVCi3P,42,Berlin
VHJwo8HS,44,London
ys403Mly,32,Berlin
N2qkXUDs,33,Berlin
UlePfRHk,54,LA
rTlv6wcd,67,SF
O5plh6kH,67,LA
OhYw8d1O,21,SF
rRk7UXI6,67,London
UdEx8y6j,32,SF
u55aGN2L,37,LA
uShKFhvb,23,NY
9MBpvTBW,54,LA
NynwsgRU,62,SF
judtdE7Y,52,NY
O2cdleRn,31,London
FcSiSUJD,48,LA
2Zbeznhn,51,Berlin
3ak6fcip,66,SF
dd01KPRk,56,London
TNvo2C3s,44,SF
UaoXThcd,68,Berlin
YXd7oQnm,27,LA
Ou7vTlaw,65,NY
lFW9Wxzc,31,LA
BcoNkGgq,25,SF
NSYoL28h,47,LA
2IBZdIiS,34,NY
hraMMjio,48,Berlin
nP2etydf,42,SF
80E12XWP,66,LA
v8Ih7JmU,23,Berlin
3jkWuzPM,61,SF
PFd3VSBi,51,Berlin
AamnXnxw,31,LA
U5vGQKib,63,LA
2Vqt73If,55,London
56yRvM9S,52,London
Q4iiy5vW,38,LA
BlxyPZ8i,57,London
yw9cl1dL,38,LA
7yJSyj6d,57,London
WCCHP9JX,69,Berlin
SJI3RAvc,56,NY
whn86BoF,52,Berlin
9u1suAXs,56,SF
7Fi1HQo2,63,SF
cRa2FVYp,40,London
gQ4fjUai,63,LA
Q11qNii6,69,London
BAqv88w6,53,NY
ubmIIcjP,23,Berlin
EldJmGY7,24,Berlin
Powbtcon,56,NY
cza0PVQ7,60,LA
lEActBWF,58,SF
H3lB9U4D,53,London
JYm96UfI,20,Berlin
qsqFZWrs,32,SF
0GlLaASa,35,Berlin
D30bAnRI,50,London
4sD6MgEu,37,LA
FUBjxnzY,24,LA
4A2VSouW,31,NY
iJ4AH0l0,58,London
3i2ZH93q,60,SF
J7V3QwXS,36,NY
6Dpe4Qvv,40,NY
yylsfL11,47,NY
mV1snmdB,51,NY
KMUMSv12,31,London
5MhMBJCO,40,Berlin
bcqkFKLf,23,NY
WFXdTD2S,53,LA
Xelmef4k,30,London
40j1YfTG,39,London
ZIS7GUxK,60,LA
INT6x3ke,57,London
i20y9sNk,53,NY
ITERVE9u,41,LA
r5xadPzW,64,NY
o890bJeO,66,NY
Xb5eVKm9,50,London
RdhBHszN,42,Berlin
XRBDn4kB,65,LA
0YPKcABM,22,SF
PGM1tB2q,66,London
5nASqjIK,28,LA
vVHfXmmM,34,SF
oxuJ1A3Q,22,London
cPhdUYjM,38,NY
cjCb9uMn,28,Berlin
SlzlSLeZ,23,NY
EhC7pIho,45,LA
UmjrRu2t,51,NY
LRCZZusa,45,LA
mhzTLj8Z,55,London
ugca7Jh0,46,London
z6RvCbST,50,Berlin
4OO1tv43,66,LA
ayyjFnGw,42,LA
CeWRD2g2,18,SF
vOtV3rYD,28,Berlin
h0SSM4Ye,61,London
seqMhqq2,34,NY
45DqybIr,38,SF
p0DZl22Q,66,NY
sXfY6bAH,56,NY
gRr1OYHt,34,NY
Qx0xpUdJ,18,Berlin
V8jgYVQM,68,London
na6H6fI8,39,SF
eoCJUvJ8,36,NY
O9x2UwsT,54,Berlin
53YRK9bS,34,London
8YQPUfu6,55,London
267iNanw,25,London
UHV0VvQa,51,London
ZJUglSiq,57,LA
YBnrarwR,53,Berlin
R2Saqh4t,37,Berlin
FbV8Srpb,32,Berlin
5mnjr8BU,18,London
ZQRtEIhv,33,SF
h7W6In9m,65,LA
1EjvY6W6,31,NY
wRSKaV8P,38,SF
XMjPmAp9,42,Berlin
RKAhB0v4,21,NY
I9tVoxkQ,32,NY
D2CM4yKR,69,Berlin
vabjROPO,44,London
X8R8KKAS,69,LA
tDFjJfBu,57,SF
r9gLVCpy,19,NY
kXAN2iZG,46,Berlin
Ya7jWIWq,61,NY
PIh8yn1D,61,London
YjKA7Zwi,68,Berlin
ZA3wVtiv,39,London
IvOObde7,53,Berlin
kBKJnXKi,65,SF
ky5MaJyV,36,Berlin
gUIFAf5L,36,London
ZBTJUSED,55,London
jzN6L7gc,39,SF
2AqvfY2g,63,London
kmwM3rEJ,26,LA
18ZRgWYL,30,London
BFxjFdIB,56,Berlin
y6bkM4oK,48,SF
mW7DLWZT,58,London
FjF8h3Z8,58,SF
OMBJaEK4,20,NY
wC64hLX9,18,SF
kLWWceiK,62,London
rbaLtveH,39,LA
aTJrDGf9,50,SF
C1r84YCQ,34,LA
yZIR7Wyg,33,SF
5UGhtiPs,58,NY
05wEMag7,46,SF
2wwjlxdA,63,NY
7kfAXGTw,45,NY
B5vJgljp,58,SF
ku9EEUxK,67,London
gny1dpvl,62,LA
ry9cnGd4,39,NY
c7hvwR7A,21,SF
mDauKgWU,66,London
7UxTMsPx,62,London
zfXTMLIp,24,LA
QT7YT1Tx,38,LA
v6RMxhe5,44,London
F4GwH8o7,43,NY
SGrsYE12,46,SF
Zv3wRCT1,49,Berlin
eEOFvwop,18,Berlin
FDKIp8EZ,44,NY
zguG6ncT,32,London
SNpTycQX,44,SF
hK22yiWZ,61,LA
izN75biw,50,LA
Ovu6T5tX,46,LA
Vj1rGYmj,37,London
9BV07amL,69,SF
qYhOiGXE,39,LA
aOIZ8XQa,58,Berlin
eg3Kn98D,63,LA
axrlMR2l,67,London
i5JnKA3q,24,London
DOmztSdH,57,Berlin
ZFtLbEWG,57,London
WVJkXz1g,59,SF
K6fJK413,26,London
2hzxrESS,67,LA
u539U1YE,54,SF
1Sw0SoUU,68,Berlin
NSL6t2Oe,31,Berlin
qD2ZA0eh,22,LA
yYbXrQ6s,21,Berlin
D9qIwHoj,59,SF
9PhT3F6L,45,Berlin
erlIB4yj,51,LA
Koumm37j,42,SF
607xy51b,33,London
Ax773WcK,20,London
LMUaOeR3,64,London
ZZVYtwil,46,LA
wR1mO3qJ,24,London
cO4r3CyZ,28,LA
QcZ3TiBj,38,NY
YXAPwAcg,60,London
c2tpo8uf,29,Berlin
YN5m7FEA,29,SF
rj5Ktk1A,61,LA
pVhVsnTQ,44,NY
LjDir4vB,43,London
m6CMtbk9,55,LA
11TRSIWq,19,London
f4d0lzz8,43,NY
lPdDMWO1,45,London
aMXNdGwX,47,LA
WfpMjadI,32,Berlin
58k9XeD7,49,Berlin
VrYiHZlP,51,LA
OhG6e2dS,38,London
2BucHU4D,18,Berlin
WNt27Nu1,38,LA
FWcnMSs5,55,LA
zg6N5tOO,42,London
bJd79SBA,33,Berlin
cjB9FH35,61,LA
il9dcXDw,51,Berlin
zDi1K9Fx,56,NY
S5mVmq1p,43,Berlin
txYBbRw3,43,Berlin
LmVD9a75,43,NY
Jvd7lAoa,39,NY
k38sOwAt,41,LA
NGfEbtp5,25,Berlin
SmM9Y0Km,24,SF
CdFLtMMr,62,LA
YgJbXlCY,42,London
YQNOCvIh,56,Berlin
5lxmqhLk,36,London
hW8P6nuc,29,Berlin
IZcKqNBa,33,London
o5QA36xt,56,SF
DoNuzrBl,52,Berlin
gKIDTW6C,33,London
8QOrymwQ,19,LA
1l5QDEak,64,London
yWF8kHtc,58,London
oTFj8Jxy,26,SF
fgbQfgoF,42,NY
DeoHokjN,65,SF
qcko1LJV,49,NY
uWYAJ5or,22,SF
4pClRCxM,61,Berlin
oBt7PYwa,45,Berlin
NViXkMal,55,London
K8v8h8mX,56,LA
JcWRCaJP,42,LA
k3uzG8WJ,66,SF
wkjTEf7k,61,Berlin
ndcKIhzU,41,Berlin
rynvAWVt,51,London
cLORmK2i,57,NY
ebAWqa32,33,Berlin
GzhzmL8F,48,LA
fHdsNIo6,24,NY
qdB4LAOp,37,Berlin
mSp6zERi,21,LA
a3SJS9JF,69,Berlin
3WG0Txib,69,Berlin
WIhDCIDo,42,Berlin
mMjTKu0f,50,NY
P1d5MDPe,23,Berlin
0GGA7uSZ,31,LA
kLqaqlNR,47,London
2Nfg9WHU,45,London
cTyUB80E,28,Berlin
Vnf8eiOt,44,London
rwbLkoha,19,London
9z5ieSCW,55,London
roZ9ZedK,47,London
2Y9IOlpE,67,Berlin
e4pWuEOi,35,London
sAKRG0FC,22,London
aW2imZtv,53,NY
VTiIcgYc,40,Berlin
hgt11TmP,58,London
kp0lSCoP,28,Berlin
Z4sH0FJ4,42,London
UTvPGPI9,32,LA
j4d2p71T,50,SF
hI1QekVf,31,SF
B4gKASI9,49,LA
bqgEQLPl,53,Berlin
v4T3ITBC,37,London
8C0HfCGh,51,NY
yIHZuxby,47,London
NNuhAPhS,62,London
KVqJgeQF,50,LA
jC5ea17w,50,Berlin
M3QL1gcY,51,London
O18L2JUK,60,Berlin
2IHL3HKz,21,Berlin
IoVyAOvN,25,SF
mvduK4e3,69,Berlin
xgugB4Me,25,SF
hlZWr2lC,56,SF
FrP9rfoB,68,SF
JiF2xOd7,54,LA
nVMAa6Hk,55,SF
If9KOSI6,59,SF
otuRaD9g,22,LA
IktKtGNJ,63,Berlin
w3TRywH7,24,SF
lR83UXun,24,London
24BGKSwD,51,NY
dvX2CWZE,19,London
slYBY6Se,19,SF
MT44JQp3,45,SF
D9fK72Sb,22,Berlin
Z5RkV2vY,45,SF
YFcODys8,57,SF
UifgIhG9,54,SF
DvBFHiH4,42,LA
XsU8oC73,58,NY
absrqjaJ,43,NY
xAB7nezr,58,Berlin
eZMQ8MAN,30,London
qVOZJMmm,25,Berlin
x9mRzxt8,29,NY
5lgv4ehZ,40,Berlin
Y5ZgCyw6,21,SF
M1Q54A2X,55,SF
RqtagxDn,32,LA
3IvlwFsu,29,NY
OOaO8e4m,53,London
QbCIOAzv,31,SF
XOaclGBS,27,London
jlYcqFXq,25,Berlin
DEmGaVCt,58,SF
vFMOk3dj,50,NY
2kGVEUxv,34,LA
R7azTYae,65,NY
BC5lpe3v,53,London
wrGqdvNL,57,Berlin
YSskCxkn,33,London
P1H5se05,34,Berlin
DxpaIomZ,57,Berlin
PVSUSYCQ,41,London
ttyLwynk,55,NY
4jXYJpuj,32,SF
yTh2uhsY,37,NY
ExTetAYx,57,London
nwUdPcd3,32,LA
hrr31lB6,30,Berlin
ERR1N8fJ,28,LA
QfWBMuLO,53,LA
kOWIUeQ2,26,LA
EnX7TlFM,63,London
b5YKjcgX,18,NY
mo4weRaX,62,Berlin
sFJIHl5W,31,Berlin
u35ILuzY,61,London
MVGFQhPE,50,NY
i3sQgEIy,53,Berlin
PAKsQxYX,60,London
pc8Egutm,45,London
eiUMEFps,29,NY
4hafwwib,58,SF
puAbZoH9,18,NY
yM6xywBt,60,LA
LBuurL7E,19,SF
XnQuDbwP,38,Berlin
d2yqolMA,21,Berlin
5eZyHYmh,56,London
p2VRcbpD,49,NY
IY7MVwXp,60,LA
VigCHhql,22,London
mT5hneeF,65,London
7KRDuNUE,57,Berlin
HhJli4Yz,23,SF
UWKTV57o,45,LA
aklpGSyt,19,SF
eSAGLDT5,38,NY
YNDXeiIu,52,SF
Ex2UTM4c,37,Berlin
mIRHeeLJ,44,LA
e4azWJC0,69,SF
fX9b9T9Y,38,LA
bnriJuOx,37,SF
XwruBkRv,49,London
59P28Etj,26,London
sP1NEywp,27,SF
d2dlwkPI,38,Berlin
7KnJDjG1,26,Berlin
SJiBGgXt,54,Berlin
Bkf3IpRE,32,LA
vOpg8I67,27,London
lXqitMgR,21,SF
gUGvVWA8,48,LA
QGCANnS4,41,NY
US88MAdR,58,SF
98lnJTGv,47,NY
gVReqKfi,61,Berlin
cKkzJ0yt,40,SF
Shrc0qHT,57,NY
M32iCgX9,32,Berlin
TWeHt2Ey,25,LA
D32rmrvu,23,London
q34e3uEj,28,SF
oEGfJzrp,24,Berlin
TpcfMHRa,30,London
LIj7mDWz,29,LA
md9Zicwi,65,NY
db9kybZF,39,Berlin
6BuFITq1,60,London
hFKyuzC3,52,London
FtedPuN7,33,London
FWQFfQEu,55,LA
2ZOnkLsI,39,NY
2SQGcSK3,41,Berlin
mx9BG8Q8,34,SF
WwP0lPNP,20,London
S4OZGNOA,66,LA
VNZ5meUI,64,SF
jRsE0yIo,22,Berlin
WxNhVlsN,26,Berlin
ZNMlT6or,61,SF
6KPCKc9v,52,LA
WNf2Z6lW,49,LA
P2Sez0Na,27,London
UypSbcBN,65,LA
zCpr8lbG,23,Berlin
ya17Lum0,67,Berlin
lmExheng,49,Berlin
LQ2epiuD,33,LA
lvqE6621,31,LA
BYHgb2sz,23,Berlin
TrjX8Ikw,25,LA
fWnY9Rh5,31,London
k0G9EiEp,47,SF
biKtl2jb,44,SF
OnLfGSmc,30,London
4sJEVaX6,49,London
W9nQfYQ4,30,NY
igMcMuvu,53,NY
nzb89h3v,37,SF
sfJ9fa4E,31,NY
UojrFuqV,47,London
mPjfNecy,46,NY
RjO5nSFS,38,SF
Hsnmk5Z6,57,NY
wEKCJjey,41,London
hXxJgjnD,55,NY
WMOPzBYe,19,London
fBtjoVAg,43,London
AXOtWlX0,23,NY
k7gey5OJ,53,Berlin
3xoi5KTH,49,NY
UrWYOKGv,29,SF
09dLb99Y,68,Berlin
LsISGHTw,53,London
mkzahJLR,58,Berlin
Em9Zo5bj,58,SF
rYUa6AYa,61,London
899ZGgQA,58,Berlin
bgrjkiE4,48,London
1Uz8JQcn,65,SF
2BMl7QL0,30,NY
YbaUe1xV,50,SF
F87YgDey,58,SF
0xGAfUiM,66,LA
UJ09CCIc,61,LA
gpEES4E2,67,London
kmlhyl3r,24,London
978szU46,33,NY
8mj3oyW4,33,SF
NhXe1pXq,68,NY
xCiQeiYW,54,LA
jaPshUCY,34,NY
M6xTA4mc,62,London
5YQ3ZDe1,24,SF
ogrJGlsK,58,SF
HKaOyEWa,45,SF
hdHhzp7J,67,London
hBrpCVei,67,SF
SELl4B5b,38,Berlin
oY5IIBPi,55,LA
OxcCKCxE,24,LA
IE7GbAqj,67,LA
YpI5Evud,33,LA
7bMObhMb,69,Berlin
5YZ7CoiL,23,London
wcA4wucs,52,LA
U17vKahU,35,London
rBgVB5EL,55,LA
3iQrKpG7,37,LA
CcMZKG4b,43,SF
XAnwsn3U,24,Berlin
dUmMTiHv,33,NY
e7IJZXU9,64,SF
IuEzlMX4,49,LA
aCNnqFhA,50,LA
SFrkrBCa,35,LA
tYlpSMDr,57,LA
IGcLpbuO,42,LA
BzX2X2Yp,39,Berlin
bwhStuON,44,Berlin
43FMYBne,50,London
bYyaprtT,67,Berlin
NRCCWaXV,32,LA
Y1FN3Knq,26,LA
w4lIBpex,29,London
qvTBCo0r,61,London
SmYYK4R0,30,LA
AuIb7EFc,36,NY
yIcPwJmG,37,NY
941R4Azu,68,London
QOnrwdoi,18,SF
pLL8tpI1,59,SF
rBBy4zZC,64,SF
WNTx7WhA,33,NY
ucQYBSMq,67,Berlin
Wt5ddOnl,19,NY
QRSJH9BM,53,LA
s82OkJ7C,68,SF
8S7ivjxw,49,SF
je4t7Zvf,61,SF
HFfPEjlD,53,Berlin
mKrOF0sm,52,London
ZavoVNJH,55,London
9shTst7n,58,NY
hfnbrU7l,69,London
R3qwwpJp,36,LA
x3NZBqdo,58,Berlin
bQtCcoHw,52,Berlin
nu49xtY3,19,SF
6X1LxJti,36,Berlin
NNPVMlmw,27,LA
RGkWvMb6,21,LA
d9MeB1Za,29,SF
5opLXeWC,60,London
Q3RJpiQ1,55,SF
yPSz260T,48,Berlin
ZL0dAac3,21,NY
uKLekjWH,55,NY
BYqDYK1N,18,SF
TsIJS5K7,35,London
9OK95fmr,49,London
Qzpvqysa,59,London
PYLcd0wP,45,London
zBh9p09B,24,Berlin
WT5QK2CP,21,Berlin
PWDDNtu1,65,Berlin
Ucj2zFNd,63,SF
tXCZnU0l,67,London
d8E7x0jY,20,SF
LaqFvc8B,37,NY
TkCLGufZ,30,London
MeihUkEp,63,London
NrBgXnfl,38,LA
GoEWwqB5,38,LA
b3mUkl7W,59,NY
JLZ2wJ0w,18,Berlin
pCRB8ZUD,42,SF
H8NJknAf,56,NY
MrgjEP1b,64,NY
R986cqB6,41,London
57A5HFov,39,NY
KDtl8GqY,68,SF
oAjtH55n,33,London
Fg1iFATb,35,London
2Tis9wgH,38,London
H37NKdWX,34,NY
G1jBtEl0,43,Berlin
bgBSP2kt,30,LA
REsOoXRV,18,SF
pgqvBiZV,58,Berlin
bRl3Mpfl,43,London
2x3MKX9D,43,SF
FcV13qVr,63,SF
L3D9gJ4u,33,LA
Z5X4gAfI,67,NY
dKHcUXEj,38,SF
L21L5clU,40,LA
u8Jhpg9U,25,Berlin
Gl7eqKv8,64,London
MYNLVZPI,69,Berlin
Z8OCLfpB,36,Berlin
UZVjKT8k,56,SF
BePKdBli,39,London
DToVclJh,58,London
aLZeZV8r,59,SF
JatsbZxQ,28,Berlin
pfHCKucF,36,LA
Emc5CzDt,66,Berlin
i4yu4idq,51,SF
CVh4wbZL,23,London
xUEKjJf4,53,NY
WIC71HeB,54,London
4k9mZJWP,41,London
N5plo8a3,46,London
BLJ4xWnX,41,LA
5i9sevYc,58,Berlin
rObEXBuK,36,LA
KmALWWgr,65,NY
zT8PzSd4,37,SF
ZXSryTkA,56,NY
fQ3Ps9cu,41,SF
99Mfbxum,25,Berlin
2CrMIBd8,49,LA
VhwbXqhQ,63,NY
pOk5Hunu,22,NY
tubkVUOt,64,LA
XRT3TyKd,24,SF
RJXzbFM5,35,LA
cBXEswPi,26,Berlin
8GliEXmS,68,LA
q4cAxm9i,58,NY
1XJFhnIN,48,LA
I1K6byTM,44,LA
K952VPWF,69,Berlin
lmck0BvA,21,London
J7TzWBX7,62,LA
p6hwfPdj,63,London
UovVsIKB,67,Berlin
RwXqCmgf,65,London
yQkLZkTN,19,LA
sCRB6NcV,31,LA
ulZQEV8X,59,London
hdNsqkcX,24,NY
U0WunyxW,58,London
b3qfqRiw,52,SF
VFb9bD71,35,LA
WTZcyk9L,18,LA
SjaTKEmj,61,LA
hnIh9bUW,64,Berlin
A3X4hI2e,62,NY
nE0JBqtb,55,Berlin
I09FRYcf,48,Berlin
bKv53wgJ,36,SF
vGi3cjk2,29,Berlin
lURaBDUx,43,SF
U1yQXz9r,22,SF
Rmd7feVT,49,London
Dv7qD38a,34,Berlin
FLftC34X,29,London
l214LUIy,25,SF
MKSuTHeA,38,London
unWKCwT0,33,Berlin
W369vaUT,28,LA
tEwUSEg2,40,LA
CDN1oAIp,28,NY
mH17KTdm,31,LA
L2MH6R7b,24,SF
HxTcYP7J,49,LA
CqXEXCSF,29,Berlin
NkbiZg4x,61,NY
mBnix1GQ,52,Berlin
DYEoiJ3F,60,SF
hv6UxEgQ,42,NY
g5mxYiDi,51,NY
9QhPxZNV,20,Berlin
cj9xqmJt,64,NY
UuPuEfpV,56,SF
8okk8U5e,62,LA
GpVuuMVo,35,SF
h6GFzles,38,London
Xmg6Se85,49,NY
QkMvMGwI,68,London
y21QxJw2,43,Berlin
aCIFJ0yz,34,SF
N3vtyRwj,43,LA
pfLRccsV,21,SF
MCbC4trf,52,Berlin
hTSvvPlL,32,Berlin
sXljEagT,52,Berlin
V1Dik43B,57,Berlin
miwEYWt3,42,Berlin
v7k36D87,25,NY
NdDZyv8M,24,LA
VM2iK4gv,45,Berlin
8mFVUqzA,37,NY
3OCOSWwm,54,LA
C2xptuO0,28,LA
G2e0QOUX,67,London
Kns4tI4y,40,NY
MSMDQPd0,53,NY
FijTLIlf,59,London
fMcyhYKg,69,LA
nYQuMSEJ,26,SF
A8jnb8Iv,29,London
AEIM7dHH,64,NY
daZYZkbW,51,NY
dGXltPyJ,48,LA
KPtvSqbe,26,NY
O6EqU7cF,31,LA
6Yahd6WK,31,NY
t8USiAmw,69,LA
JLcMI5yn,58,LA
889aGiow,55,SF
oMcF9D8I,34,London
xuqVGO0C,51,London
Mey6bgVH,63,Berlin
p6UI8fj5,32,London
e4jCfpUR,38,NY
F9dhtNi4,61,London
vWzVzgoE,27,LA
hlsdjDS3,37,LA
uerPKyVw,35,Berlin
n8i8SZ1A,27,NY
dSxSHDM0,19,NY
WCsnzj7m,29,LA
TYOwdSEq,45,Berlin
B4IBXdOF,23,NY
hVOZkVzp,57,London
Cy2dG2zm,54,SF
bv3hYM7S,23,SF
9MKQUCpW,49,LA
InkVYQvr,45,London
ynj72lPb,53,NY
BmPIdtgL,36,LA
CCXmYpTQ,36,Berlin
QnFYJvJC,30,Berlin
h6ibS3Ez,21,Berlin
kGv1oXyX,61,Berlin
OrlodbDv,55,SF
4YdEd9df,67,London
xRmdHyFh,18,SF
WuqDcHip,22,NY
SraS3q70,38,Berlin
MrEQGXH7,66,LA
qprLxw21,66,London
UDB8k56U,26,London
Ehfo0VBL,30,LA
hkbUBU1g,39,Berlin
G0hqwNC1,33,NY
vtsPKI3Q,25,Berlin
X1aI6IlJ,56,London
TllLIAcX,59,NY
wBvdMQlT,55,LA
WRys51Lv,56,London
ZU5zMSYf,41,NY
wMii21wb,29,Berlin
wy46eBij,40,LA
FoqQ1gxh,66,Berlin
MshZevpH,55,LA
fjRpsXHG,63,London
lY1gCUJP,62,London
Cu9lgYcx,38,LA
mknThsv2,44,NY
vigq0yZR,54,SF
uJXQeAVR,62,London
LRdyfgv9,41,London
RMhwz8u7,68,Berlin
OvUBtbdd,26,LA
AQEikQLs,64,London
dXHfie0p,58,Berlin
FNLcKmgs,37,SF
hNMSyNtu,50,Berlin
zU5HSrDu,48,LA
5hEZzGtV,29,London
DZDPgOZR,38,LA
bXY9QemV,31,NY
pFtEmw45,49,Berlin
NM0eOJtt,66,SF
CvWbRXxC,27,SF
MR2CK6VF,46,LA
pz8tQleM,52,LA
yd4amQMq,53,LA
m7XrYia1,47,SF
sfREBanS,18,Berlin
uKlcb4YS,47,LA
PQeLVQEP,37,Berlin
9hQMidk1,41,LA
RQ4j0xo9,26,LA
wBO6gAG1,47,SF
kC9j1B47,67,SF
peCZctUO,34,Berlin
A93t2Gwh,39,LA
MDvqRzmP,28,Berlin
KHdP0kBx,35,London
0Gw3fIX0,57,SF
08RhyhGd,50,SF
fBvq9iXL,28,NY
fOEE4NQ5,40,SF
E3u9dfHO,22,LA
2GTHPdDb,30,NY
BdJ3vpDe,26,London
c9DAG9gP,60,Berlin
3QlU1HoN,55,LA
JErQR10A,59,NY
pD0zHx3S,38,NY
t2g1J0mh,60,London
ivNzYscO,28,Berlin
v05DyK7y,43,LA
LrqAmY97,60,NY
5Dea4W2b,29,SF
k8E2RMD6,20,NY
qz4oZwXB,68,London
GgBnlAHQ,41,Berlin
xZt5qTDE,24,Berlin
RZjwrjFM,37,LA
snHV0Nam,38,London
zaj88SYY,49,LA
3e7UlgDM,46,London
5WB1O0fZ,31,London
I3fYw5SJ,69,LA
YkP6sSWa,58,LA
SIfZqSPD,23,Berlin
LsfGycxz,49,LA
Dw31mIfx,35,NY
DjwUUDsh,54,SF
mFwXBnqn,28,SF
IKi6GuMT,58,NY
hIB4Eksa,21,NY
QIzAHMNb,41,LA
WgXxoFvN,57,NY
RYXppwJD,30,LA
oe6IUuaT,23,Berlin
82n1noZ2,34,London
xpATQXFj,44,Berlin
cacNcvgv,43,SF
gxbH7K7F,64,SF
CdiiUx2R,26,LA
apCE8g1q,52,NY
5dQZ3W11,41,NY
1OIYcAds,51,SF
LnYMxYuF,45,NY
uL9KxOwC,52,SF
ngys38d6,21,NY
qCfMfnbT,40,Berlin
NK5b3gyH,28,SF
ELUiWaNM,49,London
nZLaPzkv,30,LA
gNRyfBDw,63,LA
W7TbrO8u,26,LA
DvPM0moP,38,London
DQAk6YgK,31,NY
xRaUuwy5,20,LA
LY4tAC9v,36,SF
AIfJ5YlX,52,Berlin
Hi7rX5kw,25,Berlin
mjvgBe7t,46,Berlin
r2U5IMPd,39,SF
mZ5QvF7Z,43,Berlin
fwRIovBo,28,LA
a366WC6u,27,NY
4s31jdcW,47,LA
UoaZRTt2,44,Berlin
FYLMty2p,30,LA
gynnV3ZV,50,London
nYbn1ezp,36,London
cOTlLzT4,44,Berlin
9geBwa2w,61,Berlin
w6M7yBa1,55,London
W5R4YvOp,46,LA
1MczU5Rp,27,London
1ylaTtNJ,55,SF
RdLFVm0F,44,SF
5UdTzEpc,48,LA
niQZReqH,49,London
DLN74mfs,36,LA
qbfrAVO2,33,LA
35eTZ4PE,61,SF
gffYSUKw,19,SF
cAgRSS9B,50,LA
EeeFotOJ,59,LA
QRl2v0rL,33,London
PHI3R6TG,23,SF
dhsHOrRp,28,SF
G4hm1iKz,44,SF
qmxkuy6U,69,LA
isn9IhOH,53,Berlin
cCjGUIZs,34,London
fCfaxXKb,59,NY
eNcwOwFi,64,SF
3iqJuLdE,32,SF
9rsqiTNS,30,Berlin
fgEtheR5,37,LA
UrGj7wjo,42,Berlin
0SkusObs,65,NY
kHVdV2BM,59,SF
2kYmuIEc,18,SF
880zIV9b,35,LA
SE8xmx0O,43,LA
UnMLKqe7,51,LA
8Q6S7sO1,34,NY
1Azsz0hD,22,LA
NRBMBVYr,28,LA
qsWnDrPl,62,NY
0rNrmUAl,33,London
okTBjA0p,32,Berlin
z4hkiTir,28,NY
WNi8DAxI,50,Berlin
1Z9oBO9L,40,London
ZQQQ9uwr,21,London
Myql6I1t,56,SF
baeCgFtm,68,London
8ECsEgcG,69,SF
yHJT5835,68,SF
9485KJvO,47,London
UVVLr6VM,52,Berlin
RSL4zdm5,43,NY
ynV3FEks,31,LA
F2Bv0bKA,20,London
Rz2TyeEW,68,London
AGqlY81t,31,LA
3qxhRdbA,51,LA
kjCO7CTI,30,LA
DunBm9MB,54,LA
hPpXkKd2,66,London
Ml3NFv0U,51,NY
w6LAeokn,49,LA
4qv6taI9,29,Berlin
2hndpKBL,39,LA
N0SwiGbV,51,LA
8Zy6uZBp,35,London
Q1dsmpiP,56,London
bBcohjbV,64,Berlin
Oaa84SJj,47,LA
8001AIYo,35,SF
bWZ9GwLl,39,LA
cfNMZzBh,19,SF
87XJbj5R,35,SF
ZQD82rDj,61,NY
r7TKyJhG,50,NY
ZYnzpYZg,22,London
RfoYNhPi,34,LA
fKAsDVxi,30,LA
bsImIdCQ,59,LA
GDNKuU5w,44,LA
xpvvrV2N,47,London
MxaG1dRx,30,SF
AOQ7c3BQ,38,SF
zYBfqPWQ,46,NY
VvlC4mWB,37,NY
frs1mkEt,19,NY
37W3UpJJ,33,NY
9IyiMKMO,21,NY
VoSH8WhS,30,SF
xT5xqYNG,60,Berlin
bpdeCOEv,63,London
UfMVOKHH,26,LA
TYcTRrQr,52,LA
J3xTpRkL,41,LA
6czQoSS8,23,Berlin
oZKDqYEV,21,NY
7VyABVno,34,London
aDREiFZ6,65,Berlin
OreZBWLP,58,NY
r7FZVmcO,26,NY
Xej1yryf,69,SF
7ri5mT0M,68,Berlin
RHB50XpA,33,NY
mH6GtDwR,55,Berlin
NobXX4Lx,63,Berlin
h1mqoy4O,69,Berlin
6v8se37a,42,SF
n23TscID,34,SF
uE94tNgw,55,London
qNMXMMTH,49,NY
QsO9rLDc,69,NY
maqO2BCg,60,LA
arkCFKSx,19,SF
H6p7a61d,65,London
3js6QeP7,41,LA
TdFCwrbq,35,NY
XkDmjyor,22,London
l7uGArhJ,61,NY
VBG2Fy5W,68,NY
LyzhReYx,63,SF
qc6sCAM7,36,Berlin
tLhpzqkD,63,Berlin
2QhKmmNz,46,NY
FYxYHh8p,37,LA
2YBedypz,33,SF
RExy6z5W,28,LA
4sWQUB7x,47,Berlin
YzKj2asZ,66,NY
K96Z1uNo,20,Berlin
lwP31Fje,61,NY
rEirf6Y6,41,LA
9IvJ7WhC,50,London
SKl7SQg2,43,LA
QEwcpkhU,55,SF
qNhFlsAu,44,SF
6WOrrldY,54,London
QZ96kOS5,62,LA
Kf5RXcqk,23,London
LdJZtHMo,60,London
g6Z09RHS,21,Berlin
DZL6iWCK,52,LA
tMoFVOVm,59,London
hJAQxSyv,35,Berlin
3qBU3JzT,59,Berlin
IC2yQGp8,68,SF
UqhWwfGr,44,NY
QBHT97YQ,69,SF
zRj57XNJ,42,LA
956IEfW5,28,LA
m6ORLQ5G,59,SF
FnLNNrNZ,33,Berlin
8jSnTfPZ,55,LA
thRA54sL,58,NY
deTiymNj,49,SF
TZt0F8IZ,65,LA
CqLWm0E2,26,LA
8XBrAxlL,41,NY
YD46c2it,43,Berlin
1oWAsxhm,18,SF
oPUb37vZ,47,SF
tFlTHK3D,23,LA
cZ9aDIj1,26,LA
Uu6bewuH,27,LA
ckRLQRHv,37,SF
YX6SbHuG,59,LA
sYRpCrOL,29,SF
bSB8x5Iz,26,SF
km6GVXZi,52,London
UG9aC5UG,61,London
rcmPNKZz,34,NY
feGkVxXy,62,NY
q1dKAnbP,61,LA
hVxJ9foy,18,LA
SwYPf8H2,25,London
A79DKj5z,40,Berlin
U56DhX2Z,50,Berlin
RpSxpYBL,50,SF
rFNMfOL6,54,LA
O2HNnp2X,52,London
xsblNxFT,31,LA
J5MdjtfM,30,LA
Vp0lABDg,45,LA
OwwA5Add,18,NY
Y1qcd6p5,56,LA
0OEVDytp,50,London
lFjNkDi3,28,London
UDUYyL78,35,SF
cDk4Qt2P,52,Berlin
sYUKQRvb,18,Berlin
ww8WO1O5,65,LA
1a6CoYd9,32,London
UIQUHli9,44,NY
jJLJCL5A,57,SF
7Qwt1Hbk,18,SF
F11GwJ0J,48,London
13cqP3q5,56,LA
n9n3Z0hW,48,SF
V8m88ftj,26,Berlin
ZellOOJs,62,LA
YXqgeRTQ,68,LA
KHiMAU5c,59,London
O2kLzEK1,37,NY
VZ9zyN8T,50,NY
1Zo0gy97,19,LA
UdJ7BPP0,36,London
Yt3TUSDP,65,SF
deJZMUL2,42,Berlin
OLQiVY4f,49,LA
9Hfd2iD4,40,LA
qbI6OQp8,48,LA
JMQM3ayb,58,LA
QGFqSqa0,64,Berlin
0YLzjtsJ,24,SF
YAl6N55i,49,London
NmvVvhs8,36,SF
SFWVffGg,23,SF
7e6xpzsp,55,London
l0LTQEjE,49,SF
WrjZmBrT,41,Berlin
iVIL3VPf,27,London
5qtompCR,68,LA
r1qlTHng,31,SF
OqvzLtXv,25,LA
a90MiecJ,39,LA
pxlsQa0I,20,LA
44BIvTNo,18,Berlin
7dykQ7uB,42,SF
4NHYcU7e,20,NY
gSz5oNQZ,54,NY
26CyQeWB,55,LA
H959gHKm,35,London
eQiDO5y0,44,London
XckzQ1Jw,37,Berlin
j9XfBNLc,20,SF
6hWl60vI,24,Berlin
cQATDXwt,62,SF
g1R2rhAc,28,NY
5h5yXyQc,64,London
qCvFj0Zo,50,LA
e0CkFkfW,23,LA
bxBuam2u,64,SF
lkhAvvHl,51,SF
c35s5hFA,59,NY
dbCGWLUm,18,London
QN5iVEzV,64,NY
k6G3A5mx,29,SF
fdzSKQgo,63,SF
E6ldidtF,64,London
gfQZ6MYS,32,London
zZZ4cpWH,66,SF
UQypeMLh,41,LA
rSIROdk9,68,London
Z6ofevu2,39,London
HlWeMghx,20,London
1DbJG0KW,31,Berlin
H3YEFqhh,44,LA
SYxDQ74Z,47,SF
inEFIE9G,49,SF
vfd2HDJR,65,Berlin
Us28thZU,38,LA
n1ScSCnW,31,Berlin
thCesZ6k,51,Berlin
W8LWYh0W,25,NY
gwK2LXUv,50,Berlin
jpACt6Cy,30,NY
pPi3W4Ua,25,NY
BbNhronr,37,Berlin
QvSWxQrD,18,London
JbNnwCUS,42,London
0b0iLjUS,37,London
uPCuTZjy,59,Berlin
K1QFEOZp,50,LA
O67c7sD4,69,SF
IGVGan4O,40,London
9nyzgBGD,39,NY
j9yvdHHQ,27,London
jXj6zmO5,51,Berlin
tIgZQUlp,57,LA
D4P1tgJZ,45,NY
WIxThCSi,64,London
JS1SKFPa,27,Berlin
3NhVOtfM,51,London
4KzohXFi,56,London
EY3qj7II,39,London
FYpn9Id8,39,LA
8SAgGXni,48,SF
NABOidXW,38,London
q2W0RMaO,26,SF
qgDZMceX,31,London
DsBjVkiB,46,NY
BWFRSHm8,20,LA
A2424m5J,65,LA
e7DEQplb,49,NY
5IrNHOEo,68,Berlin
b7FpcrkT,44,LA
TeXUAtv6,27,London
432e3NHt,18,SF
veCd80mp,56,NY
J63Ll9dr,30,Berlin
x6VErwsA,48,London
kvQipHhM,29,LA
ighWhvwp,43,Berlin
xlKkbvep,35,NY
YmWL9gfG,36,London
XKRqRAf5,19,Berlin
Yy3Ma2Wc,53,Berlin
mm7FUqq7,45,London
3NhVC8sG,37,LA
PRTmJqyZ,18,LA
yW5Hh0ll,59,NY
ADsnEhnY,18,SF
HbAGqNK6,26,LA
qp9evTRc,65,LA
tNEzUY57,25,NY
Bwnb0H5o,42,Berlin
sI1GzP2F,29,Berlin
ufVTSSWG,21,Berlin
6rAkBvcc,23,LA
LxMyhsVu,66,SF
enxVXdmf,46,NY
FRetLFPz,48,London
ISpryXC5,58,Berlin
0TnUrrZb,28,SF
waLRUeAZ,68,NY
a9dAnA9g,40,London
samfjVUv,63,Berlin
P67JnX8W,43,London
F9dSdSKO,35,London
klJrvGUo,50,London
5Su3iIfU,51,NY
npEf9Foq,60,LA
uRFfQzj8,62,LA
2IHMM8SW,57,NY
Qb1RQCxC,45,SF
yhxc3uKW,65,SF
vil9FsFn,36,LA
uUa7qNaz,19,London
JcyqYnaA,57,NY
gWe8rXHL,60,NY
TPcktlwy,60,Berlin
ySieQgm3,26,NY
Eaxm48rZ,34,Berlin
XMSAZZ0O,53,London
8vlq8Ub0,38,LA
VVsXanCw,56,LA
9DzT5al9,35,NY
x2o79m0m,29,SF
QKVBJY2s,67,NY
NXSwhdMT,56,NY
5fefL70C,55,London
KoKdF6dP,25,London
ZN50Qqrs,41,NY
WZmtUliA,39,NY
6H4jzzGX,44,LA
41OZYckM,33,LA
Ak2aaePh,58,Berlin
cDJMzXrR,30,Berlin
1tqH3Kkh,56,London
dyfNAHRk,60,SF
w4LRa5ES,50,SF
1RBmNshI,25,Berlin
C3L8bnvI,54,LA
zBBmfrjM,65,Berlin
yzHnhf3q,48,NY
PNCzd8s4,54,NY
8OMrzqAz,52,Berlin
F2YlJdjS,55,SF
IdG6CIU1,60,London
FWzzSlO7,26,SF
zx24rN6x,61,SF
MfODnii5,54,LA
CAYThrto,56,London
MYuM6Hbo,62,SF
XMQOLLaL,63,London
ZrrfMHz7,31,SF
0c3pxguH,42,NY
ucij49wH,18,London
feSFNGiR,64,London
oAQ9lfrk,20,LA
OSs83Mtr,28,SF
lPrC984y,28,NY
rf7i10Fh,42,NY
FE2AoIO7,54,NY
tJ5X1KQ9,66,SF
tng2DGmP,39,NY
e6ytAfJM,65,NY
APmOF7L9,68,LA
IrN0508S,59,NY
R31XqFbo,38,London
AlOUtt6V,46,London
NYaCvx98,68,NY
43lgVyLM,43,SF
qpv2k8Kv,44,SF
Qgg1tkEN,30,Berlin
NrqquwcK,38,London
SPSJ8PG3,66,LA
1jjl7kdu,69,LA
G8rDVG0O,18,LA
vHrSBVLz,28,London
QAkML01m,51,LA
MfnkhqBl,24,SF
Ey3cRy5p,19,London
cAfd8skv,25,LA
rghi7sgV,46,NY
Yt7InZ0J,18,Berlin
dcad3l8V,52,NY
98fQ32J2,25,London
S14e2Qfp,47,SF
V9w9d1KY,37,NY
dVGgiF2u,20,LA
27O5DfZZ,65,NY
h0ZlkZxb,21,NY
x1J1GOgY,44,SF
d0hmsjzf,56,SF
CJqTiGwH,29,LA
y5QN1vkx,26,London
TUEApqQT,42,NY
GAWV37MP,34,London
KSUZaCz7,43,SF
W4n6MjBf,24,London
jf3xixrd,49,Berlin
82pVxM1Q,18,LA
Vn1lzy3K,43,NY
8FdMW4XC,38,SF
jKhS0cZ9,46,NY
m0zXoVH9,58,NY
Lf4UVxo1,28,SF
zlgaoX9L,24,LA
IGWWpvZW,68,NY
Bu3yk14Q,65,Berlin
cbhoFbCU,51,LA
INyYuR0v,43,SF
pFz5ovCM,56,NY
JM71zvbA,52,SF
o2cWZ5Xh,28,London
qWFBWJBD,26,LA
pAKKqcgb,54,LA
cwUwjk6E,63,NY
AA0isCnI,25,LA
rbLSf7Pl,41,LA
qgnMsSOw,55,NY
Zlj2kemu,62,LA
UgqDY8iB,53,LA
MYG1SvXl,58,Berlin
h4utUoE4,67,NY
demqiQx1,51,Berlin
YLTpTyzp,41,NY
WPs91ycS,34,Berlin
dIW4pmBP,30,NY
f9V1MzAY,69,Berlin
ImXg4fV8,19,LA
EeTRtQnm,57,London
5Osw95N4,43,Berlin
PJbyHamW,65,LA
ymCWqpSD,28,SF
44CaBsPk,54,London
Mr4onLi6,54,LA
G5AvDq76,48,SF
pdvli5TZ,50,NY
T8HsL49U,32,London
vgIRQpMN,55,Berlin
ogxaXjWF,31,LA
961YXjqY,25,London
5jYjY4kY,61,NY
051t2nIQ,60,SF
g6WYVv5q,25,Berlin
VP2atSCC,25,Berlin
VuhTsA9x,57,NY
spxmr8In,19,NY
eq4orZKk,50,NY
PBadLnOV,65,London
31JV1tSz,43,LA
wEHteKHs,53,NY
eLUVZr2k,54,London
oXSE2fAy,52,LA
WJ3CDPCi,58,SF
Tv7UAo9z,48,London
NYw7Nrd9,69,LA
HxWKIDJR,69,Berlin
5Nod2IVN,63,London
rrTUaylB,49,Berlin
vugxgmPf,52,LA
ATods75z,64,SF
V3UkC3Vr,26,NY
Lq3TqkWQ,66,Berlin
66HTdHud,59,SF
5uGNT4jM,52,NY
5GMWLPsy,57,NY
FXcXEKGD,20,NY
q7B04y3Z,40,NY
yIDGIzqg,63,London
WubEjDJ2,22,NY
OxZ0Vn56,33,SF
f33qa3B6,21,SF
c37emoRm,55,London
ZFWDGib7,51,London
pjfKmvOk,35,LA
Lb8EvEu2,42,London
oyBGHeQf,62,NY
knaSG5xw,67,NY
uTH8uw77,60,SF
tnqFzf18,25,Berlin
iFJzOic9,32,London
NLhVDfyo,49,LA
Ts2bDrjI,33,Berlin
anr0Itxy,26,Berlin
SusJW8jG,41,SF
j8tHryMn,49,NY
MetNnOSN,33,London
hayehcOU,51,SF
hmsAc3nk,27,Berlin
jiuXh8AS,40,NY
2mNtWvIi,33,NY
1k61rsZU,64,LA
Yw8VABcM,61,SF
RS2ZZVf6,21,London
uJOFZINl,64,LA
WLkoxB23,41,Berlin
vTwkKBo7,20,SF
eGT7UhHq,31,Berlin
NxqWnv18,63,Berlin
7Tut4pmZ,45,Berlin
PZIqomUg,58,SF
v19fnrCT,19,NY
DxBqzjk0,57,NY
JvVxSJkh,20,NY
BkmVChIF,47,Berlin
9OwIXCEI,22,NY
jVLRyyt2,32,NY
Gl3N89oI,20,LA
0CxI9ziG,67,SF
6oe71O6q,43,NY
uPFsEdz0,63,SF
cfWGgX9p,40,Berlin
gW1jahdb,32,Berlin
SG2JnoPY,33,NY
tkvU4ecu,26,NY
9Z3Oiv46,65,NY
vfJj8cwr,23,LA
tXcghVuh,28,Berlin
SXte43tr,30,SF
RseW1RpT,22,SF
b1ehbGB4,58,NY
OynuMWYJ,41,SF
O3WEf9MY,50,Berlin
4fAX2yxX,31,SF
tG98kb0z,62,London
FwwrNqLM,62,SF
cFRnEERY,18,LA
e3RYGQro,46,NY
aFbXuVN6,24,NY
hEqdqSfu,32,SF
Z45danCv,39,LA
QFAbJXUX,18,London
XIRiNKpW,34,Berlin
LEFEgnE3,34,Berlin
nglaC8MF,31,NY
yCyeCgtu,35,NY
jboRZ6U3,58,SF
nbPlDAmu,41,London
AJvibN9y,34,NY
csWecL2l,37,London
Do9PhQOl,38,NY
1lVNhEuV,59,SF
V5LZIAVe,69,NY
IThFLf9Z,55,LA
fByB94S5,19,LA
DEnzgpOd,68,Berlin
LPEqTQlI,28,London
aYlXAdsR,62,Berlin
dHu77pTk,59,NY
QpzoE0Ef,59,LA
W1pjbcCq,42,SF
vLjGa1H2,43,London
17JBMHok,56,NY
OcukWzPx,52,London
VuPpaNM8,21,Berlin
BK5PVYCS,40,SF
DQF1jcXA,50,LA
Ff9AY09s,62,LA
WoUVUr4O,69,SF
x75OLEJ4,48,NY
uijJLIHH,26,LA
lKfK9J1d,48,Berlin
X7Bq4Vl3,56,NY
FyGHaFsZ,26,Berlin
448DZoxp,42,LA
4UY9P9en,38,SF
sAWeGg2c,27,NY
8fzG0cS9,34,London
jYW4T4CM,68,Berlin
2iBm5OAz,60,SF
2LufFfFy,35,LA
2CGvt7AM,41,LA
rFlBXsXO,55,SF
ZAJQNstQ,29,Berlin
PBDyvmfP,28,London
59DWaySr,24,LA
YyW98jNE,31,NY
YHHhQMyX,53,LA
sFUQN1LR,36,London
hpcVehZK,63,SF
zcifzUYq,49,London
sueFYiyf,24,SF
PiAUx4VC,44,Berlin
wx2LEgXo,54,NY
0D2O2tvn,40,NY
74zhOGQq,61,NY
mDskOXmr,52,LA
ueOwEKaf,65,NY
Dlq6nkv1,55,SF
imq65VMF,42,NY
z1EM59Q3,22,NY
T8kQIsgd,34,SF
HV8RbMvM,41,NY
wNnWxSxg,64,NY
UhyU2SEu,42,London
KHM8K7wP,30,SF
bd79npBk,54,London
ncWmFPP5,49,London
eI8YbLuE,23,NY
aZkIZGSh,60,LA
Wgg3ahAm,37,NY
L6CsJrBO,40,SF
fznKS7ix,27,London
oTeMX5OZ,26,SF
nWBikIdx,52,SF
y2noJE1C,51,London
t8VTM4qn,42,LA
tsOWQgZ9,34,SF
pH1i5HGI,42,LA
VsqjeRGu,53,Berlin
L64Ip7WA,29,LA
dMNgTu0v,69,SF
0VdnTFYO,68,NY
zMKnPspA,18,NY
VbhIg6iV,43,NY
JVwJxmZr,39,NY
uLUhkVP1,55,London
KgnO3abZ,61,LA
3v7kvmzG,29,NY
iEqokQND,59,NY
TkYOgMti,69,NY
QApRX9u8,52,London
ysJAkT02,62,London
y1tnc7Yh,46,London
DYKjMK6H,30,Berlin
SMVHCb3U,19,NY
9gGuP5Rc,39,Berlin
BA2JWTj9,22,NY
ae5JUA5C,19,Berlin
f7sHwgAy,20,LA
tOuwuGPp,46,NY
vBYex0gb,34,London
pmv0BBGs,30,London
rwwdXUOR,40,SF
NXGqJaCF,19,LA
67i3BdVs,42,Berlin
yzZ5W7SO,47,London
SPKwab3v,24,NY
5TfeoUew,34,London
gRKv1xHP,22,LA
tU4A4TAP,55,London
fcoqzQ8F,42,NY
797uHgZo,19,LA
6z83fQeF,28,Berlin
mE5eA5SX,65,LA
oDITVFDb,20,LA
9MCeaNk1,30,NY
WqfPWX9U,61,Berlin
nVM1gYuS,37,Berlin
Jjf18GRr,58,London
k2YiWjXt,41,SF
RXSjNqgg,19,LA
m4OPQAxK,44,Berlin
NDiQt6jZ,43,SF
ujP8aWub,52,LA
H5msEbEv,24,London
DYDxdH55,41,Berlin
HzIrfWP4,62,SF
8dwE6JO2,62,LA
Up7xgoef,32,London
VrQRUnTi,32,Berlin
ailGaGH8,61,SF
E5gpj9s9,41,NY
JcaqK4jc,60,SF
UhhkZ0Xy,18,NY
t9ozlJhl,34,London
FszHGzHQ,66,SF
RFX4yfus,40,Berlin
o8YnoImT,53,NY
pKSUEsbA,61,London
YKomJsVb,66,NY
zauL1Zma,36,Berlin
VqORPvnd,38,LA
gH6uvqlt,68,NY
WJpg5SdS,47,NY
PWZIYCqi,56,Berlin
picLb9xT,32,London
UgDviYpQ,48,SF
ybZK0XOf,26,LA
1jez9r2G,61,Berlin
5l2GiLsm,35,LA
HaYUBseW,38,LA
lAk52Eyb,45,Berlin
7soS3CmW,66,LA
DfB0I9Ji,68,NY
Nyfkorol,67,LA
72CXxl7M,18,LA
t8KHijuK,31,London
Vu8ZmXhe,18,London
YqwmBqXk,24,Berlin
r1p562Bt,34,London
EI3MvdhC,27,LA
bzWbTqhI,65,London
0daNjB4i,64,Berlin
X1c1ihDs,30,SF
LkJSBGOG,35,Berlin
RvMppUnH,21,Berlin
8NYB8Sjx,47,Berlin
w0tVCZtx,35,SF
WhDSnVoN,33,NY
9bxiPcJP,66,NY
wCXAQv6g,55,Berlin
KF2rdnhP,25,NY
AfqfEln1,62,LA
VSqFFJHq,27,SF
PxYcHyZb,29,London
aMjQgw8F,52,London
qPmkz2TO,44,London
CDNtoU7q,20,NY
yFbtTCH3,44,NY
5mDa6y7L,67,London
XMYglS4y,20,LA
j9XIQvFg,50,LA
2VQdSyhz,34,LA
TkXUpFHQ,48,Berlin
NMi4SMaC,68,London
MWgL9zPM,49,LA
5b9bcTaJ,34,London
Dpo1zbmF,27,SF
HIx8sGo1,32,LA
S70wHpfM,62,SF
9y7v27l7,23,Berlin
GjvJ8EZI,25,London
3SLnyucE,47,Berlin
iaZ9z4MH,29,LA
G16FgLhE,48,London
RtmcqLF7,59,Berlin
wXkXGeB1,46,NY
xgQ40TCS,59,London
bEBtd5PH,53,LA
6kp417kZ,34,SF
Sk4ZUgJZ,32,London
u1pc6Psz,27,London
IY4WFz46,24,NY
MPCrpLhc,25,London
pg6TaXv5,67,SF
sGr0X7R0,33,London
ot6zc7Dp,60,NY
JsnhXKSO,19,Berlin
54rVEL08,56,London
m3VndIR6,60,NY
ZPYEkvSi,45,LA
8CCMlBAi,68,Berlin
CMJmGGEi,29,Berlin
T2gq9opU,67,LA
jqJ8Jx4q,33,NY
3PKhqHLU,62,SF
J2bC88bO,54,LA
ZkX24syh,26,LA
mBUIb4zK,60,London
vYkzpXnN,33,London
FLuO3cKu,24,SF
RlC7bS06,23,NY
mnycWWQx,67,NY
RwP3RQDh,51,Berlin
3R5V4DAE,56,NY
jnRhiTbZ,40,Berlin
NlbNJBCO,63,Berlin
jMXChLIb,63,LA
tLxqeiIe,33,NY
c4ikymVP,27,London
njhVteUc,54,SF
s4XIwfuh,43,NY
ar8AvCy1,22,NY
cMLACHiQ,57,Berlin
efF6qlES,20,NY
zW7tQCMv,18,NY
JMiO0Il9,55,NY
GD7eSW3j,68,Berlin
dg6IeP4l,25,LA
3KVJHFtA,33,SF
eQabdtWd,31,NY
uqYFGyf7,59,NY
UMbvVDtT,20,NY
EZDzqjBG,31,London
l2k05rYp,54,NY
kF99mjaB,18,SF
XJCpYq6o,62,London
6rgmzoMS,65,London
XqchZS6t,40,NY
5K5v8NRq,52,London
qLFQlaP2,60,SF
hgmLXagv,25,LA
GBizt6vj,25,LA
vbmMySFV,69,NY
ISOgSVUC,46,Berlin
GaNDuem1,25,SF
c4oycMoV,19,LA
MnKBOzXd,56,Berlin
oHTVQKFA,21,SF
Cu7gA5yi,59,LA
08ZFDk1J,55,SF
sGfWDCFH,50,NY
B5FFHgYm,46,NY
VBVa8ayG,24,London
i31EqplE,35,NY
K7jrqc16,38,London
c3J6jpYZ,53,NY
sXRxCB0J,32,London
gIu8fbsN,26,London
II2sGbB3,58,SF
rLK0ZCRi,45,LA
Eg4nbJXh,22,Berlin
TN5udjNx,44,SF
h3LY3w7u,59,London
RGF7RG7I,69,London
c17qfQq2,47,London
iecSGYvO,67,London
Q79eDSnk,67,SF
seBakLXU,25,NY
6y0spkA7,55,Berlin
3ajZdGGn,20,SF
ELLjKJiw,68,NY
a3Bju6zr,38,London
pBTfN9wP,36,LA
SGkdpCG3,52,Berlin
X0lrYVqF,23,NY
ZzRovuFR,29,NY
4n4ME265,39,London
4LrTmV8E,38,LA
RgbtubUw,54,Berlin
pwqFhla2,20,NY
CLNUvxa2,30,Berlin
EJptbhcR,34,London
9Cf6h8WG,49,London
FaxMbpQX,27,LA
GadkFUGa,62,Berlin
1upRDRML,34,Berlin
tpCDrAoU,63,London
35sDnhu1,58,LA
vxa1QsxK,34,LA
rIXOR3Xb,44,SF
CpkfcXSa,33,SF
39HfWDdi,23,LA
oMhQnoOm,26,SF
6Rji91xs,59,Berlin
ZJMwKECD,43,NY
GE9Q8JTz,51,SF
v2RIs0gs,53,LA
9WmxNdZ5,31,NY
wQrTiSAb,64,London
jCGqJA5e,49,Berlin
0Ujdnyeq,41,NY
D3VFMY4X,27,London
IhYv8gSL,21,SF
dQlevSxE,44,London
rUe8qd5F,23,NY
J7Zwd3kz,59,LA
q3YkdGK0,57,Berlin
wPQNLbQX,37,Berlin
8mg4X48X,31,NY
N18TJzCK,26,Berlin
cgx1faZb,62,LA
FCH4m2c3,35,NY
RSVhwA4R,57,NY
vhg3tfS1,36,London
XhPtRyPX,66,LA
snpkw64p,27,SF
IeYjB0ix,44,London
F5lxdVya,49,LA
DXFdaS98,20,SF
4kgw0BNf,46,NY
fwwCANL2,40,Berlin
oC9Pk0dp,25,NY
aHGrOGBX,24,NY
n30cyI0p,54,SF
pry7zErl,56,LA
ODvsINFo,44,SF
Kc17RXlr,46,NY
9XYve9kd,66,Berlin
bEpBOv1t,60,LA
LBpmwSnb,22,NY
gQPFEHq7,51,London
Z9ufoKWI,65,Berlin
2pw3auPG,29,SF
fUATkGBH,43,NY
681LTkYD,35,SF
Lvu3zgLo,41,SF
bk6n4tub,46,LA
OutVm2a5,20,London
izFeKQRe,50,NY
GLDoIWYx,52,NY
PHEh6L4o,42,LA
8s8dGdLL,36,London
GC30azHI,55,Berlin
EsExkJTv,67,Berlin
KbUWFChz,40,Berlin
00rFIKjs,54,SF
0e1updWH,53,Berlin
oe847T2R,53,SF
4H5T0zSz,49,London
hnOgGSCg,41,SF
7rTAQgf8,47,LA
BAKDQJxm,54,London
bJ2Sjlpe,69,NY
6lLsdxmW,41,NY
wHCRCp6l,37,NY
iVsWU7lv,19,NY
fmYlWglQ,65,London
FYlpSzVl,25,SF
nuYv3fKH,69,LA
ae3MG28l,39,Berlin
UpcdnFaX,31,LA
gXD56NYe,42,SF
ZziQKU3l,68,SF
RuRx53I6,36,NY
0UDD6Yml,24,NY
L3Z2oayn,27,SF
IZ7VxRBr,60,London
h1vAAbEn,52,Berlin
wNpbM0Ej,24,Berlin
F4FvWyS9,36,LA
9Z2GVmGt,42,NY
lUzbTloC,52,NY
NUqUbej3,60,LA
l5zTxBDv,18,LA
Q19O6wcL,67,LA
3v3PNGat,57,Berlin
VTRSpAHS,19,SF
YlVPIGez,25,LA
pOOJizpb,34,LA
MZk96azV,55,SF
8iO7dutH,23,London
VG87eXkn,33,Berlin
H0dnlJjb,30,SF
5lxxQgAS,55,London
EMZRWE78,47,NY
CDinlUgN,48,London
0O0tKsUK,54,Berlin
cA4lDKmW,23,NY
oL0bnLe2,35,NY
uhNIiLQO,52,Berlin
uVaZ60cs,38,LA
t042tS7G,33,NY
V4DgaodY,28,SF
rROI0Rg7,63,London
Sd6gRX8v,67,NY
2rFAT6zm,67,London
ggt2k2dC,48,SF
gtysoy7z,20,NY
NbxVlWWL,21,London
23HUvuEY,33,NY
tpGQhmWf,37,NY
tRvF2LLX,50,London
74JQsJH9,57,London
Tbe387Ms,38,Berlin
DU9cMS7e,62,London
aVsyuSfP,20,London
ISHSOjuo,48,Berlin
dYgXewhv,48,NY
djwIF2vD,26,SF
40tmgod8,62,NY
lDVYMn7I,20,SF
oK6JoHZR,51,London
WpfZ7wF8,59,LA
eRQzr8u3,40,London
4QT0wBJj,60,NY
FZ18enIV,43,Berlin
SSPjGl48,55,Berlin
MxtWcuRX,28,London
gxzE9zwN,47,SF
fWxP7Chr,25,NY
MLEI6qgA,50,SF
zZmVfK9I,47,London
3b5PJ917,67,Berlin
TnyuZRNd,53,LA
45RNT1NU,57,LA
7qjVFHQF,47,NY
ufkddfHI,27,NY
tqvM9HpV,24,Berlin
x9U8QUwr,38,NY
Meywy6wM,55,NY
NsaUUpZz,27,London
kT21g6cj,56,LA
pR5svsbm,42,LA
ubuB5Lju,39,Berlin
6jBYvytq,25,SF
h0P9cr4i,69,LA
X6iMaYFj,34,LA
a09pJceR,46,Berlin
QbAA4xTt,28,Berlin
vkRUiKcn,34,Berlin
adgAb1vG,51,SF
SpGVKrav,54,NY
ncJqQiBx,29,NY
Ip0qe6Wq,39,SF
D8394VmN,37,NY
GIxqP1lB,37,London
7kr5Jkd0,26,SF
KnCVjGMa,42,SF
3WdsQYVq,24,NY
hrTlKk1u,43,London
jz8icMvd,39,London
1YnleWUG,65,London
AVWZh6mX,64,Berlin
KZst4tzI,31,Berlin
74Jyu5Hm,57,London
lFL9VOCc,63,London
27XqtZdz,19,London
M7XsIEk1,65,LA
zflGlOUr,62,Berlin
W58Q9RBe,20,NY
Okm4oa9S,51,LA
wx3KmTFB,42,NY
ls4PBV65,56,Berlin
O5WN3Fnb,24,SF
eCsyT2IM,22,LA
SG0SPNoW,43,NY
9lXz1RXD,51,NY
JsdChZBZ,39,SF
Terp3Yl7,59,LA
ddtit7sG,52,London
KOkpyQhY,30,LA
vh36q3Lv,38,SF
fmmdBqlV,45,LA
OoKiTdZC,24,Berlin
Q3nLQFW5,55,SF
NM94q9ti,51,London
ndnBglIS,32,SF
73jLo3cb,53,SF
qvmJrZhl,64,Berlin
b5dwhS5e,52,SF
8LsGJVUP,56,SF
9kKNCHeM,62,London
Ro9abWE5,47,LA
X8LSN03x,20,SF
mSQN8V1C,33,LA
M9DM6qNX,68,SF
XkdHRfaP,67,Berlin
nYQk5SpZ,25,Berlin
e3sDXAY8,32,London
KPKY4paw,20,NY
UzduYzXR,47,LA
blilTStu,54,SF
cCwzY6Qq,59,LA
NnamrJzw,27,SF
5EzVORA2,32,LA
HYaQqo8q,51,London
lAd8KxX7,21,LA
CeKkATpp,44,Berlin
fWcJu7Rd,38,London
dUOA4ifG,27,NY
8M2CPTfx,28,London
2X2UsTuC,28,SF
gTTttkz3,18,LA
Ut7IlPXY,61,NY
YfWgxlNz,49,SF
vsrju7Fy,59,NY
2pnCD1Nv,26,SF
spryrFRA,54,Berlin
aJrrJYTL,66,SF
vi2pas8l,61,LA
DcCdIIH1,68,LA
u3Oh4sX7,33,NY
VfIipSCQ,67,SF
YQMl3srA,49,NY
9ZCaI0hf,53,Berlin
pxBUltNd,24,LA
fy1dTYXT,18,SF
WqZO1q9R,53,SF
n7rMVp2V,61,SF
npHySj4S,23,SF
fx5Ya1uz,60,London
vGnXJ5LR,20,SF
XPjQmpIw,50,SF
kSW9qCNv,36,NY
AOhVhxeU,18,NY
wQe8gFgi,23,NY
podNkvU4,65,NY
hHp0trrW,44,Berlin
8gluxfEZ,53,Berlin
D11MjMCX,50,SF
ZB8KsWDQ,42,Berlin
uxxBBB0I,58,SF
RDOp8m5v,63,Berlin
xvj0WVEc,34,NY
oLffMzZv,51,SF
HCuxaiYi,50,LA
eYypXrTQ,22,London
uq92SCaA,50,London
djoNoBQB,36,Berlin
arEqy11j,61,LA
c6UI96BK,40,SF
IH1ZjsmU,55,NY
WuJBjq6Q,23,Berlin
wmubSoFv,20,London
GxsSHJCB,25,SF
IUkiOQZe,64,Berlin
W3Yj7UV1,35,SF
Lx1Gaeat,60,SF
rCFRktct,69,SF
4d9bRRwj,21,Berlin
3OXBgU44,53,SF
L2VfpltK,46,NY
47q1VKgb,42,London
zX44VtFU,67,London
NRQxyktZ,54,Berlin
rYfg74M5,24,London
gDCgEf9G,22,London
EMY8OFsM,23,NY
MTd0vPKY,56,Berlin
GIgAPR8z,45,SF
GHWqobtb,60,NY
uWPPVF8g,27,LA
72BgPneH,27,LA
Og5lSezH,45,SF
xkqThjnp,43,LA
fORx5UJj,60,Berlin
Nvz5FAsc,26,LA
XvIHfvs3,19,SF
hOJN9OL7,69,SF
GuxdKzdb,37,Berlin
WucK3Vkv,38,London
uoxXascO,59,Berlin
Ys87rQEw,26,NY
fbRquy4p,68,LA
zkxRH4pz,29,London
mmh8yL6C,19,London
lvLEGCdN,21,LA
BMPW9Kxu,69,London
TmoJ18Oi,36,NY
hGDIZ0gx,64,Berlin
3wxzT5lg,25,Berlin
fNpDpXqO,45,SF
B8Cn5S0B,43,LA
a7I2pg77,55,LA
m02mxv3Z,49,SF
AqAXiQDL,45,SF
8gjDPsmS,59,NY
A6KaYiEK,56,NY
4TS1I1g9,65,Berlin
DbRAQDGd,53,LA
SFVaFljG,61,SF
jFWN2FOR,65,NY
dSIwk4r1,67,NY
BrB9FHjt,67,SF
zS8OQ8mT,58,LA
kA49k7Th,20,London
xRzwEIli,63,London
4WHsRNZe,25,SF
CDLlQzgq,64,Berlin
HFRI3hRV,35,LA
ETAaZZYp,29,NY
b6z8n14u,67,NY
qG7LLM6R,33,SF
5L0WxzjR,21,SF
lcPzaHj8,39,SF
j6lFNr1d,23,NY
NwdQMkMF,34,NY
IjlRENQJ,61,LA
MN5BkQRu,39,NY
uS6jsN83,54,LA
vvr5V4LM,31,SF
B43p9Y5c,59,LA
IRolszcH,40,Berlin
MZRtIidQ,36,NY
SOPViU26,57,LA
Oyp9yhYy,38,London
P8KyDm59,35,London
qQSdYKMO,37,London
VhTzP0F9,41,London
JEp2wLTl,49,Berlin
XnsS0oC1,61,NY
Y91lHzfG,32,Berlin
9lbtHdET,61,London
SVjDzCpq,48,Berlin
5yHTLOqQ,30,London
EyM478e8,24,NY
86ihlm04,42,NY
8JjFMb7j,69,Berlin
mIv4sNLH,66,London
sfHLXW3D,59,LA
V07lWQPS,34,Berlin
ilm2qFHd,46,Berlin
OqNDDjoJ,63,NY
W7IfPFgy,40,NY
UO8Vk5CG,69,London
FLplLGWK,54,LA
HoacQHFP,38,NY
x9qINKZj,56,LA
Ob8YriRV,46,London
fYzdQwOV,45,Berlin
GNBeC0wE,36,NY
l4OaSUOq,45,London
1PyQzXII,38,LA
0zINFVKU,35,LA
ohzVIJEp,51,SF
QBLeALLW,21,LA
O8c4KQqW,33,LA
i1IYRgSL,64,SF
fVUt00G7,19,NY
BHniLQLC,50,SF
Rvv6RsFw,41,Berlin
ClEqYMh7,55,NY
GLnpapEo,37,LA
LYcdczqm,42,SF
70POvhSA,29,LA
nqvf3BQM,58,SF
rU1ZZ271,45,Berlin
tagY9xzU,69,Berlin
s57si49D,27,NY
uKetI4mR,18,London
lMAimrvZ,37,LA
79EHQHtt,62,LA
IEZGnfmz,55,SF
aoidu6JE,59,SF
9M42v2XD,29,SF
bQUAJtWu,23,Berlin
JjG5Jgjx,21,London
auhUWnzr,66,Berlin
JLXfev1Z,33,London
VCBarnYf,24,LA
rQis3bwO,67,LA
yEsiZilp,59,SF
Bo4tAmlW,22,LA
9Qbxucm4,26,SF
t7SXxiQi,36,London
rlKOnkHJ,40,SF
o867Vx5w,26,SF
t3kqtln8,50,NY
N5M4vxBS,55,London
PYIkaixz,69,Berlin
ZxeOe72Y,59,LA
A4QG19oP,66,LA
8fgmLOXY,39,Berlin
HSAea1ee,39,NY
8DlIgFNB,46,LA
ThCkZRfw,54,SF
CQpmLkwV,25,SF
NW9JCKq7,51,Berlin
lgw175jw,22,LA
GfLAik7s,62,Berlin
sHVMn5oE,51,Berlin
AVZxvCLL,45,London
h0dlpNXL,18,SF
dWS97xH7,19,SF
KsV0K9mK,67,LA
DVWpU10C,18,NY
U0AMY9LQ,54,LA
dERDWWRP,53,NY
rbgjQ3w4,28,London
NZWkf7DW,68,NY
7klfM0yl,56,SF
dX511NAv,21,Berlin
Vm2LuOB2,18,Berlin
zxawwQys,57,London
8K184tiT,30,SF
uOhYVgLN,33,LA
HRmqi8Ii,40,LA
aYEa8dS8,68,LA
QqxfoQos,54,NY
MtJItOKO,18,Berlin
iLi1G00i,46,NY
6DLnjm3c,66,SF
OCl124Z6,27,London
C40DYTbj,34,SF
Li1r5Blj,25,Berlin
FHqaxbgh,63,LA
VwHfFFok,64,Berlin
J25d8o0B,33,SF
4EFCXAF7,47,NY
sxKjleUH,53,Berlin
sPF25wkD,54,NY
VXM6cLs5,35,Berlin
B7Ix0zl1,34,NY
l9Eh4SMt,64,SF
IFc0SOmT,40,Berlin
wVOC9qR0,28,SF
5bFX3YaU,64,NY
rllwMxKo,69,LA
JG7diHFo,48,Berlin
1JAgZ48P,51,NY
aEqB3p5J,61,London
iE9IEDlK,57,LA
YpAwxzqZ,62,NY
3ISfy3nS,29,London
fL1pnko2,31,SF
PEbdAvDv,37,Berlin
rc6R0ODk,18,London
chJwRiHp,31,Berlin
xKMjhviU,31,NY
KPH6QjHa,66,SF
xSzJoNcm,55,NY
17f1tCtL,38,SF
TqYpVq8N,66,NY
lpfHeM5K,61,LA
7ug4wOAd,49,SF
17ddWYZ9,49,London
ZwyuPEsf,24,Berlin
Eer916XT,29,NY
06KUmktN,30,NY
0ofiXshH,55,Berlin
cdwKdId6,46,London
qO1gjbc0,39,NY
8Lw8BGdy,58,SF
wMvP74xc,31,LA
sq9NgTkG,60,LA
UqdiSTdc,64,London
SFJ1qaKA,30,LA
L3lcEuiz,65,Berlin
ueL5Fsg4,22,Berlin
Uo6ySE9u,66,LA
vc6KfG2t,31,NY
bttTl5Jr,57,SF
gfdRlei4,20,NY
KdwPnKJY,19,LA
y0a2NnLK,33,Berlin
7vAZQSmz,57,SF
3Mb5qDvS,19,Berlin
z6MY5BVS,18,NY
IYwC4eJQ,45,Berlin
2vcgFJNE,29,LA
t32JLMWd,59,SF
xa3GB0Xn,24,SF
C4ytaoWN,54,LA
4ez04lW6,25,SF
XKBPXKrS,28,LA
8vYJy7lZ,26,NY
X1Eo3RFR,49,SF
pMU3I4pC,45,NY
uxhcLvQx,55,London
GnC4kGZ1,18,SF
yFF732Rn,45,NY
HpEYIQUx,46,London
gTMFeLaG,22,SF
8gWq4nBF,36,SF
eH6Q9Nqh,18,Berlin
Y7DtwW0T,53,London
hlJP4Qw8,35,NY
jk8esrA8,65,London
r0kGKfFu,52,LA
0sV8O0Um,19,LA
n6CrInHu,66,NY
4c6LBtuz,33,Berlin
p0oGU7W6,39,Berlin
Cbo0LJkF,40,LA
vtPdPE5R,39,Berlin
N66VTxRq,68,Berlin
QGXttsrs,27,SF
qieZGmWu,69,London
xYgSZHJH,42,SF
VDEr0zJS,30,London
lD3VCmC0,50,LA
PErXbILh,66,SF
uMM7si1O,40,NY
0y9Qv3Dc,49,NY
kU5s8VAP,43,SF
SAHLxks3,36,London
80H7YoNg,22,LA
mxwlUtIM,54,London
fyIm4B2V,33,London
jMNYz6Ue,62,SF
4B3HEhrO,56,London
fmQDMDJe,30,LA
UAv4emPM,46,SF
IE0WDjzn,45,London
0n8tV906,58,Berlin
q9BlSaOA,57,Berlin
YztJx0Hr,55,LA
WWASTzuk,27,SF
dx685JqX,54,London
xw4jm8bb,35,Berlin
Unyg7Mpd,69,London
JA2rejvX,23,London
T5LSbHDr,50,London
pUzaaEQo,61,London
72wOfXXA,55,London
QUd7aXSN,45,SF
yzCavgZR,33,NY
Wv9g82PN,44,LA
jPA3pAGC,25,London
bUEJMimQ,43,NY
o3yo1ejh,61,NY
4OOO1EsG,55,SF
yqvrAUfm,38,Berlin
vaAfCMtY,63,London
iKmoKA4X,50,Berlin
393RxuZQ,45,London
62wLFJnd,68,SF
rmc3G51G,48,Berlin
0tBteAhQ,24,London
AauiRMid,27,LA
TgDSc4Vm,53,LA
EVLIbdgU,60,Berlin
NaKnXd9D,64,LA
80IHjKD4,61,LA
5tIZgrt7,28,SF
ciVXrxZe,38,NY
KQ4bzbas,41,London
tQQQ0XoE,57,Berlin
MlBZ4WQM,31,LA
EECLkCMC,49,Berlin
3chrYHRk,61,Berlin
A4JMxBur,34,NY
gq967toY,35,Berlin
W9LD0fhO,21,SF
czIPzVxv,69,SF
A0JaTqGr,54,London
nWNiN9KB,46,NY
jKihVqpZ,61,NY
U7MR52QS,59,SF
Oo1Pxadc,33,LA
BbJxPqCL,59,NY
Cf6XHQF2,36,NY
fTIfqs4s,64,LA
K0JfrCzT,47,NY
7vAdruFK,23,LA
QyJ5B2Mk,64,Berlin
BDpJPeS1,36,NY
NjbSQAY3,63,LA
J9rFUbnf,37,LA
gHUJL3mK,27,SF
ZUNBMRUx,62,London
NVJQ9Wus,37,LA
9QjzfOE1,26,SF
pHpYbfhe,40,SF
peMZtxze,56,SF
n4E9NBpo,20,London
UipyNxwm,44,London
nY0gRw4e,38,Berlin
fsFnpBg5,28,London
9dJmb7kL,35,London
SSXS305I,52,LA
zyytt5eT,61,London
rNYDhdAn,50,NY
6nkFBoU5,53,London
yx2fcJq6,69,LA
HrSSZRXr,52,Berlin
0BdWL8aL,61,Berlin
csMcQg44,34,London
p5Ay73i6,32,London
dbTUeBNu,35,Berlin
tx8JvJCr,69,SF
XXlDblds,44,LA
FULIwrhc,33,London
NrjFmcaO,40,NY
Q5WFc6WJ,48,Berlin
oNgl5Ycm,62,LA
2b4J7LgD,54,LA
GaCNT7c8,64,SF
4eNboEkL,37,Berlin
xWV3UOhM,50,LA
kVeXjtuW,27,LA
h4deLely,67,LA
wexOV5ta,68,NY
rJNFxujU,23,NY
GbSMM3nC,19,Berlin
DJAEaTHB,40,LA
3DKl0A8a,49,SF
0G5ZqQXz,38,LA
QrGUT65f,59,Berlin
AAwvPLU2,53,LA
Bgf7vyOB,18,Berlin
bKeGGKYW,62,SF
3ASDE3bz,51,NY
QIdhhB4T,55,SF
nh4SQqXK,51,SF
XKXgx4bo,20,SF
KCr8ShBs,29,London
QHUkUCWI,55,NY
oZkjIkHm,30,SF
hdDgY4Cy,60,LA
o5poJy6M,59,London
UMJuhlCS,69,SF
ZPPFosC7,28,NY
kYDeMCRf,25,NY
LOYP4Df4,31,London
tyAKxsyI,66,London
5OcjeKD3,59,LA
DrwfV0SZ,48,London
PfmVVqf5,57,Berlin
QHKeM8yz,29,LA
BPeZ9uf1,42,Berlin
G97nAXUn,31,LA
cE2ZgtS5,48,London
IHzCxnoA,61,Berlin
vugFYmu0,64,LA
sIsH3XEo,21,London
wCs9CKiG,64,NY
EtHcVlFO,29,LA
v7JZ2Az0,44,Berlin
RIicz4H3,35,Berlin
dngwo6mX,29,LA
FdSABJTD,26,SF
IuaGShch,21,NY
xpxsPULv,38,NY
DWIY7eZP,22,London
ly6utPFw,58,Berlin
Pdhh6gzc,61,Berlin
sQWxt5Fb,41,LA
qubAcXhW,35,London
DvII1N26,67,NY
gYOs5EcJ,51,SF
BxgMySYC,21,SF
Yi3YTDXn,62,NY
OcWhypgt,41,SF
sWLDGV1C,34,LA
xesVf0sZ,31,Berlin
wmNmsTXQ,19,London
Sl4HBtNA,36,Berlin
WjOTNkCB,35,London
pdWOTifR,36,London
rxPjvc6v,69,NY
i4myX4LK,30,LA
nn3aKTed,66,London
BMGnfwG0,32,SF
JkmmF3wl,61,London
zvY90JN6,20,LA
01L3xhAr,53,LA
YhryNXd2,29,London
WzIvnSPD,33,London
oSX2p0rj,22,London
ik0yTCxf,31,LA
uENxBWb4,52,LA
ZoXgnJty,20,Berlin
i50luDHM,58,LA
j5YSn140,65,LA
DJMwLcyR,19,London
YJz5TDwo,68,LA
Cd1SmYx1,32,Berlin
wqCGZ1QX,62,NY
Y7OvlhPn,29,London
OS9rtX01,66,NY
UwJeZ3JG,54,SF
Yy290Zm9,47,SF
tdbXLhFN,24,London
2byncaEM,18,SF
rYlfnR2g,58,London
HTaAsiIo,55,London
eb4rldcA,55,London
m2ygon8w,61,Berlin
2SG3Zgie,34,London
4ZGnosi8,57,NY
hv6vwHAX,45,LA
pW6KHQD7,32,SF
Mcokug1C,47,NY
MKeTlFP5,24,London
tGF9jnwe,32,NY
abdJ46bG,54,LA
FTNDk2E1,64,London
lyzEKMY5,28,LA
Eb80qLlS,32,NY
g7Qq10fU,36,London
6WazZaKK,36,London
tINiv3r4,62,SF
yqywAI2I,30,SF
JSwLAH6G,25,Berlin
29rl0mxk,21,Berlin
ITp9gRQf,36,Berlin
IR33IUbp,56,SF
KMTcYNyK,67,NY
2QgqtGd4,20,NY
hx9Qodas,66,LA
W9SNL0QI,48,London
oUUoq6aW,43,SF
3x6Akyap,47,NY
Z6pBPM4B,43,NY
l5kBrpio,42,NY
8MTsqoX3,18,NY
mwcYW9on,18,NY
wLyrBJpK,23,SF
fTD65Wsy,48,SF
bsX3RaeP,65,LA
BzfVjF7L,41,Berlin
BBA3gOrm,51,NY
hngsglEb,23,Berlin
XeuVsxbx,45,LA
erECCKog,33,LA
B4xTOJkI,57,LA
npnEzvmq,43,SF
Dlglt0so,42,London
UnRbbxFg,26,NY
TNWd7YgV,43,SF
tJ7JQ3ct,54,London
OVSh9gOg,59,NY
wrr0GUtq,53,NY
ruXaJpCz,44,Berlin
VfeOoovu,51,LA
odkep8p2,58,LA
KzZ08kXc,23,LA
LqzpNiSz,49,Berlin
1EgGF4Bp,65,NY
qOK80qt4,58,LA
pjpJDrPE,61,Berlin
vQLgnXAx,19,LA
d3UHzmbP,48,Berlin
D4Fr1btV,22,LA
jl4qgxeV,51,NY
lgCMuBCT,63,LA
0uB7gVVw,50,SF
3X1jpk39,39,LA
9YlIFTUF,40,LA
wIOP9L0o,63,Berlin
gz8UikNy,53,SF
DqcqdXRg,62,NY
Pw9Zr7X2,69,Berlin
IFFTUYn3,40,NY
Q7KbgrJx,69,Berlin
525cNrau,52,NY
uFCt0UAR,52,SF
OzT70z90,23,Berlin
BBd0Td6O,67,SF
mC24nYyx,66,Berlin
8ON2xlE8,69,London
0HGH89IQ,49,Berlin
QSPbI9Pw,62,NY
rQNJH6pj,36,Berlin
4bTrxT3L,44,SF
LCFWK2Iw,60,Berlin
qRJPyGCd,65,SF
bjo5P37p,31,London
2h2VYcNa,19,LA
fh7Wf0Xb,42,Berlin
TucR5Lz9,45,NY
GZUl9hKG,22,SF
zbUROVUp,51,Berlin
Odav3WgY,67,London
IK2Uk8g5,39,LA
QeYnKdXB,27,LA
qOpcCMIP,23,NY
IHvidVHG,20,LA
gUISnRRi,19,LA
kvaeSsLt,47,LA
pDaa77tu,26,Berlin
Gp5ESOw1,24,London
eSa1rv5Y,44,NY
jFCyDzIt,60,Berlin
7knTwwI6,58,NY
Sko5to8N,68,SF
cspVVf9p,51,LA
XKCaNoPb,23,Berlin
KBNDV7ik,48,London
x01MudkI,46,SF
hyyDqNd1,44,NY
YL3VGZ89,60,LA
ypK2QAZf,40,SF
acuvpxEh,26,Berlin
FPzvfOO4,48,LA
esJExaW9,60,NY
gQ7qF3tw,67,Berlin
wbWUM9qq,19,Berlin
KUnU44BW,58,NY
sirlIZ3U,41,NY
53vg764f,43,Berlin
0OYRT5aO,56,Berlin
O2VGR8ax,65,LA
8lfCnPTz,43,Berlin
Ate4o5Gr,48,NY
JUPYGOvM,56,LA
DN1PAM7N,45,SF
XkzfcbWW,24,NY
SjtZGb22,28,Berlin
Hegz87jf,22,LA
Cwk3pv9t,33,NY
obTs59UG,39,Berlin
5kFTBq2D,64,NY
imOk5w8a,69,Berlin
8YIQCqUw,51,London
pV2DgwVq,19,Berlin
WvtYND97,21,LA
8169OSxT,48,LA
jEfN0WKk,39,SF
kyshjEpg,61,NY
c0fdgqJ9,41,London
OkBlAj5k,60,LA
cICr61Ab,68,SF
4UVqa8GR,67,London
bqhTMDQ9,63,London
K9U07S1S,55,NY
WsbEuFfF,60,LA
lGgQ7Q7e,19,Berlin
JN47bEJg,59,Berlin
LibeCGo5,29,Berlin
sUsVydwf,53,NY
uBQc6j4W,67,SF
ebHeGJWt,28,SF
kNKuSVvV,46,SF
cDUHkevJ,19,SF
FnUOQMZ4,18,NY
eJSo1EOQ,52,LA
EgCRIQHL,64,London
zZKtk7ls,65,Berlin
AoEyvn7k,45,NY
nX6kZJIp,41,SF
EroHxJT1,41,LA
HNdQxoxR,69,NY
JMhElkNx,27,SF
huDGwdb5,61,London
ZDGvHOEX,59,LA
kselEqHJ,48,Berlin
N558xoe8,61,Berlin
EQ6OYKLH,68,Berlin
uw0cBhB0,19,LA
oBApfLVo,47,London
rNT6af6Z,33,LA
q5Ss6MSI,67,LA
vOoaoBPK,44,Berlin
GP391D1E,28,LA
j8QGSRVZ,21,SF
v6ot7EIn,39,NY
8X2PPck4,59,SF
DDrTJ3Aj,20,SF
49pEhIR4,35,Berlin
jEWK5O8C,49,Berlin
Qx1foV0h,27,Berlin
jVOEC9TR,40,NY
zzlAc5MQ,58,Berlin
0DfYYP69,41,Berlin
HfhUYddo,44,London
M6c6cvHe,26,LA
BRFgX2Q7,35,LA
zyx2FjJr,54,Berlin
3astGJ4b,65,London
MYRTUICh,49,London
GqfccnVC,40,LA
V4lPlGZH,65,LA
ThQnna7M,43,NY
yjKmWaga,19,London
qFPvVZc1,43,NY
jyBNCyKU,36,Berlin
cAGeu9qp,58,Berlin
1LN7WxGf,47,NY
ztJp0LOT,36,NY
NKbGw3ze,19,Berlin
mWOb3vnw,51,LA
HEqzCoUd,52,Berlin
X7VaDAwI,64,LA
mvMmhHC3,60,LA
TFi22NJM,47,Berlin
7MQyYZ7E,18,SF
qVvPA6sX,20,London
T0aWP5eA,44,SF
2aZVW3lP,21,SF
iF3T4HZX,47,Berlin
D6yoEFqd,52,NY
MQ0cdjp2,53,LA
mx0kqk4w,61,LA
5eYICZSU,24,NY
qzBOixEh,57,LA
OzA91LYa,60,Berlin
QZteL2nG,53,NY
xRmO1JFX,68,Berlin
1JCwKh4J,19,SF
L4BrFcDn,67,London
5YecXYGX,34,NY
TxKtoQ7F,68,NY
ObT6zujn,28,Berlin
FBnniNlu,38,London
RUJQLitk,62,SF
Of1W7Xtf,52,London
ZnEYJk9a,60,Berlin
xum8PhRK,19,SF
NyDMGW3x,32,LA
S4w4GoJU,38,SF
yQfXKqQo,67,LA
CSQ22f4u,37,Berlin
QARLp2HB,66,Berlin
PrGMZnIV,51,SF
56VUAhoR,32,London
KVUFe36u,63,NY
CXeKQvnI,35,Berlin
4hXRnpmv,69,London
Juqwhbhd,31,SF
F6N99txb,52,London
pp2i6da0,21,London
8SO5CHCA,49,London
ptG8ba7M,50,LA
hXf2Gvkf,45,LA
IVV7UcTS,31,London
Lb8SMBx5,31,Berlin
V873DpLa,54,Berlin
vyWYJxsZ,40,LA
NTOskGpV,37,Berlin
cPFrRGyM,63,SF
dxzecMYi,63,London
2znUlovm,66,London
Wpkjm7d4,23,NY
B7fLUsop,50,LA
Z0UG3408,63,SF
MTLSkETY,22,LA
frLJYPcy,51,Berlin
AYqufjbG,41,SF
PO97aI7r,33,Berlin
C9pXmDim,55,LA
IAuKEsd4,44,Berlin
MPrVt1m1,64,Berlin
Gml57UKi,28,LA
D1iHNwDj,47,Berlin
iSSPeRmC,59,SF
xYHwscws,66,London
MzIErvZT,56,Berlin
pehILcsy,29,SF
EGZTZd7X,59,NY
7rWRBCCD,61,London
PF56w7hl,61,Berlin
J47BqF72,25,Berlin
dPynmf3L,49,Berlin
9KzWBxaK,55,LA
nUx3XjUS,28,SF
SAgKZ7At,43,LA
uKLi4X2b,53,LA
mDwkDVRK,36,London
L8rxJZiu,69,NY
bHqVJMwE,28,LA
wmvOvlN9,64,NY
OXmnzoWZ,52,London
nty8bTwh,19,London
u0wBQBmF,51,LA
TA2450SB,47,LA
odOrZe73,49,London
LAhWL8y6,22,NY
DdLQa3GG,34,NY
Zrr986Be,43,Berlin
McsiRkwK,62,LA
8k7PtSMF,59,NY
oqCPWHuZ,24,Berlin
NOR0lJ1H,65,SF
YTlx7y2t,58,NY
5GvUpIxK,18,London
fQUFuuOB,22,NY
ncU5VYXl,47,SF
Xn8SQE6h,30,NY
xVYXQyZZ,39,NY
1Vp36b68,24,LA
Yxo8y7Ju,49,NY
muKZRsKo,41,LA
hqdfsN2b,34,SF
erMk5AK4,60,SF
Gid606gk,38,London
vFgHWG4h,33,London
4ofjPCse,55,NY
NuG8o5s6,38,LA
Z7RzObbp,23,Berlin
A85JwPpL,54,LA
jpKS0BKa,22,LA
AgmvPjSt,69,London
irPgOMDm,28,LA
YMzrkEhW,26,Berlin
Jik7odKi,44,SF
TkAeYM6W,18,Berlin
nPIFZFAV,66,London
FzMSS3yT,57,SF
OQRj0jXY,53,LA
g1hup5wh,26,LA
b1U57I8f,28,LA
wEswUP8X,66,Berlin
ij1od0cD,42,SF
15R0vge4,52,LA
sWh3nzVB,23,LA
UF8j61uI,22,SF
FClgNH9h,66,SF
arIH531r,39,Berlin
jOw09GBj,29,LA
dMs9dwvM,66,NY
7NIKTnQx,59,London
S4wclATH,26,NY
4293YbCw,28,SF
r80hEGoB,43,SF
mafTF2Rx,64,SF
jVOflRXt,22,SF
C3IfSjnD,69,SF
43GJTLLs,21,LA
hW5BAU4U,25,Berlin
TaY7SC3a,63,London
jGdWTTZk,38,LA
r1m7sC00,19,LA
84uZLIOE,42,London
5m1Yzh5e,38,NY
CvFgevFX,54,SF
SvvMbTga,54,Berlin
MBlmp0uA,69,SF
iDMdGp44,45,Berlin
MUejMvFQ,60,Berlin
J2pDErV0,52,SF
HbEBKywG,20,NY
VzFiFsek,68,Berlin
5d3qGdn7,28,London
2GUERyTn,52,LA
yjWjc9sK,57,LA
LHwW57go,36,Berlin
FVftySQ0,49,SF
xnuclv3n,23,LA
ZTbRs4pU,25,Berlin
lvLnrLpD,65,Berlin
AeO6JrA3,64,London
bykGYbLQ,30,NY
wZmk45V7,59,NY
52vrOHZ1,51,NY
XHz9X52w,47,Berlin
4kG2Bhqo,42,NY
CQLVhVhV,56,Berlin
Qff1e7cW,29,LA
RRDFhzT3,36,Berlin
RVyLmzU6,33,Berlin
kJiqsGRx,54,LA
V8tWwBE5,39,Berlin
JP76KCOH,59,London
DgWtUYeF,47,LA
PWcqB46X,67,Berlin
gIMKfiPh,56,NY
AMNeJAvh,27,Berlin
m82jBDex,62,SF
6illN4ot,34,London
lTDweOvm,21,London
fY4DcXRo,37,LA
DheG53Hj,23,Berlin
FxNtL6Ik,35,SF
FDLd6rGK,38,NY
Qz6uUpQc,38,London
4NB3YKAG,58,London
ZqBfcbJ3,61,London
abUIG0QI,22,London
ywl8NsKj,43,SF
4scA7BJm,26,London
yi4qZRcK,55,SF
nTelMBcX,31,SF
UcniV8XK,35,Berlin
KmY71hCP,51,NY
0W0Az0PG,35,SF
0ZUVVTb2,32,NY
Dbp41t4L,32,Berlin
Jy82PfBb,27,London
XjAmjTM3,54,LA
67fpCNyh,30,SF
ottBX81f,52,LA
xGVNglRd,61,LA
k5ZI7rF7,66,Berlin
6U9D7X9t,54,SF
vlc4tkX6,61,LA
NWOlAsc9,52,London
NJjK1Ex1,49,NY
hrq5zbch,55,London
r3UnwDGh,53,NY
h7Q5wCvk,66,Berlin
ndEIqAVC,26,NY
5SMpRJNM,30,Berlin
dHbC9yLM,50,LA
GTi84Wil,55,NY
GGmOlgd5,26,LA
c1oE4Un5,30,LA
rjYCXZff,23,SF
BzczgQnY,26,London
Z3e4BDfU,22,SF
I0Az9wur,64,NY
hlb1UuSi,32,SF
etFSm7Sv,50,London
2vVUJYnI,42,SF
KCcjV8jk,62,Berlin
iDJdU9Gq,39,London
WY2PloRt,42,SF
ZgCrImdh,51,London
QShv2e4S,45,SF
k4FnP4CV,28,SF
StN6SVjb,68,LA
j7AU47wH,54,NY
5poJGpX1,50,NY
ZWQECyb2,62,SF
eC23u5JG,28,London
1tU5fpWE,50,LA
Zog4AdJw,19,NY
9uqedLC6,48,LA
DqPPZ3nM,48,SF
SvnVfKt7,54,London
j2ya1Iqi,37,NY
LkQ7wiqZ,53,Berlin
xlAFPmsF,44,SF
WgR4ni2n,36,NY
eFbevkJW,57,LA
HtygZiBZ,37,SF
3JDTsUir,32,SF
EWNdU1dk,58,SF
8nz3Cbs5,46,Berlin
Aad6gyA0,66,NY
CYzxesrp,39,NY
4SeEoPSI,32,SF
i6BG0ugt,29,NY
bmRYAMLk,58,Berlin
vuZ7zt3o,43,LA
HZuFiJ0N,65,NY
cDGV1KVv,49,LA
UGPhjrW3,60,London
RA3sb76t,64,London
NzznqFYe,57,London
BEzNZrG5,21,NY
drdXhaK1,24,Berlin
2idY5FtH,39,Berlin
iTQXS29V,53,Berlin
gbcOHogK,38,Berlin
dPAKgRrG,44,NY
jrYPBEnu,59,LA
jgTVSQYd,29,London
xPzmWgFg,19,London
CCTG1jX1,23,SF
wgNoosIl,68,NY
oKOOipje,57,London
2TQiW5EF,38,LA
6Fd8WIFv,55,NY
QhuSJSjd,54,London
h3vxt6Tr,22,London
LJr2fAC6,57,Berlin
5ioD2dqI,43,SF
TNpp5NfB,31,SF
DtMZ4rXB,55,SF
Lqs8ll4r,32,London
af2mrRNJ,52,SF
G1m2TgLr,59,London
jC2ltohs,34,SF
EnMV95Jn,44,London
lLMwTfcB,60,Berlin
fMG3FE0m,21,NY
c9khsVpB,20,NY
zBw37O0W,29,SF
bmAjpQEi,39,Berlin
V4Gx4dti,31,Berlin
Erxwove3,32,London
mosGFoGP,42,Berlin
icwl9VPd,60,SF
TEa9AJKs,44,NY
cCTNwDu1,57,NY
j70yEIe2,61,Berlin
NDewiJmT,49,Berlin
G1ppPifc,26,London
t45VP5dr,19,LA
dXHtTPxM,25,LA
Ua9Na49v,66,NY
OrhQiuW9,53,SF
oTlxueaf,47,SF
OevJLLp0,35,LA
fg9gIebe,36,NY
6XJCiMN1,38,London
vs15e2Sy,66,Berlin
v35VVUXq,30,Berlin
NpT5eJSt,27,London
0Pv5lFsi,29,London
77YofMp7,28,Berlin
swqMEofW,22,London
OScdZgNk,32,LA
dHCFbM6u,53,LA
RTe3SMt2,60,London
YFH0rCUP,33,NY
GFjadiVs,21,SF
0wpPzea6,32,NY
yBsI01Uk,54,London
jQ90Aqnz,56,London
35btMGHI,46,London
XC7NIeIs,58,LA
EVRnWgtW,54,LA
o5MWFO5U,26,Berlin
4BXZQLL7,23,NY
rzrzTLmw,68,London
IZadTiBJ,66,SF
xbMCPwO7,25,NY
C7lnA9DA,21,NY
9VFr7zDr,60,Berlin
BgIheFeC,32,London
HQ0b8OiT,25,Berlin
VgraRYAd,43,SF
CnEkpVue,35,Berlin
RaMmsSAN,68,Berlin
1F8hKOsG,67,London
EheeCxxh,42,NY
fSIUQGpW,25,SF
uDd3R6xZ,52,LA
6QMiH312,38,SF
NgsGWC3D,67,NY
htIOAaNt,45,London
cDdlIx7F,54,Berlin
Hv5eJB6S,29,Berlin
7DXo8uZq,54,Berlin
FPIhkO2I,63,Berlin
hc1xnnPH,18,SF
vbA6E1Ue,20,Berlin
16vnU3qh,37,LA
rJou5R3d,61,NY
ds0zRPF7,21,London
BBaBm7DT,42,NY
V5PQqvBW,23,London
JQkl4Udn,64,Berlin
EFutAEHL,66,LA
sRuTYKEb,38,LA
BNFJOyAQ,23,LA
0LhilwOK,45,NY
wLQDa9Ka,42,NY
cJlI86y7,68,LA
8VpSoGaS,19,Berlin
Vhx0D8eT,35,Berlin
aFhKt0pt,58,NY
q9ZeEDFc,30,LA
914uqI77,69,Berlin
RN9aTSEh,61,Berlin
gOHYJSBu,43,SF
eIpB6UOR,68,London
BXOk6ovv,63,SF
q94V3yFw,32,London
5NKxyhKS,31,SF
ByjGxODg,47,SF
OLCRSwNe,23,London
PEOP6foF,24,NY
BAqDMnVX,29,Berlin
okOF9xNh,40,NY
fWScrWwt,51,London
gouJVoYh,39,London
uVHfYGgR,59,London
djXvx7BD,24,LA
8GsjUndV,25,LA
XtLLpffu,35,SF
3hGsLPFr,29,LA
QXf7gmt2,55,NY
UEMO3Ssq,65,NY
bOjd7SbO,47,London
4mFtcBJq,22,London
ugZgYoyn,55,Berlin
EQS4vcVs,56,NY
UA8hekV4,28,SF
b3535Y05,50,SF
XeXUEPo9,52,LA
qojPkFem,18,LA
ShCwoF0d,40,Berlin
m4UzxqYM,32,SF
Ke5oBjwP,42,LA
vXNP28n1,55,Berlin
tmQJHRkO,39,Berlin
PLT7go5Q,40,Berlin
JbvKQX3R,36,NY
K27alFMn,19,LA
FFiaPjyl,53,SF
hfyZv6oU,65,Berlin
kWUIEhNw,39,London
d0wCBRdb,36,London
xVz6QXQM,43,London
HQyktyZ7,60,Berlin
Po5Kx2iN,51,Berlin
Gpj8ECZh,35,LA
ABXIyYMC,47,NY
egNLET9C,45,LA
hYqmfwHk,50,SF
vLgmKHxz,20,Berlin
M1w84qIw,40,NY
eVDSFSKc,33,LA
EHo0Lvue,59,London
mTLbrSoj,36,London
y5bY6aUH,25,NY
44DiXedi,33,SF
dO7bMH2J,62,London
nnf6vexb,51,SF
yjcwm9Nj,44,SF
ilXgD7AV,54,London
dv5Yp6NU,56,London
hjbIpxFe,44,Berlin
xjhyELEs,35,SF
clrw45LH,39,London
sR5IUlbn,51,Berlin
02Qo6985,37,LA
20YHzfDt,20,Berlin
e4TasqVz,55,London
6cmfTEHu,43,SF
sJxZ7Vbb,36,NY
dFzKBHtH,60,Berlin
P6onfddo,52,London
RhyTtSE5,66,London
Y6znjKVv,27,NY
SEnCsbSQ,55,Berlin
UR5DywVQ,22,London
I7Xsqrh7,46,SF
n8fTottX,61,SF
mAwqjqso,51,NY
EPWsIrTG,47,NY
yjBfQs3V,64,Berlin
JH34RrxY,56,SF
yrxlPP6o,35,Berlin
9VW9q16E,34,London
QqgfYrGr,33,London
sdo2QlHl,48,Berlin
hU0vCw6r,41,LA
ITDTdXDm,33,LA
vXIeSFv8,61,SF
H3cg1koE,59,SF
tc34SQyf,28,Berlin
YwASv7i0,47,SF
eNxuD7Kz,27,SF
E1PR46bf,43,LA
h6WPX40l,34,NY
PgAyF2Xj,40,NY
h20Ub1kI,45,NY
ohPEtKct,20,LA
bcIXD2bN,26,NY
5iAx1Ntw,59,London
AEh2uzmU,49,NY
ypT82NNJ,26,London
opXbI00m,31,NY
SEmqORTu,38,NY
1LBfRohc,25,NY
OtAezhMr,62,SF
ImsOmMNp,62,NY
D4cZ2jJs,46,LA
R6xyAjfK,60,SF
DRKIhqUt,56,London
R7wUp70A,30,Berlin
LzDnZdTj,27,SF
hyxlGuay,31,LA
VDNOw39d,59,London
xDjQ4FXc,59,NY
iBHg5jzY,20,London
m0m5ZHIa,39,NY
AxkqWU7w,32,London
PhG6QVxG,18,NY
65iceCLF,18,London
bucQYeJd,25,London
CE1DjHLF,60,Berlin
2YBWszvr,33,London
sZbqFKWS,31,SF
nIDa6Xj9,31,Berlin
bAOIVYsm,43,SF
uerZgz3G,37,SF
YQ9nbuVa,31,LA
3zMh8Z0Q,54,SF
FLja0jrZ,56,LA
H3DsUG18,62,LA
sqyNEGJW,47,SF
23eU0tiX,60,London
f9lLf5IJ,65,NY
Ytlp1IDX,48,Berlin
l31S6Yg4,24,SF
k2nu7Arb,65,Berlin
UH96IEOW,21,Berlin
JIOCzGPg,40,LA
zJyIs9BT,49,NY
2onzaIx6,21,SF
EcWTNr1l,40,London
P7rsKnNi,67,LA
0hwp31UH,50,NY
CpuGYuCN,20,Berlin
hwGGjmXg,50,SF
31LiKR9E,32,NY
XrT4bseV,52,LA
WzMJqpUd,62,SF
4P2ykviZ,44,Berlin
vpeLi6xf,58,SF
xkcU86lX,33,NY
LaMVb7cE,18,Berlin
PrDIDmPr,67,NY
iDQocy4y,29,LA
8Tvt9DBh,35,London
leW7G6NS,58,LA
GwcMg8il,54,LA
U5kKFzf3,67,Berlin
1L2LiX6X,38,London
OJREr35F,40,LA
BYNx3za2,52,LA
alb8hfZm,63,Berlin
ZkQyUSTa,29,London
6j0LzLYG,59,SF
G1NjqLnS,20,London
x97Vi3v4,21,Berlin
3JXYgyM2,55,SF
yIlEnUM4,20,SF
uk6jqRhi,31,SF
WBG0vQw3,19,SF
ZktMXvv9,42,LA
RCHGQybJ,39,LA
DFxpy8pM,46,LA
UpPgEjeJ,18,LA
0JQlWa20,57,NY
RstX6FpB,40,Berlin
KH1B5uKB,58,Berlin
EScQpqp3,50,LA
wgCs305c,58,Berlin
98qpqpL2,54,NY
6WNYEuDk,40,London
oHB39Rsl,29,SF
5M9mtVcl,64,London
8jAs1pXj,68,SF
a7MOaRmU,48,London
lIGKPNXO,56,NY
GlF6xDKU,43,SF
99vivqcu,37,Berlin
roDWZzqI,30,LA
FGuWKBPK,47,SF
jpitoyRt,52,London
R216LRTb,50,London
hui6xB2c,54,Berlin
4ufCeZ6u,64,LA
SXSBfMAp,28,NY
rT0lUxfb,49,Berlin
kf58AsdM,50,Berlin
7eekZ32H,48,NY
eQ3o19bY,53,NY
jEWPi52M,34,LA
KO1SuhXW,40,LA
i4hpxgKP,31,LA
ts6qwBui,68,LA
EgKB1dYN,61,Berlin
v33hjhfl,43,Berlin
aaNmsQxU,52,LA
Cc7SmPNm,26,LA
9NvSWWkB,19,Berlin
Y7pGQW6v,32,Berlin
T9kBqiAu,49,NY
ZQ20xSZw,28,SF
Dff104XT,18,London
qpU7lNSS,26,SF
6YQ39hRq,48,LA
wXKBXTCb,34,SF
4hA6fIWn,27,Berlin
Nxn2bNAM,45,Berlin
76woVhnk,57,SF
WmuJA7re,48,London
Vl7HNug2,21,LA
8MS8H4Fz,42,Berlin
Ikl8PADI,32,NY
PurCOifP,19,London
NYpG8wOo,60,LA
KeVj2ekd,64,London
0vQmygHo,24,London
aYwGZNTc,68,SF
vUPoGIAW,24,LA
8TV1uCDM,69,Berlin
KMwjo6I2,35,London
Ee2OUytw,57,Berlin
AR1aOU1a,33,Berlin
iXFn89xo,40,LA
k8vTBb7C,69,London
iCtnJceL,18,London
kgG2qxVb,52,SF
NQHSb62f,69,London
dOTnegXA,22,SF
3fGThiWm,37,Berlin
Ro6WBTVV,42,NY
Vd45U4y2,41,LA
czEG7kZa,44,SF
AwnZCTBb,32,LA
pHgIDuDB,28,SF
s8okATgf,51,NY
AfdPrHDf,48,Berlin
cq5gODdf,23,LA
ekdXKJla,34,LA
1UPU7DBy,27,SF
2yLHGrqy,60,SF
bb4O6L8n,33,SF
8pqOsgNN,65,SF
YbYyxqWm,61,London
dq1tC5va,61,NY
KT86jixX,22,Berlin
ywvvDLny,39,Berlin
WAx4FOcZ,58,Berlin
KshjNDNj,59,London
68KXBlPt,33,Berlin
wJekW3H3,24,Berlin
VSThQLYT,41,LA
G3EeoY40,36,London
XQ6xIyG9,30,LA
uuu7sEGk,52,SF
k0iEUV7a,19,NY
qIXkW85f,37,Berlin
agOT0abj,51,SF
nCG5pMyH,50,NY
DAXMZNKB,24,SF
NQ7h7oEC,46,SF
SOZtH0lI,19,Berlin
6b25GIpp,48,London
2Xj4USS8,37,SF
fEaPHFVx,18,NY
1QNDcmCt,59,LA
vMkXBhWG,22,London
11kuU12w,49,London
BpcedNDZ,54,Berlin
jumPUUr0,20,NY
k1JysAOR,51,NY
zTnQtqGy,39,NY
24a2qm0I,18,LA
ct6PducZ,57,London
j9Sg0iTx,22,LA
aeYoZHOD,67,SF
L4Jv7qK7,69,London
ph0uURy2,55,LA
hAWAcuMY,27,London
7kevcObQ,51,London
9z2rzbKV,50,LA
8ne1XioF,52,Berlin
kVBaoqwv,22,LA
w3K8dKxe,23,SF
4mQ01nue,51,London
T1TbEfti,43,NY
Ycqx3F7Q,51,NY
CXG8QEm5,19,SF
ca3pdSeU,56,London
FudWPyxs,58,NY
SIRwyKEk,68,Berlin
HDaFp6Nf,33,SF
ioJpnbYu,36,London
5OCwT0Cb,43,SF
84GJhCwW,28,SF
mUx9uTRZ,49,LA
yWn2Y7F7,69,Berlin
o4VqLGOX,25,Berlin
l3aQcmgd,27,NY
sgJcXUWe,69,Berlin
s3BVHB2i,33,NY
K90HAaZF,40,Berlin
QffzvjaM,59,SF
HmBvP4MT,37,SF
vYe8diEI,28,LA
1Ui9TTnB,43,London
HJWpeCzC,38,Berlin
4tvWmnIq,47,NY
LpO1ILJB,67,London
9BSCgUu3,69,Berlin
SYQzz5pZ,54,Berlin
rUSG31M3,47,NY
k7P4lqhQ,37,Berlin
yhY7NZGP,61,NY
RMbRW1t3,23,London
OzzCnbVl,66,LA
GL9Atsos,61,London
KFFKaYr0,28,LA
kJAm8SBV,53,NY
m9OotWC7,56,NY
UOlxUwMY,33,Berlin
bCZr3V3i,37,LA
qX5gJq4G,32,NY
qUxfNUA6,36,London
iLGaG7S9,66,NY
FH5xajTn,45,Berlin
51Bm3mjD,60,Berlin
fihEGrln,42,London
RQbVpIQx,32,Berlin
Ay9BAh01,36,SF
DebGuMOu,40,LA
b3pyBe6x,41,London
fSnrPDgh,69,LA
z0TMjsWT,18,London
Fj4pXoMZ,49,Berlin
Q28hgd9E,46,SF
2aQn0Vh9,52,SF
pGw6TGda,60,NY
6FFq3b4J,68,NY
Pqy97N2L,66,LA
J21IU9Ir,64,NY
PDhiZgru,27,London
I7VRn5ha,68,LA
w2fJ8wU3,68,London
qGMct5uM,25,Berlin
pCC1PbNa,53,NY
07g2OKMe,29,London
5H9XWEk1,20,SF
OCgMwQSa,20,Berlin
zhd8NBNY,28,NY
TdOzhVDL,44,Berlin
IJIwGWVB,36,LA
k62t8yJg,29,SF
4M29gkuh,53,London
sd7bqSet,51,NY
jqIPWA9h,20,London
jPMiYAsE,68,Berlin
jwN9VzCe,40,Berlin
3BKRa0iQ,54,LA
faO0ZgmR,57,SF
MID0b1l7,38,London
NRRy3xSm,55,Berlin
KPX3jaly,24,London
63HVPSza,68,London
wN8eVaXM,64,SF
RzdZTfl7,23,Berlin
WdD8oggn,27,NY
NWgzNwE2,52,London
9b2HH8Ph,31,SF
qeyg7m04,55,LA
iMzWELU0,64,Berlin
SzOkoW0l,22,Berlin
WJUCybJj,19,LA
XHgMVXOo,20,London
QN1ABVZl,29,LA
AB3vcPse,54,LA
6mBD9eqz,44,London
qOL1ukFA,45,NY
M8zVtJWc,55,London
8FIQTLPk,33,NY
cUoqd0RL,32,LA
wIrBaWY3,40,NY
WESglauS,42,LA
rtuIu01k,58,SF
ZzC9WgN5,49,SF
QJx93KR5,66,SF
G9DBF6fc,56,SF
XQICLuDk,46,Berlin
O5tNFhjz,18,London
K3Wm5WTH,57,LA
Ua0kO3n1,19,SF
u7hk2vN5,23,London
gMtpUWrS,19,London
FyE7Tubt,64,SF
uZYtFpkS,22,NY
wYSPsK0F,65,SF
m7LqIQIg,63,NY
ZGC9GiCk,35,Berlin
iEkt5pUM,30,SF
2bq6yw1t,61,Berlin
sFf4SZ1v,31,LA
QhfqsQdf,68,NY
WebaH9r7,38,NY
LKhZP9HM,68,London
69emVVWg,35,NY
rFbZ3NDZ,31,LA
Ym9XCrXe,62,SF
VFqUc1ci,54,NY
CxRsM4nQ,66,NY
aE5ghN74,54,SF
gLRDcgDX,60,SF
uNcY5XXo,25,Berlin
9Wioc1mc,57,Berlin
A3q2beYM,66,London
oGHR4LHL,59,Berlin
juZCBnHm,61,LA
L0W3mGCG,37,London
wTfQixdt,45,SF
iHGDOJZY,55,LA
YAyqMK4r,23,LA
ALH0UV4J,31,SF
OrEHcxEE,23,SF
yGEgBRIV,62,Berlin
JAyKJjqJ,48,Berlin
X4u1Ifer,25,Berlin
5TCuG8pC,61,London
Jhfsxbna,43,London
rmztQkfC,23,SF
PGM0oTVC,31,London
ICZyJgxG,50,SF
F9l0OHpY,64,NY
fS547d17,58,NY
ZHmqjM1w,57,NY
BGJdEbDj,56,London
yWAZToD6,41,LA
8z2ARlLV,60,SF
vIpy6P1m,45,SF
OHTSjxjl,53,NY
Ex3hchYl,64,NY
nrMlNdi1,42,Berlin
04pF98s4,66,Berlin
xlmVu14u,38,LA
EI9DcXua,39,SF
km6tbKKk,39,Berlin
eyGmskQj,24,NY
nAIlOpGh,64,London
mL2Tr3ej,32,LA
ewceI1S5,22,NY
dES8xuYb,55,LA
sqAC00U1,64,NY
m0cQ3ZYA,42,NY
a1LBspBd,58,NY
k3AiEeCH,26,Berlin
uYCgUiIz,20,LA
656aTESb,61,LA
DDgpvfKX,20,SF
v0ZILbOA,61,LA
1d2r9ffL,41,LA
Sp0Cv2LD,67,London
7McHiEe8,51,Berlin
MzifvYIs,33,LA
yCj4rptX,52,NY
KqHbxXM0,61,LA
Iq9VeN9X,58,Berlin
rri6JBig,26,LA
rXtZDM6O,51,Berlin
l2NCODKp,56,NY
8hkBcJ3j,45,SF
d2ruzW7M,37,NY
uqGLAR9J,18,Berlin
OPXhHhM4,45,LA
P0Tyw0SD,65,London
5jvKnZ85,59,SF
nWfVXQf9,53,SF
dyGlLMWE,51,SF
vrarsoqE,38,SF
AnoPSPIu,26,Berlin
2Xbktso6,60,SF
hsGwGBz3,28,SF
zLHLPpU0,68,NY
unDa9YSS,38,Berlin
ElteoKe8,37,NY
JDnHFqFq,54,SF
a8RqHurR,29,London
6VcJfpHB,49,LA
est2lpCy,68,London
KWM61s3r,57,SF
JNxUVD2u,21,LA
13lO2qop,46,Berlin
Trh5fgfZ,24,London
Se7O5guU,48,London
me79g3WT,54,SF
KKLRb7Gq,50,Berlin
L8JXHUPa,48,London
DIgz29zE,21,Berlin
WiX9CHG8,34,London
IP4IzOSb,62,London
aaPefTGf,39,Berlin
KS9gKRpD,34,LA
scw9rpJo,59,NY
xriPfxwL,67,LA
rnEDzd5Q,28,SF
qZhcrD2n,37,London
L2Y4shBq,35,London
aw2vRW1z,36,Berlin
JQdiNoJs,24,NY
RnlHeQG1,25,Berlin
yzxvHSM5,24,LA
6idujn3d,42,LA
f8ezdQDI,34,Berlin
HVarp2Op,67,LA
F1keJVBi,18,NY
ZZrKOQwg,64,London
QoGcWhU5,67,Berlin
60IWzMJ0,56,SF
bnhQ3F9X,18,London
6wja0XbL,69,SF
6u2alMKI,39,Berlin
j5SLc0uT,53,LA
3Qq41yFC,32,Berlin
nN2FcpTB,35,LA
TIxGMbih,63,Berlin
Kjr2qJKO,56,Berlin
kfZceqSE,27,Berlin
ARfLDwQB,64,NY
TGyywd1T,52,NY
jc3KCMiW,26,London
rMlwxQJj,19,LA
i687b3vo,67,SF
V2pGS5k6,68,LA
5NwfKnNi,54,NY
KI9b4ZU1,39,LA
y8h5IkD5,64,SF
PkzsyDEr,44,LA
IT0l3hQQ,22,London
FvXAbh0A,49,NY
uDBoNr9A,21,NY
BVaLZQi6,19,SF
nbPdm8AF,26,Berlin
ni34gAcY,45,Berlin
hfV7UL1w,38,NY
TkkMlnrt,42,London
J3YpdJtq,60,London
6v3fSxoP,20,NY
zvcXbUOS,62,LA
7Dr4jST4,44,Berlin
EtCX22Y8,42,LA
ZMkCvVsv,52,NY
VCtMkA67,55,Berlin
Zb7Nv2I0,51,London
ApgYGUtT,50,Berlin
6y8Cdyv1,30,NY
5FMeFy2U,30,SF
TF8u3M6N,42,Berlin
JMJIY7iB,37,SF
lFLhZmoQ,26,LA
4MCpgVHQ,31,LA
YvV0on8j,55,SF
RqlXMVbl,36,London
odw5QxKV,61,LA
ejVH9gQF,41,NY
lru9YBTb,39,LA
5pCOYaVR,42,NY
wCRe2TwX,68,SF
tC6Ntv8T,23,SF
qvZp5Sir,20,NY
1ccda15t,61,SF
0z4CDUhS,64,LA
1asyzuI1,49,Berlin
sLcvKCKK,24,Berlin
h4Uabb1h,47,NY
xf1TC5B6,57,LA
0IBpWETw,31,LA
aGdHNU7m,43,Berlin
NGqvmJZU,24,NY
2UEysRKB,32,LA
DFJyqWNL,59,NY
2EWILjp1,25,NY
3j3zR5KD,32,London
vYLA7k6g,61,Berlin
gPoUfFK0,33,NY
zUSfhLrG,23,SF
9JttRHJf,58,LA
zP8SzZFo,58,London
YLjh5y5h,34,LA
vYn9J5Qk,60,NY
1nfXY7uI,35,LA
gRUXnPn7,52,London
dbw6QSwm,18,London
nRAqeoFU,38,London
70yctIBM,59,LA
ezVxW2Yy,45,Berlin
31pVox2J,30,LA
duPBUkly,40,LA
3CzRHBH3,49,Berlin
2MDimXoD,68,London
QsfQscsJ,45,NY
goaJvJiH,45,London
OQEmcbv7,62,SF
1pVzk9LZ,47,SF
hHzYgVno,33,LA
dIl407d4,19,Berlin
PwooBBGP,34,LA
7WKFGyXL,36,NY
QuYUUYTc,68,London
28Uuulqh,18,Berlin
zzB8f0P3,44,SF
XXkpIsOr,49,SF
IE8jXIOS,18,London
5CTrWus5,29,London
7A0QSJwj,55,LA
XClk1gBw,31,NY
k0Ae3syl,23,SF
P2Ossond,47,SF
7G2Fc2jZ,38,London
ievOjn43,26,NY
23jDULEx,25,London
WNUD9gZ5,45,SF
68jjEtf8,44,London
Ilc8KWTl,33,LA
hIXcgVm6,68,London
JK03wWw4,57,SF
dbySU4Z8,26,SF
Mpwa8HPj,66,London
cwyDssge,28,NY
Mawjr1SH,51,SF
QM8E6JBF,45,Berlin
njBTFxTt,48,London
InT4maPp,44,SF
0Vb7WhtK,32,Berlin
aey0YOAg,64,London
euv4Pfc9,35,NY
1SbQG3HL,60,LA
VGOihQ5Q,64,LA
ltW69x7W,38,SF
FL31FjTf,52,LA
PAKwY7nA,57,NY
4AX1ZLqm,30,Berlin
2obedbI5,33,London
uObQbl9N,48,NY
tBN7LZrP,45,London
AV3OhjWv,55,SF
PQrhXwYn,28,SF
E6sq387J,62,SF
d1HNlMtn,33,SF
qTmVpXBH,49,SF
lXav1fAk,38,NY
rVkxnA3f,64,Berlin
6KItLW3u,37,Berlin
UXdZJLPU,30,NY
Y1goLd3i,58,London
Ys2hh1La,19,London
MDdDp9SL,23,London
RRI30vUV,31,Berlin
4eJKMODD,48,London
h5Q37I6T,50,Berlin
m5IwFNq7,62,London
qf9nORgT,52,Berlin
y1OF5Oes,67,London
XFe6Vqgp,25,LA
LSIQkAlw,28,LA
T5iKWLqZ,43,London
FBOG7SKB,40,NY
ygCMIrRu,29,Berlin
4lWWPoP7,23,LA
CIIAnxvM,67,SF
4Sk7Pu6p,31,Berlin
hhoWwDM3,64,London
zHDVCcxs,66,Berlin
D79ghHjW,54,NY
y3vZTFNv,61,LA
yylQ9099,44,Berlin
gWUnNfnZ,55,NY
eSKL5FWS,57,Berlin
CBYtbmuO,67,Berlin
CFWU55EF,62,SF
4TDS75vA,19,London
qXPKM7cu,54,Berlin
EZVKPwPD,27,Berlin
j3AUgqZK,20,SF
upwkrx5S,35,Berlin
za6PSRAG,69,Berlin
zmHtp1NR,65,NY
POp747hC,40,NY
2hNYaIKq,20,NY
HjVCy3CN,32,SF
r3GMXtl6,34,Berlin
Quw98Wxn,30,NY
xsnbXKRZ,32,Berlin
eG7NPFy2,51,LA
PoWR57Og,19,NY
PuBrZ16r,32,SF
vT9HEN4c,60,SF
bMtoAb5X,65,Berlin
vS5YVCuI,25,NY
ydnnRoiR,68,NY
ReoJ5uzq,30,SF
x4aUqiWk,28,LA
alnDFerK,52,LA
5VAziLMO,44,NY
Uwr1Y4Ep,53,NY
BZETKCls,34,London
CC3yoXI8,23,SF
xex5gWL3,43,NY
onXwJPNE,38,SF
E9dQd4gu,47,NY
oSJnKPYg,47,Berlin
EHS0kKUJ,46,Berlin
qYs6bMM3,49,Berlin
DuxaDMUm,64,Berlin
nruSzqwZ,59,SF
1tElzYDu,62,LA
O5CFCDJz,48,Berlin
INGmZ3vW,29,London
mfHLfKmz,41,LA
gXBG2Lwf,60,Berlin
Qya9CZfR,62,LA
1oTT8mgF,61,London
RIR4EZTW,18,SF
24Cf7VON,56,NY
Y72h31BI,21,Berlin
WxxkB3ga,65,London
GLdWuGnf,41,NY
s3MAhUPX,26,LA
UH3nwOUk,21,London
FvQPkqrT,29,LA
8wlqzmxt,30,NY
T9lhDj3b,28,SF
gMjbDwBB,41,NY
vbDBrzaL,52,SF
yaWBsEcI,58,NY
GQSz4p9M,59,London
3l0smXxZ,59,London
lJo6auD1,50,London
ZCQvASOq,68,London
6xLKmzgz,63,Berlin
9WOAxPli,44,LA
hzC90X9j,62,SF
hgsu4Asz,67,SF
EHY3eF17,57,NY
V9Ak9VWW,24,LA
VolYmj6C,28,NY
sY0yw9YP,46,SF
kcs8gq7G,27,London
cO0319sF,58,Berlin
5Q248ZJS,65,LA
gZ4nqDhd,54,LA
tMgDFQi9,20,London
N0N9TPv1,45,London
nwAEemxx,53,London
aaFSnlPQ,34,Berlin
tnUNtl1q,34,London
FWEYcGfR,50,LA
rehYbdO9,52,LA
RqWL2RUQ,69,SF
o4SVlbHL,57,LA
ggAWr4HX,55,London
pDj4Aq2r,27,LA
I3OKNx95,23,London
QmtMm0wg,54,LA
jj4PM165,28,NY
p9rHyBGP,57,Berlin
hzczXueJ,27,LA
TYXp8f6V,66,Berlin
vJ2xb79H,20,London
JXW7IJD4,28,London
npAiOUo7,51,SF
AkIhxi0F,37,SF
v5ayUZ4W,33,NY
5NBy6F2i,25,SF
iat4ebAQ,29,LA
qrss9cKN,32,Berlin
7hWFZS46,62,London
4MznXxg1,62,LA
zJ1wWz43,53,London
7dd3fYT6,46,Berlin
MRUNOtyr,55,NY
7NvUt0As,37,Berlin
hlxnn148,48,SF
D1xAbUqV,34,LA
9prmvTFT,54,Berlin
nxtZ1l1H,19,LA
QZJPaykD,59,SF
NUvRGxcA,31,NY
4yWT9UWP,63,LA
b5nRFYsV,64,SF
PLC0svys,60,London
Kb5U2an4,24,London
HGgMctNp,30,Berlin
Q1hAK6Fk,22,SF
qOi5z4EP,42,Berlin
22hb5POj,54,LA
winVwyY1,19,SF
4dp7bEHw,64,Berlin
YWbpvYM0,42,LA
oZwbpBOZ,18,NY
DVk0S7PH,53,Berlin
2XFsrTMO,57,London
gmAg7mSt,65,SF
aKhQgFeZ,66,NY
CfeMbyHZ,22,London
UCOAq5oO,30,SF
irnhnKtE,55,NY
1D3GjqXs,25,Berlin
ndEiUgdb,68,NY
aZxgvVzg,36,London
gQNU53jT,63,LA
aieVcahE,58,SF
KlMJjAAs,53,London
Wm6CaJcA,55,Berlin
BPASilYO,67,LA
cGo9mMK7,23,NY
6tiqvjBW,21,SF
2qwiirYO,27,LA
9Xlv4sAJ,59,Berlin
4nLpRTDJ,69,Berlin
qoYHqm8n,44,NY
suBXINsA,41,Berlin
XMyVlnRd,65,NY
sntry979,49,NY
uDaIQ3wx,52,London
5zOC1hCu,62,Berlin
aLBu6QmN,20,NY
OvPbhJEr,27,London
XYX4cP3G,32,London
f60DnQqr,67,NY
JJz1n6yz,24,SF
dJ2CfroP,34,London
LOcnBYkV,19,NY
zHrkC9Ox,64,NY
Cq7ghVHX,29,LA
AVkoqdq6,25,SF
r7VbDX7K,20,LA
t6wUmERO,44,London
9aoZppW2,27,LA
RACS6WN4,19,London
N9IQDnJb,28,SF
jl2BQqoa,32,LA
uwgwyqxB,23,SF
NuPLSp7Q,25,Berlin
bYye3zPK,36,NY
9nIvX3Rk,62,London
Hx12QLD5,31,LA
xsm3fI6C,61,LA
Ul4d6OzJ,31,London
hdXwh9hT,35,NY
uIyAI9O0,46,London
Ao4C10rc,32,NY
vskm8BPR,44,London
6JAlQE72,53,Berlin
7x0AauLV,63,LA
L1qByh03,32,Berlin
LeT9R6Kn,39,London
RxkC6vzp,38,Berlin
TJotlQCQ,32,LA
34ZLpRbS,47,NY
fCQvvwTL,57,NY
ORQ0X0Lk,24,LA
6Vd48J02,18,London
I4gUHB7i,44,NY
HUUJ9a1C,57,NY
8ngHzVBi,48,London
lANTupax,25,LA
o1uD5aep,22,NY
Xqdjxfri,21,London
YzowcSYE,25,NY
0Rog8C3Y,39,SF
DhNMD8qy,30,SF
S4Tt382w,18,Berlin
iUenUBF8,55,NY
DwpVT6yY,67,Berlin
xmQST3rh,68,Berlin
dtrZrurV,34,Berlin
meHrMDIn,58,NY
nVJhK8DT,61,Berlin
JSMBJiLg,32,Berlin
D76va4K3,56,NY
Onw6vy4I,46,LA
26yKNeir,61,LA
ghoxh2Kz,64,Berlin
RTYOPwJt,52,SF
D7xbOSjc,64,Berlin
PN3xD8KF,63,LA
f80juvzp,68,LA
7griUOeg,60,LA
65d1cmzf,39,SF
b7Ha4fyU,52,London
zyOLVnrR,40,NY
Ncx4tqeM,54,LA
oFCRKFtV,30,NY
juQvbpYF,40,LA
Wl5f5V9f,62,NY
DpDzGwl1,32,SF
XxyXvum1,38,SF
xQUZgC7v,20,LA
zbjR123B,22,London
WvqnIuU2,32,Berlin
L5HjsI51,66,Berlin
1YW0BD1g,61,London
wKgvMqCl,49,NY
9RDJUbya,50,SF
jakV6al5,19,SF
vBqBlowm,34,London
g5Mkg1TV,31,LA
JQd1VuMO,56,NY
kFXUZnl5,33,SF
fcwvEIq6,61,Berlin
LhjrkbjR,35,London
atn728t3,69,SF
h3QyTXuG,20,SF
jc6EIoUI,22,SF
GVtLKrxx,32,London
Au3IQ8xY,61,SF
AerwtkMR,45,SF
kQCFn27E,59,SF
mUITW4zE,19,SF
etGEGCIN,47,Berlin
wwuVYC80,26,London
lMcdUNQn,32,London
sgKIMpEv,65,NY
vUjSF2Nu,28,London
lFjjgcbw,32,LA
60wGJuZ9,60,Berlin
wodv6muJ,49,NY
kaC1lifc,58,London
9GpsC3eS,24,London
K25rAgnV,65,SF
nFt7cGiY,21,SF
bj5tSuWf,44,SF
pIrTpc9B,48,SF
vcCwp9lj,49,Berlin
oiIrTtXk,55,LA
FkUcgsr8,39,SF
AFmwLtEN,48,LA
9IMPbOfD,63,London
9Qjkk0fo,60,Berlin
6c3W5dZh,28,NY
lia8flbD,32,NY
P1kakUHj,46,Berlin
dtF86w1k,29,NY
vjMCgTwT,53,SF
rluOCd1L,25,SF
ivqxog6g,38,London
V7oa7OaL,65,LA
vU0QIwiX,61,London
36WMXlHL,20,NY
msDYkbAe,56,SF
ESSuMyba,36,SF
m80HnWwT,18,NY
yOYUfXyY,40,SF
X9AmVust,69,Berlin
BPQ7kDLJ,36,Berlin
Mw0ngauX,44,London
AoqxR0p1,61,NY
xrgCgDpT,33,NY
J8yv4GXN,21,NY
F22lfQ9K,29,NY
gg8kYNnB,46,Berlin
xVaFABrn,31,Berlin
p7Jt7Ujt,21,LA
4W5BpVa2,23,LA
RzVXP6Yd,39,London
CPA1Xcfk,52,London
7ISNi92f,48,SF
KsozeNDW,55,LA
HuJb6hNn,50,Berlin
GjVotPkk,36,Berlin
XyX3lDvf,59,Berlin
WambtW4H,49,SF
qmwe21tf,40,NY
M6cYn7Ti,53,LA
NkogTm5S,46,LA
xQjn03J2,23,LA
R59jYogD,47,Berlin
ZreA14Fg,56,Berlin
M6oj8z0o,57,Berlin
avIldbkP,43,SF
e0ei88mP,23,London
I9McaIvX,23,Berlin
ItAc2lvP,54,LA
00gAeeG0,38,SF
LBNQEdn9,36,Berlin
gWGAiark,69,LA
zzpAU8Q3,27,London
VxVPVPXk,45,Berlin
iombPDMA,52,LA
Lrv2vqXU,41,SF
XcCmdLEo,29,Berlin
SX0RAZUi,43,LA
6sUrVskP,29,LA
mOjTr0gD,21,LA
KccwVUd9,49,SF
FnrJU4K1,44,London
qhR0wisS,64,London
eCa8TG1B,57,Berlin
VfnxqXbW,51,Berlin
SC3lbt4M,30,London
94dZR9rx,26,LA
cU3iwgMR,54,LA
0mXFdUGl,22,SF
K69g6iZe,39,SF
1DgDjHCK,34,NY
QU2Ja6EQ,46,LA
tHyIXB4F,30,NY
u7L4JTXl,31,Berlin
EB25UnOZ,61,NY
Vb67vIEL,60,London
N4u4KtvF,18,NY
0T07BTlK,21,London
5TgTJrx8,43,SF
SwMZuGeH,56,Berlin
wCDqhECR,38,LA
UNlpCqBu,66,NY
KiuY7Mo3,23,Berlin
TI6xx415,28,LA
xy5nP879,62,NY
wAGsMbRM,38,Berlin
eanuWh25,41,NY
EY7FQpF3,65,LA
rabF9W7J,33,Berlin
mMUIRu4H,31,SF
FZw69oNY,26,London
WOnvAxSv,38,SF
saQvN6Fz,60,SF
womUNFkk,37,London
16YP1mwF,43,LA
WIwML1fF,41,London
W8szkpHq,50,Berlin
rGrVMmaO,21,NY
aczOoqKc,64,Berlin
BpOdCAoS,52,SF
Kqoy1rGf,29,NY
RIlZC5rt,54,LA
jPzf81Cw,54,SF
DeEGRlVa,63,NY
FPKv36k1,30,Berlin
JWr7pRKB,37,NY
ZojFDD9k,67,London
S15SwXks,35,London
Q0uA6mjj,63,NY
hayK5lm6,58,London
txLCOviJ,20,Berlin
hObRZLFR,38,SF
Z6pl8ULY,38,Berlin
Q31TMAAj,27,London
C0m8HQjs,65,SF
P1fFyq3G,37,SF
wGJau1vI,39,LA
NafRKGtd,59,SF
sgxCyVU2,27,Berlin
26zMqUzM,28,LA
qpGLF7Im,50,LA
fcr8cSri,66,LA
Kxwkhc7q,46,Berlin
hIpHFa49,58,SF
wcOgkuHY,33,London
pENPpQux,23,SF
ZTuY3T7v,58,London
YyieEkcP,44,NY
a2yqM2w8,43,LA
cRqDJvxj,53,SF
KGZ20Fe6,49,NY
RpStFOCv,39,NY
tV3N5Pjh,48,Berlin
Vd0m3sZm,61,SF
4HwpN5lx,29,Berlin
Btt0WGtu,29,LA
cVbq3fWm,34,SF
fG2UDsec,52,Berlin
ebm4QFmK,42,London
iOYXaYph,51,SF
PMhVfgQ7,59,London
FZv1TT5Y,29,Berlin
taVGpRiQ,51,SF
sWUk3puq,56,LA
DGhE0m68,56,SF
jotOReB4,34,Berlin
A1FwybeL,52,London
tAWdk7ds,28,LA
yrdVbXt5,41,LA
cBqjp0aT,42,NY
25UfVatP,49,NY
rbccj8LH,32,SF
mmkY6EDH,61,LA
L9yy3mlI,32,SF
HWJNRW6k,47,London
NPUrc7ad,41,SF
6Akpwc8m,63,LA
Yfb50VoR,38,Berlin
uiavHrN7,68,London
VOX9A3M8,56,London
sTvy8peS,28,Berlin
xitSzRvM,33,London
BIP10kFF,25,SF
Lbstcuwp,23,London
u1JnDi29,45,SF
jVVdTKhI,46,NY
DcTJHrXf,40,SF
GT0R0YoE,49,London
pXhXLvRn,51,Berlin
yxnCM6y2,40,London
TXBDmREl,51,LA
hvk9uVte,65,NY
rTBoIeXm,35,London
frlq0URa,52,London
Z2y4hGh9,59,NY
NCnRPIwk,25,Berlin
cLAGlw5V,34,SF
AVqKWLsW,65,NY
X3BsGp35,54,NY
VM9dx9Xd,35,London
dKiHJpZZ,64,LA
DIvr2Uvi,22,LA
rpahErCm,61,SF
W4yPd3ZR,37,LA
mlUaczvg,19,SF
Oq9QcXRb,48,SF
WyR9FfX9,22,SF
uvRD2pXL,49,NY
TpPHAyZF,33,London
1b5PuQWf,49,Berlin
KwwEunho,43,LA
CZqdcOVy,52,SF
wNfUAFoZ,54,NY
ani10BPf,58,LA
UWz42xfO,24,NY
HbGHVVY2,26,NY
e6pEqMOt,46,NY
dUDbTprG,26,LA
Ch6grXU4,61,LA
WHNDNnxD,34,NY
yCmia14S,24,NY
Dgp6WdKV,56,SF
7AjRnfgk,45,NY
xQu5N4ZY,61,Berlin
gMKSjlhD,51,NY
9I5IpSss,61,Berlin
2xFr5imL,59,SF
p3PRA06z,49,SF
vLWyh4vc,26,London
f6bHWYTT,68,NY
cHVrLbWb,22,NY
YxgHvK9K,60,LA
VaaZEWaR,26,Berlin
b8LB7W9c,45,LA
upd4eeh4,55,SF
tAWV2IEf,58,NY
WzHdwtGO,31,LA
acEToeSI,52,SF
RZIp3wZR,23,LA
6VjFLnGs,60,LA
ozjlzuUS,35,Berlin
yVGKHEVR,64,NY
SLKRwQS0,47,London
97TGb11u,34,London
PDSSMoDr,18,Berlin
UWaobCtG,63,NY
wckxYQ5k,43,NY
0ROVxRRu,64,SF
vAU7b5Kl,43,NY
7c6Fi97A,28,SF
1nG8ZDYg,44,NY
3p3l87rk,31,SF
J2APOt4T,18,LA
wmG2VQMZ,49,Berlin
ewew4yw7,29,LA
B6Y7jIs1,56,SF
7TknS7YF,64,LA
DPrbxOBT,58,NY
xqgYrAUf,54,SF
LQ339ta0,52,London
wosPbECo,47,London
hp0SqpNE,30,SF
ZMSyWWF3,49,LA
TeifVylh,32,NY
cqs2GjIr,55,Berlin
MdJQoCzP,46,NY
am36ENrF,51,SF
MSqEiLnb,47,Berlin
G0E6poOa,61,NY
lfzWzmro,20,Berlin
MXaOlMul,43,LA
xy98C4Pz,47,LA
MXkG9bZh,42,Berlin
FlyHuCwR,21,LA
UEFBsXgJ,44,LA
cZB6jTT8,23,NY
g7OU0Wdo,35,Berlin
SfQ21SAG,45,NY
4HJZWsm7,28,SF
1P7OrmjZ,33,LA
U970o2Rg,68,Berlin
eC6iXY06,53,SF
gmwmGbq9,48,London
PjQ1eOoP,40,NY
seNCNHH8,33,LA
hiiVyxdV,60,LA
O33jKIGQ,66,London
9iMwynPG,46,NY
Ty9mfWEa,55,SF
gN5Il2Py,27,SF
HR1ArPWw,23,London
AKlS0MnS,68,LA
wfUAiHDO,56,SF
WDQfJ2sL,39,London
fawBIgYJ,20,LA
ujIibvi4,64,Berlin
m5EJOjY3,51,Berlin
DIyaskGi,33,London
mUMGCqq9,40,NY
gYA0UltG,65,LA
KgeXcWMA,57,Berlin
JZW5xjK1,38,LA
iJe0Y5SB,50,NY
al11oah5,58,SF
EEVKSox3,49,LA
Q2ImiFa1,54,NY
Zzhg7lSK,66,SF
HhIPeh9r,31,SF
wNuyHHb4,48,LA
ziVyW5Ea,51,LA
C9LKO1do,37,LA
aGbEE0JC,56,LA
bk7WlQ2O,49,Berlin
gF9iqLvF,38,SF
IrAvsFZ7,24,LA
S40omGUW,40,LA
PdMBS6fO,56,London
cKsagwgm,23,LA
uLhqHrbd,45,London
5oa2GtQN,46,Berlin
VIJVxe1H,49,NY
rsyineHh,24,London
aQcGXQaf,55,Berlin
3yM28bEu,42,London
54ZSwO3x,34,SF
vBynIYHm,59,SF
GCzobX1Z,35,London
xXbdkjwk,36,SF
ATjQo54f,55,NY
nBjTwrQC,29,NY
Oeq1oaWz,23,Berlin
xUwK62hI,69,LA
rTnvCmMm,61,NY
zAANqV2f,54,London
AYtSQ0fw,54,NY
8wOU9hqR,46,SF
Id1gs7WC,18,SF
h2s8bZck,51,NY
CTyXY0ns,61,London
U5QUGC65,68,Berlin
Hxdj5W3Z,20,NY
zIVIaRf1,60,LA
cqLmaZK1,58,NY
6v81uI2q,28,LA
IEnwRo9E,28,SF
aAexNUoj,43,NY
qqoBYhm0,23,London
Bc4LCPWN,66,NY
8K7tUqhs,62,London
G3XvxhJg,38,SF
B42F7Rs2,63,NY
NIbkiuHC,44,NY
cNdjZKaL,23,Berlin
dS1dB1iG,48,London
7pJ214cL,27,NY
DiEhY5RW,66,SF
aWNW4muf,55,LA
yALppgNR,43,Berlin
WfbtDwSC,25,Berlin
DRw5OL6b,44,LA
3i53qxEb,69,London
UbNrcdt9,63,Berlin
F3UeWmvJ,32,NY
BHEO5Dma,36,SF
GxsMjTIl,41,Berlin
JsimCeLW,42,LA
cOc5SxxR,51,SF
afNcpiei,67,NY
MhllYQOD,21,LA
XIC3kXOf,22,NY
WYlreWRl,42,LA
6LVOZASH,47,LA
yorpiM1g,66,London
XA8qgdtu,61,SF
IHJro7cW,27,NY
X3t1837q,33,NY
8uD3CCHM,22,SF
6RNpPxNc,38,SF
jAFPPaH3,18,NY
XDaKbLQJ,30,SF
N3ahDnXh,45,NY
sh71gMGB,53,LA
Pheai0Ku,27,London
aF9MxExJ,50,LA
0IAS8EdI,32,Berlin
hJSMxVpK,61,SF
2pFTfnZg,50,Berlin
7B7VWx7k,49,SF
hI2hAib1,32,SF
0eX678Qu,27,London
Qz2EykVk,34,Berlin
JfKkWGPU,46,LA
2VTZm90I,45,SF
IRTpSwws,52,London
jiSIJDEH,30,NY
R64vxI0r,29,London
hpODlyUO,25,Berlin
oaXeTum6,28,NY
qXVnwzJO,61,Berlin
zEOBsw7G,19,Berlin
LtHqqPG1,42,NY
yLTiXEWx,34,LA
QNJ1X1mL,33,NY
0U9Dez1t,57,NY
LjfFPizi,62,NY
AZHJ1yqm,48,Berlin
LZ4bfB9C,53,NY
576IQWCh,62,LA
MjugfzDw,39,Berlin
n6jpwWpl,65,Berlin
9zsQjFHs,45,NY
04XjPeFl,62,London
SKKV4gf4,35,LA
8qA29345,33,NY
H1xCT2aK,32,SF
sLhmpOxn,53,Berlin
gdeFON3t,23,London
YSwCdWRy,59,Berlin
Vcr9lrhK,54,Berlin
2LMxnXhm,64,NY
PcUBzh7g,33,LA
zM3p7oKf,33,LA
TN1EOZes,41,LA
3RZ89Z9R,45,LA
JpPm5Ctr,56,London
o2sHxrXJ,68,Berlin
KnKjaD46,48,London
xu6mXXkh,57,LA
JIN3fKoW,19,SF
OjXr6dwc,35,London
Fqey2FZ0,35,London
MQe4EGrP,19,London
mbXXDNMX,52,Berlin
DWrkJ95v,57,SF
gPEh3Gko,33,LA
s2nVnKaL,54,SF
DGImqPzM,44,NY
bO32wYn8,40,London
sDwLj7pp,33,LA
MolfUBHd,43,SF
tDAEZaW4,37,NY
jCWrQRIN,53,London
sh8JN4j6,30,NY
S9LM6FXg,45,London
zIrChzeN,40,Berlin
UQ08JA7R,56,Berlin
k429hPuv,46,SF
U1571Hzq,65,Berlin
BH6EMLk8,60,LA
X1tcM1Vb,20,LA
IcEwSorT,41,NY
rF4GV5b4,34,Berlin
4P3WSTqf,19,SF
aejHrAET,58,Berlin
gDUvyb0k,43,London
Xl8ubVBy,53,NY
ohG6w3bR,49,Berlin
F3rgB7yN,46,NY
w4Flct59,23,Berlin
HZM8g8a4,50,SF
mbtJxM88,58,London
LrOGrxXm,35,Berlin
uoAXKLd3,64,SF
yEZwuBQT,64,LA
7yAkYZnX,43,SF
82wk86Z4,63,Berlin
Mz2CTFM5,57,NY
d09quziV,30,LA
9eDj2wSj,37,NY
7pxvT5Qg,58,LA
SKuXjK0C,27,LA
PjUsRzMt,27,LA
RYn013U8,37,Berlin
firmmyc8,31,SF
sF5mAyjg,50,NY
KHgvlvMT,64,LA
K1AaY2XR,19,Berlin
AsSv11M5,37,London
a8ANSNvY,35,NY
WMrBXeeo,33,SF
pi8VM6OC,55,Berlin
nmp9L48k,55,London
z4oSl8Qb,37,SF
1EjQgqOA,69,SF
Vt0W8va2,34,NY
NZ1f3Wb5,41,Berlin
EczluA8n,56,NY
cvFIchvv,65,Berlin
NjntmlzA,66,NY
aWYrExYE,66,SF
mFTKDd2j,62,SF
yqNmGPO4,54,LA
WsCossfa,56,Berlin
6iqsnbUw,68,London
G4BpdpMx,50,LA
xg8xNnrd,48,LA
pV6YM0A6,62,Berlin
cyXby8yW,67,NY
osd78Hz2,56,SF
DAypTNx6,68,SF
soaH95e7,60,NY
e7YpmGWC,53,Berlin
FQfeGGz7,63,NY
tPd5NI2Q,19,LA
pkmEdupn,63,LA
OQ0503HY,37,SF
dMnEsSoz,54,SF
NLwb5iyQ,43,LA
Um3P9Cbt,54,SF
KeTYhbrW,39,SF
ydtO8VeW,32,LA
mKYLPqLy,43,London
D2k9pjxx,56,NY
xsb1HYry,62,LA
pSsJE4we,41,Berlin
yu59VPQX,24,London
mZ6Y2ixq,52,LA
yZqnEWVd,53,SF
xNZ5AJFw,20,Berlin
L7EBXZbm,19,London
ZrwT3yT3,29,London
wi2sJc7x,68,LA
fwasp3pc,65,SF
6VtBlhU4,46,Berlin
q3BryVND,27,NY
J4HmuQcy,28,NY
V7CUsXDr,36,NY
HW92dBnO,61,LA
cIoVo9kv,46,SF
zcax4xOW,54,SF
MAuhqWUp,66,London
gN1pRXuB,62,Berlin
ZNKllSW1,56,SF
ICe03nG5,63,NY
PktB6kKW,52,Berlin
jrWb3qKi,29,SF
RTm8Lbwk,56,NY
SOvEOLz6,51,Berlin
qrVHndqY,33,NY
u59Yh1XO,42,LA
y1oYdtsX,59,NY
FklvZ5aw,57,LA
Cw0zxvi7,33,NY
4gYUwnao,55,LA
Rhdnomff,68,LA
3ESvJUVj,23,SF
ukCi8OwZ,45,London
TOgDmsKt,28,Berlin
TdPAaHNn,63,NY
kI6m2Glx,19,Berlin
BppMorkT,20,NY
YNy48yMN,28,NY
hgc2ogkL,44,London
urFMTXwM,38,Berlin
kh7vJD0m,50,London
0QQ1IIqP,31,LA
wTQsb3Jk,35,SF
SbR5LMPC,56,NY
pCQy5Tgb,58,NY
Mh4JBWAy,61,LA
2sMeS0Bc,42,LA
JG6F1io8,56,SF
niLVxFon,62,London
ipTINTQX,33,NY
gudd1ASo,68,LA
nJuZEPFQ,53,London
tZTrtolV,62,Berlin
Yj1tYgVx,62,SF
irFl0nAx,49,NY
1Hd4lMsR,54,SF
FZF5kEF7,18,London
qp3xhZZJ,60,Berlin
pqboTXPn,21,NY
D5nw3dk4,60,SF
5OJQLNVm,47,SF
6BKz8oml,67,LA
CR66YRtu,57,NY
ItIWRdFt,64,NY
YQlFGWyY,25,SF
JNHxVIT8,32,SF
a6O7WDHE,31,LA
PYL1EfVV,57,London
qQh6fpP7,25,SF
5hOLiTxV,34,London
x3yIwQXQ,50,SF
L4WELtyz,27,London
h4L1P59c,36,Berlin
ceT6Oe07,26,SF
897VDyGs,48,LA
AsswAyKn,29,Berlin
s4Y5m40d,47,LA
EUr55aVp,62,London
PtAlW1HX,34,NY
Xq5OrOgE,56,SF
l1wNiyaq,53,SF
XOr0Fzza,35,SF
qrLAqAeY,35,NY
xM6xofbs,67,SF
UCpKUbAN,40,NY
5BmssSea,69,NY
UXOFcUYn,59,SF
ab2BMIyK,29,Berlin
2UnnuxOo,20,NY
OOEFsJvQ,48,SF
yZINfSW6,57,London
4c4KQx5l,59,NY
VPua0dRM,46,NY
QZ91FqLL,43,LA
WHXcG0oD,56,SF
JId6pCNQ,28,LA
pq5cl8Nw,66,NY
m0QA6kfb,55,SF
32Hm3vZj,27,NY
ODO3Oer2,50,London
F18418RL,34,NY
E7JiAeTw,50,LA
vziJKk7l,61,NY
ieRjkuEx,44,Berlin
OF1hKXc5,26,NY
HmMZ8ek1,66,Berlin
BFRTlo6m,29,London
hxUcImAJ,59,LA
8hYfIXDN,33,NY
z2ImU0d7,52,London
gwgp2oL6,32,SF
UJv9lUjW,20,NY
TN9E9bDg,49,SF
WHrgxLca,21,SF
oBmR2CxB,36,NY
LHVHELAG,58,Berlin
MmhRVvk3,22,NY
Tz4Xsrok,39,SF
5gCpv7rn,43,SF
dNWaMrFt,69,NY
s2FceODN,51,NY
m5U8pobO,23,London
d0VJYNUk,31,London
pZkyo8xQ,45,Berlin
1n5gBjWM,39,NY
VUvymYYJ,61,London
y11jgfiw,63,London
aEkqjuUZ,23,LA
qxxLhMJl,54,London
QbCj8XZ3,59,Berlin
UU0GmC6w,25,Berlin
fCMYu3e6,57,SF
pTy4wYiT,53,LA
BrqgxTLc,21,SF
8JXADHjn,34,NY
IPyYHjuq,41,LA
hcyv8bie,27,London
A1kCwqV2,28,LA
wzpWwq7e,32,LA
eNULCHj2,49,NY
KTdcUgvu,65,LA
xujG78U7,24,NY
C0GXP1d8,28,SF
N4mz04Si,53,Berlin
6EAHJYHx,33,Berlin
B4RLk5U8,50,LA
8olgmKyx,57,SF
mKZwPU57,52,London
3SVuFEjA,65,LA
Rs9zfR3k,48,LA
DL8jsqWS,56,NY
Evv9W7EC,50,NY
C6ufqIdD,54,Berlin
exJWdMNv,64,Berlin
ctwjkUBb,59,Berlin
NouNbB6r,25,London
2SVLjCrV,23,SF
U9i7BF6E,53,London
EIMfTdzp,29,LA
LOoR67Q7,27,Berlin
KxgkJ7gb,31,LA
GwP0Kysb,31,Berlin
CEnPq7oV,46,London
itBqwWsN,42,LA
UL5G4JiD,34,SF
kXUfi5xg,27,SF
FRU15Owk,48,NY
3OJroWWH,69,LA
TqOk30Zz,58,SF
dvO5lxnW,53,SF
6ttRPB63,60,Berlin
70xHmyf2,36,Berlin
1gaRqWVd,51,NY
9OOFnkdu,69,NY
hs3OKUxj,65,NY
WTBqSr6h,39,SF
6s5RQDaD,37,LA
R2ZU6rZI,53,NY
2pNTu1IR,19,LA
tjV1m1HN,54,SF
Y8yrWSSc,43,LA
IBGuHPHl,44,LA
BUGDb7ML,46,Berlin
uJIp2LgB,59,London
Ss4GrJXT,35,Berlin
tgxCftkq,18,Berlin
uTTkggXe,61,London
TcSkMBDA,53,London
LLM0IakB,68,Berlin
1J1yeyUb,66,London
u5zEQPWa,69,SF
uPuqWI4y,40,Berlin
QQWm2Ejq,65,Berlin
cXMQ9NX7,55,LA
5MnqsoJW,56,London
m1Pjbs8k,30,Berlin
963eFB18,52,NY
bUJOjZDn,44,NY
FL9MlT6A,49,SF
lf1MyLXS,24,SF
MeWJoZl3,68,LA
YLe93ESW,39,LA
ZoIkIHQk,52,Berlin
a2mLBjuq,48,LA
z3CtdSVV,62,SF
cHxm4rBk,32,NY
aA78xPkA,64,NY
8KZuA0MI,67,LA
r9tBc1OY,38,SF
boGbvEns,35,SF
igNfhKlB,29,Berlin
52zFud4z,37,NY
L2RFq5vt,60,NY
X3oR9KjC,41,SF
tNBS5Nga,48,London
s5q1v96v,22,SF
Cf9CfTAm,62,SF
nRkM693G,46,SF
9a0PB0A0,58,Berlin
0q7YowhA,27,LA
H3hmLxtm,45,LA
1rc16fnE,43,SF
BBc6Tut4,45,Berlin
dGUfzPyZ,42,NY
wgyVpA3B,58,SF
gpMJaVCo,36,Berlin
Gx7FUZ3P,58,SF
ykh8slu6,51,LA
w4B6kkii,43,LA
WV7khPVR,62,LA
8B5QH79B,60,NY
aGNDCTYW,62,NY
RJQ4RtAV,57,London
eLU7wrYm,57,NY
ovOlekus,61,LA
9k59RF4G,69,London
u11E7DwG,48,Berlin
Vogzg8Q5,32,London
IyCPSsMZ,62,NY
7m839JZu,29,London
BUDErtw7,33,SF
ZTacwcvK,33,London
6ApDgk7O,56,NY
WKpJqUt9,35,LA
tXjwrYZo,53,SF
x5bmxXtb,61,NY
kHoV8UJe,33,LA
6RuE8YnR,19,SF
592ifnea,22,SF
bSDiyayr,43,London
zauvZ1JB,59,London
ZLCcUplU,42,London
8AHXFb9L,60,Berlin
N3dpGqHK,40,NY
PtXYfIdW,45,NY
Ps61FDvp,44,NY
fmlvYoKw,46,Berlin
1yDTNHhn,43,SF
4bes20vl,67,NY
DRsD1I7P,32,LA
vAc8tGDe,19,Berlin
s2kcGVEP,39,Berlin
Bu7AJQlV,35,LA
3v5BBBsZ,55,London
aF3nLf57,44,Berlin
RCoYr97h,65,Berlin
eCgSwbb0,36,Berlin
Q3os3ta5,54,LA
Jb9H5T8e,62,LA
xmg3717a,60,LA
pvJjrfif,40,NY
WwEnCF2M,51,LA
oLwoy07p,58,NY
oXCkQMYA,23,NY
RHVSSpD9,31,SF
jdhvJz1x,18,London
vhIWOIYE,46,SF
ciZJ9KRY,53,NY
QJQXCIBl,28,Berlin
4DGq9R8j,46,SF
SdYcRSYT,65,Berlin
jkXW0J89,57,SF
azERYaDg,44,LA
tp1t6AOH,38,London
h5ankDsF,66,SF
BsP0e0pR,26,LA
W6RqHZqP,56,LA
8138tqBA,61,SF
9zhLFUqE,61,NY
55xfWhdn,59,London
40g2eRHA,46,LA
uoDe2DjB,51,SF
AiTkbZdI,33,LA
fR8FQFS4,61,NY
gQvQcZxX,24,Berlin
GOqGOtR0,55,London
RxeyMgVf,27,Berlin
iUlhUYXf,20,London
c3bWzkeJ,41,NY
EXzvSVJh,33,SF
swwJ1bWo,52,NY
xWbzSs6x,29,London
W9GPO6DG,44,Berlin
pqMQ5ny6,52,Berlin
7QIYU3CE,61,London
sYc6ECDB,38,SF
D5Z1kZo8,24,Berlin
fF5mv7Xn,51,SF
M4b7R5vw,22,NY
yd4F6ush,32,London
u6wyBOOs,18,Berlin
VYw6QNOX,26,Berlin
ystHQ7G9,47,NY
KDSw3ZJy,41,NY
LPQSQJc1,62,Berlin
0Ld6huk3,69,Berlin
bDgil2z9,58,SF
zBFkddlu,42,Berlin
8ef29Lfr,24,London
x4PSgB65,31,London
1wZl5xaJ,54,SF
4lHSBHWI,68,SF
TQIjE2Wd,41,NY
31Q9pe1I,25,NY
FRC5oSFh,42,London
SYl40d9a,62,London
rYy6ZQj2,66,NY
PoLCbF6q,64,SF
YgGhKn3J,42,Berlin
F44KkFgj,20,LA
pm89RHaU,41,LA
wQZ0kVPC,65,London
1uYmDQEA,27,LA
ac9GzlOI,25,LA
iVKH8CgU,36,SF
buoJjxW3,40,LA
yti6QsDs,19,London
LoDaTGxY,27,SF
tZz4St35,54,SF
MO9flwgB,41,LA
jwHTGaVI,65,Berlin
UgQhJqVC,28,SF
UCrBtQem,45,NY
VIWta6BH,26,Berlin
v2cJu8Xd,67,London
Om4C8WMu,30,London
SlRjnn3C,55,SF
dKtkYQ7H,45,Berlin
5jisjKgZ,52,Berlin
QSTwEzl3,54,SF
Gn95sBki,55,London
DhZkal5h,38,NY
WRWKnv9R,22,Berlin
CjwEkduK,57,Berlin
6HP1qsZm,37,London
8VxxDGHM,58,SF
jgyno8KA,54,LA
A9zmxvT0,29,Berlin
yBqwd3lg,19,LA
ma8DbpMF,20,SF
C6xGuQFj,45,SF
us5U8Esb,36,SF
6bUwuy0s,35,London
5ot1xoKR,46,Berlin
LgjQjmfk,22,Berlin
7LDeHpbu,42,Berlin
gk4FdjjJ,67,Berlin
Jyk8kYmp,20,LA
unyXZlnR,22,NY
t1oX3e6t,25,Berlin
8SADjHYo,20,NY
LWgBlj05,39,Berlin
5znZNCM1,36,LA
fqsla9ff,60,Berlin
20VVJsVb,66,London
Pz0y74MZ,60,London
mAL0OEzS,37,SF
2WIZUAu6,37,London
3cIGjIaO,38,SF
CjQfN9H8,61,NY
sTWXyk02,45,LA
enqBsfcZ,36,Berlin
iotjuwig,68,London
XKrcARiJ,56,London
tXW6PZ31,39,NY
bSqp9MCe,18,NY
ZFmeYAAk,43,London
yKs4m1x4,29,LA
Eo4etL4b,38,London
jqXDQO11,23,Berlin
hFVPFvnD,62,London
iSFhXeHh,19,LA
D4RFeFd1,59,SF
rKXNmH0V,47,London
kfBsyHo0,22,SF
0aLlBE53,56,LA
anGXE5vb,50,NY
HRD67O14,54,LA
44Efv9W1,25,SF
03cimstB,57,LA
8pfEquaf,61,LA
pE11UfVO,52,NY
niVwjJDw,53,NY
7GYlNGYK,38,London
Qp7UGa2P,45,SF
Dnm8tXa8,25,London
glB5MK8w,49,LA
MwXOLQdH,19,NY
QZ3vG6kb,26,SF
22UpBbYg,51,London
tONzg8Wj,26,SF
SdEWj64o,26,London
4OLtROjn,44,London
lbEuY3Jz,54,LA
K6TYUoaM,37,LA
aaMPIyCy,29,LA
PjjZ3BhP,62,Berlin
TNjxM6s4,19,NY
gY3roZZc,28,Berlin
Ek2la795,62,Berlin
JsmBjoRF,21,London
g08eR9ri,45,LA
WsxcDbEg,37,LA
T3NAocXX,44,Berlin
IAkknbFR,19,LA
t60734ML,66,LA
JyJoTXWT,42,SF
4At2hYFw,23,Berlin
bJmfoncT,45,London
W1y0JpEK,56,NY
8Zoxc0GM,43,SF
Lv8fCR1I,20,SF
pCca8tkn,49,London
zAv41JrM,60,Berlin
qJQoFC8E,58,Berlin
QSI7nMBP,53,SF
N5kxVUD9,25,Berlin
gyu5hKAl,44,Berlin
68EV7Jkq,27,SF
zKhNsL5y,42,NY
Cn6xiKUB,66,Berlin
dOueu7xV,23,LA
wMdh4KXq,55,Berlin
lddOnMlG,22,Berlin
LAJudaXq,45,London
y0Nv8eAJ,20,London
vLNgeUia,51,NY
LG468XqY,44,SF
5T7GTz8C,27,NY
AmbzCQyN,51,Berlin
p9fYUZbi,69,SF
DFIbbzxy,53,SF
SUl5WTXW,65,Berlin
hYZrF0A3,26,NY
t06cNO86,27,NY
QPM6GaBg,21,NY
lE50IUoB,62,LA
K8DiYut3,56,NY
lwThdrtl,44,SF
SYwhBRb6,51,LA
XQv5ExHr,49,NY
72FGCLg0,52,London
e2Tryy2j,59,SF
qSmKKZii,68,SF
5m9ZVRiz,44,Berlin
48E4G5OK,49,SF
tVZ2RaGr,34,SF
pCIa5Uer,48,London
UOmuklK0,28,LA
8hnYfh2i,29,Berlin
n74Z2l6G,68,SF
pxECZGsp,50,NY
TP43A4BV,22,SF
Z9EZzLRF,63,NY
S9ollmx1,27,NY
BRnyEbRA,60,SF
ONeMD7el,61,LA
EHq45lEX,37,NY
zYxe2cWT,66,London
bPxIrqmL,41,London
sRmHJEht,23,Berlin
Utdm6d8L,29,LA
nYASwikh,42,Berlin
aOrHgqhl,42,LA
e6JF6w5U,43,SF
JSAbzKj0,57,NY
ZnN2SIub,24,London
xcYTGV81,20,SF
EsMT2nWw,37,SF
E9so7Vxr,23,LA
yjBpW1JO,36,London
hpsGlEVo,56,LA
KENFPCW8,38,NY
CGlzuxvS,65,LA
hVGxo98o,64,SF
se1DVRNy,66,Berlin
2Z3HpgXm,60,Berlin
S3oW1uKz,18,SF
6R3bW3CK,30,SF
fTrH6kWn,48,LA
5hyATZNU,51,LA
iG5sJcVH,25,NY
W5UUK43O,69,NY
VlgDHUgt,54,SF
BvcK7cUb,59,London
7Ntjmhxp,27,LA
l8l72EAm,58,NY
ytOuH8y8,38,SF
jFoG7tev,41,SF
rCtImVo8,31,Berlin
mUSkoY3j,62,SF
XiJbJv73,60,Berlin
1TblbHaf,34,LA
Slii3yiW,67,NY
8WhDXi3d,33,NY
5Lut4xkT,37,SF
L0M1JgwX,23,SF
eNQ7XXBS,56,London
BahMF8zy,51,Berlin
0DhJPjkU,27,SF
Jw5F4ual,58,NY
BaGOme9C,53,LA
qI0iehwv,52,London
2GFBlDPS,67,LA
dEFlRz4w,46,SF
VFHXAQQI,29,Berlin
cEC3L87a,56,London
NVZ7a90y,51,LA
rk1bbrOU,46,LA
gAU7NCUx,37,SF
jVQ544qk,42,Berlin
YMYHF20e,52,LA
COmVHUcg,55,London
qwtI9mTt,33,NY
GAQ6XvyE,61,NY
Gk0GUkMB,29,Berlin
Efzs7HzE,41,SF
zfKum1uI,49,LA
2gXWjcsz,30,Berlin
q8Vc0rVT,19,NY
mRHeV3KA,66,LA
Vmf5NifJ,22,Berlin
JqaNrU9d,34,London
cP8f3bDo,60,Berlin
6EUxaNEk,33,LA
VP9pFzmZ,37,SF
bZdXGdTA,60,NY
NBIm45Q7,51,LA
6361Ga8z,45,Berlin
60MVU7rH,56,LA
JwMkdR6X,40,Berlin
qGIJXCP6,42,NY
5IFBhYv7,24,SF
zb8LjC4k,36,SF
dJOrgcIZ,59,Berlin
1gGPucsT,66,SF
n5hXxTmY,23,LA
z0q0mEoZ,27,NY
kYWlPAPX,57,SF
pmcNn9cL,45,SF
egBPuvat,65,LA
08VqEsQQ,57,Berlin
soNa3QCL,52,SF
DMHPw9Mp,36,London
HMr9rhsj,20,Berlin
giOq9AFP,43,London
1FQRVhOa,41,SF
h8yltIlC,63,NY
LOqV8SVL,19,Berlin
HYO4axZ5,26,London
0etHfmZB,67,Berlin
aoasHYEY,62,SF
abOqQCKp,54,LA
PSe9Qx3L,38,London
wjkymhcj,66,London
idtmHbqY,40,NY
bA1qjyZv,64,London
B1AP75cC,22,London
q9CMfWLv,29,London
BszafVJe,18,SF
4E6zYplu,54,Berlin
QlF2DbeA,28,NY
CXCLadJ9,42,SF
CIzbwfeo,31,London
XMTVs5Rk,54,LA
tT4V5u5f,56,London
biIJlOXi,25,Berlin
KMHFpvux,22,LA
TiBcjRlU,35,SF
fuYaA8wd,50,NY
Ttt4K6K0,64,LA
NqWuueNe,51,SF
hR2lR6O4,34,NY
xLJREYOy,18,London
jWshsjRM,43,London
17OI59AQ,42,LA
1C3E91NA,39,LA
L7ufXpCo,37,SF
pAeRUw9v,42,SF
bflD0kwc,60,Berlin
MjiQuhYh,57,LA
n1hMcWHl,55,Berlin
0gVFZKl4,66,SF
TGDbv5f0,24,Berlin
GHIX7hRg,20,London
zs128qPU,58,SF
5l4IvETW,68,Berlin
8HGqb5N4,25,LA
vZLJeyN8,52,LA
HglqDroW,61,NY
YxWsEk5N,66,Berlin
Ne08VCKT,45,Berlin
xLxbv8wq,22,London
8n5oe4Xl,65,LA
g0AjGoos,57,London
iM1hyVTM,19,NY
KM2dfHHZ,26,LA
olFYAAMl,38,NY
HS3U8zPt,68,SF
AE4dAcvD,50,London
UTnIwIj0,20,London
PRg1F0pk,66,NY
FAQiLpi7,55,SF
mpz2PP0l,64,LA
M4G51YhO,31,Berlin
TGgVsRBo,23,London
Q8ddAouM,64,NY
tWlK2tTQ,69,London
8jwghwFZ,26,London
C94PY1VY,61,London
EauBwxTC,41,NY
XHguhlXg,32,SF
D7ESGAvP,39,SF
Q2gFdzkw,62,LA
T2KsaNIZ,30,NY
st24BiaA,68,SF
cIbJSB15,30,SF
Hff581eI,62,Berlin
SaGSKmT9,66,SF
YCSoyyP0,41,London
jJ0yOmZc,41,London
CK8rSqke,52,LA
bPmddZx2,49,LA
SkEG2gac,31,SF
XEbxa6Hp,33,Berlin
7CeFM9AB,33,London
klmcHwsN,31,London
aSnH8h7d,52,Berlin
18xK7SRE,49,Berlin
FNZdlEGE,65,Berlin
SOzjLUtN,58,London
n4RlB3d8,44,Berlin
8FWNfA4n,43,London
Z7xBbLNy,20,London
DWvaQIUP,56,Berlin
aYmS3MQC,51,Berlin
fDBRY3yw,47,SF
xYdoshTC,23,LA
S7LXzzmV,35,LA
390cXRBX,39,London
AjMEtJyF,41,SF
4IGAIjEJ,59,LA
4e5YBWoO,31,London
amCNR8K0,67,London
BA7SI4Sx,42,SF
DCvSM2oI,56,NY
RET39sXb,53,LA
vGMqiqSr,33,NY
1jnBbzvX,31,LA
kj3nd6YJ,24,London
kR8sza6V,49,Berlin
LBWX8xHa,48,Berlin
jsyOKDmg,59,SF
4njFit1j,68,Berlin
98Zf2iZp,27,Berlin
WdLA5oD6,48,LA
dRatUbPy,50,SF
VZ2VM3Yb,69,Berlin
hbXFe9tP,50,LA
on73Jm6W,41,Berlin
8Rcmih9P,21,LA
FWIAg3mY,45,London
0cZLLfpM,60,NY
MLDz6yMa,19,NY
Iqeg1cqA,52,NY
6e17J9cR,41,LA
BWlEIyrL,52,London
1AUqjG2R,55,London
3ewfCrpB,45,LA
zynec8Lj,24,SF
BOkW4RyV,26,LA
HqYbxqnH,25,LA
cKTLZA9Q,26,London
enpTdUl9,32,NY
dYpNaUgL,22,Berlin
vwuswrv7,33,LA
pooKPnpQ,36,Berlin
32azO6oa,42,London
uuy46c7s,26,LA
0sZzopVf,43,SF
TtpUWc4A,58,SF
FoEJfUIb,41,SF
lJHfCTCj,52,LA
F9xt6r3U,66,LA
NZlrT9Ck,60,London
Pl2SBus2,57,SF
pOkxcrcd,56,Berlin
B6s0VWxQ,65,SF
RuyMtceD,57,Berlin
kvxhZKYY,58,London
1rP8hFMY,43,London
DvrLzQ1o,26,Berlin
SLTvrtS5,66,NY
h3yUTukm,29,Berlin
cRNqOb5q,35,SF
aGWufKWQ,20,Berlin
wlOlued4,32,NY
u8Vs8eDb,68,LA
ipnRtd3R,25,NY
9zy8UftR,26,London
wcdyE02O,18,NY
HnXwJxRn,45,London
0tVARzbP,22,London
0jNJX013,56,NY
YwXJMYvm,62,SF
5H0Pb3ee,58,LA
SBGTLfqy,40,NY
TCgkubji,25,Berlin
leLRbdvv,39,NY
tW8Fzj4D,51,Berlin
CeXcNc3F,24,London
AhpUDilU,63,London
Hv05pmSX,29,Berlin
WagatkUq,46,LA
QEP1cKos,38,SF
QN3rgrcf,48,LA
AHnohnFS,44,LA
i4CmxYjC,34,SF
PX5rVbKS,19,SF
8ZYu9KRA,21,NY
tFnoyng0,20,LA
E8r7H2oq,41,London
ZLkGwfcH,57,Berlin
npOoiS7t,66,LA
saMk2XTh,56,NY
xPydm8GJ,29,SF
RbugLppv,55,NY
32XpHSce,69,SF
yltrbjGW,32,SF
kS5gkmY1,44,Berlin
z5p5dYLM,53,LA
vQBHzxnP,56,London
Qbv6rcIV,47,London
ESJ5RNWZ,26,Berlin
adYNVGNB,53,LA
NNgzAbEI,37,SF
1e0RwIZk,54,SF
2Gni0RGd,42,NY
6BFyqwHM,40,LA
PfSv4Slr,20,Berlin
rydMutLo,39,NY
YAaxTA5O,18,NY
fPPzPUWp,28,Berlin
Gx3IPH8w,38,NY
mBreY8JX,49,LA
Ikdn9dL9,31,SF
3gkUO3ta,44,Berlin
Lca8TesN,35,Berlin
VCMQ7asz,56,LA
saJvQsoQ,34,LA
Fknv7mDu,55,NY
lT8kIPfE,19,LA
ujyC9Ma0,63,Berlin
zSTSQxVq,54,Berlin
W00N5fwj,25,LA
td0BV9kC,30,Berlin
Km8YlGN9,34,LA
Qn94otdl,36,SF
u2UDJH25,54,Berlin
9IU2sQwm,33,NY
vFDmD3lc,39,NY
kH843f6K,59,LA
EzHvn79L,40,LA
A0gtMuCZ,39,SF
DSdaksKu,18,London
NzUSeRtQ,48,NY
j4CzX1B6,41,Berlin
BVwbT7VA,56,SF
mvjDkzH7,62,LA
HPRD6q90,67,Berlin
xtGKtZoY,35,NY
AyEAY8u0,67,London
G0PqjbGw,64,London
q8ngPYQ2,46,Berlin
Z7kxFlNd,41,SF
cyQxR8EL,68,SF
ZlmlviNv,43,Berlin
XJRlbZiG,40,NY
IP2wMNsG,59,LA
1yGTVuZr,62,SF
yDpp1g1N,58,Berlin
1Rhz7FuH,24,NY
c1WPIwWL,29,NY
LkrFyDBD,38,Berlin
K67BmB11,38,Berlin
6lFe9Rm4,55,Berlin
1fYPWcL9,56,LA
MaK7WCgK,33,NY
lWecrja6,33,SF
zADmOZUu,61,London
nfjZdwgI,55,London
zCIHxYv5,52,SF
Gn0mQPam,43,London
0ZIhbzYb,31,London
0Cr7sH6U,64,London
FW8A3cMU,19,Berlin
2ikVaV97,62,London
OpvzwYvK,35,London
b883ILmD,41,Berlin
nyKCH2Kh,32,Berlin
NioNVkq1,67,Berlin
FzA1VSpL,18,LA
z7630DE0,46,London
PFGZcmcM,49,Berlin
vTaQsIwU,24,London
Y97H34QO,39,Berlin
pbxMMIQq,18,LA
yizroOcS,20,NY
3iWqw5Et,63,London
kYK6q6hr,34,LA
QCCEfTPP,57,SF
1tlHcP3i,48,London
pcf81MVf,20,LA
BcFj7rad,45,SF
14AszQGp,43,LA
HQquF0OK,61,Berlin
Q1fKl2lb,22,NY
YytOuuYe,53,SF
HmiJgF7J,35,SF
P3ELjldB,55,SF
7Y7sfFMU,60,LA
26dsCP7e,55,NY
DU0Mcd6X,42,LA
vvlsiT5N,20,London
VAbIEqaM,68,SF
JzFZzVLO,42,LA
OntppdLz,56,London
xctmiVod,58,London
Cy0n98p7,29,SF
E82pTMFa,38,NY
ywPAIS5i,49,London
EG3Gqlpz,26,Berlin
A68iNukR,58,Berlin
BicJJhho,37,Berlin
7F8jmTIY,32,Berlin
qlywCZ1Z,51,SF
RlCNTQAV,29,London
N0GZUsAh,54,NY
DGgDefAE,59,SF
gVvxWLiE,48,SF
Xy3YNLgO,49,NY
wYiTCLZU,55,SF
9SmYzPHd,21,LA
Q4rEyQfa,61,SF
OXhmagSU,50,London
EUcyBTJh,36,SF
Abjm6Er9,24,London
t3mqSCKj,56,London
04iiBSC8,18,NY
VsW5Tge0,18,Berlin
x7regl9n,56,NY
bE8bDWQ3,69,LA
mPmYI9gc,28,Berlin
THcOg2Lg,48,Berlin
80mFftSz,24,SF
AZiWTWWu,28,NY
exGF3x4v,64,London
rJwIU63L,49,LA
FIYlWQLB,51,LA
GlAxaVkJ,26,London
ZKyw2QO0,69,Berlin
IL98Mkab,35,Berlin
UupaEjUo,36,NY
ZENjWKpd,37,NY
JEaasVwk,60,LA
QEqO02ze,62,LA
hOcjUk0p,49,Berlin
WiU9GLpA,24,LA
wJAFhpjV,49,London
Ymh4GKab,34,NY
tkmJlpoT,37,LA
i2PP3h2i,26,Berlin
ecKZ1cVX,18,NY
lYO9NWp3,22,LA
wMMzvwqK,27,London
2cSqbgMr,53,LA
sy1JUhD3,20,Berlin
jIXkcte7,63,SF
IoFhn1Pw,18,NY
DQzCX2h5,44,LA
yuPZFlDQ,51,NY
9B1MLcuO,36,London
3nyhNHXF,24,Berlin
HdvCJCh3,20,SF
ySFrHx31,58,SF
hj3DZHqU,29,London
D1r2qV6h,26,Berlin
dY34S5pH,18,NY
jArUpURu,36,NY
i6yuzaBJ,53,SF
3CFJXUZl,63,NY
nuHBlni4,31,London
dDqoS8OV,31,NY
Vjw4984p,41,London
VwORhlM4,60,LA
xE88Mu4f,32,SF
pMpAd8w8,30,London
syZCLh4S,61,London
gCXBpJc2,60,London
sd7dK8R6,60,SF
Y7FjgjQ9,66,NY
Nc3s0Qpj,66,LA
lGTabAhu,32,LA
paIaPSF0,20,NY
f8pg5Exi,28,SF
KLbrb96N,20,NY
VVcjBRxW,60,LA
0Rkno7ZL,37,SF
kzhh42UZ,38,LA
JQeGtqY5,67,Berlin
AGR84WOU,32,SF
AKAynu0W,64,Berlin
JRcUQrzo,58,London
izVJXLe9,39,LA
hbigmyq6,31,LA
D127POvj,67,NY
25aE9CXI,69,London
gxKZKp0L,62,Berlin
EbONlKdV,59,SF
MZEZ49lX,25,LA
6tFfmH6y,32,LA
VrHnQK3I,18,NY
NuIK8ybI,62,Berlin
OuqUsJq9,19,London
CuYPuxIF,46,Berlin
AZ9wQl1t,33,Berlin
E2QXHEcr,37,NY
ohNwUCgl,29,LA
mZrlDaFq,51,Berlin
baYAoR4S,47,Berlin
0pSABEKw,46,London
cyzXrWj6,51,LA
kxGoJof0,46,SF
CxwsDjrt,50,NY
ezrZJkf1,39,LA
l03jGGfK,34,LA
FYeMiV6s,63,LA
Zw745tKO,69,LA
m291shQE,34,LA
7IiI4QeG,54,NY
a2fLS9eq,60,NY
BD9rHaIu,43,London
cJ29Jx80,29,Berlin
3QQm3MjJ,21,LA
FlGjpDAf,40,SF
glaotm0I,66,LA
uZZJYbhg,40,Berlin
6mOuq9Hs,24,Berlin
DSrme9Nv,61,LA
VcM4NgvG,59,SF
JdzvxdfF,55,London
gXP9p9ad,68,LA
2GTCYdXg,48,LA
1DO9HYe5,37,Berlin
M6nWouMG,28,NY
VBydccGt,49,London
K7QlOqI3,27,Berlin
yymcrtag,21,Berlin
75oZYUsQ,46,LA
EWue6fJP,53,NY
3jAcdlvw,48,London
4M8tMb7G,58,Berlin
iDDaN8EQ,30,NY
zmvJ5un1,61,SF
Kb3qML4p,42,London
MSK5e6qv,53,LA
pG7wCxBf,31,NY
SiKGlM09,25,SF
5ngn8f6I,30,NY
3gyLo8ht,59,Berlin
NaVVqGWI,35,LA
2jMNeL47,61,Berlin
kUeMvYav,50,SF
cYiDQ0sf,33,London
GsIB9rHf,23,LA
6ddz0T2Z,25,Berlin
GmxfoomO,38,London
xU3LQxOP,69,London
OKoFPx5m,57,LA
aNq4k5UG,23,LA
ZXj1pLE5,27,NY
QRPZZECf,44,SF
wFVVjhM4,40,NY
gBGmCiCn,21,Berlin
OslCGxmr,69,LA
XPlnwccZ,28,London
XKEFGHiX,61,SF
Ri51gKgj,43,London
9xzLR9UW,37,LA
HtQnp5rp,23,NY
dNvZsXU3,55,Berlin
fCMDrF15,62,LA
KV3AT5Iw,55,NY
0udNsY6m,62,SF
o0BYWfQk,68,NY
SHCqT4GI,63,LA
CJ85A0tM,39,London
6hHWZ8sM,46,London
CPnDiiIG,43,Berlin
TQVKz6t9,34,London
N7STW8ch,44,Berlin
KheGaF6k,54,NY
aBjxIHh3,55,NY
vqi6ySjd,37,Berlin
nUMcFdla,54,London
Fjbusayv,47,LA
UUSOHCN5,35,SF
aKIMul2w,55,NY
hpXQtLB6,22,Berlin
IVtWBwIs,32,London
8U3PuaU5,55,NY
eU02Re1q,48,London
9SMksz0d,57,NY
4diTCJuE,59,NY
iUbomp2H,63,London
7NY7on4p,34,Berlin
ZZomiHY0,32,SF
IcnrvRUW,31,Berlin
1aNbwWrD,37,Berlin
Q3csdnML,63,SF
NeLi0kgF,54,Berlin
yFzGjlqc,58,London
emtJx1O7,18,Berlin
Z8UccgKJ,30,Berlin
LH5eibRf,46,Berlin
8lG9Zmmr,61,Berlin
75NbOMvj,18,SF
kErXwwxZ,33,LA
TgoBmKDc,31,Berlin
m0QhPgCJ,27,London
oEhBICl1,39,LA
U3pnofMy,25,SF
WhQ7h5eX,54,London
QvwWeMsM,63,LA
lZyA2oC9,46,Berlin
Usd1K0oY,37,Berlin
TLSDzyU9,24,Berlin
BRB58mJx,65,LA
vu0lXzeB,31,SF
tbotFdZL,67,London
2AzR3Tbs,50,NY
9G7PoPyO,51,SF
Oz0IqD5b,69,Berlin
aBNiBdwW,50,LA
2bSGWauN,35,London
qnKgWrow,65,SF
5mUr7Q0s,35,London
2rW67kMM,29,Berlin
lR3XTQGB,54,SF
JeZI6Sur,31,London
zV5W2lm4,33,LA
IZotRbVo,66,NY
BBZjv4bG,42,London
4pwDzxM9,54,LA
pP7GRKsg,18,NY
Ce2BwVW3,32,NY
Vnvdm0X4,60,NY
GkwbXsac,65,SF
X5zSWmbi,42,SF
EyOKh2Jv,45,Berlin
G0ON5KPt,41,London
s3Kj5lU3,44,Berlin
uBtqE7pC,43,NY
BASL8nDq,44,LA
Mk2dXMIH,38,Berlin
QiB1jk4B,49,Berlin
20gL2tSg,41,London
1GMhjwaC,18,NY
KGF67ubf,57,Berlin
m9Md0t7J,59,Berlin
HTGV5fS3,31,NY
4Y848rY4,67,NY
GpvleAAR,21,LA
aIo78hx6,21,SF
7dr2LKcQ,33,SF
0UKcI3vM,62,LA
FeXGdemq,37,NY
rvJXFGvV,49,LA
UVUtirq7,55,NY
2T1fDLUb,60,LA
XuCi5uE0,62,London
Wr0Tq4gC,50,NY
mku6YkwW,63,Berlin
bFT1VbB9,30,London
6b5vu3sG,34,Berlin
MAZI54Rs,45,London
cD5eK7Oa,44,NY
ivt8j985,34,SF
dDjENwvC,26,SF
HPzPyoGh,46,SF
nB1AT0H0,19,Berlin
0z0x6U2J,44,Berlin
jbd3PRIa,48,NY
d183d8fc,59,LA
GN68PtA6,62,SF
nPNUCDXY,43,LA
QROhCaEe,28,SF
ma8iWSqP,27,SF
5bc0CSPB,56,LA
33poo6AX,28,SF
v3XGCCJN,44,NY
ukSHtACU,36,LA
Zu5U8UBv,33,LA
B5hpTNo9,42,LA
mf5aixG7,45,NY
hdNAgHB3,54,SF
jlpOkyBM,38,NY
l9nB8OYV,56,LA
w0fu29NG,48,LA
xv3RUD8O,29,SF
Pl1jmdHS,36,LA
WdsNAs74,31,LA
u5nFdM3I,64,LA
Gb1yjqEx,47,London
eOFgczYp,50,London
0DAgmj2k,50,SF
1K8K5uPw,42,London
4N0Bgpr9,46,London
qI2BhpU2,40,LA
rbKZlGh5,55,NY
FVMxc0mB,24,London
Zd925Lex,67,London
1EjiYfMo,31,LA
hYnhcWK0,38,LA
W2M74TmY,48,London
ZQCs8TLh,20,LA
YTUFgHLx,56,NY
nSeTXJb0,35,LA
wXsZvfmC,33,London
8hQYKfV3,32,London
qbk2i4GH,19,Berlin
zRkdjFqD,60,NY
5adoAfwt,44,SF
ywumCdhC,42,Berlin
nCbx4HIc,43,SF
jq4MxOLK,69,London
RaOZid71,22,SF
m3lqsRnF,53,SF
LLPcMfgg,56,London
Ms8xNQop,60,SF
a6Sfwq8P,53,LA
5TCRzpQP,50,London
0je9sHBn,31,London
x731xb03,65,SF
xmcNPjZ0,47,LA
qujELmDb,22,London
NhFOtYkN,51,NY
sTMcu5s1,21,SF
ancHXZJo,61,NY
HMvOxY8i,44,London
yktvsdss,33,London
CwnbINHm,58,LA
6khIkgqV,29,LA
NW2CMGtw,45,London
fHWa3CWa,61,LA
oOXy57xt,29,Berlin
0YqeOk2o,29,Berlin
32LREN5i,46,NY
gWWqjMlg,53,Berlin
qXAPlLSi,62,SF
KJcjmOGk,50,SF
EuHFMCqN,61,Berlin
0edvCNoX,53,Berlin
3BipzbYt,22,NY
JoeMVnMs,20,LA
9QbJ9AuD,20,NY
5xTlk0su,41,LA
dDh6a5Rv,43,LA
gmdT10oO,49,LA
hC0u5jzx,37,NY
tbAlACyn,67,NY
4DU1gIJG,43,Berlin
cUmZiWUu,52,SF
itjXXvWl,68,SF
DsF4AjW0,30,SF
xa0HXliW,22,London
e87SOCyu,37,Berlin
Ub8MQh0q,37,LA
JhoY5xX9,24,SF
cZ29NqJx,56,LA
9Dtm7h2W,24,SF
QYYMUjqH,24,LA
HqLiehj1,32,London
cwoLdkzR,25,Berlin
CGfBYOef,38,Berlin
jDXpj3xF,23,LA
JZzkeZaF,69,London
0unnlObi,26,Berlin
h1NjKv77,27,London
O1AmUdwX,49,LA
Lfj9fkDT,46,SF
O1wBGoKO,49,London
aCsybSvu,26,Berlin
pgRiecWL,66,NY
N3ost0AB,57,SF
s6xgVSE8,33,London
9JqdWa2i,47,NY
lAgN3q2c,50,LA
Y9e3nnya,52,London
2XToM7kx,25,NY
wiP3U74n,24,NY
pW2JjywR,27,SF
YaYBs9mZ,37,NY
F1ydhqUo,61,SF
GiDJUGHg,23,LA
2eUjxO9t,39,Berlin
2qejqiaD,28,NY
vTPlMl03,39,London
R2ZWpsvg,66,Berlin
6uos0xRF,25,Berlin
6WgMPBb3,46,NY
adeRQ3E3,56,London
fUaLsrj0,35,LA
Oay5aYuS,54,London
Lw2nixTg,52,SF
NUBis7jv,42,Berlin
j6zSdIlD,54,London
pdgAxLL3,54,London
6gAwHQjM,68,NY
6HH8tXuv,30,Berlin
PEQzQORV,49,SF
QDBJrNZo,53,SF
N4iTp4Ox,29,London
dgPDpKzO,21,NY
GovDCISC,29,LA
CJtgYlHw,59,Berlin
TMtlmeyH,60,Berlin
kkOqS1wv,36,SF
jaF5ZGLE,37,London
7Iz5jxo2,47,London
ST7vgFGh,47,LA
7KGCWG6r,31,Berlin
aVK2x4AA,25,LA
LSHQpZoM,44,London
Xv713cKz,68,NY
Kw0teskG,30,NY
SnWfGzGD,37,SF
eSoFMccU,58,Berlin
xOmj4crs,56,NY
FeF9fWuN,30,NY
8kUbJPB4,18,LA
YYkEd91W,31,NY
PytS2yl6,30,Berlin
YPV8MKYT,51,LA
cjW7LnuF,55,London
K8rH0xJ0,59,NY
Ja1wLJ24,29,SF
8DfUEg03,33,NY
WzZKeUuE,58,SF
i4Cjiiog,25,LA
IvnqW1pj,59,LA
WofZsLnC,68,SF
P1B3MV7a,21,SF
kzYxKY1c,19,London
CJImfi6V,24,Berlin
cvu2CAal,47,LA
D0gSkeOs,25,SF
EETM5mxc,30,LA
0Kuap5J0,64,NY
FFUiqJ6V,58,LA
eN0Pey7Q,46,SF
PdpfZL37,18,SF
29S1Zuni,66,Berlin
cNQLu8Al,57,NY
BnU3mkLF,55,LA
CGkvAphl,20,NY
8woAvceM,42,SF
qfcu5AAt,35,London
raV7vMqN,24,NY
fkOJpdUB,32,NY
RIiw4W1N,46,LA
XVmEEEKj,47,NY
pak1qLsK,60,London
k7jbgNxk,61,London
XuFWIO9X,34,Berlin
Ox8qxU3X,35,Berlin
vwjNyLTm,54,NY
JDCdVgxV,64,London
cQcjym4Q,67,NY
s4x2zbcU,58,Berlin
VSnRxkIU,34,Berlin
J9wqE8I7,25,Berlin
XXxTLupQ,23,LA
CVTxl0vb,61,NY
JO8qLB87,40,London
ha5z2l7T,64,London
q5bTLdCw,56,Berlin
lt0GgD3g,58,Berlin
ixuVczyT,41,Berlin
3pJhqU3W,35,NY
FydxlwVr,40,Berlin
Msd3VFwu,50,London
cSfxefHC,23,NY
YKQKgnIW,48,SF
coC5OXOn,33,London
1dMJlf8h,64,Berlin
Tft059pm,68,SF
xEsrNput,66,NY
zP1vvSbr,50,SF
aUPLc0iz,48,SF
6fVjT1Gz,49,London
dZgONwqe,62,London
Z1NFzxvd,48,LA
yz1lPcSL,57,London
eAV5qIat,47,NY
Vn9v1Qft,56,LA
SKIoMF4U,51,SF
GAJSmTjI,51,London
9VhF0kyt,38,SF
nVOnfQXR,26,London
usnn0wrU,39,London
e89SwpfT,42,Berlin
NU4NwcIr,32,London
mYLlsiUa,51,LA
KzRhwH8R,30,NY
oanv9eZX,55,SF
Hf9nvj7e,50,LA
IqO4n2Zj,56,London
HwdPQK9t,42,LA
ZpWkD1nD,67,London
VNEKAOk6,64,SF
ETAlTx5T,29,London
DbJ0FdSN,54,London
i8Kxp2Bj,24,LA
gMDmajV7,66,SF
gzagHCuL,68,Berlin
jgJpKCvQ,64,LA
is6W8roh,52,NY
gSbPIBKv,63,SF
lUmgWqH8,27,London
Dgp3KIlS,47,London
rn8Rkf0o,52,SF
6tApD2Q1,58,London
eOlFOvea,44,NY
btkhIvR2,47,LA
Ra5NEiSc,60,NY
axxIChAt,60,NY
dnYaGSpi,50,LA
ZcF1aLnu,41,LA
Dk1MZGVB,23,London
2hg8gF1H,22,London
2iksvPyq,24,SF
MY2St0B8,30,NY
XsmigMGh,66,Berlin
Dguzmve2,67,LA
HtgD035p,43,NY
pWHwAc5M,45,LA
wun8kUGF,58,Berlin
8aEr0GnO,66,SF
g59xSBXd,31,Berlin
XAVJCgnr,66,NY
HF0YBVHx,53,Berlin
E9eOxuii,29,Berlin
UjtJCDN1,57,SF
nVVhpGmW,37,London
JVGVc4eG,36,London
BL2bLFZk,43,NY
rwGZI1v2,43,Berlin
QRvIQmgq,66,Berlin
P5PVfAdD,52,Berlin
e4x2HmD5,42,London
4qQYW3Ah,51,SF
8OeUCzFg,54,NY
Xe8aDYkJ,44,London
6JQcRz2l,23,NY
cKKIU0HM,68,NY
wMm7V3Vp,63,SF
GFd4cEv1,47,LA
oaUK6kC9,28,NY
grZu0GQS,59,Berlin
tTEDyQqf,21,LA
YW43bETx,48,LA
jRxZjVQw,45,London
E5U9TRfO,41,LA
DtnHrAig,23,London
fqSPBiIn,42,Berlin
SJdZUY5j,35,London
yu41kx3C,35,London
R6AZ5uRf,62,London
pPe7dna1,25,NY
xZMDYxWr,51,Berlin
PjQtVZy2,29,NY
v7qW2ZC8,46,NY
fe3W4L58,64,NY
cSJWBVRo,67,London
M1YdmTh9,62,LA
gtRWt165,38,LA
7q0GqDjf,21,London
IY8kI597,29,Berlin
5Co9kl8d,29,LA
uPTkTgGc,21,London
zOubqtTD,36,Berlin
F43eIuGD,56,Berlin
kV05Hmo6,33,SF
e3b5lIUv,69,Berlin
LERVWcDL,47,London
CovrPUNm,68,NY
KQ33Tm2x,38,LA
kQ3sjfEV,43,London
QDAY7Irw,61,NY
6NYg6DY8,58,SF
0Wzx07TW,39,Berlin
Ywjp28Hs,42,Berlin
xq5RTWPG,48,NY
ROd5SeBf,55,Berlin
j9dqGTqY,58,London
W4tjIf8n,57,NY
vd3OFjVk,69,London
Wo0K7trr,31,NY
yILcsNBl,35,Berlin
cN2aooRB,35,Berlin
I9JnKqVx,19,SF
pVnXvE27,37,NY
JUQWF9iZ,23,SF
YACeokEI,18,SF
UnxLvaOo,69,NY
c1kWTLXL,23,SF
m4gX5jNw,36,NY
rl3ueANv,23,Berlin
On42KqS7,27,Berlin
BLtf6LRh,31,NY
l6L8KICd,53,London
50St3Sgd,43,London
GDn8krz9,66,Berlin
htTKz2ww,56,NY
PZCupMfA,22,SF
QY8ztwzj,18,SF
pqNERf68,66,Berlin
BygBPtct,34,London
OHTPmJ7L,32,LA
kwbnqJkm,18,London
gGAefghZ,44,SF
u4IsSHWU,47,NY
E4mwRSIe,63,Berlin
d696DNoO,56,Berlin
5Agkce7D,58,SF
27WXDhVi,19,Berlin
8SGE9QOn,40,Berlin
zZ5hD75d,41,NY
oVgcDNp3,36,LA
88xVv0Oc,36,SF
iHlerLlV,27,Berlin
AepoimBi,54,LA
X6PILq9J,63,SF
1XDFAgFb,23,NY
fZMKxORT,19,London
pm3DUxui,51,NY
7FG5Hrha,44,London
FYf50DKS,44,SF
epQt9Jar,36,SF
WKGHyprX,34,London
5uC60m85,51,LA
hsNIw2uk,62,Berlin
0c7Q4s7s,49,LA
RA9xeurh,52,LA
AKJOPG26,27,NY
F41rkX9C,33,NY
QcHZ2gyY,22,London
COexUgOl,28,SF
jfHe2yY7,39,London
2yfmnAaZ,64,SF
DhQ7bMMJ,59,Berlin
urTROVbo,37,NY
zO2khpRF,21,SF
RmoxntgM,52,LA
xMYEWZEK,21,London
oRt9sF3H,29,LA
tFuuPzb6,44,NY
V3CqJsVb,60,LA
yQPRUar5,67,NY
jzRwhCyy,49,Berlin
BC8rZqXp,57,LA
8WjaKEFz,38,LA
EYcqLT8s,49,NY
5qs7INqj,39,LA
FtqdDe6A,31,London
sTae6sLI,35,NY
eetOCDAP,19,LA
sNfAZs9r,51,LA
5rExGvCW,24,SF
rFLhNaGh,19,SF
kvQCt3Cp,20,London
5kkKouIG,32,LA
BvmLWALN,32,London
5XxTpCbl,54,LA
thFUTGeH,31,NY
QmHafhwP,49,SF
YEFIJNm4,46,LA
PwlgRfvl,60,Berlin
mk1UTGtZ,36,London
vdjdE4tM,18,London
GEVWixc7,66,LA
JrmnecrN,26,NY
CoL8zYVJ,32,NY
7H0dGZMG,58,LA
INExj4El,66,Berlin
AFFeYjF4,23,SF
tmwRfC05,52,SF
QlX8WIwk,25,NY
xAwaTZ4S,41,Berlin
PCQnTO26,22,London
w90T0w9k,59,London
nHD0xb80,39,Berlin
nqxoH1wO,18,London
vCntPAAl,62,SF
AE8Vzz9Q,58,Berlin
xiNOsJrM,20,Berlin
0WdGKKmc,36,NY
7ZssTxvT,46,SF
u4sU4led,68,LA
6EntKgL7,62,SF
sVMM6mBf,20,LA
f3m15PlW,61,SF
FcexZvE1,30,SF
HXSO5VsC,43,SF
ILN30FRR,43,NY
Hkholtmt,63,London
M5x0OQQR,29,London
KVpzX6gy,23,SF
tePtRZZa,63,LA
Wh7dxzhk,49,SF
uB7iTi2u,42,London
y7teRne6,48,NY
t4MqJTXX,20,London
ioy8CSyY,42,Berlin
FOuXitVn,24,LA
FghcOaPY,51,LA
JXjv2AI4,64,SF
kb4SfXrK,30,SF
VrTLoSz4,36,NY
rCSMFg1W,33,LA
kr1n2pXv,63,NY
kmUNrIRP,53,SF
pK8CMaU3,62,Berlin
ycdnbPy4,59,London
1WvCFEJ9,32,London
78ypqFPs,37,NY
VTcud6kO,65,SF
a9IeCztd,49,Berlin
U6CKmj9L,53,Berlin
pYphiFrS,37,LA
Cr0GuhxD,19,LA
SLiP9JVe,26,LA
IWALNMHY,38,SF
fqSpHWkC,48,SF
qDwUHKB9,19,LA
XkhL7WTq,20,Berlin
1tln0n4V,19,Berlin
0Dtrvo8U,42,NY
3kzBLlcj,57,NY
uuypPBBe,24,London
e27fPJfi,37,Berlin
bMuFItEI,30,Berlin
BAEIoKtG,34,SF
kO98gizN,63,LA
kZbeU2rv,49,SF
BBDETIpW,18,LA
V7aAgsom,69,SF
NBAv33Y9,62,Berlin
UrotomVJ,21,LA
EpKh0f5y,61,Berlin
PtjPGtIX,24,LA
aQDC6nbZ,64,Berlin
PVeGt6Ih,57,Berlin
oL9HLndE,67,Berlin
T8EjWSNF,69,Berlin
dFN4DQsb,55,Berlin
18eCmUzV,30,Berlin
wMXceVKO,57,NY
pwyCQL8X,43,Berlin
X9jDtfX2,25,London
Wyf4FqP4,44,Berlin
qh6AnV0W,32,London
evojyz04,25,NY
r3kP3dHG,65,LA
e1HVlIzu,21,London
N9Rj1Jx7,33,LA
vyNkBAqf,48,Berlin
cWIyvPXK,53,Berlin
sSJViEgA,51,London
ALusSIkI,27,SF
WtdnkoIM,50,NY
rxFvhKo2,29,London
qfy1VxgJ,19,NY
CTiO1h08,29,SF
nPXhuliC,39,NY
A2K0572h,28,Berlin
xs86x2aw,22,NY
EYjrPeWl,18,London
TIsmjW5o,25,NY
7CUPNA8K,54,LA
Jw3Dsdv7,25,LA
Dom5D1Fl,24,LA
H4wvWhf6,54,London
50Yi4uuK,23,SF
WC9Q1JV6,66,London
4SMZL1Ut,24,NY
km2nQfP7,53,NY
58IcfJj1,24,Berlin
8Rlgyyxh,29,SF
kawMoDT5,65,SF
MePcSgYi,39,Berlin
FXB2rzU5,27,NY
rEhvoqos,29,London
ih6ZfMAs,36,London
vOJGWKB2,35,London
ZTtLicAl,33,LA
eao0oAru,46,SF
d51ULEty,41,NY
kQOhoYAN,64,Berlin
VGQZ81EL,53,Berlin
w3WNYz7M,22,Berlin
SIgbI0ly,40,NY
uUanugJq,29,Berlin
XDphOMrw,32,LA
t5HqckJ9,53,Berlin
X2TTNomA,59,LA
nG2qfAQY,50,NY
PXZZTp1C,45,London
v92LXX7R,33,NY
M6uscLav,32,Berlin
Wo6d3lLQ,29,SF
D1K2UTef,22,Berlin
hWtyjdSf,43,London
x1CKBjvr,51,London
L7JMRuA4,68,Berlin
cOvfgNLS,69,SF
ZcyqUSwh,69,SF
EcrSQdGi,65,LA
UrbZUMoR,38,LA
3i0wruWF,64,LA
HeQH9evC,60,SF
sgMqHKWT,26,NY
DTtfdO5q,45,LA
5IScO4No,36,LA
pHhcrh5D,45,London
ygRqAnH4,27,SF
dJ53qY3f,43,SF
3VWcTEud,32,LA
2IxwaJcl,32,Berlin
5p6Z1OtB,25,SF
5Ds3UxVo,57,Berlin
qw5xnVjo,67,LA
ybQ7FhhG,55,LA
Pw4eGM4B,68,Berlin
FRq9wGyM,25,London
ncguKT4I,30,Berlin
oLnkRxpW,67,SF
MvahJO86,43,Berlin
Wn98PIck,34,London
2XOPmzij,28,London
OdEGZobV,60,SF
F04RQfVG,38,London
rv0pHGWM,40,LA
Y91DhWdf,34,Berlin
0yuNJx8U,53,London
Zh65Kqxs,41,Berlin
Rhqnb0of,62,NY
uYwjAjqZ,45,LA
GbQfhRq5,47,NY
RfR36zqA,26,SF
phPqHYvw,49,Berlin
roxkbxyC,38,SF
TfVz3nJf,63,NY
oyjRgV4U,45,Berlin
LYVC4ODN,34,SF
qNlhHyvZ,29,LA
EX41osfl,41,London
LSxWtTpv,49,London
O6mD2Jwf,35,Berlin
L82bA1Y2,28,SF
yBzJFbMu,44,SF
TjkiYJ9G,34,SF
kE8Cfn4o,60,NY
3r34TQDp,25,LA
pW9p8wK9,50,London
bZyLleOI,66,NY
7GUA4zTl,39,NY
xNeJPIGI,24,NY
4KkqvzHg,44,London
qq6aaJRp,60,Berlin
84Ih6CnQ,42,London
FERpr7Sf,40,NY
0DHofCoE,27,Berlin
SwzEDIaB,57,Berlin
QnWGFfs7,57,Berlin
dMXNqsQs,35,SF
T8dqyAzz,67,NY
Y3EXwYqo,41,London
VMUWYTob,49,LA
4wJ50TYJ,30,SF
OLHXfEEc,56,LA
IHGvz0iG,27,NY
8yMs9csk,21,NY
KG5HMVvY,18,LA
0tsWl0ZF,37,NY
vHM67NDo,19,SF
6CTqdvNS,47,NY
Xn9h71Sh,67,LA
46r6t5gk,64,LA
2HEkoqGk,52,SF
z2jHGXqz,40,Berlin
ms9tmHQA,61,SF
pPRSA6J5,23,NY
tKU1Ci8E,67,Berlin
91T3TQxM,18,NY
CA053hlQ,43,Berlin
6Wudm7xS,60,LA
CCK1mtt6,30,London
S3Kj6WfK,51,SF
tSCNUK6I,50,Berlin
PCDzWnqJ,50,NY
SITurlTb,54,NY
LA4wJHDx,22,London
xaTxXToA,41,SF
ua5OBTmx,23,Berlin
zpKIMO3N,18,London
UsJEy84R,35,Berlin
nVOfKgXm,67,Berlin
UVXyReKT,38,LA
o1tuopiW,42,NY
YyqS5E3x,53,LA
g3DgMIis,27,SF
9fe1jkOH,36,NY
itqQOBiy,47,SF
YdvsU9Gy,41,Berlin
Kowmc3De,27,LA
ein979zC,40,NY
L1luQSx7,65,Berlin
GanFlj5H,38,LA
OeE77MGN,32,Berlin
DBmCPtEx,65,NY
GDdm9IIf,53,NY
hQT5lEq9,23,Berlin
kbm0zkA3,33,SF
BxZ1gme1,68,London
mZnBNmyR,46,Berlin
IVSRTPeW,27,LA
prbvfDgq,58,Berlin
Mr1XMxq7,37,LA
rNVwMpCM,24,Berlin
SGpagXw2,66,NY
t7irAzMG,20,London
IJ63cOeO,41,London
v3X8MbzB,38,NY
uWkXPDkI,37,London
X1RL45XA,19,NY
ZBzW8gDz,63,LA
m3e4XAkP,46,SF
jAXdtoHI,33,SF
wCrcmPgs,47,London
MIzffg0V,47,LA
OG8OVqW8,62,London
jTEMyGGJ,25,Berlin
b21MKrPv,53,Berlin
Jp6XLf9a,31,NY
c7tajkUl,42,LA
KmDtisYK,43,London
UYf83mod,30,Berlin
62Vz2mit,39,LA
oMS6tOlR,40,SF
VQEWmFh0,20,Berlin
ejVDEbaU,23,SF
QDnmVQni,25,SF
GVTw5Vqt,22,NY
obRHffOc,38,LA
BHOPU8AF,43,Berlin
194kUsa6,69,NY
EwmmivCY,40,SF
szsheNti,63,NY
ZVtOMdRe,61,London
sk7TcNHQ,58,Berlin
ENMyiU8J,35,SF
M24qqMWZ,44,LA
VDUrzuX7,56,London
gskQgPTU,35,NY
cMhfIUQa,28,NY
Lfyw7B0u,55,NY
0neUFGQX,39,LA
adGIZKcN,60,LA
ztB7Tkfh,62,NY
avH1l0Eg,49,LA
IfhSzr4f,56,NY
LEgwK7aA,66,NY
wchQ9TXe,29,NY
mawQtAqO,26,London
14Ro751x,18,NY
eAdQNRtS,65,LA
RpWpgVsi,47,Berlin
W5FzsMIG,46,LA
D9M0u342,59,Berlin
aA0xDkDS,53,London
bVwWInXx,20,LA
9FUVISIL,21,NY
fIJVZRBQ,62,NY
fSrlTOM1,69,Berlin
2Iv8PDT3,26,London
C7ta3Psa,45,London
sWdxdys3,39,NY
yDtzuH7y,24,LA
ECfxtTsE,43,NY
ya4GWfTB,65,LA
2PmrTFh7,48,LA
xiyf3xEA,33,London
5SLAk4EJ,46,SF
uwUvrOMa,42,London
nO193lsF,49,NY
Pe8EdhzK,51,NY
gpO8hf4M,24,Berlin
K7E8tFiZ,23,SF
r91sS3Jn,58,NY
MZsUyBl5,20,SF
b9yf27hr,25,London
dwA56Qge,59,SF
dsr3mG8k,63,Berlin
8vtu13gp,55,SF
gIOAS7Y3,43,NY
4AS8xHaE,43,London
IIst8EXF,36,London
9s2vMgqV,32,Berlin
YceGA0cy,29,LA
colGlDkK,19,LA
OnARVLbh,43,NY
nhRKv0vf,48,SF
uuc4WzRO,58,London
ddUCH6Qy,68,SF
pHvbfOcm,66,NY
DBb06UWR,21,NY
Hc238huk,22,LA
bPFvSVve,19,London
z6mAv9L7,48,NY
GxHZU2ZG,48,NY
zsm6gvRf,33,LA
bpXn0zNZ,61,SF
3CTbCoeR,27,NY
tbvD7ggg,42,LA
A8ehc7C5,66,SF
tNJMj3Zn,57,NY
wp768gdf,52,London
wBRZ1Vtt,22,SF
GvPIXBDU,25,SF
sLxlBsF8,46,NY
2fV7ZuwQ,30,NY
ibLcS6qC,22,NY
Xf4hiQA5,66,SF
sVGeGekW,31,NY
ICHEf1dS,39,NY
hE7r9Peo,53,LA
WC3e7djr,31,London
8H958uQP,61,London
I5v9D5qf,41,Berlin
XFIUMGy1,36,SF
yJzSMYg0,65,London
vNB2quYt,64,LA
QfNhFMAR,46,Berlin
W6O6zyxv,26,SF
CQ8NaPeb,42,London
jnrucehP,25,London
TggPR7zD,54,London
J7yxXE3k,53,SF
eIAAZWRe,30,NY
kNx2ua1o,60,Berlin
jTBCdKyB,26,SF
z0cnmlyL,36,NY
72qoyIPZ,45,SF
nePnb4dH,26,LA
PN0z3qRr,33,London
JDJyEJME,37,London
LHuoft7m,50,LA
OfGf9kW1,57,SF
pUU56A5m,48,LA
9WzC0NEd,39,Berlin
DMEK4sDT,18,Berlin
ZVMXQnVF,33,London
krxQaaus,62,Berlin
CBlBEB59,50,London
vpfnsCKa,42,Berlin
nZGJ8yKk,40,NY
PvyJB3uy,39,SF
BqqWbXnr,54,London
2scDSQ6r,53,SF
u7VORlal,39,London
mW9CUrCV,30,London
sLpLpgPo,20,NY
ZAslgfEZ,60,London
Sso3Kd9a,18,LA
gMlQ2hmK,25,SF
I6w5CPay,51,London
nwHTkwpJ,25,SF
7fp43aHV,46,London
ZRRVKX05,20,London
36fWSil3,68,Berlin
Gejt8uoQ,64,NY
yQdRirdC,20,Berlin
Bv7pKB1I,44,Berlin
i2kCA2ge,59,Berlin
TVCtC0JS,48,London
12p8Oysp,35,London
q6vOlTkm,33,LA
9WuJdUGO,47,London
FQDTLNig,29,Berlin
a4RONy79,23,SF
YinMB5G5,46,Berlin
XB18NTKL,47,London
YXBy0n8E,65,NY
EV7wzSfS,42,LA
GJgJid1d,66,LA
1T4jprzR,53,SF
S83oWZXB,42,SF
dboLO1pv,39,London
UDY6QLnL,44,LA
UdWlnbjy,37,SF
LbvJ50Vr,29,Berlin
JtzD8GZG,37,NY
VKC7HCWV,60,London
PwmEqnSD,64,Berlin
zmLL5yOo,49,NY
UF3ggrXw,64,LA
r8cYOKcy,46,NY
Wf3Ybhw6,29,London
VR3GWoDP,57,SF
FKX9ESo3,36,London
QWUd58V5,31,LA
yws4vV9l,66,LA
uQIq260I,32,SF
xE7XeSDJ,53,London
hjAXaQ11,53,London
Zb3LQPUK,54,LA
mdnqp6jg,45,Berlin
GEzWo9oA,20,NY
3Qsda5ID,53,London
eFCaykuH,24,NY
RpKXLgew,21,Berlin
eegbgyN4,28,London
vWcc5Smk,31,NY
sruudJwJ,41,SF
b7zo4oaw,54,SF
WmrBckqU,58,London
Z1UF4NBY,41,NY
k7YtdrIA,43,SF
HyYnbptW,59,NY
RBFAuKTx,66,London
5g3U6yHd,33,NY
yCUn4T5N,62,Berlin
vaacIftT,23,London
9W5ilaj9,53,London
qZlsIqcD,43,NY
gqIiC0ak,57,LA
2lnp1gwX,27,Berlin
EJPUKVqe,36,NY
DN7incQU,65,NY
6mYLq2ak,34,Berlin
KW5bDeB3,42,London
Z044aANg,39,SF
Ac20uQNP,59,LA
tpLxZp0V,32,NY
ljZPOa4N,20,Berlin
LjyWArQK,57,London
HElPTgRP,20,London
KtW7rPOd,42,London
ieqSDevJ,55,Berlin
mGAAqMpc,61,NY
N1BNc0OC,24,LA
gxHM19tV,62,LA
SScFNjOw,64,London
CsnvQqtT,47,LA
RC49GkTQ,61,NY
c118kPid,37,NY
LT9c0GER,41,SF
ldbh25gZ,65,Berlin
1NcbLHAK,46,SF
shJow15E,44,SF
5UZW3Qt6,50,Berlin
ueaxtOX5,34,London
MzZzEURm,48,London
yfAY8CFF,56,LA
0sT8aDJJ,50,Berlin
wXI4xTtN,24,London
MF7q0f3Z,64,London
WNGdXl4N,48,NY
gNWgxYgh,43,SF
A0PQKWLN,20,LA
1J5LpAX7,18,LA
OoqhZGdO,34,Berlin
NWUGbCTk,28,Berlin
wRcszq3t,47,LA
6v6SnqxR,29,SF
5M8UStgJ,25,London
KreZNvyx,49,LA
nxYuO6eq,31,SF
YlY6319P,49,London
ytfO3MmY,50,LA
glK6ifk1,30,NY
TJpu8SVx,34,LA
Voclg4Dy,59,SF
M0j2p1iw,34,Berlin
UnGOCPGh,52,London
GnLaVkiW,43,SF
QQHF8fRZ,41,London
jJf6T1u3,20,NY
h0wvtJvu,28,London
Bi7utUGd,49,London
uj2BwO4V,23,Berlin
pXxALVBy,64,LA
5N3rFllN,38,NY
cX16NezQ,69,SF
2RGRdBqy,33,LA
wfzSh6Mo,47,SF
4SNCDESX,59,NY
OORbDQIG,24,London
e2rV62y0,57,NY
cBLlxolH,63,London
JhEwYQqw,55,LA
cch3F66J,30,London
oOr74nsG,47,LA
ypIe4xLQ,37,Berlin
VqxBjS6f,33,Berlin
NnnDf5Xj,32,NY
2WXWgt8Z,49,London
rPWniRdg,40,London
2hw9vPEr,62,London
5RvDBDz6,35,NY
jrsJvHti,66,SF
poHYjn6U,50,LA
DOKonjeq,54,LA
78mqUwdu,38,NY
1Gw0Na2y,64,LA
AdxgHFvu,61,SF
qkjtcgE3,40,London
Av7nydFi,38,NY
Ol1ahh1l,24,SF
ytuEfPth,69,LA
0lb7aPnc,44,London
7L4GTDa2,57,NY
9EYWs02T,37,London
pM50IALe,25,Berlin
jq21WOxH,30,Berlin
SJLfxxFL,24,NY
4xVxlDsk,54,London
wSfRUtLf,44,SF
EYteLYbG,60,SF
VnlXbq8S,62,LA
q9ieNsNG,44,Berlin
HtK5y7P9,21,London
jvwhWnJ7,22,London
Z7aBk9Jj,56,LA
oDjdsVhN,56,SF
UHYcW37d,50,London
S05KAodI,44,Berlin
hDv06FIv,64,London
EWzfFWU6,31,LA
1eTIUPzb,46,Berlin
RL8HQyzo,21,SF
ctdozoHk,20,SF
yO02qWjM,32,Berlin
ycM7yr6s,69,Berlin
GEHT1P4I,40,NY
zxARykgg,40,London
P6T0Qnh3,46,NY
UjaxPZbO,26,Berlin
haecTks2,45,NY
yrXkT34b,44,London
aBSWZcbw,32,Berlin
HBqCSATe,59,Berlin
nBO0T0zg,33,NY
Pe3eytWk,46,LA
wKuUiU8S,33,Berlin
vHuAmrBx,67,NY
0Vcr7Btm,64,NY
33DSTVO3,40,SF
Qcn7NSZm,58,NY
bappZPcO,24,NY
ZS9v0Gww,63,NY
PB2zrttT,28,London
snLmagAV,42,SF
lJblB9FO,22,SF
eXUzLxd5,38,London
cfhafXxz,64,London
cYRyd1gh,29,LA
iMOrabDO,27,Berlin
Wv1YfZqu,62,London
Onvx3azl,61,SF
a0d1JaJ1,63,London
12PXHbFb,60,SF
Kbkak7ht,36,LA
EMlZXagc,19,LA
jRG991wt,49,LA
f1oG7IUQ,36,NY
re5V4SXF,53,SF
9tPnNdDW,18,London
jm9zdfyM,38,London
0vJTI38N,38,LA
h2eBljq0,23,NY
MlOvEOdD,31,Berlin
Rz66hIkw,67,NY
BTPvR5BW,23,London
80J7z4m2,27,LA
vt54LOfD,33,SF
hCQUH3ve,65,NY
SPKBNlcF,38,LA
QK4x8OWV,67,London
sgBplPKj,38,LA
1eEHbg2l,23,Berlin
IVc4wCfg,48,SF
RaEAFMas,49,NY
JotQHEdc,46,London
C5wxJ8OR,25,NY
M0nUkX4x,59,LA
quZjQE51,44,LA
GgJTO6oz,24,London
DfYGyEi5,58,SF
9wnETbcA,45,NY
vNh18ezf,18,SF
QjPWxkR1,30,LA
xEDDMJPJ,48,SF
G8KFQcWx,36,NY
revGaX3W,37,SF
bh6gDi00,34,LA
xiCtiStK,19,SF
x0uTOCkP,31,SF
nMYVLmZ9,33,London
VIofSiIq,62,NY
W5uhOCie,56,London
NGt3gwIb,22,NY
4GH5mqSB,58,Berlin
FxT9Hr2O,63,Berlin
hPUgRAp6,55,LA
nEf2gYUD,50,Berlin
ajiBl3uR,42,SF
FnUuqOSW,48,NY
cMrS8xtv,38,LA
7P6jbbql,20,LA
tac02RNx,54,Berlin
eIDSnehb,31,SF
0tMLCbpu,18,LA
dISmrKgS,62,SF
xsZRnfuY,59,London
u73C8z51,51,LA
ZHpMnnfI,58,LA
tllE8nek,55,SF
Hsyc1lCz,52,NY
bbGXyyYr,21,SF
zPgAX2kL,27,NY
awDlApCD,21,NY
InmlOz5R,19,LA
bN1K9GE6,67,LA
MlbDQ0N2,64,NY
CEvUe4Bd,27,LA
fLuP79zL,52,LA
YxaAFip8,64,LA
Nfxnee42,55,LA
bd3wUeoQ,27,London
ivmBrVzi,61,LA
4x1PMk5J,47,LA
goHjGt8P,27,SF
Nu3EqFuM,69,LA
sQeoKXb7,50,Berlin
ugvEqRAh,47,London
DVORHjD2,19,London
r6cSGnoD,33,SF
8hTMfbnm,25,Berlin
JPKL3QF3,30,LA
pDu3EZgZ,46,SF
hz6Bxc84,20,SF
uXnaouXu,27,LA
palcfGkX,46,SF
mb5Erddr,68,SF
JrZekP28,36,London
BnrvudSz,44,SF
gT67pKbw,23,LA
HJNpSyc8,23,SF
zGBVuDh1,53,NY
N0FW5xGm,49,Berlin
jTDKtnyD,18,London
M9wkUdE8,43,LA
Yq6pNfBd,46,SF
9avpzxEr,43,LA
nvRVcTZQ,65,NY
xz7QaehB,62,SF
uZfznemM,51,Berlin
dq9o2vMB,41,Berlin
Ylm2zAG9,52,NY
ArCleSir,18,London
lsztk0k0,31,London
WEn8ZOkP,40,NY
DtZC3l1s,32,LA
zdaxWKHm,33,Berlin
fJdnqPWd,57,SF
Wx31F1pn,29,SF
9EE8QyA6,35,London
mGrnWLfi,22,Berlin
NiXLcWlR,30,Berlin
qWUJPxK9,20,SF
7lGPIRe7,60,London
Dp8XoBqg,56,LA
oXVTq9xA,56,LA
Yb4DPSBm,56,LA
UoSmJMMJ,61,LA
d5jEPai8,65,London
5iy0JC7R,31,LA
eQrKGwC2,26,London
RjjC2aWM,65,London
1sAm8j9m,51,Berlin
zfgfEb63,38,SF
LFlIAQMu,60,London
Mja4h2Fm,61,Berlin
HCyem9uS,50,London
UqsA4cRk,21,LA
9JznrnuJ,68,NY
Gp4edwQC,48,NY
3zVYyrQq,52,London
xAEnuoSa,34,SF
vxlY97GQ,36,LA
oPjmhKdA,46,Berlin
iJnwhqNn,66,Berlin
PPx6hqc1,60,London
U0z54CCK,50,NY
oZ5gzBuw,56,LA
5GFVtWg0,51,SF
UDUlCKeW,20,LA
vi3UkDLV,40,Berlin
JaHSnU2r,18,LA
9OeHWA5v,63,Berlin
xn3RMEb8,37,London
PFZRSPSg,46,NY
Mj2XfhsS,65,London
odGWdZ91,37,SF
RA3FsMTa,65,NY
ZpHyslJZ,26,SF
eRNlLQrf,23,London
OWl5TbtU,33,Berlin
68rQnCVR,43,London
QfQOoiYM,61,SF
fO3yBhjK,23,NY
k2CZa0tX,69,NY
AmOtFWlb,65,LA
nBSQkZWr,37,Berlin
TGKwfQl7,67,LA
2Vt8JtGX,27,SF
ycXs8A7M,61,Berlin
splwwVTX,32,Berlin
myQpkIU4,52,NY
l9CqzzPg,29,Berlin
dFIlajz7,27,Berlin
Ls4nCS8U,62,London
AZkUvAOi,33,NY
fRI2fp9C,48,SF
3GVhFVkc,68,LA
9oT3MlIp,38,London
2J1Oftos,69,London
5vePdzyk,32,NY
as1j01Ho,46,London
TfC9DNux,58,London
RwxkjHi7,28,Berlin
A1idvyQ1,25,NY
NBTmgl2h,20,LA
lFW5Wj4k,35,Berlin
lRhJxxhK,44,NY
JYZLWSH4,24,NY
vk9sqgQI,18,SF
410A7pdR,22,LA
mdYrZS4r,56,London
LPAFlWtX,35,London
3YilysnK,67,Berlin
529Lmt2Z,33,LA
5FTBp9Xu,41,NY
MAJCYEdq,29,London
a2LyaDFx,44,London
XiWDQH6V,33,Berlin
TqAoNl11,61,NY
cbpisUr3,47,Berlin
AH69vVG2,34,LA
jG5QdbHO,63,SF
CyJxFB6t,19,LA
ZhvJrlLQ,56,SF
llnQv4PP,21,Berlin
j3q0Yskf,60,NY
2cCCgLwW,45,LA
mXmbShnu,54,NY
2Ddv42sz,19,LA
On4MZ63V,66,NY
MIJIUsZg,20,London
glrAKH5H,20,NY
bZRkbu8t,68,NY
P7Hx2FhO,22,Berlin
mhxVElUG,56,Berlin
NvAG3v9Q,64,Berlin
j7KGd0q3,29,London
uNskt8xj,62,NY
KQyxdZJY,31,London
3PSmZLVt,20,LA
ViG0LbcN,60,LA
EJW21kBB,62,Berlin
1JN1ISV4,47,NY
4GZ6jp7Y,37,LA
MSb7cN1Z,36,SF
FvAHussS,45,LA
9zt73wRA,63,SF
9ibdecT9,21,SF
YBB1wOkh,63,LA
PVKTIkD4,47,Berlin
9RpBBIsd,58,NY
3BqkEl9o,35,Berlin
fjjuWFEQ,49,SF
Mx8NKO82,19,Berlin
XnmtkYJ0,59,Berlin
3sZkzpqC,58,Berlin
yyz3Jacs,37,Berlin
FvRkaF8B,30,SF
CyugiRC4,50,London
bxtKJySZ,49,NY
4RkalXuP,38,Berlin
UeUzQrNv,57,Berlin
D5bPaMU9,33,London
emJeVUOU,41,SF
WXotlMzs,48,Berlin
XneTGrXA,66,LA
0tCCrTMo,39,London
yTD1iwtu,42,LA
cTNWQP5d,20,London
SubDtGv1,54,Berlin
bmPyOkzr,63,NY
Wiw19vBf,53,LA
btepNd84,21,SF
YuodGCF6,36,Berlin
4cJNZBdd,18,Berlin
0pO1w4sK,68,NY
OJArU1AV,45,London
TsCTFoz8,54,Berlin
h8x3USGk,38,LA
H0icN4LN,40,LA
gP2MsSFa,59,Berlin
yCJf8CZT,44,LA
V0XIbpJM,50,Berlin
AEJpXoYO,42,SF
v8mfutVB,67,London
cNQAm1Nm,59,NY
zBCaaQpY,59,NY
YDA4Nzq2,45,NY
mVTFVWg3,31,SF
gU6jGdlK,28,NY
2g6IoIPq,36,LA
A1v9LH3l,47,SF
NYcXMlSS,67,LA
oZsTabs7,62,LA
CjB0YRU1,37,SF
2kOShFHT,59,NY
jz9gilyQ,42,LA
9hbIHbTO,57,London
ox6Gv8x9,51,SF
jLawbpkq,28,Berlin
iGRx3qxo,60,SF
lBB3vhab,18,Berlin
Wh87RwpY,30,London
nNYw1II8,34,NY
FjejltSr,35,SF
zPpGv7KH,29,London
3IxZ6EsZ,67,LA
qWR4ETZ4,49,NY
956Y1SWD,29,LA
JDBGoh0d,30,NY
uHgd8Fmi,36,NY
gtNyg2lv,30,London
PZpV2mO4,20,LA
1JpMNwZP,29,Berlin
qUCyn1yn,20,SF
ISIWbSFB,31,SF
mByjxy68,33,SF
3Q2a1K7j,42,SF
9acv1OjY,56,London
fcXKhso8,28,SF
yeGGKpUr,68,Berlin
MwudpZS7,25,LA
7T8zgEqQ,64,LA
sX4oTrQh,47,NY
T5gaFN4c,49,NY
AcyL8czd,63,Berlin
9VtQjiXi,38,LA
eEWRDjYQ,31,LA
VQaBXRFA,43,Berlin
Bct4esHl,57,NY
vs4sOwUZ,43,Berlin
S2Zer4Vg,40,NY
MELwHWGR,45,LA
mzBpsRro,40,LA
llBlaphT,28,LA
TsLWkY3i,57,London
AIJVKR53,28,NY
GcWUUdml,49,Berlin
NuG5nbWF,22,SF
caz9U7jz,32,London
Q5gpMcm3,34,NY
XnXfjGmo,31,Berlin
cyUiIEnl,64,LA
yeVknEo8,26,Berlin
KtRB8OL7,31,Berlin
hgklrMml,59,SF
cV4UCPq8,32,LA
MMkgFr5A,33,NY
eA6NO0rZ,29,NY
O5r08Vnz,58,SF
YonDh5K5,33,London
jEKDu2VO,39,LA
DdLkbS5d,55,SF
gfJ0Pu74,28,London
191RAb6a,49,SF
FYAQRAAI,25,Berlin
D3aaN02R,64,Berlin
YjmmKLuH,64,Berlin
O4503xbv,64,LA
IFk7oBB8,49,NY
pvx0ZmQF,59,Berlin
ZTMVzZo2,51,SF
yMuCJThy,56,SF
fKqkCM0t,45,London
6AIEM1Aq,32,London
WyBRbvFm,50,NY
96v2npCy,29,Berlin
GMJfOzNk,46,LA
5h8b8VFV,35,NY
EwtJw5UQ,55,LA
b1QLyPAf,43,NY
88p1AEDw,49,London
mXFKzDJj,53,SF
zHBPg023,42,LA
fokpqDS1,58,Berlin
UoMqo7yY,31,NY
HKIHOidD,64,NY
kYAdEIic,34,Berlin
22vXbrZM,63,SF
yxH2RZCo,50,LA
H71XpjEh,19,LA
f0HMnESR,24,SF
0tLKoKhS,41,SF
sjcrr5sK,66,LA
9Zryf1LC,56,LA
xekWEdxS,45,NY
27DW01u9,55,LA
K0AMUyub,21,LA
PmJ99nZU,59,SF
8E8UIe4b,26,SF
lMf2XfOw,38,London
xXLluCm7,60,NY
OaRVb6mJ,56,SF
8Wzwgnrn,43,NY
uZ2a7kUR,26,SF
vn6teDpT,46,NY
Jx8sA8rR,66,London
bdKo0Ad9,50,NY
FqSkGNyT,57,LA
t4lGLUqM,43,London
1Wp8jJlW,35,Berlin
TmD1LHUk,36,NY
lL5jLRPD,48,London
tnJ04gDX,21,SF
euJggmRH,66,SF
Y4FQ247c,33,London
ZUk1OASE,42,NY
XtJ4QXHq,65,SF
DXMsBkUR,42,Berlin
jEN0Q5Fu,63,London
4CEl57p4,50,Berlin
Bk0KWaYm,57,LA
Jx4jrUiW,48,NY
6PwsWFuK,23,NY
livqva8o,42,LA
NilmnAy0,27,NY
NjIARdf0,31,SF
rtbABhYn,64,LA
OhvxjrdU,53,LA
ErUppVpt,58,London
HNACdH08,46,SF
jj2WDnW0,45,SF
FMqQgTQr,60,Berlin
pp6C9M80,35,LA
PrfaqJAp,18,Berlin
VMS3iOTa,68,Berlin
ck0C1owV,65,London
DSf1rVwX,65,SF
A5BBEnVd,56,LA
dJxZdzjh,20,Berlin
A4zge4yp,65,NY
ZpdEDVzD,29,London
7IeiWlNQ,53,London
Kgz45Uou,27,London
HTLRtVfC,36,SF
ZUZODPKk,20,Berlin
7uHktL68,46,London
xcC3Ipti,24,NY
rB4Jaqnv,52,SF
m8f4KaHY,42,SF
7sd3rsAh,58,LA
0ip49A1n,37,London
kK4JGq4D,50,SF
xasHvRRM,44,London
W8lKqOgS,54,NY
R8zLGbtk,18,London
XW619NpI,64,Berlin
HlMw9CLf,22,Berlin
DWJHwY62,41,NY
7eYDGpUk,48,SF
0bi6pvwB,64,Berlin
dgd215EX,50,LA
dv0z69w8,63,NY
zjnpKNVS,35,NY
RBLfJKy0,19,London
avMNdBs8,34,LA
h0XEpWjy,54,Berlin
aUOIvbwC,56,LA
rt8shg1G,65,London
W7n8fZXH,22,London
Apy89vrW,31,Berlin
cqQABOSu,36,NY
oSfrJJIh,59,Berlin
FGLJ8XIv,32,NY
GDortR4t,22,Berlin
CsOTutYU,68,Berlin
ek4KMlxv,48,Berlin
ZcMnxJD2,40,Berlin
CY3i6mb1,51,LA
72dAbwT4,65,London
I8s930cy,45,NY
xloHh99m,69,Berlin
f9WnZ3kT,47,NY
A9fLRUwo,25,LA
D6Wuu26G,36,Berlin
lSwIXTGr,62,LA
ywB7eSRb,52,NY
PMjjGimX,28,LA
aMLJjuFk,56,LA
apY7oufv,51,NY
8NtF9wLI,63,LA
4MH11Gih,65,NY
xlOtDJC8,41,London
ZZaSo2UM,28,LA
M5bttUgn,24,SF
exrCaXWE,29,SF
tXcCDZyG,31,Berlin
PHzp6ghZ,37,LA
uy5vzVhv,49,LA
aoNVncmh,51,NY
y3OHv6am,65,SF
tdm9jFUP,41,London
X5VRBaRy,64,SF
1rMRAkJ4,54,Berlin
ByxQddIu,46,NY
LKiRsUFx,42,NY
nMnzYctR,38,NY
Pn4CCwiR,43,Berlin
qNRKNMUS,53,LA
O0OpwJD6,67,London
QQXPu3ae,47,Berlin
nkgBChdf,64,NY
XjxznQN0,27,London
Z19fPY3j,35,SF
tuD0GCHg,56,SF
xFfYAq1e,41,NY
ZMpDtbv7,36,London
SGc5LIXR,40,LA
sh2Cse6Q,65,Berlin
OP0fN6a1,21,NY
eAEtNkLw,26,LA
LMQyeCL6,33,SF
z99ZNy9W,36,London
cLsAGfUj,22,SF
qbGVjYxU,65,SF
fmOrsdZP,55,SF
FkUn54T3,38,LA
uSrz71n2,43,Berlin
AI0q678n,42,Berlin
RXdzYRQf,40,NY
FHaLIh93,59,SF
Hqc5s9n8,40,Berlin
YVU4S81i,57,SF
8Mf2eXS2,54,Berlin
Y1datHjC,54,London
rBFz7mdp,36,London
h4RcWjQu,51,SF
LVIwvu8k,50,London
Wn8fu3Vf,53,LA
JhZ1LfCA,23,LA
ADYw31Qp,22,London
MqsOBhqP,48,London
WWtRGzh7,63,London
cHtY1ab4,61,NY
hKnBXwaa,58,NY
c2jhnmfM,68,SF
dTGVGG2S,65,Berlin
dte7XDCu,41,SF
1fDny6CI,21,LA
5cGlkws6,52,LA
ON4rYEwD,43,SF
Thw6PgcX,43,Berlin
3ExxrNeR,63,Berlin
YsXfnrQ3,46,Berlin
ljxLqMLW,39,Berlin
itLaD2jk,35,SF
SJTHYxfk,61,NY
u4YzC321,60,Berlin
dXvx3Ljg,54,SF
9oDRT5PT,29,London
pwPqBIjQ,56,London
lJqVYmfB,68,London
Hpkvrlih,25,LA
GBldPzCm,68,LA
RIf4ZGqZ,45,SF
hV7IcV0F,57,NY
GghDG6Cv,20,London
GzbhwKjo,40,London
l9cReUNG,36,Berlin
JIScf2Ua,55,London
6aqBu6VN,60,NY
E4rqPDwJ,33,LA
ywjG0KhI,30,SF
UD5e3NcC,43,SF
Euon8ohw,44,LA
rX9QTB13,66,NY
mpUeyf96,37,LA
xNGkhb4t,26,NY
M8O3FW0u,36,SF
yzaeYQIf,64,NY
fLjeWBR3,44,London
L4bZkil7,36,London
UNpnvCDg,29,Berlin
TUNsOXg8,37,SF
Adq0ES9s,60,London
6KrY2UYQ,47,SF
G6iAzQPZ,64,London
IVzR0Fld,47,SF
24XoWZyg,25,London
UOQ07dwH,26,SF
9h9XelfQ,23,NY
KNagJYC2,29,NY
P5YbgTpx,20,Berlin
nLQFiXuB,28,Berlin
dmwzShuQ,68,London
9CfjIi7t,24,NY
5FvQWFr4,58,SF
Y69ceFHo,68,NY
Kd7uIKL6,57,NY
4cx0ySnq,31,Berlin
UUKiOxpC,68,NY
JKHndS4W,50,SF
cG88rgUc,42,NY
GwZuLfHB,43,NY
MlYC9H8E,51,London
mDNjTxkX,55,NY
uAAyIVP2,34,LA
26A750a8,24,LA
J5Y1AmS9,33,LA
rmns4xaA,25,London
xze41Npd,31,London
aKjLeMGG,50,LA
JjNb6jWw,60,LA
2AQxE8wQ,21,NY
Fx2J5uJh,35,NY
AOUxPQ30,57,London
tMSRik9y,60,NY
OdSU8hpx,40,LA
Tl9mqdEK,25,London
ZNenDpcD,55,SF
AhKhnCGO,29,LA
iLT24zwC,56,LA
CVsCWKlo,21,Berlin
zFoAgUQo,56,SF
O1Q9m34R,49,SF
kTL5S6aR,51,Berlin
xT7rba8D,28,LA
MzhfvwHx,37,SF
94XU0qbA,53,London
F93iCaXu,36,Berlin
LGFkLqgy,19,NY
b1QMsMqG,69,NY
X7Rd0w1Y,45,LA
SwTq3AdY,67,London
yUllUuja,36,London
k1zsjwSi,29,LA
d0Qff3Mm,63,LA
xXF4KfUS,26,London
c4vSfsjM,61,SF
5m6gPUTH,18,LA
tn7ZT8gj,39,SF
5Qno0vJ4,30,LA
PyFCdS6Y,24,LA
GVgckTSd,32,NY
RIihke6Z,47,LA
j5Uzrdum,42,Berlin
mnNNivv6,37,London
OTrxutQA,56,London
gavBp7Rb,20,Berlin
bwCsf3gc,39,SF
FZC0Z1rq,46,NY
TRq8MB4P,61,NY
qbh7oq0X,69,London
f4KHgTbp,63,LA
xYKZRuja,53,Berlin
jKAaz9Et,54,SF
sMjjFDw5,33,Berlin
OfSSBBHj,50,Berlin
hGttlxaR,31,London
rCZOPhgk,60,SF
d7znvZZw,22,Berlin
yFA3Y0fJ,28,LA
EUEZFYTx,24,SF
D3do22Fd,66,NY
coJgaIr1,34,LA
6wcaXpwn,28,Berlin
F40atipl,53,LA
9c8Hi0ju,59,SF
EDOAJKOI,41,London
0opXEfcZ,69,Berlin
ygheZHqv,60,LA
BEjXgGQy,37,SF
2DPtECvj,31,SF
FrAIIvAT,21,LA
D4w1p8n3,54,London
ZrYb0zhd,64,SF
zvlR7nt8,24,SF
FPEQ0cPw,25,NY
ThckW5lI,25,Berlin
wdYLDUCg,23,LA
Ld6tG26Q,33,Berlin
9Cgu75UA,49,Berlin
5SXbYpd1,41,LA
Nf8V3LH7,63,Berlin
274mBFHT,38,LA
ClEUHiz4,43,LA
wwFlf0b3,38,LA
yrLSLMcz,61,SF
Dg7qb7QD,63,SF
FDQ0wFGk,39,London
7I1tHrdD,34,London
r7Zm7gjI,31,LA
AkJLRAjn,28,London
LdTfw3ma,25,Berlin
E2sGLYCK,46,NY
Tv00vTSH,22,LA
aRISPKm8,36,Berlin
vLSMHS16,18,NY
9ZTMk6Ww,19,London
PXBsJcnd,34,LA
FLPAxgSh,37,Berlin
Bw3NREMJ,50,LA
D07yXd4V,55,Berlin
OCYqTuV1,48,SF
RnXcLO8g,28,NY
cwlSx0Tb,31,Berlin
ij24SlTX,47,London
ODpHPgUN,60,London
l3Wg7K3d,60,NY
YCSccRhJ,28,London
hIERKqIC,44,LA
ODTsG3hw,21,LA
1HlBwbxo,66,LA
rhkZ8xKp,66,LA
Tpj2xEmY,33,LA
Aag0yUoQ,39,London
MDCCXIKx,22,Berlin
sJ2FUKC1,64,Berlin
rognO5C0,57,LA
WQmUKLhV,46,SF
faJXR7u7,29,Berlin
KF5bqdmt,54,Berlin
M0H1UlOv,59,LA
picTm9aB,59,London
DnWmNhxO,26,NY
LEZkcn6N,24,LA
XIAfXI0w,18,NY
8Ih1KdMr,68,LA
e3syGkb8,44,LA
AOjixDJA,65,NY
feFQZmug,50,Berlin
uqv87uXH,27,London
XiFKoI1i,26,SF
J7NOz7OZ,46,SF
fAENd3JT,30,SF
1o9zXIje,22,SF
wlp2TBOZ,48,Berlin
yAsRW8qk,52,SF
WE2DZw9B,25,Berlin
xqxTOUTy,21,SF
YohbKgVA,66,LA
eeoW5O93,61,NY
pMfez44e,55,NY
MQIXCYFX,31,SF
MEYMQGaJ,28,Berlin
KKwu2E8D,51,London
cWFmSS1E,26,SF
xDRkH7DY,28,LA
FY6oWUnF,43,SF
nr1wINZp,19,Berlin
Hp5y0GbO,20,Berlin
MdKSfliy,34,Berlin
5QjpW5DO,22,LA
rTpZFCyk,52,LA
mJ9kg9EV,67,SF
JaNZs8n6,32,SF
fyqv2FwZ,52,Berlin
9bf9hbJA,63,NY
QK0BqnvB,31,NY
DB1DF0uy,67,SF
XIwuVkmM,35,SF
NFUYqM7f,35,London
wP1o733C,29,SF
E5mpaH36,62,NY
XTzTpxWN,62,LA
0yzZPYdx,42,Berlin
sC4LMA0I,49,Berlin
6GrcDswy,37,Berlin
K8qN9yRk,68,SF
y9O0Z0Zd,42,SF
MoLtnAPT,69,London
qwMgXaTC,69,SF
COtHlakc,29,London
Ku2mbn2o,28,Berlin
ajz4b5as,62,LA
GOkbdnSN,20,Berlin
wonL9Wjz,45,NY
vh5SGVUp,38,London
YA1GQhGj,43,NY
Wxzjju2W,69,London
Rt31RNko,46,London
RdgkKQnP,19,LA
l7FpSyF6,38,SF
BRGle2b8,22,LA
bIMsRUyQ,18,NY
ykAFsP76,43,London
1dfpAcAZ,29,NY
ckfvKtQK,47,Berlin
YqlUqcct,43,LA
3r7yraqo,41,NY
TKLakV6z,23,NY
sBlYmSyi,40,SF
B4KP2TlV,19,SF
i47yKp72,39,SF
kC0PsLYt,21,London
EpS7aOZK,64,LA
bFpEDVeu,18,Berlin
uDb0PPpI,58,Berlin
gaR60k3U,39,Berlin
5ctHOEhY,22,SF
CXb4M9Lm,38,NY
WaztneGn,46,NY
74VvxFF3,46,London
bEezhCDA,19,SF
4MUpjCnB,48,London
8lgCAcxN,51,SF
cJfXCqQ7,62,London
lkT10rM4,52,NY
qFNpLKnu,46,SF
dwb8YupM,36,London
Dbw9u0l4,22,NY
FouNXjS0,52,Berlin
Jn9aJWmo,30,NY
vfQKNHRR,39,NY
SckTeKnR,54,SF
6C9NSJZs,57,SF
jx8AOcH6,29,NY
E6dujSba,32,SF
bLuK4vd8,46,LA
ZBLDuhep,40,Berlin
92e44bw3,18,Berlin
FEu2qxBB,54,SF
ntWwLV6k,59,NY
m0jIiByR,18,Berlin
5NOmwpe6,58,Berlin
tU9h2JpN,55,SF
iuGJzig5,62,Berlin
H747f5Ir,45,London
AhMrb8cE,28,NY
QATaAfHU,33,SF
vWoD26Pj,40,Berlin
J6QJLGmh,64,London
toylBgcT,44,SF
bioqs8Oa,29,NY
J45j19hI,56,London
h5P6fFwh,50,LA
p35iqOHN,62,SF
DwrPHHlq,28,NY
u3NxdcjP,69,Berlin
ssIZRtEn,63,London
ZRMJNjiU,47,NY
mvZyXY7Q,59,London
EGMlBZyO,55,SF
C36oEoxQ,33,SF
JWBETo1u,45,NY
ujsRi4zw,46,SF
0BIIcola,62,Berlin
ahYsRX9T,59,LA
G17cN7c1,56,Berlin
OwtgXyBg,50,NY
StSuMGcw,46,NY
Mmjh59PS,64,NY
F06HYnHT,22,LA
ypMrBuQ0,67,Berlin
EcsZ7rL2,42,NY
FU6KoJ8t,39,SF
VExmrW43,50,NY
CADsvKgb,61,NY
SLlJrB7Q,39,SF
4DqNwItP,52,Berlin
aaGrtvGb,57,NY
Wp3Q2OF5,52,London
Hxg5rIxU,57,NY
4zNs4AGk,24,NY
B99d3yq2,42,Berlin
yKC1844X,22,NY
VmM1fXYz,51,LA
IsxQ7u6v,64,SF
Ds8nfOHc,46,Berlin
Ckb7RYgW,45,NY
jNNH1jGZ,42,London
KiAQAIyA,31,LA
a77tT8vw,58,Berlin
GqWxLKHF,22,Berlin
0TthDXCe,35,SF
nm8UjfTB,63,NY
37hq4kpv,52,Berlin
23nPs5eB,29,London
1dwWu1Cy,59,London
Phu4qenA,35,London
lTYXDfbi,47,NY
aljmMLFD,55,LA
EpmcNEOX,42,Berlin
ZjZRFvCz,41,LA
fPobJN7A,58,NY
SUka43pY,54,NY
TdIoWCv9,40,London
5wm0XBgo,24,SF
5IbzDCQ1,59,LA
7xbFVIf0,32,Berlin
hAFwFtar,34,NY
pDEbXvkW,37,NY
anN46vVw,57,London
oy88rfjg,54,Berlin
bVx7u9Kp,60,Berlin
fcGwepHs,56,London
OMHd6hqJ,47,NY
eVJFJRyp,59,London
md7RCP2S,62,SF
Nu8qXP47,51,London
QD0GvwLH,57,Berlin
43u73UCI,43,Berlin
MsRXt9Ne,22,LA
F2Ah2YFP,48,Berlin
KAXIbNuB,36,SF
Ty0WaZQL,20,LA
zLDA5u3P,63,SF
TOzvMmCJ,25,LA
oAh9tIAX,33,London
qSJAoGCL,65,London
kKmxkK6M,65,Berlin
DUD1jelu,34,London
3Co1tdN9,55,SF
IsT49VeT,34,London
9u1XVTr6,21,Berlin
tLlxPfCn,47,London
LvT6qg5J,65,NY
aaqodCyG,51,London
eHdJGWWu,25,NY
xkcL3hHF,42,SF
L9DQpIfS,64,NY
T2yKC55f,51,LA
WtDzV9VM,66,LA
z8QNu1jx,26,NY
41Ltq3vy,30,LA
srsl4O4o,29,London
xnN9dZNR,27,London
zHkvWLMo,59,London
OrpAhJuL,54,Berlin
tMwq4kNv,48,SF
U798YUlu,38,Berlin
sejuzckM,31,NY
Kx87gxxn,28,NY
1L3vU2yv,60,London
znUJctbT,56,SF
kRZscJuz,42,NY
xNM1xG5n,19,London
klEp3zYu,24,SF
3FnYH9XH,48,London
yenIONxE,60,Berlin
OagsGG0s,46,NY
CXQIpOUo,44,Berlin
5xdSybHX,55,NY
lKLJvq5t,53,Berlin
KImlu7vC,60,Berlin
VJsdOuOc,50,SF
hG63In7P,34,LA
WV4XgQmq,60,Berlin
SgWteHMO,25,SF
hkb9t2kZ,27,LA
onUgLMNC,26,Berlin
twzg0Yba,67,Berlin
JO4IdF7A,68,London
85xOH2nG,39,LA
ssze2Dg3,35,NY
RTiMjXQA,33,LA
x5lRBMxY,38,LA
KPNN1CRW,30,LA
mm13kUVq,49,LA
WzWjGqnV,30,London
GJzlahJt,42,SF
Jb0YojWs,45,London
Wkogiyxc,27,NY
6n5xbVEA,23,London
9WzSSGwL,29,London
9lYfQ0V7,35,LA
cTJ7EsSV,24,London
oSZLDMLK,35,NY
XB66gQKR,39,NY
U1i2PkMC,59,Berlin
1MHcsvfN,69,NY
SstMib2Q,56,SF
gk6taiCj,36,NY
CcR7OCCH,30,NY
q0LWSXsv,64,LA
YJBibnew,28,SF
yE7VeeYZ,42,LA
4wm3XvaX,28,LA
vw4ur43h,46,Berlin
tUKgTZAU,21,NY
T6gKlGkb,19,SF
jU7ogxN6,30,SF
6nxnOfuz,39,Berlin
YgylKLyW,31,SF
8Rehe8Hr,34,SF
gjn5vny6,63,London
1XBIWM21,32,London
a1o17XJL,56,SF
ZmixmKc7,20,London
qSTAclg3,69,LA
z3jBcIQD,35,Berlin
ZZ3xJGHD,38,LA
1RtwEYm8,37,Berlin
c7snOu6L,61,SF
BvwkXOyR,38,London
jK0hdAj9,19,SF
xls653za,55,SF
YXaSiM2h,34,London
Wi11jWrG,64,NY
Z1SCpZ5T,20,Berlin
XLgxC1BZ,25,LA
Th07SiZb,22,NY
OZ6LLNDo,21,LA
BBF6fPxQ,21,NY
hNRmb4p1,24,SF
VDaM7nDF,57,London
LkS5I0Mp,37,LA
ETvggJHJ,62,London
7duT4eQK,43,NY
jXU2tXES,35,LA
3l00wKeJ,51,SF
HLSLEd9i,37,SF
KSfyfxwP,49,SF
ERIKej4W,20,LA
zfksEeBm,65,SF
xrOEBxK6,36,Berlin
nTyvn31O,59,NY
UoKhQn6R,18,Berlin
kUZXGICc,38,London
vmKabasT,48,Berlin
yuYOEg1L,20,Berlin
ZBES80Ma,55,SF
6ikIYlsr,56,London
FQBS9B4U,19,SF
K4vfEhmm,46,SF
Uz2n7PHA,40,LA
G99J8Klp,64,NY
ewCfptFP,32,Berlin
DhU7EpqZ,52,SF
rcTpH6Qw,36,SF
o4IDveiY,40,Berlin
PdoF8XgA,55,SF
OnQnymdJ,35,Berlin
SHn4uJyV,34,Berlin
JRrOCnln,45,London
yl9IbhvM,66,SF
wXaa1m8A,60,LA
8gmkbiPw,58,London
oCH8oAUB,27,LA
JhNaUSVW,42,SF
MN8uxi0r,40,LA
9SaTGAKj,51,Berlin
MdjmJMjH,32,Berlin
zCZLtyf0,41,London
fTTKJL0A,33,Berlin
rB8JveKW,36,SF
903sH9M2,64,Berlin
rQKqliwS,28,Berlin
sSS1Lwz3,23,SF
FDySfGz9,57,LA
i6UJqNcP,68,NY
VtldL5vl,63,SF
Hy2alMoo,47,Berlin
2AfaHPfR,49,NY
3ozFbtjb,63,SF
abdzaT3I,29,LA
hiIbhjGh,53,SF
0OIyo2zz,50,Berlin
SGIpPuXJ,68,London
ZAsUusfY,57,Berlin
TokLbAci,38,SF
M5KbQVaG,68,London
03XEmp5X,42,SF
rI8DMfoW,42,LA
a3JViV1O,46,SF
ipyJDDvl,28,NY
NGtmeVH7,67,SF
qwhNLd6b,62,Berlin
7mLYRebm,47,LA
gsev5EpU,27,Berlin
4i6no4Z2,51,Berlin
OOkMr4zM,28,London
DWh7zCB3,34,NY
aHPOrpeG,35,NY
K723RwB5,44,SF
RhRyiwi9,37,Berlin
AhnBCp7H,37,London
eNK0GmAD,53,SF
GZKPiyuj,53,London
t0zMn2z6,35,LA
6cYwXHIR,31,LA
qTU4Zb07,64,Berlin
ivE0C1Cp,38,SF
YjgQI0Sz,30,Berlin
vkn6IujK,58,LA
iUJQ4Qnr,27,NY
z7w7I2PD,29,London
7pgmVm4t,63,NY
pXWiCLIw,62,SF
99F3Ai5d,66,NY
3ABdiWLe,42,LA
JD6nrZKX,59,NY
cpkqPm7C,52,NY
CgzPmgvh,26,London
G07zFnpv,47,SF
inRTtz73,64,London
SuLk5n7G,33,NY
mxuKXYTq,38,LA
3BBKNpwh,41,NY
Ad3wVM5s,63,SF
nnO0lcfR,55,Berlin
4S9gThcz,28,LA
NYMKPLK9,29,NY
Y1kD5eM4,61,NY
2PO4Fdgw,44,LA
tUfuA2ih,51,LA
c8ueDdsD,19,LA
G1vsMMJA,25,SF
PKaez9Yv,65,NY
Kz4YIYKl,43,NY
9bAQx3vF,21,Berlin
GcVFXUOv,57,LA
tgy4SBTI,63,Berlin
dJ4PzQvN,38,LA
wgzUKvBe,66,SF
5QbzvwsV,67,London
fqxArmWT,37,NY
e6uiYoH4,25,SF
1uG46wxY,42,LA
qtyloUEj,46,SF
s5JtodL8,53,Berlin
bJpgmzut,46,Berlin
3RHW50rZ,34,NY
VutEtVAb,32,LA
pHz8UdAn,62,SF
7uO3GqPM,47,LA
xqh7v0UX,65,Berlin
0l3isLRU,57,LA
9WC6MpQa,34,Berlin
BjkM1nCx,47,NY
KLN3BAf3,57,London
yH4tlDgI,69,London
gR4LScsu,38,LA
BT4W0twk,67,SF
xYqAZjKM,19,Berlin
TO0HUfH9,31,Berlin
hbgV4DSC,18,LA
0osfkm4r,30,NY
GoofAmrd,55,LA
fo7jqyDl,47,London
4W5fR48Z,51,London
0gVCE3To,61,Berlin
ZByvNGJR,40,Berlin
xheYlzwg,41,LA
eShbNwLs,19,London
4iqDYiZd,45,Berlin
bnznM2bB,62,NY
ILCTBLRa,38,London
GwFe1OtO,44,SF
g9X6ES86,57,LA
sGkMK3yK,54,Berlin
w3zC2u1Y,27,NY
LegEKf0s,33,NY
H8GiQ7j2,54,London
UyF3Kb6g,69,NY
YQ2n5xq2,36,NY
IZTsYM6y,46,LA
XftMXf8d,32,SF
GV15hLFR,35,NY
DQlS8h6S,35,London
S8RmDn8U,63,London
iX1ancDK,64,SF
6KOKMRcB,47,Berlin
jt7Oe0bk,64,SF
yFBfKu1K,24,NY
JTTj6LBY,19,NY
qOivwn6P,49,NY
FjP7p6qM,60,NY
SKoTxUHp,38,London
pTF9WlkB,29,SF
mRE5KKGf,43,SF
OQd0wfIo,45,SF
TsepSb77,56,SF
QVXiBZzZ,27,LA
mXTGgORe,66,London
AFZf2QP9,27,LA
QE03mOdT,60,London
GjNru1nk,64,LA
CZNwnBUb,64,LA
6fGsWM4c,54,London
chaxCePf,33,Berlin
A82N8j38,51,LA
Keub6nHR,24,NY
Q4iQDZHb,23,SF
l60CiNXc,61,NY
8zZnh7A3,67,SF
91cPpSfA,42,London
BITKnLWy,59,Berlin
vStq88ul,44,SF
cAnNhx5s,53,LA
wPydtFEV,30,SF
towIivUT,39,London
cvCiY35v,45,LA
H69OZbmz,63,London
cmpXctht,24,Berlin
7Ac7O3ou,56,NY
UxTw3HfU,35,Berlin
0SimjhVe,44,NY
OgRmzDUF,59,LA
bEhI3MWn,59,LA
55Uc0jou,66,NY
tldkowPJ,38,SF
W6iPMrX3,40,LA
P6hsW4zz,27,NY
go97Xeb8,50,Berlin
HxAJguIf,55,London
VrBrUMCx,47,LA
RlNkyiyY,18,NY
obQiphlN,60,LA
pLgKVKQd,67,NY
mehR8HSI,67,NY
oQrrMf03,46,London
8Nik7ikV,67,London
qolHpdlc,22,London
az6mAaDo,54,NY
e8vsaizg,62,London
Nfogte8t,51,London
jM7MczXa,52,LA
bCAu3Czv,25,Berlin
6BAj77UE,49,NY
4Zh9TNmS,38,Berlin
jPdorRPi,59,LA
rLeI91li,19,NY
pVMUD14p,65,LA
E8Vj4kS4,56,London
IcMmJEzn,57,NY
vy0HueBE,39,SF
4Efx7GJ5,34,NY
85F49N2i,53,LA
JVLkcxFu,49,NY
M4flm1fL,60,LA
BBgVEXF7,54,LA
Ei2yKgW0,42,London
RV4jHT1s,37,Berlin
TCj8w3Ki,66,London
8DfIAFsx,44,NY
ekYhbOXg,46,LA
SwkSaFOf,21,NY
RpVIFWcC,58,LA
v2VWAw0z,64,NY
zjTX7WDx,34,LA
QV6ZOSos,40,SF
S5n0q8iR,68,LA
MAOV6nz5,49,London
aOU9hd6j,41,SF
iOTQ5yhv,32,SF
MUa7fZGe,61,LA
4YtPxSnm,24,NY
RcV1U3vo,54,NY
Uq7gBmSV,62,NY
eSz0gt4b,51,LA
iAEcivEp,43,NY
dbHAnBkx,64,NY
lSiyOERT,19,London
GyN3stPY,49,Berlin
XdLkpVPN,52,LA
3HswkS7p,51,London
d9x6srW6,36,LA
OebPDx2u,45,SF
c9O9nq3R,43,London
EnFw5ueA,23,SF
QruQwBps,36,LA
CSSpefhd,24,NY
R5cfmng8,29,Berlin
Vn6myBGW,46,London
GJSZnbJy,33,SF
VgPHwIvG,30,NY
9Mxv99Ze,25,LA
XJHEcQJt,66,SF
2itmc0FL,57,NY
VZTEHvfH,39,Berlin
93eWF6fF,49,SF
dQqg7Fkk,36,LA
iBrRExrW,53,SF
5wEVyDhW,60,LA
FKPr0YTM,68,Berlin
AJArmqfI,24,NY
vtPtoPOV,25,London
7S8cEj9i,63,London
HCORxGri,26,London
AdGq3M9B,25,London
gOlJA4pk,24,Berlin
b3mr8mgm,31,SF
lQTd0Tj7,21,LA
Iymw39Ch,67,LA
xU1xPVBS,38,London
a50SAWnf,20,SF
Sr5JlRZD,41,London
XeCuwYbx,53,London
WkL9VfRJ,35,LA
zbzBiG2e,63,Berlin
rHSD49B5,28,LA
hTi5rq8u,56,SF
tK3idkFq,35,NY
WMYAxviE,50,NY
XXxJd14P,62,NY
9W1cC35j,32,SF
4oUGG2wW,24,NY
mLE1qsVV,46,London
2N6QosC3,67,Berlin
FLETppML,52,SF
W2y2YOi9,36,London
hXczr3ES,40,LA
4wgmlDN7,57,SF
BoCE6Fxa,62,NY
S5dDS601,24,LA
SeO4HN82,51,NY
UGvLTqef,67,LA
9jj3jrCz,66,Berlin
HdsOwpvD,43,London
Hzp2p6uj,34,NY
s3K8KPcm,65,LA
DTLSsKQv,44,London
cQN4xWw9,56,Berlin
30lW8q3O,63,NY
qg0NzAsM,32,NY
or3DKIVI,63,LA
3OB4R8gg,42,Berlin
mH9DDna8,57,LA
30Emc1Uf,23,London
rg8JctI8,39,LA
dfk8HUNQ,56,LA
8yTXWIc3,54,LA
AP8NQ2a0,44,Berlin
6BZnbmSE,20,LA
wjO93luc,28,LA
JyGIybRY,20,London
5KBksMPn,30,London
dkMqbxz3,21,SF
c00YEqK2,44,SF
pG3Duhbs,31,SF
lrjnEPE3,21,LA
OZF3HppL,49,London
S8XGVzpt,36,Berlin
kiXUlHZh,60,SF
jCCAxfKg,59,London
qXFloYRb,51,NY
UwC50z69,61,Berlin
7inWFoym,64,SF
tixLodFU,66,London
h1Q32VWj,25,Berlin
Rg63myLx,21,Berlin
8ovOndSH,51,LA
kAf6i9yy,41,London
uYBLtPWy,61,Berlin
AyMkYbKx,21,LA
qByDCuFd,49,NY
QR3dHKHi,21,London
8wrT5BzY,49,SF
SWXBsMGs,37,NY
3SYuL6m1,21,LA
ScMG15jG,40,London
YkWrtC4y,43,London
n6zgFDPa,55,London
2eQIOel9,60,NY
WMyY3Oyq,40,LA
4cJFqYvc,63,NY
7X3UMT2C,41,London
zQolF37P,42,LA
S6Xnf2s0,22,NY
XBtZtUl5,33,Berlin
OicVwto2,58,London
SlhawhpJ,22,London
rfaXEWy0,47,Berlin
oZ6qBHUf,40,Berlin
DyyiP2ly,29,NY
dLfebCHb,67,LA
HxXjJzjJ,22,LA
sYg5jPn8,58,LA
Inv0oCvi,31,Berlin
Akc5ACs0,42,Berlin
GbcuKVfk,61,SF
m4ka9s0y,63,London
LwiNuMq2,18,SF
PmQVSSeT,37,LA
7yE8dwXp,44,SF
2UYQX6Lx,58,NY
J9PZGjvR,45,LA
doyFmzBu,34,NY
uD9SesSk,53,SF
nuxxRzCT,29,LA
6I7sjQVU,55,NY
FtxTZCzg,57,London
UDcns6kR,35,London
MoXbXQTY,61,SF
80evtFYf,69,SF
DA8liqzk,53,NY
VyrG9OAZ,25,London
bJnP6NRt,40,LA
Bd2dPGlR,20,SF
KkJlpgOt,62,NY
zkzSUOE2,50,NY
gy178sRr,60,LA
XLxRBuh8,36,NY
Rp7N6OTy,63,NY
f3Dnz618,64,NY
GEBh6Xau,33,Berlin
aUozygjH,19,SF
KxkqAMIA,33,Berlin
eIK39D4q,46,LA
ImywY6O5,40,SF
YkjyS3Ab,32,London
0bFtPv6q,26,London
5xjdFdhB,21,Berlin
zPUC3LjH,22,London
kuxObbpZ,42,LA
IrL2PJlV,41,NY
4qZimVme,28,LA
gJNagRiO,57,NY
x0dhY3ul,55,London
sG3FRY4G,39,London
n7SXPaYh,18,LA
ko6McdB7,68,London
b4gyOm3m,52,LA
z0q1nC1t,23,NY
9pUXKYUz,57,London
TV1fzfdA,43,London
JtOThOJF,57,NY
Hbo34Qfm,66,SF
brrguru9,33,SF
49qwHZbU,58,Berlin
HA89uwfv,24,Berlin
cHi8OevW,24,Berlin
InetO6IM,19,NY
KXbduUyu,42,SF
wR0axwnh,65,Berlin
Tpo6Y3ee,24,SF
c2LLwLBZ,26,LA
Tziy8u15,41,LA
qVA160tA,68,NY
BYpiQoYk,62,NY
Gw2hCnS3,43,SF
VZ3WLEpZ,25,NY
AnxoccO8,64,SF
x6Ks9knE,67,Berlin
ejGd3ntg,44,LA
1RS2P8Uo,37,LA
Ufet1jDW,18,NY
79F3mCOi,69,SF
O6OTls7D,18,LA
Pih9uNod,21,SF
RjKsvFge,30,NY
rhfWBuby,23,SF
omZGj9rx,54,Berlin
AvEk6yOt,37,Berlin
qMEYd9nE,46,London
ZxCLKepz,27,London
bmCZV2be,53,London
7DlObS3E,36,NY
fMILOAKw,26,LA
RoZS2cSI,63,NY
l3R2F0hO,47,SF
jIKRH0U0,40,Berlin
K4xKrthC,44,Berlin
JDWlq6Um,46,London
ZrsEAjzQ,22,London
CrbRDnKl,43,LA
YqyVLU5k,66,LA
Z24kYZ6s,28,NY
EITnGrgz,25,LA
O3H9j3GG,44,London
K25qPhQo,31,LA
3rQpfSxf,23,NY
8yUfeEYq,42,London
u4XisWex,59,NY
Vc76l52s,47,London
gs2SluoT,37,London
Sbo01bA0,53,London
DevWRi7l,60,SF
Yzla9lvI,23,SF
EZSY4pcC,24,SF
4FWLacIN,58,LA
16FHxZWe,47,LA
Uuo3953F,49,LA
FFPqUtvM,26,Berlin
Zkz6CLRk,69,Berlin
gSheX0tj,28,LA
ZGMx6dBU,65,London
saoI6ZmO,28,London
V9pbTfjR,32,NY
yGZh5UMA,25,Berlin
NvE3ItCZ,44,NY
NKrYJDOg,42,SF
u9qkcLRf,24,Berlin
FHsIohaU,37,London
rk0xXej8,33,NY
l9wHpghY,59,London
YNJelKYx,39,SF
5Q4s5YU9,54,LA
krLnqzGs,25,LA
wMWUip2G,49,Berlin
ltbEOXWK,34,SF
ox8dUx01,67,Berlin
HYBmd86B,56,LA
bZVK7oei,34,Berlin
4FdNxE25,49,LA
9u4d7tWr,54,NY
tuWn95Zz,44,SF
o1kPUHuf,58,Berlin
NprtNvkF,49,NY
G2iG01Ml,25,SF
6iIWHmzJ,19,LA
8905rbtN,31,NY
S6s9fAQY,37,LA
uvTAxl4k,35,London
uPmr2xEv,67,LA
wy6KelgM,60,Berlin
9Vrohs2K,24,Berlin
PnsnX3kw,65,Berlin
gGaU7FFk,63,Berlin
FPNK4ZNO,35,NY
j3Ylh11v,41,LA
hFfprZmy,42,London
1uL0qc56,67,NY
pvQu1EFY,51,SF
4n25yNkJ,68,Berlin
5fK3Smcq,37,SF
K2HmVhYc,60,NY
dBAiPBMZ,57,LA
ZKGB3JBI,59,NY
UdkkCFL9,66,NY
bsbNohzD,29,LA
vgu8gIwC,47,London
rKnfJch2,32,Berlin
xyTfTJsq,67,SF
CmZ1btJI,40,LA
DcRAsY2c,22,Berlin
fvGIB5Hj,60,Berlin
aJb0s8ST,32,Berlin
ZRSFwpzA,44,Berlin
xiZbLLbW,28,Berlin
SlXPXIZ1,62,Berlin
UG2FP9Gf,57,London
gXkwSFyX,22,NY
YdoFUQJX,53,SF
NwFO0k7E,68,London
Qd0s5nBl,60,London
vigxeq2C,28,London
JOPioKmt,40,LA
rv4faIns,56,SF
4kfW37G6,51,LA
fGkyp2vx,62,London
MCo4hRuE,54,SF
aV4euDWv,60,Berlin
Bkz90eak,45,NY
YQXUtdJD,65,LA
P2kJnfFp,31,SF
c192KhHh,58,Berlin
e0SxclrA,18,London
XQ5BF6me,46,Berlin
Pgi25r6B,18,SF
GBuEHZfO,22,NY
vHdGLP6q,67,NY
KlBkNguU,62,London
OilOtrFE,31,Berlin
2Z3ZNxJK,31,NY
yKtbl1PA,33,London
dJyNZ8Bv,50,London
2ji880tO,57,Berlin
a6ncLYn0,55,London
KKgb7Vr7,22,SF
GsA57VSc,42,London
Rz4FYyQo,20,SF
0PEgvqrA,45,NY
hoSLvE1n,60,NY
0tn2XgFI,23,NY
O4zJ9ZHI,56,SF
GqlDN0CM,69,Berlin
bC7Qw1dM,22,NY
Uy72xTAh,60,London
FAlDRrXI,66,NY
HUZ2IVPb,23,LA
WUDzQV0x,25,LA
SG0YH2Db,62,LA
QDy51X8L,49,LA
wz1UOC84,18,LA
yxbyMhZg,48,Berlin
7eQcyD1e,33,SF
dMTIzJp0,66,Berlin
XW9P7FkN,57,NY
J852NKA8,55,Berlin
sYdMJJBm,61,NY
aAhAtWUj,18,NY
gKnuKAql,21,Berlin
fpzag4sg,41,London
wHXcvVC0,40,LA
qKGKwN3M,42,SF
ZXSIFaIE,56,LA
b0yItOyI,45,London
WDOXyf6K,27,LA
8wfGY5em,22,LA
K5Fnk2up,22,London
QnAnEALM,67,SF
42gnEA3F,55,NY
5OuhMvbq,60,NY
urdvfUf8,62,NY
DIvU4tAu,68,SF
S6HbCjdt,46,London
k8RLsLIK,24,Berlin
jUB20J3S,63,NY
qGFTImgQ,50,SF
gqPKuctd,44,London
PLYZcUtO,28,NY
tzbe5Mp9,56,NY
NbTzKylo,24,NY
WF2L2omx,63,SF
0BKUrKCg,69,London
fQ06jqAj,22,Berlin
LGxYFjqJ,45,SF
mueUATrz,54,London
wtBhorJy,48,LA
sagoGUgb,46,London
uzcRJIR1,53,SF
rY3ezwfY,48,LA
IhSZTVty,26,NY
7h8hSpHD,21,NY
G1zBPFxx,19,NY
O3bI5eVO,52,NY
HqXIgfQ4,34,Berlin
nXNxyZZb,65,NY
58AntYpk,62,London
1CsUITkz,18,NY
epVVpBQc,69,NY
GWQwBUBh,37,LA
nkj2O8z6,26,Berlin
zY46Vlyg,55,Berlin
nMgEj9eW,37,Berlin
lokRugX1,53,LA
WP9dTffv,28,Berlin
8Uwm2RfN,57,Berlin
7OcEshb3,67,LA
7HqY8b3A,35,LA
IqWlrN7t,37,Berlin
rIBw62Ze,29,LA
N0a5xHyN,61,SF
vGxzoBbP,38,LA
YIIKlkIg,36,London
uWun54WR,53,SF
NMWazqS1,65,NY
pXZEMGUi,57,Berlin
uaQu4Lke,43,NY
TgDJBmge,33,London
fdafMbhV,41,NY
4Xz0MUal,28,SF
n5fu1vDV,22,London
xgrHjvBa,65,SF
8Os6PYCp,50,Berlin
Egw9LXn7,19,Berlin
d7MCun4Y,32,SF
fqrzegRP,50,LA
mJOEsCze,53,NY
yXPA0Ywm,61,SF
9CWvXQA3,44,London
7zWe5cFB,56,Berlin
8flrD1Z3,37,NY
TJnNydeu,54,SF
EZCIz1Wv,52,Berlin
aIKPymhn,50,London
9372cj2e,18,London
6KsOXM7x,58,Berlin
JQSP8kqP,61,London
XPlsA9SB,49,Berlin
wlmqLBVH,39,SF
W7cQOhrz,44,Berlin
tB0SprOm,39,LA
4shHTEvc,55,LA
rXLbJywD,26,SF
owjkSNJD,59,London
0eosfITp,27,LA
xEKhFslF,41,London
Uj1JB1i5,40,NY
8KNC161z,55,Berlin
f3ErN7XY,62,LA
mmZCwgiu,51,NY
Z4B74ReG,35,LA
J2QhSLWz,68,LA
kopFg8Q3,33,SF
kPt78N0U,52,LA
TopSBR7Q,67,London
RIbnaPzj,64,SF
OlsLoo06,32,SF
okRg2V9y,45,NY
hvZaKSOx,69,NY
oPCibtdk,64,London
5o0AHgQp,48,Berlin
y6CTDnI8,66,NY
6HHbG5ao,27,NY
cPyXcvJV,20,NY
28lqZ43y,32,Berlin
bgQXEUbt,38,SF
Slflybyp,69,LA
rz1p5zI0,56,LA
rh59DKxw,20,London
jWgBXrjH,46,Berlin
8HncDmWP,50,London
TH7LSz4Q,55,London
Y1QJx5xr,51,SF
hFq0dE3y,45,SF
zqRzqWW1,46,Berlin
AGlgBQ6N,65,LA
2ChrHWci,57,NY
Vmj2l3xl,25,SF
B4FxJj1w,25,Berlin
bhIx7D0Q,58,LA
Sa2xKvBP,49,LA
I8OBVMzz,25,NY
h0GntYCX,63,NY
EuIweUA5,57,London
hlBIc1Oo,66,LA
qSwFd7hi,68,Berlin
DvxzbtJs,48,NY
0UwSRqOZ,53,SF
pHz5SDD3,62,LA
nqMdiTZQ,36,LA
n2OdEOgQ,40,LA
IIxMd8ET,45,SF
a38kLeeK,18,Berlin
oq2yDVBu,23,SF
gDEQpR0o,51,LA
lXvhWFHH,32,London
RXoh5CnP,48,Berlin
w2sN9W9z,54,London
lMDwZ1Rb,32,LA
rQsoAr5B,59,Berlin
lQcJwMkH,26,Berlin
0VayV38M,60,London
cQxM4Fm1,55,SF
Be7tyGSp,19,SF
KpVB6JcO,27,LA
gb5pxWyl,64,Berlin
e8wTiGfA,54,SF
eYLk1HqA,44,SF
TtwFKHLu,64,NY
W80mmE8z,46,NY
LWhGCnYw,51,Berlin
yGK8PEC0,67,NY
MaFMebgo,29,Berlin
1DrGC8Sy,49,LA
XPwJtNcK,67,London
ehhcCKx1,43,London
o4fCm10H,64,SF
JiiA69V6,27,London
HCZwY3hR,63,Berlin
Vyb0ufel,29,NY
Q2kwRGPY,56,NY
v34k06os,18,Berlin
hxcBc1VV,25,Berlin
016ru6lC,66,Berlin
yTTZYvGw,54,Berlin
sF5SHzFz,30,LA
PnJELddO,29,NY
1ICpsv4h,32,LA
vO6PDyED,47,LA
wWr4WUYe,20,SF
dVAlOtUM,53,LA
kUQ8woLa,50,SF
OXPnyIv2,68,LA
tLheHww5,37,Berlin
SH2pIxJf,25,NY
xGQpbh9g,48,NY
eDzC5Txs,39,London
Sm351ifC,31,NY
Dt7MC8PU,39,NY
Gvix3y6D,57,SF
9QJLOkbH,56,Berlin
3cnZyz6G,48,London
OSboA3W0,62,London
i0FxZrVf,65,SF
oEKALDXh,27,NY
OApTJW8L,63,London
xocftHF5,64,LA
nhYTscLg,62,Berlin
J7hZJ48P,20,London
EreHayPx,53,NY
wDcxdEzt,53,NY
tLqRU80v,68,NY
n9pjMqDu,22,SF
sJ7jVyA9,23,NY
kIKRmeTO,53,SF
WpAe7ZGM,28,Berlin
3XquBuBY,21,NY
ZYWNQWpu,57,LA
1vByO73m,54,SF
JB8LKvsm,52,Berlin
0ZwfZhEa,37,Berlin
156psPqB,54,LA
HlLgRBWg,68,LA
X6ABnsFE,52,LA
dBr2U08g,27,SF
PzwSyfKP,25,SF
pQe4x07P,30,LA
8hQNTjTy,62,Berlin
KTdLceah,64,NY
ksirBOzT,53,Berlin
mbccTvWQ,47,London
nYFaa3dj,50,London
PCTCs45h,42,NY
BzjaML8C,33,SF
cD4ovibW,21,SF
AW19mOnC,53,Berlin
pMDeYjCC,32,London
x4Y70XnF,68,Berlin
s8JzAHcA,52,LA
DGshKbYD,21,London
Yaf0TTa0,47,SF
xRAClm0j,22,Berlin
KfLznqV2,41,SF
UKaWRnjD,26,Berlin
sJmxpEwo,24,Berlin
a3gTwixx,32,Berlin
t0Dw9fju,44,London
RJLdtTv1,50,Berlin
XvknPIbF,69,SF
REqWAqMh,67,NY
hFos5DI7,50,Berlin
6VPlnDWH,49,SF
7b0tML7Q,22,NY
olLpYgC3,28,Berlin
fFXGEAhX,65,London
D22NU38c,49,LA
8sviKGNk,24,London
kCWVQFJJ,40,NY
LP2ey0fe,50,London
TCKD7Sjd,38,London
R3rg8Mji,29,Berlin
GYGMIgXz,37,London
SUgq28pE,48,Berlin
42TT6iS7,50,Berlin
TXMWJiTn,45,London
OBVfTJzc,23,Berlin
cXgyGoci,25,LA
17LHnw5c,20,NY
In8cGIaT,42,Berlin
4lQzR6eD,45,Berlin
HxBZC4lb,32,London
lTOFhgJk,56,Berlin
yMcM0ZyY,26,London
anDA8VGk,60,NY
wCA7xRuY,51,SF
REnmtJk6,48,London
H7REPUvC,55,LA
eO6o2UQr,64,LA
rx5xJhkd,49,SF
VwoZO8Vd,58,NY
mB1Tj47w,31,LA
LWj1wxJW,58,Berlin
tmy071or,55,SF
sfh1w4T8,33,London
b8obfnTR,27,NY
zV033FD3,35,NY
YpoUp0ma,44,SF
TxLYaBYp,64,London
bHw52WKj,28,London
GuAbNIvU,50,SF
NYp7xxhU,59,London
BVsyDQbT,54,London
2bwHklms,37,NY
qOboruVB,20,Berlin
8tiFam3m,38,Berlin
ZVJa8RIM,29,NY
n9c1aqSL,66,Berlin
mS1SSori,25,SF
SfLPH9l3,54,Berlin
PNXbsHbU,49,SF
Y8gqL78M,25,NY
jAFMM6NF,61,London
a0VW6qU7,32,NY
OPrwG4Lo,20,London
x9eKwt2k,40,LA
UOFPWzDq,69,Berlin
9PzfoY4f,28,NY
Vixg872G,39,London
7NjoH69d,67,London
HmwHSJ5u,63,SF
NAMA5ZRK,24,LA
WgQPH0CN,21,NY
rBNgpLSw,35,SF
i7HBXXEu,65,Berlin
0lz1BL4P,62,LA
hAZgRJg8,45,London
PJXk0Exe,49,LA
ehD3Ww7V,31,LA
yGUxyh0s,22,NY
jgSDBFew,62,LA
hEGmg2yd,61,SF
zTf50SIC,57,LA
SFmcZ9Pb,35,SF
OvyXv3Gu,46,SF
AtudGVd9,34,NY
yxTmFmFa,64,NY
CKjpemOr,38,NY
cPHtaHwC,51,Berlin
CEEEhWeH,38,NY
rEhsaa0J,69,NY
Nlba3gu3,58,SF
kMPzWYJn,51,London
emY3FQIF,24,NY
fq2LExSb,35,SF
0gf5Nd3O,35,LA
gVoy5QDN,30,London
Lm1j02Vb,56,Berlin
cWcBJcp5,46,London
pgxIgmrH,56,SF
5gD418w9,42,LA
5JKOlkZy,63,Berlin
pxLNXmCp,67,LA
yQ7LLUJb,35,LA
zBKT9Alb,57,NY
EOOE9fVE,23,NY
xJEsMO1V,26,Berlin
kVG5J9cf,29,SF
Pot6Oztv,28,SF
Okw5SDbb,38,NY
v52cydaX,24,NY
vGPs6w5N,32,LA
f6ux99VR,65,Berlin
YxLIVk48,37,London
JeqUTcdd,48,London
M6pcc7Zc,39,Berlin
qeTdZlSo,39,Berlin
gcl1Wpd2,26,SF
WK5soWIr,63,Berlin
EG54geMj,47,LA
4JsD5mSI,43,London
UtoO2eHw,36,NY
BXaVo4fU,35,London
BGtYZELw,39,London
Py2WcIkv,30,London
BJP4KuT6,27,LA
6bgIhWjD,26,LA
q3xQHTlq,21,SF
ct30oABG,43,SF
EnyoFlEj,34,LA
XFs3PAnp,31,SF
zsigaYJz,40,NY
Qx3AEHMc,38,London
f0tYNXwg,55,NY
6jX8p98m,21,Berlin
tNxTeXLi,58,London
msJzjhxm,45,Berlin
Cwrgm2mj,60,Berlin
qJ61xACm,42,SF
AFCiExid,20,NY
6LadFAqD,25,Berlin
gIyzxrVX,43,London
JZCEVBUm,52,NY
7s9DFtkf,60,London
p5tesYHX,30,SF
3AJlqSWm,25,London
VmcMNqN4,29,NY
DqjxKXbm,18,London
SSIAcwSd,18,Berlin
RhBzcXy4,56,LA
kGhB9lAB,44,NY
46kfWjpI,46,NY
BeXrH2Yb,38,SF
WdcuDjmN,57,SF
PxHBZi3o,30,LA
epXlL42V,59,NY
Ci2spEmB,62,LA
w4PTSnTA,32,Berlin
V3h0E5ce,26,SF
ctwkFGnZ,41,SF
PihyvMpe,55,London
N41Xdb0i,60,NY
2bJPeT86,29,London
WeOjy7fi,38,Berlin
Aa5TnPM7,48,NY
UkIIC9Ec,37,LA
wzgfN3LS,40,SF
sFbGE8Nu,66,London
vwFNDytv,35,London
32UTyS3m,65,SF
38TF5tdp,37,LA
HQXZSpHu,61,LA
TaZr7kT3,36,NY
9NETHnhj,24,NY
kyM9G4Ki,39,NY
oezF6uKG,54,London
89KO2u49,34,SF
oQXA0XQS,28,Berlin
4HFJcDcl,60,London
kfEpgOQo,67,NY
Hwenfhs7,66,NY
2gPpsnzO,61,NY
48cDiRXm,26,LA
itivwknM,51,SF
QKvNM7hS,66,Berlin
IP7ZqePB,33,London
WaXwFSRY,57,London
DyQ6Eu7E,46,SF
KLAzAEeh,41,NY
UjhNF14P,58,SF
7tlo5y9O,31,London
sHlQfpMx,59,SF
NbOXwjwM,36,LA
I1JyKGc5,47,London
pGrxSL2f,69,London
YhymeA30,49,Berlin
13WkkwzI,62,NY
ngDA0fCe,43,NY
UfP76RhR,57,London
9gCneKtA,49,LA
Joc36mL9,21,Berlin
wlEGD21l,37,LA
FUHeRFlE,44,LA
LilkBkKF,60,Berlin
URE0ybLe,30,SF
4gH1O4FS,52,NY
VvxukxDX,34,SF
ZQxnaokG,29,NY
rFeM8Fln,43,NY
zcOcnnev,51,SF
xDeAwVvH,34,NY
P5mAfPjx,61,Berlin
2S4xN72J,42,LA
E0VNMr62,62,London
mMWQ047z,33,London
Z6DoZ4hq,22,London
xAQqkpxy,51,SF
afCSRAEm,29,London
ruqP3W7R,50,London
oadGsNUz,37,London
PUzUh6cC,65,SF
UBbXEYPe,49,London
60cnDA7i,34,SF
BwmnVhVm,53,London
9PJoqIiD,56,Berlin
ENrBKLMT,53,Berlin
gtlq1XDx,29,London
5j10u9E0,22,LA
VUUBSMPF,18,LA
klr7bTkT,64,LA
8wBzYhXk,59,LA
uogJXHcA,19,LA
3hZz7biY,64,NY
4Zhfz9Y6,63,SF
kYGe1u2Q,24,Berlin
Y9k1ZaZK,63,London
hJ0qHHDO,42,NY
LG2Z38zk,50,NY
HQe2Uszl,28,Berlin
5Tma5i5G,22,LA
0l8WeiU5,47,Berlin
SlOCmdy3,68,NY
LASuPkmb,62,London
XGk4lf7r,42,SF
Yw6j1H3X,65,NY
d1nd4Yx9,63,LA
GdNEA3vc,30,London
AZOnju35,54,NY
y9Yvi21w,51,Berlin
nLA7Lcpl,33,London
ihNHiO85,21,Berlin
OtftZ2CA,47,London
Gc6LeOhj,30,London
xrwv0IUQ,40,NY
ledEwe54,49,Berlin
fQDhhVd5,51,London
RPj741eT,41,Berlin
whbPfNU2,40,London
NL6MOAGg,38,LA
VW7ouzQR,37,SF
ScpN9sv6,28,SF
iNlMaSGd,49,Berlin
H3fkzCf3,57,Berlin
dhqew845,44,London
4gYzQnye,54,London
ewHzRNdE,45,London
YVHsoxJC,46,Berlin
sqQ9edMf,44,London
gTemuS4S,31,SF
HH1dCVaA,65,London
GbdZUIgQ,63,London
wAK5i8hJ,63,LA
lb2bgjXo,48,LA
OmyBrXgk,18,NY
Ph6OUxYP,34,Berlin
sjhRRZ3T,65,NY
iAdXf80i,56,London
UXFxTOZN,36,SF
3trYhiby,69,Berlin
7tk4MgK7,38,Berlin
xslBMq5b,29,Berlin
JIq95Y2c,55,London
mSL9Z00S,51,NY
m4g0XvQH,44,SF
Hjie9IOX,36,London
yMZOl99G,69,LA
DJpjeaWP,60,Berlin
2pVYTJvD,66,NY
nDxNHrcl,31,LA
uhyaHxD2,45,SF
AVDcawHF,19,Berlin
fkE2NqKk,55,NY
rC7QJ8Ww,56,LA
A7yEK7fh,31,SF
LMjXoQ4m,57,NY
mn6uKQct,36,Berlin
3UMI0T3C,20,Berlin
BLgXwCkY,39,SF
DNGOYgBY,58,LA
dwxr4wfh,27,SF
Ye4uqH0p,34,NY
uOtF6zkv,21,London
d078Heq2,50,London
1bbYm6q2,47,LA
noxugXLL,50,NY
2lHQ6WlH,49,NY
X4tAJi5S,50,NY
51JsEoQM,57,NY
yKoNDvyO,63,NY
polfOhh9,52,Berlin
o4H1q1CP,42,NY
vQHs51RX,42,SF
cgraCmx6,37,NY
swYZMspu,33,NY
Ap1SXJ6x,32,SF
EUME3piK,54,Berlin
M7K6OlCo,39,London
eYgzGvvJ,40,London
1I80Ej1V,20,NY
FMrJ7IoK,65,LA
VceKC3wT,27,Berlin
aqvp1ISC,48,LA
HIdELlUw,67,NY
TKhpcKQy,42,LA
KJGt8NQ5,38,LA
k240nIF4,69,Berlin
XPHFJPwN,50,LA
HVVc9ZyB,66,NY
0w0rn9dJ,28,London
bElFndAp,24,SF
oVijeIpZ,39,London
aHZSHNCW,26,LA
OBtw33h4,21,SF
cLfury2t,22,London
z73jnlxd,35,Berlin
JrDbL1cA,18,NY
yH4Vl12Z,37,LA
HhD30i01,27,NY
4FJyQtCD,47,SF
PVoEeGIi,21,Berlin
rs2YyxUx,46,Berlin
Yf9QOfUH,59,NY
vcXkdgdB,28,Berlin
jwX8UFFL,59,LA
aKILV6nq,50,Berlin
ndpy6zae,66,London
Zz5Lpfqb,55,NY
ZzEM9TE2,62,Berlin
aK2rnJYL,52,Berlin
gg0Dv6b5,68,LA
JCIPi72W,62,NY
14fYAD80,62,London
nKXX4a6l,56,LA
AzkHJeSd,28,LA
ydzOlkzv,37,Berlin
iWZ2ZYbv,41,SF
EaAsmlVu,69,NY
fMoR3yN4,45,Berlin
zLRsIcCV,22,LA
gFodW4AI,27,London
w90ZfrLi,51,London
39uhl28n,26,Berlin
8lWXCeZe,64,LA
xNa4pkOL,36,LA
a6CVZmvn,58,NY
7zxRdiw5,30,LA
7DmvxJHu,27,London
VoOg0pjv,29,London
Y40Fab4V,35,London
9dDJist7,31,SF
mINY3pES,52,NY
vmCwKm84,32,SF
ghapinYo,63,London
gBG7y0aO,55,SF
JRr2snGE,19,Berlin
3z2FgjDd,42,NY
bAaEa7bg,64,SF
tskrtDJs,50,NY
EQ3gk49C,41,LA
luOLzM0F,37,Berlin
x5mKpkn5,57,Berlin
wcAwlTxJ,37,NY
gGzyiOLd,63,SF
Slw465Ti,68,SF
92bSiZzx,21,London
5wpkVsJh,35,London
tbvMSmAM,69,NY
LTfKxra8,56,Berlin
gMqlxF1z,55,NY
L6hzWV3b,37,SF
hrkgGIIf,29,LA
oqvlbt8o,30,NY
uqWG50qE,25,Berlin
o0ERMyLL,27,SF
4GvXOtiR,39,LA
NJM9ml2S,67,London
0SWweBNy,18,LA
tSQaLGx1,20,London
4YMigAcw,61,LA
sR14E76i,53,Berlin
DpBEWik0,46,LA
OJiJRt7D,30,London
a2Obu1Oo,51,SF
K5lwf9DD,25,London
8UqBSktt,24,Berlin
S1aYA7rj,44,LA
RMMhh8aF,25,SF
5NEqFygt,20,Berlin
v7NVKPrX,56,LA
6I0eb3IN,40,LA
JlWY5x2w,49,NY
4UlhU7OG,55,Berlin
bBn5G6jV,23,NY
5wCajc1Y,57,Berlin
f2dOb515,59,LA
7rxk2KQr,51,LA
EIahH9Ik,35,SF
A5TeWQn1,48,LA
WYz6DQjZ,42,NY
jFPBwZ2l,33,NY
LLZvatdS,61,SF
UEfZJkGX,42,Berlin
MPxn5tJL,45,LA
HrgUXRNr,37,NY
g5NBfvwJ,64,London
CuI4HLcI,61,SF
zO4S8f2b,28,London
tJcQIfpT,63,SF
EmewhiRv,25,London
1d49FIZM,18,Berlin
6pyrhBAt,48,NY
7UtHLPkK,40,London
RyJlI17R,34,NY
apZnWVSb,58,SF
FrwIRTKj,37,LA
bIplYigo,58,NY
pGgTOJcZ,29,SF
UlxODezm,38,London
FGJliMsy,36,LA
ksUJHcH9,42,NY
BaxaAfbh,61,LA
5FrlpM4y,28,NY
drL0YY5r,68,London
1uqr84uT,59,LA
FT9oKzmV,60,NY
MAbQrBdj,30,NY
9xvqEoy3,20,Berlin
hsSUOSfI,24,LA
vuHWgoMu,19,London
9xFvf4Dn,50,SF
AaICjxGv,38,SF
n1NMyUfh,47,NY
TDDZZO14,59,NY
gUj1dk14,63,LA
phIoUxvG,51,LA
1Yvmfous,20,LA
MG3uSG8j,65,London
xrtBZiwr,64,Berlin
pa6NYfPR,42,Berlin
cAX62n4D,53,LA
dFM9HQrL,41,LA
acuOwgE9,42,London
jq81lfgH,66,Berlin
skh9tD3o,22,SF
6852CVox,69,Berlin
dYdcHtuo,39,LA
tixbwye6,63,LA
BWE2ZqWS,56,LA
c4JEk1Io,46,Berlin
hG5TlkGa,52,NY
QoGyYDpZ,64,London
lJ0soaho,53,LA
t4XsvS9P,44,SF
qC843qlE,26,NY
l1ZCcRpl,35,London
HhWLJC0g,67,NY
pFQKBtr1,61,Berlin
JMpc208K,59,SF
NdQBAGLX,53,London
MVlkRMzS,23,London
NVMUrYhp,63,London
PnXFTonl,34,Berlin
27YMwlsu,22,NY
BRFx5T5L,28,LA
NIcN5K4t,60,NY
C9fpxJFf,47,NY
NCCOU61k,30,London
7I66WWr8,21,London
c7TYCYyf,68,SF
8PQjBh0E,32,London
jrYdrv6c,69,LA
vu3m63ts,18,SF
gpXczKnk,52,LA
3KfY6XbY,52,NY
ulWoqc3H,55,Berlin
wkjxG1Pu,55,LA
zJ1zQD88,49,LA
aei0Xmuw,34,Berlin
iQCFHy8m,54,SF
w7Ty59y0,38,LA
xBCISoIr,32,SF
BOMbIw0k,38,London
C8NSXdv0,59,NY
IEJdnVEx,34,Berlin
W8kKFmyt,32,SF
6kej8X6k,59,LA
YGsWfsHe,47,LA
UNeFh2Yz,57,Berlin
nF0BdMdn,60,London
L07qaEoO,67,London
DjRcTiFv,60,London
nSoQJgRV,65,NY
D40v3qJc,56,SF
flLA2zvx,46,SF
A1WqSUQR,43,London
F3ipjiSW,61,LA
9gEmM7Tk,28,NY
v3AHflJw,24,NY
27NH5MVW,47,SF
h9ZNOedT,49,LA
lByntIaK,53,LA
RSR0QK9k,60,LA
li7BRsNQ,21,LA
YxgO3i6g,23,SF
Ejz5VTZq,24,LA
7Z9cKFrW,64,London
PMNSCLdp,58,London
9smjBx2b,68,SF
KvtBge4B,48,LA
KgDkUOZx,47,NY
hiHCLKJL,29,NY
apBifWnU,53,Berlin
6xBFSYsQ,22,London
CE4VZCdp,34,London
jwsijyWy,50,Berlin
riDeNmX6,66,Berlin
Xas4peie,37,Berlin
xzoAmpSN,56,London
c2HlOD0y,46,NY
QySTaUR5,25,NY
CEE36gpj,69,SF
DiG183rf,23,Berlin
x0YQXth6,60,Berlin
MnHlgEuD,34,Berlin
fr0gTjmX,55,LA
2rYeCaLh,31,NY
MBqYIGMO,57,NY
sqRWYCoU,67,SF
51zOJsEG,61,SF
2DjYu4u6,44,Berlin
y2Pl6ab1,45,LA
Wlvuh1Oe,23,LA
N1VrdDCr,23,London
uSf8OAaK,41,London
vkYikv0X,24,SF
sp5JU4Ij,20,LA
LxG58TcS,18,London
KPKFC2Bt,26,Berlin
ikwycE43,65,NY
7QgnwbmL,21,London
pQekUTF8,47,LA
5VePLUwe,61,Berlin
7sqxGyB5,31,Berlin
zgLVuxzF,32,Berlin
faaMhZBA,39,London
H2pIwgiv,56,NY
ZUgoYT1o,50,Berlin
fkfS1z1m,31,LA
z59xUprE,41,LA
a85PHUlL,39,Berlin
WwFSO5YX,55,LA
b3N9Cc2j,57,NY
6sjRGVf5,53,SF
letE9dqe,67,Berlin
V0UrxXRd,69,NY
RDgeci1J,39,NY
pfWCs9AI,33,LA
PsW3Nhbc,44,LA
9FTaVn9G,63,SF
mjfVLJ5a,55,LA
hSXKK0df,43,SF
vgadt0PL,37,LA
9EgNI4gY,68,London
dkqouDJQ,36,SF
0wbrNroC,67,London
GfKXoPPE,27,Berlin
oSUA4XRV,26,NY
JjRVRJ5j,43,NY
2qbqSrFi,42,Berlin
hQG3laTJ,50,LA
9ijN4VRM,46,NY
0jBydxR5,53,London
3qXX0p3t,47,Berlin
jtWwSSm3,51,NY
jq0EbiIA,48,LA
EK4aO7Ii,22,London
8yVzSODJ,20,Berlin
qfCVOoB1,56,LA
GC7Fbd7N,59,SF
CRoTbKoF,24,NY
btLJDnfz,33,NY
JZpxjLKa,50,London
sGQEMavr,26,NY
SvzQZEer,45,SF
iqI969ww,58,Berlin
8S8vkZyJ,21,SF
TfL0Lv73,63,SF
N5eVIW8a,26,London
qocbwQaZ,20,Berlin
scpAFp2x,26,NY
0Q1P71fG,38,LA
8ulQvak7,64,SF
IaYEnuLe,56,NY
g99sdOT3,51,London
36uhc1B3,23,SF
CWXSrGz6,58,NY
lG5ud6hk,18,SF
AoVWROmv,41,Berlin
uqoXscY5,64,London
eP7vNkoF,48,SF
PbVuPJbh,23,Berlin
Lz6OjhP4,30,London
k7XURBkw,26,NY
S9FwSFdQ,67,SF
B9kkdWiy,56,Berlin
wkWRCd57,21,NY
zWTwcdLE,32,SF
k2NlnKMM,44,Berlin
nG8hAACi,30,SF
n0k6M5B2,59,LA
uiM2dhgv,57,Berlin
rikqjekm,51,NY
RSANyBK3,55,LA
0BdcGRYA,41,SF
dpfcsfg1,22,London
PTJTGL4j,32,Berlin
mtZvyyDL,49,Berlin
ABPBfXH7,38,LA
EVWOjT18,64,London
3zSs3EOy,55,NY
AtxNjqUi,57,LA
K6ki6D0z,22,Berlin
tjgHJ67a,57,LA
sYqIc0FD,19,London
AbMA34H8,39,Berlin
vIG2yUcw,62,Berlin
VY2Hw6Ye,39,SF
Szg0ZfKd,57,Berlin
MBzoaNEE,46,Berlin
n0TTRiWX,44,LA
B2hhvMok,46,London
7kD7mk0H,43,London
IpRnesFX,46,London
S4PgfeTM,22,London
UyeysaoC,48,London
g7hUElTS,44,LA
o7lodfgA,69,NY
X8D4BzrB,19,Berlin
dJevaHuT,56,NY
JCx40K0I,69,SF
lvXeTyBP,65,SF
3iNNLFxs,56,NY
qMr5n8k4,27,London
4NyqsnaX,67,SF
41iDRlHk,40,LA
eWc5m7FB,31,SF
1E3eYzMp,24,SF
GIaL5a67,25,London
JmhAcnhS,58,SF
usZTsaxk,40,LA
s3HOGoXI,29,London
shCiz3OF,69,SF
ASYO6GjU,50,SF
7HlyDO7z,26,Berlin
sv0p2U2p,53,LA
4FGySjtW,40,SF
bBTLHAJ3,37,NY
t83xYUXP,47,SF
bLU00Ja2,38,SF
3SeKsaIA,66,NY
t8FLfTbZ,21,Berlin
9bOhTr37,57,SF
y846ga2L,50,Berlin
u9Iy5FwM,68,SF
w5afgE7s,36,Berlin
PVDuqpBZ,38,LA
w8XLekPe,27,NY
Hlwaeebq,61,London
gIhr9XXI,21,Berlin
4P3gRBeD,42,NY
vuiazLYw,27,NY
JEBxha61,30,NY
qPbNaaZm,24,NY
0K805bVh,46,Berlin
SBXgLGWJ,65,LA
sqQEr8Ys,41,LA
86QZtIi6,32,Berlin
EeOxvrlZ,29,NY
nQkOgD6N,56,Berlin
Xbs2Svyb,49,LA
75YvyXez,44,Berlin
cheMM4Nb,18,Berlin
x9mtcqyQ,59,Berlin
ImJMQYNK,59,Berlin
WpTV7SJ3,49,SF
tSubROm3,50,Berlin
pnJxas8s,52,SF
7Bez3qKp,49,Berlin
AzWMRafH,46,NY
lak9vUHn,55,Berlin
i3cemUcq,49,NY
oSbOWJN1,39,Berlin
LA6j3vBw,24,LA
wN4OFRTf,49,SF
2eY6tb4P,42,SF
uf5ThnSM,23,SF
7jspxxuh,18,NY
F3Df2aKH,66,SF
Q78c5Rju,61,LA
Qp5FloOY,22,Berlin
pqUG8Bgz,54,NY
kfB2Grsy,51,Berlin
rZ30p1fL,18,LA
K0S1dx4o,31,SF
KoIIUK2M,62,London
rljLmK9G,35,NY
7frJbhfF,27,SF
rZgi6NJL,40,LA
WFWneJWG,67,London
aXUsT4GH,19,LA
l1uUwGDv,68,LA
1x7c8qqy,39,SF
WKw55gxC,43,LA
dZrG9dTk,40,NY
PMXpLbP9,37,Berlin
r1LMLnyc,48,LA
PSn8L8NM,32,Berlin
gTRRO0a1,52,NY
MDintnwz,24,NY
J7eZT6mf,45,LA
Osg6pn3E,45,Berlin
qfb4dFwE,40,LA
q8XQrYhX,36,LA
UZ8z8dEg,26,SF
KG7yu4Fg,21,London
TTwZsBvs,58,SF
Rs9urO93,64,LA
8Nq77ajF,24,Berlin
toq27eor,40,NY
9K8uhPvB,56,London
1YZN4dqb,21,London
BWdhvadn,62,London
s07CixlC,64,LA
Qvi3YevB,24,NY
mhTCtbfT,27,LA
NeJyNSRp,69,London
Q0IasvkR,18,NY
MkIVGWiv,30,LA
bmtvqfzX,21,SF
rPHh29tE,59,SF
lt3tgbkW,51,LA
PUSPzWMJ,66,London
rnyi5iQj,63,NY
X9CqZKjO,22,Berlin
JGtdVMJB,24,LA
tqLpYznH,32,London
1927eow6,33,LA
vc61aa6z,64,London
ZsmjEqkr,47,SF
6Q5HLi6c,46,London
ymUexdzo,48,London
XSKn9yIg,24,NY
8x3p4r7l,23,LA
SP9Qv2QF,39,LA
e2y11Yeq,22,London
vGJa4zAL,59,London
O9ff6E2e,62,LA
OP9Ykv6Q,58,NY
e6bUybZn,32,London
V6Z4E6ng,30,SF
9O3m2Kvl,22,LA
MdlIDeZc,39,NY
FzFbFh4O,51,SF
ChBiopQi,68,LA
9VSQEgE4,26,SF
cOPuGJE4,32,Berlin
qX7PcPuT,62,London
7qYfheIP,66,Berlin
AMaQ0Vgu,23,SF
quV27Z6j,24,NY
rlXH1wXj,23,LA
MuEa3lcc,30,Berlin
bj5CJqh1,63,SF
vJ07nbEK,54,LA
RcxJpym7,53,Berlin
i1hfloAC,27,NY
z1NlJf73,21,LA
ZhsdnqHZ,55,NY
67lu5LiJ,45,SF
faZ5JFyt,60,Berlin
Rp1pKay5,40,NY
WfR6Ez6B,58,London
eChvRSrK,58,SF
NdSXpdft,35,Berlin
S1PyiFmr,49,Berlin
N89hzKB4,52,SF
KuWTflN8,41,NY
gAhQYs9H,48,NY
GzyNOSnv,20,Berlin
rxsWq3eD,38,LA
ZqvsFkNc,38,Berlin
qDG1OKMx,62,Berlin
vayBnGqJ,32,LA
NYZMFQBg,64,London
HcWxRFDj,61,NY
waZrop9r,24,Berlin
PNjVkinz,44,Berlin
IQtzDnbU,29,SF
UqDx3PcQ,21,SF
9MChF3GX,65,LA
vexLi5rS,42,London
a1bg0btj,49,Berlin
GUc2Kol8,28,Berlin
KyHsIJsL,50,NY
bMYSPHcB,55,SF
ubfDM1NV,55,NY
c9bdDA9X,20,Berlin
r0gi6C66,23,LA
B88tgBZ1,50,Berlin
wpGAYs59,18,Berlin
cZH6YhD7,55,NY
4FrPB8wg,50,LA
eIxqUkwh,63,London
CWZEI1zT,39,London
DL5ey45E,25,LA
0QzkBftS,25,London
K2Q9W5T5,19,SF
TxiKtDDg,69,NY
mUjD8QK3,31,London
VVJcHuJs,62,NY
QtDXYfOn,22,NY
fZCDrjd0,31,LA
SlzWaQGJ,41,Berlin
a3euNNJH,63,Berlin
FQrAnQf9,25,NY
wDX4ZAhH,25,NY
hrXAMAUo,56,LA
nJm2kWLE,57,LA
zX2hUmGI,42,NY
Hp6jDvI6,25,LA
xIvd71s3,54,NY
JMl6hweS,29,LA
hBOM1ZiM,28,NY
Se5ktUQk,61,Berlin
KnY4rmVN,18,Berlin
WJaMZWVX,36,NY
yXbIDfBC,35,SF
jShxFt4Y,19,Berlin
xIfC50RM,34,LA
Rmk5OH1J,19,London
90L0wofj,35,LA
HZuTQ7kU,56,LA
9WboxJXU,65,NY
JgksOR5J,64,LA
cpKxL5VE,28,NY
yi6RnySc,30,NY
wWIKYIjd,30,SF
5vuXdi6q,45,Berlin
gqvJMJNl,33,LA
LCkvQMaY,43,NY
PXcnkrI3,66,SF
7VHGFA4v,20,London
Vqhz2tmB,67,Berlin
XMDoNLpH,27,NY
oBQT3x9O,34,SF
CwPJCj8x,62,NY
dEqV9X2f,64,SF
9T3GkYv8,20,Berlin
99hJFHJf,23,LA
KEpY7iYG,62,London
tC06Q6qX,67,Berlin
2PoY4CR1,36,LA
tD1d7eeG,47,SF
eEiHNDcG,32,SF
4epjoIF3,42,NY
0LSzficj,28,SF
FTjdIms4,43,London
FyL0xUFs,39,London
BEpmDAuF,50,LA
e6nwSM7A,67,LA
gdmOxuvJ,32,London
OIfvJRWJ,52,SF
JPgQAAkB,42,Berlin
w6WsGdQ7,67,LA
XQzsUs57,39,SF
WEDjOp7l,27,London
aUNN5Ih2,33,SF
AdFGkrTO,68,SF
Uvpw3v5D,42,London
ykqFcalW,26,NY
NbIpw32F,39,SF
875Unwx7,31,LA
wT2wAwOI,69,London
M6wMjZxL,53,NY
iOSfesGr,19,NY
ZLYWQuFA,39,NY
qakPwAHO,38,SF
JAbuJ5FF,24,London
CcdOLzhg,59,SF
lbFRhOft,50,SF
egHJWPw3,52,NY
1IQKNkjd,43,NY
Movg1m4h,67,London
xUMiIX0L,23,Berlin
Nys8Zkaw,32,Berlin
QUF0NWJ1,51,LA
TRYdNmYu,18,SF
b5OCkibY,56,Berlin
ez30DfXK,45,SF
MsTzX66W,34,NY
3jkXwAtN,48,London
v7dZd5zk,35,SF
M3Zl5MXT,33,LA
mWQzHvZS,66,SF
FuwdROwh,32,London
jQmRayHq,58,Berlin
EgMnx6er,26,SF
v2Qv9sd1,50,SF
2dMDtJSo,50,LA
FWRhgyYx,57,LA
Fom3cDge,67,SF
x0Xw9dEg,25,LA
DiAu11vm,63,NY
BnDb7yDR,30,SF
rP85JnmJ,33,LA
YGvJFcRK,29,Berlin
nqhZbZX1,46,London
tiBsM3TE,39,LA
yoqTR1Hv,43,Berlin
qHfBbUX7,45,Berlin
eVJUotln,44,London
5VbZ3yLT,29,NY
ugkNFlEY,40,Berlin
GCEM1SzW,19,NY
682kxeyM,32,NY
QP3G1Esp,63,SF
OpkD6DZX,21,LA
AzmKnvLz,27,LA
XuMXxOJd,60,LA
R9VfH55S,66,SF
Uh4iKh0X,44,SF
a5YKwCXP,63,Berlin
cGkHeNmb,36,Berlin
P4F0VB6V,46,LA
Y9O32xc8,24,SF
6cJJEBSj,62,NY
UqeXMGkD,53,LA
NQGHv9mE,57,Berlin
PJoJ2fRD,21,Berlin
dchVdPJy,40,SF
fduPUDkL,31,London
leIPcMOc,58,SF
qsA6ihLl,38,NY
gn2FlWbf,22,London
yG0e1dRv,24,London
TKJwxefY,32,Berlin
XHqrmbHk,54,LA
aH1CG4yv,19,NY
C0b2Na4Y,53,Berlin
ISR1zUAd,41,London
5ZkVxe5l,51,London
E7Nx8V59,53,London
YkwLMsLV,47,NY
AVa3Zwn4,32,Berlin
VZx4gXAB,31,NY
u6QZd4Ql,20,NY
HPU3LOSZ,29,SF
Y4pYRDh4,29,Berlin
ipyCcE2q,31,NY
B155QVob,53,SF
zFoPC5sm,58,LA
xXIUjE7d,43,SF
BsbI4frX,19,London
87mQ1I5w,45,NY
4JM0Xzpz,22,NY
bGtiSWsX,41,SF
VZViGtbo,65,Berlin
FbWBq6S9,68,NY
x5Fntndc,44,NY
dnoK3dwb,64,Berlin
3K7aqRLZ,49,Berlin
TnWtyKlb,36,NY
DHZSQwBj,54,London
uRvztFDX,39,SF
pH1OVV9X,46,London
6sNxZwWq,25,Berlin
fKbwV3mD,29,LA
KR0FUIMa,61,Berlin
4ELOTMsJ,46,NY
wMBMsOL0,26,LA
63N2pG3Y,69,London
O6nKyzg6,69,London
UCqRI2le,30,SF
ESfrg5BK,68,Berlin
LL9XphF5,45,Berlin
40OoIyOI,61,London
Xq0l7MOQ,24,London
1KcOTc8P,38,Berlin
pkPyRISn,41,Berlin
XDq6MqEB,32,LA
RyWB7sI7,46,Berlin
u0tV5a1f,46,NY
jFTX8ey6,48,LA
vEVeWGWc,54,London
DrHrZpa1,27,SF
8nqVHLsM,25,LA
KGq4auej,26,Berlin
Svxmwcyg,22,LA
nH4Q9rqm,36,LA
l685CnQZ,25,LA
OoiW5RYJ,41,SF
IzTreClB,18,SF
hNtcYv9r,31,LA
qzLmF8cu,39,LA
GherZE7e,23,NY
5aRbFFCb,42,Berlin
GOXfC28G,51,NY
fsiBPFUe,21,LA
SvVmdMSe,35,London
pixdjiOI,64,LA
LJ1xaPHC,21,NY
cnojTyBq,34,Berlin
4k1zLUC0,46,LA
LCg6o9le,58,NY
Im5RWdrZ,58,SF
kwqMmLvQ,43,Berlin
ocK3WAFg,23,SF
ML3bNw3f,45,London
Yjc7VFWk,52,NY
1WT73m5Y,38,London
jE8MKLOg,65,LA
fB9OkkLp,20,London
GvhOBvFP,51,SF
MF3bgxaU,49,London
K1v4XZKD,27,SF
rDM9oOgH,64,Berlin
hLNkMLyM,45,London
QPgzCAz9,18,NY
VePAoXP6,29,SF
LsUiJp5Q,59,NY
P9dYdEkX,43,NY
pddPAeTb,69,LA
p1pVhmkP,60,London
RGTH5RQ7,19,London
LxPTDCDV,38,LA
MrvhNVZO,24,London
Zf2LXSyf,49,LA
0Pl2ytvm,39,NY
aNDfT8vG,26,NY
QlRDg9yw,63,LA
po1EUvqH,43,London
fugfRW6N,23,London
XFFkB89i,57,NY
oXWLlYTv,42,LA
fkDx3DT4,64,NY
SfLp0Ewk,37,Berlin
n5awhPzS,23,SF
SUC9CqeP,44,London
Fhpi6wB5,23,LA
eeKjIQIK,30,Berlin
5XNw4SLM,59,Berlin
On8zKkIe,69,Berlin
SgWorl6m,47,London
CHGwdbcu,46,NY
mq1xULJU,64,LA
kWnLhles,56,Berlin
AoqP6vOs,19,SF
sQ3kpROR,26,NY
VP9NxY6f,24,London
0mVRmEys,49,LA
OSCMBRyn,50,SF
rJNi4lWw,42,London
o6GW2Wdg,65,NY
vJrSpY9C,56,London
SB30EQ7M,64,SF
P8RAjWjR,41,LA
XVDAH6ML,39,SF
tJPLagdQ,66,Berlin
18L13T1E,54,London
hgAT0RWN,22,London
MgoApJaC,36,Berlin
gwpOBdgb,32,LA
bOlk0gko,44,SF
GQjIUzLT,34,Berlin
AUxmpriw,18,Berlin
6evxI3vS,51,LA
8VU5FiIh,48,London
7g7enxdl,61,SF
wGNa9QpF,67,London
0Hn8Dpfy,37,SF
BJ1xhORQ,35,London
dUvaFN9E,49,SF
iyTJp5vd,34,LA
frVCMbnf,54,London
f1WGMw1m,64,London
a0x7nFYi,61,SF
9A2t8pB1,25,LA
1wtk06rU,52,Berlin
pteCyTrM,45,NY
74s50QPC,36,London
okC3dNJr,60,NY
IOygjMt1,37,London
bxkyBxe9,50,NY
Mgqowbvt,66,SF
t4Vp3fsC,25,London
BfhQCqM2,49,SF
umyUpuAD,52,SF
lK3FrDEE,39,Berlin
iBiEdh07,53,LA
iG1prb2Q,55,London
FbO4vRFs,41,Berlin
ujvVOWZZ,51,London
CnS4qdbH,51,SF
sz5025Px,25,Berlin
4GmfRgXe,42,LA
3mVmWwTT,34,London
n5B0Fmzz,65,Berlin
0UNPMCOB,56,London
dsNUdqKK,44,SF
e8GDXfLp,48,NY
CZTeMBcU,39,LA
BrEukdmF,20,NY
OnHT4Q7a,21,LA
eSvaqVdP,41,Berlin
ccvqBXkk,35,SF
oIhMCFCB,53,London
SYzOKINW,52,London
nwGrYQ1X,33,London
Uy0zophK,37,London
AMpjRa1v,27,Berlin
Qg812fQP,20,NY
mi3IHgQ2,64,NY
3t5Em6uc,28,Berlin
RmmplAb8,62,London
Yzde3iys,45,Berlin
e93BBU1J,69,LA
98hosiWl,64,London
QsCbJ0di,46,London
rLNX9pb8,60,Berlin
eYiAhJ1z,28,SF
xG6pL9qh,34,LA
CjqsT0IV,33,NY
w3QZvsc5,30,SF
KzoOtdm1,28,SF
jNP9sv7m,54,LA
T8vK8OIC,45,LA
ByvHqDBh,30,NY
utDIuHxe,29,NY
ua89BBzN,38,NY
tTVLPeIE,22,NY
tLM4Lpfr,48,Berlin
7seKT1WA,69,NY
0iNmhiKE,31,LA
3hEhmSb4,24,Berlin
80m1WDPJ,31,London
0SuZqlSL,31,NY
xaASvZRX,56,LA
eL2GDXUw,46,LA
TRcdO8aN,68,NY
gTaQXE7T,34,LA
tHfmcHCE,57,NY
M8gcHXNE,19,NY
4PvLvtaP,31,SF
4p4VnYnw,19,Berlin
MXDB1HBr,23,Berlin
gERy5b8N,65,London
gqQVmBZs,45,LA
c0zZjKSb,28,NY
UUOkblb6,43,NY
Kbw1RQOL,20,SF
1hrj9nnD,24,LA
Nlvl269y,51,London
sTSIk4MU,51,NY
yAAIkRVF,34,LA
z0TCfQda,21,Berlin
IAWWCltd,61,Berlin
OHOZbxmM,63,London
bPr8dK04,23,NY
xpokOsBP,54,SF
qmwW35yX,56,London
mBAghsEk,50,Berlin
aUKKhot5,23,London
tFYM0wWA,30,SF
mRMSMcZY,22,NY
XdXQPCTa,34,LA
2MnmxKdp,31,Berlin
FlOWb07n,40,LA
wfL2VfBm,54,LA
SEjvSQIt,50,LA
DjvfXnY8,63,LA
dab7ljUo,26,SF
D7hXv7SV,51,LA
ZkFPCQtB,50,NY
e3mIl8aa,24,NY
nbNadI01,34,SF
i8T9rA9O,65,SF
RVg24cGp,60,Berlin
hR4tHmqY,54,SF
CVkrdNiZ,56,SF
HXQhTxwd,62,Berlin
IcUQssXc,20,SF
mBeLsCal,25,London
RJprHDho,18,NY
GH7qLHmO,20,SF
akaKRwOE,65,SF
QY4kdS6c,25,Berlin
rZVYQuGu,21,NY
8zYQeh6d,69,NY
10fyAKwq,64,London
oLRIgyNc,66,London
xju5itBm,64,SF
9hhFqfX3,54,SF
r2jlTzt1,26,NY
Wz2qG74K,20,Berlin
lxcvfOGj,59,London
qe4bjDx1,68,NY
aLm9mMIn,39,LA
mnUZ6yUQ,25,London
C9QXNv5U,54,Berlin
lbGP8Rij,31,London
Td0XGmvY,23,London
BP6qFst5,37,Berlin
rIxYZCYJ,38,LA
FMMVcMSV,35,NY
2XNtsTD1,47,LA
ivPINBjQ,21,NY
DGVaxLSI,18,SF
brOcNPaO,48,London
crpaawAa,46,Berlin
JIL3eTb9,28,LA
2D5J79o6,64,Berlin
ApIzzT1h,48,LA
VZYPhiNu,28,NY
9JMO3Zss,39,SF
S9xkWXUa,18,Berlin
O2KNbIYs,23,LA
Y5nBTnTd,49,LA
OT9D8EVC,34,NY
wCPokOsi,50,Berlin
eYXlmcPd,33,London
9bERxzp2,24,LA
JYLcQYHz,46,NY
8RWLlfyv,37,SF
UnGEXNQK,61,NY
OpumTarA,65,SF
d617I8Uh,25,London
fcsQ2qzt,53,London
14dinJ0u,48,Berlin
Tcgtmf0r,63,London
7d3hARLs,46,LA
Cx2I0GGZ,43,London
6MvA5piJ,40,LA
0y82dh2K,58,LA
nWAEsrX1,36,London
nZ0dirPd,32,Berlin
8ERTNBQi,24,NY
JLLALD28,62,LA
cdqfSZu7,49,London
vTeBf3fX,50,NY
f2l4UONy,26,Berlin
QYnDEGnu,57,Berlin
lrPSwMI5,22,NY
Y9WzAIfF,38,SF
9zrnJvNl,65,SF
CkbQxy2V,58,LA
ACI5qFWj,37,SF
Pjz0Np2l,50,LA
J0gXAX9C,38,Berlin
ZBbQW5f9,43,London
URfyTpzq,64,NY
hhFyWXL2,48,NY
USAqmxQ7,42,NY
jdMvCApw,25,Berlin
FjBQtCFR,19,London
yg6Fgx33,46,NY
9uLJbxiI,54,LA
E6sAASgA,36,Berlin
mPyhzpWP,26,LA
Hbj86xBo,44,LA
Rpdw6sTf,53,London
02M9RbxK,61,SF
0CjYocR9,48,SF
a4DbILMS,21,London
OLqYMMdJ,39,SF
hjgNFmnk,62,London
R72dM3Lt,32,LA
eM4QzOje,33,NY
LvVAHTWj,33,LA
KP1osofO,45,SF
gEyYbNf8,34,NY
RyDLRkRh,35,LA
ZvUuROSc,20,SF
DuDBEdSQ,55,SF
bPnbVEHf,25,SF
5RxEFjVo,41,London
M8J1aBS1,19,LA
ulWfxBdr,62,London
a6Uxmutz,60,LA
KGpMjSvH,62,NY
AUuRPBMA,36,Berlin
qE7a3XcD,68,Berlin
q0JMmU3d,45,LA
owGgdzsg,40,SF
97eNUlXD,40,Berlin
EIl0AWVM,21,LA
wcEvIYbS,54,NY
4t6XMYi5,53,SF
VOoS6kxw,29,London
8oDsLKQf,27,Berlin
HUOp9Hw5,49,LA
R3Q2GdsB,52,Berlin
i3BkhOxw,55,LA
HZm2nvrk,60,NY
0Ms69K64,35,NY
og66PKFN,54,LA
2Ft3Ycgv,63,LA
0rq5SJRk,19,London
0mJpJxlv,32,Berlin
reeQwKrf,28,NY
uqalRQTG,33,NY
DZRfYY9e,50,LA
hPy0fYp5,52,NY
33iiZNyx,31,NY
7kvVBu0i,47,London
Ji6v6HKj,37,NY
j3a1Psb4,31,NY
4cFS08ZG,35,London
hlOhOG7s,52,Berlin
8Jd0kZdh,39,London
1H1ttWHj,67,LA
adKTJ2v1,64,LA
aXW2X7b9,52,NY
xdxOxHe2,32,SF
cc1lL7bt,64,NY
3Uo8PhLS,46,SF
lCJocLSj,47,London
pBl9XZTT,38,London
XGIr8Dkc,53,LA
43iYVszj,28,SF
uCLEhzhq,38,LA
uFa4bTKH,57,LA
wSRSY8Zr,46,London
XfUamkKc,22,LA
e8nYzkzi,37,Berlin
om2aaoQw,64,NY
iNYmpXqG,28,NY
ZUBUAGkJ,39,Berlin
gSsCaaMV,42,SF
gnVDhJgg,65,London
nGeZcoSf,22,SF
8i2hEoqd,48,LA
qdXYP3J3,62,London
wxLFpbh6,43,LA
H9Qp4hvU,36,LA
2tUCyU8y,31,LA
Wdzrl085,62,LA
Go77MPh9,42,LA
7k1kylhW,21,SF
b3JZaX2C,60,NY
BTm4Qg7w,23,London
dDKYmZBv,18,LA
PNHk1CLP,33,SF
85zTk8PJ,41,NY
Zkjsq0Iu,57,London
d83y32Wb,55,London
mNmHfmNy,28,London
p0wkLUbL,37,NY
DQjSrcHi,23,NY
V0lk1MTO,41,SF
gUYuKqwq,44,Berlin
DdVc8wkj,22,Berlin
JbsWIsEU,65,Berlin
s0oL9hSN,58,NY
UdWTS2lk,54,NY
XQeZIlRB,65,Berlin
UteA192C,38,LA
FVxd5D67,25,Berlin
4p316PbO,35,London
CGuys3qL,35,London
9JF1kWSg,42,London
PCxi3k7w,53,LA
tH2LyaP2,42,London
ChXVZMma,23,Berlin
iW3qXm3J,47,LA
Hv12xNht,31,SF
K7plh1Cw,40,NY
xNVKIyq8,34,NY
gnPyBxj2,66,LA
bFLH1Lg0,29,Berlin
wjrHzKmS,25,SF
iZXC1YjS,33,LA
9rAKY9Ml,21,London
aMWmVnbK,18,London
kGtfzbch,61,London
v2sP1noA,58,LA
IbxgawoV,58,Berlin
McVWs4K7,33,London
DEB4WM0o,51,London
xQ9UPTXA,62,SF
aEIP4T09,21,London
899xLEOV,61,London
S8yhphDs,21,London
84MA4eeB,66,SF
M6NHS3qy,36,Berlin
3a2ficuX,37,London
XpbUhP0R,59,LA
PsoBDcfT,46,SF
soHdPVC2,35,LA
jDvYxcwj,34,SF
kXgb0Xut,44,NY
vEubOe3J,55,London
uEM6uWjg,40,LA
GUPRmt7v,25,NY
LtTtvcug,20,SF
FHNVyek9,60,NY
bLkjcSyp,44,LA
oAhaDzEC,38,SF
86Z2RMjI,66,NY
FTwtxi4B,43,London
nGNU6ZYX,54,Berlin
LAWWwg1S,55,London
os8Ru7Ks,61,NY
GyihdkoM,41,Berlin
8vMpCsl0,68,LA
XU2H4rW6,43,SF
BuO2De9C,36,SF
4oQwEoHG,33,London
aEa7i6hK,23,LA
9osUS5D5,62,Berlin
CNGdSGqI,63,London
NA1pJP55,69,NY
8lpRyXcQ,51,LA
jl2iRsKV,30,LA
RwjrRlLc,57,London
G15NFCX2,30,SF
8QG9m2Jo,61,LA
0SftkNni,52,Berlin
EVoCQZEl,46,NY
s39gzJvJ,57,SF
WXkkZk3Q,21,LA
XgHTUFtG,51,SF
dzbIFOFg,56,LA
3px0NSGM,20,Berlin
U2M2xcux,60,Berlin
kf2uheRr,45,NY
tWti56Jm,20,LA
DkQ49td1,58,London
lLGWRPtY,42,SF
3ry6CJzg,54,London
G07g0HDp,19,Berlin
AQPHGOh8,22,Berlin
bYbokzlM,67,Berlin
HMuzvEym,58,Berlin
4vtCQsWQ,20,Berlin
UkiYfntq,19,SF
DUOIYsea,42,Berlin
J3lTVQ1A,44,Berlin
hoYCfw0N,68,LA
koHVL0CF,18,SF
P8J17Uda,48,SF
cD8jQkjn,55,LA
HPLY1xYz,34,London
aPPZue2N,25,London
gs0nSnwC,63,LA
PdO92o0E,67,London
eBprDyoT,38,Berlin
sFhmxpby,56,LA
y6tmPtvK,35,NY
kp7EFLD7,43,Berlin
aSQxBxSo,31,NY
1cp5a3l9,63,NY
JgNAlZ7N,59,Berlin
DK2ajamo,40,London
J1T2Xmds,44,LA
04kTQW9j,40,Berlin
f2Jd4F9z,35,SF
MOwkPEjN,53,LA
zH9TUSrJ,18,LA
xBcTIx3o,67,LA
w4FmqxBv,52,SF
zuoHTxTF,54,SF
1TG4tMNd,24,SF
1p3Wp8CE,61,LA
pSkQ9qBN,68,NY
toXb8DWF,46,SF
0rJnfhut,32,NY
16HsZPSX,69,Berlin
oC0OwMmz,20,London
jX7uprv8,46,Berlin
pKEuLqa9,68,Berlin
ESDM1wsF,52,Berlin
Z10hTNE1,55,SF
qjNE4BAz,54,London
uCBspvze,66,LA
Lp7MdIbG,18,SF
HkwPbbPj,49,SF
Pf0rXJa3,46,SF
XBnmCPBX,21,LA
Dp8C9VN8,63,London
LBFfhy6a,57,NY
6EuNmNTh,35,NY
IFHH2aRs,37,NY
1SGG2MOs,55,SF
fGXGObqn,21,SF
lQwPDdFC,46,SF
0BOAYoEw,32,SF
4Lerpdsn,33,NY
OWEZclUF,38,SF
quYcpeZJ,48,London
ocpVdKXL,50,NY
5kbQEcYC,58,Berlin
318xmSVS,69,NY
TO436xb7,61,Berlin
guKP2eip,36,NY
B9zGji5x,35,Berlin
tLDSqSHh,22,SF
nKvixL31,34,Berlin
xT29nL2H,57,LA
JMquRJ5r,32,LA
3jJ8pAWE,28,SF
TgBnfhkU,33,Berlin
xDRB33gA,62,LA
nD0RxCis,62,London
U8PfmHVV,52,LA
vLX2gIXw,69,Berlin
rqkbd8qg,62,London
oFtzlLao,31,NY
46W7rqMn,27,Berlin
9teN2MSj,18,NY
3wsoVkOj,55,NY
T2WiEslO,47,LA
2UBSBftE,32,SF
llnlLwTd,31,NY
wHaUAVZm,65,London
ggv0vl7a,65,Berlin
gXVkBghW,63,NY
4dQ0BSVz,34,SF
abh0sqgu,29,SF
SJxmg5LF,58,London
06WekXzC,28,SF
bQVYYkNM,62,London
juhE77aE,69,London
fsmnWkb1,60,London
NiwEh4pe,40,NY
dpxuDFJG,26,SF
WCEpVAiI,63,London
kAiLljl9,58,London
1hSwXZrJ,48,London
SLW1OAnX,69,LA
l1v3WH5V,28,LA
wtB3ZMHG,61,SF
gjdH1cX9,61,London
2f7ZELOT,59,London
zAD2qedT,27,SF
hZ7rERfZ,24,Berlin
xvcEoJCu,51,London
2FU8RVyD,23,SF
Rz81VKgS,65,Berlin
F91i9wjg,49,Berlin
P0Gx0TGY,69,SF
Dt22D5RM,45,London
a2DOAeny,58,LA
CJ6uTq0B,43,SF
51xitYlu,26,LA
pQxBZbRA,51,SF
9Up0vTkn,32,London
BkZHhf8l,28,NY
iSOSKIHK,20,SF
2LvMr7xe,45,SF
S3L9MHja,35,London
CAhTdVm6,32,NY
cF9ynbD5,29,NY
3qGOHtJv,65,London
GP3t6zxR,31,London
jyQSROlR,18,SF
Xx7EQax4,61,NY
3m7kPQiJ,65,LA
sMXuvDn9,63,London
cNhSJWIK,35,SF
CAuHci8G,56,London
rtQDuizd,26,SF
LIui0ieQ,33,LA
Bq067oCv,61,SF
BQ1Jttd7,67,London
owdo56HZ,42,SF
qL7tTFG3,31,London
AMUB6dJR,62,London
yQqaISik,41,Berlin
aSMAbZVI,26,Berlin
Ho3ySFup,67,SF
oGXRZO5G,51,Berlin
kbQLo8xT,55,NY
sdeG8GDV,31,London
BNFnSPlF,63,SF
AEjTuIjK,36,SF
tGgnzGAk,68,LA
ZT3nph98,43,NY
26mSqugR,22,London
APc9np2T,30,LA
cYptR83I,33,SF
4sVGUuoX,36,Berlin
NS40cAG5,61,London
nAbeMB5K,44,Berlin
ciTzURnu,66,Berlin
dUu88S79,43,Berlin
ACxtFCOI,53,SF
aVVc7Cn5,30,SF
pEVNlsWR,69,SF
TmppYsaN,64,SF
JCg5gAKz,43,NY
49TrVar1,53,LA
6DX9am9J,59,London
BvNq7OyU,44,SF
ZDMahauM,67,London
2izbfGeX,62,NY
y70h2BmU,30,NY
BcGPp4g5,68,Berlin
bsy4FQSe,57,Berlin
GiQ68O4b,69,SF
0u5imNPV,40,LA
jjh9qraD,52,Berlin
fcNghczP,47,LA
CwWQKmNk,43,LA
BQJ4GlFK,22,Berlin
TTZGtV4L,34,NY
043oLGSW,37,LA
W0ZMdRxN,38,Berlin
6jM4Oha4,25,SF
95dA149C,35,NY
HzeNHlG3,60,LA
IIFtZk52,20,SF
At1J9bej,32,London
AiyIdz1l,38,SF
Wph4dqh3,68,London
dOsA3Ub0,69,Berlin
54LhIad1,64,LA
btarEqOd,69,SF
20Ohk3sL,27,London
Ml57LOgN,35,London
j0nXNXtw,23,SF
uzEzFGWN,19,LA
J1GK4SLl,26,London
N6TSJgK1,49,Berlin
CUa177cC,21,LA
pEHCKd2f,43,SF
pe8HQx4R,62,NY
GvUgAV3B,52,LA
JLTXetBJ,37,London
Uxf1LiVF,26,LA
mfDU1xiG,50,SF
dlLFBUQc,31,London
V8fshu7l,52,Berlin
qeApvJIi,27,LA
AA2T062X,29,SF
apBucuVe,63,SF
magoMWbI,28,London
IvigHJNT,69,Berlin
MIAb6Yl7,66,LA
BO5ewSbR,69,SF
HOzty2E3,58,Berlin
uvn6Tqaj,68,Berlin
unZT6GOM,37,London
0UsQBIKR,29,SF
iK8Ohaj6,53,London
HMjrwZcV,47,NY
QaMw5oyN,36,NY
lpoMaQQW,43,NY
v22aZlDZ,46,NY
DjZ0axvT,28,London
B44YAHsu,32,SF
egUoiaGw,58,LA
NaCxCRuQ,48,London
gN5MHygo,31,LA
8pLicm9r,36,NY
7bEvJneY,68,NY
OmzhTuRV,65,London
5cpW4AJX,43,LA
jNLgW1Jh,42,LA
k3R4Hj5y,58,LA
Bf4OZf2p,45,SF
e3MJVd5B,22,NY
Bh5qQarg,41,London
zPuVFLEF,49,NY
GLt5H5Z9,58,LA
emHWzfQa,43,SF
xIbucAmg,37,Berlin
iDAak789,26,London
6qY1qeoZ,24,NY
mAGmGO85,21,Berlin
294q4bjS,24,Berlin
TnBPHRxw,45,NY
3GaSxPoO,37,LA
ZerXdO5i,60,London
fLrHSXJ7,48,Berlin
rdRARbcE,19,NY
AxnOwfwH,27,Berlin
PnyKFNH9,54,SF
rv7gmM8S,20,NY
RdySTP14,53,NY
sdWg4rMg,46,NY
ufcJjiXL,41,London
NVgbXluT,58,Berlin
27Bp2Irq,37,London
Eoj1CtKF,58,SF
Bf1ipzEz,19,London
O0irtSO2,68,London
6GVqEkyC,39,SF
5rEDubRe,60,London
UzKFhrBV,56,London
FaRJDks1,39,London
nwAe3Rib,29,SF
lCCAB8yX,69,London
l8B8b325,18,London
HVhNONr1,32,LA
Xs5GOIrZ,67,London
t6G7oGyh,67,London
yvMFKcYM,54,LA
g2tJfPbi,63,SF
q1doura3,44,NY
1mJmSS5o,50,NY
bElYM6Fs,26,LA
H9oYl7TQ,41,London
aoWtNy6l,48,Berlin
bFwy5yJH,39,NY
mDoPoqhT,48,SF
xKi15L16,59,SF
wpHy0dIs,40,Berlin
4Q7SFvEl,22,SF
NiV6xEBf,43,London
EFhYDpn5,30,SF
noctdwPB,51,London
usL4JlcV,49,SF
lU6YNzxS,38,London
jrCPud4y,68,LA
s8NXGrf5,58,LA
EC8hxEpE,32,LA
ooH6xzRX,35,SF
xMTusRi9,43,LA
w94h7L5h,55,London
aJn7cdo6,69,London
buRwU6TZ,40,London
9cPAl1MR,47,NY
Adhbd6Y1,63,London
eba8lZjX,29,LA
t2aZiRek,23,SF
UjqgJ9Uq,53,Berlin
qYkyOZEP,18,London
IFq5RPP5,22,Berlin
OibQJ5tB,50,SF
AqohHEu4,53,London
5MQP21Dr,59,London
3i8Ihor0,66,SF
Tp1C2rRy,30,NY
7lPJAAzG,36,London
jBJVyx2J,30,LA
QbNeYNan,19,Berlin
aX3M7a2w,62,Berlin
Z1YpiLto,61,LA
eO6l6u4P,66,London
PfRrSYWf,49,NY
KWGIQPuf,51,SF
c52yeUYt,52,NY
YO9uOV1c,39,London
D5KifXeb,21,Berlin
B4RRPJRr,29,London
rBufqeSx,26,LA
WqYtNvlG,45,NY
z93atCqD,44,London
0NSb29bG,21,London
fzuCagfU,32,NY
RVAolZKM,22,Berlin
7WkpexeD,20,NY
EIibOK12,33,SF
AWMaKa30,34,Berlin
L6CHaYvv,64,London
ZgZ8qX4P,37,London
kdIgVx9I,34,London
OCmSyi80,28,NY
Jh0S2kJk,62,SF
VBXKzRmy,35,London
ADjsLp7Z,24,NY
v5KJdg9f,30,LA
0dtaHW4a,57,Berlin
HepIfyeG,19,LA
11Qkjhko,65,London
NeB4XDt8,19,London
NJMbPZ36,58,SF
s98hTC2k,49,London
CSjhQVPa,44,NY
Dir9IrjC,38,SF
QpobHv7H,55,LA
QBAD42R5,47,SF
zr5Yp2DL,28,SF
0EblTfLu,36,London
faZ3QLor,27,Berlin
5G814V2h,29,SF
TfgS0ALU,21,London
5uTWP1Pr,33,London
mJu9JR6H,22,Berlin
88CqZNmR,22,Berlin
KgvhPxs6,63,LA
P4KQbt3c,49,London
ZFB0miNS,20,London
K4gmOkhG,45,Berlin
sqb6FSXA,30,LA
iDKEJjCA,49,LA
qMAvya07,27,Berlin
7kqFFuSA,31,SF
WPG9pGcS,25,SF
aPvjXSeB,34,London
euKTOhlX,18,LA
YQUdkc3j,52,London
AfaVzYSn,18,LA
wvuIo87d,21,NY
KTSrPVAj,61,LA
quWgGpd9,53,LA
Pz4xGP6C,57,Berlin
PmTovhP0,46,LA
paiENNVo,36,NY
j8I9zZ6y,64,LA
iut5q1Zi,28,NY
u27GmwIn,37,SF
T3l4QSaA,45,London
Fl9Ux5qd,68,SF
pNcmuO0Q,51,Berlin
pB7NPz1z,46,Berlin
kldBimj5,66,Berlin
cc2DfCuE,66,London
tQ9uhNbm,29,SF
JH8xnn3R,33,NY
oHsAMvF8,46,London
paQ1IWXu,32,LA
s7PJKMxz,28,London
mKRjqMDs,28,Berlin
umFOCze7,63,SF
ZibfAjnc,40,NY
vCgdIumk,48,London
84ZbpnLD,52,LA
KuiPvGue,54,SF
PXoa63MX,46,SF
6UMZZRSf,34,NY
8DBkqF6e,57,Berlin
7D0Ulddi,51,London
PtCi0Chm,43,London
pmaBzCyS,51,Berlin
DdTTXYTc,28,London
hEuSAKoi,58,LA
2C5BJ6E5,43,Berlin
OoYMlbcu,44,LA
vctYwF7P,18,NY
nOIiUHq9,51,SF
Ju2w1Jee,49,SF
V3OysFcL,24,LA
SZ6yZygt,18,NY
SqLLxOo3,53,SF
j62jQ2An,62,LA
WDUBCmEo,28,LA
aQxShGr8,18,LA
FEaOi6EE,59,LA
2xMwXM5H,27,NY
3I3UQDQV,52,LA
nx7N1wBL,62,Berlin
3zy4PCDM,53,SF
q0XWb5QN,30,London
1nK2QQ3V,24,Berlin
ORfotdt4,32,SF
1YrWvN9y,60,Berlin
ePx2Yxr8,49,SF
NSgaNR9U,29,SF
djaIYcWq,42,LA
HGFPlYwd,30,LA
CUm3HJ0z,20,London
Fua3G05A,26,London
RaxpyeWi,63,NY
SfUhnlDa,46,SF
e9CbTl0S,33,SF
uv9LMltI,54,London
Z8jhQeet,22,NY
9dAr6Gri,27,NY
Wz9BtJLz,22,Berlin
3a7nllLW,65,London
NJ1kjeM5,30,Berlin
DMpwLXHL,53,NY
7wT1AcME,43,NY
sw4N2Wfx,51,NY
K9lJisN9,57,Berlin
8VpuPZ4l,60,NY
5IRTzqv4,49,NY
sbT0OBTM,69,London
sE0t5ZQy,61,LA
qL8YTRL8,31,SF
t6MMXaoD,43,NY
VdP8WEZX,43,Berlin
kTR24YJq,20,Berlin
nMBrmKdk,55,SF
m6gjRZ6P,23,Berlin
MXaKJByH,21,Berlin
d44qGzPg,61,London
YqiLJoxG,54,Berlin
12rPUwiP,53,SF
dD2kNeU3,65,Berlin
uerKsb9A,61,London
NibpUrKF,32,NY
SS9Pcl0v,21,LA
19K2tjun,37,LA
lmHhMzNd,63,SF
TUkRLrUT,62,SF
6FagwBmG,18,NY
9R0ZMN4A,67,Berlin
EgFzwXcp,20,SF
dIzueLbd,22,Berlin
sHJ0A4XD,25,Berlin
eXidNbEp,61,London
KtRHV3eX,32,London
iFxum66k,48,NY
yqJeonYh,29,LA
a0r6WxDK,25,SF
Z6xhC7EB,63,SF
72Ih11Oe,43,Berlin
10O2DLPJ,43,SF
IbBLRCV4,64,SF
8oELwwQt,21,LA
32j5XLXK,19,SF
h726mhWu,25,NY
Wx9gBAJZ,68,Berlin
gZIXzXVz,68,London
RU2WlPGG,23,Berlin
KmY8MyBc,47,LA
o02El1xg,63,NY
1ixmegK9,36,London
ZAUN3Cjz,23,Berlin
qr6hiKDR,59,LA
hMprggTc,42,SF
2lkrLLow,28,SF
0WIyxt7o,39,SF
zUA40gY9,27,Berlin
UsiUVzSx,66,LA
qMuWrN8v,67,LA
Yct419sN,62,LA
C3T4mbp4,68,London
BgxhOU2c,42,SF
ha8VjLgy,63,London
wLBKyair,45,NY
qPgnqzAl,37,LA
RYp62M1U,68,Berlin
fqiU6X4j,47,LA
RS9mQdiv,65,LA
JeVQzYVL,46,LA
SM0HPEaQ,36,London
whVUI8P0,42,SF
aeUcWHFr,66,SF
lIU9DAke,39,SF
1qqu4kWB,36,Berlin
LHE0qtYZ,22,LA
CZYZYkQ8,32,London
0b4x2xen,49,Berlin
lFJk6fLY,21,NY
ddoOoWQ6,67,LA
qhHXjlAf,67,London
uKwKtlPI,24,Berlin
O1k4yuIN,55,NY
ZxwLJplL,41,LA
Vkz4d7QR,47,London
FhhpGDxk,53,London
fieCij2D,46,Berlin
56oYG4To,38,NY
mMW8Bkb9,22,SF
Fl9IrfkJ,69,Berlin
M9Bx87hB,44,NY
ANq28klI,25,London
sbRiFyZV,28,Berlin
amrHh9Ua,67,LA
MfL6MQ39,44,SF
goJzB5iM,26,SF
qlKgM9aL,26,SF
3RwbElz4,34,LA
oBDTS572,42,SF
dG8ETYP9,30,LA
6Zehmrpw,53,London
O0KhCARy,36,London
5TzOiOOB,49,LA
cjuUXp19,34,SF
lcqI3qFt,31,London
wQ2BFwbR,61,NY
2ks62frU,55,LA
ffP6wSiZ,21,NY
eaanbCDB,64,NY
YxX4NXpX,39,Berlin
cVQrYIDs,66,SF
Zf7T4HZa,18,SF
TlYKSA6o,61,London
9ev6bGdA,22,NY
9YizP03K,22,LA
vfdkOJrs,64,Berlin
WmGDqjdI,65,NY
eCgILvnz,68,NY
3wlBuYgj,55,London
cC3IzVam,19,NY
tsFpSJbD,27,SF
pBkgYtEa,42,LA
iqwEDAhh,62,SF
DSzRWs2u,57,NY
3vyTLJtp,51,NY
7phoDhB3,48,SF
ZhTms4TF,44,SF
9fqiRQ2C,64,London
TPIaakq7,51,LA
3FABsyDY,63,SF
fa66DxXQ,21,NY
zCysQR1g,36,SF
vVxca9K1,69,Berlin
PiVlC3H4,58,Berlin
xNmeiKTZ,36,Berlin
JYfUt56r,33,Berlin
nsjp8d41,34,NY
TcJx0Dky,24,Berlin
a9cTanCH,39,London
tLCpNZjj,25,London
GiH1DOFt,20,London
lsyqx8ts,67,Berlin
6e8fxYdm,68,SF
99AjLAEi,50,Berlin
KYvm8b7H,66,NY
qVk15gPq,57,London
y6pXfVnm,40,SF
PtHlPKtC,33,London
aasIszvc,28,SF
tabdIcze,43,NY
o61BOaYQ,51,SF
fDjboZPc,30,London
3vwEmNsM,19,SF
A9vkx1XK,22,Berlin
6q1EkQVi,63,LA
fuDpcr6m,46,London
8uFcQSwH,21,LA
YXeq57if,32,SF
uaRJBc32,51,Berlin
KwzlezGR,30,SF
Rw2X7vhL,33,LA
K6v8BftN,29,London
GU89EVMJ,51,NY
5KWgVbmV,66,LA
SIpKwMjR,21,Berlin
1IIpw777,26,London
cGPFGBkG,47,SF
aiI3JC63,67,LA
hGFRUcGK,64,London
vBKvVNBO,65,SF
pHSp5xK0,33,Berlin
Sb8lKrV5,53,NY
J0t42tYJ,54,SF
MDPxuDJF,19,NY
VUrkKsMJ,65,London
OzaAPuF1,50,SF
oM8qX8Vm,69,SF
2ain8gn4,20,LA
kD6ywS9A,33,London
JUymlCZZ,28,NY
cPvRNtG4,30,Berlin
lL1Xevjk,62,Berlin
pNMclui6,36,NY
u0vh3MAI,35,London
dbahnONb,63,London
wXPogpZy,59,NY
K42SOzDd,53,Berlin
wkHn5N3F,48,NY
ArwSFMSH,43,NY
jpQBdLnW,44,SF
pyKLm6hh,32,LA
GNBM3XqR,25,SF
t2UPBar0,37,NY
ptbmit3n,62,London
UU4NLlSH,65,LA
y6juUXt4,38,SF
x7Zghdpd,33,SF
azjRxLgs,66,LA
Ryf8Dl5V,38,London
EDESDGVS,24,SF
L2uwAXFr,53,LA
njKnooEh,37,London
T213kw65,48,Berlin
s1QTV9xq,48,SF
irVvLyt2,30,London
bYXofiXr,23,NY
niAyhQfT,48,LA
LtOcLNIb,29,Berlin
7yfyp3gb,55,LA
gFqLRpvZ,61,Berlin
r6P5IYiN,48,SF
eQhtQD6E,47,SF
jkuthQIG,62,London
ZGBo2F7U,68,SF
gYuFxm7R,64,SF
dFtYpktx,54,Berlin
TRMOT4xC,66,Berlin
9jRscYWq,48,SF
btgLvx8N,62,LA
Rux1iIkX,64,LA
aktdmzOP,44,SF
cybGluTo,53,London
XhzQ37yy,32,Berlin
t5LQaeA7,28,SF
uaXgGIxO,39,SF
NfND1UfT,31,NY
6GPNRIgF,57,LA
a47uK3e7,35,NY
lvFcgfH8,25,NY
so6PxrQE,47,NY
4IfhCjmB,63,London
Bh3uaQpJ,52,LA
53aBMzmQ,41,NY
Gt5QGHDd,63,SF
lA89ngEs,46,London
Co3iGjFO,33,NY
RD2OKmgx,38,SF
wWZk9HN9,63,LA
vsydOBSx,48,Berlin
VwMDJFzz,33,London
J4BlmSpW,24,SF
C90mjsAA,21,LA
cUj5DtMw,40,Berlin
knTgFFWp,47,London
ddE6AlST,46,LA
B1O2jxeA,39,SF
s8tnDAw0,54,NY
fjvfCGZO,53,NY
QWwhykTF,30,London
7Q4jJXRG,47,Berlin
XVu1GQaa,54,London
R6rl9JHH,20,LA
300rIMqi,20,SF
DnOoS6Q0,38,London
1Pwt7qvp,50,NY
YtLJYZDX,50,Berlin
6vnzxa48,25,Berlin
xQCUqUPF,31,Berlin
scz3qZde,19,London
f3x5aFh1,52,London
ND7g4JXA,40,London
ZbFk5qej,26,London
G1w8FVXL,63,London
XZIAUBmf,28,NY
sZO0q6pg,24,Berlin
tKxJrt96,46,LA
CnAM9qwA,32,SF
ZO121C8w,53,LA
Zkcu0GfO,44,SF
vRirw01S,48,NY
vGjQMqIx,59,NY
rVIpgzoX,49,SF
JDwrL0x6,29,NY
DV5wynCa,27,SF
wBb0Kglj,49,London
bvsR7ZVO,44,NY
RN2BgqVp,41,London
9OBFkYE3,55,NY
sVQbVj5L,51,SF
isUNpY5q,64,LA
hrS6x8Oh,34,Berlin
gLibKflV,41,LA
mxaO0dUI,64,Berlin
V8ITZKV1,66,SF
J4xq8Wvz,22,LA
UlGXB3jR,33,NY
iZZISgFb,45,NY
bHz9Greu,59,Berlin
AZUs8jb8,33,NY
BtfkeoFP,46,LA
MB7TgkEa,23,LA
HeHdG2wr,60,LA
8Lhwa2Rk,58,LA
zuHjfADA,35,SF
7oQWqRmT,36,London
Xuq0eUHC,52,Berlin
MJXyIedo,22,SF
XMv1PgqT,58,LA
bntRu2j5,38,Berlin
LKNgX5Nc,34,LA
FUzHIvMo,28,London
pyQPOdpb,56,London
ORD5Cnpj,65,SF
YNaCKvCY,45,Berlin
HBDcVT3r,26,London
ZisNfqnw,22,SF
FXophDgp,35,LA
GaBOjIMv,41,London
oaiTK78y,31,London
J9eDI43F,62,Berlin
L02fNcDl,23,NY
JMRkiZfr,68,NY
euAFjQn3,69,SF
SgW0Fo2V,25,SF
KXcNISzy,31,Berlin
yZJEMyUl,55,LA
Zjgu85kK,58,SF
5Yh8DDv9,45,NY
JsFGVyl6,60,Berlin
TUb5YDzO,35,London
C4WEamJn,41,SF
3vgJKQHm,47,SF
iMke6OFo,19,SF
vmzx3IzX,55,SF
zLzpuQLr,34,SF
T2p5VAiY,42,NY
OcfOjuZu,31,Berlin
T6J4Qwwc,37,London
lpw9m0iL,33,NY
URGAMkzk,65,NY
i1q7IdNo,36,Berlin
6RasxLpl,30,Berlin
shWHC2VK,25,NY
38TWyCtZ,31,SF
jpBnNxeR,28,London
YHx1PDgZ,48,NY
tC2HwvY9,60,Berlin
uWUZHCIQ,19,London
eCrxjbiY,65,LA
sSCnkMkK,35,SF
atttYK2Z,18,Berlin
GHLxKMRi,46,London
E9xMXcmG,19,Berlin
Q5NB8w70,55,Berlin
gj19jscX,20,NY
IK1YkPy5,65,Berlin
m4jZfgBO,43,London
L2oXzxNj,26,London
reLcWjPC,18,London
cZv6r0nv,50,NY
PStbyqNj,47,Berlin
4jFYbKUJ,57,SF
yRSyXHnq,45,Berlin
QwPc6H3E,66,NY
tnwD2M6i,29,NY
LagsBr6S,58,NY
WVY5apOE,54,LA
t4m7eOpo,48,Berlin
5dLPQM5n,50,London
q1IE7kxB,64,NY
b59AOpnk,34,SF
WD8If9ah,64,NY
wbyA8hOI,65,London
QgbKR2H0,47,London
ZbojD0jn,23,NY
gIbY4l4e,54,LA
0JWY7MMf,67,LA
DQtMWMAr,62,NY
uyCIAXns,37,LA
R0MGbx5C,41,NY
2HzcBo6W,69,NY
9oClXdiE,25,Berlin
3sKFdy86,33,NY
bEOeGu0a,65,Berlin
l94ZCs4e,40,NY
e18rsNsb,24,SF
31Nf4TAi,40,NY
oDpVFn5q,46,NY
oIG1ELr0,46,London
noAjcs4T,29,NY
48PjwdG3,69,NY
cWOcmNky,50,NY
5wMgy7SE,38,NY
qxgJRHt2,52,Berlin
mD44Qpgx,25,London
RKKwrOb8,51,Berlin
zItLHFsD,56,Berlin
QIJHAn7G,46,SF
WG47XHOo,45,SF
yIUKjVQO,67,Berlin
L4VEX1yT,40,NY
IrRcFKr5,53,London
KeoyLMrN,20,London
rUoVbSIu,29,NY
gfftec7D,42,SF
84UD2Uyb,64,SF
snmOsIH4,56,LA
1dhyE2IL,61,NY
JxKaU4ia,38,LA
vPgbXS5m,29,London
JwhUWCXB,28,LA
n8smdy36,61,LA
OlKKyYyt,52,NY
WTiS5k0i,53,London
HrJN3XXz,45,Berlin
pKUWtzaM,28,NY
UbXdWin8,20,SF
QN4VGMcp,38,London
VdmUonCU,26,NY
3ysDtfb4,23,NY
uHW57Rml,46,SF
8O4IXPAh,34,LA
O3Iv2m6G,38,London
vSssmZQL,67,LA
MWgg903E,59,NY
BA965kfh,62,SF
E3YOJa09,25,NY
fyLwme8B,28,NY
GoRcqupK,38,SF
KDgF1fKk,35,London
CHzh21a2,19,LA
7fVn7eza,46,Berlin
jDOdDEnL,39,NY
1DGP5WXv,23,London
eODZ6Yvc,23,NY
7ZWC5ba6,20,NY
R9Uc2PHs,49,NY
y7jkfoe5,46,SF
rCZ1lzl6,30,LA
4Xvl2Ixz,60,LA
pTvuyTAN,32,London
733Tz6jp,46,Berlin
A5jb3z7u,67,London
BWBdImKD,59,LA
IVKorbwe,30,NY
XnyKZx8w,64,London
K0rrBir1,58,LA
ILSSRD6X,40,London
N8y83KD5,23,NY
LY6XFhB1,69,Berlin
IJQQXcQT,58,LA
ULs1Z4Oe,54,Berlin
2UTq9nlb,54,London
ErfBMdGW,47,SF
BbJCvwF3,59,London
teTIydy2,40,Berlin
zo1Y95s0,67,Berlin
xhgU4ql7,30,LA
q8EEbPok,41,SF
xnIdpJoR,51,LA
JZfP1vw5,33,London
9MbypmcG,28,LA
GJBKHu16,59,NY
JfC1CXeJ,66,LA
PRtxRITp,55,LA
bYrqar5z,45,NY
g4GDXsbO,55,London
1z9hYXb0,59,London
BhCFT4v1,21,Berlin
IHhj3vN1,32,London
mROl1ToC,25,NY
ZCmF88Fk,56,LA
O9pKil8A,32,NY
dxi5pLag,50,LA
EYkpGyjU,55,NY
Y1woXOXc,29,London
WGGkMP5D,64,NY
9cpn83UV,23,NY
TN59Pt82,39,LA
JXtLL2pN,37,Berlin
wD2MDxyr,45,Berlin
Pd8ZfFco,50,Berlin
6h6yVCdW,56,LA
MGedcFYp,39,SF
KrzKSzaN,32,LA
3KorcBrL,26,NY
fswlL1w8,52,Berlin
8npBz5Xe,51,LA
ax1HrUYP,63,SF
gOPyoqUq,28,SF
PfFdwf7p,47,NY
OZzMlLtd,38,London
QxGqqk77,28,SF
uaI328QK,58,NY
U3aXnB88,31,Berlin
xclUJwfD,31,Berlin
nJgzm9zJ,54,London
8qJRnsVs,35,Berlin
V317Fbwf,45,London
ycbc3f0e,48,Berlin
1QbWPg1C,57,London
KgNjVpRe,29,LA
wPCf8vUN,52,LA
qxRupuPC,54,NY
MCdEXB30,26,NY
gipplPxE,30,Berlin
6yKZc7RS,63,SF
U4eLzmXw,54,Berlin
qkZIIjGG,39,Berlin
NQJDqfkm,51,Berlin
KzUJzxlm,58,Berlin
SDnuqVFT,46,London
ucpYWACU,69,SF
qOisHVie,56,London
c2Rm4PgD,24,SF
BeVijETF,59,LA
0T0bDinr,29,London
J7eyiOfH,40,SF
9F7cElg9,56,LA
sFWF6ECe,32,SF
NI5511GE,34,London
RtgQSHbl,44,LA
utrxHfbq,34,London
zceWFUhq,63,LA
avdMG5fg,62,NY
vf9N6fOH,54,London
4v4SUZ54,23,LA
u2hKoVje,33,London
sNQCOCHj,42,SF
Ddkbvh1w,66,NY
xsrZcV88,46,NY
4ExxRJmH,26,Berlin
bKXnF7vi,47,NY
4ojRRLBN,33,Berlin
9IR4j6H1,48,Berlin
iWQCf8v2,66,SF
YYladOtZ,32,SF
YDW89b0h,29,London
iwWGyboX,23,London
Gbg7Hi3J,66,NY
sJMAnYc0,42,London
BLHoTa9W,52,NY
AuZhaTC2,28,Berlin
Mm4ulHvl,28,LA
UPKP2Rdi,37,SF
2zJMIvdv,34,London
hz3JreLC,29,NY
N5q1EZVW,18,NY
Ze44VLmv,67,LA
1rZBBpv6,58,LA
vsyMQGrz,28,Berlin
XS4VIkeM,25,Berlin
wKJGOY9f,45,SF
fZwjy33W,51,London
Fbr0NtEl,40,London
PVV4mdWb,65,LA
O4qd1qg9,38,NY
EOiPYBvm,63,NY
C8iy2t2Q,29,SF
IInnWMmr,33,SF
u7ejGemV,31,LA
CdRFDnLj,67,SF
IKjZDuBm,67,SF
nwFAgEMF,24,NY
G6zqloOf,46,NY
VCQrUY2x,67,SF
bOI9YHwq,28,SF
VoSOGObH,33,Berlin
oWk4SNTE,25,LA
UGvZfHAY,53,Berlin
rlp0TlC7,68,SF
2pPPJinl,51,SF
sJKAMn2R,20,LA
a4gGUC5o,59,LA
8MfAwoQR,22,SF
dEVEQ0yG,26,London
RIx0XhTw,48,LA
5CvWIEGt,63,London
0ibRXTPd,52,Berlin
gqewMhWv,49,LA
egch8x2J,33,Berlin
BEIIe83c,58,NY
wqFVX6FQ,61,Berlin
J55fuTtV,32,SF
RQFCXGGt,22,LA
wa2gtftE,23,SF
YdYuXZ38,64,Berlin
6md4iPSm,37,Berlin
tmA6NoWc,58,NY
Hyt5c6xv,26,NY
KGkab3qd,64,NY
teeJBhPT,47,LA
khZFmjdZ,37,London
9d9azP8r,69,Berlin
60yZaTLP,28,London
3RZigpw1,52,London
0RvkeLR2,53,SF
9TWS6lM7,20,LA
y1o1B3pe,53,LA
MONTAWaf,65,LA
bcq2Lsgp,67,Berlin
QDFfzvjN,34,Berlin
qCsTkHhl,56,SF
JxBPQc3d,50,LA
PKz0KIql,38,SF
WWLz2YNg,57,Berlin
VfIvrzBl,26,Berlin
k4HGiTBo,66,LA
OHchDSGY,38,NY
Oprbskjd,47,SF
BkenYR86,69,Berlin
9pWqTma2,44,SF
TCCSLaUe,25,NY
l1n6CQPr,38,NY
8wKQWB9N,65,Berlin
tVvaaxa4,24,SF
RxXnujGm,67,Berlin
WB5hKc0Z,19,NY
qb0dMwwb,25,SF
bCh2RKdi,26,Berlin
Ugc0ZaZP,46,LA
UxGaWyET,23,SF
jiQyRWFf,25,NY
h1UN2aLo,69,London
Uf9jjXXv,24,Berlin
ZSydFkZE,66,LA
f1IE0n3B,51,London
afSC3f2j,51,SF
wudtitbK,41,NY
9Ot8gcSI,50,NY
cWXCKhpU,30,London
IjbwCzQm,47,NY
nlnBE1NG,69,Berlin
hnFakJ36,30,London
GOsoagD1,50,London
qPTHXjNA,68,NY
pd12IRHB,43,LA
YByOURSG,33,NY
G8v0IIUD,32,LA
iaURoOvX,34,London
eYOHMx5K,55,London
t2yBlOf3,49,London
ijydCyt7,30,SF
dvuabt8E,64,Berlin
ZFNiqp2h,51,LA
yCn8HNDC,57,SF
jB3G9Rsb,34,LA
kIu7sc9L,32,Berlin
vGGpaLiu,46,NY
psZ2Z9wc,62,SF
VVtT5LTk,51,SF
JOn9jdRB,67,SF
u8DgSjU0,26,LA
Nmbjf2m2,62,LA
sQve93uT,51,Berlin
TAlHRWXm,57,Berlin
BNvutE3A,45,NY
Dxnc6diY,60,SF
WvMdZK86,30,LA
U5SRDdse,66,LA
MJBQ9epM,38,Berlin
TD240TwY,55,LA
05Kg5bhS,61,Berlin
hxSMob2N,29,SF
Gym4Kb0S,66,Berlin
g9qvfUJs,53,London
wNZPDUP4,69,Berlin
rEao8aum,68,SF
Jq3ktLBx,66,SF
A9RmqLhv,61,London
nStzmthH,55,London
E8wdwoeQ,31,London
ahEKNCKn,37,SF
oo71GfXk,47,London
iy0DcSDm,68,LA
pJwHPqDh,23,NY
3xr6gPf9,28,NY
2pQTd5IT,48,London
5zOvoUFm,65,Berlin
IbQkGj0U,27,Berlin
l1Yu8U4P,69,LA
5b6rZDtY,44,NY
wgBvbFXK,41,SF
w0iQ8yy8,58,NY
IhQjVHat,65,London
cBdcMUlM,48,London
aFGM0qNn,37,NY
Z8V4kE9z,44,LA
NXcCiGLr,25,London
J1Ol0sCe,59,LA
ONXFH8LA,69,Berlin
K8iUyOUo,58,London
hCfzfbIZ,36,London
IfDJJRK9,56,LA
uMeOXp88,38,Berlin
yxAuUMyI,60,NY
NyDQXWFP,18,London
E4NnFixY,25,LA
YqwOmuaY,52,London
ITve5sLe,42,NY
ZfNLGUjg,52,SF
Cv4Gueiy,29,London
tqo5cI24,23,Berlin
PXDGw1Gk,37,NY
13Sl5zfX,37,NY
x3cbYn9H,60,NY
0Fl4PwA5,52,LA
eHrdOGuZ,18,SF
G34B49tR,49,Berlin
KY4LJfoH,65,LA
k5lwYgTc,63,Berlin
fzYTT2FG,56,Berlin
0JK7BJmF,54,Berlin
V4Rr1E7f,65,LA
XMJy2lN2,42,SF
cBoj1bLo,23,Berlin
yUhfX9it,52,Berlin
HcaJJuBz,59,NY
kKiQjwm5,62,London
JAm617iW,63,LA
tt8NwRZ6,27,LA
sok4P9zV,54,Berlin
RCBU5l5N,63,Berlin
E7bfsiXi,25,NY
siM0Qmsu,25,Berlin
JNVBHsJz,68,London
b6sVd7go,22,SF
Ydcr2ZAH,55,LA
qdopBCb5,54,London
ZCxPDMZc,57,Berlin
orwPBrS4,39,Berlin
YwbkdMgo,45,LA
fWZGZUk3,49,SF
0Ked72Jj,44,SF
2QEbKMdo,48,London
0JhU5SKl,29,SF
6vY0iPa0,18,Berlin
2MTe0tdk,24,London
LckM9wUh,52,LA
eflN6wwP,37,NY
FPIe9b8j,42,SF
K9iFAWnj,56,NY
5dWFH1WU,39,SF
N39qAH9w,25,NY
mBesbdgw,26,NY
kcc9c1gU,44,LA
vam4LPx5,36,SF
zR8YVQvx,31,London
YssnsgYm,47,LA
xtMet1UR,44,LA
40Xjv2pT,47,London
7n3P2nFX,35,London
v79Cscgd,55,London
izCksXz8,58,LA
fJDXhPo9,62,NY
hl3N2Ca2,43,LA
HLekSwrl,55,NY
NAmnbksn,65,NY
61ePyxgV,54,LA
zmSFsHQi,52,SF
PAWcrSJL,66,London
seQBZjAj,19,Berlin
TMZ5c123,45,SF
ZBW4idJZ,19,SF
fOXGW01g,27,Berlin
y0wP7Y7A,54,Berlin
Xi7OVXaG,23,London
DrvPmJOD,59,LA
RVwAmoxx,43,London
7ircwXwq,43,London
H69Gpdm8,69,SF
2J4yMPwW,21,LA
HMgCBT3W,48,NY
ZptuWmjV,57,Berlin
Sw5g23L6,26,LA
2AEYoXzS,35,London
fh1J8Kgs,56,Berlin
WtoYJBTr,50,SF
cYmGMw72,30,LA
FRHQFAfq,57,LA
C5wljDnX,42,LA
XZoLGbeM,44,Berlin
ppiueUUN,53,LA
pqkcT4aL,67,NY
qFlBBsTk,44,NY
5yVKpHBk,61,London
rHoUPfE0,27,LA
i6zLib0m,51,SF
lQOaeFTf,25,NY
Ws1CVONo,25,NY
ESBqGDGi,25,London
AC9ZBZmn,61,London
0MvX2u7H,50,NY
fihmz4vW,55,NY
9En8nTyv,36,Berlin
y824mBfA,50,SF
0UFQCNnP,57,NY
zfe0DWOb,18,NY
1VV3WlaM,45,NY
sKRD5Ys5,23,SF
clcOsqYF,56,LA
FElvLrg8,38,Berlin
85lVQ6zu,63,Berlin
8Dow1Qvj,32,SF
8kzduTPg,58,NY
uAnvmARz,36,London
ZEEe54Fj,43,SF
F8negMKA,35,Berlin
RQsALwXh,28,LA
jQGYgkkh,54,LA
h5a64Bvo,44,NY
LJraWyf0,58,Berlin
bm5tuh8B,29,LA
yMYNhMfQ,36,Berlin
cY6qvh2D,61,SF
Tv2yLuLa,19,Berlin
15yJC7lP,64,SF
drIOGvkX,18,London
kBiWIiqv,24,SF
2fMuGGTe,33,London
MdLKLSgz,31,Berlin
klCyZD4r,25,London
3omf8ozS,50,NY
5l8ictw8,65,London
ovuuWEef,38,SF
q3OSlqzm,42,London
rjhNbops,69,SF
jU1slNl2,49,LA
PQWySf5i,20,NY
1xpL39Hl,24,Berlin
GRyv3d7z,61,Berlin
DhhwTbwS,62,SF
7GmZisDe,34,Berlin
Wf2rPRTV,46,SF
IHXaH3LJ,22,London
gQ9uQ2bH,45,Berlin
7ids6wCJ,51,SF
E4UJpvrN,61,LA
jDJo4xpa,69,LA
W2CDKo7y,22,LA
IbONBBdz,40,LA
ly5uuBUu,28,LA
NCanQyH4,29,LA
JjBYfT4A,45,NY
kseKI45F,23,LA
3IQuWTDX,26,LA
Mgdbo7yF,66,LA
J5jG8NDc,28,Berlin
QkmKur55,29,London
N0rlEOUe,46,London
iEyNlknz,52,NY
ObKd8CoR,31,LA
O3mglEQH,61,London
1K0lD4Vs,54,LA
qcoxNwkl,61,Berlin
pzeDsmcS,51,Berlin
LKhzHMKO,21,LA
0adBiqbI,27,LA
3MovMjqz,29,London
yE67Bntn,41,SF
9OZrDFQJ,18,Berlin
H1K3W0fw,69,SF
TpFeFhFI,46,LA
ZFalJiuD,57,London
1qmWiHuZ,56,NY
HFGzDlVa,26,London
dsTXa0Eh,67,London
zx3nCEeT,33,NY
ZCWRZjXn,21,NY
w866yTGf,39,London
OGTcG0zx,31,NY
mR0xyzG4,55,London
JhVUsx7N,44,SF
6seExDCJ,38,SF
0f3Fv7OV,69,Berlin
JuPvj7W8,43,Berlin
4l5757xb,62,Berlin
At1oNrxq,31,London
cizJodES,23,LA
zCcAOjeH,66,LA
7PDxEL6K,53,NY
vU7YhUAQ,37,LA
hWODWWYL,53,NY
3ypAwDQs,33,SF
fptYaUXC,30,NY
GbTfToOp,39,NY
2jvAj8Ds,64,SF
SryKNQbU,60,SF
72zSIZZ7,65,LA
7if96zmH,52,SF
Sq8HdTCe,47,NY
F9z4UDgd,69,NY
Rv7uXKJm,29,LA
VRlwk6dz,30,SF
lulXt6zd,22,LA
jUDkCpWi,27,London
PfmGWlAe,45,SF
3P0427MH,46,London
fFqjXdr9,48,SF
MpQUnkPL,52,Berlin
bsfwhGBI,21,Berlin
q4SiPPpS,29,LA
q0UTk2qK,26,NY
QfxXT5ce,24,Berlin
SgDCcuFm,21,London
8VBoU5Ks,37,Berlin
mPBMU5XA,43,NY
KsonZlmR,28,Berlin
e4wqc55k,21,NY
vkOwlyHO,21,London
ql7eHo86,19,London
rhocUxze,67,Berlin
HeSs5iFb,23,London
hZ9GJNPa,21,Berlin
SJitWmfs,60,Berlin
n0kah9Lb,25,SF
FX50bKUU,29,NY
FMu9vKou,25,NY
yVb8GAqw,35,Berlin
GQiqQWLw,37,Berlin
cJfwtSoq,53,London
2wKGwLBV,52,London
0Isc7swQ,62,SF
CUSqY5tY,48,SF
RDaum6vB,53,Berlin
95t8Beaz,28,London
HWNWHcRH,44,NY
YKDdRbbz,68,NY
AG47dJAD,57,Berlin
cH94Zc0H,64,NY
2fltic48,18,SF
Y0PoS9aM,27,LA
mJYXYKse,26,SF
uIUkeDp7,26,SF
oluVtTR4,19,London
kYXOYAmU,25,London
4shB5Vc0,20,NY
fAmOXwzo,39,Berlin
8OyDNE9Q,26,London
44SEDAEx,43,SF
VlC3iuzh,68,NY
lbvJfcRu,35,NY
BQk6RlcR,23,Berlin
JVZgbQWV,24,NY
ZgF9hWFY,61,Berlin
Ukf3abFx,36,SF
frNfkhMl,21,LA
n7splgfT,23,London
pcdPdvmF,27,London
yCxb28sO,63,Berlin
nMBKPk2y,57,London
GkpgMuSI,56,Berlin
6QADqRMD,34,LA
l9YTreGu,44,Berlin
dR0RHVZ1,40,London
ajp9X5MD,27,London
V1ObPmXV,55,LA
RUeocuQP,27,Berlin
WOFNbppv,31,LA
vzKdnIO1,32,NY
CwnSgQeD,52,SF
f5S4o2HC,34,LA
JbUfiNhS,41,Berlin
pFLLL07o,22,Berlin
bMRVCVmE,61,London
fJLm2L6l,27,London
DdwDAwd5,58,LA
0i3FoQz6,34,LA
kUdqPyjn,45,SF
xGXyhicE,57,LA
Ol2rzbJR,59,SF
GcLjdElk,45,SF
sjPQpq9i,57,LA
Vbz52WDx,48,SF
xN2lldg1,18,SF
hJsW2E53,35,SF
qbBUsFMP,39,NY
gUHCDYV9,32,SF
4anZcQkw,47,London
McAD7D32,57,NY
ar1uXUph,36,London
WtK4cAer,49,SF
2WO6RkrP,51,SF
PywbTvnx,47,NY
45nzPkqG,41,Berlin
LjAlXg2F,45,NY
vAkJwR8b,24,Berlin
kddAaA4N,69,LA
6HDvEzA8,43,SF
26dq9NqU,49,Berlin
ojp3XdSq,48,NY
bTamuP1J,51,SF
Tm48XKDe,39,London
DQ6f72LM,40,London
JhknBCVf,54,Berlin
iLmC8n0c,18,London
nPwJ4PPE,38,London
Etetlocv,64,LA
i7QsJICT,33,SF
hHQUTUcL,61,SF
uUMsjI0g,40,Berlin
doGIlNnX,63,London
WHUMCftj,40,NY
6LLls7kO,44,London
wKGaSu8z,47,London
PdJ1LO1J,60,LA
XY7efmLd,54,LA
Za3ChsVs,61,SF
Yvr67MSm,35,Berlin
nePTXuvK,22,Berlin
gAhvPm6m,60,SF
GvNYfN4W,24,Berlin
7yTkcqBk,32,NY
LkNvKVo9,56,SF
eWF3VC47,47,LA
PV8rpVQH,56,London
Z4DX1I9v,24,Berlin
zpe7jjUS,33,LA
hOG2g2nF,23,LA
0tx6WXqN,60,Berlin
5yuAUoaN,29,LA
M1oIfvxH,59,London
LagvQwAx,24,SF
O1RNx9XY,55,SF
n2m117QJ,62,LA
LAZ3FP3d,68,LA
mVL5FXfh,18,LA
7Oy18a7k,62,LA
Fxr9kBg9,20,Berlin
FEqDVDQS,26,NY
3WUvOOvq,66,SF
j2MgEFLl,31,London
cC719yTs,29,SF
VaAXqQMW,60,LA
ixrPL4KX,23,LA
hAIw2B7I,31,LA
nwX7aPxf,66,SF
W0Ua7W0f,64,Berlin
n1BGNK4j,25,London
MkLCUuab,50,SF
XzbbeeLX,30,LA
vkIDaUwR,48,London
EheqSqMJ,18,LA
nMjNnDJs,28,London
bILs4Etw,56,NY
nOahikhq,48,NY
yN34pkWE,59,LA
on6lumYz,53,NY
i1fzYBW8,59,NY
iUWsz5a8,39,LA
gXsjzLZg,33,London
9LmT5Yld,29,London
ywQfXyBw,57,LA
jSSPrPii,52,SF
8RsIdte5,20,NY
B1k5F6yI,24,London
mQG1iwez,49,SF
ZJmdmarL,27,Berlin
XuAAWFKa,30,Berlin
nqxD4eLk,61,Berlin
DZdPaR1z,32,London
ccA1k2Qg,41,NY
lwZkjLrR,41,NY
DgtAFOPV,69,London
8AW3vcOo,24,SF
daeZoTWl,37,London
nx9sKsGL,28,NY
aoR2xqyH,35,Berlin
vIjh9nw1,36,NY
kotCdV3T,39,LA
tTEIlAow,64,SF
lBBqDggb,65,London
xAyK7UhI,38,London
TkGHUD4D,32,Berlin
KniAQzp6,69,LA
lyP04h2j,37,NY
trUdafRQ,61,SF
PmVNSiFy,19,SF
Tqr9FwaP,59,NY
DlAwyyVZ,47,LA
4YtnaOpj,59,NY
kCv7Pfp5,67,NY
2Kd1tjJt,43,NY
prqqg0Nj,24,Berlin
HLkaXFHT,35,NY
obbPvoQe,29,Berlin
plJ5jnvr,19,LA
vwculwrf,48,SF
EMxy4EEf,51,LA
nE0aPAjL,31,Berlin
z2jfhTnV,38,NY
UiIXIT8V,34,London
33vdt3yy,60,SF
PfItAyz7,67,SF
Z2OG3Bbx,64,Berlin
ZRErhaYF,61,SF
Wmo1oWkP,26,LA
fGKxbwmg,69,SF
2RX76yb6,39,LA
BSMZhZvn,38,LA
U5dVw9aJ,28,LA
gyhw0BUZ,50,SF
Bcu8YyH8,40,SF
rqF2gR78,40,SF
rdmUrwT2,52,NY
dNw35EJb,44,LA
aGmoP40w,66,London
vBZ21oGT,22,Berlin
kediS3TF,69,NY
m11br9sF,37,NY
Vnw827vS,40,LA
UmVkqW2O,22,SF
3ChUD0Eg,41,SF
nCnF6OBS,53,London
T7iDqG2O,46,SF
uaTGSVTK,60,NY
B4b1oP24,33,SF
ajP9beo1,20,NY
CwLTdtou,41,London
Qa3WxNge,66,London
c4Ez7psD,27,London
9rZM0uKg,39,LA
F30UrXku,33,London
rrxLd6gq,63,LA
9GdYm4yQ,20,SF
baMZ6zGa,23,SF
XmGxDBlK,53,SF
IIwjbkqk,49,SF
1280j1UR,67,London
o0u0IpJ0,29,NY
L1O5gFHR,55,NY
hNut9hgg,24,LA
fl2Keokh,61,NY
0nTdTge2,69,Berlin
8gv6A3Sk,21,SF
jvo8hZE9,31,London
Erc8Ioga,64,LA
FQfokeIS,64,London
oEew3SXx,20,NY
G6StcQtU,35,LA
N63nhfuU,24,NY
oLRNQX2B,21,NY
meXAjf1F,67,NY
B5xt8EzQ,35,NY
gaDHKiUY,23,London
h3ptFvRz,35,London
ZO0gfNjw,42,Berlin
0h7JwfmZ,32,Berlin
7bNc7x5c,28,NY
A3Syc4nX,40,LA
4z5SDTGy,29,NY
FS6N4789,49,London
2MwFoTvc,63,NY
Jcgsw5SF,54,LA
guVinVpL,31,NY
CKcgtSV8,69,LA
m55MlPx1,46,SF
YtypwMbd,44,NY
2Sw4riN9,56,London
qSetacX9,64,SF
UESN7VwD,27,SF
fcCYCjqB,63,Berlin
hysK00u6,33,Berlin
LfiWnhOF,19,London
l3850w97,29,London
ItDCc6Gm,19,Berlin
Qve5Jrfi,22,LA
INi2QpXZ,53,London
baa7OoIt,55,Berlin
3JrERwYs,53,SF
ss9nk26T,39,LA
72kmo6vL,46,Berlin
i1C5VsqH,38,NY
k1fHI67l,24,NY
dmHUejXN,40,LA
3J92zUZ1,33,SF
lDvJ7bkb,40,SF
weQulIqG,31,LA
3FNSs74c,41,Berlin
Gd2ezqdf,58,LA
tN6eLRc8,63,SF
A1XOSVdF,47,NY
0ceKiPow,67,Berlin
9dzneN54,40,NY
8FRvCvFu,59,SF
wajQu7lD,50,SF
KVrT3ZEp,31,Berlin
VvpJ5bri,38,London
8Q3J8g8y,24,LA
GA5ZrcVP,65,LA
YmUrc5uf,66,NY
MDIpCoUF,25,London
Se6UwFDn,46,London
WOUuPiW0,18,LA
qAXTu8tt,65,London
d05VoiL9,54,LA
gmMakLez,31,London
WyIrhRzl,64,LA
vasTmCU0,45,Berlin
9GaJWzZg,68,SF
YEHmm1ni,58,London
GxF39ojZ,49,NY
QQmXOPvk,48,LA
tGzyD1Jw,19,NY
MKlcJgeS,20,NY
5WmVn2L0,69,London
g54WOKwT,30,SF
v6huCHSk,25,NY
tRlvx7Nm,60,SF
VwFasxgb,48,Berlin
mUruMQc4,66,LA
qKKxVxRz,67,LA
ZaimvHsc,28,NY
E3dFTvJV,55,London
4gbmblVD,41,Berlin
4R0kSuHA,30,NY
0Zd5mgfe,65,NY
Bq5LedZx,27,NY
QJYslEo3,57,SF
xECcTtL1,43,SF
JW5njNT8,43,NY
LNd1XipZ,50,London
kNRNatw0,32,LA
411j8nZb,41,NY
f9RqF75A,32,Berlin
8xGgDWAX,68,LA
GHfjHRz0,50,SF
gzogAukt,24,LA
Jz1FE72k,46,Berlin
b1fvyAjT,55,Berlin
0Ov9nVxQ,36,London
6eYx4NqU,36,NY
m6U8NObE,46,NY
8FaFKwkT,50,Berlin
xHXpg1XY,36,London
dLnh6Qvo,30,SF
Ghfl91R5,58,NY
ikddW2dD,36,NY
TfIvSePh,54,LA
V2dVo0TS,58,NY
zhsmdzgm,19,Berlin
x6Npv9aj,48,LA
0Yp0MLNs,54,LA
dnc0ikc6,26,SF
52y7cFev,31,LA
9TX2OCLF,34,Berlin
Abnteo3Z,19,London
Mahm7Jvl,63,Berlin
ZWiTmN4E,68,SF
ItYHcfpZ,43,Berlin
kjdssU5W,37,Berlin
Jn61QiHH,22,LA
jgZkd9LD,53,NY
Juv2qEqp,23,NY
lxv0ncwJ,34,LA
gSw8M1II,68,SF
5iKLbbZC,37,SF
1VQFP4Z5,54,London
FyzbPJL3,44,LA
F58NKzkF,49,Berlin
xBNIUkg5,27,SF
PLcx7scp,60,SF
j556a5cr,37,SF
nghdQ3GY,18,Berlin
91zAt1QP,18,LA
6Lm5CCOa,24,London
onnwGRYy,47,London
hzqqbF6a,41,NY
ky3X5kDw,57,NY
BirLqsmM,36,Berlin
d5KWD4Aj,50,London
ZnJRRmPY,32,LA
rI0F6Aln,31,Berlin
fIrHfvmI,42,LA
2wPteeql,66,SF
rh7VeuG7,62,NY
WsJDN8zq,40,LA
zyhKDrSw,42,London
eVssG381,54,SF
EYEWiMhM,25,London
iM5yn05J,46,Berlin
2Z3Ymdi2,44,Berlin
DsFXyFv2,24,LA
KNQuOrQB,54,Berlin
VG5vfM7o,27,LA
QxeXytDG,69,NY
iaQXqo9n,62,London
LNVFN218,58,SF
reWKVpFW,33,London
jLQqn6Fr,31,London
cMJuoLZe,55,LA
vry94Dlo,38,LA
yWw7RgBk,48,LA
sjgpfyho,22,LA
rvq9ue6y,27,SF
Ilt9yPcE,69,NY
MX1ZMaDx,62,NY
FxPcCC2E,51,Berlin
IBSbUnAs,64,LA
LzJZUFZP,28,LA
NiGalO8V,31,SF
8jKWRkMY,46,LA
YEy9Shss,25,Berlin
Sicj4r82,67,London
AgW8j0Oa,62,London
F7WBGZD4,28,NY
wqXJsnoG,29,SF
czDibXor,18,SF
KbnyttOl,62,SF
Mm0IPKa0,42,Berlin
aJFl0p52,23,London
M86kHerZ,30,Berlin
1qIYURhu,43,NY
alXeSYTl,61,Berlin
OPOEczEx,61,London
9zEBNwMZ,46,London
Xh9VWxQF,69,London
EtDSEgGv,44,LA
wRAEj5nC,35,LA
0hAOYTLn,65,NY
HG0E8c6D,45,Berlin
LHrFP75c,36,SF
w50bdcnL,45,LA
82VltrCZ,20,Berlin
aVGlRddF,21,London
WOHtJVCE,40,Berlin
TtKvKkOE,34,SF
kxERYpPw,54,LA
9HjpQ1kv,42,NY
LeiRXFkE,54,NY
1ewdJFxA,21,NY
ffhHlb7C,61,SF
ACI8vi5a,59,SF
W5IuC486,25,SF
e0efAG35,27,NY
wVLI0cdw,38,SF
Sa2Ef1Za,40,NY
eS0f6OW8,65,NY
N0Fx6KZM,62,LA
XdSwlB5x,61,SF
YQdzH2Lf,60,NY
AgetZiRG,50,SF
4waMuzqb,43,NY
LOjREKLp,28,London
LC3lNGbr,51,Berlin
YoEC8EL7,29,LA
pTWJzEW9,46,Berlin
NSvdLBOC,35,NY
zsXjO9Kv,20,LA
rwi6Cf8X,44,LA
lVWuTE3N,20,NY
4DnE8kpk,63,LA
EHDyeTzX,48,NY
Opp9Wmoz,67,Berlin
rjsZYRSR,67,SF
8Scwxeus,69,LA
A9RmbcL5,36,SF
X6oNUoGi,25,LA
bAD1pL4K,43,NY
sDRWvvdB,31,NY
Ghjl0IOM,42,SF
G8ebrKc3,55,London
8W2gOGff,20,SF
xZaYpQXm,22,Berlin
gjPsD9dx,32,NY
j45LHui2,69,London
0BQNQyfT,18,SF
GaQqkABR,62,London
vsL15kVn,54,NY
iWch8OTU,25,London
nOkTd7GM,62,SF
W1g3jyvc,51,SF
EDt0KfgJ,42,LA
1wgI40C3,39,Berlin
hTmLqwE6,50,Berlin
RgriP4jp,37,London
chw5OZ37,35,London
IUsN13Ty,21,SF
KjbJzhAR,54,Berlin
8zC1hSeu,50,London
5t0NBGjN,68,Berlin
QjLsWS6x,46,Berlin
cUqFXl2m,47,NY
EQ2Bl90L,43,SF
NoLP03SA,21,London
lu8QSNXH,54,London
gT15L52r,47,Berlin
lXeHIlh9,53,NY
PWFqVzdL,58,NY
3b3rLPxi,21,SF
fbSEI8Ee,53,Berlin
PDMjx80q,41,NY
7BLNmAMH,54,LA
k969F13J,37,London
NIWjWwbq,60,London
Ayc1CGxo,38,LA
sly4IwTi,25,LA
vtDsVwes,46,SF
JSVZv5QL,31,London
Zq3W7bWq,44,NY
frs1sQKA,34,SF
l97ngELy,33,SF
2RjrQxbS,52,Berlin
qSK5jGhc,47,SF
xMkRTX4n,21,LA
mvMI3zPx,46,NY
TJVUTROc,65,Berlin
HBOBtL6g,55,Berlin
7wOgtB5k,18,LA
1plU8PPX,22,SF
zacDw8lS,44,Berlin
O6chxCMG,66,London
mAIhw4fZ,31,Berlin
cf7OqETa,22,Berlin
jXbq0lOG,42,NY
CLjODqbU,24,NY
44b9FqN5,30,London
byNm3Q9X,32,SF
XvxeeGmZ,29,SF
hwQNoHWH,24,NY
Jfl9XTRT,52,NY
LyHs1QJ5,56,SF
OOufR8uM,60,London
rrt68Wlb,63,Berlin
cfz0gpoj,33,NY
epBOhvSV,59,SF
jSa42Vi8,57,LA
OnztL8bA,31,SF
PiTzKo7k,67,London
TvHrMrtu,28,Berlin
WgtxpzOp,67,London
XTWJLb5T,60,NY
Kinxq5CI,23,LA
YegyCIHA,18,London
e9Hy6dUw,69,NY
oAwsqyn0,46,SF
qkBFQ96L,63,LA
jQ26GRBT,33,Berlin
l1IyTber,43,London
59yu5sHd,54,LA
evuO1k2N,22,NY
3OlwH5J8,36,NY
YGUJWvLP,50,NY
zRegGir0,25,London
nxXYxMaf,34,SF
qKLfDeWP,59,SF
aRtGides,24,NY
Es3ZpedW,45,London
6VFJ5VLF,22,Berlin
9BnWikiH,21,Berlin
eniDpv9s,25,Berlin
6RyiO5jG,24,London
hxfumDhm,55,SF
rcNFK5ok,66,LA
d5LRveXe,53,Berlin
DXKFXpdD,46,London
dP0o4oJ1,58,London
Ei28Em7P,27,SF
U3fYVzwL,20,NY
jhTyaI7L,57,Berlin
jpSuItEa,35,London
E9Xc1Nnd,20,Berlin
MROUIxfl,46,London
CspYCHob,66,NY
4w4flpL0,56,LA
bfChPKbN,68,SF
23Owjg87,20,NY
q4HOyMRy,22,Berlin
LISyf3ME,39,London
pguO9mjp,36,SF
VF4C0u1S,40,Berlin
dZ1yUgZl,69,Berlin
AL9Fq13b,37,NY
1VWeXwCx,26,NY
Q79OjsUd,64,LA
z5Wj6HeS,54,LA
Sk98LnZw,30,SF
J8kqkvz4,59,NY
0gMXFLJL,67,SF
9mOKT9Ab,33,Berlin
ECsv1f0O,48,Berlin
vaobhxkl,33,Berlin
Qw9emcKT,60,London
bDy0StZN,48,LA
FjJckHM1,32,Berlin
eNfr7TfW,30,SF
r9IMOBJE,37,LA
H2pZTgu2,51,Berlin
Rdvcm6KI,68,NY
88iLulc4,55,Berlin
6xAm5p1Q,61,London
TgF7C7Kf,21,NY
HVjQR3xV,43,LA
6IUgSWq9,69,SF
XLluEhxs,53,NY
b9aGd0f9,42,London
rxpeJrbL,52,Berlin
x8grIpIY,38,NY
klaU6dIV,47,NY
23XR5aZX,50,SF
oFkuQ44S,38,LA
tAcD2Jry,55,LA
5H6eMNeb,40,SF
33nf6AuV,34,SF
IaoHCxiI,55,SF
PRtQwBpP,45,LA
gfdoAg75,49,London
IA64rGWr,45,SF
QqgApraB,48,NY
Z5SWebe8,65,SF
UhAuzYgZ,44,SF
y5OSrW3j,61,London
ZsaOMj5e,50,Berlin
9aRufRsd,54,LA
FLfuRz9o,26,NY
KMN6YQ41,35,SF
RkissuTL,39,NY
jLpKKMUz,29,Berlin
yLrIK8xW,32,LA
B5UNKmfD,22,SF
TFAcRipb,25,London
fbFnC4RV,59,London
WxlDfDcj,25,NY
IfhVALug,52,NY
t8GYSUR7,25,NY
ewBZIThy,41,NY
C6bbhN2v,30,SF
rrrYgUWR,40,SF
aaZiYKWU,38,NY
ipt1xPan,52,Berlin
N7FV1NvI,52,Berlin
Y3IrqQXS,53,NY
bCoyCEuu,64,LA
LORvUDxT,28,SF
81q2Yf59,47,LA
PsuPoag6,19,London
cuOvSMEd,20,SF
qr2weoOb,56,Berlin
dKO0RDQ8,23,LA
JYoHyR3t,62,London
C58uAsaP,22,LA
sKeGQ2Or,48,LA
mBqVPMMN,36,SF
BgErVrfY,34,NY
mv0VnAUA,58,SF
0uAr99CD,46,SF
gsq8Ipk2,51,Berlin
uBF6mgUu,42,Berlin
rMSzOdQL,21,London
5dhHnYsx,49,NY
XtnutD2y,49,London
BXiu75iT,59,LA
p4fjdP7t,46,LA
m7Dns4Om,38,London
cGNBQXfJ,51,LA
3WF43qOh,28,SF
AHgqjuSy,26,NY
ANyi7hOO,36,SF
TIkW1swl,20,Berlin
hPyWKpyv,65,SF
PPPBIGK4,53,NY
KeLy7roI,36,NY
z9YX7C4s,46,London
aBXM6BNw,55,Berlin
ty4mBzig,61,LA
pBlQloWe,41,Berlin
C3n9myOh,68,SF
EHRbAOA6,52,SF
1xRAxlfn,55,NY
QfwSycWh,52,NY
7XrGDUsR,30,London
e0cEXMuG,52,SF
FSkkZVXc,44,Berlin
BfJ3hZ3H,28,NY
xdqKqjmb,42,London
kiFT1Rfk,43,London
iIQl9pDM,32,SF
mDMeFD9m,31,NY
VxhUQpQH,48,NY
ZGu11dMi,42,LA
zTxzOmgy,49,SF
ml6Pd2MK,29,SF
5VKeq8UN,26,LA
Jh3fd4MJ,20,Berlin
826FNo0v,29,NY
cyTPQ1Dt,38,NY
gDFncI43,47,SF
MxHiTsdf,51,SF
cwJlKLWR,19,NY
ouPlPZ5T,24,SF
H7w3kTi2,55,London
WPcP6Rn6,52,NY
s5ACLfmO,32,Berlin
Cphk1u2b,35,London
MTnlRCxP,20,SF
CfwjN8gG,54,Berlin
SxLxWjvq,18,London
qNaFJh0J,48,NY
xXqzYg4Y,19,London
3YzLoX58,67,SF
HRCOUTBA,61,London
BfQHBooe,66,NY
dqHUk4TP,25,SF
5R1z9oSl,27,London
b1CRzzUz,37,NY
C8ABqo0Q,31,London
RRsTEOYS,61,SF
jdzFFRHO,46,London
uh24rblv,35,NY
7PKKUSzZ,57,SF
HDdbJvx1,30,LA
GdpoJFrS,63,NY
IDxufLuY,55,SF
MvfnBqv9,56,SF
hWM9sGoa,46,London
JF3I9fKF,29,SF
GwZUBXMR,36,SF
Q6Eo6szF,33,NY
KKWC4qsw,67,LA
7pjeB9kp,66,SF
cgR1kRfp,18,NY
7CuEsgyN,24,SF
pIBdSzEM,48,NY
uLMQ11Ks,49,NY
JoVTBqLF,58,SF
RUUYn2gD,33,SF
SIyVNzKK,35,London
JVPBDBvh,66,SF
88RHKgKt,56,Berlin
3xXzw9p3,57,LA
ENfEJmdw,30,LA
M2xU7RHa,29,London
FA2CWEkA,57,London
mvxmMN7k,21,LA
7XhGhpfS,54,LA
rcb306MQ,34,NY
FkbVNOvR,42,NY
tlBr6lFm,64,LA
ONl0tHct,69,LA
DEWE3J98,50,NY
HMjw18v3,28,NY
oDaJDSED,55,Berlin
VEGi3kmF,48,Berlin
jgK8ihPZ,66,Berlin
iJawtL2Y,24,NY
ddnBmkta,42,Berlin
u35dSgSu,42,NY
SEeyFKEW,24,LA
ooVVVJe3,59,NY
YnO4qBs7,26,NY
gX2eVps0,52,LA
LoKQNq0t,56,NY
htjeS0P2,27,NY
7tho2KDV,19,LA
cdfKAWrY,45,LA
bd7WdKDj,68,Berlin
6Z4MFYWG,48,London
1BudJrqU,69,Berlin
lKTWSPgn,29,SF
3eDkKDXI,60,London
OxR25bdx,66,London
Ubx3ujh1,63,Berlin
HVx3Aco0,66,NY
MI0fNw4E,57,SF
tB0ShZgx,68,Berlin
vRlSWifT,35,London
kQgxZRzG,55,NY
SPUmbwoI,20,London
7AHDcgdw,45,NY
jD1YtogP,45,SF
dmXzYb2b,36,SF
OXrsAJUk,49,LA
ZjjaD9oB,21,LA
aEXZ5xaN,39,NY
D2pWDjeV,44,LA
jVuPmdPZ,50,LA
wEKfVioQ,62,London
vSSaHu0v,38,NY
B6aoHz75,20,SF
due1SOd8,69,Berlin
cSJGANbW,44,LA
ppRa5Nd4,62,NY
svnx4xKu,65,Berlin
J2QuG2Ju,67,Berlin
NONplZMX,49,LA
QpijPfz1,21,Berlin
02X8EmWp,51,Berlin
1SF4qRNB,22,SF
BaOP2gBh,67,London
v0vbDPgj,24,London
IpzaQIhN,42,Berlin
t4EYv3Vi,57,London
yGcDbpRB,47,LA
5yRqTcE5,61,London
c3kIkkdv,50,SF
PSMO4G7G,54,Berlin
BeGTSqef,28,LA
0jAoxorx,25,Berlin
NNmOZNON,29,NY
gleN5ilm,63,NY
hBXOOXFK,33,Berlin
sbCtgwKJ,18,Berlin
1SeXCLLu,59,London
mEyfN2tl,54,NY
mw4gZTZc,53,Berlin
XtmAdV38,48,SF
BUSgkvzS,42,Berlin
jzUn6BLH,20,LA
99CrELp2,54,London
2rU4aK4T,49,London
pBjG0ucN,46,London
7JFl9pJk,35,SF
hYbX18U8,53,LA
YVIryynC,42,Berlin
UvIiO4ie,68,NY
JqoOfuz9,29,London
9Fa4yjPh,43,London
0BEy4mTG,24,SF
2RwzM16D,50,Berlin
ohBGxyzV,39,LA
Cv6mnIil,43,London
Z9MCwkpZ,64,SF
br9TEoWM,21,London
cgaOOGcd,38,SF
CEHe8eOW,49,LA
ipXGEeZV,53,London
EtqJoO2a,27,London
YTW7kH02,33,Berlin
B1uoncfV,65,LA
np36fGsm,20,NY
JCRivnS0,26,LA
pmuLdJbQ,25,SF
XBjlTjz4,37,LA
7ym8vwIt,32,SF
opVZOQWo,33,London
3T3sTFkc,54,NY
WEdUGW5t,46,Berlin
xcsirpGY,64,SF
D8LwpbXb,43,NY
mJb5IqSd,54,SF
KW4b5S93,53,SF
m7ffflPV,63,Berlin
9Wmiovpz,35,London
n96bbQpt,57,Berlin
753BdfKt,40,NY
qUf3wfAj,22,Berlin
5ecEejkb,55,London
kbAPj0gQ,47,SF
mAJZdKkz,26,Berlin
nIPqlgRz,39,LA
MmLTC1PB,61,Berlin
3SBgHz95,44,SF
3awrnv1C,47,LA
oKxM6TWb,50,London
Dp6e0Gsz,26,NY
BQBfJ2hh,24,SF
UQrgan7k,46,Berlin
Z5i1lil5,43,LA
wQo6ckWm,38,London
LlwGc85e,29,LA
0XEBJfAU,51,LA
BD7GnNk5,54,LA
FSniPMbV,38,Berlin
iBNH1BV3,62,NY
zhoZpXgV,18,NY
68N4efSG,42,NY
2gEDl2v3,33,NY
gxeTNYy1,35,LA
FTLmKMRr,64,SF
TRa9vuGp,57,London
I6mdC8cC,69,London
GtYk3us8,26,LA
2fsZLKmS,66,LA
5LNsKM9G,67,London
YhMGpb5q,22,NY
Q2ec56IJ,66,SF
R753TyFz,39,Berlin
3HEnwBYy,65,Berlin
cu2nIM5U,54,London
F3PbQOLp,69,London
aHjfUWEh,29,SF
wv0lzNME,49,NY
7dJDbdD7,19,LA
j1WD1kk0,22,Berlin
He1xXjJc,43,NY
T6nMPnU6,61,LA
GjeQ5MD8,58,SF
CNurUQKP,33,LA
qlRKVlos,47,LA
323SLTUU,41,NY
u0zYqtoq,66,Berlin
MBWpw7Cx,33,London
AWlpuMSy,57,London
SKWDFCEq,40,NY
ZczjoTg0,37,SF
ejRMwl5T,27,London
xuiPWMQb,43,NY
OFjcvYYJ,64,London
IbeYSpP6,69,SF
MBY69roE,48,LA
D3HMmgYv,62,London
UzCCoJZc,61,London
xtO7qHQo,62,SF
4v6lXJnK,41,SF
QiyAso5e,46,Berlin
mc6wiRWL,42,Berlin
MOgtpMV9,42,London
bwdPzOYB,65,Berlin
7jopQZqD,60,London
dBX5AbOR,37,LA
gKVgknN6,60,NY
0zij61hz,52,LA
wDqavrIl,27,SF
Ls469TSU,51,Berlin
MnKUJTMM,58,London
JX8tgArS,49,NY
ZgxQDfL8,33,London
HsXFOSlI,63,SF
b56jxy4X,41,LA
cgRH57yY,19,NY
x028AwkY,27,Berlin
Ab0D3JSJ,54,NY
NgXX6S8M,19,LA
UdSmu34L,50,Berlin
CGcMFaWD,45,NY
fSTpavD3,30,NY
frrZgDGZ,47,LA
UHS63IjG,64,SF
Am3RmzBp,42,NY
38g3LGLT,33,London
4KV6zbGq,26,London
2W4LxX2Z,55,Berlin
GlUzd1Rf,51,SF
ckXk4WT4,49,Berlin
G8DNX5Qj,67,NY
ny1m6a9v,25,SF
y6XucDf2,56,Berlin
CxR9jnB5,62,LA
mNRUo2AD,61,LA
TwtvuV5j,38,Berlin
RI3oA3eq,61,NY
q8PGx0MA,54,NY
cElySbIx,25,London
YzDbrP4F,23,Berlin
6NzN9ynQ,39,London
zhZndkL2,54,LA
FwfDFIbR,59,NY
Jp8wBUSx,23,London
ZAknndJV,30,SF
YugKEd21,19,London
NOCypI8g,25,LA
DLCJJkxd,42,SF
auTkDsto,25,London
Cq1NgC2c,69,London
9ZER0uMq,66,NY
735ALaJ7,51,London
kY4xPVdT,60,London
MbjTAbdJ,59,SF
evZ7EO8h,29,NY
0z64B3FH,50,NY
VSvQMQx7,68,Berlin
kpf83z62,38,London
EivXUkC5,28,London
3UVQC6VB,25,Berlin
TsziQs8p,68,NY
ZtsuK7Zd,23,LA
jMCJEy7a,27,Berlin
7yRQwSbd,54,LA
BAAgven6,32,London
GyK5Bq1C,39,London
oQHvhNxZ,47,London
Rphfizp1,67,Berlin
tWYlPWY1,39,SF
Fvy9SeQj,44,LA
7iLqhZbj,52,LA
stoFcTl4,50,NY
1tcuy3ka,44,Berlin
efKXelsb,48,London
TboUqaz4,67,Berlin
KWW6ohSu,36,SF
mwBBNVn0,48,SF
8EHqzIt9,65,LA
3WumtB6K,66,London
RM2MfKJu,37,London
UXG4KWHM,43,Berlin
GjFTQyKb,53,NY
z9EIiCeU,27,LA
iIh1sAwd,20,London
RiVvykCn,42,LA
RoMLREPr,35,LA
rCvSl1XS,39,SF
RghOrI2H,56,SF
tT8dLrrS,61,NY
leZo0shC,40,London
U2TVeYQE,55,London
jOLmPu6k,61,London
CnBs2mrD,52,SF
OrydRrxu,25,London
vxpDeBDW,33,NY
fZBcONbj,42,SF
KttXROj6,35,Berlin
LDE5TGPe,43,NY
YvR8tiXg,47,NY
gFy4GzKK,69,NY
ik1shmRj,25,NY
DY0EbSL8,23,NY
bZV41vSh,29,SF
MX9vs0oj,24,LA
8XoyZAYl,68,NY
Gn0C9i9S,34,LA
zrA8sKa9,56,SF
WDKBIvac,46,London
ieKa6wGr,25,NY
b2Nj8hRr,40,NY
QrGXRsYr,51,London
QuxIkkyR,54,London
48o3DRhR,19,Berlin
YcC0rxLc,40,NY
RUIDIeXT,54,Berlin
jYE3p3Pi,32,LA
R0W6OW9F,50,SF
qXt0cOAO,53,London
GHaoM8FM,64,SF
MA2eG4t3,58,LA
jDYl7y6w,59,Berlin
jEmje0yM,69,NY
pT6CMI9g,57,LA
yDOxxqzP,47,Berlin
I5fRcl1T,68,London
sQiyGVll,25,NY
DqBB0JjP,49,SF
nXzZ0MHq,18,London
wm3ajVkP,48,NY
CqCPzhqJ,18,NY
5KPwAyLJ,57,SF
6O9wUcB6,24,London
6cRuciPy,43,London
t7UhYGOE,69,LA
KXnZCwPH,64,London
fT1upwx2,62,LA
Y7HuvRGV,36,NY
lmCp6BFp,20,Berlin
Ullps8KQ,64,London
cAzzTlPp,24,NY
Ozd2lp2T,31,Berlin
0Fwo5JCj,61,Berlin
6B0D9CyP,51,SF
kxxKeYhk,40,SF
9jQCNFc2,51,LA
KfD4B5jD,27,London
osT1BvOc,41,Berlin
yIOPWr7e,34,NY
QukTrn9D,67,SF
V7j40N1z,67,SF
xDbgarJa,54,SF
KSXdPxfz,35,NY
fRvUSJm4,33,Berlin
N7nSjgBC,66,SF
gbeIu2yT,48,NY
NnencdYH,45,Berlin
V6bjElMv,40,Berlin
Wmf8LX8w,41,LA
OLFL73fj,24,NY
jIxyR0HM,69,London
ZfogbYD2,26,SF
jKJ7Pv03,37,London
5JhKGm5S,20,London
S1IZN0ge,24,Berlin
cK92BSnh,68,NY
g3TFFNlX,67,NY
uQkOqK55,26,London
AwxI9yLX,47,LA
pYjKD6vE,44,SF
tkNyRuVC,56,Berlin
qPKxLM6k,66,SF
iBAMQktQ,60,SF
w7LgyYTM,54,NY
3iiCckY2,66,NY
ueB9pCur,58,NY
fkfN5Pc1,34,SF
qQZm0Oi1,50,NY
GInItuRt,58,LA
lXNsXLsf,31,NY
9roAGfJb,23,NY
ewxmhaMK,27,NY
IcmPPz34,49,SF
y2syFGI0,43,SF
H8kUyDMZ,57,London
nzw6HTAK,57,LA
KTcrCGtC,37,SF
ZvfgS4ms,61,SF
tdl0IEB1,30,LA
BS4EiWUd,46,LA
XdSPb4P0,51,London
Um3MRKyM,53,LA
Uxs5kQMl,20,NY
1CybTZyF,57,London
6br2aA5B,53,SF
Q0p4gSne,44,LA
Xsavj8wD,57,SF
107YqKxj,52,Berlin
gsxKvKiX,50,Berlin
nsjad37g,39,NY
bWGnFAnJ,24,Berlin
eVyPbjKF,62,Berlin
qIA5DCYr,32,NY
OlL1MLE2,41,London
QDATDt3R,27,NY
CuwwZpkc,34,LA
IUX4UlLU,43,LA
Ztve5p35,26,SF
wWGBB510,61,Berlin
wGxO0ivX,37,London
2BqSRw0m,50,London
aiVrxkP2,61,NY
3M7ae5g0,49,LA
JAf4liHA,58,Berlin
nOFWR6qC,53,SF
0TJTETjb,58,London
BEczpqtb,66,SF
9zLwb8ok,60,NY
BkZWGBcM,22,NY
Jl1CZOpb,50,SF
e3wHdFz5,68,SF
OF0gInHC,69,Berlin
ISmbrRI0,62,NY
8PKgKN6r,22,LA
VcYrQ7PA,68,LA
z3JqlWPa,68,London
HOF6ET54,44,Berlin
5ZpQ7gIF,30,NY
ZxbwW9jD,69,SF
pHLR0ZTr,42,London
4jB6jL6n,24,LA
b4sgAAJ5,54,London
q0lKhQog,27,NY
wVwpN0s6,26,NY
MbZKnuvS,38,London
5SN4N1sk,55,LA
4dE76na1,55,Berlin
xQk2ewgs,68,London
AYaDehgu,61,London
MRNULZZq,31,NY
t7vZulFx,64,Berlin
7BEQNlOq,51,SF
LkzT6Go3,34,SF
UK3dUqBM,40,SF
j8U3bFlS,35,LA
GsX1g58c,21,Berlin
xrxNTzO5,52,Berlin
JM9ygeAM,45,NY
N1SN3O0g,65,NY
GibbUn6t,58,NY
81MbeV8p,22,London
mG8jzpIY,26,NY
NH061JrT,35,Berlin
KJVVdUMR,56,SF
sGafv0mu,46,Berlin
XGWhzFqN,62,SF
UUzezQii,28,NY
yfVtPQ09,62,LA
poihHzmH,67,NY
BEOy3EjX,29,London
fwdOiXn1,48,London
2rU3HLJ2,65,NY
iNUvKleB,44,SF
catUpybh,48,LA
zJMFqDYs,31,London
S0RqFZ3y,22,NY
9C0JiGML,59,Berlin
FKBN29PZ,64,NY
t4cWn2SQ,32,Berlin
xCDunfxA,59,NY
b1XvUDnT,23,LA
JqmDxUK2,60,SF
DGpWGL3i,54,NY
yghM4Nxe,42,Berlin
c87JbBU5,48,LA
if078X4L,39,London
7e1qBDni,35,Berlin
vAs6ndMf,29,NY
dDoxSKWy,54,SF
TYS7hPmr,31,Berlin
sTN1WZAz,67,NY
k5xzJuEc,46,Berlin
bC7toQ1t,21,Berlin
oBOL4QZs,35,London
39mPwq2G,45,London
hflzTJ4U,40,London
4yD7cEDM,59,NY
U8xhKB9Z,41,LA
F1HzuZ7f,68,SF
sk4r0PGZ,49,NY
hMbuZgUL,31,SF
L3AKh7Az,43,LA
DM01ZzgN,26,LA
FLxjh61V,56,NY
AtX5Zo5Y,47,NY
dsNfUHGn,48,NY
OSYOyXEh,44,London
IdYRFzNN,50,Berlin
6Gz6rXcz,57,London
aPMP0SqH,18,NY
liOijaHf,29,LA
u9xpNJVL,37,Berlin
idhdKnz6,61,SF
9t5wJc6R,32,LA
7A1sFHP1,40,SF
syvbjhNx,39,LA
8rgRrNZs,26,NY
Kx042vWp,38,London
0WGaREf2,54,London
5sMZaxGz,53,London
cdTAfkbL,43,LA
7BIqfABJ,59,Berlin
1bxTbxXF,62,Berlin
sE5S0Bn5,39,SF
NIBl7dkG,23,London
LtdcIuQc,30,Berlin
lTBdeX4h,25,NY
aFfaUIoM,29,Berlin
qyV9DLMd,61,LA
Hcol7zQn,41,NY
tsogPxLE,37,LA
UYC6Eoo2,67,Berlin
FSD9TadO,40,LA
aii93PoC,60,London
wViXDk0P,39,London
4p2eFKpO,57,SF
Szwpz5Lq,40,Berlin
oT5ZRGOZ,44,SF
INeKFP5n,61,Berlin
FLZhEAFU,44,Berlin
NyhHxs0l,50,LA
o8PyBCSL,25,SF
lGqmHJWS,38,Berlin
Y85DNWWN,52,SF
U9hCW9kS,38,Berlin
OvYrlXXe,63,LA
SIezyJNd,27,LA
YMXzKvs7,21,London
KJmdEnyi,51,London
2jGaEJZK,34,NY
OjXC2KIF,49,London
qGwFcmiY,19,SF
KpJIeMTE,65,London
LgFPiGkq,18,NY
lTlEmAUE,47,LA
XwAxeceQ,58,NY
GIvF1dZe,42,London
yGyHwZt8,53,NY
BWE3N3tj,24,Berlin
ueElecsB,31,Berlin
8ovoXPOR,20,SF
egxECRXu,40,London
RW982lIJ,33,NY
3gWCEOWD,50,NY
XZUgdUzG,29,London
FEsSKCe7,58,NY
CyhH4fO8,22,SF
ypDHPDUF,49,Berlin
USBBt57G,64,SF
xBsDpRiW,35,SF
AC7fINBK,45,NY
ZNAI3jJT,18,London
TtELXMj5,28,LA
Ax3KQLJD,58,London
eyEj3Zdd,52,London
d21SZyj8,57,London
lRwJPLGK,53,London
xeY1cUB5,49,London
PzlafYYP,68,LA
RJ5la0VC,52,LA
Ret647Tv,35,SF
Z4zBwpNh,28,NY
IjXBEHbo,42,SF
ZWVgHIWs,61,Berlin
ZeskCJFW,62,LA
jAMwl9jt,29,SF
TeYrZF25,23,SF
7zFXV4oh,47,LA
ag3zLtSy,24,NY
dAU5OuOS,50,SF
77WQ68s0,39,London
98Sa460F,31,SF
sTeaP3cn,50,NY
SS48sFvN,48,Berlin
PCRxJmQt,32,London
BArGHTLL,39,NY
nqSkdHPF,34,SF
lnejBwUu,56,Berlin
Q4Jqh2sa,41,London
RI3IdQmO,27,Berlin
R42rtAH5,64,London
cd8g6eHN,42,LA
t2v6WSV0,48,SF
2OtPhEmA,63,LA
vXqCYuc0,59,SF
URr4OoM0,65,SF
qMpxc88f,20,London
5Wetix3P,46,SF
IH7PI3jk,34,SF
jxgL1uwm,46,LA
7XeTd1yF,68,LA
MtEjAcM1,67,LA
OH8pzK3p,63,SF
3xiTklLS,63,SF
S9G8XDYL,26,SF
SQpOZJEf,65,LA
i93O5zRL,45,Berlin
TIJiOtAe,35,London
h7vci3Bl,28,London
9x8QbgfO,59,LA
1wFdj6Ei,30,SF
1Ixi60uX,43,Berlin
2VcIQQVZ,25,SF
J2mjjpEW,33,London
Z23wzN9g,61,LA
fcbJAGlO,23,Berlin
7Q4UTYVF,37,SF
s17f0O22,57,NY
vWuy8ae0,22,LA
VMXxP8id,26,LA
cVkDWnPQ,32,London
QfJg0XR4,25,LA
DWvu21FG,23,Berlin
qpcJjT3G,19,LA
60dLEEjR,41,NY
SKJyC2MS,63,SF
o5RAOTjC,59,Berlin
iQUJQaUW,48,London
cRHVzVgA,60,LA
8AM1G8po,25,SF
2ngDehao,43,SF
1M1IIsHm,40,NY
rHzLkokD,61,NY
0UIFjXkc,60,Berlin
Mx8794Jg,42,Berlin
rqkAITkA,47,SF
NvegmmSR,60,LA
4OaZsa5n,20,NY
U4Jfc5TO,27,Berlin
UwJsYuOO,26,SF
tH6pSYad,20,London
ty1o9aNK,48,SF
WfA1Q2JK,61,LA
3qQY08d2,46,NY
3DwcMrX7,25,London
QPEjMxb9,55,NY
T8dR8tkQ,31,SF
sWBQM52L,20,NY
cd0VqlrF,52,NY
NGqpCWES,28,London
NUauABkw,30,LA
45qNjgb1,39,London
NxBA4GQn,63,SF
sp0M8rVx,44,London
iG3EtHbz,52,LA
OYwG2kfn,18,SF
yaxX0tOs,45,NY
hw4qTP1T,58,LA
PAVAdXM2,35,Berlin
I1iHmU4X,25,London
301xsmHb,50,Berlin
PDdLjw0V,21,LA
Y1xZHNRM,33,London
vhmllgBl,60,SF
0uYtTEYc,33,Berlin
zTEwCv59,40,Berlin
IT7p4M5X,25,London
dKd4zmjb,23,SF
Yg3KgZ1c,54,Berlin
C0SHGa3S,59,London
EakbNPCc,28,Berlin
t9sDZbpv,60,Berlin
KKnVQ0Y5,21,NY
412T8H0i,56,London
UcBD198v,46,Berlin
zCygrkYj,19,SF
LFdRdiGO,37,Berlin
KRwqzUjg,63,SF
54HXRY3o,47,SF
BWMxCHRP,67,London
fnC349Id,18,LA
1KuYdbAH,43,LA
fVE3ZD42,34,London
5OkZLsZt,39,London
OqzuHlj3,49,LA
Y0pCjgpz,39,LA
E825NOXq,39,NY
KTj0PFxC,47,Berlin
HhP2bbfN,51,NY
TMImG0f0,43,London
AzFQbiNg,46,NY
4SDTFZaq,57,LA
DThGTLfq,18,SF
gnVo82rt,33,Berlin
JGcCH4Vl,63,LA
Vx06ODGN,61,NY
qjEvTgv1,39,NY
sAj9MsAQ,34,Berlin
TBEI0OTi,42,Berlin
X1GfjUcE,21,LA
Hpq8JCBo,45,London
TlFNYLzG,68,Berlin
T7QQdNYT,30,LA
Hq8TZ0Ej,52,London
nde0IE52,39,NY
WK57Qd6z,59,LA
c9SfFhLY,57,NY
vgWRkR2T,56,LA
VHddfqZ1,56,London
aqzI1P9o,43,SF
PkpHwekh,54,NY
Z0qsiTqX,35,Berlin
LNKGoEtN,44,LA
kVeP3frS,56,SF
bnAShTTG,60,London
0aHPZk5Q,25,LA
xyFRiJIJ,65,London
1I6IOeJm,60,LA
WFoPcCnX,66,NY
4AsOLCUW,38,LA
1eiZSDLv,28,SF
5jHFX7nY,35,London
5emDzZ1M,49,London
88zkNdjV,59,LA
V0tLaMV5,56,SF
tdLalsQ0,54,London
qkXnIPms,47,LA
kUeJ4lVw,28,SF
9vymGAVR,22,Berlin
WgaUFwDA,35,LA
kQVLqx9m,46,Berlin
5hHYUpl9,51,NY
i3aoQaUY,24,LA
qHf6vU30,57,LA
06xJypFH,28,Berlin
ulAZvp7H,27,Berlin
dhdFxZYQ,60,London
UHGtqkAF,47,NY
E7yIhmp1,50,London
MDVx0tak,24,SF
yNzPo515,19,Berlin
KLdWtJaF,25,LA
RXvlC81R,31,NY
D5LWOUbi,57,Berlin
JgNQKh5u,30,NY
OgomS1oF,59,Berlin
pt5qBwDD,51,NY
Nzs4s7Du,35,SF
6nNCrtR5,34,SF
Zs8mceGG,31,LA
nfdP85WJ,42,NY
4eHVxsF8,20,London
iwfwEkW4,67,London
VzkFlU5X,25,Berlin
W51ey4ny,21,Berlin
JcDoymth,59,Berlin
KzgXxcy2,35,Berlin
207adeBr,28,London
xpBjkK7O,39,NY
3soMNwxw,42,NY
d6VJrHGK,27,SF
jnG8YdLd,63,LA
uKSPNVIW,59,NY
sARxyYGx,29,LA
Rv8XBES5,53,LA
C47tibg7,23,London
dgTHP9h3,53,NY
GjunA1v1,30,London
jedNRkyY,66,SF
j4kv4Qj9,29,NY
BWlm1fJl,52,SF
Sny4Zutc,58,SF
G23iUGS0,60,SF
6eeRll3r,63,LA
mFNDaarM,67,Berlin
c9uKlFoJ,23,LA
ooucCR40,56,London
LAUcVu9d,32,London
zPrRx7cB,38,SF
wq6IShxx,25,NY
mYbgigoA,31,London
07kz0SFM,69,LA
SAryVHhE,59,Berlin
87ZnR3n7,64,NY
wizMppPW,65,LA
rX1sPV9h,27,London
8eAfnIyR,54,LA
BIlrF9w5,68,NY
fFcKYwcl,40,NY
uxTbuekB,42,LA
wDGRsUZ6,40,SF
uyYlIfXQ,21,NY
1y9DOCNd,20,LA
MXs1HG30,33,LA
deKU1oFW,67,London
6Bn6mlKr,24,Berlin
XRCw3FIe,24,Berlin
QMXLyiqG,39,LA
rHkCXfXl,43,London
UlhjPmNk,55,London
4JL9DH4d,34,London
BEslPrXk,25,SF
Iyim6GoB,32,NY
5w2NE3e5,31,Berlin
6njjWrPr,37,NY
79LO3Zqj,42,London
4sl41VU7,43,NY
T7PoFhPY,18,NY
dM6nhofd,32,London
bUOL1MBR,58,NY
RlbE4GOB,39,NY
NoyXeNC3,40,SF
IZOsgqEV,24,NY
TevvanDp,22,SF
zzzjeUah,28,LA
DQlsBEjk,54,Berlin
Nyg08IxW,30,NY
8dWIATaq,59,LA
qwIUYc6N,59,LA
dhj3f4uv,52,London
r5n2oiPx,23,LA
lzKW4Uzi,27,SF
DGDoIYcH,52,Berlin
C09gcW6H,32,NY
NUWdtnWP,55,London
vqRln2MN,40,NY
3lOfTc8L,46,NY
iCMjnEq6,36,LA
sGPmTFGw,50,LA
j9AeDFbS,23,Berlin
rJ0Yg77e,37,LA
KL0se98q,35,Berlin
vytoPuDv,55,LA
TLhJvv3C,52,London
o9Vzvx1f,37,London
HlqLoe73,33,Berlin
6DucKWUW,31,London
Se1dhKAt,31,LA
CWYb5Gpl,51,SF
lK07hYZL,24,LA
52Nv2GHw,26,Berlin
cZEn0BPi,57,Berlin
fPKH36f4,28,LA
NijJjlnl,38,Berlin
SUni6yzo,30,London
cLc2pHOT,58,SF
d7B9CghE,36,NY
yAr6nC2L,61,LA
MXgQLHK7,26,SF
faM9BDt8,61,Berlin
gdHJYD6B,67,NY
CkBcX9BZ,23,NY
CrwGHnie,32,SF
if5VINuF,57,SF
e3O8rBsH,33,LA
w3oKwlk2,25,SF
lvGrgBbL,62,LA
LGliztQd,30,SF
kzUDhsnE,59,London
jmES5B5W,62,London
E00d7mUV,57,SF
CBA3HAzh,41,Berlin
WsV7bBi9,51,London
jNaEhfAI,58,NY
JmPdFT4i,47,London
xPordgKD,28,LA
qb5613rA,18,LA
uC47Cwyg,29,SF
t5yHU0ni,43,Berlin
dbwla8gH,52,SF
o4BRMXkk,57,NY
PeDKnduW,28,SF
ICPByEGZ,62,Berlin
1pMhsM4o,64,Berlin
kDsRvO4P,21,LA
Sy7DHLCi,40,NY
TZeoJOtu,61,London
q1V0pQA3,57,London
OTHwKjgk,33,London
mUJgGGfr,20,SF
zEXCDmm1,37,Berlin
Mm4fIO0C,60,Berlin
GaSgl0Yh,45,SF
uXkMMrYO,18,London
TeIKqyHM,68,NY
D4TPTxwZ,36,SF
QLYA7uuS,21,NY
v9l4AKTV,35,LA
nblntYnG,50,SF
SdHS5caJ,67,LA
MbsF8TYL,25,Berlin
NIqYoGyp,67,London
qF7iUvwl,66,NY
k7BN0Rlp,33,SF
6XR8Ckwu,58,SF
vrynENoM,68,SF
uaJZfyvy,20,LA
XTvMcihX,37,LA
JicNDJaw,23,London
szjHwhTB,55,Berlin
ZNvaQgIQ,31,SF
hlvQ7wjc,54,London
uAEzJmks,29,LA
w29TM6in,30,LA
k6aD4eHf,42,Berlin
mFhUfv1W,46,LA
XjkZCaso,21,LA
MLCoXN70,57,SF
AahABPag,39,London
Ue4xMEeA,69,NY
VQFaVLNg,45,LA
fsShjkqk,62,London
eylY4leZ,64,Berlin
80sOb010,31,SF
Kllg2oJb,26,LA
J9h6K82W,22,London
YoirApfl,22,NY
fdcf8xzf,45,LA
WJGcWpht,35,London
qf5mdker,68,NY
s2hIizBy,69,SF
LKodFMH8,47,SF
ByGht6x5,25,NY
6ia4Vypp,27,Berlin
WKiGbECs,38,NY
hfXhQJ3L,68,LA
FU1pgZNn,26,LA
nuI1YuN7,51,Berlin
Y0OVbczU,42,Berlin
EC91SzVV,28,NY
Rrca9DbG,52,LA
XIqE9RVW,55,NY
J0UsliVB,60,Berlin
WgxIadLX,61,London
5Gio4PeJ,31,NY
tjtIuNUl,24,LA
a0FubeBP,60,London
BNreBFzu,48,London
OIgR3TK1,49,London
AxEGJ0sP,22,SF
hyW5q9rI,43,LA
pSfVMLpW,62,NY
sPxvtXeK,56,London
99ZegJ61,54,Berlin
6TI2LvJ4,64,NY
Gp0nic8c,64,Berlin
xcUv7vCY,21,London
uJiMUzs5,25,Berlin
12Okmj9T,30,SF
9rgJF46H,20,Berlin
JI3XU1zL,26,Berlin
7vAuGcry,56,Berlin
slA3qqmf,36,LA
pD2HVP6S,27,London
pB0SVkrd,55,LA
EnKchnGQ,55,London
gRjoXh8A,33,SF
nrLGIReE,25,London
dVXhoZYF,43,Berlin
LXCGHpnP,48,NY
qiYgfAas,43,Berlin
DZrSub9R,62,London
azK61pbd,21,London
VfXqoNVl,36,Berlin
HcqA9QtQ,48,NY
WZG5qwWI,53,London
PGFunO6R,67,NY
ptgzD92d,69,NY
iHkiZIiT,35,Berlin
254bBRgi,24,LA
pSprlmJM,67,NY
uOcypzHl,30,LA
KY1DGagI,46,SF
TWUC8m0V,36,Berlin
rb1coSil,64,SF
WYoF0ZHM,51,LA
wFBTHZsK,47,London
YWeFLFRx,30,NY
2AtHZfmz,23,SF
Oiv22iLg,57,Berlin
CpU1drAv,35,Berlin
vKm52ZDX,66,SF
GHmKOIqQ,20,LA
QBNDSydC,24,Berlin
BovTtYdU,59,LA
4WgXAz3q,40,NY
lQ6J7naK,58,London
ad95eJKp,65,London
thlWSjpx,60,Berlin
WmDaSpBB,26,SF
LW6bphdh,51,LA
ctzY7Agi,66,LA
T07x8tnZ,39,LA
02jjNbPD,43,LA
ctcwnBXC,23,NY
o0jrdzDD,60,SF
8RnFdzLS,26,Berlin
1NVXA1fB,66,NY
5buaIbdN,32,London
yHpMnWsG,22,LA
cdXYTudR,43,NY
PHzLC1gM,31,NY
l76VEeoL,52,LA
qSRJ2a5R,35,London
16mfoMQv,22,NY
0eywEfNY,49,Berlin
JLCUHZZH,58,SF
5vpuLixE,30,LA
cHWOQdHj,48,Berlin
y5j1FBkg,30,Berlin
PyqUwoC9,19,SF
QrAuwyRK,38,LA
KXWEp9Pt,66,SF
ZY9yjLVe,43,NY
glggtOQG,28,SF
OSJvgzRG,65,LA
fwf8yzqF,50,Berlin
ZB5erAav,60,London
EkvlCY0Y,35,LA
OiefKka2,24,NY
mXtPHlbg,18,London
XQM6Li8n,25,NY
ZWxXIi0S,31,Berlin
Dii4iPSM,45,NY
PqJlpshO,31,NY
iYQfNQQp,51,LA
tNTyBQlN,30,SF
h4LIy6Tx,18,NY
blZDqlKa,69,LA
0CoHCZdP,20,Berlin
DtcaY37K,51,London
UnajEt4o,64,SF
c5MP2W6q,32,Berlin
bcPKvGjT,64,LA
UaXXaaTS,62,London
991TfKCG,42,Berlin
8EHzqYtM,58,LA
4mqv8c0T,23,Berlin
haAwzTR1,40,LA
dDxQvwoS,23,NY
U1ggYaAg,57,London
ewfEZVYF,60,LA
BQSOh0ux,21,London
bD3XjFg8,27,SF
jBkAhR0Q,55,NY
Mh11mgt8,39,LA
w6CqAwvn,56,SF
rPldxlu2,42,LA
phJaU1lY,66,LA
nKZSLvDS,56,SF
yWlG1Jln,24,NY
3dhlZAHy,45,Berlin
X0UpQZhA,20,London
HQCqdv8F,39,SF
uuNUnZYz,19,LA
XqsosSzt,19,London
AjZfWYWV,55,LA
2wzHwZZv,22,NY
LIJxtPSZ,65,NY
ayQH52V0,22,SF
2vFrce8i,52,SF
1yC02x8x,38,SF
4Cu5BbZ9,42,Berlin
CIbpz0MW,45,London
JZhdRcfU,31,LA
vvvcyxwY,33,SF
svTAhcVI,45,London
l3MJ2Fdw,46,LA
ifOziW8A,53,NY
gnzWCm6Q,40,NY
593h33ad,27,London
JHEFyiXf,65,London
0z2w1XTx,66,NY
Z7g6ZnYQ,45,LA
vptMJyQ4,62,Berlin
RDnDfTZX,18,NY
E2PPWGDz,56,Berlin
65c0FSWI,23,London
uk9kUO99,28,SF
MEwOOduW,56,Berlin
IshZL4Ti,64,NY
RYCTqdnL,22,Berlin
0ku0FUua,40,NY
MkIygULI,40,Berlin
a64t2dZc,30,SF
99zHRSAc,66,SF
MfqVYaNi,45,Berlin
zDJWVKlW,56,London
zdRTL4sO,23,London
a3aIlzxz,43,Berlin
Y1wfHKRF,23,SF
HQ0VtMrp,49,Berlin
G3CHu4CU,28,NY
uRrFqTGY,57,London
PCdF7JXc,21,London
mKXntFQZ,37,NY
qNV3LeZZ,63,Berlin
7tAao8DV,63,Berlin
XsXA9tM5,44,London
PGbVGA3H,62,Berlin
xtG3qJIb,34,Berlin
ARsmcpLA,68,Berlin
6691neEa,54,London
ZVShNGR9,61,London
1H1IlGjF,49,Berlin
OSxz0jBy,18,LA
sv27U7z3,66,LA
SRQ9zrPj,41,NY
EIsVWvPE,62,London
aRh7ti8s,58,Berlin
qCAIcFKD,29,London
84JDQXWx,66,LA
Kf03qHxh,28,London
Wv0e5ZDv,30,LA
7yoV09qi,61,NY
v2vHbukZ,50,LA
fVOuifcq,61,SF
1thRvKU2,31,LA
CRuXfsMG,52,London
qrKYSMJz,62,SF
PnLJLfbf,35,SF
AmJmF63a,28,LA
nhepXVhw,27,SF
lksUhW5A,61,NY
uFXsRO1g,35,SF
lqkCbKbt,33,LA
2fIgXdaX,47,Berlin
wdGqB4jY,24,London
qXU8YiMC,54,LA
hbFtTzcg,58,London
DN8rojOG,27,Berlin
Ys91MtOg,55,NY
ohOuEAxh,47,Berlin
v3FcLEaC,25,NY
hYmF9Ryx,35,SF
whp24RZa,19,Berlin
FVtrVVR0,43,Berlin
bpXJbsxc,58,London
mvGU0Cr0,53,NY
cJFaC4sU,52,London
5WvRCfPm,64,SF
vjffIZJ3,42,Berlin
qijfhgT2,32,NY
jGy3Lsy6,42,SF
k9edYNtG,53,London
vueLYIYI,19,LA
GddxTnm9,53,London
Ihe33I6v,59,NY
JDCu0ANS,27,NY
bKq6aQL4,38,London
aUxJkv5G,57,Berlin
ts5RvBmv,24,London
bFMxfSj3,19,Berlin
Zrggws4i,51,Berlin
zeGQz7pl,31,London
bkXPLR1p,41,LA
AdPahvFI,45,London
eQz8a9ap,43,Berlin
bhDhcVQ7,19,Berlin
NvlogxQU,49,LA
niHJEd4s,46,London
DwbN4Exx,37,Berlin
qZaoPQ7L,24,SF
cB51ZhGK,56,London
wBaDAWRy,18,SF
6biNBeus,20,SF
KB4yNwyJ,68,London
fKoOKW2C,31,NY
uhJ37KZY,26,London
tncw40zB,18,Berlin
Hi1XMMaJ,60,LA
1yH7y4Cf,52,London
cFExe0CG,47,SF
pWUDxCZs,53,London
fxpRN4EY,47,SF
CSjSpbtE,34,LA
64zE5q6q,21,London
N4nZs5pa,62,NY
4Dbl9DbG,43,London
WmLgFBTV,23,Berlin
Mt8frjfC,42,SF
6pvGyyyW,66,SF
f7VpQoRH,36,Berlin
7WLijfNj,52,London
A5q7Y6W4,36,LA
QQmvvbFS,66,London
7yFTGR90,23,Berlin
RciqhCFZ,57,London
Fg8zU4AJ,27,NY
0j7yxXeS,35,Berlin
osFG6og6,64,NY
7rbsVku9,60,NY
gaUETgvP,38,LA
EGgHgjKi,45,Berlin
lFNcNbnK,51,LA
7YgLIOSL,28,Berlin
N3MbkamF,66,NY
SAhb9QSN,41,SF
yi0PKFad,56,London
faBFbFyC,45,SF
RdOfIXzT,44,Berlin
1FoavyVc,31,SF
JHX2rTeu,40,LA
ElXIoRMH,69,Berlin
rm7cTwfk,64,LA
V4Zlm7dE,36,Berlin
sMzT7cJb,57,Berlin
t2v5DFrl,18,Berlin
BZ0p1pfY,47,Berlin
In4E98ke,22,LA
E74HWCDw,53,SF
T2hhoCAh,29,Berlin
0e5g20YZ,29,Berlin
9HSsaYe4,55,Berlin
6IKWPIT0,30,SF
zcYzcuDJ,19,LA
hULr710e,24,SF
bEU9lFMz,67,NY
49hochE6,22,LA
AvRiZKuw,65,LA
p492bjZS,24,London
v9rb5e7h,45,SF
zNc8aUBg,35,LA
tBk6vmKG,39,Berlin
IA81oiLA,35,LA
aB9F8S7s,63,NY
pps96NOV,50,SF
rh6Z2DyR,40,London
SyyR4Xdi,46,SF
BoLvCDXw,66,London
pg4XkPIr,19,SF
qMgzdQ6C,28,SF
ZReI0w0p,46,SF
iU6sgqWW,40,Berlin
4OtnBfwB,55,NY
wlSIYdpm,22,LA
cSbogcp7,59,NY
wvkdoRIP,51,Berlin
W2qugk8v,29,NY
xzkv495d,27,Berlin
86L3Q4vt,67,London
bNDdywDT,21,NY
SxqhsAf0,48,NY
ClgEJzWb,60,Berlin
Uz4rN00t,29,London
dDygPyzV,59,LA
zId7UI34,24,London
2UL6E5KP,66,LA
gPYJ0oCF,29,Berlin
Fg08bInn,52,NY
aes5KOlg,41,London
eUQhfY6d,27,NY
qU6upVf4,60,Berlin
1BOxpmxF,36,LA
6TFScP5b,62,LA
F0CifK8p,57,London
gEXrsWeP,54,NY
uiv2x7ej,66,Berlin
XC1EH7b5,66,NY
7vT2amJT,24,London
ACCj6Yda,25,LA
hvpJLYde,23,London
JtlwIbVR,55,LA
OB2A7L43,59,LA
ERq4S77t,46,SF
qHcxriXQ,56,Berlin
uF75qEU5,40,Berlin
eY5By1Jm,44,NY
vAgW4B51,35,NY
I5xYl6iY,45,London
88hnZa7s,34,NY
1wCVuont,62,NY
fPTXuMvU,27,NY
yyqhAJ8f,48,LA
ap4JEAdI,22,SF
K3ZkMyxf,36,Berlin
SjHYWc4w,66,NY
3FYx9CR0,65,LA
olAAAfxe,66,SF
VkmwAQra,47,SF
PPuoVHzk,32,Berlin
C9LERRDj,49,NY
HZC89O8K,39,NY
Kool8Il3,48,London
xEwf2zBY,24,London
cTgdJGbO,56,SF
Lkoym2yB,41,London
jHaV6U53,33,London
hp0Mxqza,44,LA
7v8z6uQk,40,LA
4IzVH1FJ,52,LA
qombYo0p,30,NY
8S9M8JbZ,52,SF
KGsdPsMk,42,London
5P8LTVmq,51,Berlin
z4q3vxLQ,40,Berlin
IWB11BYF,53,Berlin
0k3Kuybt,22,London
VdeJiLST,66,London
PY0jngah,64,LA
KOA9XFz4,55,NY
2GF2qsSC,32,SF
h0Jplhj0,21,Berlin
yHkYsABh,32,Berlin
U24w4wCx,21,Berlin
aIWUBs9O,21,SF
LdoMfWKS,44,NY
oxY6NkaU,38,NY
D3lGtTty,19,SF
k06ni3N4,49,LA
7e2w2lx8,37,Berlin
OgiQUcNM,33,SF
NqHBBT2y,32,London
qMvHWntP,28,LA
7PwIPF7R,46,London
HjWNxAu8,51,LA
qMIUOlKo,27,Berlin
nvamoFsD,47,NY
KjN71MKN,43,NY
PODa2Gdf,19,NY
Lg2JFcza,21,Berlin
HZf5kRX7,29,Berlin
oCPagSNV,50,London
do9efGoI,33,Berlin
GeMiYQmm,19,Berlin
yQSH4d0c,42,London
ulJtphGR,57,SF
GmJBfNaf,56,Berlin
MZqYI9F9,42,NY
wql7raX4,22,Berlin
34m9i3B3,22,London
t6eqJiY6,64,Berlin
QyDEbOeG,28,Berlin
A0Oge0S4,25,SF
r31UMOeY,68,London
viT1W4u1,31,SF
7db027Cz,49,NY
0NlxurD8,44,Berlin
wTHtLZWF,39,NY
dV1c91Fc,42,SF
5f1IWPPX,55,Berlin
Ztq8pHuB,37,SF
ROGK2nuy,30,London
vCma6OCR,19,Berlin
nwnP4IsB,53,Berlin
75tooKqg,42,NY
6uR0qs8C,52,London
GtMPUY8m,61,NY
RIbyMs4h,37,SF
LBUEgRtd,37,LA
wl59EUXk,40,NY
yPqn30go,23,NY
TJTb9kCs,22,SF
yGLwuidF,53,SF
ChNG4qOv,43,London
gQIXmswx,60,LA
CiDyRyUP,45,London
gm3Z7BiZ,35,SF
uEe12CNP,65,NY
zM1QxzJL,43,London
RLk2NWFo,35,LA
v2sout0M,69,NY
4Twi1uWH,49,LA
KKezem8h,48,SF
La33m8eu,49,NY
ucCpZIJv,39,LA
Qn5HgMUA,65,NY
Z8k0ErKb,50,London
XetAnAyc,22,LA
HpeqlnvW,25,SF
RbGGl5rx,31,LA
MMuQgPHs,42,NY
wQum3aSc,34,SF
CX7hhd4p,28,NY
eAxURYSK,28,Berlin
tb9XQv88,62,LA
MsjlG5VC,50,London
geeghkSS,33,SF
t3ATe3kn,20,London
J9wY8G7O,39,NY
aXAMYysK,47,London
lD6o1gTN,18,London
ygK5yIfC,25,London
eXVADMiZ,18,LA
pcQIlKdq,26,London
BXmJMvHS,34,LA
tocBDKJR,46,Berlin
BDrSRUAH,22,LA
a7YWwKfA,39,London
E6n2cHNk,63,NY
n8w1zuel,51,London
1asNREQD,41,Berlin
ETj4mUr4,45,Berlin
I3mAWmXZ,47,London
lKXmaQIL,67,NY
39uitjpu,56,NY
dHROKtJr,60,NY
WgqJfMMK,62,SF
9kfUnpip,48,LA
hE1PJAcq,57,SF
9MDPNCw6,32,SF
MDYvS8Wf,56,Berlin
RtIMQ10U,42,NY
T0S72HAT,31,Berlin
yWynhno1,38,NY
X9ULoTwx,41,LA
eiTQFHmN,39,NY
E64wvsZy,37,London
sJqq8rCz,28,SF
TvvxiDB8,57,Berlin
qXNGuamP,61,Berlin
luS4vUiP,58,London
4dd8QnOW,49,London
ZOIuMd36,32,SF
bf7M68aZ,24,NY
lNVYQSQy,38,SF
E77XGAU7,63,London
Ld5EGwHp,22,London
ZqCDZkFG,28,SF
39pP7P7H,46,LA
eheoRUc9,59,LA
iqpTO643,59,NY
1pAvmKzz,27,Berlin
05fMyPJp,61,LA
0Zo1BeH0,54,NY
bxaF4xM9,50,LA
4f9YrFbW,45,NY
J6ed6qau,69,Berlin
q0N8icSX,53,SF
Ev80vAto,33,SF
OljR1ktq,46,SF
pfFGKrGT,55,NY
Z7pyTuVA,24,London
f2PDW7mZ,61,NY
9WPBgY7f,29,LA
A8Oj1Dyq,42,LA
AvWsXXD9,51,Berlin
t8VwP7t0,21,London
CGN7dcaC,42,Berlin
M4X8mbnt,24,SF
H15iYJgf,48,SF
xC75MbRC,41,NY
4FLpz0f7,33,NY
UyMBNyxo,31,LA
ajUOtIGI,59,NY
u6NtVIqx,56,London
Yh9pDgwb,48,London
GfF8mXQV,31,London
CLQOjJa2,35,LA
ZaAo8M5f,58,SF
Gcm1GyFw,66,NY
om0xEy6d,19,London
na3cQBja,53,London
NiK8ii84,43,London
jyMnfvJa,56,LA
8TQtzwfL,39,London
VzaMWIBQ,62,London
rPkuy7K4,19,NY
cqqob91C,65,SF
q3O8B48y,57,London
cqauvByv,25,NY
fxNXWLpV,61,NY
2VH0FHgj,32,LA
kA99SZtt,38,London
bt3hpjRT,61,Berlin
FLyxC3WL,65,SF
wCcodxKE,28,London
hVqxldsv,43,London
YjHBOn8t,40,NY
eLkXeNww,33,NY
k6aCKzA7,62,Berlin
dLAUKKxp,35,SF
UdTJJVtW,30,NY
zgqiqaWY,24,SF
nL9rs2Jh,67,LA
zDMEsEeQ,43,LA
aecblYNr,61,London
36mZv5cW,62,SF
fwrSmDmX,23,SF
aLAmMY3v,18,NY
ZHA7Recl,55,LA
ynx1uz54,37,NY
thpcpiUU,39,LA
wdgLFG8y,37,LA
3Nmue89l,39,SF
U94VBG0I,56,SF
yY1SW5U9,55,London
yK2c87UU,33,SF
q1kYLnAi,44,London
fjbvjvrY,30,London
XdZ4fOx6,48,Berlin
rZSeX2kF,60,NY
yl2uwf23,23,Berlin
tDKN8uRj,45,SF
ddmpFwfd,69,SF
CHmwatcl,42,London
M1ujEtDQ,61,London
dpkppV7P,21,SF
ea0n5PWI,26,NY
8eGinow8,67,Berlin
4e2w5vcR,50,NY
9YJeKSNY,19,Berlin
MgJxtGUv,22,SF
QuoA6Kbo,39,SF
AGZMTOIz,21,London
VhyrstOd,18,London
sSb8eukV,39,Berlin
ssWIqdN2,32,NY
mX3OIGdN,37,NY
SoDUZ8yG,36,LA
lcGu7fzh,35,NY
aTgwgK5S,31,London
ipJK0tj1,32,Berlin
tZddBgWe,36,NY
ZWsKDChV,66,NY
GKfhan1Z,65,LA
2Rk78CaQ,24,LA
UhoxqvTX,63,NY
Xu3AzGMj,55,LA
k8ks0G5U,18,London
nDXpsSWG,42,LA
4TJqJAdU,46,NY
6nZLOkbi,52,London
ZU8ehppO,47,SF
ZyiNQESj,43,SF
5jOZJWsb,27,LA
GUSLxmF6,35,London
9hqKku4p,49,SF
ahPwJ1V6,50,LA
TyGCiwJ1,69,LA
fhcC2XUZ,36,SF
LrmHEraP,56,NY
pR8fgeWv,36,LA
GPR0FpE2,62,SF
mNN2Myji,69,LA
k3dVGRnp,53,LA
iY0EEi8s,44,London
qZmruClN,55,NY
mmloofK6,64,Berlin
nBHR6w7r,45,Berlin
g03g8gFu,56,London
szNb45gO,37,NY
rQK703rV,48,Berlin
QRwjSrqL,65,London
UCsAZ3SH,47,NY
CsrQlBvr,60,SF
XJlefo62,32,NY
2zyjmErp,62,LA
DkFwqQMi,27,London
NQkGVLG9,32,London
3Ge0ZdBa,31,LA
Zmouc6NX,61,London
NilarRbL,28,NY
2XYraEHX,21,NY
G6mbfN1w,44,LA
FQy8V0Qd,62,London
268RKDLA,35,London
4tl8lgEq,58,Berlin
AOLR6Pxj,61,NY
UX9QRf7O,25,Berlin
lJygaQEo,48,Berlin
XMdR7lXL,36,London
qLaIwqGm,59,LA
tCrtnU2M,63,LA
9R8S670M,18,SF
k3bCp9VA,36,LA
dnYOPnKI,31,SF
l2ZF48fI,23,NY
n8A8UabV,31,LA
2gfran4G,53,London
T7vhpESI,62,London
lo2i6KPv,56,LA
UKlTK5E8,42,Berlin
K2qo0DAg,34,London
9FcUlDtR,26,London
Schfyuei,31,SF
TLLJLY1x,61,LA
pKigVWsB,41,NY
52sfQlVp,47,NY
1YwQj2Lz,45,LA
YnAcP5Ve,66,Berlin
TCDjTnsA,31,London
e37tjTec,67,NY
MspEJzc9,37,SF
m44scaZ4,57,SF
6YYKAhGs,53,London
sja6rzdW,60,LA
BClDB4Da,46,London
o3AQR8ph,33,Berlin
nY5FfRIp,30,SF
hFn2V636,62,NY
sGLcjnan,51,London
rdkKFibz,23,Berlin
hnbu77ub,32,LA
nzQ4FlT5,49,NY
9lt998N2,47,LA
vEAmtXw5,66,Berlin
LAAAztM4,18,SF
FnjinS9r,31,LA
2Qsu92Lp,59,LA
ESg4uHs1,56,Berlin
i7p0UDhE,29,SF
efaOkApl,64,LA
eLKozZZK,47,LA
MJil0ODJ,43,London
X80zHy21,53,SF
TsjgBn5o,62,Berlin
RZhqToOs,34,SF
PTuLg3i0,54,NY
awPBdUvf,60,Berlin
ieqaAanb,20,SF
6P5boBmV,22,Berlin
rVF0CxOH,41,SF
p0nNgA1n,38,LA
lcza8r0g,56,London
2J0ZSWpJ,21,LA
2AZGkScM,34,SF
N8Bm1Piw,49,SF
74VgQuL6,52,SF
6CO2H700,38,London
VF9X0T5N,56,SF
nIrEirGe,38,LA
t1PGgrcE,51,LA
o0WIxWP3,30,London
wvt50GXV,69,SF
bygXBgWr,38,LA
aXIr5cVA,49,Berlin
3hM3nWrF,34,LA
cDxCP0B7,40,NY
PQtOSySr,69,London
Ph7vfaUi,36,Berlin
5RmpjDFY,39,Berlin
hgBe0N5g,18,Berlin
rsBQby8z,67,NY
MUXbufod,44,NY
kaClXsad,27,SF
iDuB2FtN,55,SF
wAmIIgSH,20,LA
LEHHUyM1,60,NY
5JyBeGww,36,SF
YnkPbUa7,45,SF
IOwobRaT,44,London
m8gVsKMa,24,LA
EUjrfE86,25,NY
Dox2sddU,62,NY
NZ4N3odT,23,LA
Qks4RoT0,62,London
nJ8Q5f8G,59,LA
AVFLVf4f,33,Berlin
x1MmAkab,52,Berlin
bMqVDTAW,32,NY
NahKXOKn,47,NY
WcmNwA0B,27,LA
UlxOPx6v,68,Berlin
dBPXgohB,38,SF
MTfPxnTx,46,NY
5v67GheY,22,NY
REhWoUra,38,LA
7zLu2g8R,20,NY
3zucMuOQ,47,London
nuAvJAOy,33,SF
jdkdp8Ge,26,London
R4UpE4el,22,Berlin
kAi5x9nq,21,LA
c7GSKai2,31,NY
DgEy5puy,68,LA
mH6iJiAw,48,Berlin
RMKO62v8,37,SF
TQrsumrb,28,LA
NPiwpMJr,58,NY
khSvofH4,62,London
xozIjcWv,20,LA
piGA5TiA,66,Berlin
rUomqykC,60,NY
ywsJNQKi,23,London
mp4Gluz3,51,London
Exd4OGkH,56,Berlin
FwOLFrZz,54,LA
Uslgzk7N,21,NY
ru5bIfhk,64,SF
dHmDCxcf,35,Berlin
yi4h3Ct4,33,SF
ELI1nBe9,52,NY
A13Z9igz,27,Berlin
67CYKpEV,64,Berlin
FBEGankM,64,NY
M8K5esOG,18,London
d3QBsVqg,61,London
BWbmUj7t,53,SF
21FjQLNV,68,London
t6Z5R3zi,54,LA
CoXMld65,67,Berlin
RFNS7wCp,64,NY
U51j40J8,65,LA
nLHISkQL,28,LA
tOfxmQQS,20,Berlin
SBP7IuVz,56,NY
ldH0wVe6,39,Berlin
Ai1SdSMj,49,NY
nzQh1EIz,53,Berlin
h5pdrqC2,57,SF
GYbUpQUb,67,Berlin
MY47q3H0,22,NY
IlCIv6ks,20,London
uv1Jr9vc,59,London
Yxp13UCe,24,LA
sN1Ne5CY,69,NY
TAwk2yc1,43,LA
lckBUFQR,32,NY
31q5hVN9,25,SF
tqdWeqG8,48,Berlin
T44fzxag,60,SF
jADIkyIB,54,SF
Z39wrGh3,63,London
qUrjGzki,36,LA
WvtEQD2J,62,LA
oVqMPn7F,27,LA
wBD4pfVd,29,NY
GfR8Q6Ka,30,SF
rXCOqH9z,65,LA
swhbDOMI,21,LA
XB6xjYUF,55,NY
B3cW8rPw,54,Berlin
3mXxUkK1,37,London
0uKDN7c9,52,LA
9b8jTHOs,39,LA
MjtcJIuy,45,London
wSBU8hnF,31,London
RAIGaAZQ,67,NY
oHm4wWdI,51,London
hhw1lnPv,56,SF
sKO6zwNW,30,London
q12FZevI,38,NY
03NSzBep,28,LA
lhJvX3Ok,51,NY
rArnHsAX,64,NY
U1xod1Xu,54,SF
PMtAqNpM,48,SF
2LZKTcJj,36,London
e0fKld2O,40,Berlin
5wqju0Gq,41,SF
tDGoArPa,56,LA
nPof33gn,21,Berlin
Vr1B5ZGJ,48,LA
N6dP2XNw,60,London
Sfx5mYf7,35,Berlin
6PxEX5Cu,62,London
xAudAy2J,27,Berlin
YZQrojda,46,NY
fzsSY32L,53,Berlin
m4yOPEJX,68,London
yERMqzsk,44,London
RxJRVtyu,59,SF
tXDo9gph,65,London
xhur1x6k,27,London
6Naxp2YN,54,NY
8BWQ74me,33,Berlin
eYGc1u3f,45,Berlin
NEwRxgEk,40,SF
Z5hxrLrb,50,NY
e0QXp156,24,LA
foXhyGwm,24,SF
tIh18bro,40,Berlin
a0HyO7Yr,20,LA
Z5u5DqLl,25,SF
GGlDPJ30,43,NY
73XiA8Wk,55,SF
gZktqopj,33,SF
t6eRymLO,23,Berlin
8b7qWZbU,39,LA
iF0rtM7S,52,London
gDNJlzcz,49,SF
nbl6rAYK,49,NY
hR2nNafs,42,London
dtgjjLY5,36,NY
qjleXlzd,59,NY
1K4wNg29,23,NY
Wsy8dV8b,41,SF
zYdK2IuY,61,SF
2M0NEGiU,45,SF
qhIddvSA,21,NY
A0H8cXBC,39,SF
pie2jdm2,33,London
F6vxpuHN,28,Berlin
bpL3rWMe,19,LA
3KfvLLiZ,61,SF
0CBb1ODH,51,Berlin
jOQqYYXZ,32,London
mH04QpTa,45,LA
zt615kdh,52,London
svh9rsFl,30,Berlin
pdlyNUoH,40,London
zVjr7Qlj,34,SF
K3AOCUgl,36,LA
Tf1vxCa5,18,NY
WlBNkmNY,26,Berlin
9m8GHGL2,36,NY
oeHnY8XY,56,London
tTJjD3IE,61,SF
pXldgzTj,41,SF
G2p9dRtU,20,LA
rwBb1Ab0,40,London
lNZaw50J,48,Berlin
kTlmHca7,26,LA
9TY4hyjp,34,SF
aei0ATZH,65,NY
sMyCpQd0,46,London
ByMsLf0K,54,London
9eciLVMG,66,LA
ZyATckL1,25,Berlin
mF7LozOk,25,Berlin
d6HpNKNP,28,NY
AgzHtm5P,26,Berlin
EtJmrZUR,28,London
euKf7Vky,20,London
mCzdSplI,36,Berlin
thW9c5sj,65,London
Gw83zVdz,51,London
R7jSgld6,19,London
OQwAEIkM,45,NY
yszBBXS1,37,NY
ZZmnqDTz,40,NY
HRmphROn,32,LA
ko1I3svr,50,NY
IGGA3wRH,28,LA
54mmDMM7,43,Berlin
9pqvcrCx,67,NY
AZoV10iX,55,LA
EHHOffqK,35,NY
jBLJixPZ,19,Berlin
8VWlo9SS,48,LA
q4HSwolS,39,LA
YdQbzayX,39,SF
TduwWTiH,27,Berlin
XXxNjVZF,61,LA
yZTGjr1z,55,SF
NOZwrRjx,67,London
1IvWsn8P,18,LA
yTcbovab,31,Berlin
nokCbpQI,19,Berlin
70Uw92Oa,19,LA
HijbOxQo,24,LA
2MwKyBkb,20,Berlin
hk2W6gnp,60,SF
AEI5iGaH,26,SF
N5BPBLOb,39,NY
Drkrqp2i,68,NY
PxU07ogM,39,LA
sI6B8UG4,38,LA
jhCT2hFO,57,London
wP5T9KXP,53,London
zVqSCnkC,33,NY
QXf5ixx7,67,NY
wJkw3vYX,61,LA
6QEUmj4i,56,SF
0O6sa2oX,39,SF
uszfahPd,52,London
cn6Y5z9q,31,SF
oL6ZhEBY,53,SF
sF1oeL05,57,London
EflRIspF,42,NY
IAIfAq9m,56,Berlin
U53Zwdat,28,Berlin
jodnZOnf,51,NY
WFpA1CWH,54,LA
ymwNbWOm,69,Berlin
4Z5a6Wu8,23,LA
M6KQ7gTY,37,NY
3WxVT9ZY,54,London
vfopbm02,47,NY
aiGYEWIp,51,Berlin
B0du2TUZ,59,LA
Jucu1Nur,64,NY
wWwSHXCa,32,SF
134JZ2gG,47,NY
E9oNQJU8,19,NY
1nTk5t7P,44,Berlin
fKTMWoha,50,SF
m0v19bWs,21,LA
vjJ154xw,61,SF
UOy3cXZQ,45,SF
yGnT8ahj,37,SF
Vl6yfUCe,31,SF
bnc6jzUM,18,London
nKD1NJzU,29,LA
PrsLZcmC,24,SF
URYsNDJS,49,Berlin
wHL1pbnF,32,Berlin
44dvWH7m,67,London
0bDOuAMy,58,London
TkEYuSXM,69,LA
tnfoAaX7,56,NY
oweFm6ut,31,SF
5sYO9ph2,45,LA
eCMesSsd,24,NY
P4vzRu8S,27,SF
jtxAlBha,20,London
sgzPB65n,39,LA
w0PjmFZZ,25,NY
dyfeKzqY,46,London
TozkOPnX,20,Berlin
3ZeRUiV9,55,Berlin
tMCxfvoP,62,London
Jn0LvhRb,27,Berlin
rnX8zJsn,45,NY
9VkFlde6,26,Berlin
Yh0eiNmG,41,London
hzupc7AE,26,SF
OllD9hDL,67,Berlin
e1qFvdsq,54,NY
wcrUgQF5,45,London
YDyB6jIB,41,London
sKXsfIBr,18,NY
53Bckbk2,44,London
BTM3ia4y,46,Berlin
iWQCqI3p,23,London
xdrmONcU,21,LA
wUuoeqPT,39,Berlin
t1b4Xjps,57,SF
EYM9sPOo,28,Berlin
EDet34rP,47,SF
u33wl9uc,68,NY
1qGrW5J4,67,SF
7A5rl7Ft,27,SF
CeOgLCA4,53,NY
d1JyrBRX,50,Berlin
EFY0KBsL,68,London
Npc6vIiA,42,Berlin
8uaPtrjH,63,LA
pyWY9P5s,63,London
k3SiyUcR,49,Berlin
d6YONpL3,39,London
P3x9DTML,57,Berlin
Ba8u0Iyj,54,SF
pRfiWTmH,54,LA
p3oourPs,44,NY
BZHHQbjT,43,LA
Tr3VBdRW,44,SF
MzHuF2zz,24,NY
YhpCLooq,25,LA
SxMeBHxh,41,Berlin
FFFFLD8a,31,Berlin
bqucTCOj,46,NY
gUHgDBHN,66,LA
indDz7pS,67,Berlin
kHsmaRs9,30,Berlin
fgqznPt3,28,SF
XWCLMvt7,18,London
1LQvN6nk,29,London
nk3c8piY,58,London
kPeUlUHk,66,Berlin
J79jcokJ,25,NY
DcqmrtuS,69,NY
CBFdtDYi,41,London
nvXrMG29,36,SF
9URUqto6,66,SF
SenCn3rC,68,NY
qQwkuRfs,19,London
GqoPRzQC,19,SF
AX1BSjpB,64,Berlin
PonCOMz1,47,Berlin
PpjrGIps,30,London
f4vt9NE8,64,NY
Au7zDch5,59,SF
KNQvs55u,64,London
lM1XWIIN,24,LA
R2kE5Bw6,56,LA
vzQFBkmx,60,Berlin
evgnB9go,58,LA
XvPYU4bE,28,LA
UgSyIOhu,68,SF
SWYaaBGX,52,London
gIVoh9GG,52,London
PKtqFddW,61,LA
IAIRG5Ie,49,London
5ecHZwAB,42,NY
oLoEWIvi,26,SF
PmCIuHrq,61,London
mZtx3Kuf,19,LA
glvbmM41,31,Berlin
YBuqYic5,18,SF
vA0Fjm7g,42,Berlin
xb0fjOiz,29,Berlin
qVS9IP6x,25,NY
PWF7DMEq,63,NY
7GiA95Zz,38,NY
fj91zwAF,68,LA
8i3RPm7t,60,SF
LvXu33jD,47,LA
YWVbl4VF,69,SF
salnzleF,37,SF
DiwGqGaK,19,SF
CXquBEZy,37,SF
OeY3OJSf,18,SF
zNrrTdE0,25,London
YSXCevFe,32,London
JqIuqZUC,19,London
fqaVH4wI,26,LA
3a6WcAEc,59,Berlin
9dTgL236,48,SF
miYZyDKj,48,London
aoG7d4Nv,33,Berlin
egYoyCAt,41,NY
NXkRTkfN,32,London
KLhzaSg1,61,London
9TaCLsrQ,69,Berlin
VFGnbszE,47,NY
RI31tuCy,64,Berlin
HQoh6d8o,57,NY
euqBFDrA,48,NY
VwMqLAoG,35,NY
ZNzor6KD,35,London
iflkLycT,34,Berlin
faHwTFyT,42,London
Bz7tBVLC,47,SF
B73dGUpb,36,SF
00CVcslS,50,London
LXzlo6aw,46,SF
OZIonkui,26,London
vaqTGX8X,55,NY
iNWcnFtS,19,NY
nOpQAs8b,23,NY
E9SUlo5i,42,LA
P0B2f4WA,31,NY
WLwHmFNy,20,NY
jEiexNg6,66,LA
KYaHqWci,35,LA
fGFzjDXK,62,NY
Odc2A3wO,61,Berlin
3qwtbUSR,38,Berlin
NDh5ek3x,66,London
53jXVFrj,52,NY
n1SO3RS5,24,LA
5wChRKMv,58,London
iOYwD7Wm,48,London
1C7MOgdn,22,SF
VXwEFL2u,66,SF
6Ji8v6hp,40,London
HlSbylCC,45,LA
6b8OvcpJ,24,Berlin
6QlMHDWP,18,Berlin
LNqDTUPU,24,NY
IDoogxBk,68,Berlin
GBD8IZvf,22,NY
Jjk8WVW6,68,NY
lqcrORvn,26,SF
JTVwANqt,66,Berlin
rqW5yUMg,24,Berlin
YMGD7giR,47,Berlin
ULG91aEB,23,SF
RciTI5y9,37,LA
40viPK12,41,Berlin
ydqJuD8U,51,SF
UeJqgQcP,38,LA
JlqiDTLa,53,Berlin
JVSLfY76,38,LA
cjXVpEfx,56,NY
hcNSGzxB,53,NY
y4OKsNNs,19,Berlin
wsU4IvBd,58,London
rncCy4iz,39,SF
fsV9sbpj,19,Berlin
CA8eWVx7,66,LA
iCiJmygm,28,LA
HRmZS4VH,26,LA
q1tbknnB,52,LA
Qn1WdCzJ,51,LA
PNv5vY26,37,LA
99ZfNiWc,45,NY
n9NmmDMD,42,SF
n6Jrv9rH,54,London
RvOo9Qck,64,Berlin
DLDecSvp,20,NY
lbeYjdhx,62,LA
ozs03mSn,64,NY
pyp08xXN,24,LA
5rVqyzzB,37,NY
dV2prGuj,31,SF
3yRXYuAu,47,LA
jRfVw2iR,55,NY
RjynFesR,21,NY
AduQ9fvT,67,LA
AwL1kzbe,55,London
1YPsdCoR,37,LA
VuvoLZoq,54,LA
2anLx6OO,42,NY
1QrRodaN,65,Berlin
nyRWOxSX,45,LA
quh4vUgw,23,SF
cLHsyIDw,62,London
Rh6HT6at,44,NY
sSycnhoK,68,SF
Nim4wcOe,59,LA
khfjeToR,45,LA
ij0tap0N,50,SF
WNZlbFxG,40,Berlin
NjCkb7wJ,61,LA
NkWku0Fi,59,London
a8q7cOY8,41,Berlin
72SjFGsg,19,SF
Wc7s3j7a,19,SF
w7RSdiAW,48,NY
LtbRDohs,65,NY
dL7vUoOY,21,London
PUS65JD9,44,London
ArQMj7bH,68,SF
weq7uFG3,43,LA
84YDGb8d,30,LA
V2bDwObG,53,NY
rsfYQ5xY,35,LA
1G23xjHo,34,SF
CU87zufU,36,London
NLQwaKmF,45,SF
DngWCFib,69,NY
8jJghf3x,26,LA
0xrGMYq8,42,Berlin
CxV6Y8WW,54,London
7AOqPrqe,64,Berlin
Rptjh7DJ,65,London
qNVRuDbK,40,Berlin
rGML3QTz,65,LA
bdM6MX8T,36,London
AKPSEj77,43,NY
oEWef5WW,47,SF
Y2LVPqAR,42,SF
rNMZKPjf,48,LA
EXyOAY8p,59,Berlin
k0AJIDKk,65,LA
3Sc9kWox,22,London
Aoyp74pU,20,LA
PwvoduAl,36,NY
ZpEqMxt2,65,Berlin
kxftO51m,46,Berlin
48ftiwDQ,42,London
BdwP2x10,54,SF
8Rbqcf8R,37,LA
XkTe4Y0B,62,SF
j9HJjZMH,22,NY
KJcZq2Cu,51,LA
yccvwjyY,52,London
Ccd8L7bk,28,SF
VWkb0cqF,41,NY
XbEtbb0C,53,Berlin
hXzOx6uR,62,SF
ovpUrouK,53,London
sOfjpbeu,57,London
3cCwbdlX,25,LA
cpywNz6A,20,LA
YMgErQgE,20,London
0vCvx32y,46,LA
BdoE0s8O,18,Berlin
yFD5ep7o,43,SF
qhV5qV1O,42,London
RP0n7vB9,59,Berlin
3manwMjG,56,LA
OuqjtkNU,39,NY
YikdhXfb,68,Berlin
edWhGirZ,50,Berlin
pCN92Uad,50,Berlin
oqsflcxW,55,LA
hAMsrmTS,20,LA
vOjKPw3u,48,Berlin
QsfbP69o,37,Berlin
i6282lK6,38,SF
Dak9ewCe,58,Berlin
qcD7fP6K,32,LA
GZFFIcLg,21,SF
rtpMKFYa,56,London
mW0SnOJ2,56,London
q34wCXzt,50,SF
qU7ZFI1g,51,Berlin
GrUmSu3M,67,Berlin
1VEvql3k,39,SF
8YhzjJy2,67,Berlin
XPaZLHLa,37,London
ocqFvGDW,42,London
fy6lKbW5,56,London
SIWH8i4d,60,LA
NiBkjWzc,56,Berlin
ZXqLDmSi,69,SF
Rm1F9hQp,61,Berlin
tSIvW6K2,44,London
kpufGL6g,68,Berlin
ThkkuQo8,63,SF
2VE3TT77,44,NY
5oiUyEDu,58,SF
1gba0L7z,52,Berlin
HWZ6wNxK,65,LA
yGLodJqt,68,Berlin
3Z3MeRLc,47,London
6PqFZDvH,21,SF
bCH6XAvb,50,NY
1Lh08GNn,63,LA
VT13OSMO,43,NY
RTvHAKQX,42,LA
kWini2Jh,63,London
I9sPVGt7,38,Berlin
RASueehS,57,Berlin
BpbuyHFl,30,LA
0LI1GTJN,61,LA
d3SpHbai,62,NY
WIDYEYYg,40,London
KKCF90YI,44,London
F2fmMs9H,40,London
NfQLhfof,52,Berlin
JBnChciG,50,LA
rsAGdyF4,30,Berlin
jIVzLFqk,59,NY
Ru85xYUc,37,Berlin
O9tRoNO7,25,LA
QaNrlMwk,42,LA
YeC7acvQ,28,SF
PCi5Ml1A,20,Berlin
cWZ4Cudj,42,Berlin
PoIVRShS,30,NY
ZdasGdXt,54,SF
E8qFFYHW,61,LA
6E7sQWOV,49,SF
auOZmugs,18,Berlin
oeIEmsC8,56,Berlin
uWefYIsl,26,London
EqX880yi,66,LA
PLrC7zH2,19,LA
iykItFo0,56,LA
Qgj9sGXD,32,Berlin
rScFkVYm,31,London
7SxiWjoe,26,SF
ToZOOrvm,43,Berlin
BC2aAV0W,39,NY
ITV5rfgb,46,LA
Of00disg,38,SF
FIM2eXMd,22,NY
d1odgJ7R,53,NY
Da6LXffU,69,Berlin
KAT3v5M7,64,NY
swdKDDQA,48,LA
9cmqTVyh,64,Berlin
dqR8yD1z,19,Berlin
X06r6PUr,67,NY
tTo0YbDa,45,LA
JwGm1zDR,62,Berlin
3tLT3Kv6,37,Berlin
aqciJoe0,33,Berlin
KRxj97hg,52,NY
VUXPLmhr,54,LA
PjhiSDYm,55,Berlin
94QEyxjx,46,NY
JfE1zV3g,63,SF
njk5kPk6,60,SF
vF6XliNA,59,Berlin
M2nJYMuc,20,LA
QzHUDUKv,32,NY
9ZG69fRh,32,Berlin
6wCGNIDD,19,LA
tT80gBbQ,23,Berlin
7P6T33CK,60,LA
1oag5owB,56,NY
2th2i2SZ,53,LA
VW8rXsuC,40,NY
TmOjJKcY,54,SF
C1lif4f4,53,NY
tm9H7y37,66,NY
5hREqCGA,26,LA
LInT5jIY,34,London
5V4wimrP,25,Berlin
vyUWc2w9,37,Berlin
vyZ8Ihf1,67,NY
3WiTNbju,53,London
MBAcCOBq,69,London
x3VPKXwG,63,NY
yHjGTgrD,19,SF
hvjmCSsA,29,NY
lWwL41SB,21,LA
BM1SkEen,29,SF
ga08mGqm,55,NY
mIwHm7ZK,22,London
u4GmehQN,64,LA
NU7W8C3d,48,LA
cLxdZ5jI,19,London
YJlRkx62,38,London
1udBmn2I,66,SF
hlxJF4R0,21,Berlin
D3MdZikz,40,SF
TU7ntpvI,69,NY
EjAkCk5F,22,SF
Z49Upp7d,43,London
FNsXUSzb,56,NY
vwmAR04c,26,NY
mJ32oqv1,62,LA
rpHLjhxq,25,SF
wQ05wl06,62,SF
M9aQkz83,45,NY
TD5JeEvU,54,Berlin
OAuFzVMx,33,LA
gXT1zigf,51,LA
OzufXHuV,19,London
qMSdCcRB,34,SF
uAjLrmGs,31,LA
S09VqDI0,30,Berlin
3uruqCVI,41,NY
1k0fLYuw,47,LA
FyIzT7Cj,51,Berlin
Wl7oVVgl,50,SF
V0ff35v0,57,LA
sd3PVStk,35,SF
gWyreLzG,29,SF
7uyAQ5Dz,33,London
54UMPuxt,27,London
9DGbhBNk,33,NY
HuQ2LKHo,39,Berlin
ZLK3gtuq,52,Berlin
9AnH4QTM,21,LA
8XHDPI4h,33,NY
Y0RuM6ni,38,SF
GTFSqpUN,18,SF
CX9UXKSQ,67,NY
xUJXywAk,56,SF
VTH0Sk3W,61,NY
9r2gHGTi,56,LA
x3FKJxMw,59,London
vHlZSh1B,23,LA
iKt2ZPPr,53,LA
F39lezqM,50,SF
OC5NIjUJ,42,SF
le8rNHk3,60,London
ez949NvB,53,LA
1hPJ7SEf,52,NY
69WaYFDH,19,SF
Z02jD1Cc,24,LA
TRH8JwnY,34,Berlin
aAK302ou,43,Berlin
fVj7j80w,61,Berlin
5o6YIvvy,54,LA
dApuzOvW,36,Berlin
T62mIYhs,69,London
kM1Ys3IO,49,SF
NU5fUqUw,50,Berlin
q7Y75qVU,48,LA
EGt6G7Ox,52,SF
ubt56AtQ,65,SF
m5H2lYFx,63,NY
GpwouuSU,42,NY
5YXjGkXV,51,London
2GIQKgEz,50,NY
qlCNCJ4u,43,London
sIwapZeZ,56,LA
uvjeFn0j,69,Berlin
V9Dgdssv,60,SF
BIvuBfGi,29,LA
k3OG1uQy,53,NY
4BdcXiUJ,33,NY
a949zr76,66,SF
ajLXs0NT,50,SF
Bvb9UNSy,61,LA
cmkHMycC,66,Berlin
SF6wpArN,65,London
QncXYueT,53,London
e5DlUKhn,67,Berlin
6zE2jNvo,39,London
bS9v9xqp,47,Berlin
vEp4ur25,33,NY
xsDkcJ64,19,LA
ZyHuO8p2,59,LA
hGB9wG5V,31,London
cWoG5QtW,23,Berlin
wO5mHemT,33,LA
uogxJitu,24,Berlin
I1Y5lsG5,49,SF
LTB5SGCy,57,NY
nnB0zhig,46,SF
QDTn9hK0,18,SF
9PcbI698,18,Berlin
luXMgBt8,61,Berlin
JpkBpWHp,45,Berlin
rkLnsbcU,51,London
8x0Av6l2,30,NY
cyf821VW,30,Berlin
ZVluU3EM,67,SF
a0VZD84y,43,Berlin
3HVvqvix,37,SF
txLJeaZn,20,LA
7zF6AFyq,18,London
2mOxSYyI,26,NY
gmGrhmUb,25,Berlin
1OtBkB4F,68,London
1V7vLUAA,48,LA
6iKHjRg4,21,NY
Y9dCSTCi,22,SF
8LctgQYx,43,SF
UMePHLDv,34,London
rThpbp44,61,London
66J0tCN0,62,SF
uZJ0yZuW,31,SF
CIJnn7sA,34,SF
h6z8XGyb,39,NY
86vOqsS1,69,NY
8ffPWd4w,68,Berlin
IsLiJJnh,56,LA
glcA67yS,31,SF
LAEa7FCb,45,SF
IxZDhkpG,28,NY
7hCsHK2F,42,NY
jqh2HJEi,56,SF
moQHAxzz,32,SF
SkG9YWE0,30,London
PAh7kz8U,54,Berlin
HWQGPDlv,31,SF
FJaa3Nrs,20,London
j9MODdon,64,SF
Yh9w28pA,50,LA
MHStYCIM,39,London
FZkViVi1,39,NY
GhFxGNvL,57,Berlin
vcIk5vdO,37,NY
kW1zBgMp,63,LA
aGH39kbd,19,LA
4HSntFAu,43,SF
Z8izr9iS,24,LA
VaETPFLh,64,LA
SCoYVXpb,30,Berlin
62F7Hb9y,36,London
UxafL18m,25,Berlin
21EuDBUh,50,London
KeytfZAt,64,London
J2cOMatz,57,SF
shurYTyK,69,London
BHOn0LWw,31,SF
KE1W9fDV,55,London
KDMSD7ar,52,NY
kDjF0p1z,23,SF
ng643SHH,50,NY
q4z9XOch,48,SF
wLMBBgis,66,Berlin
XdjqXkKW,48,NY
oKCoiquZ,40,Berlin
GhpwZxO8,64,SF
fZsp1i71,69,SF
UqN1MShg,35,Berlin
CYIs68eg,51,London
RHEERbLW,22,Berlin
2Exb6QkZ,27,NY
94ShGWVW,25,SF
b04xtdGs,68,LA
oopsIAWD,18,SF
AL8hVFhE,19,LA
SU7UKetx,38,Berlin
BP0s3d2J,32,NY
7mRn0Ml5,60,Berlin
XqrgIGEL,20,London
rMXokoQj,36,SF
fnFj1YWe,44,LA
PW0G8W3x,65,Berlin
SfVFQXvH,42,LA
Llm2vZjT,23,NY
fXQcjW1M,43,SF
YoROxUDq,48,SF
ufoax0CY,63,NY
uHH0VnYh,22,NY
TglMdWoA,49,SF
iQVspMUr,30,SF
RL3VAfgx,45,SF
oDnfZbHc,37,NY
dCm3ilNG,34,SF
Mum2v32N,26,NY
rf007OcH,60,London
Ap7zeIhI,21,Berlin
VulCqRwe,69,Berlin
uUCwQ4Vk,18,NY
OJuvYi2b,52,Berlin
QCF2eq8H,59,SF
qRt7Af7y,33,SF
QQoElSiR,58,Berlin
TWlXgbKu,22,NY
2FhLhIxc,53,LA
Au6YRGH7,42,LA
6EHKFnlg,52,London
WpJpIzQb,44,SF
Wb4ukCF1,48,Berlin
fNcyTY3Y,63,NY
DtYDtP9Z,33,NY
7gBWxWPL,26,London
RC2R91xw,67,LA
xm2lw98P,68,SF
V6xKIPWI,28,Berlin
iucvsGk8,27,London
VS58PlmU,41,LA
7L2WAVmV,65,Berlin
XEE38dEI,64,LA
O7pQiAgi,25,SF
XYh9Febk,43,Berlin
nYgIZPUZ,47,Berlin
vDIIK5rt,34,London
JzKT3vQD,42,Berlin
SV7vam3v,59,SF
E3RpYstb,18,LA
jqB3zjGS,65,Berlin
yKyrFynw,47,LA
yVK8L3g7,34,LA
E5rQ2jhW,24,NY
lQUROK7o,43,NY
FsO5veB9,45,London
ws9P4v3n,25,London
NHBeQlWW,38,NY
fNEXOGSK,28,LA
BUq4Se9Y,32,London
rkQm72tk,55,Berlin
RXxrDgdh,59,LA
mxjNiLEm,57,London
LzLiB9Sc,21,London
e8ftGKV3,58,SF
wJ9llIg3,35,London
runrWFqx,48,SF
L6g53NNk,45,London
EnMOoEWK,30,LA
GcHwlZ0Y,28,LA
YnpLIvkS,42,SF
BOi0GBoJ,33,London
mMorvcnt,69,NY
v3w7wmd9,36,NY
3AgtPja1,25,Berlin
WNFirHA7,53,SF
iyYhvLo5,46,LA
Fi7DuBqX,28,SF
oGtqfj1z,18,NY
6rsEDUjZ,57,Berlin
p0C6YRU5,69,SF
QlAC0LP4,29,SF
4fCLUjGt,42,LA
c31oZ6zH,33,SF
bl3iRfkS,69,London
R9NjTfK8,65,LA
pEHwBXmq,26,SF
VXNFTQfn,28,SF
jGagwlOl,26,LA
PjJPkFwu,49,LA
wVcyN8YC,67,NY
jdokTBrM,40,NY
nw2lQY3X,60,LA
oSWqdyJ8,34,Berlin
Wvyd3D4S,56,London
2LpPv7Qx,42,SF
lZswF3cE,65,LA
wEqfRLpD,30,NY
OPPL0O7r,30,SF
8beGRk6m,61,SF
KF3zRRc2,54,NY
D3eOVmX8,49,SF
0dWQtKgf,44,Berlin
EdlqLBqb,20,NY
JL2UaBh3,34,Berlin
tXr5Hciu,45,Berlin
9Kw5IhmG,26,London
VuENmJVR,50,SF
n2Hf7OS6,35,Berlin
6tv7o9If,53,Berlin
X8dhHZds,38,LA
VIqYO5Tf,41,London
ybVYIrQf,22,London
DMnoKLCb,58,London
lWHl7OqD,69,SF
83YmoaFD,41,NY
61GyjE43,49,SF
Rg3245fN,51,SF
gp9gJJcR,33,London
JEEOAF9e,51,NY
H3HVWCFh,69,NY
9LZxmlos,63,London
rZkFSnpK,30,LA
HTyUXxKP,40,Berlin
OfJNDGp5,44,NY
VgyMeE7m,62,LA
5UQiuk9d,61,London
xWLfxP92,51,LA
fpnGE2gk,42,LA
sNqNwZQt,63,NY
xNOM8SZh,46,NY
jmiLSGJT,42,LA
zXBr40ci,22,SF
U6hYQNI2,63,LA
Cw69fHdg,24,NY
eHLvXNGi,68,SF
Ai9EnP6p,34,SF
3ashqVsV,53,SF
ZrHfMz1d,65,London
BXNWgo0E,56,SF
gME8r58Q,52,London
1SLtRuKv,60,London
FMGlv2B7,46,LA
QLuOHO9m,34,NY
LO5QhJva,61,London
J0F2K0fa,69,Berlin
6fvPZWUd,62,Berlin
psRN0ucX,21,NY
yR4DETPd,31,London
GQlAgZ7m,49,LA
pUVzcV4n,42,LA
tBco56WW,42,Berlin
hgwjVfUw,45,SF
9LGFNKm0,20,Berlin
ivmPl439,39,LA
yWq0KVbO,31,Berlin
47sBO3ER,35,SF
YUmxjZ9Z,45,LA
fQbWSzKa,19,NY
1pfJGKsN,22,NY
8gBMOkgW,34,SF
VpuUFTMj,30,Berlin
B9aoAr5K,55,NY
4NZNhvqN,48,NY
GuW8UfW7,42,NY
B0fDbw2s,23,LA
y3ryHSyL,26,LA
xfhLh5lw,42,SF
aXY543XL,30,London
1VMvBt41,30,Berlin
AHyFj2XI,63,LA
faU5Jo8p,66,LA
3L0Y03Gg,40,Berlin
Ou3Ygyr9,53,London
4yDEpElk,29,Berlin
TNrvnlFl,30,LA
zGr83f3L,23,LA
9bNaGbpa,36,LA
mpaIgSfu,37,Berlin
C3vsXhrk,58,London
kAnj7iCv,21,LA
8Z71sj1w,58,SF
70Owdluw,30,SF
a7i2fARI,37,London
4QATgg52,28,LA
2UyBLLvu,60,NY
9w3MAfoR,50,London
qhp9QFyX,59,LA
sdMvZO4B,66,NY
WdQma5ny,66,SF
lRgbzIzL,55,LA
blQAFPrb,49,SF
RIB48ECK,22,SF
0Xmev89M,54,SF
PHdxBsaH,35,SF
LcGRcxox,30,SF
nuNLEnNE,29,NY
y1Kj7E7s,47,NY
OjcwnX8e,33,NY
kqSygAHS,44,NY
wy7J0iSS,22,NY
wKy6XK58,67,SF
I1WE8Sza,24,SF
pQ3wDePx,45,London
7sPzTlna,36,SF
L18Hk9Jm,64,SF
PftgDVlu,47,LA
Rz6evjQo,23,Berlin
zEVSBBbX,45,LA
mkaTDsTr,30,Berlin
Evte5yge,22,SF
NPfRZf7b,47,SF
mV7fQHHU,41,Berlin
vddZQMTX,24,SF
3N8dYQe8,62,Berlin
DBpbluH0,49,NY
sF7wJYlv,21,SF
9qDYVFTD,23,NY
jJ15iIZ9,22,SF
iYAStKxI,59,London
dSBmfHir,44,NY
wLZ8wFg0,26,LA
ooNvv7Im,45,SF
IG4yuwve,49,LA
VnHQ8Lws,34,London
2rXQNW8e,44,LA
mvysNJ8S,34,SF
T6ToJpqM,38,London
ocX0bRyO,61,Berlin
nuC2dyae,19,Berlin
DZ2e7qkN,66,Berlin
C4iinLTi,47,London
WffDbMii,57,SF
3QgftZBe,55,SF
JV8UCDwj,46,SF
ieT3aPGj,54,London
xQSPJlbv,63,NY
4WYLRRJ3,60,Berlin
OLxOeWsr,54,NY
Y7TDCGSZ,56,NY
sFBK49YN,63,NY
gNXVWOM2,56,SF
7QkWvYe2,47,LA
LPy1vnyZ,22,Berlin
hNrxeum1,68,SF
9Z3O6ByH,52,Berlin
JQPhbpFj,34,SF
3gqSRfc7,51,London
yJdTfbDZ,33,SF
OdhqyfiB,27,London
tj6eSliE,50,NY
nr6yEgPM,39,LA
xekX7HyG,39,LA
kWEkEiHA,27,NY
NdQRIhS6,48,NY
wzY7L41O,31,LA
2VbmU2Ul,37,SF
lqYmM6zO,25,SF
HsvSmO8a,36,London
nKQgTEN2,66,NY
2eQ56067,51,SF
H8Qp1wuS,64,SF
rmPjcc8p,27,SF
MFoJdtPT,52,LA
LaqSBZm9,38,Berlin
JoJRz9l9,47,NY
hsrhEQmy,30,NY
EiuMjlyd,63,London
BN4nYgaD,36,LA
sPAhBDg0,44,LA
9ELFL20d,45,SF
5thgBaXW,42,NY
6BxLckXC,26,Berlin
w8ZO2Wwx,37,Berlin
RtOdRtxt,62,NY
r2c9VZjg,68,Berlin
yfIaqeEW,32,London
EYufSi7w,58,Berlin
pyaIaOSG,26,LA
zeMpBfO7,18,NY
FktfnJA0,33,LA
KDdHr1Lo,28,SF
Uvy6NCZt,38,LA
82aHglSW,41,Berlin
3XPav7CO,23,NY
OJugtqK1,66,Berlin
U3JXn6yj,38,London
80G0LxH5,24,SF
cxiMXhpK,19,NY
kDsC6cRV,38,NY
tAZeKZOS,32,Berlin
LKz1lD24,54,LA
qwOm3z8D,32,SF
WesqU9qN,37,London
3bG3C1po,66,Berlin
ho4q0JC7,37,Berlin
ZCeuQFwz,62,LA
j8rZsR4W,56,NY
VKLovh9s,57,SF
bUNA88A2,56,NY
CbngIvkH,63,Berlin
cfCQMfaE,65,LA
DBWM241b,41,SF
gbQ9QY5l,52,NY
5LQ2C69m,54,LA
gl8zYpaW,32,SF
nUXO17zr,32,LA
JD2KQ8Gb,28,LA
jdoMg1NX,23,NY
fHI6JHcr,49,Berlin
ktyLeDhN,18,London
RFQOSMVx,31,Berlin
kjT99KOb,53,London
c7m374Ht,60,LA
glQ3Jb01,30,London
yByoucdS,52,NY
CmmPMDxI,62,London
KOKIsSR8,60,Berlin
QMfv3btj,55,Berlin
fX2P2baI,28,LA
urKka7O0,24,SF
grOovGOV,41,SF
Ir11GX7r,49,LA
raxS4pCW,44,LA
Lh83TtG7,53,Berlin
RxCwjrA9,32,LA
wmXI3dWz,40,LA
FBCvccth,51,Berlin
Wct0vB4X,57,NY
ZRe7NbMy,59,SF
SxDUUbtM,45,Berlin
vElnTYD0,41,NY
e9PNmd9X,18,SF
xZyrEXk2,55,LA
TFES3b8L,65,SF
wWkViwIf,61,London
ea0qcWLR,33,SF
hdlxgDyj,56,NY
ncPFT2uq,28,LA
rLLtPjjw,47,London
rLvH2Jq4,51,SF
ZzYbUIm2,61,LA
gr1cnfzT,43,LA
3uPynCIt,28,Berlin
qKyIVEea,55,NY
GZEo1fer,22,LA
uV6xMtM2,29,LA
djyNMtU3,52,Berlin
uoZ6lPfF,22,LA
cV9SsQYD,55,NY
EtLphSyc,55,London
uvjHFgQP,50,SF
T5cFBTw2,31,SF
2yAEsEV9,61,SF
lzIFsK3m,51,LA
bA8s0a6Z,23,Berlin
gGGLvbhC,22,NY
YsYMY6us,62,London
P7SDfQA3,40,LA
uu72JtQ5,40,London
OyXfAjJB,60,SF
B0HBSB7O,54,SF
ZMeYFfyx,28,Berlin
isdjiUgb,61,LA
QIjFH8ax,24,LA
RtiG315L,32,SF
cgjevz6L,28,LA
3RGMHbF8,43,LA
t7EljpOV,59,SF
eLnIgDhK,23,London
ZG7EzyKU,25,SF
ciC3lVcu,40,London
KkFUrZ4W,69,London
1knBbEyr,25,NY
f998L1H2,58,LA
6TTN3n70,32,NY
hTz9YsmW,64,London
RCoaw6g3,46,Berlin
jvFJ09As,65,LA
gOaUxAEq,58,SF
JV2yIihT,60,LA
fjPCbWNd,42,London
a6994x95,61,London
ivIToiMB,22,LA
DWCBwD9X,23,LA
850VpMDR,27,LA
T78bnYip,39,SF
Rk52NKke,52,London
TKeAELMP,69,NY
8FYCZKym,64,London
8PKXWqdv,30,London
aazp8r2Q,22,SF
qZ0zLqaF,66,Berlin
UGUhMs0i,55,LA
vpwpVbjM,21,NY
PIH55w7L,57,LA
44LXg6Rx,19,SF
Kcd2NAI1,20,SF
9ztvDez1,23,SF
0bt302xi,32,Berlin
V73S9H6w,67,SF
6jeDgQID,41,NY
eTrwLTtq,18,SF
Yh9DFuoX,27,Berlin
NyN0kLx2,40,Berlin
bX5Go6zH,41,London
evxZUMSA,65,NY
mSpeZDmy,58,SF
RhFEnYdP,34,NY
t2KSVSPe,58,NY
mUUAmW2K,63,LA
2TV0yGM4,47,LA
YfDn26qz,65,Berlin
EQWHM4P3,34,LA
UApmqZbv,32,London
DqmTUXt9,30,Berlin
MAXjRiLY,57,NY
2gRsM35O,52,SF
U9intL1J,49,SF
TfJmxeHA,33,NY
LvpBsPKA,63,Berlin
eGut7DPS,33,NY
7PmH7YED,35,London
XRwmUTzp,55,Berlin
qNbWJl0p,22,London
hCyrdZWh,69,SF
MvF6wH9W,20,LA
u1QmkkTq,55,NY
ApsF13vY,46,NY
ga8e1AU2,22,LA
G2HYtadb,20,Berlin
cVWMdutd,64,Berlin
g9cTxZjS,25,SF
vMZLJfee,55,SF
ueq06fWk,60,London
Zd3nLUEo,45,NY
6acfi68Y,37,NY
Kc5jcv3C,33,Berlin
PWBltxWN,52,Berlin
O0NFko75,65,LA
fpGMbvsp,21,SF
iYvHVsmD,63,SF
5N2n09pd,51,LA
P8DvoVvK,69,London
VTcnwh9P,36,SF
fpISUFUW,51,London
xPKYFt28,62,LA
Z6OlyEZW,46,London
hCngAx7b,57,NY
Rxo5WeA2,46,Berlin
nlk4LjnD,22,LA
uZEUNDjU,31,London
PFGXoPs7,41,London
QmIT2BAJ,23,London
r95t92gI,33,NY
P2RIAzHH,58,NY
5l8TRr2Z,27,London
bZANljtc,38,SF
8mM6PJlQ,33,SF
e1Chc0Pu,45,Berlin
w89G3DWY,36,LA
HKDpQgJG,67,LA
5ZBsc2Wl,36,Berlin
z9WnaWHR,45,NY
2lhHl07K,69,NY
EiYavgY2,29,NY
RxhJdkqu,60,SF
90x9VOef,33,London
x5CZHpT2,20,SF
TkjMFzNl,43,LA
apB7RtVH,24,SF
fQSJ3NHm,47,Berlin
mhxZ2uuP,35,LA
g3iTJDG5,40,LA
z0sF17S8,22,London
ze9u0zty,45,NY
GAhSxtwX,45,London
QGhlxkpD,56,NY
Ltd5eDNX,34,LA
ER9LaTZp,21,LA
huVrZPO5,59,London
uBobtNgo,39,London
Zipu0FRY,34,London
BEKbfM4b,27,London
NlO2VKSU,43,LA
gEZ8UKoX,66,Berlin
5MqFDV1k,60,LA
rGCOIjOz,43,NY
7piC0AH9,61,NY
2oCdswpH,25,London
xOjg4M3m,55,LA
lhqkTKpb,30,LA
ilw2beoR,57,Berlin
iwxEXiLK,25,SF
91cA3zj3,67,Berlin
JK3R5pvG,66,LA
6mswXFfw,37,Berlin
pKzBKWHX,18,LA
9ILeTUsd,38,NY
PSopUS8T,69,NY
cWgH0ZWF,44,SF
zJhtTq5M,59,Berlin
lwPGDq4d,60,SF
VxbqXaoM,24,NY
C931MKC7,64,Berlin
stpP8I2M,24,Berlin
fjM07Un0,56,London
aPHgUw91,26,London
xCIIAR1O,22,LA
tIRuw2I6,54,LA
pVOQDwuu,66,Berlin
7jQBf47U,36,SF
i9Fsxme6,68,London
UMO6WXKi,52,Berlin
N9rnwkUy,54,SF
vLnECbB2,22,SF
P9zlVtSe,41,London
M9P4bT8g,29,Berlin
injnAlxz,47,LA
PiYhoH3m,63,NY
3hsLLCw6,67,London
ArmmMCyP,63,London
6ez0P9hz,28,London
rY5r4QlP,36,London
7TksirdE,41,NY
qKygx64X,53,NY
hsM4N9Cc,67,SF
32DQuuzs,44,London
NlwHQfjX,64,Berlin
aibA9g81,65,SF
gcPJQY1m,27,SF
lPuIsYET,59,LA
W5EdE3tL,29,NY
RO7K0taF,34,SF
Nptggw6x,24,SF
aZe8oci3,62,NY
WDxcfcOz,45,SF
D1G7lHAB,35,LA
HwoqzviG,49,Berlin
M3rTFYrl,22,NY
FvEdPIxf,64,London
OmogqD80,23,Berlin
EWHBkvOZ,29,NY
ferdY6Rk,50,SF
zz0lzfWg,56,NY
GurqTnDA,23,SF
yuaX6Rtm,44,NY
xpZQIG0y,28,LA
8Wsab0Fu,20,NY
TfpCKqkc,37,LA
Mv5VgmJC,55,Berlin
jZPxJX6b,18,Berlin
tLihSQzF,43,Berlin
IqzGp5Tz,34,SF
ihQ4iFn4,26,SF
f6hyAvzx,23,LA
24fJDMBY,52,London
yMYaeNZM,56,SF
EGyT8ab2,47,LA
Hl3THuaF,55,NY
AN6hnc1C,64,NY
6ri1fKhS,60,Berlin
cEN3zbje,40,LA
RwCb8wtR,50,Berlin
p9zx8mml,39,Berlin
e1Af95FY,59,London
C1nBNVRz,28,Berlin
L8ZftYkr,26,London
PulgNPfM,67,Berlin
53qkqWHF,18,Berlin
K8OpgSfi,49,London
v0Izqkbg,58,Berlin
KMUfizwa,43,London
gQmbb7w6,48,LA
oYWmO4VO,51,LA
ccGjdWVQ,43,NY
Asbj8Gii,50,NY
8S6Lymit,19,London
zSvzmxtP,28,London
2QWqhGC0,34,NY
Y0FO4jgI,22,Berlin
OL77fkWe,24,London
KBD5Lm17,24,SF
ZHmAgDYt,63,LA
XrZIfUFa,25,LA
Al7KVBlM,69,London
fLNrPVYE,26,LA
UmevQH3h,62,NY
jwsIHHCw,42,London
sskRt0kh,45,NY
7DQr39Xr,69,LA
unUjoThh,52,London
A1KdxH0e,34,NY
pQqekE8l,51,Berlin
TF76t2GH,39,SF
Z2QXqO1x,57,NY
xDI2ZVCq,60,SF
BZI870E0,37,London
yigpKaXk,66,Berlin
CQUg9pSp,53,Berlin
B170giDh,61,NY
BlJXg1OP,67,SF
t7nsy2gX,68,Berlin
FbAFXwhF,37,London
wfebW6f1,43,London
dXAF8Ui0,43,London
m4O0EFdJ,44,SF
zW4M1Rjd,63,London
eEILpLBE,65,NY
uezlv1eX,66,London
5AmHeGiS,21,Berlin
9Bi1aC0t,57,SF
gEtCJbN3,55,Berlin
XjTyIKL0,41,London
wDNEYZTM,39,London
nEwQsIUr,63,SF
OrPbPF8s,48,SF
1L8MRZK5,53,NY
ekAcdboL,66,London
qpN4NRhv,22,LA
AzhomXCs,40,LA
hDduqhu6,45,LA
27glqh3A,56,London
dVIxZnuK,54,NY
IE6c9zVB,48,London
Qu2Maem3,37,LA
YB4fzoAF,44,London
Y2B278Mm,34,Berlin
XZC77Dk5,36,Berlin
8lJz5O0i,38,London
rTaoNyhz,40,NY
IAqU3IKe,68,SF
KSo4uLbb,24,LA
JPpnAOKL,34,SF
2GjpKMux,30,Berlin
J1nMQRYX,55,NY
5OuFvjhk,40,Berlin
XFXCq6t9,37,NY
nsOTsP1z,48,SF
oKK5Cx6p,32,Berlin
I7y7QZE5,20,London
W0FqphCO,40,SF
yDEgSmS9,34,London
nDNiof7x,38,London
1QndtzC1,67,LA
Hf4OaxqN,51,NY
ce5uw9SZ,32,NY
kEGlUJ6Y,31,LA
r95Af455,23,London
weFescaQ,48,NY
OmUo839P,57,NY
CQ17WhVq,67,London
MQ7GnQ3y,24,NY
Obq4Fqt9,28,LA
ACNkUDlG,34,SF
DSIBZY6g,61,London
0rbwzaqP,52,NY
LBoDSqZx,35,LA
5I8vLXLI,65,London
HgsISA7Y,23,London
bsIZ8cQZ,59,LA
VRfpd0dM,51,LA
cpFpE0cl,50,NY
Sz8IEBOh,49,NY
AZDBYuR9,49,NY
kVsJyvl5,21,SF
dG0BYr1q,57,NY
4wq3GRbm,32,LA
JHvJilTs,28,NY
plvA0vPp,67,Berlin
jkperDrJ,66,NY
HENsOuo5,20,London
5h57tpx3,52,London
Ye6eDKAL,55,London
nFVozSHO,51,LA
bBvbZcLt,24,NY
PVvVCYet,57,LA
rouoWvly,39,NY
KbGS68Il,28,LA
pMniEBxY,59,SF
N4hwmFTp,59,London
X23h2yJp,45,London
gzcmFsnh,47,Berlin
V34ZACF1,21,SF
JWG4FzKM,24,Berlin
Tr0jeidG,41,LA
xnLK4Ima,37,SF
Zy8IqYfk,64,Berlin
2ISDcWW5,50,SF
e7RRcps1,45,Berlin
abfVXaCy,65,Berlin
0Nu6cJma,64,London
t4da4XCW,67,London
G8nuoCm6,49,NY
1E8eVIpP,60,NY
swoOvrHp,20,NY
CHUO4F6z,40,London
pe6o0qQE,33,SF
3BgJH2lv,34,London
Wj8nBpyR,68,London
JCgnr8Mc,22,London
luSO6e3T,60,London
qgiNqO8k,47,London
socoJ5zj,34,LA
rbzbS3nZ,50,London
hDkN3ufq,18,London
WLywJg9P,27,London
FK5LeAaM,55,NY
e6aY1amj,59,LA
3OpZ49SC,21,LA
x1nItPBd,67,LA
JWSNT7bf,61,SF
6TFxwcNh,25,London
5qZyM00F,66,Berlin
ygFSUGeI,30,London
h5Qda3DV,52,SF
m9t7UxFq,47,Berlin
lBugoAVN,61,London
FABPCD9W,53,SF
28ZzdkjQ,36,SF
CYz10jSG,20,Berlin
3uW93erh,34,LA
WMW2r9hn,56,SF
8DDZJpGl,36,Berlin
wINhjtgz,25,Berlin
lo1s9sW9,29,SF
waOzwNUu,48,Berlin
SpfIRqrd,51,LA
m2Flw7er,46,Berlin
mhXX3mE2,18,LA
5ZgQ4ttj,31,London
YVBAjjIE,66,SF
NxQQcBxO,26,SF
phjYVBq6,28,Berlin
2RagPuS2,59,London
21RwXYGM,49,NY
7iRZ0s0e,27,NY
78wfGISw,22,LA
rUCr7kSU,23,SF
OharJmPV,55,NY
esDZbnVN,64,LA
3UBf1sdB,54,SF
0iILwRLr,41,Berlin
ZcGvs1pF,45,SF
IjG5y4IE,30,Berlin
UGXcEUVo,31,Berlin
HlgOuN5A,47,NY
qBosNr2B,52,Berlin
0jOTztQN,54,London
FKoVqOk4,33,London
N2hERrTU,40,London
fs6B3R19,52,NY
2Zk7yWzd,25,Berlin
DofEcAJ6,23,London
1xXK7obi,44,NY
dbAlAjBB,34,London
xn6rN7vt,61,SF
dTMGRzme,46,SF
Q3M1z1Fh,33,NY
XoJ2g1aR,30,London
F4Sc8fn6,35,LA
4of68iOf,58,Berlin
00UyxgIl,37,Berlin
vnGh9coo,57,Berlin
PHaUE6FK,43,London
Adu4K81o,40,London
JdTYifTD,23,NY
XoDgsNnK,62,SF
pDPyoNzA,30,SF
2zYXE5Rn,42,Berlin
uHvmQ1zG,55,LA
8dPz7I5B,48,LA
MKCSCOlS,28,Berlin
O3nlVg2b,67,NY
KxvLhiiH,29,Berlin
jZkiuF90,31,London
QNIvPZyz,35,LA
kdAbvSb3,21,SF
6FTV52aW,23,NY
CMAAhSdk,20,London
9fKULNQc,19,LA
UfoKTp8Z,36,Berlin
Ivt3Mjrq,25,Berlin
i5OdsE33,25,LA
1zZP2dG0,56,London
9YfjMGo1,20,Berlin
cXswDjJn,44,Berlin
tmShvdbF,40,London
zqUygCIA,59,LA
yOUM8R8q,52,LA
jPdRPFai,47,NY
GANvM3HF,69,Berlin
oLepdhvR,33,London
BAaO9CfG,46,SF
O3SzJNIK,26,London
BQC9CKqQ,62,LA
suC7yUVV,24,NY
bVoYVuxI,61,Berlin
uklpdVfy,40,LA
qiLqEl0g,43,London
ZmEZGxM8,57,London
tf8BPhiE,65,SF
ascJXGFB,58,Berlin
4FZ6IHq0,52,SF
r6K8OKBF,45,Berlin
G5TeXWhO,40,SF
NZSrWT2j,66,SF
aG0m5m6u,38,LA
l73TRvzl,64,LA
HoiXRciG,52,NY
VylCYwK2,61,NY
7gqy3tFP,63,Berlin
Zx49GhCR,66,LA
qxR8jboV,21,NY
bGp762A8,63,SF
jb9yQy6c,18,NY
8n5zbztg,55,Berlin
jmhXFnlG,56,NY
pA5yGNJO,45,Berlin
0xOryh2G,60,Berlin
jkXCx1NT,54,NY
LnSruTv7,67,SF
KFlCQHEl,62,Berlin
wswc36xc,34,Berlin
4YSI3GcD,62,LA
XG809ZQL,37,SF
TVszeE3t,31,Berlin
B8IoATUN,63,Berlin
vs9VbvkU,36,LA
ystHDFZx,48,London
H2Lmjo67,59,NY
PTDjGAmF,65,LA
xdrt6bXd,49,Berlin
PHyZoO1I,48,LA
MsYPsoTO,41,Berlin
NiTyf0H8,38,Berlin
OuiKKkN5,57,NY
Qdxr1SbD,21,Berlin
bqvsLUHe,45,NY
sEH2CqSa,38,SF
2nncniWQ,23,London
N4rksreo,28,NY
6rUYzOkW,20,NY
VPIX4bZG,53,LA
PkJup095,29,London
hGQoon2w,56,London
OScad9JG,31,SF
LoAUnMue,42,LA
1frIv9oH,69,London
k6v9NdHu,54,LA
g7T1krp4,19,LA
0F3Rl35H,57,NY
4pxRJvP0,42,NY
5whnZkdX,31,LA
DkhDsBXo,60,SF
dXtHIt85,38,SF
ALRxOUQg,55,SF
80K3IJDj,63,Berlin
ZcCJ46qX,38,Berlin
CkzqtmI2,38,Berlin
kzLuC5zp,56,Berlin
QXo0hvHY,65,LA
1nYNGehO,69,LA
k9zSBPpN,45,London
VXkMockR,26,NY
N2daahZi,22,LA
WIY7Eu8B,57,Berlin
TjjQ8ZJI,43,SF
mrRwVvN8,27,SF
aIOnbZL2,40,Berlin
DFbtHI4p,33,LA
RvGDf8nr,44,LA
lKFyedFJ,30,NY
KpJdQQwJ,51,London
WmoCfyra,20,SF
AdQNyqxE,26,London
dAnr28hc,22,London
sRLDzGjI,62,SF
iDZ3GPWJ,57,LA
ofSzUFvu,25,LA
eQVDeCeX,45,London
QDGwCbCe,56,SF
QCI54j5E,18,London
K7GnbfMg,30,LA
y3KtFqHi,66,Berlin
Mky5IIru,27,Berlin
NaXJkrr4,63,London
lqIoFSSC,59,NY
DyjJEE1I,56,London
QCL2xWxS,41,SF
WuIw6h8r,57,SF
nLbqipQU,64,NY
01UVQJX9,68,LA
WeX88lsq,31,NY
FSxmxCL6,36,LA
f6CLZmzA,40,Berlin
Q1zV0zf1,67,Berlin
TEbUKfZy,29,LA
dcYyKNvN,27,Berlin
9xckVFJK,47,London
Gocl4bTv,61,SF
kZJqioi5,19,SF
DFZ7QZuL,68,LA
8vJGCHjt,19,Berlin
3JO5LBuG,66,Berlin
4GDOpx6j,59,Berlin
IDWkcC0K,42,NY
aJJRg1HI,41,NY
On5PoHlf,40,NY
9zqm9ABI,44,London
AfxpfJnF,40,SF
G0DtvyOu,31,NY
Dzbg7AV2,59,London
T7HVfgDS,44,NY
WhISCq33,19,Berlin
KBm5aPH5,21,LA
MKd8FqT3,48,NY
ZPrMfOzn,45,LA
1A7IeEYt,59,London
uMFr0Pt3,38,London
C1jgh2Ue,21,Berlin
Q6Q1n6eh,41,London
wTIP80Fy,39,Berlin
dGM6SP1S,36,Berlin
dT9HWcNE,45,LA
mdROPq0q,51,LA
GqeXOGF2,68,LA
9ExVXxyi,59,SF
96JcjpTR,59,LA
ChEnNPkR,27,LA
qVpCCf6x,62,NY
4GBcsMmH,47,London
YMT79m73,25,NY
It6CrmL5,31,Berlin
lQNYY0UP,47,Berlin
1Qj8RjNB,54,SF
WI9HhT2f,43,London
GlmbjQOi,36,SF
roXvfSjA,21,SF
wi6h0yAw,22,London
b6YYMHvE,48,SF
WmywXrBY,42,Berlin
NiB2mhzV,28,London
FJjWmWrx,69,LA
NEB2RTET,50,SF
hEpVsq0w,54,London
Q6POwQmI,62,London
F69Uk2KG,40,London
FrbiAhO2,51,SF
iwRc2UTb,31,NY
yQZRNSYQ,58,LA
EuaITvZL,35,London
VlYsqmJw,54,SF
HFDrvjA6,62,Berlin
QhJlVJKX,26,LA
bjTtCdOL,38,London
5F5zkCpM,22,NY
Rg2RE2dd,67,London
vyUVD1Sb,39,LA
QXnnPcWs,69,Berlin
UKCjxAyh,20,LA
5PPNQ8UH,61,London
h2JcENmV,31,London
7FGOlsdh,51,Berlin
RageOcBB,66,LA
7DFvvmEw,35,LA
7J1FA6jY,23,Berlin
UuUSwfb7,18,SF
PNPnd5CC,58,Berlin
3zH1Uznq,34,LA
JAz2waZ2,35,LA
JIi528Qp,50,Berlin
p1XebYgf,37,London
a0ePfE1X,64,LA
MCGHQD5f,41,SF
wpwDk0za,35,London
Tk3Ahprl,58,SF
mgwMhL1p,21,Berlin
36PRht0s,57,LA
4TvIj1L5,25,Berlin
xcN4uyqm,68,London
EvRcBRa7,57,LA
dvEsQuZ0,68,Berlin
yZ1wcd01,66,Berlin
kfID2dJX,46,NY
SjXlkcuh,69,London
x0Q0KpIj,41,LA
8dNB9FAf,27,London
SMu2WdQv,38,NY
nHNJXfpM,18,London
kurPJ7Vq,65,Berlin
dJxdttE4,52,LA
vysjLXyp,46,LA
tE50Tb5t,51,LA
iiTNYdOe,25,LA
h2bsnT6J,52,NY
5MuctLX4,56,LA
8HpOa9lh,30,London
5J0UIsMn,63,SF
24wSg5um,39,NY
tw2S3jsA,50,NY
L5sKDrvq,53,London
nHopHUZH,42,London
ZxUnbH9T,45,LA
H0yBW9fI,22,LA
0MbGkUea,48,SF
2AoVEbSQ,23,LA
UzVgQniX,68,NY
d3q8dMG5,65,London
aX0lNIrU,40,SF
uWw06hJA,42,SF
tl8LHK6F,37,Berlin
GsG6YGLo,22,SF
qFTQI6lI,50,Berlin
xCzxTUDb,18,NY
gUHJHXks,50,SF
yO5GWLHY,54,LA
BYCg6Yev,45,London
bgfFsglG,38,Berlin
vBFEA08U,57,Berlin
zIZx6Jje,24,NY
cuuiYFr1,48,NY
aWHcfBMI,29,NY
ecPhoUd7,53,Berlin
OA516s7c,30,LA
6Qf8fPtl,34,Berlin
KGVcdwXa,22,Berlin
tvvzRhAj,41,NY
aDV2dIJ6,67,Berlin
HdQ60Z4h,30,London
fs9lEqIB,18,SF
1TqdU5xF,28,LA
bkLjoiP3,42,Berlin
CAQaoJhp,54,SF
aM0qBM6Y,52,LA
d5NLEo8j,64,Berlin
dejpjwSZ,44,London
hpAoEpWP,38,London
VjvIxOvE,49,London
kRzehDsi,58,SF
BlqQmPJB,67,NY
Co7iqQeg,27,Berlin
ttJcCEyH,45,LA
ZLq1scQ6,69,Berlin
WRnhKx6S,39,NY
QsAghITN,46,LA
rJMj0HVR,28,SF
ZV6yTcIm,69,Berlin
ngG00ALQ,34,NY
ClKNrYgc,27,SF
2UfKIYTt,56,LA
NFxmaAb0,20,SF
CU7lOwMy,24,LA
14zFxkZE,42,NY
SP1VL2Yh,34,Berlin
aaZUp2a8,19,London
VYMXFKLq,28,SF
qXbnajIx,31,NY
PiaOW7wn,32,LA
Ljx73ax3,50,LA
zfQ7PPs6,57,NY
JZAwhgrv,64,SF
Kwc0Sbtq,43,London
o2u8ziOc,53,LA
9dLvbehJ,67,NY
gcGpcu48,51,SF
ihXPYlE6,29,SF
OyhOONLy,66,LA
UAYxMiH4,41,Berlin
XY5AqOus,36,London
IwwDw7Dw,49,Berlin
H8eSIhCL,68,SF
thwBEb51,69,London
ASkfGMj6,67,LA
YMptJbBH,20,London
rrXeJ2xe,41,Berlin
5bWaNodS,23,NY
ZaaMKGAd,69,LA
8jMkMWcw,45,NY
7kWX1ZKO,37,SF
VHvg2KDq,19,London
hv3kQRnV,35,NY
CUNMvaq8,22,London
7p3Tm6ph,37,SF
0BirIh2f,65,LA
L8Oaj7g8,37,Berlin
X3U1Naly,27,London
C5mqxQpp,68,Berlin
oxduoblj,42,NY
SnhAMZld,44,NY
aCQiX3tA,54,SF
c6OPloNR,44,LA
cz4SQ6aH,68,NY
SJrHDhg5,67,LA
YGUM6rVQ,65,Berlin
sk6V69zi,21,NY
GrAxUSoL,44,Berlin
aLJSrdN6,49,LA
DSkb7rRU,43,Berlin
zQmtow9L,35,Berlin
fFmo0qto,26,London
M2N17vzD,33,LA
mZc1P1Hc,25,SF
aX7ZR8CJ,58,NY
EORg18zt,42,SF
fldlx5ed,52,NY
jowT0ODt,32,London
dBXqOYdJ,51,NY
9l95YrA8,29,Berlin
N8t3S8mU,34,NY
A3QkjczQ,62,London
ngIS93uS,53,NY
kJiRJi4T,29,NY
lot9BFQJ,34,Berlin
HVlzGbPu,34,London
t007Gy4N,25,NY
KS6XxRBR,67,SF
QUgnhlCY,22,Berlin
R6TRpcsI,21,London
eLxM65ul,49,London
GOXZv22a,45,SF
xKzMMuDg,28,Berlin
Req2lW1q,29,SF
9Bq7jsOB,30,SF
adIarQ6v,25,London
RsN7vtSd,36,NY
zMvwp8d7,48,NY
lA3ABFlu,57,NY
cJ9esmVr,43,Berlin
55ydtN3a,45,LA
VFxsDaQ3,60,Berlin
d5yAwbf1,44,Berlin
zJXfC3EK,35,SF
SnsbVbsG,68,London
l43HesD1,64,London
MKWem31h,31,NY
kQEQoSNG,46,LA
brxJ4MSt,51,NY
a0CK8ZlH,26,London
NhbvEuzY,69,LA
ocRSU9BQ,58,London
Iq1BPrVX,23,London
Oj8ZVIV0,25,NY
Qi1LmUMO,61,LA
5QoORYCg,25,SF
4SEGFi2d,54,Berlin
5dBgAQOt,66,LA
0TK5QaeQ,31,Berlin
DCF66S7L,25,SF
L1eAYDer,59,London
6MG196jC,36,SF
7qqq6FwC,40,London
vqfB9Pvd,24,Berlin
wvILhAnX,51,SF
tMsT04DC,39,SF
jLaJYj0e,61,NY
WvkHFZN7,50,London
B4Fk1Rny,18,NY
O0Sjfo0F,40,Berlin
2epNdxTm,40,London
YmiNMMY8,46,Berlin
PAmsfScc,66,LA
UDcgTOoN,69,Berlin
d1Xn6YZe,44,LA
ViI6xT9q,38,SF
kjTMhfGt,41,Berlin
9JEARs2g,20,London
083e4ukN,37,London
6ZQokFU3,32,Berlin
QsIM2ioC,40,SF
IaipnJJX,61,NY
O3M3DFNl,58,London
067C1bMy,26,Berlin
pHUJKl4P,48,NY
Plt8QvWm,29,London
rWf3QXQu,68,NY
XXo6OCW2,44,Berlin
uW8kk8NK,51,NY
IifYg5mr,65,London
DH0vMGfb,25,Berlin
x7nTV1b9,23,LA
rLSk8P9O,24,LA
21VsnT1M,41,SF
AlXqLgKJ,19,Berlin
IheAe6mY,46,London
EVR7jf9z,58,London
bcNHoWum,44,Berlin
7hWjHSLc,68,Berlin
LoSjCPpf,19,SF
ttZlVV7V,41,SF
suWQGjFi,25,NY
b2yJ3BwW,45,NY
Wc8JRulE,25,SF
6sLRl4Oh,59,SF
mzLRqheN,25,London
1UVPcr4O,38,Berlin
scACOgVP,28,NY
YxGkt7ZN,20,London
wAgvq04P,52,Berlin
RumURjN0,29,NY
VNhuRg1s,26,LA
g8gR7eLm,34,Berlin
mZljyfaq,22,London
BIooeAH3,50,SF
kJg3B3aS,57,NY
Y1dTW8Qr,65,SF
lbXohd3J,41,LA
9R7zKZ2U,47,SF
eBmIHGhy,64,London
A4FWmpp0,29,Berlin
tOz8alpM,69,Berlin
2o5gcSqn,52,LA
LjRxJtEe,45,NY
d2HDeRAx,46,London
z2FFdFoG,24,LA
WeUrAlOq,50,London
AYd3a23c,64,NY
AzCSesvU,43,LA
wFyd3JDq,31,Berlin
JjcHYMxd,66,London
ivA6TYnH,26,LA
bp7Mxk4A,62,NY
woZUExW4,37,London
8EzbP65m,22,Berlin
ie6PVVou,59,London
NUh2PBsK,65,NY
n5CuXaIZ,33,LA
8zZaoJXk,27,LA
JP06BBhk,44,SF
8ddBujIg,57,Berlin
YcOHfQOL,56,SF
Qf1YQtfd,42,LA
T2375OZf,66,LA
QsEsrLTZ,55,London
ahULdzvt,69,LA
anpyYc80,18,LA
az1ofIhg,34,London
kXHJN3t9,41,Berlin
0MpJx2D1,65,NY
hysi3HSQ,68,SF
m142zRk1,51,Berlin
6ZEHGQmE,67,London
V4GRfVLX,41,SF
CxzS8YIy,18,SF
3HqTET0Z,18,London
syMauWTE,32,NY
qalyVchX,28,LA
PTHabmbV,33,SF
W8W4OFOp,36,NY
3ejbNYMS,67,SF
vuJL9IBC,25,Berlin
1s5B8aOU,31,SF
Lzrybm5l,19,LA
EClY25O7,26,LA
wjJvUKhr,43,NY
W9BkbFkH,58,London
L6OXJ2Iz,56,Berlin
AhssVjiy,68,SF
sgrgwPNV,28,SF
ElF1wxyT,36,NY
jhZZ1V8k,40,Berlin
hKPHqUrC,45,Berlin
fsk2ILiH,24,NY
O9U90XBZ,63,Berlin
7j9xNYtO,25,London
6RuLlGXx,32,Berlin
NV3bk5ci,49,SF
QB5K2vTi,53,NY
AC6rddto,49,SF
HTEnABMV,36,Berlin
jW1jCHUf,52,NY
zOSkNiHq,54,Berlin
MuFLUtQ6,42,SF
dib6g4Pl,39,Berlin
bRn9UkmI,27,Berlin
0BMZdwn0,66,SF
P3AplMnr,62,London
DZpoY2Ta,25,NY
uOKaCp3d,32,Berlin
jo6uO3EF,68,LA
ZpZOO16v,19,SF
PJJ5MMdv,27,LA
m59jIpe8,64,Berlin
r5hd45fE,60,Berlin
PSaMnyja,64,Berlin
Bs91Nnb9,57,NY
VgDJAyVk,58,SF
bzaEDxzf,65,SF
wyCCOJUB,53,Berlin
euGPg1uE,56,LA
O1aFvC4o,58,SF
1GOPkjYW,33,London
lKAFuxDM,54,London
4NgzGCKl,25,LA
xhoDBMWn,40,Berlin
7FlNLtKk,20,LA
roj253DU,38,London
AIuMwT3C,64,NY
bpA0pKgE,25,NY
DhnXmko4,62,LA
aORwJ2GJ,49,London
ekKQAzdF,60,Berlin
9iuSYAII,40,NY
fSAle34F,42,London
Zgjm3OA9,27,London
q8VXVZk1,39,Berlin
ajysIMBH,35,LA
80O08v6K,68,Berlin
oMGMFcmD,54,LA
OO8rBTRg,42,NY
CBd2xWKG,68,Berlin
NSPPeAKE,32,SF
nGhCSzlY,29,London
cLu7CFmZ,53,NY
0bzzuNqb,53,NY
APDe20ZN,63,London
YgHTGrzf,45,London
cHa5snHQ,68,SF
1AiLtJfI,24,LA
Sr5lZQ38,65,SF
0pB7j2yk,31,SF
sfh3deoR,54,NY
tuemfIew,67,London
AtV35eTC,18,NY
hTN5nLwq,58,London
MnLk1hCy,46,SF
9tfrnOQz,28,SF
YCRF7qYp,23,SF
mJxkXAxO,34,Berlin
OuJY2GmS,65,NY
VLPomIEY,57,London
fwIITwnh,65,London
C4NYqlji,49,LA
hD9KB3TI,28,NY
dnImhsuN,58,SF
YbxGMy1J,43,LA
6trOgDP1,56,London
vyAAQLyv,23,SF
1Sojcbdr,66,SF
NtuEvLut,18,SF
bDzACXCb,29,Berlin
mHAu5rcM,66,SF
TS0AOCLt,55,London
YbWW1QtI,32,SF
x64VQEle,27,SF
MYx7aV0p,33,NY
Yonc8MQo,40,LA
1MbOBJZg,60,SF
B2vhYanm,34,Berlin
qJWQVYPn,22,NY
4dMIpQK4,20,LA
gzedixVd,59,London
kIk8t9Gk,44,LA
wsnI5enK,27,LA
rLzL7bWN,26,NY
s49Ge1FK,20,London
cDPim02z,52,NY
1vW4F2bZ,54,NY
fwUqMpZS,20,Berlin
lUGmB8Bq,22,SF
WSVq0khF,19,NY
68X0emg5,54,LA
wQxWnUpx,57,London
MhnU7DWf,48,SF
YPfvyvGA,18,NY
yidgY2UQ,20,Berlin
txz8yGiU,55,SF
SK25x33P,59,SF
JGbmHdII,51,London
xhwifavZ,65,London
TKtz98jP,26,London
KsnCRNwJ,51,London
KMavERfU,34,NY
bfoa1lUR,27,LA
NU6DGaTR,26,LA
S8nxtipg,24,NY
lwFYVnaL,43,LA
cKiM6N8u,64,London
3tnWHdp9,27,LA
GM1qdxPT,63,NY
Srqw5cNK,29,LA
LJPDFv0W,19,LA
6cgBSvPU,53,Berlin
gSHM8xbe,68,LA
u6yBcXa6,20,SF
W2Ej3myM,48,SF
dWZWMytx,38,LA
irQCGK2V,67,NY
jXGUwiFx,19,London
UihZ58ul,60,London
fpbxfzre,47,NY
1Ia65IPM,19,LA
qAbhmiWK,58,SF
TeltDM4S,40,LA
QEH073g7,19,LA
i1ecUiZd,60,NY
N08kLkYI,20,LA
Hq7i1yWj,18,NY
PH2fUzk4,18,SF
zyYTXkn7,30,LA
xDHz0LW5,44,Berlin
YZSb27km,26,SF
5fZeA2Ml,34,London
rNyiOpBv,44,NY
kIc5DM8i,69,Berlin
zEQSjylQ,65,SF
Z216n36X,47,Berlin
vtC6E70Y,30,SF
eHrRkdZs,56,NY
jxQbBu4u,57,LA
eOzxDosh,57,SF
Xe1NlV5L,37,NY
xOhzQgfV,26,London
fNeQpx5e,57,SF
jspPDV4L,62,SF
JgHHl8g2,20,LA
CyKFVsmS,51,London
lQodl2N2,65,NY
bwdmNaQj,26,NY
nTog5Hd9,55,Berlin
3cwcyjol,66,Berlin
YVaT2XQl,45,Berlin
3EHUNHYk,57,LA
V81YnWCZ,57,NY
P6k6KCJl,35,LA
yFEKA4MO,53,London
fFWDVQDV,26,LA
BIw13v2P,60,LA
5abcWrxF,34,SF
i2KK4y4Z,69,Berlin
cv5vzVg1,30,LA
lXNhditV,24,SF
11kDKdAO,45,SF
3r3UMg8k,18,NY
xFzUgXsF,22,London
gFnqLrqr,58,Berlin
EK5p5Dml,29,London
u6SaluzH,51,Berlin
UVPvTnwf,41,Berlin
QRIR0how,40,London
DMwVylas,37,SF
3YEiVQ83,47,SF
1Dt3klMY,65,NY
pgGBYj4a,34,LA
rldoze66,68,SF
RZlbKkyi,57,LA
icZ0TiEF,60,London
QL1MLsFB,56,NY
11emIWQP,23,NY
JOvESeG5,22,Berlin
KHZTOvcx,18,London
HswzxLF0,34,LA
vmNiLmTb,19,SF
c42mWKdg,61,Berlin
nfCDLD6q,21,LA
csrcA8Am,21,SF
OGq102pA,65,NY
KbirCnW7,20,Berlin
TjntXMAe,59,SF
b2VlQcHd,58,LA
giewGipl,63,LA
mPdsU0xU,27,SF
396yo9yw,55,SF
KJBBJcL1,53,LA
b5UMX7XZ,39,NY
puBeFKci,38,London
uaU4Spao,58,Berlin
pCmIXr41,22,Berlin
ZFZV0QBW,52,Berlin
t6uMP397,42,NY
lQGVvpfR,59,SF
abh5ZbZ6,54,SF
34t6b8za,40,SF
r930ha3z,33,London
VtjBITsK,28,NY
EX0McYAZ,59,NY
6PgDrUrZ,50,NY
cKKx6KNf,50,London
0MTp3fQv,40,SF
jEh87oa3,49,SF
7O6CN3rm,69,NY
D15mZuf1,42,SF
GSkrNKeq,34,LA
2kRkbhFI,52,LA
ZygQpate,32,Berlin
sWt4iSlp,31,Berlin
8iUK5Dq9,21,NY
nF3ztWPF,62,London
7Avbo7i9,38,NY
DB1zUtNK,46,SF
AH9hgJ0W,24,Berlin
DTE9PzN6,30,Berlin
zJvophEk,30,NY
eVr7otiK,58,NY
zMPQJn1U,23,SF
Y8hccvIm,23,Berlin
9mRAa4hJ,23,SF
uUGRZqUn,30,Berlin
alMWQ8wT,18,Berlin
pTOrBcWg,19,LA
0jUTZlcR,62,London
pWpwMuTH,69,Berlin
fa58Fijg,65,SF
l2FwYxCq,38,London
HXdgATTw,38,London
OjidFDRc,40,London
HJ83H9jM,45,London
fdtSBVS4,51,London
tgOO1wAy,38,Berlin
YyGhFSiR,34,London
uMKj4TRC,37,NY
d25PJwhQ,61,LA
5X2OHnEd,22,NY
kaW7JcIU,29,Berlin
xLtfbKIh,65,NY
v6vQFtIv,30,SF
eLwjgp09,32,NY
8LLkJlMc,64,NY
jr2RRN1I,26,London
Oqv1QBmI,57,LA
pamX2eOf,52,NY
fcL22VdJ,67,LA
hd0Q3nT1,65,NY
k91Kgt2l,56,Berlin
W3U5rhUL,26,LA
708eN9B5,21,LA
1tuHKCbM,18,Berlin
mJWTYIdd,34,LA
ilFSyEnx,29,London
e4pISbz3,21,Berlin
7zwfEEQ2,58,LA
ynIGCHVa,20,NY
sB2q424f,22,NY
e9E7By30,23,Berlin
lG10SZwT,67,London
9kOktvVx,68,Berlin
9SiNPaJM,22,LA
W3Lop2IG,48,SF
ayOPLewR,27,NY
DYbioltm,63,LA
zLVz61ju,39,Berlin
7thkbWFh,21,LA
rA43KhWU,24,SF
doo0Ho4K,44,LA
bMqYs7Ov,20,SF
cPBzLdFG,35,Berlin
K1qLSTRd,61,SF
e2Iob09Q,55,SF
rz1bayTN,23,Berlin
rH0ptCg2,63,London
d2xfVmzZ,30,LA
WZtsl6da,49,SF
0lLDg4Fe,62,NY
zY3GB14w,32,NY
mk08ixvv,55,London
1kB7WlOd,60,London
8Ut4ZrV7,69,NY
5gXipOLY,32,NY
WCpwpL3m,45,NY
rzYAmCSl,37,LA
dAnFYuxH,31,SF
yKKV8hyH,59,NY
S3shaySH,22,SF
2JTKlV7p,23,London
n4kPEseE,45,Berlin
NLsoBsrC,64,LA
DxEWrnEv,58,London
FTMW05gL,44,NY
NDEGUPKn,45,London
MFWw8o17,49,NY
7qzReZMv,31,LA
tGKKHOWp,22,Berlin
3yVkjnGj,45,LA
7RRCxa5L,31,SF
0q9vQI35,69,London
xn7SPTBW,64,London
T2h7xHn5,66,Berlin
j8WSzEKc,57,LA
jfCGhOVS,44,SF
mdLa62LE,40,London
VZNhXpTU,38,SF
CRblFvc7,41,NY
sZt2aldU,39,London
HF92kUEf,37,SF
DW8GKF1d,64,London
hgeBMNyC,19,LA
3thgYqTy,19,Berlin
nY4TKEPg,53,SF
0SBURWhY,53,Berlin
2nnhVv3k,48,LA
DW7JdlXl,54,Berlin
092vI3C5,27,NY
L5OBVvSO,37,SF
alMTfg2v,63,LA
VFijvSUR,65,LA
ZpPKTLJs,22,SF
Z85vv6bq,27,Berlin
LSVjQS2n,67,SF
ScRkvlYM,56,Berlin
ghqFF0bU,46,SF
wZJQOIMf,69,NY
Fd5HQjzi,61,London
ijnBCYAT,56,LA
BjX7mz7x,38,London
2ULJvaP9,65,SF
FRzNzfEb,39,LA
6teG5sBt,52,SF
Am0FtO6F,26,Berlin
NOK9T0Sf,24,NY
qPYJKQa2,36,London
bwCNwx02,42,LA
C4lqICKM,42,LA
bt1ou4Er,62,LA
tdBpPxZH,26,London
UPTwGiRM,38,SF
kn8VtgQH,23,LA
seWjKFiJ,66,NY
3CLHrcRH,34,SF
YYn37WgQ,30,LA
0rBTHjKH,34,LA
B9WSGyK7,56,NY
A79Lqj7c,35,SF
Bd233OH4,55,London
sBIFdXN1,30,NY
ePN4Rw3Q,27,London
3XQeOLz9,36,LA
JtU4gkPW,38,SF
Y9zFqsCV,22,NY
N31U0J0A,46,LA
UDYyN3oD,60,NY
SYiozClu,26,LA
vS686vip,68,NY
E5LTWYbU,53,NY
MUYv4MmZ,52,LA
U5wCb0hM,18,SF
PKQi7JCQ,24,Berlin
AkjLd2NR,61,SF
muBAYHuf,28,LA
ZT4K5Akz,48,NY
ncJk3IQ9,27,LA
YCi0j1tE,61,SF
vq2RktCS,26,London
MjIANH7F,38,NY
ePSVrlC7,54,LA
UrTHYlhl,52,LA
uxTnCdFK,44,SF
2dyEEONQ,31,Berlin
pvOzl7LO,39,LA
gShsgUKd,61,LA
kD6NugII,59,Berlin
lDOnb3tc,19,London
e7UkaBFM,55,Berlin
TFtBoqta,55,LA
jwNTQ8gl,47,NY
o0Pyb8mq,36,London
9srsz7ng,68,LA
29fdvgV2,67,London
ySnQCuwt,47,London
WRVJGaDf,62,NY
5v21Z9Co,23,London
yzlNxBOn,38,SF
HAY6Bc2F,55,SF
QjHmKuQr,23,London
rhzpLbBy,48,NY
FtwEzCY9,54,Berlin
m4OkwXox,40,LA
turVrldj,46,London
IMYmQX57,37,SF
qIM89Yv9,64,SF
vPGnvqtq,55,NY
KoPk6wVu,54,LA
60txjqPi,68,SF
D0C4wMm7,34,London
QGvkNHjS,60,NY
ajbe2HFc,18,Berlin
Fs6VcPZe,42,London
OwrhT06o,65,LA
RG1bVvCI,65,London
UHxPhu1Y,35,NY
YanJLzMG,39,Berlin
j4XFc0IY,55,LA
cIRGdMzP,20,LA
CDUQfuJE,27,LA
RlHKlWSY,36,SF
H6XEMy7o,37,Berlin
tWfWMvpe,63,SF
KyKrBzMv,44,London
dbpYWSNQ,63,Berlin
YWR5OAUH,63,NY
4OAVgxNF,19,Berlin
AUjvV3Pz,20,SF
JN3KD29L,53,London
Bz2Tvrkb,47,LA
99KAhhO4,62,NY
NhGGjNC4,50,Berlin
8SD1a1sA,30,LA
J0KMBz30,59,SF
hZVHgGeo,29,NY
rGQP84rY,44,London
fzci5rvF,49,London
QJW1ptDH,57,SF
qmhArKHn,27,Berlin
YpgVC8hp,32,London
4dV61IRP,45,SF
ZReo3FEh,30,Berlin
1VNwpyPB,42,SF
O1v0ELpa,33,Berlin
HkxfUHwj,61,LA
lipub7Gb,49,LA
VCpkyfqP,45,Berlin
zjJJtmlP,31,London
j2XjDq7Y,33,London
dPxDyPkv,49,LA
5ObEIRKW,49,NY
NI07RRJf,65,London
Hiq73WwK,50,NY
2lTluv6p,26,LA
AIqNK29g,37,LA
ySrVaA5J,55,LA
Oad9En9l,59,NY
brLEWgPE,49,LA
K9AkYx73,30,London
r1NtuJzO,66,SF
74JhO5wW,22,NY
cjal1N7x,45,Berlin
SOqd5RtF,20,Berlin
I1sZDVOf,60,Berlin
GjQJ1g4F,50,SF
QrXVm100,34,SF
fh6tDYpB,38,Berlin
alKHxKDb,52,NY
13SB0iq7,40,Berlin
gllkyQtL,26,Berlin
XiOIzvD2,49,NY
zjtWBYBM,19,SF
9WYbv7tC,56,London
MAewoH3m,40,London
Ch7t9Cov,41,NY
LG2JL3Be,31,NY
5HgpODVU,29,NY
djiKLm1I,33,Berlin
viMHlTqq,37,NY
eCPf0u8J,32,LA
dcaN6OlC,38,LA
pctclKBX,37,LA
EwdD34Bi,56,SF
w4sR3cd2,56,NY
2pMpPfgA,34,LA
Pa4Bhocs,28,London
r2tOQMMj,47,LA
FjTUiP5p,47,LA
wmwvxDbQ,43,London
UlLte7ja,47,London
Qd6iccur,28,LA
z315kDJf,57,London
jg5qMgk8,65,NY
05YzgheN,58,Berlin
5X6ABP0P,36,SF
NOUOiDuc,25,LA
77iAq9YL,26,Berlin
5Cdwfr9H,22,SF
V2JoCU7k,69,LA
FqIg2P0Y,40,Berlin
o7LbXKb6,56,SF
DTVAaXrQ,55,LA
IbkaiJNX,18,Berlin
A9eUehUE,56,Berlin
187Kz7Fi,51,NY
uSa2xQt2,20,London
lLC34osC,40,London
t93v7Sfx,20,LA
lxkvsJ0C,40,Berlin
UXvym1ha,22,Berlin
iCR6fjJ6,51,Berlin
5PLrwniL,60,NY
faL5v43Z,34,London
Pj6CvS8g,40,London
CY02zDoL,28,SF
ELcX2uVk,38,NY
Vtmu0ixK,23,NY
PfeRWM6t,55,Berlin
uDDOi27N,66,LA
hwx9LVDO,32,NY
zVJRN4kP,59,LA
sNho9rN0,49,London
ICh7w9IE,18,London
DZNDQLKy,27,Berlin
Bn1V5mIV,36,London
tPi6xIl7,50,Berlin
oSMvsGfx,44,London
RbPa8fqV,19,LA
REvdwurW,28,Berlin
bE3qzIKo,23,London
AHNqdIRC,54,LA
JkCOwX3h,69,LA
PKomGOLu,45,Berlin
ItCZItMu,27,Berlin
nBtkswyx,61,Berlin
HnmkUK43,51,SF
YY16Yk5a,45,London
02x371ab,23,NY
klvQsf2W,44,NY
2plxjem3,26,SF
Yu1ZVGlt,65,Berlin
WmMZSGC4,52,SF
plRw2YE8,60,Berlin
ZcS9vnG0,40,NY
DKnVMmHX,23,SF
mMvb4YIQ,67,LA
DhszSZ3L,56,SF
OFZWI0LR,41,SF
ESztGGaM,66,Berlin
0cIXjq7R,32,London
isKDHP95,35,LA
8imeAbhg,39,London
QH44xALA,44,Berlin
wtTcJvJu,24,Berlin
syP2s9EG,39,Berlin
PMGU62bW,25,LA
DLu9SrZo,21,SF
2h1wZGTk,45,London
EnEXS51G,50,NY
11Acwvhq,62,LA
gt8pVXeN,62,SF
VWdON9cy,24,London
xp9eQ5NY,60,Berlin
nSJO8d0R,28,London
z4dRkzsR,58,LA
fIjGtR4b,46,SF
AvcfE8fZ,58,NY
aWxsrQVv,27,London
5jLqezsG,59,SF
cKACnIAU,43,SF
qwDT3aCX,29,London
XriLlxH7,42,Berlin
dGQ3rQ2c,48,NY
XQNQiq4Y,47,LA
i7LQ3305,18,SF
mLVeVvSF,59,LA
0lZicfTU,58,SF
eDgYGEuN,54,NY
9sU8yCbi,60,Berlin
J1K6jqdU,48,Berlin
zRUQVDBM,36,LA
ww2EILCE,42,LA
NWJHf6FZ,25,London
BaRTIoQZ,30,Berlin
nwHZyvfj,46,LA
1jQS7l7e,63,NY
9qGvaBLO,29,SF
uCMEH3b2,65,Berlin
030T5KWE,56,SF
n6zjdbfW,34,London
AaaxZ8lh,24,NY
XeqvYkQA,20,Berlin
uwMeUknI,49,SF
C0SBo0iq,32,SF
UN7KkcBr,60,SF
hp4OzPgI,23,SF
vG322W8Y,22,London
JyBjrKTa,63,NY
5xGHv0Pc,38,NY
ah5qIFt4,67,SF
22gBCPMT,64,SF
IuwRHw4f,47,SF
dI8iKoFJ,66,London
fj4eu9LO,45,Berlin
az8iJQLy,64,SF
GLtkMG2Q,54,NY
qk9TE5vR,64,LA
IxGTaF0r,33,NY
p5yUjQp0,37,London
JyElHeuf,60,NY
Yuvlgj1i,38,NY
KYjtF4L3,26,LA
L08nnkCb,64,London
wO5Jh7T9,47,NY
vjUO1KIA,29,Berlin
gbCI1cbM,64,London
fcre66Vd,38,SF
X6UA9NAx,50,SF
33hYHPOp,49,NY
kzNxtPOO,41,SF
rLr04WrP,69,London
wbyBs309,27,London
38FFaCMH,35,Berlin
5zY8KtWE,32,NY
XUvtpdmz,41,NY
f9zUkyBb,21,Berlin
Xh7OQV1h,27,Berlin
Iv5204Ff,64,SF
b41cT3YH,45,London
1h5KxsOM,28,LA
oOlk7N0B,56,NY
E6zEq0tM,39,LA
ZDCu3Ymy,24,LA
agKK5OfL,57,SF
32oUiaou,23,LA
XFF3kwtJ,42,NY
iunsw4Y8,62,Berlin
W0g27OLN,18,SF
H84k0tN2,29,LA
YmxXc2WG,39,Berlin
k7pkvLHl,47,London
PwYysNtG,42,Berlin
FOjSUriH,36,SF
pqokEroe,27,NY
lCgSfFDO,22,LA
4YZ4XwOa,20,LA
IwEpTH5f,18,Berlin
tBo1KZC0,32,LA
KDwSkyXb,24,SF
hoaXNVv9,67,Berlin
Pv308XgN,18,LA
sZVWb05m,58,LA
YQzl4fiy,38,SF
ssBpAvpM,45,NY
Hh4p9g1m,60,SF
3eFCjUyf,28,SF
AEPaElU8,35,SF
uO35iUOM,64,Berlin
xXXSQgQ3,67,NY
tUcMDiBw,47,Berlin
1vbTTwFG,42,Berlin
oND7gyZC,38,Berlin
WpVzmrsQ,65,London
Gs5DB37y,48,SF
yWjuFZp7,26,LA
Ov041XvB,62,Berlin
T7D9Jg0y,24,London
WMVwS7Mj,20,SF
zkDEPFwb,65,Berlin
Fsk7rHGN,61,Berlin
WZxGO1GY,24,SF
3mmSLNw3,58,London
rLc6G05I,42,London
UiaIKLOS,46,London
RL1FQTmo,65,NY
8aVYv5xy,34,Berlin
Ot7i0kJL,56,London
GWwQwRwx,31,SF
ejNlN7Tj,19,NY
ksVwTryw,57,SF
dgLpDqMa,19,SF
7ySbij1D,37,NY
zRkRaNwV,19,Berlin
fKuxy8uQ,34,SF
xN2JQ7Ow,53,NY
0VtrirsL,47,Berlin
e4iF5KOp,64,Berlin
quIiiihu,23,LA
ryBfCxXe,21,LA
Qq7LPXQg,56,NY
EbxBOlwd,24,SF
LGCdaL84,20,London
8CBHWkNa,20,SF
r2mvH92z,53,NY
SZ9TaDT7,62,NY
FDMRYlvN,33,LA
nCVVcWbA,66,Berlin
GJbQiQY9,60,Berlin
kg05ssVg,24,London
xgsSfkKb,31,LA
EeGKPVy2,55,Berlin
Ain5ISKJ,54,Berlin
WzqkGavP,18,NY
zPJ08UbO,58,SF
mvhR2kML,45,LA
7Lc71bQD,23,Berlin
mX9ecYVD,23,London
YQfADNX5,41,Berlin
TwO5BmGy,51,LA
2c6Q438H,56,NY
dw68zk3u,51,LA
2xlqb63l,47,NY
IvMGcXYL,66,London
7B4I8j5q,37,Berlin
24o38j7f,23,SF
lExfk4ZG,20,London
JeBER8T9,35,Berlin
YhsFxXOh,48,London
QnBs57kt,48,London
xtmeHRM1,35,LA
QScV2g5y,23,London
qkUZmM87,35,SF
KJ75l1uk,48,London
7uiGZqSc,21,LA
vthPxoHR,52,SF
Q3a9fla7,46,London
RSnanJEX,58,SF
Mcrq0LKa,62,London
UDLAXRf7,53,Berlin
K9WrvG0E,34,London
iZJtt7C8,60,Berlin
DUsbo2el,37,LA
QVAPsHzc,37,Berlin
Z0ZeDgO7,50,LA
sMbBZ0j7,69,NY
xgQ60Rqt,57,Berlin
GLAXM1b3,68,LA
HcgMmbPP,35,Berlin
RqGgasE3,64,London
OPNUbebw,19,Berlin
nEIDbZfr,22,LA
oBYMNraF,66,SF
nCDFRNBy,23,NY
tFmlbByD,59,SF
Klfd385x,44,LA
zETq6cEV,41,SF
WjeiMaho,22,NY
SqftsZh9,40,Berlin
DQihEpvv,37,Berlin
7LGL7wnf,68,NY
jXJHwutr,44,London
L3WZWRqV,59,SF
8aiixsjr,54,SF
eMkHfnQ4,27,NY
M46jo5Lj,18,SF
ata1B92c,30,SF
uKWhyb6B,53,London
LK9xc3R7,21,SF
bUoa8fls,42,SF
kTSXnT5v,33,NY
kPoxaQqo,56,SF
Mq8mpIqb,45,SF
qarSK8tL,55,SF
V6AsFRgT,31,Berlin
8ulFCgnY,56,LA
4HGhb9Kn,18,NY
4KVgtZS1,42,NY
jsSDNDFu,42,London
tkXIBs4z,22,Berlin
y3FQNBiF,36,London
cGJmOopc,50,SF
OHlkiQwA,26,LA
nF1WWQsM,27,Berlin
qe9E8e7g,52,SF
u9MjkXVW,52,London
ghOsxYMY,26,NY
2ygzypvP,66,NY
K7urrpKJ,67,LA
4pNpjkt7,27,NY
85LyzeGR,28,LA
myVgYNG1,66,NY
EBlsoTGs,51,NY
gCWhPdKx,60,NY
mYkfqCDc,67,SF
b9hce2V6,39,NY
5ht5bHlt,20,Berlin
AqfDX4fg,19,London
splhtYdo,29,LA
PDJy9P7X,47,NY
wHNn7UoJ,44,LA
BOZgGHEY,33,LA
nBvMAbK5,61,Berlin
1mRm0o0Q,56,Berlin
6E7k2iA1,45,LA
cmVIWl6h,55,LA
WPZhmf84,65,London
N0XXjrv0,69,Berlin
y41PofaX,62,London
g0Vf2HbT,31,London
JimCS9sJ,33,London
kgDXCqUB,55,London
iIqCGvEs,67,Berlin
vpMbIiow,30,London
Da2zJo1D,56,Berlin
OxKcHjxj,48,SF
To73nazy,69,NY
FIUUE83A,33,LA
3kh2J6ax,40,LA
wY3AInsl,44,LA
TgiYGdpA,43,London
uQO7LVvC,41,Berlin
vU4W6EUS,49,London
tMT4uazE,33,Berlin
ThII7X7T,43,London
Lre8WwjL,39,Berlin
K1NxI5hM,51,SF
uTY79AsG,62,Berlin
tktWzDnW,37,London
nX39LFCv,45,Berlin
R5hC5Xvn,38,LA
naLRHduQ,62,NY
ez4evjys,26,SF
DNESHUll,42,LA
zHI8C1Gx,25,LA
JgpAOL7P,34,London
A01J0Vot,66,Berlin
igi4VKAG,69,SF
ZprgEdrb,46,London
BogzAq7D,42,LA
Z30oJuK7,29,Berlin
ZyNd0WoE,43,SF
kHDCll5T,64,NY
xo0tDzIc,25,SF
lYMPHvRg,61,NY
wsLy64Vh,29,London
Gkaz6uXl,37,NY
qZBng9PQ,57,NY
3XpY9RfD,60,Berlin
7FrAaED5,29,NY
NBkqkoxA,18,SF
V2OzCZlm,54,London
fG0mQmU7,46,NY
5583WtlV,35,Berlin
PToauaS4,41,Berlin
sgtpfRfI,18,London
RGYwYsB0,60,SF
pWAXQtXS,25,London
UvrIJJNH,55,London
8BGrbIfb,63,NY
UD4IRLcT,21,LA
ny1o5FXA,22,LA
x4MRbKZ0,50,LA
sLUDxcal,67,SF
ZvgzugIS,36,LA
aVAwjzCq,48,London
KIqZ9FV5,21,SF
uDid8wih,34,LA
sqg0LX9G,20,London
DqiAB0dH,40,NY
kluCY03t,36,LA
vDTxYHrs,24,SF
bIW6DdQv,30,SF
5RSaczm1,38,NY
1Bk20Sxm,59,London
3qwtxTBH,20,London
mimWisXh,52,Berlin
Zcs8O3mg,52,SF
Okrh6gS7,37,Berlin
MjGp10HA,63,SF
eqrPZLpe,64,Berlin
LtiPY7Of,39,LA
OrFNvIOm,46,NY
89HcjGeW,58,LA
fcIFKSfB,50,London
I0qQjKnM,55,NY
t3cXoezZ,34,London
3CzarHC1,46,LA
vvSW5Vk7,64,NY
x8gs3lfi,30,LA
vHXTLNcD,32,NY
lQV3xAah,56,London
4yYJ12il,19,SF
uiwWrScv,48,SF
Gr7Ud6Am,24,Berlin
ox5PMSd9,58,Berlin
DGvjoyjM,19,Berlin
ytgaS03j,56,LA
K37j0iK6,61,Berlin
aE2VKaIQ,43,Berlin
CQattztN,36,SF
HNEkhasR,59,Berlin
vnw8YGFk,65,NY
F5Qj9i4z,63,NY
0OqCExav,43,LA
GyhqfQAh,64,NY
P3xiCSf8,58,London
LUwoov9a,21,Berlin
gdhkTLuO,42,NY
YZQ8LxhU,52,SF
4AbJD44x,55,London
fhqQuZFa,55,NY
3pNXQniJ,43,LA
biwkGbPM,69,SF
HLryYKiD,69,SF
TCMRBEJj,49,SF
oC04oQXa,38,SF
vudNo60U,37,Berlin
Vy6KqCOy,48,LA
7YngFm24,61,SF
uid8fLcv,26,London
6Yl8vaGB,46,LA
IgRIbXND,25,SF
fwJMAZKe,69,London
mDx8Cvqc,68,London
O4j7TAEt,64,Berlin
WpGBAWx1,66,NY
VUEk5Zgw,29,NY
WoYODG6S,69,Berlin
q0n17HrF,24,SF
G9icjB3l,65,Berlin
7zC9368j,38,LA
U1TxcYTU,43,Berlin
r98sKEmr,33,Berlin
DBdLZdj6,60,NY
siyBTeP5,27,SF
43s4cECu,36,LA
7awBnSR3,28,LA
Tn1TyxiC,29,London
SJdpWKv2,51,London
O8KCDKcs,52,London
xS84RKVX,52,SF
X7ADpaNY,44,London
7VUVeLLf,30,Berlin
zypTEBzz,51,London
2JQ2lz1W,35,LA
nu3WHPmO,46,Berlin
08nONt4s,36,Berlin
Gi6PJhZd,48,LA
mqpPvzpa,54,LA
pv7nzttm,55,SF
MINfaCDK,24,SF
fh6yckRZ,65,London
GYULeM0I,43,Berlin
4BoiGH8e,57,NY
dqKl8PC7,63,SF
Fi8wdz2r,37,SF
ORBy0kdG,59,London
lTmhnDMr,23,SF
TMRntoL2,19,Berlin
FehvSTqY,68,Berlin
iJbSWzDj,30,SF
YR6tc3xB,42,NY
GeDVDEmh,67,LA
ALV5sSpm,32,LA
KIjPuAEH,20,Berlin
QnphgNAc,55,LA
lEtjLklM,69,Berlin
hvjghAV8,29,LA
8imH9ZgG,59,LA
SZskNcWM,32,LA
VXOLthjD,64,LA
qAngNhKp,34,LA
kL3bw6Hm,35,NY
oL4jHeyT,55,London
oPIu39vn,67,London
LglQuC2R,40,NY
fkJnxhR9,53,LA
tkO4qspm,58,NY
6HEtUBP3,20,LA
ZvcnHywa,34,Berlin
WLu9XnRK,40,LA
Zi8lor3F,59,LA
Z08UUNZu,35,Berlin
vwCYLR5d,33,NY
rI6uiDVH,42,LA
se9Aq33p,35,NY
BvO6r2GK,33,NY
nC4jGT4I,62,NY
fYQO2kJa,59,NY
84b9pEr8,21,NY
wMKgCBa4,32,SF
MnZIfgmE,34,Berlin
qxCJoS0e,28,NY
yx46Lmrw,66,Berlin
pX9M1Xpo,48,SF
pUbG1fFs,42,LA
McUsuaAw,39,LA
dv09jgBN,38,NY
2nAH5EzG,32,LA
5rpkWtNy,55,Berlin
zBEdg2yk,32,Berlin
DlNyDrqB,65,Berlin
Hwcvwod8,60,SF
bVXXVIlb,34,SF
uVwh2QSV,44,LA
op0nwhGb,20,LA
DNQ4hZoH,45,NY
zMzkwc0K,62,LA
L9WQwXMx,61,LA
PZeBFPIs,38,London
z9JhAQPN,43,SF
Si8ljkjk,35,Berlin
lS40B2TQ,67,NY
041IwjLY,56,Berlin
jeiU3lxt,44,Berlin
sjxUuW7m,52,Berlin
6BGoYHrf,22,NY
wuQop1UF,21,Berlin
voXEg9ux,37,SF
PKfVgtOq,21,London
5SztF2By,61,SF
vVQXP87R,28,SF
r8sn8Lj2,47,SF
yld3U3vU,68,NY
D5LiKmG8,34,SF
kpWHfnFm,68,Berlin
PUYyG03I,20,SF
0gJtynS8,28,LA
ssjPEQsF,55,London
QQyHWb6s,45,Berlin
AWey4InP,50,NY
ZJKBKdfd,59,LA
ZwYZUaYV,24,Berlin
mmKFCxju,49,LA
XWBIq2md,63,London
69JmZ9b0,58,Berlin
kfgEla8t,62,LA
pvqJBUjT,38,Berlin
0mQMOpvM,54,LA
sfvjrAv4,27,NY
pwCkNJEp,60,London
SfgG07BM,55,Berlin
OSDCm4FF,55,SF
Gg5lLJmV,30,Berlin
rIK5ep2f,46,SF
hmAEzHUA,67,London
lyXsE0mI,40,London
h9vEqLCv,51,SF
69HzFM3G,50,Berlin
y27AZZyw,49,LA
K6cEq8zw,18,SF
sAQdV8TJ,23,London
TBzNf0sm,45,LA
NRNV5iX9,33,Berlin
DP6QBbwM,63,SF
ZuDvYxxm,69,Berlin
FeYbwMJy,32,SF
MOT9iTZt,52,SF
6ZQ6pTem,40,SF
1akWFBzS,53,SF
hO00lNnc,36,LA
yKf4Es1y,58,NY
VOlHtMPP,65,SF
u06HZnHP,48,NY
ShCIc84M,36,LA
fUvKH5dA,52,SF
VPCxKWPD,33,London
k8bZh7mU,42,LA
hRbtNXCZ,40,SF
oQiBzRqY,50,NY
ZtWUDjag,42,NY
YlE2NnRV,50,LA
JTn6zcgj,65,London
QCBrbXNx,68,Berlin
fv7syqIM,48,NY
Piv9L2cU,24,Berlin
XgEvGVaY,40,Berlin
9vCM6Cj3,55,LA
WyEVfSAu,39,London
UX12MttI,47,NY
wAbe4qi7,28,Berlin
5SOKhey7,43,Berlin
bUrBHd0i,28,LA
VRTNwNJD,41,NY
PGyjTvr6,31,SF
rEGAbU06,28,SF
KXslsBLL,27,London
bY9tTl5V,69,London
zQzKpmZ5,20,NY
ATxksNU5,56,Berlin
qrEgpUCZ,45,NY
qO9SxNvc,48,Berlin
0z8ca2NS,58,London
EvGl6Wik,26,LA
lq3MkatV,19,NY
s75GsTnd,51,SF
lKXAYy49,19,Berlin
gjR2znSE,27,London
7dVRmBjo,69,Berlin
zTS420E0,33,SF
lzu4UgQb,60,NY
544RX1V7,62,Berlin
OPbUljmE,58,SF
WjpYxtgg,23,SF
IKtv23dR,63,NY
X7cMH7Ed,31,SF
mCslPthe,68,London
lD2DTZzQ,45,LA
fxEApSQs,30,London
Vj1MxWY1,54,Berlin
QnfVL48a,40,LA
gvaQCiZj,64,Berlin
Fyk7pe4X,55,NY
X5Kvdgky,68,Berlin
LNhtbQf0,62,Berlin
v8kWYDQU,67,Berlin
BzNMYwgH,18,SF
va6YCbD8,21,Berlin
QubNfqSH,50,LA
mu8ZU959,39,Berlin
w5wSuKCp,41,LA
6jz2nFIk,41,LA
AxVZ9NTC,51,Berlin
7wRcxIPb,42,SF
M15uVGHq,18,SF
qQjM9tVs,20,LA
ZYYT62eR,24,SF
WLfVSt3S,68,Berlin
mf1bOoee,35,London
UKKfJw9D,51,London
ndgDXWPj,19,NY
eLMHJ00D,38,London
D8sjV78x,66,NY
jsdyx4Uf,24,NY
HuvomVbF,45,London
1alHH0ii,49,LA
jVlLWXlh,27,London
QLKHyXq5,47,London
ZbyFPZwR,37,Berlin
xjVzdVIf,67,NY
6SuwRaTQ,49,London
BJMTFIwO,18,London
z6ztZBJe,24,NY
xlm064o9,47,Berlin
h7My5pO6,49,London
gftZnKhJ,54,NY
LZXiA9dh,26,SF
ATPYBKdO,47,Berlin
aq8NVtvL,22,NY
NSb4WhBb,33,Berlin
QGlZ9zFw,64,SF
fUEEgJSc,54,SF
CiKryzt9,68,Berlin
GwvyYFaM,49,Berlin
QYM258uJ,40,LA
Ih3Bcw1N,56,SF
1ZRslmMF,61,Berlin
j1YA63yt,29,NY
nUwKY9vd,44,Berlin
egULDcp6,50,London
4al8qyoL,52,Berlin
a2dC7ZRM,56,Berlin
6kEYUV0C,55,London
X40A8cXN,20,Berlin
VzeJm6Cn,68,Berlin
yrkfaIVa,68,LA
BmNMcbMt,22,LA
qfD3mDWZ,53,London
9KyGfw3W,54,London
2jtRNohI,55,London
3amdxker,57,LA
K4tcP2Es,67,SF
wYGjcg2U,26,London
DBqKaNR3,41,NY
2VLeav3G,44,Berlin
Nt6CW2iD,40,SF
xe37TAa0,49,Berlin
U7pQZvOK,24,Berlin
klefqpe6,47,London
ixRZQOai,51,SF
ogFXiJKo,24,NY
VOFq9noA,18,Berlin
BdY5ySNj,31,SF
rS0iLjG8,39,SF
bw4Kqtfq,53,NY
C9i9YQQF,52,SF
4wopVhoA,67,Berlin
4jFb8n0e,24,NY
rbFDSSRU,26,NY
m3VsehO9,43,LA
Tjmfrpi5,35,SF
Kt0vbWTP,69,London
KknxYexg,56,NY
4vXvy98g,39,SF
oorNjcER,52,NY
Vl1AcFE3,54,NY
fpHtjP4E,60,London
DEnFDWx3,20,NY
YeWWxOE5,47,NY
MWTbQwH0,27,NY
qJIQ5xYJ,22,Berlin
4b0GGgh2,62,LA
TqzWr4Hz,45,Berlin
2MXRIa1F,58,SF
0RM4dZLi,38,NY
OOWpGCMl,36,NY
TZm0cG71,55,London
EntlAjlM,37,LA
Cr0cunCG,40,LA
o0dxObaV,27,London
zt6kc3W1,61,London
JcJR88xF,44,Berlin
cqmLVxPk,43,LA
5CgKWzHx,47,London
vJ7ZEoiI,52,London
cZXXSc6K,54,LA
QVSLRJPl,24,NY
alb3fJMe,45,NY
8kzmaZxU,46,NY
hmB3i3UO,51,SF
eDvowzzC,44,SF
Gu45Fe46,57,SF
2i5VsLYt,35,LA
uDyQ2s0K,28,SF
7cvWFx9d,62,NY
YjGTfiEd,68,NY
7DImvqDn,42,LA
dWLr0U9N,68,NY
UWENrUcC,46,SF
FR72pB4G,61,London
PcBM1i40,68,SF
cFQFQS3d,59,London
n6PYievX,24,SF
wiCw4QrF,66,SF
d8DA5ccc,21,Berlin
QkqXWKKu,65,Berlin
ear0Uzcm,41,LA
1OeVhNfe,48,London
AKvlY1Kl,60,Berlin
5oidRzqd,19,SF
SdKnYdVi,31,Berlin
jwjteW8T,41,London
WHgpZgS5,33,London
nIN3OKhY,35,NY
RIrDLy8e,54,NY
lgvbTrx1,63,SF
BsNfX7oc,52,London
ZIDTFnyA,35,NY
qjNMXQWE,27,Berlin
pcGJwFh7,62,London
WbfSsu9o,49,London
RRNBpz3o,62,Berlin
N4gRWafa,47,Berlin
5cGn2BuJ,19,London
u61rkXY2,18,Berlin
MbIF5P30,19,LA
IOxHjfsk,68,NY
PO8Sg1Zo,21,London
b3tSuOZF,38,SF
shL9cVjs,46,London
Omch9Vvv,33,NY
r9bqS7ao,21,SF
XrrPkOur,34,NY
C23YbLHZ,22,SF
6E4867Kq,22,London
XRXRutpJ,48,NY
aLqtel5U,65,LA
gHKsUkEG,21,Berlin
GRpNYmx7,42,London
OecxBFXa,20,Berlin
0Jhni7zT,43,NY
50PBVOUe,57,London
PdKfwa0Y,61,SF
YLNQrZIt,58,SF
0hJK04bB,43,LA
SaxkwJpB,18,Berlin
iwDCiB7n,29,SF
G3Vfubub,46,LA
kiqjZb7t,55,LA
89mHXIkB,42,SF
CsialCsk,18,Berlin
LHsyQfXw,19,SF
QOMRI4Uh,22,NY
wP63JePr,64,London
eDS7u8GX,25,NY
QU0Zfd7O,60,Berlin
pLKyh02T,22,LA
45i3laO8,33,London
DbITMmKP,49,LA
ZaXMoLWJ,35,Berlin
PFDClNKq,40,London
Att91EDa,56,LA
9fn9RI1O,27,Berlin
7o5u19Bp,24,London
GgEyXOX2,46,Berlin
vIzo0U3P,55,London
Tc6xF67M,43,LA
J8vFBrLg,46,LA
U6DPgQqX,68,SF
7vG8leeI,33,LA
7iWQcMrd,18,NY
dtxLXrdp,49,SF
sMZ72Nlx,60,NY
IfHgC8pY,53,NY
CtnkG8O5,31,Berlin
WyONO3sq,54,NY
nm2mQhQd,47,London
GOruqr2y,53,Berlin
GQpB0L6F,48,SF
dd2dIYZE,67,Berlin
LSKf5Ecz,29,London
SZUWLrPy,69,London
L023jzNe,21,NY
M2003ZvC,30,SF
4bLvcka0,49,LA
fBGkMZuA,41,London
jxVmEfWJ,67,London
hNjRTg7S,38,LA
mh3IKuz3,61,SF
AuEGzUiz,55,SF
cbpglGo5,39,Berlin
AxB6rXcZ,29,London
dBbY4Gho,45,Berlin
5XXgEofq,20,LA
Iv92MLgd,38,LA
IMQK8ncU,53,SF
Uwpw5GMq,51,SF
eGqqib2h,50,SF
2xL5HOgp,32,Berlin
OnK78d2V,20,NY
NarB23Rd,63,Berlin
8zMVANS6,31,NY
H5MqYqWM,62,NY
seVMYdIU,20,London
FS6GT4nI,54,LA
ohfeX1Wn,22,LA
yttsILah,32,NY
JlCvUOhD,23,NY
Yqt8p98G,50,LA
t1d3VjkF,37,London
IMdeJUIX,33,Berlin
wnrIXSBT,68,Berlin
xdpTf3pL,22,NY
mqi0ylje,60,NY
KVYRyz6c,63,Berlin
m5u4CXSg,30,SF
7cDMbfS6,30,LA
0dVhA6qc,56,NY
ohiEbeZx,35,Berlin
Iikbcq1O,25,LA
61z6fJk9,35,SF
EW75u3S9,43,SF
E4RtOfWA,58,NY
5CZMGqGH,38,London
kzB3G9nc,31,LA
4mqZpaJC,61,NY
RWT981pc,57,Berlin
nppvnxg2,20,LA
3ypLdlba,65,SF
JA7erIPu,23,Berlin
bzJlTnQZ,46,NY
RxbuiXli,21,NY
Awmx1Cr1,20,NY
2I3OrXKR,35,SF
yXVd2njH,61,Berlin
QgoyETCV,19,SF
wnriS0Yv,30,Berlin
GUM4gDLh,27,LA
PadRP6N7,68,Berlin
ladeFNo5,34,Berlin
dbImmd8O,55,London
jzTalIxg,60,Berlin
sbPem8mI,62,SF
VJzUlJ3Z,41,London
4zT4xJUM,23,London
4dEqqJ6V,66,London
X6j8iaC0,53,NY
Nh6snTS7,41,SF
QDM71X2d,63,London
knJPM2Ix,67,Berlin
0i5F4t7E,29,NY
K6lRrltQ,29,London
A9bOIHVl,50,Berlin
bW5PRuda,39,NY
dDWStq3N,25,NY
YQopQYZV,67,London
Az4eFGpe,44,SF
n6S8y3X7,58,NY
924kduJs,27,London
h5swTUFO,65,SF
DZLDb1rX,25,NY
CpT5BO4m,28,SF
HkorFG74,66,NY
qxeMmPoY,45,SF
nC5UqvDQ,69,LA
F4PHcLnP,39,NY
H8X1dLfC,38,NY
l0jBpndW,21,LA
VR2YLchM,28,Berlin
lV9ZZLIh,31,Berlin
kCYG1gEY,42,SF
jy3LyaOf,29,Berlin
x4CCmlKG,39,LA
TngcpVQM,59,LA
GVUfBq4d,59,Berlin
L0xqCktE,62,SF
NlS4X0gL,60,NY
RQuKY5XH,23,London
IQrEAySI,37,LA
nLcJuj8S,34,London
wmUoppL4,50,NY
qEVynm6D,32,Berlin
CVQ26p3P,61,SF
Tz4x3BDd,29,London
z89RHueI,18,Berlin
fOQsjGDu,53,Berlin
pchZeV5D,52,NY
A67YWvT6,41,London
NPqhtLRe,55,Berlin
dr35fMMH,63,NY
Vc10qbbB,19,SF
uF25ee4Q,18,Berlin
2wsGRNgJ,26,Berlin
0OVzhC0b,32,Berlin
t0V5OKH0,54,Berlin
Tlga8YjW,67,Berlin
C7ypTy96,39,LA
X6Knndjw,43,NY
ufVk0aGg,22,SF
oLjGvyJ2,27,LA
7meG0m3E,28,London
R5XGe3RH,28,London
mbexYANR,39,NY
znZ3ts7w,59,NY
ttgeRqg6,55,SF
tZ5F6Bpm,58,NY
So55MC45,22,SF
dtD6V4u9,65,NY
UZfTH5aF,26,London
EfPWXyGX,40,LA
mDvFoimd,58,NY
32XJlQA6,69,London
sQD2hAm3,58,LA
Fr1mvs3c,66,London
1eoFInsx,61,NY
FdvDHyBd,19,Berlin
qBATL4FQ,35,SF
ZKXOZpne,30,Berlin
q1GMKA28,55,London
EERlUely,20,SF
tgNMYvK3,37,NY
cwTe9VfP,35,London
7GatG9m1,45,London
eTgfw3mL,23,London
W95Nm86C,20,Berlin
uyzBdIYZ,69,SF
UecNcKrJ,51,NY
MRFEUi9y,64,NY
f3yfk4GY,49,Berlin
q2RHktET,64,London
9ghL3L6b,29,LA
2MksuWHe,21,London
jBEeh274,25,NY
wwLJG5mK,65,Berlin
TuoCP1Uo,65,SF
rAVoi3wh,44,NY
T1jzYoO9,52,London
tkjzzvnd,54,SF
ZXHj0Agr,66,Berlin
crrqke0e,69,NY
63BRUWRW,38,NY
BxfMa4DS,39,LA
p5xaLeRg,38,Berlin
HMSso6oj,65,LA
COiOg6Zs,22,London
HSsbTtAu,19,London
5pCFkF9l,54,Berlin
qkAN1hUp,50,Berlin
64AuCb4s,66,Berlin
NgDv54lw,54,Berlin
b3UmIE34,60,SF
Znnn8VdS,22,Berlin
FGuxEfwO,39,LA
zFuVoj9l,46,Berlin
EUgIZc38,36,Berlin
K8gYl4kT,52,NY
CjvJwuTo,58,London
qkrEamIY,50,SF
QEskwodN,33,Berlin
BRKQpSah,38,LA
LWp93XFQ,42,Berlin
alHObw36,31,Berlin
MpLOHFHC,58,NY
PublTdq1,62,SF
qBokr7JV,37,Berlin
kpmxT1rh,23,SF
XuWgBPTK,66,NY
pYpOIbno,34,London
qSNb5khQ,20,London
5xLKCjyW,64,Berlin
GxcJKHty,46,Berlin
UKYBQBbi,20,London
9Lltaiou,26,SF
utdEUSrP,21,London
kpLtQeyU,18,London
YOqbsaYa,39,LA
zswyvyje,55,London
LcJTMh17,22,London
YChMVErp,65,SF
b8hQYhpV,45,NY
ZKYJwDx8,22,NY
BKWXLmVH,45,SF
HyxkOBZc,61,NY
SQacjP47,66,London
7OAKOMRI,56,LA
AIDxJV02,63,Berlin
WlAPEf5T,63,SF
rxIbtC7B,56,SF
wWS6z7RV,67,SF
FLOBKOCH,36,London
XMz8FjGa,43,Berlin
xQsig1S2,58,SF
APyKDC7E,37,Berlin
EJPUaYCV,30,Berlin
FrKODIV4,28,LA
on9pN2Ay,47,NY
H7nDw2dn,25,SF
Neivhc8x,38,London
csiuj9iJ,31,SF
FFN8HNt0,56,NY
9luOFIIb,31,Berlin
Nsn4S1SW,20,LA
lb6esDTn,24,Berlin
yLzyG2uJ,60,NY
1x38EekJ,18,LA
sAIoDlrG,48,SF
WO36X7wY,33,SF
VIX9jw1F,28,NY
sIhOzm0t,19,London
APjjOzvS,69,LA
dBVHHqgp,35,LA
xrD2WhxV,27,SF
tXiVc65U,19,SF
oeuscCJv,19,London
UdxKUs8F,58,NY
nqTeriVr,68,NY
i7gZ3xzg,49,NY
8GXB46Af,56,LA
g0JgYjiV,47,London
ZzeqAcPJ,67,LA
MSCYUCZK,38,SF
TpQRN5SO,43,Berlin
nFQHTzwq,30,SF
z345r8x6,49,SF
2nQE1VBN,33,London
AZDvO1EH,50,SF
AFwgs2S6,20,Berlin
SUAcDofw,32,SF
YtyfPpqX,38,London
MyXb1GBd,52,SF
gfjGlMyX,69,SF
Rfhy0qxB,65,LA
0MR2gA2Q,41,NY
XYrp2pUk,40,SF
J3e0TQMa,27,NY
oLRr6kTa,50,LA
Vp64jVC3,59,SF
qnU6WrG8,43,Berlin
AxE3NOBG,68,SF
d12VWqUd,29,LA
tBKaz47c,60,LA
nM2oFYWT,50,SF
mFwINcPd,66,London
UICp8oeG,61,Berlin
8uAVEZ8D,67,LA
aVmR03bd,52,Berlin
EZLqEmOy,48,London
0HlT279A,53,NY
278CTQmb,35,LA
zFLCTd19,44,Berlin
3x9Ew9tX,33,London
4uw29bSG,31,London
mC5VVvvX,66,Berlin
CHbu1lH7,55,LA
csQYSPvk,55,LA
W977YeHl,56,NY
UAd2qWF2,41,LA
fABLEuGi,32,SF
uiMsS1lr,31,London
xUFLsUio,58,SF
1sBJFL2E,67,Berlin
fsA2Luw0,33,NY
Oru306Hv,61,SF
pAOMnEod,54,LA
AXwihmAE,32,NY
8zCrhFMW,60,SF
aMRG0JgV,69,NY
NrIpX8MN,31,LA
BxBUnfw0,41,SF
RRZ1CTfB,21,London
M3rPBYpf,63,London
d3bwk4in,52,NY
B3554ULJ,53,London
4SimkbrV,66,SF
pFOVgJhD,46,London
JymUuFTM,59,LA
X1FDdC4d,48,LA
cyabImVy,18,London
enqQvK2s,60,LA
ac1tvYGB,44,NY
g58kU6aV,67,NY
Nz4QsmC2,64,London
J3M3ixKA,39,NY
eITb4nWc,53,SF
uM86xqbz,27,LA
RUN6fZBb,47,Berlin
osLDRjxx,20,London
Q9uQ8DUf,50,NY
6HppxTvL,27,SF
lJ7hJaCU,23,London
KNfdEJnf,61,LA
H138c6PC,24,LA
alSOClDL,41,Berlin
GmPFClOe,38,NY
NgUrRw85,36,LA
jvoKpHJv,36,Berlin
z3WtJCjz,54,SF
7SdW4GWo,57,SF
hXQ2np1s,49,LA
Li1983ZC,59,London
08CMQoao,27,LA
4IRTlMmv,28,NY
LNXsRvVm,59,LA
1Efory17,36,LA
O0VmVkCY,49,LA
o2yxqjQB,46,NY
A8rI5qe7,63,Berlin
CKnVYWM3,58,NY
YwqJrMNT,19,SF
x5AiTs7z,68,London
Ug0M6FJd,65,London
FLwqRpEe,26,NY
3F59L2DI,28,SF
coaZDkFL,64,London
pQqzDypx,31,LA
dYfCInKr,37,London
uuZQlNyq,31,LA
K4gLNQ5n,44,London
2rXLYYoR,60,LA
9KiRmMJf,22,SF
o145aTXC,29,London
52A72EvC,67,NY
sxoay4rU,43,LA
dWp5W6i1,30,LA
VXlyp4Jh,21,SF
wK3oYxuh,49,LA
NGOavxzP,60,NY
7zwNItfs,58,SF
1VYkaB2u,27,Berlin
lF91oNuJ,49,Berlin
PvLvwd5Y,23,LA
AfZUG49V,55,SF
VBjtwYSF,37,NY
vgzRYBZz,55,SF
7r8dII1t,64,Berlin
8ru9LfIa,67,NY
WOOXf153,22,NY
Yxnm6sHV,43,LA
w6twi3CZ,22,Berlin
bCvRmoc2,18,SF
gdgIcoaT,20,LA
LEbZu8Xf,36,London
rJrnGHrR,39,SF
DjP82Aci,33,NY
2JtRt1Et,37,NY
gHNGORrh,53,London
HLT9zxeu,55,SF
gTxSTWbR,68,Berlin
l5c9u8YZ,55,SF
u22UuKao,47,London
sP72qsbn,20,NY
EaNroXHu,33,SF
eEXVc0qv,18,London
oF9n7TJR,55,NY
zZ8fj2vw,48,London
mB1W2yxL,26,SF
uFqGsksQ,58,LA
pOsVztlk,59,SF
DdDt05Zz,35,LA
gE9Jk5W6,63,NY
pzQmP4PL,55,LA
XLrNMyL0,55,SF
G1t4c9hs,31,London
vJrbHuin,40,SF
xALuQ9rT,64,Berlin
JELPHK1k,42,NY
aUgGnPoe,69,SF
fehlCK1v,53,London
QacQRo2M,34,Berlin
edNpxvWI,24,London
HT1zUig8,59,London
u5mO2SAH,43,London
lAv5QlOc,49,London
4WUI6s8M,62,SF
FqrNgiqX,20,NY
ECPPZ7DM,46,Berlin
zUvVZJKe,50,LA
Jh837Lkz,25,London
Y3OYRFW8,21,Berlin
mOShBzEN,34,SF
VLMD3NLH,67,Berlin
PmYgUZ0a,57,SF
KSkAbmMI,35,Berlin
Gg6ozUeh,43,LA
PKtKQfuY,35,Berlin
caoEPJGo,68,SF
i2XC8Sz1,36,London
n5azmvqa,68,London
JcN9mtMl,64,SF
U0v3A5kY,20,NY
95139cmu,18,NY
AHKVQLoF,22,LA
aa8JRxB1,40,SF
mj68Pr0D,41,London
a11TjqAY,38,LA
F1H1aZ63,44,London
t32elXtm,65,LA
4EaLY0Es,30,LA
EY5oFZfT,45,SF
TwMeHHB8,61,NY
kZlWf1ip,29,LA
cwFAnA1x,31,Berlin
cnY8MHfy,35,SF
9Mcav1ia,50,NY
QRUbRwp6,37,SF
dg1pYU1e,64,NY
cBI3sktN,48,LA
nkqAYnyg,37,NY
TYR3UO0l,42,London
WQFIIqER,29,NY
c0HXAgos,20,SF
XObL2aO5,28,SF
YwUtuysV,25,LA
NvZWjLOT,37,NY
q4qnPRuY,44,Berlin
lNNqwwD9,55,SF
t8OetlG1,53,LA
Gs48ePue,44,Berlin
SVGPbJ5n,46,LA
qe8696eu,34,Berlin
6hj9u54P,27,NY
mWMOfXpt,68,LA
a0lGz5sq,57,Berlin
ynD6aVkJ,44,Berlin
rkFVUshO,26,LA
P2xcMhr3,23,LA
QRSODvgT,28,Berlin
9vNl4TbA,30,London
gbnboOTP,64,NY
7xMTvcRG,50,SF
lf9Cy3AD,67,SF
wyRrTpiY,55,LA
Jh83dpxi,34,Berlin
tEeRwn4z,43,SF
hm6wUzCz,47,SF
KiowGQ19,38,Berlin
QgkPXKK4,55,Berlin
scFo9QPD,34,Berlin
eGnSA8WT,21,LA
2paC87hP,23,LA
7eUfPYMi,45,LA
kaNJ8keN,30,Berlin
Ri3XJ2fM,63,NY
GdiEdVKt,32,SF
Nfu35mte,42,Berlin
Cm3ArfYH,21,NY
cSlcg4NM,68,LA
0fBZZZWN,38,LA
fsGKVUfR,37,London
chYMTBY1,28,LA
OuA84qq8,18,Berlin
1bE69LMU,44,London
Ik3KfyOx,45,LA
eqG5j7GW,66,SF
U6sSc7hT,29,Berlin
bOL91PUt,34,LA
B6dadiWt,35,NY
F20sdywd,61,London
MvsNjpij,27,NY
nnLbWvGC,31,London
nmxVGFg8,30,LA
JqPunTa2,39,London
KRm6r5QU,58,NY
gcEuJk3D,69,London
K5ktEeOe,30,SF
xNBIaBOX,62,NY
HtJdte76,28,NY
1kdGYoit,33,LA
TzvzMXUF,27,London
RbJYSdnU,65,LA
FxMWSHfQ,45,London
FVExav5m,49,SF
X0qdbU7R,58,London
B2EGajpq,23,Berlin
zRAynPZW,34,Berlin
pWtwYMDa,24,London
gcpGP9ur,30,Berlin
DUb2C1Fb,36,London
om4my04C,28,Berlin
oeJundDS,22,NY
KDCb3I7l,30,London
hY95RIrV,49,NY
Nq2mOtL0,52,NY
LgPLvGqB,56,NY
M9i6rHQV,41,SF
eod6kpvo,21,NY
fF6Pd63E,21,LA
oRoIj3ql,56,SF
SX8hi4Gd,57,Berlin
pd2Ms9dp,23,NY
34UwhZw2,48,SF
5NVh55W1,51,Berlin
nND48j9r,41,NY
wclVSPi7,19,SF
WDcXRvX2,40,SF
vBxA3ES0,56,Berlin
659AcrJm,44,London
VpG7ISmB,35,Berlin
2gDParpW,46,SF
fJlb5hvg,67,NY
no6fwZIS,51,London
jlzfrV9c,48,NY
afnFMX9I,55,NY
UG7fP4x7,39,London
uyTbmMa9,34,London
Hjbynb43,22,London
MRwTgAJQ,42,SF
btDeqfAX,18,SF
u5fQaDGG,27,SF
x7yTTVM0,36,Berlin
m45sd6UP,54,London
BjVENoVw,58,London
P4UPPvJu,54,London
PauVFtO3,43,NY
flXSzY4U,25,London
6XXJsKRl,34,LA
FXsptl17,64,LA
T6N1t32U,63,LA
UE6AuQcv,38,London
IS0JNNrn,23,Berlin
7mttoxz6,52,SF
6DoH0oAt,45,NY
6nzDQRiG,48,LA
70pBC5hW,23,LA
NExppbRl,57,NY
oAJxMJfq,31,NY
gr3jb1jY,61,SF
KlR9fDef,39,Berlin
36iwwAAF,20,SF
XGXkizex,38,LA
kPCJy1Ak,28,LA
bnHd9ddE,52,LA
AZ5vogGi,53,NY
JFYyZW4l,26,Berlin
sAdcU3t4,48,NY
6THjjMMl,19,NY
EavhSoId,51,LA
YZhNHVZ4,66,London
oaFdd2Zl,59,SF
gUiLiJjl,47,London
IbMrBnLT,58,LA
HHs4mDuF,39,NY
TVTCA4xu,33,London
tdLdUIs0,48,LA
nVrz55BR,31,NY
96aIWiOg,40,NY
n8GyXhfl,53,NY
L9Zufkun,49,SF
ZSyglISv,39,SF
Wjbd83NQ,32,NY
koQMMzNc,64,London
jK0wZjIb,30,Berlin
93Ax3NGp,43,NY
ho7y7QEA,48,SF
OItwbQxf,59,Berlin
I9dYNfib,51,LA
jhnEzfT5,63,SF
aFM7O23W,25,NY
IzSviYz5,41,SF
THR1d9jU,18,Berlin
rCeebJ5j,66,LA
8AYNyFk4,62,London
lH3bSCPO,52,London
dB8ThLP2,47,SF
XrvGBgmy,31,LA
yh4MKLWT,34,Berlin
4mL62Gvs,43,SF
zD7wPEY1,29,NY
BRfM3LWV,58,London
pbFUwbRc,25,Berlin
qkjMeJ5B,22,Berlin
DQFAwQvS,30,NY
ZZcahnee,46,LA
dAbFxNFQ,51,Berlin
x7710lHV,30,LA
33tn7xNM,52,London
95qzjoID,47,SF
C1x7loXy,26,NY
bMgLQDNk,53,LA
ibFH6zt8,31,NY
3RkWkaRP,40,NY
P8QrxL02,68,NY
i6czJvG2,39,Berlin
NQogmNgA,49,LA
rC0otiqs,41,SF
Xq44mke0,35,Berlin
HMTtgvRV,49,LA
wsEyg4FM,59,LA
3Vsn5jI0,19,LA
I7fThVET,50,London
UpqElTxu,27,London
9HZvWeHD,30,SF
sYmSSsUK,47,LA
T0mwyKGj,50,NY
9qBO4JaO,47,SF
0y7OMwA5,31,NY
D9I3xpRw,63,SF
0SfsOu3g,41,Berlin
oK3gVmZm,30,LA
AJtxIPL6,57,LA
oAjY4a0x,67,LA
5HEpxW2i,23,London
8bfq37b3,50,NY
esxFMk92,46,LA
MmrlitP6,55,Berlin
CjisweA7,55,LA
UvkTDyC4,57,Berlin
pFtAGhy9,30,Berlin
5l0BA6IT,60,Berlin
cVjpu4C4,31,NY
ezDW4I5H,20,London
ynvZDfy1,47,Berlin
f1fBPx6u,43,NY
bIboX0vs,65,Berlin
uE02VUFt,41,Berlin
iGLXvzeN,62,SF
oD8pC52J,40,NY
ZjrfvgFa,69,NY
bcVFVkS7,61,SF
4YKScTzN,46,Berlin
tsW4W1JN,60,Berlin
WBMyReii,31,London
LazKJ9Cb,67,London
ccX09wDv,33,LA
lvs7GaIk,20,Berlin
NonArCUd,21,NY
WVTW8SuD,33,NY
k3RHp2yH,50,SF
d0DvVszY,23,Berlin
5nj8uHmq,52,NY
CePJLNXO,54,Berlin
m7hvhReZ,28,NY
52KlBai2,25,London
IN9IWYvh,19,London
16s9Lo4p,37,SF
JPXYfnbC,25,SF
NkY8iDUA,67,Berlin
1IwvZRbC,34,London
FytyTML6,29,NY
p7uAFaTX,28,LA
mby5gJFp,19,LA
oq2Qm5si,44,Berlin
y910zki1,61,Berlin
FnDndRog,27,SF
a7lQDrY6,64,NY
ZPrDXpFv,25,LA
59T9gN4j,51,LA
IKyYxwam,18,London
MTUHU6kn,48,London
xlnaUGVO,53,Berlin
HfszYeSP,37,London
M0ChVm1N,22,London
HbQ0HICw,61,London
3AiIE2MW,41,NY
l0bLj1S5,63,LA
OxhwPnnw,42,LA
CQsOK1l4,66,London
VyC9yl0p,36,Berlin
Z3crScRJ,60,NY
QGjXHE4O,56,SF
y07rQX2C,50,Berlin
Xmk4maKq,34,LA
bBKJzsTW,54,NY
gAtV753p,24,London
u836ofiI,20,NY
rusrwAYn,21,SF
amyCtVHy,46,London
rPzoJOAP,49,London
6H7TpQnj,46,Berlin
xxz2kfY3,64,LA
n23sJC4C,42,SF
hnMHNoGq,43,NY
5XDT9ipl,21,London
qVV8qLaD,23,LA
T5MK1U2n,41,London
80RUxh4g,65,NY
Gof7wynL,56,NY
lsSNpSxU,39,SF
u1DfXAvN,49,LA
uZfEIvcd,68,NY
4YQYsYgS,62,NY
F9JeJq5N,42,NY
RgWc8Exl,42,SF
8SC4y3GB,45,NY
XGyBOX3E,69,NY
ypWtgKlG,34,LA
loyWDTw5,41,Berlin
6jCG2Xv0,23,London
3PsaNGJs,62,LA
wHrOEUHO,37,SF
Gqw9F8hI,24,SF
S7n3GNkh,63,London
Su4PXm60,54,London
uBwmgBap,26,SF
i9Vk61kN,32,Berlin
NE2Fm9PK,19,NY
BVviv6A7,38,LA
LSRs8ZUV,44,LA
7ObA7GhH,40,Berlin
1PU80mZt,54,LA
O6uxpwln,54,SF
jD5tFIEm,64,Berlin
aJryACkG,32,LA
WXVxxMsx,47,London
1G1kFkRt,18,NY
t1Q2E8rY,23,SF
7bfEWBlc,50,London
W70U0g2d,41,LA
MgNMqIQx,36,NY
5oWOVhpC,66,Berlin
wmmp3nvw,53,Berlin
ys3sZpRe,29,Berlin
q3FwgNoP,68,SF
GiCwI5Qk,51,Berlin
LK4hV6Q6,46,LA
DqZ2fGqq,36,LA
deGzfm5H,42,LA
SsFo1uKR,28,LA
Bnh4tiuF,25,LA
kuN1RzjX,38,Berlin
FeLy3d4Z,42,SF
k8G57B18,35,Berlin
qen7ZXgG,49,London
5nHWgd2J,23,SF
KalYYkCa,56,NY
Qq6ImzpY,36,SF
ihj0224W,57,Berlin
QBWMpg4d,60,Berlin
VXbGhI88,19,SF
LnqJQYw5,39,London
sfzDFmCa,31,SF
XZzEMNax,61,SF
jvtH4UuP,19,Berlin
WfPQJM4G,27,LA
zVK8WjsR,38,NY
TuJPwTMN,57,LA
5LtpHCSu,22,NY
EfSnZl5r,60,LA
0SCwAHEz,34,NY
UOFNlveY,32,LA
S36xt7uo,57,SF
pnxcLU4K,41,Berlin
FBtkyDFf,22,London
zengiJ1W,58,NY
OV2Zomcd,67,Berlin
pgC7WRCB,29,NY
aMZHzOZL,19,SF
FtavosAa,63,NY
CfvFfhDt,21,London
epXpkCVt,27,NY
ntP2JSU5,56,NY
TkeIlKfV,62,Berlin
PoS56pwh,24,SF
RnOHTFI1,64,NY
H7Po74oQ,33,Berlin
PGLEMVJx,19,London
ozaa6jDg,50,NY
NJAlYH69,44,SF
FLLzwnBF,28,NY
xXv718Yn,69,LA
Z7IZmg4x,51,Berlin
ErsGvGoL,61,LA
2mCfI3ow,43,London
ibI8Osf8,58,NY
gvSVxxj2,23,LA
ACGTgLaT,41,SF
rDHkdY8a,38,London
OyllWetv,27,London
jRIkOV26,45,London
xtIvbERg,64,NY
r0bx2FPu,40,LA
HBkdfJWP,52,SF
ICJyaKOd,27,Berlin
cwpJbIum,38,London
y2plEKxb,55,NY
4whn2VtJ,23,NY
en1Mgcwu,69,Berlin
znO9kf8x,68,NY
zGRK7ZVV,37,SF
4mylqOOU,42,London
NIY7Ich6,61,NY
Tc1gJAxV,22,LA
WyzteaRd,35,London
5jcMH9y8,23,SF
25Z08N5Q,68,London
3CaizyEU,37,NY
o3uYtOaf,42,SF
M4tqlsyJ,63,NY
0sfgUoW9,27,London
nmmOTEpN,24,NY
m2wuVg7t,19,SF
FKEd2BNj,43,SF
mgXxFmwD,28,NY
nI2mJPv8,67,Berlin
4LH1PQjj,64,LA
Tezi9iij,60,London
MHnpfw5o,46,SF
7cYqlTW8,56,SF
AQRfqaam,40,NY
bqTWDiM9,22,LA
eaaVWrFX,21,LA
OJzLdOn9,52,NY
HU586ZhH,67,LA
1oZ7gOQs,47,NY
rM5xwc3f,51,LA
Y739hcOs,39,Berlin
LcYMWWlq,35,London
DzXCpMH9,64,LA
piOn5h3q,19,London
ZdNqmi1f,48,NY
Ymp2Px6G,33,LA
6N6oIgdu,48,Berlin
G7zAgHMp,60,London
YJJvJpkp,69,LA
N2GtURCV,24,NY
bUU40wy0,22,SF
Wu0mOEUs,67,Berlin
vswc2A2T,40,Berlin
H2U40aaC,42,NY
5WMODQ66,35,Berlin
rt9KJnQK,66,Berlin
N9PSxzwf,29,LA
rkVsLccC,39,London
alhaDMdU,41,London
L1lxfzMs,60,LA
CIykE1Jr,54,NY
pfn4AkDj,63,London
4sJQhVg0,67,NY
QsNKhwYM,30,London
t7e1hhax,37,LA
tl2bjm0G,24,SF
OW0ksqsI,45,LA
A6JVeZ6o,55,Berlin
fRM6iT3A,24,LA
I3i0tiC3,30,Berlin
zrk3zXAL,33,Berlin
AGBBodme,59,NY
gscFuwCM,43,NY
oAKkUn2M,49,London
f4unJxor,24,LA
EG30rlEs,54,London
piiNmemq,20,Berlin
9XFj0lqh,30,Berlin
GpwlCMFk,34,SF
0OlmDpAV,68,Berlin
HUjJx4si,64,LA
94TCWMjr,43,London
DA60XyoW,53,London
T8sY34S4,20,Berlin
rjEGWhDK,30,NY
hy2GZRsK,30,Berlin
Ij2RUPFm,19,London
0jk4igSR,44,SF
RDvHP8H8,31,NY
q5sXicCE,53,NY
qm43CMUx,64,London
2BxL7IJk,55,LA
h5BPpAr3,54,SF
3LlOItt8,38,Berlin
gdaVzNSB,44,Berlin
iw2vZ5kN,55,NY
M9HJGzHS,23,Berlin
NJmgDsfr,50,Berlin
8e55deOd,29,London
WYLgNrnO,47,LA
VrnMAQeB,26,NY
GWVhARCq,58,NY
rm79hlPD,31,London
nujGRIPf,28,LA
MjyfG94S,68,NY
R0VAVFj7,27,NY
iKvYklK5,63,LA
cMLuxYYN,20,London
V3xDa3ro,37,NY
cnFDcxGa,67,NY
7VjiWE1w,44,NY
7T2I0wHu,51,Berlin
beRFuYX0,20,Berlin
DKlLUXhu,39,SF
okJIWEIX,60,SF
96KpZcsG,35,London
gIIKCDM6,19,Berlin
t5EKo5zx,26,SF
R4ZXPwSl,26,NY
MPcKGwEd,38,Berlin
7OJ6A2CP,60,Berlin
594A4YnA,69,LA
OLxW6V0H,38,NY
dQhyAXuv,56,London
bUiLkSEv,69,SF
9eWPPphh,68,NY
XZDmafl9,58,LA
pZxv6Fse,64,London
XPsxGhfE,40,SF
rY2ou5BI,26,London
pWLVJrRa,35,NY
qLkIBmJD,59,NY
jPzKaESy,39,NY
yO911BEB,29,Berlin
OKHSxhew,64,London
7rS4o5IN,55,LA
xbDZ10d4,25,London
PQimDZ6i,20,NY
jX6vKpoG,39,London
yT2vxpzm,60,Berlin
VUyoanZC,18,NY
BHbuPl13,56,NY
FsKuOgGB,55,NY
zLUrcgiY,50,LA
7pYHsknZ,63,SF
6qa6LziM,66,LA
vL50ELSF,57,London
CSIds8y3,51,LA
0UDS27vh,33,SF
bDkSvBGS,50,SF
hf6QZqFs,47,LA
0CmRnOvG,48,Berlin
jBoKbwqa,56,SF
sb8cOOsJ,33,London
xKgRoeuV,49,SF
ZEHfRg6z,22,Berlin
FrbbEDVa,55,Berlin
MxnFUuZU,64,NY
Nv8wErwo,31,NY
umdsQ2Vq,49,NY
IbQcIuW8,30,LA
LSp6wZ5f,26,SF
LwlD8cWL,43,London
4ADKRPOm,21,NY
W04HvOUd,35,SF
PCR8teF9,27,LA
7d8Osv3g,47,Berlin
NKP8dFgh,56,SF
cQ6JxX6S,69,Berlin
o1C9Dub9,59,SF
H1ZOM8V1,20,London
mpKYWNs9,28,SF
dCezMxHr,67,London
71wBYIjA,37,NY
fNHaftQj,68,Berlin
QPb9Ogg9,26,Berlin
lhZe3zdd,65,SF
wkY43g3L,33,NY
wkSc1ZxE,53,NY
JHyT7S1l,23,SF
JGi5yLdq,56,LA
0XtnOkjl,51,LA
RgPAdLGf,49,NY
xfkCs2V7,46,London
WIoI3maH,65,SF
9uKAkcvY,58,SF
tl84gF4C,56,LA
ViHGWfqw,52,LA
C0eYClK1,48,SF
x9iE2ZPi,65,London
41e8i8Od,29,NY
3L1Uv6DB,32,Berlin
LzNAYKmX,28,London
ZQMi3y01,55,London
qduLinT5,53,London
AgFrKGfn,67,NY
TJwNf5hd,43,SF
6pChK3gw,23,SF
FYlLCBZl,64,London
NmUTw2hB,29,London
Mt1Gd10w,52,London
CoKWo3zE,56,SF
sRfBD7SV,44,NY
F5U7zWhK,66,Berlin
TelpHWEO,38,SF
9ojXlDsD,38,London
kYeisiex,21,LA
vVsUocta,39,London
RWghtX2b,45,London
vAqaEwWV,49,SF
xwqNvvn3,62,Berlin
QRgeW3t7,62,Berlin
1BuOpblr,29,Berlin
zhgmlK2i,37,London
xxZT7l9F,44,LA
WLKdBBSr,21,Berlin
LqpyomyO,24,LA
ICDRcPTO,56,Berlin
lpCMP8rC,21,London
9NqdFRbc,30,London
wdVPvIdL,55,SF
liNVNYru,65,London
cv9KGfD0,68,LA
KbflgI6t,42,SF
DDzYSpri,23,NY
puoUBpRD,68,Berlin
SDtHZV20,18,LA
td55cMy4,53,London
PtvfH9Dq,46,NY
ydJgyCYo,26,Berlin
jhmV7vXB,32,Berlin
dZZxRztW,23,Berlin
ZiOq6E5Y,25,London
knofej54,61,Berlin
4cq4g08B,63,NY
fTklZjwc,57,LA
slqgU7e3,33,NY
HkERyw0A,50,LA
4hjyuTkQ,32,NY
wP0YAcXd,31,SF
oU43iW8k,31,LA
YDd6bLYi,32,London
dmRR1Z1K,26,NY
whh6JTR0,40,NY
wTAnq97t,31,SF
SWhpm4tU,28,London
nqI9r4t4,55,London
YiSdXaUM,64,SF
OGVYO1xU,31,Berlin
FrIJq9TM,27,LA
20fNbnah,38,Berlin
R6Awv0QN,35,London
OKH9RpWZ,45,SF
tdgBoTOA,69,LA
frRBxbds,26,SF
kR9R3AKa,45,LA
5SuzJfBO,46,SF
zIrYAu11,69,London
OibxOXIf,28,Berlin
zQ8rnPP2,37,London
vfdTitA4,58,NY
oVoLUcpK,27,Berlin
gRdLduZH,20,LA
xqhysiZD,69,London
f88gNfE7,45,LA
i2eWZVCF,41,London
kO9Me8by,51,NY
3WemAvWd,59,London
l2LUgmrD,47,LA
qTTk8ugN,28,NY
Q3XWHGAJ,36,SF
S7G2gakj,44,London
u3DVzuer,63,Berlin
oLZXusf1,63,Berlin
2YtROe2x,55,London
SsNvimYH,58,Berlin
p2mWz960,20,NY
cEaph4eE,33,LA
cTnGn5no,27,LA
ott9wzVm,27,LA
qroSQq0O,62,NY
J7uvehOZ,19,NY
px68l3IM,23,LA
5vTqpRlx,59,Berlin
qah4F130,37,London
Np4ghT2y,50,London
4qprCUCL,69,London
nPpWsm9e,52,SF
xmb0qtCf,51,SF
uIq2TRRh,36,NY
AgytVWkB,35,NY
fXlhAAm3,18,London
UN2urG9R,25,London
4OEmW57n,30,London
19jyeFyO,62,London
ZIYbgatJ,56,NY
mmn3HioF,50,LA
8PaotvcN,26,LA
yK7EPIYD,42,London
SAhrb4uA,46,London
HJXUoIWm,56,LA
A1nQfToK,39,NY
DUeD6ihS,52,SF
2jBW1EPx,30,LA
3kBStPnf,54,London
prF12SpQ,37,SF
EVKRJr67,34,London
A1FEwSy2,21,Berlin
8HuAnnbL,23,Berlin
UuI0kAhe,39,Berlin
WlSLrwh2,47,NY
n2x1GVtx,36,Berlin
Az8RBjYq,31,Berlin
1THAaC27,43,Berlin
Kmjv8SF8,29,London
pTRrxWAt,60,London
D8F7oqaG,18,SF
xk885cW8,31,Berlin
0yfmf0R4,63,London
SqsXpcmm,35,NY
7njR0dG5,58,SF
0nUyxaKk,47,London
29BIIRxP,19,Berlin
hSGhP8ZW,38,Berlin
R7FhzB6R,52,NY
3PdoXRKJ,51,LA
m8XcukzC,60,Berlin
cuEIZ73E,42,London
1IbzRBNT,18,SF
8RhgbjPe,20,SF
GMG92WiK,19,Berlin
Sbn19uOf,65,NY
CzZIxIaW,32,SF
Z5dqkmq9,53,LA
pMmaIIfQ,59,Berlin
C9dxitB3,60,LA
8Sm29kep,51,LA
dFS5IDoS,55,NY
Esq6KQnB,37,London
8oBugHzY,60,LA
5TZZ0lMO,20,Berlin
5yaCMoNQ,61,London
doftuov5,54,London
JQDrevBJ,37,SF
4N1a5LtM,60,SF
DvJPRXTM,43,Berlin
eq14Kyap,42,London
ehdNweHI,44,SF
uTGDugsO,69,LA
x2aNxLEo,30,LA
2JTZloBY,60,Berlin
pej4Fb7V,54,LA
MDA77xfl,26,LA
ncC3wuA3,27,LA
MktG4hJC,55,Berlin
yL6AiObz,57,Berlin
nSsdFlQz,63,London
6WFuubvw,57,London
kyE8w5u9,19,NY
RoQo0Kl3,56,SF
2Xoqt9dV,41,London
zl35JrDe,22,Berlin
x1JWmANF,27,Berlin
R6YupOb6,42,LA
P0m3lzN8,30,LA
p9JKKMUE,26,London
uUEksdZn,32,NY
sb1dnwFD,60,NY
ZalFHBbd,56,LA
PcM76V6I,59,Berlin
CCmZ35IF,66,SF
Te6gE8pr,30,SF
euHA7y9W,43,SF
glPjd6br,56,LA
gEH4gyP5,42,LA
6pOriZic,24,London
vBxVdAuT,50,London
GXuJvMIY,64,Berlin
auGQkhlD,34,NY
B76h0ek1,27,London
ecdj0BeK,54,Berlin
onBMNX0Z,36,LA
L5OuF8TP,18,LA
n25lWozS,56,LA
CS2mx2Kf,19,LA
aqYTOaZa,20,NY
XFtqWQje,41,Berlin
h9DNFfU2,69,SF
KKWV14Tw,57,London
FQBwUKCG,21,Berlin
x7ooFwnf,22,LA
Sc0q06PG,54,SF
BNX8GlTZ,59,NY
NBjlTSwK,65,NY
0Zw8rAyH,60,London
CG3uUNwn,52,London
rtr8j9VD,68,LA
JEg0yHAC,56,SF
OrHpDmBh,29,LA
s5Bwlesi,61,LA
o7I162Hm,49,NY
ujxTHMqs,28,LA
YwlOuQpP,28,Berlin
7hdNMkQo,24,NY
0NaXF08j,26,LA
nsTaSAb6,54,NY
n7zKlgKY,26,Berlin
1mXSGoaY,39,SF
ZvPsBWlH,22,Berlin
vZBY5MGb,25,London
zZN4aIrE,25,Berlin
PpuDhQEc,40,Berlin
eij6Y6I0,49,London
sK3oJhUw,42,SF
vcdyRep1,37,LA
Hf5sSNce,66,LA
QbILe30r,61,London
Jjg0GwNR,31,LA
Btwegsjt,25,NY
1RDTmpVf,47,NY
b16GMRqe,28,SF
m2sbMaxi,37,Berlin
n3Cu3pz3,20,SF
07RNaWHm,20,London
aebEH8gg,58,NY
kDKPj1qA,52,SF
EotK67Y1,68,Berlin
cgcg0vbD,64,Berlin
hnxjoLOl,38,LA
fCs5Ru2V,26,SF
mx6xe8It,25,SF
oWx10eTS,52,Berlin
Lwg9hjB2,58,SF
BcyKBSTV,19,Berlin
HpibwqIq,66,SF
1QGUeK6b,24,LA
z8pUtqrQ,34,LA
M2obP1ca,29,LA
LJHAOvKu,19,London
hfmftQnb,54,Berlin
qLWb7X8R,36,London
1lPMXvYY,55,LA
LZpeXJyI,43,London
CEkwLqyS,47,NY
wSKEmd0o,56,Berlin
C8aQKhlP,26,London
MiQMkdNy,35,LA
WqmxdaWM,55,NY
2Ht2VKkk,24,SF
gm3h8leK,31,Berlin
lrljk5wy,23,SF
ybq9QaAU,62,London
D2BM274Z,49,LA
G3wDXGW5,40,London
l06UEW8o,36,Berlin
V0Xnm68N,64,London
VEwlI2js,24,London
5T6qdxXX,29,Berlin
D2djBrQe,60,SF
m2uBvxk0,46,SF
rhk2KvnV,33,London
bGDWbw1E,57,SF
FgmxH83c,47,London
efAnrjzV,41,NY
RoV4RoiE,60,London
YH53IG2a,28,LA
ytzvzyNV,33,SF
PkVeldwF,47,London
CziyaSXm,57,London
xfFZUdhQ,55,LA
6uufRtpj,33,SF
RaDx0YRT,50,SF
foFLEshV,34,SF
PQp2vGHr,35,SF
Zr7JnjwO,41,SF
FurtKgU1,60,SF
SHVv9vl7,48,NY
zOT0SmS7,20,SF
k5WLHZmZ,43,SF
lIeHBHV3,21,SF
2pxXPIk4,18,NY
QHK4UfZD,20,London
9n1t0ehO,30,Berlin
pMnnod7z,31,LA
aFnWTxbq,37,LA
0yMp6WYU,35,London
NxsRLNjw,67,SF
XUPEsXs9,46,Berlin
eL4x2uy3,35,SF
IHUiEdxh,22,London
CpevilNa,66,NY
Rf6yK2Sr,54,NY
8cLNbQs1,67,LA
8ZYDrsfO,20,NY
vrrtdOb5,41,LA
2zJ8nizb,66,Berlin
SP8RAu0w,48,SF
jY7f4hZ0,36,NY
zqXc6fD6,25,SF
3UDRImkH,65,Berlin
jJrdCn8L,29,NY
sPOkFwUR,38,NY
9Ahwito6,50,London
3h8uNcqg,49,SF
uTh4UAvP,55,SF
2x9M02yR,49,LA
qq0aZAWO,53,LA
DLfAFPdY,48,NY
Qy01u0e1,61,NY
BqYv8ba7,53,London
8No0LyKe,63,Berlin
owI58Xwg,47,SF
HRWTKcf5,50,London
ryX7IxNG,44,LA
gwwZhV8A,61,London
CerQBTSA,50,London
8XQiaKnd,22,NY
AAdAWjv0,25,London
2vaKV2zG,21,London
6MmrS5Dj,51,LA
Lrz7e8qH,32,London
C8UuQWdt,35,Berlin
drR0AwXR,58,NY
KgF4oe7K,30,LA
TMeQQv0U,30,LA
SnKxMRGC,38,Berlin
R4N6HQPO,36,NY
imkB3aiA,50,NY
f5ZgVKV9,21,NY
HQ5Ozl2E,61,LA
7BXC60B4,69,LA
7ITvuX6Z,39,LA
mAIIuAi6,18,SF
0JX2twLd,65,LA
2KuXgdkd,66,London
HsOMN18R,63,Berlin
v5XiWoA0,25,London
MITB9U0t,18,SF
fYRVTBPX,69,SF
u2pzldZM,34,SF
GD2ojRiD,23,NY
CNAztPSk,41,London
3e3vb8G9,45,Berlin
g3S86WEz,35,SF
uDfS8DUa,60,LA
EWjRwEWn,22,London
gJicTeXs,50,LA
T8J793A1,39,Berlin
2Hgsew2u,21,NY
s2u8GVDj,34,SF
9XqTg6eg,31,LA
OPvMpvNy,69,SF
YFZ0oxIQ,27,NY
ydZIIR1c,49,SF
GPrThNEu,38,London
nb36jZ3j,38,Berlin
MYw2g06p,33,Berlin
AqxsM7Mr,27,London
3UGHOmVZ,38,NY
P6E9wLVa,59,Berlin
qCkw9Etb,63,Berlin
xXgzXJNI,62,NY
MVnthxAc,45,LA
epaEQH52,38,LA
R73qgqIK,29,London
oofgHT9r,50,SF
2nE07kuZ,67,LA
wxpXJNce,34,Berlin
wG4IiOZl,53,SF
5ivVUiMs,55,LA
WnZbw0j1,58,NY
GfdQnd0m,45,SF
MfLDQO8Z,53,Berlin
2h6HfovW,37,Berlin
f7Yv8eZn,36,LA
j9a1qYba,58,Berlin
beg3djzK,21,SF
GIVIwJgG,47,LA
rQ6Pa6e7,68,SF
TthCS1wT,26,Berlin
2VC12OGx,40,London
iNvTgy1U,45,LA
iGIldmLl,32,SF
HpvgimLv,31,SF
ncaFubkZ,39,SF
amINv7vk,68,SF
qlFxREiQ,40,NY
8uivAdSt,44,SF
ifXPNkDb,38,LA
BizEQmgT,21,Berlin
7ZmrCNfJ,49,SF
8KWVRHAv,28,NY
isSyyc16,28,London
SflWQo9q,50,SF
W2vPtC8e,31,Berlin
kXVhp615,19,LA
OOF7rYEy,69,London
YV65BTzd,47,London
DgyvwdEa,18,NY
TBU3q4Be,62,NY
TwSOn6j5,54,SF
oaV3U7Ie,53,LA
0KEgyZLG,26,SF
JPYHaIJN,50,London
Ns2Pdl1M,19,NY
EencKPPd,59,NY
WZ0BWsfC,22,SF
GJcf3VAQ,61,NY
1AXEajEw,31,NY
miod1OZZ,68,LA
EEc8E4kJ,65,LA
fcuL5eok,32,NY
NXBkUdvE,69,SF
Jvki18hq,69,LA
REN2RnBf,23,London
aCiYbJup,55,London
akj5RwGJ,31,LA
cFpYQERD,33,Berlin
1uIgGFdM,20,SF
xlzBpWmI,21,NY
zStB3GDb,64,LA
EGIkIq8s,61,Berlin
EY7rSvJC,58,SF
gKq9Mhta,49,NY
gZGg3m5h,46,SF
HqEUzSOl,59,SF
H0boFSHR,52,London
qxz5yfQd,39,NY
Ya0Ql999,50,LA
GQaEraU4,44,SF
0oV7ZSKV,33,NY
4QZyp1rD,47,London
tQ0FX0XL,22,SF
jKy8k9Aq,59,NY
sT7e5xWR,22,Berlin
4NRwmg5J,39,Berlin
u4mguL6h,48,NY
y5aYvC3Z,39,London
mKbDwCj7,43,NY
kp2tlqQU,68,SF
jtRB37ZB,21,LA
5ExGNgO5,41,NY
yS0uEG4p,28,SF
Yb6tmOyH,25,Berlin
rqjHrH1t,51,NY
GToybvqM,27,NY
euhZeaH1,59,Berlin
FxN2WcEK,60,SF
1wSeIl05,62,LA
fAXjT6fC,62,Berlin
GvcrrgFz,50,SF
XepoWr9G,25,SF
7Y33dj0X,22,SF
jdVYNUAs,32,London
l5QPdc7t,25,LA
qW3oNMnt,38,London
TyfplGi0,42,London
iIPwHGNr,26,SF
x490oGLz,35,SF
vJTNUehg,30,SF
Y9GWJKAs,18,LA
6A7VnCb8,59,NY
kfWIkUxH,56,SF
DrUX42vh,69,SF
UKv8uXL3,29,LA
69vZz2re,44,LA
7tAnVBAE,60,SF
J6uzhh0s,41,London
LocyA67I,28,Berlin
HNAJiGoy,30,Berlin
zn6thR8i,43,Berlin
JW2NIHv4,42,London
mr9arM7s,59,London
rok3TP8R,30,Berlin
RJIywpAi,50,Berlin
B57FaPEk,25,London
T0bLSVfN,40,Berlin
GesdL9Ie,30,LA
jkTMzqQZ,38,SF
MsmENA7S,34,LA
qWhqDEUk,59,Berlin
pSgObykt,52,SF
cLCrkXKY,63,SF
7sYmX2jC,50,SF
iI0xslwg,49,Berlin
0BouQUaU,45,NY
Hfe5WfhL,20,NY
jhVviTF4,58,London
zvxs9CX6,57,LA
EsoEw3js,44,NY
Kse5NqW6,50,Berlin
Fwf6P50G,53,LA
39VPm2y7,41,Berlin
ZD2BDCzv,33,SF
a9PnTBuy,28,LA
qvpiQQ95,48,NY
AtIrveGz,39,London
lcHAlYTx,57,NY
xzTeRlDr,69,LA
4EZnUMEm,50,SF
rSsxXqWR,40,NY
H4AYie79,33,NY
cSXzT09l,55,LA
hSJJCFLK,57,London
qHWDiM2B,23,LA
v9p6Toti,21,NY
U419bun7,35,London
Z7Qd3uWg,29,LA
kRC9HGcp,55,London
1Q9Bv8Pe,37,NY
xdgRYZpN,43,SF
05drHLDd,49,NY
bXnPPGkQ,57,LA
y9dMeB9h,25,LA
R9EGNUUW,47,LA
wjhk04Ut,25,SF
CuUw6g66,32,Berlin
0fIqmT76,18,Berlin
jh5nWLDN,35,NY
POBj4o6l,52,SF
vAk8zZND,42,LA
KVEkt59k,30,Berlin
ae5ee3wt,51,Berlin
YUxvvxlK,66,NY
Rncugnbd,26,LA
XsFKcaht,30,Berlin
Xo1Uvb4f,52,LA
LeUWRLN1,32,SF
fWaTCnh8,54,Berlin
SBxqpTAx,46,NY
6UjuV6Ip,42,Berlin
YDlBxIiU,46,NY
afkYco1R,30,Berlin
Hkp52xmz,64,SF
Srjs1G3B,37,NY
2XUr0mCi,68,Berlin
KEA1DusZ,47,LA
2JNfBEsz,58,NY
VTftnKbK,34,London
deBpOWdk,35,SF
kAGALiIC,59,SF
Zv1Zi2c1,23,SF
uMukdDdM,50,LA
JQ7ytksL,41,London
9MvCfhRv,56,London
xUza5paz,34,SF
skty9kOM,19,Berlin
8ioYrSs0,58,LA
iK2eJxFS,21,LA
LHn6TjER,61,Berlin
ihgVz2pd,38,LA
JflBy3XC,62,NY
WeliT3xJ,69,NY
5By7wwHI,60,Berlin
Odru7Klt,21,London
3pMJOP0d,50,SF
m2BZr2uP,52,Berlin
buXflc98,49,NY
jlmoTHXt,60,Berlin
NtzkbNFL,55,SF
kXwSHUoI,40,LA
4zMOkaSB,68,LA
OX3rrL4s,57,NY
s32p0WQm,60,Berlin
wivuZIkW,53,London
Rdgdqwql,25,SF
XDpV8RPO,44,LA
5ezm5f7D,55,London
AcfBRhMi,18,NY
hNswFMWi,53,LA
O6T9ST8j,43,LA
wEc5OY9u,32,NY
mhhAw6iM,22,SF
bfnuPcMQ,40,London
QI65qTUX,23,NY
VrTJm5CU,32,London
kwcyZpds,32,NY
i2hyEQvT,40,Berlin
xoQTEjjN,41,London
uGMQsUjQ,19,NY
Dn7QnBLa,48,Berlin
0mrlcB0y,47,SF
skICiqNy,67,LA
MewhFLZt,57,NY
imKPif9S,52,SF
TOrfkohn,68,Berlin
Gs1TPpDh,30,SF
1We7zsVv,22,Berlin
mkx8CWBl,40,London
UEe2PwDs,45,London
2gXgHMtY,23,Berlin
uBhRcPLM,31,Berlin
POIKmrDV,21,Berlin
sebfMbOq,49,SF
uWamlc9e,42,Berlin
w47q7RVC,45,Berlin
hlgNiPo3,50,London
hS1LleCm,31,London
wV8xCwOd,31,NY
eLSqxFc0,54,SF
o2ovip06,31,LA
ZyA2ZjL7,50,London
h5M7Xl0f,59,SF
X5s747f8,45,SF
G6QqLsKe,56,SF
9Naej0ny,58,London
w5YY6xdr,24,SF
EQLjOsjx,67,Berlin
YT3IybBa,36,LA
yUQ1qYy9,49,LA
yCEjpJF1,51,LA
T5QMRiRn,35,LA
tdH7GgT2,50,LA
Rp6RvFUX,25,London
4ky9Igo6,34,LA
hL0eJ8Lx,48,NY
mMHK3dxj,27,LA
Xb6wHbLH,31,Berlin
AzbZmD50,47,LA
0tvLSFqy,39,NY
QGWs9vHO,44,Berlin
mR0ZOhoK,35,LA
AO3MAHW4,51,LA
NE5s10oA,64,SF
w3jwmMl5,69,London
4pGVeel0,27,Berlin
GDKwxgOQ,41,Berlin
QlXyu0hk,49,Berlin
I7edFGvV,27,LA
BI7iTsme,59,NY
yCyKBtih,67,SF
0p9jrUa4,24,NY
hB9Lk8a3,49,LA
9Q9k6ETU,65,London
Ujx4JUe3,49,LA
GXtfYum3,54,London
zPcQ9Qbz,64,London
t6udU8ZF,38,London
TNEnIPGm,42,SF
tFzoZuhR,36,London
ueqhSV3a,66,SF
5AXqgRax,26,London
B8QV0n5Z,65,NY
Gule61K9,46,SF
iFDQcbGZ,40,SF
ObLP9JMr,58,NY
UtC50wWA,21,London
CL03vEnl,64,LA
GEyeKr1v,46,London
K0367fID,67,NY
UqpuOsiq,26,NY
THSF4CP7,50,LA
O2tg50Hn,36,LA
5rI9alDl,47,LA
CmlzgPlR,54,NY
ZOyHTgnX,49,NY
0jzjribg,21,London
JprCySbD,21,London
FbqsV3OK,32,NY
UISCmxan,24,NY
r2LACcxY,28,LA
gTGtYFcj,67,London
kWUwkvOt,45,Berlin
zeNuHqNK,29,London
4XU1cPAF,41,NY
GJtUjz0K,41,SF
Il22GaQ0,20,NY
nlTFj9WZ,23,London
zWx13nhJ,58,London
1fJWqmF3,48,NY
a8GFXcyU,33,LA
o0p1W5ug,22,Berlin
83XKM5ck,54,LA
PlmVCu19,26,SF
ybsJXnYn,66,NY
PygIA1fB,40,LA
oYkSUy5c,39,LA
pjcZQF46,25,Berlin
FLb5WgZT,66,SF
04eL6BoZ,63,London
3jFqZMVP,53,Berlin
6CzUGrii,23,NY
8oJoVp6C,34,NY
7hZhIg4L,18,Berlin
TnEeFHBs,67,NY
r5cDOjnl,36,NY
qfv8zLym,38,London
Y0S1oaL4,56,Berlin
SY09DaWF,27,London
a9U6y8fu,33,SF
KUmKtBQY,48,Berlin
xvTdHKup,47,LA
RREF127d,42,Berlin
1vePBstp,42,NY
KbGoGXne,68,London
8kFo6LmY,49,London
dSlcyIHP,27,LA
pciwpr7G,52,Berlin
QOZWxDa7,47,NY
GEPsVRKb,20,NY
t6lGSA9u,45,LA
CTWsV6ZS,29,NY
rekJYotX,68,SF
m3ynTsN6,36,London
eYzt6rzD,38,LA
Zqg34X3h,68,LA
c1iM44TR,60,NY
40LlxzxA,20,London
vbppVfLK,33,London
o9mMolJG,40,London
aH32kESV,42,LA
ebsPZSNL,45,SF
MWrGnHr6,55,LA
NHCKISf8,18,SF
VfjvuSIC,57,Berlin
xQ98umdv,31,LA
1axu39Jq,54,London
QJPTBvA6,30,NY
iDPO1aQP,32,Berlin
tTPiCNZU,43,SF
GfCSC3Ae,63,London
6mmKV9NP,45,NY
QMM4hNLY,21,NY
pkpabRmS,55,LA
PPHdubyi,64,NY
PmDNwzhQ,39,SF
p8DVSB8j,63,SF
2KdGGake,55,NY
BtOUnfZl,44,NY
TO5250In,66,SF
rFXdv5E2,42,London
K1Zv1GC8,41,Berlin
ZufA4pLM,55,NY
4VLsPAcq,34,NY
t9ISmUsY,54,LA
WwLZvIjr,30,LA
chcZBcus,44,NY
Y7DZs90z,51,SF
xCB9w98C,37,London
oqaY16BR,35,Berlin
TZdpmLmX,50,NY
RQ087O0d,42,Berlin
M0I2uooD,47,SF
yoKQBu1I,32,LA
csy4B39J,46,LA
BgBHCsAz,24,LA
b7ZGPjVb,39,London
rwBddvwf,63,SF
ZFSimrpc,67,LA
0wDco6cH,47,NY
tqQf4VHM,40,Berlin
G5Xvr3XU,60,Berlin
3gpoIjZI,22,London
DJvJrpJD,55,NY
2tQIH11R,29,SF
OfHL4kDm,25,NY
nBirUgLs,21,SF
HwWGoQaY,34,Berlin
nV65B79U,58,London
ekwQRQCT,44,London
NzoAm3nK,66,SF
85PUv4ES,38,LA
ZDSQN9vF,65,SF
1af3GHeO,36,SF
mZljanz7,68,SF
cEVduCtW,37,LA
mjaUm4EM,52,London
YN39WVuB,33,London
dq21203D,66,LA
LD0h9V8M,68,London
YWqhjuy6,54,NY
NkTNjiLB,40,SF
7xEW3mIS,42,NY
HRk3VhZ8,41,London
HwojwVEK,67,LA
ZjnXAqpv,40,NY
vEhGyDQz,24,Berlin
Pn6ym15z,49,NY
r9GnCuvc,57,London
d65rInZ4,40,Berlin
KsXhHo0u,37,SF
94sxVb0K,65,SF
TUGiDjzv,63,LA
pWfQtS4D,31,NY
QFYnWLw8,51,SF
SFSbdEKZ,33,London
3O88p1Pn,41,NY
JM0CGG7L,60,Berlin
74jV83Yw,26,LA
lnXZ0QeX,33,SF
5JHhYNjW,66,NY
p8l3nxQR,43,Berlin
IQzckQwE,62,London
ipFViBRI,34,London
K0KI80IQ,47,London
b9GpHxVu,51,LA
7CW6LS6R,54,London
H6luzXLY,38,SF
bD5Nqcgp,33,Berlin
see6bhAn,57,SF
A4PbYdri,68,NY
uI3OUesZ,68,SF
zebBdf7k,18,SF
GuP3fw3s,30,London
KE9E7hdu,21,Berlin
Wxf8VYUk,54,Berlin
wNV9EYaj,69,Berlin
KwgFuWlY,59,LA
Nr8TDSHX,31,LA
ob34Yuv8,20,NY
VJ94DD1y,47,Berlin
m0yMaqH6,20,SF
J0bfKhwF,65,LA
RtJ30LeQ,62,Berlin
vJsEUAdD,41,SF
E22IpaCD,31,SF
h3hyovfm,44,LA
Vl3fO22X,38,Berlin
xwc98QZg,19,NY
Dzy9mVA7,57,LA
5kCQKvmD,44,NY
DpdzdGyd,34,Berlin
K5MfIf4e,64,SF
Ec14a3mw,38,NY
JyXGjX9P,47,London
plxbQI7U,34,NY
K8YBMCDx,28,SF
6nyIWUgL,64,London
psKt6d5m,23,London
yVpbaz2f,64,NY
x0Dq1UjR,21,SF
zWGSj86P,26,Berlin
HWFvjfsR,69,Berlin
1NMJ8Bvf,30,SF
mAWcJqE7,54,Berlin
LepnsE05,62,SF
2oHa0iXJ,62,Berlin
jlrsK5mq,49,London
4InOPCCN,53,NY
uFfkHCCq,61,London
z4VB3LN1,35,NY
cKhvs9Bn,27,Berlin
YOyfS9Fb,25,NY
SJo9i9M0,67,London
zfx49vEb,40,Berlin
9g72f7zN,45,Berlin
SqJP9S42,59,Berlin
k9dWDQ3c,28,SF
zASzZEOD,55,Berlin
VWEIpfRr,43,NY
CUiEX2Tp,32,Berlin
bjcaBN9f,24,LA
Vk51XCwc,53,SF
8gZJ2tR7,50,LA
241x3VoI,31,LA
GC6Vg19z,48,NY
3QahGfBg,27,SF
qE3IVMXs,62,Berlin
MZHyI57b,64,NY
BAahDosC,67,LA
qhOsO3E1,53,NY
ew5Da69K,67,NY
Tt7N68RR,28,SF
xj3FTAj3,59,NY
n8StiQSk,38,SF
eIfZwZxr,30,Berlin
DOw8U7IY,31,Berlin
Ao3SR3pU,25,London
cqvlaPOg,55,SF
7K8oXGOd,52,NY
qvGcJZIB,40,London
JS9Eoc88,43,SF
n3b13JUc,29,Berlin
7DfChiia,39,NY
stGysS8f,24,SF
6DnFzXn0,69,LA
XvMOf9Gu,69,NY
Pk3n9Db4,26,NY
ANs5aeGQ,49,SF
LVuuQaNT,42,SF
xDn4fj6E,57,London
0x5uXZwr,67,London
MkGOmZ86,50,NY
M3FpqDyz,26,NY
5FSMNIb0,63,NY
o1t26mot,68,LA
GEiLKG7c,40,SF
8vRFqUYI,65,SF
KY1P0CmH,58,NY
7mPaOx8R,47,NY
ZEadrhRc,49,SF
WiTd2RE1,34,NY
7CWwl1eB,33,SF
8IMWtRnC,45,Berlin
Uihd1mtb,55,SF
BP9sxIVO,56,SF
9bhVO15E,32,NY
JkWJTK5S,39,SF
0DLGoLvo,32,LA
6hxHytBv,41,Berlin
Kj2eW2KO,54,London
65N8tdWF,45,Berlin
fxZfImrv,56,NY
TprfEFnl,60,SF
YBgwEmSf,40,LA
ozAswJGx,31,London
8kecbPRe,36,NY
6zfgI2Dp,25,LA
FPh6D0UT,31,SF
YmdO7VIJ,64,LA
6CLUWbZw,42,NY
gb10cAdb,35,Berlin
NHqDr51C,41,London
jRzi4VZ2,54,Berlin
ZR7OlmKT,53,Berlin
YD78Uhgv,65,LA
jvuzuMZL,32,SF
7CmUdwUW,38,SF
cEKPC6Mv,66,LA
b18jyTmO,67,London
3VA3PAWg,22,LA
JEPsZvEj,53,NY
NVQ8PKmn,42,Berlin
AYlDpgJQ,43,LA
KC3x7sL7,24,London
uVl8XCrA,29,SF
bmN3UeaG,35,NY
DSXCmzbL,35,NY
ycLXrGbx,30,LA
p5GJFY6w,36,NY
oMZwYjgs,44,Berlin
ZnZTDbSM,36,London
66arupcc,44,NY
Vqoyj5uf,32,LA
k0nyMoc3,25,London
NvVT1B6O,67,LA
mx9bDdKp,56,NY
9XuZlOvU,62,London
mTVVc9W8,59,LA
Y4uHVI04,49,SF
qGPtCmXj,47,Berlin
A3rgbUwD,20,SF
PLVBvdkR,61,NY
yrjIfoX4,55,London
MBpCwqPZ,68,SF
iw5o0Vql,38,NY
3erOplVs,51,NY
x5We3Ws3,68,Berlin
13y878jd,38,London
30goZkMP,37,London
JLPHC9YP,67,SF
YQMfsQOB,24,Berlin
4DJ9VMe4,41,LA
vknCxxHJ,69,LA
ewJUS4aM,36,London
Qi2OmuPP,58,LA
Z4a9yAA9,67,Berlin
D0MKyHHY,68,LA
EExye0lp,36,LA
Vzwe1MZZ,63,London
T2BiY2JT,61,London
sJNg3SKU,23,LA
z1kQLh5d,39,LA
vpeko4Ne,48,LA
Y5R5SKpG,25,NY
yzW86CG1,54,London
wpwyU2ts,34,Berlin
FLCTCiNV,59,LA
FCxuIQmK,66,London
iRiWiBen,30,SF
VDbFgz0S,69,LA
nlFJKbgz,20,London
DlUE2vBh,50,Berlin
zJC64XhO,47,Berlin
dXLOQmcF,36,Berlin
lsqd9sQ0,50,SF
L64v6udX,35,LA
WKy93XNl,25,LA
mxpiZ4qW,18,Berlin
k8NqAQ6S,40,NY
sbff9PfU,20,London
CAifILxI,49,NY
azt7CDlL,37,NY
DZFZRWY6,57,SF
C4DRonL8,22,London
6Jg7pkrj,48,NY
fTAQdyV9,40,SF
eJ4z1Tnl,45,London
KOHVPNDJ,29,Berlin
BVCaBFFr,27,NY
X6KQsT87,47,SF
doNXSwdn,45,NY
CSiCvhBu,66,NY
nT9Apf1w,48,LA
r9R5XmxH,23,London
aZfPx3Cz,52,London
YLbasmxy,33,SF
WJzZPxXI,29,London
NH3FwG2o,53,Berlin
4VNbsH8e,32,Berlin
SN5Lbq6r,20,LA
SkdYtJOV,40,London
nKW0oeQr,34,NY
zzrOckuG,55,LA
sgdKxrDS,32,NY
3XBC6sxl,41,SF
Iwnp0Puq,68,NY
FIVPgjZI,49,NY
HtpIKhOh,33,London
ULg39nQC,48,Berlin
3LuKfqrk,67,SF
cLKPl7HB,63,NY
Ve7SE2Nr,53,LA
0Lkn6COx,67,LA
SDF5WvTB,66,London
fCL3eHir,23,SF
n4ONyaoX,30,Berlin
4nilrt1H,29,LA
x6335liY,32,SF
T43tjwRk,55,SF
TwBEoLMN,43,Berlin
jQudoZv1,64,London
nHCHsHA4,65,London
wJC5VMsv,34,London
5mKqUYao,68,SF
1RPC3UYb,44,LA
ycZIJVoj,57,NY
rtRZ6pAc,54,Berlin
NfHoagWM,59,NY
z87dTeKb,31,London
zgJ6IHql,51,Berlin
aTL8SXvA,64,NY
Xqyen4Be,24,SF
jGeektZ1,44,Berlin
IgRzL1Qa,64,NY
mbcvmSIF,67,LA
0LcNRKkt,19,London
Kbc4yeLZ,33,SF
kzpsoVqU,20,Berlin
lkNy6QPL,67,SF
qnIBT1lY,20,Berlin
Lqvgs8Cc,27,Berlin
fmDXADxi,59,NY
qfQBTYAR,45,Berlin
DGwv7n4F,64,LA
CvrwmCEX,52,London
EUmiHO6X,65,Berlin
f0wt1sLd,52,LA
0n5gd1Qq,52,London
VsSpxrXH,38,London
g3potawS,68,LA
8kisv425,31,NY
VjF5ldcy,51,SF
FbLOZSq3,54,Berlin
vFJR9LUi,50,LA
7A85hXq7,52,LA
UMZQUqIH,58,London
KA3uDFrG,38,LA
McURskcs,33,London
6YJW68YB,67,SF
J9s8HpbT,23,London
MYASH1zX,19,SF
ZL6dWbfE,36,SF
r21YcaWe,50,Berlin
uBcOPCY3,57,LA
i3DEB4u5,25,London
gNuXFEPr,37,LA
aVM8DmTf,37,Berlin
EdAe5D7U,61,Berlin
74gniZw9,64,Berlin
KZGwsBg5,61,SF
hygkBcPK,53,Berlin
TyxMt09P,36,SF
rV5InXRS,51,Berlin
qDxE7wV5,65,LA
hYvTd2TB,50,London
sGPMANTu,23,NY
Kqs06CfU,56,London
vqXb4eIG,51,NY
DWGLTlDL,39,London
mCIwSBHD,41,NY
gWgSSKUt,38,NY
eMc96tvS,36,NY
4AZyOUKI,53,London
FYOib93j,37,London
3CUhLGWc,64,LA
kTznKOtk,45,Berlin
ePcxkII0,69,Berlin
VaTmOtgQ,58,SF
UfHaGU3b,45,NY
Y2d46lcw,29,Berlin
pP5XXZt3,63,NY
izNcyWiJ,46,NY
9ayGB5sR,47,Berlin
5A82z6p1,49,NY
l2gMrOtR,23,Berlin
ucjjtDp9,18,Berlin
2tw8OC4k,54,NY
BqQ2Mq3r,33,NY
h3rboNwK,37,NY
WZX895BR,32,London
50NcSnuK,28,SF
5xFVtY1p,62,SF
rFzSUUNl,57,NY
4FIdD9aq,65,NY
RTt0BlKw,58,London
IywS7nii,57,SF
Zbrkuo9I,66,NY
lUmQvyu2,44,SF
jpQi3Eo9,58,Berlin
QitLVwnE,33,Berlin
rwyvPe3O,53,NY
D7avbR8R,37,London
vZZcADUa,48,SF
fbZycdpZ,54,SF
ihrSbRnL,32,SF
PwV1utY4,66,NY
G2mb53GV,20,SF
HdBj784H,42,NY
waHr1zqX,36,LA
zBvE1oYc,56,London
LMmgaQcw,56,NY
oBsfXZNA,40,London
giKFnf9k,66,LA
R3XMv3dS,41,LA
rOr0AgI9,43,LA
MMh4qTXD,33,SF
iJanIxtT,39,LA
8vHCwVh3,43,Berlin
s0hB2D3v,63,London
8MNaktux,31,London
irp2YiFo,62,LA
kiTAnyrT,25,London
i6cya84T,42,SF
qSG0xUpX,52,SF
ZAJquAik,58,LA
kZXHAkDo,20,Berlin
dQf2d7Zr,37,NY
EPP4PqLH,67,SF
2nP31pk8,48,SF
U0UMpja6,67,LA
w5UPp6KQ,48,NY
E9mEJBny,19,SF
ZE6W3lQ5,30,LA
PMXyEs0c,69,London
rcYW6Pd1,26,SF
3VSzHEug,40,LA
0imW5Oxa,18,NY
sJpJbw6Y,36,LA
wt5SFH2h,59,SF
TUVhicw5,27,SF
WPgzKBA2,46,SF
Xu1ryoOV,36,NY
vAIQUn4u,37,LA
g4tEbBRv,68,NY
amrYNMV5,34,LA
LZ6NJ7SO,45,LA
cs035Bod,61,SF
tTv0Ea1u,33,London
M6YdvdNI,29,SF
fUs1XlTs,37,NY
WWsS8Rgk,37,NY
jVxTELJ7,37,SF
WvdfKb9U,26,Berlin
E14TYS2W,38,SF
peOyvfI5,65,LA
lNi2wO0h,37,Berlin
MHjMDmwL,18,London
slGhun51,33,NY
V1sGsUFX,32,London
aSvjVBZK,69,LA
Wz4zVIZt,48,SF
acu4Zptw,44,NY
RdFjd0p8,42,NY
8TLu9ll2,28,London
2vnNsxGA,50,SF
8wfM654L,52,NY
2n22jo8S,63,SF
bAdmKShA,64,SF
0SF7iN2m,26,London
icOe4TrR,35,SF
Z9Kpw1QP,56,SF
iI8dTd2h,59,SF
cOdHrXY6,26,LA
wNsOUcJf,65,SF
WaYAR0fa,29,NY
Gp4PDwL3,50,London
L5wnHjXQ,53,LA
4KLuhT1S,46,London
GOVYj3Y3,32,London
LjPTMDIi,33,London
aQi3wqiZ,40,LA
13SRB7ft,21,London
uSS0xTSP,57,London
jF1PjSQy,52,Berlin
yzvTtX0v,22,LA
PYccLJRd,41,London
yTUT43Ao,37,SF
QpkSwdJr,46,SF
Fy540IBB,43,Berlin
IZTY0v0c,21,Berlin
xwsZw2NA,28,SF
lsakDi98,25,London
6h6HJMDn,45,Berlin
8jy7Qsem,52,Berlin
ZhS9xkDO,61,SF
HgVR3YoU,44,Berlin
Z8hnSH39,29,Berlin
17cphRax,27,London
1HKkLjEm,50,NY
Wf0B2W00,43,Berlin
MJ8IxqO8,36,Berlin
dsSEaMuM,53,LA
3pDpqTW4,39,Berlin
QsGNTH1v,57,SF
ytcjlFfa,35,SF
c2azoSuW,56,Berlin
sHDFj4n0,57,NY
LSvGwmQs,35,London
28pE4fde,53,SF
e24SMuC3,54,London
i4aKlKt6,58,SF
YHzSnGdQ,69,London
pYl6izJo,38,NY
oeKV2wLz,60,London
kLluapfr,52,London
BZW4D5nw,35,Berlin
HySNDqcq,51,LA
pgSuJv0a,18,SF
6RZWwCUB,36,Berlin
ohvJZ72V,31,SF
oi3a2csj,27,London
zCm0nGwg,38,Berlin
DNvqBL3s,18,Berlin
x3ZmyjMT,34,LA
yHntCAG5,67,NY
fbjUO3Lp,51,LA
06Gb4Zse,66,LA
j1NtG0Cj,22,SF
zIlM2D3c,56,SF
dVmsmTCi,31,London
fqm3rkwQ,62,London
U2eAosGM,58,SF
pWk46s8f,54,SF
ewRhp9oh,23,London
MTnm0bSC,66,LA
ir2pS69o,55,NY
d4CuxNgZ,24,SF
ZoPE6o9T,23,NY
sXSHkYxu,37,NY
6Wl7VhvI,57,Berlin
NdLSPboV,24,Berlin
39pmSDEP,51,SF
ixgj91fo,26,NY
YYZeykNd,41,SF
x6ukNZWr,18,NY
Z0QiCDIO,55,NY
tnQFn2MJ,61,Berlin
CJO5qWjx,33,NY
Uq04FiBH,67,London
8G0Yz9cq,38,Berlin
kLTLY79G,50,LA
8NrKaEYq,30,NY
telUH3UL,61,LA
EtTictN8,34,SF
9FDxrZbU,66,LA
KHygNMkX,66,LA
0hiy8d9v,54,London
n4cOB6i4,24,SF
qjGXvY6b,39,SF
wUB6X6Ls,54,London
oVPc6Yq3,33,Berlin
Y16Lj1xi,49,Berlin
eYbp1z7g,42,London
8zJsMHW5,21,London
hPS7E45A,49,LA
AZOHptRe,58,London
YhxPQX9e,36,NY
e40muX1I,66,Berlin
qACUtUGV,19,NY
mrmSZ6U2,31,NY
ItpnN7li,60,Berlin
Lia1gsWE,28,LA
zRivCTQ0,18,London
L3aGERFr,61,LA
QcFmkBhf,37,Berlin
oUELzEcC,44,NY
bYV12p9O,39,Berlin
mn5zV9pL,59,Berlin
cqHQfrBy,40,London
EqWlldEy,35,SF
0fEkwJyA,48,SF
8zWDTuU5,35,SF
Y7qY9ZDD,62,NY
xQAe8e0m,43,London
S1fjubgU,46,LA
jRG3XOV2,67,London
tx5ikZ48,40,SF
NkJ5ov7f,54,SF
fOKbEUuS,49,Berlin
R7XlypG3,19,LA
xYwnlBhK,50,Berlin
hotT4P6D,57,Berlin
Ykc4vUBH,60,LA
EkdLTkao,60,Berlin
s4RzmgOq,53,Berlin
LldrREk6,55,Berlin
T8FL7E2J,47,London
gqWUvErD,28,LA
zkt1k4yY,42,London
i7HfBlrg,24,SF
eEZUSIB8,51,Berlin
tb0e5zcb,61,LA
kiX9pm0p,28,Berlin
HNCXX9YL,51,Berlin
u6PRbq7E,27,NY
W2neWCvs,67,NY
cFUGhqlz,21,LA
H7Ezutmw,67,Berlin
AS4x1ZtF,29,London
UgLzMneY,49,London
Bx7CeYv0,20,London
6fJOd9RT,36,NY
omHOJB0t,22,Berlin
UocYWFSs,29,London
gaujSPUH,48,London
TqGIFOI6,34,NY
trtQytUX,21,LA
g6Lgqt0O,19,Berlin
SrqE6iDi,56,Berlin
FnXH8Vow,29,LA
eP7khKT4,35,NY
LaeQtv9T,64,NY
aMu0Di16,57,Berlin
LgbjIPBX,51,LA
m4ifCkDv,37,NY
mwC7LGpA,62,LA
uaTGN8Ad,19,LA
s5JXFuNv,44,SF
59RQ1AhK,22,SF
qtTPlSmG,45,London
SeZFRhTu,54,LA
GuTeWYzy,66,London
T4GmbrJC,52,LA
XbHXCWmM,50,NY
oZfFCgSX,53,LA
dVb8oMTW,60,LA
pbHRwk6O,50,NY
1oDunKO5,44,NY
MKZP0u6b,39,NY
8hLs212u,18,London
6rXNA0MQ,60,LA
bzVpsgtK,51,SF
fbdgQwDU,47,London
BTFkDhLM,48,SF
FPHv2Aye,23,LA
P0mEjind,64,London
RZqG1ha9,38,SF
Lk907Avk,38,London
FNjgk2kX,33,Berlin
qaQIdxeE,21,SF
VHeBTkm2,48,Berlin
B9rRRIvX,52,LA
OuI9EImI,40,NY
x1YfXT7j,61,London
wYs8znbQ,39,London
OdwD0Nec,58,London
2u3qHvs6,64,LA
zvafY9n5,46,LA
OeyuQdOs,68,SF
DMsBRl5w,55,SF
6sVZEmAL,53,LA
FcDMoXOX,68,London
h3Uq5TQm,51,NY
tvpCAyZs,30,LA
Gsp74VB4,69,LA
6BVIjBHv,29,London
r5htNPM6,29,LA
We6iFIja,25,LA
W6fVGD0k,58,SF
WhTtN0Mw,57,London
ZlJ978r6,67,SF
LR4hphAe,46,NY
p1PyGUgL,63,SF
JyzjEoQA,19,Berlin
BAepdD6M,43,Berlin
1crav9MN,25,London
4uFX6qrA,39,Berlin
RmztbJBH,43,SF
6osc5dOY,59,Berlin
sD2RRYJW,54,SF
jfXXSSpI,51,LA
bgrsDOqK,69,SF
BA0RgRb5,66,London
kces6jdG,18,Berlin
W3nXGinp,54,London
8g9vRy5F,60,SF
LjYyzhSx,57,Berlin
Q1IUXFxg,20,LA
zFnuyQhE,34,Berlin
tdFN1u82,36,SF
DrLLe2hi,32,SF
3qScJRyU,30,NY
gbH2TLIO,57,NY
pUqDt4O8,34,NY
VS9Y0UeZ,41,Berlin
CfPm2XHA,61,NY
dYNqGy3v,32,Berlin
Bz1em90K,67,NY
bLKOUZwj,47,SF
cF90UgyA,22,LA
FmYnIW3a,56,SF
30ZRcX0x,56,Berlin
Dw3D5nq7,18,LA
KnBjH6Kr,22,NY
mRD7t0AD,22,SF
LiktlvRH,46,NY
d0ukNz4K,52,NY
D1Lz1Ku2,51,LA
Jwnzi53T,37,London
JCl8yAVD,52,London
hDaxnQqe,59,NY
pmYkfcV0,35,London
MvuflJym,30,LA
vwjjXwAl,34,SF
GiSPMR6c,37,SF
rwVWTavx,64,LA
7kTiWI9p,63,London
I3zfWW0w,69,London
S7N1CUna,60,NY
3u7GzhPn,44,Berlin
eIwB5BuB,20,NY
ecgEAdyQ,31,LA
tdw4hlb4,28,SF
1z42Ksgp,68,Berlin
3CRAcRmi,42,SF
9AX0Czoi,66,SF
dm1fr9Cx,27,SF
ua6CNTup,27,SF
AS83zLOg,25,SF
cmPe49AG,44,SF
fKfdjeVx,28,Berlin
h0ufxwTs,45,SF
uiCZioi5,48,SF
jhJgF8tP,56,SF
if9Ah5uK,45,Berlin
30g0hhcv,42,NY
FBExH47x,43,Berlin
nzs2BCqV,69,NY
2Jcj10T0,51,NY
z9t8jXsQ,59,SF
I7GfBKcL,65,Berlin
7aXgQm7K,28,LA
q3FTX7cQ,51,LA
tXI6BpQo,57,London
2w7vOe64,38,London
ZEBHACuJ,22,Berlin
5FToAlmE,33,London
6o9uEmqe,31,Berlin
ht46QvHx,33,London
pAmy1fCI,35,LA
JFhgOM07,30,NY
qmjrdM2x,43,SF
KPs8mdoY,63,LA
cNO1sFW4,26,NY
aF1vFdXJ,65,SF
jy4MxqdV,68,LA
4MleDvxU,60,SF
GqigUHU5,24,SF
MfbqWHes,28,Berlin
0FITwIM2,18,Berlin
8LMstA5t,62,London
viuCveZC,23,London
LyFb8r3d,43,Berlin
HpGVoTLX,33,Berlin
TmFvFiTG,62,SF
qpJK2SxL,60,LA
M3tSBjpM,49,NY
VJONFADS,41,SF
JSibyYMD,63,SF
e5udRVKT,33,London
vh2fHLku,41,NY
LmJ7zGmw,67,LA
Yw0HoJQ7,47,LA
reWNaIlL,36,SF
bB3PIyC5,39,London
6GQonoB0,23,NY
crWHfJYm,35,Berlin
ppRpo457,34,NY
FAV7hhtb,53,SF
5zR4dbbc,18,SF
QE4PTzZo,54,NY
8siIJqMI,48,LA
YxGdcRwo,44,London
eEGmQRRN,40,SF
fHK4OvY9,34,Berlin
rgv7RYE5,45,Berlin
91cTQfQJ,44,SF
rfwNRrNP,61,London
32RnZRGR,22,NY
HyRdv5Ex,44,LA
FXSwb8kd,50,London
WXx5kRMI,69,SF
00Rri4Rb,32,SF
KpjsLywO,43,LA
4WWkGgWl,69,NY
i2v6lNYB,30,NY
wsW2kReu,51,SF
lsVZrxGk,53,London
FmU8aebe,20,Berlin
RgjPERvr,62,SF
uYQAqwpY,59,NY
Hbs0gKmy,49,LA
9mMD98m0,55,Berlin
MhbKZMmg,23,LA
gr1rcUZr,39,LA
J7EuOOpn,52,LA
AEl84Tys,58,London
Gg3IBmcF,27,LA
u9ohCdEB,36,London
IVsCbfEy,25,London
zxpxEhYC,44,Berlin
JlIzDits,19,London
SctVqYbm,68,LA
H5gqq6gC,25,London
0dRBWKOI,47,SF
UlNHaudb,48,LA
DJqUAJKL,37,NY
upolN76l,31,London
ZBRT8y6N,44,London
zKrd3gjA,50,LA
PgBBNVLn,50,SF
eOS8RIZ3,32,NY
jTOMVlIW,68,LA
xE8s91vI,66,SF
w8XMXBCR,42,London
LchNUuqW,46,LA
EaAX3AQx,38,LA
aYHL4dLZ,30,SF
Th3BemXr,69,SF
vH6DCaVO,62,LA
zzofPaNj,65,SF
Sn5VsAbP,66,SF
i3k6rMHp,42,Berlin
onscblUN,54,LA
MLqmRHue,57,London
PYYIOKOg,58,London
p6Ni8RhZ,49,LA
SjxMdxpm,39,NY
KL2oDfmQ,63,Berlin
t6hHLee7,45,LA
Kz0rIvcH,47,SF
SeSwvcKI,58,Berlin
ZwGTIriH,66,London
IOk7MzFa,60,SF
ZegL8X3k,56,Berlin
c69MjFbL,39,LA
Leh77Ra4,23,London
SssW25W7,46,LA
47vmcZQH,50,NY
qq9Mylcq,39,Berlin
OS20Oinp,42,NY
T1Upcn2b,30,NY
AjRRpFcn,41,NY
iBPgkvvM,27,LA
DyYkQnQ4,57,Berlin
pMSUQHR6,64,SF
vnYIJ4JH,44,NY
kCsS7ihM,23,Berlin
dBsyjFXx,19,London
W3hXX6nf,63,NY
JDFP9aEi,68,London
B0yfy5Be,42,Berlin
gEqBtyhn,34,NY
SL5ONGUk,32,London
kQ843hkm,46,London
FuapNeqb,28,London
O6O8OdHq,69,Berlin
1wAlDzZK,52,SF
jJeocgaJ,53,LA
TRWQj52s,44,London
ETKR5wxR,32,SF
BkuBJ4R5,52,Berlin
vwwMCbUc,55,NY
MRVaImtZ,36,LA
EntZOV1V,59,Berlin
gAaszvQ6,19,NY
yobq8vxh,32,LA
L85wnCQi,30,Berlin
rfduhVCB,34,LA
oLti9eRV,54,LA
IVp1DDBQ,64,London
yXdmwSg3,69,NY
HJk0ot3D,20,SF
f6dgqavl,67,LA
x8gUpCVL,49,SF
BH5d3rwz,36,NY
ER3un71L,20,Berlin
DmNAjgyD,47,LA
w2mLBxaZ,18,London
e93Dsr8C,35,Berlin
Tjwi3TTt,45,SF
tRdvY2eD,66,London
tO7gKLhY,53,Berlin
6flUMB71,21,SF
3hvg2eKN,49,NY
b8CFybcG,33,Berlin
EGTJ2rrw,58,London
Pbvcibvc,66,NY
NS5V41mE,37,London
HP1NCssI,67,Berlin
bKKq9IZV,24,SF
CiTsPKry,60,SF
F6LMrcmM,55,NY
PlGDvmlw,59,LA
wDM84Io5,33,London
EEPTBqyP,52,SF
nfNkyaw1,23,NY
1l92iDHD,33,Berlin
fbdl8ojt,57,SF
ScBz7K1U,20,SF
T3dQ4Evn,52,NY
50bYd6Y8,66,London
SAmAIq9G,46,NY
aYWuYhGQ,68,NY
OZ1YSCho,52,London
qs8mIhcd,45,Berlin
tXX6ygBV,30,London
d9tVtlDC,57,SF
Y1EhE180,21,Berlin
fPnwnA0C,49,Berlin
uSSvRBEY,37,Berlin
MlKUqFbP,69,LA
WOtkP5dk,64,Berlin
81hUs5Ua,21,London
DZGAXymk,25,LA
Ru5EUcJ7,47,London
RQ0wp9EJ,35,Berlin
rKAi3KtM,51,London
ovSEEASX,24,SF
oHPusKhL,30,SF
ILQSmWzB,37,NY
1pbwTnTt,65,SF
hYr5UpyH,44,NY
qG4Oxmh0,67,SF
tFSxlN2I,26,London
S1ueqiY5,57,SF
SLd44DV1,55,SF
PNJmffj7,35,SF
AVHyIJSQ,59,NY
1FyKjQFq,22,LA
ZoVbb12V,63,Berlin
2nMB1rHa,44,SF
HfgHjTNj,27,LA
jjqVFKpG,34,SF
io4QtVKK,32,NY
1pPCaes2,33,NY
KxvrdGin,21,NY
LKXOsvxX,67,Berlin
CFMPb8k7,62,NY
YenPOzT2,38,London
CPIZyjy9,32,LA
l6jCQLXN,56,London
Au1En2XS,67,SF
nXPf63CZ,46,LA
sXdUARna,51,London
QLTcnouS,60,London
gtLfz7ES,43,SF
UkDyioYc,25,Berlin
lneQN2Wv,19,LA
FL4AMbqx,65,LA
ohj6JCZD,41,SF
Od2vT25W,35,SF
zFDSEXuz,65,Berlin
SBgXRLtk,35,LA
XuxWokBC,26,Berlin
PsOKhogd,31,LA
tP8uxEWR,36,London
nbeD0D44,30,SF
hc2QaCJ8,31,London
HUxa1S9h,69,Berlin
MNGwlUJm,33,London
kBvrCSwt,54,Berlin
HUcuo9ec,18,NY
nfl7AOyn,44,SF
DFvQ5bH6,18,LA
PBVkkW6z,36,LA
YK6BHPUb,46,Berlin
RED6pKmm,30,Berlin
X5WqYaub,36,NY
J8Bb7Aq9,60,SF
s2ErczjE,38,LA
nrxexv2Y,40,SF
e8PoKTiu,43,Berlin
PRPTibzU,46,London
vfW3QwCP,66,LA
aDvXKSCd,25,NY
Zsucdr7V,31,SF
z62tMEPv,45,Berlin
KSf8EFI4,64,SF
mRm7vWlW,42,NY
NU22ckag,57,NY
8wlyUGL5,35,London
PLIiiUhS,54,Berlin
gUd3FpbC,21,SF
wyl6wZU6,50,SF
Q14QI7h7,20,London
a0MBVawF,69,LA
VtBPXSrI,63,London
wMz2e7Eh,42,London
n6tMOOIK,38,NY
IlyFyZLZ,22,NY
EqjP4K5B,66,NY
lhlsJ3fl,27,SF
FViceinB,29,NY
VnUrKdRn,25,Berlin
KCjgg1R0,59,NY
WwXj9PBu,59,NY
cPSYNKs2,27,London
meiVrGPz,59,NY
vLDekVXu,60,London
ZC8hvFfB,29,Berlin
LScinUoR,24,Berlin
4I2CTmIi,43,LA
mIKniPnG,28,NY
4s1oYGAh,63,LA
ye2aR7wY,41,SF
6amggBRx,49,SF
BqfrlSXO,41,LA
Ejpc0ar3,37,LA
ehuqvMnL,30,NY
xyFtEG2G,43,NY
0erQjLfl,32,SF
47CmtSFl,55,SF
buijqys1,31,SF
TTlpbQ3G,50,LA
RCrAiJ05,45,SF
MUSrqICr,34,LA
BYQcs8wE,48,Berlin
nGaHg3Lc,45,Berlin
LC1Br8tf,34,Berlin
cyvGa4c4,64,Berlin
hDJ8IbPZ,45,Berlin
wgZrxWgt,63,Berlin
T0gbumfC,22,NY
44wpCs9E,33,LA
EA8I3PrF,37,NY
O4O3FCqk,44,NY
YaiTG3nB,61,Berlin
glwOG4A3,33,NY
e9D0uskG,36,Berlin
G13mSBhP,32,NY
wJeCGuTf,69,London
pX3IW9LJ,45,LA
3lObDN3E,22,SF
rTRmQNHa,51,LA
MNJg8Pzy,38,SF
u38syUK3,67,London
0ZaZ6v7A,31,Berlin
Bx9UN6Oi,27,SF
xcwL3ihK,23,LA
Zm1OAj8Y,19,LA
8vQHyUAI,26,London
OIG9NAqC,42,SF
7alJ8zZa,51,Berlin
jbhMLJah,48,Berlin
YeZh3Ryz,31,NY
9qhTgtGC,20,NY
5etXCleZ,50,Berlin
LPmSJUGR,23,SF
mBJrhTVR,58,SF
YKB8eYAu,63,LA
qIAeEsfB,19,LA
4DSY4CMR,23,NY
ZgQagnLb,18,SF
x0O6xru7,42,NY
14lA2o1M,42,SF
242O3dHZ,51,NY
dXwVxUNv,44,SF
pUGQdU5M,53,LA
qlgH1PSw,62,London
JbQEOSLY,54,London
YtJORFEM,44,NY
jYe48txc,62,Berlin
QI8uQbwV,49,LA
nkCg09qL,43,Berlin
3w5mW7cF,67,LA
YZiGCVzo,30,NY
eYoSN9VS,66,SF
5I5m1pST,66,SF
GpfdYN9k,19,LA
tptW9Sle,54,SF
BNgaqZaG,22,LA
ohAHnhBy,43,London
jjS9lFMI,60,NY
WfkFuUXx,41,LA
ke9Fou2q,67,NY
lsaxnVeP,59,Berlin
0IK8RIXK,40,LA
uzV1l3Ia,47,NY
vGojc0uS,45,NY
YCxs2yY6,38,NY
HCGUMjWt,62,LA
ThQSi8lh,32,NY
lrJLeZHE,34,LA
kgRjlroz,61,NY
JPrDytS6,66,London
FY97FJFg,56,NY
aC6me5c1,44,LA
5k32OnNf,52,LA
xWo5iRFZ,30,London
xDuAiKSr,51,NY
LeGUBKQq,21,NY
ycdWNEgJ,61,NY
kFZ0Eo1g,67,Berlin
rcc0gHTR,27,London
nsMDPmVb,58,SF
83hlVMfZ,27,Berlin
8ibnLOjo,18,London
KOc7xn4r,27,Berlin
NIti7oo8,22,SF
ni6JNV3H,57,SF
L9cH6Cif,56,Berlin
5SU7FSYZ,52,Berlin
b8s1hbZN,19,SF
Zc611OAB,59,LA
9Lcsf4iH,27,NY
AsmO4NFX,48,SF
t8dmTxtT,32,LA
SQYgXlnl,26,SF
Fmc3320G,36,NY
EanpXM6g,27,Berlin
My89Iq2B,35,London
rTjm40Dy,59,NY
6nSoS0Es,61,Berlin
SWbVfyGU,47,Berlin
N2wU2nOb,20,London
H4TajXpJ,47,Berlin
HA69FLfz,57,NY
bB1UBLJG,42,NY
FwtreWYY,37,London
qgQrHRDa,49,LA
8xSb421H,63,LA
mVbE4Ykq,50,Berlin
ZGSrEKmX,21,SF
PZthju3F,38,NY
W0hYOSQR,41,SF
ZLIaRmrg,58,SF
wLD0cz9a,49,London
R7fsT0eM,18,Berlin
bMb79yQF,45,NY
bb8AQOCH,20,NY
EUyIuNRl,65,London
bQcvOLZt,21,London
s8iqMRBN,20,Berlin
zOqqhT5l,57,NY
OnJSb3Vv,22,Berlin
wJCVKdpW,67,Berlin
L3cAvWVF,24,Berlin
ZEaON0GG,25,London
1SjjEtjZ,39,NY
aYLzjlHK,46,LA
rtCesGTl,28,Berlin
7i68DgKb,61,NY
mFRB5kyv,34,NY
PLwLkykp,40,NY
w9qzBT5G,21,London
abrkMSBt,43,NY
Lb1pGa3q,67,LA
4keg9kq6,57,LA
DzhFv98W,24,SF
ZcGipYGL,31,NY
bkZZ9QZo,68,NY
A0I3ssGR,38,LA
gJHSgcjv,39,London
0a83EMQB,35,London
cYFdgbQg,46,SF
7HtYZBLk,50,LA
yMhOC7XV,44,Berlin
HnyaoPHV,53,Berlin
ejUHbQn3,62,Berlin
CLbEt6Dr,51,London
mJ2IVGvA,20,NY
GOty3Hdc,50,NY
zJ0ZP9WJ,49,LA
vFcwalmx,52,Berlin
N3cl6Ln7,53,London
LYyg19Hq,69,LA
Hzz3ogbg,53,LA
8ZccAqO5,65,LA
piiq8g28,51,Berlin
B94DH89q,23,Berlin
cCw4e0Ma,61,Berlin
L4bEAK4M,48,LA
dhmDOvSv,65,London
ZaemkX2u,23,SF
zrsROp0T,22,SF
ANO4QPzL,37,SF
mGpGmezH,35,London
46L3XGIh,69,Berlin
YhQGrJXr,51,Berlin
IVEIzv0H,44,London
XeFTtLkP,31,London
6KnqvfXB,30,LA
IcHFlsXw,24,LA
FseQc2X5,66,Berlin
n0NPEA70,69,SF
C8INZPhh,67,SF
rBb2Akqo,65,Berlin
dPAv6KZs,21,London
vQ2tsx5x,42,NY
V7zXDNGf,51,Berlin
uzqKSJds,56,NY
1umT52kY,58,SF
cTe5uA9q,45,London
U5jLKsx5,49,NY
zAlRmjxF,47,LA
M4mQsdSU,29,Berlin
PwxjS3Ou,45,SF
LNawzXzj,19,NY
jiZ8U0aZ,53,LA
jP7u7L7J,27,NY
h3cpSbrK,30,NY
bZckRAfW,25,London
pcfZNmlN,36,London
pRZd87mz,20,London
kVdEOz0P,69,NY
6xFPHexL,18,LA
OlmtHyCz,36,Berlin
gofqn08m,65,London
ac5Sp21V,32,SF
pl5MzebG,50,LA
EshC8an5,61,LA
AL3g8SWW,62,London
7swuni1h,59,Berlin
wvhit7zG,42,London
1yTvu8xt,62,NY
DmCUwNPJ,57,Berlin
ux8UuVj6,60,Berlin
s3CmEo8G,34,NY
kAzVDeGo,18,LA
e8shqDnQ,38,London
CCeT3mDi,42,Berlin
Cxxezh8f,31,London
BgpOWEJa,36,London
bqq3rPjL,19,London
Ksz5sIfa,42,NY
n9WGHwWz,33,SF
8jHlIX5a,63,London
fnJAE53F,41,Berlin
xykwksbQ,36,Berlin
8DgVQRhK,54,NY
9Hjzn60s,55,SF
HGHTuwnr,69,Berlin
f0BeZrLK,57,SF
07L44Yu6,51,SF
oxK3aX91,58,Berlin
4yYhd1Ky,65,LA
pCSmKFjn,26,SF
Gw4f5gph,47,LA
H3vs1RLc,22,NY
WLZSq6lG,24,NY
NOKhkikZ,61,NY
eNjdQP6r,34,NY
jUusSWzU,44,LA
Wnr0Kk5k,65,SF
ISzvyp7D,59,SF
cEKWNXaa,60,SF
lt11fnS1,35,SF
esFL1InW,51,SF
Xia6xXCs,34,London
KhoojWzL,33,LA
0NUtAlgn,46,Berlin
9yiaQwiL,30,London
wFaq1WYG,24,London
7EGnllzr,52,NY
8OtafW3U,55,London
vWYK3PLV,65,Berlin
Q7Nagv1x,43,NY
9sTJ2C9B,38,SF
XBqGgADl,20,SF
haTnM1Fh,42,NY
AjX3tCgw,26,NY
PGRXGreX,65,Berlin
rNbAiFGj,27,LA
y3WzcnNQ,54,LA
4My5waKw,43,Berlin
g2VCK25C,49,London
OmEyvc5l,31,Berlin
UNfGF2Li,39,NY
JrtOEITD,64,NY
Z15AXTA9,59,SF
glwGrvhS,60,Berlin
M5SIEP48,50,SF
08jIUGZq,34,SF
gHOkgDJP,51,LA
ffkpEYe9,26,London
XwwodWjk,25,London
PzZESw6V,55,Berlin
YmMyBzPS,39,LA
dKExCkcI,57,London
CF86FsAf,38,London
KFabrerA,18,London
7YInSlmO,19,SF
BiG0uhtQ,32,NY
3cim9kH2,57,NY
UWGPmr7b,18,NY
5ChM7DI2,47,SF
P1zgFmXB,39,NY
q0OUXRax,33,SF
RSTQXupS,48,London
qRql6Lrc,39,SF
N0cfGhyX,69,NY
qIiBaYgk,38,SF
9vzqiTfc,39,LA
c5AUGLr7,38,SF
j66s2MQW,51,NY
aaQwlqg1,47,NY
NAQRzQZD,61,Berlin
U48sKUVD,69,Berlin
ov54pgKV,31,London
d8Tx3Gtq,53,LA
jYqow5vI,30,Berlin
8xRK3PQx,62,NY
L4cTwqyH,25,Berlin
NmQb6wx1,37,Berlin
fSvP2xSw,53,NY
6XglomWT,45,Berlin
D4qlwbuV,27,Berlin
1zyy0GYy,33,LA
GDLl6Wrp,38,SF
4ksBx5Sk,33,LA
HvS6EBoi,44,LA
wUxqdV4i,64,NY
CviyK4jK,39,London
tQ2TZswD,41,London
UxkWzOls,45,NY
QI5BAY0x,50,NY
caY98Zoj,66,London
KQUBrXHf,37,London
UzYQ3rA0,58,LA
GsfSEy9c,66,Berlin
JmWemxi2,41,NY
X0JwcYfA,24,Berlin
8B86HeIS,18,SF
cH593tgk,36,London
IXuWGeOM,60,SF
8SR5SbUP,26,LA
OToOJRNK,23,SF
bnNMYpxE,24,NY
aArv7SZt,23,London
xQOKSuKr,37,NY
7rtOodzY,18,Berlin
MCBO9UnO,62,LA
udsMm7my,37,NY
uxyLQqgJ,18,London
xjdelShG,30,Berlin
xx0z8HGf,53,NY
xlbBfLvK,24,NY
R1Y7UZVC,49,SF
LKyKlyRu,21,LA
dPI6tPNV,22,NY
tlIQsIwu,36,NY
sLuYtatu,20,London
MadFeEG2,42,SF
B3jnLepn,25,SF
WthR6QlO,42,SF
vgKYN9UR,53,LA
UTV1HXeY,59,SF
jXGf1PdS,65,NY
2cC8BiHQ,26,Berlin
veZfvKdy,53,LA
GW9fadmg,63,London
DkGhHjgr,28,NY
5jyX2LZ7,68,NY
1mERNxhi,51,Berlin
gNym42pD,48,Berlin
40SbYMPX,63,SF
1FEmbqLK,68,NY
tsXoRiDg,46,SF
QPZjVfTk,37,London
A15L2p5v,25,London
a76frXBQ,29,SF
I9zfhAiF,22,Berlin
VDmS2TSS,63,SF
E8fkKWXw,26,London
aqLBRz33,57,LA
sAGSQKr4,33,London
XcB4sscb,53,NY
QUJgiKpi,40,LA
lTMPwUPh,26,SF
IHOlj8lp,53,NY
B9tLSQEf,67,NY
EUgJUnGn,35,SF
SWWAyGsz,60,LA
7kkMGys9,21,NY
M90y7Cim,32,Berlin
TvPkLekX,63,SF
z9fXFZe0,23,NY
Y83dfldN,31,LA
Z6YBtpJX,37,London
VnrPHfsg,48,NY
DaCL83ym,69,NY
soZ5Gd6c,21,London
cZ68BgGA,31,Berlin
Wy05b2kj,41,NY
D0sSdPdg,55,NY
DCbZAFQ3,23,SF
q8lvp7rU,30,Berlin
ywgvi869,18,London
AwL4GtuZ,61,SF
o6x7Afdh,21,Berlin
wIuZmSkn,52,LA
Spww7N3Z,68,LA
JIP3f7US,53,SF
unFlvHWi,65,LA
zkWKt547,50,SF
A2kt1fng,19,London
0yM5QVzq,42,SF
JWAQAJWT,37,London
t0l9wbUZ,61,NY
1AwFB1kA,36,SF
2eIqU1dt,27,London
jwuLoVt8,28,London
minA00B4,20,NY
xynzmTed,31,LA
RwKOJAEU,21,LA
aNTX5E7v,55,LA
kTX4ssHl,38,LA
dhJoYy84,26,Berlin
EhJ53UD2,33,NY
lzLx5E9r,47,SF
Nlcr04rG,23,London
wrO44EjN,52,NY
7bG6Al7c,25,Berlin
q0lKTcXn,54,London
EQIUOddX,49,LA
REjToQTq,66,NY
xBstEtU9,65,London
b25NOoy6,28,London
NyrYEvkS,32,London
8GOPzcXJ,60,SF
4sWKC8VI,23,London
3fsD5g8F,39,LA
cIzxo0vp,42,NY
2jMBsxcX,22,London
x0ig5NYT,63,SF
R5WqwPcE,33,LA
mjlqfKX7,20,SF
Uq0vXGRJ,47,London
Tu9sODU6,67,Berlin
d7pomgml,50,SF
uDJyfFrq,34,SF
cd2aZgXx,36,SF
pbN0JbTL,53,Berlin
EbNpV3z9,18,LA
ah0i1Jy5,50,SF
ifCPLDUH,33,London
dDiuu3pc,67,Berlin
W1z84PSR,47,LA
gb1oUzfR,65,London
nxio799W,22,NY
HexQBlUa,41,London
NwEAzO9i,66,NY
PbRLpqvT,51,Berlin
VBveo09h,43,Berlin
fx5EwXy4,31,Berlin
VajJesi8,32,NY
GsmEN6f5,33,SF
b1YZ9gNT,47,LA
AhyZVHPS,57,LA
6f4mk8GU,45,LA
3ah2ajxI,61,LA
6OAAvhdM,24,London
fKeEI7ZX,62,LA
LZQPBQSA,44,London
84OvUxM3,28,SF
5tC2kREd,49,Berlin
oh3jKhw2,38,SF
tsuITfKq,35,LA
wxn5niqA,57,London
zYPU8rua,60,LA
Lh4Z4gjA,61,London
5prhizZh,20,Berlin
nqUk0SOn,60,London
ApwLdOI5,46,NY
kWY13Nzo,31,Berlin
tGq9ApnV,42,LA
XeeDESrC,36,LA
Uc7fmAGZ,58,LA
vYbiBLR1,34,LA
aKfIwObd,62,SF
RVhEaziC,34,SF
bvbGe81Q,60,SF
w4c40WJO,43,SF
M0LoyBXg,45,Berlin
8DcVm4yq,68,Berlin
PrZb4flO,47,SF
Njz98fRd,45,London
ZmQMqHaq,32,SF
W40k9fxy,62,NY
Jej1mw3X,34,LA
MRUdW5fy,26,London
bmnGmE8q,45,SF
EcROM74O,36,LA
kegbMXxk,49,Berlin
gwhYFTaC,26,London
yYsHTivn,46,LA
NivQ9D16,29,London
5Y5sk1iV,53,SF
WkgGOS38,41,London
Mp5OkkPe,55,London
m8K6l83d,22,SF
i555ASu3,50,LA
XHNNDU5J,21,Berlin
AFZRx7BI,24,London
pD4jn708,64,NY
m0OBWaH0,49,LA
O6aHlqnB,43,NY
IZtZ2sn0,20,Berlin
Lq7kM5yW,41,LA
tEpuEukr,23,NY
ZETPriNk,52,Berlin
BfNGcPj8,47,NY
YqWrH0wA,46,London
CfhaBe82,68,NY
zL8eC7bZ,64,LA
BKWpsUtN,26,Berlin
2rSJ1e1b,29,Berlin
afSxJ3Hm,64,LA
C3Zc698n,30,London
uufqoBUi,23,SF
diwQ4lce,64,London
RwuT0TJU,46,Berlin
5fOr31Zd,38,Berlin
L1TK8oPX,51,London
DRt3bBzk,53,LA
lkEaugQb,68,SF
dsgrk5KX,41,LA
78z5goHF,28,NY
6E9rjaW4,46,SF
40pWgjBm,64,London
bhM2Vmlo,63,SF
ifSxhajm,24,Berlin
cm2Xsx0a,41,Berlin
AZHp4XTK,65,Berlin
jODaH6u9,44,LA
wwlFzZhe,68,LA
ceFJLXaT,68,Berlin
Ur6UUBig,63,London
BPrN4fF0,55,London
OelfvfBR,43,London
FTNR7mS4,51,London
tKH3AMLY,39,London
LQCALAYr,19,London
QXJpjR5V,65,LA
XZdn5uNS,53,LA
1KQksJoD,27,SF
p460s7DE,48,SF
TtSMy2fk,28,Berlin
qI7XGKtI,56,London
P48e0e0B,60,Berlin
Fd03Aalf,40,NY
GCqcAo4U,21,NY
KBVidFLO,24,LA
Vxd0WvCb,44,LA
yZJa7Zmq,53,Berlin
s1Z2AqJy,53,SF
DYVMP0wY,44,London
QOVU6zIM,55,LA
PxmZY85F,42,NY
gsa28nRC,51,LA
LtKNDXJb,33,London
E53MymUJ,43,London
Kp7qYT9e,53,LA
0sVK6FZ6,20,NY
NyrRLra7,52,LA
wsHRnJxB,53,LA
MhVAMJKi,55,Berlin
ThuMhJHs,46,NY
T0Lm8zm5,39,SF
AqRplbZo,48,SF
BK8Nwt8t,35,LA
vVhTYxkl,33,Berlin
pjhwPzuY,26,NY
cVDvAyHB,69,Berlin
b0EiGav3,46,LA
UmY3kVAd,19,LA
hCKDC3VX,64,London
UPvICG7L,23,London
wELwATbN,39,SF
WMTAYYXz,58,LA
8FamTfZd,25,London
Ey9qLSsu,20,London
F6khq3Gx,45,London
R6IeweEV,45,LA
B45Q4PUr,66,London
OtzNlrpy,20,London
Xrkq582L,56,London
99bGFa7I,62,Berlin
TxGqzy1l,19,Berlin
Muwjsq6Q,33,NY
yfBDwWyE,30,Berlin
eHCR6O8S,47,NY
ExiEwGk9,23,London
ospnkeWy,42,LA
R6u7vg3B,62,Berlin
jkUjCcKJ,26,SF
ySDDTrD2,30,Berlin
h8kF96RJ,68,NY
z3XxPhpn,43,NY
d5GCwJGn,18,London
IRIW3A4A,55,London
WRa5602b,52,Berlin
UHHQaDQd,37,LA
Tpo50vh5,45,London
GBWBccAk,30,London
PwAzcgcn,22,SF
9z7YHGVG,34,Berlin
GqhcKEJ8,65,London
6EYQ7AuR,53,SF
1qdY6JqV,43,NY
orHk9UAt,26,Berlin
59OgSIib,35,LA
L05O6QYb,21,LA
aNXlhm2h,50,SF
1uvpPitD,49,LA
NVtBecwA,55,NY
2xhFlD2G,35,SF
tWJlrwru,42,NY
YmMTy0t8,55,LA
QMZXjSLt,22,Berlin
rOjnyMgB,49,London
z460a4Qp,49,NY
zM1A0Bb0,50,London
nCPPLyGe,34,NY
WMttRlhA,50,Berlin
LkoxEGcT,38,Berlin
TpXNNNgE,37,Berlin
xoiszevL,65,London
cXfD2IQI,59,LA
L1JAeGtb,59,LA
2ehHe2el,19,Berlin
bOs0BKWZ,32,Berlin
VOy26HIB,58,SF
orVsVfWv,50,NY
onblHToB,23,LA
0LXio8yd,46,Berlin
WFpYYVSX,23,LA
Q5uaq85O,44,NY
4LkOvILT,66,NY
9Yqbly8l,52,SF
MoBkGTK8,26,Berlin
sHyQnVKM,36,London
xmrhGIAU,43,LA
C14bufAB,35,NY
cYB8Gs14,33,Berlin
80KrWNop,65,NY
Q0FkecAr,67,SF
oZSvMnLI,64,NY
XSsSvXuW,37,Berlin
Jlg1zEaK,48,LA
O0m6Dpdt,25,Berlin
IVYDJJG9,40,London
cGRyGnfk,45,NY
BljiydwA,57,SF
gDgpP1rx,36,NY
iQTxP6cz,67,Berlin
yp09Gte6,56,NY
xvYyA9MN,29,SF
6E6RKpTo,33,LA
NEWxdZmY,32,LA
2bO2R7WA,34,LA
ba0h50JU,61,London
t0cXUaS9,21,London
lUFKByAf,67,NY
oh1fV2JR,37,Berlin
ZIpewaFe,27,NY
ChlPOfSW,23,NY
GfKSBDDy,47,NY
hH9qjeVM,45,LA
su7IO3Ds,60,NY
LdxPdMyK,19,London
J52lEiI8,65,LA
aWEmT2VF,26,SF
0CLISy3Q,46,LA
xfVFrPN1,56,LA
qtn8BldE,51,LA
85VpM4NO,18,SF
lUhFdJl5,48,NY
6voopbHh,28,LA
2ESlzngZ,37,Berlin
eq3qIwTf,69,SF
52a4RmkD,68,SF
hLujb4cv,30,SF
ZYD8o92p,19,SF
4iaMrLyi,39,SF
D5JRZTLi,42,Berlin
fFs61FSP,63,London
24KMpzQG,61,LA
fmriR2d3,40,LA
XV2jT0di,32,NY
1U1bJ0J5,47,Berlin
1W7wkDY1,21,Berlin
gsa3MyBz,58,NY
Qh2Qkk8n,44,NY
GSV6fLdu,30,SF
OCD8YdKE,60,SF
J9IXIu5j,63,SF
rNiXOgUn,57,Berlin
Cynwk1te,31,London
zfWWEc0I,57,SF
vFlssH07,31,London
5dIlFnX7,41,NY
5BQWQNIv,56,London
SWNsHYuN,53,London
PgOas2JA,41,LA
NZYhg6oF,20,London
DqzIEGbg,54,SF
SbULmng1,35,LA
cuvqYpV9,33,SF
NNc6Zfwj,42,Berlin
nkYmKWqv,51,LA
4VIutCaw,24,SF
TpjCklr7,35,LA
NoL7efSN,43,NY
4CAfSiIM,44,Berlin
BnLsiYnS,52,SF
qJhyOcnR,42,LA
xbHtvund,38,London
uH19ivSi,43,LA
fTbiXfqi,19,NY
ZZMyLucK,45,SF
UgE5VnH2,34,Berlin
80MVP1kW,56,London
rQvl2ig6,41,LA
qShT9yvW,46,SF
TwuVeGGG,34,SF
5KpGUcma,56,London
obnfPAec,28,LA
6ocTKBZy,34,NY
DqtibluJ,52,London
xUvoZ5Ya,27,NY
av4O4v2f,56,NY
2bbWb4Id,35,London
RkvjDpvC,50,LA
5D787JMm,49,London
M6CimoOD,27,LA
Tyfg13Xt,62,Berlin
TsiPaQla,55,LA
qPt4Caqe,34,NY
VdpqfDc3,20,NY
H4OuqMB0,54,NY
qosvagCr,69,London
Fp0qdXto,25,London
erp4BvZY,34,London
tgRi9hUm,69,SF
IAKcdCTK,24,London
CLjiejBm,65,SF
hbhNA5NM,41,SF
M0J51OUF,69,London
M1Bl3mdE,64,SF
D4sjLCiR,26,London
6D2RSpjY,24,NY
bn0QRrdL,36,LA
bpL4lCkF,29,NY
rDVD1YFH,26,Berlin
A4zI8cov,29,NY
wUYApZRg,50,SF
xlSa4oF1,54,LA
y48wmJWH,39,LA
2arpfx7O,55,Berlin
kTmOpFWt,59,LA
z7gTjZaZ,44,London
lGiC6tmN,36,SF
38jivuQ5,40,LA
L8j0GQuj,51,London
3sXxyamY,18,SF
gnRqzsRB,63,SF
mwjTYLXa,22,SF
j6ejBaRU,19,SF
pLDceKPb,39,SF
f17fLHl4,30,SF
Ol1S13ID,30,SF
YvX1axUB,57,SF
q2IIfYtm,21,SF
fsyeln3D,37,London
wMWGg62a,34,Berlin
qz6XojWC,62,SF
S2ikfBzV,48,NY
45SAXrHF,53,London
jefo4odx,21,LA
HMI0vg5F,24,LA
FUgL0joz,69,London
sYlbMjda,50,London
rkkdpPwM,58,NY
SXqMOGPL,21,LA
JuujFwQf,43,NY
capeFudZ,23,SF
Oq2w8xFZ,38,SF
rePa9Y5t,51,London
QcCc87HQ,43,SF
S048QJyI,24,London
gHK3ziT3,42,Berlin
tqWsSiyV,63,SF
yGZSwFUQ,32,London
hFcVgQs0,64,LA
6RgzQZpD,58,Berlin
6jV9AoBs,64,NY
j6K6eQcR,45,LA
pm9LZFw9,60,Berlin
qROYrHvS,38,Berlin
jC1mlIid,53,Berlin
rJogwNYd,53,LA
2MDRxXkq,19,LA
zM8jPB1i,47,Berlin
6oliEFV1,36,Berlin
CCS9S2L7,22,SF
dZi1nvU0,26,LA
Ss7pwrKl,32,London
B19921AY,25,London
nsNMOskf,62,NY
KpgosQyB,39,Berlin
kU8Zllwj,47,London
rfrLRkq8,66,SF
ySpW9N9L,53,NY
Z2sPHBrc,19,NY
whv6qAYq,50,London
8Q3J9Hzx,48,LA
eidtg6Ji,56,SF
Helthexk,43,NY
kWqYHa8T,22,Berlin
9CKWudJx,45,Berlin
dTrdkyH8,24,LA
8jUMYwms,49,SF
qInVSpo2,64,LA
QBLdZBVa,28,Berlin
uqdBqlpU,44,Berlin
yAsvrrdB,31,NY
ES52N4Ih,24,London
uzgaW43t,43,SF
70mNCTQc,26,LA
0sKh6Bm0,40,London
3lc6l0Ox,59,London
8PZLMrE9,43,SF
Ib4Mc0l3,33,LA
AiOJWIym,57,LA
UjHpIsne,32,London
bO9D0Fji,67,SF
AaXgQIen,45,SF
X5jK6oaY,45,Berlin
hnTvFE84,46,SF
EcHIniNd,58,Berlin
OLhk9hpW,24,SF
sNgl4rUV,18,LA
x1miScJG,19,London
U6MvtMWx,34,London
kTg3hJ8Z,63,NY
ymBDcAWc,36,London
RtnFiD78,65,Berlin
NjSmqBGH,65,Berlin
p4S6FUmL,25,LA
jp76WN01,23,NY
HLzJ22VA,23,SF
wKcguNP6,58,LA
HJ2Awyfk,58,LA
b6mNpJdv,63,LA
Iu4Tg1Aw,27,NY
neVGaBlK,59,NY
UjJcqm9t,69,SF
kC8X44L0,58,NY
uiVtxX45,61,SF
AunHlHSV,20,London
frTmgkMj,36,Berlin
CFmNF2zF,61,NY
aokwkEy5,38,London
Ny6j2SPH,20,NY
xyoNlQRu,54,SF
ywkm1nWe,29,NY
wDk7FtQj,40,Berlin
87mjSj74,63,SF
Y3mixKNn,46,LA
41XqtdHF,27,Berlin
RfnYPk7P,45,SF
5Q3L7OJK,46,Berlin
V0xXE1cA,23,NY
ubWwmzVS,44,SF
vpCLqlh4,37,NY
LXmCkm2Y,51,Berlin
jTcYvtT5,69,Berlin
hte89XUM,50,LA
fBadIRko,51,Berlin
wRcxWhsE,32,SF
gzDIxRVB,49,LA
1h6TN3Lo,58,NY
rn9I3lDl,19,Berlin
TMKUYqgG,19,Berlin
FH6FbUja,44,SF
0W1HMCno,60,LA
KExNJ1ZY,45,London
MWO3NBFH,19,SF
AkTN3Iwk,20,Berlin
STQY5RtM,67,NY
cA28a9AH,39,Berlin
8PXiv6Iz,39,SF
3pesBsY8,42,London
XQzvTbvJ,50,LA
osmrNTBb,48,SF
OwwOOMqi,69,LA
tj03Bzar,66,Berlin
QUi7Oazy,45,Berlin
GjooBea1,18,LA
K55hSC0v,35,LA
QFQUGH2u,64,SF
IPxUZING,43,SF
1c3D0RKH,33,LA
iKx026ML,47,NY
jrHWCqBz,18,LA
IIzVJcfi,18,LA
UfKyMG7R,35,Berlin
tS5UV2Li,26,Berlin
zIdqjrff,64,London
b9NIWxz4,44,SF
qSrVckql,60,LA
6nzwY2vV,62,NY
ThzLO4Z4,57,SF
QcwfWnfS,36,Berlin
j4Szpju4,19,NY
eYLKDi3j,25,SF
OSjZrQ1t,46,SF
WCUc7GBX,62,LA
aOm93sil,28,SF
myLgNOGo,39,LA
p4pCK8Lo,22,London
0lfwo3xH,55,Berlin
cmHafiok,51,Berlin
u7ffXEaB,28,SF
D0IFbsJ3,64,London
Gj7zSEQ9,47,SF
3KFhjtI5,25,LA
KDVbXHpo,33,SF
9ou6Lj0I,47,LA
KYra3w1e,45,NY
Hz7pTGKS,46,London
lh6XxKfu,22,Berlin
BuSDXXmF,67,NY
0wrH87xs,58,Berlin
667c733m,31,SF
NC6CnXCh,22,NY
8De5l4Gg,65,London
yOt1b0fG,23,LA
zIy4bBFA,33,SF
rJ8uum74,27,NY
gGb3T94j,29,NY
FLNmJuCK,36,LA
wHuNUSd0,39,Berlin
P2MYB30a,28,NY
ORGvZMTt,18,SF
bryVAXG0,50,Berlin
A1enfmls,34,Berlin
eexHwDTJ,65,LA
tPjc9TIx,53,SF
jyu4Frxl,36,SF
dt7wx7BL,30,NY
4TBGT2Bw,36,London
rtpdNeyc,24,LA
mByrH79E,24,Berlin
WCgTbNF5,38,SF
jKaJJOl2,60,NY
pIrGuRFX,69,London
ZxjA5bQw,23,London
9GZbDe3f,36,Berlin
VYHPubT1,18,SF
gUy2TJcS,30,Berlin
uCUwqo0d,63,SF
HLS1e1nW,48,SF
PBjrgzZY,45,London
YiITz2Us,35,LA
r1PZP6C2,18,Berlin
5fDcAfx7,33,Berlin
iNIc7Eyr,50,Berlin
QXTjAuj9,45,LA
a0B3yaSJ,40,NY
nKKM7P74,20,Berlin
ElJB1ALC,23,NY
qi97RrfU,68,London
X32ydhvy,40,SF
D760dfoK,24,London
w8NkQ8Sd,52,Berlin
oXyOSN6p,32,SF
D81ne4V4,45,NY
RVEKPOm0,48,LA
F5ycNaL1,51,LA
isrbFRRK,19,Berlin
E96n7i8G,26,Berlin
Oy0Ow09L,31,Berlin
3lq5aPcs,63,Berlin
1QOLoIYL,62,SF
yz6Eh76I,22,London
9rf2EAGJ,41,LA
o8ibF4Yf,28,LA
Nq6xks3w,59,LA
dwxuzRRN,53,SF
n00PDz09,33,Berlin
73cquLzW,66,Berlin
N8iU8xnM,53,LA
JzBonTZY,45,SF
pWdqgIHX,60,LA
nRNk4fIc,24,London
tKxHR4Uw,45,NY
t3erBF09,26,SF
9EHPXGVB,55,SF
oha4E1Z7,61,London
AvyOR2oA,37,NY
MHWS7zzk,48,LA
yuZYqGwV,29,NY
FMJz3JSs,39,NY
mIOx4hC6,63,Berlin
4IQAddMG,66,NY
EDDvCPaM,31,Berlin
471hTrVp,60,LA
HhzdvSar,24,NY
ZREvBcuA,50,LA
OAu9eSHZ,50,SF
V9EaH9y1,69,NY
EAWadx2S,61,SF
H392XFkO,18,LA
EYQFd1Ap,36,LA
7FpEMZY0,50,LA
ioZ4C12c,47,NY
bTdTJc3Z,44,LA
3d5WqwtF,63,London
3WsiIg94,50,Berlin
k7xq4ya9,34,Berlin
3eOxRUYR,31,NY
RgG6kLyw,25,London
5gxiIhPH,33,NY
dWWvT4bj,30,NY
7RirW6IA,65,Berlin
vKhZR1A6,52,SF
pE9SIcm9,33,London
K0wBldCh,63,LA
HAhVASRa,61,LA
EatAvnOD,52,NY
qe9pjhbs,68,NY
iTD6Y9Cq,52,SF
oGVa5RX6,51,NY
orCNJWkC,52,Berlin
8WZNpYKh,54,NY
GOTwKp54,60,SF
5tFz38GG,48,London
TlIJR8iB,64,NY
siucR1i5,43,LA
A0jUuj7D,30,Berlin
JET8jVYl,21,Berlin
asytQEbk,51,NY
54JeYV8l,42,SF
Rahx5tN0,22,SF
V2QayqY4,23,SF
jHvqJK4O,46,LA
JeZdIkmi,46,London
2kFyAc1D,57,NY
SamfqL9e,32,SF
TnReSxzS,47,London
Sl7xyOe9,64,London
DtLcHBZd,30,NY
vxxU6o6z,30,London
jPbpWnMn,20,Berlin
2OInj3RM,30,Berlin
MdK5k8DU,29,LA
Wh4HUkSd,35,NY
SRhUdbWM,39,Berlin
MnLXWR4n,49,Berlin
JB8U8KDR,61,SF
1gsSmOhv,41,Berlin
dqf1Px9O,58,LA
j94PyE5Y,54,NY
mVqgHixA,33,London
WslkypjT,29,Berlin
ca2FLSAP,68,LA
8jdWfZQa,26,NY
r8PWDrik,60,LA
QhAr4cr8,46,SF
By6WQHET,50,LA
RdJx3eZB,28,LA
uMT65AFi,36,SF
LrgnmwD8,34,NY
mn8EMOvS,26,NY
i5rs5Yz8,23,SF
wQDc75Lz,25,NY
6eMKo8V7,22,Berlin
QfKwIThb,35,LA
bqJdt7kL,39,Berlin
y7XwOB8d,57,LA
lLS1Q78W,46,Berlin
HYbVZh65,21,NY
gSq0qE01,38,LA
92CqvZUw,45,SF
TIF4KPrE,26,LA
VHjMmmqN,39,SF
xuPFuTH6,60,LA
OBUNaeo8,52,London
mC4yTaVn,35,NY
VMgsgQ0X,22,London
smLrlpEl,38,London
S4TJrQsq,46,SF
chBxsNaw,22,London
VpRbkMH5,55,Berlin
kVRniqAY,55,London
A8HyL6Na,21,Berlin
DDTVd89a,39,SF
wriZR5G7,49,Berlin
WvsEwYk6,55,Berlin
dEeNy4uC,68,Berlin
Qs8aSBsf,34,NY
NB02H20p,29,LA
6Iq1vdlC,44,NY
mK4QJIcR,57,Berlin
1mP3Et2i,20,Berlin
SPFPj3iF,56,Berlin
4nVe1xO8,24,Berlin
rj69TcGp,61,SF
ubV7ChBg,58,SF
p3enzW1g,42,Berlin
7L3Ljujl,39,NY
Ix7wyr7w,18,London
LLBiKtDM,63,Berlin
lOZkERu7,51,SF
KFKGCRaB,36,SF
Cu7ph96C,48,London
x9gUGRcH,28,NY
isX7alXA,48,NY
d58DLXuN,59,NY
3kb1PFi8,24,LA
ICRIuro7,45,LA
QG90h4xV,56,LA
9SzsXZG8,32,SF
LmTzSnLs,54,London
KlHia5hC,32,SF
OD3p9D0j,57,SF
MVppMrI7,57,SF
lWLtdRY3,65,LA
GNP7H5vc,64,LA
vrn9yXQe,46,London
Vwa62vm3,39,Berlin
o7C5iBwZ,20,LA
R0adHDOR,48,LA
g5HvveRT,54,NY
Hgu8sAki,22,Berlin
WfsY0vgl,49,NY
9uejaBtz,69,SF
veUgdpVz,56,NY
Cup9ZK6y,62,Berlin
J2zWUatc,68,NY
gxWqullC,67,SF
nrk4YNYz,31,LA
6P6ZiuaM,38,LA
8VANjM9G,62,London
jTuKuwZx,32,London
G7f30L4r,40,LA
8J1aLM7R,30,Berlin
lSdtObjT,25,London
DYXvF4zL,21,LA
VFqNObs3,38,LA
rv6B42X6,33,London
fT8LeW12,60,NY
P0skVAvU,61,SF
3ZkFbtQj,69,LA
5YdPNeaX,29,London
TzyGv92d,32,NY
U92dCRmo,31,Berlin
2K7NxTm8,21,London
eFVoSKVP,18,NY
Vq85SGyj,42,NY
yf3lwv3e,66,LA
3fYysRHL,48,London
ElBY1YoP,27,NY
mknooj7e,64,London
hmQwHGto,56,London
EN26CQk3,51,SF
khGvq028,51,London
GOioY2T1,30,LA
regC443i,62,LA
k3Xfi4la,51,LA
jt4jMTQ1,20,NY
vKVCDb5S,40,LA
VyXyuw8D,38,LA
jLaCTqRc,51,London
ZGXcOoqH,38,NY
FKmvCUkK,50,London
1AsfTtnQ,26,NY
K7Vr2REw,46,LA
f1gutpV2,43,London
vD3QoQlL,26,NY
QgB3qydU,28,LA
1s9z8Fbx,60,NY
hlkgbUeX,40,Berlin
Aanq6dXz,68,LA
pPkUTF4C,62,Berlin
8boaAvzj,29,SF
wvagOO87,33,London
ODFVMu8f,29,NY
tl31cw1K,42,LA
bZSM6EF5,48,SF
7vWcBGQ1,23,SF
SgELXlVt,19,SF
n8lSNanM,57,London
Cfj2F5CH,49,London
N1QSz29Q,29,London
KnR7fnk8,65,Berlin
xbL8rdBo,59,NY
30PAM8gd,32,London
6DuyyPsu,32,SF
z1XFAKoJ,50,London
MqQVvceh,27,LA
QlfAtsHh,27,Berlin
8IZOH8hl,47,London
SYNBeOPj,47,LA
C49jRZ0V,64,SF
KJXV6HfU,29,LA
pHKQXpHJ,39,NY
PGDdnFPZ,20,LA
m9gbcaAl,27,LA
nCx79AY9,20,SF
VqkvGTIa,52,NY
X0z4z8SZ,56,NY
uYnDRB59,19,SF
7KrGlA0E,67,LA
gHu0OMeC,61,Berlin
s6BMvJHz,45,Berlin
ykvYVPk8,18,London
5crz8dSC,48,London
e88WoXYu,21,London
SusYx6GE,32,Berlin
AMHXktzK,35,Berlin
m2EotsOJ,34,Berlin
pFWnQYMg,57,London
JqYMqmFS,23,LA
5ZVbWKzD,18,London
g1NlkuFM,34,Berlin
ouyNVyEV,37,LA
ueiXiFUA,59,Berlin
ilqgAhxC,68,LA
5rH0iPsj,64,SF
lQp6FC7Z,63,London
CXbgqlbp,63,NY
b7qOFhAB,23,SF
Us6PCApt,31,London
OSXAjQTV,64,NY
NtkdmZjN,41,NY
wIaefF5n,50,LA
MB4whN8a,39,London
O6mLenmN,56,NY
KMFO1nue,28,Berlin
7In0vItu,48,London
4X5e3ByG,45,LA
Zx8ra44S,26,SF
b5vPfq3B,65,London
shPCqTaw,25,SF
I5cpJhh1,50,LA
0vvhH61U,60,LA
uLOfQs8I,59,NY
ELTtNRAO,59,LA
r7CgGgDB,30,LA
5Lr7xhBh,58,LA
JhmNdc2Q,52,SF
S1HwjAef,50,Berlin
FrBzD6zG,50,Berlin
H1dC3lEK,69,NY
aW6X4LSe,59,SF
yQmXMKhI,48,LA
6M4yIeww,42,NY
Hipe1p9C,32,Berlin
IxBwELjl,33,NY
nncdaPGv,64,Berlin
oxgOEpLA,20,Berlin
RLBuAAJd,69,London
D8zNpbx5,61,London
10wi4uhU,31,NY
EHAgU9bE,21,Berlin
UZRJL7cC,20,Berlin
49WwaJoL,41,SF
6pxrtprP,39,NY
LVO9hiLB,54,NY
O4WXzOXk,66,SF
ITGmbgTm,48,NY
6l1q7WcX,56,Berlin
JrlVGkwj,60,NY
3sKu6JTS,24,SF
WVqODtpT,63,NY
2sZzoZxW,42,LA
a67Ab429,59,NY
liJS29UP,57,LA
HVG17xEZ,64,LA
Hsv0joSN,67,London
veS8Ovj6,33,NY
LvQW8kKX,34,London
W7BAdMZK,34,NY
dzqSRkYE,54,LA
oW0hch2a,27,Berlin
el4GnRX3,52,London
J9LHpVvz,21,SF
Ce5rKTsc,24,Berlin
OmBvKx3O,60,LA
5xbTggCG,48,NY
imsFGKa6,63,London
O0ReRSVS,23,LA
PXrBfy0P,57,London
9CYkYub6,34,NY
IalDYo54,65,LA
sdWJzUCg,46,NY
l393IS2N,40,LA
JmB4Xr4y,59,SF
M92zWnYz,35,Berlin
C7IO6WSV,21,London
y3ojSESx,28,SF
pnZwscLl,28,SF
XW7sYjK4,30,London
H4fiSSn6,32,London
aVWxobFC,35,SF
TMMZwaY9,42,SF
JVCr6uJh,26,Berlin
Bz79rdrQ,54,SF
xd7jplfA,29,NY
E01E7dlR,60,SF
Iv6lRhR6,47,NY
kRKJn238,49,London
LemwrG1A,55,SF
8k79Ca2r,65,LA
4bIqdL7a,63,Berlin
FfUfPitF,55,SF
TKntBrBG,64,SF
bsSP3fOL,67,NY
vQ9fG7a6,64,London
cwCwWsyO,20,NY
HmnNB2iQ,65,LA
x1OWAfRq,66,Berlin
RwfNbyIr,52,SF
Avso7MyB,69,NY
krgtXvyy,66,London
TGhg6sGk,50,NY
HDFyLgXt,29,NY
sPyf0sjc,38,LA
7taFXcCL,43,Berlin
4ewt2tnQ,38,Berlin
jZfg5WwM,20,Berlin
RZAwsQBC,58,LA
DoByaYzx,47,LA
ngRkpiN0,42,London
63b7Zr5X,28,SF
L07D20fS,51,Berlin
tfV8TZ7Q,56,London
xDVIHhg7,47,SF
ZDlf9zwZ,60,SF
wVB5zff5,48,NY
7LxaDYtm,58,Berlin
YTRV78Y4,39,Berlin
3dAyRZvu,45,LA
6RnyFG1z,66,LA
W2Iy3wX5,49,SF
GWN23PAN,24,LA
REpSOR8W,18,NY
K5egbtMc,68,Berlin
U8b8BUiz,56,Berlin
HweiyJ7W,22,SF
7S33dQq3,44,NY
xytQlxLW,25,London
9b0gVlpJ,26,London
mkfIySpc,50,SF
6Jr4Nrl3,60,SF
5ga7vsWU,59,London
DNBZo5TX,45,Berlin
C7hSaon3,40,NY
2PurwcCC,32,LA
KMxtC1bA,60,London
fvFtEz40,49,London
XQ1W9l4z,36,LA
97aoSCSI,48,London
K3QFgQ6u,44,SF
rLyQ831d,20,Berlin
dmO7LmeJ,23,London
9EBu1zZQ,58,Berlin
JZhqNsR1,41,LA
0aKx3tLw,31,Berlin
r1IONyA7,25,NY
QU8MVIqS,43,London
Rm15PAtp,42,LA
OJLbiRly,65,Berlin
JdTFI4cq,68,LA
jKWn7NJ0,38,LA
7cbbF7Nl,55,Berlin
6Vu4lJdt,42,NY
ufftNxmT,44,Berlin
wNSgcjkN,29,SF
nzwunmC0,35,Berlin
PHY1QZDN,32,SF
BIiocEFa,56,SF
TPpGD3ae,66,SF
CicqYUix,32,LA
TReKv2z8,69,NY
OYFSVerT,43,Berlin
hUg9KMUV,56,LA
vxTwxxsg,35,LA
QJRDOJcI,59,NY
52WRKfad,41,London
vmg7cvOs,37,NY
FQojZGIv,59,SF
uX5j6uFd,55,NY
GdrsbGK5,34,Berlin
SDt5azax,67,London
CCfRlqj9,18,NY
btvMmzCN,18,LA
oafP4oxT,62,London
KmYqyQP6,23,LA
ct8OOEU5,44,London
3RcE9CRU,42,London
XzUNY6xk,57,LA
fNXrdAYO,47,Berlin
3n9PkFou,33,Berlin
v7L2JO3q,62,NY
5YXiFabj,42,LA
0CJ1yzis,19,Berlin
tN9GAeVC,43,Berlin
BFoJSecQ,32,London
aMa67yoY,48,LA
zisicEWH,25,SF
M3L5S8nd,59,LA
O93UxW17,23,LA
MvAilIsG,38,LA
RfDvBK4V,52,Berlin
ygXEWiA3,54,London
nWGoOC1X,29,Berlin
nBKUBu7A,45,London
f96GCHhJ,32,Berlin
lJzLX8EH,41,LA
YXzW9h1w,32,Berlin
xseSDkjP,24,London
sKYGzmpG,52,London
jExEJ1y1,68,SF
8voGsE5c,22,SF
0oFnMA17,37,NY
VZu1U3Um,35,SF
J1NqXjBe,63,NY
cLMhmS4l,26,Berlin
qvUUec3C,50,London
uP1HtiqW,69,SF
0I58KvHX,29,Berlin
34WwmVVb,24,NY
KUpjphVR,35,Berlin
n2WCPvop,41,SF
u80l0PCG,25,Berlin
nYXcGIi1,40,SF
5pi5D6Ab,57,London
Z3Tgxfnh,35,SF
YX0ektj2,63,Berlin
8jVjT1H8,20,NY
bXXJajP0,42,SF
Fj0UIRKJ,30,London
LRvY00Es,26,London
AQUOk33Q,55,London
oomIaake,48,SF
KP1zBDdq,61,Berlin
Eyet934C,61,LA
k8Ss3hVh,39,LA
g6rsW0Yt,36,SF
C4v5agVV,19,NY
p5lArEG4,34,SF
WfHWdE2J,28,LA
UViKocPW,69,NY
FCO2didI,39,LA
X2D5TSxL,64,Berlin
vhDA5a7K,38,London
sTVSkVbW,23,NY
urDDDI4G,67,Berlin
gpkxaolg,38,SF
QLkFrHhN,46,LA
mBltE2qU,22,London
Xhrf8Kss,26,LA
jnzW3ayq,46,NY
BLwGX4Sh,42,SF
b5jMuSOp,32,NY
aXJ00Vxi,23,Berlin
BwaSKItK,56,LA
ONxc79Rx,47,NY
bZhCdgyM,38,SF
zaXEvuG9,68,LA
Kyc7aYgn,20,NY
n1d45pF1,40,London
t26npV2s,46,SF
YagBlguY,69,NY
y91shJ25,61,SF
QTnQulAd,19,Berlin
BidAxLhb,53,Berlin
2Elg5sQn,67,NY
4sIarJlf,30,London
2VQ4yeQi,62,LA
fEROKXtc,37,Berlin
uTWlCgMl,21,London
VPO1Azjf,48,London
DAT892Bm,52,NY
EyRBvXaE,37,LA
gbzDN8VZ,42,Berlin
tgfHgcej,62,LA
zyTyugwT,25,Berlin
0f9oZy7n,52,SF
Pwh2Bcvy,24,LA
c1LQvNGy,64,SF
w4wBYMu7,59,Berlin
gq7a7oKi,36,London
CZzUnmus,28,NY
QfAdE00I,24,London
QEM6IrBJ,29,SF
3b7n9JZf,25,LA
65GSzETm,67,NY
N1GNYAMl,49,London
MyewkRG0,47,NY
7KXsw5mN,23,NY
pFwl4u6O,20,SF
NfGIuHR5,46,NY
BXAjEXdX,61,Berlin
mzeRIpty,37,LA
Peqiqcvs,21,LA
94G4Tx5j,34,NY
UDjAWaYI,41,NY
8VOCKcDw,66,NY
XAkSvoxE,40,NY
TfuMHDA4,41,NY
v6BUYpgM,56,LA
VKLUgZtR,63,NY
ZQInqRBO,58,London
Nwt9nn5Z,53,LA
LlErW5UN,61,SF
vs3EtiYz,23,London
7JT5MglU,40,LA
PnVNw1xO,51,London
SEgYkZyk,47,London
AqWgQCUJ,43,NY
moD0NTr1,22,Berlin
tTQ6PaQx,58,SF
M7uq1yT1,53,London
WK0RBQhn,24,London
dDDnzWDX,24,London
9iznso2C,54,NY
7LDmMtr8,46,NY
us3XLKlJ,59,NY
5nMSbvAx,26,Berlin
g3oRCOLk,54,LA
mDkl4qTy,38,NY
1GcyMUuh,66,SF
LQ1xrD0v,52,NY
kqvziLWq,38,LA
QCVtnksI,63,LA
H61JlPdg,61,LA
rmpZk8O6,39,London
ZiaFo6lf,19,Berlin
gf50Uu13,63,LA
oBl2ZLNg,21,Berlin
KMiTpwD2,30,NY
qm5fVLiP,52,Berlin
CIvidEni,24,LA
FEnG6oF8,51,Berlin
9hLnkW6Q,64,London
75TYKXj0,51,NY
9ZGqUJLj,32,SF
56ah4TsI,66,NY
Y665cind,59,Berlin
qY0Vf0Sc,48,NY
ndl9RfjU,56,Berlin
TAQ43Xvx,32,SF
ZLJGgWZD,66,NY
l2Ija7gg,18,SF
kssMLHwR,48,LA
Em2nk5XO,26,LA
dq3cdZnq,32,LA
VlvIbF3n,52,SF
ZmglgYeM,27,London
jR11fxOI,32,London
jHMuKiB1,36,NY
gy8F9SLW,44,NY
MWPfz6J3,23,London
6EdY3dFs,18,LA
7B7CNmrr,20,Berlin
XqUMHOeA,66,LA
S4EbSFdd,56,Berlin
s5siUtNT,19,LA
Bau0Z6Vv,54,London
vaTi3byE,62,NY
HzAh10zj,37,Berlin
E1uIQcLN,46,London
YlnPWY3L,45,SF
7Zbk6hmR,33,SF
vRxnIotD,66,LA
ynfC5QoP,50,Berlin
L2u4yGHu,46,LA
hIbgYvAb,44,SF
oAr8t8xq,25,LA
L840Z8m2,25,LA
JbhmHBSS,54,London
5YKZONSw,59,NY
WyFTwk8X,35,SF
3roqVuf6,30,NY
kfffZaFH,53,London
8fDUHCo9,51,LA
PeATHwig,67,LA
F9vQ7dqv,27,SF
yESsxHuy,65,SF
v0D2EnAz,56,NY
DTZLaTi9,61,LA
CdcIaqSQ,45,London
ClFROlTl,43,London
uWrY3anp,60,SF
9cuaBkka,67,SF
WJDnWfbT,52,NY
KG003Ska,60,SF
GrjGqq4m,36,NY
ff8vHvXm,48,Berlin
gZpI0aKH,34,SF
Go0YSG0h,31,NY
rOZgz2v8,49,LA
cRNVDwko,34,Berlin
9DVeqwUS,40,NY
jtQgiwBY,63,London
x7vbz8ry,55,Berlin
pH84Ypm6,22,London
rL8Mif1c,65,LA
yV2et1hi,18,LA
2wszcird,23,LA
NqA3gyBo,40,LA
8WmtQ2eI,50,Berlin
ob6Zc6TT,34,LA
RMBcoN4L,56,Berlin
rz7wvQG1,21,Berlin
5dftPVLf,39,London
6l6rp2wv,64,SF
fG5YYe1x,55,SF
g10aO5XR,64,NY
apY6u491,59,NY
tca9j7Vl,38,SF
gu54qGCq,30,London
uwDF4bhR,35,SF
eGV43QE1,61,Berlin
YIRDsQjS,20,SF
aEy0Ctif,66,NY
Nbp8MvNI,29,Berlin
914e3wrM,48,London
XhJClTDI,64,Berlin
rkDh26Q4,64,LA
hnWZIqL9,38,SF
Yz9jLmbw,54,Berlin
jPkYGfx4,63,Berlin
xdDBbWL3,48,SF
1Bp8dfsP,41,London
9Fx7f52L,23,NY
dJ5exO6Q,31,London
BqjjtbFO,66,Berlin
iVLhzzOa,38,NY
ujQGnt5X,39,LA
6MMYS1jy,30,Berlin
4G96WIWX,26,London
EyJNABac,26,London
NZYr9QMa,31,NY
IOXRjXx1,41,NY
AdauKALT,48,Berlin
RHDaoaCh,55,London
QvBEHlyr,22,NY
d7JUJ8uD,42,NY
H53yz71c,26,London
cuDPlqxt,60,NY
7x9JtpZ8,20,London
BHyCGy2n,32,LA
764aBZVD,35,NY
uymSoduZ,56,NY
7SztOJZ8,67,NY
a5UvXv8V,67,NY
x0J4ncFL,46,NY
rcJLAVZ8,45,NY
ltpDz3jT,61,Berlin
o2EJdQdo,34,SF
lKQKViGP,42,SF
UGLYU68q,61,LA
QKEIxIoi,49,NY
xsiSpdA8,67,London
3eyH1R1W,64,LA
BjXd5hd5,65,London
jzCBjLLp,18,NY
T9o5rZL8,26,SF
WR194UNt,50,NY
RmfiQvNM,36,LA
sf5nmnJ2,20,Berlin
fc0eOQzG,49,London
j63tTRlS,52,SF
dYkDcVss,51,London
eEuONwiI,29,SF
3WkITjqj,33,SF
dcmO5cDI,61,LA
4IM9s8fQ,54,Berlin
nhlNjKHi,67,SF
m9bh5n6M,45,NY
lOZvcqI4,58,LA
XW6CPbVh,30,Berlin
Kp8gReej,45,London
E4LukxVT,45,SF
83i2n93q,23,Berlin
xPNbN0Ev,36,London
iIs0yjN0,64,London
Fp7Vyh7R,60,Berlin
FiC5WMl7,53,Berlin
ds9uJuRP,18,NY
GJ5x6xYk,56,LA
wVygjG1A,49,LA
tsPOmZ3q,69,NY
TJtagI51,39,NY
ziiRg4sa,45,NY
f3FmkoxZ,44,SF
wTreQyLF,25,SF
CjiBFHYn,43,SF
LJQC2Eza,37,London
eewSaH3W,37,NY
eDvJ6r9z,44,Berlin
rvwpBlwF,56,London
DHmLZvp3,65,Berlin
TvQ9kPIw,22,Berlin
ch7qWJKS,22,Berlin
DhsEEeEW,25,NY
GwNASItE,30,London
dtPVRcqz,51,Berlin
D81nAe6k,20,NY
M2dddY5L,38,London
3uUVaYSV,67,SF
nRGFiW28,44,London
qC99cTq6,57,SF
lBb5uN8u,66,LA
3VeHaT6E,26,NY
XB5rSj5z,56,NY
i4P7cTa1,49,NY
srojItkI,39,NY
MG7JGxed,58,SF
Ln3wHD3e,60,NY
OeL6HTim,64,Berlin
Ihh4YHHZ,26,LA
0dgUB3wk,68,SF
iEIIzMkS,56,Berlin
ygTnHlb4,25,LA
gvXj0AEU,43,SF
FpjhxnoR,50,LA
0x0IyWyc,40,London
6LOF3SiT,62,Berlin
WAR3zU2P,28,LA
75b3j3EV,69,Berlin
0eYu67tw,63,NY
l35aCeTo,34,SF
sOwaGVWu,69,LA
JRteVaGN,57,SF
fI4Phbgu,31,SF
6v9Hrqqb,26,LA
Ia3JLNxX,21,SF
Bnxp8Z6r,35,London
moOvRBdD,50,Berlin
i29VaoyP,22,SF
dueS6Zna,40,LA
KWc38P0X,28,Berlin
uTBn5Zq0,52,Berlin
dsibEjGu,18,LA
SPqfdqpy,28,LA
GgSzPWId,54,LA
62TVGDqZ,46,NY
MJb0RZcF,55,SF
077lUZeO,50,LA
AtigpkZF,31,LA
404XcGmq,66,LA
8zQQf111,40,London
qReQg3Rw,64,Berlin
RzXCFLzS,53,NY
BDpQoAwW,45,Berlin
mUAjO3vy,33,Berlin
CCmZqd0E,32,Berlin
1dmNUNLu,41,Berlin
CfsyL2lw,31,London
xCQau4R7,34,NY
xH2T9k44,35,NY
o5Zy6z2q,39,LA
Dey5lHby,34,SF
VE4BBoiq,59,SF
2onEHmUD,63,LA
L0Vp9L4K,36,SF
Dm4f01oV,23,NY
o5imOGKr,25,SF
QBGoFIEH,25,SF
aHvxjCIF,69,London
NTTVy2W5,58,NY
UtS5paTZ,68,LA
yDvQWs7A,68,Berlin
47gYv4SY,40,LA
CjQXdyE3,68,SF
sf0EIVq4,67,NY
7EeqhETk,42,NY
97v6R7tk,22,LA
RVwTwf1o,38,LA
cIeIZGcB,65,SF
uSdW0QWJ,33,Berlin
GUV43DAA,41,NY
gix1kmtO,63,SF
D7KvAVmq,45,NY
yITrrqEI,21,NY
bqhOqktJ,41,SF
nSJVDRb0,40,Berlin
GUbcszfe,30,London
z6WEYZW6,67,Berlin
xLqCOsKM,24,Berlin
8MQirNR0,50,London
cZlI3SI0,42,NY
88tdlPbK,59,LA
Us9ecttt,30,SF
Met95Npl,22,NY
WqOIZhDj,43,Berlin
QlUCZlJt,57,SF
7NTENqKI,25,SF
PBauKKvg,27,London
n3SJbAfw,41,LA
3z7y20T1,50,London
RRgSSvN9,20,NY
LJgA0jW5,64,SF
TXlL1aFS,53,SF
nlg0fjYD,24,Berlin
MWg0VkZI,29,London
7zBzTq4T,36,SF
h8IWshkT,53,London
xKJfevgL,33,NY
Uzbmi8E4,31,SF
MMdTKd8m,19,LA
2lJ61P04,39,London
iszsWCWK,30,London
QxaKw6yP,53,SF
cDgPKWBy,51,London
ysymumc5,30,Berlin
INpEnOGk,36,SF
ELmX3rFP,40,London
gAtdI2c5,49,SF
qqoZiuVO,52,LA
TDtykOQE,58,Berlin
R8x2Apks,29,London
FfY7fWYz,24,London
gDiFkWhF,32,London
y0vVNkLt,30,LA
yoNg0p23,42,NY
R2Yhv7iM,32,LA
hVv5yUFy,22,SF
Na5SYvQR,23,NY
qoNHptta,25,Berlin
3WJuPLy2,18,Berlin
8llNnpvA,55,NY
yKGnDVV6,56,London
M0mh3zJJ,21,London
GkoS3bJt,47,LA
6Gnh8an4,26,NY
8v5RBaO5,62,NY
8UeMNB0d,50,London
PB0uRZ51,37,LA
5rIHn1E2,22,SF
kzRGZ3sV,33,LA
42U5khkt,33,SF
wdKsvNeg,37,NY
vzgg8Hyy,59,London
xRfi5FMy,35,NY
en4BCTo9,46,NY
XAsm6C7z,45,NY
6TFuGBrk,42,LA
aBP6VIW7,45,SF
swdcKxSR,36,NY
Yq6kbGV2,35,NY
kmUGLrep,61,LA
lqea5dkG,44,SF
aLQgspPA,38,Berlin
RCk8d5Kl,26,NY
8yV9Lud8,69,SF
8vTaX8qT,33,Berlin
yghmyU14,47,LA
Use0NDJw,38,London
DF4gfw0r,41,Berlin
yFw3mizp,47,NY
1w2I5ETW,23,Berlin
k3BKMMFz,52,SF
EJ3roPtj,37,NY
RcisAQJY,37,LA
X3hWJo5m,34,London
olO5ZdyU,58,SF
Fr6Jv8HI,43,NY
5BbjWrL5,48,London
4aChk2oL,50,SF
VaFBvwRo,54,NY
WO1Sy0jQ,22,SF
yz0433cD,53,London
NmUy48sV,65,SF
2ILijWSa,61,London
vJjFfPVY,45,London
AAuqrewa,50,LA
w5cW65iE,31,Berlin
gA6BP4kT,64,London
BpiAegRp,26,London
Y1ybccYT,63,NY
7J7JZKmu,41,Berlin
1ftr9Y4O,53,NY
5iemK8ZT,49,LA
p06l9P4B,37,Berlin
vn5S1y8U,69,SF
TAbViY5i,44,LA
mNL61Buj,64,LA
gXbUuNEM,57,LA
sB8v6piK,50,LA
pJVvXuqj,33,NY
yZBtd5Kh,31,Berlin
esObt2u2,50,London
grNmRVOj,25,London
KH463Tc1,56,Berlin
B6eh6dVX,45,London
O7vIScRC,41,LA
C7QiHTWy,40,LA
lKXYuHMd,18,London
yRhzf1pN,38,LA
kloi5ALB,20,Berlin
uqieXy6T,67,NY
naWgXVkG,18,Berlin
RMUnRAEq,22,SF
PRA8IrZx,38,Berlin
cWmL9Ib5,58,SF
NHnsFmGu,50,LA
0yTGrnqk,67,London
f2Oz43i7,30,Berlin
TK368JN4,45,SF
o7KYUpDm,39,Berlin
Ago39lmh,51,London
Im1pms3o,51,London
8B9kHWVo,51,LA
pUQVHTbV,37,SF
Pswg1jFh,39,NY
s4WFGzru,42,SF
LH2De1Lx,37,SF
RqjvOeBP,36,SF
sESmGad9,22,SF
iLOs3mBz,64,NY
dFOyOmTi,48,LA
PjxaK1Vg,62,SF
lUop6mzR,29,London
lHuWHUmK,64,SF
OiqWmpoU,18,London
MtHIiJJB,24,Berlin
H9zmFOLy,62,LA
qtjYt7vU,21,London
hoPmlm6I,63,NY
MvSgB92f,37,NY
gZh9l6QR,50,SF
Qlhpam3T,62,London
3QukSOLn,23,LA
kNTmqqyu,57,London
DgxqRX9p,40,London
0bV4Wxhb,33,London
E5o9vbgE,64,NY
zhlI1evg,61,London
OyuEgA9m,35,London
Jlqq2Wkp,44,LA
XnoOmnES,45,London
6RiUxVCp,29,London
OKiNJUwi,45,Berlin
VDkgqqvF,37,SF
zti60ja9,19,London
pXifikgA,26,NY
wKF83BkH,26,LA
csfX95uK,44,London
3mu8Rbj9,37,SF
GBwkKhkB,28,Berlin
r4f5DS60,35,SF
OoF9elQm,63,SF
5H4Dh8FT,34,London
KebKLxbo,48,SF
RUNGPSkS,61,LA
Ri2OojvE,30,NY
xTeuBzMJ,40,London
JZXfPn7P,55,NY
1X8lFuXg,54,NY
YSx6bigU,62,SF
a9d3D7i0,68,LA
yuHatc7V,58,NY
i7usBkrF,35,London
XxebgXWq,26,NY
NeQjQ99h,34,London
5aIfPHpM,38,SF
tG5WqCiy,42,SF
ZBBJyTB6,41,Berlin
FE2ZRAEr,41,Berlin
W2c1YXTe,48,LA
OhsUdDEj,23,London
ywaANwL5,66,London
5sj8K13v,52,SF
TBnsas0X,65,Berlin
MuHvW9s6,64,Berlin
Dx0YRd61,35,SF
LotGaqIA,31,SF
3Ig5coZ6,47,Berlin
ZYRkPHKK,40,NY
xeYG7Cs5,24,London
mvs7lLlv,58,LA
ud2VFwB3,25,Berlin
UKdL2FiJ,30,Berlin
audmKL9s,61,Berlin
AwLlK68B,68,SF
T437m2Q5,58,SF
FrOz5DzK,66,SF
eQmjAEHj,57,Berlin
BmgPgVKE,32,London
z3YD51rh,42,London
gdVozJOH,64,SF
TZaY8j6G,63,London
1ahIuC7l,62,NY
Skg15872,61,NY
umsTsbwf,34,Berlin
gnkbKQh5,59,NY
mk3quup1,44,Berlin
dZnaB6gN,69,London
jBDCvXIn,35,London
sakdBRov,44,SF
czmxvhbx,47,NY
RLodKT7c,34,London
1Kt3SPpK,27,Berlin
6nfG1gcD,33,SF
NKh8cRa3,49,NY
ZKQtRDoz,30,Berlin
HphBEVjp,31,NY
DpLPwepW,33,LA
YcpDyV3W,64,NY
ZwAbtXmb,26,LA
s3Y7u8Jb,48,SF
Fph5NQvv,48,LA
X5wZ4dTl,36,LA
DYwEUp61,46,NY
BMWdawvV,37,NY
65WiC5oY,19,NY
2FNZYOz7,56,London
Ej3mylE4,22,London
KI7KEs6V,57,LA
M73ft1X2,40,LA
4CxJVMN8,20,Berlin
ep81Xz48,63,NY
f16VvO0v,66,NY
ruHLwlC1,47,LA
ExWgO6uc,49,LA
9i6Ql1ZR,24,SF
re2BWycv,59,Berlin
kPcwMvhi,25,London
SYhpa2XT,49,Berlin
ZVmurlYy,59,London
wzlsf5nc,30,London
w64nj6bW,45,London
DEueTksG,45,SF
X2eAS4kn,18,NY
qdgesqXx,64,NY
pcGeGluh,40,SF
8y6J61eb,28,NY
FVEaR5Xd,35,SF
FbOP6D3N,25,Berlin
BBlG7GVu,65,NY
Ka7rh6tC,37,NY
u5ShO5jv,65,NY
nvmx5ETT,56,London
Y04AXEl4,23,NY
BwxAP9Oj,59,NY
kTiCJP5u,18,LA
Zk9aYNBU,60,NY
4KEpHG22,32,SF
ymOSa3er,45,London
dkyjS6ZT,37,London
N299xU0R,45,London
LKiQ4Tam,41,NY
RkMMewOt,43,LA
yVYiw0hT,18,NY
Lq8H65zZ,43,NY
2O1MIKx2,36,LA
kItGpg9T,54,London
4ak4pv4X,36,London
2nKmaal3,19,Berlin
0gmJ6kVL,52,SF
xICaWzIg,64,London
nN7vbElP,40,LA
wPx37psO,48,LA
diL9IqhZ,62,London
bc6N0BEc,68,SF
qUC4zjlt,61,LA
MmUc7Puq,21,London
dMsAlnQh,25,LA
sgz51w96,60,Berlin
1IQrssgQ,53,NY
BT7d8buk,23,Berlin
lxRCgHAr,28,London
0EixaFVj,38,NY
zLTLRPSW,32,SF
yLpCn1Ko,35,NY
bCmX8gag,55,Berlin
3GrSFiGh,20,Berlin
MYo4hbz3,28,SF
xGpad5e5,29,LA
WjKuPLwO,47,SF
e05Pazff,63,London
sO4PTceW,54,London
LXCMfjeM,53,SF
B5pLk23c,23,SF
ucO5kahp,56,LA
sPP8OqSO,60,London
fdF6JGPZ,54,SF
SkrILLj5,49,London
2BYFcnHq,67,SF
Fq42SeDY,45,NY
Xr51A8RL,23,SF
TBqhscX3,57,LA
h0YCksei,30,NY
wGc2LjDT,30,SF
KhduLnmj,54,SF
5yIRSkcc,46,SF
eNRrenkN,25,NY
L55W6XM4,32,SF
PlwIvZCs,49,NY
4eB5t9QI,52,London
xHbpovfO,68,LA
7IqaZR5N,24,SF
7gnCbsWc,61,Berlin
dmUrbrqb,26,SF
eyWXTazT,39,NY
Ibb9Luxq,57,NY
x3iMjso0,44,NY
5UMlEaJX,47,NY
rdcXm4X1,28,SF
8UQ7f1j5,18,LA
CN9CNs2A,39,SF
GkekQstv,25,SF
0QysHMRB,26,LA
hBAqibL6,34,Berlin
n92JdJct,58,SF
ImmeMnqH,54,LA
xk8cAlZL,19,Berlin
0XNZmYhV,45,London
EnLrQEHA,50,SF
XlIf1YpF,64,Berlin
ZkKPkUXM,68,Berlin
kL9eZUUn,46,LA
gQvz1PPA,29,Berlin
y2aqrctg,67,Berlin
Pld0cd6H,63,SF
OrgOe62J,59,London
tYtTobtl,59,London
xDEukP4T,51,SF
eabAQo8w,64,LA
WnSrB4w2,66,LA
izhUcPtN,47,London
duA8TTkV,41,Berlin
XUxujE4H,62,NY
M5qdj9Sr,67,NY
JG2ojve2,65,Berlin
U51AwUUt,21,Berlin
b6nD0cmp,67,Berlin
NeI938r2,30,Berlin
DHWvIfk0,24,Berlin
k1YQ8rgF,59,London
0CuGe76t,18,Berlin
6QxKG6Fb,69,Berlin
UWyHEVJZ,45,SF
HO0Dv2Wo,49,Berlin
owMVjOz0,30,London
7Ibky6Ia,23,London
vXrxCMS4,24,London
z2tF6XVY,44,NY
7cLCqsqh,26,London
kILsqCFA,35,NY
EpM2bIuK,38,Berlin
IjrM3RWB,58,NY
2CxdTq3U,28,NY
sdI8muTg,66,SF
Gv7YO0BP,62,SF
h736uIGI,61,NY
j2n3kglG,60,NY
ZmU08uFE,37,Berlin
kPLN0gOL,48,LA
W3SVEjR4,21,Berlin
3DBDaTxK,41,London
CpxeCA0m,60,LA
fWjIzTDz,65,Berlin
AIhSp3vD,47,SF
8RNLLhYK,35,LA
sPwJIlMa,54,Berlin
M6uR47iq,68,SF
LkLhTUn1,52,SF
pUq8DQG8,50,LA
ckYXuBs0,69,LA
TitOHlX1,58,NY
6o4jGaQC,28,NY
mA8NMBo2,46,SF
vPb8mnBH,43,SF
nLXPgXOu,47,LA
l8bVDgRK,53,LA
IFCkNF83,69,NY
YrXLfUQu,54,London
VtRwSeVs,53,Berlin
A8om6T0P,23,London
I5mYf9Jl,30,Berlin
rdAQb7Ox,38,LA
FASbYrrA,20,NY
rl7JWneQ,69,SF
JewagBoi,60,SF
G4XRMz6h,38,NY
G3eCPwYY,41,Berlin
oYUI96AY,35,London
pb2Lb9gH,18,SF
tYG9EAWQ,32,NY
JOeNPFiI,52,SF
Fm1GXLiq,50,Berlin
Rj2hzx3b,63,SF
DO1mteGf,41,London
3LnwuWON,27,SF
25XCZw7G,34,Berlin
RUrCUbWu,61,London
0YfQ81VA,47,SF
BgXoseSb,42,Berlin
Sd2ozYcq,51,London
ZUu9RGYg,24,London
1pJSuSDz,23,Berlin
QpKu9btG,40,LA
3taYswMM,54,Berlin
H3LcLruY,32,London
2X8X5ZuM,34,NY
2Wj6hIkY,67,London
tlYgF6pT,55,Berlin
Xrh2G9wJ,19,SF
WrDWwufe,58,London
uhGn6ufS,57,Berlin
RSs7lYgR,41,LA
AiKGqMId,48,SF
N7qmVHnf,69,LA
ngPwKehQ,35,LA
DKgSC1nP,31,SF
xrBqsiOa,47,Berlin
d3IvoobB,39,Berlin
brske7gI,18,London
Lee6Uemx,29,LA
uhEg3zzk,65,Berlin
UQZIRbWG,18,LA
DC5TPs55,39,SF
e0SO3a41,44,SF
H6XF9JL9,26,London
idMbKCnx,58,Berlin
9Jlf3pY8,47,LA
HcPfZttr,67,Berlin
ItI4Sqb4,44,London
vgO90cjI,60,Berlin
yNwk1C4A,29,Berlin
tRiM7TTa,68,SF
jwida1rB,50,SF
k90RWRhe,50,NY
ALygzo9a,69,LA
ngVhRrUk,19,Berlin
BMYOVQyE,27,NY
dNQrU9uG,62,LA
HKdikw5U,28,Berlin
LEH7gCwv,56,Berlin
zS4iR4LV,34,NY
eWVVq3Ww,61,SF
snAProyK,18,London
lEaDsZwD,27,NY
cl8536jM,58,NY
eteYO5ma,54,London
IWGzUdkU,42,SF
vtrHYEE5,25,SF
f0k4aMJ3,49,SF
Bsjc4LPF,22,NY
CxiKxmNR,56,Berlin
I9Hxytkr,46,NY
D8DtZxoS,61,London
8yVJZzzN,57,LA
YVqqXKTu,34,London
4wsksgd6,40,SF
zlwIVYrD,31,LA
VPZYqh34,52,NY
dimKECFP,60,London
L557ZGe0,64,London
BqWtcDjM,59,NY
Zsnqaz5m,44,London
AcwIJvl4,47,LA
eDwpncj1,33,Berlin
U6fAIAei,62,Berlin
61wgGq4F,56,SF
uRwpHvt6,36,NY
6JJT417P,59,Berlin
9LD7zKH2,46,Berlin
4Ou24wZG,50,NY
g5b56brI,49,NY
FgsGp8rI,42,SF
CXjtyM42,46,Berlin
RoVX34Na,55,London
A44VvNYG,19,SF
FnGt6we5,62,London
W6WGxUFz,20,SF
r3GAey2M,60,Berlin
fQEhoaTm,49,NY
P9lIOVbS,60,Berlin
euoOvhiP,53,NY
eSTWnZCF,47,London
yBWXwImF,67,SF
BbssaMZ4,25,SF
IrT04aoX,22,NY
JNGSEn6n,22,NY
he2RR5ts,46,SF
6gNn7tUY,50,Berlin
jlJBPAbW,52,LA
47oKs2ol,36,London
yH1kCwuO,43,NY
JUkOopF9,66,LA
9n3YX0a2,49,SF
UIdMvfek,55,NY
lpOyV4bU,48,LA
M50cRaIw,67,SF
9NUwwhyL,44,NY
LLypBMe9,53,SF
Peb14xyo,42,LA
YsfGTpyB,24,Berlin
mQfLMFDf,31,Berlin
zUc0xAay,55,NY
XXJOWPYV,39,LA
8XnmgVf5,44,LA
P689V9ju,67,Berlin
UeZjCJf0,29,LA
GfD3NKRs,52,London
3vqyjGm5,26,LA
bEJka6rW,42,NY
xkIE6rjH,20,LA
995qmMDK,39,SF
h2hvqq59,28,LA
devTFywt,64,London
57OZFP7Q,20,Berlin
MzWEv4fz,51,London
FiPktfHK,58,Berlin
2TXLF9rs,41,SF
5oJiadJv,39,Berlin
rAgMRJ1O,69,Berlin
WG0QdGd9,52,NY
rCbLMe0Q,44,SF
5OwY6Ngk,31,Berlin
BjZ0HKgm,26,Berlin
l9H9VAU5,34,SF
YrFYkNMV,67,LA
YvvozA7T,29,LA
SxmTdJZu,25,NY
Vxq64q7G,34,NY
mbNBy9Dq,59,Berlin
Gs9oZqfp,35,LA
6eQPrGE8,25,SF
1GUiJL0Q,18,Berlin
f03JsBTV,59,Berlin
0tXkEvgx,25,London
5RVfIbMP,39,NY
Mlf1na0w,41,London
9GZAmKXW,20,SF
nOwms4RY,31,SF
Y0d2Abij,40,LA
EGMI1l42,55,London
3RZYxwlo,64,SF
2Svoha06,41,London
IJ38Fs9e,66,LA
wsYG1vLi,55,Berlin
ueNVRem2,43,London
MNnVYefg,52,NY
MewRYqkp,39,Berlin
jcCUXQDj,53,NY
GBbsJqVr,52,London
7t77jXwN,63,London
sCEkGLcJ,61,SF
mM1lZdUG,52,SF
omf93uje,63,Berlin
NAPXo4jR,25,Berlin
myI61nMq,24,NY
d7yYy28E,66,LA
eO2O3L7O,31,LA
ng4abilp,30,SF
xcTusN8L,38,SF
ASAoIe7C,53,NY
WDpZxXPC,37,NY
W4Zs1Slg,33,London
z9kToCy3,59,Berlin
TKUOS3D4,51,Berlin
i8xtUOTM,59,London
R73xBWUK,56,SF
0x5096Ob,25,SF
4ksDqGrP,47,NY
w3PuuQrk,28,NY
rcTd2Nty,63,London
G5BFHPZh,53,SF
BC6GuRyY,19,SF
LTZtSerh,45,Berlin
Cm0UdvFV,60,LA
3I4GU8ZI,50,NY
g0jNnNHu,60,LA
V2gtSX3s,28,Berlin
wger3Wsl,31,SF
E19C0Z3M,35,SF
Sz8yk7oU,39,NY
IgKt7Mb1,24,LA
FzgwWygp,36,NY
0lRUDvLy,64,NY
mlmBehBf,28,SF
u58CjtuG,25,Berlin
oIcKP0Q4,49,SF
J51SMpsv,57,NY
i9qQf3sy,68,LA
YUGwYD4G,67,SF
uU7btQMb,57,SF
7PmU7P7N,23,LA
vk9vL3Au,39,LA
B8wFOyFS,40,Berlin
SgWXMfuZ,65,Berlin
ZX8O7E0B,42,LA
KklwDZYF,43,SF
Ooqn160h,30,NY
1xf62v7D,43,NY
EGFho13k,56,Berlin
12xwEh16,51,Berlin
mww4natx,69,NY
tMQM17qy,44,Berlin
UZYOMQeX,25,SF
ddOO6XDc,40,London
7Ch6dXB9,19,Berlin
ECcjjQ5s,45,SF
ZCqsNVFz,50,Berlin
qxd4sZPU,61,LA
ZLej21gu,61,NY
b1EyQYnn,39,Berlin
e70dRSsY,52,Berlin
JfeZgaQ3,68,Berlin
6ldH47zO,44,London
Mll3oKZK,69,London
EKPD31Pg,61,London
58nbnlg5,56,LA
wlpNOsaq,50,Berlin
9xWD2URJ,25,London
ThWgKQFj,59,SF
tDa6NyKF,24,Berlin
PaiQ0E7E,34,NY
Es6v4WpP,48,NY
qp7n1VGY,53,Berlin
ohM82lup,49,LA
eXK6s2Hp,56,London
u6psEiXc,63,Berlin
O1dXcAy9,25,Berlin
DFOHIdMh,23,Berlin
hNYbLgUD,45,LA
9nPOH6tD,18,LA
6PRBa1Sk,52,Berlin
7ntxs3Np,20,NY
ceyYnEoK,29,SF
LYdGX3ML,61,Berlin
EHWH55Rq,41,LA
WHNaysQB,19,LA
HBknTIfp,37,LA
7oSj9N0b,58,Berlin
aFA1getj,64,NY
24pr0btQ,69,London
basiu5G2,28,NY
AHNy9NT3,68,SF
f1tEDyW3,20,LA
SXMJ6S70,57,NY
UOfLZbUx,19,LA
tDjKId1a,38,LA
cb9H8UGe,34,London
kSwTaaop,68,London
y3fagjis,54,London
G0kMa0wp,25,SF
SKjyuGIu,32,LA
ge1ELhsR,68,LA
FYjrQ9F3,40,NY
78z7Foer,20,NY
1wZvc5Um,48,NY
HDWXEPx5,59,Berlin
1uox1jlE,40,LA
2iu2fsSY,45,LA
rNBAdQT9,42,NY
lpQVUp1s,48,London
RjtPdECF,61,London
6tfQUR5F,64,NY
W6xXv8st,21,SF
RGusV06I,61,NY
lUHk54Lb,50,LA
0zqRsgna,26,LA
0qS3PVr8,23,London
1VYnP4NR,51,Berlin
V85TXOWq,54,SF
J2DDYrKj,35,Berlin
Rf0WtCKo,36,NY
n2hwnuJh,42,LA
MlVDPtPB,47,LA
I90PRE10,65,London
6RniW3Ps,35,LA
gXbFXRNz,26,NY
zDAw8kYl,53,London
Mbn0xStv,18,SF
stHHt5MR,23,LA
PDyeKgpn,20,London
lAgzIWyT,33,SF
iKhO6mgk,28,London
LyVrZBvd,51,Berlin
BGMtjHjF,42,NY
UJ5tA4J8,21,NY
LbM3Y4N4,41,London
5twJOitC,51,SF
bdL0pyxk,58,Berlin
UqSAkJax,56,London
L3iXSNcQ,64,NY
2zldXrMb,55,SF
ubdqa8gN,41,SF
CvQjHcmT,41,SF
CTiQCw00,48,SF
S8b3raxH,46,NY
OkvTX5sh,25,LA
sm3FCQu8,46,Berlin
pcjsrQeO,41,LA
66lHOSNs,27,London
OrCEXVu6,18,Berlin
W51oEsYk,68,SF
QXkgptju,55,NY
345ezvnH,64,SF
rkAURHXm,21,London
nQ6inCZP,49,Berlin
2xLEATvs,41,Berlin
r30VS0OE,20,Berlin
DTwxFeoq,42,NY
jkOzpwkt,48,Berlin
lJQkDEUh,34,London
kdBeCPkX,66,NY
mgbFtRp3,54,London
9AgJ4BLp,40,LA
RhD5GilM,40,SF
nZV6lKRG,24,Berlin
x7IyRiJA,60,SF
sZpPPrRJ,22,NY
OsQln59j,57,London
6N5tJ3Bc,58,NY
HgQusdzy,51,SF
LtiJ6Ewh,27,SF
q9i8XB1s,22,LA
XuNFxjAM,22,LA
VYUAuj7b,61,NY
bxJFANEY,36,LA
hWe5NWxp,53,Berlin
y4O2RDiT,20,NY
pojdhHvZ,65,Berlin
UmmYrgqk,29,LA
dCOZP3Fj,45,LA
ivqrMRdn,58,London
nqzPqcfS,31,London
RzxOqiCL,62,London
ink0YsJ7,60,Berlin
AxqupXTv,28,SF
BHxRaLWH,59,SF
u8JQ2gCT,31,Berlin
owIMOtji,45,SF
LBiOZh76,55,London
YCNC7Vgq,38,Berlin
0iLqiBOq,66,NY
VAxxIcmq,30,SF
ofTHSABF,66,NY
JDcAtSmh,25,London
Ja936MgA,34,NY
vXuLRndL,49,LA
T8c6yJT8,32,London
rq8a0S8R,46,London
ec2H0Ebo,19,NY
zGrkGbNn,59,SF
T0TnO04t,58,SF
ow8fYIUk,52,Berlin
AQGqfQce,37,NY
ZZIqsg5R,59,London
inzduZZw,19,NY
doaIelCb,28,SF
XwsJXoLP,55,London
7ZM9W0xH,44,London
9zA9Zj7m,45,Berlin
dynbqTZ4,26,Berlin
c57Net1e,68,LA
PbqF6lLd,48,NY
0nPQ8qi3,62,LA
Mrwu1VLC,67,SF
wgjulLQe,32,Berlin
X4AdjxwI,37,NY
CCLi3hFt,48,LA
jf0gwF3o,62,SF
2jfXNcQq,44,SF
BdcZne9V,66,Berlin
DfTA2p1a,69,Berlin
PhODFPf6,34,Berlin
8wszlNCC,58,Berlin
LDPwdPI3,51,Berlin
GALGu0g9,56,NY
ygR1q6YH,68,LA
aR8NrAFs,33,London
rX720iHs,25,LA
0127wVJz,39,NY
ME6zYhGX,33,NY
QeFB0lk5,66,London
TzJfIVS5,68,NY
FGFaJK04,27,SF
hcPmm4M6,34,SF
QsC5ydic,40,Berlin
HbukHiJu,59,SF
kHtJiEu8,60,London
R52sB7jm,58,SF
YMgpXqmO,67,London
mn4eKGCZ,59,Berlin
Rt3Y0FDA,37,NY
bMlBafr0,18,SF
hWnYdTSF,49,LA
6M6bVUAt,69,LA
rPr2uhhq,64,SF
7Is70jFc,23,LA
K6Mcwkqm,54,LA
S5ZSey0a,40,SF
JaJuQsbc,51,Berlin
8bfWhul2,20,SF
hkb7bNqC,43,Berlin
6ZgumX5i,21,SF
nImQppMG,42,London
7npTAaHf,39,SF
3cym1Vn4,50,Berlin
XVUczzb5,29,London
Ho9hiZDC,45,SF
vYkKJtVK,20,LA
JRxqxa16,44,London
Hlx5lPIL,68,NY
0vJVoeim,20,LA
WwqgS1O4,57,NY
QZeauMil,45,NY
7vXspTyK,52,NY
k1iHvVsn,52,London
ekHhWxbt,54,Berlin
hUAZ7ZPG,64,London
30MEMJoA,32,SF
jEaBvb6d,46,SF
hmWYlCro,55,Berlin
vaSbJHcn,47,LA
glfye9dI,22,Berlin
JVpbnOVU,64,LA
U9lS4sIZ,28,Berlin
IXpFqF1x,59,NY
UeAXmphj,50,SF
pv9y44nx,34,NY
jbjPlZqh,33,LA
aM8a4YHs,62,SF
joOXBty8,60,Berlin
iXYpum7p,58,London
MdKPR3Gj,20,Berlin
sEqGLAZi,23,LA
MfCMN3wT,44,NY
IwmDOic8,69,NY
2MxeCILA,69,SF
OMIsRsKg,64,NY
CZdSBe2E,25,LA
8X65MvXN,50,LA
cWpaD8hA,26,SF
ZcSzBWd6,21,LA
UvVDBF9m,53,London
CTsSU7Kz,48,Berlin
ULNLRBxK,20,London
zD2n5e4K,46,London
PR3NII4O,18,NY
hSxURD5J,59,London
hN7GGZiV,64,SF
H0sSAeKk,44,London
RXeCbzlo,55,Berlin
3YNwiWNC,58,NY
t1kZbOMu,27,LA
Um7w9om8,42,LA
hnexVugK,51,London
C9Y6VnkZ,61,SF
3IpNRKnv,24,Berlin
fhhasD6e,33,LA
H2aFWEmE,62,SF
BLlgz8AZ,29,SF
G6x8gWPf,44,Berlin
Xvshhg9V,45,SF
XS6E3LEr,29,LA
HWxF1NuA,52,SF
PjMCD9Kx,64,Berlin
1ZPdWX9n,43,London
wDywsmWb,47,London
pai0RYqi,52,NY
fnS9gXi3,65,Berlin
jvm5FRWR,19,SF
9HHIjNKa,59,LA
dOKLbtAP,51,LA
sAqaoz9Y,63,NY
sb5YZcZK,59,SF
fCPWXVdT,65,Berlin
kpODYMka,60,Berlin
IFOQTIBJ,55,NY
7qspW48k,31,SF
aKp2t21y,56,NY
oehuts28,18,LA
rMkFGuEZ,65,LA
WewaOzSW,29,SF
gXtrokQe,39,LA
cA6a4Byr,29,London
kY7OpBLw,20,Berlin
pt8kHwhv,28,LA
J2hTpqPe,43,NY
vywSZP11,55,Berlin
KkUvhS8U,35,LA
KEpvC77V,28,NY
CK2ahiPW,46,London
Z1A4ly7H,59,SF
DGTUKp3q,68,LA
qwlTertc,24,SF
a50g8d79,24,NY
LNnvg4Nx,36,Berlin
lqIo6lSo,50,SF
PRm3bTMm,48,NY
tGjeAWjl,65,NY
rV9Nvwa4,45,Berlin
LR95tf6f,34,SF
ADB28HLk,21,London
JG7xm2Xr,20,NY
IjWN6ne1,23,NY
zMIsyoun,34,NY
0zZiY9Qy,58,LA
rn7JpQ2n,19,NY
PARNhtvU,31,SF
BktV0jAH,38,Berlin
mBY5aeLW,42,London
zD747f5E,68,Berlin
fuYRdwZZ,35,LA
iF5O3bzo,54,London
JOHkZhpo,20,LA
HjKYlbTf,26,LA
L1rZiNDK,41,SF
olUDqJcp,40,London
SEvLCwkr,67,London
yCzbezFh,55,SF
O0WIN03O,23,Berlin
gzYhimC8,27,LA
hwU7uM4n,60,NY
MEnlVBct,37,NY
MooUBSGN,21,London
ClPA0M11,18,London
YrgRjrbw,49,NY
8qoPF0kb,50,London
Xm7eQrzL,43,NY
q4v4Tl4C,22,LA
WpLiPKAo,43,Berlin
tfKimKWI,47,LA
iWOKgtPw,52,LA
6lFXHUmd,24,London
uFOcOc3s,34,NY
Es0MOrQY,29,NY
2VZcgo0A,25,SF
TQ2EqYqb,44,SF
aWcTaSko,20,NY
MX1Txuwo,23,NY
NoC1asQl,62,SF
HHmQ6ZQL,20,London
azJHvuXZ,57,London
lqYDMKNP,69,London
afai35CZ,21,SF
b1yzY1AC,19,SF
RlCf71RV,61,SF
YOAbv1ra,27,Berlin
QwChbJYr,22,Berlin
ypj55Hwv,59,Berlin
RlowFpad,26,LA
fv5FrfuW,50,SF
hCiD69fQ,64,Berlin
BJkDR5mV,29,SF
Pc067Ao6,39,Berlin
kywIRUa5,54,NY
b1dmpBdG,31,SF
MwgUli0u,50,NY
9XVsOEjO,38,NY
9cN1IOT4,59,Berlin
P7DV0TZD,56,SF
4uME6zrB,64,LA
fFrRRUBA,34,LA
j31mSFdS,25,SF
6NU52zog,59,Berlin
XR80rPqZ,28,LA
1aQVz9pl,66,LA
Ox6wc8mc,19,SF
9Ixm8FLE,27,SF
3Agt7g1v,60,Berlin
fALODo2n,43,London
Qk5e0oI9,52,SF
0OyE8QwW,68,SF
nsjuQTEj,32,LA
4bo60va0,67,NY
FkaGy7KL,28,Berlin
et1e4XeD,54,LA
bzkVkCH3,38,Berlin
Gcjn9Z41,60,London
EEuPeTX9,19,NY
bPHAKAfC,55,Berlin
fzTmJeik,44,LA
HQ77afVM,26,Berlin
GOxJtJiv,26,SF
MJGwhm0Z,63,Berlin
K0MxKGPV,32,NY
P3jvcXDc,64,Berlin
DmYwXTUq,22,NY
mJLnjIVp,65,SF
Dkm6ZQqY,50,NY
oyUNTWfI,34,NY
k1S39Q2k,52,NY
vCXhtCps,38,Berlin
wyGonoXg,58,SF
57wqtSE0,57,LA
KtWPxYoQ,50,Berlin
k0qWlRZR,18,NY
2RIBGdkB,19,Berlin
AZwaNQ5n,69,SF
Lionphqd,40,Berlin
bAQIAWZG,27,London
poIUhbJy,36,SF
j28fp2wP,40,NY
cVGAS95d,28,Berlin
DC8EXrfh,62,Berlin
vLYiMidh,43,Berlin
MT4yJ7HL,38,NY
EsmGWptG,26,London
Jyw831i2,49,LA
7oJWLOzl,69,LA
5srOG4OZ,50,NY
RDHmNqPA,48,London
Rw2RxZDk,36,SF
eexd0j7w,36,Berlin
coFqsDp8,50,LA
wjXC84CY,25,SF
IQRIjwu5,50,Berlin
NOdrgcQ8,52,LA
STtYayVC,18,SF
FqjxAiN1,36,NY
nWYhRqRZ,21,Berlin
AIzkzir5,50,Berlin
oi7rXzqF,54,LA
bakIDCVA,69,Berlin
IKmxn69Y,68,Berlin
yyrgYrtQ,65,Berlin
WSMYAaaD,41,NY
s0gaKwrQ,19,LA
1uyMmmsk,28,London
ZUaaVMup,26,NY
4xGpe6oX,69,SF
5aduW8UJ,19,NY
DqskKAoQ,27,NY
VyG5Q1Ij,31,SF
D3kOtw4j,29,SF
EP5KM6qx,26,SF
s6qIXoRE,69,London
joKopf1n,34,SF
T0bI4Jp9,53,NY
CVZppCmX,29,London
JR7K4bhM,45,London
duHFr0f0,60,SF
6FN1z2eE,38,SF
aiM5LiH0,39,LA
rNu75kJm,46,London
AAkM1hxu,35,London
PWINmdlW,68,London
N7zDsNAc,48,SF
LE8fYKZN,57,SF
W2OSy5dG,20,London
EOmT4YwG,32,London
fKYaXePH,33,Berlin
f4h2k57r,65,London
l0BJU7td,26,SF
Qzyc1bQr,39,Berlin
Iy4axSWE,66,SF
NEA6FluZ,37,NY
zChQMEdu,44,LA
oAyd5nnw,31,NY
o8omOCRL,43,NY
Gk4eHtO8,45,NY
ejjkHlHz,60,NY
RUGyBwk9,31,Berlin
4NqwVujk,32,NY
CCA7uyzd,53,London
65kC89YV,67,LA
EJFmB2hX,61,SF
iVi0fcSX,50,London
EA7xqINg,55,Berlin
6v81o2AN,44,SF
aemkClrb,51,NY
B5YU5dkv,68,SF
yRC87aaU,33,London
SD1mCUeL,21,London
r5d7rDiI,18,NY
8unBFWXe,23,Berlin
hHHKNhAD,62,LA
reJsLleG,34,SF
nZttOzX7,23,SF
KuTL1oq9,49,LA
4Uv8pplC,61,LA
PgzeEoCd,40,SF
3KB2PXTm,42,NY
n5cgoJef,36,NY
LOXxSwHm,48,SF
w3JLCczd,23,LA
l1u79w7l,60,NY
fjvhOD5k,34,NY
Vp6imd60,46,London
C7HqJyuW,53,NY
jQzmtnt6,55,NY
yDknQZ9J,53,SF
I50nNr3c,45,LA
Na9x6Qe9,38,Berlin
R7apTyM1,56,NY
eCSPQeSc,42,SF
Wu28Cl3J,18,London
KBMVEoBW,60,NY
Lhis5FhG,60,LA
RepqgjDr,47,London
srtzRXht,38,Berlin
NuiH5kzz,52,NY
0wDncSiy,53,London
X2J0ztb8,24,NY
BSyUM38z,38,SF
szZLUnJk,30,London
epgXHEVZ,54,London
lRiyFHA8,51,Berlin
fLDCYUqH,46,Berlin
Us3IUgHg,35,LA
rD49CrLa,47,London
PQCkMrZi,48,London
s0REuqFZ,37,LA
zXrcBEKB,58,London
tShUp3Q3,64,SF
mvBirRdN,59,SF
ygZvG5hG,50,SF
O5KW5lmx,60,NY
nscjh800,38,LA
VIeCDxKS,28,LA
76UQT1sO,47,SF
eSlX7uAq,41,Berlin
UHUBqrGS,27,SF
kC2x3nXo,49,London
QJiQxMMO,62,London
jFu7Ah8G,48,London
00XCb94l,27,NY
qVd6bFPY,22,London
rOJL5OUJ,68,LA
xwt8eEoj,53,London
apPujaFI,46,LA
UnQQr3zv,44,SF
5SMpXwPZ,25,NY
JWKj662X,52,London
WjGmIvzX,28,LA
lP0DHh3k,67,SF
dh7RZfap,65,London
IFAP494v,50,LA
k4lmZFp5,38,NY
g2JdthgB,37,NY
1K2y9t7L,25,NY
wH5eSbOv,47,Berlin
XS35SCKl,39,London
HxB4WUXO,63,NY
Ym8JnUbn,60,NY
LFdGDdwh,55,SF
o0JsytqE,57,LA
XinmvBkU,29,LA
Fdq2RvMu,27,London
gX2fiY2g,35,SF
73mfsdCR,26,NY
0L4UuShI,19,NY
9sHYmOmw,55,NY
xEXn3sUi,66,LA
DbVy6EGw,24,LA
XPV7UQVm,32,Berlin
MLggMhfe,32,London
OUmqRBSM,50,LA
0wod1CWu,23,London
bNBwFt3E,66,Berlin
qpWWgIY2,59,Berlin
raxaRpM8,68,NY
H418BmDa,42,SF
kb7SWqnT,23,SF
7RWbgitx,34,Berlin
owJVBplA,42,London
n914vTEc,62,London
7XbPXoWT,43,London
BDHHfMs0,25,SF
K5GsB9bA,41,London
RaUoLUjl,40,LA
LIJh7VnW,67,SF
i6PTTMlE,41,LA
wvRvFfhv,58,NY
qHZyjQpj,28,Berlin
kP5uB7gY,67,LA
OGgp9tEM,32,SF
vSmz3IVX,24,SF
qq3ii056,40,Berlin
20wdlRNm,33,NY
AqwDOiEK,66,London
ZrDislr7,28,NY
XcrUK3UT,51,SF
fhQfmTvv,32,London
fiSQ7jeo,52,LA
JDQWM9Ti,43,London
749F0qWP,58,SF
J0LgRzmI,60,Berlin
v8pyRsLw,46,London
qrl0gDbh,35,London
TzL8tDlI,55,London
uMAff57W,27,NY
SyOIqBSw,31,NY
ORu7Ecqs,23,LA
F0iRjeeC,28,SF
ZphN1pBr,34,Berlin
Sdck6Rop,34,Berlin
xdBIN9Tr,68,Berlin
JLgIqOyv,39,NY
Vx4VynmX,62,NY
Pbr3GV8N,36,Berlin
zC7nLvVZ,23,London
ztqpxJwa,30,NY
4C8DeMoH,64,LA
33LI1sn9,50,SF
JzdbxlNX,52,London
nxApAAAc,47,Berlin
MXpAFW8C,52,LA
q1UCSdbF,62,SF
oFgr7CPg,53,SF
bsFXGW06,32,SF
OzjG4xPW,56,London
NhBbxdys,27,London
92LkWDXG,24,NY
gcR5uI6Z,61,SF
oIX4b619,54,SF
OEypbsoq,67,SF
QQthP5qj,67,London
D0pzKU70,69,London
ciF2jEXo,21,Berlin
NywEOPJa,29,NY
TjDXd8x5,62,London
sNkjmCPt,58,SF
SD4y1gMI,58,SF
zcAMnBFT,23,London
YsP4RJuS,52,LA
hPbRE2hO,54,Berlin
J4pH5AZb,69,London
7ekN6d8T,42,NY
SRucyAfw,54,LA
Ay0agYJw,34,SF
PxT66LJ4,49,NY
F9yZcwyN,64,LA
4c7XBTrC,66,Berlin
2I6Yd1OR,29,NY
sNsHaiX2,24,NY
z95ykbhF,42,Berlin
5jICbQ2g,30,LA
fvpIacl0,38,London
5Fom0uwJ,22,LA
bxiVP5Rm,59,London
gzy1ATPs,27,NY
SFu2GOE3,19,London
TNEivJM1,55,NY
cKUzQtsS,53,LA
BUh6yZZu,33,SF
LQprkDYj,23,Berlin
WRGsxTiq,20,Berlin
mJbMwAA7,30,London
6QlNgv7a,28,LA
Nh9h5KkF,19,Berlin
wZGB6P7I,29,LA
i8S1L6Bt,37,NY
mq0Terft,43,London
HopdZayY,22,NY
3xZTnAOM,69,Berlin
rshTYeSl,30,London
TVXuG7Si,65,LA
tBPG7Sp4,32,Berlin
HnojzgQS,62,Berlin
VEP8uwfg,19,SF
6nQyGgJ8,35,LA
DyCOX6WP,47,LA
xuxPFTUr,67,SF
cda3uQQY,19,London
lTGkFO3c,33,SF
EQ9mFs98,69,Berlin
LRkUiXd2,27,London
Jy95cxPJ,51,LA
7nAIMzUE,39,Berlin
l4gdG8lm,68,London
tOnJoN3w,65,NY
xw5o946e,60,Berlin
ZPWqqZjA,19,NY
l444LkDx,46,SF
quvI7WGi,51,Berlin
QP3Bl3v9,32,LA
n9VoTtHB,59,London
9lORROsu,63,NY
PxhQLV5n,66,LA
Wrp7bAjQ,24,SF
HKhtV5Bs,33,LA
Kkz9vIT0,66,Berlin
Hx2wyXIe,29,LA
n6XZxTOq,68,SF
d10L7CeN,20,NY
Q9CyCfvw,32,Berlin
PYQShqtQ,41,Berlin
eMKPkYGr,56,LA
zGfE6vw1,31,NY
3v6kQ636,33,LA
ebtMA9oh,32,SF
wenmCyEC,20,SF
7EZ7NqUg,37,LA
6zPnxivj,45,London
M6jnTM0E,34,NY
PWIKc14L,53,LA
HV9vsWtC,18,London
Qdexirtl,49,London
asBJvSXa,50,Berlin
f7UifARh,34,NY
AG6XzDEC,50,Berlin
AgxVcj9Y,22,LA
q4uZ56rp,53,Berlin
vPYpcOri,29,NY
loYy6H9Y,36,LA
LxBAzVgb,51,NY
SmAxzlGD,67,SF
NSGHtcRk,45,Berlin
C9cPhHdz,47,London
bL5ut62X,68,NY
HW57CD9O,42,London
1hAcX8Yy,49,SF
6CMdMAra,43,LA
fbACdm7p,49,NY
jSLQShun,54,Berlin
mVwR31CA,48,SF
XU4Dl2py,31,LA
8Hj9ktkL,44,LA
ZzaQvRpd,32,SF
vtImDrK4,57,LA
Ridycbre,53,NY
isqsf7kQ,18,LA
AeZZyI0J,42,Berlin
uNGxpyfc,46,London
UZoVoEYH,67,SF
tRMtBlK9,25,NY
GOtrzEmq,33,SF
YqbDSUJF,34,SF
bJHSrN3k,27,London
nev8kEVq,67,Berlin
LO4qFcQx,43,LA
bAze4O1c,62,London
e7ZwwCYU,24,Berlin
BwH300Ek,68,NY
vh09k0YM,41,NY
x3Nu9YXm,44,LA
7wa6kiIJ,49,LA
lAU0DKof,66,SF
eoKxAq4x,44,LA
6NQWVAA8,48,NY
5CSBHrWx,25,Berlin
GBmDM9Gy,29,NY
zyfjv8ON,63,London
oC4zuVZN,33,LA
XBiWnAgZ,25,SF
H3HfbB05,28,Berlin
KiEqyq83,65,NY
ieFMit4X,59,NY
ULBz1ITI,59,LA
bJAZHfb5,35,SF
diYOwhlA,52,LA
8twE81Bq,59,NY
9EskQGdd,32,Berlin
EXSyZQlH,19,NY
QuSmdd5G,41,London
7GVNmLVo,54,SF
scIXPQsP,25,Berlin
j32eGOrB,42,London
f2gPNjaz,68,London
5tljTdcD,27,SF
msRx1Ho7,59,LA
3Aaee0Pl,46,SF
tUoHpojm,68,SF
q0hkfY5R,19,Berlin
GGY5VtMS,29,Berlin
svOjbj7c,59,SF
ZZJdO6ST,57,NY
5rt5Ye0a,66,NY
i8VItTKj,64,London
FupEdD95,30,SF
hiTvNFFc,29,Berlin
z4d3nUsp,24,SF
lXna5lAY,57,NY
6ZVFt8GR,40,London
31qMIwks,24,NY
XItUCDjp,49,NY
2XUa4K7T,42,NY
SyKFPECZ,49,LA
tbHRccDg,26,Berlin
YDGZ5qIA,53,London
w24TpTe4,18,Berlin
IzgMf0DS,66,LA
tr1OEDSA,62,NY
CILubU0U,44,London
UOU3eyrj,31,Berlin
feSVo4FJ,36,NY
2SM3L4xX,55,London
oI9pm76a,36,NY
DOna3PBc,45,SF
2Ush0S1v,29,Berlin
OE1YlUTq,30,LA
eifrQPrD,65,London
9G7MZOBr,22,LA
xL3n60He,68,Berlin
HAabDy3Z,49,Berlin
m72WF32g,30,SF
Lc7rRSWN,57,LA
1a2alrBU,23,London
n3dkB0HS,34,Berlin
NQfzeIqP,21,SF
guxCEopI,54,London
z5cuLdoA,20,SF
ByIEcoGQ,25,NY
fzkHOhd9,27,NY
BpNI6qvo,58,SF
9i7sKyOl,66,SF
E0Vj7wBF,68,NY
GOPkqPZZ,29,NY
akVQdkGT,27,London
2qvb7vFT,32,London
2OuSsBMW,38,Berlin
mMHcHhgB,42,NY
he0TmXcP,29,LA
us4XXyb6,46,SF
bsCEFOHU,48,Berlin
DxJrxcUP,34,NY
lOW9OS1n,42,NY
FI0G73KR,18,London
HD9czcLr,57,NY
vVMw3Qit,57,LA
lNfyvY9W,63,London
WLMdrQ7N,52,London
NaIcZUhZ,69,SF
WTwauLdc,29,NY
aUoDslSt,55,SF
LgvrOChF,56,NY
gC8jGk75,43,SF
LXAdgwMG,61,London
brnWvZNK,20,SF
zXglWAO2,46,NY
UXTd3HQM,25,LA
lJq7UrP1,28,London
rWcDaUMQ,67,Berlin
tIuEOs6M,40,NY
ruulWHMX,49,SF
aOZUTF5G,66,Berlin
SpthhImS,43,London
WOODI7sl,46,Berlin
ymQIrRU1,18,London
bDQDXvk2,31,LA
8lEgKGmf,34,London
rBHx7bI3,58,SF
ajxCey7d,54,London
hTG6MlSX,69,London
Wp6Jgh8t,66,SF
694XsO9F,64,London
Ob68Lnu5,26,LA
TAynAonr,37,LA
npsuaJs8,31,SF
QsH2QNRm,67,LA
ZYUoJ6Eg,52,London
c1lTQNYF,24,LA
YHahLkqo,54,London
3CsRaz7P,64,London
ptxE7IrO,65,London
kL6OvQwb,57,NY
FPnAGUTr,20,LA
yV2gMBOc,33,NY
pQaBKFAh,50,LA
i2Y04pLw,49,London
gxQVSAsR,27,LA
zzK5k35G,58,SF
TzHl3O5u,46,London
4jUyxjjd,30,Berlin
v6ysb6lb,27,London
H2TxvppR,26,NY
pZDwBdJQ,64,Berlin
eOnyQuip,20,SF
tfAGeEhQ,64,LA
swuCg3Va,31,London
WQOjsxY3,57,NY
s9Aw5ThK,33,SF
DegVzhkl,22,SF
lpr6ZCLY,37,SF
h7XYyeXm,34,London
Xm6jAqSl,62,NY
hFsq1yZg,32,NY
U2Ndejct,61,LA
lxH4EqM8,28,SF
WjGVsJf2,21,London
ZiH5U4Y2,37,NY
5kFcCGGp,67,LA
NZGStLze,46,Berlin
2s42Q4cT,40,London
r0PZSlZg,28,LA
gbRK4DsS,32,London
HrmN8hPb,67,LA
XdoOArGX,46,London
ecSTPXpP,63,London
vNGX76HU,42,SF
ZTunIh6D,42,London
U4wV0p2Q,57,SF
sKnpm3VQ,44,SF
4z68vhLG,24,SF
IpPjPlWf,37,London
8E8C3Psh,60,Berlin
zdFGQqFy,20,Berlin
RKeVe5U5,45,LA
tocEOTgV,52,SF
J3e936ZU,55,SF
4F7t8Fz6,42,Berlin
zPw1QX62,46,LA
MQzMn4kf,51,LA
o9ASHdyd,47,Berlin
LkHdHmwP,28,LA
1g1fKmYn,55,SF
dsYA4sYi,42,SF
MwlAXye9,47,LA
AjIalaLO,49,Berlin
jM452sze,60,LA
fYP6PhOK,54,LA
bymHZktB,28,SF
zUayDy3U,66,SF
lzfYuK8K,64,London
nuvmK3Ql,27,LA
Upq3huB5,69,SF
hkyYf27R,26,Berlin
eAQ5UaaN,60,SF
FxPuattl,27,London
LVTDO5pk,51,LA
nWnbrjbu,37,SF
yOJEOSaz,22,LA
uBIAiD2i,20,SF
Krp9J3OJ,42,Berlin
3Ot0zltw,37,NY
VYB5VGjz,31,Berlin
H2TWoldH,18,Berlin
TUwXJ12m,68,SF
qGkNS6pe,25,NY
92vMscM6,57,SF
D1qhBnR5,36,Berlin
mo8NcK4K,32,LA
kSYZV3yA,57,LA
Yj1GU14D,20,SF
gqy8R7g3,21,LA
qMnoBuke,52,LA
NprdKwh1,39,SF
mxPBAAlY,37,LA
cgKU5bGt,64,London
EXnzPaEt,18,NY
ETzu1xzB,31,London
1nV8W4jI,19,LA
Xf5T9pAJ,66,LA
KYNSFqWj,62,LA
MKkoh0NR,48,SF
1YyUteM8,45,London
AhHQUYGL,39,Berlin
RofcOx71,69,LA
GokF8mgu,26,NY
k4b1wCN7,68,LA
f5Q9e4TK,38,Berlin
T5hrmzO3,27,LA
KJKbkBzl,51,LA
GZIinvUS,40,London
pgCjOs8s,45,LA
uGbEOSLk,43,Berlin
rmzvyBjF,22,Berlin
652ScbEt,33,London
dxOlFW3F,29,LA
uq09g7Kb,20,NY
lK317DOf,44,NY
NbgppZhV,19,London
tW4NxhjM,67,London
qDEgbz7p,38,SF
er7eWMk1,55,NY
iYkDdKyk,22,LA
86MhVZ05,30,SF
1NHzOKCg,64,London
qmaitOpd,46,NY
brxvuO83,52,Berlin
78Ix3zmw,68,Berlin
Silm958F,20,LA
8KO3zbPw,61,NY
OKdlcTaI,52,London
QLQ7JJYZ,20,Berlin
y2tuVchy,27,NY
72BWN65G,22,London
Yp31OxJ5,27,NY
Yg1FcBAa,41,Berlin
msZRss6h,45,Berlin
86IgSumK,67,Berlin
AkKKKegp,28,LA
IcTsu3j4,52,SF
1ctUw6XT,66,Berlin
vLNsKsge,45,NY
7T3vIsNj,45,SF
f8RS03iX,38,SF
ym75eGSp,32,SF
nFOlf0Yt,66,Berlin
wMjRl4Q0,31,Berlin
M7mtNSfh,21,SF
EsHct4zc,24,Berlin
16MyXPuv,20,LA
JXSBJSmw,57,NY
ezp6xzZU,44,London
fMxDZren,44,London
fv5IZrCq,37,SF
hSCJBWEJ,55,Berlin
RYqWtmxU,33,Berlin
QYDJpbER,63,NY
vMPiseQ8,19,London
i0jbt4Ja,68,Berlin
n3iK8zPS,24,LA
PV7vTA4d,57,Berlin
gKjLyJYn,25,Berlin
4eUbSvyr,28,London
G5gqy9xZ,28,London
qh7NSG0w,22,NY
9MReJ1BG,67,SF
q8hEqvv5,37,NY
h8JQPBnJ,63,LA
kGUw6u8L,46,London
FM4Yr1Ch,57,SF
qm0vmp2M,34,NY
p2vv12Cc,24,LA
KiiLvJMw,64,London
PXvgwLdd,55,London
0qO4aAnH,54,London
YDSWwAAy,46,NY
4BWEMaxk,36,Berlin
zVEE2y8k,26,Berlin
M56KAmwS,36,NY
AA7zuVs4,18,Berlin
jgST4xTB,28,LA
YJeVKBhe,37,London
EneW8KjZ,61,SF
2dFLgmpR,62,SF
2AZmyvoC,66,LA
GUXMK8C1,24,SF
wpH94W73,68,London
f7xh6tkL,38,London
8LbVoTqC,21,SF
ah5yskuN,53,Berlin
Axjxvrx3,30,LA
nC68kMgY,22,Berlin
Ss5OEy1D,33,SF
eXjbBpSc,24,London
zVkSqdWI,57,LA
9Ptk8IKA,60,LA
ogWoUPyE,62,Berlin
ALQkDvra,69,Berlin
q2n0LNwv,68,NY
nVoclCRS,64,Berlin
uRn2TehG,45,SF
3BK7UCuK,47,LA
27Heb5HP,18,London
xsChkIlO,45,NY
WlRrHmRL,64,LA
sEcL8v2V,60,LA
IC9N95b5,23,NY
oE7Pilfm,21,SF
TEQGEDHx,56,London
RY7Szeoa,22,LA
9JxgmPhZ,33,SF
imTHi03u,50,LA
xYk78Wj0,64,SF
1GCh0uH7,51,NY
pwwUcycF,25,Berlin
INHG0D1a,54,SF
pZ39Log0,35,LA
G2bO9gWf,48,Berlin
hy2pBE3f,53,NY
e0WL3QR5,19,London
68CJoMBe,63,SF
uNYxjCZe,40,NY
MqMAuUnA,25,London
QbN1YKyk,23,NY
eIz5RIeF,26,Berlin
Z2Yv2Pss,45,Berlin
L7H5zFIE,50,SF
PTOJ58oJ,25,Berlin
1EUduMOT,22,LA
BwbC0Hm0,50,Berlin
NylCZ5uy,42,LA
hkEzfb8r,51,London
j88SYtpi,67,NY
f3HSz6Ay,18,SF
9Y8XRu8f,58,London
fJO6c2Nl,50,SF
Sjzrzi80,64,SF
SB3x35Q5,56,NY
SHcD6nXS,55,London
AL9ROChJ,64,LA
aVHY7y2Z,50,NY
C8JF34I8,59,LA
uEgQkUWt,52,Berlin
VOVjEw78,18,LA
FqjGcLsj,34,LA
MFWTZvXe,60,London
2sCm2DCg,65,Berlin
aJoQ9aPO,28,LA
z6Xoscnk,50,LA
S1kQGOzX,52,Berlin
4SmIFdwe,60,Berlin
SDfGH6QB,25,Berlin
I5f7st0S,30,Berlin
VU884IpX,44,NY
CvWkylrC,69,NY
5kWrdgS6,34,London
GT8QM5Jp,23,LA
qbXRZXVR,27,London
vHI9o4DU,49,NY
ECLSwJnv,21,NY
O34ENS7y,55,SF
6znlLlzS,30,SF
vbFnXjrY,29,Berlin
hhUB7DIb,19,NY
Yjh8MT58,52,London
jhyrTH8w,44,London
Nc7Ncm01,50,London
0NooZ7AO,68,London
Sz6pSIdO,68,London
D2bYOMKy,56,SF
B9OtRPEp,62,LA
cejlbNED,48,NY
scQjJYvZ,45,London
qtStmK1V,42,Berlin
4MuSfq9Q,65,London
0Wgi2ivx,65,LA
AhUZCkQj,21,NY
f4D5V8bp,41,London
8Pw1f0zM,57,Berlin
C5WxNY2A,66,LA
7ICDFB3r,42,SF
kZ7FHQvb,67,London
OBBHIssL,29,LA
JNask7xi,24,LA
xcDkXLak,38,LA
Op1BMtM5,36,SF
ak7uPdRl,39,LA
4fZ4VO5k,18,London
IwlDA48W,56,SF
w87H2HzR,49,Berlin
yvdTpXKk,28,Berlin
kYCsXLs5,18,LA
gPJtl3nI,30,London
Gra6JSQ7,37,LA
CD5rIkao,48,SF
PjOsihNz,68,London
x2XMaITN,22,London
EUKoW0lm,42,London
ZljnEsFb,65,Berlin
udUgQOg6,51,NY
8ZxXI3nM,60,London
M5qpNsC9,33,SF
NCBTrxcT,63,Berlin
vWnNnyJx,40,LA
y8PHQEQ4,34,Berlin
jZclNV5h,28,NY
4iAzTtCZ,57,SF
K2bhpDlA,28,London
AIXRaZ2T,18,SF
OGi1lfC7,19,LA
UmlEHpIZ,50,SF
bDhAfh2v,31,SF
C4C6FTjz,49,LA
TVPGOjCz,67,SF
hhqHZJRM,54,Berlin
i2zjqov2,46,Berlin
TKHqEdYQ,33,London
fOyuSTj8,48,Berlin
qNuCpT3e,69,NY
xpu7SfFN,25,SF
kK1UcmYm,18,SF
0ZYq0r0b,69,LA
REYFHhBu,44,London
Q1RSl20y,31,Berlin
R3dYVLhD,47,London
THGpBc11,68,Berlin
UNF0ql5I,36,LA
YFrdz7Dw,33,NY
dcqOYkad,57,SF
fV7u0tzu,24,SF
sTfSSPhT,22,NY
m59aTAVE,28,SF
S0Fdy62L,24,London
JIT6pdaj,67,NY
7AzUBCbj,37,NY
7QSGcx38,64,NY
VrnpiXyc,44,London
SBpQrhke,47,London
rKRnQ8ez,63,NY
bTJ0OCec,48,Berlin
9gNBK43I,40,London
lScj6BMJ,33,SF
K3izr2vr,49,London
CCNdck5H,53,LA
UqkLxLVN,56,LA
DIutjlwU,69,London
5d6wqVVY,41,SF
HmzMmrIU,52,LA
RE0k4jFM,66,LA
Q7Vtq6y3,56,SF
x56CZtBb,30,LA
HMnCCoEk,20,Berlin
AridcVLw,48,Berlin
gbE1b136,55,SF
Rf9G0OeD,39,London
RU7oEbq5,57,SF
9IznUmOA,34,SF
eoAqSjL8,47,Berlin
v9UvpEff,64,SF
gCvdluA3,51,NY
swyNIoye,35,NY
sEFUlVpZ,61,Berlin
Q5l0gwcW,57,London
z8RmscGY,56,London
FarBNkrE,38,SF
Cn2M7caS,49,NY
GNw9ki7r,49,LA
QbGgY90n,19,LA
gCuGGZt1,50,London
FQwiqbCu,39,NY
dVKHTGJl,51,SF
6TDl4BFW,59,London
T5rNnON6,25,SF
3Qf4tJGP,50,LA
pzLdk9Uf,69,SF
y8YptQNE,22,London
xH43ujha,51,SF
irHq0r98,53,SF
tYmJEnEX,54,London
5gv4eOsj,61,London
nrjt7xVv,62,London
pw6yIWIY,63,London
mlv6Uqlc,54,NY
sYGyuGId,22,Berlin
yfcRYyBy,59,London
jCOh4V86,22,NY
xNIy21yM,40,NY
UAD8LFn8,38,London
4CQgvFBK,28,LA
tvnR3wf4,46,LA
V4W1PRrp,63,NY
k9dEW0xs,21,London
6DNt1pUq,59,Berlin
jycAQEZK,61,London
If0bWDKW,38,SF
whw4tWVc,40,NY
XGWykKov,49,Berlin
FU4Mr0Sd,26,London
LLdxRzdp,58,SF
rYpgGZjy,55,Berlin
Het0R7Z3,56,LA
VUIlFSMb,59,London
uAo9gB4G,56,Berlin
m5yZ16DA,21,NY
6bXZY2In,41,LA
mLroL4pA,50,London
aIUE8N5f,27,SF
uQMFM6EH,58,London
b646EZts,56,SF
W4IjZlYd,41,NY
naPKBBwi,41,Berlin
aII4rla9,53,LA
LQnGq2Ak,23,Berlin
WzoRGBCw,61,London
HH98aKcf,30,NY
87ge7FRV,38,LA
exJ2JAx4,24,SF
ae6CP7PL,39,NY
jyqG4O3E,49,LA
Kte8dAqW,68,NY
asNST5xd,59,LA
Bhe84XyX,25,NY
ZMIVTLsa,69,SF
4pNWzky0,45,LA
GIV7AT8l,69,Berlin
y0reDT0K,38,London
M14EPTx4,58,LA
5HLOcRCi,27,NY
usXbsHOn,24,Berlin
KceL8CkS,29,London
wgAYJOgE,41,SF
5rO6Xhne,56,Berlin
TeUlLiVy,32,SF
ym6EDM0k,57,LA
2SjOPGyT,63,Berlin
G1DMABze,24,LA
CdR3Vkxc,54,LA
0dbBoXH6,57,LA
g71rYsu1,25,NY
WatRDACA,24,Berlin
gqxysuqc,59,SF
kKUbwaQk,28,London
UQhfBeqK,35,SF
zPChuytt,67,LA
3HOuOxMK,59,SF
qQN5ycvA,69,SF
vh3P6g7L,41,London
CWwyP0jw,46,LA
ffXTifjq,19,Berlin
cFHDkctf,22,SF
N3dKPszA,19,Berlin
JVAoCVUo,47,London
YvLNhykc,62,NY
th5b8nVL,62,London
CNV7l1Oy,21,LA
NVB48IHj,53,SF
hl8xlPw6,55,NY
JtVMagS1,52,SF
jWTBPEJt,23,London
2lU09caX,23,SF
fwu68ACD,47,SF
StTF1SOD,38,Berlin
hrLP2Tc0,59,LA
SPPLuKaF,41,Berlin
b7SLY5m4,65,London
YvbvIVhx,57,SF
52j8kope,62,London
yDark3Z9,66,NY
HX9QVDPS,56,Berlin
kdcJPmVm,51,SF
HE37v0KL,56,London
ekE3PUkB,28,London
kRzKQfx6,20,London
JRPmTPmq,46,NY
dU8MdNlK,50,London
AfDZVeyl,32,LA
IgWSWBGU,28,Berlin
H85wYGw8,65,SF
tUXgkS0V,64,LA
s6288Uau,21,Berlin
Z6zXLzCn,54,London
z7mx31um,40,Berlin
N3rDTSjR,25,NY
b6AgMDw7,46,LA
qeQrJXoB,42,London
Ow85Y2Qg,62,Berlin
hglEDClW,57,Berlin
3dRBnth9,23,LA
PY7zz4Oo,60,London
1PtTXVOz,39,Berlin
cJOLMwSG,61,London
MJakP3NM,68,NY
onvBdNUa,58,London
lPrqa0DK,49,NY
1w3DsX5b,39,SF
dcnLRE3U,20,SF
BqawIfGc,18,LA
VitaoFyL,57,NY
CTbMHKbh,61,Berlin
ggkWDH0h,29,London
IkHxUDew,47,London
7bTIY0ut,30,NY
vPp5tSCE,50,Berlin
Yz5CxuGP,57,Berlin
NuadBam0,57,NY
Br3v1k0G,26,LA
8xd87GEP,61,NY
Lip0tzh3,62,Berlin
0zirKEmA,54,SF
rc8JO8kp,45,NY
zlpzZDr8,36,London
z7SbaJmn,52,LA
ElZV7L8X,42,London
SZV4s94Z,49,NY
L1PX2LBH,50,London
pPMxKEXH,24,Berlin
jt54w1oF,35,NY
CHYvgpne,58,LA
7Ob3Kle7,57,LA
hAT438qx,31,London
pdNBf7AG,30,NY
0R9jDq28,44,SF
hINx4eez,47,London
CDK0GU9M,67,London
NosPJKtI,47,Berlin
88laZ8mw,39,NY
VkTvcqSK,59,SF
tBfgrQgQ,45,London
qFOYpnxs,57,NY
5bq3vXy0,26,LA
JUWCrkYa,41,SF
99WBwq6w,44,LA
aaKES3Rd,23,NY
zMqI5WRj,21,NY
Z6VaruMs,37,Berlin
ZBARwXAH,21,SF
tERAMMUA,20,SF
UBg0oahc,24,LA
WIaRng3F,54,LA
sudKEvq6,46,SF
GCeGK2bp,33,SF
olDFusoz,58,Berlin
VOChG3yZ,29,SF
TUUjdE8i,62,NY
ycxEUgoh,49,NY
VByvqEdv,45,Berlin
aUZdH3v7,51,LA
rZCzQfSd,37,LA
9fOKkDAn,51,London
KKImzVVn,22,Berlin
7Q3gPGyW,29,Berlin
rtyEXQP6,44,NY
V2Mn9bpK,59,NY
LA9Tmbbt,39,London
ZHVsrWS5,48,London
4cEPaFI9,42,NY
zXfchJk2,38,NY
owXJ1IG6,19,SF
kjoyZFC6,48,London
iCpe9cG6,67,SF
UhRMmptw,68,SF
srSaJduC,22,SF
MJptbKlD,32,NY
rZLzT2dn,33,Berlin
zVhNtEvs,29,NY
rFk3yaHo,44,NY
iHS01dDv,46,LA
L7OCTU8i,20,SF
JMRDFlZQ,45,NY
ud0UjA3H,31,SF
bAIoKjF6,64,NY
jJjrlD7H,36,SF
YWul4pLq,18,Berlin
WfIUv4i7,34,Berlin
lebMAA28,57,NY
CPm0YWvj,52,SF
9c4h3wvH,52,LA
mEvfwcAX,47,LA
yhg6tkY5,25,LA
YaxSlfjv,33,LA
mHOUOdMy,28,LA
VnFcfQ8P,29,London
Gv3r3E9B,60,SF
zxAL6K4a,26,Berlin
WEXZs0Uh,19,London
8j8xDrtc,26,SF
dxuUWXtr,38,NY
NcUxKORM,63,LA
VpyFBPlx,67,NY
iVe6ZZOD,41,London
5Mnzknim,22,NY
Ne9YQdY1,65,London
3kH0J21C,68,Berlin
ya7Q2BOo,22,Berlin
GGKBkqf6,54,NY
cil17HgX,39,SF
x7Dnz7fw,58,NY
mL1a7DlD,44,Berlin
PMLFApmX,66,NY
XSOi84Lv,67,Berlin
yvMPF6a2,40,London
DIafnoyR,48,LA
b2pRp33M,44,Berlin
8jXucLYw,57,Berlin
nr2Q38im,46,Berlin
dWWgT0iz,37,London
WLlyPKqV,52,London
QcQTtHND,63,Berlin
Uut0EjvF,34,LA
yEBiN1Dg,66,LA
ii9oQFRr,33,NY
99IQkped,62,NY
Qre8rktE,26,NY
r3TgA3WA,22,NY
O7FdOlc6,67,NY
S5z4CT51,34,SF
t5ByPWsd,68,LA
8UJMKScz,35,LA
arZo3rBj,28,NY
rQFlnpNk,27,London
Tmx55fbw,55,London
KPdoimbu,53,Berlin
DZZA1oCc,55,NY
zf0oybBD,46,London
KfyA9gmM,33,Berlin
bIFfP9XC,45,Berlin
1I0K1jPw,32,London
otEp2NWP,35,Berlin
Oa2oqI5K,53,NY
nyDMsGOe,69,Berlin
TlvvvInG,58,London
A17YFhMR,53,Berlin
dqLRBpQq,36,London
rraG5BEf,33,SF
ffwVMODu,61,NY
XxY56o9v,68,LA
T1kbj6z9,69,NY
fWUl1rqT,31,SF
QBG5LC6U,67,London
GaWVcjuv,62,SF
oqaDbQas,53,NY
zm0m7OUJ,62,Berlin
FNdKeakV,22,NY
byJnI6Xt,21,NY
1dnanrMN,32,London
mfnSowHm,39,Berlin
6XQdQbLU,36,NY
3Y3x7d3z,68,Berlin
MinBSw66,66,London
lceQG9O0,66,LA
mNTDjVZ0,44,LA
C2mxv1SF,58,NY
K1iQCkRs,33,SF
9Rr2bWIP,30,Berlin
Fu25VOOo,28,LA
2pavYKaI,54,SF
GUqdu4w3,44,Berlin
Y9b1uQAu,57,SF
nDAlUzNl,34,SF
OWtB3c7o,39,NY
QhJ4Sxnj,45,SF
Yk2DQ2Vi,18,London
nhK2H0Qo,27,SF
dxeaYNeP,32,LA
ZpkP7iUK,66,SF
WqqnWHsA,31,Berlin
O3Ls9eFX,59,SF
lSXwRghz,39,London
UUJNz3LN,62,SF
JZdtfJ1N,23,NY
WuDrmSYZ,31,London
EHFYas58,54,Berlin
WHNsF0w3,46,Berlin
dUuxWwFy,24,Berlin
XiNSygre,18,SF
xWaqk4qe,69,SF
bRfSw3cW,30,Berlin
WctvbmY1,35,London
veBhDIfe,37,SF
JhcE27ld,50,NY
OWO7qetO,29,SF
ACMmreFF,23,SF
o53ns53W,62,LA
MzD5TxpR,21,NY
r4UiCINe,51,NY
FIZhpqc7,54,London
KmhJEAzZ,29,SF
Cd5MkUvW,44,LA
otpXUyGq,58,Berlin
Jn3kvuVp,30,LA
632Djkpe,55,Berlin
2xz5JaxB,57,Berlin
midnxpKo,25,Berlin
uZFk2Wey,42,London
jZeYzFWt,62,NY
KSrE3DMo,59,NY
2dyIJ9Lv,44,London
EBtyRPPN,50,Berlin
4SktlLwm,65,NY
4DooGERu,40,NY
isauN9Nz,48,NY
PvBHyCi9,48,LA
jmA6O4sd,51,London
IMG9yJB6,29,SF
QycSE07f,56,London
sR465nyK,19,Berlin
Y2DJSd9X,19,LA
DVRG93B2,32,NY
ykBpc0jG,53,London
D4l9LyCi,49,SF
XOf9a7xa,38,London
zL5sdUNr,39,LA
ccVeaW9b,52,SF
Z10rO7Nx,50,LA
PSciwBXz,38,NY
KJeSZ6gI,18,SF
dw5tYdmk,54,SF
t6YMBnVH,42,Berlin
cdTEuFTO,65,SF
Tx2Ku10d,63,London
XFXBR38x,23,SF
MDbZ6FoW,22,NY
j0a23X7k,47,London
bhaybejk,68,Berlin
IFNgtYfX,55,London
dMHHJUIZ,25,London
KFALPCy1,66,LA
oIDit5Bt,45,SF
CCvoN6nu,67,Berlin
gu8vKXjM,61,LA
D3HTFQDl,27,SF
XbrFKJec,41,SF
6v56OFH2,45,NY
NCWJ2UES,69,Berlin
oMwFh1w4,30,SF
uNWnIcsR,40,LA
BIvWaB8T,21,NY
c2ns97YY,45,SF
fMUsxBHt,68,NY
cLqFjAbj,19,LA
jQFHH0tS,66,LA
GNBggn6C,36,SF
E12zsNQy,23,Berlin
RBpqDMGi,42,LA
BvFxX4fh,45,Berlin
dW8lzIRd,56,London
EGnGpBuW,64,Berlin
7Tc2w2LN,42,Berlin
zT3Svrh4,18,SF
B6Jfefsp,39,NY
WU86TJoF,29,LA
kMxRdxWn,31,SF
F1ZJTuNO,51,LA
YxQCvubd,56,LA
bAj3WZQw,64,Berlin
5JTKjT3U,65,LA
RaY8Olko,32,NY
NxjuBMuW,23,LA
Z6XX0jw6,61,London
u7OVoNwo,49,NY
zjgU40s5,26,NY
lg2Cak9y,27,London
0Lz4WDw4,67,Berlin
QKy7qGJH,59,LA
QX5DQoRf,53,SF
w2uK5DE5,28,SF
pmPLNVVx,40,London
biU2T9Iv,63,NY
oIzR8hW8,28,London
UjygMaPn,48,NY
Z0DwqBcK,38,NY
43jlyBtL,42,NY
kKDxnpY8,49,LA
fZf7TcCD,44,SF
30Yu2XqO,41,LA
QFTQKN9T,66,SF
UGIMcFnx,55,LA
GRqlnuB6,54,NY
1JvWhWxY,21,London
BYNrMNRs,53,LA
UcBTCvtH,27,NY
5X6Tig71,31,LA
JtkMgGRp,46,NY
Km0hQpjr,34,NY
svsXkRFB,27,NY
BAna0J3W,54,LA
25kEZkOs,60,Berlin
5YXpAQOK,29,LA
hFFjh4Rm,34,Berlin
hL0qcIBh,50,London
g1ElRz1d,40,London
bY6fZGhT,47,LA
IisP2EQv,20,NY
1xtpYNrQ,51,NY
gi8ibA5k,34,NY
F0h8hDdM,30,London
TWWbo94G,61,Berlin
27htv4AH,19,NY
LUuFJeFM,38,NY
ZV4zi3fO,27,London
47hhXzyx,24,NY
tUUaG6Wa,42,Berlin
xUtwQc4i,44,LA
wu5dSTZa,45,London
L19E0S8t,37,London
2y1NHoPh,51,SF
fUJJHAa8,20,London
22eMMCS0,23,London
kohd7MPw,67,SF
buDOD6MB,36,London
JXk2gP5S,62,LA
FcZQ70cc,53,SF
UBxs9ioy,39,LA
34JG3NPY,35,LA
VnDcHvA6,58,London
oECjCtpX,48,London
xmQ6UPwP,58,London
ZRcvFafN,52,Berlin
ctQMHGLw,47,SF
nUkYrV69,25,SF
vpdmzZDR,23,London
JhZLhIdd,23,LA
PiuzztwG,59,LA
qPFBABnf,49,LA
w9kQ2pv4,69,SF
wSAjyUmb,23,London
v7eFIuSD,40,London
6kht8SRf,22,Berlin
z681Bt9F,64,SF
3IAhalBr,65,London
YzMAciTN,22,London
k3Fp8cDa,19,SF
KF6faP2k,57,NY
EDkn4onM,22,NY
UikUJbWc,53,Berlin
41Zh7Mw2,20,SF
JcCwUvFR,49,Berlin
iJhGr47m,31,SF
8g6H32iD,32,NY
5VW6yT49,26,London
8qJNnHK3,62,SF
Eq7pj8gl,51,NY
3KdSVxAX,52,LA
g69T8OEB,23,Berlin
CIrCbcJp,45,LA
xuMdHXLT,67,LA
9h9D0Guj,57,Berlin
A4Hi7Y6j,55,London
4gAlRBS9,65,LA
9DxtZJXS,51,LA
ILvCpJEK,40,Berlin
usE0ZSXK,20,SF
S95QJbDf,60,London
VK7O4DKB,22,NY
4CRrvjOo,41,Berlin
DpaYAiJs,34,SF
covnnNwF,50,London
w5AptE83,49,London
wEJerZ7s,59,NY
O8pHReJQ,34,NY
Xg5id7KL,65,London
VL7LqzR7,42,LA
dk4svI9B,28,NY
PV3Fw8pT,19,London
oJDPiC2R,53,NY
yU3CSm7B,24,LA
JX6xOsCx,39,SF
p9gY7H7Q,40,SF
9Lwh3MkO,43,NY
PFZju8fW,31,LA
sTDer7NO,62,London
CWwvD7e4,37,Berlin
CIqpvRLZ,23,NY
DFxcb4sm,18,London
QLuEsm5K,42,London
1ECjrfm9,46,London
a9It8unZ,63,London
Lg21Ycwl,43,LA
Qm8byj0N,41,Berlin
XU3A9Lts,64,SF
CzTqaa2D,36,London
eA9OcSSo,31,London
dyWCx3D0,59,SF
3YbJWCn0,56,Berlin
YrDkYJrB,62,LA
Vj1mZjfn,62,London
yRBE8Oyi,23,SF
C5KfKrFf,66,Berlin
WIASOpjd,41,NY
dnXvM5n1,40,SF
XOKkE3KC,54,Berlin
fCEWFVzO,64,Berlin
HRTpKOjp,29,NY
fgoH4h0O,62,NY
VBsB1mpL,25,LA
UwtQqZhc,48,SF
AdLugHtT,19,NY
onNdJxgl,21,Berlin
XCEpC3V1,42,Berlin
1yrFMgeM,52,Berlin
FqUCoZHu,52,Berlin
PPmBAfEu,28,London
AhfjZD7H,37,LA
6vahh5CM,59,LA
xbSUW8Mu,40,Berlin
TUqb8rZP,66,LA
P3kaGlnj,29,London
akFywKqf,19,Berlin
7E7SYf2g,44,NY
vQbga4J9,53,LA
PMNNWmlu,61,London
KPIWwxHZ,42,SF
jtTJbmj6,58,SF
efkNo2LA,34,SF
K12b1y4z,23,Berlin
FFovpx6r,49,NY
nY07UGZd,45,NY
yfcCiQtg,45,LA
G5XttbQr,42,LA
jf6z1G7k,52,NY
V0m42h4M,40,SF
LhGgBurz,20,Berlin
yRlPwRyu,39,LA
AMa8lGZs,66,London
6BpuW4Uc,65,SF
kQCo5o9n,58,NY
7DKPL0Jj,43,SF
6ySQroSm,64,SF
lICjH1Mf,58,Berlin
mfX5zwk3,32,NY
b6A9lYb0,55,LA
HW6upHt9,45,NY
lHTv2ahP,24,LA
Z7sUS5SP,34,Berlin
SawHam9W,53,Berlin
7fW5ez1r,55,Berlin
8rnQqNMO,27,Berlin
q5vMEH1S,44,SF
lVr6SfCD,63,Berlin
GnSg9zen,35,LA
S4VZ46Qm,42,NY
Fe0tYttf,62,SF
KLGPZVJ8,64,NY
BvlHqXgY,23,NY
deouVHOe,31,SF
fYH8hIKh,27,Berlin
Ra1VYcvI,31,London
VxOSRBgF,53,NY
lpCIG9RP,30,Berlin
6krnqq13,66,Berlin
A3yKDG1v,55,London
Jg6QEUD7,33,Berlin
1hWWRths,38,SF
OvRIFDR6,58,NY
AQz6sBYt,47,LA
sTCku3sx,57,SF
VEJAh6QH,54,LA
MP0nMcAj,36,Berlin
H7AQxFfO,34,London
AdvVLOFF,39,Berlin
OxEbnjjX,69,SF
p7fGCDjD,34,Berlin
Y240U1eT,19,LA
C7boYMQ2,44,NY
NpgsrnRL,57,NY
PyTeZIGL,20,NY
BydnMpKU,21,SF
jMaBV0rM,22,London
pagQuVZP,43,SF
StXU05aT,60,Berlin
0u6a3WkG,20,Berlin
PzyabmZ9,58,Berlin
GXfuAniP,57,Berlin
DYzaUCE4,36,NY
KoHqKTxw,24,SF
nYSgFhib,57,Berlin
3QFcf3XM,23,Berlin
tvfmnBrb,21,LA
eC0q6I49,51,LA
FhY02Q41,68,SF
rcJ2cmfH,54,London
81mc8U2d,40,NY
mQo6GM69,52,Berlin
LHyy7Tq7,32,London
hhPZDhHi,47,London
QytE1fMZ,47,LA
ZM3nrp40,55,NY
kozmc91A,38,London
UodXUrQJ,33,NY
X4sKGYLC,69,NY
f3K3BerI,22,Berlin
WFzBqIfE,66,LA
6EThXSao,19,Berlin
cTzkjBK3,36,London
vlEmGKIT,24,London
g1LFPeCL,51,Berlin
ikYhZlvk,20,SF
lk99Odph,35,Berlin
eiNkDOUr,28,NY
rOoNiF42,46,London
z1SFoVMy,25,London
iigE9Pvx,36,Berlin
VkLbvKxx,56,SF
IBdddlyR,47,Berlin
LcK5FiBH,36,London
TSv98yFc,64,LA
O4zZow1d,61,Berlin
JDiYtbGS,62,SF
17THsFo6,56,NY
lsrOg0Qt,21,NY
mNCCOU25,56,London
qrEOi1TR,69,London
HaECUY9D,24,London
jKvm6fCY,40,NY
viu8O43P,45,NY
APzIXZMS,36,LA
372cZyMv,38,SF
hltHVURW,22,LA
tNHXnCQ9,67,LA
G3famzBn,52,SF
7Lf32o1A,18,SF
g33T0HUV,31,LA
GSkuOffi,40,LA
Mps7s3Kp,58,SF
kGrOoNBP,31,London
EIyjHcE5,44,Berlin
MzMjLhbr,54,LA
487sKHyA,42,Berlin
Mspqm2jH,53,Berlin
z1WqmjYF,53,SF
Ngl4jYxX,38,NY
nw9WVgia,25,LA
yIicHoyi,31,LA
5AeWVuw5,67,LA
bHWnzMSY,53,Berlin
8ODcFSEY,37,NY
ER76JHPw,53,NY
mRC0krdl,46,NY
Ju9sqduz,60,London
lWmsQGf0,18,London
O513kBIh,53,London
EhC1v1dm,42,NY
3KXfnhPL,59,NY
VDhgBvpv,29,NY
aCdFeO3S,61,London
7ojpIrGM,40,SF
glg2ah2V,57,Berlin
SvFqOidp,38,NY
zkLFxHdk,39,London
R0fU0i6u,18,LA
jizfKiMm,31,NY
u5STdQdL,43,NY
pTaAD2hi,48,NY
STKaplgq,57,Berlin
kZn79Lp1,64,Berlin
kCqGTLXH,45,LA
liMP6yiD,37,SF
SfRDDvdL,58,London
riusQgnq,31,SF
rqXFXyX7,45,London
jHW8YIKm,55,NY
6n0Fhj5f,63,LA
u8JGGqAK,56,SF
g7QZs9Lo,67,LA
tkOpAP9N,56,LA
d9h9pB6c,62,Berlin
HCyQslWv,32,SF
kPxtfspn,67,Berlin
Nzn8MajE,47,LA
L4d65UQU,20,Berlin
EVSrdQUW,44,SF
ZRaOm2kP,61,NY
2DVvJnUW,50,SF
L0rf1ZlJ,31,London
YL1pJpVk,36,London
L1pxzVVs,49,SF
QxBte6lq,64,SF
foJhgbv1,53,London
NDI3z12z,53,NY
aXi3cZuP,35,Berlin
geiyxjET,20,LA
Nv7VQxQM,47,NY
ekAbxjY1,56,Berlin
ZkjvgoWy,49,LA
O869w9eu,26,Berlin
YsNdY3sI,47,NY
A4h4bMi7,54,LA
2HUlNakQ,68,NY
oV9N8mkN,30,London
xSECIT3c,44,London
xzM27gsZ,38,SF
XS4wyxkA,55,LA
MLtxm5pe,40,SF
GUj7vl3e,36,SF
97EqSsyT,19,London
vAFTdk89,37,NY
mSfwe3bn,69,London
N5e2hp4k,55,London
BQfEPFtm,51,SF
6cvy9gKt,53,Berlin
GMsuqW1I,32,London
bHoRV7my,55,SF
KOCA7MXx,44,Berlin
epBOjy18,47,London
nAOKct0H,46,LA
bIA7qlzF,57,NY
jhFruXqp,34,LA
X2xESOir,26,Berlin
DpKvvFgT,51,Berlin
bUYE1Lmp,21,NY
JGYrBHem,39,Berlin
0KykjbTw,24,NY
ehLylCHP,62,NY
ZxgmPMud,18,NY
pCh5GnyL,38,LA
m9obQ0a0,21,SF
N1usLWbv,28,London
FCbguV3x,36,LA
uJI5yCWP,46,NY
JLTcsG2l,53,NY
Qu5LlOmV,28,LA
GxVBQ0Nl,68,Berlin
jxJRwJWk,36,SF
CFl95glE,56,NY
FvtwQr5f,50,NY
paEOj49K,66,LA
G7jf0FPI,65,London
u4aM2eoQ,40,Berlin
puAMszf5,35,Berlin
4XNAR03T,24,Berlin
hCZrBsNs,23,London
s624FcqI,43,NY
eA56TTae,53,London
siCoL2lV,56,SF
Rek26thk,66,London
eEZHeC8Z,44,Berlin
jtCesqPW,66,SF
LzFutADR,23,NY
copmA38p,64,Berlin
i6bVMa0M,68,London
LrAjTTf8,31,NY
fei2oW2F,58,NY
VlEy8OVP,18,Berlin
IoKauUv8,39,NY
uwqNtcV7,37,NY
KfQw7gFl,20,Berlin
cScKPCrI,47,LA
DusM7Ns4,26,Berlin
BWcigyuh,26,LA
NeZzN4PO,34,SF
eY4rtR3q,38,LA
ym8lo5Ll,49,SF
VWivDy3p,37,Berlin
QjuDf0ew,58,London
6KoBCoUo,62,London
oaCd83ux,31,London
QcDGr4LM,66,Berlin
EoU6DuVZ,31,London
NH6UNiUx,49,London
uPMjWQUl,46,Berlin
oy3i2yTv,69,LA
dXf4kqhz,47,Berlin
SHaTN4YF,41,Berlin
sZVg9rw8,46,SF
FwMT66WP,41,LA
DSvyUXel,49,Berlin
tDkTJ6Yi,66,Berlin
kstaKN52,48,SF
8S1pDTwM,43,LA
tiAUfx96,42,SF
YZTlCO12,23,LA
VgTgV2GW,40,SF
ZlK8PZS3,64,London
lr3v0cU6,19,London
U0oAKtbE,20,Berlin
zZmOaGbt,66,SF
Qqgo19N6,37,London
BwSr9SF1,52,London
cyQgCT3e,59,Berlin
ypCUqbmb,24,NY
SMyF6sbW,46,NY
o14YF0ie,58,Berlin
p9tPqQAt,62,NY
AYKC9pPt,63,London
JxJSySro,67,SF
OGTAysFx,54,SF
CKYBLc0x,60,NY
5yhjg06B,21,London
FcCtJqvs,47,London
I96F3MV3,56,London
UaTQbQlQ,21,London
5GQCAu20,65,Berlin
bofIQgpe,40,Berlin
o5HdpyTM,50,London
bk1wNhPL,33,Berlin
rmorm9rW,25,LA
FrbnNdPS,42,NY
3DlRo88n,56,NY
u5PZMMb3,30,London
lqoiVJTL,65,Berlin
PCCXTP8z,60,SF
iChr0hPD,31,NY
HKo0t1gT,56,London
FFYWAQq8,31,NY
lOxHYuwE,67,London
lJFT5pQ7,32,Berlin
YIV9WDO3,56,SF
h2eb4Rj5,20,Berlin
EOKF6bcQ,61,NY
uqx0cYyt,28,London
TyXzcb3P,43,LA
c4PY626U,46,NY
9IXV7Vd5,23,NY
YL5LKxD5,63,NY
GSNTgtCY,18,London
ZGTkWcIV,49,NY
EPdCAzXb,38,Berlin
UoQrInYt,61,NY
6NB7HZFq,58,Berlin
zJ00CNTr,43,LA
K8vKOdk4,54,NY
GNBW8MUE,51,London
E9do8nlH,25,LA
jEM10wNp,62,LA
7gs6jHSZ,68,NY
6ExwuyEr,25,LA
iIURsfR0,49,Berlin
XRy2D0rq,43,SF
KBvwN1WR,50,NY
5R5ag9Up,51,LA
PqAadecM,66,LA
73x8SyR0,60,London
Of8m8y99,49,London
Tf8J7cHx,55,Berlin
KH74iO5b,20,London
QxqKH8fM,46,NY
1XLUGKZw,33,NY
oj1TLHLM,27,LA
VJORL7uq,54,London
xKjPsMVZ,63,Berlin
ZPrV2poX,44,SF
2hfCSfX0,48,Berlin
WN9R705K,34,LA
AMmcny5k,42,London
EJE1S4je,39,NY
fuutcpVP,64,London
JyP7TIGm,67,Berlin
LxUi46lD,30,Berlin
00Yfwisk,63,London
90qZiEiH,68,NY
nFAblsQF,48,London
XsAuft76,49,Berlin
ICFLQIUh,56,Berlin
kKh9KwdO,24,London
QB3Lp0Vg,26,LA
DE7hjoK8,55,London
6si66rz3,37,LA
yIfRiURJ,49,SF
ChxaD3JQ,63,LA
rlNiaVD2,57,Berlin
ob39sE2Z,50,Berlin
anku2ogT,65,Berlin
W9dpWHl4,32,Berlin
5cKPmmvY,63,SF
BaUEmQAy,47,LA
bmSAqsLm,33,LA
pJUorTE7,55,LA
qW1AqiOF,53,NY
JJvPo5MN,33,LA
ziq49yLJ,21,Berlin
8n5JjBWI,59,NY
I2L41ry0,66,LA
URBivHgq,60,NY
nLOvlUWV,43,London
cRniJT2b,69,LA
JDgvaw1M,24,Berlin
sPFVbBIJ,60,Berlin
7M2rAsvp,19,SF
TiBzQF1m,36,SF
1rvpNymD,23,London
bRnOrOBB,28,SF
g0OqMFjK,23,London
yovl6Tzn,27,London
DUJvVwXh,55,London
7ygi0rJ0,18,NY
QXsMgbjr,61,Berlin
nWg5gZyt,50,Berlin
6IReRJi5,39,SF
Mkkt2q0c,41,LA
zYdM1G0X,67,LA
vsNWSVjt,46,LA
Yg40txBl,32,London
Q6owPyoh,62,SF
aAPA1Elk,62,SF
TIZ59XXt,66,SF
gLkRmu8p,64,London
AN7z7kNH,56,NY
I40BEj4V,20,Berlin
UWuw5vFv,44,SF
V2J2bp69,25,SF
ztgqROqE,47,LA
YRskLSW0,46,London
r5pLspTi,55,London
3ZjsHMQC,49,NY
E3L1PngR,20,LA
MvHyiu1k,37,Berlin
wfJZfqaA,66,London
hfma4c0V,26,London
7WCWbt3m,59,LA
lAAuCJB3,40,NY
zZTWMSv6,24,Berlin
zjkoD2bC,59,NY
oTk0U6cE,69,Berlin
TQCt8jmo,42,SF
qSfvH6Ob,41,NY
bbm4jHOT,42,NY
9v5SFWPV,49,SF
98pXVzdn,45,NY
VfWsBDSz,29,NY
gjQmx0Vq,61,SF
QfpS49Mb,58,LA
bP6oBzaY,24,NY
hwrgs68u,38,LA
9Z8PGjKT,21,Berlin
YYphhU9a,20,LA
JHJWKl75,47,LA
PuzmQosO,43,London
gLtJoZv5,26,London
ioJFwIJb,58,NY
U9X86bkS,22,London
z2bisuf5,23,NY
Gs37Iy6S,40,LA
4oTZwjLa,61,Berlin
dETsKolR,27,LA
Ks83RJ9e,18,NY
8VyjlFiu,18,Berlin
Sr364Xk5,45,London
Eet5TMPG,20,SF
90jUuZCA,60,Berlin
b4NeQfBF,61,London
DTiIFsDf,18,NY
pgQTDhTX,36,London
IDWYTLxz,41,NY
10xBhO2t,33,SF
zz8yEvCY,29,Berlin
oVVFsTVw,41,NY
gUvT8lf6,34,Berlin
YLFnV9yO,52,NY
PCVjszdM,35,NY
ryuE6iZ0,29,LA
CYOfP9eE,31,NY
pqQ4J09D,67,SF
I97h0R3V,19,NY
Zw878Buy,59,LA
H9wmevf7,44,LA
rubk7FKu,53,LA
RaJnn0AK,25,LA
oEUGrBhF,19,London
fdOHT4mR,65,LA
4PnZ0tUb,45,SF
YkPV0mci,23,Berlin
x4f7Qew5,59,NY
oa74benG,47,NY
CzOHUyuy,41,Berlin
4adQmbdA,26,SF
vrbVYSZ1,24,LA
YWIt9XGO,56,London
ZlUns6J7,58,Berlin
Aes5f57q,26,NY
lIvkA6F2,21,NY
Vuw66SxE,26,NY
WYdQXZhc,21,London
NBNCCx0e,18,NY
lT6d456o,27,London
xh1ACZUc,20,LA
iSF3WC30,26,London
0eUpSN2x,68,London
jPmti0v5,62,LA
f57rTGqs,56,SF
RNDEsDuH,66,LA
Er9L9gVX,64,NY
lQwkDWWA,64,London
e0MzskM7,63,LA
yxF4zYaT,45,SF
R17cPDoS,37,SF
pdfal2Tu,48,LA
Zm6G87ey,29,LA
NsIt3rSl,53,SF
j0tJYPsb,57,SF
4Kmtg03O,60,SF
6uzTveGf,66,Berlin
S8L8HxEt,64,Berlin
MIPaLhjy,32,SF
084Zgu78,42,NY
Kx9jGdBz,50,Berlin
wNsn4nPp,21,Berlin
z2QbPfrm,23,London
aBS9u0oK,24,LA
36AgoQHF,45,LA
7OMnWZAW,38,LA
lU5z7Qy2,44,London
8Lj4IFuw,55,SF
1aBESAbY,26,Berlin
GPIjo3V6,55,LA
pGc9LK0P,46,NY
bWZ4uqQJ,64,Berlin
9Xe8AUmT,41,SF
NcCIggOH,66,Berlin
C9TSfd3m,50,NY
Uy4HYjoy,33,NY
Il17Ly0v,65,LA
o7NGZawh,43,London
gRBvF5gr,56,NY
FMylU2HI,64,Berlin
hgh8HE5v,68,Berlin
d9ZpmxTf,19,London
bgST1kzv,53,London
gaczUHYg,69,LA
7XvAlugt,64,SF
DMxOr3lr,44,London
S2qvKKT2,28,NY
TqjE6HNQ,51,London
nBCaSliD,67,London
GywgUhkr,49,LA
Sgout6So,65,Berlin
pXqTBTOR,45,London
OVNAODUE,31,London
Ufeuwmt1,22,Berlin
njRnn2cS,21,London
P8kNyhgK,38,NY
4J80wDiy,41,London
EAcJAkqU,69,London
2deP3rIL,59,LA
kBPVXvEE,27,LA
Eb4YB1zs,40,SF
qarqb4x2,27,LA
KPQ6FBJI,27,Berlin
ppVCwZnq,18,London
GDg7EGh0,40,NY
RXCRALH9,67,London
tyk3S6sm,48,London
7UL6emA8,43,NY
qz2UBJsa,27,LA
gH2qAY8A,67,LA
UimXggII,69,Berlin
jr2jlnnC,22,NY
E8RNsnbM,19,NY
VqGU6l2b,43,NY
SoNKMynX,69,SF
XEf1rHxL,21,London
XCetqi4Z,63,SF
4K6UmjKX,52,London
hBlsU9Z1,50,London
w3DsHRnc,68,LA
W4pMD6rl,64,NY
w75aoPL0,64,NY
JVxYs2vG,36,NY
azZzCcnS,34,LA
OkcwzIyW,54,NY
Q9K4iS8l,26,Berlin
nuvoycaA,28,NY
2zVKIth9,42,Berlin
4MSu3CF2,21,NY
8Dgjk5Zg,67,Berlin
mOjQUH8o,50,LA
tSHO03Kl,65,LA
faNkbkMJ,63,Berlin
LPPPYAH7,43,NY
T68dhddx,25,London
gVdXbSJz,41,London
CJSwLkSs,53,London
UwF7gaiD,35,Berlin
sZR7jnlI,67,SF
kbZ5e0Rl,51,Berlin
zUty3vKb,25,LA
lM4EVoE1,36,NY
SYosEsk6,26,Berlin
0wIlDlS1,46,Berlin
Jvq9mhrW,18,Berlin
DOEtk0hr,24,SF
ujXNjC8B,58,Berlin
mPad8kOR,36,NY
PncMU8VF,60,NY
qHpLqj7Q,63,LA
c21fQxQQ,19,NY
KDy27S4t,68,NY
EgBm2eyR,35,NY
dq5Vwf9j,20,Berlin
jksUA1aj,68,London
w537BEID,21,NY
WsiIbQQY,44,London
2ZV9MCuH,30,NY
KVnsoHr8,64,SF
4k5CKbLA,18,London
KQ65Vdsq,48,Berlin
qwQAaT0u,36,SF
qh76sNeO,27,SF
MXmIWmIi,45,Berlin
YmsIFS9e,34,SF
NURWvLS5,68,SF
eOvgzT2N,24,SF
Ay2r48bu,48,Berlin
WqZlD3ta,29,LA
hhV6Vzbb,37,London
Oib4h4ZV,21,NY
i1DBJ7gs,24,Berlin
0P6INCFP,27,SF
gwZQikjf,45,NY
GxvlrHPJ,18,LA
2XDgZDtm,39,LA
4HkEqHfs,58,LA
GQ0CVA0t,44,Berlin
tqkTWD8E,41,NY
gt1pKjMn,60,LA
FUTnmFFQ,47,SF
2uNCwDoY,23,NY
wTElKCPc,51,NY
OICznIDA,37,London
r4dYzQ7q,55,London
910FMg75,58,SF
b1m4sq1w,49,London
dplcdZjJ,47,Berlin
BkORaYMT,23,Berlin
DjclMyqk,67,NY
FewyCnom,54,Berlin
sNKJqsfT,39,NY
LCYMM9xd,26,NY
XnEcvd4z,29,LA
xq2NjIA7,56,SF
paoVh9OI,30,SF
NxjsDGjG,61,London
MdEXYwKr,57,SF
Q6FBOeE4,65,NY
toTxPuDA,64,NY
HZO8XFBx,29,LA
pQ3ga3wd,63,Berlin
ykjGFbDa,50,Berlin
Mq8UaSA7,27,NY
dLdtVsQF,58,LA
0wwkhrxT,29,Berlin
5nydFwRQ,67,LA
oJhaFR4Q,22,LA
uIXGHkT4,67,SF
sAcBa6nA,32,Berlin
re5AzrPR,65,SF
CQS79HMz,26,Berlin
VKfc8I7q,21,NY
C8VIGvdD,66,LA
XogaciZW,25,SF
YJX9TV3O,63,Berlin
tu11B3Sl,45,Berlin
VHjSA04A,48,LA
Cwwai3Yo,53,Berlin
RrIR3l3C,65,NY
F6D5w8QS,30,NY
NMI4zBOT,45,London
KHqStXyD,63,LA
GCIQELvJ,63,SF
BO7hQRWx,28,Berlin
BfehQEx6,27,NY
LsaYr2dy,40,LA
NOmFZD8f,42,SF
FAQOun4B,45,London
FwWD0p9P,26,NY
EmmvsBKA,64,London
UNXLGGB0,25,LA
lv9bhNHf,56,SF
uDKpCRi0,57,London
mGhInW11,66,LA
DQ5b7SZN,39,LA
xh3DaNCV,49,LA
udfeS1Tk,20,SF
Wl7TRFSj,69,LA
LqAi7ZbN,31,NY
ZJuMk4F5,61,SF
H4nuwDhq,48,SF
z5vB46b7,68,Berlin
lqr8yrlY,56,NY
F2kTL487,66,NY
oRGAeMio,40,Berlin
3ram9K46,22,SF
6iYedi37,41,SF
L4AjaWSI,61,London
3fKc2MyC,49,LA
95MDLIPI,68,Berlin
pMLSDwps,43,LA
uIis2cm2,39,SF
FGGsyLkp,69,London
HDZeUfaG,62,Berlin
W3rC9LY4,36,London
zc8fvnRN,46,NY
FiRabTgq,69,Berlin
d8WPj4cV,34,NY
1I4JAohQ,20,Berlin
lLT5EDJ0,62,NY
QjNY1OFA,41,LA
2pVeyXFP,55,Berlin
PG2OzxSR,28,Berlin
nDoUEv57,38,London
Pt9YHYqq,52,SF
O4OIKbZy,69,LA
ahaMQ2HO,20,LA
WbudCohL,57,LA
ZeM2yU0B,68,SF
KMqh54fA,67,London
OWY9lOlR,25,LA
AoeWzUh7,63,London
JBZAE7Wp,66,NY
vrSt3A1j,54,LA
FJQzqvVk,61,Berlin
sEzynNXX,60,LA
WFhfFUT3,59,Berlin
LQd0KcrB,28,NY
CACdUMKr,45,LA
9lTFn99W,29,LA
Hi0T8DXe,68,SF
MIe7Oba5,33,Berlin
833FBGIw,34,Berlin
DqFv5eUQ,56,NY
Hx5ezYrh,61,NY
r4JjrUGL,18,LA
LG5wUMCf,23,London
dphR6Sut,22,SF
YNL3vSJ5,44,NY
Zbgh4hV1,36,Berlin
7a9OMHAo,41,NY
SNcSpfNF,49,LA
VrOUbPCN,54,London
WfFAtvju,59,London
4X0ovy8f,53,NY
9Y4ZU2pO,22,SF
DPqsuRQa,34,Berlin
K0LZ2TsH,25,LA
AavT5BmQ,18,London
vb22nplP,32,NY
moaoYYGz,53,NY
8S7vYGi0,32,London
quEnoWQ5,53,SF
aAMCWSDa,49,London
i0mFvKat,25,LA
Qbnwv0LC,41,NY
bnIJePwi,36,Berlin
dEjEdOzj,24,LA
BUnRghsd,37,LA
oSdVrY4A,27,SF
YTrpz57P,27,Berlin
QxxqaEPD,55,Berlin
HbtbibjX,38,NY
XAM5wr4H,58,NY
9xsSsM7n,19,NY
KVRvgRBr,42,Berlin
G8L1wk4q,29,NY
r3QDJTFs,29,NY
d4YcHRx6,48,NY
oAO6d4Ft,56,NY
5t4hI6tD,60,Berlin
0C3m0zXx,67,LA
toRncLjw,47,SF
THs9ioTT,69,LA
US2sqhkm,45,Berlin
n1yPbeA1,62,LA
TUMwcphd,64,SF
sglIR5Bu,48,SF
HybHybMB,35,NY
QPgZiwTn,66,NY
YUrtmdYr,61,Berlin
ilyTurNT,26,NY
K4HuFVUq,18,LA
ilf0q5px,30,LA
iNI2bVA3,26,SF
ykcDvqUk,40,London
GDHSuNeu,44,London
5McVXRBw,57,LA
cu6SX5QI,35,Berlin
NggdFPFU,64,LA
Nq8nKLmX,39,LA
rwjZ9JwJ,22,Berlin
zavtzSuA,20,Berlin
Fps7Lx7i,42,London
K6D2HR6j,57,LA
9Y2D1Hoy,39,SF
t2OYKxqE,65,Berlin
FYQvHFA9,37,NY
kDHrvH47,37,Berlin
XTJDYTGh,67,London
ReraEL2j,68,LA
lYWxQvDG,33,London
2Diod4zl,42,London
0SEdW8kl,31,Berlin
9PTFYf8s,22,NY
Nx0NUf5o,35,SF
h2cRCDkX,18,London
dt5qanGx,62,Berlin
9xigqn2W,44,London
3FNiQ0hV,59,NY
RgAb62ho,59,NY
nTEvOmIB,52,NY
0sAUhQlj,21,SF
6UynCUNf,60,LA
3YFSGJwF,58,NY
iTdff6p2,33,SF
3xgD2HuV,35,LA
jHi9NedM,18,LA
O8E9SWeu,41,Berlin
aobrq5SV,49,Berlin
4AEhkw91,47,Berlin
3IPw98JR,58,NY
yF7oVdxh,58,London
iN5jYfHo,65,Berlin
JCkr10EI,28,SF
ze9SwLvK,42,London
ukMb1AiL,51,Berlin
IxdInpZJ,44,SF
19ud5oLt,61,Berlin
9R3XRSf0,54,SF
KGxEhUJL,62,Berlin
5DXZERCn,62,London
2QJXnhrB,47,LA
xpNn9o9E,53,NY
GUoC47oD,44,LA
wgS2lBuJ,40,NY
04qW6Ckj,31,London
UvbgpYT1,38,NY
XohyYlvI,57,NY
O3S6b9hu,58,NY
9BmXDFUr,64,LA
NBvoBvks,56,LA
g2NhsTTU,55,SF
J0QqXSSU,34,LA
2uTpAJFY,26,SF
abVJiTzt,19,LA
p2ZyeSK6,33,Berlin
asAqoR0G,32,Berlin
jkPFT9ni,60,Berlin
vHAXxdDX,52,London
PbKQkgMr,40,LA
AchVYCIA,33,Berlin
kzrCFri2,19,SF
7S9z5AIc,18,London
Q4xQeyDU,59,London
I9hjXCdE,26,SF
6gCCuQzr,29,NY
MUi6dX39,46,NY
kR8tHm3S,43,LA
aL8eYZ8K,23,Berlin
3aGvCSl9,50,NY
SyFKzRf1,69,NY
EtOWSdwo,60,NY
yaSVNbSA,20,London
6T2wiMlk,40,London
5dkceBuD,66,NY
icS5z9AS,28,SF
QBsgyDZ0,21,NY
mRY6KY8Y,24,Berlin
X6yxwxN0,62,London
5zETr8Zn,25,LA
5RvzwP09,42,LA
a8yCWOCZ,40,Berlin
66wjMU9W,33,Berlin
SCDKzqm9,39,London
vDCcP38w,26,LA
g7M9xBZL,64,London
0lakW4on,34,London
eUy4ertS,25,SF
Ej54Qk74,19,London
2RHYs69y,28,London
s0ySb9wP,35,London
LN1BULmD,67,SF
pefTjgO2,48,SF
Q5c84AEM,66,SF
dVdTY68Z,62,LA
VdcsEswb,35,LA
Rt7gZTbD,46,SF
BfOQ9o1z,46,SF
OKxHdBoI,43,NY
wDZ52wqZ,61,NY
ystEnrfr,66,NY
1v5myETc,40,LA
NerwvwIP,47,LA
CqdK8ItU,42,LA
SpAxHG46,37,LA
7UYSM2e5,23,SF
pGbaR3M1,25,LA
CXwdBYud,39,London
zTZDkrtR,68,LA
FmbGNKqJ,57,LA
f9fIitv6,54,SF
hRcZInEy,66,Berlin
R8EXy1uk,39,Berlin
5ba9AuPI,51,SF
P7cfre44,28,LA
4olH1yDp,45,London
ZRhadmgm,64,NY
gIS0ubJY,33,London
TG0mRWfL,61,London
xD1Vjoqe,60,LA
7FlxO6Oo,63,London
nEZ6skQT,53,Berlin
LnJPBQJG,33,LA
sl8TcFlK,65,Berlin
cR0FOyOQ,21,NY
YP2j4TjT,43,Berlin
feYoVRaW,63,LA
v92yauCQ,29,SF
oFLPQ1Fx,49,LA
64aYUMv4,24,SF
eAPOxAqY,38,NY
Dga9mcMk,35,LA
xcDE5V1c,51,LA
pxmr82nk,62,SF
fea7JXaL,66,SF
UCnjntbt,60,LA
i7vH7A9V,18,NY
WGKUYz5m,28,London
VsXwEqZK,63,NY
sXPeCocS,57,Berlin
FYBtBwRh,43,LA
ykgjmbQd,62,LA
3IHhL1Wk,36,London
WGqV1y3n,56,SF
utZpa353,26,NY
30yBhg2j,18,SF
T6PtiHzK,29,Berlin
DwNO96DT,69,NY
dnuN2hVx,64,London
hsCVmajP,53,LA
DQLLaE1J,62,LA
3Bgi2LWf,33,London
GLjF86Q8,53,Berlin
StBb8SiK,23,London
ooSolo73,68,NY
kairGoGO,65,Berlin
b8rlUzv6,64,SF
cf3IT8AO,25,London
J7ttIWAA,68,NY
9voMtUQf,31,Berlin
yoVfS1cn,43,NY
RYmyRCRp,27,LA
a8tvKnPM,28,NY
Xxbwp5wT,41,LA
zcBj6ieX,22,SF
JygTl07A,33,LA
QeViMKpY,56,LA
wVEuxWLD,35,LA
nT7TNyiu,21,SF
b12u3fNT,41,London
bPdo0Ei9,47,SF
4wRaNTfD,29,London
njlwL2O8,61,SF
88U0M66X,68,NY
jCOhQkSj,36,London
E5paYEQG,50,NY
pPGIqTgw,40,NY
pmNIwdQY,29,LA
ca501wL6,55,SF
tYuZ5zo0,22,London
O8DVqhe2,24,Berlin
i70BCszt,19,SF
52UGnQKk,28,SF
Vp9WpGVT,54,SF
x6hjsCtt,41,London
MqZ9U8fr,59,London
28SwVmMC,25,SF
Kw22zVp6,50,NY
DJ7kPIPg,67,NY
Gj4owCRK,22,SF
KzWRFWgw,46,Berlin
7cqMTplk,31,LA
KTlb9TGO,58,SF
dU3wJ6Ew,30,SF
mElBEoAY,68,LA
I5eKd7c0,62,NY
jl5ges4S,57,London
aFv0qFbV,19,NY
yJaEUVCt,18,SF
edstkxiD,22,Berlin
WJ18A1Zi,59,LA
s8aywc2s,53,NY
jC1EJAmn,63,NY
4JoSOTm3,41,SF
zW1n9Bna,65,SF
aom4f1p6,34,SF
EJZ58zV8,62,Berlin
S8IOQdKg,41,London
TjfWc0yM,19,NY
LfpaMxUS,50,LA
D1VEZGCG,60,SF
jEAy8crO,56,Berlin
FyHbQ5Fo,56,London
c1tJEU9A,49,London
UxCNITsX,57,London
ABZxcs4K,30,Berlin
RqlWL6PI,65,Berlin
oosVjX2z,35,Berlin
Wq2OG6AF,19,NY
HTo0GWxi,40,London
GwHnpiS9,45,London
QlNOgNXE,24,LA
nYXBvVOc,57,SF
UNSWIxWp,37,Berlin
itnkE1oa,67,LA
36EqFoeR,30,LA
GPAzB2LT,28,LA
v6PkG8UP,57,SF
sWNvNLFU,44,Berlin
MSRWHBot,50,London
OBwCywLq,34,NY
gKTIPjhC,60,NY
aPwyfCgb,36,NY
fJC7PRBR,38,London
Hd7ZcN4C,50,SF
Ur5m6qSz,30,SF
qeXVZrwW,25,Berlin
Ge7bj4xn,52,LA
6gxNzHXr,52,LA
XqygdJk3,55,Berlin
bUeMvIpB,69,LA
gALcxkjN,36,London
z5encHnz,69,London
9x9RhpSZ,19,SF
SAzm69Bw,20,NY
kfp9Vxtc,19,SF
KjfYqkVn,25,Berlin
ZNFdV8YO,64,NY
j2CCRicr,24,LA
kQsKPOLP,39,LA
arPZN87U,41,NY
ZpulQSvo,47,London
YnLyIOS5,65,LA
7iQCtWT9,28,Berlin
5WKPDeSw,24,Berlin
Fo3lSMhE,42,London
Zdbe98Zu,58,LA
wdNwRDiW,69,NY
gYYoUe61,32,SF
EMWFAWh4,18,London
PMOrPkYW,35,NY
crsWbVNI,36,Berlin
7scCW2Sq,24,Berlin
ra17RvHS,31,LA
yvb0nydj,50,SF
xN5aC7Qe,63,NY
5ElWKg6j,25,LA
e0em89MB,50,Berlin
wmfoQknr,64,LA
xDxbMUVb,59,NY
7Z8TLeka,21,London
j0lSOPeU,39,SF
eiqaOeS4,28,NY
J7a64qn9,35,London
outmVph1,20,NY
AD7clwAD,20,NY
gb703tGC,55,LA
qwWgYCwt,49,Berlin
w2fxTxom,30,SF
D1IYVtdK,64,NY
aNVI1D0W,62,LA
fhvZheLt,37,London
dNg8MDoD,60,SF
qtY4S2Cx,59,SF
uqFrnAw1,36,NY
NGRqlhLm,32,NY
bnsNNHyG,42,NY
LyTAdsxM,47,London
p3SPv50J,34,NY
PEpEJxvg,23,London
uqLXmutB,54,NY
Gg9DDSWm,51,Berlin
uXh4XplH,58,Berlin
TuUjFiG2,60,Berlin
Bilfm7wV,29,Berlin
T2DiQPot,47,LA
Czs6gAne,21,SF
N3x56aCi,59,LA
HPbnU396,25,Berlin
0hpnzjtY,38,Berlin
t0iXwH4f,57,LA
NQ9e5Y6H,52,NY
1ZC8HC2U,52,LA
8AuLN09c,58,SF
QqW5rvpk,27,LA
KZEKcwyx,61,LA
lGkYr5Iy,58,London
63vKn9aE,19,London
oKnoti4G,36,LA
AGZb3zmq,33,LA
FmoeDmZY,50,London
SAOzAPPe,42,Berlin
BdrIyybo,45,NY
YwvxsuvX,36,Berlin
WOMgSHVd,36,Berlin
SRq1CgC9,22,London
8mzn9Bem,46,London
0FhJwsfn,20,London
j5qPukeu,63,NY
5hY3n7uC,68,Berlin
i3ka4uHj,26,NY
5LLOOwlE,34,SF
Usqnov1n,60,NY
DVyLQMRb,65,LA
UksybCEp,42,LA
ovMyvHPm,69,London
x3xxmhte,28,LA
5hn9P8F2,53,SF
WNlSZ3zP,34,LA
0GmREUil,64,NY
pvYDduSq,54,London
nOcxusUD,69,Berlin
4WwG3Kkt,42,Berlin
zirwGXyF,24,Berlin
02qHGx1N,45,London
SrjanLWV,35,Berlin
a1QrjIQv,56,London
tyBH8lus,59,Berlin
GZSOH2L9,55,Berlin
JYWfQaXA,67,SF
wu0c6QgW,46,LA
5RQYtEIn,22,NY
uUbfqmzo,30,SF
DIqSL8cv,34,Berlin
E06xCqxL,31,LA
NPCUOip5,65,London
JjE7zQC9,44,Berlin
hRtIIwSE,36,Berlin
IkmuHmJ9,34,Berlin
lLQHMxmj,24,NY
ncmFplBg,55,NY
XYifOpVR,23,London
5OHAqDVV,65,London
cmSXNfnP,61,LA
fRYBa53u,49,NY
J0PJGwlb,45,SF
irY4KeSB,55,London
afH6NQR4,64,SF
aPNJCquZ,44,NY
Xl2aWsOV,22,NY
qiorhuR8,38,LA
kU4qTb1Q,52,London
PhlRIXP2,53,LA
Ksnf8SMx,58,LA
kCqTuJse,59,LA
EmGTICoY,69,NY
ZI9wJkRy,60,London
RL27iGMj,25,NY
Xp78w1Ar,27,Berlin
Q0XwuhA2,23,SF
C512tqrc,34,NY
ifOKEsfe,65,SF
ciF34H8Q,18,Berlin
4Oz25GYq,62,Berlin
9HGIR2VJ,64,Berlin
X07dbY17,21,SF
lfxcWWhm,35,NY
XBVZFgkw,55,SF
JdXgUuep,33,SF
gu5F35CY,39,NY
TrCUODHZ,35,Berlin
hHJV28xI,48,SF
2rWGBEM9,53,NY
lVDz5dAI,21,LA
cxDn119k,47,London
7k9vsDGL,66,London
kyCJJIVh,26,NY
68x6iLXF,63,SF
GtYdVc1R,29,NY
wAzotjcl,66,SF
YBTWXMmv,45,Berlin
hp0NUVPF,29,LA
dAHfHwev,58,London
pM4XqcBQ,21,LA
RIBy0FoZ,53,London
ABhmczW1,61,London
9E4vZmzh,54,NY
qfOq8qea,47,Berlin
w8jSnhAG,28,Berlin
CYPoL36p,41,NY
v1aiClCd,66,SF
KQ7yy6Bo,38,Berlin
QGcII1fs,47,SF
lF0xYwOi,37,LA
XcQXIiga,44,LA
YUW6c9cq,37,SF
8V6UGVj9,51,SF
HfJjJi9E,42,LA
hZS5PzAv,21,Berlin
S5VP7QrQ,31,SF
7LpQtPSf,50,Berlin
xEYvcNl6,49,Berlin
3UKvLIho,45,SF
mtFZ11re,34,LA
6Diivnhc,63,Berlin
t2X2UDFA,26,SF
URlnAKuw,19,SF
9gHDzGm0,61,London
Dk4OWLHi,27,NY
Bgk9wzoG,37,Berlin
FTrSe5bD,37,London
jc5WzzQW,57,NY
ssYE3x29,68,NY
JYcj5usH,40,London
hbG6Ctmj,54,London
bFj3a1wV,66,NY
lRAfBGCP,63,LA
ngOWH4yd,69,Berlin
wbZtt2CG,27,Berlin
sS9zccx3,56,Berlin
v3Xmzpmf,36,London
0ClIWlE8,49,Berlin
gMJ2dDPi,68,NY
Nihw2Uxl,65,SF
L5pA8fvU,38,Berlin
Ac3NrO6N,59,LA
CcSCnEUM,47,NY
t8UlI5qs,46,Berlin
hwXsXuhk,25,Berlin
ImY5vlgc,21,Berlin
PUxq3baz,37,Berlin
tFTJUsh8,59,London
fqX7FKl5,65,LA
benSxYsP,63,NY
7Kus1qLj,43,Berlin
kDkZW221,49,Berlin
CngIIPSx,27,LA
ajPoyjmc,43,Berlin
14Unlej1,29,LA
m7FdcLmI,55,Berlin
Zt2xdRHX,40,London
GVPS3MGI,68,SF
OaZlox3W,64,SF
UCVerHdu,30,Berlin
lgb7synN,61,NY
2yAowcIG,40,London
FDqc4seB,43,LA
JhODTQFL,34,London
sJ73pG0a,24,NY
gJwQy9zg,36,SF
ywdU6B2I,56,NY
hB0J0rFH,47,SF
pV2BEqe2,63,NY
t312FQ2y,52,Berlin
NUE7y7J3,30,London
KBkHPhOE,18,London
H1qxgGqC,24,LA
0SuWzME7,46,LA
jQb7nUvW,53,London
LSKFEZ4W,54,SF
Yz9qORb3,62,Berlin
IolPQzIv,60,LA
GKSr1wTg,30,NY
1dV3u1Ff,53,Berlin
U1BOt4M7,40,LA
wuT3Ixwu,25,LA
SLDQcIYW,25,Berlin
YPBBpx8y,56,SF
awYmz4Fv,20,NY
dwAzWgsY,40,LA
4zxP5QWL,47,Berlin
mmFKX471,49,LA
TTzQXBsq,35,LA
EpHxWET4,37,Berlin
rtFZ2Ane,25,SF
6lR2sSit,30,London
sxUrsF3I,40,LA
sHYiFXXw,69,NY
7uDADD9h,41,Berlin
qK78yuOZ,21,LA
1GfQnT5S,63,SF
ZFnufBYY,56,LA
EwvBbczn,38,SF
JLFpa5u8,51,London
NJjJZYY8,30,LA
dRwWaN4B,19,LA
DkFxLJRL,44,Berlin
Ze9kuAmD,64,Berlin
yZcr67OG,64,Berlin
y2ySUGPZ,55,LA
TyDxkxhg,34,Berlin
nvX5RQlV,26,NY
cipUWdDF,26,London
zzgE06jj,24,Berlin
MST8iNoc,43,NY
OntJl59g,61,LA
p5CKgEIU,28,NY
ogB4QzeR,47,London
I7RbxBkE,60,NY
qhWI7rQ6,26,Berlin
t91RIGxV,41,SF
mv7L2I1Y,47,London
1yWI0aOh,37,London
aDkbjgj0,35,LA
7mavu2K0,63,SF
k9n7uKQP,35,NY
a0lJOwIy,58,NY
vGCeXvbi,26,SF
2QaGiiYF,25,NY
KvzBml7f,19,London
mUEmDjsv,36,London
9ACdNPFw,58,Berlin
aWkZMbVi,47,London
UTHE3WaP,24,NY
vkXRiXjB,55,Berlin
fnr1VKoZ,26,Berlin
GalKJdnk,52,London
9vl890aY,19,SF
cv0lMSLk,44,LA
BIotcJ6j,29,LA
cOY6EHlc,36,Berlin
X8XDMECB,30,London
ONnkQpOR,62,NY
YFXDlT6j,22,LA
FNnCsjYQ,29,London
WlsQLEYu,29,LA
1YTVIMhs,46,London
uAVK8Xye,28,London
kc768bez,61,Berlin
SUb6S8sg,57,London
A5nvvVwz,68,NY
nhRoFXe4,63,NY
deUAazpU,36,NY
mhRIhVbM,27,NY
68F3EAUp,20,LA
aI4BH7c0,60,London
hb21pXJM,31,London
NZ34yDxt,34,SF
YPKSlBSC,22,London
hZPuV1tv,48,Berlin
YGcYWfpu,34,LA
c6JhYL0d,31,London
q3PRWpl9,28,Berlin
S6LL6RxH,31,LA
yEVKMkT2,40,LA
FU0R4Ihx,64,LA
zi4Ly58n,67,NY
L2VLtmir,65,Berlin
yT7KpQcl,18,Berlin
o6FShXLU,65,SF
6oXxHDpc,51,London
Bx2sUIbh,32,London
fUgFhsfM,57,SF
Bk0JLJ5r,33,London
gmjdPdLs,39,SF
LDKLra7c,47,London
JuzZIlX2,58,NY
aeH4fqPV,67,LA
s5atBfWs,59,NY
kGXZRe3E,23,London
hXoLtFy5,21,SF
uTckM5F2,54,LA
GGYEpYhe,42,London
3uFuEnSl,32,LA
L3cxrxuq,49,SF
GJp12xSN,59,LA
pel0IqhZ,66,SF
MeIrkgya,56,NY
glWGeqZD,37,SF
sL7khYs4,67,NY
wt8FUsLW,37,NY
h8G5g8tZ,61,LA
jhXFU3Xt,55,NY
sbNIUXVA,58,NY
675EgCMc,59,Berlin
zytQkNtu,20,LA
6kRfTv5s,52,Berlin
OaH7X67Y,26,Berlin
1XZo5u4i,30,Berlin
crSe0zgP,52,SF
F8s3irkP,29,SF
m48RPeX2,63,NY
LMhoEw86,47,LA
QXMBcYez,67,NY
ZYeXIsYk,56,SF
oMD35mad,61,SF
6Xc0KZJx,30,LA
fRxEfwCX,37,London
0K3vnBOD,69,NY
YKHasYyr,50,SF
73xpMcik,29,Berlin
0BHlTnMj,30,London
h1wKtgAL,47,Berlin
HNneOy3Y,32,LA
FPii3iVg,18,LA
Ev4H6Rll,57,LA
IRet6nxR,42,Berlin
zu5ajRlo,23,LA
7AQBmmav,63,London
QtasdD0Y,28,Berlin
gUOokH8x,55,SF
j5hRPKSf,68,Berlin
WysqiFuQ,67,Berlin
373DlSxD,24,LA
vxR8i89g,68,London
AiGvfSIX,66,LA
EVZe4S8u,34,LA
7Lis9nEb,20,London
6efWeMOJ,64,NY
Q3aGTPrR,50,SF
aFzocD9W,45,LA
brxQibmK,51,NY
NFaLGZG5,43,NY
9lOeLUhM,35,London
e2wuK2jQ,64,London
8o9DHvG8,21,Berlin
6o0GJ0b6,52,SF
Okk9IWpA,42,London
wVxrhIVL,18,NY
HZuCcPjf,53,LA
fvBq8zm2,50,SF
gldxUxRP,20,London
trotpO1N,57,LA
ZP9VS1R1,41,NY
f1l9OBN2,40,LA
XyZTMaym,23,NY
PSoeTVLS,26,London
CpPPL9Yt,34,NY
xldvtDqg,33,NY
647jFcUN,28,NY
Z9t8pR7S,33,LA
5AIAJ44H,61,LA
W4HWFJrh,44,LA
y7Tm2iOY,45,LA
B6dn7YPx,62,Berlin
ynGWZgSG,45,NY
mmWg4J2a,54,LA
mf1Q0VNy,19,SF
SpmwVxnF,52,London
OTe4HL1m,41,LA
U5qlj6l9,34,LA
Bo7D8Ir6,34,London
pwptQwJP,51,LA
CGOmsR0I,42,NY
1l2Mq27l,20,LA
tHE5mCJI,50,LA
jffpQApN,29,LA
oqeRrKTk,44,LA
9iiaNsqh,64,Berlin
iq7poUiY,32,NY
3Jtw85cN,62,SF
dXrQO7Dv,55,SF
so3MYhDi,33,SF
n5Sc3MT4,31,London
LBb1pRx6,53,London
DQP3o47Y,55,LA
06NhF8gz,43,Berlin
vDZyi8Mi,69,NY
8N1HbXGX,35,SF
Lelvx7mq,45,Berlin
1a5REL3X,34,NY
SzSbY4rp,67,London
YdSjcpaX,66,Berlin
8gYKuaMR,63,NY
GuffoW6Y,18,SF
4MaCoUiT,45,LA
aIdYfv4T,62,NY
hvWVBGxs,36,SF
vWtfuHP3,48,London
Bkefi8mW,24,LA
2ckUmILG,40,SF
X5LSwIT5,34,NY
8DFnXHgc,28,Berlin
gJMKB6Op,54,LA
SpB0jXot,20,LA
y5mZra7L,24,NY
fpDSMLPi,18,London
9Y6MQsST,49,LA
aj5QwTjc,47,SF
VLCroByx,53,London
JcmJpNla,66,Berlin
TzL1o3YR,30,London
6JouEeTz,53,London
9YiqNgP4,60,NY
7ySBvk0a,52,NY
z3L9T0n7,33,Berlin
QgcEmkXc,62,NY
5nYhYiR2,44,London
LxsXbXAm,58,SF
5Ejlvyo1,61,London
ICvusQez,51,Berlin
Z1UFvBSJ,58,NY
pGPECwfK,48,NY
ovAVrjmA,43,London
PFYZkeYW,43,SF
rj1nR84b,25,SF
BkpPUxst,46,Berlin
lCCNwg5C,43,London
NFvJDmJR,20,London
OSXog4Ni,33,LA
Famu7JEQ,23,SF
WJSK9RyU,20,SF
2chn4GHk,54,NY
k8EnWM0E,56,Berlin
qnYSdy9p,62,London
WRD2dfGR,56,SF
iQ0oauwy,38,Berlin
LSj7uvOs,18,SF
bkjrdh5Z,56,NY
R6Kkf1ZI,63,LA
3nQ0x8Tw,56,SF
vOVdJ7TP,65,LA
Xi734LrR,55,London
aMB8OjMP,19,Berlin
6kHyBa0y,18,NY
RBx2mRLN,54,Berlin
cZoPvlPJ,56,LA
3rEe1DuS,51,NY
TOFan4pK,52,Berlin
hCoExFsH,27,Berlin
KhmJNrBm,32,SF
tKjSoV9v,32,SF
4GyoD9n9,39,London
z9IpWzcZ,39,London
xH6UjJHC,22,LA
EYHYpQQY,65,London
OlP4YlXl,18,LA
LcHZQbb5,61,NY
c1HI57TT,21,SF
LiEtqvut,48,Berlin
YOUcPFZf,33,LA
WvMAe0Cb,20,Berlin
r4Io3Nm6,18,NY
NRaIl1ru,51,NY
P6Km8oQ9,50,SF
ymwfgHLx,57,Berlin
f6z8jJVj,30,Berlin
2c4wbgO7,26,LA
P9PpCnj0,67,SF
YldZz6iS,53,Berlin
KsyqHSsF,59,NY
EQuC4g5v,36,London
1nbxraaA,38,NY
6VQk4iHH,56,NY
r4wedbna,24,SF
KEez6zg3,19,NY
4Nzp9Ije,57,SF
sYCEjvC4,58,Berlin
EEwn6DLw,41,NY
N2C9wPDN,40,NY
HfGjg5xL,21,LA
YVLoOxcQ,30,LA
FEPIFUDJ,30,LA
ISq43kjZ,69,LA
QK51Iiqf,43,London
o0C5JCag,47,Berlin
NPnDi1M0,29,LA
xamTWjtf,43,NY
L3Zn0NJv,58,LA
FIpTkyLQ,23,London
gJjmlPGE,23,London
eolLi5dq,23,Berlin
EPHiemIu,45,London
ABex8iSc,48,LA
BiRvfYqe,21,NY
JriiYXy1,35,London
KuWrwIVk,56,Berlin
MCMB1rRU,62,NY
7qRYA3f6,28,Berlin
q4a8f5R6,34,SF
q1sKqZMj,35,Berlin
aD5JLGrr,57,Berlin
FNn05CuL,67,LA
9Pq5anGi,51,SF
z97eRrq9,24,NY
LXyXRRms,60,London
MIkEmlNw,28,NY
hIJlUKFw,48,London
UKrqmz8o,28,NY
tKDEV4hN,53,Berlin
O56VIePd,64,LA
mZEFsKoF,28,SF
8msKG6sE,37,LA
0Ic32hFg,41,London
XWhRrB3B,39,LA
6i4WwMAP,29,NY
IXhN4kuP,65,LA
jwHs7Uva,45,LA
rtqEXtZ0,25,LA
x1SKvX3I,52,LA
kutqJyMU,41,SF
mXzFua5v,48,London
xgrMLUDC,54,Berlin
wa6ZPgdW,57,LA
dpH79ZCv,31,LA
bktVrfCP,39,London
zD0pCuH8,45,LA
Tjyvfyas,37,NY
6sY3F57c,67,LA
LQzyPtXb,48,NY
pxYTD2qS,42,Berlin
of1u9CZI,55,Berlin
8wGkSl4K,21,SF
whhmgumN,50,London
suJk2kIg,44,SF
YfnJRT6F,52,London
j9B3nemE,35,London
KIZiV73R,50,LA
LiIhqDpT,48,London
Q0ymo69t,46,NY
qYfI5jhb,46,London
XQJOpw3x,63,SF
ae9oHOtu,52,LA
eu0XreHp,36,London
VgIsPd3L,56,Berlin
vf5oEWt8,66,LA
ORb6cYSa,18,LA
ZzaCdQmP,32,SF
TykyDjTF,50,NY
XyDKoNxF,64,London
ye0lRmuy,68,SF
uCTqXmag,33,Berlin
gfHp0TGW,30,London
LqlllRM9,62,Berlin
M5R0z2t4,46,Berlin
IoYULVwD,37,NY
uRDyFEmX,41,LA
W8o9gQIQ,27,London
eZMQ1uU0,67,LA
8kVcv4my,66,London
QsaK3aB6,38,Berlin
VmpdjCbb,39,SF
8NW6KnPt,40,SF
PqI5mCnA,56,London
PKvdYzKN,43,London
NjtGgGGf,50,London
261Sgmkp,46,LA
dlHQzvjX,45,London
Xprb9KEQ,36,London
4Fc9o83J,41,SF
6cyaD6Co,63,London
sVGf7ebS,39,LA
Bny6Hnu4,30,London
ytTrYV6Z,57,LA
IKjRd9ZA,56,London
4MBWy7Ql,19,London
2kIDvjen,69,SF
thUMIfGq,60,London
EV7ADSfs,20,Berlin
cMMTW9m6,27,NY
LEKESWvX,28,London
mH5wVsCB,56,Berlin
Sj140oqH,27,Berlin
96LvCQJq,22,Berlin
e8ymvhw5,30,NY
sgZ7sYiq,39,SF
2pw1iYE8,32,London
YRCQdn0B,43,SF
bpyAjjrP,37,LA
X40lklJd,23,NY
vMirzNjO,67,London
6qop4CVs,38,SF
MbTgbS3I,21,London
bkajlXDJ,21,London
G8k3QRpU,67,LA
1GCslqba,61,SF
0CFtNroR,36,SF
Y88hXDWj,29,NY
46HBNx0i,63,NY
slOAwsBd,66,NY
8nnhP53L,63,London
yYz7yGDw,50,LA
JX3Wxt98,23,London
0viSLZU3,22,SF
0DvTpAWE,58,London
mTmxJMUd,22,Berlin
cd7GRSaa,41,SF
7mhJHZCr,44,SF
Bawy6QjR,66,Berlin
ouYhlAKa,69,London
vPuPGH8N,23,London
7xhSBi3f,61,London
HAqyJ9p3,19,NY
iGQnkE8n,56,London
iuBeUdI9,67,Berlin
Ky5suVoj,64,SF
oqmZOGj3,54,London
8YmiTqX2,49,LA
IntKzTI8,57,LA
aOdx9I73,37,LA
XOGBl9Mw,45,London
8ga0O8DY,63,Berlin
F4d8JpAW,28,LA
l45gn5UQ,52,Berlin
5Xn6Di3d,30,NY
dBFQRHTf,56,LA
6Inii9tN,49,Berlin
QCh61gso,50,London
SxcuG0ln,40,NY
9lWiaYgq,31,SF
5ulNyLnD,65,Berlin
UeUla8rb,28,London
9pr6zDqG,25,SF
2aLbwloO,37,LA
MVH00xq1,37,NY
ZeAD040q,24,NY
icbBc4A0,56,SF
1qIpCAh9,67,London
9QNfLOUI,37,London
exRqt3sU,42,LA
sURYDCvM,43,NY
Qkp3afPX,39,Berlin
IHJO8DSB,64,NY
9uMQQeto,67,Berlin
HvFF4cwd,19,SF
3PkMAD6F,58,NY
WV4bfW7j,61,NY
H7MRTlbZ,33,NY
4A1CWl4w,27,SF
tYBA1Kpy,32,SF
XjhurV5s,46,London
udgZf9pD,56,SF
JjzLQH3q,28,SF
0J3nF8eM,66,LA
i7rFAHYy,69,LA
k3kD7irD,37,London
O51As7pi,59,London
uUSdt4rI,44,SF
QtKW92LS,51,LA
qx0me8rE,55,London
Sdca6jcW,49,Berlin
q966YAfX,24,Berlin
isgQw8zj,25,SF
tSCjutV3,44,LA
VDQD6OFC,58,Berlin
C4c02SUs,45,LA
jdgasGXr,62,NY
F658zNUI,37,London
rChgkz80,50,SF
6mqPHQ9X,58,LA
4iPN7lWI,39,SF
e0jFfPad,52,Berlin
9FDJikyB,28,Berlin
BqR6lxcl,39,SF
OvFANoBT,66,London
jBmChxMG,19,Berlin
JG9H5JIO,21,SF
nwKXj1Ny,34,London
TtmxXzSl,67,London
hvG51FsO,60,NY
uskDwqpQ,28,NY
mxHklo9Q,32,NY
NkMqgFxK,24,NY
rNKQjdVu,57,LA
dymOIGSK,30,NY
2qapHQdF,35,London
5u7oLhn7,27,Berlin
3gFXUGGv,20,SF
fmebcl6Y,61,London
6nn5uae0,34,SF
tW4kxaDH,53,Berlin
UrsasBlb,27,LA
E6ke7QFC,25,Berlin
o1nSDjcz,54,London
nMIi3KT1,36,Berlin
yjkQwUDN,28,London
nhfXVJyi,44,LA
IZ4g9OyP,43,SF
yf9KQVRK,56,LA
n36hO1oa,62,NY
jrbgTkYi,20,LA
7D6eofNB,23,London
nVhLZnst,68,NY
fLu9m2AX,32,Berlin
LnTjajpj,39,NY
GVj7ozDA,47,Berlin
XUIBClpz,34,LA
9OmXQbku,28,SF
hgIG4VG3,41,NY
Dehbfe1E,20,SF
6y92Hd02,61,NY
erOsqQaE,55,Berlin
bitBY7Rx,57,London
nqkTNcXv,41,LA
JEluT0vl,41,Berlin
hnZptOqU,68,Berlin
bRI5xGKb,30,NY
sFsSy4fq,56,LA
3S3a3uVx,46,Berlin
5PB5tfU8,58,SF
CH4vsKXR,25,LA
lUp1oPlY,25,SF
IVvQZUTK,25,London
iFuELvUV,66,London
ru5FZjY5,38,SF
LO93AOJv,65,SF
zcgfJ8ll,48,London
chmAp9nB,65,London
gf6KT32w,51,SF
JClpz9x6,47,SF
ZKAcP0ih,66,SF
ZRza1ZuB,24,NY
bOtuU9ul,64,London
IvuIn8Lu,51,SF
jG6gBiBt,63,LA
p7ONarNC,58,Berlin
MvJ0s7wL,67,LA
DvxOYEzf,34,Berlin
Yk2Jyc5b,19,London
ZBfxS8Nx,69,SF
4zOrEWN9,38,Berlin
hlK1mP1a,40,LA
dqdISTst,54,SF
JWUbimlc,26,SF
TzsaiQ2m,42,LA
Smii0nYZ,26,London
I0ugYF6p,50,Berlin
UL9L3BrQ,50,Berlin
MUyErd5M,29,London
YxObNPxl,66,LA
Q5L7JzPV,67,NY
h08U4eJY,53,NY
0fCC3aB1,58,LA
J3N0PYmo,39,NY
zqdfua3c,46,LA
1TQ7JxrS,31,SF
Dc3ENvHK,53,London
Cex0oDY6,30,Berlin
yDt4iAQ8,35,LA
3b14RbRo,52,London
nSTfQN5f,49,NY
kzG6Tn9W,39,NY
FXeSuWDT,28,NY
jussax9k,49,LA
9nBFCxQN,58,London
Bmw1HuXV,23,NY
VFxdwqyJ,42,SF
0ehdjjOW,23,LA
NXYOkyQe,53,London
G5BKMBJl,20,SF
Tr4cTSCn,57,NY
UiCaw7g7,23,Berlin
0n28Rh6r,65,NY
7VD1GRnn,31,SF
wv4fKBJl,26,NY
99lKP1lQ,37,NY
9QLHXhca,39,LA
WbnWW3y0,34,LA
A2Emvkow,18,Berlin
5VzUU7Fn,52,Berlin
nq9ogl3B,57,SF
YQDJB6gH,26,SF
wZCiGJKE,18,NY
zQI2GumO,30,NY
COm2Ydlj,57,London
zKNs2xpl,59,Berlin
iekeRcaX,21,LA
OP5obLOV,41,Berlin
OS32LBsL,32,SF
KHzMa6Mc,34,Berlin
HDT444HX,46,Berlin
n3L2mNmV,65,NY
YLw2wYhL,67,SF
Rd8hZx0p,37,NY
ZVm7xHyD,28,SF
ZYvSkWtV,32,LA
hfhgSOy6,39,LA
8khLp9w7,29,LA
I9foIT91,21,London
OBWSJrNP,18,NY
hRQppNJB,43,Berlin
WaH1fZgu,65,LA
IxN1Ayho,28,SF
VmdhuPak,59,LA
oBAihOcY,38,SF
KwIb4RGZ,35,Berlin
Fl1VQ1vU,54,Berlin
kPjNjbVB,59,London
kcGCwK8s,48,SF
35Z6wCL3,32,SF
HhomnArr,67,Berlin
ZULfSm1f,38,London
sNzaflzi,61,London
8gwpoMP4,35,London
QZSWiFli,20,SF
FvpSaUWh,40,NY
BehYTgkP,29,NY
SrTpIiAq,45,London
f4CyblfB,38,LA
EWRQDhjl,39,Berlin
gAbdwWjQ,34,SF
jctQXZpI,35,Berlin
u2Hxomc5,31,Berlin
w9oznJyQ,49,NY
v1paxzA3,24,Berlin
MoEne8tN,22,LA
C53yZSlA,40,SF
EhVYUp6r,21,NY
fs2v1w0D,53,LA
8F1D0ltr,58,London
H7H8Hmk2,41,London
9ENkJeXI,62,NY
1zD4KW45,46,SF
pcMCioYb,22,Berlin
CROOhxJc,34,SF
9tEFRzBI,35,London
uUsuUVT8,59,London
R8wAffn6,44,SF
R6raYDIl,47,LA
reRRhSwA,29,LA
fwXza6VD,32,London
j3LfQbvz,42,NY
2BhPzaNU,60,London
njk9vBNU,56,London
360lZc3j,64,Berlin
lBRff9XU,50,LA
pAfTJWxo,63,Berlin
cs40Ceq5,59,London
DmMzXhVa,47,Berlin
WyJQB9bp,19,Berlin
ct93xIJw,23,Berlin
TdnEXkjE,68,London
MfRXr5By,41,SF
m4DjVeSJ,63,LA
ohrXMVrd,36,London
UCqSYZxW,34,LA
JuP2BUU6,18,SF
X9Fwcgbe,36,LA
a9CJPt77,25,LA
6WSoyClP,69,London
e0PkfqHd,53,Berlin
RAOcj7Am,59,NY
TRlgt6CQ,26,SF
68ZCkQPo,67,SF
h63sFxQH,62,London
2j8l8vKQ,25,NY
fFHvn6mF,18,SF
sdnFgO98,41,NY
p3B9jjkj,46,LA
GFvPFdCm,50,SF
F0LMuxAx,27,Berlin
MDx8f1bf,53,Berlin
U9orjho4,27,NY
EqktM62i,56,Berlin
NY7vcxLj,40,NY
Mez4RVFe,28,LA
qURLxbJF,51,Berlin
q4Nw4BLZ,37,SF
HbXzp8Zp,51,Berlin
mHrL27o4,62,NY
VT3Qt1tx,45,Berlin
xLzCf1Zp,67,London
JoGzWMpZ,42,Berlin
5INm0Gxk,46,LA
ndHOplI8,33,LA
vd2fJbMc,68,SF
q56CTvvi,46,London
8HNga9I7,39,SF
5OK55R6w,35,NY
ZvB9e9Oj,18,NY
KljkrM9r,53,London
EXJGhTnB,28,Berlin
HWxGxrbj,33,Berlin
bIlgq0vw,59,SF
VRKQKjiZ,51,London
NoDLBWZi,62,SF
Xcsjl1LL,63,London
sLpgWXw9,33,NY
358PqfR7,52,London
QN4lA5Ax,68,NY
wunSbctg,50,SF
stHFQwFc,24,SF
Glrh1HfC,31,NY
t0WzLLZN,37,LA
PtG4ZHby,42,SF
J7CkZ7Bg,30,NY
yIxfqVuF,20,NY
oTE26q8Q,40,NY
UGRSXX4i,39,NY
yfKe27aH,65,Berlin
mb7iKlzu,59,LA
Umz7ubCf,53,Berlin
3Dc9gh2e,32,Berlin
q8aJXUMW,23,SF
ywCQnY0t,69,London
3AWZAtRy,27,Berlin
IDTen4dm,29,London
663oSTu3,35,SF
KN8icqyp,32,London
XVaNYtYh,63,SF
E4QV0Tb0,62,London
G9uzDZ0x,47,Berlin
N3ca16MZ,62,SF
qjhiQDJG,36,NY
jjsdwUdV,48,Berlin
1xMDfJx1,41,London
Copi39xA,37,LA
vc7Q9o6u,26,Berlin
nUqCOyOr,42,LA
tFxL86v6,45,London
Ii449QpR,55,SF
0EPqfOp9,64,SF
aJOnwada,57,London
xvoD7m3H,64,SF
Ie9vKiJn,62,SF
8qlpZpP0,58,NY
sgT69vs5,55,SF
aEJqx3fD,66,NY
5AmsCa67,63,LA
7DVMZRXg,55,NY
0mIkmTmS,46,SF
U1uSxQSq,39,SF
WSXZOLKG,53,Berlin
2rtGBsFO,28,London
DJ4IhPfh,42,NY
qrhpm2E0,56,NY
P41D2LEO,21,SF
F38kjzDA,50,London
VLcm0mlv,50,NY
DlNW186G,28,SF
B3dNWKLE,51,London
ssqiWFbb,53,SF
YX7NnoZn,38,NY
RRYsDFsx,31,NY
MULovn2c,59,LA
cyXn6sKZ,36,NY
gAFldwos,41,NY
AAjCd0CW,40,London
eGkjMIKH,45,NY
R3Ha26FT,59,London
BKZdNlaP,27,NY
zyzbjRSF,66,SF
bhryVVzR,32,London
NvdOSWRo,21,SF
TCI4jGM3,54,LA
ETFg2fXg,59,SF
Ie4u01gz,30,NY
AS0mQMXZ,48,NY
pCJGEPVj,32,SF
o14iUFyU,55,London
dSuiEXiK,54,SF
KnKNbJTq,34,SF
YUEI3vOD,24,Berlin
7QV8mlXv,40,LA
vw1DQq01,58,London
42UMPGUC,23,SF
CHXHTLMN,67,Berlin
FfUnD13L,61,London
oqyu4B1i,68,LA
OrHRiwnv,63,London
iAKdBKou,22,Berlin
2vBukdLz,69,London
NgrHJnmD,41,SF
FoC6DiKo,38,NY
Xj4aWIC9,59,Berlin
9GkV4GRl,50,SF
0zpPIvGf,69,London
bmFqgnTg,59,LA
RshByZXB,35,LA
7sEa4KEl,21,SF
qpWBIARb,22,Berlin
vXeXdOLh,56,NY
RK1GkPrl,55,SF
9yWmuD7J,34,LA
NqlhTbV8,49,SF
nwpYTb9Q,64,LA
77VuFsxt,27,LA
RceFlbao,42,LA
0s30FJ80,60,Berlin
9H9oCVBe,23,London
PgGX9zlI,27,London
stobSLM0,51,London
SrTgxz7V,21,NY
AIClfHNw,59,LA
qfndVmZw,41,Berlin
5WmfDpCN,23,SF
I7n2cThM,39,NY
S6GZ92m4,40,Berlin
MBK3bQl7,42,Berlin
rIybj1Hv,50,LA
9obCuI79,35,Berlin
fzKiwrt9,25,SF
NIuYzNjq,34,London
AgXWRoFR,52,Berlin
bfOfa7g7,64,LA
aLa8QOdX,49,SF
0Nt9V3Hc,54,LA
PJsDVSW6,28,Berlin
8MzMDu37,40,London
a7PI0F4k,61,SF
AFLOtMzs,22,SF
aCRziifG,43,SF
FD2Z6SeZ,49,LA
GgMN9F67,42,SF
0n3oa9p3,37,London
PHvIc9wl,18,Berlin
XNPNhejp,37,SF
WlNggqiN,18,LA
Hig0rRnO,34,London
uQEKdpsB,56,LA
yrnZhFgY,41,SF
OE5NC2gn,37,LA
m0yZvPDr,23,London
xtkF6vrc,21,London
5YgRMFR0,62,SF
OOB9g3Kk,19,NY
wUhUZuYw,38,London
10X5jEs9,51,NY
MbbnqcLV,20,SF
AJctfwZp,30,Berlin
zHCTH8I0,50,NY
SCIrJu88,49,SF
la7bXRUt,57,London
IT7tGWua,56,NY
VBFOtlhw,46,LA
i7dApvoH,18,London
Kj8AT2mp,51,Berlin
kz9p768l,30,LA
DExcY5Kx,43,Berlin
ikg1Hlpe,38,NY
R3VKBXEY,27,NY
lQozOEp7,22,London
cbI0u0qd,31,London
dm6tTjMM,34,SF
9CSk4S4z,52,NY
kIMwj8Uw,31,SF
CqR1OsIM,34,LA
oFzTZkvN,30,NY
1l8vq2Mz,63,London
2rJB3USI,57,SF
pYlcE2X9,63,LA
iZj1QNeF,38,NY
VIz9tHWv,62,Berlin
WrzCNJ50,61,Berlin
CysqJW3z,37,Berlin
gblz4v78,54,SF
2BPRisBt,48,SF
tGxsLGc3,57,Berlin
6Z5Q8eHw,31,NY
KOpbK9lY,19,NY
KBE28QmZ,26,Berlin
S3VStx0h,58,London
qoACnSRO,40,LA
G59oqaSP,28,London
Fcne52k2,37,London
jXdIFyCd,18,Berlin
hTHV29Dl,25,London
TkDkfceq,20,London
Rm5bXCt0,45,Berlin
V3eSgAP7,68,NY
t8gXInDl,22,SF
b8b1RO0t,58,Berlin
sBRs3EvP,22,SF
onO7bCOm,20,SF
aect84Tt,19,London
fMpyiafg,50,NY
8jb0qz1n,66,London
m5NXnKyk,48,Berlin
IGTNMXCB,28,Berlin
247IHKaH,64,LA
ITHkSUZK,22,London
NBByfUq9,29,London
MDVfAmuj,37,NY
5zw7iNeE,35,Berlin
ayLatk5M,67,London
8kiZ8POE,59,SF
Shcuqx6t,56,LA
rmyuVoea,69,NY
TSgqS7x7,48,London
tzV7M8Fi,51,SF
ixmafjmi,23,SF
zQa9NL3T,45,London
0YAEwhrG,67,Berlin
7UP9SKEn,35,NY
JjJOg2HI,56,London
al61txVz,31,LA
qJNKREP0,58,NY
132La3Cc,64,NY
H2Q5gGVp,49,NY
CVXl39Gq,51,LA
eBhnqBrv,23,Berlin
O0o7ZrPq,30,LA
tmtIil2A,39,LA
vS6ADPCS,49,London
AKRQqcC1,45,LA
PZNYf22I,50,Berlin
UGKC7dXC,54,SF
SzlDSllw,18,SF
YfjqPFrY,59,LA
au0UryRN,67,London
syV4qTSp,69,NY
o1NOUYX5,35,Berlin
y0TIURxw,69,LA
kGwUiotH,25,SF
P9uW2PDa,68,Berlin
gayO8ARy,40,LA
N2Gq8BdD,19,NY
GlmGYzJI,63,LA
KbNFvcS5,38,SF
nnvWWjMQ,23,LA
gXDbo3iR,44,LA
1UV9TH7Z,48,London
vo22WjKD,40,LA
aunxOouJ,50,SF
8zYxYrA4,32,LA
jTVSPJoq,19,Berlin
vTeLnvsr,26,SF
05ZrvARz,46,Berlin
RG4gBzRz,64,LA
WvFUUeF5,61,SF
5QztNwLB,44,London
jDqP3RYf,26,London
55o6kBXG,41,NY
ultFyG5W,37,LA
zwKYSsoV,35,SF
3oBHry0T,53,Berlin
13IkzVUx,57,SF
6qE40iNF,45,NY
U7IUzRth,27,London
94WX9Gcn,22,NY
TnjucAbJ,21,SF
uXBWbe3i,33,SF
j4zDTn8l,34,NY
uzFYoPOz,67,LA
ZeYCfFbr,62,Berlin
TFd1L5JR,32,SF
khNqsxsr,34,London
MVgoDFp0,59,Berlin
LKjwg0XG,46,LA
FvZ4sfuu,48,Berlin
dodGWPwi,54,NY
r5HEJDTy,62,LA
FT6ijk12,32,Berlin
L4IfUcUL,57,Berlin
x7yBh1NV,69,LA
oWsZHNWo,50,SF
4le2I71R,51,SF
wweg5jOJ,68,London
bcj46k9J,41,NY
YBTT1A11,41,NY
RgIFr45h,28,London
nweUFVqj,45,NY
VA6sr04e,67,London
A6lqP8NR,37,LA
1KfODedy,68,LA
EOgBCbIx,69,NY
U2CA45oD,41,London
Lyfy1JeB,60,NY
KSOAL5Rg,41,London
LUzRaC4H,38,London
aljWsuaQ,19,Berlin
tbyOUpeR,69,London
5m5VRmDj,48,LA
RdlQVA9G,21,London
yNEQvMdn,38,London
28Tjfjga,36,SF
G2YbKEWo,23,NY
aBgowiik,57,London
UL248QAJ,62,London
A8e4bz0x,40,Berlin
ju6vZJTp,21,London
MGEE7ssY,44,Berlin
y6gET3Cv,22,LA
zIzrr42C,55,London
joAJy7MD,35,LA
hUmRsPMI,35,London
frWt9CcX,46,Berlin
Qt9NutOL,56,LA
QApn9qYA,34,LA
imKdXojy,59,LA
5jjG6oaU,58,SF
3YOTfFuq,69,SF
a8xX3TAd,60,Berlin
14HltCJX,18,SF
t9lvolMU,30,London
29AAZ5jW,27,Berlin
i84jR7fz,54,London
Kr3uS1br,24,NY
jyT2PWlv,38,LA
58KF14lu,24,London
HONsudyw,20,Berlin
uj9tGfpG,62,SF
biYGJJAI,50,London
Bjug3DXj,46,NY
8W91cAbB,65,Berlin
a8J1LeOY,22,Berlin
VFadiV1m,46,LA
reqRFiKd,39,NY
wg8GwM02,43,London
u5FtiktA,57,SF
TdqE4GpX,34,London
kuJ1S3yH,65,LA
OwD38QPI,61,NY
KjPqgSqt,37,London
lyR4edjX,58,London
THG2znfD,51,Berlin
OdZGOuVm,26,LA
nh5cat5q,59,NY
yt55dq9t,47,LA
0TvGWWiH,53,London
B1VrcodD,30,London
U6ozaPGu,62,NY
yPtBZdIc,19,NY
CP1C07dt,24,LA
jBdi59Av,56,LA
MhZvcWxS,65,NY
1uqxMpQ0,53,NY
arZcLcHP,66,London
JXa3RDL5,39,NY
7EsnJ7EI,20,NY
oP0DcupA,51,London
fMtFHoDn,43,London
uTbZwxqN,62,Berlin
F5OGQN7m,37,Berlin
EcrXt0zD,68,Berlin
xw0gxbtt,34,London
7WnwhfWJ,38,SF
EaAWyrAy,55,London
YR1fQU4u,22,NY
H3L7mpas,54,NY
w22QIkAO,68,LA
2syFzJLg,53,LA
GmqEfKTJ,19,Berlin
jlpPJIOU,43,NY
0aRKRJgU,57,LA
cMCKTanE,66,London
R0vRd1Ff,40,LA
xfvor9bL,59,SF
OOYrp90i,46,Berlin
xPWmet1c,55,LA
4ezNXmpd,68,LA
16fBFJzZ,30,SF
nvTnuSOi,47,NY
OISbzL66,48,London
RvRm42AX,58,LA
W3DdyrkQ,44,London
PjcxZoHs,57,LA
6xuNzdym,61,SF
pB3ngWZz,43,LA
tFxOgNrY,33,NY
8IAZE4O1,35,SF
UMOD0Eak,44,LA
9zwxkybM,51,LA
2p1lVE6i,51,Berlin
4IDcKT1I,26,Berlin
d5DDsVIp,68,NY
dDbk3Mcd,30,LA
7r5U2PAq,40,Berlin
NVK9HOTD,52,London
WNT3le8q,53,SF
iYCfPZRg,51,London
VeOFh7Fc,62,London
NwBT34Dy,40,LA
NXOTXEOs,24,London
pWCYK3b1,29,London
TwQtYLSc,67,LA
nYWsJx6Y,19,SF
UhfQXXKU,28,LA
heJTvYMq,56,London
Glf2VQp5,64,LA
Y1VbX7sP,18,SF
Jby6huLQ,50,SF
FX2xxQ6a,37,Berlin
OrQ7rhSD,39,NY
8ulAOQQd,40,Berlin
WyXjy43H,52,London
6ryU7sTd,44,LA
uVIRLDRh,64,NY
S4oL80Xi,28,Berlin
hytLzSfj,25,NY
fp7kpvrd,20,LA
BUzBtW75,62,SF
mrYM319w,22,LA
FXRVRsVB,60,London
QvLsI5Mk,40,Berlin
5oVEbYpt,46,NY
FDdnxllH,29,London
UgGWBeUA,52,Berlin
WOy42B9I,29,SF
TWm6oYj3,29,SF
ibs4XTIl,40,London
AcmmpLXm,30,Berlin
yf06BJda,36,Berlin
hnrnF4mh,26,NY
MYIxvvTR,53,LA
6USBrepQ,64,SF
BCKyc8oe,55,Berlin
ZESNq3FJ,35,NY
G0Ro4cDH,34,SF
bN8WwA6q,66,Berlin
hZbCM7Hk,64,Berlin
cu3BgBwD,56,SF
Yxb9lQSb,69,LA
nv0XRH83,37,London
AreITMf8,40,SF
q3qVtrKI,55,NY
JE9z7Vqf,23,London
JqTP1UQU,57,LA
x9x5v4y1,39,London
Z1mBsaby,66,Berlin
FWuSeYVL,51,NY
kae0M3jX,66,Berlin
FIjkV9nK,18,SF
vXTk6R5e,58,Berlin
Xn0pFgrm,66,SF
NWdOgWYc,28,NY
2tn1umEf,67,London
hfjoI8F0,44,SF
mCoE3mC5,48,LA
tD0rj5Jn,23,SF
fDbmE52M,48,NY
76px4nMc,47,SF
TUXaJRJL,35,NY
qI9sCDrT,65,LA
6AC3h9N1,29,NY
yFE6PEN9,23,LA
xWUfJ9SG,68,Berlin
Lqru4OQ8,20,NY
DaSdhgW4,68,LA
fQUbnUZn,30,Berlin
Ttx4NVBO,36,LA
R8fn1mGU,51,SF
XoQpgTnj,30,NY
9tQR7gMc,25,Berlin
H2MoXcM3,63,NY
HwWZZIO7,64,SF
byf6Z7SE,46,LA
IzosCjMl,42,LA
jbvb1WDk,29,SF
M7oeU3f3,38,LA
xT5v2yxv,26,LA
58YbP9k8,34,LA
WC85VFue,47,London
oC0g2JHp,46,NY
bx6asrDi,34,Berlin
YsSqPEgB,25,SF
CzbPPcl7,58,NY
tO2F2feD,26,Berlin
Upzvykef,50,London
M985QGZE,23,London
3I9LgFeT,19,Berlin
6AWZXFIY,59,SF
pRqh72kO,43,Berlin
XqJQUTth,54,NY
btiYxuw5,39,Berlin
XgmbAaAh,25,SF
1s2BEYiQ,44,SF
js8xeuCk,49,London
6orqpSXk,25,NY
GywQYIlh,45,SF
nEVO2VVZ,33,London
07jNDK6U,64,Berlin
9TZH7aSR,69,NY
gHaHQUzd,22,NY
hK80rli6,51,LA
o4xYhKub,67,London
VOXkypjd,57,London
eB53cHWk,43,LA
1V1QzTxD,46,Berlin
luXccxh0,68,NY
nByRtkaq,42,London
Mq8o3PJJ,53,Berlin
BuZt4LLd,64,SF
4uJSf3kh,21,Berlin
9pIxMd1m,29,SF
qdBWYjlg,35,NY
xvPshnFh,48,SF
2HLL8rPl,66,LA
5qtp9hhZ,34,LA
ZunJ3RI4,35,SF
UCzSPbHB,19,London
faWPvIhR,60,NY
c4M1Nklf,69,Berlin
yUaVmUBW,29,Berlin
zT1dkZDO,34,NY
ae6Xm5uV,63,LA
f7f5GuCh,37,LA
I4q3vdeG,24,Berlin
mrU2sGOP,21,NY
ZvAEMe86,28,NY
Kr9YWrFf,51,Berlin
MEf7DogY,62,London
FSfNZHfm,38,SF
SKmuREfw,41,Berlin
NvEXD8rk,59,NY
5qWDEx9u,28,Berlin
GBxHCNc2,25,LA
OufDyAdc,35,NY
Fi7VhN6K,22,London
PHXOtaLD,39,SF
3sdKY8yR,22,London
FDzKlkG4,58,SF
CNRwkNLI,49,SF
hY1hjzLM,22,NY
lZP75R3e,26,Berlin
sk7ujDva,68,SF
eqtVBogV,69,NY
Jqa8a6bx,58,NY
bXCshU0Y,46,Berlin
6eK1tQb0,37,Berlin
E4xrQDqH,44,Berlin
EF8P8Lg9,54,LA
cYH4wCHX,44,SF
9hKD5Iwz,39,SF
tjjDZZ3d,33,Berlin
fVcvTxMw,22,London
3lAIoz38,31,LA
RbM6vayM,42,SF
WhbMvtXg,69,Berlin
GWotZnsf,39,Berlin
KrcvKXgU,54,London
cyK2CNCU,62,SF
noK8quqm,46,NY
1P8Gg6aN,58,LA
elAL5zQM,51,LA
NbRenCy9,30,Berlin
rrUAc7jM,53,LA
4M8yXKnr,69,SF
vqluLEr0,30,LA
V2EsW21p,49,Berlin
36D91eS7,29,NY
Mk9ghOyw,56,Berlin
kyyI9vmm,32,London
TJH3OZFi,49,Berlin
Tdaksou6,55,London
Tlv1JVod,44,SF
kTpqplUD,23,Berlin
05ktXPUZ,30,London
rNpbZdzj,27,LA
2ChXryia,19,NY
o1XYroju,38,LA
HDGfun1P,29,London
qiTHq9V5,27,NY
5C79u8h1,68,SF
LU6DgCBh,69,London
HmgKbNVZ,69,Berlin
AADSvUV4,30,SF
R1dPBlU6,31,LA
80uSSa4R,29,Berlin
Ecm7Hv2L,54,Berlin
eEekekC1,20,SF
GBaTdjQJ,39,LA
45bO6Gfh,53,SF
idFyEBTL,23,NY
gPhieKeS,23,London
Pk2cgpmg,40,NY
QVzA2ctS,21,Berlin
eNb5cX3o,20,LA
ck5t6kqt,46,London
cHqyPlJP,60,NY
RmXelkbO,64,SF
jXJvhCQw,24,NY
iDWB3I7R,63,Berlin
Y2G8FdCV,27,Berlin
7Ul155MI,58,London
vRetH5Va,64,NY
7GmUo2So,48,LA
gHo2hheW,63,NY
viBsdneu,33,Berlin
Xb3eTL4X,36,London
McawRvAd,60,Berlin
iIdmMq9c,42,NY
nXiY8Utd,18,SF
DrtyEwhy,38,NY
kxCBq4y2,40,Berlin
sxfyeP2S,39,NY
ah8Himju,51,NY
REn9Ie6u,60,SF
0ILfWQnt,35,London
8AhB1MGD,34,Berlin
nAtTNZh8,63,London
z9SA225q,30,NY
Sfinno8e,62,LA
UepRqXbj,26,Berlin
vLid5W3u,42,London
4DFkYNtk,41,SF
uFyXcRnx,36,London
bbsVLUgn,53,London
GKh5yYOF,62,Berlin
pXFdu6Mz,30,London
kGdiMsTK,29,LA
90UcMuCv,45,LA
OS3Yc29S,18,SF
yy0uWVJF,50,LA
xyQiM8G6,31,Berlin
E00hKF11,37,Berlin
OUA9rEKF,27,SF
IJjOKqdL,53,Berlin
fxgVFQRI,20,LA
tZhfR5C9,22,Berlin
uRjxMNEG,59,Berlin
avQzrsVS,53,London
dEmXp6Cm,24,NY
h3oqOoa4,57,Berlin
czboUupC,38,SF
oEaubohc,19,Berlin
68tD6kEo,46,London
ruTiLnDS,50,London
YX3UBgSE,49,Berlin
YXy0iIqq,65,SF
Q6xeqCe8,21,SF
t53qdQf1,29,LA
r1aISa8R,33,LA
T71IIzKe,48,NY
4YYqeMm7,65,SF
qfmShySQ,66,LA
KQe7S4pw,63,LA
PfN3orSF,27,LA
SAOPevEs,62,LA
OvfcSmrR,28,Berlin
vIAQJsE3,18,NY
V5cbU6eE,34,SF
xQMKU6Al,26,LA
YM8dGRhm,24,Berlin
G4cTlK5X,18,LA
jzyCm0AO,60,London
IZQ2wE6W,27,LA
gvhJceIT,49,Berlin
tqtEwzTE,40,LA
3DCWb9Gx,22,London
qiqb2w7x,29,London
3E8bXZFf,34,London
EkXdxVtl,38,Berlin
nm3AefQo,40,NY
66xxcraM,66,LA
8F4SsEIi,46,London
MAalp1Id,51,London
3Z6rCjEG,44,LA
ZJAZdgxV,20,London
pDVGE3h8,31,LA
x8IlaQ1L,63,LA
5CgoDwfC,61,NY
zMU6iLRt,40,NY
lQZP0gyG,36,LA
Udd0Yxvg,43,SF
S131Oyzy,37,SF
bObr1dVo,26,LA
u4m3jWp3,28,LA
hSNfpKKg,22,Berlin
fScVoB0Z,31,Berlin
tZWOFem0,57,SF
INWhhtHn,66,NY
fT45kZ0M,41,Berlin
wLifKDyh,49,NY
2FscaxGH,39,SF
pzAEFUua,66,London
lgik1GRC,65,Berlin
HgYgsKcB,53,LA
pBJTreE4,27,LA
QHoQgSxK,45,Berlin
Ut7UOKWI,22,LA
z8i8jgLe,22,Berlin
vhMhtytF,52,Berlin
7JY3Y4Bl,24,NY
rcS0pZBg,60,Berlin
I4WsGbv0,65,Berlin
FEhHlvNY,50,LA
LGUE5T1C,58,SF
X1FZAiQF,38,LA
SWnq4ri1,26,SF
zNS4Hvan,53,LA
jsLq6EOc,62,NY
4AjH1KeG,22,London
0UM2zdLl,23,London
nrNEI5GW,49,SF
FTa6oQpo,59,SF
nazMTYSE,42,LA
tzd2vGaj,19,London
Ik0Q0pKj,42,London
4YoDBmp6,49,SF
M2eiIitl,18,Berlin
eTecxWe9,22,NY
VkqeBvP7,54,LA
1eGoFau1,65,LA
T859AvHw,37,Berlin
OaUnDq2o,58,NY
I1LRTPGd,66,London
jElMWRxb,64,SF
wL01wZQj,68,SF
enmWH2fk,21,SF
X4VIT2xL,55,LA
4CrRxfuV,45,NY
m89jo1gL,69,SF
mUfaU18L,61,Berlin
2p1voNJ8,41,LA
g4tDmbWp,57,LA
i0HiU0Xc,24,London
nLVy43nV,19,NY
DAA7AtTY,49,London
faqWJnh8,28,SF
KjZ7iUnQ,35,Berlin
Fdq8Qob6,32,LA
okyvnAui,65,LA
mB58KnLg,41,Berlin
qeD4skl1,33,LA
kF4cYuV4,45,Berlin
nGXpxwHk,63,Berlin
3YoQkdRQ,39,NY
rDdx01XE,20,Berlin
qI4e8Z2v,66,LA
FnvQStPs,23,Berlin
TjTGmrUL,69,LA
qtiwjFxt,33,NY
gnvMrG59,36,London
5LqeI1yP,55,NY
AFNLErTs,21,London
8KRPBqpu,51,SF
UY57xXcz,57,LA
pHRJ8H8d,23,NY
zqpE7I3F,41,NY
53MHiKyv,32,London
bnlsCVHE,25,LA
smds9buC,23,London
lO0gU5bU,59,LA
qoLEDi6q,61,LA
ZJ76W2pT,54,LA
lmcHRuH2,56,Berlin
4ElWmCsR,54,London
2xCICMtC,62,London
acz5pGyL,47,London
X7RY1mLA,58,LA
24eTZYWm,69,Berlin
SykVwGEd,26,NY
Xedng9TW,62,SF
V9m9zZSd,47,SF
vTbqcFNF,49,NY
SvZguz24,36,London
34qdmdSz,31,Berlin
veOWiC1h,33,NY
JJnowzDC,54,Berlin
w3wcZ0q9,27,London
T64TlZ68,50,LA
Z52mYd4K,19,SF
1Dy2V1TE,64,LA
kYPvBJC3,58,London
hwHB3knc,46,NY
CGhsPmeU,42,NY
V3E0HRA6,26,SF
ATjCipZ0,59,LA
4PZ7BgJi,22,SF
WkYyqyCm,25,LA
h37CmdKx,51,London
sGrrU6FU,61,LA
4EZIfEck,35,NY
Q361HQDo,46,London
o9BPAJ8i,64,Berlin
4U6ll0IK,60,NY
QYXUjKGS,61,SF
4az6jdWa,22,SF
bAHaA7xZ,62,SF
R2cpAYIE,36,London
pfFBzuGU,24,LA
14XaxNLB,40,SF
9rTsSilK,26,NY
tKdc6juS,35,LA
o1PkXbtB,49,Berlin
4FwQi0wa,61,Berlin
86CW3DLC,24,LA
VOb1Nlu1,35,London
JhRM1M1x,45,Berlin
9vitaAnI,63,LA
mzSAOvKZ,38,London
uisgnUTg,54,London
611Ytp7w,36,Berlin
mkWtLxgv,53,SF
GoHQZVcR,59,LA
7itcuuBt,18,LA
3SIQW3Gu,55,SF
D3HBc2LC,25,Berlin
qVSKQz1S,51,LA
sEf5aG7Q,69,Berlin
HTmGM4mH,69,London
Q3ZteXyZ,33,London
O3OclIAL,67,London
cdkoO3rx,36,LA
NO2k4JpJ,28,SF
k2CVyNT2,65,LA
AdBchsSd,29,LA
P4t0ACM5,58,LA
Ora1D6nb,54,SF
229dBGnp,64,NY
REd01rfN,65,SF
888fvI7N,54,LA
S6UAPMvU,40,Berlin
aJZpWfvF,31,NY
GcMLJryG,39,London
GTD0TbvH,20,London
WtRyibTN,48,SF
XZA9DzmR,27,NY
ynMabLmJ,67,NY
FVKO4u58,29,LA
8m6mXdHw,51,Berlin
uCWF27yc,58,Berlin
0I39xMdo,43,SF
XybIYK7r,33,NY
MbpyyY4u,65,London
0p0G2TUU,25,NY
zNSokVUM,47,London
UeIXUYPQ,24,NY
krSyw1Ju,38,Berlin
qwqLHozb,47,LA
7s3opBSb,27,LA
cESPBt7S,39,SF
luF2UXV0,55,SF
SLSzn4ld,62,Berlin
7bQyMP3Z,64,NY
hIH1xcfY,62,LA
bdK8Kes8,62,LA
GQ2jvhM5,53,NY
ntXpRGDq,30,LA
NDr4Q3bl,63,Berlin
WKDgFE6Q,36,LA
0lKhtqVg,29,Berlin
E7lDmPQF,41,LA
dNhXt8y0,54,LA
7uGWgcx8,47,London
oGfGRgLH,47,LA
xpFKtfOc,21,Berlin
0Md02e3E,32,LA
4U3o4BrK,34,NY
dHKXC3VW,64,NY
g7Fxr9vB,50,Berlin
M3G552UY,42,SF
YK5LYh9i,66,SF
tI9d0TVk,19,NY
rUGF2OTr,48,SF
3jN39mtL,64,LA
ipov92hl,29,LA
zyZkhzax,25,LA
KWSqK3g5,45,LA
oTkOsM0r,26,NY
LUzUnqM9,55,LA
3O28jDNJ,69,SF
fmDFspCh,67,NY
PjhJLTdq,69,Berlin
bXK21vaY,44,Berlin
Vf0l4mLJ,49,London
H99z1xbO,65,London
cAAoI584,59,London
gWNVhxLQ,23,Berlin
6j0dEV4c,55,NY
8tzz45Qs,65,Berlin
3Ud8xTaS,30,Berlin
YlUANzfO,18,Berlin
x2M0ZdKP,64,NY
RzR5yT0u,29,SF
iJOooZyD,26,NY
RfAW0SGq,26,SF
XWO01M9Q,50,LA
ZtoQB7kF,29,Berlin
ppGUFB0M,58,NY
sMqQ0EEQ,40,LA
WERLDHQH,49,London
P2QUojE0,49,London
o38045ey,18,NY
NYRK3XJ6,18,Berlin
KjQq3bqM,25,SF
ka3FgAJj,58,SF
9OjNInuZ,69,LA
882DJqQR,60,LA
miRviv58,65,LA
T5d50pKJ,33,LA
wq1cilcv,46,LA
gzdq0qt6,47,Berlin
OHKjWHfC,21,SF
qLLdXstB,69,Berlin
MhHKogK5,24,London
f280hfdQ,34,SF
XOjCYaPU,38,LA
PqBQTJVE,46,London
4pFpZpcD,44,Berlin
mMBPFJhN,40,NY
iZUI0vsx,27,SF
ZxPqicuS,33,LA
PNPM6jLh,68,SF
rNH7YPVE,23,NY
ZJ4M0txo,34,NY
q4uVBC9o,22,London
X03xDyaa,42,LA
8fvFs37S,63,London
h50LrBgw,19,LA
2gsLJMop,42,LA
1SHr6hYo,36,Berlin
Ps7TVg1f,55,LA
8mJhJgt8,62,Berlin
x4Ixc88p,26,Berlin
GUMIcyfL,43,London
cyE7sSHT,44,SF
8YtjbJz2,29,Berlin
o3mCmLJo,62,NY
jbUbyMz4,29,Berlin
7WCWCWXG,53,London
LsoYnIwi,54,LA
5ENyktmb,61,London
Z7FXzPiw,23,SF
F5Odrh2Y,29,London
0pKO9CcO,36,Berlin
qdY83rOk,31,NY
ixu56Pao,48,London
fpN1xPgF,62,SF
uJlKI2lj,29,LA
zCkW3E0a,34,Berlin
dsan4n1c,40,LA
wRhPGZJd,47,NY
gZsA45bC,47,London
Ta23SxHa,67,Berlin
CuxyyfnL,40,London
y3dbIPjR,44,LA
Gkha2wy2,59,London
nQJqlrCZ,61,SF
Rl0zznWF,66,SF
jh0xn5j7,38,LA
DBB8UYnS,31,LA
ZLHXPmY9,24,NY
zuyyEcHu,55,NY
Cb8t2Lo0,27,SF
DvAeSEqz,61,London
aDxE81tT,68,LA
yt8AHzGr,68,London
NsmgDQxv,55,NY
5TXPJuKM,52,NY
Rv0eDgu9,21,NY
c52Dkbb4,60,NY
mebPZqKR,33,London
d5h96fe3,41,NY
b26az0zB,46,NY
NwjZ76Mb,26,NY
AL2JPaoN,59,LA
nTk56sZQ,19,LA
B0FYPFXD,47,SF
OadFUMif,28,Berlin
2kLxNVSY,38,NY
qYb1qBLr,45,SF
CDHbiab6,49,LA
gUmcnSG0,42,Berlin
jpHnozvS,40,London
ccOecLX5,22,LA
QP4XkRFf,63,LA
r7n1H6JG,44,LA
JrgXonG5,32,SF
PO0jkbR5,30,London
GgBsVgvh,44,SF
m1vvQZaU,40,LA
HQ5n8Lbx,32,London
V9RLlFZQ,30,LA
r1Y8xPjx,48,London
YFLOO1ay,63,London
t1ELWLOl,29,London
6O2C8azb,56,Berlin
FIA6M5Nl,60,NY
rpvbDdlD,48,London
7muk3nBs,42,London
tDKPD84s,32,NY
zN4cgKYr,56,London
0eleMzaN,44,LA
KKb1spuz,63,London
o32gqhJS,19,LA
cuYqbvjf,52,SF
6MTaclgY,50,Berlin
M4Ms6Nh8,21,NY
zBl4MP33,69,NY
10ffHMFb,23,LA
TlYBl50p,34,London
ICivbPAb,24,SF
OKfisRra,49,London
NWhkOlJn,38,SF
BrJMr1tk,39,Berlin
wREGuqDF,19,LA
G5butXZd,51,NY
A4fkxhJS,55,LA
1hceqyqx,50,SF
tqJ3wovu,57,SF
d5J8rQwP,68,SF
bNSqvb3F,21,SF
eLuSFk5Y,37,Berlin
7payFLv0,21,NY
KFVCE7k2,23,Berlin
7UzSMXNK,48,NY
0Iu0uC6h,40,London
BOAmZiF4,54,NY
bFKxVjVu,69,SF
ifNzAXin,47,London
dNakwJrd,32,London
eGWRLXod,66,London
pXQyxW7y,36,NY
wxG4a03M,33,Berlin
aTCOBJ0y,26,London
qrL4pB8p,47,LA
tmxVsbKf,27,London
3JqJw4zB,67,NY
s5uiW63f,69,London
zrGjGVab,62,SF
uoT7Ck4P,56,SF
tebMvFaB,31,Berlin
kZ22M60S,62,London
wgMmwa4L,53,SF
NPxXNUMp,26,London
7fM6RJiq,31,SF
jdca7Dh4,52,LA
Lw5Y2lvG,59,London
y1MdRy5o,66,LA
MDHFUEuO,59,Berlin
dJL2O1WJ,34,LA
SXSxcnzC,33,NY
mP7VuSE9,33,LA
XLhPnTPG,39,Berlin
YeDP4XlF,24,Berlin
J1sC22PK,68,SF
T0kBo1Rk,50,NY
h9oityr0,27,SF
V3ZwBx7i,20,Berlin
8AcgA0MH,51,SF
2nueBZUP,54,London
vRsoJdzj,58,SF
zUeYR9FX,32,Berlin
dbcDMCHF,67,SF
J4ng8qWm,42,NY
5bsquXTh,30,SF
kjZZowvP,37,London
d1pxClD3,35,London
coUbxM7t,58,SF
2pT2xtty,30,LA
mREKQSn3,52,LA
9tI5c5Vk,65,London
N7y4JIXi,44,London
wWllONgn,67,NY
aJYZPhim,66,Berlin
kplVrCEa,25,London
fqVNWzVK,24,LA
ibxI2uiT,28,LA
B3QlTPj5,44,Berlin
WLoxw2XQ,33,NY
8uZoHIm0,53,NY
Yy5s75dt,62,SF
39L4NuB6,51,Berlin
xLP5Vu8w,35,London
0aC4Z2uk,18,London
Z13wShEA,39,LA
lYRJFADa,46,Berlin
Gqr7ctME,35,London
FBOz9AWm,53,SF
0yi1XldH,65,LA
shrQnB8z,62,NY
hTbWzRsc,51,London
sOcYKKDG,30,NY
wgvlW963,52,SF
weALwoWv,43,SF
juhERwYW,44,NY
kSIM5Udz,66,London
GOmNyeFe,44,London
ZrUTn0hb,27,SF
N4YgJO6a,35,London
2eV30zBH,18,London
Lb39QfdT,21,Berlin
aiViIwQe,26,London
WhVQrcXu,35,NY
2rUewx3t,67,Berlin
CMWglaII,67,Berlin
4ctfnUoq,63,NY
hmICtlVi,20,London
9WM3JPik,63,NY
XgYxbaiY,32,SF
OTypp8jb,35,LA
wDSaYBom,56,NY
lCWHUoXf,58,NY
6ULF6ID2,20,London
NdJQEMGy,37,LA
Hmtjg83h,59,NY
fZosZrb9,50,SF
iJ0NGRDd,29,London
jzn64PcV,21,NY
1HbBf2iR,59,SF
K2C4eU8V,62,Berlin
urPejk7X,47,London
fteUn1nL,37,LA
K7yfwM21,44,London
UKpLbFvw,35,SF
IyhN7n03,63,Berlin
1NEIUy8T,60,Berlin
7U3jDN2V,30,NY
36AVMLhS,47,SF
zq4vITsD,27,NY
gXRS9LEC,49,Berlin
Fx7E11FQ,24,NY
WyjPi9Ev,46,Berlin
LLtL05gw,61,London
l7hnztu9,45,SF
wQWCYxHo,25,SF
7hhmt6Od,54,LA
gllM1rSu,42,LA
SXrN5oUU,24,London
yY6oS79i,23,NY
NyVPZSPw,41,LA
y3qZkxvg,53,SF
Olr5MQnp,68,Berlin
zkmSM5Cl,35,NY
CkGw1zBC,28,LA
1U17rXmu,38,London
eZOS1MvQ,28,SF
7nScCEpm,48,SF
29Z1wgy3,53,LA
p1sRHdZV,43,London
CgzcLR2Q,31,LA
iPcx74KD,49,SF
Tr7FZmds,42,SF
BUR3zfcA,63,LA
BJLzWDDG,66,London
40BwfcKI,69,SF
qYmQH51A,46,NY
61PXZguW,55,London
pbOSF9SC,29,SF
rH15VEXp,33,LA
DdTrPZtS,60,London
YhA2Z7YK,54,LA
sylmOSKa,18,London
4XnR0bSy,36,Berlin
4LJODulB,25,London
mZAumOe7,62,NY
wJSAdM9b,32,London
IKg7iL8L,29,London
eoEKviSq,31,LA
SLExpCDA,49,SF
5rSOKQiN,42,Berlin
4Dtg3uSx,54,LA
Ruuzu1Nh,51,Berlin
xWqVBEC6,35,Berlin
DYAukQl4,39,LA
VuueVV9b,60,SF
wSr1GcZV,26,LA
L94gfT1B,38,London
2InsUHO3,21,London
AlZ9TDFt,68,Berlin
TnZkDSam,68,NY
WcQabC3N,20,NY
wiqX90st,20,SF
mfGyoytf,33,NY
0i6fJhUY,66,SF
BeyXlcPP,21,Berlin
yS0Lh90K,20,SF
WeJohERV,32,SF
mzNU7YgC,30,London
YM5xbyi3,33,Berlin
bV2TYg3W,34,LA
PQNOZN00,66,Berlin
QyxuSgIO,67,NY
4rB2h53F,51,London
JnK3l7Sd,21,London
J4Ld87AF,52,London
aWlPjvtJ,36,London
i8uyDTs9,32,Berlin
dy1795b6,54,LA
BGzSIlnn,39,LA
vXs6PXtm,46,Berlin
8v3eBVq3,29,LA
7e2mzwPX,69,SF
PFnrlboF,44,Berlin
qMvvOtUO,65,Berlin
KuFMGSTP,59,London
gljplqqZ,27,SF
3bnzDjYK,42,Berlin
UlcheVxT,51,London
Wf6Jlfkj,50,London
usEjkgQ0,49,Berlin
Uh3olSxe,22,NY
U78pTyUd,57,LA
UQw0N03A,51,LA
Y5Km8oUC,60,SF
WiO5Ycgl,21,NY
YCcn3Mne,40,NY
84eSKln5,52,London
eqE5SkH1,60,London
gZLnc5D5,43,Berlin
dwX5TXBi,32,NY
bEj2avVN,21,Berlin
k5PN6nIr,43,NY
kfpFcIHR,49,Berlin
PKbd4GZ3,31,LA
Vwb8CQrE,52,NY
y2uXHH8r,50,SF
coFgFMkj,18,Berlin
U121x2Kq,59,London
aeY3WPAl,54,London
ZrLEglPX,21,LA
xcG4MSbO,53,London
i20MLILK,38,SF
p81Uq2iK,53,Berlin
1Y4QeStm,69,Berlin
t7eL4Vp8,52,Berlin
OiytFoMy,59,NY
QTeaHHn0,65,SF
dvq4M7hC,31,LA
dBnFjMbd,18,NY
HMtdNZyN,48,NY
ZOys1Rqv,58,NY
aZqiaf6D,45,LA
IG3poQXC,38,NY
zYHfCJCf,24,LA
KScbXoQH,66,NY
SN9PhUzQ,18,NY
WY9YxCy3,44,London
dDAYr9Mi,64,LA
8l9EnE8m,30,NY
U10KNaAe,55,Berlin
fo0WoTrA,34,LA
bJrt98F8,35,SF
rbZ4iEJC,57,LA
LRGxOBjY,57,Berlin
r8iryvrp,68,LA
ccSqOx5q,48,LA
kKnmWbQo,68,NY
5qZTNO2t,20,Berlin
QtmYHGxC,28,SF
Iw61U5e3,65,Berlin
3j5oz51x,41,NY
7Y8aRdoF,21,LA
EkVCe6Xr,44,NY
DNXWUZaK,30,Berlin
rDA81Snu,29,London
b8fk7dZs,20,London
sCBRga0u,59,SF
ey7wjtaN,52,SF
hQdsacZB,21,LA
arTHqiKc,57,NY
zM4qWVIL,36,SF
odEu7O6U,40,NY
MxfTyHUT,21,SF
ohaq3jiK,28,SF
8qsKhi6w,39,NY
kF1zweMS,18,NY
IEbwH3DE,49,London
5GVVGuWT,22,London
j8MOwmp7,50,SF
BRtrDtt5,43,LA
3k6AmHl9,45,NY
7SAICvNE,69,NY
yUxNxIOc,62,NY
9vX5Xen1,41,SF
M9o9KXE5,18,LA
CqbWIy0P,67,NY
GFHgaDMz,66,SF
aV5025mx,60,NY
broAbN0r,59,SF
jaxqpbPz,46,LA
JQPCVYat,67,LA
hQ9ydYv1,18,SF
alBFTR3Q,67,Berlin
P5sfmiW3,45,NY
pdvGQZSA,21,London
EDHyMOOa,64,NY
mJrZdFsN,55,NY
LblF8jSH,60,London
QEmYhopE,25,NY
uBDWrBSE,32,SF
44QbfLmw,33,Berlin
ERHY7CVz,69,London
9nAN3lpD,34,London
I9a1bz4y,60,SF
fcoaNvZd,46,LA
Ky4tBlgm,49,London
5rrnrqkt,53,LA
ouPEfwjY,36,SF
L2gf2SfB,61,London
BUGCqqW7,40,Berlin
qkHQ09rT,40,London
EgnSORRF,28,Berlin
5vvysvhQ,33,SF
HqxxBXLV,23,NY
QE64ZWCP,25,London
mT9Eh6Jy,69,SF
sTn7mMcq,26,London
lrTMzNv1,52,LA
tIrKBeWt,56,NY
oZEAc1T7,42,LA
CHNxmWDC,18,LA
h6MuGwBT,62,NY
5M7NcQvR,39,SF
FWV45ded,64,LA
foW3KAP5,25,Berlin
cvspzemC,40,SF
q4NVlZiz,27,NY
7nVllysc,49,SF
pttcqzIY,31,SF
xRN8MKW3,57,London
vjQFNpzx,58,NY
PXI45e2G,44,LA
Z1HbXGPN,27,Berlin
GFiekjmq,65,NY
QNH5FJXX,64,Berlin
mNnsSVyz,26,London
Bk6dN6Ix,29,London
p6U88wq5,38,SF
jSoC8P8N,24,Berlin
lORhXL0n,59,NY
EVq3nUew,45,NY
61PkyyGN,42,London
UY3mpynD,37,NY
GDOiX0eD,25,LA
xZ9uBniJ,22,NY
UIRvBftp,66,NY
JsIbvBWh,33,LA
ymNibF87,20,NY
GDCBqGHu,68,SF
kOOBm65D,25,NY
Xb2g7sGW,43,London
wyd9b8zG,39,London
9gDHiBLQ,18,London
m9xkgTiD,69,London
LBNufSSH,56,SF
I2lziKo6,46,LA
zaezE3ar,49,LA
C3g3Puda,33,LA
624oZePc,29,NY
WvF8vx91,22,LA
ucx0ihva,34,NY
FchsswQ6,66,NY
la9nM9Mz,34,NY
ZylIWKwQ,67,London
wBnL8CHi,69,LA
qkqv0ArL,68,London
K5seUqic,62,SF
0FCnH11n,64,SF
OHTphzlj,19,London
4YcTADa9,23,SF
zNeJcW43,19,LA
RFYvbS1a,38,NY
2slirMOE,37,SF
t0qUfrIL,22,LA
S3sRQGFd,56,NY
zfer9zAj,69,LA
9wte1JxW,28,SF
zk0MCBF0,69,LA
zBg5bn8H,49,Berlin
UINJCn4f,63,SF
OvYQhhyY,59,London
bmd0ev1I,22,Berlin
TddmxBS9,60,NY
8n9tNzbZ,69,Berlin
IwQWTQUo,66,NY
vceoZRmM,30,Berlin
7SQxhUvd,33,SF
63u47IUu,43,NY
GEo2Vm2g,64,NY
9hfzeaKR,51,SF
4MnJrmb6,54,SF
5eFDSDgN,56,LA
zCm9DoXU,44,Berlin
4LQPkTEw,32,Berlin
yN6LRb6y,67,Berlin
iCYTjELU,36,LA
4763Lz7C,68,LA
sPGvD48B,58,Berlin
osjquguq,22,SF
BgrRHiel,42,SF
0u7hIgLH,48,NY
rattaJWz,45,LA
UzYquZqu,59,Berlin
MVQmgDX8,56,Berlin
B8m1dfTf,48,London
iykKFIbd,56,London
5F6PrIE0,42,NY
BTg3w6CT,47,LA
Ep67ANqd,24,London
VyDXVm50,62,NY
acL1lOY3,39,NY
7l4Cv66r,56,London
vkQRmWpo,52,NY
1eMqdXtn,52,NY
u3hPFjmW,20,Berlin
I9qTleIm,21,LA
1Dczfcw1,31,SF
tsZct0kO,25,NY
L1laQAAa,23,LA
WFe74GGT,60,London
KJjqCS1n,57,SF
JkGuDJdN,63,London
eOojuWvp,38,London
pGlhEOxA,28,LA
9W8bHegj,34,Berlin
M9lA0Oji,66,NY
HfT6FY94,42,SF
HbsolW84,27,LA
PLZxwzGt,67,London
wBrvCcl6,67,LA
Qc6wRg7u,35,London
zRVF28YO,34,London
wZ4QSgkg,29,London
dCD8z2z9,62,Berlin
b7YHH1Cm,64,LA
znKYK3q2,37,SF
1Kc29ZsB,57,Berlin
76ZNVOEi,21,London
1uG7tAY6,62,London
1wELXftB,32,SF
DAh4m9zo,21,LA
0r0Ef7Gq,57,SF
rFIus7nx,54,SF
fBVvGi42,32,Berlin
vauZN83n,25,LA
MYbkqYoq,52,London
P14sGzJk,37,LA
ba7dgnoH,51,NY
xYoEUehD,48,LA
WRcxwwFB,49,LA
NOR5xduP,49,Berlin
CsDEYPA0,46,SF
FfzE0MuK,24,Berlin
X1VlufUB,43,Berlin
CcJTXMeN,37,LA
6wlsFq2X,19,Berlin
Fzi7Oy5D,38,London
OQKIbcsS,30,SF
u5QBmKad,62,Berlin
gaeTn0qq,25,NY
1zqKjusx,54,London
3Rwy9dvM,21,London
QLspVBX2,18,SF
Pxx4vw7q,41,NY
XAuVfYFm,29,NY
Dn8xPJ46,28,LA
jZy7KOpU,50,LA
dnAQ8eaj,44,Berlin
qqEplw4U,24,SF
MEQscoXH,41,NY
a6Z8pDPH,47,LA
CSQZOZ7D,37,Berlin
v94BtTAp,65,SF
W2eMRubl,27,SF
qyeMcuLS,25,London
d1SNHght,47,SF
UqXedoQz,57,SF
T1S0NWqA,38,Berlin
imofxYPt,24,London
OeewUPTL,29,LA
HBKELL8a,29,London
vrYIcEyn,63,London
LcBF5IA0,40,London
rXd92IPx,62,LA
hP29DeP5,38,Berlin
hLdouvGT,67,SF
XguZRbzD,64,London
eRSVD1fy,21,NY
ZXlil1b7,44,London
ILA2RWx7,49,SF
jdEvOe94,42,NY
e0TEanwM,51,Berlin
BzY8EAep,25,SF
YftLrAj0,33,SF
oPCw86Jq,47,Berlin
Z3btaeeT,27,SF
MWK6gtok,66,NY
wE3dgWlH,44,NY
Id2PrFd7,22,LA
ipakonX7,18,London
2vbJeklc,59,Berlin
SpsvLwJN,69,LA
ZdYY2JHY,25,London
UwyM8OA2,62,Berlin
V3G7nerX,38,London
amQ2Dgtg,35,London
nIx7aLUa,43,London
m1kabRyC,25,NY
uTVULs0y,53,NY
AN9ySREQ,22,London
BX1kylD0,68,SF
TSAwtTUX,51,Berlin
r01irSmp,29,London
hHKFHULb,33,LA
GkkvQaRE,28,NY
QAqRsJxj,29,LA
O2DkW2DT,49,SF
VpTBb7Gy,36,London
RDDuUAMc,33,SF
WNK4zfmo,31,LA
CzIlmnm5,61,Berlin
yGmGSFcr,51,LA
fVGAInKT,61,LA
zLaxY7qI,66,Berlin
zTJxlDlu,41,NY
MdeOpIBX,65,SF
PVey8nuh,69,NY
Ewflxf3A,43,Berlin
hyvn4mc0,24,SF
yT7d5P2q,18,LA
SNnJlhxd,23,London
TyyW7dZO,54,NY
W2dmZLas,26,Berlin
6al2J4o9,45,Berlin
rD59QZbz,48,Berlin
artlKIFP,35,London
7Fa4W1pn,33,LA
64zyzTK5,52,London
WaRZgbxH,65,LA
HBsmkyq4,43,LA
Meu9r5vO,33,LA
8MTkerh6,36,SF
LAgCxZ3g,56,Berlin
gEBDLiaz,52,SF
SrR0Hd2x,57,NY
f0vXfNHf,47,NY
RqilDrvW,42,Berlin
MuNMs0Jk,35,SF
B0KK5Q8k,49,London
IGLMJife,38,London
JIkVIbTd,33,NY
IZ0EuPfN,20,London
EfQBZG7S,58,Berlin
vExIWFY8,22,NY
qIWgIwXD,20,LA
F9NSYeZ3,44,SF
yVf1J7c1,48,SF
l4C9nJG1,68,SF
DJtkiklZ,39,SF
j3Fzp23A,42,LA
QCT2yJZ2,22,Berlin
TUegQvae,53,SF
DluH8dmq,61,NY
braFR2qg,42,LA
zKELImq0,47,NY
rOgdW4Ra,69,Berlin
IWorAKx4,42,NY
7BzKXupr,32,NY
tHSYU0jp,18,London
umKERJsS,25,NY
XzRb1O7v,48,NY
JiEZCAgy,43,London
S0G2UcDQ,51,LA
C0VzQrGz,67,SF
riJqYdUg,66,SF
x1t5glEk,61,LA
TFg9JHGr,41,NY
PMXGOSoQ,58,LA
a5QrpT5O,61,LA
hqLYiBhx,60,SF
2nad80TF,26,LA
aYP5kxjb,57,LA
RSiRVhmh,66,London
JH6nzgEG,40,NY
PIeHclcE,33,SF
Z49AXTtg,41,NY
qmhUN6lt,65,SF
IEafyKW5,38,Berlin
cebey6gE,25,LA
xHDCWs3h,52,LA
e7wdFpDa,68,LA
We2AVc8c,43,London
SJD96c8F,46,NY
thA2AWgb,23,Berlin
7VmqHZVF,61,London
ogtLUggJ,34,LA
rnsjbITr,22,Berlin
6fb76JXy,37,NY
ZSrFy7A1,65,Berlin
x6QGPqOU,42,LA
eW9eA4qo,43,London
ObBJWDBR,61,Berlin
Hl5IWYbS,56,NY
BnAMZTKD,36,LA
lXzifUKv,41,London
5WFWLbw4,54,Berlin
tv6NbflK,34,NY
xybyZKCT,54,Berlin
FgMTa16K,42,LA
veBr00um,37,LA
d1hoepE9,38,NY
SSM3ydiH,25,London
8l31t6bL,39,NY
qe3YKPPj,29,Berlin
mUMF5tJU,61,NY
Gja5Ez6g,32,London
5ANWo2ok,29,LA
hp8NMQwf,58,Berlin
y0kDwnab,20,Berlin
gvbcWvBb,67,Berlin
t7qjLoOZ,36,London
ddTLIrK5,31,SF
r1HtRPDl,69,Berlin
Tcp9uX6m,22,London
aXHJNhz6,69,SF
uhr7KDyN,63,SF
BIsFy8jF,49,NY
aroDtpWT,38,London
7KRLYbYZ,32,NY
RTZvGQdk,42,SF
IKiEiN16,54,SF
2GI12lgk,25,London
Zke8zrSH,48,SF
hSGrB5tP,46,Berlin
K3VZiN9B,20,Berlin
SyZghoP2,36,London
fftJuO5a,18,London
b8Dapxcb,44,London
ahUfzOHq,32,SF
QoHXCAwe,40,LA
B1QMiic3,53,LA
rhEMn8Q6,39,London
D4fW6gSU,54,London
Z2tyi3W2,24,SF
0cMzX4K5,41,Berlin
3jXMlV3X,19,NY
IQZDc2gr,61,NY
ZL42dXRk,46,SF
SVsSAz06,44,Berlin
O0thlbtO,61,London
klrhDN2T,39,LA
ItSGae6X,53,London
NG2teOCc,55,London
ErYsNZc1,45,LA
ppbuxSVn,48,SF
bWXINxmX,58,LA
OIdNkm4G,25,LA
DmnQEnBK,36,LA
tkfO1CtZ,27,Berlin
UpiwHR65,23,LA
RztpZkry,39,SF
lDsO2AhG,25,LA
71MgCXtY,41,London
Uiira18k,50,NY
lRy1toiA,32,LA
4PgXkjwF,62,LA
tk9LTGqP,48,SF
9blRwAjN,63,London
lEpagsmb,61,SF
qe6CvvPb,30,Berlin
SPA9UTBZ,45,London
2CeZDAQf,49,Berlin
ZQRHtGJu,34,SF
QHtWbaXd,30,NY
YWQvrvFS,33,Berlin
KyHxFAv1,42,London
EuCMoYMt,29,Berlin
AeZMWFJt,40,Berlin
ZBCc8cyE,19,London
oPWFDHc0,30,Berlin
stvfVUeR,25,Berlin
UUL1Cs74,67,LA
7okEph6c,22,Berlin
uJhbTaWc,44,London
RvOZYPQy,42,SF
s1nPvtoE,18,SF
5AsppIqM,65,LA
WbLbCTHr,24,Berlin
MEnSKesi,65,London
7wjD5Q1A,33,Berlin
sAhc8uzy,47,London
0AFfANfU,37,NY
QhyVPSmz,38,London
9aenzaRM,44,LA
lpo3tdPU,67,London
GuMhWzyC,19,NY
lbg2oVzo,57,London
dHoYva0i,25,Berlin
SZSgsBDR,62,SF
MgSq8MnY,36,London
pRarjhmK,66,London
lLgyoAy0,45,Berlin
xK4tnWXm,47,NY
GNmL1F2p,59,Berlin
P6xlskn9,54,Berlin
5HmCWxTM,30,NY
48xhDbag,31,NY
0avHq1Bd,23,SF
fFki55Jz,68,London
ZanmgDCD,42,London
ZsCKp2h0,65,LA
0T84VCXl,35,Berlin
HkwCgoXw,20,London
J2WMoFNs,26,NY
bX1aFFUS,23,NY
zuTdcIUX,60,NY
flSuuDVm,29,SF
N7K55QJJ,62,NY
Y2qLmuK9,40,SF
lKgfQqAO,44,LA
iVruS84c,67,Berlin
2eisCeUi,63,London
QFVaWjai,21,Berlin
Khpjl9ST,31,LA
nKXDTLd5,38,Berlin
rkvUzKYx,43,LA
y2zBne5T,22,NY
bCUWLVRT,39,London
QFFHBtL6,61,Berlin
wV9uHH4i,43,NY
c4lDrFBR,63,Berlin
pyUkutna,66,LA
k1BAL663,58,LA
e79TNfdb,36,Berlin
EppKsoCq,40,London
iMB5GbGp,34,Berlin
A6bZhuyQ,24,London
vl1QJ8Qj,38,Berlin
2eov0KbS,58,London
yflvqHpW,50,NY
lFSFrUTy,23,SF
WayyVCEg,28,London
YTdhBSTS,52,Berlin
eOWeUFxV,37,NY
ACCHQ3Mk,64,SF
00iF7R0O,58,LA
1mkII06i,52,London
JGoHn8YB,24,NY
2QVZW0Rm,43,LA
tFfyc8hx,47,London
ll4xglGy,40,London
0D7ZQ6jw,22,NY
slzC5lxD,34,SF
xUTPcIgQ,32,NY
5xXKg2Vg,51,Berlin
NWmZmzYc,65,LA
aVzwoMyJ,56,London
DqfPjUR0,48,NY
ADqzp9XA,20,London
he6Pud3E,36,London
H7xCjWU2,47,SF
0ZGvz64f,18,LA
8t2hlauS,39,SF
5aWvbp9N,22,LA
wNrHrfMy,47,SF
uPp6rjyp,28,Berlin
Jzxr8S0T,65,Berlin
HXFAjzOp,19,London
850XlOf5,54,Berlin
6hCw4GGV,65,LA
jckOnCv5,69,SF
1juO4gve,67,LA
byuxxeZ2,46,LA
033WU5DV,32,Berlin
vxrKnlka,27,London
yjvYqRMH,67,LA
DEZhcjDf,37,London
EQv2ert7,47,NY
pUAxwKrk,54,SF
6UHsvJ83,50,LA
qEI6SuMb,59,NY
TAcVK2wx,41,LA
Am9MqTc3,63,London
rC1g3eAx,21,SF
mmzDbCpe,24,Berlin
1YMPks1B,43,SF
7cJizLmj,49,NY
cK8F3lZv,58,London
otlKiJWM,46,LA
43PlWuNI,65,SF
aZc0fFKp,68,LA
iTUwWVVE,57,Berlin
TcnETtLw,55,London
IUyjiMoG,48,NY
dzEXyLJf,41,LA
47YVSOEV,52,London
k4i2iFOF,52,NY
Wp6x5u8g,21,London
Ba0x4qbD,29,SF
hIO3qqMx,25,LA
gWt3N0zG,38,NY
5f0kB4yU,68,London
HbsfZWtY,58,NY
cjdXcNPi,30,Berlin
7EEOdcqM,60,SF
2dkoacGr,22,SF
JCKq75eE,29,SF
XgW2QU7d,28,LA
rqO8VVVt,55,LA
8ZnfnCea,35,NY
6mKlFfJ0,41,LA
Zo65sPrA,42,London
XMDAkUq7,36,SF
mx6ErXUi,59,SF
IOfyXEoi,20,London
Y0WqNg1i,36,SF
MAma2RKd,68,Berlin
8Hgex231,55,SF
3uFPFPt7,37,SF
pqm7h0PZ,18,London
ZiOptXJQ,42,Berlin
N3xCUoGR,44,NY
me3wWsHu,18,NY
3LiWos6N,49,London
RTbThcG3,56,SF
CW0JNZUP,33,SF
ltwE7L3S,34,LA
pcemmrRG,36,LA
MIH2Bn12,48,London
2rpiHJPe,50,NY
uFeSWWcu,37,LA
fEKjZKKl,50,LA
SieOX3a5,63,NY
7czoshrw,66,SF
gKpnfHfM,44,Berlin
ghKhMTSX,19,NY
Oxk4iO4J,64,LA
lma5kXpa,33,NY
BlJiZ5Th,63,NY
4p80aMbG,66,SF
RoDkjsEZ,63,London
IRbiQnIo,61,SF
xmBAkYNa,20,SF
84MXOv35,24,London
hXnuCs4m,64,NY
jdlovRFh,31,NY
axWPvDly,43,LA
CV5XgeYR,23,LA
Z455kgZ8,19,SF
CQ7ivhI5,63,SF
8Bqgklei,54,London
f7SEeJP5,52,SF
kJ9EyJ2N,35,London
O9KaoSrj,63,NY
UB6W7Ftx,68,SF
NFoBU1aq,45,Berlin
4PYnAmb3,34,NY
hJt7tzTo,35,Berlin
HgBy8m3o,49,SF
pz8nq7Bk,38,SF
5HL9LOJE,64,LA
dXEnIwwL,68,NY
6Lzq0CEF,23,NY
wS3xMGcx,61,NY
qRcupLHt,35,LA
hmVZCVOd,42,SF
lzvZRhNE,26,SF
8jALhRuX,38,LA
Tp3mQ3Qy,39,London
viisZB9Z,39,Berlin
qg1U8VsZ,37,NY
NcW8RwMb,21,London
b8SoItUA,63,LA
M7zYSO0n,67,LA
uJr1vwPA,54,LA
yma1rHFO,43,NY
AZPlBC2r,39,London
Fhl94wkp,41,LA
lJMhfXZT,46,LA
1re3cwxw,66,LA
qhZlzyQU,30,London
BCwUiVOS,51,London
rPqYAJDM,38,NY
YXb8pByA,40,LA
ZMCtbSFp,29,LA
jLTATx8I,69,SF
i3XpbCk1,40,Berlin
E4Zgw6ZJ,33,NY
Xla2ROl6,51,LA
dioxLCKt,48,Berlin
dnY5tyv7,56,SF
wLTOOMir,32,LA
BJruAIQ8,47,LA
XCgzXqR4,48,LA
KtmrO48j,56,London
HyMIYbOf,22,Berlin
aTqAHS1d,61,London
nq5XgyFk,19,LA
LHsAf9P9,64,LA
gXh4wxx0,47,SF
oXzfQdVV,19,LA
7UxFNDkU,36,London
LZNA2uck,52,NY
8dZXMr2V,40,Berlin
eC03NpIR,28,SF
EvETnfl3,18,LA
9AJ9NJ9t,35,SF
y9Wv07rl,63,Berlin
SvuoS1Fr,41,London
jPg5L3oe,32,LA
oDt2EHVc,68,London
ByQ55nBg,69,LA
jFdiLNdU,44,LA
eXsksqsV,24,SF
uqDz8Rqz,18,SF
yL7HY435,36,SF
G44AsUqQ,36,NY
p2RMps5t,49,LA
kBnUFURg,27,London
yMMXb9B5,21,LA
zn3hFLaf,58,Berlin
ikn0qeCo,38,LA
LIBqKmAQ,53,London
WBnrdhaW,20,London
UZ3CHiy1,58,LA
mnniQpcf,64,NY
L5OZDeY3,61,NY
vgJDuHZQ,44,NY
KiPGrjl4,65,Berlin
iEp2V7S7,66,LA
jWTs0kvH,26,SF
7uDVp9Sw,45,London
2xqIVuZH,66,London
ga3qgURy,49,NY
p4upd8Gr,56,Berlin
QU0K5mWm,38,Berlin
C97h1IQJ,61,LA
AEH0Htgi,35,NY
tn075IXl,19,SF
E8y8wTeZ,58,NY
VkdxIdVW,46,Berlin
z8zXy99a,49,NY
CpllPZUl,31,SF
MUvyayja,24,London
cZp0Dssl,22,NY
Ey8vZa84,19,Berlin
d8ZvW3hN,51,London
QjA0Tbza,38,Berlin
4hX61bL1,60,SF
6ykIMSr3,37,LA
Rm3PwEFv,48,Berlin
z0QX4tcr,19,SF
ZeYp0baI,37,London
M0GRx21Y,59,LA
2gL7qg3j,32,NY
EsXUlFOa,56,Berlin
1uKUyxdC,66,NY
uMOGLkSg,49,LA
ytfqe7To,40,LA
T6TC5KcM,60,Berlin
42u13Xz0,59,LA
gwIEq1wW,26,NY
YzUzcYBs,48,LA
kMpyVjww,40,London
MAUhIUuu,54,London
oQEqsG1B,65,LA
U4XVz58I,40,LA
jrKrAnEs,51,London
n9CIfHRO,35,Berlin
MiSrrJg2,65,London
YtuTFgZT,26,London
BzMqDIm3,47,London
2rkcxyLK,45,Berlin
EdWaioOK,44,NY
cyzeOULY,40,Berlin
YQsomNx9,51,NY
YLgJvI8K,60,SF
xXqnMwqu,50,LA
Qvutf0dH,46,SF
khr6dyHM,34,London
wFLvmZvN,49,LA
2FWFHJBQ,25,SF
DaNBQk7T,41,LA
ZXhltTRO,68,Berlin
qqHYmhcB,32,NY
NND382qI,24,Berlin
2gdMjC0q,21,NY
IIbB69uS,37,London
PS0WRTNE,33,London
4EnNdsEM,50,SF
jHmNqiHK,37,London
V33cmjWh,47,NY
ywVGEf9I,42,NY
4drlb8Zi,56,Berlin
11nYed11,37,NY
vJCB5PJB,32,LA
lRoFmzxp,25,NY
LozmTL7E,41,SF
9hcilX9y,60,LA
MW2ugrsz,55,LA
qs09h9lA,61,LA
3zGGQtOH,51,NY
g2ulC6qW,21,London
MEEWtpn0,46,NY
Tc4iQty8,20,London
0jEEh8NN,49,Berlin
r8yITFpi,43,LA
2fqJIggn,54,London
ESDOeYDw,29,SF
qPKsnaU7,26,London
qrZ8gllb,34,Berlin
DX2C47mM,55,SF
Uqpa7gUr,23,Berlin
bwpAVBnQ,41,London
IZOWpgi6,57,London
0fVdkTuv,55,SF
TJKSK4Um,46,LA
pPmSp1db,63,LA
qsnSSQXx,34,SF
Ia5nEvt1,20,Berlin
1qIL47aH,28,SF
T80YIwu0,40,NY
ZIlFnRjz,68,Berlin
61kUoia3,27,NY
MSTqvi2V,54,Berlin
b3JFugA0,22,London
NNBaSzEM,66,Berlin
s19R7zhU,63,NY
L6010OCM,34,London
lmniDwHK,29,Berlin
W9QsDMwQ,57,SF
ckXAxRwS,33,Berlin
0U2Y8tlT,26,Berlin
D9HldFY1,30,SF
WIVnHOkT,53,London
voV6LJ8s,37,SF
PujwwEsI,37,LA
SLudaWWh,42,NY
lsyAVyoH,49,Berlin
f4x21TJN,44,LA
vPddTKO5,44,London
rVysfRUr,50,NY
nP3iVL0f,28,SF
cvpOl9nJ,35,SF
Hjx9ygER,22,NY
r6kTG998,53,Berlin
FX9ykQrC,43,NY
I4AKzPSy,21,SF
sZjEZBAB,27,NY
VOi3pvPQ,27,LA
OX8fYsvw,25,LA
IZAn58QY,55,Berlin
wZw2Fm6x,66,NY
8vGWytL7,48,SF
AVKU3lbg,60,SF
DdWiamEp,48,Berlin
efEj62x1,21,SF
pcWtuZEs,58,LA
nAm3yVmD,66,NY
DjrAQRDp,49,NY
5Ha3EhE8,19,London
4gCd8TBf,59,London
JNYbOIr5,36,NY
XT4EuigB,62,LA
55Elr6JF,51,Berlin
a15LiYIg,44,SF
21euNB6n,57,LA
ucLS6onp,41,Berlin
QSmY49xz,39,London
UcpqK69Z,41,SF
YKPURkQY,41,London
agEnCby3,37,Berlin
dDz1UaR4,42,Berlin
bwSRfy4Q,34,SF
6SPLELco,61,LA
R6UV5NLs,34,Berlin
Oc7Z8V4D,61,LA
rMRMsEo2,51,SF
16SDonCw,24,SF
KVZPKR33,49,LA
3XRaCMKE,48,Berlin
PAhLiw7r,61,LA
oGslCQ6T,28,LA
X3TmdhRz,58,SF
6vIf9qQB,69,Berlin
BlNpeTwJ,20,NY
HIAp7Qb4,24,SF
Id3AKf9B,63,London
pqCygxh7,49,London
9gyGNvFu,48,SF
Z7drOD5U,66,SF
weueuKbP,52,LA
m6bIkW5a,33,London
1n4Cqtbk,35,SF
5IdebWWB,34,LA
oVs0LWjh,34,London
JUfVkdSb,42,Berlin
Z34aDmxn,29,LA
xiIJLpRh,60,Berlin
jtoOqNQr,32,SF
jLy5GPKk,25,SF
lWKpzvdP,48,SF
JzfqL7Do,40,LA
et0Lu0ZQ,32,LA
QxfA8jDm,25,SF
XZ4gE4OS,28,Berlin
9sQjsOXc,56,NY
GP8gcN7a,34,London
E7ySSdgr,20,LA
l71g4qdT,67,SF
T0CeeYBh,23,NY
R2hL6aMj,18,NY
urIQRLQD,68,NY
kMmfAPp4,28,Berlin
VGQmexEF,18,LA
0OMo6kZL,59,SF
Vzsl3BvX,35,LA
KqROUGsO,63,London
KQKEHhuK,20,London
9xmqpBco,32,SF
ZLQOKSYD,21,Berlin
gvLgrvVb,58,NY
Jn2L4Wkn,49,London
i0KK3Q1S,25,SF
HSuWTjer,56,SF
QBYE0hXh,26,Berlin
Z6dMjMG0,58,LA
kj6jJm8k,19,SF
TCJhZBAz,69,NY
AcWvotzy,65,SF
9uLFz09K,64,Berlin
o5UHA2Gz,25,SF
GOScsLn4,53,LA
xVEyLwzw,48,LA
DbyJs8qj,24,London
TCAyJRZj,50,Berlin
MnX9wu1D,30,SF
7QJprS0B,42,LA
saNAvEBz,39,SF
YNgTPsdF,33,LA
Ej9oh7wJ,34,Berlin
StikQu2X,33,Berlin
3lfs2vB8,59,LA
jMXtspv7,40,Berlin
ythOK4y3,31,LA
lW4fokTt,35,London
mm9w6Sl7,54,LA
rPM1I3uf,55,London
w5rQOMu5,49,London
Z6Kgnenc,38,NY
aUwOrzVs,63,SF
2BWHjThN,37,LA
ziYojz1t,36,SF
jHjkFOAF,54,SF
btwFwxaS,24,Berlin
WcZ4svVB,43,SF
IFKca5be,22,Berlin
dTkhunii,38,SF
S6D3sTH6,22,London
8WuvWNkP,68,NY
S6F6w1mU,55,SF
nXHGj0jl,51,London
VMUbnWWR,47,Berlin
F3XXaq62,65,LA
7hNsc7nX,44,Berlin
zYeCoaSq,25,London
5t7jLaRL,58,Berlin
RPtOkEIE,48,LA
3bC7FTNX,52,London
oExUaSV3,36,LA
EgOyYOa8,48,London
qE06HD4O,37,LA
swDPOjmu,31,LA
JSV5TT77,18,LA
TPkrRIU7,41,SF
P3CxUfq6,25,LA
ZUkMgYpz,67,NY
L6RALVF5,69,NY
xUJiTSZx,52,NY
lHZrdF4T,48,London
kDPdvLo4,69,Berlin
22MzcZcO,52,London
j5K1O0F9,53,Berlin
WZA5VjxV,21,Berlin
pXGbaLY8,44,SF
QzwSZ9Cq,45,SF
JrkaZCoz,25,LA
xgpS4A7O,19,LA
WvWS1vcY,41,SF
DtN63lMZ,69,NY
TOGIWZXk,44,SF
MQEaQrS5,19,SF
h4kuAwdK,47,SF
FxX1LzJ2,67,London
hMxkjpDW,56,Berlin
pZ49iMYJ,48,LA
PKzJaftn,48,NY
p4VxBv5B,29,SF
fNKJvsiB,56,Berlin
cJJO75Pl,40,SF
utCyIQsR,48,LA
USNgjZew,35,LA
IJmtQh8g,36,SF
CJoc6Cym,59,NY
XcsI7Vbq,22,NY
qFoUQO6T,36,NY
hTnbZlIy,30,LA
VbnHgCyV,35,Berlin
QD506cbm,49,London
5e62NfMr,38,LA
braGqNVe,33,London
9ZoqEQzH,66,LA
D2B40iID,21,London
hcIvT6to,57,Berlin
4ABG6CTa,47,SF
M6g4KFmx,21,Berlin
M8ZKN2sZ,55,LA
XphyJgEW,32,SF
epAPVaUy,33,London
wGEMN4bi,26,NY
1M4wbx4O,44,SF
ba3awGvt,33,NY
52s8hN5u,24,SF
TcYBODTC,26,London
Sm14MYSC,40,LA
J72CoqKE,18,Berlin
MK3TffMP,58,NY
QBfYG4Yw,40,Berlin
LT9XqZOE,39,NY
dgut2FdW,50,SF
BdOXtJ09,63,Berlin
Os0Rxrzu,35,NY
0CMBPAfq,26,SF
3lHqdzzt,23,Berlin
8az9JcbX,53,Berlin
llzxYrC5,51,NY
jpx8CJ0q,22,SF
45ein9XE,59,NY
kq9WBMtX,54,London
pRvWueyS,65,SF
6hYMImxp,55,LA
yLiNNwCq,55,LA
Gh9luBgA,40,Berlin
JiKBfVpq,58,LA
OfIOmjBl,35,NY
6x80Ey4Z,60,SF
AfbODsV5,34,NY
WejpCSfv,33,Berlin
Q75KnbBq,61,Berlin
groThT0K,68,Berlin
0hPLBj4X,39,SF
wLEYQ3Fw,48,SF
aN22z04B,22,London
tlAtftlN,63,SF
KJcBL7UQ,41,NY
GfgLwdYp,28,Berlin
wZ5xBTHr,55,London
W0IIcMP0,22,London
MvjlNofV,50,NY
8sMCyOYm,67,Berlin
AZB9m7bE,41,SF
ZF96erpI,20,Berlin
dStHE4Vo,27,Berlin
5cyzHsQq,56,Berlin
Ee2nybJf,32,NY
RQ3ashxP,27,London
gN3haO2F,45,SF
r7FMs0XU,47,London
fYSusJky,24,SF
qYME2K3K,59,London
k3sKYeLU,62,NY
tdBIlr9q,34,London
3hgBjXMU,21,NY
cA6sfhmG,46,London
2pGVCIlf,57,Berlin
Xelzcibt,27,London
RB78e5su,42,LA
ogOvnxNk,54,SF
wUhim01I,22,Berlin
JJrbSzEO,59,NY
0Gf9paRa,24,LA
QyU86ejn,24,Berlin
2wI0evd1,19,Berlin
MEwzYC7B,54,SF
heDJ6hQ5,52,LA
At4ZymF0,21,LA
qCaUzyBj,53,Berlin
DOIuvbYx,22,NY
TWuuf87P,51,Berlin
El50thUM,20,SF
3XLFrDpy,43,LA
Id3Sx1JR,23,Berlin
7RJB4kuV,24,SF
3xJaIxqA,28,London
Iw7X9BMu,47,London
fmxjc4nC,27,NY
VEYYhebx,57,London
Vo2EMrwX,57,London
mgtDZk07,47,NY
HHfGlAbj,25,NY
04zjJxwg,54,SF
TKoiuvtp,67,Berlin
joDaOaK5,60,Berlin
dr7e6yVf,57,Berlin
7B28bVPV,68,Berlin
akuOHohD,44,NY
zfoj8PNc,53,SF
kQT1u55L,61,SF
Eq0uqCce,69,Berlin
RZfXjyxf,27,NY
iHhIIwsD,20,London
m7UEc42E,62,NY
slxCmQ3p,31,Berlin
CQKtlDGE,41,NY
24gboHW0,55,London
pBSuNn4T,18,NY
x2Ywdym4,34,NY
1kueOWBb,34,London
8BZiAJr1,51,NY
Pad3ofFI,61,Berlin
tbOFR5Ma,37,NY
SQobSjRC,29,LA
747Gqynx,34,LA
YqpU8aIO,69,SF
poxf1tEo,69,NY
zb3Ee0sL,50,London
btDfD2HR,59,Berlin
YROY4pM1,58,London
ZeJQYCnN,48,Berlin
LFZYgud5,69,Berlin
Gr5Qi4Rl,63,LA
zmaQpXiJ,37,LA
lVqzkhz0,65,Berlin
3XE1IQoP,39,LA
PNtBF1OL,24,NY
GCuH9tRm,19,SF
0Y4ywY6h,53,NY
3bUT0yOD,66,Berlin
b6bUE5FI,23,NY
FMQ2tTis,29,Berlin
lbFsIkGr,32,Berlin
2z9g8DyR,46,NY
hK1gBfel,61,NY
os427bGK,59,NY
rstuJKUy,64,SF
mhu5ghxk,23,SF
Sa0yOjfo,68,London
HY9nER0E,59,NY
TULHbaGl,51,Berlin
DileQqzS,52,Berlin
jM3FH6Yh,53,LA
zVjo6VMU,60,LA
SoDit1rq,28,LA
NrKu2CYi,19,LA
xLrSPJ44,32,London
XgXrt60h,64,SF
P60rcusS,31,NY
LbSNYUDs,27,NY
QP1WHOZD,46,NY
NojmDiwp,29,Berlin
YAiNpnMV,48,London
RYQiAVXt,54,London
gcHPyLey,65,Berlin
zS2DQzBn,65,Berlin
ecBQrvjv,28,LA
1co9SWlE,24,NY
RMTpAQEE,36,LA
D2zbscbe,55,SF
VHv8qIAJ,47,Berlin
rBKpGPVa,54,NY
MTc4RarK,56,SF
4DscCHzY,28,London
kGL1Wena,68,SF
11hfodJx,62,LA
yhaLRBpK,26,SF
a3mrnXw1,47,London
Hwzt8Qxq,38,London
bxtCoAE4,60,LA
6vAhrm64,18,SF
GBv5AAkB,52,Berlin
aJtgnHmq,68,SF
kGrGabYb,64,LA
tORIChiH,47,Berlin
FydIhfAo,59,NY
rSeOiJJw,66,SF
iO30d1tw,41,SF
fIhXwnqS,39,London
uRfPYBLN,38,London
MiXGtqb4,27,NY
IKkaoqYP,56,SF
FwxSfYRn,55,London
lj0z6MKr,20,London
nZdnZi0z,48,NY
j7gOxEk2,21,SF
vVmF7tsE,21,London
DQ2kKmLT,30,LA
YzBHezg8,64,LA
ukXi3O0T,65,London
etdcuguj,66,London
AaGakrPf,42,LA
9WuSzjFD,39,SF
R33nrwkC,36,London
dsd7u7Ko,44,Berlin
tKbS656O,46,London
WzxhFKbb,46,SF
1itj1nLW,50,Berlin
Yx3KkW22,33,LA
y0cke5CC,51,LA
i6n9Bk5A,59,Berlin
hCV2kWbp,66,Berlin
GDqESP2r,22,LA
BxOVWM5l,47,LA
Dw4pBdHK,44,LA
amBLGdpd,49,SF
ASQi0vC3,44,LA
CeB9brbO,29,NY
0i6UdG5M,42,London
xiFj7b5b,33,Berlin
SGnZ6xKG,47,NY
bnbLwRFL,60,LA
qLRGl438,31,SF
H3SYTOIf,68,SF
FMwUosdc,65,Berlin
DoiHfaEy,44,LA
hfy1uRjH,29,Berlin
argiOnZE,58,London
9CIoMBdF,32,NY
MJgxumoN,24,NY
EBEtvkE8,51,NY
RkROburr,64,LA
p4Ud9Tqk,64,NY
wfvH3e4S,24,London
Ev70Dkuq,67,London
fW9dGSby,61,SF
BXJ5Cwiv,53,Berlin
2k6KGQkV,65,NY
mZva0IC2,20,NY
JOHmx0Cv,32,NY
FLXmKjoV,34,London
i1zBY4fH,41,LA
JHSC2gUS,56,SF
8xgkMh4d,23,Berlin
JxIhiFUS,49,London
SNXetvZv,47,LA
UbXzG5Jg,48,LA
hQFYtqYC,43,LA
xYey4LNK,48,London
8c8m14T6,25,London
dXaNirkT,22,LA
1iyfXFeG,50,NY
lpzsfzWB,63,SF
wCJIZpi4,26,London
q0ligFE6,48,London
Oc2Fimxc,49,Berlin
3j299mzj,44,LA
1nOVDdTu,67,NY
JET4OUEP,34,NY
FnMSsWsK,49,LA
j0mOFceF,50,London
wjPrd4tF,30,NY
0lxSzeEM,52,SF
iPvIIfcc,22,LA
eQKcHwg4,55,SF
OvbhMHrD,67,LA
O7cgKRwW,57,SF
sF03WnNU,36,NY
5KkniqHl,45,LA
HbnCmuAi,20,Berlin
PjK2a2Vp,62,London
RDuNEeZA,29,LA
05NIMP2K,64,NY
qt93Wp0y,68,NY
ymON2THG,45,Berlin
ufM99DPR,39,London
uqRJCQGK,47,Berlin
230KQvqM,42,SF
SA82x4Fv,61,SF
ioeMeK36,28,LA
jfSNNEZx,34,Berlin
PuXe9aj6,34,London
UZxwaonl,21,SF
2CW1Iwsb,67,Berlin
mBzviNCy,65,LA
jfn0Pi19,45,LA
oUN36J7Z,59,NY
BrPf1Wnr,38,SF
UtqPVHe2,62,SF
ymAPPM15,67,NY
DQYM0tUk,26,LA
oHYxU4Iy,65,LA
F9g21wuD,68,NY
qhGPDNEK,58,London
MK5nxDQc,51,Berlin
M6UTLib6,26,SF
Ofcphlu1,66,London
52FWT9UQ,46,Berlin
Zb9fF4Qo,32,NY
VrflimDd,26,London
2c1MAAqM,55,LA
MwhMZWFO,59,Berlin
WWbEijz0,27,NY
S4s6xb9G,41,SF
m4K2gMWz,58,Berlin
g0lOcd6T,46,Berlin
v9t73I1Y,53,Berlin
3zqMpUxd,65,London
yOTWPp7i,50,Berlin
B0ed0kD3,20,LA
BeFtNxML,60,London
HYuoMHku,30,London
x7kUT9bo,65,Berlin
T7spiqKK,38,London
HcCxssMP,66,LA
8Kafsa7P,30,NY
VYgFGN8N,41,LA
V1y9tRaC,39,LA
DSqVkvI5,39,SF
RsLwlhpn,64,London
hYLf5jNz,34,LA
yzQHOlzh,67,Berlin
0BBv2mfb,38,Berlin
S3zJiNQY,51,Berlin
WdtyXNSU,59,Berlin
UxYgWQqZ,45,London
Buu84fBW,40,SF
faBxacJl,22,SF
l5R9memi,37,LA
sf7bhl0z,33,Berlin
ewRPSdIM,25,SF
my3VJJwF,50,NY
YEwVvBmy,27,LA
V5nUAxo3,68,London
l6UJBBcw,18,NY
Bte0V0i2,29,Berlin
L6ExrX3R,59,LA
XELkQgO2,63,London
JVUm4YCw,68,SF
85lOmPGE,24,NY
S5KhepKE,62,NY
Ed33hrz9,52,Berlin
JCCPFFTz,67,SF
jXvHPR5x,26,LA
SYW4PnIE,39,London
cZLVvcM1,27,LA
2OBSbbqD,22,LA
HybOwfi8,37,Berlin
Ae6FUS3E,46,Berlin
CjKDqAGk,63,NY
dPtaMXUI,44,London
1Tfdbwp0,19,SF
cLi4X5xb,24,NY
Ue7Ys96r,57,Berlin
1WLsrsb5,58,SF
Ija0EVy3,62,SF
cq5kQ2Rv,33,SF
waXs1LI2,54,London
cGSLp1Yd,62,Berlin
Xotl4iTe,58,London
At2pvAII,55,SF
Tr5GHsOp,53,Berlin
UrgZEtIA,25,NY
mds5sDaQ,21,Berlin
gOCC572X,59,SF
pE8i8uCx,24,Berlin
G75L3XBb,28,NY
fPlFEtJl,54,SF
RbA9dSHf,19,Berlin
6jc9tDDu,32,London
2mkgpGoq,34,LA
rE8u0Hob,24,SF
4D1eyKmA,32,SF
LenvZ001,56,LA
X9DiTnSa,66,London
oCwCs5zt,32,SF
M2BFSbuO,44,LA
fBm40BO4,29,SF
4bOX3kZQ,35,Berlin
EtXBJRBR,48,LA
CYGsJzpv,44,LA
Dbwpmvxu,18,NY
8eHev802,61,LA
mcrrcGXh,22,SF
pMWrVJZr,66,Berlin
O02Sc0QV,57,NY
CqTCBMxO,67,London
1hClVE4e,30,LA
12PBdAsB,34,Berlin
71YLMe38,25,LA
9kdURJwA,22,Berlin
MMC3ZmHk,46,London
kVoudxsw,29,LA
uYZKCcZH,56,SF
a9f1lahK,23,LA
rfOlYQ7m,23,SF
BCMubZ1u,43,NY
GRNra0pQ,61,Berlin
CrY0utLL,62,LA
8IGdjmdi,37,Berlin
nkdehVGb,60,LA
DmTvfTbZ,36,Berlin
kUtk5gdo,33,SF
DWkUBJEz,42,SF
OxTSKCjL,36,Berlin
y9FH5N86,54,LA
E2maN1Dz,32,SF
cYUZsrBW,31,Berlin
VGK4oxRG,21,Berlin
CZtqDVk4,60,Berlin
Ngc2DqFi,27,LA
17qOeIEx,30,NY
LFqG0W0v,64,NY
1sUsGQKl,50,LA
Eh9hNyck,27,London
A1qbxm3v,49,Berlin
wyKwQHeq,21,LA
oAF6rzaQ,30,LA
JFf2rO7G,54,London
c9gqIOcP,37,NY
ElRRZg12,52,SF
O81wGfbt,30,London
tHBDsNCp,64,NY
HzsES4kL,55,Berlin
C9UdIvxp,45,Berlin
8VZsHs9E,23,NY
hEFwb07h,23,SF
fAGr8Hqa,37,NY
Wmx2VKjp,44,LA
eVhK399q,62,SF
UAPD7FNd,26,NY
yjSlyhpc,25,LA
Reftec6C,69,SF
a0ufCfsn,31,London
JKrI2I7d,30,London
VgKSe2aR,24,SF
bMedxdgt,66,Berlin
gJm3bXPh,67,NY
j7uyz4hc,64,LA
ITMG2vcg,63,NY
KWa9k2vh,53,SF
4WnE9YNU,52,LA
2RSau6A3,22,London
gx6ajsiV,48,SF
ARBKfFeW,67,Berlin
I2oc1v7E,28,SF
xUE7ePlk,49,SF
qCgroPur,29,NY
2HNkxLWe,18,Berlin
OdBcwcAZ,35,Berlin
EvUniRWF,55,LA
Ze9HUtR7,64,London
KyhaxpaQ,25,Berlin
ysAntJoI,35,LA
ZQnrqQjw,59,LA
COt4uKBz,32,LA
E6zauZLJ,41,LA
if6EOEJC,65,LA
ym8tCX5P,49,SF
ipbgQoUm,24,LA
pXMk9ZyF,25,LA
JipOSFEy,60,Berlin
Ezdn7LX9,61,LA
Um3nwAEI,27,NY
7Va7Aom8,39,London
1tgotnGm,57,LA
hLrrRGV1,56,SF
wSIJWlJe,64,NY
Bkx7qkuE,21,NY
330Sduty,46,SF
qtQvnmHR,60,Berlin
fMnzzrqa,56,Berlin
6ROS98v3,44,SF
72iWd97t,20,SF
SZJlbsGJ,38,London
1v5BTjBQ,24,SF
KKyAprNm,26,LA
K4wGw38c,24,NY
v1i5pvhF,31,LA
IsusU8i0,33,London
1LyxFo0w,56,Berlin
rn6dtVTr,52,LA
b27k6knI,32,London
wxM0wnVB,20,SF
7KGBIGRd,40,NY
5ZKI6mqr,19,NY
9MC5ErWA,50,SF
zO8qIAjC,64,LA
DG0gw8VE,36,LA
3wHznzPf,64,LA
nBjTGO04,23,NY
cGBhThJy,26,SF
BSvlQxMw,62,London
LbcKDUPg,35,Berlin
kjPbGfgN,60,LA
0RKvhdzs,69,LA
ihLoSMXg,62,London
iG7ySJdo,57,NY
PvNLQmMb,30,NY
ZROvGlXM,20,London
In66ICvO,45,London
ee2Ulknb,47,London
FHwy3HOO,30,LA
NqGN2RUs,45,Berlin
vwrntC54,47,SF
XA0uJB2g,18,London
dPbXBHpJ,36,London
kTuCWKTu,53,SF
lHCj8PZu,66,NY
9fti7Jb9,20,LA
12MOwvod,46,London
JuzHChav,37,SF
56ROtLkY,33,Berlin
I7OfJoUU,67,NY
mBrenvPm,19,LA
rrDbqSIs,37,Berlin
Eq6ekGK7,40,SF
XigFubJn,69,Berlin
Ki8qOrYe,57,London
c65Pv9Rs,59,Berlin
KmJL1sq5,61,London
4hHinppM,64,LA
lKD1M8Og,53,LA
5w0003Lx,62,Berlin
FsvXPCda,51,London
eMYd381L,63,Berlin
xLCn2XeI,18,NY
GnAcllxs,56,SF
pkDmUaWk,65,London
QtfCP2Le,57,LA
LWBLv8dL,54,LA
43hY7o8W,67,LA
hy6KsON0,38,London
GtFszOzo,25,London
s6uhPxEi,24,Berlin
ZuEZg1TS,28,London
r4V0p36b,24,NY
xgt2c1Y2,24,Berlin
QFSPteRC,32,London
ZV0GIlAv,55,Berlin
wCNMCvEi,53,SF
2NG9ngjh,55,NY
pdgVJyhK,27,SF
RxkU6bdr,27,London
CtEulN89,61,LA
O1suKyoR,27,Berlin
dUTiCDDB,52,NY
R1RUVlpj,29,Berlin
dkhTmWIu,32,London
q2VpAW27,50,London
4FltKr8V,28,Berlin
TxVfUMI6,57,London
hXJ3h7yL,48,London
zz8togrg,51,SF
GE1qlAP6,65,LA
RC4I4WUz,60,LA
iezLRFKy,22,LA
gajo296K,41,Berlin
fb4WKRk9,23,SF
4T3uQyfk,25,London
m2JSyMCf,34,NY
56zb9pvX,18,SF
CAmpMVXu,39,Berlin
4razNOLQ,40,NY
EwSZSOZ3,27,LA
U6mTbHl6,64,NY
vE4wTlU4,34,London
OL6rLFfv,52,LA
V96aEviM,34,Berlin
F6TZ6s9h,28,SF
G6OjPAfN,62,SF
QrL7fH3I,63,LA
rOU7yubg,50,SF
y8GkEdPa,52,LA
kr0BNP21,62,Berlin
CtQEUIUN,61,SF
uFxNqXvr,69,Berlin
YNVppIqG,19,London
kUDAMpyj,62,NY
GZ03If6R,53,LA
RKHTBsLr,27,SF
4GvSp3cu,32,London
crnHQX4z,48,NY
F38FXCrn,24,Berlin
Tsbb8jON,49,London
eEyyaHYF,68,Berlin
vBCM7Hjq,57,NY
5rlE6yAX,65,London
z9srOEb5,42,Berlin
X5umQs2g,47,SF
F98iFX8e,57,London
5kFyL8bg,64,NY
EzCdYQAw,64,NY
DSURWVnV,28,NY
0U3F99OI,22,SF
QuFj3xnz,56,NY
UrrB1nX7,39,Berlin
UvWNjiL9,26,SF
lXDfZ5ol,60,LA
UFAnEpWo,20,London
FNEyXrAD,65,SF
7sUWWp0w,26,SF
gOGwooTB,38,NY
LbdvuNHZ,21,London
YT5vYVPv,51,Berlin
WD1VAVRo,45,Berlin
qcpJyHxc,63,NY
vBxenKDj,45,SF
z0ZnuGWf,66,NY
cCKGTEBl,69,London
meQMoNEZ,46,London
g2tYQhBR,65,LA
toXl200b,58,NY
pmbWWJVL,49,London
dF2Bxq8y,38,London
3ZLQwjyd,31,Berlin
8GelQbdn,47,Berlin
7aNO76cI,20,LA
3qfvA26h,29,Berlin
8fS7eKe0,51,London
nvtqIE02,60,Berlin
lYZ15dRF,19,NY
sRzG5G2N,23,Berlin
f92rKE7U,54,London
qof7lSn0,64,LA
0e4B4ba3,63,SF
Th5sbCah,48,NY
zRU6wx42,52,Berlin
Ut7Pw2Yc,58,NY
7GDkrcoB,22,NY
8W2kTa8j,60,SF
ZW2X9ZXU,36,Berlin
qdU8IINN,25,SF
7ibJM5gz,49,London
EqfX1D0C,26,SF
mU4CK6ED,67,SF
WlU2VX3t,59,SF
DIhmGRYA,38,SF
LtdczYca,51,SF
yEktXIeL,31,NY
nArRUXRP,51,SF
l0Z9VXlc,28,LA
zA6ypang,48,Berlin
9K7687ox,52,SF
4m8pScce,56,NY
07ljOohG,49,Berlin
a5skgefF,65,SF
6czhXMGb,26,NY
yMkcuEeI,50,Berlin
BLXZNZ2K,24,Berlin
YA6WquFi,27,SF
EIvx4vHh,60,NY
2YtWrCSV,49,NY
LZrsM6bV,29,LA
JT2p0ASQ,51,Berlin
KgDcdiWZ,38,LA
z5m4e2Gr,43,LA
zwNrdRIn,42,SF
Ga1aJvvP,19,Berlin
GY1YVvUv,65,Berlin
XOOPp6gY,36,LA
iJD6GH68,65,LA
Ed6Aj1bM,28,LA
CzYv1Wef,42,LA
mUTy0d6R,35,LA
ARtHPNk3,59,London
LHEkaw9r,54,NY
6Ng0GKp0,56,NY
TxHfPP9t,21,SF
FoKgyAJ8,40,London
JHEv2Gg6,67,London
HcDuS5hb,62,Berlin
or9JKyxp,58,SF
MTdOaT6f,52,Berlin
APJ0yQwG,69,LA
4DuGUZyg,31,Berlin
V9k7Nv4D,23,LA
HY76caK7,53,SF
qTEa5nVt,34,LA
OH0x1AAU,48,Berlin
IJAwn8Rz,31,Berlin
FJ5xidCg,34,LA
J5bCOboj,58,LA
T8rlEibY,38,Berlin
M07jFVeU,41,SF
extwZ4x1,34,London
eCQdFD2F,67,NY
te8tqr8A,26,NY
EVZS6Mvh,58,London
ip0O1vEd,57,Berlin
oK3akeRI,29,London
yKFzCfvx,41,LA
18RWRmcD,31,LA
OPPd0MS2,50,Berlin
A3ti08lt,28,LA
kZtG5Hzh,33,NY
OWU9zBEU,48,LA
bRTNIiSW,31,NY
rMpel7Or,60,SF
4DeVnqF6,22,London
HyU361d4,23,Berlin
BuN5spcg,18,SF
olPbQneF,34,London
Z7H7lbL9,60,Berlin
DOX1yQf0,64,London
cZUySDuM,45,SF
tjNFvQw6,55,LA
pH2aPG55,66,NY
DNiNTiZc,33,NY
QE4B3bAH,20,NY
6aDgSHsl,30,Berlin
wEUPJbU3,22,LA
OZOLqiiA,47,SF
x4PJCJLw,24,SF
g5whkmXp,26,LA
cq9VqLbq,60,Berlin
dpybqzju,25,London
pZi89OYF,67,London
TlZRnrEc,22,SF
zyh7zElq,20,NY
5mFleMfh,64,London
pnx98d6A,24,SF
1GddkuC9,33,LA
PEdhvefT,18,NY
hNUxrVFA,24,London
NSbdulOT,47,London
s9dIu9LW,69,Berlin
spOOc8lt,30,Berlin
cseaeotz,61,London
ICOF84Dd,22,London
NEkVTRJQ,46,LA
Eeye7tVl,30,Berlin
3kav1UMq,18,NY
Fk2yptDt,36,LA
YHKGIYds,63,London
ZN2kDO4a,27,SF
F15cFiZH,42,Berlin
7e0gD1FK,43,LA
TZ1sH4r8,44,NY
YAggtG78,64,Berlin
nKCEGdK4,42,SF
5cDvH7yt,64,Berlin
fOkZcxeT,50,SF
iJB48eSG,52,SF
zThJCaUw,36,LA
OVQgbmx8,21,NY
ch7t4P94,19,NY
YJqAtwi5,26,Berlin
TzGfPPfL,51,Berlin
kzPbrL1K,31,London
hhz27UPI,46,London
wbOCUE5y,42,SF
136po4Co,44,SF
y6IpiFtd,56,LA
12W7iFdi,19,SF
dfYy9qYK,43,SF
vdA1VCoR,64,LA
4r1WIBLw,65,London
NS97sdFt,47,SF
UWfDsMmN,25,Berlin
Y4BbTC2u,44,NY
p7edlwnk,31,NY
cIuEIQUh,28,LA
fq3LG8J0,30,SF
w73hC5OE,65,SF
d4CuiVTQ,59,LA
KmmcEr3a,59,London
f7ksjsI4,46,LA
0o6UcNKw,56,Berlin
G0u9wJB9,32,London
iGj7aWjH,43,LA
RR9L8Qam,37,Berlin
iITRiYgA,62,Berlin
Xv31VPW3,21,LA
X0ePvDyT,36,Berlin
keuSQkPQ,30,London
fUM5cQZK,41,London
hw0hkQc6,27,London
0UHQXUEq,29,London
oeCv4tWH,55,NY
eEjqpW0B,68,NY
GOEXZCrC,24,LA
5EPC090g,51,NY
4BYC1Sxa,57,London
vLhvJOQM,35,Berlin
ulbvhc8T,30,London
cF5M5YQN,43,SF
DKOLqtxZ,67,LA
MHChWZyd,49,SF
9vTtknyc,49,SF
gxhTmzSZ,25,London
IUv1BxJI,57,SF
vN3UjFp0,27,NY
ksPTwwhu,42,Berlin
z8iQU2qF,33,LA
eQwMPoWD,51,NY
6V2s4mPm,59,LA
0zGQcRt2,48,London
qub0mOzO,58,London
rx2dJtNm,26,London
BCRrbkYd,34,SF
jw7RuoQg,29,LA
bEe1WUTp,52,LA
YV2EmwAz,59,London
1VUypI6J,24,SF
uZ2cN2He,33,London
xN5gCZPo,51,SF
R71Fk1lL,52,LA
ar7YBLcr,42,LA
IJav2pxs,54,London
uEVEtlIq,66,NY
76xjlebZ,20,SF
OPpwF2wr,69,NY
pJcsFeFS,26,London
XJyK9rXC,36,LA
5t2cuakM,35,London
2UjNZRGd,69,LA
YLzOQhnM,47,London
iwv7nCNQ,37,LA
IjxhEkIB,33,London
Vc6yegYP,64,Berlin
AmF0OzaB,37,Berlin
nnnrueRH,34,Berlin
BzxH0V3Z,54,London
tEMlSVmg,37,NY
HZsdv6ed,29,SF
FGhZZJkK,53,London
zJ3Bqs9r,54,NY
pNB6q9S1,46,Berlin
Tr1uMwBR,36,NY
IUD9XE2x,56,London
iOSKTZA4,52,NY
m9MKWE4t,58,London
nlYNGm2R,19,NY
VtlK6Pg5,35,NY
wtnwKa0o,69,SF
iL89IB7r,26,Berlin
dzRIaoY5,42,Berlin
U8qCB92X,45,Berlin
Rm20PBD4,46,Berlin
z9MW4hOo,20,NY
I1fdyFXy,64,London
LyW6q9Lq,39,SF
URZY0A1y,61,NY
KV3ZW41p,37,Berlin
1YtjnW28,27,LA
Tpljni1T,49,London
pNBteHY1,43,Berlin
UB0kiINX,29,LA
SezGtg9N,34,London
4ueedQL7,55,LA
00vL9H4K,68,London
qTfAaXGO,23,Berlin
ysLPp1O5,38,NY
fbj8Rgv3,58,NY
9WQwV5sc,63,Berlin
mqsCenAu,45,London
GW6dx3Cr,58,NY
sIPcE19V,47,London
A8CLSDlG,31,Berlin
wz5GFpbS,29,LA
xyMI8cn9,55,NY
GN3qAzpB,50,Berlin
6HYcHYKe,37,NY
TEZ6cM37,61,LA
Uj7sxphz,53,Berlin
Ki8ndXHM,31,Berlin
NzMfLI95,52,London
0ZRpsGih,32,SF
lLWXeNNQ,48,NY
V6c3VIk8,19,LA
PmVgxVwF,50,NY
ww1Q5NIF,25,SF
8elfejj3,23,LA
cTPGJlaB,24,LA
dPevR6rE,66,NY
eZCYlxRA,50,LA
crsJMfer,37,NY
HBZxRNxp,38,Berlin
yfu7p1sK,57,London
OwKcLFVd,36,SF
ZYwL59Cg,50,Berlin
oO0SMo7T,64,SF
2t8W8mIv,32,London
9WJRPeOk,45,SF
YwWfj3UK,44,NY
9wis0EKK,36,LA
2ZCzwSzr,18,NY
iQlsSI3b,60,NY
BsvIUqoG,46,LA
DMlklz2z,44,LA
Ec0TtO0V,33,LA
B6JZ4FN1,19,SF
nTMSTACx,25,NY
sfu6q4U0,44,SF
lhO38rML,49,London
aHh2DfE0,19,NY
0PHdyXYk,21,SF
JnKyHyFh,69,London
qpig9mVT,24,SF
4JkaUmRR,18,SF
l4vIBtQs,60,LA
WjdyyAVo,65,LA
yootGUnz,39,London
ati7v3yP,25,LA
TDT66V48,54,NY
qQTXcJax,32,Berlin
wsDPAvfr,28,LA
T6vmhXxr,44,NY
wC96QF4H,56,London
1uSVkxih,59,NY
sPGWk1EQ,46,NY
j5hh9Lt1,35,London
pqORT61D,39,NY
yxdu0n2n,56,London
fqDJjjOy,43,LA
pwWV5PeP,19,NY
aeXTaKwW,51,SF
hywaiST0,30,Berlin
kHD2kstt,51,NY
IHPHwxFO,22,London
LCLOmccZ,67,LA
rPkc2Uie,48,LA
iUai8XLA,42,London
GkOYnSZE,22,LA
mhw6qlID,20,NY
rLp4BSwf,67,LA
MeuyKxsz,24,London
lLeO8SWM,20,London
8bjfqvtQ,63,London
l0l2k9SD,45,NY
jpNbHXRX,21,SF
4hUv5jsZ,24,Berlin
qGj611vp,47,SF
hKl1eE34,27,Berlin
6VkX9jP4,26,Berlin
bQ7ic81C,30,NY
Bra2VFn1,67,SF
GUdphKdt,35,Berlin
bCTYRSV9,51,NY
THBpry4C,49,LA
MiGpbgxa,39,SF
xmUnxSex,58,London
yD0rlgWo,55,NY
jZgQq1cw,69,LA
ymqmYpGn,34,London
KQVNQTAs,62,NY
LrB4fc5R,48,Berlin
8yAd3JKm,29,NY
MODJg93A,36,NY
CiQunIJo,39,SF
rRebguH6,53,Berlin
gYyeiFfv,43,Berlin
aAx8CfGY,65,SF
uo96dUyX,39,London
3HmnpVOA,64,SF
xmTtUMG4,55,London
5tnd3nAI,52,SF
EebWZJpj,49,SF
P1HQf56z,25,Berlin
5UJq7Nfx,65,London
fA5ptk2v,36,LA
ZvIP7zHn,60,LA
qg7EZyUp,43,London
UECnLflr,25,Berlin
xdBFLusS,38,LA
2iXQMa68,54,NY
mpDsVwkz,42,London
6iwn6we2,31,SF
bgrCCdTh,19,SF
8luAu4PX,24,NY
YwJNbKla,61,SF
PBKkTS1U,28,SF
m5Upb2FL,30,NY
P5tnkdY3,66,Berlin
NUMnzMVy,65,NY
p1wxJaTN,63,SF
cOgQHKTq,31,LA
c9PP0l1Q,32,London
6z5rvRtS,66,SF
KOZYC3Zv,20,London
6mFheI4h,49,LA
IDpFR6jV,49,London
7D3PknbS,24,Berlin
2FY7043c,48,SF
TEbYgEHD,68,London
O6L4SgKy,30,Berlin
gKEufYme,45,LA
DMaZErss,48,NY
aO1jCsq3,39,Berlin
NGrujevL,46,SF
2vtQsxik,39,SF
UQTptwiA,50,LA
wKxvTfom,48,Berlin
tzH6E6Nz,30,Berlin
ZhNsKvdf,66,Berlin
EPGZjIaf,33,SF
lKwxApnB,54,London
oEqDVv7A,27,NY
X0rDZ7Cf,20,LA
Q7IFshdz,35,Berlin
SkJE1RHz,25,LA
3XSu3xYD,57,NY
3VuQtvpF,23,LA
mJwHJcEb,29,London
bZFVeZ5B,41,London
AevuuAQB,69,Berlin
7d20IY3F,26,Berlin
S2OBC4pS,47,Berlin
yCctl5B5,68,LA
tE1IhART,36,LA
g6UUKmwD,69,Berlin
OuCciWaq,26,SF
CEFFpeyt,28,NY
hHtziwou,68,London
UgyzPMnL,44,NY
ZQ56yvWj,44,Berlin
VVCNNIAq,46,Berlin
VWO0SufI,54,London
9wi14RiF,24,LA
eaH4ZJEt,32,London
qf5KfZNh,63,London
aCVMWgNR,52,NY
vT65Plix,28,SF
Y6mSQXPn,40,SF
2OGgfcw3,21,London
e0Oho4Ao,20,Berlin
TPVCrcfm,63,London
5KyDNtqG,37,London
GzgIukJq,33,SF
JKapf9rx,19,Berlin
lSZmNLzb,33,Berlin
zfiSCcH0,57,SF
4lr7a6AA,48,NY
siaspFWH,19,London
rB2tcKM4,56,NY
b84HPNzV,39,Berlin
WfGzVhf6,46,LA
UNZUVAlF,27,NY
uc7r1RkU,59,SF
pIVXNKcO,42,LA
xjGKOrS8,65,NY
UVsh5k1a,64,NY
cWhEZUiA,62,LA
VqTwXPgt,47,Berlin
LUu3FB4t,65,NY
aJfuArIA,18,NY
Ex5JID9t,19,SF
Tt8UBStS,39,Berlin
M8zYIdZB,65,SF
UCM7O6Ib,27,NY
F7viEQQb,40,SF
ZM2D8gDt,41,NY
TcTXII46,37,NY
ayrp1sAW,52,Berlin
S7DpHrWl,21,LA
3gqkPq8D,61,London
EY87PpPP,57,LA
3CcqntiB,52,London
LXU48UGy,69,London
rnebXXdv,65,Berlin
KjxXGFmC,67,LA
ByxZkVwl,57,NY
OfiQvkZJ,66,London
ZZz2wwGr,35,NY
KKGruhTy,46,London
SvG2UEyx,42,Berlin
TOunB4ep,39,Berlin
VmhUjN4m,44,NY
6HbDoOJI,56,SF
YElOgRME,48,NY
4AutYJ8s,40,London
ALtB4Hev,58,NY
t7iZVI6z,40,NY
06ZAzy1R,30,LA
tfZFA7aj,49,London
mVLe29Pv,57,London
44UsduXG,42,SF
hPBR0mqO,26,London
uM4AcZ0c,56,SF
uriLQ6Wp,60,LA
fXHf84gy,58,NY
NlLJyVC8,37,Berlin
R1VeOmvs,41,Berlin
Dftf3mcF,33,London
4XZDPEjt,49,LA
W1nRGan2,65,London
VvEzu6IT,58,LA
FAtuYbAa,66,Berlin
9kDiDBgy,50,NY
Q3ev7f0i,57,SF
ShXg3VC4,33,NY
Ca26pwq0,66,LA
xyLve65u,34,NY
QG7Duaoq,57,SF
xu09MxMz,59,LA
LsPmGADO,44,London
iPnW1nCd,24,LA
0wddYe1N,37,LA
rnQNsMJt,37,NY
fpQVyJsA,24,LA
ISXCnAge,64,NY
WWXCH45h,35,NY
4jwtPgyA,65,NY
PC0Q31Ib,47,SF
sXBXsEhs,52,London
fQbaKudh,19,SF
QL9wd9fz,32,London
SnfS3Jen,46,Berlin
svCKDFC3,56,LA
bcyPdNei,28,SF
PMEqHxhh,42,NY
c8x7jwom,18,SF
XVbpBXWr,29,Berlin
HZPQeG18,40,Berlin
StmxlKbO,20,SF
yNpaWreD,45,SF
iyAFPucS,54,SF
mqTYFWuP,67,NY
iRdHx1zc,53,LA
zXpy9mcR,27,London
jKpR6XVc,33,NY
138uvOMT,68,London
xslgbJOq,27,LA
IaJ4guSC,51,LA
5oiDTJzc,69,London
V99BKb3u,20,SF
mmKbFxk9,20,London
HZPXFoKa,30,LA
Pj3jN4AC,37,LA
cs1cQlv1,21,Berlin
zDmSjbM5,36,NY
OLaZ7eXD,52,Berlin
Dekh1yiT,25,London
afuVieYc,41,London
xSVHtFnV,64,LA
hYJfGtEL,67,Berlin
x83VlvPf,41,London
askdzveF,18,LA
W0Rh4GSF,58,London
jw7omr23,52,London
4Dpul17A,51,Berlin
lbM3E2pT,56,NY
COeDP9yj,51,London
TWNvqhvY,46,SF
vxs4hZfn,62,London
4uQUJdRM,23,LA
J3VzfVRc,53,Berlin
ca1Tddm6,22,London
8rAFMMup,25,NY
Edx3DArO,68,LA
XmCvhVKz,35,SF
GFGtEpoU,25,Berlin
Uu0NJVK2,65,LA
5GVe2CZf,26,Berlin
iAlegYg2,45,Berlin
nJnUIfM8,33,SF
sadvpEdm,53,London
40qTRPf1,64,London
BtmvKJs4,58,NY
84HiPBze,24,SF
IoXzZ0p5,50,London
AFOaenv4,47,Berlin
g4KF9IOY,38,Berlin
7YbZw1sU,68,LA
pxo6ljGN,41,London
s3HkUXSa,33,LA
jpAvYnW5,44,Berlin
slAXbQbD,33,NY
eeLM33QY,64,NY
m4l9LOSz,63,NY
JgVeCERM,20,NY
1L50Xq36,45,Berlin
ufFFPMP2,37,London
8WDJjAdA,56,SF
NJ9w8aXP,27,LA
z78DKBey,43,LA
qWXzNnXr,18,SF
UIHzCYLv,69,SF
pQZw0qqS,38,NY
KDUyOlp9,29,SF
tCSDKoi4,25,NY
syymuHk6,49,SF
daLxLE4Y,63,LA
7pZNCiG1,68,London
I2hgizs2,48,LA
uLdbtHSu,61,Berlin
VDuNfVpU,33,LA
Jfnz0elk,49,Berlin
DssQWseP,56,NY
swIZn2KY,33,London
pbxUHPZV,46,LA
kXeHlCWa,33,London
F95nkpba,63,Berlin
6BYuxoo7,24,LA
ewlL5qAr,61,London
li1eZQnI,47,SF
aXlJuBNo,29,NY
LgVjGaIn,23,Berlin
6ZVypJTU,67,SF
G3WvFePv,56,NY
KjW2Kxcp,52,SF
BN2M8Qoy,65,SF
XV8RpTxK,20,NY
uW4piEEJ,46,SF
P5hcqnSq,23,Berlin
nAuSmq5v,48,SF
y34jvSGD,33,SF
XJvittQC,24,SF
kc5LqT6P,45,London
JrQroLaw,57,LA
DWnhgNqw,49,LA
v12zwjL7,28,Berlin
0zKnnjRO,58,SF
KnbugDQj,32,Berlin
RPyWZJ8u,49,London
ebd5hIbs,47,NY
OkmOTq5m,43,LA
q1KlS1Br,19,NY
TaIDzBnw,67,NY
tRxhb6E5,52,LA
Gv81pkSU,36,NY
Nz4va88L,57,SF
FYdXJvrW,57,LA
6F8vFTPo,59,SF
Pk8Ivav4,50,LA
B1Rwop02,32,SF
FxoxyGTY,55,SF
DE9Wn8s6,62,Berlin
lr2xR02d,45,London
VKjhx5D1,38,Berlin
qcZ4k0du,64,NY
gbUZDxnv,57,Berlin
cSYqCUk8,65,LA
M8xAvy21,52,LA
EvPdrW6L,43,Berlin
286yNDOF,55,London
nje0h3bw,64,Berlin
paG7dWUc,54,London
qyxODwZu,27,NY
1TaptS8j,46,SF
f7nRC0wz,58,London
4ALExK0P,18,London
zoiTpObP,64,NY
OJRXRbdc,48,SF
7sxkZWwY,34,London
354Uzubb,51,NY
TGXun6Rh,36,Berlin
rzFb0Fcl,28,SF
HkxRia2c,46,London
Jf7B7RQF,55,NY
ZKKse8fX,41,London
WGxtN6V9,51,London
RES1sGkn,18,London
S9hmu1bl,45,LA
KlTY2pE0,46,LA
CN9NnOJl,68,LA
pB0lNjji,65,London
WKU59xt8,59,SF
FzdUZcxs,33,LA
HtyQzKBJ,60,SF
MuMlR3yT,46,NY
0pZ41Y8s,19,London
pYH1xSiB,20,London
K2zVfj1I,65,LA
EJvVg3iP,43,SF
bsvq8W6C,56,LA
2GHUKHqh,68,London
hVO5ykrj,55,LA
uRvfqsr8,27,London
5w5n6c6G,23,NY
XBNJZava,45,LA
SuU7A8Qw,58,NY
HMclWckA,40,NY
4ZOuvWvo,67,NY
VAxVuMTR,18,LA
Bc6Ru65b,44,NY
WgFWN9eV,56,NY
nAoDn2sv,56,Berlin
LzDCJCeA,28,Berlin
Qi6ugfJ2,32,NY
kTIJ0AII,22,Berlin
XgvQKcy3,45,London
6rha7t4u,57,London
oQjQhD4Z,33,London
4HCDp4dW,53,London
VvKYb1cS,55,SF
hlelNGgR,39,SF
A4xApFfT,64,NY
YzhRAqju,39,LA
cNO3ZtYW,40,SF
mRVSa0r9,30,Berlin
XrhUp96x,50,NY
2fKsVXup,24,NY
lYsBuq1Q,42,Berlin
WOLvqb3I,22,SF
OBfbYMEA,60,LA
m21cLn6i,37,London
K6uPNksE,61,NY
mIxkh0UM,33,LA
DUONXJvo,56,LA
OOiqQcbn,60,Berlin
J2jB53p6,40,SF
x2nPl7ZI,53,SF
lHS9ORMU,69,Berlin
FYCUf62c,32,SF
JWYtNygH,57,London
E909VDdH,57,LA
3XnkGXXF,25,SF
smu5fNsJ,69,LA
L0VeolW6,53,Berlin
86ffM1nS,32,LA
PFtqZ7Xt,25,NY
ltqsBbc5,40,SF
JgNVlR4H,58,Berlin
bryWSVD1,68,Berlin
TURjTXY7,30,London
XypatPOv,28,NY
ycOQtgKH,60,SF
nFUQ4KPO,64,Berlin
wKlFkXhR,50,Berlin
sqAhcYSL,24,SF
kf8j7NyC,37,LA
GRfFGTMP,63,NY
3uqGutq1,52,London
Wh8KmZWf,39,Berlin
s5xuY78I,54,LA
WfPANDyO,59,LA
Ziyc8h7v,53,LA
sP8OUknX,68,LA
wov9SMIG,62,NY
zjCQoYjZ,69,NY
Eww5RH6w,27,London
cHWa4Itf,42,LA
XE8AH5zY,19,LA
DQ489JiK,19,SF
UlDWaaGX,27,Berlin
gzJ3enA5,59,LA
hcHZPh66,55,London
JJLNLqwu,28,NY
yDpw0pc1,25,LA
fr6XcpwC,18,NY
BNxygUya,53,NY
WHN7b302,22,Berlin
VUps7gOM,37,LA
79UotoU2,25,SF
TsUOLO9R,57,NY
QW7ysJzf,63,NY
6Atx8rBK,28,Berlin
eRbr8Wkf,36,Berlin
twpjvSTH,30,SF
BKVlfDyv,30,NY
lKYzChSo,31,NY
TczXEQPA,52,LA
dda6OXiq,64,Berlin
ee8YU9Ww,49,London
Dm6hACbN,60,LA
aNwyreDQ,67,London
1QRUSgrf,52,SF
PVKJyBka,30,NY
jYPuM6ew,20,LA
hSR2KGS7,35,NY
sNGBVVpT,69,London
LaGPKXbQ,34,NY
NlFUNA6f,25,Berlin
5rOF0eEU,30,Berlin
wwahAESd,21,LA
cSSCpE1n,28,NY
5IV5vJn4,46,London
XPsdwQAp,31,Berlin
fTdRgOdk,52,Berlin
cvnkXQ6p,57,LA
QYcSr2Vv,53,NY
G9G6gMkX,33,NY
o2uxPIKW,18,LA
Hnmog5yN,42,SF
YuLlyabW,45,NY
cV12jjW7,53,LA
Bj6QkpAL,38,LA
oNGh9ynO,31,NY
WRbvLyXY,38,London
xpX3RFUq,56,SF
I1XbUMBG,25,LA
o6U9xomp,26,LA
x66xAwwm,63,LA
VCIYS6Q3,66,SF
HuZCIgMh,64,SF
7lT59iEY,54,LA
lSeNLbxq,54,Berlin
dixEEHvd,41,NY
b6uU7pBL,29,London
EkDT8XQJ,62,SF
OwYbjRtV,40,Berlin
MMLzrdmL,63,LA
zdc73so1,47,London
SJLDPzRa,35,Berlin
17uYzdIY,61,LA
CLvxxzrf,43,Berlin
UbETih6q,30,LA
AaqyeQeB,64,NY
gDVDC4jo,50,Berlin
qMPcoOrb,45,SF
6bNo1nBw,60,NY
MsvnlGaJ,31,London
Nf6pZ6U7,54,SF
jZ5MO0tH,52,SF
tYYMPFKq,34,London
C5q67BB2,45,Berlin
zkomeu2X,52,LA
6RTZsDtA,48,Berlin
45Q0UJm1,69,Berlin
ud9Av8CV,32,LA
YqP4Vscq,31,London
zoxnRZRu,44,NY
OisD7eXc,56,London
9kNw5CIY,48,LA
t47Wu1xr,52,SF
UeH251Do,20,Berlin
GG1j75Ei,52,Berlin
wDLLsFrN,58,NY
mQskFJos,19,London
leEASnSt,51,Berlin
rmxE1E5U,64,London
9hGkxk2D,41,Berlin
WaJslJKi,45,London
i05KdoGO,23,NY
KBrbgl8W,61,London
x4uGxcNw,46,SF
gtdbnrHF,20,LA
hgo2W9Ig,33,London
gu1zIK2f,32,SF
xUe6N20E,36,SF
m0kbNpyr,45,LA
OKdtNDG5,41,Berlin
Cbxbx5qD,56,Berlin
8P2uqin7,41,London
edSt4YMb,35,NY
zWKqvq0W,32,Berlin
sfEhv3cN,38,SF
x22MYHhl,60,Berlin
lNv0nJBX,64,London
mDysPgKw,36,LA
nUR7tz4m,28,London
nRpWlhSa,65,Berlin
lZdAhyIh,61,London
qhkHRjAZ,31,LA
jrxxviix,54,Berlin
tBESgANV,50,LA
lTKi842f,33,NY
dWBKQfxV,62,NY
ID5eqYKk,28,SF
XuglhQxZ,53,Berlin
mPnNvsCl,39,Berlin
oSAxl41e,23,NY
Yi9YYvsv,51,SF
d1Gtstd5,44,London
UsjTPoGY,24,NY
Tw9sh2b9,23,SF
y6pGeI5V,29,London
i1pKMG41,34,NY
QOmTRJb7,26,NY
ox7mSWzd,60,SF
qiYiwCC9,35,Berlin
6DKFh690,24,Berlin
RNzq609Y,67,LA
MhyQ2vTi,21,Berlin
NQDYo4O3,51,Berlin
zIfJTgeT,23,Berlin
vhFELbP7,55,LA
1OpH2HSX,29,SF
aiD4N2zk,33,NY
psBsUJ5k,36,SF
v5tnbe46,24,NY
Mdl4dhZI,47,NY
iTvt3czS,53,London
ZkT9z8wm,23,Berlin
HdbxYtrX,34,NY
lPLy9qa9,28,SF
zw8P0v5I,66,LA
8nptqHst,55,SF
QM31n2ei,23,SF
BJLJJWD7,54,NY
QWn8O6Yh,66,Berlin
Tjyvmfzt,51,London
ZBhADhxb,23,NY
JN5yl3iA,27,SF
gIxrAJjq,22,NY
D5ZW2eGl,63,London
jszb5MOd,64,LA
sa0th7iw,64,SF
QZpJ7chN,24,LA
peH66UKh,67,London
pOhyYSlO,24,LA
yeLo4D6r,58,LA
Tk9U1prg,51,London
sGvKzKAf,54,Berlin
LbDQTM4a,24,London
fGGIgDUj,47,SF
fTFR0Xjl,45,NY
cyRfxfr1,37,Berlin
Yal45VD5,53,London
JDyVlTbO,22,NY
iqJCwesf,21,London
QdQ3Qb0n,55,London
1aaDgkZs,53,NY
SBqLfDEA,64,Berlin
jIHniDIy,25,London
aONpeNke,46,NY
8gVgAPw6,24,NY
Z8wmYm6U,68,NY
FkaCbnJV,69,NY
aMQ5PxOf,42,LA
iuuHLWJa,49,London
AIcOUNnV,36,Berlin
2hlIffnf,33,LA
9FioSUl2,62,London
vvzve2p9,22,NY
5uhkXmVJ,64,LA
YSb6FgAW,59,NY
QF5Plag9,21,SF
9OFqQ0GH,56,Berlin
IXStaimO,24,Berlin
OPtRmrHB,50,SF
lBzfY0xZ,55,SF
Yr5TFjb8,68,SF
GyrgtMSc,68,Berlin
hIiKidJl,32,NY
yyjttEe0,53,London
ZV4LONv8,59,NY
gRZHAfu3,68,SF
wZCjsiSj,35,Berlin
aHunmGmu,52,London
DqPfR0Ip,41,London
ryQLJ57O,36,Berlin
A8LGogzB,63,Berlin
rKq8xHS9,61,NY
RgYavyFL,58,Berlin
9283Qh4A,28,SF
gtxAqjj0,57,Berlin
P6zoC66p,51,Berlin
hMwJRRS3,32,SF
qUXUXLVi,66,London
7kMyFGYu,60,Berlin
3iNOACRs,22,NY
EXqzmz5F,45,London
DEMwuecW,36,NY
LI4bDBWb,25,LA
NG1qqfZ7,21,SF
0eEQCA15,50,NY
594kOFtn,67,LA
4IUZzHT8,35,Berlin
pkbkHR3V,35,Berlin
sLXs7qXH,50,SF
cVdLOTB0,38,NY
qdaqyTP8,39,LA
uLqCPXOh,39,Berlin
WVWMFlKc,18,London
SH2mxGqA,29,LA
aUnB7A03,18,SF
sL1Hd4hS,49,Berlin
6PUJ3QlO,52,SF
WhwregT8,44,Berlin
I6DLuqAW,44,NY
W45XIlUF,46,Berlin
SnPOrg7E,29,NY
u79danI9,42,LA
6fwvMMvd,64,LA
wwzBXiIK,19,SF
VnknaI6K,58,SF
ZMPHjXnX,51,Berlin
t9kc0Sun,25,London
KJS6UnZv,42,SF
WdMfZ3CK,34,SF
zbBx8rAc,45,London
XzB6Sg1D,18,London
Gx9N4oui,43,Berlin
wVdkSZ1s,32,SF
lh0ti8zZ,63,LA
hCT3t6tI,21,London
ahL3hE0H,23,Berlin
FNeoiVCU,33,SF
CAHFdecF,24,Berlin
K51pM68X,62,SF
y6a9W3Wc,42,LA
jk5MGsei,25,London
nj22U2u4,36,SF
4V1dtdbS,39,NY
Shaor05g,46,Berlin
mRifIzVM,18,NY
yodgoNf2,26,London
3LBJ1Dsp,32,London
UGqgUuW0,60,NY
dbZCZO8A,37,London
jewUsIK6,26,LA
IOp1yjUA,35,NY
5OxwYaRw,52,NY
QEr1D9jl,60,Berlin
7C6XiVrD,30,NY
gKMQKGzF,54,Berlin
KByFckIX,25,NY
aT2gLJEZ,21,LA
OHPNpqi7,25,Berlin
WNS8CZQH,68,SF
HECNBkgD,27,Berlin
pSjebJdv,49,LA
T9FzOGf0,65,SF
5gGoV7Qo,52,Berlin
XcHCgX6j,34,NY
3ulJL9nF,27,London
Fnf1ZsIr,59,SF
uUcoBMxs,39,Berlin
E92STy3a,31,London
3VZhWaHe,62,NY
N98cuJAM,22,London
6GKsIPms,33,LA
uNeikpEP,44,London
G7AiblYY,19,NY
847YE81p,29,London
wm0x8Ycv,48,LA
Z7Au1Xsi,45,London
5xnlN51G,51,LA
gfm95HrN,67,LA
ry7FQipF,32,NY
kKmzlJoI,61,Berlin
GNSWGaCZ,67,Berlin
ZQNubPjG,27,Berlin
bz0d5jS0,20,NY
Uvu0cgTG,67,SF
0AKc4SdD,45,NY
jgiBMpnF,45,Berlin
0aHDQtYv,26,Berlin
JLIOYewa,21,London
rCi8mI5w,20,NY
njnLcQcz,23,Berlin
fofA4AJX,28,Berlin
pSHffFRd,47,NY
8cz7RBKF,48,Berlin
5rDT9yIW,36,LA
jsyZc5gr,68,London
b0IhTK5u,68,London
DduWhXVm,66,Berlin
Je5Y9BYv,25,Berlin
Buo8EX8I,31,SF
xWRHFkmu,43,NY
AoDMNAB5,43,SF
lNkKdrPx,32,Berlin
oHzXGAdG,36,SF
tIC9vh53,23,NY
bacWHgy9,45,LA
ck3otjAS,32,Berlin
HCzAHGnJ,67,Berlin
zpAcrAMa,23,London
Cu59zxnw,45,LA
qtP7u0VB,50,NY
suZBZkjv,47,Berlin
W4md2CoJ,64,Berlin
DZUiCzob,26,Berlin
OtIVolpy,67,Berlin
EmmSEYxR,58,Berlin
DsrQ0i64,32,SF
PqJakzQJ,31,NY
VgYg15Tc,20,Berlin
VUK2GRgZ,46,London
enh9zLqK,18,Berlin
yNHRTcKx,51,LA
kyY6ZDRX,46,NY
RiqRlMof,31,Berlin
a6Nw6hYs,59,London
AZVv0845,42,London
gWpltl2j,27,LA
93KQuNQM,49,SF
5YHpS8Ra,36,SF
ZbS0HTg8,54,SF
f4KYhOtv,43,LA
cGYSbMAl,66,NY
NFbOBt7I,20,NY
uY3wzCTz,19,SF
ue0eiKct,67,London
F61BQOMw,19,LA
BIbN8vz7,50,NY
mUs4GvFX,22,NY
RxazDy0K,26,London
evd2lCUh,23,London
Yu8lN6yn,27,NY
BMfijlbU,33,Berlin
ixriHmWN,40,LA
n8PVeUR5,68,Berlin
kwMeFqJj,40,LA
O5OEUcxn,45,LA
gkuvL7O7,21,SF
7yrFq7We,51,LA
UheB6bbR,21,London
RYTjNpRe,58,NY
UIMtKEGR,31,Berlin
sRNgbbfP,69,SF
axtkQ9to,55,NY
5mjiLnBZ,44,Berlin
EQ0tYYSA,57,LA
3dTUaac7,32,SF
EOy9wOKq,63,LA
gGTIZwoj,54,London
pLZdEo5H,20,NY
BnIvs4qL,41,NY
5WJn9kak,41,Berlin
1MRxJcP8,51,NY
VwxUDg1h,47,NY
9GZb7SuA,62,NY
xX0hxZYy,53,LA
FlA3uiNl,27,SF
qKdPRLvR,32,LA
EeMlj24b,35,LA
LxLajrLf,69,Berlin
MyxnVGrX,51,Berlin
aSAMq9TE,46,LA
AhQDabYF,27,LA
hjhY4xwr,51,SF
ViEO52D4,25,SF
FTnd5VWm,26,SF
gPLMZ1Eu,24,NY
jwtEYWCV,60,LA
rbHUu4XJ,20,Berlin
x6xEpuWc,39,Berlin
5TIYWW7x,24,Berlin
p7JQgifZ,30,SF
cxhuPJjS,48,SF
jRV08vHH,19,LA
qlB3ho6Q,43,London
We3yYD59,54,London
2szQzT7a,46,Berlin
wncQHM7K,42,SF
NeVsDleH,29,London
tc6D3ziq,24,NY
NJAVwcla,41,SF
qmzx17BH,43,SF
F530I2aN,61,NY
pVTxULjW,36,SF
XHzrWtHc,59,LA
lKLOI2gt,45,NY
hShASBGV,55,Berlin
f1z9aStD,25,SF
ZgmNT0u6,64,NY
ivmezfrV,47,LA
qbiimf8A,32,Berlin
zXwADu02,32,Berlin
O9V6oZqx,38,LA
Eh3RRMZw,56,NY
bv9nn1pW,55,NY
d35i661W,34,Berlin
B0R4ocoj,36,Berlin
VZvP8Zj0,28,NY
YlFLWsr0,65,SF
zy64UmHJ,39,Berlin
8C2ws3D7,28,NY
JYXYBAUn,19,SF
B1N9HDlh,50,London
2tVcdQp0,59,London
bCbuJxq9,21,LA
CFlVSds9,28,Berlin
uUvJkOui,47,SF
Ampzl8bp,46,SF
vnajbiu4,56,Berlin
eZD8zECD,19,Berlin
tYo1PyaI,37,Berlin
ktW8M1m5,47,SF
kyORpDTC,37,London
eMcFpyct,50,London
piP9wcDx,47,LA
07t0ddM2,33,LA
zwJwb9QJ,19,SF
rNdGGzKT,42,Berlin
7rFieASM,43,LA
TAvHWahA,61,NY
luoruZsh,42,NY
QGdakZhF,18,Berlin
hAippmDy,43,SF
1AMOIlMj,46,Berlin
720g96r5,58,London
At8lP5Ve,27,Berlin
fsOKwTEN,27,London
MtkvYidv,39,NY
TJt8RYES,33,Berlin
Q12no8xQ,35,SF
aNtGfKvC,18,NY
UefLX2TH,26,Berlin
OihIXzSq,62,Berlin
hjzPXrjs,65,London
Utju1Vyy,45,LA
gkyINEkH,42,NY
4LSSUHJ3,58,Berlin
lozNjANI,31,Berlin
SJM6nLVi,42,NY
YZP0NQbz,23,LA
obnsynoJ,19,SF
dh3QJ3oG,28,SF
Xir7KemR,35,Berlin
Z4UVRb6e,50,London
BJ2Wz6Yp,69,SF
tjxTuhaY,69,London
NoCzOtDD,53,SF
9nhdQd4N,67,London
OJneW4E5,69,LA
GkapYotr,21,LA
geRJWECa,64,Berlin
bTbIERVZ,48,LA
LWPpdkZO,22,NY
d1bgB7xZ,57,London
n2zhE3hO,67,NY
JfPPSQNE,46,LA
L3fWWAD2,49,London
LcTRe5lz,43,LA
36Wwi2LZ,43,LA
ZpcMQTG4,67,Berlin
tXhjA421,27,Berlin
pBYNqmcL,60,Berlin
TMGfuPE8,20,LA
UQZAOvhJ,56,SF
vJ85zw7w,67,Berlin
VF2aWfqG,37,NY
7lEblvNj,49,NY
Uiil0q9I,31,LA
sEwEhGVm,36,NY
5P8Hb7JS,61,SF
JSYg3X7p,39,SF
ibLg9y49,60,NY
u1hMLyfw,25,SF
9WuzGNZt,21,NY
aiPWZ1Gc,60,SF
j6JmMF0h,52,London
BPVVokL6,25,Berlin
fbpNhFBk,59,LA
LxETA0t8,42,Berlin
WWsvKnw3,33,NY
hF8nXuTb,59,Berlin
YGV08gFy,62,Berlin
mcYg8jY8,41,SF
31OsVQAL,47,SF
hbwQjtll,22,SF
sjD9yw40,33,NY
DvVRSJVF,66,SF
q36tRSSg,62,SF
aJkt8Pvq,57,LA
HHNlrGDg,44,NY
3yxw0leA,23,London
1F4kzMMn,46,Berlin
gzgIzyQg,64,SF
HVosS4JB,54,NY
hGxXzTF3,38,LA
8GraWrHH,55,London
6VRVU2We,69,London
rZIP93Y2,52,NY
ItHTS3U0,51,SF
SFAIKI8j,67,Berlin
rBOXyPzu,64,NY
AWcx74k5,52,London
6QTVFGui,30,NY
74Xyr5RH,67,NY
Xhvbdgne,32,NY
0r4QdPdk,60,NY
ehnMElGB,22,SF
48j8DnY1,19,NY
IO6E5TPh,64,LA
tcBbbXh0,32,LA
SRgmnE9X,55,NY
mgm2rvlQ,54,Berlin
NeNHhN9p,38,LA
sSCIWobo,69,Berlin
ihpKqxUa,63,SF
m15cABYq,43,SF
iWr7nj7S,68,NY
xG76gFjI,41,London
EdVuuoqT,27,NY
YvlsHI5T,29,LA
cNqutVoM,21,SF
tl6kL5gT,66,LA
cjvJkzxt,21,SF
4ZJyiets,68,LA
AEcYuzx7,19,London
r9zVSq3r,33,SF
nsaljjHi,58,Berlin
fS8ytju3,39,LA
tFnXJKlw,52,London
q05rATZx,48,Berlin
RRQXE6cg,35,SF
uH70G51Y,64,SF
5ROGbOoV,30,SF
3czVjPAU,30,NY
ocVZENva,55,London
OMcwcB7C,32,LA
lUVyAybs,43,SF
B4cqrpx4,53,LA
vU5dY6c5,62,NY
lfaVKOyF,58,SF
cWQWeVHb,57,LA
hvzAPPCl,27,Berlin
zemsv0h6,45,LA
dEMgvVLM,49,London
22Y7bWQl,52,SF
FbQ2yREw,69,London
E7gSKgS7,42,SF
VqMrd07z,64,Berlin
hVFgDKji,22,SF
QQbX37MQ,54,LA
xwY82WS0,60,Berlin
SVV0YgV5,58,Berlin
0wRnfcHX,40,Berlin
5uo8igFw,66,London
ZpVs0xOT,33,SF
PEy5Gr8Z,33,Berlin
4XDpIdhl,67,SF
58ndvyMt,27,London
znMkCykB,69,NY
i7FMLrvJ,38,London
HdAAv24p,42,London
NbSrXE0k,38,NY
ZWg9Fld8,21,London
UWQ8Ng5G,57,London
XBes3N6Y,39,LA
PY6RM6nG,64,SF
ovjKs3yE,60,London
kB1nrVxw,23,London
kgyPkNS5,67,Berlin
XiU1z99N,29,NY
ep23qDgY,53,NY
MDxZHGyf,36,Berlin
hrsdmY9p,20,SF
virT1Np1,47,SF
TVWPSxxc,29,SF
QCl5IBLP,28,LA
07f9TASg,18,London
5PpmkTAS,54,SF
tiql0IXF,42,LA
mhGrmhVH,37,LA
JiyLiLHw,28,LA
aSMG15oW,36,NY
2Wgog7c1,51,Berlin
uHH4dy4I,31,London
v6DFkR6w,57,LA
vAxDYzF9,22,London
3FP78QId,26,Berlin
d7IsH5Lc,65,LA
euFbGnWK,32,NY
2mJWuDkX,55,NY
1AXi4H2v,27,SF
T9z8AjuP,27,NY
mn81DKvj,62,NY
o5eOKDIZ,21,LA
8jSdj6a4,54,LA
iTLBbdy1,60,Berlin
NbHrFvaD,32,London
jw5MkAii,60,LA
pwBszmYL,24,SF
qLfetvJe,26,London
JWTw5u6s,51,SF
nQzFosZz,64,London
QFTZxXV6,27,NY
WTFnMJn5,49,London
y75ZiL11,69,Berlin
f6B1fQep,41,SF
sEAzsWp3,41,Berlin
H01ruv6U,33,London
tMMJUshC,33,LA
a24Gw79Q,56,LA
O7f4emdY,66,NY
Z29MEQo1,26,LA
hODl52KQ,63,SF
CCz2lMhS,25,London
3oqbdAV4,48,LA
pqeYoH3g,52,LA
DhqVunTI,64,SF
81a3A0rQ,57,London
sf3XeGfK,24,SF
FwE2riFF,28,NY
ilJvBmt7,58,LA
1RXZK2Rt,26,NY
hMkBjulN,68,SF
8MauXptV,54,Berlin
LCSVRAVx,48,London
BZW9IcwI,38,NY
FR2Ygf98,34,SF
V7zxmGwr,63,Berlin
awsZkZFw,66,SF
WQBIxRW2,58,NY
IHsbNgpT,18,NY
kLBqpzXI,64,NY
gUA9PwlW,18,NY
JGAX7IcF,69,London
kpv0e4Ix,62,Berlin
JFJwPJFc,33,NY
lYhn6rKi,26,SF
lGKmiptN,26,SF
B66531XB,36,NY
JGzCuZz4,24,Berlin
aKwqlklp,65,London
aKqx4ZTC,19,London
boTanICJ,41,LA
9iI8Hyjh,61,LA
3FfVVUK7,60,SF
hTM6bd4q,69,SF
Q8Cx9Hkk,42,NY
wTJKdDYx,64,NY
hSKQGuhB,33,London
14wf1HBv,47,LA
EIQ4whiG,45,SF
mwGGItzw,65,NY
7NNU2xAU,64,Berlin
n7OrvD4l,48,London
zEj7XEUY,56,Berlin
ywGQztck,25,London
e4OH1kYb,46,SF
Cxj102u3,58,London
q80ybYDk,34,London
kuXvyWZJ,37,SF
FoAowpXA,30,SF
IGyV8zTJ,50,London
ulGV6cVF,47,NY
oUQkAZVZ,55,LA
ENgqnJa3,62,London
DlXttGj4,29,LA
XnahQzu3,30,Berlin
IAZZDwwG,67,NY
oixha1El,66,LA
vAvQMRNi,35,NY
LjXKzhvq,51,London
GBy49wnO,24,Berlin
ZQngXgah,34,NY
9s8EQJAQ,35,London
A2nh5ZxT,64,Berlin
iuPo4fLM,41,NY
TKYYgmiz,40,London
gAFjvzju,61,SF
odZqLIGG,31,SF
f0TCNxNO,24,London
Ys0XOekk,56,LA
H8R9OlVP,31,NY
Yi0kP5ce,68,London
2dNKOpMB,62,LA
Q0jzDVpE,38,Berlin
KRkt9Nzl,50,NY
mQ4fSwTM,66,LA
KsoLdvD2,21,Berlin
iFrqWKXZ,48,LA
e98edv0F,32,Berlin
juRk79tY,51,Berlin
NirJ7cwo,35,LA
PFPKk0Zp,63,London
QARvcPRc,52,London
wwKzrhcP,60,NY
wzdVVP67,22,NY
2J9IdBWQ,56,Berlin
pXXoh03o,46,London
EUcNHg9L,49,NY
K59Y5zQS,28,London
ArbOypIX,26,London
dxSS0FEI,23,NY
7N8EDlNU,18,NY
Q5SxyzKB,36,LA
kBgJKSUC,41,Berlin
EpFiK1Tf,32,London
uDMxfrPw,45,Berlin
Mrz1JCUh,35,SF
AYF2zW2E,62,NY
WmOlLuGS,69,SF
3Xegdap1,42,Berlin
lGhLqqzf,65,Berlin
UxmCdRYU,56,SF
IR38dEt9,26,LA
prglgV8j,51,LA
zS9SLjMq,49,London
7gxIAWnn,20,London
iAQ027MG,42,LA
AHxIV4yi,25,NY
RrzTQnHw,53,Berlin
KZuDtBFw,27,NY
IGMcfhpF,48,SF
CMB0OJ5O,18,NY
LuIp5O9t,26,LA
XucFLDrq,28,NY
LA4duBl7,38,NY
y3muC8L4,64,Berlin
hxdY7Zzg,24,NY
2MY3U0OH,21,SF
OsLj7A0B,47,NY
r0bveXBQ,18,SF
m0iwm7ZH,64,London
GJdwUE07,44,LA
cBNWKYsm,48,London
ysMl0tN5,27,Berlin
5JSq8EaC,44,LA
XWu8lzsH,36,NY
cD8oNVEC,56,NY
K9fhUjnh,21,SF
QLiNp1mC,43,NY
eIz2Kr8x,64,London
BXFam8RM,19,London
kHFGCnHG,30,London
5lD6QSLm,21,Berlin
9gxjXeKw,61,Berlin
fQZGqjhh,67,Berlin
YHM2nAhm,42,Berlin
4cYd2jgq,21,NY
DDdFp7hq,63,SF
4XmZTlDq,64,NY
r32d4Lzj,34,SF
DTF1GPL1,42,London
L6uJzLfj,54,SF
gWVgbze8,65,Berlin
N6qx3kb6,28,LA
hDKtogTh,37,Berlin
1wz0C8GO,38,LA
oKsYfCgw,48,SF
JFOMBFsY,53,NY
WAwuCaDm,34,Berlin
rJsa34u9,62,London
Ol7Vlsqp,67,SF
VwA6UW1m,47,SF
nTRuuONO,33,London
QNmiN5EO,40,London
MT2nsUTu,38,NY
b3IiOubR,52,SF
S8GDkZhO,24,LA
221ngqOk,63,SF
EjiN9GgE,65,London
H741ild8,48,NY
n50JymF9,63,London
MHezuWhB,28,London
Oa3URrbg,22,London
pE6mjrBA,19,NY
i5RXBqOe,19,Berlin
CZP0eJQx,40,London
U7e4jjA2,34,Berlin
LcKsE0j5,37,NY
2IiekUl4,20,SF
P9InR8V8,47,London
rFVxJDgb,50,London
dqWFA63P,51,SF
yt08tlU6,49,LA
lklWqVEu,65,London
DnRKGK0T,36,NY
AHZKr4by,55,London
GmaWyMwp,68,NY
RYtx7kTq,37,SF
QUsyG9Bp,19,LA
8W7kQLgc,39,London
Ig7ErVdE,36,Berlin
5sOhduoJ,22,Berlin
vJIAK9d7,49,NY
fZkjizts,28,SF
MxFNmeDI,41,SF
brI2z6ce,41,SF
aNhAbeQ0,55,London
sg19uXt7,43,LA
YO3p7c8n,24,LA
MeuEV3SP,41,SF
8vf3WpSx,69,SF
WlSbraUi,54,SF
6kpS9JzL,38,LA
u7HydhZ2,30,LA
ClYucgxn,20,LA
OoL94Mmg,40,Berlin
KCOoLZ4I,60,LA
WEntZ2X4,40,London
zuKxzQrw,47,SF
4pstEYFx,41,London
mx5NReVg,49,SF
Wyu7FRx1,51,NY
tVWWstzQ,27,LA
M6Oo7jtB,52,Berlin
lL67Gv0e,42,Berlin
TA5Zxeoj,28,SF
tu0eHiSw,23,NY
SSQFTw3U,21,LA
6XuuUdhV,18,Berlin
niP16lGS,68,NY
m1JWHsS9,40,Berlin
DXv5DgU4,63,Berlin
b5rfqMPn,69,London
ILuPSMju,52,Berlin
r9ozBji1,26,SF
UddvuoZ6,35,London
2VNDqEgL,51,NY
FSUqIwLt,31,Berlin
6iqgkTN9,54,NY
DgvqoXi1,56,Berlin
4HscnF2Z,37,LA
br2UYmN0,54,LA
gkGgkdLR,39,LA
YS8Suj4c,65,SF
bC9jkFAM,58,Berlin
Nq80Nkyg,26,Berlin
Uc2CshoD,65,LA
a6IFTPnN,43,NY
5loqkk79,21,SF
Y8r51Mvb,67,London
S3fXFH4e,64,LA
95rhR5tu,54,SF
Aakn0iMR,41,LA
4ubEcplF,54,Berlin
iU0U7Zb7,49,Berlin
w9f2eEL1,19,Berlin
TGfQ59oO,59,Berlin
FRRzyRLF,31,Berlin
5BxPgEsj,20,Berlin
Q0Xk8Uwm,22,NY
ra6LTXL8,38,LA
gto9GrHG,56,NY
JuaYQBWs,50,LA
xqFcnf1v,67,Berlin
dRj3m3zO,59,Berlin
d7rUprud,49,Berlin
5oHNr98M,25,SF
2xvxvPyX,45,Berlin
OK7nVVm3,20,Berlin
qVMP06Iq,67,London
yKk0u2lY,69,SF
acyIDWEB,22,SF
naVMVBUs,63,Berlin
M2amWjjg,40,SF
AvNQW6BH,20,NY
OBMNM4r8,39,Berlin
FCN9HVl4,18,NY
qoq3h4iZ,27,London
H4Wn9kHk,32,Berlin
mGQ8dfyG,48,Berlin
BcXX6U95,20,NY
9DRK8Jzc,47,London
5sAY1WRZ,54,LA
xdIr20GO,30,London
9tklqcWX,26,NY
4kIwMc3t,26,NY
8HraShKD,34,LA
PH2KWb7Q,49,London
ZhVzEwqm,62,London
8fsLBajW,56,NY
ZwRStcK1,23,NY
rn2HOkIY,65,SF
wGwYhQWa,66,NY
TzBgqKMv,36,NY
G8MJVhpo,37,London
98dUwlcn,31,Berlin
g37aj294,37,NY
MkcBt4Lh,21,Berlin
q7mcmbyE,26,SF
bl3EYMHQ,33,LA
QmaGEzn4,38,LA
oFF03NBA,18,LA
utVwdpbv,32,SF
D7pti41K,34,NY
EPgUW9pz,69,NY
XoDHTzJT,48,London
68hBTOyy,41,NY
YaLMoZ2e,31,Berlin
aEbwqTmo,34,SF
omc6HnED,51,Berlin
lf3a7tZy,21,LA
FkA5Nb3Y,54,NY
pg2IEHTO,68,LA
77Uvb0J3,27,SF
caIvF2Hm,46,NY
uCVR1DWL,39,Berlin
dNWzIA2t,54,LA
xQ9We5N7,40,NY
rf8gvyLo,43,London
veFRGniM,53,NY
RZSXsyZO,63,NY
7I4RkUxJ,47,NY
WsL4t5xa,38,Berlin
7PihJygv,69,London
kvnNGLxW,50,London
KfmlB9I3,26,SF
Yuk3OtLV,46,SF
7kjZ8fyN,60,LA
jkczNH4J,28,NY
FiAt24C5,65,SF
sJTJ8guX,37,Berlin
68yh3eL9,63,NY
69mUhAtU,28,Berlin
M633u91S,28,London
QvdigYJT,23,LA
GM5Ir1NG,61,SF
cEwd5KlF,64,London
gGhM9qRC,47,LA
P7ldEl2J,49,NY
nHrU2XR9,28,LA
jw3OpKPK,63,NY
6H3GPLaB,53,NY
2SrGpACp,26,London
L5su6A0x,45,London
0gTsN9JI,53,NY
0mME8Npn,35,LA
yh7Ov0K7,21,SF
QLiQ27qF,20,LA
u1NneIeF,39,London
Z7ZHeZFb,66,NY
DJFgbaDG,38,SF
49dHGwVM,29,SF
vKrT19h1,24,SF
XfG8s9Mq,19,Berlin
rA9Ck2xy,65,NY
N7ikUhwH,49,SF
yxFPoSmT,35,NY
z54TvQu5,24,London
7jzlXLYh,38,Berlin
RkVJoJUr,47,London
2ZWKdOIR,55,Berlin
7gGmPjVc,20,Berlin
NkF9QC98,31,Berlin
iv91Wegs,25,Berlin
GnfP8QE5,67,London
9Kln77u1,56,London
EgU8VNze,44,NY
sQB1i691,68,NY
6N8UIGPg,49,NY
eSMQixsD,23,LA
i6zV44kN,53,NY
Ud7tSzWn,40,Berlin
W5noIcYY,29,London
8t5jgRX9,43,London
bRzHGX1t,42,SF
CJqsbl3a,29,London
hwDqM9Hr,47,SF
LrCFlcWR,26,LA
HyPEB9WZ,27,LA
unMsliff,39,London
LHfNPYQ3,25,SF
uYBnNOHU,58,SF
1aEH7Mi8,23,LA
VLrcp9qn,32,Berlin
SW4XE6Ie,61,LA
BuKLl0xR,28,NY
wgPwa4Zf,32,SF
TitMOJ1O,25,London
SKLNp3KD,59,London
FjfyzA7h,24,SF
znolYDv4,66,LA
RWRnfLKo,26,LA
gfUhmowS,37,SF
ld8gcdxM,26,NY
2LjSVeAh,42,London
FYxePPUT,64,SF
M7KXKHtL,64,London
sZjE7v7G,33,Berlin
IE9LygHS,43,LA
rjveOdne,55,SF
urgfeLzF,34,NY
6nRp5PKX,24,LA
AL4etbNL,37,SF
2hzIM3PG,61,SF
yN2o6nDM,24,NY
JIUlmlAn,54,Berlin
rU9n6Qxt,32,NY
OHs3aoUR,25,LA
W9ltoQk1,36,LA
b57OpPi2,32,Berlin
1MxNa2Qa,27,SF
BlpOVz9M,29,NY
xTo73N0O,27,Berlin
yvPhUH8i,65,Berlin
uOAcMWDG,28,NY
r0QOWhOA,69,NY
VHYSQsH7,44,Berlin
oCo05qcx,58,London
qywVOQX0,24,SF
8wumD3ih,25,Berlin
XUCOhndl,61,London
IhgiY6ng,62,NY
OK4VGV1R,42,Berlin
R4ayQkLi,29,NY
4FaDh3Jc,65,LA
pLINZZ0y,26,London
Gi1shJbD,46,Berlin
Oo1sZDqT,53,Berlin
U1HeMaYs,43,NY
DVDOZsPM,50,London
ulKWNmuJ,54,Berlin
vjR3Fdf0,23,London
0ja5TmAR,35,NY
r15X4Bfb,38,London
SW3Qux0j,30,NY
2RUxGhtc,51,Berlin
IpHuRsTV,62,London
wXICZCoD,37,LA
Mjep6MqL,47,SF
vrtbJT7R,64,SF
7VrtI6NU,54,SF
zw0gTLPK,56,Berlin
gePRufaZ,28,LA
xUJOYFGI,21,London
DnTApSIs,23,LA
sae7LgSK,18,Berlin
voUPJAqO,21,London
3oAdXaQ6,47,SF
hWYkFTQe,46,London
wjV6MaKm,59,SF
9Fax5GdJ,23,Berlin
ke9jhcgu,31,LA
zGXhY4PC,48,London
E9HRRiFw,26,SF
XPxu88oi,49,SF
nRWEofM8,67,LA
gVIQ5G4b,41,Berlin
XXootJA4,32,SF
g65mZGjI,38,SF
EDMSy2uf,46,Berlin
l5zHX9CH,38,London
c2AzOj6f,66,London
9CglsnNj,64,NY
m6OhZG9P,35,LA
pfWNNTff,62,SF
9JXqQHPB,65,Berlin
jZXhXvWB,61,Berlin
dUuYxWnc,43,NY
P1XjuNvn,41,Berlin
BaRsgRbF,57,NY
rUxgLEtR,36,LA
TMmosIO4,18,London
laE2KvmU,39,Berlin
ZlUuv72b,43,London
T16VbrKB,26,SF
MMUZeHyM,67,LA
aORugb87,21,LA
5a0n3vBG,22,London
NBdnZgdH,58,LA
IjD6agnN,26,LA
MC7xKYJN,46,NY
vFSYEvhh,59,SF
PHzn8yN2,64,NY
LoShG5gs,69,London
FYVz0qIG,63,SF
EidaLuYk,21,Berlin
6CtGkcWc,34,LA
G7sUeseW,40,LA
9KkI1jgK,65,SF
n9N45sfa,69,NY
h2VMVFNk,38,Berlin
psjmST0h,45,SF
e8p9kMHX,69,London
pnSumTB3,62,Berlin
6Xdgn2P2,56,LA
8jaGWv0X,42,Berlin
eIY5szjE,27,SF
3kfdWPPb,41,LA
VW3bvpPj,46,SF
xfL3Qncr,65,SF
aCKdzEG8,57,NY
sVYLc8cd,19,London
u6KkCr77,33,NY
VLbt191j,65,London
eoHbwqma,45,London
hAIACixi,36,Berlin
m3LLL3c9,57,LA
aDt7pEA6,53,LA
Gtq0KdkL,45,LA
TN7do33J,29,London
SBA5Wm4F,21,London
IwPTvapi,52,Berlin
6MQQegAL,50,SF
PsSWGZNx,28,SF
BVktJBJB,41,Berlin
35OK6QQu,48,NY
M4t2ttLY,61,NY
VMbrE5nr,49,Berlin
JuuS8OIq,44,SF
d9fYABii,64,SF
WEjVH6Iq,61,NY
bVq388wJ,48,LA
xkeYHNgD,51,London
sdrvrWOV,55,NY
G0nfHc3b,57,Berlin
onXOcOAL,27,LA
IG2RZd6q,61,LA
cTUoNHHk,46,LA
yBUEH02X,69,SF
LlAzBPGn,51,LA
RhTKTy90,63,SF
PwWPhR5V,45,London
hieYefi3,19,SF
pEsuw0Tg,45,NY
FTZmJXwZ,56,London
vrISSoWJ,41,NY
8UFJ1Yiv,28,SF
dlJZ1cWu,26,SF
ea8f8vC1,30,SF
Ds83TZof,64,Berlin
bsI8udbE,20,Berlin
IMDCZFjA,19,LA
60j550FE,66,NY
SUv24ahC,36,SF
iZMkAEPG,41,Berlin
3gBbNgWX,18,NY
v4VDXsNX,56,Berlin
2J6qDJsq,18,LA
Dq58qyer,59,LA
F4VwYWrO,65,Berlin
5Lz75TRN,19,London
aIgvc82H,24,LA
4uEu0pIv,39,Berlin
mhknYIWM,69,NY
3gA6DsRO,33,SF
b9ACAdWk,36,SF
twp7o3sG,23,SF
OQDt9irT,21,Berlin
SICdjnIZ,36,NY
vUZtotJk,67,LA
R7rd6zka,50,Berlin
NatmW3xo,36,SF
4iHdnu2R,43,LA
hlmzBoVy,25,Berlin
0NsyOqOC,63,NY
XKqKHT5w,66,NY
Vxs23Iuh,19,LA
6BpHR8y8,60,NY
pEZDR5nu,65,LA
K0aZ4NDm,41,NY
xmdTTdaZ,44,Berlin
7fXkyGzq,34,LA
jnnfou4b,41,LA
1YcurUHQ,57,NY
uUwgWMzW,34,LA
7Sv6pq0I,23,London
qR9VcupA,49,SF
0XEAZaYz,20,LA
JISZm4H2,36,NY
gFCj55rR,45,LA
W4Y8vfg8,44,NY
uxBn0v7I,26,SF
cINBY7r1,53,London
Er2rYw23,29,LA
JHSErtXX,41,SF
vftmZpkN,44,NY
60fVrKqf,48,LA
owD4g3Lt,46,LA
CI6WaApe,30,SF
Qqn1csfa,40,London
ZdYFyJCn,66,LA
n8REkevb,44,LA
aPe3gjDw,61,NY
kptz86Vb,28,London
NSACSTfo,50,Berlin
ifz40EHI,21,London
pv2Maq8Q,53,SF
atUMj1y8,44,NY
KDozlY5c,26,SF
PcVkSgIf,25,SF
J6VTyLKO,49,NY
URA7gFeZ,39,NY
n0OT4K9d,25,London
HeY2kWFZ,24,London
GkI5e4Ub,59,LA
YvCv8yjQ,19,London
dLRf2ijh,52,Berlin
YR2gedcs,52,Berlin
BKtwBWmA,66,Berlin
luxEFtK3,69,Berlin
ikgImWz9,50,Berlin
l0nqt7lf,43,SF
jbYhFoge,64,Berlin
6TH2IwIG,67,Berlin
c6ObcqTo,60,LA
ys4YeBlR,51,LA
UNQAeJHQ,40,SF
wTpA0BB4,68,SF
PppDbFRX,23,NY
RgHRBRD9,61,LA
S2zl6I2D,50,SF
903mCpFc,25,London
cWZsXKSn,58,NY
j9S3HgP8,44,NY
nExo75Ty,44,LA
6YTzGvpX,68,Berlin
uABdC13c,58,London
sA9vxUWC,68,SF
WHjeX4lM,62,LA
jyMqDSsx,49,London
tkDC4eFz,66,LA
FwkPBaQU,32,Berlin
A0bk3ffE,36,LA
E0b9PJY2,40,LA
ANa4pkbP,22,NY
TSG6pdsY,68,NY
5pUTVzfO,38,NY
kdOj5n6L,53,SF
8Ilo5TCW,49,LA
fNQxC3G5,18,SF
dBheOGWJ,51,London
acdrAnqb,52,SF
KZYpa81E,42,Berlin
Bf8GHsIg,64,London
NoHlhZPc,41,SF
xK33HZ8g,67,LA
vlb1VbPY,22,SF
7S5GJ2bo,53,LA
l2ci6t1s,47,London
9Mit7zkz,38,London
oJdzY131,44,London
6BJIRKRh,69,Berlin
fMKx1tkR,31,LA
AHlEpgXK,24,SF
z2TlZ6rX,44,SF
3kDuqLT9,44,NY
cMEM1XdO,25,SF
QT1ODVVB,21,London
kd0fTiLM,41,SF
dUPjdcaP,53,London
IofwOXMa,57,London
OWpFd13m,47,SF
cK5W9jCR,40,Berlin
AmqZgLws,47,LA
uXlzjhD8,68,NY
obo0cVnS,62,SF
9WDOf7pt,28,NY
C462Dzz7,53,SF
dCNS2w7l,44,London
AiciXmNq,67,SF
tZtc87Fe,20,SF
WjBh9hrm,18,London
RhEAQtOT,62,London
knQpjn3O,46,SF
lcl6IGdm,34,Berlin
J6aIfubO,24,Berlin
hgBBM0py,63,NY
UbvqSvN8,51,London
y4IJZi7m,52,NY
HBteFoAI,39,Berlin
KJToyFWb,52,NY
EzT88D7h,41,SF
TAeey7FY,61,Berlin
udcMtGx5,23,Berlin
9QFLp5WA,60,SF
4FmCzLIo,18,NY
KZ8lI0fI,55,NY
2UEQw45U,21,London
pLrtPo1X,41,London
ExswdQ9s,24,Berlin
olTJ1X5p,60,Berlin
dbhdI0rM,30,Berlin
TFcsF56h,34,NY
WBtXfZjg,39,London
KWrilftA,62,NY
0H1mNK1n,35,SF
rE8jzMLs,69,SF
ARDj3Z9S,56,LA
flsPZF5x,63,SF
1D7yWNrd,69,Berlin
LAR4sMCw,34,Berlin
HP6deNd4,31,LA
GlmmpkNg,28,NY
XreZV4gq,24,London
M2DXlRg1,69,Berlin
MZ5muufu,68,LA
0Q4mM3MG,64,LA
eciJZyKw,60,SF
UVHc5mxl,64,SF
W3ENRHNr,18,London
GkNE1L5P,53,London
C0BE1wH8,48,Berlin
UZfXBEur,25,London
bEhPeQ8r,68,SF
QxFw29qM,49,NY
jCWcHJAZ,36,NY
jAWyKq69,56,SF
5zd4TxVy,19,Berlin
yfKISyx4,31,NY
Eu59Cgq9,52,Berlin
yDrhEGKk,36,SF
vbaemiS5,23,NY
HEvfjDWP,21,London
gD9nxbWT,33,LA
gaO53IvD,19,NY
szDiYiIT,27,SF
T5F5pnns,22,SF
ETeqideR,23,SF
JLPhNRDO,44,NY
jxciNXaI,46,Berlin
mPzWz6U0,45,London
BnXmzPum,47,London
nFczzbyp,69,LA
8kPJme3z,57,NY
y1ghixbS,55,SF
0cqDSK8T,67,NY
BNmGmBpM,57,NY
W2Sj9T3q,66,NY
7Skh5scv,62,London
dATHoxPs,40,NY
YBLPDW3t,35,Berlin
gDixT2pY,62,Berlin
MWcUxtur,66,SF
xwtIs53M,18,NY
nixKWgxB,52,Berlin
oasMWxbI,63,London
dNEdd82s,61,London
hxxCVnmp,69,SF
DuZZOEMR,35,Berlin
8ppcblpO,47,NY
I6SEJOL1,58,LA
7cMVZSoT,55,LA
G0Mfopzx,58,London
LGG3QmiF,55,Berlin
NHzR9Cad,26,LA
IqM9AYEb,41,NY
HSx4aefM,53,Berlin
MfRLJnP1,19,London
0wQX2L3v,22,Berlin
UbOCq38s,33,London
GytgG2wS,67,London
LblUHCUu,68,SF
4T5ilakN,27,London
dyFyxWTk,50,London
wVdlzEYD,21,Berlin
cv43rw4U,65,SF
3wbW6dsh,38,NY
PFvfdHbD,45,LA
E54cBvdE,29,NY
cnsoTBEE,67,LA
e8diDWRi,27,LA
Wwitv0s1,63,Berlin
8BJoJBcY,47,LA
v7JHOpYN,56,NY
4keLRit1,62,SF
XE82FKcu,24,LA
7Tpu4Jpy,67,NY
Xrnu3dyf,44,NY
Q8bARzPG,53,SF
uxPHDkVf,38,London
kQ9ES8CY,65,SF
ovlmB7zZ,33,Berlin
orRbe7wB,63,SF
uJa0vMKR,51,SF
iA0xcicn,23,LA
2jXAFlYS,19,SF
QpgAUsuu,59,LA
442JaaN5,56,Berlin
qOIYmiVM,37,NY
2wkT0AY1,29,Berlin
BhCFUgb7,19,London
LPOPOJgP,35,SF
on01uadd,58,London
D3Vjmkd1,49,NY
uwq7ndiV,62,LA
jtcd8ZvF,40,London
zUoLPjjr,35,SF
GMqtg8vV,66,London
wOcjQeE9,41,LA
UnhYTRW5,52,NY
cTxHgEmV,18,London
GV0bZOev,63,London
ZZhU9J09,65,Berlin
9txhDNCY,38,LA
cIiJKkmI,33,NY
MpMFR377,58,LA
QR3YpNV2,52,LA
Vgk8jYxP,42,NY
v2qDdfm3,57,London
cpR5zT5i,49,SF
RWUvtPad,28,NY
XDU2NbLG,49,LA
lst1iwMQ,46,LA
uAJRECAv,28,London
ZiG8KzXu,26,Berlin
tAr5Rpme,52,London
K4ls7NDB,26,London
4e8n3mOy,30,LA
vxpO7ZfH,62,SF
Gzn2GeRn,35,SF
mw3s5kzK,56,Berlin
cEQ7OEEc,38,Berlin
CP9IAfeb,30,LA
QwlBuJNP,50,SF
XIlD3p6o,58,Berlin
V5Ft7XGs,59,NY
H9j5Oxci,67,NY
eZMm3sfk,24,NY
GaCVhwPr,25,LA
wg7KTmXr,28,NY
87QGhPPl,28,NY
nhanKdq4,49,NY
brSBuVID,44,NY
ZadhVaGX,45,LA
TnMCpqcI,52,London
ADmKyleC,35,Berlin
MBQOqW1d,29,London
1Np5Teiy,36,LA
B60a1MA2,67,NY
WgCKYfiA,59,SF
bev2YwcU,59,NY
OX9iKzMr,69,SF
yvz9uEoE,57,LA
tRFCy4kn,54,LA
UqMsgqcQ,25,SF
lIRu1Qi4,60,Berlin
Pi7gwAyy,38,NY
LpH6zRHi,39,Berlin
6hF9K3Cf,31,LA
2nxlRWqv,19,NY
lEV1jV7I,24,London
xSZO7X6K,25,Berlin
zP0wrwVG,64,LA
jO1ULAJn,33,NY
jwW9UVPF,41,LA
8ctwuaWf,29,NY
A03DclzL,24,SF
2Y4xcUAq,38,London
aBZ7Tmlq,55,SF
Ornggrkl,58,LA
w4tAYbtH,62,SF
B3giIQDf,50,Berlin
dwVFxLmd,46,London
GyZSzc4p,39,NY
7R0Xjdf9,67,LA
8TTnCuzo,60,LA
zvKML2eu,34,NY
57rzwxs9,63,Berlin
NSqh6Zfb,69,Berlin
rYvNodHt,52,LA
EwKc2T5x,32,SF
2e5PJRTe,28,LA
hsQoXb16,62,SF
dAGqrfr2,61,London
MBepJ6eV,23,Berlin
M8oV3XUy,39,London
CROFaaCj,24,Berlin
ekxNWO3Y,44,LA
OM2zrS5b,48,NY
Yco4BiNB,45,London
Z30wCVuU,50,LA
KvvTADPW,26,Berlin
H9QpmK1W,45,LA
VYb9AQyJ,46,London
qMPJzrrE,64,LA
IVA1j1pZ,69,LA
KG3IBsBA,52,NY
HGXguLwD,62,SF
loTjsgA8,65,LA
UXPpDAsU,62,SF
abL3I30d,26,Berlin
H93VLv3b,37,LA
FY4deiJJ,45,NY
r5bAL2ZY,25,NY
sxXtH4PV,44,SF
VdJ9LdZ3,24,London
AaodixZZ,43,Berlin
ry0gLaUs,51,Berlin
sz6JkrTH,48,Berlin
7zNwZa5D,26,SF
OqkmGsiE,41,LA
qelpFbra,48,LA
KkO8ODD9,55,SF
DkVJflk6,35,SF
lsnmVOqn,28,NY
YCT70V0q,42,Berlin
uK4WA9yv,36,NY
5gGZNBjf,63,SF
tLLBGtPR,36,LA
uP2DNziH,65,LA
dQUUseVD,19,LA
ASaO0qSX,51,London
7h32yTiR,40,SF
yDhAYXPs,52,SF
x8SfFlCb,36,SF
qkrUeVR2,50,Berlin
7K3NxVok,30,NY
hUETgYGk,58,SF
2deNfC5y,68,NY
6JcIixLG,57,LA
9myWVjsf,41,Berlin
knJQ1Bld,40,LA
1ogmOIWc,56,Berlin
biHYFSYh,51,SF
KrIAPxkr,36,SF
wURScgYd,66,London
0n7ATN6M,43,SF
Wg9VKU8Z,20,London
1JGMWM0i,61,NY
y0LHM1iR,63,NY
YxBonU6L,43,Berlin
qm88bc7J,38,NY
v5RHp6Yi,65,SF
Q6IXoFEd,42,LA
3EzojBKt,59,LA
rIczrZDL,54,NY
HIw567LS,31,London
XXe89HP8,21,LA
f1w5igNO,19,NY
0WRsLoFm,59,NY
Mx95a887,37,SF
rVKnqpkQ,31,London
SElUqqpb,40,LA
o0Z6x44s,20,NY
55bFkPCa,68,LA
gC96R3qe,31,SF
NSXRO6yc,63,SF
JiEppYOB,23,NY
8vxXNuav,22,NY
0jIelw66,28,Berlin
uNBuSBeV,66,Berlin
wO3Q9t7s,26,NY
kC4w4fhE,47,London
Ir3pCK23,28,LA
TmFmYiAi,23,NY
MBsfcEht,68,NY
Gs1aEi5m,44,LA
sBwsmfVZ,68,SF
0TWsEcNw,32,NY
PpRiDCTI,38,SF
Sj5TwSe6,68,LA
EVOuKApP,38,London
k0ic1n3c,61,London
da8QbSZb,32,NY
3j8WNuAD,43,London
eLtjyNTk,36,LA
FaRBilFc,69,LA
BdRzj4Af,64,London
G0rOXVdF,53,Berlin
82fsmPaV,59,NY
CXV27kFB,61,Berlin
MQAs6RUG,49,LA
W3w7f6ci,18,LA
DjIIeJOC,31,NY
wT3B0Cms,34,NY
A56Zoyet,32,LA
AsjITm0f,61,Berlin
GJqtU5oD,25,London
HZgRUsxq,24,LA
6ZcIJyBB,26,London
DVgguTOq,56,Berlin
dwImDDjF,46,NY
svfb1Gab,35,Berlin
M6YGgtBf,54,NY
g26e4PhV,38,LA
rMXSGvBS,42,London
74SafdmQ,49,LA
XnCKlaPT,27,LA
tUzaP6Ka,29,LA
KyfC18Wn,18,LA
kvMnSOXY,43,SF
mYuf5DQQ,36,London
I9RT5Yyv,39,Berlin
TncZQyEK,56,LA
Lyfof0IP,25,SF
7AcLWIj9,55,Berlin
gXS9OFjv,55,London
l8d57523,69,LA
tMLYe5Rf,52,Berlin
W4XCyjAK,63,Berlin
IMCcE1hd,38,Berlin
Z4I9I0Z5,25,London
02sDRIYa,58,Berlin
TUUTgeFY,24,SF
TEdsOlLt,64,LA
IQwCfquY,39,Berlin
vmM6YrsH,41,LA
bN1IkvW4,67,SF
Ai3672nd,24,London
LEzKkY0p,27,Berlin
u9SKC99H,30,SF
PhbVRtlD,46,NY
WRaGJWdK,31,LA
wRn0MrPj,50,LA
LTrjNrP9,25,LA
gxV4Gjfi,50,NY
b9gPbXvL,27,SF
q0LAA9LJ,49,NY
Itrekysh,39,SF
q0J2NIHY,37,SF
GTOfWsQP,30,LA
V7v4ABLW,45,Berlin
0G9e8VsA,56,Berlin
38Oj8BbE,50,Berlin
cO8X6WxH,57,LA
hhYkivNV,41,Berlin
14fGm0AF,20,NY
AvmVDCgB,63,London
Opyll5Um,56,SF
qdnTIGBp,32,Berlin
t7qimA1S,53,NY
wbJehjEB,27,NY
RL52tncS,54,London
pIvtRLIk,61,London
ePjwkRuu,53,London
xvQTp2hh,62,LA
NPxtODMY,45,LA
j08r9WKF,27,NY
ZRSSKTaA,54,London
Vs6V0AMp,58,London
EAFjG0Ls,46,London
QEtYc6Wk,40,London
iCE5iYiL,37,LA
7GogQSnK,27,SF
bS7Ucube,37,LA
0MV5cRWu,46,NY
oiVYkzFn,30,Berlin
zKY05bRM,65,SF
JkonGm5q,53,LA
7EWCgBIg,19,NY
Gx9KYbsi,42,NY
60d4ENhM,37,Berlin
qBmo4b4u,43,NY
p33R0cht,24,SF
R3QfgxKB,29,London
w6Fbhtt7,55,Berlin
sDKlnain,30,LA
GEgq5mbJ,23,SF
MEPNLw9E,69,NY
n0NjbMMe,29,NY
mfCQAbXo,20,NY
ynC4MAFJ,24,SF
9nkVizyy,19,SF
tfUqaTQ7,60,Berlin
gr1B9RML,49,Berlin
JysvGvGq,49,SF
4owF7yFv,23,LA
hMjgC0TP,64,Berlin
jXdPHKIe,34,Berlin
ANtsnGdz,64,LA
KFVZ5OvO,62,Berlin
vff6Z2Pn,40,Berlin
RFZRoWjd,57,SF
JxBUU0u9,42,Berlin
C9vrZNhe,28,Berlin
UXnXPNWz,61,Berlin
ICmHU1d3,30,NY
8Yx9iJur,22,LA
VqrBQj8I,61,Berlin
EAjGBUPh,61,LA
ZtrcrKBL,47,Berlin
hpe85zml,21,NY
CTwkguY7,19,London
tBphMxZT,58,SF
K7OaQebr,63,NY
S6s35Hph,59,NY
WqJlbT48,53,Berlin
G6xrzfG5,58,LA
KSYtCNnY,25,SF
wGivBab7,46,Berlin
wHh72BQ0,19,SF
B9JpvLMd,19,NY
k7YMJAlY,26,SF
NlZWNl3k,48,SF
088JY4ms,55,London
pT5Th3Ho,34,Berlin
x8H1RH9x,32,SF
YwnOVNHn,38,LA
8zXMJ9pX,34,NY
7bjdi1Qv,31,NY
WlaXOGR3,47,Berlin
GPntL35c,60,London
NnvXaPAO,67,Berlin
KXxI2hEf,24,NY
bv6tXcBd,30,London
flmDwQkM,33,NY
Cqlc0j3r,57,LA
dwTVfgub,32,Berlin
5ctJsUBh,58,NY
q3nz6YP1,67,SF
xW1KG4wM,42,Berlin
eEThFSru,65,NY
2Qy9F0si,31,SF
PL3OmSHa,18,London
wZVWKdi1,59,Berlin
BC4ZNGiu,44,LA
cD9bA7lu,62,Berlin
tCbR1Ren,19,SF
94vEQLvy,47,Berlin
ZDQE3ZBp,38,London
fanWWLTS,21,SF
F7SyOJTG,65,SF
wDXn5guD,19,LA
8wVlCtvq,19,LA
ARN4sphD,34,LA
GWaVbBpu,56,London
ai0X8uEo,64,Berlin
PXvdbTvF,54,NY
j7PkkXq1,21,SF
edT8fkRg,45,London
cbeuhYEb,50,LA
cqJeQHUm,43,London
ff4LfN0N,33,London
rJ0BEnYw,19,LA
VO6nAI4K,61,Berlin
zgN5NPDb,20,London
Fr6gPrB3,22,London
4FgCoEQo,58,London
RJomcYW3,26,London
