name,age,city
HUWyF50l,45,London
Dzm6Dq9U,64,Berlin
TK14lPUt,44,LA
7HyHSgqH,61,NY
ZjgJbfoA,63,NY
SVcu7FGS,67,LA
P5ZcBOa7,42,Berlin
sHjtUyNX,19,NY
JIUIvAc5,60,Berlin
A90HQydR,41,London
ETK04YBV,50,NY
ZwJQwJfo,36,Berlin
Yr2wBGkz,43,London
CB13x12U,63,NY
q60ZEsWo,58,SF
Hj7Aeajr,20,Berlin
V6l3MvjR,44,London
KsKApWEg,31,SF
4dLpIfAv,37,Berlin
HFCc6eWw,52,NY
wq2Q0ClV,40,Berlin
sALIMyVY,42,London
pe9jBxjE,21,NY
5Je1Ny6f,19,NY
FJH7fBrb,19,NY
4tmWibzj,42,LA
OHYabScf,64,London
0VpWc2wV,40,SF
NJmm5Mmk,38,NY
31Tkudh5,62,London
of434uX7,42,LA
iD0RDVfW,44,LA
T5GimDm6,69,NY
bwRH3QYg,28,London
Qh9LtgI3,31,LA
JdYDhNSa,34,NY
ZYwLrAy1,32,Berlin
4KTonVBu,63,Berlin
jwdOk8gy,68,Berlin
LPeZFLe6,48,SF
8nBnVYFm,51,London
NmKxoa0q,53,Berlin
xw9xEdCc,57,LA
uFfvGJA7,61,SF
r2se1Bab,30,Berlin
NYAd6l0k,35,NY
ce6Ab2kN,34,LA
XCRjjihA,62,SF
jetASJQW,61,SF
nOkRyDST,56,LA
2QDYAmuK,45,Berlin
z4uykHQh,43,NY
3Z7kUC9x,65,NY
BYMLv2Pc,31,NY
8mvdDRrP,54,SF
Vl9veSzI,28,Berlin
4E7sC0nD,49,LA
tqAQLqvO,41,London
xf1tmfgu,48,NY
vg1tNvhm,57,LA
rXXXRqHk,58,LA
AeYbvBqS,67,NY
a6nOOusH,25,London
uFJ8pbQZ,56,SF
rQVc9Rah,25,SF
qhcvWcKu,64,Berlin
LMZNVrvO,48,SF
2Rt9MNUe,36,LA
Cbr343x2,53,SF
rCQTiXLS,56,Berlin
pH1OL22a,49,LA
baazzCQu,38,LA
OENyjdCg,40,London
bWziL4jt,53,NY
uXF1Pv6D,32,NY
NRQ4nkpx,19,NY
0vZot7Fq,29,Berlin
LywSdNds,55,SF
tQAjrojU,23,NY
KLhhbY67,63,SF
yQ3jTRD9,55,NY
jhJ2fCwQ,18,London
5D9hfjnl,55,SF
Ho9kpWQw,67,Berlin
VdHeKMXb,43,Berlin
VIbwQEYw,65,SF
6G4PRNNA,40,Berlin
UK2QoUMc,18,LA
uv7luX4m,38,Berlin
BXQS72bt,36,London
kO5pRfKC,46,London
JE5z87ea,67,SF
4FjHJXxt,43,Berlin
t7ieS0ro,51,SF
3DbJglxO,68,NY
jtAPEhyt,34,LA
fq4gCFZw,35,SF
8zZtLcWL,49,SF
cMZqB3wM,21,SF
88sENH5O,47,SF
0VJapa6k,48,London
DWwH5jaN,35,LA
DBrFhQxT,22,NY
ZxvbQCPz,49,LA
GBul9My7,46,SF
ZJWpHLzs,29,London
j4oVYk9z,32,NY
0Mw7LEbX,32,SF
Fcyeo0Jh,52,SF
6FTn6sNG,52,Berlin
7iAIWmjF,60,LA
PPYGQaq7,69,LA
F9msEpBL,31,LA
An1L3JiR,56,Berlin
ERZU1IWt,35,London
0RskYqkj,55,London
XnKzEYmJ,39,London
pSxuwkfz,55,NY
qVOe621I,28,Berlin
kvWdtpbn,20,Berlin
s3idMYVE,31,London
WIvVLnIQ,61,London
8kkSfkpi,42,London
hTwZMBex,31,Berlin
d4lTwZyP,64,London
lGYRtcK2,48,LA
0eRu37QV,42,London
92Hditkf,58,LA
BBqYXnEc,36,SF
jwDaDz5R,29,SF
CJEaGokw,24,Berlin
AiS8pMk1,66,NY
3jNKDkW0,31,SF
hdAhuUZP,46,Berlin
Or7PO4MU,64,Berlin
OlYAs4Ig,31,LA
KhvgZx8A,40,LA
oYp1KWah,68,London
okPEaTSn,68,SF
069SBrsW,31,LA
O4g2bpHA,40,NY
MTppxib0,25,Berlin
1mq5f7mD,30,London
H3rIpshF,53,LA
DSrCYkRg,61,LA
8ldJSTh9,18,LA
we9XtseW,54,SF
xG9lFIDq,43,LA
bzPvyzZI,21,Berlin
sbnaQlzU,33,LA
9Fq9d4m7,42,NY
ewRiLPrp,36,LA
hC7qgOFU,37,London
JDFcdylp,43,London
XDdBprAj,68,NY
K8TshOjJ,49,London
0pYicu8H,20,SF
o02tXJ5z,65,Berlin
I4XmcaYn,24,Berlin
98HPdom6,49,SF
bnQz5Ai9,22,London
JAZjm47M,38,NY
E2NGhR0W,47,NY
FuOxtAGC,37,Berlin
91Uk3GbW,46,NY
WXpWG7Cx,41,SF
W4vDpiq1,18,Berlin
DrGB2VPt,60,LA
Bb6F64Hq,42,SF
ntQ17fyF,44,SF
xm15DgDx,42,NY
ykyItb0k,38,NY
8fAuPCQD,34,NY
iEiuq4WR,45,LA
ibCzLrCY,49,SF
j48zKEki,61,London
J0rIaEvU,67,Berlin
SwjTReAq,51,NY
2HbbG5Lh,39,NY
zgFM3gJE,59,SF
GNIn6Oby,36,LA
NLP8VTmT,65,NY
DsHSJf5Y,25,LA
Cjuq3zbP,19,LA
6Wq49Ln5,22,London
JeLsMcbV,45,LA
4RIWhuPQ,21,London
K7W9IKlm,53,Berlin
t1VkNR0u,18,LA
O0lRyNUi,32,Berlin
2HYR35Au,30,LA
11OOYgvF,48,London
6jNWouez,34,London
x2gC2xUn,23,Berlin
WWaYhed6,41,SF
PItHMQC2,69,SF
EuageaxO,30,SF
cs9ks8Cj,38,LA
YNwAYSDd,41,SF
fNec9H43,39,Berlin
rZ5bsWyw,46,SF
bOU3nbem,41,Berlin
02cPs2Rf,61,Berlin
3Wjh5iqs,29,LA
xsLYNLO5,37,London
LSwgasr3,59,LA
8lyfD1G4,51,LA
D8laO3TX,32,NY
NsHwYgyQ,68,SF
hnODQJGV,21,SF
FCpkFSzn,31,Berlin
Cdbm9h3i,18,London
A044B3oi,50,SF
7vGTjavM,67,SF
CtKL0ucI,64,London
DNW342Lf,60,SF
MUIZplZr,67,NY
CE1fGXK4,46,SF
rWHbbGVD,27,NY
hMVKgdKW,53,LA
yJXvKZui,31,LA
2kDTAvkf,39,NY
mo8DYwhs,67,Berlin
88YMRN8h,50,NY
MNt2EF6p,45,Berlin
x5MVCYCZ,24,London
DGGKELil,53,London
az33Fnpl,53,NY
sBXS8T6V,67,Berlin
ZH5PsL5r,58,LA
lYOW6Dp9,51,NY
YB55FIhU,54,NY
fYaJ1B6G,23,Berlin
gOeQt91x,52,London
OpV1xMY9,44,LA
awfd67fk,47,Berlin
1Fj6zBhy,49,Berlin
inqU3rIN,36,LA
5yAWOKep,39,NY
EDiSuWTv,38,NY
ZXaqICWt,22,SF
4ScUEzdM,38,LA
WQqRYlTK,58,Berlin
juQz1ysP,37,SF
AlmxNo15,55,SF
PKpBe88V,48,SF
qbD37uFq,54,NY
qhtfYucH,23,London
DJGkbhIg,48,SF
wV6OfQYV,64,Berlin
dZJGSkN3,60,NY
7FVsQq1L,41,London
5sDz3NO3,35,London
suuM9sdB,46,SF
fie0XLkr,68,SF
cio60vXi,29,NY
59Tjsgk5,29,SF
xRx1YbIa,46,NY
wHYMpDYC,24,London
J34XyWjk,33,Berlin
JFGW09Dn,29,Berlin
zwFd7kI5,38,LA
M5zK5w8d,21,LA
KnRsLDs7,59,LA
4SSai8We,34,Berlin
g0ruHMMb,45,SF
HWNR2WIG,48,NY
XVn6jOo7,64,Berlin
oCUKkvQ3,25,LA
vJDuiId2,63,LA
eF9EwFfK,67,SF
rVuBo1F3,43,LA
KYlvM1Td,57,LA
gEMpxlk4,63,NY
9id9sC48,65,SF
Vidz3EYC,48,London
8BtYQ9wI,36,London
8nxl45zC,24,LA
CNFlmHjH,66,LA
tigfxAKd,22,NY
izIXOJeJ,30,London
WTq1LH0f,35,SF
uXoHiEl0,35,SF
AMJPzeFv,68,Berlin
94iqeQxR,67,Berlin
YyGGnkpC,37,SF
sKNMlk1x,69,Berlin
MUpHEwLU,66,NY
cn0OQVwh,40,LA
ayeoJrQJ,53,SF
Ytpak04C,66,London
i7VgNSGk,68,London
WnR0Ryd7,57,SF
buJTBsy5,69,Berlin
7iNjvGyl,50,Berlin
HFcRmejl,24,SF
quWRXwj9,57,SF
0aj3fZoX,22,SF
lUXuDInE,49,NY
payFiZHv,26,London
i4O2Z5kf,47,NY
mkI8pyUb,49,NY
ZXQF1HDB,56,LA
uZz2UtRS,21,NY
CvVr8RdO,42,London
iunyw12L,39,Berlin
Aydox1XD,25,London
UxbRkhRn,19,SF
SjCQQOIz,54,SF
r8My7pge,52,SF
WHmS4O3m,54,NY
7tN3lsWx,39,LA
WY46Vxld,18,Berlin
O3dr61UC,56,NY
ejc1oqCJ,59,SF
tJiTDOZn,65,London
2NlPXr7M,50,SF
oXuXkVP4,66,London
zx5Drf3c,21,Berlin
tacZt8L3,65,SF
3taDTpoi,26,Berlin
8haa3Njl,25,SF
eopaTkte,68,SF
JCElmOSM,39,London
iXm5IygK,66,LA
kalw6h84,59,London
wGfPeA4j,66,NY
hgfn1Rme,38,Berlin
FGhhmCwP,65,Berlin
iDMhWnbF,58,LA
R8JsAwui,45,SF
bF8n7qJq,54,Berlin
osCZF1a0,19,LA
e7S3lb7g,63,NY
Ze44jmHO,34,Berlin
71jdeSdb,48,NY
7Vu4EXos,62,London
3xAGgFKU,30,Berlin
qgDOjI8U,62,Berlin
mLczyK7u,35,SF
pV9COvlw,41,NY
xieQ12DD,48,London
AP039So3,50,LA
WZHEhu8H,48,London
dhRg7v4f,44,Berlin
R75VFtgM,53,NY
lFOtSPSz,38,Berlin
p6RBgeVB,22,LA
L62a5YFk,28,LA
pLqJRnO6,51,Berlin
WfjoDsLf,51,Berlin
MiCFKey4,65,Berlin
7k2RP539,20,NY
cIgf189O,23,SF
486yhUJe,37,LA
cdtxXuNU,21,NY
NCSgiTNA,54,LA
SAMl3sce,56,Berlin
56DkA8jf,24,LA
bJK9uLEw,34,London
jXzg9LyL,55,LA
A7urJ9iv,53,London
Pn2PEQZn,51,NY
9y2aFZcl,23,NY
UUwcHMNd,56,London
PI6W5Mzn,19,LA
OXXGNfC3,35,NY
9b311i0z,59,LA
naamYXpq,44,SF
Fe2EORAt,56,SF
RcEc5LOq,58,London
SrZtSWjH,68,London
cQAomUwD,36,LA
eqbPvDYO,49,SF
UJisFHUB,41,SF
01pJdyMd,51,London
VtwBOnDF,42,Berlin
lj0rvFax,41,LA
sxEaavQf,42,LA
IAG53NvF,29,NY
3fTXVtQl,47,London
xggk0YBz,68,NY
0HXqT0dk,23,Berlin
n5f2PWko,47,NY
yCjomnTj,50,Berlin
QY24GHrt,32,NY
lD8Zi1K2,46,London
FcV83TmT,68,Berlin
0lKxI4TG,31,LA
Rmq5oQ1E,42,London
yDcoEpCG,62,London
rOUUWysG,22,SF
URQXnpn3,19,LA
18LuLCU5,64,NY
3hx7Xpzy,33,London
7c30JHD3,56,NY
QwW6INBN,55,London
MLFGdJ1B,34,LA
MBV83wS3,48,London
yaJ551Y8,18,NY
U8xz2XdS,23,NY
K8Y6t4Cp,48,LA
KvXR0WIO,23,NY
HbmEH8Tx,53,Berlin
KbvCBsoq,25,London
thrUoDzV,46,Berlin
SKAWiilD,26,SF
kQLI43eh,39,SF
6iGetR3B,27,London
wmXsdfhP,41,NY
uEINKqz0,57,LA
r4JPQxES,19,SF
V9884m2S,37,NY
3IglwuKu,34,LA
ssKj9JxS,50,London
KQrLmLRi,31,NY
0n4D41qS,49,Berlin
QtRcSwtY,54,London
cvvWKRty,41,SF
vlkG45ZS,58,London
fnwlcHz5,37,London
w0rNJkxv,66,LA
qu9eiRkR,23,SF
dvxk7UeW,50,LA
VWNanCpk,67,London
zBNxVTBe,45,NY
lpuxqjiT,28,Berlin
jLaD4qhO,53,Berlin
ohSXe4wm,37,LA
THOq5guM,23,NY
Jl4rdATC,25,Berlin
QZA3r8pE,36,NY
mBxjQpTh,32,LA
eqvRY3HF,39,SF
gLMq7bUU,68,NY
tAyYSecl,19,NY
RgLd75qs,45,SF
sFjjDwqg,53,London
bJ3vwir0,53,London
0pD6T1ki,61,London
FNG7u4f5,35,LA
0cbcUmI0,29,London
VEnug4wM,36,LA
vQzT1TQM,43,SF
gXt69LBf,42,NY
w925pBzM,45,Berlin
LX57DotP,32,Berlin
tpTYYa69,27,LA
Cid4Mup4,56,LA
Xzav79WB,51,NY
ZlbQDZFE,30,SF
FGIZQddP,33,NY
1ypDlctl,57,LA
bXRkKzKH,48,NY
CKR9HXqo,18,LA
h58hb9rA,66,Berlin
fSuNcVLP,64,NY
YbxFTiKi,40,SF
zhIuZEE3,31,Berlin
f9sf48QI,56,SF
q9OKlOcR,47,SF
3JZkSaQV,68,LA
SyqoNhI7,59,SF
kgyE7PT1,37,London
jVQMpyCz,42,SF
0mjp4Txk,28,NY
uKphpdIc,43,LA
6S7wgPPx,69,LA
ofpdhgZ8,38,London
ZAAGDjEj,22,LA
RRPHf7W9,24,LA
GfWGWc78,29,Berlin
eIBBgra1,19,Berlin
uZxsb8br,56,Berlin
4q6sTKVN,38,London
oJFZIumv,49,LA
XlBeXD1Q,22,LA
yOwPTgTS,44,LA
nU0sAyLI,48,SF
uQzFxqrF,29,LA
Azdj4WhW,53,LA
XTVEjlu5,38,NY
RPOuy134,36,NY
FvEc9rai,20,LA
NmI5tseY,34,SF
gCTi6hXa,47,SF
MbcRdTCp,53,London
bBe53wo2,26,London
HKEAJLhE,51,LA
uw3icloq,46,Berlin
nOsLJnwO,27,SF
iR4qMgJ6,69,Berlin
iTWIJo9C,26,London
Q6ri65Hq,57,SF
qO8f0RnE,67,Berlin
4v4ZOkjD,28,LA
mw012ZGe,36,Berlin
Yz4u7C5E,39,London
Gbsot1gS,67,SF
zYkEdcyO,68,SF
uvC1wGCV,66,SF
bXNcxKvC,69,LA
Tl8pF8Yo,39,SF
KvXSQVVf,66,Berlin
tE8eTuBF,64,NY
OhVInGci,33,NY
oWVOvpcP,34,LA
21idsK9Q,57,Berlin
5pjaeEGt,24,LA
lmoiu6lE,48,NY
mt3cKpta,21,SF
gifZmoLa,46,NY
BgVsoqvQ,24,NY
BP2mRm5y,60,NY
ULB9WdUc,47,LA
rwiqIX21,20,London
XOBftNot,42,LA
hohO8RPt,51,London
KTjiNxvR,50,LA
LXVuOPnl,48,NY
cL3VolCW,41,SF
f5rpcFXj,55,Berlin
vkvZLlGS,63,London
nqvqUpgF,21,LA
uAxV69Dg,65,SF
WkqoIFuw,27,Berlin
kyCuIXLz,42,SF
VfvlCERV,54,London
d7pvIarx,60,London
iIMrql7r,18,Berlin
bXshMVtL,34,Berlin
y3p1xUF1,63,London
Qg0brb3B,24,London
KMKF1LFZ,31,NY
OnD34aEa,18,Berlin
PCNEKaIO,23,Berlin
agX0hxoD,56,London
FlafaL6t,60,LA
Jl2SWFgr,27,NY
HEqiJt9X,38,LA
qmKq1SLP,20,London
4cr20Ldv,36,NY
Asop1MzN,45,NY
sxNSzNWg,19,London
3DhBeglq,44,SF
szuJlODf,61,SF
CCWCDGrg,49,Berlin
jp7ugM7n,29,London
rHyVdPqq,18,London
zVUSYG69,63,LA
a927xtZS,60,London
gKgnM6Ld,57,SF
EBxS2mLD,46,London
4zYfF4Mc,26,LA
Ws4zzEsK,35,Berlin
BQwrFWLu,62,NY
ByzXkFAx,53,Berlin
TpJX6SG4,33,LA
4ojbwTxt,52,London
bvRCqfsc,53,SF
FbSqI592,21,London
CsxfkJIm,57,NY
6AhBKbD6,60,SF
U5TDRZbj,52,Berlin
8g2VqPJZ,36,LA
HzYwffLg,23,Berlin
fWLn1cgN,48,NY
b2DJtCgP,44,NY
ARfQDzmy,20,London
P28TbEYs,53,London
L6ZiHptc,53,London
KXvP4bNI,19,NY
eFqH2pFK,65,SF
VePuouuw,54,Berlin
cIgwtNpc,32,Berlin
mE3ZrCrz,54,LA
E2jErVWO,40,LA
Cy78Ld3m,61,SF
fgO3gQHn,68,London
M1ZM99u3,64,London
WtOdAmSE,23,SF
1I2JP7jf,50,Berlin
MF4sbnnV,22,London
sveB0L5T,38,Berlin
YX765C0E,45,NY
CtkaaK4a,38,LA
d5KvVafg,41,London
1mRDOOmH,68,LA
CUVF0aCP,45,SF
p1DkyCGB,28,NY
4kdLd8AS,39,London
IEL2qNtY,63,London
QfyI9rZ5,63,Berlin
FtvlrWvK,51,LA
sZfyqmtm,54,NY
Yp2xcL27,58,Berlin
XQaQKfR5,34,NY
BhvSTjQ5,68,NY
T4BXKrj8,32,SF
yzwTZOtn,46,SF
ixOBUMxU,51,Berlin
fe5rWAt9,58,Berlin
8COwiHcn,60,Berlin
lXuCNEXE,39,NY
yeL8OkfL,44,London
VJK0FpNd,55,SF
AE1ABE47,32,London
4KBOyYcc,38,LA
qt42a3Ur,69,SF
L5iH8iqw,21,LA
F5hvgC52,64,LA
P1J4bR15,35,Berlin
evbXwHCf,24,NY
6ii54OJd,33,London
DtAzzRDj,52,LA
0Lc6DOdY,29,Berlin
GvuFZkF5,24,NY
5dg5poRf,58,SF
T6x2xZ7n,27,LA
imMBhhJU,18,Berlin
qqqHH5DU,29,Berlin
e6AgSXJl,44,Berlin
xqSnDCnU,45,SF
LuZijcAq,35,NY
IjsNeKNS,18,London
kQKG91uG,67,London
EoB2fR2c,40,LA
YFkXE5rh,56,NY
CeSjO19u,34,LA
e7goKeJ2,62,London
SO0kTIHC,59,SF
PcJ9RT5V,63,NY
sQMxyuoy,18,NY
S1fO9ABs,55,LA
UUCOxZwS,21,LA
2lzPr2hi,68,SF
h09kuOEU,32,NY
Mriu0uTp,38,London
98uQMxWL,38,London
dHcUiV54,68,Berlin
uCYDPYau,39,London
tyYtKFOj,61,Berlin
3cZ0IEVo,31,Berlin
lQt5J5Fr,52,LA
vwXgSlxa,21,London
sLs2Vjjd,52,Berlin
teNRgvEE,49,London
3nkaRypC,45,London
YzvT2Vo8,29,London
GRQBN3a2,47,SF
mYrrjv8x,26,Berlin
NwgsiboH,36,London
oDa5qaRZ,33,LA
TUB3UQrt,47,SF
8EZAs0tz,18,Berlin
CAvgfEgV,63,NY
kL7eLwvZ,62,Berlin
rg0RrikS,40,SF
35b7O7Bv,29,LA
yRKKnsk0,22,SF
ubqgv7VL,37,London
Tmkcy3pO,20,SF
H1d57ZUf,19,NY
27MIYXdx,60,NY
XXQzHNr1,37,London
HVMvExqp,19,London
4VE8b901,65,NY
YPetFGik,57,LA
Dr2U5jUn,52,SF
Fk3Mg4Hj,21,NY
B97kZS4Z,53,London
WOKYIqCR,57,London
JxVYoAhS,23,LA
rzHknHIb,31,Berlin
exorainu,32,London
P9KDy6je,66,LA
V6eYooL7,54,NY
nHqVQGYS,50,Berlin
6tD5GVWF,61,NY
rvRKzMSa,36,LA
GToY7jdA,29,NY
YGpw1D2Y,60,SF
tb3AYpqm,26,LA
sDINjlvL,36,Berlin
xk7fDUFY,49,London
iJ1l48En,45,NY
mmSnP2yE,45,LA
6hgsZrBD,48,NY
pdWwggrs,53,LA
GaPMCFzc,30,LA
x9jh4ONq,59,Berlin
7dMay6HG,50,NY
Tx1LobYV,59,NY
4rymvlVC,35,LA
Oy35ZaaM,46,SF
EuJhnyAi,62,London
PKOnByYl,56,London
EFqAfX6E,25,SF
UkqJBuIs,66,Berlin
SWoSm9vE,39,SF
O1rabQxw,18,SF
Uwf2K2Bs,65,Berlin
nmD0DvMf,48,LA
fk740q9n,37,NY
kKRyeAF8,53,London
N0rLpjZ5,40,London
WHoFoyt2,34,London
ap3x5b8l,62,SF
nbkD9pU0,27,LA
3gBJMyjr,26,LA
iT6sMxyW,63,SF
BNgZB37d,34,Berlin
Xh4RS1Ep,20,Berlin
U4ChaQgw,50,LA
V6igFMBN,18,SF
4Q4xpN3t,37,London
pfYIGM6a,19,NY
PfiLOSMi,33,LA
vUoQVa2l,26,London
toWoisDg,31,LA
UTrooyzD,18,NY
WJC8yXTN,52,Berlin
xeb4fAKY,35,LA
bnUspsjn,18,SF
jlKC1QhO,60,Berlin
aLpI8DHA,22,Berlin
ohxjXFIZ,28,London
rLDmdoWG,55,SF
UzPSWRhy,41,LA
ikx9f7Tf,56,LA
6J7dBh9B,62,SF
QyJTTweK,49,Berlin
40FzeHKJ,33,LA
BWVgYjtj,20,LA
RCqWob7U,64,LA
81q2v7z9,25,NY
EXptf1LE,49,SF
oiif07Lv,39,NY
VIhY5Gac,69,NY
CgsxxZFU,65,London
w3IgJQV7,34,LA
BggKjQAa,44,NY
0HDXYP9F,62,SF
TMqumvaF,20,London
szRKEmPB,43,London
cz5BQpZj,52,Berlin
ieRrMAq0,30,Berlin
8iVsy66p,34,London
9ILhsIp5,47,SF
aPysLyfa,46,NY
VA1pEiTk,31,Berlin
Dt0MgWGn,47,NY
31lL0R5y,54,SF
jbLq0LXC,61,NY
3ZTEpxZD,65,London
dAayMcYO,55,Berlin
431ZVVyr,26,SF
nrwy41pj,65,London
v46bzcp5,49,SF
0C6ks5vW,21,Berlin
NMzTgYoL,23,NY
7zPFISBc,68,SF
GZ1QckKu,18,Berlin
YiN7ULEU,42,London
TXKZaLqz,57,Berlin
2JC0mvMH,55,NY
mt1jIluw,20,Berlin
VJET5YG5,38,London
cR2zJ5T5,31,London
kf7DYVjq,47,SF
UQvvMve5,19,London
qm2RSaDN,65,LA
mopmA4hZ,39,London
TUYTOYTL,30,NY
YyC3m87e,42,London
n07EBcc0,65,SF
mEoqQbm8,60,London
ufrYfluq,28,Berlin
yMk2z6MF,65,Berlin
u35npNBM,27,Berlin
IX9AJlE1,66,LA
gdlahFVz,61,SF
Zqn9J12w,54,Berlin
MT7iP1gY,42,Berlin
qlChBeSU,61,Berlin
mRpdpPn2,52,SF
KQFMHmsz,36,Berlin
cwZKbVTu,45,LA
IU0Kn8Cn,59,Berlin
Ja7FHgQz,65,NY
OhnMDm5b,68,LA
yeLcUW3u,60,NY
sH1As4Fw,65,Berlin
pYm9d3Gv,27,Berlin
xUw8BUod,32,SF
2lu9dUeT,49,NY
5tkHozmQ,20,NY
gUUnfMUh,41,London
rFTQfa0r,27,London
0TnxS4CO,61,London
Lkkc3eYI,47,London
sU6fdXUn,58,NY
WsAFeqWV,68,SF
Rq9ttidp,50,London
go0peZvG,62,NY
HGMYThxE,42,SF
gXCWR3qu,56,SF
JX2sXVLO,69,London
6wt5jQlB,56,NY
imkikpXd,42,LA
KyAadG9v,55,NY
0blaIzOa,29,SF
PsHwpVhI,21,Berlin
Bz6ky8jq,45,London
3cZ6TlKx,37,SF
nN2sf68W,27,LA
4AMbak4S,48,LA
nGNo35yS,36,LA
p1g301UA,19,LA
wcZHqLEC,21,NY
WEQs0hPr,32,SF
3hMjkmbg,55,LA
WywMzRQu,50,SF
m7w27ZN9,35,SF
E6d2hZSV,57,Berlin
9e261go5,49,NY
LQycZNhP,49,Berlin
QuFWsXOb,30,London
ymPIZGSk,68,London
p2865y6S,33,London
ASEIk7py,50,Berlin
25rh83kt,51,SF
nHb0YLqs,68,London
8jtXzjMK,31,London
DIg877NT,64,Berlin
qYGz0aGu,19,SF
EHrbZPFo,30,London
v1YLLkKL,69,NY
FYzEKjZR,46,London
KbYIAASv,69,Berlin
qaDVAl5z,60,Berlin
fkAkkbsK,59,NY
UEIHU95z,51,SF
CYB93W6e,34,NY
pVxH7O9u,20,London
Yt15grVN,47,Berlin
eBOcteoT,21,SF
hHx8Yfz8,48,London
stUxD1Rz,22,NY
4xAtlnnq,19,London
jvHNVqyK,21,NY
gsCwFUPM,61,LA
rSXoiIqr,55,LA
a4mAeZs7,69,Berlin
3h82wvZw,44,SF
4jjw4Ta1,44,Berlin
mN6jOR3s,32,London
x9eT0igf,56,LA
nyTh6jE4,55,Berlin
lsf12Vsf,31,NY
lJJCi2Dm,35,SF
0AfQ7vpc,46,LA
jLGV4zy0,24,SF
0HpFYTMr,55,SF
XSrt6rKJ,41,LA
qxn04Duk,55,NY
0OlYZp9M,23,NY
f3H6z0nq,37,NY
TjICP63Y,59,SF
M9iC1x6Z,53,NY
JX6oahWB,27,London
HIh02wrm,39,London
YYz8bQOe,50,NY
M7uZ87ng,40,NY
sP1v3WTk,63,LA
CMPC6X2N,67,LA
65scHdNi,58,Berlin
DbomTy0M,59,SF
P8e9kzKn,68,SF
FGQmVFG9,21,LA
E1EyavaI,38,London
yVBEPi53,30,Berlin
Kzqo9EON,59,LA
3DXs1lLc,30,Berlin
xKqX2K4y,29,SF
TrNo09ga,41,SF
eW1QbOjA,52,SF
41xoE8ro,36,London
PADml4A3,26,LA
VKgFJxGH,30,Berlin
nEmcHcBw,39,LA
YWnyDjnH,57,SF
mFIkq4hg,53,SF
9ags4m4J,45,LA
vlStRcNE,58,NY
Lx60OQbm,24,NY
UWbDdhjA,47,LA
27sUKCZ5,48,SF
k7zpz7eB,28,Berlin
FqvJKsXn,47,NY
RBTdf04O,32,LA
GGAVSy8C,30,London
tl0spvYz,52,LA
DuW4kMmw,52,SF
O67MVXtF,37,LA
arteSkW7,60,NY
OinSZN0B,40,NY
VCa82MSM,54,LA
jJmMX0fA,37,Berlin
3EzSMFIO,36,LA
nPnBByeG,61,Berlin
MQ5PMEFt,35,NY
YnFUkZ2n,21,London
pz3NKcuY,25,Berlin
au39wJCr,63,LA
FfxofjK0,47,SF
eZ4vM2LM,65,SF
Rst6Dpmq,37,LA
Grqi3bQX,25,NY
EFjP76AJ,22,NY
jsJM1esY,58,NY
n53vEPiL,51,LA
ZFlwCFYx,57,SF
j47LuHp0,24,London
KyI1Hf9I,67,SF
cN4lSIaC,39,NY
3ltAlIHV,26,LA
AKUdGh7E,28,LA
S9qb8pgR,29,London
1Ld7RVb6,25,SF
NnT8JCky,49,NY
vnDeCdWm,34,London
JmEUhWqW,43,NY
uPnnh8ak,68,SF
j0YYZMY2,50,London
fJtUooQt,43,NY
1D3pSNpD,39,Berlin
ZDg33lGC,20,LA
U4HrB1mj,48,SF
MVagCfQD,31,LA
5HW5DlKi,35,NY
tZjTmdGr,51,London
uN6Rwmlm,57,NY
NiZGq7MU,34,Berlin
Ez4TptrH,58,Berlin
RSVPiQEA,29,SF
S9EY3wee,56,LA
gUYEbdWC,50,NY
7r1WgP2X,49,Berlin
IPJXySM9,38,London
a8udkRPU,31,NY
Lu2RWXFD,19,SF
dKEtFtva,66,London
Ugc9OuJs,24,LA
L1xG9Bzw,32,SF
v7gFcCLx,48,LA
g8QQULG7,45,LA
Ts7jQwYO,58,Berlin
vtHrb4W3,25,LA
SNp9BnGx,24,London
iguzLXmq,53,London
VrbUZP8a,27,London
jijs9ob4,56,NY
zTV2z81j,64,Berlin
IW8aClPb,47,Berlin
IxQeWQTO,62,London
IDS67thk,57,NY
fvleyZGz,58,LA
jK5bej75,58,LA
6N2KqK2u,22,LA
h7oyqJpW,38,Berlin
saLxpSyT,23,LA
AzAswIP8,33,NY
Bq5jBGe3,33,NY
LUwbNXxU,41,LA
XNxABj0i,63,Berlin
kQq623n9,36,SF
NSvb7jcd,36,London
fY7mms7J,65,LA
TF2aTgGF,54,LA
aqHxxRPZ,50,London
pmEAWh6m,22,SF
WnwtWve2,26,LA
jLIge9Ur,38,LA
cZuGROCG,24,SF
2Ps85Vtb,59,London
LEiKDoTS,42,NY
OyCJIO9k,64,LA
VAvLHHPj,38,LA
DM95TGB9,61,Berlin
B5P3FzLG,30,SF
WFuRR0xL,67,LA
sLQtsdSc,38,Berlin
mMEtZBM8,27,NY
ZPVy7FXb,41,SF
PKnoJxX7,44,NY
JM2POvnU,50,Berlin
mFJTKoOk,43,London
zqS1lDSe,53,SF
tCvlJYF9,34,London
ukdEamJx,38,Berlin
ifpzZHhG,62,SF
7DICKNtH,19,LA
U2AAxVVp,32,Berlin
v7M2tb7A,61,Berlin
EQNyPJKN,19,NY
9xE9CGNZ,24,London
qspU0YeH,53,SF
qu1z0ZDC,63,SF
eJ8to34w,67,LA
0ZEzkuiV,60,SF
GUZlZ34F,49,LA
rDjxmoZf,20,SF
UD2fNhft,20,NY
nQfSSdrl,67,Berlin
sMlDHanF,50,SF
weZAHrYH,62,Berlin
hLBWcK81,42,London
NvYcr3dN,54,Berlin
LWlBFezr,53,London
ZmwdgLtC,52,SF
JphJ3Y6K,36,NY
CxIcbMeH,62,NY
wJTU5oV1,65,Berlin
ncmGAasU,36,NY
M5DnRNOU,50,London
8qLagke9,35,NY
c5NsOaR4,44,NY
J1izF63C,47,NY
jCNxbJXp,48,LA
AOdDq6rJ,56,LA
e7Ej5VAS,20,Berlin
V6n2pqxD,39,SF
zHUZ4Meh,69,SF
YOOCwOrO,27,London
s6dlhrQS,25,London
EOA638Zx,51,Berlin
D0niA4sY,59,LA
tdlAxvpH,35,NY
mKMRxT57,29,LA
d60IJtay,63,LA
qCPz6DN2,49,Berlin
wQyQFP3i,19,LA
v4GdwjTf,34,SF
mULk73xO,69,LA
cby2P8iH,29,SF
j6opb5Mv,24,London
1dg0gHae,32,London
lHb0xuiA,19,Berlin
vuQu1Jqt,44,NY
5eHVpG4m,43,LA
3nLtYmvC,42,NY
sL2EOLbn,29,SF
k2wmrwL2,34,NY
BMIXHHo5,18,LA
B4y1qyZW,48,NY
4fVs1BcS,57,NY
nebzgFaW,22,NY
5HhWCE7O,45,Berlin
glQe9VQn,45,NY
OJXadygM,25,LA
Ku4dvYTy,69,LA
lSqQeZN1,31,NY
JujWdFkg,23,Berlin
PhtUWOTY,35,SF
ScQVyivF,54,NY
XLkDumDu,27,Berlin
cGrpxtt0,64,London
sFLHu4v6,52,LA
m8s4fvCh,52,London
IKnSHzqd,34,LA
S5JZ08ua,63,SF
uIWZ4t5t,44,Berlin
IqtETIRs,41,SF
G5nrXifr,27,London
zgQZkoKe,68,Berlin
ivXvuNjs,65,London
fWE0ZFjj,34,NY
BBGo1tMF,69,London
tkgU3Jlz,62,SF
vP9RBg5C,50,SF
gd58BrgS,50,NY
3CNu2zm0,34,Berlin
vLoo0kdZ,35,London
C1jcyJ2z,66,London
5WDNYC13,61,London
v3GPKI0B,55,Berlin
AHOWgySs,24,SF
fFBkfxCu,66,NY
daKPe76m,43,Berlin
ILOlmGWM,65,NY
62gp5XtE,18,LA
OL5x1Iyb,28,NY
gNZ8BCKy,27,LA
Kep8UzIZ,48,NY
IVAH1x6V,42,LA
ipJv1eeg,18,London
KiXrMMf8,60,Berlin
05MskZFr,20,London
kAaP5fDq,65,SF
8xpGKkTu,18,Berlin
zFIJvQGo,24,London
luk11eG9,60,NY
fwlJq6P9,66,Berlin
DJ5kIxHN,68,NY
tESWkM7K,31,London
Hgp8Vmjm,40,Berlin
jc2DgB7E,65,London
PlmTFhZn,34,SF
q2vNTf1T,31,London
s5qEqVWB,26,SF
tkFmIfMl,38,London
l5Ib44qr,62,Berlin
Z3bGqltF,19,NY
LUjoW4G5,69,Berlin
yzqheFJ7,49,London
1HA1xQro,25,London
DUzHjXnW,53,London
E9W6c8QW,43,LA
x6UvzTiz,54,SF
JK5hLqIb,32,NY
9G1CETqQ,51,SF
bjXcNp5s,38,London
ZQ1X9J22,40,London
TcZovoju,26,SF
RNn9jAHu,57,SF
uqR1Vfmj,43,SF
Arfxs2ge,60,LA
Qv9ygPtO,39,SF
OhTsL847,30,London
M3xA7cUU,42,NY
DqRN1EQE,24,Berlin
XqynQGX7,68,SF
11deR1S4,44,SF
leBZAuBr,32,SF
5QPlKbyx,29,NY
TzzpdqXn,62,SF
vNLs3DPw,50,SF
jTdF2B3L,38,SF
CSKiLe6o,42,NY
fVY55u4j,57,Berlin
kvk89XDj,64,London
FGP2BnzP,39,NY
Otjlzmzd,31,SF
uFp9pGcc,25,LA
tnNmoT3J,41,NY
U8TZaKa9,20,SF
OrPMauUP,29,SF
UfbMnlXe,64,London
Cq5zUBvg,39,NY
zEn7kCTg,33,NY
ZZFhdlNi,24,London
ojwJ6QIF,35,LA
hgvgL5dK,62,LA
1LfhzJfp,40,Berlin
LCwRngdt,43,Berlin
TnYQL9FK,55,London
tB7AOgfJ,19,NY
euUhMtyf,19,SF
5mzDPCPQ,39,LA
n60fOhJR,68,NY
jt0rNofN,55,Berlin
plBdriOf,59,LA
T9MIbKXR,45,SF
5YaAvEaG,34,Berlin
pQOxdMON,68,SF
bGjqgvuM,65,Berlin
K6DxtzEH,35,SF
vUjiDLEX,68,LA
XyZrB7rm,19,London
2b33oKmW,52,SF
ZnYwPfBI,32,LA
oPw8oV6t,32,NY
mXsvFB1r,61,NY
M8JZ5OlU,69,Berlin
9x6hdQQ7,62,London
4xRbVkI7,51,Berlin
a2N1wqtu,67,SF
THXCJFK9,32,London
JlKPcCFq,35,SF
SslJtckH,30,LA
JqG7yYB2,55,London
JvrKbbMa,25,NY
N3WKkgNc,33,LA
1OK2GpyC,37,LA
ZPkaEjB6,43,SF
iiGArQbX,52,Berlin
pZ4ir5Xr,34,SF
AI32vaQC,43,LA
0GYlZo5f,35,London
ZPN2eIhQ,61,NY
A3XzmPWd,24,LA
ltE9EGVG,61,Berlin
ZAY3QK5m,52,Berlin
HjG1cuiy,29,London
oXyjJxut,64,Berlin
fER2jqTh,66,London
wFpsUEHl,61,Berlin
PqLspdtl,58,SF
EzWysA8W,18,NY
aEMrINlQ,42,NY
oRT6KLCp,33,LA
vaP84gH4,32,LA
L9xZGgFr,28,SF
i3e6ikmw,54,SF
x0smZHil,56,NY
gFs7XJYZ,20,LA
iwFlPtCQ,62,LA
R1a9XBsh,62,NY
NUOYjRLe,68,London
QepIiFbw,59,SF
mzkD9nBT,56,LA
HJ6O6jK2,37,NY
fpEDMM9S,40,SF
yaSrnVOH,32,NY
7MdHEpmr,35,London
f7xdBuw4,69,Berlin
bpWNX1v1,56,LA
s8CGIJFw,52,SF
v0ZoqTMB,46,NY
YiBK20ii,37,NY
VqvCkju9,59,SF
OXvjTkXT,32,LA
Y6TiaLAu,49,LA
0ENp4k1m,29,NY
Nf6KIyzp,65,LA
MJ65mE8i,68,Berlin
FRjFiakp,29,London
7ZiRVg1h,42,London
1b43EN18,51,Berlin
T1na5KIg,25,LA
5wVs6DHp,41,NY
xOHDir5k,62,LA
MtNLk5Z3,18,SF
fpwJg07z,42,SF
n9fC2WHM,51,LA
EDMrfdVs,31,Berlin
Byq6ardh,53,SF
tZ1Q2PV4,23,London
hy2uvRKH,62,NY
nJLfnf7u,26,Berlin
uajB2lTl,65,SF
BPApDgAv,18,NY
28I2dEHa,26,London
36q1uYB0,41,SF
Ij3Aakbd,56,SF
sxhkqQg2,35,NY
hqhqzWX7,65,NY
Y8STVAwS,56,LA
Azr4KMhj,35,SF
qCbK7saq,58,London
UpDt0QRV,45,NY
pL9m2MPW,69,Berlin
SAt5AFQB,19,SF
XKCHwnq0,54,Berlin
59qUJuL6,58,SF
buzqJ3d5,53,NY
Zs9UACYe,65,LA
0DWzbhSh,41,SF
8ckRvmBo,52,NY
zku2NL8e,23,NY
zQ6C264k,34,NY
xVmGiDf7,47,Berlin
44f6ZvAX,68,NY
qF2lVEYe,25,Berlin
Q0YqKNH9,59,London
I5WuI9ls,27,LA
G74ZARV6,33,NY
VbLdkXVj,55,London
ylGAikDv,43,NY
XU6N4d83,48,London
9yeYsk1B,69,NY
ffMWCIBJ,25,LA
JfrI3Zy9,52,NY
tBnjXG1F,51,Berlin
31ChCoW5,27,NY
Oh04ctqM,57,SF
ndXqGUqV,61,Berlin
KedMntPs,69,London
k9PDhfYW,29,NY
Oi85QH4p,58,NY
da6hx1by,44,NY
8iZtqhTT,36,SF
sX6qw0bj,43,LA
TCDy8b9r,32,LA
jswRz89U,48,Berlin
JePsYl8y,63,Berlin
CJ6dkqi7,54,SF
eeoeMNpk,35,SF
H6YSkfKZ,46,SF
0dw3YR0G,61,London
h0xOStZ4,44,SF
0LpayI0G,55,SF
7zd6TPAo,37,SF
kytwWL5x,38,SF
PDuFxowM,46,LA
7aRUPJAN,60,NY
mSSa4Dha,32,NY
x0EFDSE7,39,LA
PnNbpmz2,40,SF
UeteTh17,21,London
gdKrjSQE,41,London
pYZiFESe,31,Berlin
pSRcK3Oa,54,NY
4TaNcudl,38,Berlin
AppllZ3C,60,SF
4xwcIT1a,69,Berlin
WOLtLOOt,56,SF
NPI4dnfO,30,Berlin
ZkeKE1qo,36,LA
NVirGmGj,43,SF
WnYSHzXn,53,London
iysn4L4t,69,SF
XjuSFRZb,61,London
p2oRVO5J,63,London
TBeR7BqR,50,Berlin
eGJAbe7z,57,NY
BmZx3B47,33,NY
y8Q1KXQx,36,NY
dsplvJPs,54,London
D0jH23Fa,31,NY
gtRCAMpg,61,SF
nLwYYQdf,61,SF
GHMsLbOO,47,SF
KjIrBHjy,48,London
3747O08l,37,London
ornrMix0,61,NY
c9paaayc,60,Berlin
iwq7Bsre,64,London
9k0wrdZS,24,LA
GdCCGyw6,59,SF
SWpUSb0A,54,SF
pTDjV309,64,NY
BMDkhl6J,19,Berlin
aWv7PRvT,39,SF
9yA9rJaS,30,London
17rBKQOy,63,Berlin
8RY7zH5A,69,SF
pRLCAZBM,55,NY
AFMRyUpA,48,NY
mor9IbeT,18,NY
3OxKRhFs,64,London
ahZtVPHE,60,NY
cuNI50AO,30,LA
wkxgI1UJ,34,London
u7Vwg6aW,21,LA
uoIS9ppZ,60,NY
rLzLAjhW,48,Berlin
aHjbvNtL,50,London
8xBmDsiy,31,LA
Sowi4zfF,38,London
oeONsdvF,39,LA
SSkxl3ot,22,London
Xwu2vKYK,54,SF
QEZkRsHe,49,LA
WXqOXc7h,20,LA
uKZAQZMw,58,London
JAU9N182,30,Berlin
tlBBikH4,28,SF
NsD27hp8,67,LA
NgUBx16E,59,NY
sQPrnTVr,55,NY
9dfGoaPg,41,London
rTvqYa32,26,Berlin
kZ1LVDy6,30,SF
Uhwucw3P,39,LA
VQrrRyEI,35,NY
GzQzkMCn,27,LA
Tzj0mqUG,64,NY
22iiEY7M,29,London
FIaahNZs,69,London
HlPKQJNp,47,LA
GuSC2YwO,64,London
cukDmbP0,63,SF
NrHncoR2,36,London
9ilxws7s,36,SF
oXEdgVve,27,London
e4r80qWe,18,LA
BSOwTRYo,69,SF
B7D3dyyg,24,Berlin
MSJISJqn,28,LA
w7JN3MLu,21,SF
CANUss5V,53,NY
BHZaABwE,38,NY
LhKnmeGr,39,Berlin
GsIxoXYN,27,NY
X4IeaCHT,40,LA
IEU4qwnd,22,SF
07zsViCe,65,LA
NylVe959,29,London
PEVski1w,47,London
eOnMD5Qn,50,NY
ixvcth1W,54,Berlin
3EZJupa9,35,Berlin
uS8bctQD,21,London
jxSi052H,44,Berlin
koQk9krh,64,Berlin
rvgiBqNM,40,NY
wY3Afxxh,23,LA
M0zA0f3O,24,LA
J7H3ZR0K,36,SF
5jdbeWDn,63,LA
N3r5NgkA,32,LA
63tVkUgX,65,NY
lCRKRVTR,39,NY
rWhgRIot,49,LA
C6uTXp6n,32,SF
qJW5SHwy,23,LA
l8AeagIP,23,LA
oLqtVSjD,23,London
M6P2Hhya,29,SF
18V11qEf,19,LA
ezERykt7,42,NY
Rx0RQrXB,21,LA
bfrIEkSg,23,Berlin
XAgpqCz9,59,London
KKePpKkm,68,London
uRSOTHlN,54,London
VC94rWKk,55,SF
9amaxGok,31,London
d1lB32B6,64,LA
z2D9SAqG,36,SF
B71mLLS5,68,Berlin
MsIqIEjA,24,NY
yOvEMfrd,35,London
LeN8w4Gj,61,LA
CsGWRx3j,25,SF
QWjdty45,45,LA
r9tnD7fE,38,London
x8VG0zYW,52,NY
XVaWMdSj,64,SF
RqMzvDXf,27,LA
hR7Vjbxm,45,SF
YopuPXxm,36,London
lTCkwI1s,61,London
Ji7HahOo,52,Berlin
dc4JWeOZ,45,Berlin
bNdsr5pA,63,London
qI3UMDu1,66,SF
3FDrsG4f,20,LA
DqWXFemb,56,LA
2Tk56aSY,44,SF
N2iA6xWn,34,NY
rphpP4ke,32,SF
W3kNRFl6,69,London
XF6rnTLD,59,London
swWFruFT,56,Berlin
1DthqgD3,39,LA
tMoGy91Y,37,Berlin
1o2Pkmv4,44,LA
s7eEODnu,52,SF
UpeWWIfr,64,NY
mXrp6Wwc,69,LA
fH1kjJxD,22,NY
tzLya0oQ,19,NY
wBuQfr0p,58,NY
zoSk2HuO,67,SF
ksPaW30p,62,NY
8icjDfVA,37,NY
H8v5MKeE,24,London
VR6OuOTb,53,London
w93aQZPz,25,LA
paV2OFxC,44,London
dxj883xf,23,LA
pJRsyI9D,41,NY
jrql6pyW,53,London
KBf9IvHN,22,Berlin
DXKSflk7,37,SF
65MUu0Rk,37,London
kTN1UHfp,58,SF
vv3eeAQB,57,London
Spelhp8w,51,London
SfsKihrP,56,Berlin
XPdqqxHm,67,NY
uH9ud0oX,27,LA
ZiewK2Lh,20,London
eOzPEspm,66,London
2VpuTdm0,51,SF
wgkFCeSk,52,NY
n9zBV1Qd,54,London
ZqHRN8vb,62,London
rlUefIAi,62,LA
4SxbsyNM,55,NY
topDxx06,63,NY
QZD0o1dn,40,London
8JHfKJO1,54,NY
BvMHAySF,38,NY
Sw2dGHa2,44,LA
0EAzjSv5,18,Berlin
rA7ApWYc,26,LA
767QNcx0,20,Berlin
GgksHAN0,55,LA
JcXCWjan,53,London
EzWHaoxy,51,LA
mH9qOANi,47,NY
e7pIotFF,48,NY
EhPSkTM1,47,SF
RevD3pE1,33,London
CkZVIFLz,46,NY
NSc6JGoh,23,London
m8a6IyHi,31,LA
BbpM30ar,27,NY
9thxlB8D,41,London
fbXnZkoS,53,LA
2whVHZU1,41,Berlin
vl2u9q54,24,SF
65pIsKpS,66,LA
I0n4AZAx,54,Berlin
OVzMKERV,63,London
n07j3aW4,65,Berlin
p4SxZQwq,57,NY
gMgFVAGn,65,London
pqMVvI1J,55,SF
iiXn7LvH,42,SF
soRM20Tv,60,London
mwMpLb0P,51,NY
3fgKD1vB,18,London
RRqAO4Zq,45,London
WiVDXcR6,58,London
cnH2qNjR,46,LA
r4tURCOz,49,SF
D7noWmur,22,SF
VpmEYSRw,51,NY
PEyUNt2S,63,SF
KThX2M3O,69,NY
waaU3hIx,43,NY
A1blIEtz,30,SF
5PiRPSZj,29,London
MWW6Os0f,39,London
yhGCpst5,26,LA
phzyYG6M,23,NY
QL2qLiKA,53,Berlin
WQsvPdWu,27,Berlin
BZyhoLhl,54,SF
ESCDTxaG,49,SF
ZQGj8XXg,21,Berlin
3uVLMr1S,69,LA
yYwCw1VJ,21,NY
r5R8l74d,30,NY
xqPwWjif,33,SF
vhNyf60T,60,SF
876QhsJp,68,London
pofiaV8g,67,LA
7hCv3pKO,43,NY
sXH48J8b,50,London
KYfVFrIM,21,Berlin
TpEA09xs,43,London
Eoyn6XRe,26,Berlin
wD8nxXal,58,Berlin
PfJKyoMZ,28,NY
Q3KnzLRU,22,London
b8kMN27X,55,NY
R92G6sx3,69,LA
5PdO97X0,49,LA
EpwIqVPx,46,LA
qdeU6LBB,55,LA
egCxCThe,57,Berlin
ncHzzcpz,45,LA
PcD7Yj2t,41,NY
1BzjUt10,36,London
ATSZzWwN,18,London
YVNbgJpW,22,NY
TJxCrGNG,40,SF
Y3tMo55m,36,SF
ZIxj7B5m,19,SF
tV7jWKZS,65,SF
onJxFCgO,19,Berlin
DE816jTk,26,Berlin
7UHE0CLQ,35,London
dYOE4t8s,33,London
3xShB5AQ,56,Berlin
ibKK2Qdf,26,Berlin
wV3ZeTaQ,61,London
5yWIbnFq,68,NY
UGMceHvI,40,Berlin
jP6W8F7h,50,NY
hI05gcY4,55,LA
Xo7vn3qq,51,NY
DXNcmUqW,43,NY
ACkP3HOG,34,Berlin
Jg5g2HLe,31,LA
9OJsNP5i,30,SF
bmL2IYKD,39,NY
1Hui4O2X,60,LA
O9X0NIir,65,LA
TKYaEn4g,35,Berlin
nXUTm41w,37,LA
iVzWvuGQ,47,SF
ELSe5ZCm,52,Berlin
Ye84KkNT,50,NY
vt4jU3JG,63,Berlin
ovvInXBy,34,NY
TrfmWYJm,52,Berlin
fmb1aXqJ,29,LA
2WjUbous,19,SF
HkjHeShR,51,Berlin
WbV9D5mY,29,London
n1qiPEKo,43,LA
ljHBdll0,49,Berlin
XvjHnlxE,38,LA
sxFTrvK5,22,London
HIXaviBR,45,LA
omosMiBf,40,LA
voURAgnH,65,Berlin
9stq83gl,49,LA
pvBUyNkD,22,Berlin
9eWrm7Yb,52,SF
3jWex9JR,23,London
y62U51r2,36,NY
1ngt5zhJ,61,London
Qo0PXc52,57,LA
QXnEdsxR,23,Berlin
5aKTDkD1,31,NY
gQQW32Rc,20,NY
pS8hNK4F,28,LA
sN5B0YuO,56,NY
DC3mSyqO,58,Berlin
SrQ2TS7a,41,LA
V52fiU5I,60,London
cgo0MwwD,62,LA
1OU407xt,35,LA
Xlmx8dmO,48,NY
A4k7uKzj,27,SF
Y5Ku4T0h,43,NY
jieoq0Rq,46,SF
koX3si90,19,LA
qnLV5O70,47,LA
H86MIMOZ,56,London
XyQPGldX,64,NY
nJQccGDu,27,London
koZciZe5,29,Berlin
F0W0OxuG,37,LA
TEw5nt7S,58,London
3AF4hu4Z,36,Berlin
fiSvcuHR,23,SF
FHnZjYqx,40,NY
RCjTQZMn,36,Berlin
HhhBkUAH,48,NY
Ub9f0W10,50,LA
EG8xmUbG,19,SF
3Q6zmxIx,32,LA
TjynGJmp,28,Berlin
RtqnI2PR,43,SF
IpI80Zjn,35,Berlin
BwktSrcR,18,NY
yhs6Pufv,49,LA
ZN8dTzBS,21,NY
T1lZp3ba,39,SF
QESMWgem,53,London
jfeMAOsi,46,NY
0i7ZPIpv,53,SF
UTh9A5MP,67,SF
a82GbPzK,50,Berlin
VGemImO2,56,NY
ZaAIYNRH,31,LA
QyicFj0Y,65,NY
0IvCrA0P,64,Berlin
QawB2lLi,54,SF
1ULFKwWs,62,LA
ahe1hX75,22,London
aOyTtcE0,67,LA
XgmhsPK2,39,NY
x4nujKNz,22,LA
UjTr5XGo,54,NY
hlFYO137,55,LA
vRxx2X4i,63,NY
fzUnLwLy,51,SF
N74F6W1e,32,SF
iOhOeDw8,65,NY
6eQ9LNFX,54,NY
IQbV6kC2,44,London
9uFwy2Xa,65,NY
XdRVgM55,18,Berlin
PYiPsetu,46,NY
4wfo2w0n,25,SF
vW6y0z5Y,50,LA
64LyW6oH,24,SF
ycAAXXMe,46,Berlin
DxcSrYS1,48,LA
psNNrCBe,55,SF
UhP6RCEH,25,NY
flgIQtQw,48,NY
G09Of8UD,54,LA
ER3mdvcL,32,London
j5UTHgxJ,69,Berlin
jGp4fHhD,49,SF
wPSi1lOA,43,SF
Y8tPTTPp,65,Berlin
ZtpiZGkM,66,SF
FmvElYSf,28,LA
v0sdtfL9,40,London
5ogafBMU,51,LA
0cmzS0G9,50,London
RZ48CytC,34,NY
JuiHJaGx,50,London
eA3yqIjb,19,London
k7PdRYWT,66,London
tf981YUV,21,SF
B3DSGC6i,29,London
CcJjNXd0,46,Berlin
X1UHXDCp,59,NY
wa9MYLQL,59,NY
NHqLBqnh,64,SF
lBnzzUPf,60,LA
UpoxTxwj,56,Berlin
zgcZM0Wa,59,LA
kiNlPutD,36,London
3RbPk3s6,67,LA
NYjFBdSx,19,Berlin
Evww80D2,24,SF
Fj3bPNJx,63,SF
jfz3JMvf,39,London
eoQWnE9v,28,Berlin
1mmlasnH,50,SF
eqSywewS,37,London
LYI8bARD,22,LA
p6lUQjQe,21,Berlin
7ybSAkJk,31,SF
niyPHUkP,20,Berlin
xvkJbdgp,67,SF
55XNxxlP,35,SF
FmJQ1c3p,44,Berlin
nbNpZX7H,21,SF
cguDRjHz,20,LA
3kbTa3b6,44,London
ZNyT1mVi,45,NY
pS0Oe06k,39,Berlin
gOtajZTn,59,Berlin
vRSHDSoU,46,London
NWcm5iN8,33,LA
pkMp2A6M,52,NY
6B5R7ouj,36,LA
SH2khHTs,69,Berlin
dbkJl7HX,47,NY
CbEkDbiE,32,SF
QHhf3dTZ,22,Berlin
UNXeDluw,48,LA
F6qK3rgu,60,London
EejSB8GC,48,SF
cKWNSFam,26,NY
pBJE0hcS,30,Berlin
Y3upPIu0,60,London
ZZHlrZf4,38,London
gDWjqjbw,63,LA
an0zdfbZ,48,London
3wFVVKVA,18,LA
vxfqWXSq,58,NY
BJQYTzpH,30,Berlin
sXDokoil,51,NY
lYTqGhA6,53,LA
yiQQy6Zh,33,NY
17KWnRd7,27,Berlin
3Ri4loFA,55,Berlin
lGsVBpJD,58,London
i03art4M,51,LA
KzCLf09o,42,NY
raRY5W2A,18,London
QifXVew3,29,London
WRnan3iv,39,NY
5AibCAo8,39,LA
AKPqFzac,65,LA
vfFFbMzL,19,Berlin
JiSfWQuf,62,LA
DstrB5p7,25,London
ONBWH9mx,50,Berlin
5Q1Zh9ab,22,SF
Fg2WO0Md,27,Berlin
XapDt1qs,20,London
HOYAgYOY,28,NY
Qa3GbNWL,47,NY
8EWI0Rpd,45,NY
7UGYv6xr,22,London
qFBEILlb,29,Berlin
sZoZpE36,61,NY
ivHHVchO,62,LA
gXTaZf35,46,SF
xOY6n7pB,43,NY
zMmflxSV,46,NY
fzRGia8L,46,SF
kQyGhcSF,31,LA
M15FocYH,53,SF
tCKwBn2r,52,NY
zPVnhxpr,66,NY
DSE0ePmm,25,Berlin
EfuSngu9,33,London
UHsgeeZm,60,Berlin
w2beC0Ba,22,Berlin
7g2RbxNZ,33,Berlin
PmN85MPm,58,Berlin
YYeTOTdS,30,Berlin
s9gHw9X4,25,LA
VSiY2Qzi,43,London
lAWiEx2F,22,London
muNMQGAR,26,London
sVwRw5gD,55,LA
LAS3lcbB,19,LA
R0FkhN9I,24,LA
4XvaSiEv,47,NY
2k21TcO7,34,London
A0rt416E,61,SF
Og0dgUCd,48,Berlin
d3aI9Dju,18,NY
HfFwIU3F,45,NY
etfdgwre,47,Berlin
ItrLUe45,64,NY
h9DOit9j,48,LA
T2LMzA0O,41,NY
IAeFq4Ta,48,London
5cihdyG9,28,London
glPsIB7V,59,SF
ZPZHgmnp,33,London
0PUk4hMZ,26,Berlin
iaEfCHm6,47,Berlin
hd2icNJW,29,London
JNBac1n7,64,LA
PXP3oRWJ,33,London
8vKIB3Eh,50,LA
NOhRYp4S,23,Berlin
jCDUySG4,62,London
l9ro7R9T,18,SF
QL7Lon1S,30,Berlin
arnJyuqa,54,SF
6A4eS4Xz,52,Berlin
yTqUlvEo,61,NY
eL9AMJVR,43,NY
OXTDyRYi,59,NY
j11oVDjB,26,SF
fKwCsuJa,34,LA
iqmk2noV,55,Berlin
ViWQNq8h,63,NY
3Ou8lCqN,52,SF
gXg2YeoR,42,Berlin
yenPacVY,67,NY
pTsrteHR,24,NY
sBq8gyV3,58,NY
Hqvd51ED,64,SF
KWEdaqK7,48,LA
5x6HudlQ,49,NY
yoB1Q8ZU,68,NY
sFT4nJ2t,65,LA
UjvyqvPS,36,LA
RRRrZrOL,68,London
lGjU7EyK,34,NY
ujhC3nra,23,Berlin
qw2sodg4,42,London
rDEnvxID,50,Berlin
aKLZJGYu,36,LA
0SIafre4,32,London
grsrRJpG,52,SF
5zHdjMgR,66,London
Au4XRshB,49,London
zbbZc3Gj,55,LA
8uBAGPvU,53,NY
x6cQ6B99,49,LA
FZ6kShxN,49,LA
QrnwXUBq,57,LA
yF4gNgNj,53,Berlin
Yt5qx6n6,51,SF
jsH8H1b3,27,Berlin
JC11bQ2t,61,London
pl3kQMjY,50,LA
JworTE45,61,NY
7A0K8VHH,27,LA
Fmiuqig6,61,Berlin
XUi63nGT,68,SF
lfJjfYa0,52,Berlin
NesYwrc1,39,LA
3ir6M27Z,68,SF
H1MdxMXm,40,NY
JA7aLF65,24,Berlin
wiefoYh9,38,Berlin
SqaMTsaV,18,London
e9wcgSne,30,SF
kt4f1lLF,26,Berlin
w1KReFex,65,London
FL4JUXLy,67,NY
FnSskMGj,64,Berlin
e57LNoCk,37,Berlin
Kqfoxlrt,64,LA
U4TCgVIz,64,Berlin
9NNJrhO6,27,NY
wDGLq6ql,43,London
znMWaOsW,67,SF
qJrNP3xS,64,NY
8OWZfnyT,61,SF
p6bSq7cu,18,NY
gHJG5y9H,62,London
UZH7vQLX,34,LA
ED6lvvBx,34,London
NiqBExuP,56,SF
lI46jUoJ,60,SF
IborbH1M,29,Berlin
PpQP6ItX,58,LA
6rkXoodW,32,London
YyFKPn8S,18,London
Rmav6XwM,49,SF
mPmNj7nL,28,LA
3KHuReQy,22,London
qc5h2bNP,68,LA
nnt4LTAM,35,LA
LXE1t7iY,67,London
0gzmDfPZ,35,LA
s7Aj0NVV,40,NY
ZAGBrYxi,69,SF
z6HKdqpX,24,LA
EZ7UBDgd,63,LA
R76PmRN7,43,NY
CprpRyX3,18,Berlin
ojw8sT77,45,LA
r3Oryz22,37,London
vg8hwLWh,58,Berlin
nWQzLBRI,65,Berlin
yHSv4Svl,40,NY
WN2GfEe7,49,London
pWmG0yL6,55,Berlin
VTxm2cDZ,56,LA
LZ6SN5fu,35,NY
lcVJmNfe,50,NY
zAXWblI4,42,NY
OYBro42c,49,SF
dht1UntQ,65,Berlin
09Dhj8af,67,London
CfvKHz0F,67,London
faxJwNUw,68,SF
WR0LW7Om,45,LA
wX9h9xKA,30,Berlin
y4UUMYDP,36,NY
MUmIxAic,20,SF
1yRxjIoH,69,SF
Yufj2s7i,44,Berlin
Ypck3Lug,34,London
QlTtNaCO,60,Berlin
3ZHxhqCw,46,London
17MRA54Q,66,Berlin
bTbomHCP,61,London
3Q2WlZ8L,61,SF
gtZL1FuE,69,London
1mZZo5G6,65,Berlin
QUg5zNVf,50,LA
uAUUcuuR,45,Berlin
F246rnuW,37,SF
3ey2Zg65,62,London
YZpAdxkB,51,London
5kWS03hm,33,London
WqJJ1Gvz,56,SF
Vdr1kRmN,19,Berlin
GoVYmjEI,67,London
8uwDzipG,45,LA
jmKu62nj,34,LA
whAqEqRG,65,NY
VMfp9966,37,LA
RHtGGMST,35,NY
srIp6Sf9,45,London
IBACDsWj,45,SF
H0HXP8qs,69,SF
hPtHl3rv,33,SF
fKn6Paec,50,London
GjB6Frqd,38,London
R1mt3nv5,22,Berlin
t3LO1m9u,64,LA
N40lKzLN,62,London
z6MvKwjp,54,LA
v9FDGxpt,35,SF
UjwTRJWS,69,LA
yTs8ULGN,22,Berlin
HWWPL6bG,65,SF
K8Y9e2Vy,60,LA
Udw0RS1O,28,Berlin
kvF6zvT4,39,LA
nvCXVQH1,40,Berlin
buTANmfS,43,LA
eKHWOcgf,44,SF
fvnxgHMJ,20,SF
Ywi1hRfC,68,NY
KFPwva7S,59,Berlin
VL8RMepc,19,LA
Zao3LUpz,34,LA
5bYoTe7B,20,LA
uwnANn8j,20,London
VW46tAxP,57,Berlin
ceirDOkH,33,LA
b0WVKYjG,29,NY
HxmxWW6t,68,SF
Kn7I8YFG,18,London
o4SDLnco,68,London
4vaFrD93,21,SF
2IajHaI0,34,London
PoJCFwCE,36,NY
i7gNxC3s,21,NY
AGzfU2Ub,64,SF
68TobY9S,56,Berlin
2QfO8TGM,37,London
13Y72MNN,66,LA
Ptlnntkt,58,LA
e0P0t6uo,56,NY
KwGsGyae,21,Berlin
4HTuIdBN,34,Berlin
XZ35hhJp,32,London
H8iUZjTo,58,London
h1TSBWlX,45,SF
7WSZtwWb,33,NY
F6dh71z0,23,SF
Dda4UxcL,45,SF
9wHkHwdl,49,Berlin
hINA2ENd,34,London
W1kcTvJJ,42,LA
ki5OzGjI,56,SF
MTBvyNHg,34,NY
z1VaItn9,63,SF
PZfRSGLU,32,LA
0itjOq97,69,LA
wrwfPKyN,67,NY
3APYyfJa,68,LA
RoY1XS2U,35,LA
DlgUHWqc,63,LA
IZUJKswP,37,SF
94Cv5pBy,40,NY
a3NPcN4G,22,SF
82hussR3,56,NY
cCiC7pXN,29,LA
LgknBlCP,34,LA
pB1mBEDl,47,London
vzUHbAzM,36,LA
IZHHsgvB,49,NY
Qa1BOw0r,33,Berlin
mzOZPKTi,19,NY
I5zPZGZk,29,LA
Ogf5FLgl,66,LA
s5WZrtxU,20,Berlin
WAynoMjH,25,LA
ajV7NOe2,54,London
jHW4VZ9e,41,Berlin
mKjCnJuU,66,SF
TqfOcAg8,42,London
OT0pp1IF,42,NY
rrtI13JG,31,London
825CMNZU,63,London
7pjFNb25,53,LA
mtu992yp,32,SF
4arpT9u6,49,Berlin
3TXm3DKH,19,London
wkfkmToE,38,LA
Yq5sCgXg,21,London
8SXEsIJc,46,SF
kHaz2juZ,66,Berlin
WhK3gBMY,46,LA
sGtGDJwj,40,London
ivf1HNDB,20,SF
tPJtdYrl,38,NY
K6H1h9Nl,33,NY
gBk8DH0u,61,SF
hYABcGhN,37,Berlin
8MbSR3CJ,52,London
JLfJzQzv,22,London
BhGFbwVf,65,SF
cCg1ltEV,43,London
Yp7SQOsL,24,Berlin
lQIruNxH,69,SF
4nPEXzH6,33,NY
IfhOy7TQ,34,NY
xXHTz1m5,19,LA
b0qinm89,29,NY
vCEvoTkN,30,London
c1Ca3leW,22,Berlin
IYQ4SXCX,33,Berlin
xXqAqpti,45,LA
R5VpXCKK,25,London
aP5ysQGw,45,SF
RL0oS7vO,63,LA
hfrRcrZM,25,London
O94NolKF,46,SF
6O9JKkiJ,35,NY
G4nytCnV,69,NY
CEI4XV2W,61,SF
giykhwwj,60,LA
Sy1KdOzo,33,SF
gB4rQM8P,43,London
boYdiTfI,39,SF
io35vKX2,32,London
EMDRAFW0,30,London
xb3zZaeq,39,NY
VxCKKUxR,38,London
xu50g5yF,67,Berlin
fnDIHfd6,41,NY
r6OqkbBj,18,NY
CGchCFyu,46,SF
RD5ebNDm,18,London
YKRXc4cJ,18,SF
h2cNWKBR,26,London
AOF5zD9M,38,NY
BdEunGns,31,Berlin
C9ndbPza,45,NY
YlEhC01V,35,LA
dTk4SVfU,50,SF
sArdGlv5,69,Berlin
KwT5CHg9,60,SF
kD8RBKXY,19,London
AA9r1Mzq,68,SF
ynT8ANy1,51,NY
I2ngDoan,41,NY
yoLOqmDA,36,SF
y1LBkMtQ,19,London
59tzSxsf,23,London
d3dwsqEt,32,Berlin
TUG2oBHr,28,NY
lYhIhypp,33,SF
3Zk9fpAS,69,Berlin
ecOiPjVc,38,LA
qLh6QjQh,44,Berlin
qH2ZOhc8,39,LA
Mo7jQ6nF,20,LA
960G9Y8e,20,Berlin
Qs0J9nzj,68,NY
aYFPV9uw,38,Berlin
4jr0NBUT,60,Berlin
0wLZiMXH,23,NY
aatrkcVN,42,NY
P1Ra4vjf,58,NY
wyw4yv0V,54,NY
XnDZ84pu,47,NY
2xTdT2eH,56,NY
vfAKuQoR,37,Berlin
NrYSS2rG,18,SF
cP3Qmj3S,52,SF
3NLrq0lh,60,SF
WvPsbveR,43,Berlin
898szcA2,38,NY
SvVfR2fO,27,LA
2JBrXaK2,62,NY
wRQs0cXl,46,London
4LrDPMyh,20,NY
v9WFqmwS,60,SF
Sqloe0f8,69,NY
plrY8mu2,58,NY
rpevbD4Z,60,London
93mZnZxK,58,LA
6YamzRkU,30,LA
nA1NZb0v,26,SF
dfQ9VMq2,63,LA
Od8gx6EJ,33,SF
Yh5AeYzZ,66,Berlin
aBetLn0l,64,London
ki6fwhVv,45,NY
rZCeICa9,45,London
NVKdvCgk,28,LA
U2bQVVU4,61,NY
briAjGP3,47,London
uBlFWiYJ,28,London
H46j9LJ1,46,SF
1dsGYQva,67,Berlin
mTTTteQE,29,London
koUbRSbC,25,NY
gFHMMXyq,27,Berlin
PDLQUHb6,52,Berlin
Wf9Xhphk,69,NY
N7DiEwzb,53,Berlin
F1f0oD0h,30,LA
krChWgSR,69,Berlin
zvSXWasO,44,SF
292B8uoO,57,Berlin
8mpB7nv4,19,London
uB0apMiR,45,Berlin
QqHVW1gw,51,SF
662o4pdc,38,SF
hUEbmca1,23,Berlin
hdDricGb,69,LA
0SOi12gb,56,Berlin
SBdFb40w,43,NY
Wcf6xkiS,53,SF
sXzPCsyV,57,Berlin
VevpVvhm,35,LA
svV19aFb,59,LA
mpNpT3GU,69,LA
WeWPeBLr,60,London
XGhRo8k6,56,London
FqzIhhez,22,London
X3aTFXr3,43,NY
Xho0yYhu,28,NY
p9fIagk8,67,Berlin
HwNcKF6h,33,London
SsxRYS7T,36,London
Ily47Q0r,69,NY
Io83Se5j,22,LA
04Jyvo99,24,LA
9hKgGIV9,20,SF
Ab6Bq6rM,42,Berlin
3NNpd8B1,27,Berlin
FHbQkzh9,68,London
YRJZJmmj,22,NY
lIeMJUjq,49,Berlin
GDg6PFw8,49,LA
dzW5s44D,22,NY
fGhfjUlh,60,London
Yvpmiss6,36,London
cFXyzBph,29,Berlin
TAbys0b1,48,Berlin
fXFBhD0s,34,SF
U5Sn96Qq,39,Berlin
RX8vV2Zg,69,Berlin
Sv6gY2E9,64,LA
jbxuTPyt,67,LA
EfYOKUzI,58,NY
onyePe9M,39,Berlin
MssBiiNA,66,Berlin
5k54J1GL,43,London
LRNueyKz,48,LA
CpiGYos5,60,London
VhGjAxQR,23,Berlin
x4ZX6m6S,29,LA
oPNmmWTN,60,Berlin
McNwpBuJ,44,SF
gYs5hAhS,34,London
lhzUE0zi,27,LA
8AtmZA5k,62,LA
ZY0egbmp,22,Berlin
UVEzFIHI,21,Berlin
lmgIBbrv,56,NY
29sho24Y,32,NY
nqVSBXQL,19,London
isQfNpV9,66,LA
i33IrLKi,25,Berlin
frjszr3C,33,London
5Br3hVd0,37,LA
O3KYNENQ,41,Berlin
tIaUmpJR,52,NY
2ztehkpF,34,LA
KBWH3C4s,22,Berlin
sQmd8V2y,31,London
Yurlh9Bo,31,London
LoefTsLK,63,SF
5uv9LbrU,60,LA
GbE4bmly,48,London
D6qThNVN,37,LA
fu2xGFI1,30,London
tbVwTAAz,26,LA
3CD4QIO9,69,LA
MyPZbvNP,51,LA
qVqvCOIU,29,SF
luo4ir1B,57,NY
OzcRvEIF,33,LA
OvK66IFq,18,NY
wZGBkjjE,33,NY
bnMcfzji,23,NY
vmuc5qNJ,37,London
NsrjZitF,23,Berlin
VVBtbYHd,52,NY
skhHLbx3,58,LA
lHZHgm4z,68,Berlin
ZFBR6SI0,20,London
wLbLcEMa,38,SF
vbhEFe7J,24,NY
qUUdtscB,31,NY
WbwNXlFo,47,London
SfaBDj9O,39,LA
lLKSD4ov,31,LA
hKDqmJsi,42,Berlin
aXXolUL8,20,Berlin
pVsNTaU5,22,LA
Fxpkad6Q,22,SF
gyB0bqw9,68,LA
ojmqWKHC,59,SF
9DswGopa,26,London
4GEWD1hh,65,SF
Xrd4s2rQ,58,London
6BDd8Bxw,55,NY
WsoHG5KP,54,LA
bdzfSesi,21,Berlin
Fv8aG2ZV,37,NY
SG74decZ,38,Berlin
JJoi4tma,67,SF
cRPcsmAm,65,LA
RZ2ih6aq,41,LA
0LHmm0k5,24,LA
C9DOxDs9,63,NY
BqGh9CnU,66,London
91qj6tO5,25,SF
esnGFLKq,28,NY
NZTooC3q,66,NY
8A3C9vd3,63,London
YfIq0NKk,26,Berlin
AMNWX5ry,23,Berlin
SeRTvZ0h,57,LA
52F7V5uB,34,NY
jTYIKh7o,30,London
80xMyIRp,62,London
piMU7znd,34,Berlin
IOH3wNMN,68,London
t9z6dRx4,19,Berlin
urFJtZkm,47,Berlin
8I9tXcrI,49,NY
AdaPA7ad,67,SF
mgnRwD2x,53,LA
Dabo9NJ9,24,SF
FZtpAizb,33,London
asYH9T4v,36,SF
H54NfjiZ,32,SF
BoyiKCY5,31,Berlin
RY0hL6TU,62,NY
llJeLUjg,69,London
fQlNGgro,24,LA
XsnnkLNn,64,Berlin
ws2zJqRA,50,LA
rq07ZWXO,51,NY
BBkigh7P,41,SF
LsCfAMBY,52,SF
ZexqScB4,38,NY
OFwLgTOi,41,London
lQn0ZHSX,54,Berlin
Uzm0qyxG,33,SF
jBJVbtFT,34,NY
MZ8OzNet,46,Berlin
9XbQYdYY,35,Berlin
6IMtBSbz,65,NY
PUGDXUzs,28,SF
UcJVhGnF,20,London
SHiMVDC4,59,SF
IliEAQ16,35,SF
08PCkXbG,33,SF
njIlJsbd,58,SF
baWeDLae,18,LA
R0VC5vd6,60,NY
ELCkiL4k,60,London
okTSoqHS,44,London
BwDd7iaC,48,LA
YBI6CPLn,62,London
lX0czH2F,45,LA
cpe0D1qH,57,LA
FjEpjWZb,68,London
xrJJt4tv,44,London
Fd2NhMx8,26,SF
7ilqdAf8,55,LA
FZ8XzV3r,53,Berlin
qHoRfSJ3,58,NY
bAaAtYHz,44,SF
gOEkNrM2,64,LA
ykY5Boco,67,SF
OpwrbRFQ,43,SF
iM0dBKnx,44,NY
8EtNbwfE,21,London
2lwFmzjy,68,London
370m9sSU,65,NY
VkKav7dl,55,SF
g0DmrCtL,29,LA
uti9jdza,64,London
jhaPxJkY,32,Berlin
oS23l4vh,64,LA
lczhgfb8,65,SF
nGGZ5kmB,47,Berlin
UmsfPei7,31,LA
ylt0dgbC,25,NY
ere5p4wf,45,Berlin
glQIME5h,48,SF
sHwJr32T,19,Berlin
ORhYOtNF,32,NY
OFbsdicx,57,London
ncJeanPr,60,London
Gd2skHlj,65,London
UwxQ58tB,25,NY
2FsE7gnd,22,LA
LbROlhgz,69,NY
SRsP1Jx6,21,Berlin
IfeKf7aW,29,LA
4ISnW2Et,27,London
74sB6Y7X,21,NY
LfVuCVMC,68,SF
GESV7zBj,27,London
NOhsnsCJ,46,SF
SBo5wXfj,45,LA
tVhEYp2I,46,London
ejcPYOcK,36,NY
Y5C0oWV4,68,SF
yRkxxOS3,60,NY
hlyPpvyG,30,London
DBpAPzRr,51,NY
O94MOcXI,63,London
SO7XSIlH,37,Berlin
gPiCloDJ,35,NY
dMLHWniW,65,Berlin
Ipc8mC6s,53,SF
TA65OtHX,18,NY
rco6WSDU,43,NY
xLoYvHQX,20,SF
EQX0Ed7j,61,NY
TsktCu0g,20,London
idSJ7Vx2,38,Berlin
vfprccgE,35,LA
KM8jg4Wm,48,London
Q0FvsM6w,53,LA
HXYPlcTW,66,SF
VTbs9sjl,61,SF
OXfBSbfk,69,NY
MTxVGkZN,48,London
DmBMn94g,25,LA
dI19bjmr,42,Berlin
Ah6hynvh,66,London
WoYGb6yE,63,SF
A2h1nT39,37,London
jcTaBH7F,28,Berlin
0eJDm9Al,57,London
KGVhY1ld,18,NY
z5cDiInh,38,Berlin
XmEdvQ5z,34,LA
O9DTTqDu,69,SF
UPMJSrVy,45,London
6oToO8c3,35,Berlin
19cMLTS8,46,NY
71r6xRLG,27,NY
ZuJINJ7I,26,LA
GdWaKNYO,51,SF
3xZnTT7o,37,NY
2yJzHx13,48,SF
hYLOLTHE,20,Berlin
AK2aXpC0,18,London
sZlZbDwd,50,LA
sXFcJcWp,67,NY
PPnNNeO7,25,London
lV3xtaUj,35,NY
9SrhXyqc,47,LA
1JiRcqnE,50,NY
DYOasO25,39,LA
O6PAUiHY,34,London
4Q0tk3u9,59,Berlin
JbSdcYFq,26,LA
QrQjVhs3,39,Berlin
KqNuADYF,27,SF
swkPm1pJ,50,London
hWsrQgbU,65,LA
JxFGNLe7,56,London
T0Dqil7H,20,Berlin
EiC2qwd0,34,Berlin
SDqI3mmV,26,London
cGRFeo3g,64,London
pyK3IlFD,57,Berlin
pJKF7mDU,53,London
LgRs7YwK,36,Berlin
3r1dO0iV,51,SF
xRblo7j7,19,Berlin
lYtlFwat,62,NY
LuVOCn5f,44,Berlin
yJSYTRnt,36,SF
AaUmLHVh,50,Berlin
nXZ5vZvc,43,London
KkqNh5yo,64,SF
DHFa0Gid,51,LA
fSwlSvwV,45,Berlin
S261a5Z5,33,London
yNWBFw9v,39,LA
fWL94gVk,45,LA
XLctlZKy,31,LA
1DBHB7ag,23,NY
A2cxh9xa,28,London
gC311eKc,63,NY
8CCVG2dh,37,London
aQvFs2qo,53,London
Ve8aanwg,66,SF
gyvxRBvL,33,LA
CEYKG43o,23,Berlin
a7zjdJE3,25,SF
kdrWtjaR,62,Berlin
ma6QIXSn,53,LA
TW0mi0HG,65,London
WfYA4vSb,66,SF
MQk3wlQq,21,NY
EJTLzQ2N,65,London
llEn3fEI,51,NY
X0zZLmZp,37,London
Rbfm3GzA,41,London
cuzfGkhH,62,LA
A9FosFyi,20,SF
yLAOfE3d,45,Berlin
MssiEQbj,47,LA
fzkIHGnU,46,Berlin
C7dLBxdi,38,London
k6A0eZBa,59,NY
eMBfvPRD,44,Berlin
lVV4CCWr,67,NY
fmVHxmE1,42,Berlin
xtiRJ4MK,20,NY
KFYL4Lai,18,LA
fBavhYlS,40,Berlin
7rih7BwC,60,LA
ovZRIITU,22,LA
PGoW9FT3,48,NY
ltso48Rt,42,Berlin
KGhd0EtO,52,Berlin
B7lrw4gr,60,SF
yv9Vz8gl,18,NY
A453Jnxv,32,Berlin
ATGJ1l3Y,56,London
jMo3E4uV,41,SF
jurNpP3m,51,Berlin
49bHm4ax,64,NY
YdOoCRYV,35,London
zWRDB55I,42,Berlin
s39z1eMD,53,LA
Wm6wHsaL,18,LA
yTYnqmE4,26,London
XDbEPRTg,58,London
q1fZP1fu,48,London
PtgOoKrx,39,London
Oi9awYDk,55,NY
zI6LCAMo,63,LA
0zg4DYsM,58,Berlin
vXcpuhUd,19,Berlin
P7NA4nMI,58,LA
xy9mfqKU,62,Berlin
cA9pGRvH,69,LA
0YJdDhnb,37,SF
J01fUpp8,40,LA
ZJQlhMAG,29,Berlin
LKtwqTpF,27,SF
kNSnfJL3,49,Berlin
1Pd84hsM,22,NY
MdDUTxV6,61,Berlin
JIl8ezLu,46,SF
GVXhmfau,50,LA
n8SDNq34,40,Berlin
BuGF9SZO,53,LA
nChrbd4H,30,Berlin
jGzftg5V,67,London
uwh1UVc6,19,Berlin
JuytOj2O,28,London
g5prKwv9,45,Berlin
N3h3bFa9,42,Berlin
NUsBDyi0,53,London
1xECNr8f,35,NY
K5DvOjiH,56,LA
hv3lMb9Y,26,SF
S4hipVrH,19,Berlin
03mxLJkb,53,SF
wCNNaD51,63,NY
YevJ623r,34,Berlin
ILGrMkAd,50,London
tT3L0Q5d,52,London
A4RiQinA,50,Berlin
KKOzY8ks,49,London
RaoXEDH6,37,NY
FNjawwej,47,LA
GR769JaC,39,LA
O5eBPtpR,42,NY
gLEosVIn,62,London
gTSr58bM,63,LA
cjlswA97,61,London
KPV1k6pj,28,London
ksEuNSB2,67,SF
HGB2ELnr,51,LA
huHOs5gj,45,London
1t7LhZ1n,52,SF
BQL8sGmo,21,NY
Oq4PzqH0,26,LA
17EgmUZp,60,NY
GEmgcGyv,39,NY
4c3pvyR6,42,Berlin
i2eC6x2I,38,LA
oBqarnVn,42,NY
cmAIFXZv,58,NY
MVVlELGB,34,NY
UU7JEskd,32,London
0uSHhXwG,58,LA
pf780LJy,24,LA
hO7TRXNQ,49,LA
arAsYniZ,25,LA
3aaAVDay,20,LA
ezvqq7Bu,50,NY
yMSLyTek,53,SF
eXzSB6we,34,Berlin
JSiAHHOz,18,LA
474iSr80,53,London
cFdkJKEA,57,SF
8iOkE9Zz,34,London
whZzRCdn,61,NY
sv8ZM86Y,65,Berlin
oWCJxkwL,54,NY
ZA69aZXo,42,NY
NPuEuUCM,42,LA
fw7iuvGF,30,London
0auIVkZe,30,LA
yApeODaj,29,NY
rUEiKAiU,49,Berlin
COgyBLa0,52,SF
2a2mpREe,45,NY
Z2Mhvdcu,61,NY
9XzgIl3h,69,NY
G5DbP2oO,37,London
yDqvCRnz,45,SF
zVApREdk,48,Berlin
hkMNO7QZ,41,NY
6CrpkJjA,69,SF
2Xc8ruT6,28,NY
3ljb77Y0,59,SF
xc8B48HY,33,SF
jFVvD18X,55,London
QbftmWJ1,34,London
dL5mAh46,62,SF
Mtkc3VfX,67,LA
Nm3OBDhE,61,NY
5xJbheq1,22,London
q5J86KMc,37,SF
nJl2LYLj,65,LA
VQaIsByM,52,SF
aJKN5v2w,65,Berlin
JJt6sDzC,60,SF
T3og0bQq,31,Berlin
J6BFtCoL,43,London
aCHVrfgh,62,London
oAthf0Vl,60,SF
NKb9p5xc,63,London
2xsYPLMu,59,SF
nb7yFkiO,41,SF
6zaiAOqD,48,Berlin
xKqqxwRu,35,NY
0gIr5Pkr,56,SF
97RRQweM,67,NY
t1FX1eI2,39,LA
4JTSxheg,38,London
mGlQAXzZ,51,LA
FeofRQdd,42,LA
RX0BGxzJ,57,SF
aq6BHxxN,64,LA
T7NBIutd,47,SF
JCfTzYIf,23,London
qCfPEIlk,62,London
8PPzWbDY,42,LA
5jg7kAUu,22,SF
afuNI02A,46,Berlin
QKf8SdA2,39,Berlin
k1V1WVXM,20,NY
WCkJ6tGR,64,NY
8AJHLYn2,47,NY
ki4hnnM6,41,LA
0EV0iR5v,58,SF
fggTCzXS,34,NY
HMnd8nF8,66,SF
1hyipHTZ,62,LA
ou3B9xVW,67,SF
NihopfOj,37,SF
AMwr3W8f,43,LA
R0zG2HIg,22,Berlin
EcSULH0e,30,SF
mJX9rbdr,56,SF
A0MZtRrh,21,London
H4F9aTNI,62,London
9na7vMEb,34,NY
Bo3IF3QT,57,NY
LjYSiYnL,52,LA
NWtMnDcl,48,LA
gRkbBdJZ,33,London
kBIJP90w,51,London
TO38lG71,49,NY
wDXaxlU4,50,London
D5nyekEk,25,SF
w4JPQLPP,47,SF
cV5rBrZ1,20,London
QqlXc32V,34,LA
J9LHI9po,68,NY
NNDNPbFM,41,SF
1gqGVVXz,33,LA
6F3EYjtN,37,London
z6SUAJo5,27,NY
M2zJEAgB,41,NY
h280iXjs,64,LA
tO37PzXM,24,LA
GrApkw0U,65,LA
2qHXlJyN,66,London
050lZ27O,37,London
AwKdqFVr,30,LA
HRnUu75b,46,London
gndqeykl,27,NY
LdQHE5F8,26,Berlin
768E2L1M,24,London
B6Ti0rfP,61,NY
AxuW9XPw,50,Berlin
fJhh1304,41,Berlin
SCRn1Zb6,33,LA
AhftihnH,49,LA
swVaQkVX,21,NY
BDuTkhnt,31,LA
QZCB19gU,46,Berlin
OvjCDj4e,39,NY
QAnMTSkn,40,NY
kz3r06R6,43,NY
RDokKCbO,43,LA
Wl6uJr6l,66,LA
738NX22S,61,LA
0EWpI9Dj,64,London
vwrFbxRg,39,London
HBrOW8ph,61,London
MtswjqkH,20,NY
DXLxwHi0,59,LA
9JPgcYBY,69,London
e2O6d4y1,34,NY
0sRCOsiE,31,Berlin
0Qjlk10F,62,London
FblxRXjH,47,NY
WvRNoyYn,30,SF
zgRYF2kH,43,London
Aek0brcL,57,Berlin
fSkeDGp6,49,NY
pQIiqolT,63,London
W3Ca2lcQ,51,London
BjBLpfjF,68,SF
Em1GYZo7,40,NY
R6aIz1E2,51,NY
nmRF4Mni,61,NY
HejAJkwX,69,LA
HXVWeKLp,29,SF
1ax1bcaz,40,NY
r3IntK0A,45,SF
NOLK9dnO,36,LA
oPzGYpvL,65,NY
Gv9zrs8J,51,SF
WGr4wK4C,25,SF
4j0LjmSV,51,LA
IhYkbO6U,59,SF
1BY8eUUg,33,LA
zt0qTNry,24,London
Z2FfmPN9,44,SF
jxeFpELe,68,LA
8REzItyZ,37,Berlin
BO9MLERN,52,NY
y5K0S0eE,34,NY
qHXSMhBD,45,NY
D69z3YHs,25,LA
m2ENRE7u,21,LA
GLN57ME2,50,NY
EICmnhUB,67,LA
nWNrxay2,39,SF
U0RL9Jdc,48,SF
h7UJBnE0,18,SF
zWnO6YrL,58,London
pDx1WK7U,31,NY
xmUlh8eX,24,Berlin
AUquLvcF,25,NY
2J8A7Lff,25,SF
igZP7FZ2,41,NY
ES7YLEoh,18,London
yLI1qbQq,52,SF
SFK6IrHo,58,London
RjKkvXxS,25,London
fxoc4zQO,22,London
oLerOqjr,49,SF
UQjx4Qlt,18,London
pVQwGxIH,19,London
WGEqZdMf,59,Berlin
mH6sNCFY,63,NY
6HY5rvAJ,32,Berlin
uEDtUiS6,59,NY
UKnvUE9B,26,SF
scoTx7Xh,29,Berlin
RRtWmG9e,27,LA
snSFqgkK,41,SF
t9rilHcG,58,SF
B6ZYYSFY,67,NY
ilGxNGjI,36,NY
hj5rRd7v,68,London
HZguKYtz,34,LA
PpMruS21,19,SF
PUe5e9V3,27,SF
F85ss8Wh,22,Berlin
3JT7DxXb,56,NY
Pjiep5wb,23,Berlin
cNxAeD5U,19,NY
Fru2u8IG,25,NY
F2VKmqvK,21,Berlin
Iabz5rRt,67,Berlin
QmMY0MgI,48,Berlin
tAbiGia5,53,NY
bByTcvIX,25,LA
tWix2Tah,48,Berlin
k7eta5o4,34,NY
SJ0tdrVi,63,Berlin
YxFcKmYi,57,LA
zHv6ZIM3,31,LA
qqSpuXMH,25,London
KBD6ubXI,42,London
m5hj3OQt,31,LA
zJxF8Ykn,40,Berlin
aUQxREzF,60,London
YXMdDrbx,58,NY
W6pmv3r5,34,LA
TY3XDesl,66,Berlin
ypjFIjy1,29,NY
pbWzpdEi,37,LA
oRjDCoDi,51,LA
phuWH9px,66,Berlin
LPveVKiR,69,Berlin
Cfdhf0L6,28,SF
7M8KANLo,44,Berlin
al0SLUKR,26,NY
6YqMc6br,35,London
m2JosZAk,55,Berlin
suFhb5ZU,53,Berlin
jgBgxdKz,63,London
VrP2w3A3,45,London
l5L0OVo1,37,LA
CJR9YBMS,59,LA
rx4IxIrh,46,London
owtVucD9,21,London
QLPTf3QV,32,London
Ldg6l0M6,58,NY
NEkVQ3KL,61,SF
A1DjQw7v,45,NY
1ygy9qHu,57,SF
bs7StHdn,41,LA
ZnLZLqmd,54,London
uOBXD5f9,33,NY
SKKeVemQ,39,London
RePt37oJ,64,London
sUddbdiI,34,London
gOdbYD8z,18,NY
t6ssm1vf,48,London
ztyu8vYB,42,LA
zy5vquTq,29,SF
IKSdkcs8,37,Berlin
th7IQCid,36,LA
0NQY20XD,22,SF
5pZefOyb,32,Berlin
dyEmGR4S,58,London
rTeqPQlf,42,LA
kxdbCNa8,52,Berlin
KE4Bg1jl,61,Berlin
UZJQvLQx,68,Berlin
aJ8mhpmg,64,London
lVBG0h1M,20,SF
Od5LMMnD,69,SF
ved0DCsh,35,LA
n1JBAjny,39,London
ViVk7EoB,33,SF
H4kAjADf,32,LA
yODUIqbB,22,SF
oEAbOCT5,59,NY
2ecpIQHI,59,London
A6KYfurQ,30,NY
nuifLPav,67,SF
YcXXvd16,45,SF
9S7uY2Ck,27,NY
r4wDVSlv,33,London
GPTjh8Wy,19,LA
ZuOksj8O,67,Berlin
DoDa3YWj,53,NY
4CChESTs,68,London
Cl8fPuSC,42,London
rYtk3Nm5,22,Berlin
8y67lPQF,45,LA
DaztHHfB,34,LA
Hbb8WcBU,19,SF
VJzwXi0S,32,SF
py4N1LHy,55,NY
5vbDu9d3,46,LA
oz4295hm,40,NY
5Qt4NSV7,35,SF
6abaKXuP,31,NY
9KQa56Et,49,Berlin
qQdWfvgW,61,NY
3EiiorAm,23,SF
oY2tYbFJ,45,SF
tSXBrjsp,69,Berlin
XKatFpxy,69,Berlin
A4NGXShC,35,LA
4USTiEQN,52,Berlin
72hoTehi,55,Berlin
dlky72TO,21,LA
M3Ed4TPw,68,Berlin
4mVM4aC6,66,London
WIVflvkc,48,London
3gDeCctD,28,London
iHSkjbV1,63,Berlin
8kHGeLYf,28,SF
eEBh0fAV,46,SF
u36g5EN4,36,LA
FlCt1zH8,34,SF
c5JEImkM,21,SF
Ks1MAvul,61,LA
9igkB7f9,21,London
BGDhYCQ3,29,LA
O1ALA0PR,66,SF
JWQZCopA,64,SF
gIDFJBpm,24,LA
FUa56jJS,38,Berlin
8rAr28NF,50,SF
lYafARJK,54,SF
bwQxjjms,29,LA
YBa4uKv1,24,SF
Z9GEkK2Z,32,Berlin
azrgYhpx,54,Berlin
UGrdXQus,26,LA
KfRHPXOQ,50,NY
uVGdtz6O,55,London
6Wnk7tEJ,33,Berlin
DMjrjXjN,48,Berlin
CMFtF7sZ,32,London
QzUZrjiZ,19,LA
qwOeZVqJ,30,SF
8GSjMof4,22,LA
pPtFnHnj,65,NY
IlgLHV84,50,NY
JEO8BS5o,49,London
imIWSE9J,59,NY
LyQLYVdb,65,NY
OLzMm7ZH,62,London
wwzYGuvI,38,London
JdxD9c6y,19,London
TOIuYNv2,53,London
bgXXRZKb,50,London
Duu5QkLz,28,Berlin
BERQckAW,58,SF
LBc4xSQm,40,London
QzcZuirA,55,SF
3oy6DqxD,50,NY
tA6dmDv5,57,Berlin
Vff73Olf,25,London
nFyozmjH,53,Berlin
NzEsZ40W,53,LA
8tHxHEX5,50,SF
YaGtBQhP,46,London
SLnDn9XL,48,SF
ZNfs363y,47,SF
LINaRQXF,25,LA
mgULsSgE,43,SF
Rj3QJYNR,40,NY
WhnTgZNn,67,SF
E4Wsxnvj,69,LA
9qdlBqod,68,LA
sX7Fm10D,60,London
pYk3m5QD,43,NY
dmxJ6n8V,69,SF
J5ei8p3z,59,LA
gWiITgmO,55,LA
ZR7N0dXz,56,SF
dgC5c7Cb,19,SF
FUnLCycq,43,London
aMqLefff,35,London
dliLsXrW,44,NY
9SNpW8eN,67,London
zq9c9Q2X,34,London
PmAwcxRk,62,Berlin
oskQxyxf,32,SF
Xha0OguR,60,London
NFxxPNK7,24,Berlin
trkmvOUw,34,Berlin
xROzqSGu,36,London
ft1w04wP,44,LA
UPZH6F2G,57,London
U7GAESoI,34,London
9cMGnQS9,49,SF
r6SSO4X8,33,LA
6y2k7ppm,47,NY
fL5XBxDl,31,London
HwEHvu2T,67,London
gJstQTyJ,58,SF
g6geDPY4,35,NY
4d8Goc9Z,39,Berlin
ztw3HBoU,69,LA
orY1xrEZ,33,NY
DU3xb9XW,66,London
DuPhwgYS,66,Berlin
a1OdJpNt,33,SF
lNr2aiXq,43,London
nxwXv3MC,68,SF
pWAP4M9o,60,LA
C2Ra0xZV,23,SF
CVQpi1lm,68,NY
br3AilCZ,24,NY
NCVTVgca,26,LA
kGnTbWJu,61,LA
MOf03pD6,43,LA
y8eDb741,19,NY
PDqope74,53,London
7ARaFykF,20,NY
nU6O3wlD,38,SF
evHLpch2,61,LA
cSdnt1DS,20,Berlin
bh99Uqnp,26,NY
JcP5YhJW,29,Berlin
LmH7W7z4,25,London
yFjeXx0i,68,NY
wLAMAoRp,54,London
36oLfCXj,38,London
21MsxaUj,54,NY
41VWZ19T,57,NY
kvJyrPG4,20,London
ydHwAIjT,68,LA
m7uS4rnG,58,NY
voMdm7wM,38,London
SDW7ZLmM,43,SF
pnk6aN25,41,Berlin
Hc45afEh,63,SF
cmLXBH13,69,NY
XXcbOk5x,51,NY
yUCJ5Zak,49,NY
ON6QlW4t,44,NY
UnkSHo08,64,SF
C6zWsD7f,47,LA
FK4YTZUM,21,London
nFTEBysj,19,London
D5ARmc69,40,London
CwCDOdWM,58,Berlin
VWgvmOLO,21,NY
sZEia3C2,54,SF
EzIa5otz,28,SF
JbyisGP6,53,SF
1EONrW9v,53,LA
B8jx9cKy,32,NY
oZxXDIlx,54,London
Olfvjhnb,20,London
wyzyaFfu,65,NY
i3k6kqFQ,47,London
9PYQnhtT,40,London
Ww7RwLfr,50,NY
LJCXPndO,18,SF
HkpK3KEi,18,Berlin
qarYnyMZ,20,NY
WHeSUdWf,26,London
HIZldWwp,49,London
QEzcUAA2,30,Berlin
a7MSanLv,62,Berlin
1JmD2yz1,48,Berlin
HjRlbsBY,38,NY
pipwpyRL,40,SF
VApOEV3i,30,Berlin
XE8IIvHm,43,LA
zqXA5OV1,42,SF
qdkLMPR4,25,Berlin
khjvohN3,57,London
KWt9zVtv,47,NY
Z75yaBgr,68,London
0bEmA7Z7,22,London
GlUX6fxL,41,NY
mHyComv7,27,SF
wcz4ZzI7,36,London
1lDEXTWr,52,SF
rEBLUmaw,39,NY
SKjEjvBY,56,Berlin
vmq7zNP1,55,London
EBvQoGan,24,London
Lz0lc58u,56,NY
eY0OO0jT,37,NY
SdkB67A4,57,Berlin
wEQZX0do,49,NY
FMBjHF9U,19,LA
QkT2SeDz,32,LA
A4Kf0qhH,27,NY
lj5Ajl4z,38,Berlin
WyZww1sY,32,LA
92JD7q2Z,51,London
OA7lqANt,52,Berlin
Lud7gu69,68,NY
0jqXLwt8,22,LA
dVDPd86b,36,Berlin
itjn8kEb,24,London
j02IyYL4,63,NY
kILHPxhJ,61,SF
wI2u1y5P,59,LA
SeYvQuxr,59,London
IwYhHAgP,53,Berlin
XB92pCjd,35,LA
EJ9Xrjlm,23,LA
aK6UB3V8,69,NY
MLvuBaem,21,London
uNsdQzAJ,22,LA
WQHcetXp,31,LA
fOEtZGuR,58,London
o1DF0NdN,64,Berlin
rH3bMxCR,50,NY
8dh0QtpA,38,LA
Zni4rZdM,30,London
U3Vapojk,19,SF
uSx1NVwX,32,Berlin
MUUTovEa,64,NY
y5q7mpSe,33,SF
tzBEcjgM,52,Berlin
f3HX988v,62,LA
c2RcqwBj,37,NY
tNw5ZZ4l,18,Berlin
W4iOA9tf,63,Berlin
2dCRjgXc,20,Berlin
6VxvA9ao,34,Berlin
vNVhIZlK,34,SF
STcZDZwY,58,NY
7lFecP8O,37,LA
MoPC5msG,37,NY
uFwBq61m,21,SF
K2h2MeAC,28,NY
Z1IQPKk7,32,SF
CKKzqI6a,62,SF
pC4LpXGg,44,SF
pmw7h4ll,41,SF
coxLzu9Y,37,Berlin
CbovcWVo,61,NY
KCk94fqg,32,London
sWqXFNpH,23,SF
MIB5RxkM,35,SF
nkFh02gH,39,NY
e9f4RPYf,66,Berlin
1JrwoE5I,38,LA
taYD5DnN,41,SF
qEESL5KU,34,Berlin
nV9lr8RJ,28,Berlin
PpqeUNK8,35,London
ihxAInLi,52,SF
hyaZFM1N,48,Berlin
Z2MBchda,45,London
8c5d3aXX,41,Berlin
U4ojE2aH,53,London
MLtS2oD4,62,London
DB8aBamv,41,London
IKgQwAnw,50,Berlin
3c6qhWMf,68,LA
elWC92Lk,47,NY
uvHIRv2x,69,London
cQMKWd9U,54,SF
xMFOPOri,30,NY
rlOw1qMw,33,LA
uNUCQp97,65,NY
KdT4LeLM,60,NY
N1yJahYI,26,LA
GQUTlOmm,67,SF
N8QCbPhT,64,London
oynF3NtP,30,Berlin
7wyXyZPO,24,SF
TLl3gMew,52,SF
hmDQYmZN,61,London
KihCSjZe,43,SF
2GXLGjwD,67,SF
NwtOripS,26,NY
s0rSPvDI,52,NY
y2X8P458,41,LA
Vn3aGNg4,50,LA
SYPOGoat,38,LA
YeUrEIvP,39,Berlin
6k4JGdg3,56,London
eNg83Nzq,36,Berlin
B9gAh5I0,61,Berlin
qvLdq3FM,63,LA
VrrfZZn5,62,London
qWrNTquf,49,Berlin
QL06W79x,22,NY
jYvnIbeN,29,Berlin
uR1e1Bbe,57,NY
rzzTQuLS,23,Berlin
MuGQGaBw,35,London
8i4gC0tS,24,NY
YYcni2uX,36,NY
3EVyoeO8,32,LA
xb6JNMCZ,59,NY
l2DpZDcb,26,Berlin
Tfy97pzd,37,Berlin
vVe5NVdp,65,LA
XsI7Sofn,37,SF
4iF7JLAJ,21,NY
owQTQ9Ub,27,NY
lqFZonsO,59,NY
yVix86Ig,57,Berlin
2ID2BCZd,18,London
t8C4Q72Z,52,London
S8tJ9xe5,41,London
iliwuJ7I,61,LA
D96NnFSR,24,LA
RyJK4VZ9,39,Berlin
Q0TtK4ap,40,London
Ds7CggI9,18,SF
wZ2yNOtR,41,NY
rq6khXXe,37,London
BWlkp9eB,49,SF
SFIR7yTM,48,NY
trKwvmb6,50,NY
tXWWPu1M,53,LA
G3Jx65M9,35,SF
pRQhfSSG,54,London
5VEIlQBh,50,London
iryHgQuT,50,Berlin
hlkbb3iA,22,SF
dBzmSUu9,35,NY
940QRul9,26,LA
NpJZ3QEu,59,Berlin
SCAqXiRM,48,LA
X6lekpEA,24,NY
xVGMrJWF,32,NY
4UUOd5aA,63,LA
pJPReQoP,21,Berlin
HW45u3S4,63,NY
ix8fhb3z,56,London
Pm3DuUz7,25,London
tOPyzm4z,41,London
4XB2o8qH,25,Berlin
cMUWIDkO,22,Berlin
wwxICbfY,40,SF
NArc0Pd5,60,SF
7t4WclnO,51,London
bYuxp6I6,32,LA
Fg7Bxqz8,68,LA
jPEod2Ft,67,London
7F68EAnq,64,SF
0iXtliRI,36,Berlin
EqxRJnBX,42,LA
GLgmqYgj,56,Berlin
iM7Dfppb,21,London
2bLD0WgJ,63,Berlin
wn0MBPM7,25,LA
RyLaYgWY,46,SF
idRoG63g,59,LA
0ICkWRWX,30,NY
buZtt3Ny,55,Berlin
5vqWT5k0,53,Berlin
1icWNjxp,54,Berlin
3WzK3cXa,59,London
XQTzJPTd,62,London
oGN4KbIE,68,LA
uGEl8Vto,60,SF
NvUw9pCK,48,NY
LJb1VeDH,36,SF
vK9KT5TV,54,SF
YE9S51wo,42,NY
3aucTe0w,54,London
BnJEecfR,18,Berlin
3aPgPuR6,38,London
bBPkkDQY,58,Berlin
MylsPPwI,56,Berlin
o3HAfKmJ,58,London
xk7BaYoT,43,SF
VQ31WrWG,59,Berlin
JuuVuuGs,20,London
FSewtOIC,67,SF
TAE58wMb,58,NY
7diNviRK,22,Berlin
jTX10Wps,60,SF
EuQmV1tF,46,Berlin
azYEzOdi,50,SF
5W2AqKMz,19,NY
SJstMAvW,35,Berlin
atwgtXcK,69,London
BMRxLw6O,31,SF
jJgnKXz0,57,NY
tHj9FfhA,47,Berlin
FNHHnWAU,46,NY
VkQ3nEe8,46,NY
XNeaBeof,36,Berlin
e64QZpGp,63,Berlin
VlNFjtSo,43,SF
zIAa7Nd5,63,London
uSuRNNQF,69,NY
MBXotAFZ,57,Berlin
AGXgP9SZ,26,NY
edUCkjWD,63,SF
CA6soWxu,61,SF
0VwzHrwp,30,SF
7sPr2fmy,55,London
hDg4pxUZ,48,LA
N5KAFSdf,31,LA
PYaRFLnc,48,LA
T3pmXMFQ,32,London
yXCEiiC9,51,London
hmvwXnY1,67,NY
FaUL5bSL,27,NY
iDgGVOaT,38,SF
vfZlpnE0,56,London
M0tYvmRG,42,LA
s453QROT,54,LA
KQ0Sr64V,57,NY
wvdEXKLk,37,SF
IYSSgtO4,62,SF
ze35Lv4J,24,Berlin
I9IPWvPb,35,London
v0FKhzoy,58,LA
WnsupOYc,61,LA
RIAieZ2O,43,NY
8XcHEvPi,34,NY
OCBmApAW,59,London
jn3b8r4N,24,NY
qHovHtKq,45,NY
JlWsE4wt,38,LA
Zc0VmaNB,54,London
Hk6A5zSc,40,LA
CRdkZCrC,64,LA
MNdnvZhd,65,NY
mmtnAmdD,65,LA
4SN4xa0h,27,London
04VfyKxx,63,NY
PqEWfb81,69,London
vPaxi6rP,34,SF
jKlKwwUf,55,London
SQrEizZ1,18,London
ecW6NTxh,28,Berlin
8eNO8JCY,50,London
jTSTJcOJ,48,LA
M0BCEPZM,61,LA
h2hFePjA,41,NY
yMO1MLJc,37,SF
lH4Qoiie,64,NY
ItZxJ1sl,22,London
GxG7CFMs,59,London
JzuS6Pw4,43,LA
GuYJAnXN,66,London
ToZSxwcP,59,London
rKy1Tnhr,24,LA
6cQyylcv,44,SF
l4UyzJeP,35,London
1sDnRHRR,55,Berlin
hRFAomAM,48,SF
VuHGconB,26,SF
JGRgg6hX,19,LA
u2OqGsEX,61,NY
4lVybIuC,54,London
IyeHQf3V,64,London
5oiLkUvY,62,NY
6ZqXyENM,46,London
7VPPB3sX,51,Berlin
JQxpVU2W,32,NY
jvfYu1rr,63,LA
qGeDQ4m0,26,NY
dAfLY9uB,33,SF
5evWmZXF,19,LA
JwjasbGq,18,SF
kPC1Rrbh,26,LA
Z88OBVIC,37,NY
Xoy12PQt,63,SF
BWFMGPU9,19,LA
9iO970Bb,18,London
8xCxHNmt,27,SF
S5Cl5qCA,40,Berlin
hcdjLtCL,36,LA
dkFnYuVg,35,London
rjVADlal,41,London
WZoynd93,69,NY
aeddjsew,39,NY
byLefoae,37,SF
ZXjjnQfz,28,SF
7CGkYTmw,26,Berlin
tWs3ZuNr,32,London
rl83CObX,33,LA
NAGggSov,30,Berlin
bnNNmSbt,23,Berlin
z6wJSJvK,42,Berlin
l1oUD61q,64,LA
PueZhec3,32,Berlin
ptTGP8WF,35,NY
xRbQbqL7,60,NY
5p9jwsXS,50,NY
UX9Fs6zc,31,Berlin
I3ZWpRXh,51,Berlin
dUU8EFf9,19,London
Tj46KAkT,37,SF
x2KimZMn,59,London
Dl0OwYKQ,33,NY
wMkkW8NU,20,SF
SyjGG9ha,63,London
0gVvNaHl,47,LA
nGkHQzfx,40,LA
2bG8G3FY,56,LA
pAoaZSGk,68,NY
oLjef1jE,68,SF
u9sigaIb,40,NY
BBTCJjgS,68,LA
6gW8VKfC,20,Berlin
HPSzp5Ne,30,NY
imSKh9T4,68,SF
X4sJI2MY,63,NY
kIP8tVBc,57,SF
EpJkxJHe,46,Berlin
Nz1NP41W,40,London
o0UeGVXj,57,SF
ScqohM0s,34,SF
9ZXrb0Is,38,LA
xQcPdOcT,46,LA
8OyNZ9VD,54,Berlin
e1VqXAKy,22,NY
lHVFWOIb,38,London
yPoypenn,19,London
K7fQ9Gvj,40,Berlin
9UrJLDXm,28,London
BBTpijXv,32,NY
FORFHGmg,40,LA
Hp5ui9Dn,24,Berlin
DrPOBUaT,60,London
HA1Vru1F,51,Berlin
Zyd5eFPc,55,Berlin
or3FSJ4x,58,SF
dMzDBR5u,66,SF
whiqP1oY,68,Berlin
Y4Teya9t,61,SF
FCQZ7Qre,23,London
1tn6sxsN,33,Berlin
XU4r5M6q,19,SF
BOn2OhUX,49,London
rCv38wPB,60,LA
inxKWSAn,64,LA
DzeCln4e,55,Berlin
qww2RZ6G,45,NY
BwU8nTJ6,58,London
yV0KRf6e,26,Berlin
N77Mc6B7,42,SF
nw4E8Iyp,67,LA
UYHQQ439,43,SF
kUKL6W6I,62,London
VhHVFrZm,43,Berlin
bZ8RcURL,22,LA
zwNtuIrL,34,London
uwIyWPeF,43,LA
VEDzTOzy,43,LA
9Bn2PaGI,60,Berlin
kj3vWJlP,26,Berlin
tuBd1gZX,40,NY
QYUNqWhW,69,NY
odnw2PEZ,41,NY
PEUGz1sC,58,NY
bLJ0yjgu,26,SF
JlXsOBTW,27,NY
r46b06Za,69,SF
iRReyuVK,23,LA
PLlE5INj,21,SF
dgmEo41Q,18,LA
y7gT7e3P,23,NY
CCFNrAaM,55,SF
yse5oACz,46,LA
D9wmw2AA,61,NY
9io5thbA,20,LA
791XTlTm,62,Berlin
IZOuqWO0,41,LA
hYy2BDP3,59,NY
Qi2EEk3P,26,London
7iYxPop7,34,Berlin
lk1juvM2,60,SF
BiyMWOiY,55,Berlin
V35i1GCF,59,NY
RJdeuQ9D,67,LA
kly69E3g,31,London
hd9fLsYJ,53,NY
dRbzRKhJ,62,LA
uEi68m4y,50,NY
Y6B0bz4i,37,London
1uBdHT6i,51,LA
Ke8IFby4,20,London
UKZ1qjin,37,LA
fsfE4bKI,20,Berlin
WfXe7wOF,23,NY
6sgen0Xu,46,SF
zFvx0QCD,56,SF
j8kYWwZP,60,NY
t4DDu0hB,48,SF
pcaBQC5S,56,London
OfpS6zlh,66,SF
MiwItXpM,38,NY
aYlglSdV,68,Berlin
irSQ1Ghh,61,NY
4fgIzJuL,18,NY
6IitFR55,50,LA
XOo9pRZN,67,SF
xQphOfO7,27,SF
X3VSIuj9,69,LA
wh1coNA2,43,London
6kfj9iJr,20,London
ge6ZyVLp,31,LA
vkT2SX2e,25,SF
xt52Igv1,65,London
qDDYli5c,67,London
mgRmHfOe,49,Berlin
O5FIp8Cc,58,London
2s8JqUd7,53,SF
nZ2Xu2yp,44,Berlin
3jGdfXNp,50,Berlin
QbEzdStF,38,SF
L57884qq,43,LA
rl734bMe,31,NY
fMTNri9p,60,London
JeOTSUwx,53,LA
z22mP5fc,45,NY
xYdXJEpT,45,SF
3Tj2bG3D,38,London
XSrnT8ew,65,LA
WnZHH3Wf,58,NY
8CMwDyer,46,SF
HRvxHb8l,63,Berlin
ejoTX9s5,55,Berlin
XpIR9xTe,51,Berlin
c87lfgNy,18,SF
BZZmcsri,37,NY
7QOZbBO5,43,SF
leHnNuzb,68,Berlin
KLWx7ATs,44,SF
yknF6Wfk,40,London
7lbMtY1R,24,NY
xJ7hUW7P,39,London
92f7O9pv,64,Berlin
nOwkh1bR,54,NY
DmbhOIUB,52,London
EIpO7xJN,64,SF
L90vO98S,21,LA
dZ56azkb,46,SF
zbCwUovC,54,Berlin
7OJe9dq6,53,LA
g3QBlt6Q,20,NY
J1R0Vg9T,19,LA
A6CHfxwk,22,NY
Bx6QiR0q,35,London
GWV5jFFm,51,London
sQoR61Eg,32,London
BKPVnDYc,67,London
geTahT1p,67,London
rOY2fIjX,57,LA
NhtjSDFY,61,NY
XnS9BtAI,58,London
24Y6xPSO,68,London
LFVQ9sRF,18,NY
MTVdXowd,39,LA
l3rBKIGX,42,London
kckcowv9,34,LA
Vp0sbGdL,50,London
V2YlKRB0,69,LA
QOnkBRAv,34,Berlin
788XAxaY,55,London
TxuANwOh,22,London
r6Q3PU0B,54,SF
r0U8nkDI,60,SF
e1FB7Uhb,60,LA
2RP1ziWL,28,SF
1O6DLjaX,29,LA
yYTaCX2l,61,London
QeZJCXWS,51,London
YqH5o4sN,52,Berlin
9G1B6yCv,56,Berlin
X5kliaYr,69,SF
taHbXD6Y,63,London
QSTmt4sX,33,LA
pxy5q2Eb,41,SF
60wSYSjw,48,Berlin
Eks0QDSQ,31,NY
Bk5Rcb8t,66,LA
Jd7u9LZd,64,NY
vaNJisGV,49,SF
KqEG0gCe,60,SF
tJaT1osK,30,NY
AfxwaayN,55,SF
Nku9nCCk,34,SF
SVKxuapK,61,London
QcmoinK4,53,LA
KBkM7dDF,59,Berlin
KW0zpoAI,35,London
GU4FTsbW,36,SF
WJaPjsjS,24,Berlin
dKZstDp3,47,SF
YV5ry5eH,29,LA
drFHQO4T,28,SF
VUUTkM3O,46,NY
5JYVqhpa,20,NY
rW5Ybgam,51,NY
OEMQ7ARl,51,NY
8PxHiy4e,48,Berlin
RwG5Hq0z,39,NY
BdBefb9z,19,SF
lTYv0L6R,44,London
cmjilFp3,64,SF
cTc1YOr4,53,SF
5Hpc2w4x,49,SF
p3nPSWjE,52,SF
2mCt1KjD,34,London
ZJEA3kED,51,NY
YVrxAK1s,43,LA
dDuan1y1,27,Berlin
md1C0bKE,56,London
T0S2zUd0,26,London
nW3HevhR,42,London
7HYNTKPu,37,Berlin
ubboEgxD,32,SF
v1rXfR7v,57,Berlin
OnyU5EjM,66,London
FtOBnobl,44,SF
9O72rQid,28,London
uz3eLy4y,33,LA
eOyUOwyj,47,NY
qR5kWMAC,39,NY
2NFUKXwh,41,London
bV9fZ94F,67,SF
7KzGCoFk,41,LA
VMW971N3,53,LA
2xPGk3az,35,SF
0rnkHh9i,37,SF
pgq3Dnn8,25,LA
RjzgPgtE,32,NY
QG48v1fm,30,NY
H1k5mVwh,53,LA
1MSbMQPS,31,Berlin
iepNndgf,64,LA
DeYV09g6,64,London
uqae8kVK,41,Berlin
oJYO5dn2,54,SF
lYOZYi2E,41,LA
8V2GH2Fe,64,LA
pQS00t65,35,Berlin
deFhJTj7,49,LA
j5Zo2kiJ,52,London
UJ0lNVEa,37,NY
eZpl0Lr9,59,LA
najrFyl4,49,NY
w3m6Kezv,54,SF
wxRZS5rl,54,SF
rxUELStb,64,LA
NBLibKBl,50,SF
dftbmrae,18,LA
AReJkMBc,65,NY
e4lehJDU,45,Berlin
A9HGAxrX,44,LA
Z0gTXd9j,34,Berlin
1QOHD9lX,63,NY
zxZyHWeS,32,NY
xzBI6YrQ,31,Berlin
yf2ZwDvH,48,LA
FJWrWBpf,51,Berlin
vxtyLj8X,20,LA
pfiWVQHz,29,LA
12sS4Hjk,43,Berlin
eOMFCSuV,41,NY
DsoRU7RL,51,London
ch2yRX9p,25,SF
RaJxNVXw,29,London
VjGSfeIW,26,NY
1dy2syDf,43,SF
zNQqUgC6,63,Berlin
dgEk1n7c,55,London
qIOBqIYx,66,LA
duhGt7y5,60,NY
FkAsREDd,36,NY
SzsSzAwd,38,NY
ApY2s4tC,30,London
co2XSIJA,52,LA
w3TZ9uIP,20,London
qXJEJQka,42,LA
FnDxLNvG,49,SF
tJzO3L11,38,Berlin
1fMkxWyK,31,NY
zqgGMu9O,48,LA
5ajrp5Ig,25,London
5bh2EFQj,24,London
bcXO7OOb,53,NY
ozKeNvU0,52,NY
qlf44G4b,36,NY
pHxR0kk6,19,SF
EEzVJhu2,22,Berlin
0o9WwnVF,61,LA
THJoWCnx,19,NY
ZCxCXbg5,35,LA
TIz4Npn0,32,London
Gz8X3Y8b,33,Berlin
0E46avKB,29,Berlin
71gzzcl7,61,LA
KzbMErMo,53,London
YQnGNtW5,39,London
PCS6hEip,45,SF
HyWHVrjM,57,NY
CX6YmBsN,60,London
rgb9wwPT,39,NY
6dAOKisE,21,NY
s7bDiJRv,29,LA
1kiirVvx,38,NY
MYactz1D,44,LA
sRZUkQ5x,40,Berlin
uV86Ujsp,59,London
HgL9pd9M,44,LA
u8WMmK4k,58,SF
lwBzlkCt,33,LA
5QKvKZKP,49,NY
lncNc7DR,53,SF
GSSIEtP3,34,NY
EHQk8JnG,35,SF
ScYeaAXi,44,LA
UD0mbYjI,24,NY
i5ShvOwk,58,LA
noDiwTyq,55,London
5g3FcBf1,37,SF
Tkf5MIw3,52,Berlin
fagvKa5g,64,Berlin
MM1Yrl5n,50,LA
wfU0Fuyz,43,SF
z5THhcu6,41,SF
7VhUE00U,41,LA
DzguiLpU,48,Berlin
h8lArtSN,44,London
nl157VYN,66,Berlin
zBh7bT3s,26,NY
aEhvNwW5,19,Berlin
0MVz7oeN,23,NY
aWVUPgYF,48,NY
k9ylTsWA,42,London
DQeFPTyB,33,London
HQKPPchl,62,Berlin
r9D3lbP5,23,LA
UUKmaLwb,40,Berlin
894Z6Jkp,64,London
9cbyb3rq,22,NY
rZS9bDSa,34,NY
laxpmL01,26,LA
PN6Agued,43,Berlin
1c8OER9n,30,LA
UbH3QW83,24,LA
H08NGyE3,65,Berlin
h23pWr1L,57,SF
4lZVvmhP,35,Berlin
0kI8ccjf,54,LA
hd5UHgfQ,62,SF
chCCLJFu,41,LA
8lEedfJs,49,LA
i9P36vYT,24,LA
49l5H8ni,37,NY
TVPF1mbG,62,Berlin
IdpjLLl8,51,London
G2mVRR7N,36,NY
iBquQWOy,63,Berlin
U57b6GiY,31,NY
ak8635ak,49,Berlin
NJEKok4U,26,SF
g3wsLcA9,53,London
RynjglE6,66,SF
KoLxYIe5,43,SF
GYgRYKPw,37,Berlin
5noLYtOs,46,LA
zZbDEdor,33,LA
LoTF6pkE,48,LA
OVTO2UHZ,41,LA
oRMoDqrY,47,London
7z1SqGdw,25,SF
L5JawfVf,43,NY
TOGAHY50,32,London
snGA9wCx,67,Berlin
cmmW97f8,27,London
XXR3K2jm,53,London
GMyQD4yr,56,Berlin
FNBEiK8F,41,NY
4KeeE2or,66,SF
qGGYmWLN,25,London
E70C31tD,18,Berlin
52NBUyWG,27,Berlin
fyUFfq4m,64,NY
xxfoVbXh,40,London
3mojaY4x,55,Berlin
n4hmNVJw,27,NY
JkgTyGGv,50,NY
IWZd4anT,48,Berlin
iBFSjTor,55,Berlin
Xmuq9DkT,30,London
Qfw3J8vD,52,London
0k3EuSUF,61,SF
byTJmbdE,64,Berlin
lD4j2oqT,49,LA
dHrij2hv,39,LA
DQMBtuQ2,24,SF
ewvYN4ra,23,Berlin
XAUY76i9,58,NY
DGxvTZBR,33,LA
Pe8WcDKD,29,London
UFSecyES,26,LA
CHv1GZZc,57,Berlin
UyxrmcTx,22,LA
xSTCZqck,20,SF
6iCZ5sCd,53,London
cF6W5W6E,60,SF
BURVXWOS,27,NY
gKxA9gJY,25,NY
hDL0sX8w,26,NY
1PnpP6zz,30,NY
FNF3rPoM,36,Berlin
N1Ou9ePe,40,Berlin
yPaONlIn,60,Berlin
VdtrhpQ5,41,SF
1eKYLy0z,20,SF
p1Xuo2ne,50,LA
61wqYp04,40,London
y8LwVTlo,31,SF
SlTO2Ur2,36,LA
PPeJOdXn,50,NY
IN4MMeDe,40,NY
tMAkFdFy,44,SF
vOlQ0wVJ,29,Berlin
upYVXfGM,63,LA
jVlEReZI,64,London
mQTBfNcu,24,LA
sjw8SvDO,53,Berlin
krJOSmZ6,63,Berlin
tb6LbYal,35,SF
8gJy6lGl,33,Berlin
8Qn8H14z,31,Berlin
XDTLaAZH,38,London
iD3m6CUC,60,Berlin
3jL6Eqdh,44,NY
8r7jnYYg,42,Berlin
qx0IQH85,55,NY
xfFNdCNG,32,London
AFy1QrTs,27,SF
9Zyr9TNU,47,NY
cLOjI7Vw,61,SF
G481zuZg,26,SF
lGjUhJWs,45,NY
vvW3XvGu,66,LA
aPfVC9Jk,35,Berlin
C0qr1NH3,28,London
vnX2NbdH,55,SF
Hw6up2ZT,68,LA
SbvH037e,19,SF
V3MRGu81,39,LA
Pi5XBDHR,40,London
98gqVg2P,37,LA
ajG2UbS2,62,London
fzT5cnXm,46,Berlin
2LBp2XG3,43,LA
KB2DYQvw,58,SF
vcx1AALh,29,Berlin
ohED1aDQ,65,SF
qDCsVdEp,46,SF
68FajcEU,36,Berlin
FCHJf85Y,51,Berlin
m30chEfc,65,London
kns3HGjV,44,LA
MWwRULHG,47,London
mAplcipU,54,NY
vCXBkQv8,48,NY
Je5Lgp2n,45,London
Gh05bRwG,42,London
f6jY2Iex,66,LA
GUZ7xVo9,23,Berlin
G80MJvoZ,24,NY
Fv72VqBB,23,Berlin
Z313XqMW,52,SF
GBVnQYUp,42,SF
6ZR0pn8l,38,Berlin
ct4yhVUr,64,SF
QwFh3jwV,65,NY
D6aePbm9,34,NY
seyYCrHo,58,SF
OQ2qoniv,43,NY
PinS98wk,58,SF
dmrxYf5d,34,LA
b1XrLarr,24,LA
RCZvDkKU,42,Berlin
W9g2RHVv,51,SF
EZPkTSmo,43,LA
fGwZ4pN1,23,LA
HWK5LT8V,27,NY
0JSr4fWV,34,Berlin
9sd2olsu,31,Berlin
dv93PATZ,20,LA
zMR1ZFhO,65,LA
PsPlcxfW,33,Berlin
OPyYNcZB,22,NY
wddb2kNq,65,London
KJKH6umi,40,NY
ey3Qo7pO,44,London
Z4vzsV7K,22,Berlin
WS8QlQQR,54,Berlin
UK25Qptg,55,Berlin
SeSbaNrx,35,SF
CBVt3JeN,29,SF
bzl5cF90,38,SF
erIriw5L,24,Berlin
LyNuMW7N,34,LA
SY5eeqef,59,Berlin
RA7CiwdA,26,London
APimPOJL,58,NY
dbRlOART,41,London
BrziMOun,28,NY
Op5gODTu,42,London
CgInozCS,63,NY
WPXColdy,54,LA
BiTUH3Lw,24,NY
Mc4HM6hv,34,Berlin
nbwR309P,58,London
8sP6lZJh,36,SF
25rLD6ZH,38,LA
ExK75nM7,62,London
kWy24wwj,26,LA
2XmmTf41,62,SF
c3QYkOha,63,SF
ZcrsDABR,25,SF
dtVI0t7U,63,SF
85eIcYS5,62,SF
a6Tjc26x,44,Berlin
OT0dnSeb,40,NY
v0ZTY5Wn,27,SF
7KdLxuQY,19,London
iGX45pOt,61,London
Dm0FLT5j,65,SF
JPQCHjvo,24,LA
Gvrh74da,19,SF
t0biBilT,33,Berlin
HKw5pV03,23,NY
2EYDZlrE,33,London
xEIAXtyw,42,SF
DBau4IMN,62,NY
l3otcrj4,27,NY
yqINbgtS,69,SF
vn7jkAN4,26,NY
DkKgtu3h,49,London
GgVFLbkz,49,SF
G0KYWADT,19,LA
3wSPvNL3,38,SF
FIFGjnbV,65,London
4WuJZMEE,20,SF
MMfTDb5W,51,SF
Ppsq6QLm,46,SF
SGDagHtq,59,Berlin
pTR5fWfi,37,Berlin
Q1ORGOjo,40,London
N75iQZGy,54,NY
1nIXu0QQ,25,SF
UQL7pQd0,61,SF
lZDqrvAN,53,Berlin
zt0Dvnaq,31,LA
ZkTi0FUZ,40,Berlin
RMOBCEqg,44,NY
Epn4zngl,32,SF
ZNhpXLub,52,SF
L9ZBhm9m,39,London
EAYMWcOf,64,LA
RtACwPp3,53,London
UY5BtRNi,32,LA
2IdXQAEj,49,LA
1JYgQTuP,58,LA
DK32algO,35,LA
4ZKPyn8t,62,London
g6KowFxL,48,SF
s6gCBLwD,58,SF
ubarUcNR,53,London
DbExtaiH,42,Berlin
3hMnNLIA,62,NY
4E4KbJVB,27,LA
aSuPCxAA,57,London
r2lHx4m4,31,LA
V0B6dshx,65,LA
6X9upf0A,43,LA
Lv97XRnQ,36,London
JyuOxjdF,47,SF
4LFToY3H,56,Berlin
hJzR2lU3,29,Berlin
Lagzi4oU,48,London
zfuHUW6r,62,NY
D9qgtIC3,64,Berlin
8XrJIF5a,64,Berlin
8mRNpo3d,35,LA
M0DwC6Gi,19,London
Zbd8L7Pt,31,SF
hlI1IimQ,37,London
Ay7ux76P,56,London
jZJhuDAg,37,Berlin
K7UM4rjg,51,LA
Y86BW0go,51,London
IhlauQ5I,54,SF
zwh3ok5a,20,LA
N0cazfQG,52,LA
GcfyHFPx,50,SF
XC552A1m,36,SF
rJpYY9AK,48,SF
yJOw9IGz,69,London
K115ivPU,61,LA
0kB9hGkY,39,LA
1tX1AbMs,44,NY
yZngS1zo,55,NY
G9v79j3c,45,NY
68ZU8bHC,38,London
h5mZxZnm,37,London
bq6jzxJ3,55,SF
HB17YVN1,30,London
jfukpLAs,46,LA
9Owtm25e,38,LA
Cjs46GOD,59,Berlin
pMHKnYGl,50,Berlin
FqFaDnXl,49,London
jIoVWJ2p,65,Berlin
eBUal8fe,63,London
DaAawigo,45,SF
hEYWcpGz,67,SF
fXXNXPBR,31,Berlin
9kzTT3dr,59,London
FrpkFMdL,69,Berlin
X6hSYUw0,39,LA
n9Ps4WD7,54,London
LtbFCkWA,51,NY
J0TkwXno,34,LA
hhFHvtdB,50,London
u2fKKwhd,50,Berlin
XgWHMgZB,55,Berlin
93A3jQnX,43,Berlin
7ymNuRhA,56,London
mZegkt3G,24,Berlin
0jKruuqo,42,London
dG97SYEV,65,London
5IQxfF2G,68,Berlin
kvp6QpsD,47,SF
bhpIk7lH,58,SF
RFIDRcju,50,LA
B3gYXFgX,67,London
Za9ach9M,56,Berlin
oiII5Y04,45,Berlin
3C4d0RN6,35,Berlin
OsxYK0GW,27,SF
4sSsFdwW,69,NY
SFNEw688,19,London
VulfwNgO,60,LA
VTLOOeEk,67,LA
M8OKZDYb,60,LA
aF7zTdWY,31,London
ACSQRnSD,30,London
aQqdwzzC,18,LA
PRQsICET,49,LA
Zq4ssL71,42,Berlin
whCkVFdh,27,NY
WqjWKgYl,32,SF
6pzcoRRA,68,London
8oTJTxbq,46,NY
o0lv1veM,34,LA
WbP9Il5f,59,LA
0STkMlUQ,57,LA
pJbYan9m,40,LA
wAsgGqaY,24,Berlin
zSwCobvf,67,London
GkK1cJcY,53,LA
XDuZrTkz,23,LA
vxs3tR4M,19,London
pbpzMufP,62,SF
A8bvORD8,49,Berlin
uLmj4V4e,61,Berlin
9HbR0DiH,22,NY
k5bmz7ng,36,Berlin
ZZlVSaQS,19,NY
boN88VCT,60,SF
kDUVyl1S,40,London
bYBGkV6h,57,LA
CUn9SyCn,21,NY
zoxJ4l78,21,Berlin
3OWpTdWO,28,LA
2pQMoFkH,63,SF
WQFEwXKe,58,London
aEMT2cDD,37,NY
NBCu4zz3,31,Berlin
VW3qoGsh,52,LA
9LPfE1g6,62,LA
Hjt1PxJ9,31,LA
msYDzFqV,66,London
f1cLpF9P,20,NY
hGxE7euX,32,London
4Kqbjhw6,38,Berlin
TYmKqTq8,19,NY
uKPHbsnz,38,SF
3owZEbFN,27,SF
bRXimuEO,44,London
xla0s8UZ,64,London
vjbdirr1,36,London
besQlr1Z,29,SF
018ADMV1,66,SF
kSeDonN0,33,NY
5NmhbuZC,25,NY
HJ4Pxdoy,54,London
wLXkMWvH,42,LA
gRCPRlXa,41,NY
ejR490gQ,64,SF
Q2ktanfl,57,Berlin
E8GUE2Hy,35,LA
ZzYqxmCM,38,SF
5t9do2yT,25,LA
PtPYfhNF,36,Berlin
3VXRDqjC,66,London
J19VkLda,47,LA
R23H5MrR,44,Berlin
HbvMSM8m,53,Berlin
0NugiTJV,53,LA
Zbw3jd7X,43,LA
wWuRtYSF,37,LA
WWQLULXy,69,LA
0A2EWmL2,58,London
OXw35By4,31,SF
obzQ3qXz,50,NY
ewHWZxsi,26,London
bdkGXHct,40,LA
EE4pVkgT,62,Berlin
xHH4gEXM,47,London
Dnqsptor,67,NY
6bPw3S6H,59,NY
WUVUFaBH,45,London
KJQARhQA,48,Berlin
9GZChluC,43,Berlin
Hr0SqV5l,53,Berlin
4L0mReNV,64,SF
2XLLkMw4,53,Berlin
y2Gz2Tlt,69,NY
OwVpSAGJ,28,LA
jJna4NGk,29,LA
7slQJEHG,62,NY
jn8ElEV5,19,Berlin
AWz0paEY,57,LA
ZjRPyr3n,21,NY
O2CQPHRz,49,Berlin
awRASmRA,58,SF
toJktPRT,51,LA
PYvvl1zA,22,Berlin
sUAQjipc,22,Berlin
lRPpmbqq,21,LA
sYyMqVcM,68,Berlin
mTh8Wp2y,58,London
r0c9QkP1,29,London
VfWLsNR3,52,SF
MyToJ9Od,54,NY
SK2IJMBh,51,London
hPokXA5h,62,London
OVW9Zcpc,45,SF
9IOnHDvr,24,London
s4dHGZyh,57,London
UuGhNIsp,69,LA
BxRT0QTp,28,SF
1oYfzPdr,61,Berlin
BOk5saRq,49,Berlin
3vbCDEBi,67,NY
G2oiMD0m,67,NY
bxlu1vvH,49,London
01WtIsL5,48,London
DgfBfxHa,65,Berlin
0AcN67WR,37,SF
psCvkepA,23,LA
APXRqhIE,67,NY
DOsmlRnm,66,London
lWDM6utW,35,NY
dUyOg1oa,38,Berlin
1gb7Lu5H,20,SF
9pheik0z,58,Berlin
Vxtbo4D7,45,LA
fCjBvkHG,45,SF
1RDDpEVB,49,LA
q5VWGucw,56,LA
VMVbvqdU,41,SF
vMUbC3e6,24,LA
pvWl6NrM,36,NY
DrLDGw0b,18,London
5wCRxwvX,50,SF
FxcYRUBW,50,Berlin
hhSONaPB,28,Berlin
rOLd5Y23,40,London
5W8ZeQMy,67,Berlin
2lPQ8woq,62,London
PdKCld1B,45,NY
bIr5bVH2,64,Berlin
difhZl1A,34,Berlin
qcuIdCDM,27,NY
7LjpGFSk,25,Berlin
cr2xut8t,26,Berlin
pzoyE9og,36,NY
FWENL4QR,67,NY
c7zn9j4W,25,NY
nsK6UGoJ,22,Berlin
mrcF3s4T,31,London
7V6QLxUU,62,London
QtyDcBzR,50,SF
ZjDeGY8i,60,SF
FUthOSpn,61,Berlin
vzdBim0P,55,Berlin
Px9uhIkc,29,London
zUkKHRBj,20,LA
fYCOzWno,57,SF
GWJsm4uX,46,London
KtDQX281,39,Berlin
bxagu7Zs,51,SF
A8Xso2vu,23,SF
goR96Nt7,52,SF
3jfd0d6g,56,Berlin
yyJXqs5R,33,London
xFlHlnVN,48,LA
YF7qY7SZ,66,Berlin
AGoPABmy,61,SF
SdUJgJlZ,32,NY
T0QygAMU,63,London
pPpY0zLZ,18,Berlin
f9WHhZrJ,61,SF
jtR3Q9tp,37,LA
MtHvlTaI,40,SF
WWxhUg4R,37,SF
xbxVWLzT,49,Berlin
eW6WPmOy,63,LA
dMoHhrQv,65,NY
VaPMJs0W,42,Berlin
z7vjr87p,64,London
xmmBA2i4,25,LA
oXSRUP1o,50,NY
Uhl6lOKM,62,NY
w8CXpHUX,47,LA
oQZcLYln,20,London
M0sL6XzO,41,SF
d3VmciQb,29,Berlin
7c00DtCP,48,London
fTq2uxEE,24,NY
uQVXOPfr,57,London
fml4SQg5,34,SF
nMtNckfg,67,London
XlxjeUZc,27,London
2KPL3Uq1,32,NY
0B0KLl1m,38,London
ALcYp0VQ,38,Berlin
WN38VVmZ,46,LA
wbbP1pRv,59,NY
wc8iDyGB,58,LA
7Dwx596L,18,London
6zsBrayd,38,SF
HRjFL3Vb,22,NY
tNVC1gt3,32,London
L3Zwt75u,63,London
ptbYiTYw,43,SF
75vPvD3U,28,London
CjF1iCdY,66,Berlin
TVJy17BU,38,SF
7NrzMdCT,63,NY
dSHmhC07,23,NY
cdDZdIMH,21,LA
JSCx5zva,62,Berlin
dp0ourzR,38,Berlin
4I8aldyy,34,NY
0hlOe5Nv,48,London
Yo3Mtovx,61,Berlin
6KRodPMn,40,Berlin
oioqVSM8,49,London
7JGSCgjs,61,SF
H3i4JcGN,53,London
xRrkXHf6,51,LA
XGCzuFmC,69,LA
3r9Zovx9,23,NY
CAjqt5u8,55,SF
LrREvayB,39,Berlin
gXsHuaZe,50,NY
3uncK0TU,28,NY
21RDawf9,40,Berlin
TaHMbnQD,61,Berlin
FRk6bhbt,53,London
pNPf6qZj,45,LA
SPNIdfMN,65,Berlin
kzrR7Ifz,36,London
SDbSsQOb,60,LA
fOl1BNBD,60,SF
TLQBe9JJ,30,SF
Ll0m71P4,30,SF
7saCDWDV,25,Berlin
e5F04xAm,60,LA
ELfzAH7P,65,LA
NwKIkJpg,30,SF
jr1HAT9N,52,NY
Dq6bfxg6,44,LA
31H5ZF3I,28,LA
NNh0czpd,38,London
x9WT33Xs,25,SF
Ahw4fjkL,59,NY
T2eagIPp,43,London
NAsCn3KO,47,NY
ae6kGfkO,39,NY
GPovfxZn,67,NY
N8nogIHU,66,Berlin
JMqhFqH7,56,LA
keYYvzhr,67,LA
cNxLhFUi,27,London
rL1bVPeN,43,NY
izcjHHEN,69,NY
MRuXRUsz,44,LA
2GbXHJNU,39,NY
3QVUVvNS,30,NY
ulTvVP5v,56,NY
BkWDrZ2J,24,SF
iraO4mVO,69,SF
evVFvpTs,60,SF
0B661lNF,59,London
ybKWRlAc,29,NY
xohRLhLh,30,SF
QX6IX9If,29,SF
V0MY1jWh,29,Berlin
EVQkh3Cw,55,London
7CBT3QQZ,20,SF
DH51Mmnk,25,SF
9iRjMoNy,66,SF
0uU1Sg18,48,Berlin
O71YyD4P,30,Berlin
1Tkeuf6H,25,London
akYT9aU1,54,NY
l180QPwf,41,NY
1rTM8l74,45,London
8phQrVxQ,21,NY
wTGqPy6a,33,LA
tvGPMEXx,35,NY
2AJylUKK,21,Berlin
6Y4aM6Ag,60,Berlin
DoJboXbe,57,SF
gdesfpPE,50,Berlin
06wzcXrg,62,LA
trTIvj6v,44,LA
P5bdBNSb,53,LA
gliNnQep,21,SF
ZAk5UdcW,53,NY
nabOwyWz,30,SF
lV0BAMxC,68,Berlin
b9MmArkX,65,LA
x9kRIwc1,31,SF
tKwk18rC,59,SF
0snDwwkU,54,LA
MmTKfM1r,64,London
YSqtaDwu,23,LA
b7tqrPCy,68,London
v8s5XoKp,31,LA
S2RUTm1S,60,NY
5BPFsBbD,20,London
VWIr3vOw,42,London
t03J8PTa,51,SF
lyIffoOD,23,London
CDslVq8o,57,Berlin
8Cq0pR6G,18,SF
y4GJUedQ,63,SF
qp3Hl35L,65,NY
McTRzu4L,66,SF
vLg0CeG1,25,SF
Mnu3HvGx,34,Berlin
YTCB0j0C,30,SF
uJVIg0IO,36,London
GCFZC2vj,58,NY
2RMpssXL,52,Berlin
fkr5qyaH,67,LA
E9RFn0Bw,50,LA
c8Imtxga,62,LA
lWhuNhlK,62,Berlin
lgDfR0zv,61,LA
UAHErpyF,50,London
4brf2H15,59,LA
CcNLbcry,68,LA
zooy3bCK,56,NY
4bEzO1Yj,63,LA
qMTc4p0B,55,LA
xPnLVVGz,55,SF
ygp6Ur0g,26,London
jqK6Tx8y,69,Berlin
uJzLTCk2,65,NY
QuC0ueK0,54,Berlin
u6W6cmch,64,LA
O7vyeJYH,18,SF
Sm1lznWw,53,LA
8cvfoFOx,59,LA
f652jmzP,55,NY
s6KFnIac,19,NY
kxDrO0Xv,27,Berlin
dZNobMXu,68,LA
yV4Gl1EH,40,Berlin
8wa5FJ3p,26,LA
WgcHVw1O,28,NY
rn6On6KV,53,SF
MDQpkIB6,59,Berlin
PDXba2pO,55,Berlin
d0ZFvTHZ,52,London
6nckZsA3,30,London
xTCynz5q,36,SF
vMtRflj4,52,London
gC8ytA6v,69,SF
pOqcGmGX,47,LA
JlPN2Xej,35,London
iBH6oLdH,29,London
OgvdVxiv,29,Berlin
ttVxleyG,38,SF
P25krxYL,29,Berlin
cTMIfLtN,45,London
VVazPOaZ,46,LA
AEHqOmA0,56,NY
jKOO1KfI,58,SF
TzTePitG,61,SF
z9pVdryy,68,LA
7TY1m9Ra,21,LA
LTwSS32T,48,SF
GyT4yHNO,41,SF
JHYN2vh0,59,LA
Zo8S8xvU,68,LA
uCFEiBQ6,66,LA
DHLI55qt,35,London
Wds0YGRF,59,SF
kr8gkjXZ,43,SF
nuHPB1Ue,61,LA
KvK0kDSL,37,Berlin
h20qDT2p,25,NY
dGpEco1h,68,SF
WmJgP0Eh,50,London
uqHz912E,21,NY
JMYqgPcu,55,Berlin
NFSjZzjj,39,London
YY0JmDxd,53,LA
hziSiLKn,65,Berlin
qL5rYzcc,48,LA
MmEFvmFI,25,London
cwEnpp3l,26,London
jFLFVGBs,64,LA
qbug5BlG,35,NY
EuMjWnLb,52,SF
Ck3IlPDf,41,SF
uVz5fLDQ,34,London
FfebBTLD,18,Berlin
8oBYgJX1,56,LA
lffjG92V,59,Berlin
VTuLqSrg,32,LA
rxsX4NYe,30,Berlin
injY0AGp,40,LA
Q82Pe3NV,46,London
HUiHRBtt,48,NY
xgCNEFBx,54,SF
OhE4yx5M,45,Berlin
ZIEss7Wr,49,SF
2JJTxSzh,24,Berlin
KLfAJxR1,31,London
5rPL6zeG,31,London
VIbOxXGj,49,Berlin
W1cdMx2g,26,Berlin
wK35MVBv,23,Berlin
fg7GPUNH,68,London
Y0tgKOUa,32,NY
d4JRgwDg,47,NY
QLGXJ3nm,47,Berlin
keDqBrBt,33,LA
fYbDhlR1,40,NY
nBJ39hhn,48,London
sIuSmplh,29,London
6hkoz9GC,38,London
rD931Had,20,SF
B3G9XHQT,20,SF
R6bdt7fz,55,London
h1K4l9Q2,39,NY
keqTSTap,38,SF
Of04cnZx,68,LA
tC8jikYy,61,Berlin
WWGFNz7h,33,SF
4Kzn5wlN,35,SF
vTsRf41v,21,NY
Vg96CjBf,37,NY
HHDwn0PW,62,LA
mVunaSaA,30,LA
ovO1cuUt,48,LA
bXHSHNg4,19,LA
XQhP0gOI,47,SF
sWm4VDUE,48,LA
DvghMswM,45,LA
EbueqJOM,26,London
llYYYfSp,28,SF
l8PEYKeK,52,SF
f4lNw8FZ,66,SF
PR0C7Uwg,61,Berlin
dU50FZqT,54,LA
agenMOdK,63,LA
I9YOJFPa,68,LA
LyVjbRgq,34,NY
5a7ZpaNK,43,NY
nRNLWvsf,21,NY
U6lBIoCL,50,Berlin
EOYGZz4q,34,LA
1PIuPgQc,59,SF
8asl9mKD,25,SF
Wsw2exHk,43,London
XrVVGaGU,60,NY
j8TkOUhO,37,Berlin
CRWZwh4R,59,London
BSA47Y5S,68,Berlin
p6ATnCuo,55,SF
ApLKu3PG,60,LA
f9WCETbH,65,SF
bU8DICQZ,59,SF
IGWIfW9r,50,NY
KF3MrsDi,57,SF
Q2LTIFl1,34,Berlin
4emmW9ai,68,LA
B9m7UdFb,26,NY
eWcRQOGr,37,London
vrNYfaPT,25,SF
HYClBkDE,58,NY
pwLzxz8l,65,NY
jpDFq88X,63,NY
n83NHlnR,23,Berlin
l0zrQpih,26,London
7SkY0vuz,28,NY
T1zbh6Zs,64,Berlin
oC3vMDnN,64,London
wRZr5TH1,22,LA
mCOiIGao,25,Berlin
jPTiYbLV,69,NY
Grtf5u2W,52,SF
iCJFHb7v,69,Berlin
KJ9o3iFO,42,LA
dQVu2pfe,53,London
qDWxbagW,56,LA
jVA03zT1,66,London
HpTzipHE,61,Berlin
D4XKlygm,23,London
1DQ6xKT4,41,NY
gpLkTGLy,38,Berlin
GT0qTHLL,53,SF
wne7I9bE,35,LA
GVtsa5rZ,65,LA
VTPSdnZF,18,Berlin
kIiqbD4s,46,SF
9WGGbFlp,34,Berlin
VuEkKjVH,22,NY
aNpFbpwt,67,NY
78FNXcjX,23,SF
xawktBFx,62,Berlin
ylC4oJgY,25,SF
PtDsQqll,42,SF
6bj3mhq3,36,NY
narTaV8n,65,NY
Qkq8bNSt,67,SF
yXYeRJgR,56,SF
ejdHIFPi,26,London
P3i0r6cE,45,NY
UU1L60Qu,48,SF
2n0ocmDC,18,London
rIQnHSzE,58,SF
oSGHH1jq,27,London
BDA4p4Gk,67,SF
I5KFdQDN,39,Berlin
vzFYbyEb,18,NY
JaJblcHS,30,SF
uW3HpLYp,31,LA
A1nQOlOk,40,LA
Q58VPzbw,56,London
mbedm1Fp,45,NY
LKojrvcB,46,London
tTsGnEYl,57,NY
CebpcX4i,50,LA
8kKip047,19,LA
w2F5pBQo,60,London
0k06aenG,50,Berlin
KXreqlC4,41,LA
nMwYaV1h,29,NY
2fkO0NLJ,57,SF
H5S7DEvr,45,SF
uVW2viz4,52,SF
34PAcPCZ,27,LA
1oQotbba,64,Berlin
Fqr08Uln,61,LA
PJYJNIDF,51,NY
3rkZo8S6,22,LA
UotoTgFy,58,LA
Oh7hpWg2,35,LA
tvJtNiPv,23,LA
RscVYZHd,28,NY
wPfY88fU,63,LA
k5qOP02V,18,Berlin
neoBs7L8,40,London
fWw8jYFC,21,NY
TBAmwytT,24,Berlin
JwCSuffW,58,SF
m8bb1Iay,66,SF
ts4btHRy,34,NY
x4pE2Y40,28,London
iUb5naFj,44,LA
PqVL7bNc,29,NY
3Wz5cAMx,64,LA
hFbylnUi,51,LA
qkPoWAHh,25,SF
M3m4iZvh,69,London
1pIt4TKx,40,LA
Jo7dOkzO,43,NY
g3HaI6O9,51,SF
6C2g5ya7,49,LA
sgkuucMZ,23,SF
keZZTfyz,18,SF
b8blDHu4,67,NY
exwjX2H0,21,NY
0girAHF5,42,Berlin
adkiddID,25,LA
T2NflxVO,57,SF
DzoqIvs6,63,Berlin
dX5BY4TU,37,NY
rIz2ZKp8,31,London
ree4rxv4,50,SF
mR9NZ3F6,69,London
zzTQykA5,20,London
88uD12D9,32,SF
4K3a8LLY,44,Berlin
WQv5mjV2,36,Berlin
MOkvJHea,18,SF
cbOXCyYx,52,LA
BQySQoL7,69,London
oe9qvpMk,50,Berlin
3DS03Dax,68,SF
2A8MWR1F,34,NY
clu1o7Mw,30,NY
2VkuczRy,69,SF
J38x2WFR,65,LA
sKt8lEiE,29,NY
GpwZForf,56,LA
6PKPd5DB,43,SF
8CCRBVzh,44,SF
1wcdkjML,41,London
Bszg4Sf3,34,SF
ehgDWsVi,28,LA
4GEJUuuS,39,Berlin
UaNz23nb,25,NY
VOIpYxIo,59,NY
lNGd9EPe,65,London
EPgrtUQX,49,Berlin
835bXnof,46,LA
9iLfhuSt,59,LA
9Z2fk32z,49,London
5LJgvSu7,57,SF
cQgpK9TD,22,Berlin
BHghNEAy,66,NY
SctRgZN5,30,Berlin
a0ZJWa7U,42,London
phZOTa8x,59,SF
nz7KZCgR,27,Berlin
BFTZ7Sm4,43,SF
JlIyUb4u,43,Berlin
dgBSRXK3,38,NY
4rjRwjCW,40,LA
QE4yZIxi,61,Berlin
qoOhoa8p,29,LA
ADS3wiAJ,56,LA
TbIKEgZI,60,LA
rmNvIVaF,69,London
vZwhhOFb,42,NY
T4kil5oM,29,LA
0RtHOYZu,53,NY
8x4gpj1z,49,Berlin
CW0LnKFh,35,NY
aRPM1Uqw,59,SF
t4thBEbj,37,LA
Yo4Rocln,19,Berlin
F8CKTwKE,50,LA
TB8YgetZ,63,LA
43eW8Vp8,34,Berlin
EwLX5qkq,53,Berlin
X1vgCtQd,47,London
KNfv6P3N,26,London
UKP46ixV,48,London
PEm7ARiE,56,NY
YuBDs0kH,38,SF
4Ac9zQFC,39,SF
YebXxyP7,34,NY
bk8vZkwW,20,London
ftBLXJ4G,49,SF
6swRr4r5,50,London
djK48A10,27,Berlin
jelpHEKm,22,NY
AEAbUzd3,21,London
MLFNWwdq,68,NY
GNmLol4c,55,LA
LnQWEglt,49,NY
LGA86wEq,55,NY
uhnoPuNy,58,London
vDwuTrSy,37,NY
QpiZQpia,26,LA
aGoY9rRI,32,Berlin
POV3k5J4,69,SF
BEmzLzk9,25,Berlin
rIPaDtXG,51,NY
VDfM7F8A,47,LA
vodCeS2j,27,LA
MoSndVqq,31,Berlin
1VzQDYUk,51,London
9jHP1yfp,39,SF
V6CBjsPp,30,NY
OLalN6w0,68,NY
szTLlV4a,46,Berlin
3ithPvZr,46,LA
x0AtssgY,24,LA
oX1HuycN,61,London
PQr375H9,23,SF
oVqeYEAE,52,NY
mVDKMJYu,54,Berlin
vQtOZzli,21,London
2tdodl19,31,SF
AiW42blu,23,NY
Iietkdbe,34,SF
wwWzsVtr,66,NY
s5SAcq8k,41,SF
uQfaH7nQ,30,SF
UyIunHku,29,Berlin
y7IKQAP7,46,London
qxWieENz,41,LA
L4F3doUJ,51,SF
ckZYyd3N,31,Berlin
GZDD1BDW,44,LA
VZv8znsa,22,London
94YohSHM,57,London
aJhzYl5u,64,SF
VgrpSU98,26,NY
HMEFQw8U,33,London
o9EsTukS,30,Berlin
alc5eJ3c,32,SF
cTXeU4jG,53,London
UlAgCqaJ,42,SF
OVKsBcjK,33,NY
Cnyi8DVH,61,London
KV8FhikI,69,SF
VUn0M18v,61,Berlin
GwvIdRvG,48,London
rhafnj9o,64,NY
54YPffWC,54,LA
GzWPpSYg,50,LA
tgFvvBzU,37,SF
PH5tFsAW,43,London
k7EE6Tib,52,London
xy1aO2oC,57,NY
HaHxcgBs,24,LA
PfKPUSkM,62,Berlin
q05HW7C0,59,LA
iiH7v8ZI,48,London
ehOMxHMv,34,Berlin
PSZYZlg6,60,Berlin
HKeOvGOI,25,NY
s3KUk8CU,40,SF
fpaDdn7P,64,SF
OGg7sxqz,61,NY
VXL577wo,35,London
jeADZGxj,59,London
YPqiRCgT,29,SF
ORCaMGRW,47,LA
w52PLevA,53,NY
I1ITCOQQ,32,LA
0ANBqoPw,35,NY
XY76F9IT,42,NY
355sjRxV,30,SF
Bk0UCCG4,41,SF
NRAD0SCd,34,LA
nE5AoRtg,18,London
WsbWGjYE,54,Berlin
KhnO3y3o,66,LA
yNeF2m3k,44,NY
dFZTEVG6,37,Berlin
fije2hgo,35,Berlin
E2I0ITGq,26,Berlin
85g3ayXL,27,Berlin
pSxGW79v,42,Berlin
0ROW3YtQ,66,LA
bJJDwh7N,18,SF
L5PF5uCz,53,SF
Bok0Cyvp,35,NY
2TXG6qV1,64,London
wjp8gEIi,32,LA
IcnDVCMC,50,Berlin
dDiv6VKI,39,SF
mim7ZwWd,41,NY
owGd6sJo,18,Berlin
XRd3eD0o,28,NY
yQfqiMJG,60,Berlin
OtEwiBMs,43,Berlin
ZmBzvrWk,43,SF
wMcK4KyY,23,SF
mS8lVU3w,50,Berlin
O7yPcUd9,31,SF
lzVOVArt,41,LA
acQXzMyF,55,Berlin
pMJgqGP0,66,SF
dY5w1qij,58,NY
6XJKfdqe,34,NY
uPWIIkc5,31,NY
PiM6gMHK,36,London
kdmmMMtT,25,NY
6kIzOSLl,40,NY
gtf1rF8G,61,LA
KG5n6hYA,19,LA
mq0GO9P2,20,London
LVPXuWuf,30,LA
UBncI8GG,22,SF
zLklDaNn,35,NY
SdBhUYLA,18,SF
Z2LA8Q47,54,London
QtPiA6SS,38,SF
Vrvy5biN,61,SF
gVWQxUKf,36,SF
Eu9W2YSn,55,LA
Xo2lMUc5,51,NY
aBWq5XMG,19,SF
R8kYd312,37,Berlin
VPAT8hm3,48,NY
GBx8gpHY,30,NY
w2i96UsB,31,Berlin
RxfGr8NH,55,London
vBfDTDOJ,29,London
qgH1sdZb,30,NY
6LoVuilp,41,LA
2wuNfmIi,57,London
zy97pHrV,48,London
woZUJnn2,31,SF
zK1ESCIy,67,SF
Wyrv7KYl,47,London
ewthxGNM,44,LA
wiMhFikr,53,SF
UuT7BfC5,23,LA
oTSVkIR9,23,NY
Z73RC21M,32,LA
bH8etWLk,41,SF
1c1U9sg3,30,Berlin
at7e5Bcw,24,LA
slChx8w8,62,London
CRaG1js9,38,LA
giuK7ejY,55,LA
bYCpayz0,55,LA
t95ZSpW5,31,London
PbVR6lhy,20,LA
8uEuYFTb,60,Berlin
neJYt03W,62,London
RGfdO02C,52,Berlin
gxGZ9V4V,29,Berlin
xANMECE5,38,Berlin
Wb1nOQ5r,37,London
M6hy4j1R,44,SF
zJdv5p1E,22,London
PuaxsS9i,62,LA
0xOpFTEx,28,Berlin
wmekZe9d,66,LA
hGHFiUgV,59,Berlin
ctRmRxFZ,61,Berlin
lNgr2lLu,23,LA
qsj5uEcW,22,NY
QtAuqEmI,39,Berlin
Qv6Hy8SS,18,NY
px5zkoWX,37,London
qkohjcOC,41,Berlin
IBkkV4fp,37,Berlin
lXemWjFG,64,London
zaqQChjC,65,LA
CjxrkZE5,46,LA
92T8qMNY,59,NY
7RwgynqP,41,London
I14MvBRa,25,Berlin
meIDn5AJ,51,NY
sK9enFPs,39,LA
gyyFcWWh,56,Berlin
sZ0hlyAe,50,LA
9Kvqz8a3,69,NY
SmXuq3ir,47,LA
IbaKP1dc,23,LA
iNgg83cZ,30,London
TPfz55Sf,61,NY
295M24NU,36,Berlin
joTTVJIj,43,LA
RPDiKgAH,34,LA
RDLPX3nn,54,SF
HCz18D3k,44,NY
ZP83ydOm,41,NY
a7QyD1cA,64,Berlin
hcYcWKwm,31,London
Wk2Ks0gl,20,Berlin
lC5J2QSY,22,NY
B5pNvrnr,31,LA
fwwT0pFo,25,London
RrthrClM,60,London
WWl8Ijfi,42,NY
UmUxaHSm,32,NY
InGudq2N,62,Berlin
bw4ozSVC,54,SF
2692WJHj,62,NY
Y6pcNRcj,20,NY
VoJkXA3G,62,Berlin
ytzpIeaX,28,NY
jQKyL2IJ,26,Berlin
vzKcmDlH,21,NY
tV718eZF,66,LA
mEKDXuaq,32,NY
x12yuGp3,44,SF
UhDYrqQT,48,London
Q5bcuxu0,67,Berlin
CAkIA7Wn,33,SF
girBje34,49,Berlin
49Z5Y2t1,51,SF
vmbzqeJT,23,Berlin
7tzFMBOo,61,Berlin
XGYc2K5l,22,London
A62zlKuI,41,NY
X8AIZUYc,66,Berlin
IRRvoE2B,36,Berlin
4qNU3Chz,47,London
UPnOTNCb,29,Berlin
x0aqxC8A,22,Berlin
eafqdvCu,45,LA
FfKNCr8I,56,LA
jX00pO1W,51,LA
KRZrpEhO,29,London
WB2TB0je,40,Berlin
UvncZmzH,22,London
O6ng7c6V,57,London
SYcTDTHk,54,SF
ai3i2HV5,33,NY
uoVKufAV,26,SF
tgMYQtTD,50,NY
kn5YawuI,54,SF
D4NbVgFQ,50,Berlin
YftCZtyF,66,London
SR6Vq1F2,18,SF
FK77UY5a,64,SF
LGt1xVP9,54,Berlin
G4UFu30w,26,London
shK5PVMr,35,NY
SDokloND,55,SF
EGTvqRvL,38,NY
zp1BliFg,61,LA
5liIAfaq,31,SF
dADxlCRM,56,London
BDsmuXAj,56,LA
OVd2aeTH,68,LA
CTyfqb3S,23,SF
V9NTiXDq,20,SF
tFfieb7R,65,LA
bobupB0u,65,SF
40nOas8q,35,London
hgZyOOcQ,54,London
7Kv07Gea,37,LA
AkEnB4po,46,SF
frfOkpMz,53,LA
fDGydqSd,33,London
iVx5z0Q7,21,SF
z7gu6wDB,62,London
JOmAieq6,31,SF
CsVpI8qs,34,Berlin
vxACnaO0,52,London
t0iMsTFS,52,NY
voHYeICv,66,SF
NCyD9KMH,62,Berlin
Qu4IdmJP,49,Berlin
H9zAdjFs,69,Berlin
qHn0vz4S,27,London
CKtYdoXJ,46,NY
BNDJlc2n,29,Berlin
ppk10cgh,26,LA
nfWe6muR,43,SF
VjzEZvsg,38,SF
FtQDnZGl,18,NY
e4BkzaLo,53,NY
Zannv599,36,London
IZPxlZa4,23,LA
q4tYcH7v,64,SF
xiTzY83L,35,Berlin
7dYQ8E4b,54,Berlin
JsDsRghC,25,SF
2hw6ntHA,28,LA
pV1SA25E,22,LA
nGxuYDBW,38,Berlin
ZB90jzL7,57,SF
NkCoLABC,60,Berlin
nnlskhxA,38,London
VKOPLycO,37,SF
VY47486h,59,LA
apB5edNj,26,Berlin
0gbQKFhi,19,NY
rzgOYnZ9,66,NY
CVtuQwlt,21,London
C8EG4ytJ,43,NY
XE7b9Jjm,29,London
XoTL4UjY,36,London
mUfURGsT,36,LA
bWuKkgVh,36,LA
AY9q97XT,46,SF
XEFnIoUC,56,Berlin
pWfcx3gC,62,NY
mq9fatR3,51,Berlin
66UCRCIU,25,Berlin
Z1ivneBT,23,London
tOdBWvn3,49,NY
WbpBmCTJ,45,LA
G57QDexa,28,Berlin
ZhCutcKe,45,London
Ba8wKH0R,49,LA
8ZYVFJka,58,London
6AlgDX9t,25,Berlin
99l6NuAn,37,Berlin
atn5HoYd,41,Berlin
VD8zThv0,69,NY
DHYyzrtg,44,NY
0ctqbFS2,64,Berlin
qCtCSXK1,28,NY
R3iZhtva,64,London
JNEv2Z2M,40,London
Ebm1t1WU,39,SF
j3HKQEk9,22,LA
06mvpqJT,65,London
2IVZZwb9,51,LA
92kna3fa,48,SF
dQs4QnEG,64,SF
v9b0Ro9Q,54,LA
H0F82MoX,64,Berlin
eS0Xxcmz,43,LA
6iS9lrRi,40,London
R1GGu7Gq,60,LA
361RHtja,55,London
RfinIJLH,55,London
hnUsyF2H,49,London
QKBQ7tC2,22,Berlin
7igjlWSM,42,Berlin
Y1GqYnqg,50,SF
lLw3b13A,69,NY
r0RAuSPY,24,Berlin
JegHUCye,33,Berlin
IOr2YeWA,66,SF
UyC3iSi0,46,SF
ldll79NC,32,SF
qXM2p86U,37,LA
QMxQ5fg4,39,London
WAgPc5Ui,27,Berlin
LOJIlDLb,25,London
WTU5gY2k,49,NY
iWXffSoP,45,SF
cnoo0a1H,26,NY
Ejz76Ooz,48,SF
0Rtlk3Iv,40,SF
srgpDuuQ,36,NY
PcN031E2,49,London
PkDxCmRi,27,NY
q5a72gIl,37,LA
hkobaSYB,52,Berlin
2akZL35c,48,Berlin
1gs6aQCU,28,London
xxBKibvo,60,London
nelJ9YGD,57,London
HoosSkmm,27,NY
FHrel033,26,NY
Yq69AHpu,59,NY
CzSYBJLE,27,SF
5W0dLsIC,67,NY
GnQpRHcf,54,Berlin
4gUq4B4l,54,Berlin
fzRk63nd,24,SF
a811ILBU,37,NY
hiPiCaI1,37,NY
ikjnoGk6,25,LA
pmjANlBv,34,LA
jE1Z2Y76,55,Berlin
azDIQUpz,42,London
Ms09f1yi,30,Berlin
P83rdH6b,62,SF
WQ0YTbAz,30,NY
HOGiR9rG,65,LA
W6QOpK9K,19,Berlin
oRokTo3F,54,SF
uP6ebstp,59,London
rOIocvaW,59,Berlin
NC7GVS4J,28,NY
Z3bRd1x1,37,NY
jilcB5AI,26,LA
Pn1nRoXI,62,SF
I3QefRx5,62,London
RLIOaqLI,46,London
fmlR7y0f,51,SF
BWRSrlzw,22,LA
gQe5rBab,48,NY
mVw3p3Le,43,London
s0Z1lxkx,54,SF
8wIwEe98,61,LA
obFGvTTY,37,NY
SxFqU3y8,25,SF
eFEf7C1V,23,LA
ASKZuU3S,35,Berlin
r4Ob1tX7,25,SF
7dqFMCcT,69,London
MhX4CaKm,42,SF
R7j1b821,19,NY
bbYQHXP4,45,SF
rSTp9YeO,59,NY
2dozQ1Zw,42,LA
jMJ2DGwj,37,Berlin
gZS4rt4M,23,NY
G49y6xTO,54,LA
B4YjIUbt,33,LA
fglsWqJ4,52,Berlin
xNh23GgS,53,London
3mamELiL,18,London
OrwbWu7X,31,SF
GK6isomY,31,London
1PdocmW3,41,SF
KfbF2I6H,36,NY
gpgbIUGZ,55,NY
DmRsTCLD,61,SF
2dnySRCo,35,Berlin
ZHY9DgUu,26,Berlin
Hle8AXrl,69,London
JqIXBHSG,30,NY
AhshUvd0,68,NY
grsdAesW,62,Berlin
devJefla,68,LA
kZNjkAm6,36,Berlin
FdNXsph0,27,Berlin
8GpXv7S4,55,LA
iktSwOyo,20,London
7AkDEvYd,65,SF
4ixJh2gM,58,London
jEHtXMjx,34,LA
YGqFJdN1,40,LA
2j0k5lQs,44,London
DulRyxJG,26,SF
ud7QHViZ,22,London
oPwjX8rL,36,NY
jqIHi3kH,46,NY
l7Hzkbar,32,NY
9gXqdrEl,59,SF
wpFGwYmh,53,SF
FMoCmcFn,29,LA
gHMsO5uE,31,Berlin
KTjpUr9d,32,SF
WknFAZby,68,Berlin
iBuydUZZ,48,NY
YHpJSrrz,22,NY
rWlMTwW0,61,Berlin
FDjhftop,20,London
dVqBiCZA,64,LA
T3KtwGuA,47,LA
97d2zw8Q,64,London
IDV5n4TB,29,Berlin
gQXePliX,32,Berlin
BOali2eJ,55,SF
ll9VgFj4,45,NY
f1GQwgcZ,66,NY
3nH6ZxMM,40,Berlin
miaI33sa,64,SF
VTJnEKvM,32,SF
W5sMYdUY,28,LA
rrQ3XE0P,47,LA
gXh5v7gS,29,Berlin
oDivjHvu,36,LA
YseFzTWA,49,SF
yB5FivcC,18,London
dX9xvFBr,33,NY
ezriNe24,28,Berlin
J9qd559o,48,LA
HmHQJfxu,50,LA
UWQJHDqn,53,SF
DNzv76WV,47,LA
eKei7Jlw,55,NY
2Fsfpmt8,21,Berlin
AuC1rQ9p,42,LA
jUSFlzU4,51,London
zqaNppjK,34,London
icod3F4P,50,Berlin
K5Ma0viF,47,London
4rMNstZ4,30,London
uxcig2gO,29,LA
1hi2GVyn,49,London
I7U31u9m,40,LA
bcb3td84,46,NY
kINQqraI,51,SF
mtE249kc,36,LA
YQKPGMw3,29,SF
ff7qXMmJ,21,LA
zZLn72EQ,42,LA
VJoELJjx,43,Berlin
T9eauDnk,35,LA
S245ONyk,47,London
sZfjlTd8,51,London
IB4817f8,50,LA
s30axer7,48,NY
u9PJUIPv,48,London
i9GJjQJJ,30,SF
gPjTCOrb,41,NY
SQd8oO2m,22,SF
LfoVZRJZ,68,LA
2C3OGzd6,18,LA
hY9AGdq9,51,LA
ImRAijCA,63,London
WhJKMvBj,26,NY
qi2resaJ,25,SF
Jzc4iFdu,60,Berlin
6ZrvDG9b,53,NY
qZWZCDtw,46,SF
FQrGvjkn,52,Berlin
hhV8dEWH,22,NY
nYXQEnXr,63,NY
utBFiW2l,27,LA
nCZfPAPC,55,NY
t16bEm5V,27,SF
DHULADuE,28,LA
7qwd3JrQ,69,NY
JeN3qLgF,25,LA
7b1pxKKJ,21,Berlin
do8RquU7,35,SF
rXLSVHia,37,Berlin
hvZM5hk2,63,SF
AydNjZJG,20,London
Gap03jfB,61,Berlin
2Mu8bEuW,32,London
0NCjGzdp,25,LA
dZRLG9Qp,63,Berlin
JVuPTxty,23,NY
NCX7OIJh,63,SF
JlazGOhh,53,NY
8s17igJg,37,NY
YPwg5rRB,49,LA
Eg4paCHI,23,LA
jDacWW8R,33,NY
xG0DkINP,66,NY
pkjYPayJ,19,NY
F8ZT2Q7y,35,SF
Gb0Tbvl5,62,LA
2KG4XAw0,43,Berlin
pTQS6PFm,37,LA
msyKtnkx,33,NY
OIg2TXRf,38,Berlin
Sp2rdooE,62,Berlin
rUlM2Lle,31,Berlin
oPEGGSE6,35,LA
7zbsVHdp,25,NY
gVBsLqdz,22,NY
QttvsqX8,41,London
fnWVHC2d,58,SF
rH4tJyDW,64,LA
auQnv2pc,46,London
XG432O9t,26,London
jSuH9myb,69,London
7gp6kAOP,59,LA
gE7eRe0p,35,SF
ha1DKSe2,63,Berlin
YhtdhsjQ,35,SF
fgZqIpj2,65,SF
tW7I56Wa,45,NY
c79uFjhF,54,London
8e1zZjV5,27,London
VJpoKgp7,37,Berlin
z0Pn4L4k,55,NY
MpHwJehA,58,Berlin
c6jJaLpb,40,LA
hQKqi5Pj,65,NY
Ym5vZFU4,60,London
gm0xdaxU,37,Berlin
TL7vRcjx,40,NY
ylEpgZDt,67,NY
qiGrJ0u4,22,SF
ib9oCRAl,44,NY
A2rQpsZA,26,NY
szpoD5U9,60,London
4Ei7qitJ,58,LA
dZ1HdlXW,53,Berlin
lVIHOYcy,57,LA
mi7PZ5mG,54,NY
MZziR5jX,20,London
KPFnKm6U,53,London
L1X8igh5,65,London
HttXTcRG,62,London
JKHvgV0P,52,SF
PgQ2Vyxg,53,NY
zgnl2yVQ,46,SF
cHLn4SNC,50,SF
jvODGVdd,43,NY
uTkZS17P,25,London
yt8mQdXI,26,Berlin
gNCS1lWj,39,London
dSP1pFKJ,22,London
mxmHKhOs,61,SF
X7HIqGEa,58,LA
TAgJymhZ,53,London
yCT4h9UL,49,NY
kNBYL1bM,47,NY
dg8gpmiF,66,NY
dijxbv3d,61,SF
eTXFJkGe,62,Berlin
fAAY5ndK,60,Berlin
Miu8U20j,34,Berlin
ZyoSiK5T,47,London
NUo3c0L1,64,London
aoFitxXH,26,LA
CsmK9oXD,21,LA
Dc2fYadN,29,LA
oRHlO8ft,52,SF
tFAG6Kr2,37,Berlin
IfIwwpTR,34,London
3vEyeO7J,39,LA
hs6xpw7s,24,SF
OfFCP8OT,56,LA
xSxrWEqc,61,London
26MyNQqD,59,LA
uYc7x593,25,SF
4R6HKfcO,26,SF
xGONGwZA,63,LA
5tyf3DTX,23,London
NAyevcfv,36,SF
YFmKayNY,39,Berlin
xudxf6Ny,64,SF
tOfrlCfq,37,NY
rxS6ZOir,37,LA
tqP2dGM3,44,Berlin
k2DO3lOw,44,London
oyqq7ZeJ,24,Berlin
VI4DQhmm,41,SF
mxylXcBY,25,SF
2LI2egut,20,NY
VGR9y8X2,28,Berlin
xnxTWC1o,53,SF
kjkKIVVt,19,London
WhloEvBM,18,London
JW0mL1Hj,24,Berlin
rq93gjAS,41,Berlin
PchC5ZVZ,29,NY
HWJDSkEt,25,Berlin
uecn1NKB,30,London
iy0JJEeU,23,Berlin
LO0hoyIZ,56,SF
xDsQ5Izl,41,SF
v0ULY3hW,69,Berlin
MVM33rNy,41,LA
VjkOPG5K,55,Berlin
rJoZz0cS,61,NY
xdJ56x9b,24,London
NTOG7hXG,27,London
pSFB31Z9,47,Berlin
FxqUL7Ap,56,LA
yDaORJlj,41,London
SvKo3eJf,44,LA
eN7Kv5gL,47,London
IGGlQIVv,32,SF
JwawjT7w,19,NY
brrNCSSv,25,London
HbQRURyB,34,Berlin
zwKNgGDg,65,SF
InwPBz0d,30,LA
XM3K7ncg,35,NY
QUubJirj,38,LA
wFidZzgo,53,LA
ROttg6jx,29,London
ClxLnbHz,60,SF
0WKvha2L,19,NY
K0agQM38,37,SF
9BveOyxC,40,SF
KwbWd37J,38,London
AvEg58kb,48,LA
b2zQZstk,33,SF
FijLFFi4,30,LA
99I8e4g9,21,SF
0jsRfuyg,19,NY
I0Ax0GCL,67,Berlin
bEHYLV63,18,Berlin
4ddNgg9r,43,Berlin
7bruWdKF,47,London
nmbKDTVG,55,London
6cDtzSXP,37,LA
b8yymLcj,42,London
jwWehR8I,69,Berlin
Sebg9ut0,36,London
La8hhe1F,44,Berlin
RX0heTCA,27,SF
t2QqiQoi,58,Berlin
28hdWn1p,34,Berlin
7TE4ZB5J,64,NY
huYwJZ3E,19,NY
fpRAiGYr,34,NY
Z7EL6XFK,24,NY
jXS9UFV6,33,Berlin
TLVjflEx,66,LA
uB2SddWk,44,NY
uiaXpmCE,18,London
zhS5BmTi,39,London
NhEbokiR,39,London
iZE2Gq06,44,Berlin
IaZdFqn0,33,SF
K6CYUTXJ,53,SF
h2pPcVEw,33,NY
Cmc0wlsh,41,London
W8F09ptD,52,NY
3zYei0Xu,50,Berlin
MhNSJ3ui,34,London
XJdaElhJ,22,NY
OnEUZlVR,52,LA
8God96qw,36,Berlin
yPDJQ0gB,60,Berlin
NHYwXwZ2,64,Berlin
pqlNMLba,51,LA
9mjTQHHJ,49,SF
UtAbFL14,42,SF
T7hUPAZg,39,LA
3zjVq92t,56,SF
Qoz4UZ36,67,LA
ZRJLrsVs,44,NY
TZfSASwG,50,LA
dHffH7oB,25,SF
rbRu4RZ3,47,LA
EQ1OXyQQ,65,LA
V5BncLhO,43,London
oK4cFc58,32,LA
rY7FOmR2,53,SF
BftujPLn,62,Berlin
t9fL33hW,29,NY
Yfmju9OJ,58,LA
ZHPcg9vG,62,SF
7xG6o6f5,60,SF
wse8OSo6,29,London
orWMplGf,21,SF
IUISrfHG,20,Berlin
KalyhW9A,54,SF
DKalwxn6,55,Berlin
H8iOmsXN,49,NY
m4cmCoaH,43,LA
1A8RNGu3,21,NY
b0Ctsxee,18,LA
UOTroobk,22,NY
lesZ8WJm,19,Berlin
8RFIokUL,63,LA
IXcBKeTK,28,LA
74kWBfK8,26,NY
ESP5HIcx,25,London
YUVWWP8z,56,London
uU1YOrwQ,32,NY
hFHahvGv,26,SF
sjP94xKk,59,NY
jWTpl1Nh,67,Berlin
8Qfj9hvj,47,Berlin
jlINV7FN,46,SF
fPFB7Amu,68,London
fSBDcxaT,42,Berlin
CJDsBqtP,39,Berlin
icxddDTN,51,LA
zhsMskO2,39,LA
bi6bu4me,63,SF
yaUZBkO5,47,Berlin
2alK2Efs,27,NY
Ea38Uyzm,22,London
i5c5BQSI,22,SF
gLIL2ld9,19,NY
0RZ8xXK5,47,NY
PkL5yWzJ,39,SF
Y6I8eU9Y,30,SF
5fhzLYNl,56,Berlin
5eMMZgDs,42,London
K8NBSESt,44,Berlin
DJDVP06e,64,NY
Ygz8ZAeH,44,Berlin
LKYOfkno,38,Berlin
Y5S827rt,48,London
qDZSWmz3,32,LA
f1v4c0Mm,55,London
GLBmbOzQ,56,Berlin
Rv4hFYzE,53,LA
PgaF428c,53,NY
k5n14v3h,18,London
pe17KMeu,28,SF
0VOHcEFy,22,NY
QoLoqZir,51,LA
lD6Evw4O,54,NY
AvahMZHC,22,SF
eERhJeHC,37,SF
A2yAKDO7,62,London
nQAMkmOD,61,London
nBxNu1IT,59,Berlin
vJER3Ecp,30,Berlin
7Jnki2Za,26,NY
rYhfOQol,22,SF
zWWzZRNy,55,NY
NhTwEy6V,49,LA
o4PQ8z8L,47,LA
RNlNAuEN,66,Berlin
HzC30bCd,45,NY
4yRl5dbK,54,LA
S57W65E9,45,Berlin
69YjWowA,60,NY
nMjkUFe5,23,SF
akPVmRQ4,58,LA
kABVpML8,61,LA
F6TvfPxE,46,SF
VfhrSCHx,21,Berlin
WIVSFJRg,35,LA
EyKXyXc8,32,SF
sKkMkjBe,42,Berlin
N5ntbLud,21,London
6I4yTkhe,31,Berlin
PWPQFwpX,67,LA
JEbM5pba,34,Berlin
4Q8kKiX4,51,LA
KwSgey1i,36,Berlin
CJRgX4ly,46,London
aGqr5tbM,39,Berlin
Wp7oYkka,31,London
DScDVaE6,53,LA
dM1ST2BO,19,Berlin
OjlbaAP9,62,SF
GDPG6Uul,24,London
4j2rw7Nm,45,NY
uUNMPStQ,25,London
xmZkZhr5,46,Berlin
FcPv87RF,27,London
rZArA3Kb,38,Berlin
uURwnOOy,52,LA
Yob24UbM,21,LA
ER18clPd,38,SF
0XSYwzlO,55,NY
ybQIQXxq,42,LA
lXgi6hgj,37,SF
hC1FdJY1,24,NY
cL9Wz40R,24,SF
dHWMZbH5,49,LA
OfbhctYg,49,NY
yX5UYahE,39,LA
AdK9VJnO,66,Berlin
tN92N0w6,42,NY
pvCeXZ4e,23,SF
Pkliw6ft,68,Berlin
bF8HRZLV,44,SF
8D7NjfYi,35,LA
W6CA4Est,29,LA
2YfUzcTx,45,Berlin
9G6DwbPR,36,Berlin
qQIzEfyx,60,NY
9DZZm8bq,34,SF
6Yv1hsPg,52,London
fHNoHuxj,32,LA
lkAHYy7j,22,London
SVroUgka,53,London
eINWafEH,50,Berlin
viP4juZ8,38,SF
SjuoAGaW,52,London
hVsxEVnC,59,SF
wS8tkSU6,44,Berlin
PNbdANMJ,62,London
59R1cmLq,47,London
cZiKI9XN,56,LA
4bd9oFE5,63,London
96zEAgWb,47,NY
wfQBD3EO,62,Berlin
1V33uRay,38,NY
QICG403a,43,London
fQPUJRjX,41,London
Zj3LtRmz,39,NY
T0V0saLg,54,LA
EcRldlx9,60,LA
HrVNGGFi,43,NY
8cp3NmR6,39,NY
UVtelrts,63,Berlin
p3Mkh97h,50,LA
uR1tqqUV,41,SF
IfECw5ql,22,London
HTpGEuiO,41,London
piAgUSB7,52,NY
ucSTnevW,39,SF
pbdbpLQd,50,LA
nQAo6g0w,34,LA
5hjY4xtr,69,LA
BxcMSgaD,29,NY
rsE0ARze,47,NY
uGPhniAp,43,London
8qMUClZg,30,London
ou7wrY0f,23,LA
KupZNNOD,20,London
VWO793ec,28,London
GymrASC9,60,LA
KFL3idiw,27,NY
6XgTAZ1V,28,London
NqsWS4wO,33,NY
uZpvXyzt,37,SF
0ooGBbFX,59,NY
jC7OSCVA,61,Berlin
AO5wWvjw,36,Berlin
BkfGQ5fb,26,LA
XTys5cww,53,Berlin
z4VH6cXZ,32,SF
YaLoMnCG,40,NY
vVTsKQNG,38,NY
ZGtr2qhJ,56,London
cKmOmAmm,22,London
pGh5FT88,68,London
PDY3vtd4,39,NY
6HBDUQWi,48,NY
rSbirahi,32,London
R47kxMpj,45,NY
5n4X2FYz,55,SF
Cx5rjgVF,69,London
v1hREb93,32,Berlin
MDhxdpu8,66,London
uUCTvadA,36,Berlin
u8Y15xEW,52,LA
kNK1GAK9,35,Berlin
zyWpYWvu,27,SF
7NOJvVwi,32,NY
dvKtYIMb,67,SF
rbcUqcP7,41,LA
zlxtEaws,64,SF
oS4XKtJM,68,SF
cwcc8Mrn,37,LA
OehWSFgQ,54,SF
sh4sCyGm,28,LA
lM4IEuh5,26,NY
4xVRhOO0,22,London
tlOuRRfr,28,NY
dZyHIfdR,56,NY
V6y9QHyg,44,NY
OxXHWDa7,19,SF
z2cCr6Ve,69,NY
VL9r5dMS,37,LA
CdTpvKOa,38,LA
KOV0PATn,68,LA
l3GFURGH,67,LA
vNyMQ0J2,47,NY
V3xDZ5fQ,65,Berlin
rKha5Ma4,18,London
r52d94qO,52,Berlin
pU6jMlJM,43,SF
JtFIkOUM,49,NY
mszj3oCY,26,Berlin
eUxdn5TD,66,NY
Qo87lD5u,57,LA
LzYkccxN,38,SF
ZDNaqLnd,33,Berlin
rrrGYTaz,29,London
dqGAoQD4,53,LA
B0rkLbS7,54,LA
64Lea3Mv,44,SF
qHIk36jw,24,LA
cvpHIpy1,47,LA
HiQEbtMK,41,Berlin
emGZumwM,67,LA
9u0sItlj,47,SF
APMz1QII,37,NY
vjAGPcxa,63,SF
8VvwfbhG,57,SF
yWoP5see,62,NY
EYTcfVw2,45,Berlin
jDELpwf8,21,London
7aVQMkf3,29,London
ZJRMJwlH,20,SF
bsRIyX08,54,Berlin
rZCcf4z7,21,Berlin
RSw6xpNz,32,Berlin
3gFYGnal,45,Berlin
NNOclxke,54,SF
jLOk2pEF,26,LA
6UMyUghu,31,London
gU8QqCno,49,London
WSeiWCMy,65,NY
KmgiohWu,20,SF
iDI2jedm,64,London
EKK3O5Xc,35,SF
3MIhUBvn,67,SF
nyAQc2PX,31,Berlin
RNLaW3yL,42,NY
50YzkEky,56,SF
0hbSmq38,43,London
eNZKhizD,69,London
l0aDF3Cq,23,NY
C5nX6KMZ,43,SF
zg44TI8X,65,Berlin
CbAiDN71,68,NY
66qjdvfb,58,SF
SVpOeDSL,69,NY
33hvnusc,18,Berlin
e9JNe8Me,67,LA
pDHii9qJ,38,LA
M9okHb6j,31,LA
uOVt9574,63,Berlin
dic5UmeX,25,Berlin
EI6ST9h0,42,NY
I2LZ8ogV,66,London
jsChZxu7,35,Berlin
S4fLxw1W,32,Berlin
UdKDD0P2,59,LA
vvgyuNmo,37,LA
xBLR35uC,33,LA
tkwTG5bf,24,London
XngfU05N,46,LA
CVpNZdEv,48,LA
8PfJEfyi,46,London
7L09xASz,34,LA
iJuG5HbI,22,NY
SZt2yq3i,35,NY
5xiS8pOY,31,SF
OLCogRzb,48,NY
sTRqixRO,67,London
LGCh66wq,35,LA
WubvPHuL,64,SF
9lQPSa3N,42,Berlin
wPlckDIJ,28,Berlin
g1adQ21z,43,NY
Wls4SCyK,22,SF
PVfAgWbl,33,Berlin
wNLKCWdg,25,Berlin
RfmK4vC9,30,Berlin
FyzBSzNj,49,NY
jNOJM7Ua,44,NY
LPShxM4p,66,SF
sAglVTOO,43,NY
TscEtJPS,26,NY
rW5hrpGU,64,London
Uaj0M1Hb,24,NY
8q8I17sy,67,SF
wuQtkVY7,63,NY
AnGFgGTe,25,NY
GI4GYv4I,19,London
IikzVqSR,35,SF
B7B2HjiM,53,Berlin
6vLAN1cc,41,London
ln4X6jNO,51,NY
01OecArV,59,LA
369rW2Zp,55,London
97OmfPWv,28,London
d4hOmZbJ,69,SF
A4vek5HN,27,Berlin
myoqFgLt,46,Berlin
xVwJcclU,66,Berlin
2O9bKguF,57,London
xiiiMEUt,23,LA
gP0U7gk9,65,SF
tE0A29B9,27,LA
uGFiHRau,47,Berlin
7l05VvEd,45,London
51a6ISLr,46,Berlin
TKknEqdA,68,LA
7gbv93U9,42,Berlin
BVzShPtP,53,NY
329YREk0,44,SF
4Du4dElf,51,LA
BaA6LK6h,69,NY
r3JLYBuo,51,Berlin
ip8ZmEta,49,SF
cN3wkDEf,61,SF
ceOjKt1O,21,SF
I1Umcuk1,65,London
1WYTNJqR,51,SF
S3pUMfff,33,NY
97dlrEN5,64,LA
s1E02kc9,63,NY
TuHOyNWn,28,Berlin
sRbmuR7l,32,London
d49SE0Wk,55,London
crt9sQDt,47,Berlin
RB7xfxQ6,44,LA
OBqf1y9s,33,London
H12yRwdu,18,Berlin
WuSkgaeW,42,Berlin
KB0o549e,45,Berlin
l7ua4xmu,60,Berlin
Xk0CYrmn,31,SF
kMjF1D7t,51,LA
PNWarJvm,65,Berlin
mtYXOEtC,21,SF
odHZTt0m,31,SF
hYgKZmfH,33,NY
9yBgBwjV,32,Berlin
DgKiWpos,51,SF
4f2kpz36,30,NY
F1aZpFB2,34,NY
WVFgEQ2x,45,Berlin
XQOmEduA,69,London
RsxPKBPY,27,SF
oecNahpp,64,London
Ezb08zQ9,34,NY
XLokewUp,25,London
d50ZLYBP,19,London
9WS35gKb,18,Berlin
aJXwAQ7W,22,NY
0ECJmRoB,52,LA
r9LaOWYe,39,SF
Z50jRxVD,60,Berlin
N58Q8wCF,33,Berlin
2kffklNw,26,LA
VL6P2uOS,53,Berlin
xWlIRaSc,26,NY
OATJROeQ,31,Berlin
yVGUlI21,27,Berlin
Ggg4bUnT,39,LA
kXCDEUoO,33,SF
2Keh95h7,58,SF
WuFZ1Q3r,20,London
vFk7e7z1,45,NY
ugL38gL3,47,LA
UCOhJv3E,46,SF
pjZ7IcLf,18,LA
WFEQpcJv,45,London
6MPVJiAG,39,SF
VBCxZzyW,49,LA
Edv2b41L,69,NY
mSBNFbkQ,28,NY
09FtVuqX,43,London
tTVk3ONp,48,SF
p0iLWV59,37,SF
g087gj0h,37,NY
TKzfxenj,50,London
xbeCza3A,22,Berlin
cFL7LZ7b,58,NY
A3M0lSTd,20,NY
q2HWbcEQ,61,LA
hfUTREPc,67,London
K6pNUy7B,51,Berlin
LGRU6dFL,48,London
UlqyU3oo,59,London
xV0VIXE1,24,NY
G015rc9B,47,NY
YKc6q06G,35,NY
FwjwEcwe,33,LA
0goqLgZB,30,Berlin
9W5q9g1z,50,Berlin
XkXxUNq0,24,London
gqAPhAZx,47,NY
NrLZvGBd,28,London
PEHRzWaA,23,NY
Mq6EGoyG,38,London
OeA3cJik,49,London
wwVrTyMI,22,LA
Mgw0jDv9,59,LA
jDCIlC8a,46,London
LlKnvXaJ,52,NY
SpAlPioo,64,London
OwZFnhyn,29,NY
177VkXQf,54,SF
oV5dLH1f,63,Berlin
zW58CO5X,61,London
GsuCHJSO,39,SF
aDAIk5TF,28,London
c1DyITPf,40,LA
gkiTkJO2,62,Berlin
TvvBGTYd,27,London
g9BWGLQ9,59,LA
kBCuBM7V,41,LA
PZ55JLSA,63,SF
LSDeOtct,69,LA
ACrLdYIj,33,SF
auofuEwV,29,NY
6m0Cvrwa,67,NY
8oAiM78q,49,NY
l6pCw3eu,41,NY
pK4GQ4GD,21,London
ttYJ6UHV,59,SF
uZYBWpn9,50,NY
zijULZui,35,LA
M5WiHaU6,64,SF
emNdweUw,34,London
qewEhsjm,38,NY
wVW1VDjg,18,SF
btuVjdcm,63,Berlin
40jVhz1M,61,NY
1mal4oQa,42,SF
HmFVUgdR,48,NY
ATMh42c3,60,Berlin
kY3mk5gh,37,LA
p5vyo2gV,43,LA
H8OfhA1O,36,Berlin
lss6scDF,47,SF
qWYuPBWh,42,London
NcDxC1WV,53,NY
mn1B7sU8,66,London
Y4bdpa77,35,NY
U8UeiMxq,21,London
mhF6KxRb,44,NY
Exwm3oHA,50,LA
tOzmt8Tf,23,NY
iovSYLpY,24,NY
4vjcJ7AP,18,Berlin
Ng4LuzKL,55,Berlin
E0R2ZrOs,52,NY
iU4TJRmv,40,NY
vhlwcd94,33,SF
tYE0TwAF,51,LA
vmL2pKf7,51,NY
PreHWIdz,48,NY
UTWXlAsI,60,LA
rc2qJQYF,48,SF
UU1UdXyA,69,Berlin
T0dLGvgY,28,Berlin
cbsiAsO9,25,LA
OgLAiGkv,68,NY
K676wTca,41,Berlin
DnI0PSiu,40,NY
t7cW9ml4,49,London
SFsXzSs0,32,NY
qdZNYwb3,45,Berlin
GvrRcrwu,37,NY
EXD95stO,31,NY
U9jy7dRK,43,SF
75CFLYmT,67,SF
L1gNLnwS,69,NY
zlBpAFPn,54,LA
lYVQtq3y,19,LA
1oeJbmDI,51,LA
XBmagBs4,51,LA
ZYzdjKlk,51,Berlin
tKUcJSv0,26,LA
lNQJ0oOn,61,Berlin
C8Il2yGV,69,LA
ndzGysjq,67,NY
pg0RLKXT,20,LA
7anBCiAl,47,NY
FBIUXo59,36,NY
LLr1TQIr,48,SF
YQLgF5kU,33,London
mj2XdG2C,60,London
WzdNnwqf,41,NY
Z51vvUeX,32,London
AYe5tIbJ,39,London
6QcVcJ2A,49,LA
Wijzs00E,28,London
oPqBcnlU,46,London
fIR5ylOw,59,London
5AqkL3GE,41,SF
CbFvOCUc,36,London
IiYAZSqf,22,LA
pPhxQx6r,63,Berlin
LLYnRYDn,58,SF
I8X3xmXn,55,LA
SvPoOQDb,18,NY
4hH66f4N,47,LA
L6oXRiFK,29,Berlin
rh84RKTv,63,SF
sR89k3DT,21,Berlin
WTT3oMBT,32,NY
iyWiCPDR,34,NY
nZb7rhRm,69,NY
Yov5OFPo,29,LA
krC6cE7p,18,LA
NQOx4zry,30,London
Jbn2SlOU,47,NY
Z5SqcYAM,27,Berlin
7pZHSHz2,53,NY
ykepHB6l,23,SF
Fop7uYak,26,LA
gN81kStd,67,NY
svNxfBj1,19,London
1vveeDMh,23,NY
YBLKd44z,28,London
oj838QEP,43,LA
w9AthXNR,45,LA
5nEQmBtq,30,London
vPnCdEGu,55,SF
v33mSQhw,29,LA
uJY9qVmV,36,London
SajrrkfU,35,LA
Fm6dqaso,36,NY
spKr8Ofn,45,Berlin
3DMGTS8n,29,SF
PuQXmOFI,49,Berlin
J3MjZS5H,69,SF
8gAPR6EG,30,NY
sVhZ38RB,69,London
KMtDB3mV,40,London
f8GvlB10,53,London
fRWT6hcb,47,NY
cgs6eGe1,39,Berlin
ULxWBN7u,55,LA
lAn6ZcnJ,62,London
6GMazXUR,59,LA
1eWbKVnM,20,Berlin
ecxTMHE8,26,LA
HVW6PVuS,32,LA
uaHo73Xk,47,LA
t5QVEoIV,43,NY
nnAQNxtD,47,Berlin
G07UgNNU,22,LA
pVVJ9A6Z,48,London
erP3w43B,39,London
IhR6LSFT,58,Berlin
LtJd4kdx,32,NY
Q3ZMJzBk,62,LA
XR23iv9b,52,NY
xZkblpwW,36,Berlin
vRvY84Fp,51,SF
HjoMRSy8,35,London
XVt4aT5p,31,LA
IEkqWzEe,39,LA
RIF26NFK,41,Berlin
DQU8gTiE,30,Berlin
8jLEYjKq,25,NY
nFVGx5jc,59,London
wmijXuud,19,NY
WOCQW6zX,59,Berlin
C4Zu97KI,44,London
qIRxERGF,51,Berlin
q4HNCunb,46,NY
2LBe2mR5,43,NY
flkibqWP,40,NY
nOASd4Bn,53,SF
vAQkOj45,26,NY
hJ6Smjjo,38,LA
VXYFNTds,59,NY
wIYqExuJ,53,Berlin
07Cv1mGW,20,NY
pCxMPfjj,24,Berlin
HHC51H3w,40,Berlin
TWWk22XM,49,London
9ozjaGOk,40,SF
EcB4yAt0,33,Berlin
SlukEhh6,22,Berlin
l6FRWJE8,30,LA
FszeiISf,27,NY
tvNncdbz,19,SF
NQYvLPPO,33,SF
OoFgxDAB,69,London
tW55brwr,18,Berlin
Yr5kiARY,23,Berlin
synpDhNl,36,LA
gXc9QnBD,50,SF
2eAr2pX5,45,NY
VnURTULp,22,London
GnSeb7j9,29,London
X2k5AZg6,47,London
ReQHyCu0,34,London
fRPynwSC,36,SF
MIxXgq8f,57,Berlin
xvFeZUhT,59,SF
DhCBI2K4,42,NY
lTMqh5Vu,52,London
cyYP5DAF,26,SF
FiKkqzxR,49,NY
q0ZZ1DyZ,56,LA
zuv3WNM8,55,London
ogK6afkQ,32,Berlin
DEWmA1bG,62,Berlin
CVpXlvSu,63,Berlin
aAL7lpLJ,54,NY
otAy838v,43,SF
YbvxQzEx,48,London
4pIC7eNU,47,London
sBr4eL1w,19,London
PRdQMfGk,24,London
Cdrf3nhg,47,LA
Wc7TBW5h,50,London
6sauuMgn,65,LA
Ebjc12Ri,56,SF
yenTA4jJ,64,Berlin
lRJfFOFe,55,LA
ky1qFKdF,37,Berlin
l3TH2WC0,36,Berlin
KwXIxlER,26,NY
VLRJT6Pi,39,LA
SZz9kEW4,49,London
NZrP7Pjw,47,NY
gEBqbYgK,23,London
Yf27hxZq,34,Berlin
lGdC94wS,54,NY
hVHG2ik5,32,London
pDPXkt11,24,London
rAI0VW3r,31,SF
EJSJcEMI,37,NY
aMP1dsgf,47,NY
OgeFOIzo,35,Berlin
XaE3d9hu,39,Berlin
V4HzfWKl,42,NY
EOEdlbUb,41,SF
ASaC3jve,48,SF
M0OsJTKK,66,Berlin
JOfglyWn,35,LA
BqyGevz5,51,London
PpkLz3Qs,35,Berlin
jLgsYedl,31,SF
0uMMu9Uw,21,NY
Emh2Lxz0,24,SF
fcFqQWi4,24,NY
HrYzIF2F,18,Berlin
K70tQ2ML,57,London
L4UAeAHS,69,London
Xj4Lj6we,41,Berlin
QBZWcu0g,49,London
kYLhjYAz,27,London
0WCQum0m,26,LA
waoUJr4E,56,LA
0SRppWqK,20,LA
gKArE9Kv,61,NY
jMnExysV,52,LA
zstDqjxA,22,Berlin
KO58kH4a,24,LA
35qmkWlp,29,Berlin
8WjryLH6,40,LA
2ko6rAAM,42,London
bUKRssne,34,LA
WTiTaU5S,31,Berlin
lhcUFBy9,52,Berlin
Ixx0kZCH,18,Berlin
3W1jeQbW,39,LA
ABvGx23L,45,NY
4OL87GYT,40,Berlin
NmbG6DUA,35,NY
FyezN1qq,63,LA
ZHMIdD1w,62,NY
kvDR2Qy1,61,NY
r4vTwDw7,54,Berlin
by2t5tV7,20,LA
pFx1fdJV,31,Berlin
TsZmZpC1,56,London
t4x3rd5H,24,SF
HMdGwlSa,34,NY
OcNfPuNC,23,LA
t3QeVtXT,64,NY
ePEsIyEg,36,LA
mbFOvQUE,32,Berlin
qtgoOKGj,56,SF
WduwDV2t,22,SF
xGhD9EMx,32,SF
0yyaOpnm,69,SF
8RpauY3J,62,NY
rbkXOd0n,43,LA
nOxONOkC,56,London
nUsmZhoZ,62,LA
8BOTytot,30,NY
CAvZcs9m,48,Berlin
SxKusFyC,30,London
76mcPJtw,40,London
GBSf7i9s,57,London
DAqCPj0g,49,NY
a2YJOdz5,54,SF
NP5RS46F,21,SF
EgXfh9CV,34,SF
emRk1b4a,37,LA
B8rUxPDq,63,SF
zKCCUF1O,28,London
VFdHtQpf,59,SF
Bj2Kvkz5,50,London
B5swV7bm,56,London
j3X1z9Xz,23,LA
usMkRRqy,56,SF
hfuA6l1r,64,Berlin
yyKcR3zf,55,SF
pXzF4X76,35,Berlin
JVVKHACo,19,LA
34rH21nN,58,NY
bQ6hd7au,55,LA
PGfYQiIP,34,LA
Cpqca4wz,41,Berlin
GDj8QtXh,47,LA
QQ3KmabV,60,London
jxH1q6Ow,41,LA
TiM3Zw1i,21,LA
rolevXP0,24,Berlin
rVQxPItt,32,LA
EeU6xkNB,47,LA
YfZUwJGX,46,SF
3QbEhOse,66,London
lGZOsiFx,61,London
0ZUtyB8H,62,London
hgsUIZYY,30,LA
ISJTDouP,57,London
QcVqGaZU,56,SF
CfKOwOb7,46,NY
TKes5tEW,43,NY
rzBicv84,53,SF
Tj6OH0HG,52,NY
Z4Z6YsMP,66,NY
KT3RRrIK,65,Berlin
NnsOc5Wg,36,LA
BYi3wSOR,19,Berlin
a5ILoeOV,31,Berlin
YlUUodlO,33,SF
jpzsF0a4,66,NY
Q0xvxwUc,53,SF
PQpWU2yr,57,London
XaFZKceR,58,Berlin
we9byJWp,48,NY
waNhtuZq,65,LA
CT5akaqK,65,Berlin
RKr2xxuG,66,NY
wIgu8s5F,52,London
jOCNskYm,39,SF
nTMCLFXU,38,NY
IDexwX92,45,NY
xixwxlsL,34,Berlin
owa6W80U,67,NY
PrYTY4UV,35,London
fGo4nYBd,49,LA
JaEJgABZ,40,London
PVuK9aIS,23,NY
wbR5zdY7,46,LA
zwnt9DvA,23,London
yt2OusX2,50,LA
e3vwvkj7,65,Berlin
gdfty8cW,49,NY
ik9Qae9b,34,LA
aetbiCbD,21,SF
qWRyqs3v,65,Berlin
tStKPAms,48,NY
y37sPdhl,39,Berlin
VaTUTG8z,44,SF
ZBibXWZM,38,NY
ZXb6llgU,37,Berlin
vRzri7qI,51,Berlin
xnLu8FnG,40,LA
8pB8GPyW,61,LA
md26tYUw,33,Berlin
b4Yt7YcI,23,LA
GZwl3dao,33,NY
mLqhCG8o,24,LA
vuJZRyjH,31,NY
66jVSWOj,20,NY
Oc8JSR38,50,NY
z7UeXoEf,66,NY
KNKfRBFI,69,Berlin
Amm88fjd,53,London
IwiCLXV5,56,London
Z4RjRexL,46,NY
GZibkFhz,56,London
QrOdielC,21,NY
DHESaNfQ,56,London
NPQLxfg5,57,SF
hreRaC1W,58,LA
hGqdH4zL,39,London
UlQD2kBx,32,NY
dEBLA7yr,21,LA
sMHHVgEl,35,LA
B7FXynC0,61,Berlin
ocDvTUZH,40,Berlin
QNDxlorP,55,London
sqPe7rA6,21,Berlin
EftpE7Av,21,NY
4tDi5GOa,35,Berlin
dIayRWJD,18,SF
vz94n6EP,49,London
23m9ooa1,38,LA
cTi45QoX,55,LA
w9saXufL,43,SF
wr6jsBPh,58,NY
B6NpvyiE,66,LA
2b0MHRB2,38,SF
Djq96vBa,60,Berlin
GAcd5p32,46,London
Mvn0VzXf,58,SF
kh52M01a,60,SF
5lYsEBca,49,Berlin
EfwEoKdU,21,NY
v8RYGuw5,30,Berlin
50V0p732,68,Berlin
o4sKThax,52,LA
x7xTkOuq,44,SF
6tpB0nzm,18,SF
4SZQhuTa,66,Berlin
uILM7yV5,66,Berlin
N79R1VTh,56,SF
66EZvnHE,31,SF
9MM2AAGY,54,SF
NzrcuhC2,47,NY
nEUn933O,31,Berlin
hY899NXj,28,Berlin
Jaf2gx9g,48,LA
p9O4frmb,45,LA
GIbFvzvw,44,London
RNqrl34x,20,SF
4oih6oKO,23,SF
5P5q7sXm,56,London
nGI3jvj4,36,Berlin
RUPI7FFd,58,SF
yCE8nnX4,51,LA
EZUzB9ep,45,NY
ofMZpG5W,29,Berlin
YdRXPsJt,56,NY
wMPMRUgt,27,NY
0dDKWjFV,69,London
rt8zP6Pq,64,NY
12xtgSpv,42,SF
1RbX6XK0,40,London
j5IKQclL,43,LA
mtdZqADc,36,NY
kEthUbHV,55,SF
lLymnTOw,37,SF
RAYzY0vq,62,LA
V7g1Efm5,69,London
w3gSBTE4,61,London
u1p5KthF,35,London
vFjXZ7a5,65,LA
BqG8ceHT,28,LA
wydJhzO2,42,LA
vvfeTxvE,60,London
jYD9jx0q,18,NY
Zz7AoIEz,49,LA
rpUDmFfx,50,LA
kvOfKl6h,24,London
YR9CPzjh,48,LA
4Ccy3EeC,43,NY
zAwdHVlV,24,London
xgOYrtSb,53,LA
KZk9t2P8,63,LA
ynfJpbrP,41,Berlin
KsuepBc6,22,Berlin
2yA8x3aa,39,SF
x9sGYcnd,61,SF
hICbLMrg,53,LA
8dlLa0eu,20,Berlin
sLI6aQmZ,67,SF
gpAGUFk9,54,London
gAVmtDgj,55,Berlin
gwQuW9xJ,63,NY
UvZshp5f,23,NY
icwXr8kq,69,NY
09EFQUYg,42,NY
aq6ocIUW,40,Berlin
v4uy6uMc,29,London
pVFoAp30,45,NY
2hAyvq1Z,61,London
gWAmh4cn,57,SF
eQBTQx7V,49,SF
uL9EvEhc,69,LA
fUoOs2WO,42,Berlin
EXB94O0I,51,NY
g8VCEYcz,47,London
BDRtVFJA,54,London
YojnexlH,35,Berlin
b7Z6YUSA,52,SF
Opkv11y2,65,Berlin
1XGFyOqm,54,London
IvVQtVqG,58,Berlin
L8QZWFmV,23,SF
1SLMRcEx,36,SF
3i4UDNKO,39,NY
Ye0AVQkw,49,NY
eMMTfxZW,44,NY
d5rsqATt,33,SF
vBnvTIDj,43,London
Y2vEDz3s,56,NY
XmBXIJ6d,21,Berlin
BXjE244t,33,London
uKRWAdD7,69,LA
sHPDaDaH,66,NY
jZWGIxiP,36,LA
e3puWwMI,45,NY
QQ7WQVPk,34,London
l0bV0Zlu,62,LA
RnkTpanR,19,SF
906ksmaH,19,NY
8Sq9EriH,41,Berlin
LqED0tKi,44,LA
OJtfFC1i,21,Berlin
BtSKh7gm,65,LA
lGcIErG1,53,London
fkMZMLLc,37,Berlin
QwZySJcn,29,NY
JRYICT2A,45,SF
czF5KzeF,46,London
SBy5NsNK,69,LA
KzTQG5Oe,63,NY
eGrBz2QP,50,LA
gU686HwN,66,Berlin
nftqnwrr,35,Berlin
PG9znGYs,29,SF
z6MjPVxJ,27,Berlin
uaHhSKUj,41,London
vUNAUQkM,64,LA
8ZSoSVcK,34,LA
7WT277XP,60,London
xGN5rm8y,49,Berlin
Btas5gIe,42,Berlin
S2EvNrvT,69,London
aIZHITUv,24,SF
lICd6vwe,37,NY
0bXhpTn4,46,NY
tUFMq34x,36,Berlin
cllqiNhG,28,NY
iF9rX4H3,50,NY
BThD3A9R,67,NY
O0TQfxk3,32,Berlin
tRTpul3u,48,LA
oIY8W4Gh,30,Berlin
BtATKhsk,65,Berlin
qQBpt5iY,36,SF
05nwi9jP,23,SF
L42FoC0c,45,Berlin
xd8M7i5j,39,London
ZLcy6MGl,45,London
QDiPZOzd,33,SF
rEyvn6Wp,67,SF
RGi5cNxq,50,LA
15TpQ2lH,67,SF
WLyS956a,58,NY
XnuGa5lN,62,Berlin
GoYAl8Kh,65,Berlin
iT4tzVtl,68,Berlin
AUZwKL0x,43,LA
wITwn5a4,40,LA
Q7OYXdoP,18,NY
4EItdfUf,46,Berlin
2QCy4OrB,25,NY
yXVVMvCH,59,SF
eMa1ywfz,56,Berlin
OSxnMRhb,20,NY
iG3WAw61,30,LA
G19bRANc,37,LA
YT4YWbq7,60,LA
76TE9yey,69,NY
BCrRC9fU,22,NY
pYo3YLAp,62,NY
IMnmDyiG,29,London
XZysphl8,65,Berlin
pF2qRRfS,34,London
EWwyOB5d,31,London
CYtueMzt,43,SF
NavJcGz1,47,SF
l1BUvdW2,59,LA
FyYDD49x,62,London
1TlvCJtN,49,SF
bRebwMhE,47,London
mVMnCdTt,29,Berlin
aoMmsHn5,53,London
FpKpb9Em,36,LA
lGu9P34I,61,NY
WXB5BK1n,42,LA
moxJaT7B,50,London
tYTOHYmd,59,London
n2hiXaNT,38,NY
CJ3VxA0R,19,LA
X1LU76a5,54,LA
pMwDnaLv,38,London
AQO7hMsQ,43,Berlin
bqko2c7k,49,SF
mqC3jrOS,44,London
EAotfv9s,34,London
ktteL0mO,21,SF
ehTf0GrG,56,NY
OlXmHNIv,32,London
rCo17xPp,50,Berlin
l8PG8yTv,31,NY
3fqiZ2u2,43,NY
xST6oQEc,64,NY
RA539cFl,19,London
XH1jOORM,37,NY
qJag8m8s,43,LA
s0YM1Viu,19,London
yitUWFi1,65,London
dvOUJLHd,19,SF
wspvk9ic,65,NY
TNjHGZHn,34,London
UGiRUwwP,35,Berlin
dcxuvFdR,68,Berlin
myXhgVQe,65,London
29mBK3Pl,21,London
dyItJCA6,34,Berlin
1QwwyEIp,50,Berlin
JoivU52n,40,LA
tRFh4SBF,30,Berlin
h6o7Zt0s,24,LA
UB6kLaBT,58,London
13aImU7m,63,NY
TVdibcTN,18,NY
gAqiPWKw,57,SF
fZ84Gkk0,59,LA
W3lpVXtu,48,Berlin
44z11Eg4,53,LA
42jbYBkU,42,SF
8k3fHQ2l,62,SF
R5C5iQ3v,67,LA
7Q5cLx1D,58,Berlin
e9Opvmrg,57,London
UhJnV79l,47,London
AQmIrGuG,55,London
gmbDCPec,38,SF
v2QaLEqa,36,LA
Lku3pqMR,33,SF
dUD2Cvjg,50,Berlin
ZlSZpY09,64,NY
wTLwnU1y,23,SF
5x2dO3UH,59,Berlin
oAKqXhAS,54,Berlin
yPHcNYdp,25,Berlin
mJ5MYKOR,18,NY
oN1Z9RmN,30,London
AFRraOc7,43,LA
nA8hjPPS,33,SF
PUnOoAw2,66,NY
rnyz2pP5,56,Berlin
ud27lzkl,64,NY
geob48b2,63,SF
0X4cGPNw,45,LA
QAvR5xc0,66,SF
Bs5QaBz2,40,NY
IagXutkC,24,Berlin
S9YBHO0M,41,Berlin
JR1llw8L,63,London
XzZkctyF,25,London
21lmyK5T,62,LA
dcIqUCXk,18,LA
0zSAK3SC,21,London
ZD34YrKb,60,London
UeWNm5V6,58,SF
isEbSFRM,36,SF
1IskbOv8,39,Berlin
xQVyz9O5,53,Berlin
j7vQWros,18,London
HnYyXXBG,36,SF
Dfb7tUnY,68,London
eiWcBe81,46,London
qz9GsAoL,36,LA
Hjm58lbx,60,London
tmHX0DnY,23,Berlin
LduPfq1r,42,LA
dGJk5Ds3,56,SF
XOzj4VeP,40,Berlin
OH706p9h,18,NY
McANw2wu,32,SF
ecoVdSP9,42,NY
EWSrk0l8,21,Berlin
GujqO2Xt,62,SF
PeaLqLOq,61,NY
bAGnU22F,18,NY
HFMssPS5,57,SF
AHK196Xm,38,London
l8bfu6XX,60,Berlin
p6qnO1iF,27,Berlin
TTWUwsbI,19,LA
yiM4IBJV,34,SF
Y7AvOhuh,30,Berlin
JiQ8gMJJ,44,NY
ZORSIfPe,58,SF
wbSWsHaS,65,NY
hOVOpw7b,45,SF
C9jpsATS,66,NY
79OfzEiK,27,NY
ekRsa6Ai,66,SF
LQ2iWfmD,69,LA
klraeabi,27,NY
4yoMdEIb,63,SF
nz5d5aRI,64,London
RVC77eVi,26,London
GVbjB8iu,51,LA
7V9uU5Yb,63,SF
yHHIltvx,56,LA
Fk6dqb06,21,NY
k0iSirby,62,London
6IIPcxsB,21,LA
OjpQPi9V,21,NY
i83N9vHX,58,London
nXZkVRRC,28,LA
0Jg64gS1,18,NY
q7gdLrjr,62,Berlin
jXw91n68,38,London
93kJr7Tq,42,NY
iAgr6Bkn,26,Berlin
z3uAeVFG,42,LA
vcM6754z,35,Berlin
PnRFcWZ5,24,London
W7CFBtsc,63,SF
sbW8P35d,43,LA
Haa9uayI,66,Berlin
WrNCQGNK,35,NY
T4XS52PG,18,SF
JePl9oVv,26,SF
ce3LvpQz,27,LA
Es9NJVmk,65,Berlin
CJGx0SvL,28,London
G7LiCK5e,49,Berlin
MU0NJSyY,38,Berlin
D682om9G,53,LA
RYYktBW4,49,LA
oGvohD6w,36,NY
uCjfEswu,25,London
1WaztIva,52,LA
JQoUKmyq,39,NY
OiY9P6GC,21,SF
IxcXSAPG,46,NY
OlSzeZvE,48,London
HWXUgBkF,25,NY
CFXSHOky,29,NY
s7fRGugV,22,LA
kgzmhBGq,47,London
hjCRYLcd,52,NY
TkIQMoGa,54,Berlin
NPFuG5VF,21,NY
RQKsXfpk,60,SF
Ynv8WDFc,38,SF
tM0mZeDZ,33,NY
b7i6TbFI,35,NY
k2GtqIwv,48,Berlin
k5BqqQTS,55,NY
61sl7O5W,49,LA
ISfh5Lrj,65,London
Go3wAW5L,50,Berlin
g0SEcDBZ,36,NY
fbpgieHs,37,LA
6YTMEoFZ,65,NY
zfldCmrK,27,Berlin
qY9H4Vll,43,Berlin
QwfbEyNL,63,SF
KNJe078M,35,SF
kji3NWe7,62,NY
P5RXXMCR,62,London
4yQmDXh6,32,LA
6sOrAoHa,53,SF
PMXnLYfN,35,SF
23IXeUGY,48,London
zz3TDte6,32,Berlin
K90QZu84,55,NY
9MiKToeK,46,NY
5i6rLiWE,59,LA
YNYjsAo4,32,London
fnRC0WIU,18,London
nTyvsM2T,54,London
z9lFLlrk,58,Berlin
DA5f7jbj,40,London
wVPehRQG,63,Berlin
2upACbnk,28,NY
HOV8XNcB,55,Berlin
6x7oubQG,33,NY
KJ7khlku,47,LA
cwmWUfL7,46,London
eb330eFM,58,LA
2ruRQRec,20,London
GJ7hwbs1,57,LA
osnwmPKr,34,SF
FsJqAr4a,43,SF
i5eAti8s,26,Berlin
gNvnhwNH,34,LA
sj2I1VBd,54,London
a4DpH1ve,48,NY
QX6wZdCi,48,Berlin
RLdCF3Ud,28,Berlin
ZMTDQesE,55,SF
wza325QK,39,LA
P9z1BkXF,63,LA
Ao6VWNEA,20,Berlin
gEcROTN1,66,SF
71qSIEk7,45,NY
xA7rKVa6,49,SF
gnYR2snY,21,LA
dLyL78IV,57,NY
0qJ2hPUV,55,Berlin
k9L7rwwk,28,NY
WJIcap6B,18,Berlin
ZYra7tio,64,SF
QY2OaVT8,33,NY
bHIPuo5L,51,London
OdchW8pb,62,LA
EtobLvWJ,49,Berlin
m0g7hegx,61,NY
xpj2lMQm,63,NY
nB4oJVZK,50,London
Fk9kZiaE,28,SF
mGDGjExe,53,London
eVp35p7D,30,NY
MpAjlg9U,37,LA
s3A7jrG9,42,NY
7h7MD5qw,23,NY
7Is1rgCY,54,NY
o8l9bzE9,43,London
5jWS4VBB,21,London
Ivpf6Xym,62,Berlin
qwFMtjHI,43,Berlin
Ivdvohms,35,Berlin
hHjbtb9f,30,NY
uMebiffP,25,Berlin
DoQOJ3cf,68,Berlin
8QFfHWgt,64,SF
l30YzAEG,50,London
TEKpmYJr,60,Berlin
0bgZrFeW,33,London
u0p7PR8b,59,LA
XT8zznUP,56,SF
AjgWOf4F,48,LA
QQ39G4Lx,57,London
bsZCRgal,40,London
CAlduymO,69,LA
OsHyrTbE,33,Berlin
8ZpLJihg,27,SF
p7zVlseO,53,London
758uQTSo,48,NY
EFyLirNb,61,SF
2lkwYoA1,49,LA
I1u8cpIO,38,London
5APlOIvn,33,London
cPWfSyJV,46,LA
XYvqD0EN,67,NY
Y6kZKf7r,65,NY
v1KngrxV,62,London
1Qy6st0B,33,Berlin
fENgVR5B,32,NY
4kbIpWNp,25,NY
F6GvEuCl,32,Berlin
Rea7eXxk,38,NY
CivQFZ3Y,38,Berlin
LWb5BHl1,24,LA
2psBto39,69,SF
3PmMfq4x,36,SF
yAnrNGoo,39,LA
iz1Zyah8,63,NY
1gdSw1m8,55,SF
0B2wgKo3,30,LA
UJBNRAIb,43,SF
Nh9A9cbh,61,NY
hktIqh6W,39,Berlin
sZYdF6oS,24,LA
6oFN2vvS,69,SF
gjEcRd7T,52,NY
x68Qd7h9,20,SF
tsM1mQyP,52,NY
TNkzDlrc,64,NY
gRHHGkQu,33,NY
cEfOIqWj,62,NY
hicXYepb,33,LA
7j4aCB4s,19,Berlin
Yxty3lGI,55,LA
rxnAxRQK,34,SF
IuVGXSn8,55,LA
wp6DNHGZ,41,LA
lSHcPfUC,39,SF
Y0dB9nvS,67,Berlin
cOoqgNDr,40,LA
WnWbqY3X,61,NY
tPUm7Ts2,36,LA
meR8fjUv,61,SF
XWiTr9Sz,39,Berlin
MiJipsUM,34,LA
6sIdEtVI,19,LA
7nYKF85g,31,SF
MO24UORi,45,London
1GTqV1Nk,30,London
KDdqawx8,55,LA
VMPR2AJq,34,NY
oVxPOhQT,26,LA
0mh4hkcm,57,London
4jU2M56N,31,LA
Ym36BdYE,19,NY
VVx2ibmm,59,Berlin
yoDxvLRs,38,LA
AFzlzuYJ,52,SF
E4Xk8loX,47,NY
RDIn1pX2,34,LA
5tFJH0Y4,56,London
nKJAl2dD,42,LA
A8WlT68N,61,London
CPKrH3cr,56,SF
frTDDcWl,52,Berlin
aDmL8ObJ,23,London
D1yLcjcM,20,LA
lEPNq26v,53,SF
Hde18gVe,65,NY
TrEzx48k,64,LA
wyx2SIi1,18,NY
MjzP1K0i,51,London
ySPnkh3j,18,SF
hkPIYQrr,43,Berlin
jwedhV60,35,LA
japOgJPO,53,SF
wHFj89lH,23,SF
IpsvSLEB,28,Berlin
3kJ0MLAK,61,London
lC0buCsM,57,Berlin
lDaKvevo,47,Berlin
OIcFcWqb,31,Berlin
3kY6Aj2W,27,NY
V69h20ED,48,LA
1ylfzGOk,53,Berlin
EF7jJFTw,32,LA
9pJP2qbz,47,Berlin
9jIL9ouw,65,London
laxw0JNG,31,London
ZeObt01W,64,Berlin
fdy7dysf,40,SF
2DI16tiw,34,LA
sSVlZdIp,44,London
Z8HHlBea,61,NY
yrkxwVyF,30,SF
Rl1j0lon,31,London
z0h0yQbL,43,SF
1KjajNN9,60,LA
zJo1T4YG,28,SF
rqf1akSy,55,NY
o2XdORay,18,SF
wAfoDJq6,41,London
3bSPq5yQ,37,NY
ia3xWFLW,25,LA
3VJN2jlk,25,London
VLbVS32y,47,LA
whMHOVFS,35,Berlin
i7KRKo0C,30,London
NISZJm16,63,SF
uwx6xoQZ,64,LA
D2xh8ziW,53,SF
TZ22Y5jL,36,NY
r7OQ8Itp,30,LA
aCYJFYTA,58,LA
Gegr8LiM,65,NY
zfal4R0A,43,NY
oYTPpvDY,26,NY
tSFq0nNS,51,NY
mf0VVAqC,48,Berlin
xJoVzUXU,59,LA
P6WPUv7k,24,Berlin
KQ3PsZIt,26,Berlin
eFhflzt8,57,SF
8GoTEB2Q,43,LA
tcSgqqSx,69,LA
f5Qxuhrh,68,LA
abS40VwT,50,LA
jgPYjSRp,50,NY
6ni4B6Q0,69,London
eI6Dheji,57,SF
9ycFAKXc,21,SF
cPC5b7Py,45,NY
azFE1llh,21,Berlin
mXiZE0iY,64,London
8ttDI3tU,51,SF
mGDWWcId,66,Berlin
kKFE2O34,57,LA
bxMP40nw,65,London
p7uPFWaN,23,London
dVcw0Uwo,50,LA
iDvPyr5e,22,SF
yMJUbjBt,36,London
kjXtDA6K,35,NY
pVaAaA9M,20,NY
FoE4rz5p,51,NY
mThCpdTO,19,London
lKI09gFw,18,SF
mrw08zcO,52,Berlin
grlNf5I4,68,SF
CBJuM71A,21,Berlin
VCw2aP1m,52,London
K2ApGkqv,25,LA
KmPkxyzE,61,Berlin
u4flRhSI,46,Berlin
1dbro9gs,53,SF
y7P1X08c,31,London
sw6fF5ME,59,SF
v6oreRJE,66,London
sBLcyfKf,47,Berlin
d1J9rati,67,LA
q7jqF9zd,24,London
30Z5rEPM,30,Berlin
3th9bVoZ,39,LA
LCJJ6atR,62,SF
bcJPuX5l,19,SF
mmyczaHk,25,London
dJawHCTF,38,London
6HLwFi7H,37,London
CrTIFK8F,28,SF
daEcsUE7,51,London
Ym6yWxsi,61,Berlin
7VcotkSa,22,NY
x8hsyBqI,65,NY
biivbmPY,47,London
vT9JWS0e,50,Berlin
qZeFQGPa,29,Berlin
oHAsz8AF,22,Berlin
QFnA593R,18,LA
KHdmYRtK,52,Berlin
ckucpS6i,42,SF
63d49gq1,21,SF
zobaTLnK,26,Berlin
rZLGwvNp,66,NY
zE8urivm,61,LA
J06AxCTA,68,SF
w9LDAENB,20,SF
ln0PN6GV,47,SF
8WIVxJCP,37,LA
e2yZYvZg,27,Berlin
hfu8jLy3,37,LA
3FBhlEId,57,Berlin
ZB78jOk0,20,London
05fv7nes,28,SF
PuKnQM3r,32,NY
Le3vhUvf,69,LA
KVMKzM3V,45,LA
HLfkEajH,61,SF
jODTfWhL,52,SF
fHLtVAkp,24,NY
7AExTAfg,50,NY
XdiB34bJ,59,SF
gfZyC139,66,Berlin
HZYpWgr5,55,SF
Y9wNReyu,36,NY
VNbyfOya,61,SF
ZWTvSKJi,46,NY
na0OaM58,19,London
P8igftgM,61,Berlin
xQsMCy84,36,NY
svsqd79G,26,LA
EyEwTgRM,23,LA
HgdXb59X,34,Berlin
TjQK8wnO,19,Berlin
ZrESznJP,56,LA
Beiay3zL,23,London
7xaCBjsG,31,London
URr117AF,66,NY
o2G3Depc,43,Berlin
ejMAVrpc,35,LA
5wPd9xzL,23,Berlin
mSqorBFq,29,LA
SoGHfANP,55,LA
aCEUH27H,39,NY
P1839J5t,31,Berlin
N439zfhf,30,London
xj9PGf8H,26,Berlin
ECAlyoqa,67,LA
5EDWvcg0,59,London
dKnkwUr4,49,LA
51lUUyqQ,27,Berlin
ZVw7yCtu,44,LA
9F05ra6X,31,SF
KomKN1n5,26,London
VIRq12i0,26,NY
9aA1zq62,43,SF
5jVs749e,49,LA
TY2afPS7,58,Berlin
jS7kX0Bi,52,LA
6yVonwP5,43,NY
SMJLS3UL,58,Berlin
yMA9RLjg,62,London
rmQO8nOX,59,London
5An7gqaQ,20,LA
TaWRFUkh,47,SF
wGN4O7J4,46,Berlin
wGsYYpZZ,37,SF
1wdBYz2V,21,LA
Z7NQvpll,31,Berlin
5nO9wX9e,62,London
9NUQ1sJq,69,London
jURulGDv,56,LA
u7wQ4jOW,38,Berlin
4jy5e3Xq,24,LA
XwTEHxge,23,London
VuFEIxFB,57,NY
mj6LiQq7,23,SF
h4kwaftc,42,LA
khCEc4KI,21,NY
YD4zTyVp,54,London
V9hxRVEe,42,LA
6l5GLa11,35,London
qm4z3pCT,51,London
GdehSNkY,42,LA
IxMF8EUj,39,NY
DzaZ75lr,63,LA
3kddgOrq,31,London
jAHGg0f8,54,Berlin
kcR1GgiP,28,London
Zn3V29Tj,44,LA
q1CLVwjV,43,NY
m3drlndb,69,London
7vR5O6yu,52,NY
8nrEgIee,33,NY
MX4hJwiY,69,SF
uOOXgq8z,57,NY
EncTvdyk,37,London
eWyavJZi,32,London
ObHiZB47,31,LA
TMcCOnNp,63,LA
OzYAd6hn,25,NY
SZ7QpcV2,41,Berlin
k9z8dLiV,50,London
WEtgPPXQ,33,NY
yW6LspF5,44,LA
F4RVPLbB,45,London
97MTknrM,61,SF
0oHmepKK,31,LA
Xsr8Yl0R,26,SF
CikrMEQ4,63,London
UXpl4nzb,30,Berlin
oipHjq6U,68,NY
Nw2bAtSy,39,NY
L02y9twC,47,Berlin
VN0B34xb,49,NY
dzpRcbFl,33,NY
laLV6gQ8,68,SF
QuB3aejX,42,NY
N2hNIlnP,66,SF
2176MAir,40,NY
jPSG60um,54,NY
y4XcFaSN,45,LA
Gncg5iNr,20,Berlin
L1UKFrRT,40,LA
gZa9T9yj,50,NY
r6TVTOb1,56,SF
4oRfgdGF,42,NY
vrIgtKsJ,42,London
BPsy3NDE,56,London
vpUmwNG0,38,London
nyX5hLlp,48,London
rqZFY9OV,66,NY
HNmGwMzn,47,London
N7KiQ21D,56,Berlin
gCK4WycF,62,NY
Kx4dqwyW,62,LA
lCa3NHgA,59,NY
KZ5wn66V,69,SF
Lob4Dlaz,51,Berlin
hLootuP9,55,NY
qIJ0UvXO,24,LA
9naZod2V,44,SF
x6II9gWD,30,SF
wsBEinA1,46,LA
GiEcIDVn,40,LA
1FyZujKd,25,LA
vUrCheZ0,38,LA
j1TkSTVS,30,London
fL2ZfFSb,43,Berlin
3XqxCIW3,60,LA
BdGDzLV8,27,London
dDHQN9x6,46,NY
s4ifHZJp,44,SF
yZ7oznEu,21,NY
PncKqZaq,59,NY
Rpp2ThtZ,48,London
InJG0EqV,34,London
NOfI1GVp,25,LA
xttrjRET,69,LA
zmWo4OI1,54,London
zF0ZNmlu,37,Berlin
5uKwOY0l,64,LA
gLDqO0ux,27,NY
kcXSDq5h,68,LA
3u3jlrPE,67,LA
ur6GvSBZ,61,Berlin
ZDbp021e,51,London
lBRWUkqg,56,Berlin
htW7zirH,28,LA
fLdCwDkX,64,Berlin
TF5iyH0K,29,LA
8NNVQ040,27,Berlin
erLGUbEw,30,SF
ID5tTmFc,51,SF
ZVKegqJz,47,LA
QTwKqhs1,32,Berlin
9tbytcjc,25,LA
HMVRJa6z,55,Berlin
ktRD08At,53,London
urZk1fwi,57,Berlin
sVxvDZ9L,69,Berlin
YeDDJA0K,39,LA
xOpAdsSI,22,Berlin
2lJ1OMqQ,49,LA
3lUkbL1Y,37,LA
FouCTF5i,40,NY
uFu3bz9J,57,LA
rc7fb6lB,63,Berlin
jDg8mXA3,66,SF
nBptQjqy,69,London
pnozOCPa,19,Berlin
qb6gvkLu,36,Berlin
LIad0bjX,43,Berlin
lDFhzJTw,53,NY
eka1CMEX,31,SF
rXExdNcR,24,Berlin
UJivGrbm,33,LA
gNlmKgNp,27,SF
srznght2,60,SF
D31WTqst,39,Berlin
ax9h84OI,43,LA
wDgjozgq,22,SF
LILVCSBN,29,London
R9dSt877,41,LA
aiAjOxwq,41,SF
HKmDyLgo,32,SF
lHXwRLNq,41,LA
lBen1a16,41,NY
8XTjWATF,59,LA
0y7NGHJF,43,London
HvszATop,51,NY
LUsD8xrr,35,Berlin
Td1QGYre,60,NY
E8cGwcKc,54,London
L1adjLLG,23,London
9WKtzfW0,62,London
dE4bUnUE,42,SF
fbEljIqc,34,NY
uC4VuF5L,33,London
jU8xaZWg,46,NY
cEzoPzZ5,18,NY
1gHwNKmj,62,Berlin
hAftAAu2,59,Berlin
zvMLEiB4,62,Berlin
kKWH8j87,37,SF
LUU6WzJx,43,SF
3G44aufe,38,Berlin
BqOBLMvm,67,London
MU8yU3cD,67,LA
9RGQ9pD0,44,SF
bRliDTJV,53,LA
WCm10lof,52,SF
UavhS674,33,NY
Wv1vkLfV,46,London
Z4kFzOYz,24,SF
R6I2nJGq,24,NY
SBYwgxz2,51,London
kpujkeTC,65,SF
56Aau0Yq,22,London
zZlihW8k,25,SF
nqsYZbor,25,Berlin
orPraGPA,60,SF
exX0QZnX,46,SF
KBXnOvWE,69,NY
lAkgNXL4,27,Berlin
6ztQJBlu,18,LA
ojvrv62c,55,London
aExhyk5P,45,LA
7Rv4eSSC,24,LA
ksGkfjPc,34,Berlin
eKo3Tgge,65,Berlin
fcSXH65x,63,Berlin
1oE9xeiN,41,NY
swTbogWm,52,NY
qh1DaizK,26,London
RLjX3aAg,59,Berlin
j0AazDxf,20,LA
1babYmEq,61,London
aNZf26vm,21,NY
BHh7UvHD,49,SF
DmE20slO,61,SF
hidg1C3H,30,London
oyZpSMxs,41,NY
YktXxOkV,24,London
HGJrNxyA,36,NY
eJC7k7Cm,44,Berlin
H8wNBW0D,67,SF
NqOsN8wi,44,LA
tWV70g55,35,Berlin
cBVczSqa,47,LA
2n5lyAcT,45,London
9Ij071E0,46,SF
BY2NO755,26,LA
wijLJD27,56,London
UqtiGM3h,56,NY
tlW59PYx,38,Berlin
uRfguQii,62,NY
16czEBuR,55,Berlin
8Oou3Iqw,24,SF
dr1mKZcv,62,LA
3hPjKSnb,42,NY
SZDX9MXz,43,NY
kMyKdUq1,69,LA
EAULEFs6,23,LA
l8mf9ONk,66,London
Fbh1PYvK,37,Berlin
fDxE0o7J,35,London
ylguD6Jm,37,NY
0KowphXq,57,LA
0sU3gdNO,35,SF
HOsX5EtU,64,NY
ouaZR9Cm,18,NY
qTeNgiMt,50,Berlin
bihZTWlY,56,London
sG1D9IT3,65,Berlin
sY2mP1Mq,40,NY
wTj542Bp,69,LA
MWTThOZb,31,SF
ZBVZiv4A,45,Berlin
eRfUzmTu,38,NY
PI8ZciE8,61,London
QO3uThgs,54,Berlin
v3NUmlRT,24,NY
aXBeSU6f,29,London
PMjS300O,68,London
e7p2TYBf,54,SF
fOozYYy8,56,LA
Ro87MfeE,45,SF
lYI0MzDl,24,London
qsMmm0MK,62,Berlin
UsSRBFLg,69,LA
mXZxEG9k,34,London
aco26DCU,54,LA
WZMa4Bau,31,Berlin
FmAy7JLE,60,NY
txC2Elta,69,NY
2CgWNxri,68,London
6AljQPoo,21,London
jmHzGO1i,39,SF
sTqkbH7z,66,London
N26Ill8e,34,NY
1sVXvU51,52,NY
H1QYlBdX,63,SF
yB7jhjZT,49,Berlin
SBHTD1Ag,55,LA
gGRFsgQp,48,NY
PmO36faa,42,LA
g6nV9Cvw,27,London
I5vd1yix,66,London
EX2M13Pf,19,Berlin
iFpWq4yc,44,LA
Vsae3gW2,29,NY
FJSojk8x,33,SF
PJqXzvRc,33,NY
lVD9E5mi,20,LA
fIIBFmA1,42,LA
4okJh62A,35,NY
VVJW777e,56,NY
uNgPKe3L,59,Berlin
x9Zg7Bqw,57,London
qR7m92nZ,49,Berlin
NOhLcvsN,67,NY
CilsT1K7,66,NY
C7zDzcXF,20,SF
duhm8XpF,25,London
ePCb5NI5,69,SF
oCYcsSVj,22,London
OZI0pEdD,37,London
yexoUIaf,61,LA
RNjpj8nd,42,London
Qjtqq43I,23,NY
KkbbdP6o,45,London
6xZHLuBt,40,Berlin
nWljmlwh,41,LA
3TSfIqYv,27,SF
UPHE9Kzo,27,London
X6plublk,50,SF
X6vrmLNa,26,NY
3fkewC1m,35,SF
98lP6oWv,20,London
CIkLovYw,50,SF
X9sOB8TN,27,NY
QVyKRHxe,44,London
5KlNhXtS,52,SF
3dA959Fj,35,SF
8YSzoTrK,24,NY
Zl0F3TOn,24,Berlin
3hRFe0t4,39,Berlin
5vtqWm8W,27,LA
ANXcTJ9o,44,NY
h2vJlqzY,62,Berlin
jPsi9Efj,21,SF
ftbycNOp,29,NY
Zc2boozo,20,SF
ECypA0qS,65,SF
D54eXZ7m,60,LA
kMmKmQtN,20,LA
MXR4UYwU,42,London
oEKZXRsF,43,NY
IdAYI6Ou,57,Berlin
Z1iHEhU7,24,LA
7P1DXVLX,63,NY
BLsMp1vy,51,LA
afjcknQg,27,Berlin
M1kSNekw,20,LA
ZH8ETTKo,45,London
ZobJvhd0,28,NY
QJqB9srI,68,NY
zFKHQLk9,49,SF
bW5Hq94U,25,London
mj17VjVD,37,LA
AUv5gXvR,22,SF
Afyur7dc,58,LA
4NbkQAaP,30,London
OHeUiOKO,28,SF
sgoSYwic,51,Berlin
Ewnv774D,61,NY
f2alpumY,20,London
GkAMZGiZ,32,London
Qw1Xowko,50,LA
kf4YlBDb,60,Berlin
cOhGHrdO,27,Berlin
1sBl6rEP,20,London
23kHGTcl,63,London
u5e0Qggd,65,NY
MC2shzd8,58,Berlin
bIrjMuPQ,31,London
FjYZOiF6,50,NY
LxGpqpmQ,50,LA
bBROkIkx,53,Berlin
WhxKQMaC,40,SF
fCRlkcbI,18,SF
HSvqhogV,44,London
FflSY7Dr,68,London
KYitg3mr,49,NY
d32YjQv7,38,London
ETTcKg53,61,London
iXQUhIMd,37,NY
w35vxh3m,44,SF
cis7ZXeX,53,NY
cwWGPNZm,58,Berlin
7alRujA0,49,Berlin
Jc4B2kL9,56,London
OAZJpgNU,46,London
7jn9ISaO,63,SF
ehi7UQ52,40,SF
PfqOSP4V,52,LA
sd60hsjl,32,Berlin
zgRrOYMx,60,Berlin
TNqVmUEV,27,LA
TQh94EDW,69,LA
w8YVQXtY,32,Berlin
Azfaql2t,42,London
YxlSyEOK,34,Berlin
xAHAnXr4,68,LA
1U1SvRIf,48,SF
ukwBJjoF,28,NY
8s0jIz5X,37,SF
QftdJqSR,48,SF
Yuo4BZ4L,33,LA
UCqDnZjV,53,Berlin
727lIREa,56,LA
wcel3Yyt,28,LA
wccrCVau,37,London
sstQznEi,43,London
2GYFfA6q,66,NY
ggwsIJid,68,London
dAqL48k1,43,NY
k03WYF3Z,59,SF
5gwJSTHI,64,SF
xn5ru2VC,23,LA
4T57I0fD,62,SF
3hrDVxfL,52,London
83kVm6lW,25,London
uLAQSZcA,24,London
71xqJUJ3,54,Berlin
AfKpYdU0,67,London
K4J0KIwl,33,LA
I6zkmZ2r,26,LA
v994Svzl,28,SF
b6jB29A2,38,NY
FBkCOcVX,68,Berlin
inSfdkWb,63,NY
ajFLozuY,24,Berlin
nNDvVOtU,29,LA
OGZBiEP2,68,LA
gyt0YO0i,57,Berlin
tivXpgjP,38,SF
gheC0itY,22,London
oG75GAKY,23,London
VKZqmsFc,60,NY
tiDuf9ye,43,LA
LmmEquju,46,London
pB9BdMib,20,LA
e6va2ABc,28,LA
lzf5a7Wm,40,LA
1S8Mbmqy,42,London
SI8lzmtj,29,London
o7860DAW,18,London
VcA3wNrO,21,Berlin
D28Nus4r,69,London
4J0M9jwH,18,LA
QE1iXyJd,23,LA
JLeXlfWk,51,NY
Zjcqg0VI,44,SF
ywaVaFqp,62,Berlin
I2qFBgQx,33,NY
VIZ7AqHS,28,Berlin
ABXPYxLI,31,Berlin
LC9zAMHG,55,LA
j6D6j2NP,65,LA
gXGKD1Wz,66,LA
4EvexzT0,27,LA
1qVSHYy1,30,NY
SQh07PAI,62,SF
gzFDisUK,51,SF
3XJ2BdoH,50,NY
4BsNLpxI,50,SF
vQmxRvRe,56,London
jG4RUO99,30,London
aHWg9lLJ,34,London
gVvk4Raj,26,LA
dbF72qrK,30,London
PibPtxu2,33,Berlin
beZc0fG7,54,Berlin
T5PkgXTQ,47,NY
PirH0wuM,56,Berlin
jh63DQ8B,50,NY
R5QbUjcK,57,SF
Jwf0Mcjd,23,Berlin
Q9ZI0h7l,29,Berlin
v4dbAYMt,19,NY
3ebCS6DE,50,Berlin
SKbzopcu,32,NY
XiCdC1wf,34,Berlin
WnlDnqKR,69,LA
Y4jcf93G,52,SF
reBCaNwD,48,Berlin
NLa2yRDo,47,SF
zLAWH3DI,55,Berlin
zEub5Iej,33,Berlin
QUHfSlSf,59,LA
3hpKDduf,62,London
h8zlZ2iw,57,London
hgKho5fy,34,SF
2WOPwBMF,24,SF
hYkgue6Z,22,LA
IxQY06RN,57,NY
uYleAeu2,44,SF
X8sKfaWN,18,London
rIZmn6N8,19,LA
SjmUibyn,21,NY
yrKfYaeo,18,LA
pzxGKXyR,46,London
hSomdeLp,38,LA
Y6mqSeM1,59,Berlin
mzDbO04y,52,London
GSsHyjTP,51,NY
IR8ZBWVX,56,LA
HFUfdkVi,19,London
mUkAvPwS,42,London
51wBpzTu,23,NY
9Dl1xX26,25,London
qgmgybae,52,NY
JRoitLcz,36,London
y6ZRzZx4,26,LA
tz7oEbKn,50,NY
JKLByflj,25,NY
cy41n9Br,55,London
O4YxG6SA,49,Berlin
raHqo6UY,40,NY
de0OcAVI,51,Berlin
VWgKQ4pY,40,SF
ESItByQo,63,LA
T39CWrcs,49,Berlin
W2aJn4gF,18,LA
OvG3ySkG,24,NY
xYH29E4L,60,LA
6jrWZLav,65,Berlin
IHnWzOL2,41,NY
hdbR1qt8,19,Berlin
QQCgyAYN,35,NY
CtsHYLcg,36,Berlin
t9SZsa8a,59,NY
r2tZCjWY,53,Berlin
mHswic5f,45,SF
2omxLtDm,52,Berlin
j7uPqeJY,49,Berlin
tyPCyaxF,30,SF
HKjoXZx5,23,LA
RtuOloSQ,46,NY
9DuSap6k,27,Berlin
ZvpS8f2u,57,LA
6L7XoEYd,27,London
1OROR1zc,51,LA
6arOtV9h,37,London
5OWJl6Yo,64,NY
3B4PV9kg,50,London
1wtbMWbU,28,SF
snPdvM93,41,SF
WwH7JJwD,50,LA
IamgyrWa,39,SF
n718Yiob,65,SF
zCRT6Ddj,29,LA
tJfli5HO,47,Berlin
0hw6AmP9,49,NY
LkCJwK2h,61,London
OsVfFXZR,36,LA
cDrH1Ms3,62,SF
B4zAVhJj,57,London
1vv78QWF,19,Berlin
YK67TYFe,68,NY
7pB5N10M,31,NY
Uak9voG0,50,SF
cxKjztB4,49,Berlin
WnzWprU6,58,NY
uT8847Ut,36,London
aL7VxWvd,31,London
PLwH9wpb,21,SF
MgA1si7R,19,Berlin
2bS1Fg8a,27,London
T7QPVyBi,46,NY
D5ghdg7Z,32,London
FxzJ6M32,48,NY
DlG4X8fr,50,Berlin
0YURjC4w,46,SF
vBwE5GZx,28,SF
FsSKATCM,65,SF
rH9Pdpxx,62,LA
vQ0UTlWt,57,SF
UX5dvaKI,26,SF
OymBgirl,64,NY
doF7FWCu,46,Berlin
thBqRaVK,54,Berlin
jPgWMqrM,38,London
CjhDe8JE,48,SF
5KsLQpun,39,Berlin
ytgszzLB,69,Berlin
BKYXVnOo,35,Berlin
k2YswawN,19,Berlin
6BKCsuLV,39,NY
MrQVWwtU,54,SF
OfbHEK3H,37,Berlin
yc3yzZOm,65,NY
IPzaqqzO,65,LA
VrI4R8Me,21,London
7u5MAUBk,43,NY
pgUP4O6d,37,London
tEw43bWQ,39,London
TuTYnldT,60,LA
KpcDhPLU,37,LA
XWUiTewv,46,LA
JVX7djCg,65,NY
zmVyqNAy,48,LA
277LOm68,40,Berlin
dH5lZ0HB,61,NY
fFcRs9gz,55,SF
eHm0aJ5U,33,LA
opjLHAa4,36,NY
eqV04rV7,28,LA
CvvZzOL2,29,London
KzsxyKyz,53,Berlin
u0ZUOzjK,30,London
3bh1hx6x,19,LA
8KRcw7YT,68,NY
7s3OpB2j,28,Berlin
t6hYveGK,18,London
GBgGC8hD,58,Berlin
Q5kRSee8,27,Berlin
veLNXISk,20,LA
cQfd43nO,25,Berlin
WWih5NWN,33,SF
lihtluaj,53,SF
5shuX5KO,60,London
fdqshkLc,57,London
VZndJzRD,56,NY
k5sAPivZ,37,LA
N5hafaA1,64,London
T9ALlHdx,25,NY
ubqZqDTz,27,London
MRTzzNL3,68,NY
K0yLL4iK,54,LA
4xVDgsqa,49,LA
87kaUag2,44,London
UVxdjiLs,48,SF
AtpvYnLB,20,Berlin
02Y0XoB7,56,London
46XFmfG6,23,NY
fezAaRrb,34,LA
ysfFFbNI,27,London
64cfMNop,38,LA
wmHItx9v,46,London
1V33wZr8,46,LA
cXNzVpfi,37,SF
jAhW9gpE,32,NY
Q4BYlQqH,19,London
ytJiIZyv,50,LA
anlNchRm,29,London
c2mTYeit,30,NY
plA2NVg6,61,London
RajUAs6O,61,Berlin
I52asHdU,56,LA
iH8SZWbv,56,NY
D6xm44Aq,55,SF
p4U5XSSu,62,Berlin
27yCrNOs,38,London
j8Sc34vU,58,London
SVId9aM1,33,Berlin
hMsT3EnB,51,SF
OafNJ21p,44,SF
2bjIH78P,60,London
e09anLNF,20,London
BlMMA3EJ,26,SF
rs8YynwM,61,SF
BYCDNh7T,51,SF
v6C4BMUS,36,London
0DuaESoi,55,LA
r7O3j0HV,43,Berlin
AoxeMQFF,40,SF
aPLLqmHa,35,London
Rcc0T6hF,62,NY
6CSISrRn,63,London
H2g9FR3R,57,LA
fseRmuvX,58,LA
t6bnK694,62,SF
Slu1TDox,66,Berlin
oedKmdCq,55,London
T7T3QL2D,69,Berlin
VivqgQaZ,27,NY
UYCDG16h,60,Berlin
JNxJFZnN,27,Berlin
K5JslVSh,38,SF
SZPNv7Vk,55,NY
PzFLzj8i,55,LA
z9yMWkM8,64,Berlin
inYcj2Cl,24,NY
oSDvInYF,29,NY
qZ8hBRoW,69,LA
J0EitZ7D,58,SF
UmWhIPk5,50,NY
kcAPzVau,42,LA
mrQd26z1,45,London
oJuIsGYm,41,NY
twtBuU6H,65,London
YD6zl6Ew,48,London
ORfrGipP,35,NY
AqftV7MP,40,LA
867pocz1,24,London
y1fZQ1oQ,67,SF
u1VQATyA,25,Berlin
OTbnHVsE,32,London
4ooKCOQq,55,London
nDaSxYiP,45,Berlin
omhzx32i,44,LA
FZnKse8f,38,SF
vaAyw0vR,61,SF
1MgihryI,44,London
rkpMpio5,64,NY
wK5NCnok,64,NY
UOwXWwEP,59,London
sdokEIoK,58,NY
nG8t7847,31,SF
LNz399lt,38,SF
nO98EwZd,31,Berlin
uFrsCuMP,66,SF
kJlPZqyP,60,LA
iariyQ1o,23,SF
7O3xs8hB,29,London
FIp1lSZv,45,NY
KeVRHUP6,66,NY
EvvwpchX,46,SF
oXeYOV1k,54,SF
2tdxiyq2,55,NY
2lrqkXox,20,NY
hUBIOlh3,50,SF
uUZa7WC1,67,LA
lyrUBFGe,63,LA
2aAtx22U,29,NY
8AHYAWFZ,29,Berlin
6neCZYbb,28,LA
nsdIOLAC,45,London
bcTuc5xg,68,NY
1PvfSDw7,52,LA
cg6Qi8RV,51,SF
ifIgVtF8,39,Berlin
rWK9HPEE,56,SF
jW8TAZgD,40,SF
gC13yvXn,29,Berlin
ZKOiUoRz,36,NY
1n5AsLKf,48,SF
aDLXPSGZ,30,NY
9b5gji9q,36,NY
oG1a9raI,53,NY
bbbX6H4B,39,SF
YNMYcxfV,61,NY
SudjdCcD,47,SF
J21HcfXL,21,NY
6339SVhG,30,London
idz9LbHq,37,SF
88kLIsgI,56,London
wpRt6s5F,23,NY
OdHxPrqM,61,SF
ooM0nHyY,29,Berlin
klJXUzgk,33,London
2XC4JHVW,62,LA
65lFxPmN,34,LA
Jaa1sbQi,25,Berlin
c7NSMMT3,50,Berlin
Kqo1drVg,61,LA
wyE6vKr6,69,SF
sGKE2XF4,56,NY
5ryU54co,29,SF
W0gdVGxX,43,LA
53qRZMgJ,36,London
E2tzUUiw,30,London
DSZ5Kggm,27,NY
82sW3Jlx,51,NY
Fn7pXWgc,48,LA
FIVa8jwA,44,LA
LP91cIpL,20,NY
3NiPwkwk,61,London
NfjUfVyT,22,Berlin
bppnxbSI,22,Berlin
5muqP6Yz,54,Berlin
XcIntyNy,24,London
dxmnBuID,57,SF
1T68mI8P,68,SF
fyRi1ItU,65,London
yav5wt8I,59,SF
8MrKo8Vd,30,Berlin
gfWnJzFe,51,London
8yGthFEg,53,NY
ZGJ56Uyn,51,London
5RDCtdnr,20,LA
5pmQALnT,27,Berlin
0WyL4iml,60,Berlin
vuAYxXfs,52,LA
OAQ3Agt7,54,Berlin
Mdh1Zu23,69,LA
wL5K240W,23,LA
EjJnBMr3,38,Berlin
tWArr5FL,62,London
YPoUuSCV,22,LA
g7blqsTd,20,NY
jOT65o3D,37,LA
hNyCNNKj,47,NY
gNNOT2Rk,29,London
XogzZ4l2,52,LA
DvEv4XbW,49,LA
JAshnkXM,36,LA
KFA80kxD,32,NY
5Mqwg29Y,27,London
2Zwwbxrq,43,Berlin
3FW5XWXy,23,SF
oQq1Sju0,65,LA
xqpePbH9,64,LA
Kmbf5NXP,43,LA
yLqh1OAZ,19,Berlin
iomNIOmX,66,London
d5LfxkD1,65,NY
Hp5ASIGf,49,Berlin
FbOsPXQI,20,London
741dSaEQ,36,SF
lIG0DCO5,53,London
bCdSxCLI,37,London
MytxH4sc,47,NY
gqDiZ7fY,54,London
JS5I03Ud,62,London
gpZPiBSu,37,LA
Mbifc1zz,51,NY
3wDlMgpd,61,London
MN5LCYhg,34,London
Q6kjWrbp,59,LA
XQCmf1vt,40,NY
9uchwjwP,58,SF
VRkYAkki,26,NY
nWFtalQg,44,Berlin
NoaD0znh,34,London
wyTNL8rn,58,Berlin
GYBN99NX,63,Berlin
P11SOfgB,34,SF
UpXl4vb5,66,London
BPAOekQ4,19,NY
HL3vRbJB,32,LA
8EWzSJwC,28,London
MPxBP5cg,54,Berlin
yb13CuIi,58,Berlin
3WacW6Kv,26,London
moQC8IPk,31,SF
EilAEXm1,25,NY
gyOWLL6S,60,LA
RHEyl8p6,29,SF
fQQAFm4b,24,NY
olWbMlBc,20,London
WUxlUshg,43,SF
islSR2Ox,20,LA
2ZLZtYaK,63,NY
IKsqeEjU,21,London
sAl2h4AL,49,NY
FAp51FlD,63,LA
QRu8yvxt,31,London
313vtIPR,20,Berlin
WsF9LKqS,30,Berlin
pTAxbK8n,25,SF
J1RBbuU7,55,London
COpGmDFC,19,London
eoNYP9Xw,55,SF
0wauXGMR,69,NY
NvAJe8BH,63,SF
Yp5PkTwf,48,London
nyffqpiX,56,Berlin
0a2E6MnI,44,NY
yWWRGAzB,34,London
sr9dKt4p,52,LA
EoTKlQIj,63,Berlin
T1M0SEvo,41,Berlin
ucJUQKRo,18,SF
5pqouAcT,46,London
N4XbG2Zl,43,London
hiYE16yf,61,SF
uhQR9oOE,52,London
T69vvMe5,68,London
2hmhe5Rq,61,Berlin
LB0hqJhq,41,NY
u8R8I9Oo,63,LA
wKKVrGE8,50,LA
3ihGLKoc,43,NY
fTKWlTDw,54,LA
6rzNXUCR,56,NY
vMZiyju6,69,London
0TnwNL8r,68,SF
JZYAdTYD,43,London
LxDPKEC2,55,SF
MEJBuFv8,67,NY
ehBwyD1O,55,London
3isEzwML,28,NY
vfwkJCL0,46,Berlin
9chcnDTd,46,NY
PqB1WMUT,20,London
jjpNGXtI,26,SF
iTrJwzJM,52,Berlin
eTNMCgZx,23,London
X4vweo06,26,London
CkAIXVds,25,London
DuYJduID,44,Berlin
xvsgQkxG,51,London
VInZe8CA,68,SF
jbUb5YDU,41,London
WzmKsr4U,65,LA
sp89iPTL,22,NY
05U4YViW,27,LA
tCxyuh5M,37,SF
nlJjiTbo,39,SF
Q1lTDueL,29,NY
kwrwpBXF,61,SF
ENtIz9TQ,46,SF
TBacnkv2,48,London
wSvlobbI,23,NY
aAwnmeNz,63,LA
Ub6PkmEf,24,London
USCcUl6j,50,London
TfMacalC,63,LA
o1azbJOx,32,SF
SGOBrlvt,30,Berlin
jkzOPQsO,41,Berlin
OfKmJvse,47,SF
NBGfXIAv,50,London
upEmgcCG,37,LA
d7HuK5Xi,36,Berlin
2HXlU6P4,36,London
qkqJ2bXX,55,Berlin
xH5t0GUU,41,LA
qlvr3GDw,22,London
pxruIifn,39,NY
gi5fgiCy,39,London
O3pKni4d,45,NY
4Be93jfy,34,SF
g9kGvN7V,48,LA
ZzKNIC84,64,Berlin
gr1d4gQx,24,SF
ej5ck8VK,34,SF
gVEuSGWD,29,London
PEDGZWar,24,London
lFIgc5Oy,46,NY
QtUBsKNg,62,NY
5o91qfH8,25,SF
Pvcy0wET,21,SF
c4ixQJ5O,57,London
Xh48Mn4D,33,London
RjVOED0l,33,Berlin
l9NF9GAr,39,LA
ec3dAi5C,28,Berlin
XjGwSm1J,58,LA
UOQKiOHQ,28,SF
A3OI3awX,22,London
jB7MYPPE,59,Berlin
tolxDL5c,55,LA
LcplTcqj,65,NY
uetFngFO,29,LA
sGuPj4Wl,57,LA
2fqInRRt,42,London
Rzhfk8PN,62,Berlin
1yxOfRB2,30,SF
4IIpEHWv,65,Berlin
4THvBemB,43,SF
uqIfSmDx,28,NY
FHsHRAYY,57,London
i6Wxw4g6,40,LA
p3rKt3s2,30,Berlin
uFLwQmfm,50,Berlin
kDS8d0W7,69,SF
Kj2HWvb2,69,Berlin
CDlWq0yq,45,LA
fZ4rSWyn,68,SF
oeePuzQT,21,LA
lv6TbzZn,45,SF
ArE2rn3V,51,LA
m6N0MtX5,68,SF
7nvpsNQH,68,London
lDTaAspB,27,Berlin
cIy4KrsH,66,LA
6cNiCWW4,69,NY
X9d3qcRc,25,London
yxlCz3gg,26,London
GzmjOtSR,35,LA
6JTpSDTG,19,LA
WL6IqNJE,35,NY
wHDmv9Jp,57,LA
yh4oq5vi,19,NY
c1qHg7rl,39,LA
CVPesQqS,33,NY
9a4aJrwd,54,SF
jVJQUL6u,49,Berlin
M78nGEst,27,Berlin
FEh12X6E,58,LA
h62OMe4a,51,LA
YDDiHwDn,65,Berlin
s0RPAYjg,33,Berlin
D4KdcPRs,66,NY
yoy1ZR20,51,NY
dhr3W3fx,54,SF
mSXYX2Qs,57,SF
2AxONdZ3,51,NY
y5k997a8,61,SF
u67l3rZV,30,London
KKSZvorJ,65,NY
UaT58Znw,54,SF
qrXLokRT,29,SF
vE1q7hpQ,32,LA
JkbRWZzs,47,LA
HR4A4ef1,48,LA
y40GGd57,46,Berlin
7YduGVuO,51,Berlin
RwrxwoDr,49,Berlin
YcG1YA8x,61,NY
DgEf1izx,40,LA
IzFVxxBX,27,LA
VmJJEd9X,25,NY
3UeEBHFq,38,Berlin
cXIYjSGX,28,SF
XIBtMgji,29,London
oCoUnSFQ,66,LA
ifQRrTTl,56,Berlin
ReDwD0ad,64,SF
eWWZE7ok,36,LA
Cwhtgc5A,51,LA
KcSvhkVX,55,London
fBPR4h53,51,Berlin
QdQ6Dwcc,63,NY
ldw7LVQt,43,SF
2yxG3twk,57,SF
KrR7wMoy,33,Berlin
tLWIAlpj,36,SF
JRA3Rj9q,67,NY
aJOnZa1y,46,SF
9L6Bvv6s,62,Berlin
c3qxA7yQ,55,NY
97hBdKPm,53,London
sRjperQG,38,Berlin
tLsZEEv9,27,London
QBoyYc54,64,SF
crTNSEUW,40,NY
5u85x1c2,61,SF
U0kp10ek,69,Berlin
v7msBdEc,61,London
qqRntRAL,24,London
b10bWLyS,55,SF
0dCGYD0H,22,Berlin
NReEx5S1,36,SF
DBUe5gbK,63,LA
qrjIbBwC,50,Berlin
bdb8YZum,41,Berlin
dZ1uD13M,60,NY
w1ACIoNp,40,LA
fmagWGDK,39,London
6MdBspX7,53,SF
EBAmsls8,63,London
GT47mdL5,38,Berlin
p5ZavfDx,35,SF
ZeVq9Sdt,55,London
96dw2eKI,44,SF
crebKCMm,54,London
08fkOwzD,66,SF
YeEVh6OO,42,London
jpFy2TMS,56,London
T777cnBV,47,SF
2J3e3XGY,60,NY
O3bG6s6f,31,SF
QPohYkuv,51,London
UPGFP23B,49,LA
ao08icAc,48,Berlin
boMuCNnV,66,NY
QszpYaDk,19,SF
fPCou88u,64,Berlin
4PtZ0601,56,NY
JRtsgqaP,52,LA
r2FPKcdm,40,Berlin
TRZVLC1C,23,SF
959llZoT,38,LA
oXrKGz4p,43,SF
POV4VV0S,47,Berlin
84wyXvpT,58,SF
FFcBQYsz,59,LA
nFC6a08g,47,LA
p55t6jni,25,Berlin
YLdbDL5I,56,Berlin
e5C0Jhs1,50,London
rdxsx0DC,27,LA
ag6bpSoQ,35,London
pgwRQ48F,65,SF
MiCIPpAB,53,Berlin
n0TraZRc,58,NY
qPgRWur4,67,SF
q0PPKSQl,28,London
WhSGVj37,61,LA
yd9CxWR5,25,Berlin
ZvWS0ONa,18,Berlin
p9LZI9d5,25,SF
VKMXb547,22,SF
4ZPKBoO2,18,Berlin
bO20dBxh,20,London
WOs24yIX,44,LA
HWXTVQqD,62,Berlin
ncMmv7oh,65,Berlin
dbUuCBjv,40,SF
ivKqJ1Hp,61,LA
0SIDJJep,56,Berlin
qpukCQrf,57,SF
RSveysZD,28,NY
HFm2sIrU,62,Berlin
qq4e4Kle,28,NY
zgDeWwOO,53,LA
Vgqil1Jr,55,LA
FfLITVh1,48,Berlin
Qlg3biHN,41,London
oEg0ruCw,36,SF
Kz7MX8wA,49,SF
EdTd8Una,57,London
vLQgRujS,55,NY
I5z9ocxh,34,LA
xFIi0OAt,67,Berlin
ZuF25sXm,52,SF
Z5GFAek7,29,SF
DduL3Kee,32,Berlin
dZgNPtpB,56,Berlin
mYlOyfV6,30,SF
DfCPFdBk,47,SF
USB8gr82,59,SF
DcAcQLT6,36,Berlin
xwsbNLfT,26,NY
1DgEPS4t,45,SF
5ZkYxDzU,61,NY
IvBGqbI4,60,SF
GfpbLcUG,42,Berlin
VGVHPBdu,57,London
31cHmvLx,58,NY
VK6MzcDu,21,London
NVfR1Nb4,69,SF
u0ZGqWl1,54,SF
VBk18qSI,24,Berlin
SREgeuj6,58,London
VcvZwvGz,21,London
TfP6MUFo,40,SF
9RKTMk0m,61,LA
kxbnuxhb,61,LA
WifjjiTg,23,London
CzuxtCKE,62,London
d245y9PZ,26,NY
wDwjsPYt,26,SF
JETmRLKQ,38,LA
NuWSmNyy,20,Berlin
jCYa7kbp,30,NY
Qu8weL0i,55,LA
FJJtPCb1,35,SF
bEZIzbdA,63,SF
52VvdxI6,48,SF
qMxr6i8h,46,LA
mc01Vp2T,19,SF
9HMhw7yA,48,Berlin
l7gDQGNE,55,SF
c7riarR5,69,NY
LWqm8Yfr,24,Berlin
RCEKDc73,57,NY
4kxFeyo0,27,NY
Hfammtfv,30,London
NPzq3NBW,18,London
IisEG1pv,54,SF
aAG1rGrC,42,Berlin
qahYkB4W,47,LA
qsXQG32S,19,London
GDFTqc3c,53,Berlin
kVBlSLDY,41,London
WxI0vj77,29,Berlin
6nv8MPqO,22,SF
jrjtmQRE,32,NY
DGX4colb,59,London
BdFJWbcI,66,NY
hoEEOl34,63,NY
gzjIvBgW,24,LA
EEr5bIwO,19,LA
G67rfEk4,20,SF
qdvFuws6,21,Berlin
xkholZxP,65,SF
21QttVIg,33,Berlin
JXIjjgFy,44,LA
3nYqsbbl,39,SF
cVsNQNtI,20,Berlin
jTRgve7a,66,LA
zxma0IEW,34,Berlin
G7UQMJCP,39,SF
rnT79m0u,69,London
vhysbauk,24,London
4qQUsI96,47,SF
DGAaCrIY,25,NY
5BkBkX9a,36,London
P69LbkEv,24,London
zfBabley,18,London
eD7vFCPB,33,NY
rfaie7Gf,67,LA
8CYE8MMq,57,LA
boz6mRKI,48,NY
EUZslI9y,56,NY
VXuIz2fp,44,SF
qZcSFNuY,27,SF
voC28THW,51,SF
oo3XaFnc,64,LA
la5aSJNB,31,Berlin
rXEUm8Z9,19,London
VFLmNC4b,56,SF
pAXPAaF5,39,London
pJlX9Thz,43,NY
YeoMLNmV,61,LA
twET2bID,22,SF
fmI8xrcN,55,Berlin
8XD8Z1Wq,33,LA
xXkwQjfn,29,NY
s1WYr3xk,58,London
GovfaFWH,69,LA
l5JvNAnz,61,London
EeluJjG0,59,SF
DTgRvWpg,34,NY
IcbY329B,42,Berlin
wG921YRh,41,LA
vRou1JQ0,28,London
lyRDVUbU,35,NY
hgMCG1Sr,53,NY
1tN3STRH,20,SF
TbkOGPwP,36,LA
wagjhBH8,23,SF
BuiHuQQM,40,SF
rXEMczSf,57,SF
KlGcRAtU,24,NY
sisliAg2,64,London
HR4FMnQY,61,London
mKnta4br,64,Berlin
fGPrrFZo,26,Berlin
SGT3VIwL,19,London
EhjJJlR8,69,SF
nxchHnoR,64,NY
ZiE3pc1H,67,SF
WerMGw0J,62,SF
ErpgneCb,65,SF
lW1eEp3V,64,LA
ADFedjQJ,28,LA
FY5Jzdax,20,SF
FKVfFi36,59,Berlin
CYc6tj15,66,Berlin
ZSsFopTs,47,London
Ci75beqW,25,NY
yavg6Pof,54,LA
P4yG2CPq,38,SF
l4FZzWxY,25,LA
WvUFox2u,64,London
6BN9iEKT,28,Berlin
g1sPAmN9,58,Berlin
NBB4t82J,51,NY
1UF45yzb,56,NY
Eacy1lEe,33,London
dZ4J1qyx,24,NY
0CKsLUfs,21,London
jardreKI,49,LA
ImrYFo7y,54,SF
gL9MSkja,63,Berlin
NAdPrWH7,39,SF
XYDOJ4Jl,24,LA
ZNucpXbV,30,NY
N6k31K6i,35,Berlin
O6Vkt0ct,59,NY
a4NfKPSK,51,SF
cHdF3BAF,30,NY
WtLbSeKn,51,London
ipDt5usH,46,SF
16UaR66F,64,NY
Okgg58NZ,22,SF
zn7hoJBv,48,NY
81ehtN2Y,28,NY
69XiCaLV,55,SF
duFcN4Pw,68,LA
LwEBKSK0,64,SF
WZOkPdyL,21,Berlin
Fr2zq51W,24,Berlin
fxR4ms5n,40,LA
ATWvXMfJ,48,NY
foXtQoZr,34,SF
Jz3S9Y44,27,NY
Cb8GB3Wl,39,NY
9xliFuL5,47,Berlin
69QDLofo,46,SF
p3pVNm3T,34,London
4eq5VDuc,60,Berlin
yYtFi5wW,38,NY
xMskzlKG,39,NY
Fcnw9xGZ,65,London
kiM0Pw3l,56,NY
FXBMFxPB,57,LA
5KDrpsMR,65,London
TIc76eHj,65,NY
uDGyyhGQ,39,Berlin
7E87Iu9a,44,Berlin
benGkb1C,40,LA
yVjTrPI1,21,London
MsyDKZQe,43,London
tasQ0gov,56,NY
3vVyQwob,34,NY
wszF6T23,20,SF
Sb4ITqPR,34,LA
HvLXPtU9,60,London
546Ycs5r,57,NY
QLgvz8Uo,36,London
pzvo8gch,56,LA
f1gfhxmw,35,Berlin
mJ2JroYs,45,LA
5el2jRKV,32,London
oJ8HoumF,68,NY
254R1wSn,43,London
cccxCECH,52,SF
v6PsM8Rk,33,LA
OxmLdvhV,32,SF
zMl7BSk9,22,London
3iRp9G35,63,London
cf9gtD5m,41,SF
9tfAVZrt,19,NY
KDKs4Ru2,53,NY
07O0ZPjb,69,LA
BFxDzTPU,62,SF
7hqQgyU0,65,LA
02a7xged,48,LA
t2bOH62x,47,Berlin
IPIE6NK9,29,LA
ywajlkRP,54,LA
z4NeBmyv,38,Berlin
nzKCjctr,29,LA
u0broZNv,57,LA
LksuatUw,54,LA
QrXeMhc7,52,SF
gdvDQ9cI,39,Berlin
oNjdib4t,62,NY
rrBCR6iv,53,LA
N8qXamSh,25,SF
8y0Fa9bB,44,SF
ywaxC1Pa,44,SF
0IxFwzVV,53,Berlin
7DdZRQB2,24,Berlin
xl81hUOI,20,London
jlpwmGPs,21,LA
vAZjs5gF,41,NY
5kGMC14G,25,NY
XvrRAuow,62,London
hDkZPjzP,30,NY
qp57930J,26,LA
IlwgXuio,37,NY
jxSAJGqk,37,LA
GUfHR3LL,22,Berlin
OJtdQO4T,63,Berlin
GPRBQXeF,22,LA
5bZjw10D,52,LA
w0Pwsv8N,18,Berlin
TRlopTuY,59,LA
49a52aZc,32,London
1evNkwIH,34,Berlin
eMbPAmMR,29,NY
v80BcmXw,63,Berlin
X7cLZfLY,53,NY
QJGmdzJt,60,NY
uF0PLyll,32,London
9pCn8QzA,31,Berlin
BXfJt91Y,44,Berlin
ZQMIscQ1,67,London
NqwVDFsu,39,Berlin
WFSTEUKG,26,NY
QB4sBTum,64,LA
ajlXfGVv,38,London
wzrrmgRI,20,London
GnCFCfgg,69,LA
0d3YSdvN,48,NY
3AcuTah3,30,LA
qFE4IsFu,19,Berlin
IhUfO74H,64,LA
VzEiyQCv,31,London
OY4AkmwN,24,SF
gcXKeON3,46,Berlin
Ey3sDP0m,21,LA
vy93CD3u,21,LA
QMaLWdNY,41,NY
9JEZNtIi,59,Berlin
q1B4c2Ya,38,NY
4u3z3Ws9,68,London
lsb9kbtO,62,London
uupnfCqj,45,NY
gU55EAmq,55,Berlin
UqsGXkI6,25,NY
tZCWmqw4,59,NY
ssZxoaXx,34,Berlin
2J2yUQFa,26,London
p8NUAf6u,63,SF
9f9HSTLY,37,NY
iPTI6V27,22,NY
uHxSWvnl,52,LA
omWhoZpf,58,Berlin
INWCFphw,46,LA
UtJkvdvP,29,London
YlU14m85,49,LA
YM89tL7x,48,Berlin
CY4FhDq7,48,NY
TnHIkGl9,18,NY
uKOGqWcX,60,SF
TJMdybUa,22,London
LzRwO6xB,68,NY
aLT4hLkD,53,LA
DhCYRMSq,29,SF
9Mj6ssOb,33,SF
4YbhxQYO,33,London
voODuSlG,38,SF
n6oSKFTL,50,Berlin
xa6zaL8y,43,LA
QvSNzixT,20,SF
QW4yObTh,40,NY
RjrNlQc3,42,LA
qTGsRrEk,37,London
NKHwWBzm,64,SF
vQEIC6LY,69,LA
yhpf4ro9,66,NY
Zh0JQcNX,53,SF
Xiww7mQ0,52,London
6weGDZ5b,60,London
cXupDI3N,50,London
LMMBiurl,22,SF
ZbEDC8ML,21,SF
lR1TMiEr,69,SF
eeJpZ99T,25,NY
pIe54m93,28,London
gWAhJ4QI,60,LA
wibw2c7E,67,LA
XFTpFQX1,44,SF
NSpcbaqH,27,London
kueLMHKQ,62,London
OeQSiMiq,37,SF
FuWBm6D7,49,NY
cTT6GGq5,65,LA
sHYfdKFd,44,LA
kJlQ4mUO,66,Berlin
0E5KECCu,35,SF
R1gwYJPv,43,LA
7XvINBms,52,LA
WfF94rtI,45,NY
IUXBnpeL,18,SF
qkl9tVOm,51,SF
uGdu5LXU,43,LA
glks7ir0,23,LA
6JxuvQLq,67,London
bZJJdbxE,66,Berlin
H5Y166lQ,63,LA
VEkRUmzO,42,SF
HCUI3jg8,34,London
7rJDdtYy,43,NY
Ve50jNdb,38,SF
XySCTpZL,49,London
ALwJbLOq,42,SF
5tYbhvtY,49,SF
8eybQJpJ,58,SF
ivZMxgRr,36,LA
5eYq7hkD,19,LA
IJylEPad,52,Berlin
PL2DHsea,33,NY
aQ1Jjqq3,33,NY
v56U6oMB,50,LA
H7wOJcuE,68,SF
svxxs0hU,67,SF
zgTABmIt,41,London
wzze7m00,48,London
ZQrYSVuS,59,London
R1xYN8hT,40,NY
rzZ65z9g,34,NY
NFCVdFNN,50,London
n9LBffdL,54,London
yFYfXLvU,53,London
rBtyGO7v,36,NY
BphBPa8X,38,LA
saeIi4bf,56,SF
uENxgowb,57,LA
RCIWLkOb,36,NY
QppTJl17,25,NY
fEHgqhkA,43,London
CneM7UqH,58,LA
MganHGk4,68,NY
bECCAy7m,35,Berlin
h2eyK3jB,31,LA
vl2XakrM,35,LA
wNjaN7aC,54,NY
2kiDm0ha,45,SF
p5KVeLGT,50,NY
CtvNeiNv,23,LA
mIr3UkTX,24,Berlin
Qt7Mer6r,22,LA
dx52f7Np,44,NY
udkMNcDq,25,London
q9LXI0fA,55,SF
GUH860uS,50,LA
DbCSjDFM,29,Berlin
yDcRHDS1,54,Berlin
bMfbcwCK,54,Berlin
8nMtItw8,32,SF
jkgCTfwj,34,LA
Ol8uBF23,54,London
GSrYeeQM,68,NY
UhaOhzqj,59,LA
ZZHIPoUd,46,LA
lHZZUPFl,20,London
tHmnRt4g,28,SF
0Aryga5X,43,NY
ErGSx7BR,57,NY
w1EEt2Tf,62,NY
9wjBEa2d,23,LA
PHGarFs5,52,London
PtocpLM0,41,London
5Nu3KpvB,68,SF
5W0FeiaC,56,London
t123lhTc,51,London
4jmDutwv,41,NY
zSQ7fgEx,36,SF
psmymTqW,30,London
wGc7s3BM,60,London
1OAPk9D3,26,London
edaBjp1R,36,London
EAtMfPvm,68,NY
mrE6GFZ4,49,LA
IykFsWL5,38,SF
QZUHR6DM,49,LA
KJf7eL7T,63,NY
bPoG09BJ,29,LA
Oe9VrB3B,46,London
Kvyt18O5,50,SF
1VhTbu5S,18,London
zUs9a83g,66,SF
krdfLtF5,21,LA
G1upInAp,30,London
5d60u92c,40,NY
TPDjL1nR,45,London
vjqYA1oH,60,Berlin
Sw9TO1fl,67,NY
DXcSOv6u,29,SF
ZTSzVjxH,36,Berlin
mbNMRzeX,69,London
q9rRpzMF,50,London
BkWYi56c,35,London
gGiueDPi,51,London
Bf4D8gff,47,Berlin
ey0hlSnp,60,NY
Wt3AOF2E,64,Berlin
zUq6Gs3w,64,NY
HTvJrVev,23,LA
bj0N8M6t,21,LA
oDpcifpL,29,NY
ZyUOX8jn,40,NY
nkc7MDMn,45,NY
bVJFPUkH,28,LA
YStSiSUl,45,NY
846h13sM,57,NY
jlp958NS,51,Berlin
tGiccdas,65,SF
sGZWLt4Z,51,London
FwjPiaLs,38,London
YNkkV5xT,53,Berlin
2HZXrSUr,45,NY
LnsgrCn5,51,SF
HGUU5Zou,58,Berlin
BX3vh9Z5,46,SF
m1JAo62R,43,LA
M8CHDwVs,30,SF
OEl3RRh2,69,Berlin
cDN8k0jG,51,London
LQeW07Pk,36,LA
CFBoLpHD,25,SF
6nRbsty8,46,London
ouIbXExs,60,SF
0pFQ80BM,57,SF
y54rbGDa,33,NY
zptqkIe8,45,London
jwnlOWGO,47,LA
IJHfX8rj,40,LA
ngL2snBE,46,LA
mU8zzGll,37,SF
Rr15BHvN,34,London
rWPOnJAD,43,LA
7KwIJCPF,64,LA
8xAGT7xI,56,SF
QzoJPKzQ,50,Berlin
GhF2UN1V,31,LA
8N7JAiDa,48,London
HNImbSzu,33,LA
NS71Zn1w,38,SF
3rQGGnFh,52,Berlin
jqma78FH,67,Berlin
IvkzRPdc,36,London
v4F6l34a,23,Berlin
UpUdQSZ5,40,LA
R6zhzi8M,43,NY
d8OP1B6I,26,SF
hte42hwE,30,LA
Bt3Byjhz,61,LA
9PT54IoE,32,SF
VVUTMsze,49,SF
PqmQJMgg,56,LA
axPN63GV,61,Berlin
QY4iPubo,34,London
UFRlmUqb,62,LA
5WvIM8QN,46,NY
0WkueYmg,66,LA
NPZxaNs5,57,NY
12ausuKd,35,LA
MKSOO3sG,51,LA
FPkRwYUM,66,NY
EmDeq15Z,42,London
vrD8xw2r,29,NY
YB69tiNf,62,London
kFWiBYXj,32,London
d52HWzHB,60,NY
TBqar0F2,41,SF
J1CVDYRW,26,NY
fqhA45wl,57,SF
3iTPhIi1,37,LA
BL2izH1O,42,SF
AVCgd8bw,64,Berlin
vI7XXE2o,41,LA
sAjQZFg0,66,LA
jDCqKikR,43,SF
n77d2igF,31,SF
yoSoi8b3,22,Berlin
CvQXAB7W,65,LA
P60Bnb77,46,SF
EoMNbkdw,25,NY
ttcFqIaa,34,London
MSVeoUkh,60,London
Tm2AGh9J,39,SF
WQSBb0Kd,35,Berlin
KWHgOQOZ,44,SF
2TCPpvVA,19,Berlin
GGCN2RF2,18,LA
iLOEMc7L,58,NY
wnJYJSyZ,25,LA
TPRMxVoO,38,NY
PBg5pUzl,41,Berlin
VBU0CYP3,19,SF
4PowO800,61,SF
4XcO5Lju,55,SF
kCLpbloW,45,SF
NOYyt2Hs,51,LA
chm7Hwf6,29,LA
yyFA20Ua,67,Berlin
7YHYzMnE,22,NY
r3N31TWh,62,NY
kHPknJoq,53,NY
HN6LKroH,25,SF
52NuFSd3,47,LA
rGismcV9,27,London
GWxSLI4d,38,London
UiAoPIGA,63,SF
mjGX0wzL,69,London
VSZWUAVX,51,NY
EipHfjWP,51,NY
3zp56oDR,21,Berlin
DynkZSP7,28,SF
Q3G2bz83,39,Berlin
rHoqV3fO,58,NY
sBZ8kv4k,67,LA
va1DfcL4,40,SF
gEVUHmY6,66,Berlin
7cxbd83x,51,Berlin
3seD6Hai,47,NY
9dAgEeLF,42,Berlin
tvMwoCnU,41,NY
0EKPwgsj,42,LA
GCPHsuXg,47,Berlin
iyh46qmP,56,NY
fDReWe2W,61,NY
KXN87O6R,33,LA
IJR86Aun,27,Berlin
1ZeESDzm,48,LA
VhLTz02r,28,LA
A9noOCNx,26,LA
SUQ4Tkhg,53,Berlin
XfdeAJNy,65,London
RN8E7qFo,36,NY
BZk29Dxu,69,NY
lkHPQw0Z,22,LA
nc5CyfXw,29,LA
SoPmF4eA,27,London
G2oFWMK8,31,SF
vQis9zq5,37,NY
nThqOqqy,37,SF
oH0d1KIR,61,LA
MHrlLfLn,53,NY
qXZA9yQU,69,NY
iA974uFm,42,LA
Jg0wZlIQ,58,SF
R1oAmpI2,63,SF
UeOJPmS6,22,Berlin
WabqYMES,58,Berlin
ZhuE1Acx,44,London
mlcp6yk1,19,London
DKigI1j6,29,SF
vqC0ETTn,45,LA
LKFVxHc6,61,SF
iivek6Cf,30,NY
UfRvC0iJ,38,Berlin
se7JCxhl,60,Berlin
B68STsvU,25,SF
Bm1p2AdG,29,NY
ZChLPkNk,58,SF
iNif41Ua,61,SF
0OZg1Gar,28,SF
QQBLy7lM,36,NY
FqED43Sr,25,Berlin
uk24S0As,44,LA
NmY8RpRP,24,London
dsGY5Qlg,38,NY
VDZL4Bl6,44,Berlin
ztk27hEG,31,SF
Dq04svdI,49,LA
RtlS0CGb,46,London
TnT9ZW05,41,London
XAMliNui,45,NY
UI0ZN0oz,41,SF
LiSqk89w,19,SF
9JgQq1TZ,69,LA
XJqJJtRY,48,London
EljiGuAE,29,NY
Y22VJOtC,18,SF
X1MGvqJn,38,London
rGpUqvER,46,London
d9OZh0DU,47,Berlin
z2D7axBg,59,LA
elE3PIaO,18,SF
apBwb8mv,39,Berlin
wjOMgscO,59,LA
wsYEGNu2,25,Berlin
TtcHE4Ug,30,SF
RziFHRX1,31,NY
bFEBA0Am,59,Berlin
kXHKzKyX,18,Berlin
qnRw5AYw,49,London
wGdpvCQW,55,SF
GqDBKLTK,29,Berlin
e9Cqugb0,69,NY
DmVbtzup,64,Berlin
PZkA6dpA,62,LA
P9CbA6Pc,64,NY
KusQjJQ9,33,NY
fYRbt5zE,41,Berlin
s0ilMWHA,61,Berlin
k2ZE4Zl3,37,London
3S0LneK9,60,SF
j3oBTh8N,61,London
5WYUzWy7,49,LA
dtuK6tT0,44,SF
AvW86jB5,51,London
bcfZ4iOV,39,London
EC6Q7H6O,20,Berlin
5SigCSel,34,London
CrRXeWPf,31,Berlin
9XO1335i,44,NY
MJsN9sxw,56,SF
slTLVgLt,37,Berlin
h4jGStX6,63,London
vuhhqK6C,48,Berlin
HuSzh0x8,58,NY
7QqCRkPR,48,LA
GO6ZnuGq,46,LA
p7eoY7xm,59,NY
1KYQmr41,60,London
z04DXisy,49,SF
5fnDkSMe,47,SF
S9wd2WXS,60,Berlin
R1ULWM2X,44,LA
TmVQw7sn,36,NY
kuvGB3V6,45,London
OaQGBsU3,62,NY
YugKZHDT,27,LA
3MB8TATX,33,NY
vZq9pBJK,48,NY
7QCqzpAB,27,NY
jktNLOQa,27,Berlin
fmfeSg0z,45,London
El3VKqe3,29,SF
f6RsJXVx,50,London
7vTVZL9z,45,LA
E7lNE1Ev,35,SF
Un4gQSer,69,Berlin
zi5CErTN,45,SF
DvMGLe5p,45,SF
TBxysDRt,60,SF
T6Ea78Sa,56,NY
8NsAbhER,31,LA
URXvj47c,25,Berlin
47jZ2GpK,47,LA
5KDdAu7d,53,NY
PrBg4QEY,20,Berlin
LNFl7IqM,27,NY
lWvLpnna,26,Berlin
hOYcomdN,64,Berlin
VoZ61Bay,57,London
XdKNEAYR,30,NY
4WcYqT89,39,LA
KFIU4pvc,41,NY
vdS58wq9,24,NY
vEsY4sGK,30,NY
rlvkAj1t,23,London
OkUaaWYQ,27,London
hUy1sDZB,68,London
sEcAiwjP,28,London
TzRRmxsQ,46,NY
XQwkglCM,33,LA
SaloVKHR,37,SF
6UyR7p7u,38,NY
NFYpjCFX,46,LA
HsClwd96,31,SF
A8p6doLD,58,SF
RxnB4202,33,London
ketisY27,26,SF
MpYNUrL7,23,LA
nYmZ6ank,55,London
2dR2QaD9,46,NY
AmIyGNqJ,35,NY
JQZFTp9v,41,London
ebYhLY1C,68,London
P8OlQmyN,34,SF
Cz9kP4XS,53,SF
mSY2BY2P,38,LA
eUQefx93,36,London
j4IWzgdl,40,NY
7kAVMXr8,44,LA
O7PRvFBm,28,NY
em0AnAVE,43,NY
DOe9BVlX,28,LA
0DDxILGM,60,NY
sJTu6teQ,39,London
D2tQzdFQ,36,London
CQFt679I,25,LA
hOPIVFre,40,NY
eCaqqZHI,65,NY
42C79LCj,40,SF
Y7FnNleX,57,Berlin
E0ud91Oe,26,LA
8tksL9SN,41,NY
HUMH4XcU,29,LA
61XNhfeL,29,SF
jGxU7GTW,49,LA
1fdeS57u,19,London
gi74C2Dd,23,NY
JKr5pEq1,21,SF
S8LXuHmt,30,London
vrZidJJa,53,Berlin
VsoWgCuY,58,Berlin
u3d8hXkt,56,LA
gZlsNHPX,55,NY
fZR52a9R,35,Berlin
wRfA0umH,32,SF
NmV2pQO5,65,NY
K0sEyKtZ,50,SF
G6QNs7xo,59,SF
K05TypxC,47,SF
zo000bnK,53,Berlin
fvaYSZDv,42,LA
j9qfVDF3,21,Berlin
eXJ0S9Eg,35,Berlin
Bz9Q8dkp,62,LA
MjhL81hm,50,London
3QJ4N5xi,37,SF
xVTCEFXN,59,London
DsH5SCR5,38,SF
2ea0xOYm,18,London
PNMYaq4b,51,SF
vbPu1fT6,26,LA
QJnfq954,18,LA
zcxjGBGu,64,LA
19jDOBWx,44,NY
ZY7gol1O,32,SF
iwk6ZuH8,41,LA
CvaiFTO6,42,London
zKVwK5u1,51,NY
DOdkBh6F,61,NY
K8qj55xx,67,LA
Yea84hTL,27,Berlin
U2sYtPNM,47,LA
5dkTwNsj,62,Berlin
1AzocTlr,58,LA
8JjvNdoA,42,SF
O70AYonF,20,London
QEHnPsrr,39,Berlin
JzM3hbK8,57,Berlin
FtU28rgd,63,NY
AG7NmLjd,41,Berlin
ymk3loAX,44,SF
wnf2fIWy,43,London
SeTBW5hu,33,Berlin
pygvKyCm,55,NY
5S4mqwCf,58,London
KqnMmRTC,21,Berlin
R4M6sjLS,40,SF
OONxTY8z,36,SF
799TaYZl,32,London
i6VLK0UF,48,NY
wHrQAj7R,41,SF
f6CKO26q,28,LA
IKvudK7T,27,LA
9NTJNfSc,25,Berlin
k5WAGYno,20,SF
EcAP9wCe,36,LA
64UjaDhq,21,Berlin
zTWZyPck,46,Berlin
Pi9NIESm,62,Berlin
0Xmsw2Np,58,NY
YNugv0Nn,38,Berlin
67Z9CVF3,69,NY
tenxo6HC,62,LA
q454inuj,26,Berlin
2cszwc96,69,LA
Zwzyr14A,68,SF
YQ4enk18,65,NY
1DifN0Pm,35,LA
4OLxuxMq,36,Berlin
5kXz1MYG,34,LA
8CrWsvYj,61,Berlin
x6wlAnKO,60,London
dmI4cnFZ,41,NY
aqHqfpBR,66,SF
dhA5CIbB,23,LA
ATiRBk8Y,48,LA
iAFzeMny,44,London
KTVh2UJh,64,Berlin
nEF2lAxm,51,SF
207fWOtK,63,Berlin
TiGa7vxr,44,Berlin
0PvU6zGY,44,LA
fVtn0sIa,52,LA
RUo8Xo2c,29,LA
xbLklrWH,46,NY
g7qHPmJT,23,NY
lBLizZdN,54,LA
uj7LwLPg,24,Berlin
iS47mlv9,23,SF
5EqioxRx,36,SF
tGCjy0rD,31,Berlin
ikfu9Nk5,67,London
6RriB5ay,38,Berlin
gkNxulwP,31,SF
4SBUs1DA,57,London
FfENr0yA,31,London
SuLy6hYw,68,SF
aoNG0uZ4,49,London
tfwVBBj0,43,NY
RkdKlPmS,20,LA
ZSbGFlDR,32,London
abYsvski,38,London
9hDjkaZJ,47,NY
PzU678Cq,65,NY
F6wOFRIp,64,Berlin
h4nmWSBD,31,SF
9278jMBC,64,Berlin
Johf8hEK,56,SF
8OR1EIaE,54,NY
BzMkiiq3,58,LA
RIwYLQez,65,SF
YgIk80TU,45,SF
qlKFJFtl,19,NY
I6S1I9yJ,39,London
ZSEkfq3n,24,Berlin
Ko5CzIpa,61,LA
yrlPi0uL,49,SF
h44hVw7y,33,London
r2x9LrAM,53,NY
JeNpRaUV,19,SF
exxaYEYa,34,London
J8Ublalo,66,Berlin
Q0KIF3Ua,20,NY
wcWuXRfv,65,London
u3bUBrGk,40,London
QVY7cehI,54,SF
upP9YpcM,56,Berlin
8q1Syn4Y,45,NY
LN0ESolb,62,NY
8hsexjsp,58,Berlin
48fjlxyd,25,LA
vQ4GEiPS,50,SF
g2HUrc8X,21,London
Pg84sLzC,24,SF
H7tEXaaZ,28,Berlin
6vfAvobT,57,London
vMzDC9yi,25,LA
2mP23U15,37,Berlin
3HPVWq0s,60,SF
Fd5GMBY1,56,London
aIvz2Q7h,45,NY
VxdQpBdX,28,London
fTgmji1s,67,London
sX4kzmay,39,Berlin
10j3VNMp,53,LA
J9maljL5,23,London
lWkBoi0k,24,London
0NE6b2Cx,27,LA
tESjDdig,57,LA
vP9HcsL3,21,London
w5OccNkL,26,NY
8ftLHK8h,55,NY
h5vQLe9K,66,NY
0WZfCvws,36,Berlin
sfoZSTsP,63,Berlin
u4GuiFlF,50,NY
WigZ9sqD,55,NY
T1U4cV7C,39,NY
ONHWnmaC,56,LA
Xzhxwvzc,18,SF
Xlff68Wl,66,Berlin
kY41za6o,38,Berlin
RHK2gUBl,66,Berlin
4rSxWPJn,24,SF
1zLOAgYq,63,London
UXoB4Os1,24,Berlin
U6aX79TI,39,London
vtjVxJwo,30,LA
LZOdF7eg,40,NY
u0MIkNwz,39,NY
S8B5J5aS,43,LA
Gjwe8OWA,35,NY
lIXwTZ7M,24,LA
odYbxTIA,19,NY
Aooufyp6,36,LA
ykGLD2dU,31,LA
ETFxM90K,42,NY
urtPMi5g,50,London
SgoKObgL,65,Berlin
F4rvtf9Y,56,Berlin
0tVL62eT,65,SF
3F5J9PU9,37,SF
RD9grpqq,61,NY
LYI4I9W5,22,Berlin
MPmb8uah,66,SF
xEZXD1Vv,38,Berlin
TZzpHCCV,30,LA
pJD6Rzt3,31,London
GIo7J0KZ,33,LA
UKvRq1X8,62,SF
bFB4nZYv,67,SF
ohKDVfhF,67,NY
lvOBsdtl,58,London
L87nCECH,45,London
3uIlPTu7,18,Berlin
QZekuGss,19,NY
eUXjI28C,25,London
frYvmCzr,30,SF
c7Rq0ZmU,55,LA
ejorwQSZ,36,LA
N9sbUXy0,68,London
b9wYr0yM,19,LA
MVA3FN0i,48,SF
gWKGxkVB,27,Berlin
vSLBasuf,22,SF
FCrd0btW,40,London
jfAAOc9U,47,SF
H4N3Exj1,49,SF
WM73xGJ9,18,LA
BoGvIjs0,62,Berlin
DyW9eRkI,61,NY
OkPT79yH,59,London
s6gTgDs0,20,London
yaB4Qb21,64,SF
jmsEAHzR,47,LA
yJ5wFVuq,54,LA
cHXbOcDB,45,London
6mBVXqiM,68,NY
O7PUqu5k,68,NY
cTrtx1iv,38,Berlin
jr7fss19,30,SF
0LfCwRYM,57,London
MGbhzzco,43,NY
0zHX3Fy2,57,NY
9hxGqOpA,47,LA
2hhwuDDd,41,Berlin
LO1yHvfa,55,London
Mt5W07WF,58,Berlin
ksFIqV2B,63,NY
lu0F1UEa,22,Berlin
gnnvaILl,33,NY
UAlEyMI6,63,LA
cKga5oYS,59,SF
vP0wCm7D,66,London
ONBllik4,33,SF
uOXCzAWc,69,Berlin
bgXNZGrN,66,NY
uKCStiWw,65,SF
DfGcsIII,27,LA
tfEHuQE9,35,Berlin
ylkXn7fT,55,Berlin
JjV5SVfU,34,SF
yh8CmPsJ,58,Berlin
AzGbqu9q,57,London
AFB6n05O,48,SF
hIZ2a1An,43,SF
atTZy09T,43,LA
aMsjSmv0,57,Berlin
bWs4R8a5,29,LA
0tpV8Sb9,35,Berlin
4jeB2OnV,51,SF
ti42a4xR,52,Berlin
xmvWcKK3,28,LA
UsOwSnBs,47,SF
tQKxC64M,62,Berlin
nSnaRxcS,67,LA
xaE0Uk9M,28,Berlin
eFrnM1cw,63,LA
wfWY0bOh,69,London
Xf6ElZeY,21,LA
IMjXjp0D,53,NY
cpZLUgrH,27,Berlin
N5mTguu4,51,NY
JB3W1JQK,48,London
sDe8b339,49,LA
8tHe13f1,67,SF
Nq71HsSe,45,SF
JozgPa0x,60,LA
yP3xe8ee,54,London
is4kWBMd,49,LA
QwhJ8fsa,49,SF
TWwyZFFA,34,SF
qSV7Iojj,51,SF
c4b2QxAo,52,LA
TEc6PFzv,56,London
ynFej0pw,38,London
JcvQgD6l,49,London
ErtjgTwR,51,SF
Nb6GXPle,51,Berlin
9hIbWIoC,25,LA
iyqkx0nc,33,SF
LWKp8Uic,52,London
fk1pChSh,40,LA
5016MPTs,39,London
EhR5skCF,48,NY
CuEN8oAv,46,SF
HbZNSUhA,55,London
qO2vIe3n,36,NY
RmlMBslF,62,London
RzDjfMFc,53,SF
6MRqFZTe,66,Berlin
XwBiimE4,26,London
LWWpa5W5,52,London
a5UfAMSH,18,NY
HPvoqUwB,50,SF
dlTmrMWB,34,London
ayjj9TWW,43,LA
S20FsKUm,30,SF
l4tHKFl0,22,NY
41E1g7er,36,NY
tjdsQxst,59,NY
YeD4BXo4,26,SF
YjTOf1f1,23,SF
wTM9PcSM,38,London
khUgpAGD,66,NY
XLwc5eoA,39,NY
k4qlbesM,56,SF
27PzsNeo,65,SF
ugKqhgJn,68,LA
WZJbrgb4,22,NY
y8BfgU7u,39,SF
lzpHbusP,67,SF
g3xwsdQF,24,London
5hv5O05Q,43,NY
g7ILKGUC,42,LA
rBh1s4LN,22,SF
PzolHnkh,49,London
JlcdfqWb,25,London
VsQJSLgv,26,Berlin
mvngvPAj,45,NY
eaSZRME4,37,London
EvD24smY,21,LA
4sLvR2ny,20,NY
vBReT5kD,61,LA
SsLGJ1vX,58,London
MYbpgwnS,59,NY
Kcy0yKr0,28,London
E5KfV5Lx,65,London
M1Jpvzak,46,London
Kvuc4f9v,60,SF
bx2I5F6o,39,SF
4wWuLxk3,25,LA
Td5Fa6G2,63,SF
Knnod03s,51,LA
ciNcJHSl,48,SF
giAEqjjE,21,London
mOhL5A0Y,32,SF
uDoYC8kl,35,Berlin
ojSPQp3p,28,London
Fm12Y8Km,44,Berlin
xRvRXHWR,36,London
395q5gfs,67,SF
ZaXmewjp,26,NY
KNOoGr7v,42,LA
olyVVW1d,39,London
J7HoSo3K,40,NY
jQxJaJvT,54,NY
FJ94zwu4,27,SF
y5jbyEPm,34,London
zleq61Qn,69,NY
gvtQUdwG,30,LA
QSmNYKLr,21,Berlin
aXO8Sm8Q,49,SF
caSPW8Zg,45,SF
N4KnxKB5,47,SF
uHg27rT8,63,LA
i5GNdByj,57,SF
cUHcKcSt,38,LA
KzsXUCvY,32,NY
eTs7Tbbw,20,London
xNup6ZAb,34,NY
WqN6QMnr,32,London
ENXsLSjm,50,SF
UrhyoB8f,22,NY
g4HDAHh1,25,LA
6aPLLSxf,26,SF
ZMIItsf7,43,NY
Nm87gjOT,19,NY
A7vuC3O8,54,LA
bHTevM5y,53,LA
t8FVNIuY,29,NY
pFhTr04X,36,LA
A9P6Tdo0,44,Berlin
NMEdhvJU,41,Berlin
TFs1tlNm,19,LA
rpinH7HK,33,NY
MsbUbP82,19,LA
eKIka4rh,38,LA
FOyryoOf,27,London
chBqwqff,59,Berlin
KgelxdDV,34,SF
UBZuuy4V,29,SF
v6QMcFba,24,SF
owXZlF2P,26,LA
EmxgDU3k,63,SF
XTyisnrg,67,London
9dWL7QoM,27,LA
9VACr0GW,33,NY
1EWbZAwq,18,NY
BK246kjV,26,LA
jA9GZ8Ub,30,Berlin
fF6vsTmX,65,Berlin
QQl9DOMv,33,NY
RL6UWlXZ,51,SF
jWewt6c3,58,London
5sjzQF4D,47,LA
OdGIZ58z,30,London
qjgyKeAc,25,London
x3wutqAd,28,London
8vhQYVmy,66,LA
lPqOZjWc,69,SF
0AaCunrx,48,LA
86pllp6E,60,NY
iRQC54SR,28,SF
ddsz61eR,65,NY
0ebf0w27,24,London
M5YsIP7M,18,SF
eE7WgBGI,40,London
ckxpvxdZ,49,NY
TB2DY00q,32,LA
tITzHH3g,35,SF
MUNvWmEj,45,London
SolPtu1W,31,Berlin
kty2qfRd,30,London
KKZACj3y,51,NY
lf0sSHpS,37,NY
oHsGiu07,41,LA
puL4lJks,45,SF
m5DTe2ld,28,Berlin
DWUwNPd5,68,NY
rBBx1Chh,45,SF
PYSqXqwg,39,Berlin
Ea8g8z0I,47,LA
QsFIWqao,55,SF
YFCAaiLj,34,London
Y96kmVkc,39,Berlin
RjJIJ9Yg,18,London
XEPrqTaL,37,London
heTidbzr,22,Berlin
Gvv5sV8g,50,London
du4awgWt,62,Berlin
tlq5Hgme,18,London
eH3Ppz2O,61,LA
pJutoiTl,26,LA
2XTq9dx7,49,SF
XCqEuuyf,43,London
gUm5KGN1,62,LA
WDZsLygD,59,LA
BXoJYHWv,65,LA
00nwlHOQ,23,NY
XkCdDiQP,47,London
qFGyEfJP,57,SF
OEUHpxjr,40,LA
FrmAM8IJ,56,Berlin
k4bcEUu8,42,NY
bXMgQUbu,42,London
M2SDqaw5,30,SF
CrOrX8Ku,42,LA
hy6MIspB,34,Berlin
OadLD9Ad,61,NY
KzH4P8GJ,44,Berlin
BKQBQtqv,28,Berlin
hXnC7Uyx,23,NY
IqaW6fRg,32,Berlin
Kvt84K8d,54,LA
pL39unML,49,NY
kYoug642,65,London
RWij19A7,41,NY
dVRTMb1w,28,SF
Itj7Lswv,59,LA
IHDB7yxA,46,London
GtaiuaLa,25,LA
goGJsQI5,54,LA
rJmd8j02,27,NY
iCS2aKe3,27,London
rhGFws0C,18,NY
q4qqNP5X,62,SF
QzXt9pc7,69,SF
TXrN8qpe,40,SF
U9oIFO3w,35,NY
QJHrRqQX,40,NY
WleL6dvz,22,SF
Po6yHo79,65,NY
BpG2thXP,55,Berlin
pLkhBH5N,48,Berlin
jF9BtUnL,59,Berlin
MGRKrIH6,56,LA
ExfIIgWM,37,London
AAI9IBQp,46,London
yFFcaUbb,65,London
AX7BE7JA,50,SF
JsikX0Kq,56,Berlin
XCx2wVNq,49,Berlin
7lOoq82H,42,NY
XBRrdGGC,61,LA
SJUSXCMI,44,LA
svZFEr09,40,Berlin
eY9YNF99,64,NY
meETD7eR,19,Berlin
CgX7Ox7W,67,SF
q8gHqZWI,21,SF
hJP4rZ5y,42,London
OaHm9a71,62,London
88asGO11,40,Berlin
TmH1oAqT,58,London
LsU2NZsr,53,Berlin
VjMDfmHQ,58,LA
TB2PDqm5,40,SF
2Es1qqXB,50,NY
VL4PnmhL,45,NY
7p7eVUsK,25,LA
ELW8nbal,50,Berlin
AweZ4x4k,46,SF
m78YoUn8,65,Berlin
mH1esdeX,32,Berlin
g9Yuv0Bz,32,LA
RlffFn2c,54,LA
9lsFd6CO,36,London
vgPxB5qF,60,LA
B8ovPvhW,68,London
8AWCpnsC,38,NY
l6mW6zbK,52,London
7pEhoRRA,43,London
Oj3OuVUd,45,NY
8j8QzJwi,39,SF
g3aowe1m,53,Berlin
CmmPNwG1,33,Berlin
FeXBGWZz,29,LA
pwZ4ncHw,45,LA
3cKYGPM3,24,SF
SKsEhHhu,50,LA
5UPLf1zp,41,Berlin
WOX9sYn6,28,London
CeJWtekF,32,London
koozWCE2,36,LA
MUSpMkAl,32,Berlin
tGCBwnFR,26,NY
q0CFyyQG,30,NY
sJBmJjDl,67,London
cMgzvibj,46,Berlin
eMEDpvug,43,London
NzGWz9QX,40,Berlin
MIkVc9oc,34,NY
GwHrfthe,22,LA
DllnV40U,33,SF
DZjCnSjD,56,LA
rE1r4uaq,47,Berlin
U8U1J286,38,London
GOd9hOta,22,London
7pUVnM8d,43,NY
wOYHXDcJ,60,NY
NoJasuHK,65,LA
Lzmf1bT7,47,LA
RfCmehHb,39,SF
bpbu3QJ2,62,Berlin
Svwv71EU,19,LA
gcuPsg2M,61,LA
LKGIPqPG,29,NY
3FQhG0Gq,59,Berlin
lUjSwGaY,44,NY
1C7ApVQJ,43,SF
ekQZiTH9,62,LA
DB3wctAb,61,LA
lxU8oNTB,42,LA
b7vm5GBt,36,London
OrDQBg7h,66,Berlin
2AdmTvzT,44,NY
wrDP5trq,65,NY
Ip01CvP0,34,NY
dAoNg1vB,23,SF
nCKBJCIY,40,London
jtzcaEqp,35,SF
UQpFScC8,60,Berlin
pP7k0gIV,61,NY
8Rtxm3H2,66,NY
lNDekaj2,19,NY
efebH50b,62,LA
JXbieS3T,36,LA
wpVToda8,68,NY
LXbdAT7a,21,NY
gJioU4JR,50,LA
OduwvFe7,51,SF
tzitPJQc,49,London
8Ga6Qz2X,35,SF
U2dqDOif,61,London
NsKS5ymP,26,LA
uuu0EpHa,54,NY
MPl2a5OV,65,NY
nMCVlw0f,53,NY
hmOU43cv,69,SF
YbDvuIm6,20,NY
RdcJsO4I,35,London
UCIByRME,57,NY
LrToQbxV,42,LA
FO0DlX6o,19,NY
ASzbsypF,61,SF
afMBLZIo,18,SF
dfKeHfeO,41,LA
RkXBTPuE,41,Berlin
ZrGHRVVm,67,SF
fZ7ueClp,59,Berlin
9JQvqY91,57,LA
7SBasWAR,21,NY
30PhLqYk,67,Berlin
e7WM5Igg,52,LA
MFBDxKEa,52,Berlin
EHoEBCJ7,29,Berlin
GLumQxQO,68,NY
v93d5zhK,66,SF
2E3S0X7T,40,Berlin
IlvklEeo,66,London
5pQPtFTj,39,NY
NY32Vbda,43,London
WnpW6gE1,21,NY
mRyqvnim,24,NY
l6z8pcaP,40,SF
KUwMnamV,48,London
aZBO8Hgm,24,Berlin
DG5ltEMe,39,NY
Gji5V7qK,56,London
VgMBqLPB,57,London
qelDjjpD,36,SF
0vpHGKKq,47,London
uNEQWryA,43,Berlin
gZzZuDxC,58,London
rYCnezv8,39,SF
0QZUV67B,26,NY
E5qgpMqf,63,London
irb1xYNL,46,London
URJ7wJSr,49,LA
gr7NLRxL,35,Berlin
wC8eCi9y,48,Berlin
yT7NNxSb,49,Berlin
ymTxq4rd,26,London
DtXHiBeC,47,Berlin
GTNk4FIL,54,Berlin
ghg5elTj,49,LA
OUuaotzr,25,SF
vRyRfHQ1,41,SF
xUXpr9Nq,21,NY
NEpyCrHg,69,LA
KNAtRihG,63,London
dttWxdX6,34,NY
cdAJBkSa,38,Berlin
GBZhb6g6,65,NY
36bPdpla,26,SF
FXmULxzw,22,NY
g1ERQCD5,22,NY
WFtffYHn,47,LA
WAn51iEB,23,Berlin
2xVrhMLO,55,London
i8jiFHIS,25,London
oeFJt0pt,65,LA
sAO0LwWH,63,LA
PJsH1ZKQ,50,London
ZOfyrQQE,65,NY
z7rX9ZgV,32,Berlin
ZFT5w6Y9,54,London
6uMuSjyy,26,NY
Nr448kUS,20,NY
IbrCFqK7,48,SF
M310JUwN,56,LA
ilgYnjNS,24,London
nEDGGD0Z,33,London
XojdTbfS,45,Berlin
ScrsVgrj,52,London
ZetEA6bG,32,NY
1pUWEijj,24,NY
MWzJqU1p,52,Berlin
pNQPNQgr,65,NY
NtpcOc0i,48,NY
E4ExoQ2w,55,London
c1r3qxba,25,LA
125qhDX4,65,London
oVQVgs72,55,SF
e2zr9RGb,33,Berlin
GDE8C9gG,51,NY
EdPVnZmu,18,London
0enL176a,36,London
bMNRznjs,31,NY
Yf4IM1BE,36,Berlin
Ozo9YaPn,40,London
hWwQNWBP,21,LA
Y4a9UEkn,51,NY
yuv4ixLa,19,Berlin
fOObSF1L,29,SF
vB5OaWNR,40,NY
XWushqFm,60,SF
3g5j5lfg,35,NY
p0842H6Z,49,London
hh1wm9Zi,68,Berlin
fPitouEK,34,LA
Ht3TDL4d,48,SF
3auW0aRE,53,SF
lFiDqJzn,43,NY
0h2TTFvl,29,SF
rPnl3QBI,52,NY
S9BijJvh,33,NY
jZsSThSU,21,SF
ZfY8zd17,45,SF
WNj7SiDv,55,London
8LdSVLXw,50,London
WowaMCZ8,54,London
CedfswiM,27,Berlin
ze15nN6R,48,LA
ykT99jzE,31,London
vJf46NfU,22,London
eq7ArfhF,27,NY
CCVYgkpV,42,LA
5Pl336as,58,SF
mTvGrWRm,62,Berlin
wayTIQDv,34,SF
CGpe56nm,68,NY
J95PC4Uv,37,Berlin
PDu0u2J4,50,London
6CDrjioK,26,LA
2Yax6HSC,67,LA
cJmX5VKW,48,London
JkINPIPY,22,SF
CIAg2NBt,63,SF
5NTNSOhD,46,London
3IvZcvbd,68,London
OaNS6BbU,64,LA
IEUvS1zE,21,SF
uKE8a4N8,48,Berlin
IwX5HzE1,21,Berlin
GvrkGLF2,35,NY
GSssqc2R,35,NY
xyzP3X7M,57,NY
Irt3vwmC,51,SF
6TJpHyVJ,65,Berlin
lrWLDYFK,31,SF
cU4PdN8d,43,London
M51jV76f,40,LA
YYRCkf97,50,NY
P8MKVBQe,34,London
bzDzXgPA,59,London
VzgL4meR,49,LA
doKAEIA0,65,Berlin
0paL1zwX,52,Berlin
J8Q3X2wX,68,London
tahCHGjc,60,LA
oGBSA0CD,47,Berlin
SnCHLAfI,32,NY
ScQoBMwz,67,SF
nuhrHiwt,69,LA
MzoxNSnr,68,London
xdpWnrvg,24,SF
tFR3akdV,23,Berlin
N3J3dffU,26,Berlin
BHV07LyY,30,LA
6OV1wpPp,57,SF
neodcj8O,35,Berlin
Tg3e7wY6,52,LA
OHLUDdxe,18,SF
yBxeeGxa,41,London
gCiijSYG,67,London
ySyy8sWg,53,Berlin
Z6angOXc,67,LA
Nl4rbDpE,33,NY
fOYE5oz5,35,Berlin
Ildaflnb,20,NY
ZxAdxkmB,63,SF
xsZ0b4Qd,59,LA
zCm3HNs4,54,Berlin
LsGOEWdV,25,London
PK8j6FHP,35,SF
kFN3UQhK,46,SF
QCdoHAoP,54,SF
Q4unr0a9,44,NY
1CjMrSFe,61,NY
x5UUOfXm,46,SF
sRy1nvFy,21,Berlin
3wob2OtU,29,NY
8wBxswBd,30,LA
EaTyKm7S,31,London
ZiWnosua,31,Berlin
LyL0lf5K,68,LA
QqrGTt1c,27,NY
1VQ0DGH6,39,London
ypOnO15G,26,SF
CbLlLsH0,41,London
RU2yJDd8,67,SF
BTn4FNb9,34,LA
bNo1H9pm,41,LA
0jix6RtY,22,Berlin
5yK32OiK,51,LA
EmNHf30O,59,NY
CnvBOgr4,18,NY
1CNchrwF,44,London
JGHEpMQn,57,SF
N166T2CG,25,London
2gWpPVxZ,23,Berlin
u90EUEYc,22,Berlin
MngPNfVk,35,NY
S8knXau1,24,Berlin
zRpk0Fm1,53,NY
CMM2d2ac,50,SF
SFdJiz2B,51,London
HSNHgle7,49,Berlin
do4yXxzS,68,SF
3bj9UrTC,20,Berlin
HWzgbUs6,18,LA
x7h4bWFH,38,Berlin
2mpdCg1V,30,SF
M5NJV6rZ,25,Berlin
8zWlK8Ir,61,LA
uCUbLUZ1,47,Berlin
jcMwgxfh,25,SF
ZG1zVKGX,44,NY
8GFpY13o,56,SF
GULkXq5r,40,NY
4x2wLpbP,25,NY
s70dZXm1,32,London
Js1YNXdX,24,SF
5imSQ2Zp,29,London
DaUCTmwU,67,NY
LCVV54Se,53,Berlin
9iO5lYxg,55,NY
PETZYY1f,60,SF
88HaobMr,47,SF
UdhS6OKW,27,SF
33fOPHAf,36,SF
LIEkPxUE,35,Berlin
PU9GP5fY,61,London
y0ekIUaV,66,LA
EWHUPm9l,37,London
zRWt90cL,19,NY
dfs6Z0aV,47,SF
kWH4aAHk,68,SF
lCYLcIyE,61,LA
EZXHx6EU,60,London
8KnbJW5h,64,NY
1UrYXBRX,60,SF
sLGl8V4b,28,LA
FHL6kxWP,39,LA
4H54Rg5h,59,NY
shOyF0ID,36,LA
MSgIck3V,20,LA
LMblqrrg,21,London
wKINH07A,52,SF
BBQPgVwa,64,London
o9JwYo0L,55,LA
c7gGSjPu,26,Berlin
E1S2c6Lx,25,NY
5b8fMDkR,51,LA
W4WSCcYO,68,LA
o4GFbSJh,64,London
Uuwg0lVm,48,NY
P9pYKBV4,57,SF
5sYB6WHK,36,NY
6WAGIVn2,54,LA
MhNOyV28,49,London
9lT8Zeqj,61,Berlin
t6fBb6C0,61,LA
KxopoY9V,45,NY
ohz850nU,58,NY
AUsNBiKH,35,Berlin
bmRfPwQ4,42,NY
EyZ7A9Au,27,NY
SzTiEDd8,22,London
x43xogI2,32,NY
R4qsHshK,42,SF
WbM3HOUi,37,Berlin
0XQlTIbA,68,LA
rdQL6zk7,27,Berlin
sxBaMbNS,66,LA
NWWCvDer,55,London
XC00xcof,58,NY
8SqjGzsm,45,LA
Btxa10ZR,66,LA
R04YQZbb,67,London
Mjp3ooDW,63,Berlin
cQROFDoE,23,Berlin
MOQvXFs7,28,Berlin
Tn6j6tu3,36,NY
Aldh3uSh,33,London
sludJMrt,49,LA
JVrywNZM,19,Berlin
YJR2WvFN,56,Berlin
cSG6u4aa,43,Berlin
TTweMJHP,38,SF
kKblMrqv,55,NY
5G4X1ow8,32,Berlin
1veRbLQj,30,SF
7gExvz9t,24,London
w69euwMe,69,LA
K0iHIUIY,20,Berlin
rJvY0555,32,NY
M3jwlhZ5,37,Berlin
SetGG7WF,20,NY
3ejU8Vbn,44,SF
9OX5x6ln,32,NY
YPvVuwjW,20,London
ngh09c7A,45,NY
WijTS6fz,64,LA
XlsBuy3L,18,SF
TexR7MEw,37,NY
PuI79zLc,28,Berlin
sRJz8po6,42,London
jwll8NRQ,21,LA
5o6S5HbZ,36,NY
pIt48XQ2,45,NY
4Bk3guad,27,LA
VKGRsp8D,38,LA
7NVnrrWG,53,NY
inCZjHAB,33,Berlin
3qrhIZMw,50,Berlin
DWJRPBoV,62,Berlin
eUU3xAEQ,68,NY
x27cXsjH,63,SF
7ko0jmN9,30,NY
7LG6z6jw,46,SF
e4rbO42r,21,Berlin
lHFZG0o2,59,NY
qzqUZmOq,44,Berlin
FdZSgmjM,25,NY
kNJHUh55,58,Berlin
PuZqp8qq,63,LA
rNux3Bg2,25,NY
sjHhXh3a,42,SF
Ayw9RbuP,43,Berlin
nEnUvMmS,18,London
1bsE0ha9,60,SF
cOO5r6Oj,65,London
GBBc0L0F,50,Berlin
CMopjAvz,36,NY
qpL2Q2RE,37,NY
WrSUg67O,35,NY
Ap1gbXUk,43,London
0sk0scfk,56,Berlin
ss0tq0N5,26,LA
jQ6MQ5Dz,44,NY
9Y3QMAjM,23,Berlin
PcNQW7VQ,37,LA
K6tIoN4Z,55,LA
B9lX6MEC,18,Berlin
QYIPPp0w,55,NY
RT4E62HA,33,NY
aPF5K2aK,21,SF
geRWPKrc,20,Berlin
LKJ22TrJ,39,LA
jgiFustc,26,London
TzOtzEWa,25,London
mU1YLsL7,24,NY
ZbJMiRQ6,29,SF
Pzen7goP,18,London
urtyT5Vt,29,NY
XEnvY2mz,33,SF
aTqEE6Ta,31,London
kkxSu05m,47,LA
rWzvjNW6,60,London
LV9tHUEm,69,London
V2QDS1Js,36,London
O9WRYfW9,36,London
GtwvYxNH,30,NY
SxEva3gH,61,Berlin
KEGk61g5,27,LA
6AP4UH3z,64,Berlin
Pl482hWn,46,NY
4x1Qd6Ap,45,London
lNPX9x6c,30,SF
6X2CCXF5,62,SF
WQ2HLRjG,32,Berlin
8YeIDGF5,34,SF
o1ApRfIy,40,Berlin
boNMpY5l,60,LA
bChhmDWg,27,SF
FYGc3DJB,53,London
sdwazzEM,66,NY
S1BDczWp,31,LA
zn49mtGK,49,SF
Mtkq0WeE,51,SF
b8D1Fxfi,48,Berlin
Zyl5LZ9g,56,LA
6MEQ3hOV,49,NY
NUIgxx0F,33,NY
qqycsNfN,43,Berlin
RkWklAWb,34,Berlin
Rr75PpRU,39,Berlin
xYmCYZ1G,53,SF
YtMdYfuW,52,LA
ROgj6r7J,40,NY
w7MpkImE,42,London
iwJCVcbA,22,NY
ah5hdBTK,23,LA
KoccFWnG,43,Berlin
tIKWcrpK,55,SF
Qk9bsyi2,23,NY
UQIhqOyG,36,London
icoI9lPZ,60,SF
QoXV5Zk1,36,NY
ZxYsN4Dr,63,LA
30uHfWyo,64,NY
BqW5i0k5,48,London
aRY9btnl,54,SF
Qnocex8l,40,NY
xQJGBOdD,29,London
1t2WVy9D,30,NY
UXXXlYOj,39,NY
SXaTSzYu,67,Berlin
NzBxNLOv,20,London
76o6C8a0,29,NY
nc5Lt6Qw,54,SF
YyDz4R1W,48,LA
FTEuvlBB,30,Berlin
UEnCbm6L,40,Berlin
sp0T4akV,30,Berlin
d01KyzeO,23,LA
drlNVYol,65,London
PzcPharM,20,SF
FoTfpO4o,24,LA
YSJPRlpg,27,SF
VjNCcjh6,48,SF
FjwtR4Of,21,Berlin
g2oX2VEQ,61,NY
flk4NpsU,23,SF
dZcHIx4C,35,SF
yMvx5a8c,24,SF
0svxGVnA,51,SF
9doidbal,40,Berlin
GG0sWkdD,25,SF
OfF7Q7jr,67,NY
UlFMwHA9,41,London
6qZgSEXj,45,London
vGRGKHFh,62,SF
Hz0sHGvV,20,Berlin
Uxc8Y8NR,30,NY
2GxKz99T,56,NY
dzKdV0eH,50,SF
QaRT30qI,67,Berlin
kjyRmhbs,33,London
u0VAUUJd,28,LA
rmZFtrhr,46,SF
XDWOzmj5,42,SF
zXWh1wBo,34,SF
TjWJi78s,54,Berlin
zU3yyiXi,23,LA
ncetrB8s,63,Berlin
l3Ojo1ia,31,SF
OegK5NoU,36,LA
lXFo1vh3,54,NY
PWXzxsbK,67,NY
y7E86ueG,60,LA
PiikPZNJ,29,SF
mMcvY99v,36,Berlin
dtoJiIEu,38,SF
M0lUnQUM,46,LA
qgYln0SE,45,SF
wP4Tygtv,34,SF
hNo4rjjf,66,NY
Vu9OZg3N,19,London
2T00Dx4U,23,Berlin
E0prkEgM,42,SF
uM4GO4Wx,36,NY
Y3lQ8l8H,23,London
yIhgXnQ5,18,NY
Bza5Cxpv,63,SF
ZnBdyDoV,51,Berlin
FQSc0Zby,38,London
BZqEDKs0,38,SF
XIH0eFJG,61,LA
10YISHhm,66,SF
gOItLyp0,44,NY
U8Z1pTHu,40,SF
7JGWN90T,53,LA
iXSprfeJ,53,LA
pjjDnVDS,49,SF
6rtlT0dg,56,LA
Sqo7F3ik,62,NY
xVZdhQg8,34,LA
MPRtCd05,31,LA
Ap0NEogg,39,Berlin
2w3Xofls,34,NY
Oy12tWWk,46,LA
7qDNnFZp,65,SF
wAr8r9wq,65,LA
AS5XFhrI,55,London
t5UcO1gC,43,London
xvFq5PAi,48,NY
behMfrsj,51,London
Pz2tCHLR,44,London
xnNchv2u,34,LA
zmv3zuxI,40,NY
W68ILE8n,51,Berlin
oAkrMO2S,35,LA
SVMTkv75,38,Berlin
S312Bjgo,37,SF
lr0KwwFs,49,London
SbKoFy8n,29,LA
vzLROqh1,21,NY
92gdlnam,26,London
9i5NiXUk,28,SF
e14s9STU,66,London
6kAFtceE,47,London
sqBLbpSo,62,Berlin
GN9UbHxV,43,SF
U2uBIOzY,49,NY
AOPxFY4k,45,London
bxtrayx2,68,London
9kWWOS0J,57,NY
O8bLEJmc,54,NY
3WD2t0vT,59,LA
jZE79rmz,64,LA
c9ZpSnCh,68,London
tVoclWU8,58,LA
3tXLfMjd,33,London
1RZnfRgT,65,NY
ZhxfC64I,25,LA
Dmfi64wQ,20,SF
G6gixQkr,20,SF
6k6PHhIy,27,NY
fumWXSX4,29,London
fEwTf9ug,32,SF
EB6qpL4m,64,LA
eGwHd2ja,44,Berlin
uNKaBu3U,68,London
EQS84qQd,63,LA
TGut8iqk,28,London
3C1kmarW,23,LA
4jMpJznz,29,NY
LIQ6mits,35,NY
j3Mguyzq,42,NY
vjr58k9X,51,NY
PWO10Ab5,43,LA
cz2FLp2B,41,SF
620e6imf,33,LA
pBNBrvYA,53,LA
8iIDQIVW,53,Berlin
XqrSY4e9,38,Berlin
YHACq0Ht,47,LA
Fapflw9u,66,NY
x7sk65TL,37,Berlin
jIrMG0aw,59,Berlin
jW6AMGou,67,LA
XnJTabco,36,London
4tKMsZpO,28,Berlin
riQA9tjz,31,NY
C3DRJnPY,53,LA
CT0Iqlun,33,London
XOfBCjo9,20,SF
4EphmM0Q,39,NY
3Lvtwi0O,60,NY
PZbZjPwM,22,LA
O9ofSHI6,19,SF
9VB0zo3K,29,NY
A6VWIwr2,62,NY
V1vt0XIj,19,LA
eM5dPYwQ,54,NY
i2aXrB11,36,London
AO9oWfaM,41,SF
WTnaWUVo,22,Berlin
o2Gp4FQQ,43,Berlin
zl4aHode,45,SF
G1ZX38fm,52,London
n6IGHOfy,36,LA
xIcENJ0l,48,LA
rSPkkRc6,36,Berlin
G9xzoKQc,60,NY
ZGKtsNMF,61,SF
nXfWOaCy,36,London
CYUCJglR,37,LA
t7LDjWJh,59,SF
eRTgDxAz,34,NY
VtGUm4xF,29,Berlin
V9ScVnd9,52,NY
nfPuPvmT,43,London
Nyj9YRcP,25,Berlin
ks3nyfHu,57,NY
e1ZgsZCO,42,London
q9ZnAfRx,42,London
P9cPBMua,62,London
n3MKAZw5,39,SF
jiImybM5,30,London
45LNmcev,59,LA
bSeSfb1R,32,London
GPPKXMXO,40,NY
SHWVdOgD,45,LA
uEh4aqio,65,Berlin
K4Ebyu4A,30,LA
GNfgpJ2R,49,NY
4Td8y3W6,28,Berlin
gPToC6md,61,NY
bbi1Pk4B,31,NY
X6XbFzIR,69,SF
fX9IcOrH,52,SF
CNOucIkx,64,NY
qGfvzaJw,60,London
CCq7DPkE,52,SF
pYDhZzMX,67,NY
rRKIaGgl,57,LA
rMkdalyo,40,NY
GmaKsJMH,57,NY
rcfrtQ7z,30,Berlin
KSzt4GvC,23,SF
gCzuyCRM,46,Berlin
kHRz0qTJ,59,London
1aPI87sY,32,NY
8flyKFvC,22,SF
YDGdZOTd,50,SF
VPbpfxxf,57,SF
rI6mO1Zs,19,NY
VO5KQyno,50,NY
6y3YN7FY,42,LA
qZOVegG3,44,Berlin
uQEomy0y,65,Berlin
bNKvknfW,42,NY
HrOk1noY,22,London
jXELx9yD,68,SF
1wsG1nFu,60,NY
TYE1nEOH,57,NY
giDLelkq,21,NY
P4RsQESa,31,SF
wALJ09BF,34,SF
GfH1PrgO,58,NY
lL2mwSjV,44,LA
E1IbzMgp,53,Berlin
joC5reCA,51,LA
8ox5kZvo,27,LA
7Y3AxUef,68,NY
fC2sG33n,39,SF
CsHadGqd,58,Berlin
uxuWNJcF,39,LA
p99rDFUm,45,London
gZSm2dmH,65,SF
lUwlsgQ0,37,SF
TvBbU16z,66,Berlin
tISIjmJP,19,Berlin
O9eHU6rL,40,Berlin
mHrtfooT,68,NY
ApyxvChg,51,SF
U4B5YPFi,65,NY
KuG01zvB,33,NY
x5NMT2L2,45,NY
5syiiu3O,31,SF
kCu7vvQT,69,London
05EewNnA,18,LA
2KikptJK,58,SF
SwdXqOM7,32,SF
Sb3RWH8U,32,Berlin
wVneEW5M,42,LA
XtOb51uX,60,Berlin
ufAJRmdx,22,London
rxQUVJL2,25,NY
Qqn9MA8P,39,Berlin
PfmbGXzW,56,London
Yegu1glg,55,LA
7VAG0Ikc,56,NY
3qIRsSY5,68,London
igcd6zEs,63,Berlin
bhjj5wu4,60,London
cw29nXyb,68,London
nFFVPzmk,31,NY
CGxEvC45,36,SF
usezSdnS,43,London
QYEdr7Ac,55,NY
TyvhMKkI,50,NY
Wu1RZsQy,63,LA
wwyGs56r,29,LA
0xtsRv0o,46,SF
LVeVT9Ww,29,Berlin
RrdKdoXG,46,London
HSQxXjls,58,London
Ts6XgxSU,58,NY
atSYDKje,63,NY
RW3FCq3n,37,NY
r8GIxg3A,51,LA
stv17oHM,63,NY
9jytZfgo,47,SF
aKxPR326,46,NY
IE3BlZ5w,56,Berlin
JOyYPOuC,64,NY
R439Zpkn,57,London
Tk2QoVtw,68,London
ntXdhDxj,19,NY
OGPwSNFv,43,London
2KW88ra4,18,NY
nLsl3odG,45,NY
4KJA9Ap7,68,LA
1uYd1B6w,25,LA
jfzQku1W,48,London
geBNU6aQ,56,London
xShed1b3,67,SF
VyiL6rqx,36,SF
PIueTGKW,30,NY
TqaYNR0h,33,SF
o7b2Tjfv,40,Berlin
btBuMjOH,28,LA
0CjGi6CZ,41,London
u1YRPM2i,27,SF
hVDcc9UU,68,Berlin
t2k7kmYL,22,SF
df4tb1WB,29,London
ANwVGixi,53,SF
myBagfrc,43,LA
Haf5RF0r,45,SF
OnJduNtB,33,Berlin
AaouuTOJ,19,SF
MDpjQq7B,43,London
XORLbRs2,21,SF
FedLYi18,46,Berlin
NkvJkFFV,33,SF
YvbdZkhb,39,NY
qU8hVZ5H,60,London
0Z7MFjqo,23,NY
CLasct7Y,45,NY
HFmUyuvS,28,London
ANLmt4D1,59,London
pnVCF6s4,64,Berlin
VwozRoFw,38,Berlin
2BLt9j14,43,Berlin
bGxE2AxS,56,NY
4AQ19tL7,64,SF
6cxrDzop,39,LA
NPnU7Ncp,47,SF
yGgaEMUS,47,LA
iY6yJgMP,50,LA
p3pGEdXX,57,LA
Jx8K3b1u,47,LA
Bsh3aX4r,54,London
b1SIgkIi,47,Berlin
bQD0FPD9,43,London
0bIidzU5,23,NY
iBwbBNaD,21,London
5XDN0Fiv,32,Berlin
L3lcxzYt,53,SF
4moHQJVe,20,Berlin
BZYp8PTi,33,SF
z4MaIdfW,33,NY
sAbNaxPQ,57,LA
dNtXD6GP,44,London
liAxGDJ2,23,LA
GiXWlWmI,38,NY
gSsPzCE8,30,NY
c44WcNDB,26,SF
Pxwmf5sB,58,SF
dyLRoMCE,60,NY
ILBpmTRq,25,Berlin
PnLT8ZS4,45,LA
Qe5rz0Co,62,London
swisoxLb,36,NY
5upoKgxS,46,London
i7K4uj9T,48,NY
04KWnfwi,50,SF
18nyLxrO,66,SF
P2190Wnx,23,NY
3ssu685X,61,London
2bVLg5Iv,21,LA
aDui5kbz,33,NY
vGjTN1IZ,20,NY
04Fu20fg,42,Berlin
DAusuxO3,34,NY
OjSh6W6Z,39,SF
0W0ApZK6,35,Berlin
5DvLk7vO,49,Berlin
6o2qKJYd,35,SF
Na0rgzgn,43,SF
yZdAhn3p,67,SF
W6WNvTdl,42,London
WSxFOOVe,45,Berlin
uC58UsYC,57,LA
pEYcZXoJ,40,LA
Q37du9i8,25,London
rrZ2JaKO,30,LA
DcmPD48b,61,Berlin
yfaLsKPU,64,SF
TpgjAJqs,27,Berlin
TvfSOACR,58,London
Fm2T92vD,20,London
p9xMTRQT,27,NY
NrF8JUkd,66,London
ZF64euWD,32,London
wm7x0PW9,41,Berlin
p1RzKhBl,27,Berlin
aOjAALiX,69,London
QdWYT62e,38,Berlin
G842dEb3,63,Berlin
HT9LMURf,65,London
jRyIjCTj,55,SF
L6jM2I6y,56,London
y1pWjUZL,59,LA
TglcYPAu,68,Berlin
sVevCllZ,67,NY
MGPzERXr,45,London
7A1i2ska,58,SF
yqgSSE2o,19,SF
hdXae5ip,58,Berlin
iySpI7VW,21,London
pIAOruN5,60,London
AlF5x6sZ,66,LA
YjQhCi74,20,London
gPWw3xse,49,LA
ehbMfESu,64,SF
IHK2ttWx,51,London
VEp5P6PP,33,Berlin
sCIIeYdX,21,LA
vyeY6Hu3,35,LA
0BKRaeO1,45,Berlin
125CimIi,59,NY
hk4vBnog,23,Berlin
lo7QYWqS,60,LA
M1n44Fz3,59,Berlin
PRMwGmkz,18,LA
U2q9yGfg,33,NY
6U1arNp9,54,London
c7TNRItX,26,SF
FImIMqpc,34,NY
B1yD9eyG,53,London
u4mdZq0j,51,Berlin
LMqQAgGC,48,LA
b8QyKbfV,51,NY
LQiI3sdr,54,Berlin
iKLf7RIX,51,London
lzO3uXT1,62,SF
hzUt8HdS,54,NY
rjpwdOal,18,SF
x61SyGpK,32,Berlin
iFWuXzbs,48,London
N3ISQ8Vf,68,NY
XKhNkjVk,31,London
s7SBlea0,61,LA
5neoPIc8,51,London
AkA7BnRS,69,London
NDI1SWwx,18,London
pxP0Vr1v,52,NY
u7L8YDyy,28,NY
lUQbXxDD,34,NY
3qdXyzBY,22,SF
h2g57ITC,34,Berlin
1UfBQBFv,35,Berlin
k6o5W27r,42,London
6CJJ3Y1q,52,SF
PNZepeom,64,Berlin
DbWUIea5,33,NY
xCv05Bxf,64,LA
61sYNkHu,66,LA
KQlFUgcH,67,Berlin
dAvz45gj,40,SF
qY2r7NEn,57,Berlin
40tm3SWG,38,NY
t1AqlUkX,46,SF
rQdkYP2V,63,LA
xcSvF3Zc,53,London
rqNMPC4P,27,NY
e5cRPiiv,37,SF
qwiDpr1F,24,London
2HgDoEBw,47,NY
fNr1fKQ8,46,LA
HLyUwa9e,69,SF
iMheCOQl,18,Berlin
kudZFzTO,38,SF
DeOzUrNa,24,SF
g1THqh1S,61,NY
tshKJ88A,21,Berlin
d1P9cPeT,56,LA
0S7gqMqU,32,London
6O7ICSyQ,51,LA
pzyHXvut,19,Berlin
hAQJoODi,54,London
MdmK9nLf,20,SF
taR1YqSv,65,London
EmA2xNSl,21,SF
7Sc4Dvnd,64,Berlin
DNpGxBW2,66,LA
6oRoppKC,60,NY
SnVugX58,53,London
NGyETuw8,44,NY
53zJhZbn,21,NY
xgRFJf7c,53,London
qE9ILNG4,36,NY
3S1hSE4H,51,NY
S4UJcE8R,33,NY
HqCK387F,69,LA
vayZfq31,62,SF
t5hwSVC4,57,LA
u7xaiITB,68,LA
PJbqth6Q,39,SF
447fhaM0,49,SF
FwG1OGJQ,19,NY
S6vHnroM,34,LA
qGIq3vX8,40,London
F12lIrjd,61,London
wkuvGC8l,63,NY
Rx4hNgzE,29,LA
NsQMGIBt,30,NY
eFH611GA,27,LA
LRHT98pZ,21,NY
PzKqulsN,24,SF
b2qr3EkD,19,London
AopgoUYg,32,NY
DILoiKHg,53,LA
jGh3bEKX,26,London
pLmFL1LJ,41,NY
YnDP4Vpl,23,Berlin
q9oO5urn,66,London
IyThloRb,24,Berlin
cV32KpPo,33,LA
EBR7G4vh,34,SF
59m0YiVJ,47,SF
X8ATzlcQ,25,LA
P7Rg7l7m,20,Berlin
yCalNiGF,42,SF
yP2gOx6k,46,SF
VIxoq1Po,38,Berlin
RqbRjazT,69,NY
Zr9FYn3h,23,SF
0ZvXxjS2,40,SF
VPh0BvTZ,67,NY
OCgchLxE,28,Berlin
uGCNK8UO,23,Berlin
aFvowAng,44,NY
IgNWVSd5,44,SF
xFtpJU1A,30,NY
rRqEjdQR,26,LA
hgul8TNh,25,NY
qE3vg82L,62,London
Ztcab7e7,44,Berlin
ILjbhy1H,49,SF
Jb5j5lkO,46,SF
S4tbfBDb,63,LA
KXlniCPr,50,SF
4HgHGr8w,22,LA
k6Dz3KZj,55,LA
gv4WGw09,26,Berlin
qCUZl0kt,69,LA
NxsCY2WW,30,Berlin
0DH2kvbA,50,LA
FrRhMole,47,NY
7kz01Tk5,42,Berlin
8NNRGbGE,23,London
51kKQNAy,56,NY
WpDyTtir,27,LA
naLKHpt5,53,London
fW5gnvjl,67,Berlin
i5nW9xvc,65,London
TDW1o6ok,36,London
3GTxYLNi,28,LA
7wbh7sYJ,34,NY
DkmKFFKX,19,London
8B0Fe765,24,NY
9MJdj4kl,58,London
APlx5GnH,48,Berlin
KR2YllqF,48,LA
2l179nhc,63,London
8MqkHD86,34,LA
487AWiAE,32,NY
wXGwRfH9,24,London
iBftJIhr,47,Berlin
R8afcEXd,56,SF
1zl3mhHT,31,NY
nJXL8tSE,48,LA
L9CGBjKD,26,NY
BCWDVGlU,26,Berlin
BRsZVAZ4,66,LA
7rP1sE99,19,LA
n3chfvMS,61,LA
kHCqWeje,39,SF
bplQZOvF,33,SF
Ivf17HNc,19,LA
xbVhF1LY,32,SF
TSDE6Oda,23,LA
svySvLmG,40,Berlin
PojpMsBr,45,LA
MgWYNfz5,60,SF
XhEOPTp1,34,Berlin
hE0lCx9l,53,Berlin
bwOHNMhZ,36,SF
bSFj3G3j,22,LA
KQl42LeO,40,SF
V2AH1gJc,61,NY
gzw1E9Wq,36,SF
1D61v5QY,18,Berlin
nOD3zEFP,44,LA
drTe0Dsk,60,London
OjCEuRdT,42,LA
EmiTneyO,23,Berlin
qZaEaNOa,53,LA
GztbxBZ7,34,Berlin
RJSE8nks,29,London
57M9X84A,42,SF
BXQrJs3v,27,NY
6jHDMqtT,63,LA
idbxjFuz,56,London
Ajz8rm3w,41,LA
mTZY1pj3,28,NY
8mPZU8KN,41,NY
9EJqWf3o,20,NY
hSxTepZV,57,London
mB3OLhrC,37,NY
OlvNnrm6,40,NY
X76mxEMW,22,NY
c6A8PWbm,53,NY
okMtMaru,30,London
VKLdk596,53,LA
L3942nuP,23,London
FhmzBS8O,19,London
o6Y2gnXM,46,NY
6eOWmk9j,22,SF
G54FKfDJ,32,LA
9vJf0unG,25,LA
oQpin6Dn,51,SF
OI0zGfE9,54,LA
bUfvNtOM,43,NY
PoGuMf8J,26,NY
z1cKk1ZR,25,NY
IeA3LT9L,31,NY
htKMBdJG,65,Berlin
3Ygd71c1,42,NY
TWsvfXwu,51,Berlin
dqb5Vbwy,20,LA
1Eh7O6iG,49,LA
O3oAupbi,53,Berlin
8yR9fhl9,64,LA
bZ7jIEgO,22,London
BhMpKIrg,32,SF
T5aNt6rL,45,London
kaPCq8Y8,35,Berlin
LUfM6JyX,62,SF
shmnft3d,28,Berlin
TS9uDCL2,27,NY
TrQdSAkb,21,SF
a1TmYtBV,37,Berlin
clIE9C10,22,NY
2ZTkQQ6q,18,LA
KBYUXYKI,30,Berlin
43XfzaBK,63,SF
6M7C3oZF,39,LA
OrY3cAXk,65,Berlin
paYKSTrf,30,Berlin
lv8crpsE,32,LA
nKkEGpoX,26,NY
tDKrEh0u,20,SF
g93yb0EJ,19,NY
lyEvXdK2,29,SF
58f8a4hE,41,LA
UYQ1R14B,35,NY
77Tuhwzt,53,London
ea0P8T6f,42,London
mC6cDmku,69,Berlin
xglrtBYL,32,NY
1w1xuep4,18,Berlin
Jo687pcQ,25,NY
uGIIjZvr,66,SF
NFCiNw8C,54,SF
5OfCPP8o,24,LA
fz51lAbr,52,London
WJ0ZiEUL,55,London
WUAoy6qW,62,LA
fL8j8XJE,33,LA
gMdOwJBz,34,LA
3RnzfcfR,55,LA
SvVOQfnB,47,NY
IlKpFRHV,54,LA
E6mdjwqO,35,Berlin
UZUuej9W,53,LA
tI6pfgt2,29,NY
V8G0fTdB,45,London
HYiQ04I1,65,London
lYGzSVpH,28,London
15P73kj9,60,NY
MTooz4n4,23,LA
yDBXIfyN,43,SF
KNelKJJL,33,London
whT6HQTO,55,London
r9x059qk,26,SF
X7L3j5lz,35,LA
vnWGGx8v,50,London
3wRfedcb,67,LA
fdf5x6Pm,36,Berlin
LFpOKlGy,26,SF
9FS9AKHY,63,NY
bqXMr70i,61,LA
JiIp7DyO,59,SF
7wq2SBsY,26,SF
gSu7Ly9K,61,SF
Rzh7OUhh,22,NY
ND1IE4cz,40,London
KSTAt8cX,68,Berlin
8uF9d3Mq,59,London
Q7vkhjKn,51,LA
yxBWS9GB,55,SF
mYkdtKNQ,39,London
0kkxWmJI,22,NY
0EGprGzf,18,NY
fDOV4D2L,43,Berlin
sx6hgPgD,35,London
epC2s8xR,43,NY
ToUlOlCy,32,NY
KC7ZoYpD,19,Berlin
NGa0Mbqn,32,LA
FMqAIF24,28,London
8TOMTDCi,62,LA
vTUiUMjJ,37,SF
UhSERq48,64,LA
QIlPZ8It,59,NY
NlMwpndU,34,NY
d5PW2gqX,22,LA
ExF3Xu13,50,LA
nzpDjKHf,68,SF
2MKEgACY,61,SF
J6t5h5NV,42,London
SvUrJOvC,24,NY
GZd3ivkq,51,London
b0wbCIqK,32,London
o5oAtvay,69,LA
4ED0jQRp,30,NY
G6mfXKkT,49,London
ZVI0oFb2,56,LA
IyLxySTF,31,Berlin
jxYr3Jle,37,SF
UYXypzxO,33,LA
WmoEc8F9,47,LA
p2vN4r6X,58,London
ONRZ7IMv,36,LA
2szjJSHP,39,LA
rpfTvkOI,54,London
sgAdtApZ,27,LA
jUq9y4Nj,25,SF
07AJph6e,46,NY
nUA1RHGU,31,London
qqtGE3yc,28,Berlin
ZOPN9LMr,47,Berlin
4LsUmoqO,50,NY
gItuH83t,59,SF
5Po5P9Z2,51,LA
zr3QLv3y,56,Berlin
RF8wrIVE,66,LA
qVDShyqV,54,SF
7NYooeo2,59,London
p3aZTpV2,54,NY
d4VprHNy,22,SF
JCoDkvYM,58,Berlin
hHIzGvIM,60,Berlin
K53GiRDL,64,NY
xOE9obAS,22,London
vhHsg6At,34,SF
vyLE0d8K,36,Berlin
BYvTsOeb,63,Berlin
JLJChpWc,43,London
9h2OR0v6,19,Berlin
3RKV5aon,31,Berlin
Wi9Ng53n,69,LA
lSmladFt,45,NY
J4KDM2EM,21,LA
THaS1VKo,20,Berlin
JyLLuFdv,32,London
Gn2aSt8v,39,NY
t5Ujj9K7,65,SF
MiOmzhbc,59,SF
5FyBvbSt,67,London
Kq1NF96d,36,SF
kAk37cJ4,51,LA
qUaOcMav,27,Berlin
MGpkxY4F,51,SF
0ufP8BLg,33,LA
B2m33XSw,54,NY
EDtgYM4F,53,London
DRu6x71M,66,NY
WeZU8mhi,62,NY
adt40Qak,39,LA
INrvPsuG,49,SF
WRdtIUTP,61,LA
Bk9LVYNR,34,SF
wUpYzcin,26,Berlin
L77jjO3j,69,London
FivvISBk,50,Berlin
ah7SD22V,50,SF
xAqWIk2k,19,SF
G5NYWEp2,31,NY
inG9lDYB,54,SF
fOJ4t5nA,50,NY
YVzyFAZH,18,NY
2kIG4Kc4,64,London
bzZr0WyD,39,SF
h4IQArVs,47,Berlin
ApikEDxY,44,LA
ZWwMyeog,50,NY
VrYRISzA,33,LA
Zo9b5C2S,27,NY
45TPvfck,44,Berlin
rxKgI9aF,54,NY
Oi9n9bz8,19,London
mYP7EThM,47,NY
VOiAG3gi,63,SF
S8btpAXH,60,London
R8aGoLGj,36,NY
r8heXSEq,36,NY
jF7BbgAS,68,LA
YW7JhhN1,52,NY
LjarQM6b,28,London
ndZlSrxp,69,NY
QfPCAjDM,49,LA
GFVLwY3p,33,Berlin
nZwD1AEd,34,LA
GWf67I97,46,LA
6Vs1IpTc,37,NY
0AX82K9H,53,Berlin
hL0Oey5Q,64,London
GV0UfKFj,41,London
4h5vToHV,60,SF
mkjwe6h7,65,LA
LjslmQO7,69,LA
6BOfTnzE,21,SF
bPNag9PK,22,NY
uRpV10Fa,36,London
FYEPShcb,65,London
zLnBr2iq,68,SF
gBIonnvp,41,SF
3ZH32ckN,65,SF
AMrbiztq,18,Berlin
pGaCdG6I,52,LA
fZJ98rch,19,London
vyamNgil,27,NY
JwwDyKrS,23,Berlin
JsWQB3mB,57,LA
753vEeIr,55,Berlin
4nscObLW,37,LA
ektIDuVI,36,SF
t8iqMQ6r,65,NY
Ci2jkbB2,53,SF
frfjjwVA,65,London
zkhWHCxw,46,London
thBr6vXV,58,London
tHyci7zh,41,London
S9PmHVwi,26,Berlin
SBICEsHp,49,NY
ExY2mwig,57,NY
mwi9n9Wn,22,London
3y0AFJQU,38,LA
zQK03tiX,34,SF
vFT224zV,41,London
XrYOjVGP,44,LA
b3C8GsbW,65,NY
QMAx9PIj,35,SF
m952qgbJ,39,NY
ZqJJt5Nq,23,NY
Za4p5U2I,45,Berlin
0MwktlqD,59,SF
497ZN12l,37,Berlin
qbkMx6nb,33,London
kAWu3vp4,36,SF
YWobyQBY,25,LA
JRMvMQUr,35,NY
Pj7V1Shz,54,NY
YBlBXsyh,62,Berlin
rSrWAH2i,64,Berlin
RmLsD2Rg,48,Berlin
o052r323,55,SF
mJrzfeNC,19,NY
X7pD6t5v,49,LA
NnXB6KKD,32,SF
DwVfUp21,28,NY
EGBNqO7z,22,London
6wXN5B0z,59,London
YeFhUmjV,46,Berlin
HxyPJn8q,37,Berlin
qIEPmzJk,37,Berlin
UKBsZFcw,35,NY
lLTsIWyf,29,Berlin
dWnSlySy,66,LA
pHg2yO6N,34,LA
LlF2YDVE,21,London
zmizfCGA,36,SF
jlSRsLqU,40,NY
66CDrFKc,44,SF
iu5DC7j5,67,Berlin
JyVTrWLR,69,NY
uSo8WMIa,59,Berlin
yBCrZMuf,63,SF
Ilw4GwQU,69,London
kKmDxYVW,62,LA
OLEdzUFg,31,LA
MZ3UjTGL,21,LA
JtYQFvT2,21,NY
J3Yo2mtp,41,Berlin
kF9Ss6MJ,40,LA
SEF8A4uz,53,Berlin
RHEEZz0r,28,LA
vMcKbRUY,50,SF
2Lrr86oU,55,London
KIEH1dqN,22,Berlin
6M2MhQgQ,44,NY
ALPi3F4l,54,LA
ppYwclz6,44,SF
0jMLqdIW,48,LA
IowIxscx,29,London
HiIr9562,64,LA
OnTH0gnj,23,London
djTakpZJ,29,Berlin
YO4h9h0X,31,London
TE3K2Clk,39,SF
bdCI36Oe,28,SF
jdEWfolg,57,Berlin
R9R4AbnP,69,NY
hCN1oR6l,56,SF
5lnaAF9x,55,Berlin
0os5GHza,30,Berlin
3kS7YU3R,23,SF
CzBQ5KZw,37,Berlin
2iJz0w0G,19,Berlin
Aji5i9ID,28,LA
EMcUwkvg,25,Berlin
Gji4Da2c,47,SF
F6SNvpBH,44,SF
Uauoumx1,21,SF
IYIukSQm,24,LA
G02aehep,64,SF
9USB7t04,41,Berlin
bND9vLDk,49,London
saH1H68r,36,LA
nCM6fK1L,59,London
RMMcUVY1,52,NY
AfynpL0s,59,London
vGeDOFln,68,Berlin
d4C1ey0C,20,LA
QVWGIODU,35,SF
dzpHz7aJ,54,SF
nguqUF5O,39,London
hVaUsVRJ,50,London
AUrgukIy,55,London
XIjqEDCr,56,Berlin
HUFh94sl,51,SF
mbllNbGI,66,NY
6kAVJuaU,40,Berlin
g3wCyDSu,52,SF
b8pezSrR,46,SF
QDN6dHOf,19,SF
nSVLa0g5,67,SF
G7O1krXL,31,LA
Yzg9e0zT,65,SF
jFuu3NwW,61,London
wQ5oivXm,67,SF
i1dzPost,25,NY
mvQD430E,18,LA
9ipjmNve,45,NY
qeqPoYgf,20,NY
spQ74jvO,24,NY
d6MBUmQn,51,Berlin
3wsxzWhT,65,SF
NOfvHfy9,49,SF
nXVuwlSc,26,NY
jk3RqdFK,52,SF
fIAyGKRt,36,Berlin
0gFi9wPH,63,SF
POO1Bf1I,32,SF
tocoJdr3,48,NY
ItQxP6EH,33,LA
rE7JPKnn,68,LA
gW2Z8R1c,64,SF
mk8GJGqI,63,NY
P9DYsV2B,54,LA
Gpe6kHWh,24,LA
cbYMznME,52,London
VYucaE4b,46,LA
tafNhgSQ,19,Berlin
bicQ1iOC,65,London
YJUlFzgE,51,NY
5uMnQW1W,52,London
3d6mlAwS,48,LA
BIIdpjBb,29,London
d7hxKZWX,18,NY
Q1cuFWRe,64,SF
Qpfgyvsz,46,Berlin
eFn9qZf4,18,SF
M7kDuUdc,18,NY
qo9zz4im,32,SF
yULUzYBe,20,Berlin
Gm8uffaz,31,NY
i4j2Xv2H,27,SF
1HOrTlep,20,Berlin
TC7w06np,37,London
VsQMuqSo,67,SF
Bu2mQGfX,53,London
CjXdjtwG,44,LA
zCP6s7Xr,66,London
dRBRNZIa,69,London
SIUROK8B,53,LA
4a6MAwNm,64,NY
nXUjD4bV,28,LA
IJR8UfMP,20,London
8lHIHetF,41,NY
cWmnZx1a,56,SF
PqflK6eK,27,Berlin
GyRslDAr,43,NY
m618UBq2,68,London
Ibh6dpod,49,SF
uAPLF9B0,69,NY
yN8jMtkw,25,Berlin
jHWjkXz9,64,London
vmkJMYXm,30,LA
J8f5LIVV,20,Berlin
XtudYf4w,32,Berlin
KpPizzPE,38,Berlin
cuC3DfBd,59,Berlin
41jVBtBP,46,SF
F4PHY9hZ,64,NY
4WmR0MUB,44,Berlin
BqNCS9th,47,Berlin
2VXXQytQ,31,London
Td1SVikx,58,LA
sfpBIhTO,32,London
d3WI14pQ,63,NY
aIxoZ25n,64,SF
48cLfrmz,63,LA
DwuwQ2FI,59,London
q8Ilt63d,61,London
pBVjp9ri,69,SF
96fm7E2v,31,SF
jVGREmdY,42,LA
G8hNYLPR,44,Berlin
OlNZdyV5,64,SF
hdPmxYrR,61,London
zAICQIZ3,19,London
ajU40fgL,68,Berlin
Nd56mvYD,34,Berlin
Rmqbc7y1,32,SF
VgdfyfuQ,44,Berlin
kj2VoV4V,27,London
BeG9Z5Fy,60,SF
FgfOBImn,63,LA
bfEgyOzj,26,NY
XtLA4HZx,20,SF
n8DPkeRW,41,LA
bDwYXHIL,18,London
NAAffQ2s,55,SF
OwxgNeGH,23,SF
cPudXgqp,22,SF
waDvA882,21,Berlin
NRH24F7X,20,Berlin
XdDDpLB2,62,London
CuUQKlqz,47,LA
JwcmRHHR,53,SF
nOYFASxu,40,NY
5xk2YWhv,24,NY
eyRM5vyV,68,NY
ijIw9m2z,49,Berlin
8hXZvjxR,60,London
w895lqxV,27,SF
e5Zsf2FY,68,London
4YTBirtm,68,Berlin
0PYFdWLD,54,SF
HZNiTy9y,50,SF
FEEmwgRV,43,London
A9JA4oup,60,NY
6qhfwiQf,62,NY
QTqPbUnS,48,LA
mXAevPew,47,LA
cLj4Q0F2,40,London
0L7PLkCw,46,SF
PruhrvR7,25,Berlin
9QAqAOq6,33,Berlin
f1nevnO9,26,LA
LqzTI9Ho,21,LA
EVFp82Lj,36,Berlin
OvW88gHW,56,NY
16wmGZ8e,61,London
pEG2U1xV,58,LA
oNnJQeFX,30,LA
cjN1acm1,29,Berlin
MoG59qXC,26,NY
qrMDf7oY,29,Berlin
Er7HToHc,41,LA
ejFS15l2,65,Berlin
A6l7xFSR,30,London
rA4cp2CU,52,LA
gHURqUEz,49,LA
RTHQqv0l,55,LA
8rpF6cc2,31,LA
garBdGSX,19,LA
16U2M3yq,38,SF
dF1J16dU,48,SF
OIv0CSvl,69,Berlin
S1wS4c2m,52,SF
DwjwhboD,33,LA
JsXQWwGR,57,LA
vy7svax5,43,LA
RnPNX0rd,55,SF
DPSYVc4B,20,SF
vq1S7hs6,54,NY
16U65S66,53,LA
5ToW05sL,55,NY
U2kli27N,19,NY
sVgKjNJS,39,NY
2PXPr3L4,20,LA
xAu96DuU,57,SF
rDv2ob0E,64,LA
Ndg0Tzko,59,SF
Z3T7yl8l,64,LA
r1NkYYrf,43,London
XMZG7Wu0,44,London
mZpq9yoE,55,LA
NhCRVEaU,61,LA
J9BSw420,25,LA
mKuN757Z,40,London
oCwOfORx,23,LA
orXKSdLW,42,Berlin
EBe8d96y,33,Berlin
bcYxUsSd,43,Berlin
f0U7DT9u,32,LA
F5JLjNYM,69,NY
h0QEidCC,64,NY
cSthrAZz,49,SF
KnfsJ8lX,57,Berlin
LkDOoil6,36,London
dKKHfvTK,31,Berlin
BGHhsNwk,65,Berlin
FTqjZ8rq,61,SF
IR9n3YOJ,52,Berlin
3Gs6Pyf2,43,NY
xx9kKfc3,69,London
VIe0sNQz,54,NY
gr0QE2Wl,30,Berlin
dwPOXYj0,64,LA
OYQiWsSh,25,London
UvSfY5EE,31,London
3eudWHtR,43,SF
6aOFuL9r,64,SF
6yFm6MQ5,47,London
3eWt0FsF,68,London
ABbpxCtq,57,NY
Cl2jAot1,59,Berlin
JcgDOPPK,30,London
WLHGkEgi,53,LA
aTdCsw6J,28,Berlin
7ueeZplP,19,London
vnONTTe7,47,SF
rxGcLbeW,68,SF
TQNk30dU,41,SF
NQKAr95O,35,LA
zrPlW6WK,40,NY
WRdwX49M,23,Berlin
oIsTXlAW,63,NY
S4KiUrpU,67,NY
j4aQXzSm,28,NY
w9p2TKTE,24,SF
Ys2SELz1,64,Berlin
m1voqKsJ,50,SF
ZyL2QYcg,27,NY
c6u9PqfH,38,London
HNLsaPQG,26,LA
ZggJBnJf,47,LA
EXJaU8Yk,65,NY
Ndmq9oKe,65,SF
FG57MOLJ,42,Berlin
u4hQgxtK,42,SF
SjYb8aIW,66,Berlin
CVUFyDMZ,41,London
90THu2OI,29,Berlin
7IdNHwcv,24,Berlin
y79PuHlA,51,London
7U9UJdZb,20,LA
ckfqqSoF,23,Berlin
eLnnTDdV,44,London
YbVF4drQ,36,Berlin
lcuMmypx,25,SF
A5yxF9yw,53,London
jy3RpDUT,56,NY
26R1lbPi,53,Berlin
f1mSOAys,35,Berlin
tZlMG0kS,24,SF
JRLITvnH,18,SF
yR9iwvcq,22,NY
hmf7yf1o,59,London
GrQtaS90,31,NY
WX2i3qF8,18,NY
D0PTvIlG,29,LA
vHiQ2e9h,36,NY
dZVWY0Ol,19,Berlin
8HswPAX5,31,NY
BMk4LIWf,20,SF
6aQTgktF,68,SF
uwBFzTfA,52,Berlin
lZtWuysG,30,LA
QzpiVRK7,66,NY
1KaWYsgV,20,London
NU2l2Q1R,31,SF
G1LGa5NS,51,Berlin
KXwZdyok,62,London
xNx5Uy9F,26,NY
RYbROqbz,27,NY
blr2lazV,25,NY
0nPKvyzd,46,London
lo8qeUFp,56,NY
BR5Qwr3B,50,LA
adXz2SfB,40,London
tG0BYQvL,25,SF
cRgrb2dH,57,LA
LuWj0Upn,55,Berlin
0k91HzE1,40,NY
P4N7YyRQ,67,Berlin
tDoIbltJ,53,SF
3IDHPfmj,60,Berlin
EWENbYmQ,37,SF
pAfGYZKP,65,Berlin
9aOt5kkT,29,SF
4FPBwD46,53,London
5vqnQ58D,26,London
yIYahukd,50,Berlin
vgluFfs3,23,LA
OC5dDg6R,49,LA
hldSaBtU,18,London
gytoGZno,69,NY
4lnTZSIO,41,NY
9EnXgRoF,46,LA
5VynNwqV,25,Berlin
rD3aEZsg,30,LA
yoxwAgsO,42,London
v5Bh35oH,46,Berlin
zFdGKKPH,41,London
B09m3xMy,44,LA
vOYnGSEi,68,LA
0R1OEQNe,43,London
3MHc3zNt,37,Berlin
iGvj7ACS,21,Berlin
MkOURLmz,39,SF
A649H1SH,24,London
cV8unfvk,35,LA
AK4KFGjA,27,London
tEqzQTax,48,London
4OfaP0UT,43,NY
1AqoqmmK,64,SF
cUd64dXe,62,Berlin
YLspfFkL,43,NY
Q9uKHDNt,42,SF
0Pzqx2FJ,69,NY
qLdfezjb,35,SF
9XfvjLgW,41,SF
W97QGV5a,61,London
LtlIIa76,32,SF
ed7Cl6v2,25,LA
sJaaaNtW,60,LA
mnePxrGj,42,LA
F8ehqWsP,52,LA
pldS3lzG,41,NY
LFYlVAaG,63,Berlin
rmeQ1meI,57,Berlin
F1PVxvjs,55,SF
QmK2aTlY,38,Berlin
Z37SAziV,18,NY
6PuA20j3,43,LA
Bz51DJHJ,27,LA
mKSzOGop,43,LA
fXSHeUIS,19,Berlin
51gK8gsy,57,Berlin
9VWbAdPg,31,London
VQbPnqdl,50,London
NX6in5dt,56,Berlin
Pq8yCd8b,18,LA
24dzeT9p,47,Berlin
V29neCKW,54,NY
ZTncesM0,35,London
UY6VCUGN,47,LA
DfC38Oqj,44,London
0oKsyzfg,66,SF
v9O3YgQd,66,SF
fovk3u77,47,SF
c2RuOHMN,62,Berlin
iG95wv53,53,London
6xiYd1NH,38,NY
EiQonR2t,33,London
gptLlfat,34,LA
IH70OWYp,35,Berlin
VmIy7BKR,51,London
mGR4q9o5,38,Berlin
94MT2iAo,29,Berlin
h8cwmJkH,48,NY
QxShCvVN,27,LA
JCQchgdK,58,NY
LfWJxoX1,21,NY
ewEZs710,32,Berlin
qQnqJFDH,59,Berlin
lgWLhSAI,58,NY
sMmm6IfL,45,SF
Dhy7PEAx,24,SF
1vWjfR3y,28,NY
xDe2InQC,46,Berlin
ko2bcyfv,51,Berlin
XQ8oGkRM,69,LA
dLWMDcHV,69,Berlin
g7E4NbLE,47,London
yhwXdcRq,44,London
gLPcQ9Jq,42,Berlin
q9dZwZ3i,65,NY
r3uxPIPJ,55,London
AErMY18f,57,Berlin
9KEL81Ys,40,Berlin
s9GbPRPJ,46,London
hgOesDos,67,Berlin
wEbRv33P,28,NY
H4ruNdwi,21,SF
VZeh5d6L,53,London
HpMTZmpw,48,London
amWl7U6Q,27,Berlin
GjhHSntz,33,NY
7OtNugRT,47,London
DBDAQjiG,52,Berlin
w7Uyja4f,61,Berlin
SZvbO4AU,34,Berlin
kcIr3LIo,22,LA
vA1d5Z6t,20,LA
Wmi4I4e1,33,NY
E61EwJ6W,68,SF
4m0PeAo6,21,LA
bzJeg9Pz,26,NY
BN6AQLb8,21,Berlin
O3eMtZMW,38,Berlin
X4910URe,27,SF
0cyiXZHo,48,London
ljYjsVdz,34,LA
9uwqdsvP,33,LA
u1DRQrb9,56,Berlin
bfsbcRUl,64,NY
IrvPgBqQ,67,SF
rXwRYCZp,23,SF
nqCPSlp6,47,London
o8Rjpntt,32,London
4fvqcLjx,60,NY
zEwtu3Y4,69,NY
T64rvrfE,48,SF
zfQTuzOb,47,Berlin
6P4HfSHr,54,NY
R3qRHJaX,33,NY
I9rdrwFj,61,London
4Ihnv2rE,53,London
LC0yn0fn,19,London
axDChNn1,45,Berlin
HIvJdu0p,65,SF
MxYq1ymM,57,Berlin
4AIpx9On,34,London
KNP7TnXZ,58,LA
eYAhIyjS,55,LA
jJhvwcI4,53,SF
Yg0WnCEd,49,London
tMaYFGuH,42,London
meSiPg0J,30,Berlin
ItqyKCeE,31,SF
bn3ghW0a,61,Berlin
kDVBOrKH,42,London
LrxCUnyh,52,NY
HQ5VMtrD,46,LA
w17l6Q0S,32,London
PP1BMjTf,32,NY
benPJVmz,64,LA
Iv9t1HJU,64,NY
4Tke26fy,57,SF
Rnf0K7hQ,34,NY
rmlsqAKd,42,NY
tpvtiBmR,40,SF
KijP79BE,63,NY
rdi9vUaY,49,LA
iLmmaYnT,48,NY
tcdmhmFv,40,NY
2S0YoWpA,55,SF
M4MZ1Vy8,34,LA
M5cKlFED,46,SF
zr3oycip,19,NY
z0zjFuiW,28,SF
4kofQ1SY,33,SF
dfzZMwGr,68,NY
vZJMudK8,34,NY
jzxzIv0i,38,London
oREo25UM,38,NY
gKRE4V0f,23,NY
AdtaFDhl,63,London
yKQ9hRze,62,LA
HFhI1kTo,40,London
oDkrWWvK,49,SF
4nfTG2CO,56,London
Qz4F3KWJ,62,London
osVpQwu0,55,LA
5ue2aAjb,46,Berlin
rCzpRIeP,48,LA
UtZa3QVI,42,London
vj3XkV1C,19,SF
7gM8Mz0Q,39,SF
DekMhlqF,54,Berlin
juTEUACI,61,NY
IsA6w39M,32,London
zGeMkMbX,23,NY
FKtJcvIt,50,SF
NKyU8apU,28,NY
4OQ0E2q7,29,LA
e3t8SCYe,41,LA
yqVstyv6,20,Berlin
qNi9d5US,47,NY
1hNPHw87,36,Berlin
SSxNnFJr,62,LA
y3NBA0gR,60,LA
jTMweadt,24,Berlin
D7KXAr41,29,LA
JP5NYa1d,67,NY
BVV8eoMG,46,London
VGoOJehp,65,London
4zOOVDpc,25,LA
y6x47gmu,38,London
bSzSsuWj,30,London
tPdJ7as9,66,London
zvk9RpeE,44,LA
Z1T1fTGS,21,London
8v4sDjou,49,Berlin
WvYRY66K,41,Berlin
yUNxKT4z,58,London
qAoDq9CL,26,SF
JaCRyLXL,27,SF
b6NSqW6u,28,Berlin
Eqt9CHaJ,50,Berlin
vpboVrNi,66,London
UVIIcTnt,24,LA
ceLJv9MC,28,Berlin
a0GXlZgw,62,London
7F7szokm,45,Berlin
teroAL6M,55,Berlin
rSuxVgad,47,London
8fUMzVRA,25,London
wbB494U0,44,NY
dx7m0TWn,39,LA
QsjzDQhv,59,NY
y3nppMrb,49,NY
FZqB6Fvz,31,NY
BvzpalAH,43,NY
K6gYAxRy,61,NY
60iFbwKx,28,Berlin
JXF2LTRi,24,NY
yiHg8et2,62,London
xEdbLfGr,47,LA
91UIRf7H,19,SF
0H2em2Kc,52,SF
7OqIkmzm,43,Berlin
pJtmIxl2,42,NY
CN2UGa2R,18,London
8FPkmkns,46,SF
wVWlY2Pz,41,NY
mFDa2fXD,55,SF
HVHEeGNf,18,SF
mgUaMcyQ,42,NY
0DRiztOm,51,LA
r8f0Ausd,59,LA
aBxgEHze,61,Berlin
t50OxeTk,22,London
y9XV4Fzi,58,NY
U7DI2kP3,29,SF
PwfagJRp,25,LA
splLbvpD,59,London
GynZkQ9h,31,London
sGQei71W,37,NY
ARUhcQkr,64,NY
AdA9kXqj,57,NY
7qRMHdOJ,26,LA
hQPqOihR,22,Berlin
XXyiepum,18,Berlin
W9NAqzVP,28,Berlin
iNZonChw,21,London
sQmUsnOk,55,London
i3DfYBgR,34,LA
b10utnHX,21,NY
RPSfxVWP,49,NY
4AB5TsCF,22,SF
WdFfuY1p,39,SF
OIegXzsD,31,SF
YFp0jpTe,38,London
lSm5PX0q,35,Berlin
RalqxyGj,20,LA
PAuVFFlM,28,Berlin
vrPVa4fi,64,NY
MPjHDKem,56,SF
56ca0rHh,53,Berlin
kGALP7BG,44,NY
DB3GT09Q,55,SF
tPkm2YqT,42,Berlin
o4wBawqI,59,Berlin
wgCHDXUw,56,Berlin
hXBmRvmd,52,SF
30YC82yo,32,London
wyYD3PC4,65,SF
pikuvk5l,38,LA
p57zMO7t,20,SF
717QJhYj,41,Berlin
k8R1pTc7,61,NY
T97B5hTn,22,NY
edu6T20X,54,Berlin
kcmlKaob,50,London
zvWHiIEP,41,London
2tZeL3ak,23,SF
YNvUJ0at,64,SF
ZgnprKtZ,62,NY
10JPorFK,24,Berlin
3xifX23B,67,Berlin
ltotEAqB,36,SF
2hwgQM7R,38,LA
0dkevBeV,23,SF
i0m7QmlF,57,SF
nw08OpMW,20,London
RIrc2MTL,66,SF
1G76hKK9,31,SF
13G4tZJZ,37,LA
cteq5aOY,31,NY
9tWGBI8Q,19,NY
ehCCt775,42,SF
PBp81Po8,21,Berlin
vA369fnL,58,SF
0XrUxvVC,65,London
8JGl5fNE,50,LA
m0IXQf1k,19,SF
OI087ZIu,40,NY
7u0gkwVp,61,SF
FEJLqPjR,65,LA
hQjaEYoz,38,LA
ZVcM3bol,32,Berlin
eCE0F0cW,68,Berlin
TnCn8H7J,41,Berlin
50kVxDql,37,SF
8Uec6HOe,55,NY
eaYJ4g7g,42,London
7zWL9MCb,39,NY
3b1Y5rjB,69,LA
uzEeeLNV,68,NY
nDkvlHCn,64,SF
OH0fg1B0,21,Berlin
Irkk0Rsq,33,NY
eukmXThQ,60,LA
tXH4w5gk,24,LA
zOw5wpUf,41,London
OtiqGuRL,51,NY
Jm8MP3DR,56,SF
yrVx8aPj,46,LA
01lXRhOl,61,London
OHR3U1ig,43,LA
cfHT12it,31,London
uuUMnhoo,64,LA
ppaqy4sn,37,SF
EnRmSAIK,24,SF
m88pIsqp,35,LA
mOjrivGa,60,Berlin
tRsfUgi1,27,SF
3h5YCu04,63,SF
eN8JFAQR,47,London
V7dgWtol,20,London
gUEmqZ25,67,NY
eXnObCDU,61,NY
myPqVRLR,18,SF
w9JJJlag,47,SF
sqjiyRHl,62,LA
x9D07kcS,19,Berlin
KFYczmib,32,LA
wwUuYsLh,28,SF
aQ2mNohJ,49,London
Q19uEshj,23,NY
XlAgxWiK,23,Berlin
o5ojuHuk,45,London
I2VW7RqJ,42,SF
wXMJQtK3,40,Berlin
QFi84xyG,29,Berlin
vSvmmikr,65,NY
xXRrYVnP,65,Berlin
mac7zieM,27,SF
lzkBUcUf,34,NY
Xz1lLbEt,69,SF
2RUOgPTI,19,Berlin
SsRTiWeN,62,SF
shmdSrEu,34,London
sSXv68Pi,26,Berlin
dVKm7May,64,LA
aTGpJiDe,24,LA
iKDfd8Ok,30,London
ixfrhepy,27,LA
8EoSCSst,39,LA
kvN6el0P,45,NY
hNstDaDv,67,SF
UNa2G95s,59,Berlin
CxOvXvzX,67,LA
ZOVCGiT0,31,Berlin
5RYgUlYg,36,London
sJ4q8w81,18,LA
6w6YjcHl,44,NY
7WCNyNjk,21,Berlin
dqfFeA9L,41,London
FgpykI8c,31,NY
tojHgSbR,54,SF
1OOExs0u,40,London
BpNNoFUs,22,NY
5SgVAuqx,37,Berlin
Cvjho7XZ,39,NY
hodga9af,63,London
9rfFXxtw,57,SF
0LGbmQeY,61,SF
QYXemJGI,66,London
KDocIIX0,52,Berlin
4vOSoHII,53,SF
mKxJTcXb,22,LA
VIvfgkS3,50,LA
4aelNYhR,41,SF
8NJTwepX,51,Berlin
83UGpH3g,54,Berlin
1mjTt973,42,Berlin
8DxP89RZ,68,Berlin
9GWERoBR,54,Berlin
BJrl6kw1,42,NY
6W0bH4T5,39,SF
KyVMJCqr,62,London
JUufaMtm,22,LA
Xo0PqrQE,25,SF
qs5wHPae,58,LA
i39xqlsF,64,SF
YIbh6lNe,44,SF
lknoZsd4,52,LA
iPH5ANWD,18,Berlin
U8qTyyha,37,LA
sIUjYTTY,24,LA
nLO17Pmf,62,LA
4ZkpJ0W9,20,Berlin
8fKJQrmV,59,SF
8LTiztwC,67,London
tVQEOwIu,65,London
wurgKEzS,26,SF
tcyJ2bcS,64,LA
Lvs3mzPk,31,SF
4BEoZsx3,36,NY
ioU1rkYF,44,SF
GuR99QFf,23,NY
W3c8ig2Y,24,London
0ewkwA8h,54,London
ZqaFk2cW,43,London
FFB65a7j,30,LA
TXYCMajG,54,NY
2LbVt8Jl,63,NY
SfWlzUsn,50,NY
2oJ3Mjeq,69,SF
zgxamJap,50,LA
BxzCyrYk,58,London
0EaHZ5um,26,SF
3MgxyXle,32,LA
PWPUbG52,22,London
QHf6Jilj,46,NY
uoQPSwYw,24,NY
gEMTkx7W,48,NY
tpClUi2O,51,Berlin
vQWrJi2R,28,NY
CDA7Fpk4,59,London
lV9Q4fXN,36,SF
CIUxkBDR,22,SF
9IjcBJ77,40,Berlin
4qH9u7ce,64,Berlin
4ZWa4edl,19,London
nRhd4515,60,LA
0qvOVJvq,21,Berlin
vgyohdjh,34,Berlin
bjREupbs,48,London
lTZNlVcr,47,SF
NGF8kHuj,19,London
4Y0sNgJV,41,NY
2dVDs8Rh,27,LA
A9qnjTg4,45,Berlin
SrZapluY,60,LA
xufsM0HO,49,London
CjwcTPQ1,50,SF
PJJikRxY,35,LA
diIacUrV,41,Berlin
y3k06Nju,54,NY
ynKha1dC,47,LA
ZrnRu4fS,22,London
LzsQqIZZ,40,London
u3FdddnK,47,LA
FGxemT3D,21,London
ncwQxrTz,58,LA
NkvhllZh,68,LA
0lEY2qG0,41,SF
BdRiQAb3,20,London
jKcg9FXn,32,SF
C6VpLQRg,63,London
9EdLDxdx,18,SF
mIQIefwp,27,NY
nwwnJwh6,62,London
Hx9pFWnU,43,SF
zJ9YJMKM,29,NY
37ZYCe0b,18,NY
hdywE2vf,19,NY
wgnzwCQi,28,SF
lkkGHjwR,29,NY
gBOZBbNo,45,Berlin
pslGUgy0,50,London
mjBVjFCU,59,Berlin
a7MPtwvQ,20,Berlin
OgQc8Nsv,58,London
QkcVLAX1,66,Berlin
yZauNLct,36,NY
Jvji87Pi,35,LA
iazCIgmk,54,Berlin
HefRLm1S,45,London
ridMQic9,48,SF
1MZDKHcu,24,SF
LN6yLWY9,64,NY
CKeg5xee,55,Berlin
fZMf4kiy,22,LA
EgN3x96V,36,SF
odTtsaeR,30,LA
XFIEKhJe,56,NY
1BmbJ5t3,45,London
iSyf02bq,19,London
Jm5fxIMa,23,NY
Pl1w2Ud4,32,LA
diBynHgN,45,LA
orDloXp2,54,LA
kN6C0NeS,42,NY
N045olOd,49,SF
rJxKFyMv,54,SF
prJ2WkEL,53,Berlin
1bTK9X1w,47,London
pbe5iw6b,62,London
cGE7BAVW,41,Berlin
TPuluDpn,35,LA
eMCts9KL,18,NY
ACS3DnGc,20,London
f4koyrmR,24,LA
1xGzdmat,50,SF
kLjcvn19,38,LA
AaPzLhfI,31,Berlin
iNS9QZJY,64,NY
ZaljL1t1,65,London
p8xu87H8,54,Berlin
xL40aQY3,20,SF
giW5WO3y,66,SF
mXKl4nYn,54,NY
NEtYH9wH,42,London
ynfH2YRJ,50,SF
sjVE2Zrj,30,Berlin
rsaSEEpw,67,SF
mPuJf1Ou,50,London
9T29CO95,46,LA
wpVNo4m4,36,SF
uuhPo75r,43,SF
FdCNkJ0t,55,SF
sdKx1K3V,26,LA
tkxEdhsb,63,London
ToFt7pfi,47,Berlin
rRS61irz,39,London
P0CHOvte,60,NY
xpbX0AR5,21,Berlin
StB1sIWy,24,LA
EyB16Pl1,35,NY
ELNLwvHE,67,SF
aFAcDuc4,23,SF
X4SwlKs9,46,London
qKw2o8hO,22,LA
oxOMSmz8,23,LA
41X9iQsl,51,SF
8GeQs932,51,SF
LanUujqt,18,LA
gWDPjzrQ,35,LA
RM8GsvnZ,44,London
WH59SV8Z,27,SF
yE9vH3Gx,56,LA
IbSLM400,19,NY
e6vdrwFH,36,NY
NMHix5pC,44,NY
aaGB32fu,39,Berlin
ZUD1zNIN,27,NY
J5J8D8KQ,61,LA
ep6q9SIU,44,Berlin
2vEgK8Yu,29,SF
mRhb3oRS,32,LA
SRNU2xag,67,NY
0bHeNfXc,18,SF
o645jbRP,55,NY
G1vDbUId,58,London
FYImw60k,41,Berlin
9x4DS4lM,23,SF
VbbuCvh7,46,NY
flNL0ZuX,23,London
nbmjdahF,55,Berlin
OqtVeyus,65,NY
tDLxEQDO,32,LA
rQNwPEfZ,25,London
XrCPpK5i,46,SF
5JDV15tQ,19,NY
6aNvk4k1,28,SF
wGUUdF6m,26,LA
PlDMl5x3,33,SF
Xz0NhFGO,41,London
v8LvOJI3,51,Berlin
hV0pSm64,60,NY
vwVeUur2,41,Berlin
x8G4ehTP,66,NY
oRAKN2ap,55,SF
48ZslBF6,55,SF
tHAoqyux,42,London
mq9lD4Ot,58,SF
jOj0ZO0Z,50,LA
TKnEjMWU,61,London
TA3gB6Fl,60,NY
9si1agH7,34,SF
5mkbGanv,24,NY
dOjOEuNE,44,SF
rjv65UJM,53,London
ZUOU1agt,58,LA
2QpYhXaD,36,NY
pvp7OzNg,32,Berlin
yMr24bOC,23,SF
kFhsnPxg,53,London
gvBNfEUk,22,NY
KaOF1NvA,62,London
7ptaOOrg,22,NY
1K8DBt1e,19,LA
opSwZv5x,60,SF
8XZpaXwm,35,NY
WYhersqj,49,Berlin
KkGB465t,64,SF
EwtgTR2s,66,SF
GoSpuJNO,46,London
buKtCn4v,66,SF
iERN4AFy,37,NY
3UQ6w6JT,36,LA
879sEtpg,69,NY
DvbfRjMN,33,SF
15t9AqJN,28,Berlin
OBQK3x7C,45,Berlin
ItO8k2kF,39,NY
FeFH9wK0,44,NY
I27O7aeJ,34,NY
bMfRLBcg,25,NY
s5eIS3IA,25,London
wP7i7JmV,40,NY
R1s7L6JD,49,London
Uz4GFGbl,61,SF
ZCie8yW6,32,NY
TeRzd374,44,NY
cSLMaQsz,21,Berlin
tsFBQLLY,57,SF
YPQMenEj,49,SF
eqyjOJAW,64,NY
1aMGGrA5,54,SF
DjbAxFln,27,LA
bWSCBcFV,45,Berlin
0dGPxgen,69,SF
iOkc1zM8,49,LA
TN1barAn,49,NY
gcPvso1o,68,Berlin
zwn9hPbW,32,Berlin
rQNjhRSG,23,Berlin
eGdOXkK5,26,LA
ovk7hdyb,55,London
j0Z5pM4v,47,Berlin
QkieThB1,58,LA
LleLkA1z,57,London
Q7sjACpY,33,LA
xcyWQfVF,42,LA
Gxp0i689,27,LA
vx8liM6D,47,Berlin
qzZqYNiy,26,NY
d8sKRfOP,57,Berlin
vOfgFRHJ,63,Berlin
7mK5tpzO,24,Berlin
mYddXvmz,60,Berlin
RHZrXJUm,69,London
bnHs0asO,65,London
8l5aw4ua,66,LA
cI9DQmTm,57,SF
FVo4Jw1V,29,SF
UpVKLqv7,34,NY
MltxYujM,42,LA
zTexqiok,64,NY
So5gSoo3,24,London
HJcOIKQ2,36,Berlin
nw4fIFuF,34,NY
QZtMjgnp,49,NY
dZmN62jK,40,London
DI3SoWBa,62,LA
TYAMcS5V,49,Berlin
tgE5DKMR,43,Berlin
NbTasmHZ,25,LA
1GYvG6Kn,39,London
zF4fufT5,63,London
RbQYWyaM,25,NY
Cle33ZDs,63,SF
OsmWx6ce,22,SF
6n76blSh,29,London
yJplFHin,44,LA
KrRwuekH,37,LA
X20IqUSb,28,SF
Ugo51DlI,53,LA
M92GstIX,69,LA
gcKa7E67,19,Berlin
Av5joxkg,27,LA
1GqlfyYp,59,Berlin
FgU1Up0H,24,Berlin
iOAA7n1H,29,SF
FJryaHzy,33,Berlin
heYhCANb,48,London
usG2QbA2,44,NY
2T2Tqitf,49,Berlin
UfvN15QK,59,London
hRhFbmuO,57,London
OmCPEBow,44,LA
4oKuMJHW,42,London
bKBoxiUu,57,LA
wrHSHdSD,22,London
53IiwSqy,21,SF
cBE96VUC,61,SF
duFULyOE,60,SF
ACke6Fc3,32,SF
qf2UPPza,30,SF
XVNMl94H,50,London
1JytwFXJ,22,Berlin
ndCAwWFJ,23,Berlin
Asa016tH,62,Berlin
npZlByol,42,SF
AI1IBmeT,42,SF
htlmx6NV,27,London
UojAbQyw,29,Berlin
mX2tj7Z2,20,LA
u3KDXKd4,46,SF
aDWFMU67,46,NY
4SE3Rv4A,60,NY
flKNRs7i,41,NY
sbtpIIcF,41,London
u1xvRdMU,42,LA
q8IAukNd,64,SF
qBW0grkr,66,London
USFRIXxi,54,Berlin
UlqJg9GG,22,Berlin
sfJy4ZbM,28,SF
4LOpBE9w,57,SF
Ml10imY6,60,NY
8MAgWxdK,39,LA
ywoACyB4,69,NY
inzR5vBW,32,LA
AkZ9dB2k,26,London
wIr0moyt,67,London
1wUvsfpN,23,LA
4vZEAr9h,43,London
mPPwXstp,23,LA
vFAOJTz6,49,London
3BJP0wB0,60,Berlin
6MPpY07T,37,SF
6osRJNY4,52,London
yanujzkK,60,London
pLhgDAyD,20,Berlin
YzfdrqwQ,35,NY
XjPNPz6y,52,Berlin
LZT0N5bD,69,London
Kyx7dkhP,27,Berlin
ONLiZXDQ,53,Berlin
vSw5dFyw,47,Berlin
tzJlrgrW,43,LA
HTD5QI5V,47,Berlin
pHWk6THc,48,Berlin
87NvFBow,21,London
MdYAW1Aq,41,LA
ho5DLOBd,18,NY
YAT7pqir,43,LA
PgAy0Opz,66,LA
wEblbgIK,46,LA
lpMUsnoH,55,London
OvKdW71B,53,SF
5oLInm8y,26,London
BK1KjHtX,59,London
XOEWHZ09,49,NY
LqiTXqNp,54,NY
NBDijcEf,57,NY
aRW7QDMa,35,SF
5MZVKgth,41,LA
gp1n88B1,57,SF
mYcZNWtS,35,LA
pW3feJoE,56,SF
rlIijsJc,25,London
KULvyfQ0,56,London
v38a8iTp,68,LA
u86bmswG,28,LA
Y9W1l6HB,60,LA
nvoeQ8lP,52,Berlin
FlaN9YzU,41,NY
OvUoCoDJ,69,Berlin
5HVkPKB0,30,Berlin
5BKFqnIb,48,London
AGcOnsmF,47,London
zuNkQLUg,46,LA
SGQJownO,59,London
DIYysdkb,23,LA
U8rmgQ2v,20,Berlin
3JHJ0ZAC,45,NY
ZQnPpUFk,27,London
u3zwQkYX,51,Berlin
jAt1s2aw,18,LA
SsClhOBQ,29,London
7gjoLWWC,53,NY
bgW6g4E1,69,London
U46iPYCl,49,LA
fba7U65L,28,Berlin
rmwAV2FG,18,Berlin
NvxBCHgY,65,NY
bG290ehw,23,NY
h49imYAD,44,Berlin
z0T9yxeY,32,SF
kuQYkwAK,27,Berlin
vgD42rmQ,41,LA
JL0w95PI,25,London
KbNDKLN0,34,SF
fIqDK2cN,41,Berlin
HPcHb9BL,30,London
aQCDMLgt,26,NY
7zToQxf3,23,Berlin
MF2dvRnB,46,SF
zLzXOh0b,40,LA
2XBonjsN,39,London
2lVRw8D7,38,London
b2DhuykF,34,Berlin
1yYzUypv,51,LA
DHcFkXDs,43,LA
tHMYbcW6,67,NY
foF9bYNj,42,Berlin
bTj8KQQj,65,London
Xj3uVivv,55,NY
u2vxWDD9,20,London
XPDnSqGS,20,NY
LeQOtS7Z,31,Berlin
raHTn8Lf,59,NY
QMA5yTKJ,27,NY
5Xa4tzCi,19,LA
aTOnzK9s,24,LA
iinpPJOW,31,London
NsLrdQAv,66,LA
fqRVvQ5p,34,Berlin
j6rguGkE,27,Berlin
zAL1sUlf,52,NY
ofcb0hLQ,66,London
KzqPiFdb,62,Berlin
PLCRFl5K,44,NY
nc0jS5gL,65,London
cndaXbRD,20,Berlin
74F7MXcv,64,SF
pHEeaXxA,42,NY
nFAnxfP4,24,Berlin
Jex8TTTA,30,SF
EIgM7HUe,56,NY
fJNIhKXY,60,Berlin
Hmz1xjNl,63,NY
1iUYWEb5,42,LA
LSohCrMp,60,SF
OJEPJqnQ,46,London
xJMQF2TX,36,London
nmkN1p7L,56,NY
Z7cCuIUY,39,NY
oPW47274,19,LA
1gy51ust,39,SF
qqUWE4tN,52,NY
PxW4h5Tk,51,London
LoLepAoT,22,SF
mBUzBWbY,44,SF
ml7F7Lvg,35,LA
NrfsnBA8,65,NY
jL6Ql1iW,20,SF
A5nu0fl7,64,LA
kH4Z6QGT,38,London
0q0oOjeK,41,LA
Hdc5mVsj,43,LA
V3mUBXCX,37,LA
lM12MlNm,69,NY
l8Vxgh0F,30,LA
LP0pSCCG,23,London
HVuxKuF3,43,SF
OBmoq9Mk,65,Berlin
B0eQCSbk,60,NY
cq0FpFmS,47,Berlin
JvG16tRX,31,LA
vXB3Qsdz,64,NY
Gvv5f4TR,54,London
F8PzeTYi,55,Berlin
UWAl9A33,47,SF
qlrbW5J0,32,London
JMxBTknO,36,London
bZy5oCX7,28,Berlin
besCXKwL,37,SF
kuI4tf3E,42,NY
xw5GTUgH,55,London
efQbSUGz,60,NY
5dLncCJC,47,London
loDbOdV8,57,LA
yTS8fjjG,40,London
lfdPnB6M,61,NY
mS8Zp2Y2,34,SF
HHFAojAj,18,Berlin
L22APVPl,59,SF
E6bnyQax,31,London
g1P1fFjz,56,NY
X2CO1FTS,35,LA
jDZcprj8,58,SF
jl3SC84x,33,LA
uadPClWS,27,Berlin
Tdie8uFn,61,LA
g8VhrHEe,26,Berlin
T6sLLm17,31,LA
P2BzFcDO,19,London
d4R8z27S,59,LA
BMiuBBH0,38,SF
Pr88JXOc,59,SF
HA3MRbZP,19,SF
lBZKFidr,23,Berlin
7zUYBAid,28,Berlin
brtAZuER,58,London
leiZ8JBM,20,Berlin
ZAXoeyIS,68,London
QeoOYtUG,28,LA
DxjVcnMQ,21,NY
9tIAn5ml,32,SF
PF0u3A9d,43,SF
JCExbQI9,61,London
eQTmUweS,53,Berlin
uSlc4KgA,32,LA
SRoEM6SG,66,London
chF38RA0,67,SF
U77dZ6Sx,39,London
ndQi0O1Z,54,NY
dHh5zDX9,27,NY
nc6HYEAV,37,NY
2wfzjlQN,49,LA
MHQYxUXT,26,NY
n8unKl2D,67,LA
4VUd0n6e,48,London
ffbu8p75,61,LA
bhbj4uvk,57,SF
S5du66HS,48,Berlin
NKQtTZB4,45,NY
8n8sA3AE,28,Berlin
OUKGJQY4,53,London
TBlXlPAu,58,LA
NVTBJTiV,21,LA
VNDR2UN6,67,Berlin
tAc1LbUV,31,London
bxI2upKy,63,Berlin
1AI6SOSA,46,SF
QklMWyDi,45,NY
vvQ7korb,42,NY
c5nCteii,40,LA
8fb2roYW,50,London
TKKtOxHO,47,London
873xRcFe,26,LA
Yra8tM03,55,London
kxVcsBMl,42,London
G9AzgKV0,35,NY
HF5b0wlh,60,SF
hT6K2cbt,24,SF
BSf4Lylh,41,LA
hZHkJWdi,57,SF
4QEgoqm7,38,SF
XTzzMtPl,52,NY
fN3kxg7H,60,SF
1KLWElR9,28,SF
9EuzEsRH,19,SF
aVNAWMkF,32,Berlin
viqXm2sZ,32,SF
RdyY2cP6,22,Berlin
j0mt81oR,69,NY
HemEDIZq,57,SF
aKs1LZyj,33,London
HVqdoMoI,61,Berlin
kjViprOw,63,SF
ATP5f4nJ,38,London
fAHJNWyB,62,LA
lyGYXrVi,26,Berlin
nPpz4fVa,24,NY
tWZcCRyY,44,LA
8A2Hln29,34,London
1zmMzcK7,19,Berlin
IIcWhAkQ,57,Berlin
U8HNieLv,43,SF
bOQV9kMu,62,LA
lyR6t7RQ,25,SF
vFqUt8Ux,67,NY
aCGWAzgC,62,LA
ihUwWdI3,57,Berlin
XEAAyZd3,33,London
i9ENHlX1,37,NY
cFhHmgQf,49,SF
o1nkHwxY,49,SF
b2w9fNzG,52,NY
HY4H7W0P,32,LA
cbcZkMYH,59,NY
WqbZqaXK,67,LA
YqSgedZd,49,NY
wsemIf0B,47,NY
d8hSSAgw,36,Berlin
nSryWSd1,41,LA
SWs9tr9h,19,NY
l4kEbQeo,38,SF
f8Hs8ZTM,59,SF
nZFskBpC,33,LA
ddxDnGGw,57,NY
2SxRHD3u,56,LA
gHN4hzyY,53,NY
Te9N8QXj,58,Berlin
7sp0crxk,19,London
fwbcwVG1,33,SF
a9mGRLmK,46,LA
8f4yd1cq,24,SF
MGq0eHtJ,32,NY
DaGh8sRm,40,SF
pFLn6CAB,22,NY
SgpcZYEB,18,LA
ImYEKLd3,69,London
lrxgHZzL,22,Berlin
fGnJ9y7S,30,Berlin
lYIglgtz,43,SF
VD8AEHpx,69,LA
fzqOhI6C,30,LA
66JJN1aW,49,Berlin
uW0K7cWa,46,NY
pdEsfzdZ,35,Berlin
YD7Stpbo,19,SF
SbAyBkO1,44,Berlin
4KH89dLG,67,NY
dm1pocYT,59,SF
yO54YOQp,20,NY
5bYR2eFB,47,London
RJZ8RCwv,27,SF
mCKWEkHK,26,NY
xvPkUpLo,20,Berlin
D4Jw1cEC,39,London
4ziR2ezl,55,NY
dbEOFkIq,28,Berlin
yl3FaWGm,23,London
bhW0Tzql,22,LA
XEaKy0Ex,47,LA
Oxrn2AvL,31,London
dSNTXoM0,19,NY
al6kLwqg,50,NY
AWNpS5cz,54,SF
BO2Qhtil,25,NY
cgjQkzdp,27,NY
oC2N0DCA,38,LA
WoUkc58F,36,LA
R1StIJaY,52,NY
zkUpdeXS,35,Berlin
2hsAEhwF,24,LA
obIib06A,30,NY
plwBzHS5,63,LA
mcyVG4F3,67,NY
arI60omI,29,London
0fS9rhJp,57,LA
vuNWk08c,41,NY
9iF8O3DF,35,LA
wgW61BLd,55,Berlin
P0bxa0KZ,29,London
OfaUiWyw,20,NY
yo54eyhy,42,London
TnvlvFK9,52,NY
9qB8gWLa,33,London
l4yoEzym,66,London
530y06ZN,65,SF
0ODjy7AU,62,NY
qbQrP7IW,30,LA
zyhlubU0,41,LA
5ynr8nXq,29,LA
Mz21bUfO,19,London
8IREnA4w,43,Berlin
2NoiRANg,63,LA
fh0CsTEj,27,London
FjniGUXy,36,LA
IUfJ4FkL,39,SF
BvbdKsLe,41,London
o4x1ZID4,43,NY
02jiog9w,22,London
BYHiN4vw,33,SF
APHkBtz0,54,NY
EQLnJoev,51,LA
4pBkUELb,55,London
o4sG1tbU,45,SF
AebRFelO,29,NY
2TeHyXr5,62,Berlin
JMouhOqx,62,London
zosfQAhZ,38,London
8BGiiCsr,49,LA
hTLuLm2E,42,Berlin
wkbwXgSp,31,LA
QcA9m7a0,68,Berlin
M0picpDY,64,NY
Qs0iKYUj,52,NY
84rp5Mfd,26,London
PpKZgJuB,47,London
JnMUHars,59,NY
jnPJkxWK,46,Berlin
oAxn34Mi,56,LA
bFk8iNeI,48,NY
7NEBeeJw,31,NY
hfdloIKi,34,SF
lahpdbRs,42,London
dwsyuDqZ,63,Berlin
aGcyatkh,59,LA
WdnlGJSm,54,SF
mycCNlZy,44,SF
GonnV1vb,35,NY
OM6J242P,46,London
Ph3GEpF9,66,NY
Wwp5YkMU,35,SF
WqDNaS40,21,SF
25U4GxnW,37,LA
PZYZxkdH,18,NY
hJ0KwrWF,62,NY
tDYMHKWU,41,Berlin
KtgGRyfY,59,LA
ooOEfaS7,64,London
YDd1z3Dl,41,NY
Owe8GcSp,22,NY
0F4i7g33,43,London
WXzXe48s,35,LA
szmmNMnb,53,NY
iptlL9rd,18,London
DoNO6vH8,27,Berlin
2Z3iHYBP,34,NY
vnOCQc0Q,52,London
NDGQ4gnM,21,SF
JYiG5kCG,61,NY
EwD7l4T4,44,Berlin
tPOLZ9gL,28,London
KDh0LEZx,20,London
gqJDNtk0,45,NY
RTNh78K7,28,SF
buvOWQ0Z,20,London
EWyfqhh5,53,London
RcspYK0b,20,SF
CKDIRF7o,42,Berlin
Y7bIJotm,29,NY
VNyfssus,29,NY
NJ3CG0m2,66,NY
k2fDUlyl,49,LA
kxBdHvTS,57,NY
bGFvRAEp,27,SF
komIVlaC,65,NY
R7d80Jwz,36,Berlin
jrg364yT,64,LA
4gV2vKVZ,60,SF
oVMcCNrn,24,SF
nDr0DCm8,41,Berlin
CbTuoSWJ,56,NY
BlzdpRPy,49,LA
WCZ9Ew6o,40,LA
LYqTvFwL,67,LA
TNsmvQoQ,36,SF
YuRDmGyR,65,Berlin
eF0JFFgM,20,SF
BGaaL1dc,42,NY
GAnnzm0w,42,London
vctwNlPJ,23,LA
BskJBuR9,50,LA
yFNMgQWA,50,LA
GkyFHJXp,32,SF
rcLwfpco,37,LA
qBkAkmJR,60,LA
ltvHvNKE,59,London
LfA6M6cd,49,Berlin
uKZ2m7t6,41,NY
9b0mvs4s,20,SF
3ML3F0Mx,21,NY
COjwRmmz,61,Berlin
CBvhKGOw,23,NY
lQSoo7FJ,69,SF
3AgpMNTW,36,London
smwqoDYJ,43,NY
yNMeyRiK,65,Berlin
0ifhofAk,42,SF
ZosOprss,42,Berlin
LKFhYxEn,27,NY
krk7IYB7,55,SF
Ziv3KzAP,37,NY
bzaqxILI,22,LA
v9YDzRhR,59,SF
44zCNMbl,61,NY
HBOzziUO,67,SF
puvswzrc,52,London
5sLFaVh7,22,LA
KkYwX8dL,52,Berlin
jJK04frx,20,NY
WNxf98KZ,58,Berlin
Nlj9MUQT,49,NY
F7PyvClW,53,SF
tYAIyToz,47,Berlin
8to7Yi8k,69,LA
IqmqWaj1,66,NY
DahxwZ3f,56,Berlin
NjUaBqNv,46,NY
gQhdnEow,43,London
xmiAMeMF,62,London
Z6bXeGwt,42,Berlin
rxim2qRm,29,London
oB0sZIw7,35,LA
QPzW5zV8,43,Berlin
bC8gQTWD,32,SF
58OT8c5L,22,Berlin
nRNwBE4s,50,SF
mkgG5Rqo,58,London
67VPw5Ed,26,Berlin
LmqPNfSz,49,LA
6EUzqWz0,30,London
pTG2vVzD,60,London
cFRQKfoB,45,London
ZDDY1cMz,40,SF
9KpiaqlO,41,SF
ELG17tSZ,58,LA
CunWBLPs,48,SF
xdQUdnbN,22,NY
pQsAuMDY,63,NY
tKFF21eF,65,Berlin
h5vZNsCP,19,London
eGDAV1Hs,64,NY
alT7LVja,47,SF
ccipfo4M,66,LA
uGSDmOKF,22,SF
IiAFzV4H,27,London
yVWciEwP,64,London
lWzTBPy5,69,NY
gTdrIe9v,53,NY
MAEK84Pw,53,SF
bbDaBqFQ,24,Berlin
3Vfr3R0F,46,SF
aWEnxaYV,49,NY
XtPrGNvx,44,Berlin
WwJO0xaY,18,Berlin
XelnlZ31,37,NY
rTr90rc3,51,SF
r5JICS3t,68,LA
2XP5ZpZw,53,NY
9e63J1FU,43,SF
TkmnScCZ,40,LA
y1ddNBvd,50,London
UiUGlnXT,18,London
SqFqYsMV,20,London
2ktDck0i,67,LA
MLcsqpwv,52,Berlin
rlA3XwTT,52,London
CPm83JwR,30,London
rGRD4IN1,50,Berlin
ZEYQF9mX,30,LA
vPzFzHj8,39,LA
utpFc7RG,22,Berlin
QwepC26U,34,NY
pqfC7dKb,60,Berlin
F0KHuf6M,27,SF
gcbdpCZC,44,SF
amO8F1sX,32,NY
scv9f76p,62,NY
10IOczV8,59,SF
b7YQdEA5,26,Berlin
HGd2RZ6m,24,LA
DDwqof0R,27,SF
O3WaY3o1,58,Berlin
yU0lsAF0,30,SF
7kenGTWq,33,LA
mUlW7JoV,51,SF
MMFnn7gf,25,SF
1Kj9P9zs,48,LA
zRYfPVNF,45,London
UJ4pnxlJ,24,SF
ZEVxD2Wl,51,SF
QJQOnz2M,50,SF
tt1YSjJ9,21,NY
wykpVPvF,55,NY
ixyO2AHK,43,LA
8etwpJCG,19,Berlin
D1JaD2iG,49,NY
8mwhUX2p,56,LA
FlZtCh9B,59,NY
zJBaWAr7,58,Berlin
jbBTCViH,19,NY
VbWWRctB,43,London
38JsvRlS,64,Berlin
6RO9i9Pe,44,Berlin
aNdoMRk7,32,NY
bc6GuPTj,38,NY
cJlR0sfu,65,SF
yewRuxdh,44,SF
g5jEL965,51,Berlin
vQaP02QK,66,SF
dY3airQ9,28,SF
6L6f5Xfo,40,SF
UBwERMgD,67,London
3eiyNqdE,39,SF
BPNHz6Jm,40,SF
oCYhQjR4,18,London
grYycml3,29,NY
NyNSPr1C,42,Berlin
ljWhRN9a,23,LA
oPrO1Gyk,67,NY
6l3lcagP,66,London
A3NH1oCH,66,London
xMYh22RP,51,Berlin
gacqQugF,45,SF
TMhKj3Ct,42,LA
Aa9YwIn2,35,LA
3a3JNx9i,64,LA
Jz6dBsBu,18,NY
bnbh6gty,49,London
WbNE5Lb2,46,LA
DaFC88kX,37,LA
bwJcqaJH,63,SF
guEJEIpn,30,NY
j118PZ0b,29,London
0ncY7G0V,25,Berlin
589yBnci,56,SF
YmmR0vBg,25,SF
LswPWwnH,35,SF
brnIwEad,38,LA
h1aNSrc9,45,Berlin
D9XKNIgq,48,NY
imobL6t8,32,London
0UNXYWSH,56,NY
ei2kMZRn,50,SF
znox4Ac3,55,Berlin
07RwXGdc,40,NY
4q4f5tx5,33,NY
vwzWNGfH,41,SF
9Ep5Kl2q,38,SF
KsoOjK1A,63,NY
MV2gtJJR,25,NY
P75ptmvy,59,LA
ie0qZ8gj,34,Berlin
7j7rNgkr,32,SF
xhg8wjlf,31,London
Z3mRaDW0,37,London
OvdOpSDf,49,SF
l1xtQZtH,28,Berlin
kDE1tCJl,55,London
XaTY4Zuo,49,LA
DaQwMazq,21,SF
KaGyG1d4,46,London
zhVFnyEa,22,London
TQndJKRB,60,SF
bdOlXuhg,29,Berlin
jgPrDC6D,60,SF
bMWHR8Js,67,NY
d3pb6fry,56,London
CpuLRJkv,40,NY
pl88uFdd,50,Berlin
DsbCiUBr,33,NY
RkIsSVfL,67,Berlin
sFDgLgzv,61,SF
fa2OBlBR,28,LA
tOvU7UgW,25,LA
cFYtuscn,50,SF
j5YtAL0D,65,London
GuMTKnuo,51,Berlin
zifdDis2,38,NY
8U9XQ7Cd,55,LA
OtP1V2Ig,34,NY
IWTc6I9e,66,NY
EMCfjRbZ,51,NY
Dcolq7kr,68,London
vczG6Qwh,58,LA
IY0xZix8,20,NY
g1tPY8Wo,41,NY
vyxebdnQ,39,LA
Md2wusRD,27,NY
GykjZnXN,22,Berlin
YocbLmbW,58,LA
Yo4Ssr7r,48,NY
g90Bv3Sw,41,London
pJrqsuRp,63,Berlin
kjCerWXN,28,SF
qVfmfgu7,68,London
Ot16Tyw2,65,SF
QkcgFJBv,31,SF
3qbCuiBx,63,NY
2zVLMfrP,21,Berlin
S9GUvs3a,25,NY
qugzpind,24,London
Cj3JiYzr,52,SF
FyRCvOyo,49,NY
98XMMlke,39,London
LJH50ul4,39,London
PHStzLFL,63,SF
dGpcm6rh,60,NY
zv8pYuVd,43,Berlin
kCJkqe3E,68,London
UA2ifphK,53,NY
0KKC0PMX,46,Berlin
x4Ec9ZVp,21,SF
bkDsx5wq,48,Berlin
lf0lWHVn,39,SF
zrVSwh2p,25,London
sUwLXxXA,38,LA
jQtSJ21L,32,LA
wJHYmOtQ,65,London
TNdFnnJh,21,Berlin
79PTKK3N,59,LA
aMqlvdnR,22,SF
VffIbvmo,53,London
IBnzkpFH,19,NY
Dh7MHIDc,67,LA
h4SWIgSe,25,Berlin
42c82Ixq,64,London
KGZ295rp,21,LA
ji4esOMB,30,LA
gs5RvbGk,31,London
9o4oqxdd,26,NY
u5bYeDPB,45,London
pYAWDviZ,55,NY
Bm8qcoZA,29,London
yr9zZO8P,45,SF
WO9LJj8w,30,SF
MIS5XPtY,38,London
oiFjgGpm,55,NY
3ZQxWTK6,69,LA
ynklMXRD,43,London
YI7Bp3G0,42,LA
M3PPTvkK,39,London
7Xsu93OV,68,Berlin
jk3XxjKm,69,NY
zwnSvQp7,69,Berlin
I0MiOWIW,25,Berlin
6rHRJrbt,54,NY
x3vxNwUX,57,London
68GuBsfL,62,NY
dus7o3DC,39,NY
95eji4RR,30,SF
NAFlTzLT,54,SF
e6n5JPWG,31,LA
sYjLCtj3,35,NY
dxv2Qq8J,64,Berlin
BCivPu5b,50,Berlin
3I0EawT8,24,SF
ZZQiZCXe,27,NY
J8A9LGZQ,47,London
I4LPoW1g,51,SF
1HaqJj5N,62,SF
vIeX5l0y,20,Berlin
i87VgWTl,57,London
0CvCTwgC,29,London
EclZgBRd,53,Berlin
zgCclRwm,48,Berlin
xFOx3Omc,40,Berlin
8lZiyyxm,25,London
mhv7IMjp,18,London
Lvpif8MW,52,SF
ngyAhCdS,64,LA
zrgW73UT,32,SF
c8VQ9rYj,45,NY
qw1uFrnf,29,LA
MbBLlwCS,18,London
Ct2WOZJe,28,SF
WQ7XuvIB,68,London
ux8XNsuu,54,LA
UnqOzTF7,66,London
94ypYq3M,19,SF
ugKqwRQ7,62,LA
iiCiCqvh,52,SF
gn3kddEd,62,SF
cur0LN4n,25,London
qJukdqhn,48,LA
u19EniqG,38,London
eHGv5toH,62,LA
d22QHyd3,20,NY
0jjkHi9C,42,NY
6ag9A7Bj,58,LA
vKqDA3Dm,45,London
bclNAmhB,45,Berlin
d8CCTWbH,19,LA
MBQYMZ2O,25,SF
E1n9mmtN,18,NY
28EiXDX2,38,LA
Shu6N6Hn,32,LA
4dSyKleQ,25,LA
Bsh4oGA1,57,SF
Dr0XE6Q9,39,London
bw2I5fLY,56,Berlin
HMJBgepE,37,SF
Bd8xE5fe,30,Berlin
G1wCQjhn,43,NY
qpYoRi1p,56,Berlin
MvCT6FXR,24,Berlin
HzjewWky,28,NY
D3WrIvJO,48,SF
Tjkv4n5T,51,SF
KAfN916m,28,NY
VMYWyXDo,41,SF
Th9vFQ8K,42,London
pguhxyCn,68,Berlin
vW3XCTYw,50,SF
L1zxDVhr,46,Berlin
6UamEosg,38,SF
JtDZHmRZ,66,Berlin
NTGyW2ok,50,NY
vKRJzm2y,62,NY
dhUqjopl,23,NY
BOkv6yK7,54,London
XQ0GN26S,19,London
uhWVnEPi,59,NY
5BMhAkoe,47,Berlin
o79muR7n,45,NY
aCInvbNB,49,NY
h1js8Hxn,68,LA
GNhRvG35,44,London
tugfObDA,56,London
MWGPj8hG,39,NY
oixkban7,32,NY
Yc9Co3Ei,60,LA
atHdTV9g,55,LA
BHGSz7fG,54,London
Yf2E8dMZ,53,London
lKylqDE0,55,London
NGJi0fkV,24,London
aBeTexev,48,Berlin
88PGBNB8,61,NY
2M4GubYr,47,Berlin
SLAP2VE7,31,SF
OdtvDUtW,51,London
2P55ZG9I,69,London
7eC9qUbU,44,NY
KqTI6HMj,40,London
oKA8RVVI,20,London
DKBPvEg3,22,Berlin
WfLd3XyU,59,SF
zhBnedAh,47,Berlin
nrfshthd,24,LA
NsD9ao0n,58,London
0I9lZN3u,35,Berlin
61zXy3vF,55,NY
PHuTFH44,27,SF
C96nwYdq,61,SF
LULsbd1H,51,NY
bgivsl82,50,NY
yYeSj7h8,49,London
R8jYnahi,48,SF
IGdf7xlO,45,NY
wBWc6mfX,21,LA
6u18VHiY,32,SF
nOImDVSy,19,NY
zY3JbfKR,40,Berlin
jon9GrKd,40,NY
BIAJdvhE,52,SF
SupAlUN6,44,London
pTbEQi3G,43,LA
JSt8jMXI,66,NY
gKXvNvMu,51,SF
vEOn4VSl,30,NY
vTW6d8dG,57,NY
qyPw7xoj,69,SF
1LhEwIWW,68,Berlin
Y3WI99EJ,27,SF
JNdaM98S,56,SF
Yw1agWY0,43,London
UpY8Jwqx,21,NY
Xzrnlo6H,35,NY
S1PbC2Ku,52,SF
4vrezFfy,64,Berlin
7qAUh5U1,69,London
qk5Y9bZD,34,Berlin
Dj9Xc36Y,44,Berlin
KkcLB2Ef,25,London
G7q3hTyr,64,London
AtME4A1c,30,Berlin
kDdif6nJ,63,Berlin
TV0hLRpT,39,Berlin
imUuPiCF,53,NY
XLMFAcIf,60,NY
Gfl6qNqr,47,NY
CPMeHeUl,52,NY
boqiS2p0,68,London
vms7Z4oO,62,SF
WSM5yj5O,21,NY
GOkrWih7,30,Berlin
wUAPMkNr,64,SF
ZQdkhhFm,23,NY
oF5S76Yh,35,LA
s1VVHtFE,25,LA
MNDJMxMs,58,London
tptIaLgV,37,LA
mdxpWyxN,38,London
JijwvGLn,49,London
INsNxSlh,49,London
F8s3px9P,19,SF
PDFcN0kk,59,SF
VODyQxNI,19,LA
3wXllsAK,58,SF
3r8EoYac,49,NY
6VkVdzCk,39,London
5Kd9cr86,43,NY
ayJzxzu2,58,SF
1t92GqNN,62,Berlin
7mShR4PA,27,SF
Sm4j9peB,56,London
NV8S8KbQ,62,Berlin
iolfHcye,22,Berlin
mZozy6Z5,29,London
fNJejZrH,58,LA
pKcbr3Zg,58,SF
1auHsa0o,49,SF
HbDQkyaL,67,Berlin
yH01k8L3,57,Berlin
ThaM8UkX,35,London
RQSwYWum,27,London
R79XfZEx,40,LA
aa3tHx9i,18,Berlin
0Uh927Eo,59,SF
ifHJXVck,54,London
XeGf9Paj,35,NY
mFsr27ZU,47,SF
bY7lGUH7,36,Berlin
6GZ4d1Vf,62,London
fP7e7EFP,55,London
yDxZyQVu,34,NY
vQE5D710,45,LA
BEMccWIr,39,SF
IlAQjRY5,63,London
hf1MJkAA,55,LA
9ZZL7Uls,49,NY
as5wFREy,42,NY
18lkWxrs,65,SF
Yi1ZswmR,26,SF
8Ot78DCG,53,London
eLTiuGIZ,67,London
gWAnHbh9,54,SF
hC7gWGiX,18,SF
rthzbEi2,46,London
wdEpYeyo,32,London
XYIap2Ky,61,London
2mlPzFMm,63,NY
VigV35ZR,46,Berlin
7hyEeuTP,38,SF
KiKy8yfk,29,NY
34H2y6aJ,43,London
xmDjhqvx,62,Berlin
q1EL9qxK,48,Berlin
ULoUIPe0,52,NY
Wtl3sQJb,31,LA
LZcpuPFz,24,LA
eJ8tW338,20,London
FkHLGQcu,58,LA
9byBW5eA,21,London
KsnH04CA,19,LA
0IoRhabw,52,NY
S3hkCxl4,50,Berlin
WKAYG7QH,54,SF
Ro9PBeMA,58,Berlin
3LRX0rZL,67,LA
QKcywSGk,30,Berlin
6bShruzd,68,LA
K4oKcday,68,London
4HruODa0,24,SF
m6GPnIrK,56,London
oYdljewe,64,SF
v8ETz553,44,London
5AEk98R0,66,London
zw5lw0jG,20,Berlin
5ULUdA6r,34,SF
GScvUYse,42,Berlin
kdzRO1G3,47,London
eQUJJCuu,31,Berlin
afYEBMJp,46,LA
JDngR6Yg,22,London
Rrmt4ymS,24,LA
njdHDkSH,68,London
nRfdw5dU,36,LA
iqFJXt8b,50,LA
uAHrfHIi,38,London
kguK6Yos,68,LA
b271106z,38,SF
NnSD7pNY,34,LA
M6Nw7yc1,40,London
ACWiUzyr,44,SF
4ZrpDu5K,48,SF
pvpRKFxN,32,SF
9WyruVFI,57,Berlin
SVAsXeTr,57,SF
eQDfNbdC,18,Berlin
9kQAwjk9,37,NY
csRuwIlx,58,LA
e2QAcOVV,51,Berlin
VUi68igu,18,London
wgfCTlX4,49,SF
6UPHkqzh,65,London
0uQUxvZK,39,SF
d11wBS6l,46,London
m2FTrkmN,62,LA
55z3eyqh,28,LA
FSbtrjsj,50,NY
avFoiqXx,55,London
JhOXYWwB,18,NY
1dmmzJny,55,London
8rWFYFDp,26,LA
J1uqFCk9,30,NY
PcljBnBZ,65,SF
htOurNG2,69,LA
aYjUhXYN,41,Berlin
FuSAcL9I,53,LA
5ZcprRWr,37,LA
jB799UxZ,60,Berlin
Y6SpkYem,62,London
Umr5gL3K,18,Berlin
qXllovNt,52,London
4MQATbAc,60,NY
Eu56tOIA,37,NY
Wjifxxv2,57,NY
mWMnUq8W,18,Berlin
oxV0pXxN,68,London
Cp7Hg70T,63,SF
LuLOo77v,67,LA
utB0WqoW,23,Berlin
dk7DUpEu,58,NY
ZOPms77u,43,SF
YxCCTY29,46,London
V1o4MIoZ,58,London
HbtSnpQZ,32,London
16D5tTYh,54,Berlin
mcTghhif,36,LA
dpvxbNks,26,LA
oGPGsNW3,58,SF
zsXQUKBH,34,NY
Ox952mzu,49,NY
oygobZGs,45,NY
bMCL1EGC,32,NY
jc5tYtbO,59,SF
dowLthKf,45,SF
H0OFiwu9,26,London
jS4l95da,44,Berlin
4u4vLULf,36,LA
QZwUW3PQ,24,SF
5vtrWRnZ,42,LA
1BRT7quT,47,London
nz2fa9t2,30,London
yL1x7g1v,19,SF
5OAAQO30,35,NY
wwldtZav,57,Berlin
hGBeIsw8,25,LA
zTNWKdyD,37,LA
7Nz3O4qT,26,London
BTYSaKVQ,30,LA
Z9wYn8eg,69,NY
WDS63TCk,38,SF
CNyvIYIL,45,Berlin
7tS7WDGh,61,Berlin
qORKTOPS,24,NY
RYw6KpVd,48,LA
uwTRm4Io,40,NY
G2YnkbHw,30,Berlin
m15Nyyc5,62,NY
Oee1bD10,53,Berlin
7Fgkwtg9,19,LA
tQkOA8km,51,Berlin
lm5OiH3y,22,NY
bPgC1Cw4,19,London
lEgMaxp7,64,Berlin
j3abdgTD,51,London
vVyg15ua,19,London
kdhyV9Pg,37,London
cRg1BiFI,25,NY
rsy35ai8,40,NY
Mna69Kb5,54,LA
DWeyq00v,33,Berlin
SNcVXReb,39,SF
93fJE2kq,63,London
v0l53aZW,25,Berlin
qE09OtTg,60,London
lqhnY0kW,60,LA
XYre8Ymz,43,NY
KA678OTh,57,SF
G7hYYz0F,40,NY
WjG40aY7,33,LA
J9V00fqj,38,LA
oASSolk4,57,London
jzWgGJHf,69,NY
Rbio76gM,46,NY
pJgLX5Jg,37,SF
lFEPiw84,29,Berlin
bQpTL1OB,54,LA
sDHgPqe4,43,London
NpddOf5u,20,SF
ByYYYwHm,35,NY
qtCLNoKD,18,London
FDJeauHv,36,LA
aaROfie6,30,LA
rS1qf9GJ,60,Berlin
ezHxI6hS,50,NY
AzW3NW9W,47,LA
KfhieJWs,39,London
gKbavqe2,44,London
AhPsNPKg,67,London
zqNZiuh0,68,NY
2Jgo0i9n,30,NY
DUVYk2pc,25,LA
bhz5dwwE,67,Berlin
0ji3WYeJ,19,Berlin
buzkAblU,68,Berlin
uySBQXR1,36,SF
fC0SzlF5,41,NY
ejdDAXrD,22,NY
XvP9NIfk,25,LA
R4JL2LeA,37,London
SSsMK5uz,52,NY
rCTIEmZi,19,Berlin
6VzTEJw4,23,SF
V2zszuOg,33,London
V017v8yr,64,London
DhHVkPRS,53,SF
RWeUBdnP,19,SF
En2MMiAX,31,NY
od1ou3IS,55,SF
0iQJ8yC4,69,LA
Zpyy8mSd,43,London
uz08vudg,37,London
FXAmbwSr,46,Berlin
7exRRa1F,21,NY
pYkkcSyE,37,Berlin
gxfZCcJq,41,NY
CFTW39cK,18,NY
RKXkHmnk,42,NY
YEE5tVZi,31,LA
FtFVeytH,52,SF
81JXfW9E,38,SF
O0EbCwQF,53,LA
ukfwrSCL,69,Berlin
cVr7zOzJ,40,NY
EcH9uOOX,63,LA
ybjd6zJ1,37,Berlin
GtuCksdg,43,SF
mynLWP6O,68,London
xEyJ5EgP,44,NY
9Wzso0jn,58,NY
QFcf7Z03,31,NY
Sdw5ZD8a,53,SF
mb3fOeQ5,21,NY
3f9nWB9C,43,NY
p1zAs8J4,61,SF
S9mQPIDw,57,LA
RXN2USby,33,Berlin
MsZ6W06b,60,London
63Xesara,56,Berlin
QtYSBj5U,37,SF
x0AllxFk,63,SF
O9pUzoIi,41,Berlin
HpYFLfKq,27,SF
a1Iihct9,19,London
mH7mW6KG,62,NY
KKG1Ra0M,26,LA
9lTZ0RJf,35,London
kdvp8Tv7,59,SF
LkkQvIk5,63,LA
DvNDqi4U,47,Berlin
TFD0fBD1,20,NY
jfuIwihI,46,Berlin
Vq803rmC,24,LA
F0zqWCLM,42,NY
BZz71BlB,41,Berlin
eE8ZhL77,60,LA
XtGbDZzv,23,NY
eKEiktRO,32,SF
3nf9Wpje,32,NY
r3F7MwEK,57,LA
6ur5InS4,44,London
34PS9fHL,38,LA
raEsKyPo,62,London
51yMjDip,49,Berlin
WQhQFLUo,49,SF
2Bs10krU,29,NY
TNh95V44,61,LA
ywvLA0Ok,26,SF
jaZaSatn,37,London
Pr105ewe,66,London
WJv0Sl1d,32,LA
5R9kBkTd,30,London
mKBw6rZz,63,SF
ysM3V5Ez,25,SF
BPcGbI2U,38,SF
YIEo8yw8,62,LA
0TLUyZkJ,42,London
mwJaOJjL,52,London
RiZOHZ5O,57,Berlin
4cIRNqym,47,NY
zcUfGhgz,48,NY
DkNCpyF0,23,London
cWMUj3Pi,28,London
0ggKimpX,59,SF
7RqMJSCO,25,LA
FnHlN9Zg,25,London
FfG5USYO,56,Berlin
7qpKWCtS,68,Berlin
83BZbO5W,29,London
pr3qCrlD,20,NY
TbbSto6R,60,LA
Vk2O2xuR,62,Berlin
RzZZcw1o,33,London
t8h8epTb,58,London
4SNOQoF5,44,SF
YmDcatfm,33,Berlin
YRGJse7D,22,SF
zWFDWEDP,57,LA
2thmdJMt,29,LA
xsfwA5bN,20,Berlin
mWPkwJxt,52,SF
6ooY4Tww,62,NY
1tLEkGOz,20,SF
onaT91ww,48,Berlin
2eRkFuxj,41,Berlin
zvXGQZWB,58,SF
oSpJ5Ytt,46,London
5dmsDCaF,50,London
fsRgzUsR,55,NY
TkQnZztw,68,NY
XXQXVum0,33,NY
RaoMkx4n,50,Berlin
rTmSRnuR,27,Berlin
1TD0EUNX,47,London
SHDn2eoi,51,SF
E2NlPjZM,52,LA
mPHU4Awb,24,SF
uIqFJTCo,23,London
WAhKj9Vk,32,London
JHrbR1iK,49,London
7R13uNBG,19,London
ECsq8QCw,49,Berlin
bv8U43qz,45,NY
jYL5xCXX,38,NY
G1YKRW68,34,SF
6QbuVisb,36,SF
fkj55FK5,31,London
hMnVs1Kw,66,London
zgAeprLA,68,LA
Q4w6OLMK,51,NY
V2yplzM9,65,London
7bHcEH4Z,37,SF
wnMvk9gN,38,SF
DmGIBSLs,65,SF
JceqB6aJ,20,LA
KULWeg8C,31,London
AN4qlWAc,38,London
r3VbyPm5,44,London
E8Lcch0A,24,LA
xI3h9B2o,59,London
ljdhz2D6,46,NY
dXg05ZXl,26,London
hvDLCEy4,57,London
578iawum,32,SF
aNqAUFaD,61,London
cXaI7wwl,45,Berlin
VAotuRaR,55,LA
JoWbMyyx,32,SF
OTixcZCZ,32,LA
PYtgYelr,47,Berlin
6lo33X7m,49,SF
IVu5AOkn,57,SF
J2CUEbv1,29,Berlin
YdAANHNH,37,Berlin
8xIYw2aK,44,NY
w3SMaTmD,19,SF
tMe3VydM,58,LA
BiBwmDg6,39,London
tCl12js0,43,Berlin
R095C4Jy,57,NY
8uH2ny6c,25,Berlin
XCjmEEBR,53,LA
UaZZGta2,43,London
hzSXzf3z,54,London
xFWrYFap,34,Berlin
dOoTXXxk,24,London
AcHIkebL,18,London
coijJ6Sq,44,LA
eoT5cMMT,59,Berlin
uyo5S7nn,43,NY
rU2mGSII,49,NY
Bv1DZN5p,31,SF
4AcZOMTX,36,LA
NNztq5p2,26,Berlin
ZiOG0dPD,60,London
yubzSLBD,61,LA
r7DxJeh5,18,Berlin
CYvA8BKJ,38,Berlin
oew1ZaER,37,LA
eHCjzUJD,66,LA
R5e8TBiX,50,LA
FqUogJn6,50,SF
02T2rPKh,35,London
eLwqKcg0,58,LA
5IlRJDK4,34,SF
wEKe7iaf,30,NY
bQd8U3WX,66,SF
0bDuZ3ZC,60,London
m2TJQLSd,66,NY
Ft1tjAph,26,LA
HtO73yjO,63,LA
JBCDZj38,18,LA
tlXEtPV9,40,LA
BM4USO2v,57,NY
eZc81seA,51,SF
B6PEnRMl,53,SF
tiCkIjYc,67,Berlin
EQVNE5iD,62,SF
M0uJqno4,31,SF
B9N51kpv,38,SF
pGM2LVtT,60,SF
ao8MVgLK,60,SF
Rzhhz36H,38,NY
lKHmwoW9,45,London
sEaR4LyK,49,London
dBMS61ic,47,Berlin
PC1ppSd5,57,SF
hRHj15QE,29,LA
Lp5nVIS5,46,London
TXHLaePt,18,LA
stPWLw7D,43,Berlin
iO9r2tJG,33,LA
kvisQ7cQ,35,SF
IxW2N7Vk,50,SF
PQX565MA,69,NY
h57llMqQ,67,SF
vlVXSgJK,59,London
VO2eV8FZ,60,SF
Z83W59tE,40,SF
N0EskngQ,65,LA
yCYnPpOt,22,Berlin
Zi45eJXB,38,SF
JFsydTX1,18,London
r90YaLEu,48,Berlin
APhxrUmH,35,SF
pXlhATe5,38,Berlin
HZ55GJew,24,London
kzYccIcn,18,LA
LE8IARcN,40,LA
NakkxisN,44,NY
br8m2Qyx,19,London
V0LCENz4,51,SF
JVwZS9rS,33,SF
juYwHueW,57,NY
1k4C8lF6,27,London
gZkuAdUU,37,Berlin
lZQaTLe8,65,Berlin
MvCtPV3u,54,LA
UvWfqVSB,42,Berlin
0VesTdVj,21,Berlin
pWmJNMbx,49,London
dU6nCNQ8,62,London
ZATWCLOP,45,NY
pTISEywF,57,London
Hs7kmOxw,30,NY
2w60GfCL,22,NY
DQT2Mh7D,34,SF
nkVuBJUE,64,Berlin
d2XiJ2iy,24,London
j4qWZv3Z,27,NY
VVIBN2D9,44,Berlin
I4tJZ6D0,52,London
e3P4sREw,40,Berlin
Bi9Wp8ko,33,NY
5Qjuns9D,69,Berlin
l7ZXFBCy,44,LA
iYFZdSQ5,32,Berlin
IBBNxCT1,23,LA
pu0oYRwo,59,London
8EBUuTU6,56,NY
HIHqt3I5,41,Berlin
n3n38qcF,68,Berlin
rLdLW3ks,40,Berlin
AAibjmAU,22,NY
JFemlgaj,24,Berlin
WZMIAJke,39,London
cvPUo0Eg,46,London
yYdQE456,48,London
VSSKbQKi,52,London
hYwQkRIe,51,SF
n6M8kvKL,36,SF
CaPs44v5,51,London
0iMO1UxT,47,Berlin
Vjem6X7y,36,London
9NmO72Nh,35,SF
MLhNhQya,18,SF
seKsmf58,58,NY
p9gZor0v,33,NY
IyrkASZJ,57,Berlin
s4QoVxvz,45,NY
1zsbnqNR,28,LA
x80Wbz6D,65,LA
tjBhgP6x,69,NY
SU2S5wqJ,49,LA
1Lmi41KM,43,SF
t8BID33l,27,London
U6pnFT9a,40,London
DI0sdYdG,65,LA
ou9Bb6lt,62,SF
113AzCJP,56,SF
zxLcJpuj,50,NY
2WgTniea,31,SF
2Awz9ZTh,26,SF
F9WT5Vni,31,SF
LLvNI0zh,53,London
gQpYrT4G,58,LA
Jx3Aw8Qq,19,NY
b5Eck6Jl,28,NY
TUnE7T1e,69,NY
UV87fCDK,31,Berlin
l68lRDsU,53,LA
OKR7V0hj,52,London
MTmZJJTc,59,LA
YSQESWHQ,69,NY
W4tYJXDe,42,London
nh7hyjN4,50,LA
LeIzBaM2,26,SF
BWsQ8Rd0,30,LA
HNAesSyr,60,SF
5WluMnky,27,NY
5HR4wWBB,50,SF
CNURzQLr,62,Berlin
zJr8Hch2,26,London
EQfC4xc2,57,SF
IA5Im6aR,30,London
m1QQZNDp,41,SF
srSDFo4g,57,NY
hQnwV3f1,34,LA
GFgAfOwl,50,SF
3SafZy0G,40,NY
wPEf0qcm,44,SF
4ohakdrK,61,Berlin
aXAR5h35,61,London
l8egDTu5,60,SF
JwzO9wK8,43,NY
rcU8kFWI,41,NY
HIG4ilDT,28,LA
igvMiQYd,46,London
9gC1t6Ed,65,LA
aqpVcY5T,22,London
0FF5rXuH,41,London
OtAZtmKF,26,SF
qsJvHOdw,27,LA
ao5QdGZD,28,LA
m9yEGlbB,48,LA
XGARBsd0,20,NY
JRk2CIgL,42,Berlin
H1epLkq6,60,SF
TkF8YXF3,57,LA
lBcSP8Vv,44,London
HMEus7JW,18,London
TbUICORd,66,SF
Qo6AE20n,65,NY
SJERWYxn,33,LA
zv0hlyoU,52,Berlin
JaiRARly,32,NY
y0grAzZR,51,SF
kNwjGx11,28,LA
ZmoNKIRg,26,SF
XxtjxlMC,41,SF
9y5zCQDY,54,SF
ZAyPpSyR,52,SF
j3tjEeYV,39,Berlin
r7M9sHbN,57,SF
5uYMcXmS,55,London
6xBLmnzO,24,SF
IgomcZ7L,61,Berlin
Ez1wNaHL,47,SF
iRyWhYJA,46,LA
u2APQV2B,56,NY
WOIxopMi,58,Berlin
Z8OJhCrU,26,LA
VpqC2izG,18,Berlin
gXXWoQsr,20,NY
4Nlt51j2,22,London
hF6geWRS,28,NY
6EYKWMvP,21,London
DHAkZokc,61,SF
LXyWClRq,50,LA
yjtIn3Tc,50,Berlin
hKIfsKhA,62,London
iAY8fTmQ,37,Berlin
je5tuM1u,54,NY
5uCDcrvt,37,SF
7TM19w4z,51,NY
yuba8qKr,38,London
MZNtHHqa,68,LA
8aDJ6jtd,24,London
MSqtwqdr,33,London
DHcAuP8P,49,NY
kkInVDeX,53,London
mtLO7enm,67,LA
2hKXbRLj,28,SF
N8y9WNjB,65,NY
tv3W1Vvy,46,London
3MyWm6cq,59,Berlin
bkQ5leYu,51,SF
McpIs9vP,27,NY
qQFIt8qR,20,LA
k8WjU6zL,39,LA
jfof6K1l,49,SF
Qf0HcQZ0,61,LA
oVb6a1iH,37,NY
DSZcv96t,19,NY
44fWJiPm,25,NY
1Wcdd2Ae,67,London
3jP6CqmH,58,LA
NkSSccPG,42,London
ojseHI7S,28,LA
QLNmXkdu,41,LA
RInuKE6x,43,LA
fFZDfkhL,52,Berlin
62Qky6J8,57,London
imt28OgQ,22,SF
4IxeEDVy,32,London
6OB6JCCZ,59,LA
z2jU9Q6B,31,SF
j8DHINUH,54,SF
ba59fIA8,35,SF
ANQsjQIm,29,Berlin
znRJkPOC,20,NY
4nFeui4c,57,LA
w4qpen89,63,LA
ggQ6DPPV,50,London
6UJCu7Ej,21,SF
QsVjYnB4,57,Berlin
xsg9xbwK,43,SF
kieLmur5,38,London
JesDrp9x,62,NY
hP2vhI1X,33,LA
bq5DGOCc,65,SF
LHSu4cuO,40,LA
4Z9jUceT,41,London
wyOXCCQS,26,NY
KT9pgL22,36,Berlin
XhcCZayv,44,NY
tKR8sxx8,57,Berlin
wvvE9KJh,48,SF
3HHpYx34,68,NY
phdRaS1g,18,SF
2KJFFo1a,30,NY
psVyfX56,62,SF
98NPZ6l8,21,London
IATY0zDL,42,London
34OLGeEH,27,Berlin
xpV2OBUf,40,NY
MXkjbOSd,60,NY
vgBjHuhS,47,Berlin
qCeDsuVH,31,SF
9SG4P0tY,49,NY
5B13FjPs,47,Berlin
YmPwFdJX,22,Berlin
NoWr5fJ3,62,NY
maA7dpIv,32,LA
3O7p9YGi,34,SF
FNXGx4bb,65,LA
aQJvOKFz,50,LA
MQTIdbSM,29,SF
HZRECu4J,42,London
6k0nRGdA,69,NY
tXENfAP2,36,Berlin
Tt33qrF0,40,NY
Dr0KkytN,56,LA
w1iXqM7c,22,London
Uaa7P5Tv,57,London
K6YHol91,38,NY
4VlbSH6A,53,LA
A8Q4hgwA,31,SF
IitVQZT6,23,Berlin
mYMLaQgz,36,London
gumfoui8,21,Berlin
yv4O7GcK,41,LA
gSKGXE2c,43,NY
r4j8TREH,59,LA
qHvFPET9,36,London
cQfolFDz,49,NY
O8LmRdTr,59,Berlin
5bw6l4Qp,62,London
LIBzDiQO,52,NY
sbxVl8oR,57,NY
VQovJhJ4,59,Berlin
TjY3UTDL,19,LA
cyUwqPGd,50,LA
Ythr9wlu,27,LA
uXO68aPW,62,London
qxusYJum,50,NY
hmkoDYkJ,40,SF
JbK8U0gY,51,SF
gDhVFTDF,59,Berlin
PqQ83uOm,53,NY
LTiBXzhN,47,London
S7ZXFbBF,56,NY
hJzPoSIv,22,Berlin
2ls1w5Dn,38,SF
JyIArgmB,33,London
WFXUQDkZ,24,SF
YNbf6Sd1,26,LA
YC6fsMo7,69,Berlin
7gKYo9Po,58,SF
SHajQpD7,60,London
gbZYHgjt,41,NY
uqvjF4Ae,66,Berlin
SIYlivxo,43,SF
fBKNN2jz,49,LA
KUomeDcG,60,SF
P0AFirYX,44,London
ZEGw9ohZ,58,LA
D16qcakW,36,LA
7FucTyZS,25,Berlin
mbFBlHrw,54,London
gcK21Xal,23,London
C65TEfPa,36,LA
TCGcyzKF,60,NY
RxuVgxxt,40,NY
bK3tlsin,19,Berlin
dqC0iiip,20,Berlin
7RyKEvrr,19,Berlin
UB7SSkTq,30,Berlin
Vs2E2gZW,49,LA
kfOLKF6P,60,Berlin
niQxUrvi,42,NY
G3uRTQma,60,SF
nGO8ksLa,30,NY
dmruBuWM,47,Berlin
1qi82REO,36,LA
0b0Rxlw1,41,London
dHRIWPry,62,SF
pIAmu0Iv,50,SF
zysNUOQb,30,Berlin
8g3Lilo9,48,Berlin
OfB46zUg,55,SF
RH7PknJz,25,LA
3D5F4D5C,47,SF
n81f81ro,36,LA
yI0DZMB1,49,NY
ZPMwGhwI,47,Berlin
kcSkxG8U,63,LA
su11nmQ4,55,SF
EgmRhQz0,34,NY
nKkybNw2,51,SF
yd7KijL4,33,NY
4CrwXYPB,54,London
9MRwIBXs,69,NY
dHtw0EHa,23,LA
D9TYMdXY,19,London
3hX8C3am,22,NY
GQttRUFp,59,NY
gVNKhqiU,36,LA
e58JFJNf,18,Berlin
fmjjXFVE,55,Berlin
oP87xEyw,42,Berlin
Z6MoIP8L,33,London
4pzUxwyH,47,Berlin
mqHORH7p,47,London
bqYck0Bs,27,Berlin
lhmeZNRl,57,LA
A8M2v4OJ,69,London
WfVNuBuo,41,Berlin
GrutOfKN,38,SF
dZ7uaO0p,68,Berlin
CsTZ1oSn,69,SF
QrkPkcTh,56,SF
ENTPsw62,32,NY
5l45p2hE,22,Berlin
09eqE5LH,53,NY
4JcnoguU,68,NY
zcBBfxb9,68,London
VqEP7aJx,59,SF
qXiZpGCC,39,NY
KoGAKJp9,25,Berlin
xFHZl4Vz,48,LA
kyQp5YtV,69,Berlin
vBUQ2tEl,18,SF
S0EVdDYK,37,London
eqc30C15,45,Berlin
X02YKfvx,48,Berlin
QT6VYZPC,41,NY
AtDrDnT5,62,Berlin
Z2f3BR2t,24,SF
azrZcUmY,19,LA
isQQPEf2,26,NY
nhhpwngv,36,Berlin
xnC3eNZe,58,LA
t4lFmUbZ,66,Berlin
z2J13HW7,42,London
Dfstrn1v,40,SF
FqDy0KVs,67,London
GrlOYYoR,27,NY
TsVknGom,40,LA
sgCX4wgm,50,London
VpDvEKRc,60,Berlin
TRbLOIM4,36,London
RfRfcTzu,68,LA
BOpO5k5Q,51,Berlin
tLHlD0eA,54,NY
Mxb5NuLy,20,London
NowHqhxL,62,SF
Vbueh2Kn,24,LA
3Eas9aQh,60,SF
fYivinIE,66,Berlin
2ftljLbo,18,SF
cfioo8tc,53,LA
wydMWzsy,18,LA
DaJABIDM,58,SF
T9E88hmJ,47,SF
KF2UCsnC,67,Berlin
cgsKuEt6,49,SF
6QSlGI8I,66,LA
80v1eeFn,36,SF
lfjg2mKu,64,NY
j5haNqpW,27,LA
KKOPG7mh,61,LA
8S7tGnh0,65,Berlin
saDH3wIn,61,Berlin
Eb3q5NRK,50,London
8DBnXMaC,62,Berlin
zgT13eeg,21,NY
0A7iV76b,37,Berlin
d2KKIAv8,61,London
TdNMFLsU,68,LA
CKVykIKw,32,Berlin
6lwvJ8bD,58,London
HK9yghrk,47,Berlin
Z0c9Q0Bs,24,Berlin
0Y9jMNEH,55,LA
M98SF7HZ,58,London
e1zU3l4u,35,Berlin
igdaClr9,47,LA
ZfcX2pwa,25,London
vZO9wFLV,38,SF
XfRyg6dl,67,London
Uhb2cZsl,62,Berlin
mDsvTsbB,24,Berlin
B8ysikKf,61,London
YkVT0FLn,22,LA
4G24yPso,49,London
1zonkTke,33,Berlin
Ea0nJ9V1,57,Berlin
HiS2oGlv,43,NY
zOlX05Yl,44,LA
tD7SZrsX,56,NY
MFrYUMHb,45,Berlin
kX1l37V2,50,LA
Rf48w7ag,19,LA
0ksfSu7M,58,LA
o64ELbH0,32,London
fkbZ1Lfi,56,London
90mFMMoB,24,Berlin
2Dq3KPz6,37,LA
KTFhgtDG,30,LA
6rDK2200,49,LA
LAZHJsfA,46,London
QluKpR6L,21,Berlin
frWIesTd,36,LA
oFqmb5Q3,27,LA
BzDbnSH9,53,SF
YsUSZqB2,29,NY
c8fy1jHl,39,London
z3xYqpTb,44,SF
ZyKvAtOZ,52,Berlin
bAnQyaMw,57,NY
ZTGEN7xZ,34,Berlin
DTY9JwZr,23,London
2CkMELDf,62,Berlin
15agZybt,67,LA
pe1uFYKB,65,LA
g1kHnl30,60,Berlin
uldVYxE6,31,Berlin
z5VgOlxV,50,Berlin
yZKmBzpr,61,Berlin
yXJ6DKvZ,69,LA
FKKL7cOR,45,SF
6homH5ri,55,SF
ISmWRYV8,24,Berlin
d6xSoObT,28,Berlin
PipjJKZ9,50,NY
UJOWQ5sx,20,Berlin
PkIzPcFw,39,SF
qHf2Qv5t,30,London
UGuYhKjP,46,London
c7k9Ptrq,23,Berlin
K5mncawX,59,Berlin
IB9eWxw9,56,London
AmHeHAOx,60,NY
bb7prLAE,45,SF
IQBZGekd,32,Berlin
1CoSfHdT,41,Berlin
mnR1QU5A,60,NY
xDAWZU5G,67,SF
cF0ugqif,43,Berlin
QuUVkjS9,18,SF
TnRXEIfZ,43,SF
KEfvGQG4,63,London
4spiRGY8,48,Berlin
35opuAs6,40,London
fHxbrU2M,49,SF
wFCPA9Rn,61,Berlin
Z3BgZJ7r,18,LA
o01nADdh,35,LA
6H23NqYr,34,NY
w0uoNNqD,63,London
VqCbtyWW,61,SF
vErwjcZc,45,LA
mxky0AzQ,18,Berlin
AWuTugNa,68,SF
nLxIHsEJ,53,NY
fUg8ezXX,22,SF
Zk8ydHp6,22,NY
4hEpOEFa,19,SF
xp6vSrc5,28,Berlin
uU5NBCzT,52,London
gr7skEeQ,47,LA
xhKxA8Ab,49,SF
zJMxrp0t,25,SF
ubmFKglk,19,Berlin
uJXjJDFO,53,Berlin
rh6bYpOJ,56,LA
4R0Bl6vU,42,SF
rwIw8j7x,36,Berlin
wO8nO4Gi,68,London
RJbzugfn,24,NY
VNt2w1TM,57,NY
q2jxpZrj,31,Berlin
jykJ4AqC,21,LA
vcBXS2bD,63,Berlin
BLpeZCbX,50,Berlin
824GS1xa,54,NY
HC2N6Y4x,60,Berlin
0ejjOEIB,47,LA
Zu4YFmAh,64,NY
JBqvkxkg,37,NY
PFJV1Vgq,31,NY
NmJtYMRC,44,London
Eq7rkNDF,30,SF
rOwFVa0l,24,Berlin
F8pWXAoR,35,London
ymKIiNvi,55,Berlin
W1mV8Ebw,69,LA
g9yCrkwk,56,SF
uHoWvvcj,26,Berlin
pfv5jO2P,40,Berlin
kmV0UfUi,48,SF
usjmVnxs,19,LA
saXQ8HwY,57,LA
cJBwL07Z,55,Berlin
dPs1fKFp,58,SF
WlXssELP,56,NY
Gf8Q11Ry,22,NY
VXRm3S4E,40,London
tvL6ciNt,66,SF
MeoPihjL,49,LA
MyjOGYaN,56,London
dprcpjbM,33,LA
TpeaFchI,28,London
B6KN9Bfr,31,LA
t149t8o2,20,Berlin
NJDd8frt,25,LA
5ZJijPV9,32,SF
UFEkwTET,26,London
uA20wu9c,33,NY
ObrUj5iP,43,Berlin
SQ7da3yE,49,LA
68JEBb28,35,NY
YsjisrRG,25,London
NkrGOY1I,56,Berlin
qDPa79ZD,69,Berlin
HGnj1057,49,Berlin
V3oqIdrQ,27,NY
tP5NTwEd,29,London
qCMLybKg,29,LA
0pbHHhZX,27,London
8RLEintb,51,Berlin
VzpUplNd,47,London
jti38vYo,61,LA
UEaqRYT2,48,London
FGWnaL0j,55,Berlin
X8q2hFz7,42,Berlin
Y6ddrvEm,41,LA
iSTwj6Ax,50,SF
lwetASMn,26,London
ieqJFK5S,42,Berlin
8vFQ6aSJ,37,London
uuu2FDPD,65,LA
32n55tVi,34,NY
SiZXwzNf,69,NY
VcKtm8cd,23,Berlin
rL7O3VuS,53,LA
hS66tXDj,58,LA
t0iHKxDh,37,London
5AxoT7oU,43,Berlin
YcxS1718,57,NY
CHZwYzXo,67,LA
fQL5o19M,29,LA
BaZWMvdz,24,NY
5ALrdZvN,57,London
4L9utmoy,47,London
oqJH4DyS,39,London
QYM7hcrP,59,London
KzS8G4lP,46,Berlin
XPfMfNfo,39,London
MhyQOG9a,41,London
TVggh9kP,20,Berlin
HPxAOWYu,67,LA
lRBjRr2x,58,SF
EOccj6ZK,41,London
heLN5D3b,43,SF
4rf85ktP,22,NY
kJ9W2n9Y,30,SF
ypVo7yWM,54,NY
4gBgJtkO,39,SF
2RpBZv4p,51,London
cSbnkcm4,56,SF
PWuyHzS7,20,LA
k9p8o4Uf,49,SF
EV96lPkb,41,NY
UtznHS1c,26,LA
s6k3XjRn,20,SF
kKtxFyOz,39,NY
NmShpo43,41,NY
DDA0Ekca,55,London
HMUAxTH1,27,NY
RMOST13n,52,LA
sOny3kyq,37,Berlin
EOLJLM3g,58,NY
S3x5TioF,61,LA
Sy6pNlAw,29,Berlin
C9C1tu81,65,SF
s7NyF7SF,60,NY
8TPpnpY8,29,London
laMrPSeC,34,SF
xIr4Ao49,21,London
sIQItBY7,59,LA
60e3ar4S,66,LA
VtxAao6G,25,Berlin
8cp9OgcX,24,London
6zVp5lJ4,35,LA
bH8iCJgG,43,London
a8YUAQvF,48,LA
wlrRfJmT,25,London
pWmaakBb,51,Berlin
YdgcacRa,63,SF
76GAHgTV,33,NY
xVV8WLkY,37,LA
XeouSPkb,27,London
AUtZLhJN,67,LA
hJoYpfFl,22,LA
kXMVDjSo,65,NY
1PrJA2Cq,28,Berlin
SySbBqNE,68,NY
E1ky1Rb9,55,SF
5v5oN1o8,56,SF
MqLPpY8U,39,SF
293qRras,28,SF
86AqqNi6,35,SF
5VpzlqZP,35,London
dZjsscYU,48,LA
8jnPA1Z7,37,London
RyAYabj2,40,London
HD50pbNf,57,NY
PNxZTYhx,27,NY
zQDMoa6S,34,London
qD5CErKW,58,SF
5wuzbJ3y,62,Berlin
pVUwPbfo,25,LA
T7bNiyJR,48,SF
YahrurQn,66,NY
ZnTTr6O5,65,London
YkXkyXnS,65,NY
Er0eP8LX,57,LA
TviMtzFg,43,London
Fxroja6o,59,Berlin
2XKoMSKA,61,London
0DGtPwgV,67,NY
vLJnkDnO,26,SF
hBnfnzB3,49,NY
XRUqi2Sp,40,LA
L9StveJI,49,Berlin
VKJIoZyJ,53,LA
kwBCtGVM,22,LA
EaBbhSTl,65,SF
DyvWeYDA,18,NY
wnIHLk2q,67,SF
raGe4ss9,67,SF
8hHsdU28,48,London
dsvFqyBi,48,NY
uNPVAHfQ,68,London
vZ6399Hj,26,NY
ub19RJVf,50,SF
WVcuaZRq,52,Berlin
PjlkKNW4,43,London
yEcZhkdu,19,NY
V3qmQWIr,51,London
HYJbjDkd,34,NY
ecqqIpQc,23,London
pB72ew5X,54,Berlin
76HL1fO2,48,NY
N2sHcQch,45,Berlin
WLYQPqIw,38,Berlin
RioHmK03,28,Berlin
FPk8sdBA,58,London
jBz0eVgW,53,LA
oZ6dkYgL,56,SF
LCT8Gqnm,62,LA
u83KdGSE,65,LA
9IU31l7h,44,London
fDBuX1Zf,37,LA
qhPQo3lf,66,LA
Dxal2x4i,37,London
6XFrRfk9,19,SF
HolUPEXw,54,SF
fKyCbwf9,44,LA
f3B1kjaL,35,SF
vJlPy2E5,30,London
8QA6UjkR,35,Berlin
p5akvZog,28,NY
YtN15xPE,31,London
PG5jUoIn,61,SF
ZjOquPDB,21,LA
gZyAYSqd,56,SF
YTOaOrr0,30,LA
MXKVCdK2,36,NY
lfc5672V,60,Berlin
idfl1WYz,56,Berlin
Foud1p5F,42,London
FfPSKY2p,32,NY
ClepGj1m,68,London
BPnexk8M,37,NY
5NNBj5Bb,34,NY
ydwNkkGo,18,Berlin
nVJwtN3u,46,NY
kdYDwmZa,61,NY
J0Bx4IHa,36,SF
zdEQVNNR,47,NY
SIjXbsz3,42,Berlin
1GOCI34C,45,Berlin
sH2V3Tew,54,Berlin
o0icNkJq,59,LA
MisqoyUV,28,London
nPF9bSfU,33,NY
OcsrT2gY,35,LA
JiQ0WwuB,58,Berlin
pUEhsvuX,26,Berlin
3ffejiU8,45,Berlin
0jsracjl,44,NY
UgEaGI2j,63,LA
yB89sbpE,69,LA
nLqW53TH,55,SF
QEdWV5fU,61,London
auCwtY6d,40,Berlin
m0HcCZf3,60,SF
Poc9P9rb,39,NY
wHW8f6Gc,21,SF
gkf9wMmG,49,Berlin
8fN860m7,41,SF
yPAEVsOk,55,Berlin
Ut4VRcWL,67,SF
68vhtRLb,45,Berlin
iMHqcyGq,23,LA
Je7N3AoT,50,SF
StLE7jIm,48,LA
4WoGzqzn,27,London
1KtthYXi,29,London
eMgeMQPb,24,London
un1XMTxo,41,SF
ZmHlf8FW,45,London
0a3klinf,28,LA
Vn0suM6u,49,LA
nlg5oTPQ,37,London
sUOd1Xvy,45,London
vjigBVoy,18,NY
Dd6mjiWF,44,NY
KBfY1lzZ,33,SF
YBnMuqic,53,NY
uh2n59KB,23,LA
hozy6JJw,27,LA
gYspnzD7,56,SF
dLn4YpQB,61,SF
v58wHi5X,36,Berlin
A2NH9O5x,27,NY
SwIWlgoZ,43,Berlin
oA60pwTM,51,London
Z08tjh12,58,LA
e6rFOhTs,18,SF
ljN0pJQO,27,London
d54lov2s,50,Berlin
xBbtZl6B,43,London
5vMYUykT,51,London
DaIG29Wq,54,SF
cFXJSYJD,66,NY
VzfFFb7S,30,SF
XxRYvqqO,55,SF
7nxx8hzq,47,NY
UxmmQpUa,41,NY
GbY7v6ps,59,SF
qxWx0x9p,51,NY
siihbRMo,54,LA
eGLhSNWw,36,London
17i2XpsM,19,London
QkhtmWgM,47,Berlin
ig8rO0Xi,39,SF
Fd5l22Ph,49,London
AUfL5tdm,50,London
lPcoKFAP,57,London
1n732v3r,32,NY
eQlxh4Ci,23,NY
si5BqwPl,53,London
1Do4ppsm,61,LA
g6eLcoZq,33,NY
3jPYsl3i,38,London
EvBTSUvX,51,Berlin
lubt95oD,57,London
oFHgm0IY,55,SF
ZmNYwhUS,52,London
dRgzxzqG,50,SF
xZMAcGhW,25,Berlin
g3sbiCfp,29,Berlin
lrbWm1pF,56,LA
0Mx5p42e,66,London
0p5zOIuA,62,NY
8qYjcC15,35,LA
zjcHn0zh,65,LA
L3A3Oc2C,57,SF
jYWGLezr,38,LA
4Ee9ke17,44,LA
uWO1j7Pd,29,LA
h8p9MEoI,23,SF
pGZWlwpd,48,Berlin
fy2CjB0A,51,LA
XXOPf1oK,24,Berlin
do0hoGGl,48,Berlin
8cvJ1Itr,21,SF
usIYo9pc,69,Berlin
2bVXzU34,65,SF
2sr1rm45,34,LA
8zrcPsSl,46,NY
4ewagMMC,20,SF
Ay6jFtvu,41,NY
dSDPhRgi,20,LA
x3ae3Lbk,63,NY
CiAKLyOn,63,London
f0rTq5HK,56,London
As2HFr0T,44,LA
0omyhxMb,18,Berlin
kyq2tEft,32,Berlin
b3fsN3v6,31,SF
yXEmePMy,21,London
oumZROMf,21,SF
G7zWuoK6,42,LA
U4DxVP6K,28,NY
WQRYGqOH,50,London
9H71Ob1y,28,Berlin
wGF4YfS8,29,SF
ySh7QFBM,32,NY
ENUh5D6V,43,Berlin
yB5WV5th,41,Berlin
zBjiLS2t,64,LA
1NScbIqd,43,Berlin
WgNDq940,44,Berlin
yY62HB1w,53,Berlin
HcwKRKh9,44,NY
tG95mPBS,55,NY
vBGUZDYo,19,Berlin
zjsIGsMi,40,LA
w0eSKiOa,26,Berlin
bpl7qoBP,25,London
0XqR6yrx,68,London
GutKgw50,57,SF
UQlerLsb,69,London
r4VgZMRU,59,SF
eqK2TY3K,66,SF
Sgsm5Kyi,68,SF
fyIzdp4X,18,SF
KGD8eSGb,38,Berlin
XkNHdfQ5,43,NY
o1bwEZUr,32,London
ruBQB0re,60,London
A4i63nKj,42,London
IBe2lLWF,56,SF
AvGscFYl,33,LA
WaBQIPbD,52,NY
uG5sCFr6,40,LA
BTgoVJUi,29,LA
A5azIANG,65,London
XwoTxrqx,69,LA
xk4d6LBl,36,Berlin
HndOCWC8,51,LA
OFo2JvIM,25,LA
7t4nhrOS,68,London
nYXs9qUi,40,LA
cDMr5hUn,28,SF
QM2MFKQT,60,NY
8uBBftdl,51,Berlin
JcyXfxk9,22,NY
PdvSVJAI,54,SF
z5N2HwRp,42,LA
QNl7ESu5,41,London
wNmlERkD,41,NY
lw9Qr6XM,59,LA
eBmTu0iv,51,NY
1YLh9GBO,64,LA
r4wN7QPx,35,London
bXBu1P5L,29,SF
jQyP7Pey,59,NY
kZd38OQi,56,Berlin
MzYpRhgB,32,SF
Zt0jm3rL,64,London
NZYbwGhw,29,Berlin
HQXE0x5Y,46,LA
47JKy6dA,46,NY
afyDBue1,37,Berlin
hITMBJft,32,SF
mubbxuzC,20,Berlin
8xnZmGZU,33,London
ohvQ8yCE,36,Berlin
0UhF3izq,24,NY
a0XDaSbA,66,NY
UTtbGfTF,53,LA
Ndn81m4J,39,Berlin
pce0lCst,32,Berlin
AV1a5qMq,26,London
DUedYyll,34,NY
MpZwFCGV,50,SF
jcdwW1P9,19,LA
m0lff4YW,24,Berlin
40RmHmsB,48,LA
Dn23xTgF,31,Berlin
fujgITDV,54,Berlin
8u2dtGub,21,London
c69vZjOW,62,Berlin
e9ZR9TzC,27,LA
WwDXfTf2,62,LA
0IwQ2hwZ,39,London
ecpNuR7r,41,London
DBIB6eXS,61,LA
1gf4nA9w,35,LA
s3KZfZ3n,28,Berlin
UVCbs5K0,67,NY
b4Uf4BdW,61,LA
94nPs4ZY,18,SF
5tpsboow,49,NY
pzrXdscl,33,SF
IgpDB6at,31,NY
fjW6FV30,50,LA
0MalBwCi,24,London
K2la5TLk,36,London
mWw1NQ9B,42,LA
M8P9Bt5q,22,NY
z8l3O36f,66,LA
bVtUcuOy,27,NY
q0ptjI74,21,LA
SCoTE92k,41,SF
6FhZxBOn,63,LA
6JTrPuAH,23,NY
FCBXohsE,29,Berlin
NKFLDhCU,37,London
mqo9bfYh,43,Berlin
SIypDXUq,29,LA
KPEei1h1,50,NY
aY3B8yfM,29,London
jbkYesPm,55,LA
lL95gZqz,21,Berlin
U8SXrIUJ,34,London
z2uvdZVa,27,LA
qh8pCj23,36,London
QjWVm9pW,60,SF
MWbhYwMF,50,London
S1hxD0Bf,54,SF
cteuyf5L,45,London
L8KFa1Zi,63,London
zaAnwvOI,62,London
ACBL34YG,19,SF
ZZ2PwLGg,63,LA
5XxcWlB0,55,Berlin
hUJnxlQ2,55,London
7jpWMZuj,38,Berlin
7Y2lAytZ,40,Berlin
J4HPXglC,50,London
xUnBUbWv,43,SF
q6Ram2nV,69,NY
rc5CgLeA,60,NY
MPpRiK9N,47,NY
lycQLUXt,21,London
C7p7fHpj,23,Berlin
TBCrYV9n,51,NY
19yYfOCg,37,London
5YL7f95d,54,London
z299ojq6,32,London
dAqeyOvj,57,SF
PHtS8Z4t,66,LA
PNF4Xrlp,40,SF
qan25hKi,59,Berlin
oGApAnXs,26,London
tqdxQ4tS,51,SF
3Ii92UOP,60,NY
A2JEsWqO,51,LA
aZY0xJft,44,London
KDy9LnVU,33,SF
SvJQ39CD,21,NY
INEXeHTE,45,NY
Meg48vBk,34,SF
5FLlUVEK,58,SF
DgAqaY8B,29,Berlin
vywWmu9Y,22,London
kIZuGY0u,52,NY
l3DPpevP,55,Berlin
UKULuauC,56,NY
tvilKXKO,53,SF
E4Qus62f,47,NY
zURs28ar,31,NY
G58LL2EE,31,London
3YMj72JJ,19,SF
UZ0wdhUo,45,NY
WPrEBjzO,38,LA
KxjaFnVg,32,Berlin
0i4yVFj6,61,NY
jRyMnnve,63,NY
pQq4W9lW,40,Berlin
LinvomlK,27,NY
uUO1dFwT,43,SF
RvBbmEv1,52,NY
OFlJqjuM,51,SF
mfgZY6pl,19,SF
rL9qYvLe,48,SF
PAq4KM8x,60,Berlin
Co3nHf4W,61,SF
q0tzhC9i,64,NY
DRkGXfqZ,61,London
d6H3KqrI,60,SF
QRQEJ1wK,69,NY
8KgYEFl9,69,NY
X3tMYmkk,63,LA
CIWzqfvf,22,NY
1i0F8w8w,36,LA
iTl87tsE,47,NY
s7ODDJhb,66,SF
R8E0sLeJ,64,LA
DFJMJFfs,69,LA
KaZGG4cT,34,LA
e8pq3giv,46,SF
VcQtf5tb,29,London
4BdV7cO8,25,SF
4fVBBSmb,32,London
ZzyztqVD,51,SF
Q8vFgbCb,45,NY
qRUF7fVY,38,SF
MD0V990c,34,London
2KAmRpzT,59,Berlin
Nzv46peZ,35,NY
ABYNbecB,41,LA
WJGHFzuw,41,SF
zpictjcs,29,NY
QyncOaW3,18,London
HPT2VCDq,53,LA
PTjsQLOQ,49,London
fwYgpUTv,22,NY
7qhKyxYH,43,NY
X4M9TC7q,20,NY
QuhoZlGz,50,NY
QgpzpO3k,56,London
MhjcpcDc,37,Berlin
zixQijkc,29,NY
AiqV9Kpe,55,LA
j1L116Pz,37,London
o9RYCmue,34,SF
loSSzkJX,60,SF
xxFZ3WbQ,25,London
iQ3vAiPe,60,London
AWXJDZan,30,NY
6N8eLvhq,26,London
I23Wjt9b,36,LA
s3h4BylM,43,SF
nkHfUbTv,69,LA
rTLs84rP,22,LA
M3FpeRQs,59,NY
BSJSSpAJ,62,London
wncDoNyR,42,SF
6RZa7HCa,22,SF
iJw8zfHs,40,SF
VbZ9UV6f,52,LA
kjnSR1Vw,66,SF
BxwgdWJi,49,SF
IsNvhRTv,59,LA
i2OmdJgf,66,NY
va2kjlKZ,23,LA
NXiwmp7V,31,LA
cWQPCepF,58,NY
d09f1dtk,46,Berlin
9miE52m8,54,Berlin
kTMmGxhm,39,London
rUJkkMDa,37,London
Fr02l9jA,25,LA
8lPAEcQo,44,London
YOplVAzi,65,Berlin
Q8MuQF1d,24,London
Ys2xYACT,51,Berlin
PC3myGvu,58,Berlin
eqkAT85e,45,LA
AxO1qCWf,48,London
Z7Fx3ppY,38,London
CKLyOsD9,27,NY
X9sU5miX,68,NY
vvZaFjIo,53,Berlin
mQrcKhxt,30,LA
rN2fzKmN,43,SF
PtdQSwe6,51,London
km3sUhyS,36,London
sJ5Xfiv5,23,Berlin
L7jfqsqj,65,Berlin
plCHseFj,32,London
XHKUb02M,63,Berlin
Hon6S862,62,LA
BwfrRGxy,66,London
wCNgkWF7,35,London
mzfA8kIc,37,NY
mY8BwV8n,18,Berlin
9KGb54lm,39,NY
FzD768wH,53,Berlin
wg8KpscT,65,SF
uiWSApAc,35,London
dK1bewoq,27,NY
OEu6yGiC,37,London
ENQKnRYl,57,NY
pq9D5nkj,23,NY
bLGdrYjN,66,SF
RZpkNz5O,54,London
nZusOGkt,39,LA
G8J1OmsR,21,Berlin
uQFHHok2,21,London
WetD5Vv3,36,Berlin
N8OqEE5m,46,LA
EPlr5vLw,45,LA
lRPBCZ7j,58,Berlin
LGvQyinQ,30,Berlin
WwT7oOe8,56,Berlin
G0z7HAai,45,LA
bKrgKaHe,47,LA
EmJlfBWW,39,LA
xBidF6Cl,67,London
QrC0lEfw,40,Berlin
atUvWDwV,35,London
THnv7xAA,34,SF
r3Qf3TP9,48,LA
XCgYDnLM,45,London
Po31y7jj,25,LA
3dBDKaYk,49,NY
sTnDfB1m,60,Berlin
kfBQhWJW,23,LA
aeddlwLI,25,Berlin
iF2DG1vG,39,London
oKXrxDL4,57,NY
A25Lhc3m,68,Berlin
sQ3qm8vb,64,SF
I3NYGmPB,48,LA
sd9ig4rF,68,Berlin
avxfvKlE,23,SF
VbIyPKl0,21,Berlin
lq2EiyYI,24,London
y1A2mOy5,51,LA
P4c0LQOY,44,LA
JkTfwm0F,19,SF
FuLIeJs1,31,NY
5xDYmJsL,58,NY
gzGTC5bh,46,SF
XQ6ItMlc,56,Berlin
2VOleUms,39,NY
ST0p0HEN,22,LA
ccIWACLi,61,SF
o05CBjUd,35,SF
K8kaxyzL,68,LA
3yoALUlp,33,NY
5cuv3JdS,61,London
RWP6aX90,23,SF
0SZGYIxO,18,Berlin
urIOEsfw,29,SF
5g4DUrlu,41,London
Ae5Vo0Y5,28,LA
BELrZLrb,60,NY
bMNOzl1Z,58,LA
Vu9ujPFY,51,LA
WguSwvd8,46,NY
Mdj5hXPM,49,LA
Ho0r1uF1,38,LA
8HAG9wDR,57,SF
88KLnCOH,50,Berlin
Hc10AWZe,50,NY
8APfAtyO,45,SF
weFABwpc,61,London
DseGo1he,53,SF
ZqDZVviM,18,SF
ZVSTbqmy,29,LA
AUsVmsK9,63,Berlin
CAz9F4c5,50,SF
tnbxf9Gb,61,London
i3zj3cNs,22,LA
Mt880bZ1,19,SF
oldSwbpc,53,London
8rthvfeX,41,NY
URQRrWOc,60,SF
jdu1U7p6,67,NY
nARlFdvz,68,NY
JJzve202,67,London
NrPxQARI,69,LA
lALzDfxR,64,Berlin
rq3NIqrO,38,Berlin
Jd5mS40f,47,SF
8ASuK3qG,32,London
tIs1t8Os,26,NY
FAiWaRhO,49,SF
8pmKb3NT,25,LA
W7yjz0ws,40,Berlin
QcBRV2uq,44,Berlin
9fC2h9Tb,59,NY
553R3g1B,25,SF
gvPZccJ0,46,SF
F2xnD6Ix,28,Berlin
H5QWT1pA,38,LA
rjaSckPS,68,London
Kw29TxPu,61,NY
PtY8zGDZ,56,Berlin
RyEcUrhq,47,Berlin
pi0Vbx9S,50,SF
GrwPbt0s,20,NY
qw3piMUf,30,Berlin
kf2QuQmn,53,Berlin
p3YmHNBE,40,Berlin
TQufwQ4q,43,NY
HG8XtHZm,27,Berlin
LeZY3por,55,Berlin
XVMGZGRC,53,SF
UNvEiKxG,40,LA
p88hwMr0,25,London
CHGbjcIb,31,NY
cS1kv8EE,41,London
2mt0NH58,35,Berlin
AgJI2jh0,57,LA
zF7lNu1L,54,SF
m5GM1uBp,63,SF
dCLUqUum,42,NY
5dp8B7UI,64,LA
DaDMK964,37,NY
Op1yd4k0,42,SF
KFeT3pR1,34,Berlin
arQ6Wagb,21,NY
ERQVZCKd,38,LA
KFszQMxK,37,NY
c9mkHeMX,62,SF
ViskL257,64,NY
ZnHZRLMv,58,Berlin
GOj2oGiq,34,SF
2YYZ6bJa,52,NY
GvQM1q20,58,London
RNN3njCa,40,London
VKfZcV60,38,SF
0PzQxenf,60,Berlin
JhGrWazu,69,LA
WEIGXjz6,38,Berlin
bzIVZ77m,41,NY
7APgTZk8,54,SF
FTof0vfr,35,London
MTbIe4ga,61,LA
c9q1RPyV,36,SF
ql3b3IFM,22,SF
Oz4RT3ZE,61,SF
3SrcgXeu,44,NY
MClX332n,23,London
vdx5GUa9,66,London
h4VbWwuI,31,London
DYczdWit,20,LA
3NL6qqem,18,NY
8T9dNIja,48,Berlin
4BnUtEAV,62,London
AWRh9p3P,67,Berlin
17g87tKI,27,SF
8Ewvpu1B,48,SF
hj7620Tj,68,SF
OHhO9nxM,68,London
wv4eh1IZ,34,SF
wNN0R8jz,56,NY
8MI22o4F,57,SF
hSzeFZZS,65,London
oQV5Sv1y,33,NY
tbHoq7Tn,44,London
7Gh2QSuN,33,SF
A5x2YX8R,69,NY
IVkLrycq,58,SF
BMXHRCGO,62,NY
LcONqLWg,21,Berlin
U8Wf1rfw,59,NY
9JM63pio,44,Berlin
3dCPC4Et,26,SF
dSmDRGNX,42,NY
brckunE1,41,London
LdLKYAKk,45,NY
DYuQ6mpw,35,NY
fVdohLY2,61,NY
J695UcKc,43,LA
kdt1mdWy,27,London
gYKhFNO2,66,NY
gbajT5S6,61,NY
7AfWjXTy,51,SF
jbkEHWjI,63,London
x1JJj6rb,55,NY
9G6qU4RB,28,NY
lf1otqqK,31,NY
KCefFwyC,63,Berlin
EVY6CIkQ,55,LA
CNvpFgIf,18,London
VY7NpNIc,34,Berlin
TsuOZxA3,66,NY
nrKhxyeA,34,London
117wXU2U,27,Berlin
oMHz6Ayq,47,LA
lpei1HSq,59,Berlin
7t5u1cPV,63,SF
0oUhsCPS,50,NY
8PIFPvJO,19,Berlin
p7ySqaUw,67,LA
J6zjKmTK,37,NY
o5WYc51V,49,SF
87pm5BvJ,20,SF
P1DXnRNO,53,Berlin
GOlAeuIa,22,NY
VglVbIg1,37,Berlin
Q82QUKY8,20,SF
BEv8denC,20,London
FUCURYVW,53,Berlin
xIasDAB7,23,London
AtCglvMR,56,NY
MJm3HQyb,53,SF
krw2Yc4z,41,Berlin
qJ926uOW,64,Berlin
PTXUYM6R,55,Berlin
cQSAOXhc,54,NY
8DaAvPbB,25,NY
VOSft8Si,55,LA
AUZ06Wsz,66,Berlin
0f1HHzbW,33,NY
PuzHxzd3,60,SF
Fkdmv8C5,18,NY
klbiB0M1,31,NY
WI76DVRb,62,Berlin
sf4Ymr6Q,27,London
tgidEJ3y,27,SF
8sTwCcqe,39,London
RgNMMzec,57,LA
hZ1qAkBX,58,Berlin
vN79CZTg,48,London
lKcOu0CD,21,NY
nW3P15xG,60,NY
1TTeqLsd,40,LA
W0f4zzYN,58,LA
BMlE4dX6,29,SF
myxnv3EC,62,SF
KZswe9w3,25,Berlin
q3RXnjKa,62,LA
6PI0W7Ow,41,Berlin
iCQHx8dq,18,London
FzcXdqRB,43,SF
dCC56CGX,39,Berlin
grE9YeLw,60,LA
V2JeyRQs,42,London
Wia0s5gy,48,SF
zXXtoKtL,51,Berlin
ukz9jLYe,54,LA
RNXZqTkN,28,Berlin
H8v3Em3f,21,SF
q7V0mJH0,25,London
QkBMQFjc,61,NY
QgLKdrtf,52,London
LPP3OeqU,42,Berlin
Dgsw1NJb,48,Berlin
BAZ3Q7I2,66,NY
DFU2Yqug,40,Berlin
anM14wRp,57,London
M5FyMobM,55,SF
O1yyJRqE,21,London
jIyXo8cE,53,London
9nGMdP7A,24,London
6E7FV7BM,27,SF
vGzAGOzR,23,Berlin
tS2pcQxi,48,London
iBmQwq1i,21,SF
uThgFAQ8,38,Berlin
CZFipJyQ,59,SF
T4w9YNn9,37,SF
udLBfotI,34,London
RUPDMOPv,69,NY
FDzwCmyh,23,London
7IUBA5xg,28,SF
uRgDOUDI,35,SF
8Wul8fAH,26,SF
GO80DapG,29,LA
Q3hy05nk,48,London
Hn0uxdiu,48,NY
ZGnTKI8d,60,Berlin
cBTsvhEl,67,NY
BvSrksh8,51,NY
g7C8iVIA,33,LA
cuw3ndzA,58,SF
rwmt1kCN,65,NY
SRmy7qCK,29,SF
40Y7B1CQ,66,London
fFy66bUa,30,SF
rd7cufUP,53,SF
m8avlsh3,30,London
Uunao8GE,61,London
VSfNLxn9,19,NY
nQjQ1imd,66,LA
h2EYi5Ej,32,Berlin
PJoknGMy,30,London
JPJU5hvU,51,London
KUcxL7k6,43,Berlin
We13LwyU,23,SF
V9QD2Yte,38,London
iPVrBn9Y,61,Berlin
6tz0sKI8,50,NY
ordkedGj,32,LA
OTeIgsdz,52,London
0lG2GYB6,45,Berlin
W3v7RL1q,59,London
4K7tvtA3,23,SF
Rep1CkID,54,London
nsLs7beL,57,London
N0Kc9Kom,23,SF
LofglTJL,28,London
mrUtfYO8,31,SF
AisCAyoF,38,Berlin
jRUsX5P8,37,LA
ALKNUklg,22,LA
T3gG3sn4,62,Berlin
sOBiikQb,26,NY
Fk2rlg4m,47,NY
PuSFArsP,59,LA
KUUi494b,60,Berlin
aIYQtKJO,55,London
2dTDN5Ya,44,Berlin
qUf5YMzF,22,SF
umkpyOBO,22,Berlin
hoZPFbVQ,65,NY
O3hJTD7E,57,London
JdO1OYgA,32,London
bdzTyEBF,64,LA
mO2HXIDf,26,SF
ZYijTZiU,64,London
Cgj3rxb1,42,LA
f8zAS4X0,25,London
l34E4ikP,31,NY
Kmh58lra,56,London
u5QfJ0S6,49,NY
7DIkhv8Q,48,Berlin
hbx6Homw,40,NY
CcKquB8O,61,NY
EqsoHco9,18,NY
lDnCZU9I,64,London
cytOprBM,48,SF
9wbBbPCk,24,NY
xjs4bEmt,32,LA
8EpKQAPW,59,London
w8cX8XFE,23,SF
pYOHfMsB,33,SF
CiOaBQMJ,31,London
eCbFamdK,61,LA
h5jC5Ego,34,Berlin
9LsQbXR3,27,London
4Hwp1EPY,46,SF
Qs5Q3hdC,59,Berlin
glNnjWTU,25,SF
bPezUwTp,28,NY
XmL0x1DC,35,Berlin
shBSnasd,62,London
8C0PRKyX,37,London
HhG1JUVo,33,LA
5MEHNGw2,44,Berlin
mK0V59wF,40,LA
2piXbzMY,31,London
G04jtIUR,29,LA
Tk7i4Svu,62,Berlin
CyCPFzyC,44,London
wNJQTJwe,30,SF
cRpFiqoH,33,London
S60ZFeb8,50,LA
0a6FIyJQ,41,LA
y9iPpNsi,29,London
LgBuTjGy,26,NY
BU6Dtf7G,30,NY
0RvR8avj,62,NY
esfSWRjk,25,SF
9t7tNhnj,67,SF
lnLHJzNe,35,SF
YtQLCsPl,44,London
oFNkDaC2,58,London
ICaNiv9e,50,Berlin
OOWOj6Jf,24,NY
UofJT42c,30,Berlin
NjhvOcf4,32,NY
ElO3mLvZ,51,LA
dxi2aavP,57,Berlin
LumqyjdQ,37,London
Kx5emwv5,54,LA
ZNjqhJkN,58,Berlin
FjgWaUb4,34,LA
NjlMtn3X,46,LA
BLRTdKWv,38,LA
NJnEO55F,31,London
GstlOthn,46,LA
k0JXyXZe,58,London
PTkcUBGK,64,SF
oep7Hhos,39,LA
sT2eXXjF,69,NY
NYxqRnIO,50,London
YNScZT13,30,SF
4ZhA2D09,59,London
pfIlg22M,48,LA
AL9lzmv8,29,London
fROcO1zh,49,Berlin
GaHUpWVN,63,Berlin
ppfeSm5V,23,NY
2m1OPd9j,28,London
WrytImkR,40,LA
pLgjpQIT,24,LA
1jB6bHL0,37,Berlin
xys5Gcwj,21,London
A9BlSyTY,38,LA
pHWhy8Aj,61,SF
tWXfydrO,47,LA
tJmdo5p7,42,London
bUZB4oPu,48,Berlin
yJWXAUFG,19,SF
POnCx9nl,37,LA
VJsHKNaA,63,NY
AGysHnVR,58,NY
DvAmUwIY,31,Berlin
hDCejBhq,55,SF
VUSqWdbV,40,NY
WoDOGw2S,22,NY
CYSfdGmr,69,LA
NvpKmziJ,36,London
iwUN7irJ,67,LA
bfFZmPFF,24,LA
VRBuV4Hn,38,Berlin
giORcvqL,50,LA
VvaZfvlQ,37,SF
mClq1Xrt,26,SF
PGIV6ijk,48,London
nYrDjKHT,25,NY
lbPbxqry,28,NY
3QmPgdaY,24,London
frKqTdU1,38,London
RxW4806A,66,LA
mh3Ue2yO,45,Berlin
tllCwjBO,32,NY
ErbW0Eap,25,NY
r7HoJnE8,69,London
5jud1EBc,29,London
I0lP7TbQ,22,NY
uVrRzoTR,25,NY
f71R9K3J,54,LA
IoNxNaIT,31,NY
a1435zyp,21,London
qizYhOLw,44,SF
bh2v1AOX,32,SF
74oY1bY2,37,SF
45sCkckV,39,LA
KyaiJIdF,59,SF
zwknYgfD,66,Berlin
02yGcpE7,53,Berlin
0QshslVV,47,LA
WdJLJQmp,50,SF
t8HXRt7s,45,London
MphkLxLv,55,LA
vgywM9Rj,57,NY
4RiLlF7k,21,LA
yJEcg27T,31,Berlin
6Glg5WNQ,19,London
uHg6w7R0,54,SF
vb3QdIX0,64,Berlin
ClrYgcOE,36,SF
Xgz86vjj,31,SF
1mKtXmUu,24,LA
mtJuZ65c,26,LA
aEfINADG,50,Berlin
BdHCTHPD,41,SF
hzlL7VMd,69,LA
21cG4tuj,59,Berlin
KtgPKlea,60,SF
TKUbS989,38,NY
HvLHRq6s,61,NY
QLmG3SMf,18,Berlin
mo8ocLl3,38,NY
FyFUMs8Q,57,London
2baekX3q,41,Berlin
Jtg7hTof,55,Berlin
OTxsdXvg,61,SF
bNzBzxyJ,58,London
DQRUhRuP,21,Berlin
4PKLVS39,23,LA
4EXNY4ds,20,Berlin
Uy404FNp,51,London
EudvxoRf,42,Berlin
aV4e2Wi8,44,NY
NPK09DCe,35,London
4GifpMR5,22,LA
y9mKxb63,41,London
Dc0bxbKT,49,Berlin
LVC2AO75,38,LA
hVl1qGsv,61,LA
6kxkY6H2,51,LA
2KCpEMJf,46,NY
S3vTjNNf,22,London
AoWdHS9A,67,Berlin
oyAm7iAc,45,NY
jIRunyBm,23,LA
YxzrS6Ww,28,Berlin
OCi8LezG,56,SF
PvTixp40,65,Berlin
WoBhk1fd,25,SF
AmXole4l,52,SF
irmVj1kV,28,LA
xlnKpZLe,37,SF
DDAxoq08,68,NY
VxxacEZR,60,LA
T1vdV8zN,39,SF
UGlvAeBo,58,London
2GgvayeE,29,NY
nyQ3cs2w,65,London
PScTK84F,22,Berlin
giGkIfdk,51,NY
mHph8q54,59,London
mKkAOO4U,51,London
AWqh3m4b,47,LA
Xnk2CDNJ,40,Berlin
omzOX8fP,53,NY
qoyaCcR1,42,NY
OT1GavVE,65,NY
UWy2YLgw,23,SF
Zcuw2rth,59,NY
rCrSjed3,46,SF
vRUnPEYl,38,LA
qsqkqa3Q,24,SF
ZKRWiEsI,54,Berlin
0VfiFRxJ,62,SF
ZoTb3Xct,58,Berlin
sgnvP1IN,26,Berlin
dCu042Tn,64,Berlin
i21rTAjt,53,Berlin
MNVQtI4O,18,NY
A2zfsyNA,48,Berlin
dXGseEO2,37,London
Y95zDB6D,45,LA
b2ufk4jQ,63,London
cL0zqp2i,36,NY
pSBUoWfG,18,Berlin
FqH0PptW,46,SF
Flchrpzz,27,NY
h1LT4V4e,53,LA
vzHg4J5F,40,SF
RTyZ3TxG,35,SF
9I0QApzr,46,Berlin
xRhE3EGh,45,LA
r6sXj7OT,61,LA
yfbHPnjH,24,SF
TTtcZ9uh,48,LA
MvBI6kqR,55,London
7dcoY6cr,58,Berlin
blOEjpnR,19,Berlin
NblnGDt7,32,London
u9edK2UT,39,London
gIXkkqqV,62,LA
xrJcUThj,28,SF
Pi6zsFv1,36,LA
SacV26Jw,23,London
tYrlilpU,26,Berlin
146RbR24,61,Berlin
FEWTZL9F,46,Berlin
CC7Mon1k,60,LA
Gdlg7iyC,20,London
IuIr7uj6,67,SF
d0KMM7Ez,62,LA
zR1SqCE9,30,Berlin
jKM2hvmX,64,London
s3Bazfr4,68,SF
uwJw3fsi,64,NY
aWdvl1kw,32,LA
rjhGV6r2,22,NY
9eltnLtd,22,London
j7KhcKxX,19,NY
CVEgkJUh,67,Berlin
bmz4p1A2,55,LA
smYtppkP,67,SF
w6koo265,47,Berlin
ME3hbh2q,45,London
SZ49XKzO,56,LA
mk3BG7Ya,49,London
e9YcG4se,37,London
HKEWho3X,37,London
rPJeIVzN,46,LA
9VbJDXvi,52,Berlin
Iz3U1YPl,49,London
ENgShINa,34,SF
cskNvaxV,69,Berlin
xKyP806z,68,London
ITxD8oos,25,LA
NYWl6Rj4,38,London
rQCpsr9l,40,London
V2g8bxRa,68,NY
ovWqlNrS,68,NY
CgT3VC4h,44,Berlin
0PPpOn1w,23,NY
QYNkOCu2,69,LA
wikvI9Ql,25,NY
0d7jNxbv,52,LA
ohyrCpuA,22,London
fdCvXPBr,50,Berlin
heal0m3B,18,NY
PZjOkLOZ,41,NY
IU8drhEu,49,Berlin
KjCHTSEC,50,LA
uuZOZZJ5,55,LA
aCeF50sa,19,NY
7zYcorp9,61,LA
Lb0dpdTU,34,LA
E9lvhSP2,27,NY
FPfV0km8,54,NY
QVXTLdXS,54,NY
uo2h1dfu,19,SF
dYqL3rM2,29,NY
MJJmC4Tp,54,SF
IYG9aDgU,47,London
rEaP9R3Z,32,LA
qfLk9ely,40,SF
G87pXV4U,69,London
UbxzZVHI,35,LA
6LZopkS1,48,LA
dcG16Q9Q,55,LA
2SpO77Vp,46,Berlin
5MywhW5b,31,Berlin
7Y7kwIYQ,60,SF
FOyJVrei,57,SF
IGUvQx8O,40,LA
Y5MWpYWz,42,London
BZAZSXwU,58,SF
oQdiZ6ry,55,NY
deVWEQHv,45,NY
0aZL4MMF,52,SF
C0MQt7Y7,47,London
crEK0TyJ,44,NY
LOKyTuyU,25,LA
nbLKHxBa,65,LA
MMusucUG,36,Berlin
0ePjYn1Z,18,Berlin
nUDZ2crv,62,Berlin
y9Ajl6We,61,London
67XYQ25h,37,LA
exKiEt0I,47,London
7CiwB2zJ,46,NY
4qRE8oWr,25,LA
kvyE1ZRq,31,Berlin
iJjJnKAf,55,Berlin
pNVqrS8L,20,NY
CiiTLplM,20,LA
WM6KDPBY,31,London
zPeWZSjo,38,London
vJ8MVd0X,52,NY
aZaiipCD,61,LA
DbyhOpxF,61,London
kwAO3Loo,66,Berlin
W1FmQn5W,60,Berlin
hte5D21Y,58,London
MPW5u3D4,44,LA
atVbVLgl,45,London
iReRn0yQ,45,NY
YXEQnw5j,22,LA
oR6OqFYh,60,London
RNEEIqkU,56,Berlin
1TejHXMH,27,LA
5v9RQ7El,26,SF
r3og1s0o,37,LA
f0zXFWsQ,46,Berlin
QlDWQ1Lb,64,LA
79SMrGUq,46,NY
h48IhU49,45,Berlin
U5jcecSU,28,Berlin
PvuCSgmd,38,NY
MY3LT2lp,52,SF
p15xJkV3,40,LA
YNSrU60l,46,NY
wDcToNHG,32,LA
qiY1fTMN,34,LA
L283tC5Q,41,SF
89Ylz8Gy,52,LA
X505HDAO,37,NY
nxuNMW6D,53,LA
9LqgBmLZ,28,LA
dFM5fw9Q,47,SF
wnnJ3XjN,56,LA
IN867JHp,37,Berlin
U40rY0EG,39,London
JaqcCBO2,41,Berlin
ULpmPPpN,31,SF
a05FSCld,53,LA
ljPqNAb4,30,NY
bL86Owce,18,LA
5vNarX8B,67,LA
W6x3IpqZ,44,SF
kkFs7Xp6,30,LA
nsAO0Utp,52,NY
bruLD9P8,25,NY
7MRdTRFe,35,London
AxSyy0UO,51,London
ouh3aeLM,69,LA
XN9qmFB3,23,NY
Ov6E8AfW,44,LA
3auLXzsS,35,Berlin
WcgUWFws,67,SF
gGwZTCyq,26,SF
9y2P3jmB,32,NY
zWt2ixME,40,Berlin
lURCCoCz,20,NY
Opb3kOwn,26,Berlin
z87JZpCy,39,NY
B0CbawPK,67,London
vA904TTj,40,LA
fn5Y0agS,37,SF
BvhgzRSR,69,SF
DZCIlqQd,24,Berlin
zwODU7z2,34,London
QYCUVFaE,20,Berlin
Ls6LeVOF,24,London
GXbmEKyF,30,Berlin
wpAI40Sv,58,NY
iDIra96s,58,NY
BQCFPcBQ,40,SF
B3OrriV2,54,Berlin
ebp7Z9nz,21,Berlin
4SqdJQM2,26,NY
kwsAulSY,23,Berlin
PuU3oFBW,59,SF
oPeOq0GJ,35,SF
gp7AjXaI,52,Berlin
0RKgYt9g,40,SF
QET9xroL,48,SF
RXlLdspt,37,Berlin
pR6dLcpm,24,Berlin
nAy8UIaO,29,NY
seX2UEZx,54,NY
Dr4CpVNk,66,London
IJW6GODm,68,Berlin
MDlM0RV1,21,London
8RNX0733,29,Berlin
pBYoUmll,32,London
QvuhCcjV,19,LA
PrlZ5U2t,64,Berlin
1ulSJuhC,28,SF
cGjVCJxS,50,London
0jwqMccn,31,LA
Az5wklfZ,44,LA
4UHkgHEh,21,NY
Kb6BvNUg,55,LA
u5Ktihld,57,London
pqQMEriI,37,LA
bizM0R85,19,LA
GZtoIGkz,21,NY
PZixR4T0,66,NY
sKgCZAFT,41,Berlin
jO0OFAWA,26,SF
PgQGZNNR,36,LA
Tnif9prd,25,SF
DnBM7spm,58,LA
B43ru3Qt,45,NY
mma8UE32,30,London
yJFwz71V,25,Berlin
3n3XNCOF,31,LA
8dkqWN9k,67,London
SFQGHLoY,67,NY
sRK47B8t,27,Berlin
jzPLcAra,37,SF
o7A3VuYc,18,Berlin
GdYRotTv,29,SF
yAaxYIGM,52,LA
9uiY4p7S,37,SF
RlpqknSe,29,SF
dtozCAsl,67,Berlin
r8lKwqkE,29,LA
09uQIrR7,56,NY
fBkoWMAw,46,Berlin
ZBhFyKIm,20,LA
s3V1Rd4B,24,London
aEQoVvRh,40,NY
DQfsdZRI,30,SF
6Rw2JlpE,28,London
s0sAXeZ6,42,SF
5tjMwJp8,69,LA
xxzB0oOE,37,NY
KpXFqgGu,66,NY
icUVthxi,64,Berlin
ZhAvpIcY,44,LA
MEDzroqj,23,SF
OaLuobvZ,23,SF
4qn60Qjn,56,SF
0ETd1Bt5,58,SF
vndSaOft,26,NY
NnmDBawz,38,NY
8ZKGiaOj,35,SF
PVkT0G2C,18,Berlin
dFr93O6L,67,London
CRPKdMEx,67,LA
9WJaLWj7,29,SF
uceFsJvs,18,LA
rdPprCT7,45,SF
qsSePj8s,41,Berlin
xFHDk7MP,36,London
8ciGs9tE,31,SF
FCxSwGnN,31,SF
wCKqciEO,43,London
uzukpiNE,33,SF
Thq2mP9K,41,NY
LFG9bPtf,49,Berlin
R8fwd1od,23,NY
5q4CiXfZ,66,Berlin
PyyCt4km,62,NY
0EvjmUnJ,47,NY
GQO0HztA,40,SF
R0fmkMrz,36,Berlin
THrptHop,42,Berlin
OCNx7kha,42,SF
aXWBEdWD,69,Berlin
TIInCzbN,19,Berlin
UHYXDyyv,27,SF
xAaQlHeg,58,LA
s3xhjXEI,44,London
annnBBuI,61,NY
qOYLMqql,25,Berlin
Br3vODHP,58,London
y8TiZUVE,60,SF
BJhTKp0l,50,Berlin
57vBJaNe,60,London
WcWc1hjT,36,NY
w1EhVcgZ,47,London
hyoEMxWL,51,LA
WOQ8Uzr9,31,Berlin
x6vb6Y8o,53,NY
Qlrbf1uV,37,NY
o3xqpbq5,40,NY
gdEMh6xR,32,LA
trNsceKu,19,London
BA8XkmHa,41,NY
ZNOKs0x3,41,LA
vQ5Nh3jx,48,Berlin
d1Tsn1yW,33,Berlin
hgaMO0N0,21,SF
YEG3DQB5,51,LA
wilMToeI,32,NY
P1Ug2Ym8,36,LA
AY7nXR64,36,LA
mHOxCnaB,65,London
Il4ZVrq5,61,SF
hLgfqN6S,52,LA
0qriSczf,37,NY
fghh2rIB,64,SF
3gVogaxa,56,Berlin
4pPIP9PZ,58,LA
AfX8kwPt,46,London
Lbibpfy1,32,NY
4P1lUVl1,37,LA
l1zBVERt,49,London
0hMSLc3O,30,Berlin
LB2tkrTU,24,LA
xiiiHrhC,33,London
7ZRSfKfm,27,NY
8ZxGzYiP,19,NY
8uiGDIBe,68,Berlin
zzRE5O7M,55,SF
Hr3SClN0,35,LA
vMFPZmen,51,London
dlW2fpxH,38,Berlin
Q2sDOjei,38,Berlin
Deajxup8,18,London
8fw6Ocgc,32,SF
pKbwrxJQ,27,SF
9ONHcS2f,52,Berlin
wlFG2aVL,42,Berlin
MFbrRife,49,Berlin
bHXsrx4U,48,Berlin
B6Kme5S9,27,Berlin
JVXiNCN3,20,LA
TPJHM2Sj,39,LA
3xxC498Y,55,LA
c7Ba0d1s,19,NY
N5WzFhC6,40,LA
xvwnzKSY,58,LA
q2YXmKlN,57,SF
9VlqMmBo,41,Berlin
gkmVEhl7,49,London
lqEBnirm,50,SF
90sAXH6O,66,NY
UBzDQ4gT,44,SF
MzOY78Qe,30,London
iMUjvn5B,54,SF
mXlmmom0,56,SF
WoNovIXN,46,LA
2d4EYmy0,58,NY
J7reg8Y5,42,LA
jf158Nte,63,London
FqSgzegB,36,NY
lGr3tUCE,18,London
A5KGKsQm,52,London
a2TcCtCi,33,SF
eDZu87v5,25,SF
WsFJCTE9,24,SF
7P79jjSZ,38,SF
tJxV7PvH,28,NY
tCuJU2Gv,43,LA
OPCbVtMs,32,NY
3LlVaUmb,62,SF
5OWcFl0o,69,Berlin
JmIOIRm3,23,London
YatrrSx0,54,SF
KIvPQ2jd,21,SF
MCEWT29S,36,London
XfCQDgwD,64,London
XaqJyYnm,38,LA
JeMbr8c6,54,NY
aoabcJjo,60,London
Y9lX1IJb,35,NY
WVZNjEZT,59,SF
qblV6k7E,65,Berlin
PYkXfV0Z,53,Berlin
Ox3q2rmj,68,LA
b1ueHuMe,54,LA
pwHwgIuM,32,LA
7Rp5xKpL,55,Berlin
wPJSQ6cg,19,London
3xxbCb1z,59,London
WxiBR5PO,69,London
U3nRDJcQ,48,SF
7a5nFhU8,23,NY
uDGei0pO,36,SF
hIRJDdhC,55,LA
RutTsa7G,32,LA
4Pry4Jik,50,London
sWKslSVC,57,SF
wp2z1BL5,43,SF
68kGWTvs,47,London
AoMxCQEw,28,NY
INIsao70,63,NY
ISanuCE2,18,SF
KbkS9Cf5,31,SF
bLGn0JWj,27,NY
AiLgHAyk,34,Berlin
K6MkmiHg,28,Berlin
bgcdXvvy,59,LA
AxwkRlMU,32,SF
mtlvzIxl,29,NY
Ubd4ip4z,20,London
JTn89WCf,39,London
7stAjYxe,67,Berlin
u72sIdEz,43,NY
Wx3rUMdQ,56,Berlin
9qmDQdMp,60,Berlin
n2eYAWnv,67,SF
rEC7LJHq,66,SF
9GM8JEJZ,40,NY
93dplYId,33,LA
a9Eediui,20,SF
B5Hjxs16,47,LA
A56M8io4,30,Berlin
wBdi4Op9,25,Berlin
H1R87E4c,41,NY
CpwPb1L3,22,NY
uNqEEj6Q,24,Berlin
QbcOq5Pz,68,LA
pvXBOe6f,68,LA
DkMwmrjn,44,Berlin
7UJS7JUH,29,London
U4X2HY02,58,London
bF1iVssN,66,LA
KrtAmiZk,42,London
8IpTZLJH,59,SF
K5yNhX0p,67,NY
GgEkST75,50,NY
GraqyPTr,32,London
ZHuHSXH3,48,Berlin
ItTN9aMK,28,SF
yxpRLken,53,London
JS3M2tCE,23,Berlin
NiKWQ855,62,Berlin
cZ1GOgvR,43,LA
JnUoBgtE,25,SF
UDtXd2fH,56,SF
bmoT5V6D,54,LA
F7aZuUld,54,Berlin
asrE3TJ1,65,Berlin
XLUL4EP3,47,London
OSAIEYFI,55,NY
0sU9OboO,33,LA
yQimZ7HL,32,London
XzLPVMmV,55,SF
B6f9bOFn,25,SF
ts6jSfBj,52,SF
wb1VAZFd,26,NY
ay2tdUzM,38,LA
VL33jg8A,58,NY
H9zjoKAa,22,Berlin
V31UvQmS,36,Berlin
0bIhvZj4,65,SF
BRVLuDhk,33,LA
ztpxJIsZ,35,London
xSHScNl9,29,Berlin
SEO5J52f,33,London
mhy0BU6F,22,London
aWHAR54S,20,Berlin
yeXlGLjF,24,London
A30mnjZv,69,London
Wdaq3xUB,49,London
3XqeiJTQ,48,NY
cvz0DrDn,31,LA
CZ62rAvn,41,SF
Epg3ppAu,65,NY
AlIRsbqJ,50,London
t0NFNCX4,22,NY
3qo3q2b5,25,NY
MuIT3Ptj,19,LA
aUAcC66v,56,LA
HipcqOKm,55,London
GdgsvAdt,59,NY
lsbMmoB8,52,LA
TpUSd0Dg,55,LA
pomJ7YD7,68,NY
iIs9Q0YB,51,LA
95ILcEBA,68,Berlin
qMC4GPh1,47,LA
XSbh8eO8,66,London
8hE2P3iF,40,London
SPR7Lq2t,21,SF
LO5fo1pd,52,SF
kXpnpBe3,31,NY
HPiwD9wz,39,London
kjZamf3R,47,SF
ujmBhBDz,20,NY
zcfOv5RM,28,SF
eV5w0C3H,27,LA
Vt8bPXf3,20,Berlin
V6NyFjWH,58,SF
7aDWXwoL,65,LA
zDDTsHbv,67,Berlin
xzkxwNqm,22,SF
d9dcltEh,32,London
0jrLYVoO,65,Berlin
Vycp9qgd,67,LA
cd9oNvim,23,London
XyPqz7nG,21,LA
w8NUvzPG,40,SF
J6kdzpeI,62,LA
ofr6uNvp,18,NY
n9IcpsMd,51,LA
IfQfJ5pa,32,LA
FGlBjSG4,21,London
bL8E64JL,44,LA
joFlZwOg,30,Berlin
4rK36FH8,63,LA
zu8yChQ9,64,SF
ixusrZOU,57,NY
LZh9d1Uu,49,NY
3AlRiJRw,26,LA
ZsfnRXsA,54,NY
HVNPr8wx,42,London
dkV9xW0r,20,NY
kDIrqh9R,56,SF
JznNfE3x,57,LA
rcqxSE1n,33,NY
RQ2Fi4PF,34,SF
go22hrww,44,NY
0JIVSkcW,27,SF
M5pTGy2U,18,LA
Ja4iKc3x,68,SF
I4jwDBSz,67,NY
W9bxflQO,46,SF
1YYvsOcg,35,LA
CdwmgJZD,69,SF
D2wTtCXq,49,London
D9FKZTdV,54,NY
rOZ8iZEA,60,SF
q0G2keyl,50,London
KE6IyBdH,39,London
nEW3oAz1,60,Berlin
9XO26UfG,28,SF
sTDp6fH0,54,Berlin
6sWc1NAF,46,London
N9i5KKfy,37,LA
IMx3k9xr,39,SF
FAXof1Ml,49,Berlin
0AQfGadn,67,NY
E1IjpFrL,25,LA
c1k2F6bT,39,Berlin
dpoAS957,32,SF
MvLJU690,52,NY
XiH6Zucp,33,LA
LHfO6rGP,69,London
OVtoJUUv,61,Berlin
fU4NUtPL,46,LA
h0lK7o4V,51,London
Svt9l0U4,37,SF
JDCyt6NJ,69,SF
RiAf8YDp,30,London
6M79EOhN,68,LA
Z0faKtvO,30,Berlin
s3GUXF9w,48,SF
q1ZWsHlz,38,SF
wPgcfO4O,67,LA
SXbL8aG0,47,SF
EJcrgw7b,65,NY
QpLj2Xhr,42,London
mrdGhivs,47,Berlin
Wg4UWDz5,27,LA
r42SRtLS,24,NY
ZfnGr7xd,51,SF
Xc8VGwol,21,SF
8kM2MurZ,39,NY
Ag6cLGBr,46,SF
vbkKnLYf,21,London
4u8dtEzd,18,SF
ntzd6Tbi,65,Berlin
17tzpcSF,40,London
qd7bnmde,40,LA
aaEgCZfb,23,London
N0fQjzZT,68,LA
gfh46zE1,22,LA
Epcuhhpg,40,London
8lVyccO9,55,Berlin
LasnNluu,24,SF
NzAGBdT4,22,London
ZifFgOAy,50,LA
sqrrb6mX,43,London
hUshH5Zg,38,LA
XfSNvghz,51,LA
xFl60EQc,43,NY
Rd0NsDep,27,Berlin
P6gv6A02,19,Berlin
AkpW3W6t,37,LA
YMlMgf8Z,31,LA
1l7Cb8gR,24,SF
nSpZL4Xf,27,LA
hEaKuV6q,48,LA
JMPkwvT3,25,Berlin
BgOo1bAF,18,LA
PGqVXsqD,46,SF
nw34gXaR,48,NY
CCldgnoV,25,NY
4IM40Rc1,33,SF
la7YJ8QF,63,LA
mE9XEg4r,36,SF
h4c7sC1z,43,NY
wxH7DXSO,27,Berlin
f0T6SxG3,35,LA
UFujnYIc,19,LA
JhUHHqbz,54,London
ZXmfxQj3,46,LA
HcSnUsJ3,19,London
9jD6NKVM,69,London
68MgChIl,20,Berlin
ogNpVZGK,41,London
nBhqjbmU,26,London
TWQwkmRD,60,London
RstnHvDn,65,London
ymacqhu4,31,London
bBkrbmMH,63,SF
VnBjXmEj,69,London
0m3GsLX1,60,SF
MJvdlYch,28,SF
LrDkpI71,67,SF
zz5S20wH,60,LA
KKy7q4yK,41,SF
xUMnAzKN,31,LA
eMzmx3m7,68,SF
Z3nRM4ko,35,SF
ihxnYJui,53,SF
UyERvQdK,30,Berlin
nSWRzFke,51,LA
jNEQXIuE,36,LA
Hpi7FvXh,58,Berlin
5Z7szWoU,28,London
eHMAnkdc,66,SF
vBFhRaBR,43,NY
XyaGRZgY,22,LA
d1ZuNwXW,38,LA
69pRB3aY,26,NY
dC4V7C0V,65,NY
yAFWD9hG,29,NY
RFU9A7Cg,18,Berlin
2nbgcaOK,66,SF
WPUleZZG,31,SF
VySNQvTS,43,NY
qa3Yv9z3,24,London
ajTeQNLQ,33,SF
6YbjHIih,32,London
gJm2Awsp,21,SF
9K4A56lS,47,London
0ptyXOiO,40,Berlin
MPujfpVH,39,SF
aBlWTEUT,32,SF
cnFOxT8F,34,LA
8xOujgyD,19,SF
yKO0oWCh,25,LA
NXRds9RI,23,NY
ZLUMngGC,56,LA
4ZiYBghr,45,NY
jc6PW2gw,65,SF
F4oSifoi,22,LA
FmMJ47FU,38,NY
UtB7RwuV,67,LA
NDoJ5pOk,37,NY
tBEsrm0U,60,LA
OIefyhS0,51,NY
kkpmwM5u,24,London
7TNtmB6C,47,SF
OM4EzuBO,47,SF
qsMfcYri,32,LA
JAPQF5FL,44,NY
HGlWsV0t,26,London
crpdYSxr,44,SF
eu9bRoCi,19,LA
M7dcw1X2,53,SF
qx7gQecU,44,London
PjKn8XGh,64,SF
yr2CuiMe,57,Berlin
Nqvd3WoV,42,London
xhJG2crR,53,NY
s2WKraiH,57,London
mXB79F9N,24,LA
QJjix7Tc,30,NY
gXBIUUrY,54,SF
uHbdxNm8,37,London
7iDUa7rO,39,NY
cDNrBvIK,35,SF
2bGgXDKq,68,London
wojfxrhA,28,NY
LDzbPq5j,23,LA
YpLxvYJ5,21,SF
KCdBW6vK,20,SF
SCBa32B8,69,LA
Oew5KFCk,23,LA
OVv1hu10,32,LA
ibTULfuw,20,NY
Zumvk1mb,34,LA
5q1W7rFT,47,Berlin
CmhKSFDg,39,NY
8heODxzC,19,LA
Kph02Ot8,33,LA
XvR8kVkh,39,Berlin
nQpEZidy,66,London
lzSUQoxy,28,LA
tz80qgQR,53,SF
H0Xm1M7c,29,LA
SGRbMsof,57,NY
xcVxHUhe,52,NY
uG3gVtx2,60,LA
La1zvE9m,62,NY
VT15ByNo,58,SF
DC0b4ZnJ,32,LA
aFAyASBa,61,SF
cdykt8re,59,Berlin
6Au4MUeu,38,London
iBEw1uSn,21,Berlin
Rr0lxHlG,24,LA
WwO6ZpmN,46,London
ADGUh4TA,58,LA
tIhrZFK7,23,London
wSTN3x2Z,56,LA
zA90w5Fr,34,London
jAUab3aR,53,SF
5EsLfHpl,19,NY
kQprd0yl,34,LA
41FdiQOu,46,Berlin
slrPsKSB,44,Berlin
HN13Li6v,24,LA
Ru4H0JyT,28,SF
dXz7JSbg,43,LA
A391XGvR,69,London
ctUQ7UGd,67,NY
R764AR4Q,56,SF
0PK65bmy,49,NY
WJRncdVd,67,Berlin
7koOgU0W,40,NY
bWQfabMh,68,NY
nP2pBDWI,63,LA
Ovkbj4Nn,57,Berlin
yk8JLoN0,24,NY
NUIunDo0,18,London
hEl9ivCV,42,NY
E9X5swX5,48,LA
NAmmRtAz,23,SF
QAAhajcP,45,SF
QYqxobao,48,SF
GlW8JvjU,53,London
gnZO5yKJ,33,NY
J24wCh6O,32,Berlin
uYJqzAR5,39,NY
toaD1CDb,35,SF
z7uzAq9r,67,SF
yYji9T9p,25,Berlin
1VFQcvQj,27,NY
6uTdCIJT,54,SF
IqZBWU1a,56,Berlin
6AMbqSOI,66,LA
3ACk3O01,23,SF
fRk0W2uN,60,LA
SzFjYcsg,27,NY
hsM8XBAM,56,London
rgCefcke,24,NY
90FeHOYd,59,London
K6wPB6jF,62,Berlin
krUuzHyn,52,London
tsv3Y00N,45,Berlin
sTE6F7dU,42,SF
isE2yE7j,45,NY
LBPgJJEp,26,Berlin
E3stoNRw,22,NY
uKkLG1jZ,33,NY
84aTFchT,46,Berlin
CAcBo7bM,60,Berlin
otT53ijn,40,London
3QrlX2k0,35,SF
laXXtvpQ,43,SF
R2GdF8Ui,64,LA
JGedg6of,22,London
6GWjKWHV,25,London
tOLHebWg,57,NY
9j1q7IGb,36,NY
lKxu436z,54,Berlin
FCjfLgan,45,LA
NcuANUur,21,NY
iDZXGG88,37,London
7gU04uwr,67,LA
svVrtfrK,39,London
3bdERwDA,29,London
q4GB5oAY,18,London
j60dXFtr,25,SF
V9UcuSe1,58,London
TLS9QTqs,44,SF
9GG6CzzF,38,NY
H2NqS7Kz,62,London
P1DSiuPZ,50,Berlin
Wvh3Ptjl,55,Berlin
ym8pOyZv,50,SF
rBifSuzw,63,SF
Hh3gyTPT,54,LA
itQjV1GI,62,London
0BbxCg0r,22,London
WbxWuo1k,32,London
D6oBqb8m,47,London
Oum2PCRv,20,LA
uwFsPjLn,45,NY
64hd41r5,47,SF
4kZutY8h,53,SF
mgiEr29W,20,Berlin
mAqE0nvZ,69,London
wWRF8ci1,61,SF
WFXGfLF9,48,Berlin
aPW4GoSt,31,LA
JVMaMKY6,23,Berlin
1Q2dEGBd,36,London
Wa1Tl8Ek,22,Berlin
NAE7H08o,66,London
HXlCnaFC,68,LA
Am2k4rXv,43,LA
7N3MHo54,67,LA
BT9KAQUj,61,Berlin
cnWLxNhK,35,London
uVRsIwmS,54,SF
0R8ElprY,62,London
osuyXgOp,53,Berlin
6pxHGRzR,48,LA
plH1Bmg5,35,NY
aRtEgMgM,69,SF
kqVxofj0,26,London
HgXGw8IU,43,London
4idJGXif,19,NY
ma9BKELy,49,LA
AMZ0PUsX,59,NY
6LqSucSs,62,LA
w7Faj35N,23,London
7c5yVvb0,37,LA
IDmxfzFR,25,SF
vW9NEXVI,62,Berlin
YlHyujeY,21,Berlin
5b9KpUcT,42,LA
uTXKgyhu,48,London
cq1Y58Wv,36,London
Z594fH9g,24,LA
IaRH47Yy,64,NY
aU8pUk0E,54,NY
AmwBkSei,47,NY
XMa1FbBO,44,London
KBkcMC93,34,LA
cVrqUjqB,49,LA
7iZFN8VG,36,London
Ti8l3HMz,42,LA
GKAFupfj,46,SF
m8FeeCuq,42,NY
tk1ieQq8,49,LA
mCQLOzFT,54,London
sfQobthD,28,LA
Mi0Uqu2o,21,London
hl1Zq8Ar,63,LA
ceTcRfrr,48,Berlin
4GtuT59v,53,SF
QKGT5LH3,21,Berlin
Yo4AKkga,19,LA
BVvqfpus,56,London
asEOdCoi,68,LA
sMR3YGLO,50,London
ruuDFJ7t,61,NY
lo0KjwXT,44,NY
S23KN5LZ,43,LA
0fJVqGRO,36,NY
hSeLaIel,61,LA
5V4vgTCr,58,NY
slWQgdHZ,56,SF
p4Qp1upK,50,Berlin
mo92sTn4,55,NY
2XVvtP4e,27,SF
834haAnF,18,Berlin
Ct6W5fJU,67,London
g96Wm1hx,52,Berlin
Hflot2ws,28,Berlin
Rzk9MqUZ,31,SF
thmxQ4Pq,23,LA
E22KL5kj,60,SF
DZ50xUn4,56,Berlin
FDm86RXw,57,Berlin
Hjqsc80h,42,SF
zmeHqrKf,40,NY
mUCFEBmM,22,Berlin
E1BKYQuL,43,Berlin
oGQvRvoX,35,London
ZV8YUdk6,49,LA
n3eDYKB3,64,SF
hVEdpTlV,38,Berlin
94rCf6CY,43,NY
Uf0uEj7h,67,NY
h2mLStR2,52,London
MhEF8ox4,27,NY
AgC0y6Wj,45,SF
ai04kZ1W,48,NY
bAFsgk6Z,32,London
bv6kt9m6,57,London
s0INz20m,25,NY
ysxGpgg7,63,Berlin
m9cxAQ6V,27,NY
5PJRxm58,62,London
4ZURGRMj,27,Berlin
6WWXSKF3,55,London
OyFehm0t,35,Berlin
yuBR0Orp,65,NY
b4fIxZlw,45,LA
LdcY5UI1,45,SF
sTGhDN4q,67,Berlin
7xRYB7Bo,37,London
uU8ueIDL,41,London
mbgXkF25,23,LA
KIu4TRzr,58,London
r2cMA0wd,65,London
79mSak2U,49,London
zEgXdVox,23,Berlin
nAIxLiM1,28,Berlin
NSxSCIlK,47,SF
l17Q7yup,20,LA
diUhCHGv,25,NY
rWQzgWl9,50,LA
684ICFzp,64,SF
doiWcuCy,64,Berlin
47RBHqtf,36,Berlin
ddCuwBqf,27,LA
F7SUjotI,36,NY
q4Nlyjcy,26,Berlin
jVt5zzmK,24,Berlin
VVxRWGlK,31,LA
0itKfsql,19,LA
8YOxAiai,39,NY
Qpf5tLdL,62,NY
od84NN15,37,LA
3dcjYN0R,43,NY
4l8fy10c,21,SF
MSnfUqYt,56,LA
Zh2cuiCS,57,London
tfT3fFXb,40,NY
wGU0grED,33,LA
7geHREED,42,London
zUNLHfv9,69,SF
p9SIImHY,26,SF
NJDCkymx,28,Berlin
Y2ljU2sf,42,London
L3KyN3Xl,48,London
5YoAs2NR,63,London
x56p8JeG,44,SF
AKBIU4GT,53,Berlin
uT0bVuk3,68,SF
s1XT38Cd,64,LA
tzeqDphQ,31,London
SMU4fGVz,40,London
nVAdf4nS,33,Berlin
H3wwEXuS,37,Berlin
0WfVfkde,20,London
nFdwDXsN,23,SF
wZCYYB67,46,Berlin
XvwdE8i9,21,London
VWyYlP2E,18,LA
dxxwO056,67,Berlin
MQlWmZ31,25,NY
tZQXYHzO,65,LA
Ymme4hKO,37,London
fZIBPgeK,33,Berlin
qsHMyZnX,64,Berlin
zO9G84vT,48,SF
tOFbUywa,49,London
ElYc2J1r,51,NY
iwfT8H0o,46,London
yc2KC4nd,29,Berlin
bZ3na3V4,21,Berlin
fkecWpBC,60,NY
7e83TSSk,51,LA
9g5MR0yy,23,London
K19gX1KS,66,London
oSofFkEF,68,London
5qa9pHRd,26,SF
vjCiJzsO,22,NY
8jtp2aup,63,LA
bLjZMuuy,33,London
BQpiMn4H,18,LA
30GpTQjU,37,LA
s9yREx92,52,LA
53kgLYcT,27,Berlin
9COpQCrs,42,London
ZeeObZm0,64,London
D6FrNtHQ,45,London
lGK8Gcdf,52,NY
eyxat9VT,50,SF
b9kBXfWP,62,SF
0vUt4OOb,32,SF
AvRAH8KH,38,SF
I50v1qaZ,59,Berlin
rmbysWr8,52,NY
iRCe2bR2,67,NY
dnHKkh5D,68,Berlin
IRSZE56s,54,London
4JAdM1J4,27,Berlin
UtBTnHTY,33,SF
vUxbRZH8,37,NY
aNRPlY2Z,67,Berlin
5zHBImu1,25,SF
r7oIpEXA,62,SF
h4LbfrXL,48,LA
PXiVvr7q,25,London
9nFDm4Z7,30,London
k6sdrsux,41,London
D5gKFiaP,29,NY
hsbkMxIr,62,NY
ogdSb98M,34,NY
4S6jwok3,64,NY
4LiTyFuP,58,SF
Ssq9dllo,69,London
rliaU3Lw,53,NY
x614CWMk,29,London
01XaMsIe,53,SF
lEyaFuVc,30,NY
SvZSok0p,52,LA
FC0wludk,22,Berlin
P9EKnCWG,30,NY
lTh0HlXE,63,NY
1md6Fmo1,25,LA
O7v2TLW1,28,SF
q76F0aed,25,Berlin
it1uRyMQ,48,SF
MTSVCpSd,29,LA
4jIw5Pha,28,NY
QXhUbwsr,34,Berlin
TGRZMpji,44,SF
eYD9pxHz,30,NY
557Qgui6,53,London
ayDFxoWc,30,LA
rYyfG4aI,58,SF
XTV4Aas1,39,London
uev0OCzO,63,SF
XwRI8bmW,61,SF
Xln71OH4,41,London
ZzwW4xqR,47,LA
oDI1uJFZ,30,LA
28oE0Pz6,25,London
nHFwIbJc,22,LA
twyFYkDR,60,Berlin
bS01tDmy,69,Berlin
WlIdNk36,23,NY
EGftqRhY,24,London
f37whaMn,39,Berlin
29NugHfJ,47,SF
fzd1nAbv,32,LA
rlc2qY3a,54,Berlin
ON0yKk89,58,Berlin
IqX43C5K,37,London
KZDNdC90,48,SF
6R4Skab1,68,Berlin
tOjfITO3,22,SF
rMfQLgcB,62,LA
YKe24nxM,29,LA
IENImc0D,54,LA
MCeuNxlU,47,NY
XaG6y0Rw,56,London
qExNFUmv,20,LA
QGaRKnMY,30,NY
MkBTLNGj,28,NY
KBGarltm,27,London
qtzYwibw,47,LA
lLkEe5M4,26,London
rDlwVhFF,47,London
xmNRLWOg,46,Berlin
SDMYka4J,55,London
uwjLOhUa,63,NY
3ivoA9Lv,59,LA
9QCTzbjL,66,London
1MlktoBF,51,NY
iGTI54y4,43,LA
REiWUz1C,19,SF
oJilzeBp,53,NY
ZtnmJztO,24,SF
R5tKWVcG,69,SF
orgbMCJ8,53,Berlin
zwOAvo8L,57,SF
PO3LZFTp,31,NY
dSJKDXWW,44,London
f2NIEx6s,43,LA
e0eHU4Ok,37,Berlin
pLoOYhCj,52,LA
UardL52e,28,NY
Zh3tASjr,43,London
K1k8ONZH,52,SF
e2xpw8kc,22,SF
jiT6I7M6,33,NY
0IsDZ2BV,28,NY
s9Pn59HD,50,LA
PtJYdXi1,26,LA
C0CAGc0x,39,LA
pmhJOAFl,22,SF
wiS0kxyE,37,NY
q7hqEaRa,60,Berlin
u2qrgPRD,51,SF
JFksyxa4,47,Berlin
G5jwjpVn,27,LA
5ki7WwAF,54,LA
VNk5Ki4y,49,NY
SEYV5u3L,41,London
OFSiJkyJ,34,London
nA0k89aN,61,LA
cKUPpAQs,20,London
f3UT0ag3,56,London
6viPaQ1q,60,LA
aIfUSu4m,60,NY
qg0dKirn,43,SF
bLyAH0eL,29,London
UDPMXScs,54,Berlin
aMWelNM2,59,London
suhzUcOp,29,SF
DFTBrazo,63,SF
3qp7T2rf,50,SF
NC04uJqs,44,SF
Xcp0CD4C,31,Berlin
65VltZ2G,24,NY
q0S3U6GY,59,SF
tJCfYqc2,61,SF
ROgGRtGd,55,Berlin
ovLL9o3F,65,London
lpmUtwCS,59,London
cumRH4Nw,69,Berlin
TqQc85ri,61,London
UUk6riLQ,44,LA
5PEo4n3e,27,NY
tLvoxcqp,59,London
6FVKE1gS,60,Berlin
qyJuSz8q,58,LA
HucnfQls,26,NY
pmbcc53U,61,SF
jSabyXGy,51,London
vVwK7Rla,63,NY
vtj6sHe5,58,NY
14frLTGg,46,SF
TVwlWMvx,35,NY
mGTbS8P0,46,London
oI5Ak2sj,47,LA
4AvsoWOP,30,London
kdhHC8Z9,39,Berlin
ueCRdGaE,33,NY
JxKsgpAq,62,SF
m74BeEHc,49,Berlin
57Rni4Yy,57,NY
d7MkvPCS,43,NY
2EAq4oEz,48,LA
PvOMAe18,61,SF
MiAPwQ7z,36,London
UfdVeITa,59,NY
JFeLPJ9Z,51,Berlin
dAKe5R6d,64,SF
a41QRZg3,66,London
91Fqi9gx,23,Berlin
vFjo6KFQ,52,SF
KZZq8wip,28,LA
jvySQXwU,54,Berlin
IzgR26cX,39,SF
iF6YgSrL,30,London
fnPJVjOI,33,NY
fVx0KRro,43,SF
FYxbyYgf,39,Berlin
UiBpzJHU,59,London
hcU7Iwlx,30,NY
ztl8Fbq7,40,London
ECLtIonx,49,NY
9EyEUlCu,40,LA
ICrZjWcg,60,LA
6OvHeoFc,49,London
vgJuE1I5,65,NY
9HPmdqGo,55,NY
w1blMOQL,45,SF
JPsnunfI,50,SF
K2Q86ZhV,57,LA
eVECNFkr,43,LA
wCK6bo4J,47,NY
R4bRZn8N,69,NY
Zz1c7fqv,34,Berlin
10cGjXJe,59,SF
wD1ilwAf,46,NY
nGgJDTm2,19,NY
ZgbRbb3U,68,LA
ORJP0BIU,55,London
jcDyG4m8,51,LA
KbTlTDfC,67,NY
8TBTLQ0l,63,SF
VFVDdRhg,55,London
iAb3sezB,29,Berlin
RhxhRYip,69,LA
flyHyaFN,38,Berlin
klqnC7Un,44,SF
GKKX8DhZ,57,London
1zUkANW9,20,SF
MKJCetyM,54,London
YAaC2enb,66,Berlin
ewZ5R3fT,43,Berlin
VJNeE2LC,69,SF
FUlnivRa,22,London
3GeU1iD0,63,Berlin
e04T9KUA,37,London
d1QJVNhC,63,Berlin
7yko4B4c,58,NY
VKumfO6C,25,Berlin
s4Lv6qpd,60,NY
gpX4P8UP,45,SF
fuFv5H4f,46,NY
wrT54ijc,67,SF
g1sHDV1T,58,NY
CaH2LR3T,19,SF
5FEmeRvg,19,Berlin
1mx3LqKB,55,LA
E3Zxe1h9,55,LA
D84aA264,60,LA
NI7VkeXb,40,NY
8ElxNTeZ,27,LA
BBDaVvtf,62,SF
E5x7cjp6,45,NY
KIDZU76E,36,NY
iyqdAHO2,45,Berlin
PBPb5Ghw,48,SF
rXlOevnr,19,SF
NXCHK9zt,46,Berlin
3NAaLAZT,69,London
oYjMDSd6,31,Berlin
pmzQf5my,45,London
6DHnBWYV,18,LA
27b3p3jP,61,LA
x5MbETft,67,LA
akDnKGgm,33,LA
u3d1KUmo,54,Berlin
nWWWyTaC,38,LA
jBc1DGkw,68,Berlin
qrPAT4ZD,31,SF
faRbC3gx,60,SF
qaEBLKif,34,NY
rRRf6bZ6,32,SF
eE1PIgfu,65,London
P8MVLy8u,48,London
VBCLJkxJ,63,LA
95ejggwF,66,NY
ZaGaGzJC,53,Berlin
7yzETZQv,31,Berlin
lDcVAW21,53,Berlin
JKbVaiQi,44,LA
y05IGfwV,20,NY
8kpToqjU,53,SF
cygROUEJ,23,SF
9d1RcQ37,44,LA
CJz41oIa,39,London
3Lsg8HMh,39,Berlin
CeGi2gfz,53,London
7886Mqqi,49,SF
fss6Z7gt,44,LA
1WIgMQvd,24,London
sJomZxB0,56,SF
z9eIAia2,67,LA
cXPLONg4,29,Berlin
aNh2rxco,33,NY
weWpCjmr,55,SF
vprNdtK3,22,NY
C7xXPjdK,59,LA
v76CoDBD,66,SF
Cxn09wO5,52,Berlin
UUM7OahV,26,Berlin
gGiY2ne8,46,LA
QdO6v8pn,44,NY
wWf0D6LK,49,London
wGPFRs4d,27,Berlin
iANnuOO9,42,NY
GE7XMtZo,59,NY
9d9Sui4T,55,SF
nR7p2ANn,42,London
oTcCo13E,21,LA
O4IyKmDt,60,Berlin
7IR78QyH,69,London
v3CX9H5y,58,NY
oAqXUtPb,61,London
INR4yeKe,40,SF
F7BR4kkS,27,SF
ZSqgY3O7,23,NY
1gvfOfNr,30,NY
wnYjefyp,48,LA
gtoljUrL,22,Berlin
M9VRsciL,21,Berlin
l6QDatWK,20,London
bvwpKFof,47,Berlin
umzpHRjj,40,NY
ydxOK0Oa,54,London
I08cLXC0,35,Berlin
5rZJ8nbH,52,LA
UGtLZ4fC,22,NY
EdXFuEBI,58,NY
yxPJgCgO,45,Berlin
Y8084Mr5,55,LA
n1ShEqPz,64,LA
9vlxo9vr,35,SF
OPL3brBr,25,NY
9PouIXGb,29,NY
eXR5O5u7,47,Berlin
D512VMY4,39,Berlin
qCB6fvOf,23,LA
ns17ikK7,47,NY
L3CE8MQ4,25,Berlin
AmcABdT0,64,LA
qeIh296c,65,NY
XFLDr6CK,46,SF
VMDwoQzn,48,NY
gbCNgjXR,22,SF
w7D8Irwv,28,NY
xs1cFTLS,34,LA
SJW9pJ5M,30,NY
0WuUUnxU,37,Berlin
xiBANA2B,48,LA
egEQYF7o,43,SF
1myqOXeZ,45,NY
ZooKuVek,42,SF
JLLDGGPJ,65,Berlin
spdqXxSf,35,LA
rlVKKUS5,62,SF
STjg0epn,49,London
XITVlZCG,46,NY
i69yD5mY,20,SF
xRliHYSV,52,London
DgG0fnOQ,55,London
7Zkwv3mN,32,Berlin
7SIAvgps,68,SF
9uyIKh6N,20,Berlin
92vlxPG4,38,NY
bDNB8m6V,20,LA
e6buzb65,52,London
YT6p0GEI,67,SF
yMLk1S7A,25,NY
8Rf3xadQ,65,SF
Ur2eILw3,20,London
CE1DMWMz,28,LA
wolTWNX4,65,NY
yxuJrLC6,19,London
QczP73Dg,50,NY
tDsHlK84,25,SF
fceYTw44,29,London
nWXZnSO8,36,London
ECEuyUbZ,35,London
NufFkkW5,67,LA
D2r3zVkU,38,London
DcyimhzM,39,NY
HyqrTNGr,60,London
sMJWeL7s,47,LA
6TDyKH2B,35,LA
yQj0fKpp,23,SF
FNj37Ngu,18,NY
HL7mJHNv,26,Berlin
2rcJdPS3,69,NY
6GOSP6Gn,33,Berlin
ZRsQNh1k,46,NY
T7ZeZ4eg,46,London
ts0Utw7D,22,Berlin
vzrlPZwx,36,NY
DzQkbFB5,39,SF
c7jekC8K,66,LA
x3J0koky,25,NY
eMw7GUuJ,68,NY
INTZHpts,35,LA
q5volgOC,61,Berlin
QTjJfxpg,65,Berlin
a5jcD7py,31,London
DY0dThTZ,21,London
gBiNMgKm,57,London
sEecbXxH,44,SF
zQu6i6o8,41,LA
YjMERpuA,47,Berlin
kk1UxoZL,29,SF
4JmgZGCZ,60,London
Ircvuc60,30,LA
fQQo7HrT,57,London
4KFOg5G1,67,NY
gQWGW7gt,62,London
9tqYfUrO,21,LA
bqPxPWGV,43,Berlin
h7UzyV0j,18,LA
KbFD1VkK,44,Berlin
5Uu91erb,40,LA
iSaqnmNh,59,LA
SgGRZbuZ,55,Berlin
65Tgykwz,28,NY
205t6YzP,56,LA
vWyvsb0G,59,LA
riQoh6Nu,61,SF
xzB3qyHd,38,London
G0GpSHHX,39,SF
u4pbkedW,45,LA
qrSwKR3K,55,LA
rGFO856c,23,LA
kbsgr5Vt,42,NY
OFyaMAHe,21,SF
LNNR1ok7,51,London
hgXmVPV2,43,NY
ENBYlTLH,56,Berlin
bmS2zGo3,44,LA
dfCnPPuQ,56,NY
ljLkWCuU,38,Berlin
pCelkOPq,38,LA
kgOpUFGX,46,NY
qJlzdPNe,51,LA
iQb6oiGC,44,SF
6RsTwT9S,59,LA
4Pik8r1K,63,London
woHAdVZe,43,London
gZ2UrU8c,22,LA
sOeIPDM1,37,NY
lkTDwdAo,25,Berlin
vDRsrF0n,69,Berlin
DAKFU4Zr,35,London
DYKm4aK1,22,London
JqMmu0qx,21,NY
aU4C8BrS,68,SF
OcmrpCaX,60,London
aG0f5Pnr,22,London
LWs1EwOw,33,LA
it81VAEK,26,SF
2y4asoac,42,SF
5aOM05TG,55,London
PWTgzOSG,25,LA
BCY9hwyE,18,NY
5XaAPLrY,48,Berlin
UqoKUeZB,50,London
1ar4GFk7,22,Berlin
dThgqDqt,35,Berlin
9jdiGDCf,53,Berlin
WicccPFa,65,London
MJgBbMGX,37,NY
ydiLYGRa,41,SF
VUnogCXI,36,LA
WhEBOFDD,45,SF
ORNCtuxP,47,LA
IWsQlWaw,56,SF
XPKFFvYT,32,London
pjC8XW74,67,London
lFNtbiUE,26,Berlin
yuD9NMJ2,56,LA
12B5yrpd,48,NY
9zeJEET9,18,London
bs3QfNEZ,30,LA
PHzPRBvr,53,London
GXwfP4MM,19,NY
mC7eImGO,59,LA
h58rpdpP,54,Berlin
Kn5hCqRI,52,LA
syFGpef8,54,NY
C5zSwtRM,28,Berlin
cExH7wz2,35,London
o6cWGfyv,37,Berlin
1xWsbAJV,19,London
R0OqwsXt,41,NY
4bmfYTrk,33,SF
brzugEMy,40,SF
RyZPUqfY,67,NY
0WNiMVO9,55,London
3hJrzJDo,64,Berlin
EVoFJE28,61,London
ISF79R7e,46,SF
yMMBCzzC,47,Berlin
hI6povlm,21,LA
6g7XhGLN,46,SF
PFszrQVo,61,NY
VyhUYCGF,60,Berlin
eRLErMfe,58,London
BXHwYe76,44,LA
fWeCDtix,50,SF
2oGUVsN2,35,Berlin
WCKejA2x,23,SF
XFNbnK72,49,NY
KhSivasz,48,SF
2YkYVNMO,29,London
VV1QXPSg,40,London
CTABaos4,46,NY
NThhHyvr,20,NY
l8qy5jQi,50,LA
RiOZ7Snw,56,Berlin
gVdqse4E,45,SF
h3EyloaH,35,NY
kzyH6EK8,61,Berlin
ezB9xq9y,39,NY
d7o93QlE,37,NY
nrSfnIYj,33,LA
COgKjpO4,69,London
hUOV9UmD,24,Berlin
a1NNPFTy,66,LA
uzvYt9ZK,21,London
Oo6CMEQN,59,NY
x2CGwXfS,55,LA
JYDENSOM,51,London
RgboIr8w,53,London
oLIgVMr1,35,LA
TxwxhOME,50,SF
Z5QbFsKk,18,LA
4jzfH7o2,65,NY
JX63tlDk,42,SF
hIUf2FGn,62,LA
qcEPViEX,31,London
ZhfW7aJF,28,Berlin
2ojyFSso,69,LA
6iz6Ziba,25,London
1nkmxwqZ,59,LA
eXRCfxna,33,NY
bhJIyd4j,56,NY
jQ91nl2M,54,London
3oQwbKdt,48,London
KFJMUuMQ,59,SF
uuIFe3sF,35,NY
olHqaeXG,24,Berlin
gkfDUX2x,21,NY
RkMOGTjq,49,NY
Pagj6Ma0,48,Berlin
usqc4MdR,27,NY
NzIPEvtk,47,LA
rezs4DA2,67,LA
coPViXYn,67,NY
6T6U6HgA,52,NY
ndw0DW7u,62,Berlin
r2dZaELe,48,NY
8wBjMZIL,48,London
8mTK7hWG,63,LA
SsTnE47C,63,NY
PKLzEKlA,50,London
LpEY7bNd,22,NY
Gcqiv4fh,27,SF
K7E9eByK,63,London
Ub9zWnZt,68,LA
JNHeg5JT,40,LA
g2ShtvTg,24,SF
X3w6mxJJ,64,London
2YovmIcp,45,London
1a57ed7O,38,Berlin
gb2cVilT,48,NY
Cqxjyv1t,58,London
ugVXiy6Q,44,Berlin
pdAyc8zE,46,SF
pJTEFSWz,27,SF
nI7giJe8,25,SF
Y6BjqxIF,26,Berlin
hWBKEGue,28,LA
rS9V467I,39,SF
4LuWEiaf,57,Berlin
Mc2BWYcL,43,Berlin
cRFvtV9z,67,NY
KR0elGsp,54,SF
EofoDoTA,57,LA
BrzxI6zT,19,Berlin
bHAmNWTu,67,LA
mbH7dBUl,36,LA
XBVLHQNT,67,SF
HNQmlAaP,69,SF
CiMwDNgd,33,NY
Sdper6Nd,21,LA
a0py9oDu,66,LA
cTI9R57z,55,Berlin
9yJ6B8fC,61,Berlin
QeELlpRY,24,Berlin
9J6aDEaO,31,LA
9f4yfdeR,29,NY
ilcoWP6l,38,London
sUmnkKfB,69,Berlin
D6wxmTvd,51,London
4wy0vh6i,38,NY
zBJjLoWs,53,LA
9njtVuXi,57,London
QlpttQwJ,59,SF
MHmG8VLa,66,LA
99fDuVkL,24,SF
c84852Mk,38,NY
QlkiRy5C,27,London
m7Mah5Qg,38,London
OsGEDIvO,66,NY
tMk68ubc,33,NY
7Hzv4Tp9,42,LA
CM1Jq6Sb,30,NY
h7SIDLOO,67,Berlin
yqvObrA3,44,SF
nw4djt7q,54,NY
kxUoGAMg,25,Berlin
9ZjWQiKt,47,London
vJwxVhSu,48,NY
omc87nJY,24,SF
hBkOlHXA,47,SF
NmWSjdzP,35,LA
jf1f6Thw,40,London
4SjH4BBX,55,London
QE2JimsM,62,SF
0EgZyXFO,58,Berlin
D8uVaF7Y,47,SF
yNJiJOF4,47,NY
Gyn8pC21,25,LA
uzcwswFt,29,NY
uu9jejRv,27,London
wQm7wCZR,24,NY
zqSyz5A5,56,London
5QuNWrTt,34,LA
JvDKe0nc,49,London
4eR4leSd,22,LA
JFwPYVf9,59,Berlin
etKMKcYd,38,Berlin
R8TiWMBf,48,LA
WPAekUX9,69,SF
I3rLynS1,32,LA
5I0vsNDO,30,London
QDiQbcAJ,63,Berlin
jkyiPMhv,66,Berlin
5j3oUyV6,24,LA
dLjqsXil,41,SF
LVk8hToj,21,LA
1i83bCwe,58,London
zyF8FUXB,36,London
PHCFb28p,63,NY
ibSHJHlo,52,SF
VdtAfUyu,46,Berlin
YqCoJuKc,53,London
Y7JqxzNO,51,London
YcDPKrJJ,25,SF
pdZhipih,19,LA
GPbOExjA,21,NY
ANLwFfUF,19,London
Pu6Fk7y2,47,NY
80zgSiAf,46,Berlin
dcGFYMSd,21,NY
xRJZPypR,38,London
ER9dxJv3,26,LA
SfT3LQ1j,19,London
FSu9gQe6,37,Berlin
QC0b8aJc,66,NY
ZhsQ2GqG,50,LA
aU1h6qVd,23,LA
2fO1dhSg,46,NY
sXP9jaF8,33,NY
NpPJBHcb,53,NY
xSnWueAg,22,Berlin
XVxAR7J5,54,LA
2ENxfBuT,26,London
cczfTgSe,49,Berlin
rXEs4PgT,54,NY
WkDMzi5w,51,NY
2zm7n4jC,56,London
EhwnOA4a,64,London
gDGJPl6G,57,London
CEXAt5qz,46,SF
NwaI1kfP,48,Berlin
8DZN41xC,20,SF
g5w7yGYG,60,London
6Xul8SXd,42,LA
8oT3ZW75,59,Berlin
LEmg4HdK,53,SF
8864WiPU,61,NY
MHJ8PKd7,30,Berlin
YN34AgIb,56,LA
59GU9V5c,36,LA
3gRlRCzY,33,London
ynwH1tfu,59,London
VO5s0SDe,47,NY
DzoZXmYe,56,LA
seXfnOx3,52,London
EaVIPJMq,19,SF
u6O6MD2U,18,London
yEsIhTKm,65,NY
FOhE1Lyy,62,NY
p5ztG7M2,20,SF
vMHUAfMs,43,Berlin
EbE7xRIm,45,LA
JCvUPzEt,44,NY
f7W0vAdg,31,LA
Hd3mQO6E,67,SF
KF5yD85A,60,SF
wJdpBwcY,68,Berlin
BwNMudiz,41,NY
R6zinNSW,52,SF
VLa5tFZJ,69,London
mPnkMZNw,51,LA
6ewVtKkp,41,LA
VyuQmCm3,23,London
ZuYHj3yg,48,LA
hQ6qsSUN,46,London
RnblNme7,53,LA
ALxqRJf6,46,SF
XwILwDea,30,Berlin
Q2XZZToN,25,NY
McJXr5Vp,32,NY
GzrTf4n9,50,NY
e8QTkZym,42,NY
b6mzNEQe,33,NY
fwdoZ1SY,38,London
bkOZOFYe,69,SF
oZyBPHuc,54,Berlin
zcDqJHCD,62,NY
hbDT9Uvz,34,LA
922LBxqz,51,LA
BHxZpwIg,30,Berlin
NPaK4TL8,51,NY
QbNRTJWU,60,NY
hUb5yrpg,32,SF
1nJC7L7W,58,LA
maRLCXfG,39,LA
ctFeFVIG,68,London
0xpK7IXQ,21,LA
owpzEjnx,66,NY
cI736BYo,64,NY
L915naaE,56,LA
6tb6HOzJ,40,London
hV84sVfK,30,Berlin
dA5MktuC,25,LA
1LC8lc9h,18,Berlin
ya8wfqYO,58,LA
dYX5TPVF,67,Berlin
j9JRGdIt,34,NY
OTj55Wbf,34,NY
7hrFCH8j,25,Berlin
uYEHfi07,20,SF
GXDWClvf,46,NY
GbftpuKB,39,London
6YpY4hYW,60,London
Twa6IECS,19,Berlin
IUTaU5dG,19,SF
ElFWo0Db,65,London
Xjr29nvq,34,NY
c5jjEyPP,26,LA
ExnT9moY,50,LA
NZ5EX7CC,46,NY
doraPRAA,46,SF
aLC14CQl,61,Berlin
pDywBzAh,23,NY
Irb9t2pB,60,LA
KYCdtZR7,23,Berlin
DdMW3flI,69,SF
gtvx8qvo,54,London
izvDwsWl,62,LA
gvgXrM87,18,SF
7iHSvEen,33,NY
jJ6JEJ7I,68,SF
clWSLxYG,28,SF
d91wtYny,39,Berlin
ERvWkqEN,51,LA
G4v458SJ,18,LA
2AZ2YJEN,30,SF
aBB6gEML,66,NY
CJWerWvf,63,SF
JFdr6WO1,66,NY
bpI7CwYj,59,Berlin
c7Btd4dP,45,LA
6ONMZMYW,66,LA
TrjDNNLr,30,LA
P7sB0Y1F,55,LA
uRvwUC8I,47,Berlin
VrqL7vut,53,SF
mEA7iQBi,21,LA
thPUjWVh,31,London
h1oTnB5q,53,NY
tgZTnr5H,40,NY
nSqwhg2W,22,LA
YDRSWb0a,63,NY
hYbDCwEi,32,NY
TeTWkFj4,40,Berlin
RqRXCT3Q,25,NY
P326Qi60,28,Berlin
mdvVREqJ,24,NY
EFdXqLoz,40,Berlin
GDMQFLiq,62,NY
REAnE6fy,63,London
7BquHSE9,58,SF
RgFrqeR7,44,Berlin
JmTFsE2X,48,London
EBngpHpk,64,SF
KvBmx0XN,57,SF
MLMbdtg5,19,London
Aka1SXd4,61,LA
iPehA85Q,65,LA
3L8aYgsU,48,Berlin
erWjrQlt,25,LA
xPt1fWFw,18,Berlin
cjdUXaeg,42,London
DWzvoAWr,34,LA
xGPpsAjc,47,LA
MhUlkdyt,41,NY
D86MDTrx,48,NY
6aNrxJVt,68,SF
JRAMGORx,69,NY
1qfPisZ7,30,London
Fg9XG5tr,32,Berlin
2o0kcQ6D,43,Berlin
jMvI1O8G,49,NY
zlmh2N2j,62,NY
C1qrVIB5,52,Berlin
0KBtahIz,33,SF
ZeqdWPXk,26,LA
MjYon1Si,36,SF
qWbngmyg,57,London
XnYlNqy9,57,London
JUEE6whk,63,LA
aSVrd2el,68,LA
rF4fTkd5,62,SF
AvJls5XT,20,Berlin
yQcd1s0w,43,LA
w9w4OuoU,54,SF
Wvyn8nYq,25,SF
O0X1ZBIR,23,Berlin
SL6dbVb6,22,SF
hUcy6iKR,38,London
v29SjxO3,44,Berlin
NNbjkAq4,61,NY
nGvGN9eY,55,SF
cbcD3FFP,25,LA
19w0vd15,39,LA
wQK2MoUa,40,Berlin
DSlSKdT5,42,LA
SJRGhfQ7,24,LA
yNCwtzoh,31,NY
r1ejIjJ9,58,LA
iCc10gKE,46,Berlin
QRDmHnQw,34,Berlin
1rsdrwPa,68,London
LKKys9Dm,23,SF
oCMtZ0ko,49,SF
HSWkTbfP,36,SF
XLvFyEFl,44,Berlin
W83nanTF,47,LA
QWgH9LPu,67,SF
RSCSJX3j,50,LA
tElpBMFp,54,LA
Pnmgw5da,62,London
R0GNxXD1,28,SF
majEGBh2,58,Berlin
m6LyTtTX,27,Berlin
BAoUG5fG,46,London
joJEXGPz,39,SF
OMzlF9Uc,37,LA
xB7xglLR,36,SF
xv53HXT4,41,Berlin
Vn4DtGhv,45,Berlin
LGliEFz3,19,Berlin
X2lEJyLd,57,LA
24EqvpL6,35,Berlin
7hvBimsT,35,SF
LhBnf8jW,19,LA
UQreB17L,64,SF
Qqy8REso,66,NY
3gsOhsgu,40,NY
IpO0S4cP,64,LA
LF84yhBo,69,Berlin
AEfwP4WV,32,Berlin
Knzn6Gjz,42,LA
71rHmKuG,62,SF
dUnAjs7Y,35,NY
07ECzLWo,38,Berlin
EAlazvSu,64,Berlin
vgulJ5Fb,49,NY
CQyHBkze,67,LA
G6JNePMT,36,LA
6Bm6fnht,35,LA
dDyIsnQu,41,Berlin
2JpZD8p3,64,SF
xMvbY5hZ,59,London
qpiYyfj9,47,LA
imeJCo1U,46,London
Z9AFMQrf,38,SF
hrWk60kG,38,Berlin
jF14xzon,65,London
kHvI6Oa1,58,LA
AuIDHgku,19,London
eSCXm4VI,62,NY
6SoijEpG,18,SF
UqJhiY5p,39,NY
ddG5obY3,57,SF
BuUzTXow,55,SF
xsdESr7M,36,Berlin
S5PlRprg,36,SF
45Mo0KIV,19,SF
a7pIAowA,46,LA
rcXseSk4,67,NY
f35tecpX,67,London
HrH7nohO,40,Berlin
tHffGrz2,64,SF
J89WnMDe,65,LA
ILWeO22Z,44,SF
XNErWJHj,62,Berlin
sfaHVpHs,40,NY
BZSWUFSa,45,London
jJJuo59O,45,LA
CzK9BYvu,22,Berlin
ARDU0tAP,35,Berlin
HsiK2ITp,47,SF
AacWdCqX,41,LA
Dg54DfSQ,54,London
JHVnLXW0,33,Berlin
eHnCPsr9,46,London
2rz4LYX3,47,NY
cM50XAO0,42,SF
zEyssuDg,55,London
v3CdiTUU,56,Berlin
2QJBQvXz,18,Berlin
CnqGeC6j,57,Berlin
SbeeNlGk,56,Berlin
VtlbYQaq,56,LA
kuqfh1n4,48,SF
qxjKuAxh,56,LA
nUHsnO3s,48,LA
U7sihSZ8,50,SF
oPUiaT1Y,29,Berlin
mo7xb7ue,42,NY
ZBxVlXKC,40,LA
BSnI2fKa,60,London
ZGnxCZVa,65,LA
Mnn8S883,45,SF
BQ4Wdwv0,50,LA
mUOzaCNk,55,London
kDUHx41i,43,LA
GDvNXC5e,41,NY
SsT9UtqW,22,LA
fgXHgGqO,61,London
52gKEj5W,34,Berlin
pty1FLfX,62,NY
o5GGa7mS,54,Berlin
12dwmeVY,32,LA
8HsoYaDn,19,London
CXARbrjh,51,SF
mEeQEXz6,37,NY
u2PHj5qc,47,London
NBSjfsJK,33,SF
RLf07IzM,61,NY
hMotQAou,21,NY
CbKD3zDX,48,LA
LJ98inYO,43,SF
yUTdHAwU,58,NY
6isybKeX,29,NY
lme2uwh8,19,LA
5mUN3IMD,25,LA
t3yM0Ws5,31,Berlin
NjKcn6vZ,41,Berlin
oIc9BMeF,60,Berlin
SjR7vmJ4,57,Berlin
hNN7R6pp,58,SF
9MlCzJrK,42,SF
Xsn9MbLc,24,London
jmkITsm8,49,London
y9xfFrZf,40,Berlin
IMrpNTwt,63,Berlin
jEMha89s,56,SF
f6AQtHqa,43,Berlin
iFE0w5P0,59,Berlin
sAvOnqpC,24,SF
JmAUWXaU,64,NY
LVoAAk4S,67,SF
AN2l8gMG,62,Berlin
LvIZIRIL,21,SF
Hb7jasIv,61,London
pOFNFT0g,42,NY
4lKpz3vB,69,NY
ymxZ2CUy,35,NY
PjV3CJU4,24,SF
abRHoA3H,39,London
VqL7b4zx,21,LA
i5wncS1Q,46,London
xfLZtURV,41,London
pEkTpLUP,57,Berlin
8lPSh9WN,69,London
uwNdtIDw,67,SF
gBieP9OC,55,NY
eEAszKZv,58,London
R3EmZY1j,29,London
gXaprEvC,26,LA
aJMJRNqJ,32,LA
wltiBTVs,30,Berlin
lVW5Kxjj,47,LA
GccnN29G,52,Berlin
8l0cAGO4,52,SF
pqHgpqt6,43,NY
yjN79oYy,36,LA
iMA7ayKv,38,SF
2xISsRQs,38,NY
4D8JdxOp,30,SF
w0tSmrEZ,38,SF
AJ2YgdJH,41,SF
xhdeIpLq,43,SF
WqSt0tiW,61,LA
IT7IL2l8,48,London
WqLmvAws,47,SF
RZsm2MY1,41,NY
tLpvzfen,49,LA
YiZel8kp,47,LA
bz09gjct,43,SF
yE8JDQET,55,SF
HdTl8US9,35,NY
IGZgPpiy,58,London
M91NGeci,66,LA
5AJxsA8h,29,SF
yBMwOLbA,38,Berlin
ou8f3oZR,40,Berlin
8Oi61z4U,45,SF
dNHTtnW7,34,Berlin
qqFYA1xq,32,NY
Za7YQ3L9,40,London
t8gmpJu8,51,Berlin
tnbyljYn,45,NY
B0lkZw3F,21,Berlin
BZux4KeC,58,NY
2WFe4Zgn,29,NY
2wot6zwx,19,SF
qLRXiUMx,42,LA
wwUOKdGC,41,NY
aJSzszUi,48,Berlin
YXEACVNx,21,SF
ZMZgyq5w,61,LA
0WwNWQnY,51,London
EeQc9QZK,23,NY
ILPiI3eI,48,NY
wfxlB4k2,56,LA
6VBy10Hp,67,SF
Y5O15QoL,41,London
6vEywCfN,42,LA
gBMGii4P,22,London
0x5mhF19,27,LA
QC3MKzBF,35,SF
g9BaPwAA,46,Berlin
vmrJUKs7,28,LA
FClDsyAg,66,Berlin
GURV2GKS,47,LA
IlTlK3T9,60,NY
WnHLahJv,22,SF
gjk1Q3ex,23,NY
C52QaTF5,31,London
imbxTPD1,33,Berlin
K4QXihJ3,31,London
iZZTMLHv,50,Berlin
4CJh5Sr8,54,Berlin
AWp1z4rR,22,SF
qhOkO2RM,57,London
F7FkRlRU,31,NY
LnrhmWNR,57,NY
W57PHxHq,26,Berlin
XNEnOByp,44,Berlin
SwFj1FcD,69,Berlin
LikFuOar,20,London
hDy46vGN,27,London
3Zl72kfi,65,LA
RAu6JKFt,28,NY
dvOlMW1W,51,Berlin
3GQuo4Xj,18,London
Uu9wnMRU,27,LA
5HWGbNzF,23,Berlin
edGApr30,25,NY
HvkCnBnz,48,London
8qEbu58w,23,Berlin
Hggd9sQh,48,SF
x9WnqcIB,51,SF
6KIqMqwm,57,NY
5rCHGu7v,46,LA
23JeeUzg,20,LA
voGN7U1O,39,SF
AEzLC3EX,29,NY
qTpqo1Hr,55,SF
zli4R0qK,36,Berlin
K14bGSNt,24,London
tuPpFu6t,40,LA
iyR49ZO8,30,London
JswJmGbL,21,NY
X10DwFyf,38,NY
Co6rySCR,31,SF
icFsrq0u,53,NY
094jZBAz,67,London
jwEzbjqd,24,LA
srVealru,30,SF
cpEvKdvN,52,NY
Kjmg3o2p,66,Berlin
hmICU55c,50,NY
00bcJoxW,28,LA
cr9naTRw,68,SF
Lia3Anjt,56,LA
79EsjQQr,42,London
Ut0j4joI,63,London
2NCjQqzq,56,NY
VyqCNwtC,41,Berlin
YCFdkLVx,39,Berlin
PHsEH5XZ,60,SF
w1IYwtrU,68,NY
xzeDZ6hI,65,LA
gEsBJcr7,66,NY
xeepafBs,63,Berlin
TOlRR1em,39,LA
Naey2UnJ,32,LA
jyoSpAub,35,Berlin
nuVIGEcB,61,SF
Dv60JWkY,62,NY
4JiRcw0b,49,Berlin
NeWQ97tD,53,NY
KsGDz51n,27,NY
bF7PyzTi,26,SF
4Rbr2ktB,61,LA
IUlAxxzZ,42,Berlin
v5cJpveH,21,LA
9sgQdCaO,55,London
ijGmG5CL,63,Berlin
7BVH8skG,53,NY
658wPnPC,59,Berlin
qRovtwtF,54,LA
JQhA9UOC,56,London
3eLKN931,24,SF
PEyRdulw,59,Berlin
e5MOgxQO,43,SF
skd4RH9h,37,London
atlN65wi,62,LA
aQI6u9cr,64,London
uCCWVnIB,38,Berlin
t9GIAb4x,22,NY
hQWcSUdk,47,LA
VrUwM1tR,65,Berlin
1UAJDNLV,55,LA
QnRfTlgm,53,LA
FSN5lzis,55,Berlin
3W2mm6gU,40,NY
LjJH9mNH,40,NY
BiI8tcp1,65,Berlin
TbgJDn8a,68,LA
TguHSHO2,23,LA
ixHgnuIM,60,Berlin
sCwWGdl9,63,Berlin
PEATDN8D,40,London
ECy1FQUx,32,NY
2YAVBjIB,18,LA
hIx7wFvB,53,LA
f79tDZGy,56,LA
ef2ea9M2,45,LA
ipLnAvUw,27,Berlin
WuhTeGmA,50,NY
mtPtqg8W,63,London
VuZaGR9t,41,Berlin
5nqJygYQ,23,LA
GlNNh9Ft,31,NY
wzobwUOV,49,NY
8MrsHSdB,36,SF
5TjtnitB,23,Berlin
gLa0uLrQ,37,NY
pJJczS0B,42,Berlin
Rhbk3XUd,37,NY
9CyeS0h1,55,NY
RveyrZUT,28,London
0deZgX2n,49,SF
ffYueMMr,46,Berlin
ZIrlky8E,47,LA
sAXQamcG,46,London
Ewpu00uC,39,LA
9QrBK3G1,28,London
yJp7Hg7v,66,NY
X8mnoit6,37,SF
VUBheClA,58,Berlin
Mbq3RxLY,31,NY
8XvgodL7,44,LA
YAFrol5e,55,SF
tl8JJCzS,21,LA
sX26p794,24,Berlin
7FsoBb3u,47,LA
dS3Vbrag,27,SF
I372olNG,24,Berlin
R0Mbwk27,22,NY
BtNnmUUV,21,NY
NFFNzGed,64,SF
OU3ceC1T,53,SF
xzUmRg8a,32,SF
Plvv7iBv,56,LA
M2LMrMzG,55,NY
nYWEpOap,53,NY
TX6ATClj,68,NY
t3r2yNDM,19,Berlin
jvoCIqZ4,32,London
Pqwk3hZt,37,SF
SiOqYo3Q,51,Berlin
5frkJKz1,30,London
GIRknWM8,42,SF
uXYvuPMy,31,London
jZ6ZigWw,58,NY
0h61MiAr,65,London
6gkSPoHV,26,SF
7lCqR8vO,66,Berlin
7dSYg8NQ,52,SF
JcWaOvcl,39,London
edpM7fDm,22,London
uOsx7EoR,61,SF
iHe1WnyI,54,NY
329DNSxB,31,SF
UpaRTo0s,34,SF
WKMEj2Wg,22,London
F34C4cIf,30,LA
G0XQI5HK,64,London
EBizvBqh,48,London
mclRmj5J,66,London
1HmDqU74,27,London
zbrEpkGk,65,NY
szyrz4Ep,40,Berlin
buV5FSCL,46,SF
RHlTGZQc,33,SF
GA0QBVJL,34,LA
BlI2MTHZ,24,NY
3DwnGy3V,60,LA
jX40YRPz,31,SF
AuPERKRV,61,LA
c9nKTD6i,26,London
Jeqrb7I8,24,London
vtaoDiU9,31,SF
lHDVESRr,33,LA
XTbeKalg,27,London
jvKi2R3f,22,NY
Llw6NVlQ,68,NY
I89pfpGF,24,SF
WPIyb66p,39,Berlin
KnorQAzE,41,Berlin
QlFnLY5u,57,LA
PJq0RkeB,59,SF
N8Np1kEL,39,SF
vX5InjQT,52,London
CZ1KpO4A,63,London
ZSARupDh,69,NY
tp4hw3Qg,20,NY
Vl2SRbr5,64,SF
BYvOtuwG,59,London
1OLYnmrn,24,London
qSCIvSd7,36,SF
ixTukSBD,59,NY
J73aysww,63,London
5VCSJo2W,25,Berlin
zPub7snZ,40,LA
4DPwh6CD,37,NY
nHbd1b9I,50,Berlin
rW9yI6DB,23,SF
Dk6GaM1z,32,SF
2XeCg0vc,22,LA
uAxnIM82,31,London
OAbPgGvj,26,Berlin
7z7SLGig,43,London
Egn0irOK,49,Berlin
HLz6FBGo,48,SF
zu7lcZW7,23,SF
1bnQGugB,18,London
qHRuSpwn,36,London
ujZarLRF,32,Berlin
9sYkNL1a,51,LA
XUCSCSB9,36,SF
dRIw5UMK,66,Berlin
4ejU7cds,28,NY
93Wfdoqx,35,London
JRtJHiO6,41,SF
2CYUw2hx,63,LA
ljDDoV1M,68,LA
UgJqOA8S,26,NY
clSe3X1h,28,London
JeC7TiAX,60,London
DrVt61Zs,21,Berlin
mqK7Sw3J,35,NY
2BNKogpU,61,LA
Z9TBgldK,40,LA
mnYpNHvb,58,NY
DFiQfubR,54,NY
5PnVhjk2,18,LA
6cXuoATr,42,NY
IYdSqCji,26,NY
5qevlIwN,56,London
dxclUmc3,18,NY
e7ll93cG,69,LA
JZnCBghR,34,SF
gMgUIxEf,20,LA
IJOClV9M,40,London
e8ac0UWY,18,NY
71CL4qO4,41,LA
eTvn65LU,30,Berlin
hB2SSwNZ,37,SF
MK4l6xfG,37,LA
SlQlT28O,29,NY
fBd7JQo0,34,London
Z8uYEVWg,38,SF
hlm2whK1,57,Berlin
Qqwa6DBZ,41,Berlin
esuVhFs6,47,NY
fyPXrO7r,40,Berlin
ks8qvTbc,40,SF
Wl6iJl8Q,64,Berlin
GFP79qd0,34,NY
tHp6ohVA,19,Berlin
KuAnZ34o,59,London
2SgVEHBt,41,SF
iAUR5SH5,50,NY
gMGz0uHT,62,NY
92BShbur,61,London
sdYa3i94,32,NY
Fr5rN10I,49,LA
9mmBd3Mv,59,NY
z4PYWWCu,51,Berlin
H1iPDOtr,39,NY
6KQML9Lo,48,SF
bVsfACSo,32,NY
tjXLIAVv,37,SF
rzzftjCA,59,London
PX2vf0vt,40,LA
MqC0ekAf,48,Berlin
rnDXkjNn,19,LA
grrgI2AP,30,LA
3diED3JC,59,London
F8bFFbUf,49,NY
UNtTXXsZ,66,LA
Za0jo3yE,33,Berlin
EdWokmY8,32,SF
GhkjMRtf,42,London
cBQ68b3f,29,London
4SS91jC4,45,LA
B1KiPO5Z,58,NY
F1sIqqxw,29,LA
3oDnW9R2,38,SF
lAfdjHNt,29,LA
ebiJ1hTz,68,NY
jppmk05L,66,London
T5KpJdiw,33,Berlin
qNoLEkvy,27,London
zpx6kg4U,27,NY
A1hEDByy,69,London
FR8CG79Z,19,LA
p9DrjXyg,44,LA
V2lHISuU,69,LA
jVPdp3iD,47,LA
ejLd5s2c,50,NY
tJncMXoZ,33,SF
ZBTpB030,27,LA
wjbO5CJ9,32,London
ykRCSJx1,43,NY
G2GDf7jo,32,NY
yR13ysvU,23,Berlin
gWRHkFHG,34,LA
6rihHufj,62,London
fh0ot04I,18,SF
Flmhib59,67,SF
7X9bHja0,40,London
2PGTduTR,51,NY
7vaQ5WIs,52,London
i6XeDOah,60,Berlin
JcKomgJH,42,NY
gd2fPj4m,18,Berlin
g5UxCWUP,42,SF
CWRUg9JQ,55,LA
QWHzw9PR,33,Berlin
zr6kIzR1,64,London
iQF0oGTC,58,LA
MNNI7M1k,29,SF
DuaIKpX8,27,London
aIuG5Nle,44,Berlin
cFqqetmA,56,London
mgQqI2pF,59,LA
fsbksAUy,24,London
KqcCfDSw,23,Berlin
TGXhTo6C,62,NY
jYV9Ti3F,28,SF
cHKZ0TxY,41,SF
VMJazbsz,57,LA
LppowGbm,42,London
AP9ysdbw,54,London
0wyCCEwA,20,Berlin
kFN0e0qa,21,SF
X65xFr85,21,SF
8NBGlq78,58,LA
CHvicqly,18,SF
wKa5k8SI,47,Berlin
uuSUE8Cb,32,Berlin
9pE4QWje,62,SF
sOAkESaH,48,LA
s4AEwcMp,54,Berlin
7cBmgohQ,67,LA
CLnmCRCe,22,London
3NLTyvNU,60,SF
5VNsDD99,38,London
9hgBMVRa,52,London
QIngBGRu,21,SF
TwIs3Uva,24,London
mK4zIox6,46,SF
p9xQAJ1r,53,LA
H0TNw4no,52,London
XYfP8SBT,49,London
ER1t7QSr,59,Berlin
TmxbQ5dI,69,London
XMIltLiA,28,NY
coYTQV2k,67,London
4278yGVa,50,London
YDrA17KA,58,Berlin
ULQz3HOr,34,NY
Bw6sW8Sb,29,LA
G1XIH3ok,18,SF
8Jx5H0JX,40,London
s9AtIqFg,24,LA
KNWmaoPd,31,LA
6la2VOkF,58,SF
c7q2LohQ,61,SF
qXNiCuyZ,57,LA
vUHgqAbE,24,NY
FG9kuUPR,31,Berlin
kYge92OG,51,LA
dlwf7FJA,19,SF
0qf9xsSM,37,Berlin
uqf6iB8r,34,SF
DEJ7Elju,27,LA
zyMJLSzu,22,Berlin
KUeEPWql,50,SF
yd1BZwgQ,54,SF
4yJmwI5r,53,NY
Q4hMgzfU,61,SF
v6LgrPtL,63,London
BPdcTUfg,28,LA
tvEW8WZQ,38,London
AB2WnWVQ,21,LA
srxxgE72,42,NY
teCuDy4k,58,LA
3uRF47W2,52,NY
VEOCZN6Q,52,Berlin
8WJ2rvbj,52,London
0UQZLqlm,56,London
LvSLI6Ia,50,NY
0B7s7CPU,30,London
q5FGd8LG,21,London
DDyBXFTW,61,NY
5Ums3Ll7,57,NY
HfkURuHl,68,SF
Y8DqyuvK,55,London
rWB2hOo9,59,London
qjeQpYmc,62,Berlin
glCJ0ykJ,47,London
OBVifQKY,44,NY
Sa9SzlfX,52,LA
I5k8dJG5,45,SF
6n5jJIjJ,58,NY
MbMKPme0,59,LA
wYvYZ04u,62,London
ZH3pUwGI,65,NY
4KsIKTl1,25,London
vEtfVhfZ,43,Berlin
RABh8iyi,60,Berlin
Q755eU8g,51,SF
5hOY2aOU,68,LA
9jsPXBi6,46,NY
5mWC15WM,19,SF
MxiGMbXI,23,London
J85UqEMO,65,NY
aIIUafdl,33,NY
jReND73U,24,London
LmabfaO0,28,SF
nhKNZ59T,33,SF
mCx3B8dk,23,Berlin
7iQDRTC2,54,NY
KvXPdCBQ,26,SF
p8XkNF1p,20,NY
10Tnh6LN,46,Berlin
vLDyewsp,25,LA
0auNuYwq,57,LA
ZCImR5vm,34,Berlin
qC25xWtQ,55,NY
Txxuqj2t,61,SF
orPqJ9Vy,23,SF
hC2qtjcD,64,London
c8tqmxUP,28,SF
VVI0Ycam,27,NY
CfHhsDqM,19,NY
dgDZU2LR,46,Berlin
xqoLHD3n,23,London
q4uvZkC3,68,SF
5JI1offj,66,NY
Vx1f7Fb8,26,NY
B5L0kPOg,19,LA
VHJspc6l,21,NY
eoTNVRYd,58,London
wXoekpXk,57,SF
3oZ4LUDA,47,LA
Ak1flmIk,21,NY
A4dwlXIo,18,London
Ip3gJhoL,60,Berlin
jBeNSv9c,28,SF
EXWVagwF,24,Berlin
AvYLPdDU,35,London
ICufIfyN,25,Berlin
wzh2zK76,47,SF
bwxZJhOM,32,London
upnbfzBl,27,NY
B2fhJNbG,63,Berlin
uX3SPIs0,19,LA
Wxzx21IP,59,Berlin
mEHOrFHK,68,London
TUuISdUV,32,LA
d05UNUZU,39,London
ECD0LelR,69,London
5MZjXsak,51,LA
aFgbtlp2,66,London
Wfjt2WfZ,20,LA
UGiSaRku,21,NY
xPsR8CMQ,42,London
HmlJ5Fl4,22,NY
YWUGC6zS,29,SF
04PtViUA,41,Berlin
I7N4SHRJ,36,NY
VAFGLmlm,49,Berlin
KzYjaVPw,29,LA
ABg2oKNb,54,SF
o411rqgP,64,LA
lk9Xynct,44,London
dORnRvfV,35,Berlin
X7hlEUwd,42,LA
TAbBJgK8,68,Berlin
vNriG1OT,40,London
1mW9kOrp,20,London
fNbXWnZm,19,Berlin
Rz3xeCkd,28,SF
Ld4BqUIk,63,Berlin
Xtd3oY5S,54,Berlin
yjsO67zh,47,LA
3NmSJCuI,30,Berlin
rtvXHpg8,57,SF
KUHynpIl,23,SF
HDrOpPFL,29,Berlin
eJ7O5zr2,56,NY
mWbwgMpC,60,Berlin
K0ZwGf81,25,LA
eGs1WxWs,26,NY
i6PElUg8,21,London
MdfE1F24,54,London
K9IqwGt6,53,NY
S0dwrZrs,49,Berlin
pNfXwtQp,29,London
gYN3lgOX,35,LA
TUpsLEkQ,48,London
kyWOP1dM,64,LA
vlEU0w6W,57,NY
1zenYKTS,60,LA
TxdF7wAK,63,SF
ZtA6iHLM,56,SF
JUjLKB7c,46,SF
EhsFw77d,65,SF
CbWKQ9pT,57,NY
UfjJNMx2,46,LA
V8W51yoY,44,Berlin
9f9zJkP1,28,SF
EfrJ7Mhe,50,SF
wbiOpYbx,66,London
cJSMRwhZ,56,SF
OEu1cQxE,35,Berlin
ZOUWnbog,61,Berlin
uLhRfvLY,37,London
8JfkQlYU,45,NY
qZLLUiXa,39,NY
h5AjwqI9,49,LA
TCj9iBju,38,Berlin
774AAsDI,54,Berlin
cai9Q7Kd,44,SF
TqZsulw4,55,SF
7O2Syb4m,43,SF
n5YAMFTo,40,LA
07BOINyn,51,Berlin
SwYBtZKo,29,SF
lFOLddpW,28,SF
HdfsW0ip,53,Berlin
mSn0xsAs,49,SF
WqlgY6ci,56,London
chyKObD9,54,London
VRkuegQq,60,NY
LnFMjMRh,33,Berlin
f0ProJZl,59,London
etpmoxGk,48,Berlin
rqZ6DM42,58,LA
xm6WTC92,23,Berlin
bA6YOaB9,30,NY
jYrI2D16,53,NY
FGftej42,28,LA
ZfRWOMlz,28,Berlin
l59xOLRv,65,Berlin
qZwYYjle,37,London
61TgL3SA,46,London
QHxBfswq,36,NY
GfWh7kCz,47,Berlin
zGPreYmQ,23,SF
IgzIPqpE,34,London
hk0RI2SH,35,Berlin
Rbf1XN7r,53,LA
Hvqvb28G,35,London
lzWWMNUE,60,NY
yBukTU1D,29,NY
s9yXLYju,59,NY
pwV0CoPG,20,NY
apszfmTm,64,Berlin
1yAP78ah,35,Berlin
ljx7UFPN,33,London
55PhBBpD,56,SF
D5OPGi90,60,NY
WByzi5cJ,45,SF
iJKoMWgw,59,NY
qCYr2SIa,26,London
LVl4CWGD,37,LA
RT6W5DUh,35,NY
1NSLOr4F,42,LA
mr6TJKuO,38,NY
KwS6kJ2r,62,SF
HfxdMoWt,43,NY
hILF5uNy,40,SF
XALQZueH,27,LA
5dNXtDNK,61,Berlin
kIslEf5o,30,LA
lCBchdLl,54,Berlin
WHZwprdb,29,London
5zaNBENB,53,London
orNg7rwy,20,London
13ineji3,31,London
vQcs1jio,52,NY
pFvm5USQ,51,LA
T8xICxSi,57,SF
WXbgUIS9,46,NY
AQ6lRZhB,47,NY
bn29jOm3,24,London
lpSiEhQ5,19,NY
SUG6Q4bt,35,SF
SN8HwTIy,43,LA
LjH4IqyH,34,London
q9sd9Nt9,63,London
YI1HaopP,29,SF
Jf1QIvLW,67,NY
2JOQeHnv,49,SF
HD1lLhNc,66,Berlin
N4ba1hhJ,46,LA
Quq5FEQz,65,LA
RbLb75SU,27,SF
RbnfuOvt,53,LA
46VjAVE3,19,LA
bXemqlJd,54,NY
YfvJY3Xy,31,London
KbFymeZA,27,London
opXKS2ld,57,London
7bOEnVI7,18,SF
r76YT1aG,58,SF
cKZnfpSa,38,London
5hEvo8j5,22,Berlin
MOvTQo20,26,Berlin
xiLdckdO,26,NY
0Exf41VY,35,SF
lCYLiWEE,22,London
hU2C4VyV,33,Berlin
dkPlHyz2,51,London
iYok8xi1,21,LA
IcMBmYY0,38,Berlin
vFw8FKeS,67,London
UqMHOe7V,54,SF
Csa0LOQs,57,SF
KOiLw09t,61,LA
1lvNkNmW,31,LA
uT5zfDnY,44,NY
xQSNcXF4,66,London
ci3cVgC4,29,Berlin
oFjsWt0p,44,Berlin
duo9Ex5s,51,Berlin
xxNfBnxA,21,NY
j2O6AhNH,60,London
lz7vL1PU,61,LA
4dWxhbeD,68,NY
SJcPPHe1,19,LA
RbapeTQg,59,NY
ImA833yn,59,NY
ffSCg9VY,49,Berlin
Et4Nu8Uc,19,NY
gMFzuI3M,39,Berlin
S4fsO4jg,36,Berlin
Rhbdb3bX,43,Berlin
llRYGaBi,37,SF
AAdJAnvq,53,Berlin
uI5Zcudt,35,London
eAt9f1IT,69,London
66qmmqSA,67,NY
0huypcyP,31,LA
UGTZCANA,37,London
5jRdcP70,62,LA
hki11XDb,41,Berlin
bMMzpshC,64,LA
N9H1dffF,64,Berlin
o3xpu37a,48,SF
9OESrQlT,69,NY
elSkUU8d,53,LA
7qYCQ7Gx,32,LA
Nyd0hv7D,63,LA
bAlzcCFk,24,NY
yigtJQo7,66,SF
bFGiFtJ6,40,NY
LBPg2QNP,46,London
9zfKX8i3,58,NY
6UcYcSDc,21,London
u54ik6Up,48,LA
AhRTXsLM,35,SF
oZ4KwC9g,62,Berlin
mYowrJ59,48,SF
bUzgCqwF,64,London
KrZHXDyZ,53,SF
P1Zzm2rO,35,LA
TExJ7qiv,27,NY
KjHcDXDe,24,London
iUefAvRl,55,London
5yfqnuCe,62,London
2egOASK5,45,LA
IRwFoGcg,35,SF
kLCytzM6,48,London
w8cM0Lxq,26,Berlin
3oSQa7ag,60,London
8fRmpuyQ,33,SF
RXHM8iDv,57,SF
fpKUBmAh,42,Berlin
csYP8FWj,54,NY
dpDdH0np,47,London
jbawKI0A,64,SF
qvp0vYqG,19,Berlin
zrk8kwF9,22,Berlin
vVwbEKtL,59,LA
JUqbgUku,47,SF
TqLlbxe8,36,SF
c6PuzMFq,31,SF
kQpnzRFP,44,LA
cqj2QW2M,47,Berlin
AH0JF7cz,62,Berlin
Zd0o4c8Q,31,NY
fCrr0sX2,48,Berlin
Ec2C9RGw,53,SF
82SQJrsI,56,LA
8sboejnW,67,NY
4ZI8s7Uu,47,Berlin
aynLJzzG,55,LA
QX1wDr7B,64,London
q96Os8BI,28,Berlin
XulF3EIW,34,LA
Ba4a5zLy,27,SF
X6FmGvEw,33,London
HqBxgtSK,68,NY
ufJXjrRD,28,NY
XX6RAf8W,56,SF
yDhqSNTY,45,LA
qSG7WCwj,38,London
AacSgczA,45,Berlin
jSJHutGr,40,SF
eGNALbme,63,SF
uXYxhEhT,18,SF
Xi8CvFxt,66,SF
ASkzkClX,30,Berlin
Q1ImEkz2,25,SF
nz8GRxz7,36,NY
uoMJdiFi,41,NY
5ZVIfwzD,57,SF
5tnEZlpH,66,LA
S18s96SS,54,NY
ogocmqFv,42,London
d4mPJ727,60,LA
IrqYL828,43,SF
y2SyRZGI,63,Berlin
UzAXupsq,59,LA
bbY9UgEj,44,London
bY6H9g5e,49,LA
7NOXohns,61,NY
9GQnEHKe,20,NY
2CIWW1uA,58,Berlin
9qN5LSrX,60,LA
87etlzYO,26,Berlin
xlujkMeD,18,LA
CEgzaDiU,35,SF
RasUolOb,20,LA
OYb8Ev0c,31,LA
vnDFHPzF,49,SF
X8irpdqN,21,London
ZX9qBwkl,54,NY
MrbFIRzF,38,LA
u30tkXTI,59,Berlin
mGzUwOiL,44,SF
LGMnqSUz,22,London
6xeOHBUV,20,NY
H3YOHLxG,39,NY
6xrd9Gel,37,Berlin
iUGICTBF,58,London
0Kxvh5OV,61,Berlin
OfgFKuZK,19,NY
FU4GJRcl,60,LA
WFHnXIvU,18,SF
cAqPcpaN,40,SF
fAAaHioR,65,Berlin
5J2UoxSZ,42,LA
P604liwQ,43,NY
mDoJOrXe,20,SF
aHFyA0TZ,48,SF
eMBcjvqW,44,Berlin
kU1gI6X8,30,London
X9dFeIhM,64,SF
BYCl5Iq1,50,Berlin
gvmiEk7g,42,NY
K76xB90s,33,SF
KTCAKipT,64,Berlin
DYCmLIRc,55,London
VwaHaNF6,43,LA
X8myYOx6,64,SF
pgEUgTuM,69,Berlin
i8eqwPrp,35,LA
uxwenz36,34,London
KexwgvMq,63,SF
O0LxcEdI,42,Berlin
yx9oZZPo,43,LA
ck9YXpeg,35,NY
wB5xIR8C,66,NY
P1uc5OLB,18,Berlin
oufLo2py,63,LA
LxsQmNoc,24,NY
3TikxEjD,47,SF
zbnRcyR6,50,Berlin
HTcsjvp9,42,London
Jt0IZ1fy,42,SF
9oBVkMYO,44,Berlin
wWM2rpcR,52,NY
HXfshdR2,60,London
oJ3EWYgD,35,SF
OZnqkyML,47,LA
aTmQqLmc,31,London
467e5sV1,52,NY
lKeNRQSy,51,London
PfAqFAjF,37,NY
Bxe1XoXj,32,Berlin
4X1uLrFW,24,SF
G7hBdvn8,30,Berlin
RN8VNFzl,53,London
3bqLKtdz,57,Berlin
gKbdLTXO,51,SF
J7iGPJ1X,30,London
DUNJRXHi,21,Berlin
eAxVPFbc,30,Berlin
fKBugCdA,65,Berlin
hTm6GMu8,61,LA
R7n2TG85,30,London
mVKizwye,40,SF
IzdCd8u7,46,London
3u29hF5V,50,London
DmddfGw8,40,Berlin
sfZ09bPi,20,NY
dBCokorV,49,Berlin
aplM7tw3,20,NY
sahi0Kc7,29,LA
4tDQCULR,21,LA
NKnbsSYD,50,NY
FhTF8nc4,49,Berlin
D65Np4zm,34,Berlin
G0114ThQ,69,London
2WTG1q2K,26,London
8ww4EjeR,22,LA
igGOM3AC,38,London
CvVSQUka,20,London
u8FS6OFI,56,London
Uk0zG9HM,20,LA
dk07ZZVQ,54,London
6tWFABOk,61,NY
jByo7fEN,52,SF
eb0N6PZi,50,SF
JqiegSyj,20,London
KUaqgLAM,65,London
qycTgKsF,35,London
V2Yl2oO1,20,NY
9sQeogCG,46,LA
UdErQT7a,54,SF
Qqhmeejt,22,Berlin
WlLz0dxM,26,London
AK9I4Knq,29,Berlin
7BZeXZgk,33,NY
qARohQZL,44,LA
N7RN6OLs,26,Berlin
i0FfKvkN,67,London
UkprOl5n,60,London
HVND68Cz,39,NY
jp9UKpTp,34,London
zkz8DG4q,18,Berlin
iFXPKgTZ,20,LA
9OgxPLWg,22,London
w175lQFI,39,London
OsLGkGjZ,18,Berlin
XcifUfVC,64,LA
GG2ipiE8,66,Berlin
2QYIccko,21,NY
XnP0yN3Q,39,London
6UrOSilp,41,SF
dV5wb4GP,49,NY
PzzNV0VN,63,SF
rBfTzmHx,19,Berlin
fQ8Iv0qY,53,SF
BAge6eHW,22,LA
MUzgolME,24,London
zyqoy16C,53,LA
l8bLt34d,57,LA
qkz0cHwN,60,Berlin
eq9fS2Bf,25,LA
NERGlscl,53,SF
rCLbScac,60,NY
BY3jxs2d,29,NY
1tsxsalj,45,NY
IPoazcwS,19,SF
xd5RxUch,64,London
foIvOQ5k,31,SF
vMEqb66k,36,NY
92brRq0n,38,London
cgSFaTAZ,47,Berlin
WDzRhOuW,66,SF
BCtNaiy3,65,LA
BrzuNnUy,54,LA
aylXZ6XP,69,LA
kVvWIR7v,38,SF
SZUAfu1M,45,Berlin
svPLT1L9,50,London
I778TfEM,59,SF
0crvpnDk,24,SF
In2SKmqo,59,SF
97i5fYLW,33,London
2uNWnO0l,54,Berlin
9ftkieBG,68,SF
eJCG8brq,42,NY
1t25Jdio,55,London
6KaDituf,61,Berlin
fCZhJeTy,55,NY
6BikS0re,59,SF
1pAl5AHC,59,NY
2aomWZLh,62,LA
0Tk4Yqyo,68,Berlin
anMFGkyL,47,Berlin
whnoNLUo,34,LA
JDqbo68d,33,NY
RabXqBno,21,Berlin
eoUCH058,47,SF
uydmpNUb,37,LA
amN5Le67,52,Berlin
w87NgiVW,22,Berlin
slrXIvho,62,London
Boef8Nfe,31,NY
5BcBeLUb,58,LA
9huRuno8,58,Berlin
WMMAc0fI,57,LA
RaAEDoHQ,45,SF
7BCMxLzf,27,London
MTB79cZ8,69,NY
FHrJQTgU,47,NY
0NtVjZML,67,SF
qWakyNrD,49,Berlin
CxtAeQr0,29,London
277lRSuQ,62,NY
P2OZ2kdV,33,LA
Fuwj8PRK,43,SF
9yoAdNe0,52,NY
ebh2zi72,58,Berlin
zbXTl5eg,33,London
S1JHk2GO,34,NY
4qjHR4R0,65,Berlin
uEfIcZug,40,Berlin
MqzzTwiw,59,SF
u7DrGMqq,39,Berlin
JCehf5CP,67,SF
bC4BkHXt,38,LA
U6A6dgNq,51,SF
QFaJ2zGt,63,NY
0h45E2hU,22,SF
Z0r0u1km,55,London
GBgzvITa,69,LA
6bHrwyKV,48,SF
BVFmKTsu,50,LA
qnclE3C6,64,SF
t1mi0x65,20,Berlin
bicsrB9s,36,Berlin
Ol5yqaz2,35,NY
XWKUkN55,45,Berlin
WNaYp5Vu,32,London
anD6FPb5,67,Berlin
b4l5ics1,50,London
C6yuBi3J,45,SF
XNb4p4HN,63,SF
ZGefzlQD,66,London
4nee0WSR,69,NY
iemESruO,25,Berlin
JePW9v38,57,London
L0gOsTTP,66,Berlin
xQqtFpH6,47,LA
W2sXat9G,18,NY
Gljp1E3m,24,SF
UdakmnvL,31,London
Jt69ESpb,38,LA
xbKZHWGr,23,London
zyOXKNdL,34,London
EnygTtdm,31,London
rcOzj4XS,24,London
320EGm14,32,SF
5u0UCCJb,25,SF
UnRw8yef,65,SF
R7FddS9F,27,NY
9AtN0gxo,46,SF
ZhqVWbmJ,58,Berlin
67Tpki3c,36,SF
DaaU14jr,19,London
yLn2xq8u,25,London
EaQzi20N,47,Berlin
KBOBF27a,60,LA
auSm2iU4,53,London
yhYsorXK,67,London
PTJ3D9yU,35,SF
7JwXqwCW,19,SF
FwE0rumx,22,London
EzltX5hv,63,Berlin
zOdBRlSj,30,London
mTG4avym,57,SF
JbKuCXZT,28,SF
bPPvmnz2,25,SF
FjDjCQW3,64,Berlin
gXXfNojv,55,London
DxZovIvZ,34,SF
hC1pHp3X,28,LA
BmlRVjnN,43,SF
EsiJE8Hv,56,NY
10xpAUQC,51,LA
aAMlCzeR,20,SF
aQU5bIAM,67,NY
8ikFMmlB,42,Berlin
TvvcS1hr,41,NY
nPFmZNdU,69,London
sivUUNZR,40,London
0C6p1Dou,47,Berlin
sDs9Ftaf,63,Berlin
DYJk4rIR,58,Berlin
dNF7f7Rk,57,NY
YewSa3VS,44,NY
JCj8on3v,67,Berlin
kSYN3Aei,61,NY
uCKpWVJX,61,London
5Mbd9kUd,27,SF
SBEJdEXZ,26,LA
GrhDvZKC,19,Berlin
DGCJ4nOy,38,London
se384Omi,28,NY
FbOzKS8o,27,LA
0JVSOBkX,42,Berlin
7uWnBZc4,57,NY
1wj6nGDm,22,NY
MeVT6juU,39,LA
8Wn71qi0,22,NY
hofWt0lb,26,LA
5e76mZvd,28,London
xddf4UC7,61,Berlin
NZWaUQrW,22,NY
l7p5Dwqc,23,SF
jSuHyNsw,50,LA
JisZ423I,33,London
AAIKm1fG,63,SF
d0RtfJWm,41,Berlin
BLaZUFPp,31,London
cgmJ1SoQ,41,LA
kbdnzEH7,62,London
ClfgVcGK,29,London
GUF4HMHk,40,London
xrsYjyNb,56,Berlin
fXpsZ5Kf,23,SF
Ay2WXCga,58,London
KwFcEpBS,38,NY
KJTAGza9,65,London
CYZqfY4k,26,London
2kG6V1cx,63,Berlin
n6jdzsut,58,Berlin
3EOMWLgg,53,Berlin
W3eNbIfd,58,Berlin
2suCwZN0,57,London
4e469ds2,63,London
OI9ZQkpS,22,LA
5Nt3dkjj,65,Berlin
ZwWR5cEf,59,LA
WVXNjmeZ,48,SF
SobCSakV,52,Berlin
dMMvmGsj,58,SF
1quNRUnh,20,NY
Nk5PdXqr,36,London
PhuYi8ut,36,London
aQL4EGqK,18,LA
Ma3cdnwD,39,London
0gEArYGG,36,SF
bc1xbtNy,43,London
L84cBGWk,32,Berlin
V1rA13jo,36,NY
1xhddzzN,42,LA
XiDSBc8D,56,LA
fefJy5Sm,48,LA
qakfYL28,47,Berlin
1HGMkz5E,50,London
FFcFlyAX,33,Berlin
fLjW1Gzk,57,SF
6AcwKIQD,29,London
zfQzL4Iw,45,Berlin
XaDapM8k,47,SF
klkAJme1,23,SF
1YSO3094,59,Berlin
RB1is58v,31,Berlin
KwbFlPK8,22,NY
IwkvFQP7,53,Berlin
UGBSjzFk,40,LA
32tc1DDP,49,London
3N6C5WQR,48,SF
6ynSSsPK,31,LA
3aVGP65a,49,LA
QbwK1vqR,66,SF
8kRfTEnv,44,London
Gq695mMD,18,NY
WUUSDOt6,66,NY
yQ48fC6N,69,LA
dLuRziFr,26,LA
glVMiE6f,33,Berlin
OwIsR7tj,52,NY
sUruY2hD,27,NY
6K2EyR6L,66,London
KbCSF8yy,33,Berlin
KDZR7vBN,47,SF
1hQqlqXo,50,SF
WgLo1zY5,68,London
lscGsKP1,32,SF
I0piFYZN,56,NY
TGpemG1I,25,LA
9XLhT4ZX,21,Berlin
WTGbCAB2,61,SF
0ULrL4n8,19,SF
hxU7kmZu,24,SF
fOWzvQnF,55,SF
4YB4oSMa,51,LA
djnEoCVC,42,LA
s6YvvAyG,24,London
w6WXdNpP,42,NY
buaxhYOT,19,SF
MQq2iOQh,43,London
yFr85I7K,53,NY
NpGqGA6m,65,LA
eAAi3WLa,55,SF
MS50mdUS,59,LA
zA0UtUZB,63,SF
BdeIp0A5,20,LA
olwroPos,63,London
wacYCcNs,46,London
lBF3QnKV,28,LA
rsvaSEG7,60,LA
KAtAOsG6,38,Berlin
U3vOsI38,60,SF
4TqQO26F,21,Berlin
aCOqAPpX,22,LA
gR7CQcCF,23,London
OaaImQsd,39,SF
ggKejHdK,63,London
KsGr1Nb1,56,LA
UXc4l6Ip,23,Berlin
7T4XV2bm,31,SF
ebdmCODM,39,Berlin
Z80Kqx4b,33,SF
3TbbnkEC,49,London
uvAxFkrz,53,NY
a7IUtj9V,67,SF
ncQFdJJr,24,LA
cyHeasEG,40,SF
Mxx6GD6n,68,LA
GcpnWjBW,31,NY
9AoJCGzH,64,NY
iOe86GAG,23,London
tTisOZIa,59,London
Rt6nvZP7,42,NY
wTWdtFdD,20,SF
OI55T4GW,30,SF
EYnGTtDG,68,London
TBXC2hQ8,67,SF
6qhX9DBc,20,SF
cgEtJKa0,48,SF
HbvMIq4a,20,SF
Gu8FSzoq,34,LA
4Qmx5R35,56,London
Nv074AqH,19,NY
0F8jTbfc,22,NY
kk1HOyUu,26,LA
vwRIyn0C,46,London
Jzwcp4vC,52,LA
IcR0ASId,57,London
Qzp04dfC,53,LA
v39OqBjD,52,SF
DqrxRvTe,67,LA
0uBlCKfM,47,LA
GggN9JUB,32,Berlin
MAviSyno,46,London
nzBRv6KW,42,SF
5IvAVyfQ,28,LA
4TUN9MDB,54,SF
hscngmur,65,London
VFLYlzJp,68,NY
QqHhJOAw,21,Berlin
RYejO8Sv,60,Berlin
g5W0uFga,29,London
3mM39Lk6,49,Berlin
KIdtHwRZ,22,NY
j0ENLGCP,59,SF
66IuKARX,59,LA
pdF6iCYD,68,London
rbolhuVs,54,London
kYZ4lyIH,54,Berlin
xDVfMiSJ,42,LA
PuhLjtG2,21,Berlin
pWaA8W5G,41,Berlin
0FJmpYOT,53,SF
ukAt8U1s,19,SF
APLigXP0,52,Berlin
nYbQxWEc,53,NY
c4dlmSMF,25,London
8rvTqgdr,26,NY
mhCoozui,45,London
96o0mvQb,57,LA
TxqIncMJ,61,LA
l4Vau8EB,27,NY
cdQp82fC,22,Berlin
xJovVfSc,54,Berlin
iaRPi9MW,64,LA
gAaZiadv,48,Berlin
qvd9EmX0,69,SF
ccD87adt,46,LA
lcDCrIOx,20,London
RJjmpSsc,43,London
VCC703S7,48,Berlin
ux7s2BN0,19,London
mUIgMrYL,32,London
A18isUiK,30,NY
m7Geo8mV,45,NY
Io4QNSb0,61,London
ngpiOGar,31,LA
g8re7fuJ,29,London
edNCidvu,32,SF
qFBsBMmt,38,LA
N0iZlwZe,46,SF
jcCMZU5e,62,SF
YlviUT8M,52,Berlin
8TqHKV6Z,64,NY
I3e13AyA,37,Berlin
TORBe50v,35,SF
4SmaHnb6,55,Berlin
hPxTOsVe,32,Berlin
ECXxED45,29,LA
DiubuDdz,51,Berlin
akwIaAkz,22,LA
MXLqPzND,34,Berlin
F9THStrX,30,Berlin
6l4OVp6e,30,SF
pa9ktrb7,53,SF
ktDpco8J,33,London
Op26XQew,57,London
b8ZQXav4,20,LA
Rqv6CJ4I,69,SF
5Td0VAvb,19,London
msxvdZLS,42,Berlin
asr4h4LV,20,SF
NdV5oE9s,28,Berlin
mXd0Cpyo,28,Berlin
dG1YQOKk,27,LA
fytn0HbR,45,SF
9X7av0Bs,28,Berlin
5aFMwZ53,66,LA
0LJ5e0xL,24,NY
Hr8bSyrb,46,NY
twC9dWtH,18,Berlin
szkteOpl,69,Berlin
SE1qeBac,32,NY
kMFYBtVp,24,London
UFzdkOCe,21,LA
R8f0B8Zp,20,Berlin
jirmnoIf,37,NY
6HvVMGJQ,20,NY
pDG3870P,46,NY
4dXCzXnK,37,NY
B0I0sp2Y,27,NY
FddGDcPp,52,NY
M8ENZmAF,43,Berlin
oOqkKUcw,47,LA
0M9t9p8v,43,NY
zKDV92KV,54,NY
qG2kHS4d,37,NY
8VtGHhpt,68,NY
Yeqtllnj,59,NY
zKtBa1Y3,26,SF
YFYx26l3,28,SF
SH9bjxAn,50,NY
2Qmptgu6,47,NY
rQAdlV0c,47,London
4tWncSa3,69,London
3wFLJnfs,62,LA
GK6ptmbE,40,SF
K3gIancv,53,Berlin
r7YbM0BL,41,LA
kknSR9Ki,48,LA
xlUcJAyC,40,NY
ImnjJP6T,59,NY
hnJzWkV4,53,Berlin
faGPMazd,57,London
VoR4AiMw,66,NY
hBPyV3Sh,51,SF
qRRKucqM,38,Berlin
TWOw8jgl,43,Berlin
ceULYnWz,24,NY
fxE0iU3J,42,Berlin
EGvHOZqy,20,London
qNcKomeG,60,NY
38VXuT0J,35,London
3DAOCHDl,23,London
79bbgXig,69,SF
2PGhlKh5,63,NY
OEo7InaH,30,SF
ZKibycNC,19,SF
kCZabc82,65,Berlin
RLcbBlbC,57,LA
lskjh4DJ,64,NY
pSk7DQjy,30,London
1qIcXibp,18,Berlin
dnKVNOnT,19,SF
aGqg11Ba,21,SF
6y6gkHKy,30,NY
Y8wY96Vs,47,Berlin
7aIaOP7p,61,London
Rq41kFtR,29,SF
owxe7ESN,50,Berlin
us3DOFLA,55,London
E5Pt8mvx,60,Berlin
qBfZRqWw,65,SF
RiAMhLoR,51,SF
rCQi0re2,20,London
KN2Q8rGd,60,Berlin
FQ3WQMuA,26,SF
xr0muBcd,24,Berlin
JTbsxFdf,21,NY
Sy8cLRXl,45,London
6ZaaUKZN,59,LA
UGcxceGt,49,London
5xYopFQQ,18,SF
cdD7RVAk,30,Berlin
qRDKYbWu,53,London
rzme5TFM,43,LA
Tz3dcYP7,30,NY
QbJ7pF16,39,SF
rcuMgNo0,41,Berlin
vJxkIuP4,28,NY
sa5iP4VS,42,SF
TqCaJP1A,32,London
P7rWBfXI,62,London
eavTj437,53,LA
nZtoyjn2,55,NY
hvwWtZus,51,London
xCsPAhRG,51,LA
5Lkx4cxk,49,Berlin
NTAm4RXR,55,Berlin
wii5Xsdc,42,NY
pNQURQKd,20,Berlin
gkDS8JX5,69,London
4tE71qMV,60,Berlin
nwzw19mE,64,London
OilW2GpD,46,LA
MOowMFFu,38,London
0v0hG8A4,26,London
HOC1e4FZ,38,NY
VJuFSHSF,38,Berlin
1AcW0qPy,24,London
s47h2PDz,64,NY
WXBkqi8h,49,NY
HFpkDN9P,39,NY
2HZgAp1E,59,SF
Ca4wkws3,28,NY
gBJYWFZQ,51,NY
4q86InkP,31,London
DjVR87sf,65,NY
xGykqMUj,58,NY
qE7lABU2,39,SF
jis6czT9,42,SF
uu8qgVQ7,33,NY
0vSfZvo4,50,NY
yCboEuYB,19,London
Z7tTv5Ac,56,London
IpAIeExM,61,SF
YupDDKmP,67,London
3ROu6HXY,23,Berlin
KmZ3SF1e,51,LA
IJEVXk9q,63,SF
sT620VtQ,65,SF
8GXwzhIT,59,London
uhETMN2e,54,LA
cdFZOWC1,39,LA
EadloT4U,33,NY
h1KGkc87,24,SF
OJsPDlFC,64,NY
kaUPMBiJ,30,London
FhQrlSMz,66,LA
YhqooSmP,67,NY
SgASeK1d,67,LA
Jajr6dNg,34,NY
UwsBlwJE,20,NY
sJdqbR6k,29,LA
qJPYn4e8,23,London
sQTt3BO3,29,Berlin
jPWpLbUr,28,Berlin
jFLlNADg,58,SF
fmACJDy4,36,Berlin
COttgKnk,48,LA
xJjiVAXN,68,SF
NHA0NpGn,19,Berlin
OJw3ouP1,62,Berlin
XsLl06eh,49,NY
6gXitPpk,35,NY
L5wzomsr,21,Berlin
LHps615f,39,SF
w4eoYbie,31,LA
Grt5UxR1,31,Berlin
1iJaSlQ2,54,LA
xeP6v31S,46,SF
LIo0ZXBy,68,London
dtaRg788,51,SF
UKl4psfQ,65,London
gZl8BNEp,23,NY
Dh8fx6xw,60,LA
mgggoaMO,29,NY
NGljOKGJ,41,LA
ebOu5po1,62,SF
r6WFtFa9,46,Berlin
AHvMZmPo,27,Berlin
KEUW9R95,63,London
FzGQjwa4,53,Berlin
q0813n48,51,LA
qgkb8Ulb,68,Berlin
v2fiAmwO,49,NY
g336LIfr,49,Berlin
vGtM0aI8,68,NY
A927dL5O,32,London
sO8JIIOv,26,London
8p7b375c,53,SF
gk6FkFGl,39,SF
E8Q6wZCT,30,SF
sF9UsfOF,58,NY
ciqEjoWB,61,SF
8TkuZ5TT,31,London
KJlFpwGW,43,Berlin
tmM7jIhA,61,NY
IpQmhmI5,42,SF
GNylW2hI,39,SF
UHTLTL8V,47,London
z8alTmjs,30,Berlin
xr5DALwO,67,LA
KYr0Biws,49,Berlin
tQ3QUrVf,54,SF
yo7WyBc2,36,SF
ULWrhZF5,52,Berlin
IP2Xxugu,66,Berlin
6sPm8e8O,69,London
YM2Fw9HB,46,LA
un8iI1YI,24,NY
TbQ6xtrX,52,NY
qMLnpwUV,56,LA
ALHZTyWQ,23,London
mKgDZymf,31,Berlin
7vxXSQ9r,45,SF
yIbMghjs,18,LA
J4c2XALA,63,London
oQqqMNbo,38,LA
LEBjX7If,44,SF
s9TchazN,39,NY
7tp7E6Ln,28,Berlin
kqROdjYJ,26,London
DfsIaAcl,27,NY
6KvZXUzu,60,SF
6K29pc0n,67,LA
cV4pacLK,66,London
csXNA6tR,63,London
V0IqUx3C,66,NY
4921XvLz,56,NY
ikYsbiOs,48,SF
Jd4Zhkv4,49,NY
nHEQz7wO,48,London
g6bCHF7U,25,Berlin
9PDOHfVU,57,SF
6PqH3qnQ,68,SF
lAW27Aqz,22,Berlin
DcZMd2gX,48,SF
IH0SNMcm,24,SF
1xx8asbC,62,NY
lWSRfZRW,64,SF
zZPcNQ4z,31,London
dIWZj0VW,42,NY
y1tRpDjD,38,LA
IRMqye7A,64,London
gbohi7aD,46,LA
ejR5sCZi,63,NY
YjsQ52kR,62,London
32x3CiIT,48,NY
ewAQgtHs,69,LA
srlhf623,21,Berlin
G4Rr7zKS,58,SF
kfN2cFFB,63,Berlin
C7JKjKwO,46,Berlin
q9q4dyZ0,66,NY
lfaGXyJl,18,NY
pOIazlo6,49,SF
pHIGnfDT,18,Berlin
0GPYg7wc,21,London
73I1BiTx,37,NY
Gbq8cRve,57,Berlin
ALkTu2Dn,54,LA
hAvfVEBn,31,NY
DPCnGWQ3,69,SF
0OVZnVCU,31,Berlin
lgse7pTI,19,NY
urZs7zoe,38,SF
iqtmEmXO,46,SF
PwJMIXvG,29,LA
xV2tYgz7,35,SF
egdS1yf0,55,NY
tp81HSjh,58,NY
U4GK5pOs,49,London
nBugnNXW,58,Berlin
IFGK5iCf,39,Berlin
KIiTwJtM,53,LA
8YlQw236,59,Berlin
mr7QYSym,29,SF
PK520n8O,38,NY
bqnyItuT,25,SF
a8s8Yc20,45,Berlin
L2ZLJwWQ,39,London
ZUEc1gbA,69,Berlin
FRoOBE5q,33,LA
05B1o0VM,29,NY
7D5jjItk,66,SF
KXAOUgfN,34,Berlin
Y1xpjp0g,38,NY
aBm2fA9I,68,SF
Fi1Q3Vqw,24,Berlin
4g65Pgl2,37,Berlin
Zjpq1iy5,53,Berlin
RGJaYXGZ,69,LA
4ZHMtvEa,58,LA
JXKJSLMX,61,SF
mYiAMriT,30,SF
N53GsUhl,58,NY
wCqEuZhG,46,London
RImc16Y1,60,NY
oTmvKkV2,54,London
JVJFLoXD,25,Berlin
rb3XSA3U,37,Berlin
Qn1R8jEo,61,NY
p3IuEeam,65,LA
S5RwTEGb,27,LA
GaIY1qnr,32,SF
74LF2x23,29,SF
bpkbKWTD,63,NY
xLpHFMTt,62,LA
mLtCzz67,33,Berlin
39pANkLf,59,Berlin
Wwf089WT,25,LA
KnrV3B7S,37,NY
vhBw9p9X,31,SF
pOKRSSQD,54,NY
MrOCzrKw,43,LA
egqB08Tv,55,NY
7rVv5CN0,58,LA
FLZaSLGX,62,NY
t66Mqmds,46,London
eNg8dheF,30,Berlin
KMDP5QTJ,51,London
H3ktZDyw,39,LA
e0wu3iUd,62,Berlin
csob2szq,43,London
0tpkjv2q,51,NY
Ztt6bc1Z,64,NY
E5JolA62,41,Berlin
3hUTtxMx,38,LA
jOzvqIdR,48,London
G81FUCWe,29,LA
Onl2EEui,59,NY
rnpzpTfJ,41,SF
ySdMvgR6,38,SF
lIWExQFJ,21,LA
0mrnUajy,42,NY
tjmvv1zR,25,NY
T2nE76fb,53,SF
UcGeyALh,51,SF
RoLObPNi,67,London
355vmPCA,67,London
slNi8zXB,63,SF
ufDl3g11,44,LA
KAdxmZR3,45,Berlin
ZE6Bnmnx,46,NY
u3QZ8agU,46,NY
2zbQWWJg,27,NY
OCImG6KB,61,London
7T2r5jmZ,49,SF
HSSdzs67,25,London
AkRzkCYI,34,SF
T2w1DBFU,29,LA
90AXX9xo,43,London
KJRkkHdC,69,SF
IVXoWtvT,20,LA
6Xz3Dxsm,59,London
78AXkTW6,28,NY
Rsdn46ZH,31,LA
zxRaUNV9,24,London
8K2FNLsU,43,SF
30RS7u8l,54,NY
0vVgQv7X,50,SF
Cv8Q0Jls,61,Berlin
H0WyXBSK,65,Berlin
Zg5jOeWf,49,London
02FFeTRv,55,LA
7p9lNSBZ,37,LA
GEkVlTyN,27,London
jnj2IOGZ,32,London
bdhKBZjT,32,NY
qELhly78,23,SF
IZm2fRjo,42,SF
JYkBCXhz,18,Berlin
FwCD9QpY,23,Berlin
5KoshtQi,30,London
VtRV1Ft7,28,LA
ymrCVHcm,41,LA
SZyKKGh2,37,NY
GLJZPtLc,43,Berlin
BkdIKZaU,42,NY
CSR9ymUU,69,SF
OQ046h2R,69,London
KlUhEuLB,29,LA
1jtwKSRs,63,Berlin
rXnf3aVQ,26,Berlin
MF5cvt5S,62,London
rRbXA8xu,53,London
dKdXcC1v,26,Berlin
qBAwqnC5,50,Berlin
oTI8Eadv,57,LA
Bz8fn3KI,51,LA
d9GO6JeC,41,London
0sX8DvP0,62,SF
uDtvKWIo,62,SF
0RXFte0y,50,London
x7OOnT8v,50,London
YNdVevDz,46,NY
FpJ1PeN0,55,SF
Uvh15cCq,65,Berlin
HQC46QAh,66,NY
ifCej5lE,30,NY
qyZWRd7K,35,London
Kc5ZAcJ9,52,LA
kwg8Vrzy,64,NY
ghWzY6ny,19,London
La9rwUrE,42,NY
pd6F3D0O,23,LA
UltgXxcc,42,London
NN3E1YhF,37,LA
K75RqDbJ,31,LA
mYkdhnhM,67,Berlin
Z16mvNuk,21,LA
XWrbrUtN,25,LA
NMia9vOR,51,LA
pFdzbY1V,45,SF
W2suXX07,19,Berlin
7KVf52c8,34,SF
OuvEAocU,21,LA
nj0XsvlZ,65,SF
A52uOFoa,51,London
6Sy9yWXK,44,SF
cIhS6mBi,36,London
kzT25MXz,45,NY
2ytfL9OB,55,Berlin
lLg0mVFB,51,SF
ahRd0Uzi,49,NY
8Y6x2kd0,58,LA
IPRfeyl5,48,London
2gqZpoBd,23,SF
KfuClw4Z,23,NY
nqrcjmD8,45,NY
CgWVI6cb,25,Berlin
4E5LRsog,18,LA
1fTC7muw,33,Berlin
KalFtGiF,59,SF
PQdly8WE,36,LA
r5ZYicae,35,SF
btwa374m,47,London
7OxhhJ47,33,SF
wt0DTLvW,50,LA
z2r1k0th,45,SF
SuebvmAF,64,Berlin
UHqUEJwH,33,NY
AmjiJqAQ,28,SF
QCuOJ9Sx,23,LA
dLveCiNO,31,Berlin
YJBPTEjo,65,LA
L7wNpz1n,53,London
Z92hfTbx,39,NY
AahiV7oA,57,Berlin
p3POC6oq,40,NY
PUtSWpPy,48,SF
TRsssomi,45,NY
hoCQgBVb,36,SF
DzcbxBQh,68,Berlin
9jEdARc1,39,LA
6sJwgaXV,18,Berlin
EfeBah2t,20,LA
O3Unry70,25,LA
th3Qz0R6,30,NY
toeb7h6g,68,LA
F0O6dDiW,18,London
4vy8XxLz,46,London
CzFXnxZJ,30,NY
vgCTyRII,59,NY
PGrMyXLU,46,Berlin
i4D3saAg,47,London
mJKHb5S6,33,London
KxyUOijG,58,LA
AXVdbCPq,51,Berlin
96r41uP5,57,Berlin
R37Jj9A4,20,Berlin
jug5ORYE,46,SF
XGJVJU2Z,47,LA
7aNuaZ2r,69,NY
bApImoMo,51,Berlin
tNjyDUj9,21,LA
IK049KGe,65,LA
j6YhOgDT,25,LA
jEmWR2uM,64,London
sPL4vTjQ,65,NY
rOJmLydR,35,Berlin
GOtAgNom,39,NY
ORw48K9K,27,NY
NCK8cfGE,68,London
PM1uJOcM,31,NY
UZ38NNYH,68,NY
igkKbIEQ,63,LA
xFOU9pRk,48,LA
22BP94rO,52,Berlin
iHSGWEDk,63,SF
GD0r716o,19,Berlin
WcPdIwQt,19,Berlin
tQ8sVMsf,52,LA
YkPypotC,51,NY
GjmK1Cne,46,London
r8S2d4EX,23,Berlin
tRE16IPS,21,SF
9DK9lRZn,18,Berlin
UtWqk9jd,52,NY
GNxtfRYk,65,Berlin
hR1EM0ad,64,NY
NLxGJat9,43,NY
Gw87lMdk,46,London
dGGP7i6I,28,London
iHpB2g4X,68,Berlin
obUkAUiS,21,London
PKCQoy5V,39,SF
LIIsbPtR,50,LA
LLlOtaGp,51,Berlin
75hYLqr1,48,London
5ZptNlpE,27,SF
RR9enI5O,52,LA
THJrl57c,45,SF
kzEYsvZ3,40,Berlin
LJ3DMiXe,66,LA
GV333KAA,29,London
iOaeKgRP,46,NY
qVgrmyiO,19,London
ROpHf7Y3,30,NY
LmfOqyYM,53,SF
pIIU3yLm,64,NY
mCGbjqy2,43,NY
HxbHLjBh,34,SF
W8sbkZTL,60,SF
K5KZRPTo,50,NY
rZRN4egt,39,NY
3RMPMghI,19,Berlin
RaW708MR,27,London
HsrNgrck,56,LA
Ek0PTq4S,43,SF
lHn6lSqn,47,SF
gR6oJi91,39,NY
mwDrfltP,28,SF
rJh0lpxk,39,London
itMv1Gmi,41,Berlin
YzltfQEn,46,Berlin
yPMHjGEa,68,NY
Op858uIh,27,NY
uktQi4B8,51,LA
WFhJ3n8S,63,London
w1VoRe6i,42,SF
qLSRvDtv,38,NY
XyBsUIjW,56,LA
8oTBnbcC,30,Berlin
yPsRwb0o,19,SF
lzCJCMnY,23,Berlin
qkroH38V,18,Berlin
gLR2zvQs,45,London
ENbaxVbr,39,NY
2yXV82al,28,NY
8DyGI0Hl,56,NY
DQb0H1fF,22,Berlin
Y9BoBZ1t,35,LA
TK56t7Qt,37,London
TkbJcqcG,29,London
bcuNtKsh,38,Berlin
7BebkzTL,44,NY
NsWsIlcU,67,LA
AHp4b58U,58,NY
3lYuBD1J,51,London
GvnQ9GgS,35,LA
vVixD23n,51,SF
VpfspPkT,19,SF
GN4RHU6o,31,Berlin
98qPDUAU,56,SF
JqNwCAGG,18,London
QHvbFg2i,45,London
YGX8EkBX,58,SF
KBFJk8Le,44,Berlin
BwVenFoF,47,Berlin
3DvJiAIT,39,LA
uMt3BTrw,29,SF
x0yYHcGR,18,SF
N9goQ3wS,50,London
Ns06KJME,58,SF
5lmRF3jR,65,NY
hS729TgC,66,Berlin
AWxnGX3c,18,Berlin
TT8TdZ0M,22,LA
4LOl9R2T,65,SF
e8UWVLoL,22,Berlin
3S7VLhUc,24,SF
wlBV8gQi,37,London
AOXGZfLl,43,Berlin
5gnOPTvH,66,SF
pG9rf2pg,23,SF
0fPnTLCo,43,LA
9CB7BZrM,20,Berlin
2O09VOFE,56,NY
HMAWWYBF,31,Berlin
3CpFsJnN,66,London
ubXAOoRH,31,SF
xmcE7TtX,37,Berlin
SQaEeCbG,61,SF
APTeEr4V,26,LA
HgpcD2Bj,23,LA
J91JWigK,19,Berlin
8dQGoCCo,55,LA
13BKFada,58,SF
0oKcKwN5,60,London
NaCF1NSY,50,Berlin
fqn40IcO,61,London
og58he0Z,22,LA
re5qTvU4,30,LA
1h6AN8Uk,32,SF
Ilb4ENRo,62,Berlin
Mva902LQ,51,Berlin
iPkVKnL5,26,NY
Q0MOSveZ,43,SF
XOTB4eNO,47,Berlin
ZfA4yPG2,39,London
RkjbLxLU,42,LA
uakQlF3r,57,London
vMhFRI0t,21,LA
DWocWhEX,64,SF
9cSolAeE,45,Berlin
fKyVsisY,54,LA
Zfhh0TFm,27,SF
TzkQib6q,26,London
pmSSvK8w,53,LA
qGFti8rS,18,Berlin
X0TMYDnT,47,London
5m6GOSQ2,28,SF
Uhb7S0Kc,42,London
52AvDFnY,28,LA
IWoJq4Eg,58,NY
zPcupfgQ,22,NY
4JusvQiT,44,Berlin
E0zghFok,40,SF
6TClObeZ,36,Berlin
vqqcaiF4,20,LA
pzQHhsUf,25,SF
YYXgDGhk,65,NY
o7Ojv99w,66,London
1hrmg3Rr,53,London
wUUFiIis,32,LA
UxSwgVYP,30,LA
HtpHNFDm,47,SF
3fc5woDw,58,NY
RWNSoovk,27,London
3ouAhaj8,51,SF
4ileVeZp,47,SF
v3Gd1HSL,42,SF
1trEZGaJ,23,Berlin
BLM11GWk,69,SF
nOyYaDTu,54,SF
ytHda3Y6,34,SF
DokIyB7m,53,SF
oJK4IOfG,57,Berlin
zz2ApkaG,49,LA
XAous9eP,39,Berlin
nxkdCGEN,50,SF
JCUpOaIy,39,LA
6bm7EHEA,53,Berlin
YnxlK7x5,35,NY
fww71rfE,45,NY
ztfEULQ8,30,SF
EHwVeFl7,35,SF
Iqtedb5J,40,London
lm3UFRkj,52,NY
2pvUUUI2,35,LA
CEnjZ3yw,27,LA
DxuSfokO,68,London
OW9gSCoM,19,NY
oOnvKOhO,31,Berlin
6fZX3fhY,49,Berlin
evaBkCpT,47,LA
0EHwYU6c,36,Berlin
VzWgc3Va,22,SF
wLRpEe4i,65,SF
n9MAhEQG,49,London
PQQXlvuk,27,Berlin
c5Xsqnxm,22,London
pNd7B715,31,NY
uiIpD6S4,56,Berlin
eK6WNsvQ,59,LA
XswZorGf,60,LA
4FzaLouR,36,NY
JUSoBN4u,28,SF
MFk8Ctsy,52,SF
AtBQCSJR,56,SF
B9C5zbDK,63,Berlin
g3V6KOE1,55,London
isUSqOUt,39,NY
LraDecvw,69,Berlin
Qsw4WGXS,62,LA
nRkFKcBo,63,London
Ds03briO,47,London
2HO4w6Ly,69,Berlin
bKit1ng6,47,LA
N2aVcrsB,64,London
HlpRUMFW,67,Berlin
lHlFoTNT,28,LA
LIUGBZ6t,39,Berlin
EvCFGpVL,27,LA
Bwq326Ng,60,NY
iHFi84zr,36,SF
Bk9lSJE3,32,Berlin
TNNqH88b,52,Berlin
C94gHXrv,52,Berlin
3FEe60Rz,18,Berlin
CSNkr3lf,64,NY
byvgNqCq,62,SF
gkzcv6Z0,64,SF
1zooNqK8,35,London
39UgUEFv,43,NY
iZO6fFW1,35,SF
hWLElgfw,58,SF
Wtpm4QCE,35,LA
s9qxGxFe,60,LA
FWBpNTSG,35,NY
2SNreCzt,49,NY
5dN5Rr7D,55,SF
BAEnV9Ou,44,LA
8g6vzJmS,66,LA
VYTOmovT,46,SF
3dlMRxhI,66,SF
2Tf2VWFE,58,London
Cyo90PQj,37,Berlin
G3cnhNV9,52,NY
vfm9fknj,40,NY
KanSsdYs,29,London
Ug6MrDF6,52,LA
Tdydx8p2,53,Berlin
NpTJyI24,59,LA
dRZbbj09,45,London
jQzdusYM,54,London
2DnJsDhq,37,London
FnRUqiK7,52,NY
ZgcZWnoc,24,NY
C25jzE8c,51,LA
4ZejSxFb,23,SF
7W4J7rPH,36,NY
l4CvKE45,59,Berlin
7rfpZ61C,25,Berlin
hWPRFDe4,65,Berlin
tfA6W8pZ,47,London
45dhi2Xa,19,LA
WhrdMhgI,33,London
3L9DnbjG,63,Berlin
rAugYaMT,41,Berlin
sDl3RIfW,42,London
G2fuhKJn,30,Berlin
4J3NcotU,26,Berlin
B5JMRL7m,47,LA
vH4L14R1,26,Berlin
54yzYMiO,57,London
CyLCBshC,24,London
UeFCZict,33,SF
UeEcgpLN,55,Berlin
iF9bNhg9,49,SF
qN2apToe,46,London
yQQ8Tzg4,60,SF
5owbwBwY,68,Berlin
rmzAXoLg,57,NY
KMNxg6rI,68,LA
4t5xVgXU,32,Berlin
zJHX6lqG,28,SF
vZcorLiQ,26,SF
DG7djuR9,33,SF
JxBV5vTu,42,London
Zlp6Ulyq,49,Berlin
17OaoJGi,62,SF
poe8lzGG,27,NY
X4wMxexG,27,Berlin
xbJrX4Ci,47,London
ACQnsSHc,37,Berlin
kpNKPVgn,58,London
C82HuVVm,51,London
kBEyP4Vq,18,LA
afYKAKBB,49,LA
Rf0V8lQz,57,NY
vd8Bi3ij,48,SF
Vn6SDdEx,65,Berlin
6BPK5Zy1,28,SF
Vocgmcxq,58,Berlin
VgQq1BuG,36,NY
XHEeq1jj,67,NY
puSUn4YG,24,Berlin
wXvgh1j8,46,London
Mle0rQE1,59,LA
TH4MWyFl,55,Berlin
5zMAogTH,53,London
8rx9lUDc,50,Berlin
KVIoxyUB,53,Berlin
3uSkYkq2,43,Berlin
i1aHgJyv,46,Berlin
0uvhkmXM,46,Berlin
xOqsDxhR,52,London
FLMpwJij,20,NY
sJLZ4sBm,63,LA
FdCixHaV,22,LA
NUQnVMQI,50,London
J6XfGIQO,28,London
qxfnWwRx,23,Berlin
rCRJgk0v,19,NY
dLDb5Vvw,30,NY
1xSbVqZC,18,SF
IESezdr0,44,NY
qagHGEMm,57,Berlin
V9w2aE3f,59,SF
LKqQwazE,32,London
o1AV6vak,52,Berlin
dprLgMQy,47,SF
LUcK77iO,23,Berlin
wPvxNpum,51,London
XV7TJyxc,38,SF
rpiwlzdq,49,Berlin
ZrpWO6iO,37,LA
JFlcgFaT,52,London
KENIQ50k,26,SF
kvw3QFYk,69,LA
UJMNhtQx,54,LA
g2DesdHE,23,SF
CuxTYhiW,27,NY
mpR0lojA,26,NY
uPVjO50P,50,Berlin
5kuZHAS0,33,SF
Li4n2mlR,49,SF
L8z87jQi,55,LA
LPUjX2xQ,65,LA
yRW1POU5,37,LA
KPqbNFPH,37,London
hfvCn9z5,20,NY
bBnzsZD3,31,Berlin
wuQnXfHF,38,Berlin
2uv29zEX,25,SF
lPX4IkxP,69,LA
Be7RVY2q,63,SF
ifqLD5Qf,41,NY
GNzjcoOK,64,London
8TdfEFAp,38,NY
uP6ijnmU,59,SF
SCk5AcT9,49,LA
KgsF7g93,34,SF
wo4bEhCL,57,LA
hR3xOJ9y,68,LA
9UkDWuDy,21,SF
Rt9g8WUd,59,London
crSbHr9Q,40,SF
DFS6fpS4,53,NY
TJRcUyg6,69,NY
66Lx77hC,39,Berlin
WEalRaHN,42,NY
PxmSZTKD,21,NY
0rxugVva,27,SF
uIsirnN4,41,SF
pAaxwngA,52,London
E6h4APIM,67,NY
p97jDIcY,31,London
pRkoaRXX,37,London
JHrzt0Pv,63,NY
5XnwrjSo,69,SF
ZdTrEWqj,31,LA
zMLyQD1A,56,LA
ancDzN26,26,LA
XZhOn7uK,51,London
iu9LSyZN,37,LA
MBcx9UEH,20,Berlin
AYHaQMFD,29,Berlin
Rtrzi8ON,68,London
LG3fLCSj,65,SF
hrzr1SEu,56,NY
zNBMktCR,29,London
WD27DTJ2,59,LA
kW1ynOTf,39,NY
Y892AAwe,52,SF
tJhmXKQK,57,LA
2JhbqYSK,48,Berlin
1VRuiGxe,24,Berlin
31vBlfB7,26,London
5JhNylJm,68,SF
EjHiylew,54,London
kpzJY729,39,SF
0CpDWd72,26,London
uRk2bgFy,33,NY
TupPDAVY,69,London
yGZSFAWA,38,NY
wQwjY7sq,26,SF
iUaKOVNX,29,NY
oCrpfNrh,44,NY
jotdgoiU,69,London
pdzHkvhU,64,NY
E9NwxGsr,67,LA
TVC73RFf,26,LA
yevy3NxI,44,SF
MKP32AN1,45,LA
kN1zWypL,52,London
ggMGCf1c,60,NY
tzk4MI6n,55,NY
twDXyaJl,49,SF
TQ4BtVsL,58,NY
ymEmkvBy,20,NY
MEnJ4LAI,26,NY
OlnRTflU,20,SF
BNWVNzhl,68,LA
NrAeMZMv,53,LA
eZm4pQx6,30,Berlin
BaWV7lLs,66,London
BvlqF1wv,51,Berlin
LRmY0HsB,47,SF
Cjrzq0u9,33,SF
6BK9NMXu,50,LA
LTvoLMBO,52,NY
SxjBY2EY,33,Berlin
VSW0aVbr,55,SF
QnH5PtAj,57,London
43lGCv70,22,Berlin
sgvXDWEY,25,London
DI8mpE7q,50,London
ISjUQrye,68,LA
5LDAefyb,47,LA
wYBC6bkw,19,London
nH1bcPLv,55,Berlin
Q64PA4M2,55,LA
pTzHW08E,37,Berlin
WtHFk8t4,69,LA
K5rlGABL,26,NY
6l9NKjtU,18,SF
bayX1LUJ,19,NY
n7tasXaQ,69,NY
T4CYeD6N,36,SF
0U3rz0xJ,33,LA
r6ppES6s,58,LA
ILgDqBNJ,22,NY
SnYYzByj,49,LA
Tdu6yZlZ,37,London
viHnpmvK,60,London
viQqAZsr,69,LA
36LAZIx5,31,London
K4plXQOO,30,SF
ySHgy4e8,44,NY
v1VzRG5h,52,LA
vNsUkcgm,51,NY
tkW8jiuT,33,SF
gXsj5Xh7,45,NY
uE1pgIJK,60,LA
c7fmiYAX,52,SF
z9ubn28M,32,SF
G7cQGXHZ,20,London
IUTUWG7G,44,LA
dZxxtvck,44,SF
nwZ1PebU,68,SF
Hm0G29cE,21,NY
cyvlfddN,38,London
sSy3sgXR,39,NY
yEEsvSLA,22,SF
lyXjEMc1,58,SF
JKkLhv4Y,56,NY
OGbsrzSU,40,NY
jBPzwWvC,40,SF
MWgzXTue,30,SF
WF55XgyB,44,London
VlfKH77N,67,SF
NEicrF6X,32,SF
vJrKteGT,29,LA
ZVYnKFO3,27,Berlin
v6ChKRfG,66,Berlin
SFuSvuHM,55,SF
nSChcQih,45,London
8ypAF2jc,60,LA
RUUxu3ER,52,SF
yaaIOnWt,55,LA
HoEgp2s7,37,NY
YKAb7dzt,29,London
VbUx6Yl9,20,Berlin
BOZY53Ss,19,LA
AhpxEYYL,45,SF
ZGwWxEp0,39,NY
2i37Ha2S,52,London
9Mk2ZeiQ,62,LA
qivyzJVP,69,NY
2357uhdJ,26,LA
34oYyiqp,40,LA
aHI1zRAG,34,LA
XYgt9fpT,31,London
XCIYCz6M,69,London
mNQs4Zaa,49,Berlin
IhLZRomr,57,LA
MAU1WsvV,53,NY
0jHrsCom,50,SF
BLN2CXD3,27,LA
XrNqSF96,30,Berlin
Z69sbNEX,51,London
2rLm0T0m,22,Berlin
WTRUSyQN,23,Berlin
ke2tHsKA,50,LA
RSCR937R,22,LA
UHrkCfna,41,NY
TSyRis9y,64,NY
593dSgAg,25,Berlin
vQaKyZYv,35,NY
g4YOYBIR,42,NY
6dQIF61p,35,SF
5vXL1DYf,53,NY
1NckRJ8E,43,Berlin
m9tkgPlr,37,LA
n6YH5Ffr,37,London
LBv8gt7a,56,LA
cPnI3Kik,57,Berlin
Iu3t5WBK,41,London
2VuZEvpv,37,SF
4g257Zy4,62,Berlin
xck7X5oi,21,Berlin
kYVJa6tE,39,Berlin
OX4qnICO,42,LA
5FQnyLlt,38,London
lPv8L9EP,35,SF
7L6XJD7d,62,NY
cqc3slqN,63,London
e42Rs47q,26,Berlin
PZ8HDbqj,61,Berlin
QR81JIyV,26,Berlin
DDoHdyem,50,Berlin
8SeUwEkf,58,SF
qkdPpXwK,24,LA
DDhk6rOZ,50,London
AAWzdkxG,19,SF
Xk7UdOJv,67,SF
lpBceqzm,25,SF
vrpU9BnU,50,SF
1qEturX9,52,SF
yX4F6aM9,46,SF
ep9YgcnJ,49,SF
Akmuif5e,18,LA
lu3K2KJk,48,LA
JVsMscj1,69,SF
zGBVWgfd,52,Berlin
w3jILlkr,57,NY
ki3dAzXS,61,SF
eAklxCqI,56,London
cXt6x0FL,37,London
drRK7DqY,50,SF
Il7UBxz2,40,LA
9Y450Y6z,20,London
M3BWKqVq,29,LA
S1uCovLl,25,NY
fhafQOVV,58,Berlin
ekPWkZTg,64,LA
WcdM34ho,28,London
tDf5mqeP,43,NY
k9R8RdUv,40,Berlin
2vOWc4r8,55,LA
1rKXv1hY,22,Berlin
7jNhUCQ0,49,NY
haEO2iyb,22,NY
CpM588XV,65,SF
bGo5uDou,32,SF
e64zMBJ6,60,LA
qTJhzpFF,69,London
TJMKXYoA,40,SF
Sd7ojwNi,66,LA
Cbu0xgf3,45,Berlin
DgaNzCLk,36,NY
a4wEyRYS,34,SF
Nv750tgF,32,LA
ufm9aU7y,30,NY
MJOYfBYi,40,Berlin
mlZrQwgc,35,SF
8OPE7sMo,40,SF
8rOl6I40,33,Berlin
LLYFTsky,37,London
8o4C4MWY,42,LA
3A2Io87m,49,Berlin
teZnp9s5,38,NY
4v1sQSIy,18,NY
1BYK0xX0,45,London
IBSbEZYk,44,Berlin
bx17teIB,69,LA
5zcODpuH,44,Berlin
NKbUITMO,62,London
YMcSfNU0,53,SF
hLJcR0xG,29,Berlin
CYYg4XNy,32,London
bSHrXoRg,37,London
PC1ZY103,61,SF
sZ6rNHlE,36,London
TPMhVNaD,68,LA
cVZaYogp,43,London
9QDKdRxP,64,SF
DGAfTWcL,38,Berlin
JEIzrhbD,54,London
Uw92VdeS,60,London
vddvdGKc,67,LA
Ya10tVxL,27,SF
VJ7riZBt,45,SF
sPJ2z8Hb,43,SF
khI2tI7q,30,SF
pGy8YFZl,42,SF
FtRWbzRA,68,NY
S0VA8tX3,48,Berlin
JSd2GEAK,37,London
wUBhaCGF,32,London
FTkvV7kJ,35,London
RqG7RHTY,57,LA
LZqx5nKc,40,SF
lbZTYgSu,20,Berlin
gFQJiTzA,28,London
euwAEjiQ,44,SF
rs2t0GxF,54,SF
ygkpL0Ff,29,SF
uf6ejvkj,50,LA
ebDTextE,45,Berlin
PhuksvAT,23,London
pUfH3LYE,23,NY
JBGTUWqy,61,LA
8ekJF9zP,38,LA
MgidCkKI,42,NY
mQreO4N7,64,LA
UhqGyxlT,53,London
yS0BK6es,35,Berlin
yjbmd7Iu,61,Berlin
mlg3qyRZ,56,London
wveYtX1x,22,London
sK4bGFui,40,Berlin
7BqP6u1a,40,London
xJt4FXxF,40,LA
oJI1l5ZZ,52,Berlin
VuQ0IzBA,46,NY
eircGlla,22,NY
E3Lur4Y1,34,London
tq2kPEWl,55,NY
F9XA2QTG,69,NY
Gz4T6ev4,19,Berlin
BP4eSm3k,36,LA
96ZszzFL,64,SF
QLyzkzqR,20,NY
nz6kRihl,47,London
LL1ZzKYT,50,SF
Ah67E8tk,40,NY
U1Ft4rnc,43,LA
kH9uPEUq,47,NY
sf0y2B8d,36,London
oviYcrOg,56,LA
yBJqUp8c,43,London
mMWPLD5b,49,London
NwRx4lVe,59,London
eLkkZncC,45,London
tghv9hCQ,26,London
1sGo3F0i,65,LA
FUOlIVy6,48,Berlin
96KQdlFw,32,LA
2ABF6qkX,49,Berlin
4grNV2x0,30,LA
9Osboyex,39,London
MRcyRnks,57,LA
YZCN6sVz,28,LA
TjOGRXnS,50,Berlin
zsWwRTyT,41,LA
X0KMsHFJ,57,LA
2PBOxXzW,61,NY
tnuDNxPb,68,London
IlPgKq6f,23,London
Ot0zVMhQ,33,NY
TuNCwhd3,47,LA
9QYbBUpQ,47,SF
k6FmY5Pv,31,LA
tB9Ag1E8,24,London
OrcjJmxA,20,LA
55pqHwPl,48,SF
RhalBVDM,27,NY
OV19QhS6,50,London
huIbIrPe,55,SF
mDx6cJPK,54,SF
Zvc2sV7a,32,SF
k5tShG6c,67,Berlin
WxwIkpQ1,21,NY
oYoc25Sj,54,London
67e1EAC1,59,NY
OuZMuPKw,21,Berlin
4gE1lqIj,27,London
RtPHL2k8,69,LA
E6GSz5zR,39,NY
kQuSvZzK,48,Berlin
VO0ewTOp,53,LA
I862BaPR,29,Berlin
VC0y8Bhd,26,London
gDAExTHP,45,NY
J0Dp2Lbb,51,Berlin
4oVerlyH,22,London
SIAgQnrq,47,Berlin
vXSBRCjd,33,SF
gfzvospp,36,NY
H5gOjlzx,31,SF
JFlPgvuE,64,Berlin
WhHt4t8I,68,LA
JD2KUHF2,41,London
f3uIz5Qc,67,LA
OrxgcYHF,28,LA
hH0Mo67q,30,SF
y67WFDdL,27,London
47vK0we8,46,Berlin
9fNpYSgL,56,Berlin
O8HiVzr7,44,Berlin
3Pr4cSTE,18,Berlin
Il0mQw57,49,SF
p9FHgsAo,35,London
NvAiBeet,21,Berlin
1cxCh170,33,NY
tjDyjuNw,35,Berlin
jw9FXhMj,38,SF
x9TFx8Mu,68,NY
eCswQbzh,64,LA
svK8IrKa,42,SF
STq8km9V,27,Berlin
U1olFVur,24,London
4PlL3TeX,18,London
fV8d2Srd,50,NY
UeNafYKB,50,SF
yNNG1Jct,36,NY
tLjI6gIH,24,NY
KFJ4UGlv,64,London
l9xkiYFq,62,SF
K6bT8ISN,58,London
XRj2Cgv4,31,SF
5vc56xfJ,55,London
ieasF6NQ,24,SF
Fh0ZkyzI,63,LA
lHnOAkWC,60,London
WBSUyFX7,20,LA
hup6f1My,28,NY
AFJjTdaW,25,London
KUCAhZMb,43,NY
058IkTj4,55,London
icCIQqql,20,NY
i4hvMkbB,46,Berlin
TQYrQJwl,29,SF
7eCN2ljd,35,NY
uFdD7MZO,60,SF
JXSxqe4p,24,NY
AwoWrvWB,47,London
4XwVoDpw,59,SF
uUnKbYf4,65,SF
3WMZLGhW,33,LA
oelDpy5c,64,SF
WwOcFe9N,62,SF
WhfD3t8r,42,SF
FYY2Ehjx,21,NY
ekdCNnHk,21,Berlin
xvzWEGAi,55,SF
zrj4w9bl,67,Berlin
29dRWtgg,18,SF
NZt0srHb,59,London
CykYMoS8,20,Berlin
8Hqh8gOX,45,LA
nsuyRQvO,63,SF
J7s6v6G8,28,London
1gtP7nQ9,54,Berlin
hu6MU3aP,19,London
kTPJaVyL,26,LA
3z7Yc52O,34,LA
ecLuvhou,49,LA
xvHZPeYK,68,LA
SikEhl7m,48,London
skgvfwOX,38,Berlin
sk7LTUtW,34,LA
LLTfeEsq,69,London
h8GZgDb2,59,London
Uk95RvpV,34,Berlin
tykrWuBQ,60,London
tSl7dbcJ,44,NY
7MS9xWsf,45,Berlin
9FbS0ytB,56,London
yh4vWTJb,18,SF
COO0kdmh,33,SF
gJejMt71,20,LA
03cy3ESp,32,Berlin
GbOWKabo,21,London
NYltAR8m,53,London
1Qjgn6K5,47,NY
enCDhFkv,46,NY
vIXltH63,40,LA
a50KJwgz,22,Berlin
GBSczUbu,64,LA
jPXrNevu,28,NY
jNW8bYvR,36,NY
GTa27j0H,25,Berlin
Lrf8MvBO,60,LA
AHTpkmg4,28,NY
UuhT4EK8,26,London
RJuPALa1,63,SF
uFj1QJOJ,42,NY
zOviRNy5,42,LA
8mW8e6x9,31,NY
fHYFXAuG,48,London
RqbXKc3v,30,SF
KarIxSVa,18,SF
xEWNxUOx,47,London
4cyHQvcb,26,LA
I5LYbjed,57,London
9UVeCdGR,46,London
jkFrYvlS,48,Berlin
RWTjKO2X,35,Berlin
0i5LYUEC,20,Berlin
o5myixh7,52,SF
VB0n0SWk,19,SF
oFYogXau,21,NY
3nnsu9h2,58,Berlin
UBDNP2Nq,32,LA
bGb1LsDu,67,LA
u4Ie8sS7,34,Berlin
r5tZ6wm0,43,SF
i6xvgSlD,48,London
qcr2A5Hz,47,SF
VkhUWNgo,40,NY
yQNz8puD,47,Berlin
NAQ0re3i,28,SF
btjpP4qN,50,London
HBHv3tiD,55,NY
cVXOuk97,63,SF
mfcN510h,22,Berlin
e5hCSg9n,52,London
Oe4edp4Y,68,SF
sDWdmSOT,18,Berlin
AlUEw0eC,21,Berlin
2klXAnQq,65,SF
XyNGEWPh,55,SF
5MGpkRcf,54,SF
XImQXvP2,24,London
1v6sQha1,27,SF
oQwMHslB,50,LA
5fofKF1m,68,SF
G2csViOo,31,NY
sgcs8t8a,53,LA
Mo6raMPo,64,NY
6aImbF0Z,55,NY
4FkAeJJs,69,Berlin
jn0HYIxV,47,London
OTbyM1wL,43,LA
Ms0cXazU,48,LA
vvYB9W6s,59,Berlin
JJDRlY4T,64,NY
ApDp76N0,36,London
9jOWFYS3,57,London
NMiVL8gJ,30,Berlin
srI9wPNy,40,SF
TlxiCKaM,36,London
qyovEWll,33,SF
qnVOxBUs,42,Berlin
K6ciOO9G,43,NY
9A8314dl,38,SF
S7u26tFx,35,LA
JyXm8NS1,26,SF
CwNVOjda,41,NY
zhjrykMX,64,SF
WBMr2wtJ,57,Berlin
tCiwU33e,34,SF
h7g04ttg,47,LA
KQS5pAp6,21,SF
DXsTOQzX,45,Berlin
jESYxTHS,58,SF
Zh9cKpj8,57,London
ET0wnVxU,26,NY
UzHbjMw7,53,LA
6379GWWD,25,NY
n5nDLD1U,39,LA
Ts5Rbexk,42,NY
AaAuD54M,66,LA
aS4aIxVL,23,SF
QHvowkse,43,NY
OLu5FXMV,59,LA
lK4D0K0L,19,SF
vweco6S1,48,LA
IfdOMiLs,29,LA
BTOpKATr,36,Berlin
5kUyGxOg,54,Berlin
phPhOtp8,65,NY
ZeYjsd2O,54,SF
JEVYdOuV,18,London
TZnKl4bx,27,LA
4NTFlkOa,51,NY
QaTyoe2M,33,Berlin
gjDT3EBk,58,SF
C9lIcPOv,24,Berlin
EMPlxtUu,30,LA
Q3c64ooq,21,Berlin
weNEydOi,56,Berlin
pDlXIvyK,48,SF
t33l4PEW,27,NY
VL6mXdbd,29,LA
xvvneIK0,51,LA
PplXax0N,45,SF
JmewPGNV,22,NY
WGsV4kOQ,45,SF
nbZTmlT3,64,SF
CfURJgQr,28,Berlin
CeSiCKHu,51,NY
UrJOFwwy,32,LA
RfyXEZgW,68,London
qybOvCcO,22,LA
7Ge7vQJw,65,SF
FXi6LW2D,38,London
IZdwXula,48,SF
ehwqDcKb,57,London
2jiYmLyA,24,Berlin
AhmbO2yJ,52,SF
vn8P46cg,38,London
sgDCZC4g,57,LA
obhZgsQj,22,Berlin
BPFH4MLW,31,SF
wQyXOQXX,51,NY
sLEz4oxG,27,Berlin
C2013uRg,35,London
lIVi7AO6,34,NY
eArKJnir,55,NY
JmD4eISr,66,NY
2p05MvNG,49,London
a0Qbo2nc,34,Berlin
Ggho45b4,39,NY
6vcfR9W6,42,NY
zNeVjyUS,68,London
t0GiiYcG,33,SF
YN3ytjMk,47,SF
UqAZcg44,51,Berlin
WF4V4iUz,22,NY
28DO8vKA,61,LA
cRU5ytsR,50,SF
Ka0v2N8s,22,NY
rAsShFFU,57,Berlin
NNeFdTWP,59,LA
jVsnKSrE,20,SF
Mr44cr4b,55,SF
lmz5oiw9,30,NY
ySO0w6gv,69,NY
f7QfJjd9,25,LA
VeWrMkju,47,London
8SnnoWhZ,67,Berlin
B3kkEgkf,22,NY
pS1VtHuO,55,NY
Kn4gxMOv,48,SF
7vK3qWP5,19,LA
dhZ5dESl,24,London
PFFSZU6Z,33,London
lQmU0cOy,27,Berlin
XVMbez4g,46,Berlin
L4dQzoPw,47,NY
MehOfNVA,37,LA
NblbDUOc,59,SF
YqwznpoP,51,Berlin
5IvZdJ2u,25,London
YbWUdhWz,51,NY
8WFB5vkr,51,NY
DN93Mwb2,62,SF
UUGHcS8r,53,LA
YUWkVMMO,24,London
xfKP3q2P,31,NY
MCLCTcU4,37,NY
whpOwVjU,54,Berlin
5GhODPDT,50,London
HEJ051qU,48,SF
APnNo2TS,50,NY
UYUbK2mN,43,London
kx1WauqK,43,LA
as4r0DFN,68,London
MmvKJe5E,55,LA
M3BBnqcj,33,LA
03dRdqDg,29,SF
HMPZDUdv,18,NY
RIqxIBcg,61,LA
Rlu0tDhF,37,SF
HvIKEfUc,67,London
Aw32tsSl,19,NY
OkuZJAkW,48,NY
c7oDYieL,35,SF
3uNVdQcW,59,SF
5o77hK05,27,Berlin
0uh84fcI,23,London
hGjTRT5j,19,Berlin
0coPTHrW,33,Berlin
K5v6Swur,22,NY
ewDsS7LV,55,Berlin
eBvjqC7s,39,London
oXJWRTuU,39,SF
lLh114js,39,NY
wtBkCSxH,18,NY
6aiU4dgu,53,Berlin
qvHVY8Z8,66,London
b5jlMBE0,30,SF
LtPBB8Cr,29,London
eBXgzXoN,30,LA
VfP2LRCo,68,London
FykFzXvf,65,LA
rDVBmkaF,28,NY
fk9yz9qM,67,London
mOhifRXs,35,London
4W2DBcJn,39,London
SNHAJNCd,18,Berlin
eFdjEFyw,21,NY
28W3pwlJ,26,London
H24XJoAz,20,SF
9YouidJO,25,NY
5FRWoyyP,26,London
H2n1unAE,35,SF
WyVE7nXn,22,Berlin
fdaoDQPn,39,SF
FC1eHbsL,54,NY
CFwt4e5M,22,NY
bbJTDK76,40,LA
kuvK1S0K,33,LA
mjySwTTA,22,LA
W4dkI8X3,54,Berlin
hAXSPRkE,61,NY
v8GFrTrl,56,Berlin
tKqCeeWF,20,NY
ktcvfrEl,43,LA
nctLi0L6,25,LA
baUEh5qa,38,SF
5fOTID63,69,LA
sQOQ0faQ,35,LA
zxIvD8lP,22,London
xMayrGwT,23,NY
ELVQYzDK,44,LA
1G9iNr0q,39,London
iqjO22oy,39,London
E8nASXkM,55,London
yjcBbRxh,55,LA
JnDqsLPL,60,Berlin
Ot2tqc3F,44,Berlin
uRr3pSTP,62,NY
Gj3fYNqo,63,Berlin
XCZkpSUw,66,LA
PZZwS4LR,50,NY
XBe8ndm6,59,NY
3KKmeUFq,48,NY
5lvJ8er7,45,SF
Au4uldhD,47,LA
rkKYdi2j,51,LA
a2K2Nbo5,62,Berlin
9PHpxqFT,34,Berlin
0MmtHde6,68,LA
y38pGsdT,52,SF
RaTpdixM,53,London
38dYUcTn,23,SF
FVfShuSR,62,SF
ElVA4Hbi,46,Berlin
JOCE4gY0,40,SF
BsvTVXxp,31,Berlin
aRBH7LSH,26,Berlin
lGu3AdxB,32,NY
rwMGCH3C,55,SF
AXwCgvLt,42,SF
FoBmLy6k,37,SF
VurEHSHo,60,LA
pbkHifle,39,London
NSAxFLCF,24,London
ij45n9Ji,35,LA
GLYsjkAV,34,SF
4djwm6aa,31,Berlin
WzsoMZTZ,43,LA
B5d0kIGc,57,Berlin
StLK21uU,49,LA
yJgW1dcB,46,SF
FbnGvLh8,57,SF
IWI2NOAL,24,LA
G8qYWAXi,26,SF
gMP1DWDT,29,NY
WRUo8xId,20,LA
WQvz0LEK,49,SF
S0cMyl1k,50,Berlin
v2JNtsL9,32,London
6pdB216O,26,London
3clzwXbS,66,SF
aneDbP4o,61,Berlin
F7SR1dka,34,Berlin
V1dzL8g8,45,London
0PEF3Ep1,62,NY
pFpazIdO,30,NY
aUQCveGE,64,LA
XZlbCLYZ,38,LA
oLOKIboR,67,Berlin
I4o9XRKo,64,London
3K2trBtV,67,SF
yaxhXoAw,22,LA
7C6A3TEM,24,NY
TRQB1jtg,55,Berlin
vfO29NG8,54,LA
efEfwyla,36,Berlin
mpWnAoOz,58,SF
3AXru2JV,49,LA
s05pYYT5,60,London
UWB0xFDB,20,SF
W18ndvYj,56,NY
inQpmv1a,52,Berlin
boqdH5nk,44,SF
WimyfAC1,55,SF
DjqC2yDA,68,SF
zdDEImcS,65,Berlin
2sogfSqE,25,London
EkDWkkca,68,Berlin
PBqO2kDu,36,Berlin
LC5dY1T5,47,NY
AYevlohb,65,Berlin
006An9dE,57,Berlin
XDeLbiEZ,27,London
iR5GFF1p,47,Berlin
iQDAb4af,26,Berlin
MTxNCKOf,65,Berlin
OeYXt5oh,39,Berlin
1uvm9GiY,48,NY
t5iwwe9H,63,NY
3KsFv15W,27,Berlin
j5GWdG8U,53,Berlin
olFBoYlN,27,NY
q1pFW4oC,69,NY
x55KRDO5,44,Berlin
HkvNqmUF,32,Berlin
v1ZU7g3N,36,London
TnjLcsFh,28,NY
O0KY5lhI,49,NY
vWGQVLAI,37,NY
EsQNRdgi,63,LA
HuCsTH6N,32,SF
KpZABQ3g,21,NY
qDNAAad1,34,LA
QTNFC7uT,18,SF
0BBdLXD3,36,SF
GCUfHArL,22,NY
ECOgyTSd,35,SF
0kvaCeJt,34,LA
nHaND1kX,59,NY
iooS1rIV,58,Berlin
nYpA2SPo,21,Berlin
jvtpWKTt,69,Berlin
nTLL9Ufw,36,LA
H5MNW2tN,48,LA
g2pPubyD,20,SF
Yn02MIvc,67,LA
P6KAmnZE,20,NY
JEyolMDL,46,London
0wVpe0Sz,25,Berlin
RlnqLGop,22,SF
dfn3waDI,48,SF
LTvmxl4Q,44,Berlin
kvsUXyrl,50,Berlin
XwGcVMPK,35,NY
mYg3rs3C,41,SF
nZObi65a,43,Berlin
6xWjJlyq,48,LA
RhRMo73k,31,SF
YfobAKR3,42,LA
3iRMGiuO,49,Berlin
hRAW5Eea,56,NY
N687fBtG,58,SF
JHT1qllu,31,SF
M5qQ5zsT,65,Berlin
mVhmeAZV,65,LA
UnP4eURG,44,London
mFHtZWYn,39,Berlin
USZHJ3eQ,55,LA
lwEtOanA,24,LA
vQe2Smws,50,London
9s3beSWr,60,SF
ktOm7rs4,58,NY
4xNsV6me,50,London
H1n5uV6i,41,Berlin
asbx3Gtq,43,LA
rl3BdL6E,67,London
9XrDPFSr,59,LA
8759SwQz,48,SF
sdOsadYb,44,LA
Pw6lho0D,30,NY
OTK6a0Uw,48,Berlin
s5x4L1K0,49,SF
S4iRLcgH,40,LA
OBA9YdLm,54,NY
B2LJY1ev,57,NY
fUSuLGTC,62,Berlin
HDciBvLJ,33,SF
wu1bnkp1,56,Berlin
tqGiquYn,25,Berlin
Q8Gs5sTm,35,NY
0kZqNcXO,44,London
wcWqiFhm,26,LA
7gb8lMkQ,45,SF
mp9vsS4K,39,London
b7OHBZ2M,28,Berlin
8f4v792j,39,SF
aUjDZxcm,66,Berlin
wySSAo4p,31,SF
q598lThj,40,SF
323kMyk4,19,LA
xRcSD4c3,32,NY
j4TbIYQM,67,LA
5U15hBRa,22,LA
CidEu6Yd,46,London
3DHZOSNq,50,LA
jI2hP0aF,65,SF
wlnjiexz,61,Berlin
emUP9vyQ,47,London
okvuA7rw,63,SF
YxgtOdjh,34,Berlin
uMptcJB8,18,Berlin
isRuXAFC,31,London
0xKBLLp8,64,LA
96UgW578,61,London
VAvjXsL1,34,London
lgMjCI5l,26,London
Q73jQ8bX,52,Berlin
juhoQLdG,48,LA
PO5v4bch,29,NY
lkbgWyHV,62,Berlin
hBdWbLi7,19,London
07ARLAFr,32,Berlin
VirQ5u6S,51,SF
oOXfKDiT,54,LA
kbEZAssk,58,NY
IDL7Uu8z,47,LA
0m9603wt,31,SF
jAa1iV9Q,62,NY
q9rTOGTA,21,Berlin
ugx9kkIc,25,NY
QFwxcPAJ,40,London
KwlFIMGX,24,SF
4fKWmKfK,34,London
xxvPlPBr,39,SF
YCVHyFYE,55,Berlin
v0FaMTfN,43,Berlin
MMznZy2n,25,London
0cyLEnFK,39,SF
ozS8cBTE,57,SF
FVwFx0oT,62,Berlin
9nh9Qc2Q,39,LA
AIEuxlug,57,London
DguKv3fR,22,London
v0YBq7ZI,26,SF
dR2Bqfwv,37,NY
4sBpZTyQ,39,Berlin
wBOihrCG,51,Berlin
6bGuBjRI,52,LA
hYGKZBtj,53,NY
xvSKTSVl,36,NY
Ynk3oKIT,45,NY
mLoZKPv2,24,LA
Ww2mCl8Y,58,Berlin
b5A92gqf,55,NY
NHuKjnc0,20,Berlin
5rNxneX9,49,Berlin
p1fGzQXI,63,LA
0ufWcqSy,62,Berlin
InKvmZGm,48,SF
FDYf8znV,62,Berlin
QsWLs6d1,42,SF
kXX4UKJG,50,NY
ttAgiVur,64,SF
chxnhrzl,22,NY
g1n40yIK,46,SF
57hQs5rX,48,SF
TNi43BTV,43,NY
LxsGLWJt,38,LA
VHFUnXfa,51,Berlin
BrEoKXf4,54,SF
KIJvLjUV,66,London
PvDEWOIo,18,LA
kwvn3rk0,21,Berlin
cAmylkuJ,64,LA
UhBmWqj0,64,LA
LOee9M8P,39,NY
hKZDdbjX,33,London
cNIGmqvg,62,Berlin
whKocMyN,63,LA
eG0wc0IJ,49,NY
xuRnENBV,51,Berlin
2rxuPKNC,38,NY
3SzszTur,44,Berlin
cV2FSUaA,59,LA
v48s8adn,54,SF
rx9snwrl,20,London
7AOz1SOS,69,SF
o60n3iz5,60,SF
WlpAVDu4,62,LA
bUYm3mjh,51,NY
pL68inWo,24,London
FfMye9gS,46,SF
TpHsBH7z,20,NY
5UBUxRTq,62,London
INlHLqQX,55,LA
fucPEaoL,58,London
DrYUnp8e,69,Berlin
BiTnWvvd,19,LA
FsbuVi2V,29,SF
tiNeutt7,32,Berlin
K6BySeQD,33,NY
h6RcmoIc,20,SF
EdDj9q9f,44,Berlin
1SJsZ0re,63,LA
onwfkNNr,40,Berlin
ConoGOfg,50,Berlin
ud4AYJVO,65,SF
LuYKttrj,44,Berlin
sHwOoxSS,41,London
7UEkHCZs,55,SF
263AV71z,44,London
7SxBWTnR,64,Berlin
KyJT5etb,48,London
7rNVfEiF,32,LA
doSg7ABk,52,LA
lNeavS7l,53,Berlin
5mM0ChJe,41,London
dYIiI7hy,34,Berlin
8SF8Wg8B,62,LA
5pfR0heh,51,London
P3NzjAmu,18,LA
F775G35x,37,London
n5A0dBso,23,SF
aJJYu7PV,22,Berlin
5rS9ZRMH,46,London
BAe3dY4R,23,London
RS5HHN9L,67,SF
1wlfhUsS,50,NY
K3eqjFPK,62,SF
dGUfc8rB,55,London
aCyv8iLt,69,NY
e85HRVTv,46,LA
F4GMH8Io,61,Berlin
9LCmFo5F,27,NY
GMaAC8c0,49,LA
sEFaJVO5,42,London
6fkhB5us,45,NY
ftM2mVOH,46,SF
oMUaTBQI,68,Berlin
M7j0nOOc,52,SF
9s8p2Sfk,64,SF
i0r2uoCs,49,Berlin
MqWcqtwH,63,SF
0CMft71w,53,London
364bVEEN,24,SF
btEkO32K,27,London
bi8Dmo4S,63,SF
0AByoWGN,51,London
2iAitaMH,50,NY
n1dQ8Ati,43,London
r2ooqFuN,65,Berlin
CisWBLYA,65,SF
UP0enqmM,30,NY
4287G1pO,47,SF
YEUBg1Gp,49,London
mf3oAZKM,50,SF
kRy731c9,23,LA
T4yuO5Jb,53,NY
TtKdFcQA,19,LA
FS3KNa6i,24,SF
F5ZaPLnq,47,London
FvJiodTt,63,NY
BEnVmCyY,43,NY
CeeKf7Fu,42,London
DHKcQEuH,50,NY
fNLYMvX7,59,London
sXQmMZxw,23,LA
ulLQ7KDa,25,SF
5zTKQDSa,26,NY
GmmMxWRD,28,NY
NYULqflp,41,NY
TdLOJKqr,23,LA
iWTF1S32,57,London
iv2v2LPR,33,London
xVWgKxnb,34,LA
IfCnzMML,41,SF
jvt44gFP,24,LA
n49KFH6r,57,NY
y1hK3eOo,57,SF
2aoM3rYa,44,Berlin
BjzKHgXO,27,SF
IooHiLGr,26,LA
slZhVsvi,68,NY
EqMzB10H,27,SF
DWTBnyPk,66,London
0IsO85He,47,SF
edG2KqPW,26,Berlin
PMXlo3lv,63,SF
8wrYd0qm,43,SF
cls3eYss,51,SF
c6Dwl2X6,52,NY
w4n3XzrF,44,LA
kWI8s4sc,37,NY
gvIIbMYo,41,SF
arhx8LnP,44,London
UUL8ps3h,58,London
rGxZI8Hz,36,London
tJG89GJv,35,SF
w9XmEtgf,67,SF
3TckGPYq,60,Berlin
88WhH96v,58,Berlin
MakK8oIS,29,LA
Pk3fy4kQ,57,SF
EGUJyJLO,35,SF
3mqDtaLt,25,London
kVBckZe9,53,Berlin
lCocdYKg,55,NY
KaDsx7Yw,33,Berlin
2S8cGCRS,30,LA
JQsAGoE2,43,NY
F77pz6c7,65,London
WeIuPjdG,43,Berlin
QIrFEZhd,38,SF
iOt0eTpZ,69,LA
0de4kgSu,67,LA
sV1O7nWN,38,NY
R7OLM9A0,25,NY
4xvLzpJg,50,LA
pUDlId5Q,23,Berlin
Hkj3NwmH,67,SF
NcdgQzTw,19,London
xK47rIqd,25,SF
hyCkjkUk,23,Berlin
m8nyijXz,23,NY
xaHsCovh,39,London
bHattpqu,42,SF
nUj3rCaZ,63,SF
P5o8XjhD,48,London
Iye7yYw8,52,LA
Qluy9Cpm,67,London
3rQvHW6n,22,SF
baM5Lbkd,39,London
CLn5Emii,65,SF
Ct0ekgSm,42,Berlin
X7uAamOC,35,LA
Cf93Z9F0,26,London
sCzvxeH7,42,Berlin
FUvncXQB,46,Berlin
bNM5epjq,50,LA
a95lmih6,60,NY
UdUQ0DAS,25,London
Hi7A2DDn,57,LA
m42QYcmj,30,LA
mPcADIhR,25,SF
wsXAyjzt,65,LA
ZntSzivv,67,LA
LAA1OjBH,58,London
QUid2k07,61,LA
V4jZnaI7,44,LA
kFRjRiue,20,NY
9tdlJROD,50,Berlin
XNUUePTu,48,London
MS48sl8E,45,NY
KKppQvA2,38,London
BmNHjaCh,69,Berlin
xZWQv1Cz,46,LA
JtJFZYMu,46,LA
FQLMtmGH,69,SF
Xjkj54ms,26,Berlin
l797AEpm,39,LA
84OVkxT1,25,London
zNJTkwdO,62,London
Ru1Sdegn,34,SF
ukwVm2Zn,40,LA
oWnry5gz,56,London
FD5f4kji,47,Berlin
BMK0OHEp,32,SF
E8w3Z6AQ,31,LA
TYCBOanG,42,LA
Jp9dLQgc,33,SF
hnXfwp3M,66,NY
vTv5o5lr,65,London
DHDuPr3j,35,London
Rqh9CIMT,49,SF
aQvGkYy5,63,LA
iPMT3C5N,55,NY
OBsfMVKs,69,Berlin
RABdpVbF,32,LA
790RNddP,54,London
3QZwSUID,66,SF
sLioBhzz,50,NY
YatJKuta,30,London
nLQ9RK6U,24,London
br115YgP,36,LA
F44Ijeqz,38,SF
TirPK4iY,54,NY
MVCEepZn,26,LA
4M9i8ubP,21,Berlin
TBCoDWYn,48,London
ff0p4iDz,24,LA
0FDRN5yt,30,London
yD8OdttS,57,LA
9Fnl77qE,53,SF
E5Iv0l2w,25,NY
gArv7pGe,43,SF
KTuljwsx,44,London
xKU1xmCt,65,London
DctrjobA,43,LA
5pcHgf08,62,LA
sBGUuDaA,59,LA
kGxWT0z7,31,London
wbMRhbI9,37,NY
QPJTp4Yb,59,Berlin
6H4ZBnsH,62,Berlin
dU5AEujq,45,Berlin
9Yf42757,25,Berlin
DlqVirvm,69,SF
Veaka8WP,22,NY
qkW7PXf0,68,Berlin
5Ko30Flp,30,NY
HNImbfZG,19,NY
RctwisX5,65,Berlin
ahZfSjnV,31,SF
VjgKkvLt,66,LA
dHdYQJ1r,20,LA
wudT1YG5,33,SF
UYGxFj7n,26,London
V1eXpBES,56,Berlin
HevZ9AZR,19,London
rVsbKP8y,28,NY
k23YZ51m,41,LA
ljhiJxkZ,60,London
VSTcjdxV,46,NY
16Zj2ywt,31,NY
dX82EIi3,65,SF
apfn8HkD,57,NY
siNbVa89,39,London
HkI8PbDa,64,NY
MF8IPpFR,65,Berlin
PdomI7RW,51,SF
J2A5UvFu,53,Berlin
nEvrSaPF,50,London
U639H9os,56,NY
00LSQjtr,60,London
FAf4sM7E,35,NY
CFMbWsWW,39,NY
uttNVKhd,42,NY
SlbeyQYG,54,SF
t9ACQFcm,22,London
nyq4gXtX,49,SF
klHPF1eI,69,NY
gNbsDhfL,66,SF
viAo4rQL,53,SF
UWdcG13s,26,LA
ClINLYDc,31,SF
Nkw2336B,49,London
av6pMQ7F,26,Berlin
eNYZIXFM,40,London
0gTdk6UC,62,London
6yT3mqQ7,65,Berlin
W2OaoDyP,69,SF
KtFZ88BX,62,Berlin
R7DokbOH,26,Berlin
kKK7AE9q,38,London
dAQlVLnz,61,London
PnGO9jaZ,49,LA
jzO0VoRH,61,NY
HsgxiuYH,27,SF
I5sy8BZc,46,Berlin
CXOZtmy7,51,London
bRnjKLoM,39,London
jwuHqLLq,22,SF
jJmdZyrX,28,LA
6Xyievk1,45,London
R1H8KZjN,41,Berlin
zMQ0P89o,51,SF
a8AKjF2y,59,Berlin
9NioCl3J,57,NY
weOKEIK6,69,London
RMwsVBJn,27,SF
of977FJl,43,London
kzjqHIOK,60,NY
mRarVXCu,58,SF
0xOXDQHC,24,Berlin
nvGHY5hA,61,Berlin
tNYa1SEF,24,NY
cXNXQ95C,65,London
PvZs4B0D,68,SF
7PfQ63i8,65,Berlin
ENBUWZvy,32,Berlin
4G5xc7oI,63,London
UF9yqP4S,62,NY
etJR75zv,20,NY
fvbhiNci,62,NY
S3tYJJAe,43,Berlin
72hgoisy,24,Berlin
B0OQ4Sys,19,Berlin
w3twI7gy,27,Berlin
zXhcdqI5,47,Berlin
fn4lP8HY,64,Berlin
l05ykM9w,20,LA
wHcHfEKf,55,SF
OAs3KmwS,46,NY
V4gRfV3c,42,SF
cuu4RQyU,63,London
XstHaUg6,21,NY
52By1L5t,64,NY
SNQOW2Un,22,Berlin
US10lXCS,23,Berlin
mlgbNeyX,36,London
rdz5STr5,35,SF
5a3ZIhDM,69,SF
EK7GHtQz,55,SF
VAnFnOHZ,53,London
vIPoZtyg,29,LA
k9ZhDjOd,41,SF
oj3Pds9j,47,NY
dzTDmeTu,31,NY
XfZnyBoA,56,Berlin
0aOcZbqb,19,Berlin
LipQTSg3,51,SF
Ifrwhvxp,37,SF
xuHo5BTy,53,Berlin
SXKLszVN,69,NY
0XRg6lwq,40,London
N9GZsWr7,52,London
tS5JtKyr,51,London
imRaC2wM,38,SF
BiGTdqU1,55,London
R1YjrEnZ,63,LA
qOnBZ17A,25,SF
SUUsWMLL,60,LA
sqWOVx3U,68,SF
onNtUxvT,47,SF
MhZh8FmW,64,London
0Hyg26KC,37,SF
LbLcAwTj,69,LA
dSx9s5AB,37,NY
X8Egarfg,40,LA
wLdyTyOS,37,Berlin
BejA39YA,63,SF
uIcnZqyI,40,LA
s9F102kA,21,London
scKyiTZR,27,Berlin
3yWDEZ0a,57,NY
8Gov0ccH,22,LA
AkNNqOuV,49,LA
VWepajdy,35,LA
7OjUdtXh,42,Berlin
XlpFr0Hu,34,London
wwBgRdhB,22,Berlin
WhLEhSaP,52,London
IxMe2a00,59,London
Ivlj8u1z,38,NY
2d6MYRnS,53,SF
5N6C38g8,36,SF
vNxzRhYo,40,LA
Cq51ayq5,22,SF
cWjiSGSu,50,LA
6LUZ5QQ5,21,Berlin
LuQbwLlq,50,SF
mAJofOgN,64,NY
Z4ar4R8Z,52,NY
KCxEQu8h,59,NY
wdaVykfP,43,Berlin
nx8BR2nS,54,LA
MtwIvIWx,39,Berlin
yYuuwpwj,28,Berlin
kYdiab1v,66,Berlin
L1DQbzVr,43,London
WTduew3C,58,Berlin
dw7EuInt,30,SF
FcpqkZSr,31,LA
4UyLkNWg,58,NY
lC2k6wwy,66,London
m2HNCmIU,24,LA
pBJYkqjd,33,LA
McsUyGZG,37,Berlin
O7ORgZFH,62,NY
nE3GbrGt,63,LA
lOhiE38C,67,SF
TpDlGK4t,60,NY
hsxjnEiL,44,SF
cNqoKGgA,51,London
WIKzWkg2,39,LA
VGCxxnBq,55,London
QQncvQpe,54,SF
IpLjAG6Y,20,London
dgXco3l2,44,SF
z6sQ7h1D,24,Berlin
iCeDjhlv,52,Berlin
eMAoZhpt,62,London
xxad855B,40,SF
GWUOynjG,19,LA
vaxYTJsB,41,NY
iaJyLyjc,19,London
tgNOpV1p,67,LA
kPDjapFb,53,SF
lzYRVjRG,34,SF
7xDueDFY,28,London
H3bEdReG,24,LA
fVYF4zqG,19,London
5sZC5OZY,32,Berlin
u7nfCC1A,63,SF
FyTQZE1z,48,Berlin
ztmAyaFH,63,London
OTeDp6hZ,23,SF
yW0VUxSz,54,London
r2QTYpVw,63,NY
PwmxLX2E,46,LA
i0Vjt2d5,21,SF
J453Dycn,63,SF
3yDTtT5F,54,Berlin
ur4ElDWF,29,NY
exNGjmiL,44,Berlin
MiaVdQBy,42,LA
tUb2mSk0,62,London
Rvt8JIhj,29,NY
LyitIUFA,34,Berlin
VCTPOp4r,67,London
QaKM9QTm,29,LA
hoRuAfKy,48,LA
HYupF2Yg,26,NY
EOYEglkJ,36,NY
YEbiooWE,46,SF
G3LA9GJT,42,LA
uE2pTB1t,32,SF
8IlkkZy9,26,London
8USd5YEU,30,NY
quipenp2,64,SF
EQgqrRXd,61,LA
4FwohNVR,59,London
4fVndYgG,20,NY
hSTdZGqq,27,LA
RK0VegS7,35,Berlin
72tgrAQm,27,London
RrgnqsHY,53,London
xERrH33N,45,Berlin
wcGclL7B,20,NY
xTFM0mV9,37,LA
7b3s3sfp,35,London
hg9sLvBu,66,SF
P9EV6Qhm,54,NY
UAci7b3U,37,NY
uTYSfKAc,27,LA
9b28emJ3,51,Berlin
wpg5RbnY,39,London
VLnZuqPw,38,London
hN8MJS95,50,SF
MXpsaDmT,33,SF
LLV4HLIr,59,SF
f7YDc6zn,52,SF
WU6X4Vic,53,LA
csZMWDK2,18,LA
aasLbJ63,29,SF
L9YxPAwY,30,SF
EktmdhVk,25,SF
UlMJNvS5,68,London
SCiHeRnu,48,LA
woW8wbsY,22,NY
GoNbiqaO,61,LA
BjLVCPKQ,68,LA
6UnqCzjD,53,London
9ElgMcUX,64,London
3D5AkSVk,42,SF
Wckecwff,62,Berlin
gVsqYO6K,30,LA
69JFHhm1,52,Berlin
sgQspaav,49,NY
USzedvlA,25,SF
33xUt3F5,39,LA
E7bY8VC4,23,London
3nEU7XqA,66,London
L0Baj4eE,28,Berlin
ExF6ZFZb,24,London
nE8jiw8Z,32,Berlin
MKylrh7J,21,SF
9sAE9WCx,57,Berlin
0qbPfiEj,51,LA
yb3uVP33,60,London
wskxkTTJ,57,London
Qbk9heSj,39,LA
5fMS70Ee,47,NY
tTv7DvBu,36,SF
KCwPOgjc,54,Berlin
CY248XX4,67,SF
vtyMMCcF,55,LA
e1GX7E6o,47,SF
N7O1s6t8,49,NY
ArK7kbPf,36,SF
VBDQ9vET,69,Berlin
D71LlWM2,42,LA
HPW6v6ZK,54,NY
Z4spApEH,62,NY
d0lezhh3,40,NY
SHNmVzjr,29,London
2vHA3S9o,26,SF
57723DwE,54,Berlin
GkZhTKaE,34,London
mNRDk0av,67,Berlin
K3MqUxvF,52,Berlin
qvRq8c84,68,Berlin
GeIy7C7L,64,Berlin
to8SuZbk,66,SF
vMMyaMVm,58,SF
GxrC08Em,47,Berlin
DQCcYyq7,21,Berlin
FR0VrXpL,58,NY
FwzH8GAM,21,London
4yghhjeC,41,SF
3ojbdhTB,20,NY
miG21tXP,26,LA
AMu0v6rd,28,NY
4XcChGaB,49,London
vYOA6A8v,60,LA
85CLFDjp,69,Berlin
4YT3sswg,57,NY
nlefH4vZ,46,London
p5CEoQcI,51,NY
AXPXz8Xz,65,London
V2dURPUS,51,NY
I7U0pE5L,38,London
9RH5UtiH,42,Berlin
TKoFv4jN,38,London
VMBss4sz,37,SF
dchuV0zj,41,NY
aW2YooZY,22,LA
JoBgJHJl,58,LA
i3sl5DeN,19,LA
rJES77MB,26,London
ee0hAthr,60,LA
20lFCXRD,25,London
qShnqp2V,49,LA
1VEiTMYx,24,LA
7aQ29gcT,55,Berlin
dB0a2nig,37,Berlin
hHQACEyU,64,Berlin
1H169JZF,32,NY
NnV2mvam,56,London
L9RJG2fC,45,London
KJeiN6KF,48,Berlin
YXkSCXh0,39,Berlin
aFUY0CM7,57,LA
6qrl7D32,66,LA
Ys9EGnUJ,68,LA
37AzMJhv,41,NY
eIWOqzDs,51,Berlin
MsQRxJmm,26,Berlin
Xp1GGxqn,19,Berlin
nWMGvwLq,62,LA
kq6NH0Bd,42,NY
0wJ8h2fo,29,SF
mJ1AKYFL,21,SF
YwW4PdHR,68,LA
ZjfnrE76,57,LA
3Obp76uI,30,Berlin
eiKOGt1j,46,London
HslafnW4,49,LA
L3ixRYsJ,44,LA
I5JcdFUS,47,SF
F7tx1IXs,63,LA
CbS4PHnS,56,London
kBay9AKd,18,Berlin
JcrHRNxS,28,London
tXxno61M,40,NY
qh9RSh4I,66,LA
IxjcjAcT,34,LA
QSgIhPLC,32,London
hv8hFWRG,44,NY
r99mTkTY,27,Berlin
mD9QGdV0,33,London
fwbVeYdq,54,SF
uP1DqwwN,45,NY
4FkAb3wY,19,Berlin
eS1W4lnI,56,NY
hr4MTtFe,52,SF
H5h359w5,32,NY
VfZjg4Sw,28,London
J0ilzoG9,50,London
EkSmRg54,33,NY
HhahJVjl,28,LA
Avt5R2xP,37,NY
R8KHcP8q,69,London
sM8kF95C,36,Berlin
EGKynKG9,56,NY
xGghRA4M,67,SF
fiwVUuVC,40,SF
pH6mgbmv,27,Berlin
zaIf30Nj,25,Berlin
cZcpswRy,19,Berlin
14gF5MyT,24,Berlin
bD2gqv9R,43,NY
EWw4x2PX,57,Berlin
7qElTQnX,36,Berlin
xSr97nwG,23,LA
sYRARLVr,50,SF
c6AmOiv7,28,NY
f7DTlRZJ,69,London
zBkyfNad,53,LA
zxZrxrT4,29,LA
bPG4UByx,45,London
uI0WJjHr,26,LA
1kL6V7ZU,40,NY
yDwifk0k,57,SF
TpuMVftm,23,Berlin
SezdPWIu,67,LA
rprtqm8f,36,NY
IA4fviG9,37,LA
BN8iys0T,35,NY
2aRWiVpH,44,LA
zCoK105U,50,NY
Ljv4J3Cy,46,Berlin
gJqM6SGb,26,NY
1WdN4ku5,62,London
MIdiIEBO,61,LA
aDs5sUNi,67,Berlin
pgFchbKs,44,LA
Db3GJBBp,56,NY
KTzzghEI,28,LA
xexyzLPt,67,SF
kSQnhrc3,59,NY
JPUdHUY8,25,NY
IuMKsZMi,31,LA
1FLST6DQ,63,Berlin
MGwFIrlb,30,London
p82mVs2u,24,Berlin
IgXeug4X,32,London
AUuY84z5,55,SF
TlHj8Izn,61,London
3SJIKhQC,60,Berlin
5M0EjcAs,35,London
kbCtKOxe,53,London
xBLfH5x0,48,SF
ZRsHgXmm,21,London
z97LSyqB,30,LA
X4McVMPf,56,SF
VarxZrkI,47,SF
WghiZTUw,36,LA
yeHYjSVk,21,SF
JmodCNBI,18,SF
XhTwXFs0,57,Berlin
J8wMqLGI,49,Berlin
aj3v4PKF,29,NY
THBazskt,29,NY
msmGsal9,37,SF
VZCzt4YS,28,SF
yWjP6x15,66,LA
P0ZWpR9E,47,LA
eWvTKQGd,66,SF
WmIHN1h1,61,London
xvmrCd6I,48,Berlin
gvrPqs3R,45,London
Boluku7m,61,Berlin
mwsUbli0,66,SF
tLPhuenC,46,Berlin
vh6NVLxo,58,NY
FCQ42bkb,39,SF
gp9sKrYg,62,SF
L6qgzmHu,66,SF
VGP6VeGB,46,LA
eVL0BWwY,18,SF
IfS3vJlV,38,SF
kgR073Bm,48,SF
o3PUwgnX,44,London
jiBludSP,52,Berlin
yKWKSCXw,25,NY
GPioX4mz,57,SF
O8xOyaJx,25,Berlin
OipFixxe,23,NY
u2pNxH0h,32,Berlin
3nI8XgFS,38,SF
TeQh5JYk,54,Berlin
aTXGljav,23,Berlin
CuVdsGA6,46,Berlin
9DPQZIpb,42,SF
7KvbM3Sm,40,LA
FFYWczbi,55,LA
ijUMpEdt,44,Berlin
R427fQ0y,59,SF
WHc1x1cZ,40,Berlin
PNyQSbD6,36,LA
0bjGXwg3,45,London
0qopVkXf,51,London
IkBDjtzz,24,Berlin
aA1XdBgu,68,LA
k1a3X38b,30,London
JGwaTGL6,21,London
Ey09bmhy,28,Berlin
YaBSh1os,67,Berlin
aBRtEmo1,38,LA
qaZv888O,38,NY
RyAygN5n,60,London
42pIzQiD,62,NY
DqJjT2se,59,London
jpZ2SPhI,43,London
wnJjagaI,48,London
U2vk14rL,66,Berlin
prszDRIp,21,NY
LRPFA1Tx,20,SF
8R96QwMW,56,Berlin
kVAMylcm,65,London
oAa13mAC,38,NY
VrhOhct5,55,NY
0ZRTDuTG,35,LA
5HzQMJC6,50,Berlin
Nb5UnUN4,68,SF
wZyeTdBV,59,LA
SM49iaDr,52,NY
huxGvdjz,49,LA
lUeBqUO8,28,London
qUNFj7bS,56,Berlin
8CQtLbz9,48,SF
KFTVN9Zy,47,SF
leY5GHJf,55,NY
PiFnkYu7,63,LA
bYa7OPfr,37,SF
wPdMM4Nl,57,SF
L6wjitKo,43,London
R3K18l0G,28,London
0bs1uloe,19,NY
dcMNJd2v,56,LA
CyvNjZwT,34,London
9LHYB2q4,41,LA
wOlTPKNF,47,NY
5uuOCDEz,54,Berlin
T4YPkqeW,23,NY
PUzpKc9k,66,Berlin
JKeb93Zh,40,London
haUudahk,64,SF
nVe1EAAx,52,NY
X1it3SSV,67,LA
zlR5ULbS,64,LA
tvlXKQE4,43,Berlin
dOG19wvf,42,LA
E9MGC7Ny,53,London
qrWGNV5o,38,Berlin
UbH9ZQ5N,59,SF
xaLKNOOC,60,NY
9Id3IMSy,40,Berlin
owpVrsMq,18,London
pmg40Rkl,27,Berlin
1MeJEhRk,42,London
NO0rvrfa,39,Berlin
DKqwSDHv,64,Berlin
Nwsuxicg,25,SF
fPEf2EkD,58,Berlin
jJGu90hr,50,London
mIE8R89g,29,Berlin
cg5hx9Z5,65,LA
sFOw1wxP,56,SF
MljXy4B6,29,London
IDqnEsTR,29,NY
CwhBLsqL,28,Berlin
fEIm6Iil,65,London
cpQ51kea,25,LA
2DMRELOn,68,Berlin
7inoulpF,25,LA
44BRmWgV,54,Berlin
9VySTTbF,66,Berlin
P2YT808O,33,NY
ii0ddfFe,53,NY
2r1NYwM5,35,LA
kkfOCBvu,61,SF
fHGIrhZw,38,Berlin
ek3uRX4F,21,NY
AgWBlWqY,67,SF
UfxWYvH0,24,LA
ojPFbYRO,51,London
6vDtZ2p9,51,NY
0C7YFAR4,62,Berlin
Ln56hSB0,53,NY
7oI04NJG,54,Berlin
tKjuDE2o,47,NY
GXc5GAeA,43,LA
jgTxSVyQ,29,LA
cRBIqjcs,28,LA
HaGXMVnD,46,LA
V4qLBXkJ,20,LA
rbCY7IbR,28,Berlin
Rv7xiBuL,26,Berlin
0oxFND2E,43,London
Pdlzy23h,25,LA
20Lh3WgD,38,SF
dRhWoJZ4,25,Berlin
eczGu2KE,59,Berlin
549x3s3U,23,London
mJCMPUKC,35,Berlin
mRu0or7u,23,NY
gMqDgiGR,38,Berlin
wB5Os7X8,61,NY
4lajPe0U,65,London
3QmBRDmy,65,NY
nUMDESg6,40,SF
t9i1Xu9e,53,Berlin
somY7RY6,35,SF
Ssg9nitk,44,LA
r1cIRWb6,62,London
J8WEiUOK,20,London
4lf1J4Jd,29,Berlin
Vjpi3itJ,37,Berlin
Um9ZSMBL,36,London
aDTYOStl,40,Berlin
pGC0Teob,22,NY
jvChXuRU,68,NY
mz5QQAgh,36,NY
zPpfbFXl,29,London
F9FNfd3U,45,London
bCKWKQJE,54,SF
yhEeoLAi,51,LA
hUxlfbzg,33,Berlin
EJr1Wm4E,21,London
kFLwqYGE,64,SF
rv20iQun,59,LA
kkSEcRcS,23,NY
W1V4p7bt,24,Berlin
jucx7dVN,51,London
q4dcMZAZ,21,SF
19rlbRj1,32,NY
NN5gXnsh,30,LA
IU36KTDZ,26,SF
wB5M07kS,54,LA
UHmC8JmD,34,London
xJ1l9kYJ,55,SF
Ul3aILG7,31,Berlin
sDOT5mqt,54,NY
4vEgrKR6,48,SF
OsAshtzP,19,London
OLrlEDJp,63,London
oQf7mwtg,36,LA
LKcmm9GU,36,LA
9lVPdM8D,30,Berlin
OrgCeFw9,38,London
QmqTIkf6,48,London
LX5JDEsP,61,London
zjMg0idr,45,NY
fNvPsJGJ,18,NY
7zYx3CQc,52,London
dCoM3iy3,27,NY
9WB6zPeX,25,London
J81ejsfG,30,LA
riqbX4tt,36,LA
lXCKYPil,20,NY
KtUy8HNr,20,LA
p8HuPtDp,44,LA
fwhVkFVt,35,Berlin
gkNF4lVJ,52,Berlin
9Qw6m1U6,61,London
56AMLTiJ,51,SF
FcTlSoeA,47,SF
gHO4ZAZX,25,Berlin
vjbi1TOy,38,London
aAsQfRQ6,63,Berlin
5JVY1Vnk,36,LA
RQcX5FgX,60,London
Qq2412ga,65,London
wRrqFF2Q,63,SF
bDdHvzB6,57,SF
dtnqpLgU,47,SF
JWjq0mKd,44,NY
6kPcodC8,37,LA
d3VDMIsN,31,LA
x2YSSHmp,29,LA
f5PnS5xT,66,LA
5rpEYJcL,40,LA
FXc9yRAk,29,LA
m0GsY9c5,61,NY
SnLy6euC,61,London
WHe6UxV6,56,SF
8buTU2kX,59,SF
C6KehLkw,47,SF
P3tXKXoN,65,LA
sha1qRzC,44,SF
Aki2mJl4,41,NY
fKlrof2i,20,LA
tQkRzDEN,47,LA
mYkFq0ih,52,NY
OT7NRdCW,50,London
t9UKCg5d,54,NY
7II5evYd,57,NY
JYNqqTGH,66,NY
scY0i5ik,33,London
eWAJoMAn,65,SF
xTUwKV2k,35,NY
s7OIlalv,35,LA
XI5FWvTO,31,SF
J04eXxPl,49,SF
AWMbxxea,29,Berlin
2TIWGR0l,59,NY
06MzK0as,19,SF
NkAiqm2Q,43,LA
BzG7ODeZ,40,London
E7eetfRr,52,London
bARsOYpL,50,SF
VDWyRSeB,58,London
REKRrzi5,42,Berlin
ztsHt8Gb,21,London
wQYJqgQu,38,London
lAlZWO7F,65,London
KEmhih4d,21,LA
3m1FufEV,48,Berlin
5xUMC8Im,66,Berlin
AtdEtrv3,32,London
QEkNYWcs,21,SF
RTfEyifR,21,LA
JPuXIQhm,61,SF
4zScfCxW,20,NY
m3jEvb6J,69,LA
KbMJtn17,22,London
rFoYEnc4,36,LA
uTSAri93,55,LA
uIokDb4N,49,SF
65SXJLOH,26,NY
aQ6YlW35,20,LA
CREalkDY,51,NY
HfwSjILM,42,NY
Mip3jJW5,27,SF
A6I2x4Mp,49,SF
GbctrX6l,22,London
FRRgyCje,46,London
Y8IgeVDG,24,LA
XJVJRf5G,32,London
dXtqyq8o,19,SF
q2zsq9je,27,London
U6BvHncT,28,London
V1eHYSfy,57,London
c52AzkHT,38,NY
6ikR8Vty,29,London
cciXqoum,21,SF
p0vbDot7,45,NY
ijxXYvcO,46,London
2oZ77BMY,30,London
lE7HmU9Z,67,SF
OvNNsLlY,35,LA
csks4Tbe,44,SF
T1OxRVoD,20,Berlin
L5dZXvqR,52,SF
XxWP9RD4,56,LA
pVZ1k5fu,39,SF
uUxAH9r5,34,NY
SA0gtCwx,45,NY
SAom8zmZ,55,SF
vaX2Eajq,33,NY
PCkkFbYI,22,LA
8yYgO7x0,39,Berlin
y2eDmDeu,34,Berlin
zV1vu84F,28,LA
eZAUzYiE,39,London
l2IXv4X2,61,London
5wVgaVcA,61,Berlin
sf9nDeRZ,53,NY
3a4cQ7Sy,58,NY
44VOylx2,63,London
tsCbolSp,61,Berlin
AOqRLPlM,59,SF
ESqcu8Lq,57,SF
wVgMJU8g,20,NY
nb04toZz,44,LA
stouJLpL,62,London
CC6ydBND,65,NY
BuGtDUaL,30,LA
jdr9GaQC,30,LA
KUsDmOkB,68,London
EMdMN80m,47,LA
naCTkGQA,35,LA
fwRWTn3O,57,London
9WcCkq1U,50,Berlin
BYsirF7i,34,SF
RvaZfCoz,58,Berlin
Z42vliOe,27,SF
I4zCqFin,58,SF
QMTn1s8O,61,London
ZqlUhBbm,41,Berlin
pfQO1Bi2,59,London
lW6yC5pU,46,Berlin
88kSzIni,25,LA
7oBjO2a5,53,NY
kJ5cdGaQ,31,Berlin
nIZTuTXP,46,Berlin
9RQTZ1Pj,24,LA
LanRmWNh,42,LA
9F7OiDrc,59,SF
sWpKMN8U,47,NY
vflYxbtG,45,NY
ttf6aEMx,27,NY
AqGCuN7I,64,Berlin
qDt6QeLS,64,Berlin
MnGlOIY1,51,London
M58GsBmz,33,SF
0WjMQpG2,27,LA
2xTSyC83,46,LA
OENZAjyO,32,LA
F4HkMdT8,45,London
6iRwo6JG,68,London
XiUgeeCA,41,Berlin
REB5y80D,59,London
vo6EzefL,37,London
DQ0hGrhb,64,LA
l8F8vi4B,46,London
XbNiJrkF,19,SF
LNaKrs5Z,63,London
KDjdDH69,49,NY
A9SHMoW0,64,London
QDgXTlho,59,Berlin
uNKmXNNf,47,SF
vArHDbDI,26,London
J0Q1XkoH,36,Berlin
HcmfvRtD,23,SF
DQ5UGEOH,25,London
lXcdHr2Y,51,SF
HhfmDrEq,18,NY
G94fFtI1,30,LA
yxZ36Gzv,23,London
5xh9feoh,52,SF
dJw3j8Z7,46,Berlin
77xykPHt,19,NY
5n2EtYIk,27,LA
Omar5f2c,48,Berlin
lkNPfKhZ,25,NY
2jzwQW80,58,London
Kzn8A7Mo,56,Berlin
9SvkReol,45,SF
QtDrTgS3,48,NY
Z2jVFZWt,30,NY
8Cw593uk,24,London
5XxesvyZ,68,NY
VfpWIkeI,18,LA
lAxjSP5j,62,SF
6Wq07DaA,66,London
dcNstGjN,61,LA
eONyt1UJ,43,London
MEhEA9cH,63,London
tbQtXe8b,33,SF
uEltIpso,29,NY
gsthmH8G,33,London
QAxLBrG2,51,Berlin
nZ0wSzaJ,44,SF
LGmDPiFL,69,SF
0SGGHP0t,42,Berlin
ZbrT8wGS,36,SF
9Ho1br2v,24,London
h1p0XoWC,29,LA
aJxbhnX1,63,NY
0NKMIld0,41,LA
iqMxmHuL,67,SF
uE8bFMmi,56,Berlin
VRiPDzY6,22,SF
52jMhDjl,18,SF
jEKaEem6,24,SF
orRaA7dv,65,NY
7YhKzHZL,43,SF
5Dljiom1,41,SF
FCO0IiKp,65,SF
uHpnicWY,34,Berlin
lIVJP5D0,21,London
YC9Uj0UN,33,SF
QcJ9Tjxi,53,SF
r3XBVQde,22,SF
24Sfx93X,22,NY
dkfUKkkC,69,Berlin
RXpAGDxp,60,LA
rdeCdS1M,63,London
1JRFIGIU,34,SF
gppI7Pxj,58,LA
yH9T4WA5,38,LA
o4KjtTba,47,NY
YhrAGc8l,66,NY
WvQd5FYi,68,LA
KCI3DZGl,50,SF
LvPks2fd,62,London
u96dNdrW,40,SF
HE7OjXsd,59,Berlin
kjltSuDz,46,Berlin
smJFFOAZ,59,Berlin
RrRChn2A,56,SF
aA5FXyCO,55,NY
m9WY8J0L,24,LA
jHPwrtpU,54,LA
GYUgNbq0,24,SF
XAn6F9wu,32,SF
9vXgt7Ov,46,London
UcqTOL8C,27,Berlin
lKMxuLyt,37,SF
2EAPIjtX,62,London
LjSTvQYS,26,London
kHgkVDIm,23,NY
txLwnhTc,37,Berlin
mWZDNSMX,38,LA
q30TwAzN,24,SF
yX31WHbA,55,NY
FKftRfiD,65,NY
zU5wlK5R,51,London
giJWCfx4,64,LA
A9EzkvpJ,20,NY
6mxpqGqi,62,Berlin
jsC7NJ0V,34,NY
OLjweiqA,68,London
78uq5hfa,60,NY
7dNEnsaw,19,London
PuvbRHdA,59,NY
pS0ff0tW,29,Berlin
Eiofk1Ce,30,SF
LSHtn1dV,55,SF
Tp2GSxHQ,53,NY
wDxBlx4w,29,LA
pybpgnHT,44,SF
mUl6iJho,43,NY
EuS75syU,64,SF
k1XheD8H,68,London
3ZQQb0TY,57,NY
BRdVCDwA,22,NY
7gyXHe85,49,SF
5zz6326C,53,Berlin
4w4VIwTx,62,NY
7zdM4NEE,55,NY
2PkcR0yc,69,Berlin
ky6ELW8d,33,Berlin
cHdFcEjJ,27,Berlin
YAx5T2OX,54,LA
iYQPFyUN,32,LA
JZpUHTtM,28,Berlin
o9OQiEkM,69,LA
KmTSEQJr,26,Berlin
vjEHrC5K,35,London
hwgPLYAu,50,London
5O6Ra4e9,26,NY
i4JmNh19,58,NY
TqpWpUw3,32,Berlin
575HSbJP,53,Berlin
ndN8KgxV,53,LA
Kb7GY354,18,NY
X8yW6ogG,45,LA
TqvPdZT0,50,SF
d6wXVzLZ,18,Berlin
86iOghA3,23,NY
JYkrtebt,28,NY
n8KLhmlH,65,LA
HgvpCGJE,44,London
gpCdlF5i,22,Berlin
nEli9ex7,27,Berlin
Lmeu7jLe,45,Berlin
S5jHMN8x,33,London
QoHce6PA,60,Berlin
OwuNWYeA,43,London
htKD9twT,67,London
Q0PYpjOg,45,LA
BuM4ECNp,31,Berlin
Su7Bm5Ha,30,London
aaCsK2bE,18,London
wfgBO1zV,52,LA
5Dh5TASM,32,Berlin
tc16EyuE,46,SF
tORw7vPD,48,London
hKodi56b,29,NY
pElS3rrt,22,LA
7ArTQ2YD,65,LA
EqaGCHxS,63,LA
kBBSnBIf,49,Berlin
NUa3F8cW,27,SF
acgWb7kq,22,NY
kmHW3jF4,44,LA
HrqykcgJ,56,London
iBYA0DNq,38,SF
fEL3SlO2,33,SF
m4vmMWhY,46,LA
09lJvKdX,32,NY
Cbv8QBiU,55,LA
he3Q3KeA,24,NY
VY4mWDq2,35,LA
UzG1tiOA,68,LA
OE0MhQJn,36,LA
wjAUkkYd,34,Berlin
aFhvMTA9,31,LA
tKg2VQln,58,SF
xClnooYx,65,London
Gzpv9M5N,27,London
vWjRarZL,42,LA
mncDNZTx,58,Berlin
Du0q20vr,61,LA
dfVFpK2e,26,LA
qQUueF1Q,33,NY
WOhLJl1A,65,SF
cQh57mid,41,NY
oExePw9A,38,London
puZjnQft,51,Berlin
WJlaGLxl,56,NY
Lj7iKUNN,69,SF
8qlwjw5t,24,SF
9YmGKleF,24,SF
FXvbLvw7,45,London
P4iRytut,68,NY
us8QMhuP,52,SF
Lfe1Yb5u,27,London
zbafHGHs,55,Berlin
L5jaGWe9,49,LA
YrXb2JJK,51,Berlin
NYjjuZBf,41,NY
gORfGiTF,69,Berlin
n9iuYu8c,67,London
KvIYp8OU,58,NY
It2hSkiW,64,SF
zvMFpIfs,63,London
N7FUJCAH,58,NY
84DfsEb5,19,NY
rK8qgekz,59,London
HR6dER0l,21,Berlin
dxGEYkNg,18,Berlin
zNMJSuVK,39,SF
bnobRpec,28,NY
SWvEff8e,65,Berlin
TS4Txrdi,28,NY
qp8vj7fp,62,Berlin
lcVAezGf,31,London
HxB8cloN,44,London
0R6KLayV,50,Berlin
b1lkifpX,45,London
CyMIcT9t,40,NY
5RTCdwF1,26,London
aC49Afir,35,SF
qLD5Ldxi,60,Berlin
SOKZOZ0c,41,SF
H51b9bIM,44,London
Vx0MZmuh,52,Berlin
1wwHtJlZ,21,Berlin
yItysb8C,39,NY
EXwDTmK0,28,NY
lQAdtLWC,24,London
hH3Mmtou,58,NY
il98LNpo,54,NY
LvuwcfiK,51,SF
9k28wTan,29,SF
WUzBGhnR,21,SF
MOj9bFDw,62,London
PJ74pLWf,19,Berlin
8oojVwUP,64,LA
sxQXQKSP,18,London
fynEannM,35,Berlin
KjvJZp1K,40,NY
HjWzAinM,51,London
0mOWeipH,21,Berlin
CGgnE60r,68,London
pWnLDttR,69,NY
RwItTXV6,59,NY
tJRgBoDG,62,London
Qb4rios0,36,London
oWKyypmW,57,LA
A1FbdLqw,59,SF
eptpRW0p,57,Berlin
KhYwdb4P,68,NY
AG8TOE12,58,NY
5OnMmaRY,26,Berlin
PWiu9Rol,40,London
lW6Ws30z,30,LA
hrx6oICJ,18,Berlin
xleIyQgH,29,London
jxEPZmSh,27,NY
g1XLCEyb,44,London
kibvxQeO,36,SF
7c1rAaXx,57,LA
DhpfjMkK,49,SF
uLknr6BV,39,SF
IDPwg82C,42,London
eC0NhSP1,28,London
MiH1gyk0,28,Berlin
O5exdQ8t,43,NY
mrIiPVlw,33,LA
Xar1vxJn,46,SF
QjwDEAjf,47,London
rEy8SY3o,28,NY
ZNudsQna,18,Berlin
1nqLgWHM,23,London
vmKwZUVT,30,Berlin
Zd9IllLm,44,London
0k0qwI4U,60,LA
tl63hYUX,52,SF
AaCXmDH3,50,Berlin
Pxxv5d5c,31,Berlin
0SXy6pYw,60,Berlin
ccXvHoTb,63,London
qS3WgC0i,39,Berlin
MG9hHILQ,59,London
X3qmkScE,38,London
J7Vz0YbS,19,LA
iRayTvz2,22,London
8MbFQDul,32,NY
m1a2yZkq,67,Berlin
fgzVjZMj,65,SF
SJ2hdChn,37,Berlin
2antWGnL,43,NY
hsEpydNm,41,London
bnz7wyWw,52,LA
rIukl0bN,41,London
etWWIV0E,43,LA
ZEcj7MhG,58,SF
dmx3XSMu,67,Berlin
hivTd1oA,39,London
PujlcXUq,44,LA
CFckcuTJ,36,LA
U7nibAph,54,NY
b9h5vKwC,53,NY
iZdEQip4,46,Berlin
3OVFOlLK,57,LA
RkvZcJs4,56,SF
zcjm3oKR,60,LA
jjnKXEpx,29,LA
qXIkBAZ0,61,London
yjjKC7ZD,33,London
7Af99si4,65,NY
926BcsWK,48,London
1AVPUJO2,32,LA
zbF2pKNY,50,London
wWSCG1f8,32,NY
mldM6OOd,49,Berlin
QKXZipcw,39,SF
HNVW0z3b,67,LA
1pejeEwW,23,SF
jC4Sl6qW,47,Berlin
g0lXGXZX,58,LA
fT8r0a6k,34,SF
OzgI1TIc,61,Berlin
8mcmoQzM,19,LA
g4gnt4kz,33,Berlin
1A3xxhVR,64,LA
R5NHniF2,29,LA
q3NPKoZ9,64,Berlin
tvDJFn2J,62,NY
bOdm3jwK,29,SF
Ssg3CzLF,68,NY
Dyjkaja1,65,London
0kt3Ny9O,56,SF
z0fWiQxv,34,LA
k32sNxyY,59,SF
apmtKAcb,58,SF
QU4UDr1C,23,London
Du6rl5ci,58,NY
XaCtxFzk,43,LA
x2XDty9a,18,SF
5wgqTAwk,33,NY
1zjg9Mgt,63,London
wyd9cdW9,57,NY
JXhvqPi9,64,London
BLSvoK64,33,SF
RXTdlaPd,63,LA
CPofYcs2,33,NY
BXjady8w,56,London
ZFaN3XUf,46,LA
dgpahrvS,67,SF
V2s9uy1i,66,NY
IY84LBBH,43,Berlin
fX1GUJqZ,47,LA
zA4BSRWO,50,NY
y2tFP7xI,60,London
5UJoYGxq,37,Berlin
WORRGvQP,54,LA
jqG5qHRF,30,Berlin
F5MLwOxD,25,LA
OCzottLB,49,SF
QR7WH6Zd,35,London
eDE67XdD,62,London
u7CRxu9I,58,SF
v2HAqw6j,28,LA
5s4jcllN,55,LA
ReZ9s2vS,60,London
Kyca5t1v,64,NY
FIvKKLUg,31,LA
ljrvCCG1,57,SF
II7HOx70,67,London
n137obMn,50,SF
Qmexg1uj,58,SF
0wTwQgvM,40,LA
EfPofdQL,24,SF
dG47jV0G,32,London
SEPdkS80,32,NY
suZtL3KZ,26,London
kcSOSMBt,38,Berlin
7bFxaEcQ,54,London
mu4Y0U0e,56,Berlin
SpEhdO8Q,45,LA
JKgTAlAy,61,Berlin
6t6z2hEz,23,NY
TCLOvLFg,27,LA
1HlC0q1f,32,NY
EOkpp1Yu,41,Berlin
y8t9T7H8,21,LA
J3Tb3hSb,64,Berlin
EnkY7BWi,67,SF
3hmOjtid,52,NY
BjQPPslQ,32,SF
9mWYys8F,69,NY
Rpg1zfRp,54,NY
QdfSRMuX,19,LA
3ZivVyLt,64,SF
owXLDkR8,57,Berlin
vkwQzE3i,45,LA
nUDENV0p,22,NY
MWAde9Zf,40,Berlin
UiziuxzR,26,NY
P9v2Za09,24,NY
J4hU4lLB,21,Berlin
V9S9FXut,36,London
I3q80mv6,25,Berlin
uyGuJ32v,48,LA
NPhFo8px,31,Berlin
78bYLhez,46,LA
9ngxQiNa,26,SF
d0yOK5DY,54,Berlin
pbZOFxu1,23,SF
51IL4qTi,59,Berlin
JCohgT2x,45,LA
9ZB2FCB9,62,SF
RNs5pMqH,27,London
zlkMizUA,62,Berlin
3eaCTO7M,20,LA
zoBWajyN,29,LA
eoeSObuj,53,NY
8nNAevNC,28,LA
PJ6m1sL5,26,LA
9wbfBK5N,23,Berlin
iYzdWSQR,29,SF
AvGFhV91,63,Berlin
Z8iKMFU5,58,Berlin
kYpGJwCm,25,London
Sr9m0BUY,58,London
xXlJZEd8,30,Berlin
1Hs0R8mn,60,London
vbaAZzzW,26,NY
ABZGwh4F,37,LA
VTXEBD2y,57,Berlin
71bJ8RrR,27,SF
UiSVfiKp,58,London
7sjFLjo8,44,NY
3JGFt1kr,21,London
CAwJj4Aa,27,NY
8CoVBy0t,66,NY
cu5dfCwl,36,NY
5COavLXj,27,Berlin
OcIT0Vvh,67,LA
lXRiyfSP,65,Berlin
U9E2ZQNG,40,LA
xYqCA1Od,53,SF
01cvTERM,58,London
RfAJh71I,26,Berlin
sK3zuyaG,19,London
vSOIelVM,36,London
ho2XW2DT,25,SF
lMUsedKu,43,London
yYm1H8ze,68,LA
z6CKZ2Vr,53,Berlin
uZdNAVnA,28,SF
jrFxMMeZ,20,LA
1Mc27lbo,47,LA
j5mbikua,35,SF
HD0mvSdf,34,SF
aYu7VWdc,68,London
gXDjdDmT,26,NY
z2D5jyFU,47,LA
fXfYYnkw,33,LA
mdzNkSR3,25,NY
ZIYoP3hs,58,LA
SobbMKRt,43,Berlin
IQ65rDoF,22,London
ypgGJKfV,22,London
q2W7nCoq,63,Berlin
QLn1xW7m,41,NY
XELMpnvS,31,SF
Bio7GSCb,22,LA
gHhaMhcS,53,LA
231idUq5,42,SF
h8jrreUQ,34,SF
SNKXVTH3,23,NY
spqw9rMr,24,LA
wC7fgOvH,63,SF
6oXgNGQL,32,LA
wxdYth9m,23,Berlin
2NQtL3DW,49,SF
tRf3Jzac,59,NY
eSxNM3Bh,57,NY
N8TEHowD,44,LA
fvkk5NvX,57,LA
Kjtm4c5e,22,NY
9ftajywa,33,LA
XPHbGPvS,69,NY
n8JtEbJQ,28,London
8G84kUhf,56,NY
2ZCyCmO5,42,London
eSyaUEGF,19,Berlin
l7g48Vg4,45,Berlin
MYCVWUDD,24,Berlin
114kgCw1,55,SF
jmxYe7Yi,68,NY
ItSYHPwE,67,London
mfdPvkdc,18,London
nIWIS6Ng,35,London
bzuzcE5F,29,NY
XnUxXo5r,66,Berlin
UyTs6T97,25,SF
ppgtUyId,37,NY
DUYfrdRp,52,SF
Bu1hQjgF,59,SF
g6si6FrS,33,SF
nvlMhW3a,67,NY
KQvyqw2G,50,Berlin
8J9t2T2c,57,Berlin
GYidnTkA,42,LA
tcXUs2C6,36,London
9jvUupyF,52,London
DyuFJmAU,33,Berlin
9NpehUil,33,London
cCFcjwm6,65,Berlin
MURh00W0,42,SF
mfKQC966,49,LA
e9XWOmdq,61,London
aE8qS6Nk,45,SF
CRJsdLL1,26,London
Z4LL033D,35,LA
rgNxLLFd,40,NY
7xejX6qM,47,LA
QPycg6kB,49,SF
IoqGXf7A,41,LA
7bQSZebD,28,SF
pdOx1dSG,69,LA
4ce6e8s0,43,London
wTfvUmNK,28,LA
SErVild8,37,LA
u7QUOa6l,61,Berlin
ANWReUur,35,LA
7sfICro2,51,London
xROb4k9l,53,SF
95S9y3RX,21,NY
KMKqDndv,38,NY
FAkmYXxE,43,NY
5EXZGdKO,31,NY
Xw3cGZQH,43,SF
e3bve7cf,30,SF
FIm2Stls,43,NY
RgPe4dXT,58,LA
4c0GW5HF,32,LA
zoQ6DzJl,44,Berlin
edusFQ8D,40,SF
ZM6CuMOg,39,Berlin
KYIaeUGw,27,London
5Iqr9aqL,22,SF
wUY3kgOf,21,NY
nNl6Wzf9,67,NY
J3iE4uMa,53,Berlin
zQ3J7Fs5,33,SF
YI3SD0bW,49,LA
iYtjZHvm,28,SF
oI3y789I,56,Berlin
swFwqsVf,50,Berlin
j2VEFwRV,52,NY
xTfM6q4E,65,NY
Szw83gP0,21,London
KwGv95xo,40,Berlin
efhn3qQJ,20,London
2HdS7ep7,37,London
rNt5yRV8,18,NY
pCLvyBKl,50,LA
MZLsd5JL,27,NY
FViuDM58,61,SF
k6G7XBfo,20,LA
ZXkQ9bwv,49,Berlin
R91ymKCE,62,LA
8SocTYx8,55,Berlin
Xrp62OTv,48,Berlin
AbpDW7qq,38,London
wmMx7PP8,41,SF
ByANMfHP,41,NY
J1kb3KuT,69,London
AGr2h0CI,27,London
fdRfnxqU,23,SF
LwPcrOvC,45,NY
zvsqqjCv,18,London
oA13IYJt,64,LA
8ecPDNkr,63,NY
nOnLqOVC,61,SF
BemfWWqU,27,LA
n9wmbYYz,58,LA
QBZp4vjK,47,London
sVRNBrIj,32,SF
cH2nlNb0,31,SF
yUOOWBWK,41,London
yv5lxMYv,27,NY
TmPmp1bt,43,Berlin
NrBHyCZV,18,London
e31HgHmI,37,LA
nRJYv0Xn,46,Berlin
1bfA5DcG,51,NY
zmhEH2ms,19,NY
hG7ezGgN,19,NY
LKCn84RY,19,Berlin
G9416Hoq,25,London
uIFZIxJR,42,SF
B7YaM1cf,35,London
p4hUJOeC,62,London
BnRN96vx,34,Berlin
l3qMaRcV,47,LA
yL44F4mS,25,Berlin
JNrkHWgw,59,LA
fPCl5XP9,63,Berlin
SlXUum5b,46,LA
8jHjiEa1,68,SF
qhFeq2nW,36,SF
vLeE62GE,54,NY
zwWRx4i7,41,NY
IyHlTSvA,35,LA
c1eW0vwH,27,London
4gDAEcFs,33,NY
juBFrQ9f,67,Berlin
QSRQUKmj,58,SF
m9kX2kso,59,NY
0M2I6909,61,NY
zMA45YVh,22,NY
hkNmVQ7c,32,Berlin
ZoLMst5E,40,Berlin
OzRLDxwx,48,NY
njargfrc,47,London
9WmzZqsR,24,London
7KF4QRws,37,Berlin
H93GC7Wk,56,Berlin
VVcQJwwF,20,SF
ctWAN06D,20,London
apdhx3ae,48,NY
ZCdsS9p4,24,LA
6hqV4nd6,18,SF
i2ZJdnS1,44,SF
y5M1U5sl,67,NY
PaBHc9pO,18,NY
1mONGre1,23,Berlin
JCymzAq2,37,London
HnqhyACV,56,Berlin
3yp59OVA,61,London
oWZWapvO,20,London
yxpPBLTh,19,LA
NtEk83kF,64,SF
gxaWkMTG,49,LA
XaywYI2M,37,NY
GXoxt2HV,53,LA
WvWTIruv,44,LA
4I9T9CYT,37,SF
gzpopPFD,36,LA
mwmd8oZA,38,SF
UPJfsauN,60,SF
INMtYlPv,37,SF
zfAgk4wv,22,SF
fNguYLQw,37,LA
DSN9oFhv,29,Berlin
ydf4fJrx,65,Berlin
0fNmRX76,27,NY
CViKBACQ,39,SF
gW42MGAi,55,Berlin
jWYntxL7,45,NY
2RIsKsa0,29,LA
kB22i2fU,56,NY
ReOt2865,27,Berlin
4Dv6BeJT,65,NY
9AkFxLuf,52,NY
1zJMqXub,65,NY
3ZzPHArS,61,Berlin
9aHDIzXS,57,SF
pBPmANc3,54,LA
97ph6FqH,34,SF
vjvZJAb2,69,London
CxUxwEs6,44,SF
IgyL499K,69,LA
VPbJJj3A,63,NY
DLHgxkCt,46,SF
FUydEpzU,43,Berlin
XpsqNp9S,26,London
a6Kdul9d,68,NY
eLTHqHA0,29,NY
cufc6qCz,60,NY
lp7UnHGE,43,SF
VlteZQbX,50,Berlin
iYTvfKR0,49,LA
CsLSxgad,28,London
cCXZDBti,46,Berlin
Uw5Ursqx,25,SF
Wb8PMhTR,42,London
Mi5q9OxU,37,Berlin
5DopR69e,38,LA
JeYcVmOm,21,LA
bFPbGi1k,53,NY
tkZa0gIf,60,NY
r7kmRF1q,46,LA
kEquEnI4,36,NY
w0j2fp6I,43,NY
bSdWtBa4,53,LA
QfMdMOXK,42,London
o48NUmwx,40,LA
JhWcFfEM,55,NY
Jspr5Nnf,45,London
Gii6WUVW,58,NY
XGTkJyp0,28,SF
ianfUNdD,46,NY
WAKnvh5J,61,Berlin
qMAgOJNx,67,Berlin
DeWcbEeJ,37,NY
2EB1yjft,26,NY
rk18mmXY,41,SF
1IobBAaP,64,London
DqPazpDY,66,London
ee88lkUZ,58,SF
9qDLQxNu,30,LA
pZBscrXg,19,NY
TLONdgzR,34,NY
z1iq07os,67,Berlin
yQWZkxtJ,44,Berlin
eWWdnbJv,55,LA
LxXDtSEL,19,London
ovjJxqUo,50,London
Y7U5J0xi,22,London
O3i4aCyB,31,NY
JrLVE6b5,44,Berlin
4ED7gTX1,67,NY
nqajUrq0,53,LA
reaBu7li,44,SF
OUZliHAf,31,SF
VknJ0D3l,32,London
IEJTlnEm,44,Berlin
9B6BVUaQ,25,LA
JesJC1Sg,38,NY
etKtL8Gn,51,LA
QJLuAOhJ,66,LA
SQIdFptX,45,LA
IstX5cvO,41,Berlin
9h5dVFrC,34,LA
OmcAA3d6,69,SF
c46zgXnC,23,London
uXNmn59H,55,LA
FLeXticI,36,NY
DN8PwM2Z,18,SF
cM8DRvfZ,55,LA
8WxNSGGt,43,Berlin
zXDZE9PT,22,LA
zSNIzaEF,21,London
eGy6Alrp,42,SF
ghd90PYv,62,London
o0oR15Uf,69,London
zJ0kBEV3,66,Berlin
UTZVQFa9,62,LA
uubjzqAM,39,London
PQe3FXuf,65,SF
widTw8Ex,30,LA
ccsaAP0b,40,London
Oepp2cL9,50,NY
o4XrjonM,42,NY
fZPWqMn3,27,NY
H4xLklof,35,London
g07qqCBm,44,Berlin
VBpq9idg,66,London
P7WSLWGw,43,SF
y3rBhVI2,66,NY
1YE6zJc3,59,London
EDiAsvGJ,69,NY
b5fDdS35,19,SF
VVd7x237,27,Berlin
6RFE88Ej,37,Berlin
SKY6Iy8X,55,Berlin
pdEQiV46,20,NY
Si5Pqivz,27,London
Xxenc7LR,45,LA
9J65zxb1,36,SF
6m4S7fTX,34,NY
kV9KTQzF,61,SF
QF8Lf1UJ,61,NY
oem5ycxf,40,Berlin
UGJb57N0,45,SF
QH3eK7pg,44,LA
uiTAB86d,49,Berlin
24q45FPF,55,Berlin
Wz18JDVn,29,LA
Rd4sGPlQ,37,LA
gWpB1Hhn,23,Berlin
eVxJvRqX,20,LA
bKXTcxLP,20,Berlin
u8LmcHJv,40,London
9aBzZDLk,26,NY
z7siOT3l,50,London
3bi9KenO,53,NY
btTinx5P,29,NY
Ia7pLAuP,43,London
eC8GkZSo,54,NY
NUFLJ6SI,67,NY
A7RYwZLD,65,Berlin
qX5SRJ2f,27,NY
CWLdjfUF,61,LA
Flobew8L,28,NY
W4ks3d7L,36,SF
xOoS4MGj,22,Berlin
txBMx2f3,41,Berlin
4GuFZvCT,52,NY
T0GLRvxj,45,SF
QRVQxycn,47,SF
p4qYxdmQ,36,Berlin
lSYJ2b1G,23,London
wEVsoaBj,66,SF
xyAEypZh,62,NY
MPNQJiF1,56,LA
AkZxYOq9,36,London
YNhXrxXu,68,NY
UnEqXeID,48,NY
lR3pnY1k,61,London
7vV3modx,28,LA
Wnq1baEf,34,London
Pf8YIv7V,34,Berlin
THZNGlrC,67,NY
Ek0toJm5,32,Berlin
ZOO5inwc,23,Berlin
8WsUiorZ,49,Berlin
YJwWICOR,57,LA
cFcOIq8A,28,NY
ZKItDDrq,30,Berlin
YE3CtvfU,34,Berlin
TYAw55Qg,45,Berlin
cIj2mELp,66,SF
TrZurH4Z,35,NY
7J5wMGc9,45,Berlin
sl3at0JG,65,LA
QYAtNgGB,33,SF
9du0lFBM,53,SF
4cNNftxD,66,London
najlBrXu,57,LA
he9j6xM3,37,London
VdPwd3qB,56,SF
dw4i86Dy,44,London
LLsUu7rM,57,London
PzoaV2xr,50,London
RJH3bVAi,19,Berlin
lS5nmiin,30,SF
U9dtUNF8,19,London
ujdKC9zr,54,LA
QT10dB9T,22,Berlin
vaw8IxWc,23,SF
HaEVWzV8,67,SF
K1pdkXz8,49,NY
2H5fxT9H,65,SF
CbfhvrtF,41,London
Gl1pGSoR,34,NY
fLwIhfvI,26,SF
SNNCkLvk,57,Berlin
NaMmAAZH,57,SF
R066xHEB,19,Berlin
ObtPatgC,26,SF
EKb9o6A4,23,SF
UOttkOKt,36,London
CUBDQrM9,50,SF
P3rDqi6c,36,London
SAqkNeF9,50,NY
edTi8jVP,62,SF
swP1duYi,47,London
je0kVxkp,56,Berlin
CqamQATZ,30,NY
47oWYh9K,35,NY
9IuvwO5N,19,Berlin
EzCBFFTd,20,NY
3pv7haag,23,Berlin
5vievusT,45,LA
rYnI3HMS,30,London
BTqGZD0w,37,SF
vr0ClM9y,49,NY
LsxVOV1h,48,LA
t4MA7J73,26,Berlin
bemVWGcB,20,SF
OkEUt7wX,48,Berlin
YsHFtoOR,32,Berlin
8ss4WnTy,21,Berlin
2cQ9xT4p,66,NY
vMH6uFCQ,34,LA
63SEperh,62,NY
dBvbKR7J,48,SF
uuktn1E7,46,LA
BikVVhsR,28,SF
tim5yR2m,49,NY
bjQAMpdn,57,London
dixFQ3m1,20,London
M0ItyMhy,67,LA
v3ebQ70F,18,London
OmMrkLG5,25,Berlin
Nr2TtJNu,58,London
hy3UgIAV,34,London
yet9nxt9,25,Berlin
nn4kAcGR,60,Berlin
w4OaFalY,50,SF
jjtbaZbn,43,NY
sTIhh52D,19,LA
BRFWY57V,64,Berlin
kcz3sknd,66,LA
RuniYNnL,46,SF
gCJXzCO6,32,London
G3MXCFUm,47,NY
UK4Dthot,67,NY
onySNaoL,61,Berlin
zOHXHyHD,63,London
VpvlDAcu,29,NY
xfwwD5RE,19,LA
Qwrm19mx,38,London
oIA3MNsV,46,Berlin
FwOdfebX,46,LA
fHySMoW1,33,NY
FCsgiQVk,68,LA
QXBwGD2Y,48,London
s9YiS5Fz,50,LA
hg14oRN9,19,Berlin
dLmeYq7R,61,NY
MNa1O6nL,21,LA
QAkPHOTO,56,LA
G63ovawf,66,SF
Vs13mudJ,22,London
tNsaFKET,19,Berlin
xAAAWwKq,62,NY
3zfYGhsI,25,LA
qbTe0es0,67,SF
K2MTY8un,53,London
TJcQUTCI,23,Berlin
Dczjh7t5,58,SF
tGVkOhed,27,London
BWdUn8Fe,53,NY
canHhiQD,21,Berlin
2SLS5KNs,56,NY
I4gxxYC4,31,London
l55Lrmat,29,LA
Nu42Weme,64,LA
hAiukofq,34,LA
DqjXmiOq,38,NY
axchG92S,30,NY
eWLTHPbU,50,NY
MPXbVoIa,30,LA
qeWqNJmj,65,London
xdCAzkkA,62,LA
R1clcoRZ,26,London
gvAJey4V,67,London
JghDsQQb,65,London
81l0L9YR,37,Berlin
saQrrFjZ,61,NY
8rRznVIk,57,London
xw6ZwOAu,18,London
KeI5AFeb,30,London
dnN9M9kE,39,NY
rF7S7uiS,68,Berlin
3zEB8v0q,30,NY
gk0aUmV8,52,LA
6oMzBhCC,18,NY
6ahCbk75,63,NY
hOqSF1QP,50,SF
vJnlwFYb,22,SF
B4ol5WaZ,47,Berlin
tk2T9PWx,22,NY
qAfdyoOW,60,SF
h9KmImCi,42,NY
36NByUg0,43,London
nhOH7Q7s,36,SF
m6gnJFAr,29,SF
TVJ9GQtD,25,SF
RjVrDJmJ,27,NY
pPDReyx6,35,London
DiYEhnFt,58,NY
lT0pow7p,28,SF
hv3lDYNR,47,London
gIC6PDFc,22,SF
F7O54Epa,41,Berlin
nLzRVZm0,62,London
w5YTLo5h,30,Berlin
9wCr2S5G,53,LA
25boIkcU,66,SF
N5SO11v9,44,LA
CUj1kUc3,49,NY
Dj4HgIS4,31,Berlin
ddht89j7,58,LA
xO2wKy4e,19,LA
6k3FJ90e,21,SF
QFchBCtG,28,London
TmCydiP1,59,SF
pySLEvgj,54,SF
Pmb12bCa,65,NY
cUqWXCou,55,Berlin
cbBzrvr6,54,NY
mF6vkRuv,30,London
CstSi1KZ,26,LA
FvTIwhpd,59,Berlin
04GlzSTN,44,NY
cstlrCEB,19,NY
bnG9S2fd,64,London
GCv10rXG,44,LA
DCjbwEP9,29,LA
5zdnM9mX,29,Berlin
Lqai64O0,20,Berlin
ryChhAII,43,SF
Ptc0j3Je,32,London
Fj1P6RyY,44,Berlin
mJnH654M,68,London
KMEYlBwL,62,Berlin
4Z3DGNTt,52,London
5I2K0e7m,30,SF
uHq9f6u1,22,NY
c8m6XmSY,60,NY
DpQ5t9Fh,34,LA
r9HCybIC,36,SF
LJkV5zOW,37,NY
psKCgR9Z,40,SF
VIFq809h,29,Berlin
APVxTPw8,49,LA
PzO00kZz,46,SF
qK07m8K4,22,Berlin
w0mc0BRV,66,Berlin
rUXCBASK,68,LA
yAbsdx9f,60,London
qdg5ax7a,19,LA
mdzVmnwX,23,Berlin
ixIH6O4p,38,SF
tEqo20nT,52,NY
vv51cpdc,32,NY
OKE2e0jp,35,Berlin
zL2fpDLO,66,SF
mrndJaPN,64,LA
AgxKSVC0,19,NY
GSbAtL1a,22,Berlin
4YqxWCFq,54,London
SFXWY4EW,58,NY
5Gc4XBQj,23,NY
7Pr0lzUs,68,Berlin
SPhVuZZa,59,London
QrkvRyu4,68,Berlin
FkAbfx16,36,NY
LcAZuTzc,33,Berlin
SOeKDyyl,29,NY
XqtD8m6i,41,SF
6aNouByB,26,Berlin
cf5N7JDl,20,LA
4YJggF9N,34,Berlin
NWR1RAv8,47,SF
0DJBjbER,44,NY
61iJUBzG,41,SF
w5FKdkfL,59,SF
nCTmwnHe,67,Berlin
kBR4S8Lz,56,LA
ycZXRhOc,24,LA
D7afV8I9,26,Berlin
jkwWe5Ar,33,LA
FCo2DxGm,28,LA
uM9vJuZR,26,LA
D2BvQ20L,18,London
lfiDTeKE,61,SF
8SvEIBuv,52,NY
6nZk12hg,37,London
eHZNS7R8,68,NY
EjgXPkAX,25,Berlin
gueKG7gA,24,London
eabAOHX7,54,SF
UMH8Ju9H,54,NY
ojzYZ79K,37,London
oqar5CqZ,22,Berlin
xhCFMRLA,29,NY
y5i2o8bs,38,SF
9NZczrtn,37,SF
VFbuvUw3,22,NY
z7Z35Deg,40,SF
mOpzG43H,24,NY
NxMtuxGS,18,Berlin
lNoOrVLD,42,NY
WMkzt1qV,36,NY
nbJAjrhz,19,NY
v10zbMeP,29,NY
v2TTcoqJ,59,London
kP3uzfDk,42,SF
sJdIHhAL,49,SF
VKMpPOxv,65,LA
JcfMGPN7,60,London
myfR1eZc,35,SF
fwFAyXC6,48,London
aGZBFh83,61,NY
92d38htM,26,NY
7mWcteNs,38,SF
Lwx8MQXg,56,Berlin
yC81wvF4,24,SF
aBDaZ893,30,Berlin
JijL3uUL,37,NY
2ApjN316,30,LA
WIfUa9Z9,69,NY
Y4r6Z0KM,45,London
oFR7n9Bs,54,NY
oEaxsMBw,42,NY
FePfbmoz,63,London
UR1pB6Wc,65,NY
DskGJ7Lt,62,SF
LEEzhKMm,43,NY
dDBaoQDq,61,London
TZHYD1LI,50,NY
Q4MF4TCC,57,London
JCgjwYZb,57,Berlin
SJ3kiihX,44,London
lSbaGpBx,32,LA
EdgNq3Dp,20,SF
GvMKgRjs,46,NY
RcwRrFOr,48,SF
c7EiWKaK,57,NY
xOdPtQ7J,35,Berlin
b1s0H6qg,41,SF
nEEzwu83,56,NY
u0EVBS37,61,Berlin
4MQhibMs,64,LA
lCL7QZ0D,25,NY
OwZVARol,46,Berlin
Nq7XKLvH,65,LA
Vby9qgQz,54,LA
UiyU0Lut,54,LA
gQpK6ynU,26,NY
WEp23urL,62,Berlin
ZXBF2EhF,47,NY
7kHrKBom,32,London
MSP9cQ6b,57,SF
AmH5hesP,29,Berlin
X63IjyRQ,69,Berlin
LEfRlhiP,58,NY
W19dgkPE,44,London
dgNdKPND,64,Berlin
SQUsy4Gt,64,London
cStQqget,48,SF
8UCQZinZ,30,Berlin
ZaZqZaM8,32,London
hEwahfbI,22,London
a32iE4lL,59,London
T0FSSBm2,42,London
GzznrfL5,29,NY
m8R129Xn,66,Berlin
57Z10UkM,26,NY
SaMRhjYX,43,London
Y5Z5SUU9,54,LA
ALrzzPfh,26,Berlin
M5uQwF5W,22,NY
912Gx8oI,63,London
Ghy3lNC9,24,London
YxcyBWZh,58,Berlin
0cixCF6j,48,SF
HVoYbQe5,61,Berlin
TKZVAyu4,54,NY
m6kbgAg7,24,SF
biAUZBlb,22,Berlin
4PHicuau,69,Berlin
RDyqh9XB,34,Berlin
fCMNSuUy,28,LA
lIb7KZ9E,54,Berlin
e3aSwNt4,53,NY
Q3SRcrqD,44,London
avyTie2e,18,NY
VwuVNjr5,18,Berlin
png5mZFk,31,SF
o7JAKEgV,45,LA
BKWdk9Bu,58,LA
XwBRQfvi,18,LA
PwJgTb1S,25,SF
LPXtSToG,62,SF
Y4Fc96OW,58,SF
37RphlZm,64,SF
Dsy0Pixg,60,NY
I0IsowVq,43,London
VejVQFNr,53,SF
BIUsEtyO,46,London
5lrknZ9I,57,Berlin
477OfXRW,62,London
EsYsv16i,66,Berlin
0r0HBUIK,21,LA
NNXYUdYR,59,Berlin
2WOCE44f,19,NY
mik0dLkD,47,Berlin
jN2AeLz4,64,LA
y1MR3HXP,37,LA
w8hHIqj8,47,London
0dPUqw62,35,London
2ph4lHuK,47,LA
j31qAxkV,63,Berlin
5HYyi0sr,52,Berlin
09YT8OkX,18,SF
Fx2WCq5Z,20,NY
d94CJT7C,40,Berlin
BDEU6SMd,62,LA
fxOotaEY,57,NY
kUxRnI0C,39,London
DfWIbqum,66,LA
yoMSh7pK,65,LA
cbjk7v7a,65,London
ixVS8f0B,61,Berlin
m1puMIVo,68,London
3yIFYF1s,65,LA
ThDNqryG,32,Berlin
WrVFcgZo,58,London
r1aS9WCj,33,Berlin
VRHAx16i,44,NY
qsDGqY72,49,Berlin
OwAORPqv,51,LA
vCeJKJIS,59,London
y9S0P0fa,29,Berlin
SQaiIws5,35,SF
08RIZUp6,35,London
jORroslq,21,London
pjmtCbLM,51,SF
CWISck4w,56,Berlin
ElZTemWl,36,NY
egPjG4Km,60,LA
AuvRUPyZ,62,NY
KoGDXesd,69,LA
bTyimu4x,48,LA
QcULRCV2,66,London
TT0XXNG7,48,LA
o2E5z3g3,59,London
YVfQ3il7,65,SF
CcWRK0ZV,37,LA
W979e5UA,65,SF
41YebnKX,37,NY
Ao2Dr1jW,49,London
ULGKUXT8,37,London
KzoB1oNn,33,Berlin
28yRSpla,36,LA
GR6Zypss,48,Berlin
HCDFxxL3,30,Berlin
n3xbRC5R,37,SF
aT5fdPOz,60,London
sGxlvpx4,29,SF
7yTURUpW,66,London
pWs7Si9I,64,London
GmywLFpV,43,Berlin
HvJnVX5T,52,SF
4wGBthxe,58,SF
tJq1uQzR,27,London
51Y3LTcj,29,SF
hzqyZewq,41,LA
MwwwnRx4,26,SF
OuBGGK64,22,NY
JqUpkmhC,48,SF
zY6lkav8,51,LA
WMoriz5D,62,SF
ABtHKPFL,28,LA
A7PQV1pP,26,NY
GiPFEnJU,39,Berlin
IwN1L7UR,57,London
SFJWnXm9,64,London
9IQXAmw2,45,London
hvG3Guhk,33,NY
P0w1A9gG,27,NY
M7P48DIG,51,LA
iDMf4zcP,32,NY
YpmArncQ,35,Berlin
NwygEUA4,62,LA
VCBdAGQU,48,Berlin
ADQ5hYyZ,22,Berlin
JoWhK3Ky,68,SF
K8ocsAnz,50,London
Lah4ebVy,46,Berlin
azHpM2IT,20,London
tsvwgvBW,40,LA
XnyUEKR4,27,London
YuIIUsAT,64,NY
DjZTFcKf,49,London
NTIxcBsj,65,NY
rc803oCl,44,SF
ADysT0Ln,53,SF
3cvNLYMM,41,Berlin
GjCpTbTe,37,NY
CJfvbDh9,20,NY
5MMVKPIW,22,London
BQfdCoO2,20,SF
98wTBSsA,57,NY
YJ1pgOCA,23,LA
Xpwfbf85,32,SF
5DJdwsSq,23,Berlin
rX214k1E,40,Berlin
tUnSPV4Z,47,SF
sPwOCWB0,56,NY
b7LDo7tD,57,Berlin
v4ZAo1GT,65,SF
XU9WWu1g,38,London
QPMoE2XE,62,NY
qQqsf0mA,54,SF
w4wy4eHB,39,London
kRtn3f6F,69,LA
Uv1nPxEV,19,Berlin
96vkxrAD,31,SF
YwDkzKYW,35,NY
rc1GLR5T,67,London
PzqhLQhF,67,SF
uKsaMlZQ,32,SF
5y9LD6qr,54,London
ZauPNVvh,19,SF
qG2UH6UU,60,NY
n3lczFYw,37,Berlin
aSmCcTSK,27,NY
sgU6iujs,22,NY
cSrN019B,49,Berlin
nj9Kl45a,19,SF
jfPe0Hb2,61,London
Bf7BDHlL,66,London
j1mkihtS,22,LA
ThAFx0x1,38,NY
WQyONVN5,35,Berlin
9VbJ2fgX,65,London
DolA3TQe,57,Berlin
v5FoFnha,21,London
nG7qlxca,49,Berlin
HEyQwD7O,53,NY
ZItqWz1Z,21,LA
1JbPnPVQ,34,LA
R5mx447p,69,NY
chN2d2O9,59,SF
7aSY5Zcl,50,SF
6VbTKfLR,39,Berlin
MOzN3Hwb,35,NY
plhPnnrJ,44,NY
1VWQVe6M,32,Berlin
OJorlJYb,42,Berlin
APr4zDhU,27,London
PUfW5tKF,33,LA
QZ7V5ums,21,London
w91ryzhS,48,Berlin
485nSG69,49,Berlin
x5YQlbq9,41,Berlin
9eDfvrgz,35,London
VnQr1JDv,49,LA
Hsbdctei,45,Berlin
B7cgslcz,28,SF
Uy6GLWRj,25,LA
wLYfg8Bj,18,SF
a7rXTeq7,19,SF
U7VOB5Tc,38,LA
WoBF5rZ3,66,SF
ApVKPWBW,69,NY
F6KZwWso,36,London
DJ7t2wLv,59,Berlin
85XYapNH,47,NY
bpykdsjn,57,Berlin
9CxbskQs,42,Berlin
ksoucPHX,26,NY
ndO5nGp7,59,Berlin
BkyuIiXU,69,LA
Ao67MvxE,45,London
chgjdHDv,54,Berlin
VhhyAaNi,49,London
BsXL5mo3,58,SF
oXMXIWSF,28,Berlin
qO5SektM,67,SF
uYI2la88,38,London
H4ljfOvr,41,NY
6taEdnYt,18,London
JMxNsJ8D,33,LA
ri9oIEJt,69,LA
m9trSf1I,41,London
WfSSyNZH,27,London
m3Lru04e,49,SF
hqccDj61,45,SF
JwW9qjGG,67,Berlin
d3hDWqpj,50,SF
I4PCwtku,55,NY
QWZnuGqM,39,NY
fZtUc0xv,18,SF
GyjYbiQv,52,London
uWOvxnB4,62,London
sPDJUq9p,29,NY
jw8RMuvO,63,London
2no36CM1,42,LA
NX4UwCAs,45,London
mE748WiD,34,NY
Bs6Ok6D3,33,Berlin
DpWrEqMG,49,SF
YPbSkiVL,62,SF
yFCYHzSv,21,Berlin
14BdJCfO,64,LA
dszQueCn,58,LA
FItEWsHm,66,Berlin
Y80sdJeo,28,London
QZi6rVGf,37,NY
hjcxWRg2,43,LA
uYof8cdS,24,LA
EABZWCZQ,48,Berlin
SkLH65fa,24,Berlin
Ll6ADh7C,21,LA
hrX3lW11,25,London
4l87gmNw,68,SF
xVTe46dR,31,SF
5aL7zYzj,39,SF
uwFy5iJm,40,SF
KvKJhudk,42,LA
FbwbRGmg,53,LA
gI4HU7FX,66,SF
9DEO02OQ,43,SF
16o4apHB,41,London
VhW6xoBW,35,London
tfjiFRAB,38,London
NWhfQ3v0,64,NY
ZHS4y4Va,22,London
gWuFocwM,32,London
XEEwJunf,48,LA
yNpgswqj,43,SF
G90O4rZB,21,London
dFka2dzh,21,London
y0XvupYv,61,London
c8Zr6hOA,67,LA
tiQBMY2b,36,NY
WvagosfN,43,Berlin
LFR7ICCD,67,SF
4v0QkmpT,50,LA
jCNK5Kt6,21,LA
scDBWgST,64,LA
yXMiHVEd,55,London
BzRmLW5f,41,LA
L9ziguRK,48,Berlin
OUUAVzB7,51,LA
rre3zEGS,51,NY
LcMWKWfe,19,SF
AKJH5WJG,60,London
HzSTIWZv,25,SF
3vOmdbwQ,66,SF
xOenzG5E,38,LA
9Yu0sqp9,29,LA
KayAh3Pu,53,London
AffaEKJs,18,London
kaLjrykm,59,SF
pHpoPGbj,56,London
69XiYfjS,33,LA
Ow654pTx,66,Berlin
B1BdHl7I,23,LA
BBVI0Bbm,50,SF
4ZOR3hO0,60,LA
DR5PQRfF,30,NY
aimgO6X0,62,Berlin
YSsg5P0s,26,Berlin
k0PsXGm2,52,LA
0RT8uOnl,45,London
G4TAnQQf,51,SF
1838PTXo,49,London
FwrBeu9E,18,LA
w5YFuqHQ,56,SF
Ys3FZamc,42,Berlin
Zyc6PKM3,69,SF
TElsx2oB,27,NY
diX7hmH1,19,LA
KnUuDaXa,21,LA
QIVRMHoi,42,London
2arRTT3a,33,NY
PoxjMdEx,57,London
s7DEQjOJ,61,NY
yc8SJ31M,22,Berlin
47CPmEX6,40,SF
TNOFapni,37,Berlin
QqnuoSxZ,20,SF
D4Yt8t9o,18,London
Gp7VttYZ,63,NY
0Cs6sS2W,68,SF
U9FpRalh,42,Berlin
Swy7EWEg,33,LA
400FCMFz,58,LA
0HvQpc9s,22,LA
9SJNwqKT,53,London
aJrKsdXs,23,Berlin
B9fjmOHp,29,SF
OkFEIbBo,63,Berlin
yq6mKgLL,40,Berlin
A9sMcP5m,63,London
K7ltAUD5,55,SF
afggHAFc,22,SF
YYSi7d1W,19,Berlin
IyQ4MXx5,20,Berlin
TKtMjvRS,58,LA
qaB6o8KJ,24,Berlin
gZPv88iw,43,NY
fPZzTph3,29,LA
tY1POSyl,67,NY
0sSmuGoT,62,Berlin
5wfI8Wj7,18,Berlin
57cB7Js4,18,London
X4dSEriN,50,Berlin
qJPODodS,56,London
556reij3,26,London
JUAmqZKR,18,SF
MyIClp7T,32,London
OCuztqmh,42,SF
jgzMW7Rd,61,SF
iE5n79G1,53,LA
nRFMlrBb,27,SF
i49jFsXW,67,LA
ZmzUYvYj,48,LA
17oIO8c8,68,LA
w7Wg99lk,37,Berlin
q4hiariF,22,London
CvI0IdwT,45,London
u3SQCs9c,51,NY
xUn3xvoK,56,NY
lExA6k34,55,Berlin
BaYogc5m,33,SF
HdHsiyGp,32,NY
pAFKl3Q5,58,NY
dUXv9wHC,56,LA
e50x73yD,59,NY
swnFVHYi,43,London
qawc60Nc,47,LA
eincuyP1,19,Berlin
Pk3a0F2M,20,Berlin
V73glpya,36,Berlin
u2K1tMUS,41,LA
ePaYPJTV,20,NY
CzpNADri,57,NY
MdTCwB6S,22,London
IvNYD7SC,49,LA
1ScB1mhF,69,LA
ZoLQ7gsr,48,London
BfZFddyf,29,NY
gnoSFIiJ,60,NY
LJYWXjET,53,SF
awEWxifD,53,SF
X8H2a8aX,48,SF
Nzg4n4et,50,SF
c5GbeWSq,24,NY
RXWEghPd,43,Berlin
TAEkYjVn,43,LA
m24zE2eN,37,SF
aAWHNRh7,51,Berlin
bvWDfGKM,50,SF
fCNxPxKk,36,London
O6RdPe5X,34,SF
yIr8Ghfo,60,London
nr2U3olV,54,LA
cqSbwTF5,23,SF
qWJOB8FV,39,London
NR4G83Ny,55,LA
kWeV0b23,34,SF
jNMZvYgv,37,SF
tZC3dveA,59,NY
6J53eg6J,59,Berlin
BXfYo2gw,58,Berlin
KuRiyiCI,43,LA
Vj1nySve,45,London
9OIwh5tU,67,Berlin
60kZkeex,62,London
f5kwUZko,25,London
MazCYSLh,60,Berlin
2esHL2H6,24,Berlin
t6knMxFG,24,London
NJcdGLKj,46,London
EfWdfUxN,20,SF
AkBrrpY5,33,SF
ic4loTN8,30,London
lEPmi1lK,67,Berlin
9SmyjvBy,35,SF
DMPE2UNt,61,London
DOHZ2jYP,30,London
ruKtGOQR,48,LA
odjafawT,20,LA
O6av7cyr,47,London
HVCHHk25,20,London
xdvktaB9,43,London
cB5XjDZR,19,SF
01kDUSaK,56,NY
6Wq6d4lZ,51,SF
BVudcZb7,55,London
ryjoh3Xo,30,SF
OhANN61i,28,NY
9kNREN2t,54,NY
FU6XPUl5,24,NY
ydsdqiRc,60,London
y2iIGZx8,44,Berlin
2AcseYE0,24,Berlin
f773kABg,25,Berlin
zH6koSBe,53,LA
m7ggujwR,59,Berlin
QQxD43vd,46,London
bZjHIAUr,38,London
2aBZSiiZ,43,LA
DmAMS6xF,37,London
9eQfACKZ,46,London
uSiXoVEW,32,LA
h3MHLxzD,40,LA
tbPIdijP,32,LA
74mmWdwf,68,London
i2bVMFmo,27,LA
TApBk4k3,19,NY
bDd345rE,65,SF
vb8Koohm,69,LA
aSpABien,47,LA
vCFVpgXx,54,LA
HDbD5hm5,44,LA
Oc2N4HcE,34,SF
bNKnvx65,20,London
5pMOimTB,25,Berlin
wqeR5hEz,60,NY
mo3H2Ipp,54,London
RJUCv63x,66,LA
8h67sdq7,21,London
UMqImnUg,41,NY
6q1GKrY3,46,London
XBGpwJ6x,25,London
KKzhL7Ev,51,LA
CKi0K08O,65,SF
QBWCvoTh,26,Berlin
tyMpBrcS,34,London
tlEKgZkn,27,SF
eBThVg4d,41,Berlin
D7Tk0Taj,62,NY
2xCXmDW6,39,NY
HihyGJGR,34,London
f2gNKRam,48,Berlin
IuofrsTK,61,NY
RhF5dVgk,26,LA
MB4D2Mvm,32,SF
h02CTC39,59,London
I2JiYvvV,68,NY
s3ACQxkC,47,SF
hnIMarpF,34,LA
36TcmatG,24,London
YDQcOH5A,63,London
ZuD8ggnf,62,NY
kg1Lx2jI,43,London
1NQGN6hn,19,SF
VXzJEkO3,65,Berlin
5MQdMG6M,46,SF
nkiol0Xo,66,LA
DrFWKjad,23,London
Tk4TroPd,50,LA
LLWyHYT3,55,LA
UtIWGDik,18,London
D7D9bcvH,27,Berlin
rX62oulu,69,SF
13yL84ry,48,LA
Ok1MIE46,41,SF
HAeVwFdH,25,LA
UXE2Ge2V,45,London
tZgMolCt,45,London
yJMvkJfi,65,London
0cFguJRo,61,London
7nTU3aSW,68,London
dSYxeWac,63,SF
zhG09Y0J,25,LA
vFo3rvRk,46,NY
B1Fbi4QL,36,Berlin
oVLadxpr,46,NY
Ro27g7T8,32,LA
PlDl0Db9,48,SF
BzR9qTs0,22,LA
HvUKqFFJ,66,Berlin
nZEC0SHn,45,LA
X5u38rCC,63,London
pkBd2l5F,32,NY
vWjKOJ1j,25,Berlin
lk8UOeMr,53,Berlin
iheNEAlJ,49,NY
3DyLBxHN,56,SF
cTJfJJ7R,56,NY
bWMygIEd,39,NY
0wZTz8cm,22,NY
o7I3ckVa,27,SF
Ayrf9Eir,69,Berlin
Kw6c9q2T,48,LA
VlNx4ch2,54,NY
TsKfhAnS,40,SF
vzSRw1og,49,LA
esHESA70,41,LA
g7wylKVq,21,Berlin
L6EXwGBo,60,London
v75fJ0Hs,55,LA
8LSRHOjB,32,NY
M62ksDdm,28,LA
z0XC1zhc,42,London
efHlEgIl,43,London
TGGj2Gyb,56,Berlin
8dWhp3IX,68,SF
6oaV0WUx,54,Berlin
KLDSioz1,53,London
qSOFwTD0,50,SF
AoB3ZHfw,65,Berlin
6htlPZ8G,61,NY
gG8Xp6dl,37,LA
dh0LtRgK,67,NY
9bQODt9h,69,NY
tVOJmoBF,51,LA
FUoYzfUE,62,LA
nXe82Rh1,29,London
eBksTIDH,53,LA
W5lI8zJW,21,NY
m04twjlH,30,LA
Q52RntDU,20,London
78wxUxdH,34,SF
3I9JMDU8,24,Berlin
rKzJ4aAT,62,NY
j2iwUBL1,64,LA
VCR33Lib,31,SF
IairZuXc,49,Berlin
d9rJV9lq,65,Berlin
5EIrjTx6,66,Berlin
jehAPN5M,43,NY
vRXHg8wx,48,Berlin
L9kycftc,65,NY
82zpGENE,48,NY
YU1yq9Xg,33,London
65eLFTLI,18,Berlin
RJfdNEiX,63,LA
5HHXzgc3,51,SF
DZhVMxsn,43,NY
RmIwZ2lV,47,NY
HzLAqSHG,58,London
g4mtjpuL,68,NY
yiuWUhwn,22,NY
vN38KL4B,41,LA
cD0c4Hob,27,NY
17nuHgap,55,SF
04PNEebt,52,SF
XYVMc4Vk,19,LA
I6gzhj32,46,London
upEHnPWd,36,LA
aS0ZNa0t,55,SF
p77zRbPC,59,LA
5CgfBhqe,67,LA
uSgYkI2g,31,Berlin
AudIYWNR,45,Berlin
6jC1yhSP,51,LA
2O9UKvwS,21,NY
tyVcVnXi,64,LA
Px6UV1nJ,42,London
1P7OEL1s,23,LA
PqUdNQT9,45,SF
1I3Al5EO,55,London
kaukMddf,26,SF
O6MpLD55,69,London
rUFQ2lLa,35,London
ShFBzwoI,48,SF
T0R7Xd5L,39,LA
tw7UYbmw,21,London
X69zFpiP,50,NY
bSxKFwXu,53,SF
szY2tBrR,52,SF
1VbpPWyZ,30,LA
Qd5HgeOp,32,LA
wjnqHUT0,50,London
8ShLHWWA,45,SF
ECFKvTZX,65,LA
vDcKXpoh,51,SF
i7FKU6ir,55,NY
BenX5MK2,18,SF
FZIDnUno,48,London
S0NOGTss,66,NY
A5Z6eujO,34,NY
jK4GgxjC,39,Berlin
28BQxYid,49,LA
XHPXh0xO,46,NY
5SUHO3IK,18,Berlin
AW42FdWK,65,London
ExTIsuTZ,45,LA
UKvKWRxK,58,SF
jWZZt9KE,19,SF
ScEYc1Fz,42,SF
yxuuFd8h,38,NY
9ku16WdT,54,LA
xhaNkMP1,43,London
ZpByLXte,57,Berlin
2tLyMkKf,18,LA
1yMQdYtn,49,Berlin
SjI2mZtr,26,Berlin
ADFk6Dih,63,SF
TVRLrSGr,66,NY
omupVCCi,22,NY
wIkTSZ2Z,57,London
8VdJYesw,34,London
QE1CMY3Y,46,SF
PAqtpU30,61,Berlin
cercETbN,36,SF
PX9KhNtb,57,NY
gD3WyLJW,46,NY
8jlOwBO4,68,SF
YunTHMR2,29,LA
PzOpjwbe,25,NY
drpNB57Y,60,London
4X42yWxA,60,LA
ZaDlxbOz,48,SF
GV95vPXc,32,LA
APz0pCRS,51,Berlin
oKw3IFk4,43,LA
pOO665qy,52,SF
kfwHo3Tk,46,Berlin
l2VvpHlB,50,London
UK6LPc8S,50,London
Ci9K0wwl,53,NY
CqgzUoAR,38,LA
dIzlLAbI,47,SF
AVm0JpDj,36,London
lOwQEYQ5,49,London
yP1N9ujF,67,LA
W08lR6UJ,18,SF
7Snou5Z3,68,SF
KmSHt406,50,Berlin
wNbk3bLl,43,London
osNbk0oQ,59,LA
UD4jsUmx,62,London
PXg9RlnB,44,LA
1lW34E3x,68,NY
uMqIrxWt,45,LA
VjRagBW2,37,SF
zSRiNCwY,25,NY
mrLLEgZl,43,LA
zENfLogq,48,London
dJyo94Kz,22,Berlin
gK0PIoZB,28,London
9kaJw44m,38,NY
sZPADObH,25,NY
tLnVjteJ,43,NY
8L14MOBq,63,LA
OsexLPZx,29,SF
vBqBPA34,60,NY
UG7ttVFM,30,SF
eW6kQikA,27,NY
sZtfWNHi,69,Berlin
cxCjEqqq,46,London
Vz1nZ7Hg,25,LA
lRUMdxnK,59,Berlin
olN058cX,55,Berlin
85p9hJ1b,18,SF
isfqYCRQ,26,Berlin
sxnRK31W,21,LA
af7eWgiv,50,NY
LcAA3CX4,59,London
P7tVvJv5,69,LA
ihKqeyCn,38,London
OgDMz9SB,24,Berlin
EZvaTzt4,49,LA
x02Ha7bn,56,SF
pp4kqox6,45,London
347Hm23I,43,SF
LQGGr6Uw,54,London
r4LdrbY5,51,Berlin
hJ3UzNdw,26,London
XwIHjpgj,23,NY
xrN4tXJW,39,NY
0mGXZ5Xo,26,London
1lSL39re,64,London
UWiJBndT,62,Berlin
fbQBK4Nv,32,NY
Ocp4pP9n,18,SF
37aQOkW6,49,LA
BTuTN6WD,64,SF
TpSTgZnU,35,LA
IcB8M4vd,28,LA
12EDJ8QR,52,LA
WHx6KEXD,50,London
OJDuQYO2,21,NY
Ango7PFk,51,Berlin
xOGyJWLM,65,Berlin
ti2alIb1,36,Berlin
nONaNHD6,65,NY
PAO2jJJF,29,London
T3VsbtCn,57,Berlin
qGGrSnpI,53,London
ynMhS20y,65,SF
aOH1qRSt,58,NY
pC7hT4ng,39,SF
l7IZGTYu,64,NY
qTcx88Zd,29,London
ruwfbY4K,66,London
fQbERpMG,45,SF
UrPJNUk3,32,NY
F5IcHtLy,21,Berlin
3giDKjQf,25,Berlin
q18zlsCM,48,LA
NVlEcvq9,43,SF
Zb060Dzw,20,London
AdoRjptU,56,SF
QlQ0dgCK,24,Berlin
T6fcCLLa,32,LA
qeiVH16H,37,NY
DfdHQhR7,34,Berlin
rrOterKN,49,Berlin
PNXamKGC,27,SF
mTFtauzH,33,NY
3CwigFOC,65,Berlin
q4YAgV8F,43,LA
Rl6u5NJX,39,London
Y0onqsQF,32,Berlin
mZiB9tgH,29,SF
Aqn7J0Nv,56,Berlin
kNGIGnhr,20,SF
FdRHD02T,41,NY
jw9hQP5q,19,Berlin
BFeTjrpx,21,LA
lbULj8Pv,40,Berlin
EXyd8aSF,40,London
GXpvDA4J,25,LA
t0fINlBy,59,London
rbHhOa0k,61,Berlin
if5DBgnI,29,LA
yVRjvHMx,26,LA
tSDJZ6QE,28,London
xuqpAvkh,62,NY
04i3ruID,48,London
URCgDIep,18,LA
hifYjqYf,52,Berlin
DdvACJ6W,60,Berlin
2U3FJt8O,32,NY
AwcGMdDM,24,Berlin
BtqOoyDA,45,LA
J8D2Hy7z,65,Berlin
woEU9A9n,23,LA
s4jsc5Jl,37,Berlin
r9QqOpob,41,NY
B0hbbmim,59,Berlin
lXNs4a0q,53,SF
OYhq7yTu,55,SF
MRtUVAMX,29,LA
I6GJLXeX,20,LA
IZcKLntl,45,Berlin
1JybPu83,29,SF
4R8veJfb,33,Berlin
NF3eonQv,61,LA
LtKhaaJ1,32,London
2mjDlIW2,48,SF
zz1hGRwX,38,SF
C68h3ThS,35,London
LpCT2qM4,65,London
2wJ3sJOr,23,SF
JMqgo3Dj,34,SF
fOXVtzUp,40,SF
ReEETOXO,52,LA
GbJVmB0L,35,SF
hH9kJygz,28,NY
0Xo2TiY4,40,SF
uVVbbrGH,34,London
GpXeh912,23,NY
xnMSPGIn,41,London
jNAZGkjZ,67,London
u8MLMXxN,54,Berlin
ZGIesmMA,33,SF
jkyRCcVl,46,SF
VCGDQ2EO,46,SF
2QkPMHiW,69,London
cN0dONR2,59,NY
VRCdfQV9,45,SF
xfCvjXrB,33,SF
E8VpGqjm,20,NY
vcwT5oZp,59,NY
XxIq4KkD,41,SF
1VX67siM,35,Berlin
6LcP2QLy,65,SF
WkJhrsvZ,34,SF
tRkvPS5M,66,London
UbbDCTZ1,27,LA
rU0oYjP4,54,SF
UeSVnSWi,42,London
CU1Z3hbl,53,LA
vJ2Dshcq,64,London
kvkptQwx,65,London
ouaSxzBG,40,Berlin
xx655gu0,67,NY
kNhBVuO4,36,NY
pB8fQigI,27,London
Zs3XUfFY,28,NY
6IlDg1ef,58,SF
1BgCOG11,22,Berlin
AYgk8dE1,23,Berlin
uywcIfoW,20,NY
wMuIf17L,62,NY
bAsZYLiE,55,Berlin
jRiMaKFT,28,London
l9RKwTvJ,65,London
Fi6tT2rD,60,London
YnBeqHJO,59,SF
0dKjGKtm,65,London
UbDp5SsI,41,London
urJwlhIS,63,NY
0jx42F2F,65,LA
cfsSiodL,43,London
NOB1yulv,66,London
QjF3xYRM,43,LA
meZD9vS9,41,London
pdY3ndbj,57,LA
eONiCNTM,21,LA
24h5jLwi,66,London
mrRZ3AbN,27,SF
JSJjONo3,51,London
eMLHnif8,61,SF
pBDkWsci,46,London
iK1EUotk,43,SF
f9sNVvt7,36,London
o2LXi0h3,38,Berlin
f7INy6Ac,36,Berlin
Wl7GEudl,57,LA
kvhzZZ5Y,55,NY
knooywIQ,36,Berlin
Pm9LCyZ9,35,Berlin
pqKLRXrN,31,London
yuCEl7cT,52,NY
iZE4XYua,35,London
H7Lnx3H7,45,London
mkRaEEh1,36,LA
lirzu0J4,42,London
gpTCBoHU,32,London
EmxtIEwS,65,LA
S13DZyKF,66,London
i2YD6YKg,20,NY
GBtxTPj0,40,LA
oJlYp3xg,67,Berlin
KRcVSi7c,62,London
5eADXInR,29,NY
WqQu6f6e,49,SF
E4bwyKcW,68,LA
LILd7oVc,45,LA
i4RFYAOz,51,London
RI7hItsa,18,London
LqTf55sA,27,LA
rYL33cKb,67,London
AlAWFveB,44,London
Pkqr39HT,29,NY
DK4X8rEp,62,NY
Ei3lTHXH,53,NY
fV1BKGfy,50,Berlin
vHynJscw,21,LA
8T8qPNLg,38,LA
Uo2lylPu,37,London
msl2U1fL,67,London
6fOmrqVl,34,LA
yznaQ4ip,69,London
ESeKB5JZ,63,NY
XNf0Ktx7,51,SF
NPLFqhlc,31,Berlin
GzAazEIY,27,NY
ItvuAHKQ,37,NY
bXBNNA7h,52,London
XOOhkjXe,32,Berlin
8Di909nz,56,SF
P7XeKt0I,44,SF
c3M5aflK,32,London
4vtntTWy,36,Berlin
aI0HHcF2,43,NY
U1F4WrzC,29,NY
mNRfVIUU,41,LA
b97mvTGK,53,NY
E3MY2dAM,50,SF
k2rDKIJs,22,SF
8EEsNSJf,26,Berlin
UtLfChhF,57,NY
nT9m1UrD,31,NY
4aNHHp9i,63,NY
oeBcIW9u,53,SF
yW2aNLle,42,SF
I5QhyvRY,24,London
OQ7vCVLL,51,LA
al5Vvk0d,60,NY
EwmlIE88,24,London
w0j64oRc,48,Berlin
FBYLRwcY,69,NY
Drej8NeZ,49,NY
VuDrlQ5t,38,London
1ukjWgEj,66,LA
XAINBDIm,32,Berlin
Agwd8H3B,47,Berlin
art88inZ,21,Berlin
j4D1ZPJ7,51,SF
6qwyFVkL,26,LA
sH6Uf041,29,NY
hCKFZIHO,47,LA
VxQxj80G,41,LA
EVKx0cgm,68,LA
pniLBRqS,46,LA
a7CWG6BC,68,LA
GxYxiqhU,39,SF
8sZBdsjv,52,London
XHi9x7vM,37,LA
5DpIHo6R,54,NY
VVemovpf,58,LA
YmWOFHS5,68,Berlin
42NeD3Kg,26,Berlin
gaF04TMy,39,Berlin
njZ6DAoG,67,Berlin
SR5wL9qB,33,LA
7uflj88d,19,Berlin
tePrtrCi,61,SF
sZpYF0uE,67,LA
uIDeNhXw,40,London
vEALPNyn,46,Berlin
fStQNqTs,28,LA
WjFRNbq3,52,SF
8K9fnN6H,69,NY
9NKwBy6Y,39,LA
NuePPfkj,20,London
N4q608UU,64,NY
iM2j8sRt,29,Berlin
cKBVlPCF,18,LA
JF5hkjqW,60,Berlin
X7Ftggs9,43,NY
bfdNjq95,51,SF
YqIGAmmi,46,London
sxvAKqG0,63,LA
8JZkoLLA,50,NY
HpKJ1iO1,49,NY
8ln2cpBV,42,LA
5FCmOrCw,67,LA
ZOdi6eJn,67,Berlin
1cb64MSu,64,LA
kffs7ecB,53,LA
3Y1vejqD,19,NY
rCNIaw54,32,Berlin
soigH8Li,30,Berlin
Ne5SEDVm,59,London
jXG27lB4,32,London
YJp3OLU6,23,London
JDPsjgWc,38,London
OK5UNwMX,59,Berlin
XdqV467w,43,NY
j9G7LvwA,52,London
qyMP7PFs,62,London
OVSsXe7i,35,Berlin
s44PGH4l,23,SF
0L6nSDBe,31,NY
VEuuuy5z,35,NY
f3dfTg7J,60,NY
nnR3xWE8,37,SF
gkAjZyt2,32,London
3JFEaKRV,62,London
LpKpaQmf,65,NY
vOjB1EoJ,44,SF
y1aBHNlL,41,SF
D7QeyXyy,29,Berlin
OkBwhBuR,18,Berlin
SjvJ6vJB,31,London
grrMwg5w,49,London
PvKglC59,20,London
qF2XWDcY,27,NY
G7WoCeNX,43,NY
Yqhj96QV,48,Berlin
FNzeYOlF,27,London
YlvlIZOi,18,London
mbT0Q5Dj,67,Berlin
iuT5mhS0,66,NY
t0hYPMxO,49,NY
pnxUCjQQ,36,Berlin
sFOuw5Mv,18,SF
EBVx9Fpd,43,LA
W3qRgdAZ,22,LA
70ACdxhO,43,Berlin
meOWrjiZ,55,SF
w96uogMo,18,Berlin
3c2Yn03x,47,London
03hNU7ai,66,SF
mRkhr3Yw,29,London
6wu0MZoJ,53,Berlin
tnzUtbTa,53,NY
Y9qAnEpp,41,London
XcUAURYO,59,NY
Fbi6FKXm,42,NY
Z2zTOhoD,25,Berlin
ytjNx9dJ,29,Berlin
j7whQcbx,44,LA
SJJc8gqc,29,London
hU7s6grO,49,NY
g4T3uFTx,52,London
r6X9tEIJ,33,London
yTbz6MJJ,53,Berlin
pjpccKEk,47,London
raxLh3Qe,54,LA
RXAfUIzJ,49,SF
Ms6t77v7,32,NY
xdEampPP,38,SF
lxvY8UJr,57,SF
TIrwz1hi,46,NY
xglEMbM1,47,SF
QTW6UQQ4,42,London
DaBApAV7,37,Berlin
suLW3eWJ,27,LA
riQb7d5d,48,LA
LnacXJ7E,18,London
X7i8hMVU,27,Berlin
kqeeTTKg,35,Berlin
8C2lUFgN,66,SF
iiYnvnfx,53,LA
RsIf2b8O,30,LA
1s0JCoSo,49,LA
R2rWFgkv,39,NY
ufxwvxQQ,23,LA
5IRTVCY3,50,NY
yWoH8SBO,18,London
HuycKnoZ,20,NY
6faGiolA,22,NY
KXMRR1nD,67,Berlin
3CDDq2gS,44,SF
upaY2rm2,29,Berlin
VdjgBbAR,50,LA
UboP4Vf2,58,Berlin
c8DWz0hn,44,SF
JPpitmPW,66,NY
x4GEqcJt,30,NY
8zf4s704,63,London
tjw8yjI3,28,London
7dsBQEvC,28,SF
076zhbmm,53,SF
qaVzDxfy,58,Berlin
Bsh5TFtb,67,SF
m44m5kKv,68,Berlin
kV0XT4X5,21,London
H4RbJrFK,61,Berlin
gpzDEgbq,35,Berlin
9TfvNNO6,35,London
2HZUSsoQ,45,LA
g9LEuZML,23,SF
toVkRP9y,60,NY
yIAgW3rz,22,London
rVDI2xQH,65,Berlin
MTnqQdj2,28,NY
dEuBeGJp,22,SF
8f4dvYam,26,NY
9QxAVS9u,40,NY
zkuacqbc,28,SF
WNvvd5gS,32,Berlin
TZytDxUo,42,Berlin
PFUAYRnz,34,LA
7NMsIKjt,67,Berlin
JoABoCm0,43,LA
WqOXV1FM,31,London
YLsG3hAD,56,SF
VPiK3vdN,65,LA
Hk5ogBwp,26,SF
d281Wh8k,44,NY
0IfUDVUq,52,SF
d1rGNoZP,44,SF
pmbGfNGw,33,SF
Qe9lrG4S,39,NY
TavF4YxV,47,Berlin
BPAjN1Nw,43,LA
Blwvka22,56,London
IKUfWzWg,56,SF
hGAvCdx4,69,SF
Ylg3NrcD,50,LA
UbAaQd42,57,LA
zeQT6TWK,18,NY
xasVHT1E,29,LA
Tze8INgO,34,NY
zLuAj4yJ,42,Berlin
ukZ3cT2E,46,NY
PCnc2dIM,59,SF
gG7jCIUs,45,London
0dLG1Cj4,36,SF
ZgGalXev,58,NY
BGbTQQDG,27,SF
tWdkUZ0X,28,Berlin
IwQioX9s,27,Berlin
6pqdqrTZ,47,London
tE19FLT7,66,London
yfmuSkcM,24,Berlin
D5wguzmA,22,Berlin
35eIs3EK,45,SF
ltRfYYUQ,37,Berlin
E93FbmOD,49,NY
XLtPr6ob,29,SF
r8BsvPIT,22,LA
ieSBLd8l,47,London
o1mYMhZd,50,London
Yjrs5fZo,27,London
7DTV5Go9,56,SF
sM6bVomd,44,Berlin
Kksoxl7I,29,NY
85mmkjZw,19,LA
zCksFe61,47,London
ZueISuzX,58,SF
MsTnod6B,22,NY
V7KonFVK,54,Berlin
9ySudCtO,31,LA
CLGQG3bu,68,London
ETTzCKHy,43,Berlin
D5usNBDE,67,SF
pAOP2I8K,25,London
9KgaGCTw,48,SF
DaPtBfjk,20,Berlin
eTkTdjmu,45,LA
b69BMx1D,31,London
jSeUrXyv,28,London
1pbXLmxG,46,NY
MTpfjLGP,57,London
4KHXsoCT,29,NY
5RctIF3z,60,Berlin
02YIsnIu,26,Berlin
9Nl3HWJG,53,LA
fMkSikgR,36,Berlin
WUiHKY7A,24,LA
vYXKU8LC,34,SF
9zdRgcHD,65,NY
4x9J2qYF,68,SF
Mas5P13u,40,LA
JPCxJMpc,29,London
Itlpvloa,24,NY
16uAUKN8,42,SF
tewORA6A,31,SF
UhgCgZuP,48,SF
4fwRHguB,42,Berlin
mAylDzD8,28,London
kQVgZOnj,28,SF
Ahqi7TWZ,24,SF
fVZoZBdS,60,SF
sdQNrgJd,20,London
uxx17Gak,32,SF
jpiV4ADO,20,NY
zYosay81,58,Berlin
hBvQm5dZ,34,Berlin
jCTslob3,66,SF
0WenoVAo,61,London
JZuOpMts,24,London
1jkXJd30,28,LA
PSveoJow,63,LA
L5sUQFO1,37,NY
czJl2GLs,18,NY
Dt6pDdj6,49,London
mJRFNKtZ,55,NY
rqvO5Eb4,38,LA
95t7hwQJ,48,London
OC4HE8wZ,34,LA
jwy8K02W,42,SF
9XU10j7J,58,SF
sAfEIYbw,50,NY
kS6PB5cG,29,LA
kwdW2v5Z,69,London
G0fEXe8f,45,London
wcH5eDqI,66,NY
SobBHTp0,43,LA
F33oU2M9,53,NY
Mk77rxFc,25,London
5Ly4eSEv,49,SF
ozJJ7tuh,68,LA
ftgJecrT,68,NY
cNktj3Ak,43,SF
QiSCd2bZ,22,Berlin
T5guvs4A,60,LA
fgdkyh2A,55,London
irHgUJsM,30,London
o8l4AZE4,36,Berlin
Wf3t0n99,23,LA
dCgHalqa,62,NY
X0mItuuw,23,LA
pLiHTfaA,33,LA
7SC6s0Zz,46,Berlin
AHlZGEZQ,35,London
bUDGdM6j,49,SF
IjvQ0qWd,46,London
PdVEbVHk,60,LA
Jzj492bX,69,London
93TZCuFf,34,Berlin
m7MHrqPw,59,SF
eeW6mL8z,65,SF
EC4ex0jG,22,NY
9WwYkvex,49,London
g8VZbpDX,46,London
H1Ie0sm4,46,Berlin
TwWEGW5e,59,London
owRBlKDv,20,Berlin
LHIIHNcn,68,NY
42FnDhts,21,LA
GO1kDsVK,61,London
UnD5jB0T,42,LA
6shu2IEZ,39,NY
hwXQp4Wb,59,London
bPCsHvWg,28,London
U5NAJfPe,25,LA
lOf446sx,44,NY
yXh5mI2v,61,NY
GaAbhPu6,63,LA
lYEU5j1v,39,LA
Ndw8C7KN,20,London
Yx82rz6a,44,NY
GYLS7fTV,28,SF
3nEGxR38,44,NY
8ZkGoPAy,24,London
uLJjx8NY,44,LA
zmgFJPCI,64,London
YfbFb9x9,28,SF
Rq0grIov,42,NY
l8OGZD5l,56,SF
zvkPjZcZ,68,NY
eqNML2og,33,London
OHb0D3wJ,38,SF
BMIx6xLi,43,London
MGPLEyiE,44,London
Xdv6W1aB,68,London
focONDJH,62,SF
S5MMWYIJ,34,NY
7FfY5O0i,48,London
dSEeSkzH,31,London
pUMUTatE,40,LA
hJQ3djZK,19,LA
zu6t1u4P,43,SF
eOLjYDkq,43,Berlin
eJlgOry0,39,London
Cs1hVwFS,59,SF
p0Kj4vpH,45,NY
KHxgLKLQ,23,SF
r1liHzf7,65,London
FcDSqwzY,56,NY
AMESiCGe,36,LA
iDrfnYuZ,38,London
HKeFfYTb,59,LA
Lboj97yC,37,London
xwCCWgYy,48,NY
uJrT0PGn,44,London
g7AZjZZQ,32,London
FnFwyQe5,61,SF
qYSU00b0,48,Berlin
y814gzLU,26,SF
91BDJv7F,67,Berlin
4ufRwrZm,34,Berlin
UqpYfklT,36,NY
x44eOpyP,49,London
ernT4lZ5,27,LA
Y8uGvNKF,57,London
MBkDiynP,69,Berlin
baDRFeAr,22,Berlin
8Bmoc7ZW,30,NY
ZbwyxsVS,44,SF
lw0i5Ui5,19,Berlin
0H9NQS48,18,Berlin
pJ7CFp30,25,SF
XVty5om1,27,LA
UusXNoZu,45,SF
Z3VYjFn8,22,SF
dFvg6Ykt,67,SF
vfQ30ss5,19,Berlin
io5rPv0T,58,LA
c8xZ0qwU,65,NY
LuU9XXD6,69,NY
Tsgf9r1G,34,NY
YMO4w7OI,65,London
BPUc6Vrm,50,London
zvEyPZ9i,42,NY
ULLXER9J,22,LA
Kdb4ACyt,45,SF
nfF3sf4N,68,SF
OiwU9U6h,35,Berlin
qpPm4Fjy,40,Berlin
3EvnUo7t,69,Berlin
1c407gr7,52,SF
rn7ViB1A,35,London
OADoeGIB,28,London
X7k1nnmy,60,NY
RpIXI96M,60,Berlin
qoBGNR70,27,London
LZ6v2nyo,27,Berlin
WSPvhbSF,53,SF
jcreH5nK,26,LA
M2bajTUM,59,Berlin
PkkibySA,30,NY
aP059pGZ,40,LA
bqWItSTh,18,LA
I00tazlf,33,London
pDui3d1b,36,LA
rZ2YYo0G,29,NY
zwTq7OAj,22,London
RXbn3UNJ,22,LA
FTeQtq9k,24,LA
08Joopxl,61,NY
mu0KOYFA,31,London
ZOAJSZVp,50,London
i7nlbFIi,23,LA
PGaO6gQf,35,NY
JTCjvF2b,23,SF
TQMFMXDL,68,NY
v5XT84Mf,47,LA
ZjH1WvlR,29,LA
JkGHbJef,67,SF
cytzSOYa,52,SF
NPCkNGqm,28,London
yj8Oe7z6,21,LA
UlNyEQd6,30,London
Pf9UEes3,18,LA
8vVH1Opy,69,NY
1e1NlWVD,55,Berlin
Qde4xFCN,46,London
y9Dkzgfz,31,London
QbuuyJTr,38,London
LxWE1WvW,58,Berlin
ZaCdnpKc,48,Berlin
b5vOBbRK,58,SF
fyKASxQi,24,LA
mjXY2DVO,32,NY
wahWsYjQ,59,London
epuYnPDW,26,SF
GPaFPrE0,46,London
swjs47NG,41,LA
7cJaqYS5,32,Berlin
pWlDRFEO,38,LA
ouHnvhBc,58,LA
UwvwWq74,41,LA
LgpnkeBA,24,SF
518SSLwC,41,LA
I7PtCZNF,40,LA
n6Sp7qsh,42,LA
EFY0vfab,25,NY
aj29IFwv,51,SF
JHco4gea,52,SF
NANRSprN,39,NY
5Kr7E6bh,51,SF
VGloyYqL,45,London
05KGV1PD,18,SF
OaAIzxwz,61,SF
eq289Urf,54,LA
lyiKM5oU,47,NY
Zr0s8xHy,67,Berlin
D718wrjA,42,LA
udg7Pbz9,68,London
VZbw17WZ,19,SF
ULdt7E2S,45,LA
5uNy5rba,65,Berlin
86FqlRiL,45,London
oIVWu4Jf,40,SF
PZDpgOUd,55,SF
xKrEzVUV,41,Berlin
o0wx6MWT,52,Berlin
k8AcicdU,25,Berlin
bE91uPbx,53,London
lx8tyHZd,35,London
3to9LCfe,37,LA
wIpnGNuZ,21,Berlin
FZ6g2NGc,25,SF
d7p6TbkS,43,NY
Q6ssJBZK,56,SF
p8Fge9ce,37,Berlin
GnIZcYIw,35,SF
ifPIjbmh,50,LA
oh5lHLuY,35,Berlin
47CH45kp,51,London
1R26GUr9,36,NY
6RJSWyX8,59,Berlin
7G4NVEMH,50,SF
7rAyBBea,38,SF
2bUgKbAF,24,Berlin
CPPmuPpB,31,London
Ze5QXPig,50,London
GevlCgeJ,21,Berlin
rzYlVj1L,60,SF
EMkUPkgZ,19,SF
lj02Nd1Q,57,London
9UEnllV8,67,SF
YegOzkOL,48,NY
MX3nRlJd,66,NY
7OtM6u5X,63,NY
huK4mxOu,47,NY
1C3N45uP,67,LA
eUNbHXrR,27,NY
20CtKH2I,69,LA
QZD0mNoJ,38,SF
A45x3ve9,67,London
LMNx8GkO,69,NY
EHre0ngW,40,NY
sR1SonSi,54,NY
Dqs3esoT,25,LA
ucLgPVfL,27,NY
oOInCWwO,42,LA
Yte4NU3F,50,NY
gUB7bKKQ,34,London
EauPzYKk,68,NY
uNbMneky,41,LA
CKAqAxee,66,London
5qv4i12E,59,SF
ECUSVgUY,67,SF
nxh4JnYG,47,London
oNv5T6Sc,18,SF
J8JIbF5A,34,London
Kqj4WMwR,45,NY
kZMhclLE,30,SF
w3vpTGWY,27,Berlin
lYswLmqu,18,Berlin
XdoMf2I4,37,London
x901sT1a,24,Berlin
ccUKARVW,49,London
ayziF63M,38,SF
NmxWlSpm,43,London
WJjGpUXm,62,London
fO3QfI1O,24,NY
TUPGCsFY,55,SF
JYdiGcjE,62,London
Rh2ZU44S,57,SF
dQFlEVpy,65,Berlin
fuQbbefi,58,London
Bek68fg8,62,Berlin
ASui8Dq1,44,NY
NAcYRO3w,51,NY
0T1todjd,29,SF
M0m5bqI3,29,NY
tQTNtZ2g,32,London
56JU9cEw,37,SF
ekmcIi7q,27,Berlin
Cg0JUjZ1,63,LA
JcaNxL5O,43,NY
33NGQIt1,34,London
mdHQAZLL,27,Berlin
4dOBMWl7,28,LA
BfGHoq3g,34,SF
cnF5JDnW,28,London
2el4EGtC,32,LA
0XoTA3I3,21,London
CQKJsHab,42,Berlin
eG2CbP9d,53,Berlin
xeVv1EgX,64,NY
Th0s0Fuc,48,Berlin
xEjeSaJI,63,SF
PUrxlF2E,46,SF
RQDZdxr3,48,London
yPXbn1EV,26,SF
Isukhwmw,65,Berlin
64h3XhL0,18,LA
XUzHN3vZ,20,SF
GJ5vbfSC,21,Berlin
ATDKQpmA,36,Berlin
NYdSAxDr,58,London
DkpFNcO1,39,London
eloDgShB,68,SF
uJEcRmaL,25,SF
rwliwjYa,42,Berlin
H6jQGgcl,21,SF
Rrt3wsFE,62,LA
qzQBLZwr,68,NY
Y8dSOJGQ,31,NY
AoH8BikL,22,Berlin
6zjFM3Wj,67,NY
Ox7slMri,67,Berlin
ZcxYMq5h,46,Berlin
gqqxBazu,38,LA
GNwx2E7s,32,London
GUhJVAwm,40,SF
QBqsaDSM,34,LA
Hk4iUR15,20,London
EEMpRtDS,50,Berlin
jXfpqX10,67,LA
wwZ1F4u3,44,Berlin
8aajDlPu,33,NY
VkooAxaz,23,Berlin
XapCqJJ0,58,NY
FGkMfge6,27,Berlin
enyI3YeK,46,Berlin
mqlJ2g9X,34,London
WmRkNRHg,56,Berlin
pwHuYcgg,63,Berlin
WTNiVkXZ,31,Berlin
uMJn12bV,29,SF
SBVvUMwj,55,SF
M3QhP6a1,46,LA
T0LYBRbM,31,London
OH6wlKHk,25,SF
YfNdnmbT,66,LA
Wz8ifeWL,57,LA
JEFlCfnX,57,LA
Kdcl85hI,34,London
JFe5NiNu,60,NY
vYGp2bGH,56,London
Bvips9GI,40,LA
DLORKTKi,24,Berlin
9OATDvHR,29,LA
Qdifz6mM,33,Berlin
zl0ZQSLd,30,London
nw3IZAvc,64,NY
U9IpLkWh,36,SF
F79pTOc6,20,SF
WwAv6Buk,60,NY
uZzv7zQy,25,Berlin
0yCZsRW3,57,Berlin
hocq94nr,29,NY
aaePP0c7,48,NY
FU8qQMgY,52,LA
nlntosjX,37,London
xNG14m2Y,45,LA
uQHJ5Ir1,19,LA
gGUHePfR,44,London
RIyb91xL,20,SF
NP7ooYun,65,London
diaM9WbE,38,SF
xemQnfeT,68,London
2PNXYWy9,69,SF
v3V3aI5C,24,Berlin
ca7ggV56,68,Berlin
WF1RPzZv,50,London
LHsf5rMc,62,NY
JqDBLdg6,63,Berlin
ngOOjeEW,50,London
1y8iEtn3,53,London
d8hjElRK,34,Berlin
DyrqDA91,23,London
HtTMdaHR,69,NY
JBVRAGh6,38,SF
9dHDPeyG,55,London
DDdDpBHW,51,Berlin
uZA3BBMg,66,NY
f6cnn4Rh,65,NY
UK1zd1MX,29,London
q2tkfN3n,29,LA
bUzg5zoS,35,Berlin
5ZNNu8xo,65,NY
K68zmUnu,23,Berlin
ZkelSgq3,30,London
sROHFHpv,48,London
6IGoU081,42,LA
MjzuqlUv,65,LA
YiGTUxIT,41,London
yY4PjrQi,59,SF
v46lQcbG,28,SF
0vuGH6nS,50,NY
lNqG0Hz2,38,LA
QSAWI4F9,56,NY
RN9OUc0W,41,Berlin
qXuIBrNa,66,London
jz8LdD0D,61,London
oyq5gKe8,69,SF
JxqzjD7h,37,NY
Sa5XO3Vh,64,NY
pmIdqJNC,26,Berlin
TYv2CInA,48,NY
ZKeik2lE,45,Berlin
foMNXN19,55,NY
GwyiSYhS,22,LA
S8IxMbBw,54,London
Xy4oHzgM,58,Berlin
4jghuddK,51,London
WpYqbrRd,27,London
ATHqkx4M,49,NY
A6vQ5sJY,54,NY
8AcScxfs,34,Berlin
a6FuLh24,53,SF
D6JZllpn,53,SF
PikvCIyh,30,London
MaNPG0aC,37,SF
IUKpxjlb,68,LA
1yts7aPP,55,NY
oM8KpWx1,36,London
7OwXAbXT,39,NY
iooYeM80,33,SF
7jHQXAJb,23,LA
CZJOQE0X,28,LA
J3jtKvbt,27,Berlin
Zh2yCGdr,48,London
pqJL3vE5,35,LA
6wyoLJcw,49,London
uNoB467r,58,London
5GP0NIre,59,London
pGuz43O2,64,NY
Gj5guEbm,41,London
otH5UqRq,63,SF
NKspWhzI,33,LA
rXbrBJ0r,46,NY
lekPNxjF,56,LA
woGOmidN,42,SF
S3vlSb6j,57,NY
5WpFwLkX,42,Berlin
MnMsvBOG,57,SF
OFlDvKDn,62,Berlin
g8UE8TbJ,36,LA
a2xqqZoD,27,SF
wO3qhDfc,18,Berlin
nf4VZGll,44,Berlin
9FDZgyTS,39,NY
mbjbIm8m,45,NY
T3Gd3X1L,65,LA
YDzADDLm,52,SF
Rsdmhuji,20,Berlin
zcaz0LmE,55,SF
G075wWQB,43,London
VFQusVuV,61,LA
96KVErRA,22,LA
PjtqHsis,65,NY
tgR9w5XJ,66,Berlin
HUYCKgRp,27,SF
2VPY6Rrg,24,Berlin
p7pd5RTs,47,LA
xa5ohxGo,42,Berlin
iCQUzuxr,59,LA
9BJ0YUvK,51,London
TLSOSwuB,64,Berlin
BrTq56ol,38,LA
Fwz81UYT,46,Berlin
TnVEKM66,34,Berlin
a5yadXYu,53,SF
XrooGLBG,57,Berlin
lJkQBLt8,68,Berlin
mSN72dSP,38,Berlin
JAOM0MKF,51,LA
LVEFhJ5L,33,LA
4Z9fdVSt,63,Berlin
nWMU3yn5,61,London
EtuoG2lF,26,Berlin
zSVk4HnQ,61,Berlin
oTwOf8gk,20,LA
PWvcay0g,40,NY
iTJzVijA,30,NY
fb1B2TfW,55,Berlin
9o1pWpyQ,51,London
m5jbJxBj,47,SF
Z5Gl5oGZ,56,LA
QoLyMum1,43,SF
ZkBUjRpY,49,SF
cthN9WQ0,37,London
x7F5F8zc,63,London
bEubmAr6,55,NY
OoW0qBTw,26,LA
0fTEtJ5c,56,NY
WsY4Z91i,68,London
MVMyVXNQ,33,London
69GjjdKJ,62,LA
PQdMpQRi,55,LA
hR9Nv9jj,21,Berlin
yNGHedzf,29,Berlin
GL7ttX0w,43,SF
E9CcE2r0,27,LA
HSSasBQy,33,LA
E9ZMTGf9,18,NY
5fPjhJgO,29,NY
tqWls4c7,69,Berlin
TTDt2ttM,68,SF
4FsEAEhO,39,London
7fkjqMyT,46,Berlin
dbLgkMk2,36,NY
XmXLCaXv,47,London
8k53ufQF,45,SF
nnM7wJDr,38,NY
GwtYyyGV,35,Berlin
nZKfQRm9,58,Berlin
HFAXUYjF,41,SF
scsRCql4,43,Berlin
o0zX9MQ3,53,SF
Nn76nqtf,60,LA
BD9d45Ej,33,NY
nZ6U6m5M,69,LA
h1gQf1u9,49,LA
NcSxkpj3,19,Berlin
Bkij07nu,26,London
ZcvxaVQo,35,Berlin
Prh3TbCL,66,NY
KlmrrZ8C,66,Berlin
iQXHNS4A,63,NY
FzxJqIeL,62,London
qtJfzHNc,36,London
fK6fWapJ,55,London
r2Am6dXl,29,NY
NxA6ptIE,30,London
QmwKRk1l,52,LA
jk1oPUR9,65,Berlin
SdQ6QoeI,27,Berlin
1YK4nHeL,39,NY
RX0WtWtj,27,SF
S6MNQ7ic,67,SF
tqiK26RD,52,Berlin
Qwyrf9HT,62,SF
UowGbWYO,33,SF
fkjyTyKQ,53,SF
d68q09qB,28,NY
CtBpXA6X,34,LA
JxCmGnAe,42,London
HACApvVM,18,NY
RS4eoBzl,29,LA
XIQ9okWS,20,London
gIfCtaEy,68,London
LgigZ6ep,26,NY
Ioz4qiGD,36,Berlin
qJzzwra0,36,NY
eETydsEU,67,London
HN1ee9oh,37,SF
ouWwyPLD,28,SF
nfDGkikD,41,Berlin
btAQQFN1,39,NY
pzXyQfpU,18,London
8W0sRgih,61,SF
2cfKOrm8,60,LA
lqhlbokH,27,SF
0QO7KbPD,28,Berlin
eVWkgVO4,25,NY
QLoOpQwo,34,NY
5MgN5Lh5,23,SF
qwesUC5O,24,LA
4gLNhUX7,48,NY
qR0kb9wT,54,NY
iZa1h23k,21,London
YC52ZPQ1,24,Berlin
NnQFxGnP,33,London
xt6lb1pF,42,Berlin
Qvn2WI4O,53,NY
UT5iage3,52,LA
OBpii4pW,31,LA
f3MGE95f,53,NY
H6mxyhCp,26,Berlin
vpENj115,28,London
9AgVLLAl,18,London
b5vUHF6R,26,London
Ff8CNVFT,42,Berlin
dKCbOX1e,57,NY
0vWxo6rf,32,LA
sA9NM1yD,41,London
YvsY55xk,25,Berlin
07Ltls9Y,69,Berlin
O73z02Bp,46,London
Du4fEEg8,24,NY
GJFEcj0f,63,LA
3Tdhy340,35,LA
8rr9QAGV,20,Berlin
czsVKQ4u,64,NY
4y03tROB,41,SF
Ik2Eggwk,37,LA
eOda5aga,48,SF
gqZxG2zS,43,Berlin
zhqeXBf7,55,LA
unsOV2mT,64,NY
BtF5p3em,63,SF
W8kf7mUA,60,London
H8fowOvG,25,SF
FoUDTAi1,49,Berlin
Z2KxMPgO,25,Berlin
uTdXpEBK,22,Berlin
eCCZNU4s,33,NY
daLW3Fcw,44,NY
2PMSI7G2,56,Berlin
oDFfBxTs,18,LA
ayr9Vrn8,22,London
XtQyC9Lk,20,NY
U8So781t,62,LA
4hf46MzK,69,SF
iNd7jiD8,34,SF
LDPkxAEA,50,LA
P4FG2Pem,36,London
nPNGGIE5,21,SF
ONTK1S7H,30,LA
lFhkmsfh,68,LA
NVUSaJ3h,67,Berlin
tN6iaWJM,60,LA
GrUKYWFp,43,London
uQX9Iqgu,58,Berlin
9csUp5x4,48,London
ko1no0wZ,52,London
ut8YsfLJ,33,Berlin
kwK8kqwh,41,Berlin
wSs8lAzb,47,SF
0dAgK78O,34,SF
OIUBqpBx,30,Berlin
eIKq3AKm,55,London
iEsrL9WS,24,NY
qpNUxvSr,26,LA
8QZUXzTV,38,Berlin
Drvss0Eh,47,LA
8v1ZaBid,54,SF
yl6lrxRP,54,LA
kn5T1TMZ,39,SF
kO955mMT,64,Berlin
Q4TmgE2k,48,SF
pHwyDTc5,21,London
Yb0JnHUs,27,London
NRgwLOlu,47,London
xNyNCTzb,47,LA
bIpNlCXQ,58,LA
Gte6BY5A,24,NY
318B8tW9,32,LA
ZdXuzraf,36,NY
rBSROd1S,27,Berlin
pMocTggu,56,Berlin
8A4q7k4B,44,Berlin
1MUySRr7,20,Berlin
CYZqFKzq,52,LA
EpkTP0Wk,69,London
MtTYkOns,35,London
tB4Jjo3v,41,SF
z4QR17TM,30,Berlin
hBgxB0ko,61,London
AycVfZ47,34,NY
ERWBt36K,34,Berlin
fqXf5Fyn,28,NY
LIpRBCVZ,34,LA
NkgvkZaP,69,Berlin
B1uSpdxK,66,Berlin
9HSaWCH5,36,London
5CdDlMUu,24,LA
e3bcaAT9,36,SF
Wgteoo0q,51,NY
94GIazuQ,46,Berlin
JIVG2gyY,47,NY
9CCLDPLg,59,Berlin
8bho9v8L,46,Berlin
y3pmvmjq,55,SF
FvWjvDFm,65,London
1toxPF2B,25,NY
PCZuOec6,21,NY
so20ZZiN,45,LA
sJwWMjJZ,69,LA
8Cs8TgM7,28,London
mcVoNp2o,35,London
AVa7TVjE,38,LA
3bYAfie0,64,LA
aqqnBAar,65,LA
LbVL7tBo,57,London
O7l0xTwr,49,LA
vi6Ow0hj,34,SF
tls2Lm7f,51,London
vIFrexTR,34,LA
yBI4U9Xi,32,London
He9VhWkW,37,SF
lqQmoA5g,56,NY
8kNzKQwL,28,LA
yZ44zFxF,36,SF
e09BEwiR,49,Berlin
ImrRtAAv,41,London
1lLzQS23,23,NY
FuElun6N,35,Berlin
2HsVg2Dr,58,LA
cr6ik9rr,65,Berlin
krIC2sfu,30,LA
rEA60bI9,43,SF
G3q41e10,25,SF
GlIN9TJJ,43,NY
ivgqfucR,66,Berlin
sJWKoiQs,31,London
LHG81Mtj,58,SF
RILQgyPB,23,SF
4PlizWWK,33,LA
4MPCFaWn,52,NY
B5hLIDun,51,NY
zPrByKRB,57,LA
ApV9ZO4B,44,London
Qs0ILlip,53,SF
yZ7ElspO,29,NY
JeObW4lJ,18,LA
tQrRQx4Y,46,Berlin
bevXjsEW,34,NY
PhrSvwxW,35,SF
Xidq1355,66,SF
CNOO2hr4,33,SF
MtyVwoPs,52,Berlin
RRzK8r4k,26,Berlin
Jfnfk8bq,61,SF
piP9zQC7,56,LA
GARzlyvJ,55,LA
oBYen5xi,60,SF
K0X5tWFY,23,LA
GqQ4UwVK,43,London
yv2e5VpK,34,SF
ZlgDO79K,41,NY
OzhIxEW6,27,London
xO64bTD7,49,London
MlNSLuWU,20,LA
QmtdCBGM,36,London
V0ZKIozg,52,Berlin
RnewAGlW,44,LA
hKGTUepz,42,LA
M8vLPg91,38,Berlin
me33cQtD,19,London
jnrWjFkB,37,LA
HCbQZViS,40,LA
pbxBUtOw,50,NY
re3XFRxt,67,LA
pJzrVDbq,25,LA
WFdxv4Q4,68,Berlin
2o0p3C6u,54,LA
34fH3Fdq,59,LA
XvscQTVQ,47,London
HL0LTTT6,48,LA
qkibuhVo,58,SF
VnRXxyuc,35,SF
KWIT9tHu,48,NY
m0wfZVMB,43,SF
TsJ2btpq,41,SF
Hm5FrwXB,68,Berlin
bXnjxIl0,22,Berlin
OPBGBBYk,28,NY
Z14bqgpT,69,Berlin
vECK5SMp,41,LA
1EhEISvf,18,NY
pWWDkHJE,29,LA
PO3DyoGb,55,London
TBufSwfL,40,Berlin
tdYh43rP,69,LA
rwkzcwjT,61,London
QUu2toKi,42,Berlin
YJ93uZ0Z,29,Berlin
67mhJkfC,20,NY
SHE2esUe,41,SF
gyymm74e,43,SF
ZHPMZeX7,32,LA
VT0Jtbn5,48,NY
ewma4nVW,60,SF
ojQUqh46,59,LA
hMtmc2Hr,38,LA
0IjCEWR0,38,SF
QLNVJE30,38,London
6dB08rV3,65,LA
65jWKkFc,42,SF
q8j3g8vQ,29,London
FHunKiCD,65,SF
k8a4XhgH,54,LA
tnoWBueq,35,London
VdvSABr9,27,LA
5MqFxfar,23,SF
FlklNFwW,46,NY
rtEoaITs,46,NY
SdluWxiV,46,SF
eNkHR8uC,63,Berlin
Qu6vPd2a,63,London
PMtfP5Nz,26,NY
vFi6OjUn,49,SF
TC67Z9dV,65,Berlin
o7u80j9o,30,LA
NtKfSTiZ,63,LA
TC0L3bOI,28,LA
7ti87oJS,51,SF
uwlh38Q6,69,London
k1KpLoMk,69,SF
PV7rvMki,46,Berlin
pPQv5vNS,68,London
dwu1XxWP,29,LA
Ore8NkBu,66,NY
xrUdOmrX,48,NY
3hkqx5fZ,58,NY
q3dsEkKY,39,Berlin
yIkMWPbH,43,LA
dbQaP4W4,60,NY
463or4jO,29,London
FGf2Q75a,52,NY
0CIXVKHg,66,Berlin
mJAdPJ17,55,NY
ke9r8dPh,21,Berlin
c7UGtdx0,62,Berlin
UMLjFAn5,66,London
UdVBrtHY,27,Berlin
5tHelaUt,69,SF
OEfIwEuq,35,LA
F9nFjmrK,63,Berlin
sXBm8JeZ,65,SF
9JgZdfHm,36,SF
B8v3u6J9,32,NY
OLiOJ956,40,London
Cmk9ZChz,40,NY
xAfukHPY,38,London
YpzuVLTY,43,NY
byjeFayE,62,NY
kjzzl76i,51,SF
4WtsiYuZ,58,LA
aIhm1pnU,30,SF
unyXW1bz,42,NY
jXeXM9iu,61,LA
xw5JdwOS,50,NY
RCLAGgeA,45,NY
jgHBKogt,30,LA
H99eKAUp,44,SF
mY7csIxw,25,Berlin
v2f5kCdN,53,NY
yrPM4wIK,60,Berlin
OQA7YK29,23,SF
nlQvo78j,30,Berlin
n7H8mD3W,37,SF
DhynXsYi,22,Berlin
rtgZhwkQ,62,Berlin
jiXM8Gdu,44,NY
3tjmt770,66,LA
g1KQAneV,68,LA
yUECA1TP,36,SF
gdHtWZ2l,18,NY
rVJt8mZe,21,Berlin
VthPvBhz,19,SF
mBeIKePt,61,LA
qgOfDtht,43,Berlin
oAdahEEY,50,NY
N3oatAxH,61,SF
7EC71zYk,62,London
8hy6xxf0,55,NY
GiTxxlFa,24,SF
PldCnr4W,46,Berlin
hEO0YXNp,69,SF
ieF3lPne,22,NY
T6s8Lwoa,26,LA
mRIpNvI9,30,LA
nJnA5RQg,63,NY
ggGcCEjc,57,Berlin
W4gRzELD,65,LA
WBtgOilR,63,London
6bQbNZjN,46,London
0nMrnYfT,35,London
i8TpqGx3,47,SF
uD2Xv1gr,27,Berlin
yhXkQqlq,36,Berlin
bSkVG2Zm,65,LA
K3Bo3mBo,26,NY
d6E4TwdM,38,London
457RHlha,18,London
onQZiibY,58,NY
jdYLwSAK,43,NY
YxeRD7i0,31,London
W1WjcYnD,56,NY
vn8Pmucm,46,SF
cUndx9l0,60,LA
j3mcvVN7,69,SF
lpJmQAKd,24,London
vAk1R0Ak,41,LA
VA0HaVLM,44,LA
SCr8Rt36,59,LA
DTTFppKH,68,Berlin
khivjdeF,19,Berlin
4rsDnYx6,19,LA
c2vPznUO,33,Berlin
hnZuJ6wj,29,SF
ZRsLyPfN,57,London
1MVVl28A,43,London
6lLpr4Rs,27,London
m1mmNq5d,32,NY
0C7UFAdS,65,SF
6PGNtHRe,42,London
ZV9ZoidV,21,London
cNOllnME,43,London
g0v54CKA,40,London
3Q81r337,54,Berlin
Nr1TJzsS,66,Berlin
gKXHKrMr,59,SF
n9MhfKEk,21,SF
G2b4TyX5,18,London
yBMoaopn,18,London
PrIjmBUh,56,London
YYCuhgdf,20,NY
cYNi00O8,65,LA
75lPBqpn,65,Berlin
XH2OjNuy,32,London
4wK45NKZ,60,NY
akIsutRD,35,NY
5QKoCfgX,38,NY
yCeIz7QC,69,Berlin
4FKRU4Rs,25,LA
Cm5sEXKk,42,London
mXdyNmtl,49,London
BFXfX8pj,23,LA
heByuAAj,67,Berlin
Q3nWmCPH,57,NY
NF3g6F41,37,London
J2pfCgum,66,NY
MIYqtsGq,46,LA
zkZCnQ5W,22,London
5IQmlH5J,52,London
TSfgt4ov,36,London
IyjfzoCC,56,SF
YUbjPL54,29,LA
faIevya5,50,LA
Lyba0Yvg,52,NY
cOVL3Thi,59,Berlin
1794i5pk,55,London
PXgULSDG,65,London
htUHGVGh,63,London
wWJ1VxBJ,25,LA
eJ2VZdSP,55,London
KvZvGlDk,48,LA
GizmOeC6,28,Berlin
qEXI8clB,21,Berlin
cNJOrFYO,57,LA
LgsGe3bI,22,London
UJnw6fcJ,59,LA
6HAJfqlH,39,London
NTPCXLVz,61,London
8wh8uJBt,34,SF
SHqJOr07,37,LA
buGuFPv5,60,NY
HpdNmF9r,69,NY
6o3kWPOU,29,Berlin
e9SYek50,61,London
1ibDVYH8,34,London
dpdxvhfA,69,SF
njjwjlpk,44,London
5tHY5lJM,40,Berlin
eqBecfTf,22,LA
EVndBRNB,66,LA
KrLJXQmv,45,Berlin
6Kd8s25O,54,SF
IhNdUFW7,47,LA
yL786Qg7,62,Berlin
Su2iQaOR,46,London
RYlTpO9o,31,LA
Anm08BaQ,25,Berlin
rvBvUGUa,63,SF
As6jsOG1,44,LA
zYJ9iABA,23,SF
AjiaXxbs,24,NY
oQ5KRZqK,43,SF
z87iHo8c,59,Berlin
g6oJkSKQ,47,London
P1kL0k0J,34,LA
KYphmevo,23,SF
diMbNLaL,20,LA
c4MkrJGk,36,LA
TZZF2eoM,36,Berlin
2w15TOPM,41,Berlin
sl7KObIb,45,NY
VyNIxPLg,52,London
d3bpxeO0,52,NY
WSuyrJXi,22,Berlin
2IcpXMcY,55,NY
6ndKI9tc,23,SF
nBtKESaJ,46,SF
vvkMulak,40,LA
EcR9CdUM,62,NY
3E01npTJ,68,NY
N7MnRCMh,54,Berlin
xzZjXkYH,49,NY
oWfonHNz,18,LA
TkpopXZb,66,Berlin
OUTrPbxC,51,LA
vqRA6qyH,61,SF
uGsnwnMy,45,Berlin
3miBbpii,67,London
Q1LjNDUd,24,LA
3McRVRV0,54,London
VgMUbqcY,46,London
HXbaZW1w,36,LA
AeE9ALWm,65,Berlin
FiE9jPeD,61,London
P9jPXJNW,36,Berlin
lLx8JCB7,68,London
yKnXYmm8,37,LA
Fw7XQzpU,32,NY
kOJa3Lj8,41,Berlin
8AalImwR,58,London
HjoljlFT,25,NY
5kX2bRVt,68,NY
UhJw02qQ,24,NY
YGARQuou,36,LA
v2j7xnm8,45,LA
JVoGaAWF,29,LA
qxkIHadZ,43,LA
gXN3HJ45,52,Berlin
o5qOFadP,21,London
PPLAZAdD,51,Berlin
kzfooVOF,24,NY
P4CrVnYZ,44,London
4t3MamYy,20,London
Qorq8nOS,50,NY
LsPTYqfK,29,SF
MeES8ua6,36,London
bLJtgZhY,69,Berlin
JykoYCK1,34,London
wjvo5B1U,35,NY
nF9gIzu1,20,NY
PF2cnO1C,30,Berlin
gjFIuqr9,49,NY
mNwXDvSg,22,London
13IxkjTx,42,LA
g0dCXgm4,39,Berlin
C0lZhxB7,68,NY
sA3bfTB4,68,SF
fHc8bhmH,25,SF
Z9BwIgWF,69,LA
9SWBPsE5,33,London
VWm5sazz,49,LA
MZeJu5Ik,22,London
lJCXgHPg,53,SF
6L9JycSM,42,NY
rYhvIat5,33,LA
CiJfZKLt,41,NY
s6IEWzaC,31,SF
eejzPyjb,30,London
wev2qD1C,40,NY
ZPtB9trO,69,SF
pmwnHdeT,42,Berlin
wsNSLqpd,44,LA
VGgJHW87,25,London
YSGFykg3,35,London
HUsl1ZrF,54,Berlin
YXvyizS1,23,LA
e9YzaNDP,23,NY
QiKcXcFh,42,SF
1a9EnkXJ,37,SF
MJ5fKHvZ,40,NY
I3HK3sKs,34,NY
VfXJkXR3,49,LA
USBWSPBR,33,Berlin
OnIfSiHu,54,SF
mFiKceyC,37,Berlin
UywzqS0c,20,LA
AU1esRCE,18,NY
8n9dJ9BJ,54,SF
ITYWVl4z,52,Berlin
z89AYPeB,33,London
mvOmYBiY,65,SF
mZaGyfQZ,21,London
9h89wlgi,20,London
efAMJGsI,61,London
gq3R1d5C,34,London
mk8P3kHX,61,SF
FussGDun,59,London
lDC3q4RH,51,SF
PvpoVRd6,59,NY
VOe7KH50,51,Berlin
ZxGFfrCV,34,Berlin
je71L5MP,41,Berlin
3hPy3XFV,54,NY
8H20SmJl,19,Berlin
Fq2wZw00,31,NY
ss2nSWwR,27,LA
bzUCbVfu,32,SF
Ov9YvGPW,54,LA
wEn1Dcef,63,NY
0rckggRI,35,London
zAP2oWFu,62,NY
LKcB5aIS,30,SF
gfsM823z,52,LA
V8JQKxor,53,NY
R4LvuGSl,54,SF
JU31Tiyk,27,London
5WbYMhqO,46,LA
xoJnoFi8,51,LA
8IZ917Gr,41,Berlin
5rZUf5wg,44,LA
ic7YS267,26,Berlin
msIK3kUU,26,LA
nhdummNj,27,LA
6wJShJ5F,29,NY
DHahql8B,32,London
HsL2ybR5,20,London
QszbtbIR,45,LA
Z9qs5TyB,26,LA
zlkNPvFt,56,Berlin
7dex9prT,47,London
UzAcLd26,40,NY
iOM5QPrk,47,London
4Q7VDsMq,33,SF
1aSMnbXk,53,London
znAV0geH,47,NY
7SQawn4m,63,London
XMVPO9UB,54,NY
3J42QY9W,33,Berlin
Fnuk4VtO,45,LA
dXdqPNTn,37,Berlin
6ofuvdE0,31,LA
IXYD11Q4,62,Berlin
asbc8XbX,46,Berlin
Be8KnYS3,63,LA
cOOuBosh,54,NY
ltV1uc0S,36,SF
x32QR2Pi,34,LA
rkGjK1Ks,18,NY
Fx0CDNQG,46,NY
mag6fhSM,46,NY
nPWKfyz0,41,London
oAw9RqYN,36,LA
Hsg08Gik,60,LA
x3sgx3XB,27,Berlin
3NHSr5Gg,53,LA
BwFI8fTC,34,NY
VTEQ0Jz9,34,SF
ptC4KmXJ,49,SF
v5yj6rOi,33,Berlin
Ax7zPEsU,68,LA
HHJvYfbq,69,SF
ollcpkE5,63,LA
lEMyVMng,40,Berlin
ORu0zPO2,33,LA
QUW9TLRj,49,Berlin
0MzO8ixS,19,London
vvrxdCuQ,57,SF
6XfXOYRN,23,Berlin
gjgim2GE,27,Berlin
GSRFFJUA,51,Berlin
xpEhbhwH,47,Berlin
iyMaurN2,68,Berlin
SMKSMsLR,53,Berlin
JwdEOcEx,23,LA
6gP7AIWR,62,NY
6UVknVYA,50,Berlin
3B3Xyhv4,22,NY
9QzkYEIy,45,London
Z5vu5f2d,24,London
cuBLLr5Q,63,SF
l8QBuzHB,36,Berlin
TSjX5KNk,60,SF
aGq5Jmvj,67,SF
UW3bOaR0,67,SF
WrcWpYEp,43,SF
75YKNot6,55,LA
80oEznVp,55,Berlin
YhdcsS9d,56,LA
1No44dIU,34,SF
iPaF3rMR,36,Berlin
XQ92PLb5,44,London
2FZ6QRHO,54,LA
Jf2tk8BM,24,London
a8d1ZxW9,55,Berlin
r75EdSvT,34,SF
B2LwOwGu,46,Berlin
7CrET2EF,68,SF
Vef6KOL3,61,London
QIszd6oW,56,Berlin
5pzpGKDF,61,Berlin
SXfnPeRT,34,Berlin
wvKf0jaE,32,LA
MwVri7JV,33,NY
DLZbEaLp,50,LA
Z8mEgJng,28,London
kgQF7LZr,50,SF
2t3tefci,49,London
oDo4S2Sz,62,Berlin
fB6TKqqv,45,NY
s4RvFVyk,37,Berlin
BDqtpU4y,66,LA
6lUNxFtI,46,SF
XuZIKUiZ,33,London
E3Y0EWXA,47,LA
a9cK2lvw,34,NY
h8CV5nvD,31,LA
7QfWHNed,41,LA
ARGAFeOG,54,NY
0ceE2llL,30,London
681cKrfa,35,SF
cDwAe3jI,24,LA
ojsK5LsN,66,Berlin
IAIfS7JL,28,London
4AjTmPJn,34,London
UqlP0Bdl,36,NY
nJiElqQN,23,London
EKQKWLPU,69,Berlin
KuP38uJO,35,London
HHKBpuIK,27,SF
orpPcrnD,18,NY
fTq3VlDJ,18,Berlin
FUXp8Zgd,64,SF
fZrY5Juh,55,NY
nAzkRXoz,44,NY
jN6apb6C,42,SF
zR89JHU5,43,London
IGFdaw6B,56,Berlin
FyxMyDLU,27,Berlin
VRfnRIQv,53,LA
5wiLnUmH,63,LA
vQOQ7UWR,25,NY
NkKpDu7j,50,LA
KA3spreV,46,Berlin
8JQMrd3Q,51,Berlin
YBYmkvpu,44,LA
QH7lEgi9,68,LA
GcNOKnR7,59,NY
su0PSxBW,21,Berlin
O02cMiWt,66,London
6i996NaT,65,Berlin
elEjgOvw,22,NY
7jaIaAaF,59,SF
WZ1NPiBH,28,LA
flzrHfyS,18,SF
wr5XhVat,30,LA
IyNoalyg,37,LA
qj5XfwPp,51,London
0vD0pdzg,50,London
XuJDySnS,31,LA
ps0IE8zq,29,Berlin
pI1sfw03,28,NY
gI2to3Wk,18,NY
xPGLIsWc,63,LA
vwVoSs16,25,NY
9OtyKySH,35,NY
5KeaZNFm,22,Berlin
CTr78838,48,Berlin
b3E5iooX,20,LA
P2BQZJC5,39,NY
kXWybRJq,23,LA
3icVjpyG,41,Berlin
nYPIREgn,44,NY
CUfr0EEV,38,Berlin
a983FO2l,54,SF
QGa50AXN,51,NY
eJFdTJJd,52,SF
tooKCfln,53,SF
UL8lJQVJ,43,Berlin
KirP0LEN,18,Berlin
Etf05eN8,65,London
vGCy3ETQ,36,NY
aW16AthW,43,London
HRuv7jwr,40,LA
bxq7kdTF,57,LA
8K3Mv61i,51,Berlin
Txr8FRYk,44,LA
t7gi6guu,20,SF
s8hW7nZz,63,LA
3oJzc4EC,56,London
8baQlnAu,30,NY
EIVIZkZT,56,Berlin
zDj585Tq,33,NY
1llrXWVu,20,Berlin
GBTsEYZC,43,LA
jPR7ZHRt,22,LA
N0mApxe5,20,Berlin
lFxfX02X,45,NY
conRt0pT,64,SF
PZZ1eLY5,69,Berlin
gB3IZ9LP,60,SF
41tdWcJn,47,London
xS7wGdHg,40,Berlin
etrnaDlV,35,Berlin
3Lhi3URL,22,SF
mpW23eVu,39,SF
VmAivzUA,62,LA
zfgih5xb,18,NY
mjJFH0NF,44,LA
C1DCztpR,31,LA
oTmCBSUx,58,SF
0PRoKY5C,26,Berlin
SJv9MQMy,21,Berlin
yVZEqpA3,42,SF
JFU1IzYt,48,Berlin
MA2Qkc0L,49,NY
NviP2hIH,19,London
blyHTsaU,65,Berlin
wDztdPAg,54,Berlin
vnHUF35a,69,LA
ltPwIDQg,67,SF
5zMHnAKE,19,Berlin
BJHJDu2Q,31,SF
1Wh4wkAt,32,LA
goboHNQ8,42,NY
zTzsnDUO,27,London
ySlmtGZP,45,NY
ghX9kbsL,65,London
JAAVa5G9,25,NY
t5wvfS8H,31,London
WDWlyg3L,37,NY
bJTPBJ0L,59,SF
BrPs7txB,30,London
oAIwGlga,36,SF
q4Cm2Y7w,51,LA
0eMhlWLX,43,Berlin
FDYs7Ur0,54,LA
trtIfuPh,63,LA
Kr1zzm4U,41,London
IWVwwKRs,38,London
AkbOq7JU,41,LA
guIJtVok,25,NY
0UUCcull,50,Berlin
kjzsm6NT,22,SF
S71x8jat,42,SF
aOBMhVNg,60,NY
IbvYWVWq,57,Berlin
OkLEcWYp,34,NY
ADB2Zw1y,42,SF
ust1Wqxe,59,NY
3hdpWODR,63,London
MPnZphau,50,SF
19uxDuvt,22,London
g8QxHvG7,32,Berlin
xsdtqt0O,59,London
MbxZ3yLn,32,NY
pdzcVh38,18,Berlin
GZihrOsL,60,LA
76Z7rPX4,35,Berlin
tNd2YI8h,23,LA
djZXFyYu,51,LA
CcVGWW4o,19,Berlin
TRDLKztk,34,LA
Gi7KvFMb,22,London
Fz9JQmbQ,37,London
IWPzAhET,31,Berlin
FKsv4ljj,29,LA
enMUSX3r,21,NY
b63VWERy,58,Berlin
rCKKfm2k,67,LA
i2LHNeNY,27,LA
VyScTSUf,56,LA
cpDyiWBG,47,NY
NCuP2N4J,54,London
if5GL23l,64,SF
f0g9rpmS,43,NY
oBWGgKzA,62,SF
jEIANcIy,63,London
FqHKhopj,21,LA
U4TY5ibF,23,SF
4OVnCY4K,32,SF
wAZAQN6k,62,NY
2YWTQTbu,62,London
TPSFWwKg,35,Berlin
VzFn1e2A,34,SF
MeXNpuy9,50,NY
HsReSaIh,53,LA
DDRCQfBm,60,London
Mc02Jig7,42,LA
xkmJcCUL,68,LA
CvfPmmxv,45,Berlin
gy0R1sok,30,SF
efzVHUeI,49,Berlin
UXOu3qmT,65,NY
IMpTns8Z,36,Berlin
l2MirZfZ,48,NY
4sNuq0Fk,32,SF
mrccqsID,61,SF
NFgIQEee,40,Berlin
GoNvvo8F,57,LA
0hkO7Ort,44,Berlin
HIujodf0,18,London
QL0Di69t,39,SF
ITTkSuqH,25,London
2OLFrTMK,22,London
ktLmiK6h,41,London
7OYA1tYC,50,LA
z8koY7mv,29,SF
3oJJmtKp,21,SF
EqgY5V8O,32,SF
yyFMrRJe,26,Berlin
OwYli5W2,59,NY
iFrDBbp1,30,SF
Wc0fTods,27,LA
WSes7CJa,59,LA
hQC3i2sQ,31,NY
PP3CDQv7,68,Berlin
5UXGEJld,68,LA
JluslrCi,18,NY
XucsP8W4,44,LA
M5hzffIa,39,NY
rdakdaaf,39,LA
Ipsx6VBN,43,Berlin
HJKUwb76,41,Berlin
JVrIM2XO,47,LA
glsH4cJl,57,LA
ZrH7bAe4,34,London
WF6xjjt2,40,SF
g1vr8djc,27,Berlin
yLS5uzNt,50,LA
0ZDJBQK3,25,SF
XmwxoCq6,22,LA
UEYudzKR,51,SF
cKyiIFCK,68,SF
77iUmS2o,44,Berlin
CF52LypV,48,London
OeC70ypk,42,NY
CytoZEiz,19,LA
2E7RgnlM,37,SF
lPOomzca,60,London
w4tjPqXr,20,SF
oBKqjMBP,58,LA
nDawCeis,57,NY
1xls9qP6,55,Berlin
G3nBIPp3,63,NY
GZ9yU4qH,57,Berlin
HdpWG2hO,32,SF
ZGqJrq2S,44,London
ZIuAQeYT,41,Berlin
3z7hMMSH,52,SF
H4eLIlba,40,LA
VhVGJDAt,25,LA
QkculkVk,39,London
K6Z2FsAY,33,London
tlo9J9NU,23,LA
arsPUZaW,56,LA
zgNrVYtm,62,Berlin
J6SPAnHe,69,London
lUK1PT0h,46,LA
DIrdtBYx,43,Berlin
9bO0mVND,26,SF
Tw5PGfwG,36,London
d63rPj6l,24,London
rFj1l2Xi,65,LA
LtzPyco8,42,LA
2xbj6CS7,41,LA
1hQwPmdK,56,LA
4CLAHvPg,64,NY
0YDBGQst,54,LA
8Bf6rny5,51,SF
piwYMGTC,46,LA
36Jh9eua,51,LA
kAcPiXIL,37,SF
pCK1Vm43,22,Berlin
28NkiHPk,61,SF
NTIeJ19b,53,London
bK7XJhOs,47,SF
ibKgNLSt,67,London
tVG6T4uT,37,NY
Gezwp03N,28,SF
zz3GCyw9,38,Berlin
0PV9e3LX,37,NY
wB2WgQz3,23,LA
wwoxdy7m,62,Berlin
2FoOoe62,43,SF
y17S1qoo,40,SF
GICjkVkF,22,Berlin
ne9vLhVW,42,LA
HjcBRTxd,46,LA
svszclxa,21,NY
fS2tFgJu,44,Berlin
nGwGdAIf,27,London
iHFxG37b,51,Berlin
NJcNgviU,44,LA
eV0LIZ79,25,LA
di5DHe1Y,69,NY
HmmRK1qV,69,Berlin
WupRCdCA,52,SF
pjAJW5kp,45,London
eeabLyj6,26,Berlin
6EpKETqF,69,London
z9bSPGA3,51,Berlin
syzwjgOq,47,LA
nA2An9kW,34,London
54bTGwIF,50,Berlin
6o2Zy74q,46,SF
S3aIzeFv,66,LA
tLQj9pB4,54,SF
7XPb1bbR,30,NY
NJmfvR1L,46,NY
P1e7dVle,57,NY
6DgrPun6,56,LA
EfqHLJPX,31,SF
iu6qPEED,25,Berlin
8yRlZjUa,49,LA
CSU5FKYg,28,Berlin
IydksW9Q,52,LA
f3VnRixx,22,London
TTYvf6xd,67,NY
DsUSqZYn,54,NY
wrVZkT0b,62,London
F78aRtd6,22,SF
GvbISGIy,19,NY
hRaiJtPQ,43,NY
7vyvmDnO,47,SF
LrShUEn3,30,SF
CtoSjtDX,55,London
vFG7hPAv,66,NY
330eWK0o,57,London
yWfnPQzx,44,LA
jSIuu1nQ,34,SF
m6rQGoCW,68,SF
AR9WxxyH,32,NY
4rS7JW4n,50,Berlin
9gc4MGLK,47,London
06YgNO65,49,SF
ydEqYoVI,67,SF
CmJbTF7I,24,NY
bxZlNFyM,56,NY
VGlvWMtn,33,Berlin
yV9VNd0g,28,LA
OrjNd3Zx,54,LA
XQTreSEx,31,NY
WKC5GEmu,40,Berlin
uq7tprGY,48,NY
oYYV1A0Y,45,LA
ibnSC5xm,59,London
NBzqZhNo,22,SF
tzLQYldq,41,SF
9rrwU7t9,68,Berlin
3RTee8sx,35,LA
IXwc4gQs,21,Berlin
T1PuyBoy,40,Berlin
l8N8WFqH,26,Berlin
lwQGx9Ph,68,SF
cg5gb0X4,28,Berlin
p3Wi5WFr,52,LA
56oILA5E,28,LA
d17EY3cv,24,London
CQa70MPu,34,LA
QXCz260F,35,SF
2KvQqmlL,43,LA
7GTAmUkm,64,NY
mg4FBLoq,66,Berlin
2f6VG2TL,43,London
rpBkzj1h,34,NY
RSbqUsM6,27,LA
3tyJP45d,47,LA
Ht4LpqGq,32,Berlin
HI8MKadm,65,Berlin
4JFMCkYp,64,SF
ah20LSaH,43,London
zhIxTcb9,58,SF
aU7BWz0R,45,LA
YSPdppG2,36,London
r90TvjMl,18,London
8tLzXj7R,51,SF
KsS3I4ta,55,LA
bfh0Hh9H,41,LA
du8fqEPi,58,SF
gVRfHo4Y,41,London
dR2Wzdpz,35,London
j9gey94t,18,NY
EDqDwU6K,27,SF
z6I1Tvbn,21,LA
A8RJx8xm,31,NY
OTkkG3bZ,38,SF
BycprKBa,43,London
4P804AAe,55,Berlin
ZFKSSpO5,69,SF
PRVxInyZ,22,London
jzVrCb92,32,Berlin
sYbQl3lQ,41,LA
OUvJ1lnr,27,Berlin
D4pejhzv,52,LA
XSujVHDR,34,Berlin
ZsJfXqXU,49,London
KDT93ytC,26,NY
i2jH5fad,48,LA
1Eg2Nj6E,58,SF
eLyPoQ7p,32,Berlin
da0yb64L,67,SF
x28JwkXo,20,LA
LORjYMHD,57,LA
DTWM6JB7,52,Berlin
JyVeFFm6,68,SF
wHbfvcOq,30,NY
SyZZnQpE,39,NY
EFoAJG3G,65,NY
oxCMYNZS,24,NY
BItHFtCy,37,NY
M0dGN4AP,54,Berlin
0IZhwZNJ,43,NY
JMNEq6lu,36,LA
wHvlOtvB,47,LA
SrvegxfL,51,Berlin
b2VuYNl6,52,NY
bc6IkooB,45,Berlin
4tXsvIOr,52,Berlin
8YW8yDRT,51,London
MHvwRG8j,65,LA
iAgohjqg,66,SF
N8zS4QjW,33,Berlin
VbuFAuDt,65,Berlin
WsmW1p6r,68,Berlin
JyiIZIkA,49,NY
cRC5zOEi,34,SF
JSsMqH8X,41,NY
fYcHssWa,22,NY
lLG7Xzwp,29,SF
0Io55W6J,39,London
RTJ4bKg2,29,LA
pAieUUNp,46,LA
ltby7Sp0,56,LA
s20kSklE,56,NY
TEzrPrby,53,NY
nm0YBTlu,23,NY
Y1DUO6od,65,London
qlHHKv21,25,NY
PIKw3R4U,23,SF
K0Hc64vF,47,NY
iIeIX4S1,36,NY
cT8ltiZz,47,Berlin
hgdlhjm8,42,SF
LLSKmOQQ,27,Berlin
8Sa54pZs,65,Berlin
Ssj5Kdku,19,NY
ntvBG2hd,63,London
M0PYoELO,60,SF
fcgjOMIT,41,NY
Nw4OPxtn,45,LA
8nKzYHmm,51,LA
6rTcjRs0,20,London
ybOK7SA7,43,SF
7fC4Xfm8,39,SF
2Uqu1vR5,49,Berlin
R215iyH6,60,LA
ztSKMfLJ,53,LA
h86pyrvF,31,LA
yN7zzxzd,54,SF
W1kH451n,20,NY
epmWtwEj,45,LA
Z4jKxVj6,43,LA
jycmefD0,57,London
NxgarACe,27,Berlin
qSaNHfak,61,London
79TojbnW,43,NY
01sAZ7sq,57,London
TPrWLUsf,40,London
ZaaYWm6p,24,LA
VEEMWzn0,51,LA
7aKSTyYZ,29,Berlin
fxVn5mIc,39,Berlin
9joAgvJc,69,London
NCiXj2i4,28,SF
wWBcAanl,26,SF
q7wSEq7r,22,Berlin
hv89nNma,23,NY
ZuCpZiFg,24,Berlin
vK2dvAkQ,63,London
QuhUSyc7,35,SF
r18QpFuL,32,London
UnWzD8zU,18,NY
Ux3VJSk3,65,LA
BFRUlQEJ,32,Berlin
pF1TWkGr,26,LA
XOisAZh9,24,SF
xsV4LDML,61,NY
vChNtngC,26,London
bNvvC4R1,61,Berlin
8OmLcrOj,28,SF
2Tarn5bk,20,NY
GSvzblph,30,London
UQMNXIpm,22,London
NEAHDVSt,49,SF
gLN9ZNmA,39,London
VcqcwvPX,67,LA
wCmKNlKt,60,LA
XCXsqGmc,43,NY
uxNePB7Q,20,LA
9DSLu2OF,58,SF
EUqDCCWs,25,NY
LWolGinQ,41,Berlin
5iF1rQS8,57,London
yiwHr9HL,30,LA
q9khSRWb,28,Berlin
19mznxXc,55,London
ZyQgB7l0,62,SF
cMKnzCsV,60,Berlin
8FBwGYGX,31,NY
xGYvBEE9,63,SF
377geTFz,68,LA
TYBGztTC,22,Berlin
OL5Vof5m,64,SF
ZdUBZ0ES,30,SF
dKTWnapy,41,Berlin
EQZoH4VX,33,LA
VpLYD5Fp,46,SF
AiSGFqer,36,Berlin
zZKZAoAj,34,SF
M89qGWlK,48,NY
He6aa5JZ,65,Berlin
JiRwkr2f,46,Berlin
ZKalobjL,49,SF
tFcSmaRC,63,Berlin
VBSB3krr,34,NY
bQObrd8R,24,LA
rO3haSsf,55,NY
dVueMOgT,22,Berlin
7MLdBP5g,41,Berlin
NRI58hn3,50,SF
W9tdtW78,65,London
Fj0oPn59,40,London
CxDH6Xjt,31,LA
wMtjfLEx,51,SF
5GKg77X4,21,NY
zcqEUZLF,18,SF
jwUDWCR9,19,SF
FN4XRsIR,46,NY
LtvCvHd7,26,SF
s4NnnNkJ,45,Berlin
HIalQCcl,50,LA
LIegXlu6,40,London
49PqOYeS,37,NY
7tivNAal,48,London
0b14re40,65,Berlin
j5k6ENVE,63,London
xJo1lARD,62,Berlin
49yidELR,43,London
aaYj1GVC,48,LA
oCXitLQC,49,Berlin
5t5Lo8RF,68,NY
dPAEsmBS,64,NY
2cOyc6py,67,SF
HY5zzuIs,52,SF
Qyy8udjD,32,LA
apDV7MSp,32,London
CN8DA2e2,54,London
jx5cdlNI,62,Berlin
3wlbgIZE,42,LA
I1lZZQa1,37,Berlin
d9GwZZgy,65,NY
7DyYAGIi,39,NY
zWznc2SE,37,London
7ag94aba,32,SF
OBSGZfx5,47,SF
tGxuXGVN,31,NY
StMWUIbA,58,Berlin
v8fEkPU5,38,London
zbn7Jivl,67,Berlin
i541FM1Z,34,SF
1pzaOsjt,22,LA
OVSHzuOJ,32,SF
9mrRGXiF,60,Berlin
NtaD9JjA,44,SF
wHUFWUU9,61,SF
eLDF4Msz,56,SF
CGqBEoYE,37,SF
AyoClecg,58,London
8JDlE4rR,52,NY
YSyq2hfU,34,SF
pha2mMz4,26,SF
6MIcRWdc,60,London
VKAtaoMg,63,London
F5IbZQ8i,59,LA
m1lFupJk,21,London
o7sXZsAn,33,LA
zLGkDpan,33,LA
4bdXQZoZ,46,SF
WHnCzt1U,61,Berlin
qMPGcJ46,49,SF
4jdyzttb,49,NY
UNbV1Jv9,55,LA
h6UOL8z8,56,Berlin
TWUtnL7O,57,London
6LCdgaOv,55,London
cfyDI569,56,London
zrfHisBQ,58,Berlin
qTIDpC8c,33,London
UW8NRdHo,62,London
ynfycmPr,32,LA
ZFw6uSUI,35,London
TsdLCcnP,21,Berlin
OnIJWqOW,54,London
mc9YHFP7,57,SF
o2QRERGA,21,LA
NfblXOoV,34,NY
w0C85K2Z,34,SF
k5WTBp09,51,NY
4dn30NoH,65,Berlin
j8p5gcRX,36,NY
ZtzWFFHQ,39,NY
1ZZ5pZLL,56,London
zAKwhy4m,60,LA
dqonso5W,18,NY
FFmy2Phi,35,Berlin
nqIKJ6Dw,56,Berlin
uE6PoXCz,45,Berlin
avo0RuG7,30,London
HNWOqWqG,52,SF
3wip6fri,26,London
4CYvaJTa,34,London
JWqF5RDg,51,NY
Epuuf3tp,32,LA
vv17Q73K,26,Berlin
JkqDxeHM,56,LA
uivFuINy,36,SF
BGxO2mMA,28,LA
uuOEa37h,41,LA
CKlKRsNi,38,SF
PZOUJQ0G,35,SF
4eR9ljHp,43,Berlin
Gw45OqNu,66,Berlin
dYJHuNQL,21,SF
BrnSbZ0w,19,SF
NJiTXEHO,34,London
xQDcmGu3,69,Berlin
nBZv5dXW,18,Berlin
3PWUWwys,30,London
CovMktST,27,London
00QwqgZq,34,Berlin
SiM4n3gr,38,London
wobv2sLj,66,Berlin
RocMkFCs,60,NY
GLhG0yrr,26,Berlin
TrWU1CCd,48,London
SrnbX6Oj,52,SF
NyHQ4fq7,27,LA
KHmDMiNL,66,LA
yrlsE8NJ,65,LA
JqpKbGIv,65,LA
kp7k1bDP,32,SF
h9F4Lyej,62,LA
tJcfRUbt,19,NY
0R4AVWhn,55,London
XmeNebuw,20,Berlin
29jCseuA,43,SF
fAONUzm7,50,LA
vlXjUL3K,66,LA
Ue3IlWhW,41,LA
FrArPAab,50,London
7Jh52ymD,47,SF
xLSqRlkv,60,NY
KQosTYW8,21,Berlin
ljAW8wxc,60,NY
g77wAzCa,62,NY
opQUdZOA,39,LA
uRGkNBZP,66,SF
Mvcm67rs,37,LA
8Nqg8eKu,46,Berlin
Ngp0SFRk,38,SF
qVy9dJlb,62,NY
EHHiUdBQ,34,LA
Dyz38fQg,19,NY
mINUjhFH,51,Berlin
U1rExg6Y,39,London
smgwtGcn,67,Berlin
0N77RuuY,23,SF
vgkY6Uoh,42,London
RRjunddq,19,NY
YOUgfz24,60,London
5z8CLN7C,34,LA
fRHMwfEq,26,NY
qHq7YBeW,37,London
O5W1fgTO,54,Berlin
49rizZhC,69,London
IBvHOOyb,32,SF
QWgNQB1P,43,NY
vc8EFz9g,42,London
MMPa2gnf,48,NY
IyizC28E,47,Berlin
8NtzOfNH,66,SF
KhkTrqnx,27,NY
eMrY7R9h,55,SF
zgWg41FS,62,Berlin
sz7T6mAs,38,NY
cyP36flz,65,Berlin
4XB26aIP,41,Berlin
xfHhFZxU,51,SF
IcDIBlQd,45,Berlin
WYZCBh5Y,69,Berlin
8FgFus7s,54,London
5JlGZZfC,41,NY
fi2xWAlP,46,Berlin
nzUoVUNP,34,LA
sOzMpYSH,56,LA
rfz4S6PB,41,London
2UESJpSY,34,Berlin
r8fg6Eaa,54,London
rTe8ruKu,23,LA
vkKCuRbR,59,NY
79HJ4SHA,54,Berlin
jvJcTzP3,63,London
UD4Osprv,48,NY
2pmC2UWN,37,London
VOs8gZiC,63,NY
ohAyWogf,19,NY
WQGK4ISE,58,London
RZlPl6eO,35,LA
SxN030Zd,67,London
B1mhLjso,39,SF
55sr470F,58,Berlin
nCmjHCy0,54,LA
Dih0qhv2,43,LA
DLzBs9d2,67,London
11z49XtL,29,Berlin
bQkjnWO4,23,SF
DRpA8xfJ,34,London
MwIDeWkQ,31,Berlin
cS9ZYK8A,27,London
fafgNdax,43,Berlin
0CAhNIGW,68,LA
xld0VJL0,20,London
t6cjNvGQ,59,SF
POaDfRla,63,Berlin
GYbXh5jC,32,SF
cPrxjoBq,33,SF
GgkGSKYj,55,London
LMd7gvEM,31,Berlin
2l4a1zcZ,53,NY
c98Isrzc,30,SF
xQpgYa5Q,44,Berlin
IWFslSb3,25,LA
Z7cJXNMW,40,SF
piUBs4oW,58,SF
r4vb5WlZ,28,SF
345NxrRK,22,LA
1fOB7p8B,22,LA
igMmKst9,42,London
qjHQ30lT,35,NY
fB48xW8B,65,London
dvX46cio,68,NY
eDT5K3Ex,41,SF
QdpTFY7k,26,Berlin
G01ARoqr,60,SF
i9aG51nU,28,LA
La97OerI,31,NY
96Tx8PZw,59,SF
CvT9VqGx,26,NY
8eeIpeeK,22,London
XlxlYtKC,44,LA
L1E9TviK,28,LA
wFJdxEm4,45,Berlin
b7Gj8tyr,26,SF
DxQtrZ6Q,30,LA
BMoIHa4q,36,Berlin
xMA4gDDY,25,LA
j9DAiEyU,21,London
yDHC3yaZ,61,SF
M3QhVt2o,42,SF
FVYUYgKi,24,NY
6APbsZmm,44,Berlin
b3ASwolg,57,London
eq5NyPdb,68,NY
kjO5fgAO,40,London
MBJEaUda,57,NY
5NUvUUy2,68,NY
WffyYNhY,46,SF
87tJl4zt,53,London
pwNTOFlc,27,Berlin
INQFS5xj,49,Berlin
PUSKKjVH,64,NY
gZG5THjj,40,NY
f6OOBcWt,57,London
f65oVLMF,64,SF
lh1EVPVd,65,SF
UipXuy87,41,London
NvGFJIRs,38,London
w6CfrM5V,56,SF
cnGbFrNQ,57,NY
e931R4eD,46,SF
bX3ECNrS,62,LA
jYqKkyfN,62,LA
UoFV2STW,44,London
mH4fUIuf,51,LA
1apkiQ6i,43,Berlin
28MVmYLp,69,LA
R6X5FtEE,32,SF
7x9npKjh,23,LA
dEDEUhRe,42,NY
8SpZHLf4,35,London
igGm8vwG,24,NY
yHRBqkuf,19,LA
Ppw8uAuu,51,NY
qtR8yOVO,18,Berlin
y5Q0MYAm,63,NY
isH6sSpF,19,Berlin
wnNDNzAp,59,SF
qY77KUvg,53,NY
XaOwjbiK,21,LA
bqSVqD7V,45,SF
6bbBDxkD,40,London
n8qKokC5,56,London
aVS8oeBt,37,LA
2QvwkNqz,54,Berlin
jTKIewE2,61,NY
qg8pcvNc,29,London
FGpIZqNO,49,NY
yt8keREP,55,SF
uATUOwa4,48,NY
Jq2aV5w8,35,London
oxRkO3d7,46,Berlin
1U9krP6k,51,London
Dc5sWYr9,68,LA
jdQCBppF,46,London
NAn4k803,44,NY
t4xBPOqA,48,NY
JIwkpAup,65,Berlin
TAFLAowk,51,London
ThIokctL,34,SF
mSfyCZeG,37,SF
b2xNMKb6,48,SF
HBXw9HME,48,LA
ZQswNngx,56,SF
r42JMvxu,38,LA
7T37xQ9M,24,SF
vgbfchP1,49,Berlin
PiZKby0O,29,London
AbRXdy27,40,LA
QpNELIsy,60,NY
LWwbwXq7,66,LA
O44XT9Bn,60,London
e7kHrjxn,57,LA
A7tqvhMy,23,LA
yQRIK89M,49,London
DCXInRpH,55,SF
wa6rn7uI,32,London
4io91jvv,43,Berlin
8tw3VPE7,37,SF
bB2rAGaZ,29,LA
j7BAbnVk,58,London
1k7iIBn0,62,Berlin
tMsf4ggl,64,Berlin
alGXenbj,64,NY
qSvoEuhR,43,Berlin
vPnNWPjB,47,NY
rpLH7SDP,46,Berlin
3mTDU57V,47,London
xo3pKvR0,30,LA
6zVLdBCN,58,SF
50VR3j8h,60,Berlin
yySnSFjJ,39,Berlin
OE1Ab1M7,60,NY
u9qrreO2,58,LA
BQeRt7Oz,34,London
crq38Q9G,40,London
rlxyvLzY,42,LA
6lZ4h2cw,23,London
t6Pw7ClP,54,SF
ZGsa6OxG,43,London
8fBh20jb,38,SF
CikkTz3n,52,Berlin
mZHNqDP9,23,London
I7lNdaHY,39,London
1l5AhN0e,34,SF
hnrx3wsg,28,Berlin
Tp03MGWl,21,Berlin
oWoYIVdB,61,NY
uRIxfPx1,27,Berlin
tMdIg4Ao,34,LA
ZdtCHGFm,55,NY
b7K8Sb1O,35,Berlin
chjJUdJy,36,SF
2msauJ5j,39,LA
RwujKNuD,32,NY
UwVVE5lj,61,London
8JkWvS2U,36,SF
zKrpESyw,42,LA
W1U6GvuN,54,SF
3VRNZzJ3,35,NY
Vr1M02M8,29,LA
jufhNd4v,49,NY
D2908hof,43,NY
uxzjO2tq,43,Berlin
J5rDIYDM,64,SF
VVF4CkGX,59,Berlin
XdNMjS0u,45,Berlin
8jhcJ69v,42,SF
M1V2Wh5Q,47,LA
WD0v54ts,68,SF
0JohFj5Y,58,London
ZsyRS0M9,55,LA
Di1UWnUe,31,Berlin
djA4k3na,18,NY
jhRSm4Bk,50,NY
EKmQfPsq,28,Berlin
ERZ0vJWV,52,LA
n62wB4Wh,38,London
l2djhq78,39,LA
DtLVUV19,22,SF
LmrkP9dO,57,London
sRdYr4A9,35,SF
MbkmNPUQ,54,LA
ARe6L1th,61,Berlin
WL1dKWQU,46,Berlin
u8YScuA0,35,SF
OjM6Gx15,29,London
FeyC80q4,38,SF
GzE8yx3I,57,London
5s6IiHNp,47,NY
WkSTQKDM,58,LA
v8mfwFwl,32,Berlin
IECk8AMW,52,Berlin
dC6lpXhj,64,London
FBi3LYND,45,NY
uLVqRyDP,21,Berlin
B4wpNaDv,45,SF
suXlak9C,47,SF
AuNYeXxo,65,Berlin
AnQrayzg,68,London
kBXAXZcV,67,LA
vcodFXwN,44,NY
ojEAeP3m,33,LA
ctpThNgW,49,NY
gjz7IyR5,29,Berlin
SAALZh2w,61,London
XTRa5tLs,53,SF
hAGvODbO,32,SF
nHeSqnPd,36,SF
cxqB3f8S,35,London
9Evs36Vm,43,LA
4qn09xPt,28,Berlin
ZK9yT5Io,47,London
qhtIhLHs,45,Berlin
6QxOQwEn,40,Berlin
J7f45PUo,32,LA
5dr5n4pk,65,SF
wdY14i6q,28,NY
IzNTQwZq,60,London
RsYMys4s,38,London
eghNaL6o,62,London
nlyEOVhJ,56,Berlin
5e3XvPoG,48,LA
0OqaVjeB,32,London
YOKueNru,34,Berlin
f3GUImpy,42,LA
tLCOHZu2,41,NY
ee6TJfKu,62,LA
OsEPWeR4,53,SF
fspf8f3c,50,NY
zmyBAhzZ,61,NY
li5mEJGQ,21,NY
bWetoTmJ,18,Berlin
vM5FerKE,55,NY
0LcLQ45M,28,Berlin
c0Q9ER2C,38,SF
XCjzNGlN,42,NY
WrsvCtuN,67,London
TSMkBMRj,45,Berlin
5az61Wkw,67,Berlin
3CCLbVwt,69,LA
Mc8V8WJD,23,NY
UYZDS3fM,63,NY
vQsf9XcY,23,LA
CGHrYNXH,39,Berlin
PJJQf1HL,32,Berlin
dXbioib5,50,LA
FZwSdV37,34,SF
6WPzOlbk,29,Berlin
5HecETtC,48,NY
rKtm33mZ,52,SF
ElvuuHqF,51,London
Xwn458Fm,49,LA
h21QrR98,40,Berlin
K2Xa0hEG,55,Berlin
yri7YAaR,22,LA
IgBO5nUd,57,Berlin
9Dfqen1R,19,Berlin
boqe17o6,48,NY
6tIcV1yV,29,NY
xaKSaJ29,56,Berlin
9NsaYVyp,63,Berlin
P9WL1mi5,59,Berlin
oQMpZkmS,37,Berlin
M3fGAxUc,31,SF
99tM9KA8,28,NY
yMTTFb1d,48,Berlin
zwQNWOOV,68,Berlin
icoWc3yG,50,NY
1dbvHZHC,43,London
f7kcuKSG,19,Berlin
QNEAbnf9,48,LA
HmsEM8xi,52,SF
Uine6HVq,44,London
JhQKaSAs,22,London
t8gDUDfS,28,NY
iltgq77A,68,SF
xCbEq34e,56,LA
U71UnSo4,45,SF
U7JmSazQ,33,London
0PsLwEMp,69,London
4OOtPj1Z,57,SF
7MPNXlYD,43,NY
i39BvyOL,41,NY
5eU1cb7v,21,London
tTyMa2LD,29,LA
4bIIvBUD,35,London
ih6jtzwZ,31,SF
jgR99jaz,34,Berlin
W4dhE9Te,61,Berlin
FmXADdvG,58,LA
qjdw4qql,33,LA
PmLGvO1t,59,LA
YoX8bTpQ,37,NY
YPw8ipe7,69,London
H2M5ZtpE,60,SF
0bFjRTn5,45,London
he0VvKH6,58,SF
KcQH0xOw,18,Berlin
AsatU6nD,33,London
TgAF7uql,21,SF
dpM9kILx,49,SF
67XzMb8o,46,Berlin
pJCEcVei,25,London
qVhPnENc,19,London
FH18x8Er,63,NY
vXYF2Nmc,41,London
vFbM3s04,58,Berlin
