name,age,city
VklJ0AkL,60.0,London
hu0A1aYf,51.0,LA
wCkG3K4k,,NY
BUiT1TZY,,SF
Q7jNE4ep,42.0,NY
5j5xnMoe,,NY
8uzdoHrE,41.0,Berlin
c0tGPTpv,59.0,SF
Avd7vzf6,,Berlin
xInqnPsl,64.0,London
Y7GZTk5w,35.0,SF
UR1snQeq,29.0,LA
1YFJo0AD,59.0,NY
wqeSyhkS,56.0,NY
3lLneXac,32.0,Berlin
VD6Txgbl,64.0,Berlin
kG8CB8yR,29.0,Berlin
z3iflG3j,46.0,SF
aOe4Q2ZC,,NY
gwmHJ4ZV,37.0,LA
qzd4UFOJ,32.0,SF
boqLwRD7,20.0,NY
yxSboyHP,33.0,London
MOgR0uI3,,London
iV1PeCDv,24.0,Berlin
EtWFLK8o,66.0,Berlin
ZIZ6irsg,53.0,Berlin
DiNFeT2q,,NY
4o5ChBri,32.0,Berlin
ywWX9FOv,26.0,LA
2cQ0TXYW,34.0,LA
8VtC9agO,50.0,London
85w4eTrN,19.0,SF
La3TWxeM,24.0,NY
YSX696wK,48.0,SF
w0MnezWE,31.0,Berlin
4UGou0fS,,NY
TidypcnI,,Berlin
gBXrxM2R,62.0,SF
B4fY5C1f,,London
sATOjp5v,62.0,LA
eI6NmSiC,,LA
1XTVOeiE,41.0,LA
cj1IOgtI,,NY
m4G2LHcC,35.0,Berlin
34iZUhAG,,LA
SLjIeklu,67.0,Berlin
ndDPwYKy,61.0,LA
mUTUBm4f,18.0,SF
YJPm6kT2,49.0,London
SOnUG9eF,33.0,Berlin
lTK2piq2,,NY
bY50srGH,50.0,LA
OI7Y5kWy,24.0,SF
3hl4qFgT,36.0,LA
WGWr3nQ9,42.0,London
5UHm2daz,22.0,LA
b6kdcDuW,66.0,London
FqCp9pA1,27.0,Berlin
2VEQAAkb,,London
C3vWQNgr,41.0,SF
KdeFNVXi,63.0,SF
bL9UCBsj,23.0,Berlin
oOpZNkJ4,29.0,NY
cvndbvOo,37.0,SF
dlV3VOKi,43.0,Berlin
JaaWK0BO,29.0,Berlin
U9CIA32J,50.0,SF
FRnjidDV,29.0,Berlin
pJf1SPB8,55.0,Berlin
6vwCtP4f,21.0,LA
Nl4pBPeT,34.0,Berlin
zBy0c2xl,27.0,SF
68NFO8tp,36.0,SF
rWTqviOW,60.0,SF
0UBM39yo,,LA
IEiXy2X9,54.0,SF
vsUqcjm2,,Berlin
W3RS6FJN,63.0,London
c90Zcfjs,62.0,LA
4CyCCSt6,19.0,London
wNlN1dyK,,NY
V7aGk5lp,55.0,London
arD5V9J6,,Berlin
IpBWqJAB,38.0,LA
NpMGZHq0,40.0,SF
0DTFnkfc,50.0,SF
WIHH10Wi,43.0,London
IZ33YOEz,69.0,London
6QJHeTAa,,London
gTn7sMZk,47.0,Berlin
vrObdbwl,21.0,SF
oadgTiBb,23.0,NY
60kgLW5a,,Berlin
2jn8oVpV,37.0,SF
JclKHgf9,54.0,SF
DAaC2Ogu,32.0,SF
wndPrfpr,57.0,SF
4UHf1gcG,66.0,LA
dGALJ2zN,40.0,SF
C9UVWfjo,59.0,London
upXyJJLP,26.0,SF
Iqa6bX2U,,NY
c18ks0Zs,,LA
KLfDCSRl,51.0,NY
QCkeK0Rw,44.0,NY
ij9BZsej,33.0,NY
xERPg6eb,21.0,Berlin
DoSYN8wk,45.0,SF
Xcw7F5Gl,34.0,SF
iryvJwaw,58.0,NY
iLi3ZjKi,29.0,SF
XOodDLLk,22.0,Berlin
doNMmZn6,52.0,SF
jTq5nrxj,55.0,SF
IyhFDzME,,NY
vJFLxfDO,53.0,LA
ZZAkhBsE,,LA
OhHtvmH9,,SF
rjO7r3Dv,31.0,NY
wfgyAL1C,19.0,LA
zJmAgC1j,45.0,LA
NgwWnYHP,38.0,London
0oXetr3A,32.0,LA
cCA56NbR,61.0,Berlin
DYGtLECt,63.0,London
u8rXko5r,,NY
69DRwRZx,27.0,London
FIAfVZTv,43.0,LA
vLlesm4R,52.0,London
Y5DH2hei,51.0,NY
NLHoVJnd,19.0,SF
1p4mjPKT,48.0,Berlin
NO0d6rrp,60.0,SF
MMi0AX9q,61.0,NY
URzEl5tG,,SF
0DuCFPlv,61.0,Berlin
SHUomqJW,,NY
Ev4uCPdX,69.0,SF
KSzD5WY0,69.0,Berlin
U78BL7vE,63.0,London
IXKtHQ4m,22.0,SF
LvJCu98T,36.0,London
eIlrbRVA,47.0,LA
an9GZNdp,,London
dcifJi5Z,64.0,London
0e9RAiAO,69.0,LA
D001UESI,,NY
ph4nzh6S,,LA
MBoF6fh6,29.0,London
o9IlBD9X,25.0,NY
BoyTyRDI,32.0,SF
Ga3QtC94,51.0,Berlin
ERlNGVKd,45.0,NY
47Z4RaFJ,38.0,London
MdCVKe9V,34.0,SF
VwGn8wqt,59.0,NY
zQujalgg,35.0,Berlin
8nQNk7Mz,,London
XYfTVz3h,41.0,LA
iIBXoTPn,29.0,Berlin
057bIZFC,18.0,Berlin
SS9zAK4K,53.0,Berlin
MhJIAsG7,49.0,Berlin
WhWLE8fS,22.0,SF
yUICmwcb,43.0,NY
aRkhTuKN,20.0,Berlin
TpvUHAJf,50.0,Berlin
ZHPbMDlc,56.0,London
yGUd8C1F,37.0,LA
WZglysYI,,London
P672Gagz,55.0,NY
PGPCccBs,,SF
vYbC3gAC,,LA
WIsh66S1,60.0,London
SpJefr8t,25.0,London
aoFJju05,60.0,SF
3eaVrdF7,,SF
BrKgatMk,26.0,LA
3zDEcCGB,36.0,Berlin
vQju4nX1,43.0,SF
yLQAsWpx,69.0,London
aNraIpTy,22.0,London
6e0icOXt,59.0,Berlin
giaqHrZG,62.0,Berlin
40uESNx8,42.0,SF
cGw03oHq,22.0,Berlin
vIhzPWCK,40.0,London
iiaJKnUH,52.0,SF
lwVH0bPn,66.0,LA
J13HaoWw,49.0,NY
skAUN2p1,,SF
XZ2WOPAf,66.0,LA
3lGE3oCJ,23.0,London
v9pNBUtY,31.0,SF
uKcdfMk9,58.0,SF
HvaQWCwE,46.0,SF
Xpx6GDKK,54.0,Berlin
rcm86Zld,39.0,Berlin
Aw0m1HMl,37.0,London
GQCllxJc,,LA
WCNGnwYP,,SF
vbDwV3tJ,65.0,NY
dvJFNXa8,,NY
DdnruQKq,51.0,NY
KX756XkC,,Berlin
N0k5cz6c,45.0,London
8z7yAShR,,SF
gcezweyb,38.0,London
4xHoPz9J,27.0,Berlin
csMN1srg,68.0,SF
JYEX3So5,53.0,SF
BonnzKfU,30.0,London
Ccjzx6KU,,NY
fifyMmM0,51.0,NY
VxBpqGGi,,LA
OFoZHA7R,23.0,LA
5lQ6Yc1i,65.0,London
C1ZLHIgK,32.0,SF
1yoTx2Zw,63.0,Berlin
hZEyMKWB,62.0,Berlin
ex99ysEf,,LA
kyBOxCsv,,LA
Cvn2Nj1o,,Berlin
L60TJxgf,18.0,NY
lYzfiL4v,,London
zVkO4Lc4,,LA
BZW1wmUO,65.0,LA
stII4Auu,35.0,Berlin
16fAI9Zq,27.0,NY
XUhO1rLm,37.0,Berlin
Q37AlIPi,57.0,LA
DukPzk13,23.0,Berlin
lWAcTyC6,66.0,London
PB25sstA,54.0,LA
bsnPfjqP,39.0,LA
oXPpE8aS,21.0,LA
gMoqp5oj,21.0,LA
Nq9RD9n4,36.0,LA
KDHmTKH7,46.0,SF
63rJyCTf,,SF
f6agujJv,,Berlin
aeMAsA6o,30.0,SF
UAf9Ih5m,56.0,LA
NOpCahsx,45.0,LA
Q3qjo0dU,47.0,LA
kmK06HcC,39.0,SF
0UoVoEGp,67.0,SF
Hp9vaBcY,,NY
brkCanAP,35.0,LA
EpySvuz7,34.0,NY
fv0L6beG,,NY
fbDON5CF,45.0,NY
M1u5XYIo,25.0,LA
eQKRxhN1,49.0,SF
eoqu9Evf,60.0,LA
G9SZ1rsk,,SF
9pYqz9zV,25.0,LA
476XtaCk,39.0,London
Lrojb9vr,57.0,London
iggzQJ7l,,LA
dnMWTyuZ,,LA
jfk9r6sS,48.0,LA
rggKNoKo,68.0,London
KSwwUg6Y,23.0,LA
V0XzIqTd,21.0,Berlin
CiMTZNWV,24.0,Berlin
zYDPikmS,51.0,Berlin
AHwPyjgs,44.0,LA
MZztycwd,19.0,NY
UZyDsiAl,31.0,NY
Rnr7PvbB,,SF
Yrf8HUOc,46.0,Berlin
E24L8e0B,,London
pMVUHS4z,,Berlin
cSqQ34J4,22.0,Berlin
zWLUsWXK,61.0,SF
6dfs60FF,,Berlin
CntCNmwi,68.0,NY
fke15MsD,33.0,London
MTY4DDCd,61.0,NY
JV48Uap5,23.0,Berlin
g80Ekzo8,18.0,LA
i5sjicGy,,London
lFyc4vwc,41.0,London
wYt8n5m3,28.0,SF
Msx15ExM,60.0,SF
QZrhlLuH,58.0,London
Rl7XaIAB,,London
yhUhCtBk,46.0,NY
C8Ue5gxS,49.0,Berlin
0mlJtrz0,38.0,London
OdVeuzKU,57.0,LA
gMuQMBXA,50.0,Berlin
zQrLD1fz,,London
sSs2FfBs,45.0,SF
oy8OuGmj,61.0,SF
rjWjxzaK,53.0,SF
q5gyvSla,,LA
KecOr2xy,29.0,NY
KMyEqUTl,63.0,Berlin
BFtEWqhR,50.0,NY
gCaDfISw,,NY
vNpmLRNa,22.0,NY
VxU3fc0J,,SF
utQL4uQ7,53.0,Berlin
YwvlClrB,41.0,SF
66bWSFFS,,NY
6Kb3zPAC,67.0,London
AkijZKC0,68.0,LA
VmhDdQVo,67.0,LA
wD9Akp6c,69.0,NY
VlvhnoxW,64.0,SF
Ac14UHgv,38.0,Berlin
hnRmeAA3,47.0,SF
q2luYtXs,32.0,Berlin
AOd1es0q,26.0,London
UkNuXoOa,49.0,Berlin
MzzPs9XC,25.0,Berlin
UGzL1jA5,,London
LuEk01ic,44.0,LA
lAKQiFO4,59.0,Berlin
LGkAm5PN,,London
2EhD9TfC,,Berlin
mq0ju1UL,28.0,SF
NH7ZiPmJ,38.0,London
RHzdo1Mg,68.0,NY
pKjQrjP8,61.0,Berlin
MtFxJMtw,56.0,Berlin
6gjYoVyu,47.0,SF
eRnNkof6,50.0,SF
RTf1HlbO,20.0,NY
vJg9ZfcG,,London
H3LzvKzB,53.0,NY
6Lc4kb1r,40.0,NY
0c5XWSCC,43.0,LA
o8zqpqIQ,27.0,NY
HJwPzoRM,55.0,Berlin
8cSq3QOq,53.0,NY
z3XApGpD,40.0,SF
rthzTV2S,25.0,SF
dERRENmN,31.0,Berlin
HmQdQtCx,41.0,LA
qhDWPzoI,35.0,NY
2ec2L7H0,,London
UeU2XoBA,54.0,SF
JRf9B1rM,63.0,Berlin
zYoDpfOZ,42.0,London
ubp7Fr7x,64.0,NY
1opcrW1k,37.0,NY
IcV5zfBb,,NY
NYOlHreH,34.0,London
IbtgoYD0,21.0,NY
94dqSudP,,LA
qvJuOtHr,37.0,London
9RiqIQi8,62.0,SF
VK46qyzI,,LA
7BYUmlJg,58.0,Berlin
qXDM6vZK,34.0,NY
2ghYcfSv,52.0,Berlin
gtGVymsX,58.0,SF
DOB0hYq4,,Berlin
LdeF4iTi,38.0,SF
JLEdkBXL,60.0,Berlin
EuzZMmB6,69.0,SF
FsG7kJOU,38.0,London
4FbUv5oT,,London
D5DlHyJo,54.0,Berlin
75Wy8Ur6,35.0,LA
S24BE6tF,,LA
3U0v2lri,36.0,London
YfFqg3wU,22.0,NY
3nGdc8aY,61.0,NY
vo7CKxrF,,LA
CMgXgf7f,23.0,Berlin
qafY3OuE,66.0,LA
6J3ANzg5,31.0,London
LRia8CpT,20.0,Berlin
YJo7GjB2,,London
hz1eJ7Ke,48.0,LA
SePP6EYx,62.0,LA
oenfYnO8,67.0,London
OKa4V8xE,27.0,Berlin
XoXqjemE,48.0,Berlin
eT8y7J25,68.0,SF
85cIWczY,68.0,London
CSg8ZGBy,34.0,LA
X6FUP0nz,56.0,London
NNlcDg2x,57.0,London
OaOfrQFj,65.0,NY
6jaAMR2V,,SF
Wr1N8LVO,44.0,Berlin
GT1AwICr,33.0,NY
17gtWVJG,69.0,SF
vN81nQnh,58.0,NY
I1nMrwYv,62.0,SF
HjWMqhHP,21.0,SF
RF7nQF2E,59.0,London
mf49CPWK,44.0,SF
tjP7DPM2,26.0,LA
Wnn1IgVs,42.0,LA
ZgkZrwS6,41.0,LA
Z0plXtzC,45.0,LA
bFeYuN8c,35.0,NY
haKTl9dZ,61.0,Berlin
lAYBJivh,43.0,Berlin
Ho9mgkci,27.0,SF
3TV9Hb9B,66.0,Berlin
KHQxOLWW,61.0,NY
8MhguxsX,51.0,LA
RDu7Q2Lc,,LA
8QusvWOb,55.0,LA
mdjUpx2K,28.0,Berlin
Ew8n2b5m,31.0,Berlin
aKFFtHOq,63.0,London
BeDFCYmI,55.0,London
AGoePRx8,,Berlin
DnKnjftN,34.0,LA
fciDT2sJ,66.0,Berlin
JMtjCdoj,34.0,NY
TTZLRUUa,,London
kMKtiLum,,LA
mzaOnMXL,59.0,London
R96Y82pO,63.0,SF
3UWwseGI,50.0,SF
Wr4JPiA7,,SF
5WJSd4nE,67.0,Berlin
RIeqelOY,37.0,London
UnPrTwAp,49.0,NY
88GYkrsx,20.0,London
IbjpcPaU,53.0,LA
50BnBXFb,22.0,Berlin
ks40s5Eb,37.0,London
YXEqP3br,,Berlin
rbmCd4UV,20.0,Berlin
JOMCfVHe,53.0,NY
1VlqUw30,23.0,LA
exU8Y2Mk,56.0,NY
dhx6JMui,53.0,NY
oARoqpTJ,41.0,Berlin
sDNe0OO7,64.0,Berlin
CXVQZ9mg,55.0,NY
pgzHeMli,54.0,SF
QIhkGnwm,25.0,SF
IvBwV0sm,,NY
XOp3qwPE,66.0,Berlin
8W8eEa6X,33.0,Berlin
gPOGMD5n,60.0,LA
ZN0WvOB1,18.0,Berlin
1xCdnv3l,,London
ifE9lFfV,62.0,London
JUzhpEJi,,Berlin
gbpb5dp0,27.0,NY
4x3iSi0j,39.0,London
Rbdoh98G,,Berlin
K9dx9kZI,58.0,Berlin
ODsNx2RB,,London
3daTO1fn,21.0,Berlin
TLWWDeLE,60.0,NY
yzmTr3az,40.0,SF
sHARjbX9,58.0,London
29R8gci5,29.0,London
rbS1XfJD,62.0,Berlin
6GseL29H,25.0,NY
69fS5LPV,62.0,London
QMtrni6r,41.0,Berlin
HOleHjQQ,18.0,Berlin
hYGbg1dX,43.0,Berlin
ovqWOry5,39.0,LA
hugsvjdp,60.0,LA
3ZTaen3L,42.0,NY
EjivSIET,48.0,SF
90OQt78r,51.0,LA
Ftlll1iu,54.0,NY
15G2Y9nt,,Berlin
21Dk4JZF,21.0,Berlin
gJhBzQNS,25.0,SF
4MNcP0fJ,,London
bWVTzZuo,52.0,LA
LkmKNPqz,42.0,LA
OQTKrMSZ,,Berlin
DGYHea35,66.0,NY
ZvxzfLUz,,SF
33wrn70E,57.0,SF
dEaDdFTn,55.0,London
QPxIemH8,21.0,London
KlyLyVW2,,NY
PXg6xe9Q,24.0,NY
n7tnB5cQ,27.0,SF
RqXZfJ1P,23.0,Berlin
RGew71oK,48.0,NY
kglmdgVQ,21.0,NY
x6pF6dXa,38.0,London
Nv4hnORJ,59.0,London
PPTdj64V,37.0,London
erZtzeuX,34.0,Berlin
92M3XvxQ,69.0,SF
lcTAQxgN,23.0,Berlin
YdX5Ync4,,London
JFFTJ3UF,35.0,LA
bnjN5QHV,26.0,LA
1A0fo8Gn,29.0,SF
n62zUd26,48.0,London
Mde2BvF1,48.0,London
YSHGmk6c,60.0,Berlin
naJ0Xm5Q,67.0,SF
4Ey5gho3,51.0,Berlin
akyKmRbP,33.0,London
B8m5K7eG,58.0,NY
YJdYxhXW,65.0,LA
kcSyKf6f,,London
txhqsJID,66.0,NY
ctF9bgdb,30.0,LA
K3i8aCsd,53.0,NY
HPduPvfM,30.0,SF
Np4JYDx8,61.0,NY
nD4i3tVf,19.0,NY
XCocro8u,66.0,SF
hpipoDnN,,NY
ys9h2FX8,30.0,LA
tenSUlXD,51.0,NY
oga6mmTH,43.0,NY
2nQZ90I3,23.0,SF
AjOfM9a1,,LA
GPCu8EY1,61.0,SF
NsxOxOce,50.0,NY
1YM8HwJR,,SF
uPjixPcs,52.0,SF
q9GTcYqk,45.0,NY
S5weNEka,59.0,NY
T5dZdvrx,23.0,London
8cUCHkwm,54.0,NY
JyfWX80B,57.0,NY
RcaD2WNG,23.0,London
EU3LNuDE,28.0,LA
L5ixe7Lw,31.0,London
HnowoHOJ,38.0,SF
m2DMJ71E,37.0,London
eesWVlsR,,London
nTXSY7Kk,,LA
0oePYFW0,,Berlin
NpKrA4ru,47.0,LA
mNbEkgvJ,,London
Ubxxbkp6,60.0,SF
Y1qLGfJD,55.0,SF
8KHcPFPL,44.0,Berlin
9QRNWlcz,22.0,NY
keIQfVeh,22.0,London
eSMZPwfS,65.0,NY
0LkQJPef,57.0,SF
vsOWmPqD,32.0,NY
aw9O2Fvz,64.0,LA
tB5rA1qt,26.0,LA
siagXkJQ,,Berlin
XRVgkwCe,42.0,NY
6k60T4bl,,Berlin
Y2WNipov,,LA
hy2Ja2iD,56.0,LA
2B0WArfA,49.0,Berlin
s2bLG76U,,LA
YwSFc0Qo,,NY
ylN0lzlG,,London
mdZLxBA9,18.0,London
2HD8Bzxe,64.0,LA
hMneUfVz,,London
2JSkPtjd,24.0,London
XzLXNL9h,32.0,London
onJHaLF8,59.0,LA
M9b60sVQ,23.0,London
1JJD6ozC,33.0,Berlin
RqzSCJ5B,,Berlin
8M1VfFk9,,London
X9JcCSmW,34.0,SF
npbJ6Mwl,,SF
0AZrWGFc,46.0,Berlin
gAOe7XFt,59.0,Berlin
RpGdk1ew,25.0,London
d8lf9a2E,28.0,LA
WqubdHgW,35.0,Berlin
58I15t9r,62.0,London
bC7042MW,,Berlin
uLbgtYJV,,Berlin
EYw7I2qp,44.0,London
3wzQwsNH,,London
EuUqpQ0Y,31.0,NY
ZZZoXtMp,29.0,LA
OzR8Z3ki,62.0,NY
5CG2i00b,44.0,NY
5208vHcM,30.0,NY
8uFYkada,33.0,NY
lVTfmmn0,50.0,NY
vBv3USWo,,Berlin
3oLFWxK2,29.0,NY
ozRt4F28,26.0,London
UR15JfYH,30.0,LA
1OXgMNeI,62.0,SF
eWFExrZw,25.0,SF
OG3irpk1,67.0,Berlin
P9QRMGEP,35.0,NY
sPhxXYBf,,London
8WGjpecc,58.0,SF
E4uacmmI,50.0,NY
8DaZcEKd,24.0,SF
Unh0x56r,,SF
ibvPgCP5,32.0,NY
fvhSstGE,51.0,LA
Y4p0v3MG,,LA
D4OdiPmk,37.0,Berlin
TXCOCRdo,54.0,London
tTGMdQPY,58.0,NY
EMC7krzb,34.0,SF
0g6pbpP6,,LA
asijuYYP,38.0,London
SEZrHSIm,31.0,London
V9snCtsp,46.0,NY
4kQkIXnd,58.0,NY
ZFuWPNOT,64.0,NY
8Jl0mD9Y,39.0,LA
qZps8nss,69.0,Berlin
mY9LNft6,50.0,Berlin
pBSdC4gk,30.0,Berlin
MWLXaxxZ,59.0,London
2RuCHuVs,48.0,London
7ypGc5jY,29.0,LA
1NuysySy,49.0,NY
PpUHzZEx,,NY
KJaaYsrq,23.0,SF
WMNNZjPp,,SF
McSbzzGx,40.0,SF
ZBWBdHJX,24.0,London
GWjoLAln,37.0,Berlin
N6Qgqkm3,21.0,LA
wbvcsexS,38.0,Berlin
9bHI6Eot,61.0,NY
JXryKS5X,,SF
qI8Jg2Ky,42.0,Berlin
zamlglhV,48.0,NY
nBEXSNGW,19.0,SF
i6N9TK63,,Berlin
lNXGkA1z,63.0,Berlin
Pu4o1tmG,58.0,Berlin
Vp2lPSDi,31.0,SF
Fc2uJtnr,55.0,London
jlRL4e1c,40.0,SF
BkeqCuvy,22.0,LA
vYpy3OGM,69.0,SF
GlhyoPZj,36.0,Berlin
FGE1sOfD,67.0,NY
yCRZT62f,24.0,NY
UQptuyQW,38.0,Berlin
oURrSJJY,50.0,London
DTAPYZfw,37.0,London
n9OxkgJi,26.0,SF
7xxNUxI9,48.0,SF
dFMRCWbc,25.0,NY
0KZgdQr9,28.0,Berlin
EAWbj9Z9,24.0,Berlin
GZbAkxzI,38.0,SF
LbXJHjVa,,LA
GseQUc3O,45.0,SF
m5k5LTos,32.0,SF
B8ibUdqi,25.0,London
v8kqEC7B,69.0,SF
0mUL5uc2,29.0,SF
DPXYjXHe,22.0,LA
Hg5jMYZk,25.0,NY
6ITYiSXj,54.0,NY
aODyFhzZ,31.0,SF
pVxPFUrd,21.0,Berlin
M7C4pJ5I,44.0,SF
9g14HGPn,32.0,London
2gaDocht,37.0,LA
xaDmO1tu,39.0,SF
3SFlpgDL,59.0,NY
wYhH22uY,66.0,SF
6cS0qURy,53.0,LA
553LO3UD,,LA
aeDDdzEX,50.0,Berlin
gDE9jv4f,,Berlin
dJ16yBxr,55.0,Berlin
XVogwvBA,57.0,SF
3jcgAb8x,21.0,NY
7L11fjZF,31.0,London
SqycqhYy,19.0,NY
LTsVfEg3,54.0,LA
p8i9s5jM,64.0,NY
UbURvmZu,,SF
OeTtmRsZ,,Berlin
OrQ9iBvc,24.0,NY
iJi8pCag,26.0,LA
s3VZYX7b,50.0,LA
aKUv4qJC,41.0,London
kW11Vh1W,69.0,NY
tdTc0U4d,59.0,SF
5NAAbjqX,60.0,LA
1xFyrajW,38.0,London
gTW8Q4IV,61.0,LA
kzSwjwXi,,London
y9SX7nsf,38.0,LA
z25OGKtn,57.0,SF
wiuNPc9x,41.0,SF
gRXhWV2v,55.0,LA
PZAw0z8F,61.0,Berlin
OKmiXX7x,58.0,SF
8aiMgyEp,21.0,SF
6syE4f6A,23.0,London
7jbHefhf,20.0,London
h4rs1iGW,51.0,NY
h7c1poKM,42.0,NY
1ckODzdn,44.0,SF
4pfCUrTf,,SF
oYxd6xER,22.0,LA
hee3Dn9u,41.0,Berlin
AnnCiUu4,49.0,LA
kOAva2fu,38.0,SF
abaUzjXb,61.0,London
CikShT9a,51.0,NY
MNiCpPDR,46.0,Berlin
oxr03KZK,,London
paIZCNOA,,SF
I9v5b2sq,45.0,Berlin
cbrkiuxo,23.0,Berlin
u2pu0jLx,28.0,NY
oBAsinrP,56.0,Berlin
EVJhVQgU,65.0,SF
smKOYW0r,25.0,NY
nY7nFuVj,52.0,SF
lfBCq9Ja,28.0,Berlin
N78zbXNe,37.0,SF
TXDxpsim,,London
geYAOJI2,60.0,Berlin
ZTZWfwvi,39.0,LA
zLUDDU1F,58.0,LA
qjeeCwQK,29.0,London
nAs7Exj2,65.0,LA
xddYgdca,22.0,LA
YkmwgLZ5,,NY
oDEzodC2,59.0,SF
PymFHJiw,51.0,Berlin
rVHdlYep,47.0,LA
8TQoAwDC,40.0,Berlin
k51fE04U,53.0,London
GRHN4E9E,42.0,LA
Jd86l0WP,,NY
3J8QSYpZ,23.0,Berlin
hYOVcXCq,59.0,London
8N9L1Msd,46.0,NY
6NXeT2VF,38.0,SF
EmO3wio5,24.0,London
tw2rN54h,54.0,NY
zdGX97WR,62.0,Berlin
cMYPg15i,58.0,NY
kGeYZhGf,26.0,London
HiMKDQCy,64.0,SF
Js2VGHyt,53.0,SF
nDgrgQF8,18.0,London
IuwoRwS5,48.0,Berlin
8orqGMPo,,SF
nWH2qfzE,45.0,LA
r6WBAcCB,63.0,LA
CqhTYkDk,,SF
qKeIxY9F,18.0,Berlin
1p0ZsXC7,46.0,Berlin
DLPPrdJZ,27.0,Berlin
i00VvqgB,53.0,Berlin
22ATTV2i,40.0,Berlin
t1dLEdbq,,NY
kqL9KBIu,,SF
SUgvxivo,45.0,London
Rn6fJfr7,61.0,LA
qDYyFLic,24.0,SF
tYNk4jcG,48.0,LA
on6mWQkP,,SF
T5v9NyVJ,58.0,SF
6GnZxzXj,19.0,LA
kvWS4RqG,,Berlin
TCX1QNHs,,LA
6hfcN5Xu,62.0,LA
6MwVTYjD,28.0,LA
cMT891ad,36.0,Berlin
S53wBTDJ,23.0,SF
OhHKijEj,26.0,London
iuDKlQYD,61.0,London
NEc7rcAG,46.0,SF
EbWouT23,60.0,LA
i7tks7g8,20.0,SF
7CQP3KSY,67.0,NY
zYuRlaHg,62.0,SF
fNhWWhxi,30.0,NY
wMgmd9jd,64.0,London
jmscPeMc,68.0,London
YQpGnatC,,London
2ee7o5nI,,LA
gJ41WHYG,22.0,NY
lb4H9zWp,22.0,NY
ntAO1ESU,,NY
4Ttx3Hjq,67.0,SF
xHm6Y2M4,55.0,LA
P6JoqQWD,67.0,London
8PKav6pl,47.0,SF
mS67WAQK,45.0,LA
rZIr63Lg,,London
blToQKbv,,NY
UhfnlTlq,,NY
Lh76UlNf,37.0,NY
G458ApNz,46.0,Berlin
0zeg00zj,,NY
e6E66sNs,,London
DC6N7SJQ,34.0,SF
ujRIn7mS,,SF
BiXP5TnC,68.0,Berlin
Hw6j0koi,,Berlin
yts9VNTe,38.0,London
pipZbkfv,,LA
iG992MLd,,Berlin
2XozzEbH,68.0,Berlin
zJOkxTiF,44.0,London
Gfua7fup,23.0,SF
lpU9VfQe,69.0,London
O0OwlbGq,,NY
wMrdB9ax,,LA
XRknuQaT,,Berlin
0dXeOx8J,50.0,LA
5Yu9dwfq,18.0,London
MC3LOw9n,,SF
Fi96r6lG,49.0,LA
lRYZl4Kt,50.0,Berlin
B3NRfPXp,55.0,NY
I8c2ch0o,19.0,LA
Jwh3M4fs,61.0,London
mkK4Eldy,34.0,London
Y8lwPjs9,27.0,LA
1M6J6dJh,54.0,London
UzM2vYaM,54.0,LA
yqfCo7uE,19.0,LA
xI6cSd7C,29.0,SF
w2MbsWNo,54.0,London
xx005jvU,47.0,SF
GcU8xeEF,32.0,London
1Jxk2b18,40.0,SF
AWIiyBuy,69.0,NY
JC914mBc,35.0,London
jhOlPOmD,,SF
dDtAj1kD,55.0,NY
8kBDBUWG,46.0,NY
DAWLUodY,31.0,NY
70TERtwG,,SF
yUxhBkRe,,NY
HeF6Bh68,40.0,Berlin
vS1FF83U,42.0,London
TQX0wUMg,58.0,Berlin
ke1au87e,55.0,Berlin
Y3ZTUx8t,45.0,London
7VWfAudp,52.0,Berlin
XkibtCrO,47.0,NY
NY26yB7x,,LA
EBHp43qm,25.0,Berlin
URrXCiov,65.0,London
p37UoK0i,36.0,SF
HJvzD6p3,18.0,SF
HLiFXEpX,62.0,NY
c4XlLPHO,,Berlin
64pDwgqL,37.0,LA
2cjLjIoA,,SF
4ZsXZxTl,46.0,LA
nQ0OCkxi,25.0,NY
1EcsRLLL,31.0,London
hfPWwhlo,55.0,London
8KEofcnF,20.0,NY
Z8UidaKT,,LA
HHDv14bT,31.0,LA
mN6UCtg1,38.0,LA
3AO8DW3H,52.0,NY
AcBAzNpC,61.0,SF
t54pNbGk,61.0,SF
qzLfvvnI,66.0,Berlin
5stg6ITf,60.0,London
O6qfIrQX,58.0,London
YDpkGBt6,44.0,Berlin
bWdBLH8s,45.0,LA
hPMwbBtd,45.0,NY
QcAEQCxw,22.0,London
b9ptqwCf,60.0,LA
mi6ZLejH,56.0,SF
TU0xNuEF,27.0,LA
tCb6IfOD,26.0,Berlin
hlONXfFP,37.0,NY
O8lDdDKw,46.0,London
UgxlFPeY,64.0,Berlin
eBPWW1gU,46.0,SF
iHQbcNzs,45.0,SF
mhA9vd28,28.0,NY
UCTEPYs2,38.0,London
61CVBN4m,52.0,SF
PtOTjB47,40.0,Berlin
q9RVn36o,,SF
v0lDJ5p5,32.0,London
usAPQwA1,34.0,LA
mAwjnwka,41.0,SF
MyDoZXlG,52.0,SF
Wfew7fvs,37.0,SF
q3CQomEl,53.0,LA
ujuoIeuO,,London
tOI9lOl4,47.0,Berlin
8hdCy5cd,56.0,London
CgWhP5bL,37.0,NY
snai8Jjh,39.0,Berlin
N1LTruwl,,LA
zLrCnoWI,31.0,NY
1in9ibWF,53.0,SF
U8pf20eX,30.0,SF
SrsVmhFK,18.0,London
I6EpqkdI,,LA
t1fTtyEN,,LA
mPgJSQE9,30.0,SF
iMpp8DCk,52.0,SF
LzZMGxGa,25.0,LA
32FSxBOJ,35.0,LA
eK3gSClK,,London
jpn9lOaB,69.0,SF
BrSN2MAy,23.0,LA
lSHqLMOJ,44.0,NY
b0fGViz1,,NY
qVno1tKk,,NY
DUfKdZ6l,,Berlin
vO9VBGLe,32.0,NY
1D11UfaS,,LA
y0ARU99h,20.0,Berlin
5ZD0L6j1,,SF
MXeAOdCy,,LA
H0vPtyjL,67.0,NY
4ef8IWkZ,40.0,SF
in4oKfK1,37.0,NY
GPDBu6JO,69.0,London
1oJP86no,24.0,Berlin
4SlwkNgd,34.0,SF
4fQ9D1Pm,20.0,NY
ERSQ2TaG,,London
E0Wd5EFN,30.0,Berlin
QORKd192,58.0,NY
7N4lLkhV,58.0,LA
guceCbzT,,London
LdOCg4HH,54.0,SF
1W4Oe29T,,NY
wct9uUfC,,SF
tFsLVKB3,23.0,LA
nTFkFZ1F,59.0,SF
CxVPb9ET,35.0,London
JaAEqW69,52.0,Berlin
ZVzfe7Vn,,NY
LqyxPw70,48.0,Berlin
62DuP2GE,37.0,NY
D1lYqwsE,,SF
YoQL8tPl,29.0,SF
yvop4EQ6,54.0,London
NIVfYdgm,,SF
fLXbAtR3,68.0,LA
eBd3iliE,21.0,London
5PJzh6wo,29.0,NY
FTwcT4iT,32.0,SF
oY9DuIeT,19.0,NY
Vk0UoDTl,64.0,SF
bcXeOAsT,,London
2Qa0QY0Q,,LA
QjlD1pgl,,NY
efDRqHFq,44.0,Berlin
MubFEvra,21.0,SF
xpBqVgCv,55.0,London
aOYaZWxd,57.0,NY
xB3Nidcd,37.0,London
xH3lUNyr,19.0,NY
0ZGACw1f,21.0,LA
5NI3G3To,,SF
XxG1ynhk,41.0,NY
p09sCkdC,26.0,Berlin
5TCorASr,36.0,SF
G611VPJR,,SF
rzIy5XWf,,London
V86qBP6v,45.0,SF
KG9ajRrX,,NY
5rmERWlB,,LA
cMGmiyqw,31.0,NY
TVmphiq6,67.0,SF
1VUOTuAe,67.0,Berlin
pUnD9Xtk,27.0,Berlin
Lz3MDOQu,37.0,NY
70CYZcWw,18.0,NY
ewKnVXhG,29.0,NY
U4Nur3rl,52.0,NY
KCBUDuyJ,37.0,London
Sc5uXT0D,29.0,NY
DyCEFCSj,67.0,London
LdS6Xb2H,29.0,SF
xUEsXXpC,,NY
jES2w0pQ,,NY
46kfJ9K3,20.0,Berlin
DIXVxp6C,24.0,SF
P0w2X8iZ,40.0,SF
KdKpjZCH,30.0,NY
fDXER2Rl,28.0,SF
HogFGqWM,42.0,LA
4cSM8m3A,69.0,Berlin
tBEYk3vi,,SF
jKCdyedf,,LA
H5nrFimY,64.0,NY
zn7gJp0M,44.0,Berlin
n3sEYxR9,,Berlin
sBizptzZ,23.0,Berlin
eAiFy6GQ,,LA
pSqSOlEM,58.0,London
gTWBbP1O,26.0,Berlin
kUuBDcA5,38.0,LA
G5OYIQQL,35.0,London
ffRhoelQ,18.0,LA
m83NwpfA,67.0,LA
qH1z6ynQ,67.0,LA
QyCGjmhV,29.0,Berlin
afhhr3DM,,NY
YQeLBDYF,45.0,Berlin
zipiMJ9X,,Berlin
Bz0LSmyn,36.0,Berlin
KqhkXFVc,31.0,Berlin
tyOM7wUf,,London
neeixpWY,43.0,London
NOXrMqVC,33.0,LA
3qDohhWf,41.0,SF
kfOggKFM,49.0,SF
U7LPKHi9,23.0,NY
olO19WDh,,LA
RRXjfaeJ,,NY
Omrp4Q62,47.0,London
zUDYi4u4,40.0,Berlin
d6xCd5GH,36.0,NY
82eWboUM,42.0,NY
qYju7MQM,42.0,London
1kGkCKyo,69.0,LA
8MJaKGiO,19.0,Berlin
sZTljSG7,27.0,Berlin
YfIqfP7T,58.0,LA
CairkvSr,,London
qRZAN1qt,61.0,London
jEY7vnYn,,NY
skodZqEF,58.0,SF
8aTsan4J,60.0,SF
rL6H6I69,50.0,London
XvFDqV0U,,LA
TbQ1HgDM,,LA
RJcOimFV,47.0,SF
bZhLOWyE,51.0,LA
3pVRWYIc,31.0,LA
3VRGZhG8,53.0,Berlin
Q0cPuUP1,,LA
iyPGG94H,,Berlin
avxyxWoN,32.0,Berlin
SQTWmUt2,19.0,SF
yPrmr8fu,41.0,Berlin
9TLyEyzh,,London
zEiR66JN,48.0,NY
oWiVqOZ9,33.0,Berlin
7uQ3MYEB,,London
4fkZKwk1,51.0,London
KF6oKGvv,32.0,LA
wLkmYxAc,36.0,London
gVsZs9Nk,36.0,LA
WcXsTDJN,,London
nAOKkGlH,61.0,SF
HnLsFr3t,52.0,SF
KzOrC9gH,37.0,SF
VZxIZum9,,SF
pRT4oMBh,,SF
3ntBHqmP,58.0,London
ZffR8TJb,46.0,Berlin
l2FimHHT,32.0,Berlin
EcsAajL4,37.0,Berlin
H0EDQL94,49.0,SF
TpDLZBUo,30.0,SF
xTcO79gv,24.0,London
A58bMbMg,,Berlin
su4XULhs,,LA
BRD9Kxof,19.0,SF
EdJhdDxN,68.0,NY
qCcsK4Hc,55.0,NY
atMZiLqt,35.0,NY
ZBf5fvom,,London
MEuWgGDm,,LA
YQ989I8S,38.0,SF
hh8f0sto,18.0,London
hXHXPdyl,32.0,Berlin
vzj8DYkQ,27.0,Berlin
X8b4Yv3z,52.0,SF
8484i523,,SF
Rutt73Qa,49.0,NY
YpLWOjEQ,48.0,LA
RMht7jv0,27.0,NY
291EwBuB,20.0,LA
vkiDU1bL,39.0,London
uc5Urbja,55.0,London
Lz2mjADN,19.0,LA
lR26Aybp,40.0,London
P2m8MQlE,58.0,LA
rwe0oO3b,57.0,London
Ara2oCHE,,Berlin
FC5NrE67,49.0,SF
beqmaI9b,,London
Qxz5Y0QG,,London
XglYgw3W,44.0,Berlin
2ib7cKhF,,NY
hrzJXdmT,54.0,Berlin
KYSuVy2j,56.0,London
ebOxokVD,46.0,Berlin
ruqhdk9q,58.0,Berlin
iS9nwPJA,42.0,Berlin
D39QctFf,,LA
w4uO3Bfd,,Berlin
sYCHuJiv,18.0,Berlin
Q8wmIHJX,52.0,London
OxLYVhue,33.0,LA
BuwZqCy1,25.0,NY
04Hx1CC0,24.0,LA
w2q0lMZi,38.0,LA
MdRrmVk4,,LA
aAfzoBm7,43.0,London
BmXHpE40,32.0,SF
Za5shqjG,62.0,London
qITuDWhK,69.0,London
JXipVuXv,23.0,NY
FTOcR2jt,54.0,NY
l9AjgL6U,21.0,NY
cKZFnhb2,36.0,SF
HxDV1ckZ,64.0,LA
rpwuvMid,38.0,SF
N3El36jt,54.0,LA
5kbl4ecK,60.0,SF
p1OL4SEL,,London
MVZSXkz0,59.0,London
hSB86PZY,65.0,LA
G6rZZ57q,53.0,LA
y8xTqSTp,68.0,LA
zkLd7leY,54.0,Berlin
I0nVZCto,32.0,NY
JutMvZSl,55.0,Berlin
nBpOfcma,19.0,Berlin
a6fcyek3,59.0,London
9ufJCSAz,69.0,London
CcHChU7f,48.0,LA
UGDhWihG,23.0,London
WYqtx497,36.0,LA
rWW8hxL1,55.0,Berlin
Qe6PW4fk,,NY
ChFgwdVr,50.0,London
YIFCAg4m,,Berlin
7dHwvo8v,43.0,LA
HYOxzRgb,,London
5hjs5MBo,28.0,NY
ESOkJQWi,63.0,London
jGM1v5rc,18.0,LA
JwTWFkEw,31.0,Berlin
8qXfcq2k,27.0,Berlin
84j6shkU,34.0,NY
OZruR2QJ,28.0,NY
lID7Lwrc,59.0,Berlin
wJLwUp3w,32.0,SF
aJCms8sY,,Berlin
MJs8VNTk,20.0,LA
C39Tu1pe,39.0,London
OVTw0XxB,67.0,SF
BeUAyOZn,43.0,Berlin
FFyvsOWl,56.0,London
httjJL4C,60.0,NY
rreqSjii,67.0,Berlin
ksJNttSV,66.0,SF
HfdUOKOf,40.0,LA
q6eu71GB,33.0,London
nICPrX25,20.0,London
bzhKVRcc,47.0,Berlin
wQHyPwj9,30.0,LA
9DFQvaC0,25.0,LA
5gVBOlYr,,NY
SCJIQnLw,22.0,Berlin
zJDE1Lpu,,London
mQbYqoHC,68.0,NY
mDkzF5rq,68.0,London
sa7BZ54L,44.0,NY
9AOXzfCv,29.0,Berlin
6EEhh3Ap,58.0,NY
MxU87HmQ,,NY
DTULxays,42.0,LA
80jUzvgH,,LA
6IiikkeN,67.0,London
CKbSV6w6,,LA
vgM7WPVI,32.0,Berlin
miR7l1M6,48.0,Berlin
2ev95g4k,28.0,NY
gcIlQve1,53.0,London
hNDLcRc5,23.0,Berlin
obbggNBv,62.0,NY
GyjB9Exm,43.0,London
P8hSxRic,25.0,Berlin
Db1WRRWB,56.0,SF
rf2ZFzcg,54.0,NY
pHXGdhNt,54.0,Berlin
3RPxD8X8,65.0,SF
cNK1bcxt,47.0,NY
2xg1Dxpm,,Berlin
as6NIr3b,,NY
gUQvGbMU,32.0,LA
N7guBddm,55.0,SF
jb83sxIx,25.0,London
qS6qtl0Q,52.0,London
sRH9Suy7,26.0,NY
m4tUOMZS,38.0,NY
FUcpE69I,58.0,LA
d9GJZgbf,,SF
BQ6cq1pr,36.0,NY
vaSTMP2h,65.0,London
BsenisJX,,SF
1FXcSTdc,35.0,SF
DgefItky,29.0,LA
Vcmml4Um,33.0,NY
fc7SpXm6,22.0,SF
27GqjSPz,20.0,LA
iZKwMLi9,24.0,London
JY1DoIms,69.0,LA
aFuXTvSP,49.0,LA
wUeTTUf8,48.0,LA
xesxKKeu,,NY
NTraKT6I,41.0,LA
NQucxvvv,,London
okHUJ5ym,50.0,SF
DITZfFxT,,Berlin
09tsxLka,25.0,NY
FIqQBsJI,19.0,Berlin
XtHhD2zc,56.0,LA
L2GYxxBO,55.0,NY
2cyK9yVa,59.0,London
wjZnnVtJ,52.0,Berlin
9HxyRMY9,55.0,SF
Lxf2bfeu,68.0,London
xSaiXuVv,51.0,London
rIQWt4K7,68.0,Berlin
rRP7Uquy,47.0,SF
iK7psVyf,66.0,NY
UP1qIkzO,40.0,London
7fCuNQ55,,NY
5HYayacM,52.0,London
RMmflZvu,31.0,LA
bTZZ32sP,39.0,London
MtGvEk4y,47.0,NY
rGo3omy3,,SF
SLv6gtyP,,Berlin
7gzL3k3P,,SF
r3b87nV1,20.0,London
Mr2JUpMn,58.0,NY
L8YXHCQP,,LA
haCIBF9a,67.0,SF
61WoYhYE,22.0,LA
JtyLcDKs,32.0,Berlin
gWjYMIK5,65.0,LA
3zPQqg0k,67.0,Berlin
NPp8NA2q,,LA
4bWFCwO2,,London
dq7O6kkH,40.0,LA
JCxbGsGV,62.0,SF
MvVs58Lo,18.0,SF
vyjvbD5Z,51.0,SF
NnUBm1tW,,Berlin
BNm3ERwy,21.0,Berlin
NVTWhGvG,,London
6GmEgqsL,30.0,Berlin
26QFbX1z,63.0,London
fGrhN1hx,64.0,LA
nNqjtqVZ,57.0,NY
doVHRj6g,49.0,SF
YYfT4Kdw,,SF
3zB7JNiN,54.0,London
2Y3Bm1RL,,Berlin
UdbUEr2d,20.0,LA
PKx2DChD,56.0,London
CLPZ4V7P,57.0,SF
DWgtl6C7,33.0,London
po5eHlLs,34.0,NY
sHLxGEfV,44.0,NY
dbBtgV29,27.0,NY
nHwNpZQ8,18.0,LA
69Gwurh0,68.0,NY
te3ORCie,67.0,LA
m5cdBfga,46.0,London
JAk9O5bX,35.0,LA
iiYwhQau,69.0,SF
MTK90WUa,,Berlin
CVVfPCRk,54.0,NY
zuzgVRwz,60.0,Berlin
rS4J4GZ2,50.0,London
2vwpxmz1,39.0,LA
3CkpXyfP,60.0,LA
Fl50BQ6b,28.0,Berlin
9mpOIT5X,54.0,London
OW0dS4HM,46.0,Berlin
74GWkt8G,37.0,SF
URbdFbxF,39.0,NY
DyvcjFLX,49.0,NY
DVOaSKAI,,LA
OCnfg8M2,25.0,London
I8TeQnPK,39.0,London
eQGykFY1,32.0,LA
P6poL61N,52.0,London
u8dj20e8,33.0,London
QjOLcyZy,69.0,NY
ATC08DC8,61.0,SF
rPlDyahw,,SF
SV5kSmzu,51.0,LA
UGOwevOz,37.0,SF
cKBIenRP,69.0,SF
6u0ab6b7,,NY
Yv4WRSWd,68.0,SF
QuOjmyZ1,30.0,SF
9lyg2L5Q,48.0,SF
sHXGfjoV,38.0,Berlin
iuwCyBRK,67.0,SF
04Q4Z1OA,,Berlin
kIBPBSLm,65.0,NY
HpwQZQLu,,SF
SKvZeJRS,47.0,London
6Vcfq1sC,27.0,Berlin
eWOnF7Po,24.0,SF
ZG58y8NR,,London
WG9GtmVu,21.0,LA
WtoGY6sg,,Berlin
wABj8j7q,,NY
ZEQbHIRk,21.0,LA
btFwi9rk,18.0,London
bX9sHz9R,65.0,Berlin
jHWhX3pV,40.0,Berlin
NH3BWdO2,40.0,SF
1Oh6tKXJ,23.0,LA
B1sdS4KL,68.0,SF
7MG7Xpc6,22.0,NY
77LbW9HP,40.0,LA
Dhtm16MA,,Berlin
H2bKFopb,24.0,London
KGB7ziBQ,22.0,NY
i5Xl3X7l,,SF
DoLorkTd,43.0,SF
3jN0vFbW,,NY
Ihfd9btu,51.0,LA
qPKqlDGC,,NY
iMgnnt5d,27.0,LA
nLABb9Ey,19.0,NY
Quv5FiuX,37.0,NY
07d52KLT,31.0,Berlin
FpP2PmU0,24.0,LA
kOr5ZTGr,27.0,NY
YeRKXwU7,48.0,SF
mltqTn6z,,SF
t1nkX09l,18.0,LA
lkeiFP64,46.0,NY
LQbnEBpq,48.0,LA
0kQor7y6,,NY
MUElSBsU,33.0,Berlin
GwzAYX2I,,London
YunjwWQE,,SF
37a8J53W,43.0,LA
79mYskfn,27.0,SF
FYeJjGbQ,,NY
FXTwc2DR,19.0,SF
NxrdpcpC,54.0,NY
svGMkbgX,46.0,LA
ZxnsBmfu,,London
FwAAX07T,69.0,Berlin
jSBHEcV0,,Berlin
CdEoUoAA,41.0,SF
UC3EGXs8,26.0,LA
O2bS0WIf,60.0,LA
XGmJBGkc,,Berlin
dMo02ET5,31.0,NY
bbynNaPf,,Berlin
DIEWNGJ4,69.0,SF
5U4hj10f,60.0,Berlin
ndJ3hYqM,28.0,NY
ThwMN1hY,,SF
p7S0SqiF,60.0,NY
rlB9dtPM,41.0,London
erio4g31,,SF
AWuxASJl,68.0,NY
gtW0c7NC,35.0,Berlin
s1fdsTas,53.0,London
FPeKqi3q,30.0,NY
i38FRLgU,,Berlin
eKKGFq0W,36.0,London
zyA2xWHo,58.0,LA
NcjI2oA5,28.0,LA
aiBEN0kB,66.0,London
vmgwlTfH,43.0,NY
Hs6md65M,,NY
FkbcjfXm,38.0,SF
66BdQy3J,26.0,NY
XKJTWyV9,,NY
OmpdHC4V,29.0,LA
eOFDZ6V5,18.0,LA
6Xpdj0DA,66.0,NY
frptNXRw,31.0,Berlin
QyhDwYMT,43.0,LA
18ZyFkR8,,NY
cZ2AQmwd,33.0,LA
ZaSA7BQF,32.0,NY
sikXvnFA,21.0,London
TNI4gDdh,,LA
yCXOv3mq,40.0,NY
Wun37mn7,39.0,LA
fMhK3LMW,32.0,Berlin
Hi7wXXPc,34.0,London
VzDBo4yF,19.0,NY
guz1PadM,25.0,London
Yhid3EQ4,23.0,NY
GSd3JJRo,,London
UsDbccHB,45.0,London
CmuSjujO,65.0,SF
eUziqXrM,22.0,NY
xgNp5cwb,38.0,LA
psbCWMW1,,LA
ItpQfePU,37.0,LA
DUcKpTKx,60.0,London
lALoOBnp,51.0,Berlin
HHRbuUho,24.0,LA
VglGslzd,47.0,London
rilyqke5,47.0,LA
W7k6JKfN,32.0,SF
84RRlWBm,,London
mVnmtS63,26.0,NY
L4M9cmgq,44.0,London
LRUMqroN,,SF
PrJomvOo,53.0,NY
PZS8uNtQ,44.0,LA
EE2uuOpA,64.0,London
tW8rl2NR,,SF
Pvr4udhP,42.0,NY
1eUBdm2l,53.0,Berlin
KkInRcas,57.0,London
jXQPk8bM,24.0,London
XGZEvlYM,30.0,LA
yluPp13O,54.0,Berlin
6xLVF0Wo,,LA
KFXcC4qD,39.0,Berlin
XviBkjqc,35.0,NY
MrIb59w4,68.0,NY
GF12oIDF,28.0,London
IgIC3UJ2,23.0,London
xSFXCk72,21.0,NY
7dEqnZXj,20.0,Berlin
Y8KdZD9K,69.0,LA
QG2RZsST,,NY
1qgyKE4S,32.0,NY
caNvS0mh,20.0,SF
3JC6birE,34.0,London
7Mc9rjdy,47.0,Berlin
Jg3VKbbN,39.0,LA
IS5QTBxc,,SF
hMC5ZjYK,33.0,SF
iIf9tKmM,39.0,NY
1h4Y2XeF,66.0,London
YUTZnQpi,,NY
m2ErcY3s,53.0,SF
589E0vZW,29.0,SF
rmbJw0vK,57.0,LA
vBeqXs67,52.0,NY
Laydckwv,,NY
2qz2jCaQ,62.0,Berlin
NrwMxBGW,58.0,LA
rX6HqpHH,,London
0tYdBW4T,,NY
fbui7cov,59.0,NY
nMqTcDDp,,London
6I4Lpl4c,,LA
bIj1yvpW,24.0,NY
E6EuznMe,46.0,London
Di0fK54z,,Berlin
oRCQRxaO,23.0,NY
bonxHaoI,56.0,London
sUJJhAf6,34.0,SF
j0HGCuVC,,NY
HYQGRKxN,,Berlin
E9gXq3CX,34.0,London
ts68m8ii,,London
w0274hwi,44.0,NY
3zZgjduh,24.0,SF
uQTNB6k3,28.0,London
ZOFJ4ttI,,London
6hpgMQZf,69.0,SF
5w5xauCm,67.0,Berlin
OA4FcBF4,56.0,NY
Qxx9l9Yi,49.0,NY
GEiiIhjR,67.0,NY
r7RNLsco,40.0,LA
upAp4Fuv,68.0,NY
z3LnCU25,63.0,SF
p9VmWlTm,57.0,NY
J9PMwQq8,,Berlin
CNWaGrXu,18.0,LA
RmMElJ4W,42.0,SF
V14xS9lF,48.0,SF
934mbnfo,,Berlin
6JhhWLCX,45.0,NY
0ChPWX41,48.0,LA
RZiQ4ZyS,53.0,LA
k6aPvNjk,,LA
FhpYHLtU,32.0,SF
3XBXhERk,39.0,Berlin
SOWQjmVm,35.0,SF
gxD9UUyJ,67.0,NY
VkeaqWrf,25.0,London
pI0YRQsn,27.0,LA
DL4PZkSO,54.0,LA
zF9lxTWu,56.0,LA
Pyj7pBoV,66.0,SF
CwqQA0hi,23.0,LA
4Qhu7ljM,,LA
uWZlRW9q,27.0,London
tj6IL5gF,56.0,Berlin
cuXKU70r,24.0,NY
Z84eks1J,59.0,SF
CaEWrlvE,62.0,NY
vFxHUrHh,52.0,Berlin
0tfXSbKp,45.0,NY
xPGwo3V0,42.0,SF
C8myh7dO,,London
9iLVnlZl,,NY
cPfh79KK,22.0,Berlin
wO0wk8dB,33.0,SF
jpUsxFT9,46.0,Berlin
chkVijRw,60.0,NY
EXwNgw8C,,SF
ZItayByM,35.0,NY
MWe1Kn19,43.0,LA
FQGljCRW,,SF
54mVcvQf,22.0,NY
Lp44KhJj,25.0,SF
SiDJd6Fq,57.0,London
Dz0zv9y5,36.0,LA
QhYarZOr,54.0,Berlin
RzRzhYqJ,45.0,NY
QH8XRZpF,21.0,Berlin
opBdiKAt,37.0,NY
CeOuTS55,,SF
0i49m1Kz,,Berlin
0eWYN2Ji,29.0,LA
rpO6Ie1k,18.0,NY
TwnTtSsO,,Berlin
sFhxRwaX,58.0,NY
ENgkRHX4,,London
pEiVDdiA,38.0,London
MGo5A0F5,62.0,Berlin
qS1gRoxt,50.0,London
i5lyfKQm,,LA
CSjWoLhm,,Berlin
reeZjVhS,63.0,SF
tAHp0whT,54.0,Berlin
oBeG4fTc,62.0,SF
EYsHzjRD,,London
7940NA2S,32.0,Berlin
Myoy32Oc,47.0,LA
vdzVdsoj,20.0,London
n9FjC0iY,45.0,London
8KRlHKeC,47.0,London
JKFGVCwx,53.0,SF
LDhedsGc,20.0,SF
UyrIe6gg,69.0,LA
pForxgMe,61.0,SF
iSZYOVeP,48.0,NY
JYtP8eaa,31.0,NY
lHoiz10X,,Berlin
YnhtFJdJ,,London
VPgrz0Qs,22.0,NY
fKNJLGU7,66.0,SF
5gk7xZ5V,68.0,LA
gVSkgUx4,43.0,SF
uEow0Ga4,67.0,London
wPwhL4QD,61.0,London
0qpJxMdD,35.0,NY
E3gG4893,,NY
VUHK0c7U,62.0,SF
esX46yuL,53.0,Berlin
cCszpT4A,48.0,SF
oo885vs1,35.0,NY
mMV7qsIQ,69.0,Berlin
wZzvYnVc,,Berlin
aFXN2cLl,43.0,NY
T6FeDdiO,,SF
uR7rWT6X,,LA
EJ2J61jx,59.0,NY
rZuKWlrz,,SF
y5EDMqr3,,LA
a8LkW6gd,37.0,London
fI6A9V5C,25.0,London
nlKQyRYc,62.0,London
xQnrnZzz,,LA
vSjP1QcW,42.0,Berlin
KVv3JVFJ,48.0,London
IApzlS84,,London
WsTEL86l,24.0,Berlin
FdM4vXIV,64.0,LA
Wkmygqdz,54.0,LA
5dWPjE2Z,47.0,Berlin
CnHEH4EQ,44.0,NY
a7kLb0w0,34.0,Berlin
kuZsO6Su,49.0,SF
szLSYfQT,,SF
a5oTPo6G,42.0,NY
lpu6YQNR,46.0,NY
YzKCsarb,42.0,SF
cvTNecs7,49.0,Berlin
iuDqQrdb,54.0,LA
HThpcdxo,28.0,SF
5dUmcttl,21.0,Berlin
583VWsSk,63.0,SF
S75wFxEf,48.0,LA
zASByAb8,53.0,SF
7cwsGLOg,,SF
sGqrTrey,19.0,LA
EjiD81el,56.0,London
5a60jLTJ,68.0,SF
rP2fMHcN,50.0,SF
la9cHfG7,,SF
PJQHkBho,44.0,NY
MXspUaij,43.0,NY
iBwv7hx7,36.0,LA
0eEjSm1A,61.0,Berlin
howwNgXL,,NY
Vjt2HerQ,56.0,LA
fIlYHVTz,,NY
iVdnhLns,55.0,Berlin
qvQ90Skk,27.0,NY
O3JLIOW8,,London
w2SfcrF6,,Berlin
AVPsSYMV,52.0,Berlin
i9TDkeeH,,NY
N4l5H2Ow,31.0,NY
DMZxIqMG,23.0,SF
WDQPYDPe,60.0,SF
9Cas1f45,56.0,Berlin
a91hWddk,57.0,SF
aZ4juGrd,42.0,SF
mbk3EF8y,40.0,SF
i62M2lyF,22.0,London
HLmWm4Ym,43.0,SF
wrebLyyT,35.0,SF
rwWOKNjM,49.0,London
YVb146WG,,NY
FyuoTQrR,38.0,Berlin
IzCACjxD,43.0,LA
juqHLjpV,67.0,NY
zsHFk7H7,52.0,London
DTojiq2L,27.0,London
rsz6oWCH,45.0,Berlin
lZZqB9cZ,,SF
ca3nKihG,32.0,LA
HDdKNLBM,57.0,LA
y3AZyTu3,25.0,LA
ROzQapP2,63.0,NY
BjbkD4pb,,London
BMY6bJ5J,62.0,LA
rmZpBEE6,27.0,LA
XCOqpDZr,55.0,SF
IIZEAki2,35.0,NY
J1rspmJN,65.0,London
keNGpnC3,,Berlin
cMtRRqZo,45.0,SF
G5ijkAZT,67.0,SF
L2ad0nPf,37.0,SF
OzHdZ56N,,LA
M1SvIT1K,23.0,Berlin
d9BKTQ6k,58.0,NY
zWnlYWBJ,65.0,London
oJgGSQaC,49.0,NY
g2RdqwWq,23.0,SF
Fiu3s4I7,28.0,Berlin
xVATUtpR,47.0,NY
ZIdMPATZ,,NY
v0KEADVs,25.0,SF
8gWXUdQE,50.0,SF
WjGOJgvo,64.0,NY
y55aeDwa,64.0,NY
jGdCeiNd,36.0,LA
eV8NH9DV,,Berlin
iLXstQTS,36.0,SF
CiEui81p,26.0,London
FUfnEFe4,24.0,London
1QNAWpn2,31.0,SF
SqpZfwD4,19.0,Berlin
slCZpw4b,39.0,London
CPW7IsqM,62.0,LA
qLxphMX6,,SF
ZI2OpFin,43.0,London
3jH5psug,21.0,London
uhLJjkMy,56.0,SF
WpqyccvF,57.0,Berlin
WKtaI0Dc,40.0,SF
BMhu4cPQ,33.0,NY
X392xhBX,42.0,London
exnWDr8i,,NY
WopSWmZF,26.0,Berlin
tADFTmp5,,NY
bK1yQtO9,42.0,Berlin
yz6fBjQZ,48.0,SF
tAov2yTX,63.0,LA
beencjPp,44.0,LA
SeotofvS,53.0,SF
g2HaWNxg,68.0,London
WEj1GWU5,64.0,Berlin
lBvkf1PK,,NY
1eoILdjg,,LA
E0tLGl9O,,NY
pch4jlMq,37.0,NY
zgw67n7X,20.0,NY
8SLhZRd2,23.0,London
sjB2exkk,,LA
WRzi8PA5,21.0,NY
J1B0uRq9,18.0,NY
wguREn2X,,LA
SrvoJQQo,25.0,NY
1Il75qr4,65.0,Berlin
eAmYFbl0,37.0,LA
3OwEiz9U,33.0,NY
IBIb8DE7,64.0,London
twjg9P9a,48.0,Berlin
7LNYsLhF,49.0,SF
JcE98A9P,51.0,London
sxPn3foz,46.0,SF
kllTrvsA,29.0,SF
smpFsKwu,21.0,NY
CHmb1h4X,60.0,Berlin
UMwUxy3N,51.0,NY
nwXdVs4V,,London
nbtka1Vs,66.0,SF
sDNBiFGh,68.0,NY
nuS3CMsG,,London
PwQ6hKRb,,London
6CraINXW,63.0,SF
1nwgHmi6,,NY
YhVj4sN9,18.0,Berlin
qneDsZny,,London
eeEBl909,52.0,NY
y6LGMFrK,27.0,Berlin
Ss41q89D,42.0,SF
8yE3xhlM,64.0,Berlin
CrdoqLql,45.0,SF
J0AYorXs,52.0,London
Gvauxf3L,50.0,LA
brCkqRyf,62.0,LA
0Atz44L9,32.0,London
x870Ar1m,38.0,Berlin
CbvM6Egk,59.0,LA
7zaFfXYb,52.0,SF
eXItyGxS,67.0,London
HkLF9dzo,68.0,NY
4PAMk6Vu,54.0,LA
Y7UZx7ND,,Berlin
SciyRXUc,33.0,London
BJmSU58B,37.0,LA
SdgrtpBR,67.0,LA
GMyxw5sQ,25.0,London
NEQbnLOe,62.0,NY
JcPAV8vb,48.0,London
M3DbWR9J,25.0,NY
KxUIv0Al,,London
Mg6CX6Ks,41.0,SF
vJJ3QlPw,29.0,SF
KcfIzk1a,62.0,London
lEO91juN,34.0,NY
5WGanotx,,LA
G36GtoXS,58.0,London
rUrwh1PG,,LA
yTMA8PZV,,London
AqdzP8ph,,Berlin
wGNhtIH7,53.0,NY
8U06vB8M,30.0,Berlin
U1FEHDcu,52.0,Berlin
15iYmHsb,22.0,NY
JD6aN6J7,30.0,London
3STyQn48,63.0,NY
mzFP8Snw,25.0,NY
3wmZtEVJ,28.0,SF
39CGGFox,25.0,SF
D56QzHDH,,LA
jqJwVC9f,29.0,NY
LyriBMsO,28.0,Berlin
DJ72Uz7f,,Berlin
HnXQUEDw,44.0,SF
xl2SsyTb,30.0,NY
NNHVp5Kg,,London
KQ2pTg55,30.0,SF
qQAUxCCU,58.0,SF
KVCvWdId,39.0,Berlin
miKnADWv,63.0,London
wDhTLjni,61.0,London
qNds1qZl,41.0,Berlin
OONrBPYV,47.0,Berlin
3nP2ITnb,,Berlin
uVpBMucP,25.0,London
6O89g2kQ,,London
m1ptqc64,60.0,SF
63v1E52K,69.0,LA
Tyckr9w8,23.0,SF
QhpbQb7m,,NY
DtjlL2ja,39.0,LA
FcHO1IWB,,London
drZAOm8Z,,SF
xnZlc9hw,54.0,London
XLGGCac8,58.0,LA
zjiWs4Ju,37.0,London
L8LH9aUq,48.0,SF
PyU7XtAk,68.0,LA
fwlPGrsq,,SF
RmgxM0QW,,SF
G7TufcrM,29.0,London
YYhgiPk8,54.0,LA
bE98K8R6,47.0,London
Wa4jvyGL,56.0,LA
TY5wslBm,20.0,NY
0B40wxdn,30.0,NY
PO9inwHS,28.0,LA
6RXfdupz,27.0,London
ZyCfZDrD,47.0,Berlin
nyvChKMq,26.0,LA
JaNMi5iN,,SF
eygZWdCL,46.0,NY
lKZl5KQY,55.0,LA
rbOllioi,63.0,LA
bGwttYfE,,LA
gZ3ML8fA,66.0,SF
pYJRUkKv,51.0,London
WjswD8LX,43.0,Berlin
xPHwJ5yX,19.0,SF
L418lAux,53.0,Berlin
7gXcu8rI,24.0,NY
U60npIXK,69.0,Berlin
I0uPPYua,53.0,Berlin
bYlb6WES,57.0,NY
6qAv8Bi9,31.0,SF
UnYSRxp0,44.0,SF
Zqgn49wh,43.0,NY
wYFmqjAl,37.0,SF
NPcUf0r3,52.0,London
wFD1yqtQ,28.0,Berlin
C0XQWBvE,,SF
TKAZcYmX,52.0,Berlin
P5pJQmIt,22.0,SF
m8UIdeJR,33.0,Berlin
EHrAWZ2K,28.0,NY
eBETy0Ah,50.0,NY
X7NcZNaU,,NY
rwqF8r2A,39.0,London
dTX040Dy,,London
i8JROYQ3,37.0,NY
kULjyo3o,60.0,Berlin
s8z0vYql,51.0,NY
0Xf12EYU,,NY
ttHmvHPg,27.0,LA
vsAKY16W,54.0,London
EOtrttiG,49.0,London
FgvpremG,,NY
6unqG0Gi,34.0,NY
Zp40sWB1,61.0,LA
e9m0rP5T,20.0,LA
ApMsM18c,56.0,London
pmVrtddP,60.0,London
uH0AuXkj,60.0,London
lSfxq4UF,,London
uAORdCAD,29.0,Berlin
jk8cD89n,54.0,NY
et2X3or5,,Berlin
2AcIFk1I,29.0,SF
02aDasRm,63.0,London
fg08nT3g,50.0,London
H11iWAc8,44.0,NY
J7dlENvH,,London
akGdf3HX,24.0,London
RlxnHRHH,,Berlin
PYBGj2Ed,61.0,SF
PhxIhiRf,55.0,Berlin
gNEsm81F,,LA
UeSfZzyg,,London
eJ2yTDXr,69.0,Berlin
W0aZsZ2r,61.0,NY
3ayTA2Ga,44.0,SF
eT5pTxA5,27.0,SF
D0c1ixHx,59.0,NY
Y27fsKeS,60.0,NY
ma2F7Ifl,58.0,London
nxgA3REl,26.0,SF
lewmp9IR,61.0,NY
B6xNc2XT,51.0,LA
jc1B8jFp,63.0,SF
OTGREvZW,58.0,NY
Zt2DNqhE,46.0,Berlin
HMuD2PcE,35.0,NY
CWiQYq02,46.0,SF
kfvuDFoM,47.0,London
zjavVsVh,,LA
wV6PYup9,,NY
j2J6Ryav,33.0,SF
xeb5DCkW,62.0,NY
rygWYc3W,,NY
sBinpa8J,57.0,SF
giXt4qDQ,43.0,Berlin
do6zNlJT,48.0,SF
g4h27aKw,61.0,SF
kfD2n1rm,,London
u6oarJ4x,59.0,NY
LIhSAvGb,51.0,NY
CDpAObnn,64.0,SF
Tpy29vpf,66.0,Berlin
KjkxoiIi,23.0,London
p06LuIK8,52.0,Berlin
arefa8qA,28.0,Berlin
8bRt4TCL,54.0,London
bxEnE3je,39.0,London
0N0T7PyU,30.0,Berlin
NhrNUrx3,33.0,Berlin
EPY6o9U1,43.0,Berlin
nSEgIAkS,,NY
EwLmXymm,,NY
vK3QKzr6,30.0,NY
aOWhL5Bl,40.0,NY
6SpofZyd,49.0,London
7utOTdfD,40.0,SF
I6innfmu,60.0,NY
E2i1ETMB,49.0,Berlin
HoPVSBTZ,65.0,SF
1owRu0W0,55.0,NY
yqLbZDW3,45.0,LA
xmdLysAf,50.0,LA
hbi4B6ts,57.0,London
VNE4KwsV,43.0,LA
UbfMapT9,47.0,London
dWVsPW9a,69.0,London
mFOjrusa,34.0,London
shVSTEta,,SF
TKXe1nMG,46.0,SF
dSUCBinT,19.0,LA
R73ptm98,68.0,SF
rzKyLETm,55.0,NY
scPrOOrR,,London
89gJchW1,67.0,NY
o4guED5r,,SF
LtFqEjMz,55.0,Berlin
4c9iMymo,29.0,SF
BtwWSlsC,69.0,London
CtD2wA94,,Berlin
s9fBtXsZ,44.0,Berlin
XwUfZwDg,57.0,London
4zD35ajQ,20.0,LA
6H2j6sDE,54.0,SF
iZmj81MD,,SF
f6uqf5A8,43.0,Berlin
iYgqIbn4,69.0,Berlin
euxkDwvP,,London
dYMRHG1X,63.0,London
nIt0f9DL,,LA
aplq1Kw2,63.0,Berlin
xfexVLGI,58.0,SF
uCRcTAy7,25.0,London
cPLAplOr,60.0,NY
KaB0Q86x,45.0,SF
GgKbHtwn,,Berlin
6qcNyNIn,67.0,London
hOQnqPWh,58.0,London
cIDLqf5N,,NY
trvvyeRr,19.0,LA
ZoHQZ4GG,55.0,SF
VGImdBke,55.0,London
hplmPZE9,60.0,LA
s0BBsFG0,40.0,NY
xdaPPJ2x,27.0,NY
Fw5iefOz,62.0,SF
FEyR4Doe,45.0,SF
8MYAJQQ8,,London
GXHrOTMu,,London
q8Lh6ApW,48.0,SF
6jRPHkQF,,SF
XGuPwRfd,46.0,London
hZhRk6Nj,69.0,London
lfvEG96v,31.0,London
HVl5HXvO,45.0,NY
2AVheXnD,18.0,Berlin
tnVtmyAu,,SF
tJoFXou1,,NY
cNs2RHLu,33.0,London
3RxV9c0K,,Berlin
iAFGVsEB,38.0,Berlin
ycZ0P326,68.0,NY
cldNLB7M,31.0,LA
AdkujrkH,60.0,LA
5EJSmhD7,34.0,London
g2spvdFC,32.0,LA
mlbSC79z,65.0,London
EOK2E4PW,48.0,LA
yi5KtKW7,63.0,NY
M0SLdg95,66.0,Berlin
t9s7NykU,53.0,SF
ODtI1jPA,31.0,Berlin
4fBQ8r0X,,LA
c5vZn7xB,44.0,Berlin
9pLg2zN0,20.0,LA
K3EmYvkA,53.0,London
4PJp5iBJ,23.0,SF
uotXya8m,44.0,London
nEMkQwqq,39.0,SF
iiZRgqPg,39.0,London
eQUc6BSp,53.0,London
93EEbPY3,49.0,Berlin
zl5q1LQE,44.0,SF
ENDSlhCO,,Berlin
KpU8gAZO,56.0,London
LI5Bgvcb,67.0,Berlin
MGtfGLud,29.0,LA
g2K4V8VC,33.0,London
BL4wxyEB,55.0,LA
ELIkScCY,,London
Uv23rIJp,,LA
SP3Hmal6,66.0,LA
vaNVPjWc,52.0,London
1ynZ0gPX,26.0,LA
5aX0szh2,46.0,SF
sbm70cq3,44.0,LA
dEz2Ikjv,49.0,London
mE9hJ8K3,,SF
FGTjhwO4,42.0,SF
B771W7Lt,59.0,SF
AXHG3Xna,,Berlin
punCoqsH,42.0,SF
e7z3u224,,Berlin
QMHINt6s,,NY
dYLUBSRJ,69.0,LA
MfMKXDxy,58.0,Berlin
t0owmpTC,,London
RAjya2So,40.0,SF
4H2Ewzlg,,London
p47cucUP,23.0,SF
SATQ4SGv,30.0,London
gBRFF7Oh,48.0,LA
FcEYVq1A,22.0,LA
jLGASkzb,21.0,NY
qGHIIxjT,,London
lmsqqvvf,47.0,NY
Sb27OWY8,40.0,London
O6BkIe3K,54.0,LA
u0bqV7Cn,,NY
sJ2HzGWH,,SF
v8TXaAuL,,LA
gX1P2R69,58.0,Berlin
dqPnHEvg,45.0,LA
SSMxKuZC,55.0,LA
NvIeSStY,64.0,Berlin
IRQeeqjh,35.0,London
mUqkWs3P,25.0,Berlin
QiyWUA9P,29.0,London
EfGbF2YK,47.0,NY
0pNXrnPR,39.0,NY
m67l3CHi,23.0,NY
Q2M80FGZ,47.0,Berlin
zThrWV9C,,London
k1k2Q2fv,64.0,SF
2dPUD68c,65.0,LA
nFffeT2r,46.0,Berlin
Vhg5JXLQ,,NY
BuJNiOUN,22.0,SF
gAVHek3n,28.0,London
85x32FAh,34.0,London
G0fLjg5Y,30.0,London
gZUA3rV8,37.0,Berlin
fRYxRxGg,48.0,LA
RdqaaeB2,,LA
rVR5lNZN,45.0,SF
6QknaD4i,42.0,NY
IeU0mPQV,,NY
UHUdbgYD,35.0,NY
UfWXGeIq,,NY
Xyhshl5T,49.0,SF
A2C9iofx,46.0,SF
IRZ1X2Oq,20.0,London
QpC9JVfw,52.0,Berlin
rBxvp6oa,55.0,LA
JmQVBVWD,,SF
lYccNjAW,68.0,LA
JvqaAQKX,,London
2jw3s45q,,London
yusJ1wdH,20.0,SF
1EFzJEgk,52.0,NY
vYNbgnv4,67.0,Berlin
ZKdYXBxi,25.0,LA
4s4BwSP8,,LA
NZcohH4m,20.0,London
A2Bh1Yrz,28.0,LA
xAYXhmUZ,65.0,NY
1esGO15L,19.0,SF
xaoGU4QQ,,Berlin
VnKEMkEy,25.0,Berlin
GwKLXBRc,29.0,NY
NpeOl3ZD,36.0,LA
8DaBzkGo,35.0,NY
KOc1Qww7,67.0,Berlin
iuvZKyTx,38.0,NY
M3aY0UIj,39.0,Berlin
NesRoFef,60.0,LA
Ku8h41cZ,47.0,Berlin
dF5xNuUN,35.0,NY
uO7gcGIJ,23.0,London
8DykwwwU,18.0,Berlin
OFKPFinK,26.0,London
5AEzG8K8,69.0,London
QQ92b1E2,33.0,London
DIm2elOZ,46.0,NY
OmFoZ9lQ,46.0,NY
LlED3oVV,22.0,LA
L01dytkQ,,Berlin
mTGaKWB5,,SF
ccnpZVDm,66.0,London
TKFDbCWw,25.0,Berlin
3PIsec3K,,London
4gVFkJbq,35.0,LA
L8wjO89G,61.0,NY
hQBirosb,65.0,SF
vUstzg71,31.0,NY
PDFuD9IZ,21.0,LA
uJ2Thd7g,57.0,LA
Xams42z6,44.0,London
NlJauwJo,,NY
VqSlPfiw,47.0,NY
T2REtbSb,29.0,SF
pnSbOL4D,,Berlin
P5SaWqSz,30.0,LA
8T22P7yy,57.0,London
m0HL0A3Y,67.0,SF
aqjv82qh,62.0,NY
M2XOuvqp,21.0,London
IcKghpG9,43.0,LA
ydOq3bdw,18.0,LA
PknaVTBY,44.0,Berlin
WnkD5nfC,,NY
CdnCsGY7,,LA
rDNugdIQ,,London
sUvoMujq,28.0,London
1SfxEs0r,56.0,London
PizVegmp,59.0,NY
3AcfCh9d,61.0,NY
gSnpY2FE,38.0,LA
j3GeXFcn,39.0,Berlin
37CAaXgV,45.0,Berlin
kIWgWfEA,55.0,Berlin
ChBKRt5W,23.0,SF
ZvmE8BIM,42.0,NY
brIvlAg8,,NY
Pn6H0IWQ,51.0,LA
jdhd7fsl,43.0,London
c7AMEhAc,56.0,NY
V2aLoupL,44.0,Berlin
p5sPYw2n,56.0,SF
ZDhaDh3b,38.0,London
BcWgsLi5,38.0,London
LpRayD5g,46.0,SF
kZqSBbpq,51.0,SF
uDndDmvu,44.0,NY
mH9iQDwc,59.0,SF
vAHAy1iN,,LA
0L6y7LEx,43.0,London
rwOVXf26,,London
K2aLSFam,37.0,Berlin
UG3D9hM6,25.0,NY
9MMfT81S,69.0,Berlin
dnyYOSDR,35.0,NY
sQKuPpF8,,NY
hf0aQgg6,,NY
dmrToRXX,68.0,LA
jfX00Ao5,60.0,SF
2LKeIfam,22.0,SF
aB2nRrkk,33.0,LA
gtQXEspW,26.0,Berlin
tcHHYDNk,42.0,NY
z93fxPb4,,LA
owYzYJk3,,Berlin
F1ZC2nzm,18.0,SF
6Rrk7ew6,48.0,London
CaWIcQPX,50.0,NY
5UWnnwwC,22.0,NY
7VJQ8rjH,,NY
BiiZq4XB,,SF
HJvt3I00,65.0,NY
j0Zsn5le,37.0,NY
6ckwzV3f,41.0,SF
mgWyoCF3,36.0,LA
TBhPaFEY,45.0,Berlin
zeKhHhT4,47.0,London
X7fZc9XT,56.0,Berlin
vCafF7j3,32.0,SF
CI5H41V2,67.0,SF
Q1MDCEgI,26.0,Berlin
9PkDVlR4,56.0,SF
jK5ypQXH,48.0,London
mOeUK7H6,18.0,NY
7TtFx4wn,30.0,LA
uaqkl4tf,53.0,London
tLYwpX0L,19.0,SF
I32UNOmr,59.0,LA
lXKriLEo,54.0,Berlin
Tb8OHRh3,52.0,NY
LM07ntO9,54.0,Berlin
83Ie2uzu,28.0,LA
blJN60EM,35.0,NY
O8wPPjhL,37.0,Berlin
c1ULiWyq,19.0,LA
4ZdxKY41,41.0,NY
0Y1St3IM,33.0,SF
PQ1jErOD,40.0,NY
7zkdEDMk,67.0,LA
9F3EpIbr,55.0,London
FHVjrgcm,64.0,LA
QowTITJa,61.0,London
4B9MOCAD,46.0,Berlin
RCCkn3h3,47.0,SF
BZPY2cQt,21.0,NY
t3b1k2qF,,LA
6U2tAUk6,61.0,SF
keWhPAHO,60.0,London
npjEAUPx,58.0,London
lxtTk0Yn,44.0,LA
BCe9pgvE,,London
ModDAYRj,35.0,SF
zwUcdvjp,23.0,SF
AhM0Fb6U,49.0,SF
r2L1gtpk,48.0,LA
G5jEY9Sj,29.0,London
J458p4ng,40.0,London
crHKAZNS,46.0,Berlin
vEaxtyFI,20.0,NY
WV6aR8zr,50.0,NY
pVGd1XyI,56.0,London
Hv59kMBy,45.0,London
BFpKQj9A,35.0,SF
d5MymDgY,61.0,LA
PxtHhfqE,39.0,London
7FH1NAn9,,Berlin
eeMcrGFe,,Berlin
frqbtQJD,69.0,London
q4FiaeCa,,NY
kslAcA2p,66.0,LA
RHuwTSmV,,Berlin
qnjLuJOB,59.0,London
0DqiyfxJ,,London
m44r8u6g,51.0,SF
XbaQ1E1x,,Berlin
7Ddi7Ck1,35.0,SF
xcMB7eGs,,LA
vDWacs3U,18.0,LA
EwxYPSm4,65.0,Berlin
Q7WuJpMS,42.0,SF
n1mp5Xnz,62.0,NY
88PPxuRx,,SF
DWD0L31i,28.0,Berlin
v3uhNrNg,69.0,Berlin
BqZtBcM5,,SF
08GiHM5H,59.0,London
UW2HXZDf,33.0,London
adSMPmTa,,NY
BEFsNdmr,54.0,NY
6O5xByWV,,NY
YJvp05iY,59.0,Berlin
mW9ve8it,35.0,Berlin
pb4IJfpp,,London
yJXmYke4,21.0,SF
e481OJ3A,49.0,LA
A5GEc8sC,48.0,SF
RL2byFcj,,London
kkcGyBCD,47.0,London
dgMXHtQU,67.0,London
ClyJEaoE,67.0,London
g9o9r1ef,52.0,Berlin
UGNjkL8A,,NY
iYxDxtc3,,NY
G5GVyJ5J,48.0,SF
nHiKsQmH,,SF
KMLJKs9b,63.0,London
hTCkUsuk,50.0,London
B9qDuufp,22.0,LA
KZFPgJ2o,27.0,NY
DXIYt6jN,63.0,London
Zh2cTwrv,,SF
hUbx1Ffm,40.0,SF
WXKkHkYS,24.0,SF
uNnplkzK,64.0,LA
oNqMFN1i,45.0,London
TYPA9CR6,38.0,London
xFBW1t5n,48.0,London
MGWZI75v,58.0,LA
7mHiRb09,,London
aRYydWQI,46.0,NY
afIGaA1V,27.0,London
uRp9Rvk9,25.0,London
uPwOPjrb,26.0,SF
u9TsGlPE,28.0,London
oikrIfMX,39.0,Berlin
dZbDbqYo,57.0,LA
AtvXRPt6,43.0,SF
sy4I3RVy,,LA
N2otMmxo,54.0,Berlin
9XFdmq6V,57.0,SF
nKF93ewT,,SF
Bof6KAFB,,Berlin
rz7NSUyQ,36.0,Berlin
GGgmRpRg,67.0,NY
ZxvqZRnW,69.0,SF
aJLtGZn0,,LA
zgXxg3wt,21.0,London
mdeK9qwq,,Berlin
z7iFTSiw,55.0,NY
vjkJ1Eek,61.0,Berlin
6Mx6tHUW,24.0,LA
yVLQymPK,31.0,London
vGH6Vity,,London
WaQfKFMJ,38.0,Berlin
TykI2QI9,69.0,London
nZimWAcB,51.0,London
ipDyURl7,38.0,LA
mN4troCp,53.0,Berlin
UXkIBH3L,57.0,NY
iqmKQrig,59.0,NY
YYfboavV,,SF
0ot2aViR,24.0,LA
NDC4XF5U,38.0,Berlin
izQl3Y6Q,27.0,London
pv9ZacJk,38.0,LA
yB1E1iKV,66.0,Berlin
wX2vhGTp,33.0,Berlin
9K80NKDx,42.0,LA
3BmVGz3L,30.0,LA
BXMv7ejn,,LA
G0B5MpOj,44.0,SF
cV1RTSUi,54.0,London
0N9pae8t,25.0,LA
z6vL9CbA,47.0,SF
lk5E9awx,48.0,NY
07esTzuq,24.0,SF
nUjDO8RO,47.0,London
zjCWZhGQ,35.0,NY
rm71FfO7,40.0,LA
zR7PAAm1,55.0,LA
JvnBAol0,62.0,LA
hu4f4Uqe,58.0,LA
8U4FcyKT,47.0,NY
qE9ysaI9,47.0,SF
memXd5CL,25.0,SF
0END3VvT,29.0,Berlin
cAfyyKMW,27.0,SF
djVWARH6,,SF
S1DArp4F,,SF
AphTR6ok,34.0,SF
DsoYCcuE,49.0,SF
mzTj8RzO,22.0,NY
9sKtWe2w,59.0,London
fYjEc2U7,38.0,London
TNWQM4Cs,48.0,Berlin
pODTQ9yJ,69.0,SF
xE7eKLPi,32.0,LA
B3VnUa37,30.0,London
LqvSjr9Y,63.0,LA
nu6cueWM,66.0,Berlin
GWLgi7N5,24.0,LA
pHFAoPeg,41.0,SF
22QobS9s,21.0,SF
2jlQmjpb,58.0,NY
OVrkh8Wz,36.0,SF
TgPDxu4I,,London
IGOkmazz,52.0,SF
0O0TSU3W,,SF
FDXwNPRI,53.0,LA
dnLmjkdb,51.0,Berlin
YXWAeCzC,,SF
ExCPrabM,19.0,London
jjgumTwM,21.0,Berlin
MpBhDypD,19.0,SF
V9AR4c1d,47.0,Berlin
kXDTwpTp,46.0,London
AJNUPqkS,21.0,LA
33D7pWbQ,38.0,LA
JcgtAPbY,26.0,NY
GxgENiYq,,London
8G6gHKmC,,SF
PLDy7xdG,66.0,SF
UNReyPPz,,NY
0Uq5mZMG,,London
U76sIxzW,46.0,Berlin
nsYg4zi2,33.0,Berlin
kVtIOzcn,53.0,LA
cpgvudz2,22.0,Berlin
xoF31xGS,54.0,Berlin
IgWV4x5U,26.0,London
YdZ3SA7W,49.0,London
G0P2vGv4,,NY
89J7UUZj,51.0,London
1BFicZyr,56.0,NY
HGA3ggpL,,NY
34B8evHy,57.0,SF
nnRB2oRM,,Berlin
5RDXPJqr,48.0,London
jazF8PXF,20.0,NY
KjZYX1iT,,Berlin
fwxj28qL,,London
fKz65Sol,,Berlin
wtl8NY76,53.0,NY
5nBru5BS,61.0,Berlin
0msLZRM3,30.0,LA
TLdE234E,56.0,Berlin
XeiWD7Oo,36.0,LA
prPhpIEo,33.0,London
QzuOXgjs,59.0,NY
xtpOGHCW,47.0,Berlin
wqxL3ZQ0,56.0,Berlin
esBqeUo8,52.0,Berlin
udOpC1zU,19.0,NY
t2Krabof,18.0,Berlin
S2wikb4V,65.0,London
i3OdrJt0,62.0,London
4zdpS03J,20.0,London
IsW3QQ4D,,London
dGBfqCl2,45.0,SF
cNAnX26C,,SF
lc73apow,31.0,London
PMMn1s5l,67.0,Berlin
BmvNhU6u,60.0,London
YKv3r28s,68.0,SF
AcEhQ9W3,41.0,SF
GWh3oWgx,52.0,NY
ntXeG6AS,69.0,NY
2QxUuoAJ,51.0,Berlin
PFBksv89,41.0,NY
7FERZfjJ,23.0,LA
Msk9tHtt,,LA
kdS0sFFX,46.0,NY
fYAjLJlw,53.0,LA
AfmYCeeF,46.0,SF
RRQsyjg2,30.0,London
nzfovTOF,25.0,London
0lEtHJf3,32.0,LA
fulqKuEK,50.0,SF
h9xMEXrk,42.0,SF
G5wJ1E6X,33.0,NY
ZlzrXSBG,38.0,SF
1oxIrppI,69.0,SF
72vFN9iz,54.0,SF
0GwFp6VS,62.0,London
Sq72kWcb,34.0,LA
aezJTzRW,51.0,NY
kgWXzeUX,30.0,NY
H0cMs5UX,51.0,NY
JXWWDHcl,60.0,Berlin
4MlDApDh,32.0,LA
bok6rRRB,,London
0UIuUB64,39.0,LA
IwPukvLF,,NY
lOBgJjVn,,London
9HLPki6z,,LA
T1eA2kHT,64.0,SF
cO5Dcsrr,56.0,LA
lYW5CXNg,40.0,SF
nfkbd1jE,,NY
rWOc6T4h,25.0,SF
BzgsFLDw,18.0,Berlin
QB1ok5uS,58.0,London
KpeWndwu,67.0,SF
eyq5Bmnx,34.0,London
Hb3OMkZK,34.0,SF
yt7NeVUA,25.0,NY
KN4sn6fD,20.0,LA
OUyNdu6q,46.0,SF
cWvkvdme,39.0,NY
KteDuCIS,60.0,SF
QqE54vZ4,19.0,Berlin
PT8rQnto,19.0,London
yoD7YhhF,65.0,SF
VQVcM4ft,34.0,NY
js0HDLzW,26.0,NY
ThDfsY0T,50.0,LA
w7HoWDh1,46.0,London
aQIjbgqZ,,LA
3CUxrQdD,61.0,London
3waJtEgw,23.0,London
zBNW0JeL,60.0,SF
gYX4iiRj,23.0,LA
LDbuKmew,69.0,LA
LMkStYm9,54.0,LA
BDEjwh2e,62.0,NY
xn5gVqv2,18.0,Berlin
qb5c4rBY,33.0,SF
1DuYWUpi,68.0,LA
uxgFeyah,28.0,London
SUucEphV,39.0,London
9090gMZh,51.0,SF
6uHfIFu0,18.0,NY
J23v6buy,30.0,LA
0Dbtd0Ti,66.0,Berlin
lfSOAade,63.0,NY
65UGtZdc,66.0,SF
bCOuzF5E,59.0,LA
v7TM4vwJ,45.0,SF
KSGyinyT,66.0,SF
YWuc9YaA,,SF
UCnlm2mL,55.0,SF
9a8xclUO,47.0,Berlin
WMz8FVOz,53.0,SF
BPOPJSBN,21.0,London
jVNxvBTk,31.0,SF
7NgQvLuc,,Berlin
XsH0f4fv,40.0,SF
2fHtQbK5,,LA
Sstyxl6n,63.0,NY
QOPbu99V,32.0,Berlin
z4azwyGk,40.0,LA
LbrFFSKK,25.0,Berlin
EikaLwDQ,28.0,NY
qarR4MC1,24.0,London
pXpdkzTq,40.0,NY
9AdMvACw,62.0,London
m2K7dWoH,,SF
cdIMCbaN,,LA
DHsvEK5m,44.0,Berlin
hOzgTcKb,,London
5S5GuEVJ,64.0,Berlin
JANtyURJ,57.0,NY
lQpQCPmz,19.0,SF
2WZXGwvX,,NY
SqTUUusO,65.0,London
2DmHaBZF,,LA
4M4TM2y7,25.0,London
qsmTzO5y,,London
AY13NmSD,,NY
Z97uUC3i,34.0,London
L9QxZNl7,,LA
fsPZVZVL,,SF
lEAo0aCb,48.0,NY
DSRUGYDP,68.0,London
lB7aDdke,69.0,Berlin
qAUcR3Ri,30.0,SF
VCpXSory,32.0,NY
RIASk9NQ,43.0,LA
GDY0Erp0,49.0,LA
QmUr6XYA,62.0,SF
gdD9iHMr,,LA
IqCi7WZ0,33.0,NY
gnnRxkqE,26.0,NY
JdpSpbJ9,36.0,NY
EEed5bZL,,London
10VT25xZ,57.0,LA
pBbCV6Ps,63.0,London
ot7uFWBy,68.0,LA
riFj2Rd5,62.0,LA
ulpgz30d,,LA
b9iwFvc6,,Berlin
3dVKuZgh,54.0,London
7Oh4uphm,,SF
ClwHuFDN,23.0,London
5J4jh5pd,22.0,LA
gj6Xft7q,38.0,SF
ZfDTQlwM,44.0,SF
8xbv6hKt,61.0,SF
5PLK0o7r,,Berlin
4xk2Hfcy,25.0,NY
YKYCY5bk,39.0,LA
HUX8h4YO,40.0,LA
YCVVtUbQ,42.0,London
LmQY2FIu,24.0,SF
XJEp7VtH,31.0,Berlin
IJl3t4RI,58.0,SF
HaKqDJk4,46.0,London
876HNsc6,34.0,NY
3pFseRmz,68.0,LA
NKh4uQlV,23.0,SF
4bisKB0E,,LA
HiMgePq7,36.0,London
cHoj9LSf,,NY
xc8UDy3r,47.0,Berlin
vA67swCe,,NY
ugaiPwfA,50.0,Berlin
LVoM3cxb,54.0,SF
twqFn2Ct,62.0,NY
WKwytfns,28.0,SF
vEAu3prM,,NY
lw8pPhtF,27.0,SF
7iAnMxyj,46.0,London
pYYeh0ug,,London
Xu2HN8Vg,37.0,Berlin
tv2i1NHV,36.0,NY
d27FitpQ,41.0,NY
FejWSR7U,45.0,Berlin
qdfQze01,19.0,SF
so0uzdNv,57.0,NY
hxKCe0OV,35.0,Berlin
lVXpfdhE,35.0,Berlin
pdHyFnvn,19.0,NY
p6IHxobR,64.0,LA
iFuJlDgc,,SF
VLws9uBh,40.0,LA
wwkH706a,64.0,LA
fGfCOv0d,69.0,SF
fLBBgIby,32.0,London
2jm2jY25,42.0,NY
HS0Xvmk8,62.0,Berlin
Rzr0WRqp,35.0,NY
Olts4s6Y,38.0,LA
BRhJeE1m,64.0,London
dXFEcWtH,49.0,London
ew55O8ZS,,NY
DTducayC,,LA
E7FHXrkv,35.0,SF
UHlpF4Pq,41.0,Berlin
gYHm3QBW,64.0,London
yT9vaoIQ,59.0,Berlin
fGsDMfHp,47.0,LA
IFCGfIeE,46.0,NY
mU67fuqV,38.0,LA
ebLxOTL8,38.0,London
6lXQTzV9,,NY
uCDRZhjn,58.0,Berlin
J9I7QFz4,19.0,London
dLZBwRzE,,NY
05YzB4Cc,18.0,NY
IubECPaD,39.0,Berlin
KrlfMxFr,57.0,LA
5g9n9WZ1,55.0,LA
pJ23m455,36.0,LA
9e72bkGw,,London
eZ3hR3W2,19.0,NY
UTQQCNnv,46.0,SF
mPai250e,67.0,SF
LwvvZeXZ,67.0,Berlin
ikaTIP3F,40.0,NY
EKfpt6wd,64.0,London
DKBQBODm,65.0,NY
w2pNvheG,44.0,Berlin
GxMQLeLN,62.0,SF
FGjHCoMS,40.0,London
mPaaZvYp,45.0,SF
DDhVWRa9,45.0,LA
w80QyUrg,22.0,Berlin
SpISmpgF,35.0,SF
jglISxOM,47.0,London
BZutBUT9,41.0,NY
DRDsKvO0,54.0,Berlin
YK5UjxgS,33.0,SF
N4O5uxMl,46.0,LA
nyeBNPFZ,47.0,SF
BeZascpL,42.0,London
GzS3UsVJ,55.0,LA
vVl9b7C5,56.0,LA
Jb5d7osz,18.0,Berlin
Vq0BYyLY,57.0,London
t6ageO96,56.0,London
1XRSXcCv,56.0,LA
o5R2AEzn,48.0,NY
9vyKG36H,56.0,NY
j5aBvMvj,48.0,Berlin
hsGgxibv,,Berlin
xAOE7TYk,,Berlin
zxwPh9ST,42.0,Berlin
3BM41aBf,40.0,LA
f8wkmK7j,60.0,Berlin
ZCUEd57j,65.0,NY
pz2KGFcC,45.0,SF
VWgeJW70,50.0,NY
AO8cnqpY,,Berlin
PrXBinxO,43.0,LA
EnmXfydg,41.0,London
bzh5ch7n,,SF
MvmVuBlQ,61.0,SF
pwc0db5A,34.0,Berlin
MkxrTgWu,62.0,Berlin
S3ba6bP4,54.0,SF
RjddiMRn,,LA
2xJ98xNv,19.0,SF
g9qwVL76,51.0,LA
TvAboPtq,37.0,NY
vic0Cb4u,47.0,Berlin
Ka1FlsZL,33.0,LA
WM5fo4pH,61.0,SF
0jBT2Aue,21.0,NY
Ow2BnzdS,48.0,SF
gYKv0O92,43.0,NY
9TnywYOq,58.0,London
D39zVBXU,,NY
p02MTAMJ,19.0,LA
heVXGCP5,25.0,London
Vk0BjsxA,31.0,NY
sE1XeDBu,41.0,NY
V0Mp1KJ6,60.0,LA
v5iuEZq3,57.0,Berlin
jFeNP9Ri,58.0,Berlin
n9SXjLhN,42.0,Berlin
QlG5olWA,24.0,London
eHf4DDWD,49.0,Berlin
F3umen6J,40.0,London
Q548bR88,,Berlin
e6YDNgId,56.0,LA
zthbhRcv,43.0,London
xeVtOkdw,59.0,Berlin
RWgSXtNR,24.0,SF
KUnJQl6y,64.0,Berlin
UqtrK5so,67.0,SF
PCPtyzSx,,SF
JxEGG8n6,21.0,NY
tsmTZXRF,61.0,Berlin
zA3ED1YF,,NY
tRPe8E5h,69.0,NY
sOBYv3w4,35.0,London
N3tWlbnQ,24.0,SF
V7P7CxqB,,NY
cta40Vlt,,Berlin
2RWqTE0Z,,LA
wlcHIwNJ,41.0,Berlin
HFMKpE35,57.0,SF
cJ2I8TU0,,London
5Qzhj0sX,67.0,Berlin
wbnVE2eu,55.0,Berlin
mOf0pV5r,58.0,NY
5GaCzeVW,29.0,Berlin
YIYyb6Ru,26.0,SF
1PrDWQnJ,32.0,LA
jX6fkwV1,30.0,NY
3XRkG3ZW,47.0,Berlin
0lNEm9M2,52.0,LA
uYs4XKaM,52.0,Berlin
dOlQScMV,43.0,London
IEKJ9c7E,,SF
LUaStppm,38.0,London
oPSgDIfn,38.0,NY
TGuWHgTZ,30.0,LA
Tmk1GfWM,38.0,London
fXxKIKDl,41.0,Berlin
CAynm20v,43.0,London
lcyWhpTG,,LA
EdH9hkIQ,48.0,Berlin
w7lK8diN,47.0,NY
Y9iW5NDw,41.0,London
bsE5Mebx,49.0,SF
8wAcmLXB,47.0,LA
s6iUlr8o,43.0,SF
KTQcrtMi,,Berlin
0580xRfW,35.0,SF
aUOFEByV,58.0,LA
5sPCxtzd,66.0,LA
WTt73w1d,29.0,SF
0xI8rPqp,,SF
RZjU01NG,40.0,Berlin
vcm6uywU,45.0,SF
VzujgvPB,34.0,LA
Bj1FQbF4,32.0,SF
WR4IqM3A,40.0,NY
QhWTcEYv,51.0,LA
UY1RsvJH,,LA
NRwM5qPa,21.0,Berlin
7llhb5nS,58.0,Berlin
DZQXdy5d,,London
3A8LusxC,19.0,Berlin
bfj3EQEs,,NY
VIfjZBpa,41.0,Berlin
7IZf0HCr,48.0,London
USl3Ywg6,21.0,LA
Cb9UzT7F,61.0,Berlin
tET56pQ3,51.0,London
TBEzADEl,,Berlin
xnb31B6r,48.0,Berlin
wqg5lEfO,56.0,LA
ctx3sMvc,,London
dvZHXXpG,41.0,Berlin
J7eizbSx,42.0,LA
5iLEz1BP,22.0,London
1YAtN5cR,27.0,SF
kgOsQ3y8,35.0,London
D5RpH0hr,,Berlin
M166lULD,28.0,Berlin
0UkasbdP,66.0,London
pVZZsFSX,47.0,LA
NXWh1wSY,60.0,London
Ipsx38AL,22.0,Berlin
fa6WOxuq,23.0,Berlin
mvXSIu7Y,31.0,NY
nYK01Xpf,,LA
s2zmKqv0,31.0,NY
n7qBON8R,50.0,Berlin
UNoJkqsf,54.0,LA
ggSevlMp,22.0,LA
kXTzBx9m,57.0,LA
ZrPM9pGI,31.0,London
RXYiyEG0,57.0,London
cRjAibfH,26.0,Berlin
GjX3o785,44.0,LA
Ld1Il13k,69.0,LA
109wv8NE,20.0,LA
SIr8vKtk,27.0,London
kfE6NqQU,,Berlin
uvhlHBdd,28.0,LA
izxm3jyh,51.0,LA
YOi53eIx,18.0,SF
68pgPcX9,,NY
Al7cmHCT,23.0,London
TUnivzsE,25.0,SF
KlSgAeNA,48.0,Berlin
Y4aRiuLz,23.0,NY
tfnoWBeC,48.0,Berlin
YNTZDgTt,51.0,London
YJdLAvuV,57.0,Berlin
BQS5PFMs,46.0,LA
oIIKZht5,20.0,LA
XcW49q6H,39.0,Berlin
jQud9ZRN,29.0,Berlin
J9orUSeG,55.0,Berlin
mBBnNX1p,36.0,Berlin
7BUDdote,,LA
4PVUM2T8,40.0,SF
goWIdIAM,30.0,SF
Nle7t9vT,21.0,Berlin
qQ4MY2Ye,38.0,Berlin
Izwwiuiz,31.0,NY
P0YjIobY,53.0,Berlin
Sy3DQOpd,,SF
CxELyNDH,24.0,London
YovAD1Ep,30.0,London
TKrMC49M,52.0,Berlin
7etPQ2T0,66.0,Berlin
AfTGnYko,50.0,London
CpsrUGtw,28.0,NY
E6xYEhIV,68.0,SF
w0Rbwi8D,56.0,Berlin
UUqCJMrj,42.0,Berlin
PzQXXWuh,63.0,NY
U3UrnJRI,56.0,SF
xWFUMszc,41.0,Berlin
ACPPETyH,39.0,SF
wTxUzDNq,60.0,SF
G2w7914Z,68.0,London
gZmrQpEr,65.0,Berlin
rbGtXkZ0,66.0,London
fxDooDk9,63.0,SF
0oE5Il46,39.0,Berlin
CLYCLoPD,,LA
Yci7MjCb,35.0,LA
iTTAecyY,61.0,NY
PfKt2eIw,62.0,London
zzjR86lx,49.0,SF
LzNh9Rhr,,LA
D054XcQr,27.0,Berlin
MnAIYLYR,26.0,SF
toctAUh4,61.0,NY
s4R8ktvx,42.0,SF
igkRAHwP,21.0,NY
pTbHons5,55.0,SF
U3IeyOSY,63.0,Berlin
QSwxpUg5,53.0,London
DyE7ecsV,59.0,LA
3PvcibGL,54.0,SF
hkCUHgFw,56.0,SF
RvSoDhvD,24.0,Berlin
NHBVMSNX,59.0,Berlin
6ENFiLGT,43.0,LA
XxIQ1Sl1,37.0,SF
uqmJ0GDP,,Berlin
ENPY2jrL,64.0,London
M20ESRFL,38.0,NY
XjwtZLBv,22.0,NY
9wPJpUwt,47.0,Berlin
V1nYvs1I,65.0,LA
46GrgzSQ,,Berlin
jOjw2trG,53.0,Berlin
nEtmuaF0,55.0,NY
s34zVmKN,,Berlin
u2ugeE1l,40.0,LA
ZU9hCn6M,65.0,NY
SMuCQtXq,,NY
4D8UmvQL,23.0,NY
W21USOzT,60.0,London
KwFirzkX,63.0,SF
27uRgtyO,,Berlin
Ks8R7KZ1,32.0,London
p3BLtd4S,18.0,Berlin
XvVYzY8k,53.0,LA
0aXcqyT7,56.0,SF
X9XH6gO7,45.0,Berlin
91FakHp8,27.0,Berlin
OcF6X69G,50.0,SF
SDNfssUd,63.0,LA
S6I6lTeq,41.0,LA
wgCYrMmH,,Berlin
QK97VDUX,31.0,SF
S1TYvMyj,49.0,NY
nueodMQz,36.0,NY
GkPKks1M,,London
gWRNseaH,,SF
zUPjDWNZ,,LA
NxdObsOf,,London
5rJTmRyc,55.0,LA
DPK4ag4u,28.0,London
1FwaE7cD,49.0,LA
8mkrCKqX,46.0,Berlin
6umQSbuy,,LA
12iDxsfw,46.0,SF
16LAdfQW,,London
TuNpm0bQ,28.0,NY
0H2usMkB,66.0,Berlin
lCznmjHZ,37.0,LA
7AGYcE4r,,NY
0cBz3C2y,31.0,London
RxiuE4Ni,44.0,Berlin
RaDzmCef,,Berlin
yyGSwiey,21.0,Berlin
z5IqJVwg,24.0,NY
lNbchBF6,47.0,London
f3ALyVGu,27.0,LA
sZhfecXV,24.0,London
wNx0wnt8,22.0,Berlin
tlaOmfMW,21.0,London
zfp7WmX8,64.0,LA
ZO0weWHs,53.0,London
arhcQC6J,32.0,Berlin
s66IuhEX,56.0,Berlin
uNrvGy2L,55.0,LA
e0FMkaPW,53.0,SF
18czDkI0,,London
8gAvmkT5,19.0,Berlin
ub6gOAMU,32.0,London
HcaWKS6O,,LA
vZwTCDWV,51.0,NY
RPhy6tBX,30.0,NY
Ce8ensTb,42.0,Berlin
510M3psi,31.0,LA
QOipq675,,LA
HAd8Uwb4,65.0,London
tGOJWktR,26.0,Berlin
6bPShthl,66.0,NY
qEsTfgdK,52.0,LA
DAd4twkH,39.0,LA
jeMdglCr,,NY
FugCrHXA,61.0,London
SzeOxy1E,,London
2jU7OwcW,31.0,London
J6toe7ly,,London
hytfeR29,22.0,Berlin
FS41XHhE,30.0,London
trYzoAVJ,64.0,London
PPAvaZyb,48.0,Berlin
8VKd5CoE,,LA
gD3J1BNe,27.0,SF
i5WedaBC,65.0,London
5e8bCWiq,40.0,SF
KkHw0sK0,46.0,NY
KKTbFv9Z,33.0,SF
V4TEShEE,34.0,NY
6948VkDm,24.0,SF
VGjAqII9,60.0,London
SfA4endL,,SF
7NLSHfJI,61.0,LA
DIaWfXsS,26.0,SF
2gzWqpf2,24.0,NY
sbOcUv2L,31.0,LA
e4bLYBYy,33.0,SF
iYAzkI7i,27.0,NY
axwXHzpM,22.0,NY
ZLd6ng1R,,London
BOArwSdT,,NY
RW27Mop5,39.0,LA
G9cUpD8x,41.0,Berlin
5PFwLWvw,57.0,NY
CgQUA6Mi,59.0,LA
iYqK5J87,39.0,Berlin
OCQM0Hlo,,SF
27uiLONy,63.0,NY
EAVePMyZ,,London
UbNnRhGu,20.0,SF
TaIlrmOx,64.0,London
Swhd689i,59.0,LA
LUwv9tYR,,LA
Y3ffLwQB,36.0,Berlin
mcFBVpJ6,59.0,London
EYZ5US2C,63.0,LA
FiHp9jMA,25.0,London
34kr0ENk,40.0,LA
QbqvmCNm,37.0,London
k3KfH29Y,,Berlin
qaNCJNMg,23.0,SF
Uf9PcN3l,32.0,NY
PDcCfkv9,22.0,LA
g0dKN5AN,,London
dwcV8hX3,26.0,LA
kU8smH8k,43.0,LA
Dqg96pp6,,NY
em0rKhbg,48.0,Berlin
g98bL6Vb,23.0,NY
873OKoDL,18.0,SF
pVAQUb73,36.0,SF
0O2l2cT8,32.0,SF
za7CvdR4,51.0,SF
9lrAdxmq,36.0,SF
Xv93Ij1g,,London
ch5rC3rI,28.0,LA
hxj5PMuy,35.0,London
yp3t69qL,,London
HNK2jLOG,63.0,NY
xLud9pRh,68.0,NY
Wny9xgiQ,26.0,London
zpAGJIsO,28.0,SF
iVlppPUp,60.0,Berlin
Er2f8i2R,21.0,LA
DPvnM9g2,35.0,SF
IWwsubki,61.0,NY
0yMMwggm,,London
3xK7Bmf8,58.0,NY
NdWMtix1,,LA
U8hHJjDf,,London
wMEMVGbR,42.0,Berlin
b1fwXWyZ,26.0,London
xaR2hUbY,56.0,NY
2kiGw8AF,,SF
a3RzNhd9,,NY
AxWCEOl1,34.0,LA
JTNJKdMp,20.0,Berlin
2Dh5BEkO,,LA
YYKPyAgW,18.0,LA
KcfJj5Wz,,SF
zmok2LxK,,NY
lyWOO5St,37.0,SF
04nMw359,37.0,SF
bfQhcYEo,29.0,London
oYUEukHX,34.0,NY
InIVt0GN,38.0,London
1ay8V2YW,57.0,NY
lAgbNzzv,41.0,SF
FJuVOqRp,47.0,Berlin
odokVKvp,40.0,London
5pyWtK1n,,NY
8xwJeyvV,64.0,London
MNs44su7,34.0,NY
KtY1o89v,19.0,London
VWg09n70,59.0,Berlin
AJQYeeHE,41.0,NY
mISeHf2Z,50.0,Berlin
WnYQt63q,62.0,Berlin
Mmn4x9yy,61.0,Berlin
Ob39NEKt,,London
MH7gmb97,,LA
BDMjgvXI,59.0,SF
l2pSyavB,51.0,LA
ICTGt4XB,39.0,LA
oV0Zl6vc,48.0,London
xmSUeIN5,32.0,LA
eBWGunIw,,LA
52WQX66F,,London
LAC35PNt,,SF
D2eXuCQe,,SF
vV4X2eVK,19.0,LA
RiekIzrR,30.0,SF
L6UafGta,,London
shBn7KPk,,Berlin
QXNwpBmQ,66.0,NY
vM7StD7E,33.0,London
1sj4mnMS,32.0,SF
8bQOWITH,42.0,LA
p15mopHl,29.0,SF
E6wALKPH,45.0,LA
dh4wFeCB,58.0,NY
vMCRJy93,29.0,Berlin
hVHjdYVX,38.0,Berlin
uqAjwHcL,29.0,London
2Vahlzaz,68.0,NY
31Tk9MUp,66.0,London
EXXqivhE,33.0,NY
UbJloyhn,,NY
ayUBXWSk,27.0,Berlin
hQOK3MTn,69.0,NY
Uww9yoiV,19.0,NY
lExHLVuF,44.0,SF
CIAmM1XE,69.0,NY
oGBiXY8L,47.0,Berlin
AAgXvwZh,50.0,Berlin
8eRhvInH,33.0,Berlin
BrxBRRUC,27.0,LA
on6evfYr,32.0,London
dmmHLglJ,43.0,NY
iFfwz10g,,LA
29I7Ecug,,Berlin
MLt7YYTG,34.0,Berlin
ausqh4aa,62.0,Berlin
WHcadb5u,,NY
g5TP6Wqc,67.0,LA
2J6j3jgR,40.0,LA
VO6EvTDz,,SF
T5l2lciQ,,London
DsVk3mpo,60.0,Berlin
kdKnnXTH,42.0,SF
NfYhvSZy,18.0,NY
S6afwBOR,42.0,SF
fL0L4NEk,,Berlin
ec6nwMgt,33.0,SF
eXIRXEAy,,Berlin
07HiPFt2,58.0,SF
mg9qTny2,,Berlin
C9jFU6A0,27.0,LA
hoNRoF6H,,SF
wQViyVsO,,LA
03DqGPXd,59.0,London
ZstCw062,24.0,London
BKkCBYIa,23.0,London
ePegI9h1,62.0,SF
hrYw0qbs,28.0,London
p9voRDu7,41.0,LA
yIYQKvXx,,LA
G4Jw6uwD,,London
CgYJKRfS,54.0,London
csRIMILn,20.0,NY
M1J2WxwO,21.0,NY
Avb01NTU,21.0,SF
kTWcknUp,58.0,NY
zcs71Tcx,18.0,LA
ScqF6vez,47.0,LA
ndNTcLOl,,SF
ogSHcX4Q,,SF
HvOHoxGo,48.0,Berlin
N0mrM5IC,54.0,NY
jdeztqnE,67.0,Berlin
cWOqDZ8p,22.0,London
7rS1V5CY,60.0,LA
LOjrXGjY,38.0,SF
OXrVdCG7,52.0,London
YLrCwj7d,21.0,Berlin
KG0DdW5y,24.0,London
HrZLpSDE,46.0,London
iL3Bkw5h,53.0,SF
Ccwcme9l,52.0,NY
pLOpRHtM,,SF
malI9o41,59.0,SF
Y44Q3uc3,69.0,NY
EapOcAFN,28.0,NY
XeYj1WsC,67.0,SF
jfcyuvdq,50.0,NY
HzRSbknR,58.0,LA
fEgGXGwj,34.0,London
Nw2U7qwD,29.0,London
pmfDTpcg,18.0,Berlin
XSRJbJUo,40.0,SF
MedPcwYy,,London
PYCkEU7u,31.0,London
svIu92jW,58.0,London
UaHlrQrO,61.0,NY
i2WFxzEk,57.0,NY
h09SqCVp,,London
aCqvI0q7,31.0,LA
ihKQeoXF,51.0,NY
yWqCNgAX,19.0,London
UHFL5rKu,37.0,Berlin
UVz31GVQ,34.0,London
GyQEnG01,27.0,SF
hrYCZJvU,22.0,London
C5j3t8RR,50.0,SF
0LKur8eo,54.0,Berlin
jqyG9qi3,,Berlin
MGOLKhpr,,LA
a5qRhzR9,63.0,London
oIrau6cY,28.0,NY
33V4rSJK,38.0,LA
jCYr3yju,21.0,LA
OA08SUY5,42.0,SF
MfueqY5f,58.0,LA
4EeELFcb,52.0,LA
vjhizVEF,52.0,LA
ZtjA5Qrz,52.0,SF
ce5HwAbD,56.0,Berlin
azJPR8B9,50.0,LA
FZwlq4fR,30.0,Berlin
HmHFckp3,,Berlin
G8w876Bn,61.0,SF
zCZotfj9,57.0,Berlin
SXoeBd6L,68.0,SF
dpp7iS5R,55.0,LA
BdRmXpki,59.0,NY
Y6VM4PP4,,SF
54vxmDMt,47.0,NY
P5LJaWGj,44.0,LA
fXaH2rxu,52.0,NY
IazVHTjK,45.0,London
ln6EZNz2,,London
gliczSpC,59.0,LA
PpQ29k2S,62.0,Berlin
D4bFN1yx,65.0,Berlin
xcQ62oKW,25.0,SF
pE1zHoci,43.0,London
YlBQumri,60.0,SF
pUyI0NJE,51.0,LA
qITlMq9L,68.0,NY
tCJ1Hf36,46.0,London
6L0hR97M,19.0,Berlin
rwZE7wQQ,23.0,SF
bp6tkXNk,,NY
6QIEU8Np,,Berlin
2HRrEmHj,24.0,Berlin
rk8UbuDZ,28.0,LA
5HgklwiC,33.0,Berlin
ogJuzeSS,23.0,Berlin
uhXqaFkC,54.0,Berlin
rTWp3HVV,26.0,NY
btcCFFKJ,20.0,NY
sNySEDWD,,Berlin
Iy1oezRr,25.0,LA
oEYIBgOF,57.0,Berlin
TUmuriQk,34.0,London
ZOXQehMt,55.0,London
ruLoLVzF,61.0,SF
38erepdN,23.0,London
h0z2wPI0,64.0,SF
ZwgAGu6Z,28.0,SF
wtVrjVXA,27.0,SF
hU0i0kOx,19.0,SF
xnw7pkmo,46.0,Berlin
QKaYyAVJ,23.0,NY
BzJYJOXS,68.0,London
jh3wov6T,,London
06pvrWem,,London
a4HwnJhV,19.0,SF
tP6OIWAW,,LA
YhiYOdyz,58.0,NY
nnbqJs8H,57.0,LA
C3EqQ54a,47.0,LA
zoUzZHpV,21.0,London
0JvvxsMB,18.0,LA
iPZAvCP1,,Berlin
3sVHmrt2,28.0,LA
JQvyAxBE,24.0,LA
92VwCA4u,,London
QgeZThjs,25.0,LA
WV6YIp7c,47.0,SF
trXUNWrE,32.0,NY
4ALBR60l,,Berlin
cw8HNhpd,63.0,NY
9fVIjlRW,19.0,SF
Gf9hSqZm,59.0,LA
pz2KZpBx,68.0,London
2f3R2cb6,32.0,NY
TS9FRG4C,39.0,LA
Kz1LJx2G,,NY
N0XWPS5v,51.0,LA
sxRUmU9G,66.0,London
PYGD0cJ5,,SF
HSSNm6WV,21.0,NY
wDsFpoxH,42.0,Berlin
PFabdRlD,22.0,SF
egIfHkVI,29.0,London
s4jQnn2J,,Berlin
hE9lzTOL,,LA
qjig9UCN,,NY
mbyc8bdw,,Berlin
OJBcDGwV,,SF
tmqQ9CEc,,Berlin
SITaPnzI,44.0,London
PIaQ5LWp,35.0,Berlin
sDpsWa1p,42.0,NY
wBonCU6q,68.0,NY
Zl5mdpzG,,LA
vcGclpsM,,Berlin
A97tPZAf,19.0,Berlin
xG75R7z2,28.0,London
OqwX407o,63.0,NY
5vQhK8xF,54.0,SF
16OxDNby,47.0,LA
PVpOhwMb,30.0,Berlin
wjId997H,57.0,LA
dEDpe9Bp,23.0,Berlin
W0sWhHac,29.0,Berlin
GjKRkwxm,56.0,London
WFjuhFHn,60.0,Berlin
M8UnCUgz,,LA
mC8nC78V,26.0,LA
gMpOP1rX,21.0,London
4skkMHld,54.0,London
WnQGUb9b,,LA
Bw7TpoZb,,LA
XioPDm8n,29.0,Berlin
b8kwYT2E,35.0,NY
Ut29r2nm,,LA
mlsvk0qL,64.0,SF
zNINSGxS,57.0,NY
OD6vNM7s,60.0,SF
kxMqf5je,63.0,NY
OnM5LBF6,56.0,LA
cD7bfTpi,46.0,London
J8Y2jgcx,65.0,London
zUzaRUD5,57.0,LA
Dr9Qhja4,46.0,NY
gdBmGmZF,,LA
SlipmupA,28.0,NY
BAk36A1Z,50.0,LA
OzN7lCuk,66.0,SF
1qipRMor,56.0,LA
LEG0CcH0,35.0,NY
zm3EIdsF,61.0,Berlin
2GczRoDt,,London
ANaWJbIF,,Berlin
2LqeKfyS,39.0,LA
uUoFJqWe,,NY
9mBb9PW9,38.0,London
iEHrUqgi,54.0,LA
hM2eMmJ9,44.0,Berlin
nRrYDnaW,55.0,London
tDlMtfdY,,LA
ERx0sGyK,40.0,London
vPn7NSvg,51.0,SF
RffB8UlM,29.0,London
lvuZ41He,28.0,SF
k1M3Nx11,53.0,London
KlSnJJLL,49.0,London
nVomCKPn,56.0,London
2Qxc6Krj,54.0,SF
R8rpnCci,60.0,LA
IIIMDVrV,33.0,Berlin
8WvSnkBN,59.0,London
mUQxSU4a,,Berlin
NI1nXrMZ,,Berlin
bXQtFOfL,,London
WoKN3v2h,30.0,SF
wee0nD79,53.0,NY
wnWkdV8h,28.0,NY
olDDeyDI,28.0,NY
ZlNRFPEq,65.0,London
bcePaC77,37.0,Berlin
SzBtKl4f,46.0,NY
kvST2LCT,36.0,London
r6f5Xl8n,47.0,London
CZvm17hg,,London
iRhbta8d,34.0,SF
vINFyW4e,35.0,LA
9GmI5gHu,53.0,SF
RepoqHJa,35.0,Berlin
5x82UWot,60.0,London
LRaHd1pO,,SF
1ItL2GfC,59.0,NY
MaqfqVSO,20.0,LA
zRMNdfxm,64.0,London
TevpyZ8I,,SF
Gs15MWr5,,NY
jvN7tM6X,56.0,NY
POfuuwMN,60.0,SF
TtZZGH4p,45.0,SF
jDtEayQY,59.0,Berlin
zihwYxWF,26.0,London
0GXyivsV,37.0,NY
NJaVXGPh,35.0,Berlin
Lfsl4OEH,42.0,NY
nYDQufpY,38.0,SF
5RPS4Gd2,62.0,NY
EB9l5kTW,43.0,NY
nvARITpA,40.0,London
UWlxLgzi,,SF
Sx8Q9RvR,61.0,NY
0RsOxaPm,30.0,LA
PDeR8x0P,,Berlin
05QwcCFg,29.0,NY
z4omtuvV,53.0,NY
UAF8JyWV,,Berlin
ZIdDCylj,31.0,NY
3ivRSKSl,52.0,SF
8FMsW38E,51.0,NY
Ou8ajixd,,SF
Lxa5T48D,46.0,SF
cTOhSm8N,47.0,SF
6zQNVU55,24.0,Berlin
Fevz08IE,19.0,SF
7cRmBUGu,35.0,NY
GABFnA9e,43.0,London
LLScRWS9,34.0,SF
U5Gx4b5Q,63.0,NY
tnccZmfK,29.0,NY
KATPjMyt,67.0,LA
zvEUDM5O,49.0,NY
lyacSvTd,66.0,LA
eAhkHeR8,46.0,NY
bwW2MaST,65.0,SF
lKEiRspr,27.0,LA
hIzish51,53.0,LA
61G2SQhy,19.0,LA
IocjhHon,54.0,SF
kVAECTFw,31.0,London
KY7Bb5qv,27.0,SF
zFeM3oqB,,London
gbrq5gMY,,SF
SDIoB3Fx,58.0,NY
OXVKUB29,38.0,SF
Z7bq01b9,22.0,London
4GFUAGHs,26.0,Berlin
NCIvprnp,26.0,NY
IRjaDNmg,35.0,LA
M7I5YdAJ,,SF
Fo0aAV7o,33.0,NY
P6modIUZ,51.0,London
eZhYEsTd,21.0,LA
Qz6wmXad,38.0,London
JAdJy6oV,67.0,NY
psinS4I7,54.0,NY
LwDI6lZ2,,NY
TyJfrXHW,61.0,NY
vaB5UsBG,31.0,London
bW5kXMed,44.0,Berlin
2Da7X1DX,66.0,NY
N6l9oIEH,29.0,LA
gHih01SG,,London
lWb3R5pb,51.0,SF
NETRWfID,21.0,SF
CvcYKmLL,60.0,London
14S6oEmQ,61.0,London
jZCGwnJj,68.0,NY
zPhlS1Zf,19.0,London
bjZ7Otyu,59.0,LA
xEOozklE,,SF
ABqhJZQg,49.0,LA
49lWUPHV,19.0,LA
v2TuGv7Q,39.0,NY
YVXRRrSv,36.0,London
L1DfCk7W,43.0,SF
mSE7CpAz,37.0,SF
lSv97Zvr,53.0,SF
w5HoCmpI,,LA
AI6yWw7Q,69.0,SF
upHDxxXp,67.0,SF
C5rofYJu,,LA
I6WU57Cq,37.0,NY
G23RhlWg,62.0,LA
luUcSFVV,41.0,LA
9ztmg4Ri,,NY
Rtu8MGRW,,Berlin
sLmTMCiP,48.0,Berlin
RZWVG65W,69.0,London
tlGmoCZR,,London
sCDhdjfY,32.0,LA
9lhmSQot,63.0,London
HN6oka1i,24.0,Berlin
jGUZBFKF,,London
j6MCmVVN,40.0,Berlin
hiY9RX2I,46.0,Berlin
eDiOYpHg,58.0,LA
fW9L802x,21.0,London
BLbQkLoj,48.0,London
oSu5zV5S,35.0,NY
8y4u7r2m,62.0,NY
SwtOGGkw,48.0,Berlin
t6sQKirW,64.0,LA
VAqPphDH,53.0,SF
miar8ftG,,London
jmPbfYHa,27.0,London
Vo8gHiBo,24.0,Berlin
sP6WWIYZ,55.0,Berlin
neOAeFR5,62.0,London
BWTU60pN,45.0,Berlin
F0GoKFIB,35.0,LA
4ISzOYTQ,48.0,London
WOD5KrIv,26.0,London
gc5ay3jK,60.0,NY
1fkz1zVl,33.0,Berlin
VnCe6Xqi,,NY
c2W5BmGW,42.0,Berlin
dhV6HSjY,54.0,SF
luLWSuw1,47.0,London
VPsyPVvd,64.0,NY
PNaZY78c,19.0,London
YDF0DEmA,22.0,NY
NIHJrzsh,,NY
tfpPTZBk,47.0,SF
TwlJvXfT,36.0,London
nqjcbhq9,,LA
GSL5MuIf,44.0,Berlin
5B23hFn2,47.0,London
GNfVvmxU,62.0,Berlin
BJFeMaaN,,LA
XpPj5sup,48.0,LA
jvlPNsvs,53.0,Berlin
H30Wzmmr,56.0,Berlin
ubm3JR76,,Berlin
Fvo5LzQu,47.0,LA
y6g2OIoL,,LA
wg62B6R9,64.0,LA
S4hDsbKN,28.0,London
cSXR2O31,34.0,Berlin
jGtg68c7,27.0,London
QGxi1iWz,33.0,SF
EgzjT6ET,68.0,LA
e7noA2JM,,London
QJDbhl9C,56.0,LA
yqCF2hCk,45.0,NY
6j2lp9qV,38.0,Berlin
v9xJYwEu,,LA
kHLoCW4G,40.0,Berlin
fyunGTC1,63.0,London
xNKLgEJM,18.0,NY
NxSrnBm8,66.0,Berlin
Mhxh24LB,30.0,SF
wa16AMMI,25.0,LA
uVQwKOud,,Berlin
bmFMjKNm,41.0,SF
jFDX3tVN,,Berlin
W1UFnwZP,66.0,London
mknGqTlW,,LA
iqqjyjYx,,LA
pha9Uiud,60.0,SF
sPvZDROQ,43.0,NY
KMrXlpWS,63.0,NY
2YWhSdo0,59.0,SF
KBUAdbMS,44.0,Berlin
EepqeKu2,49.0,NY
HfxBNeCh,61.0,LA
rDWlgtD3,20.0,SF
76kKbb6h,58.0,SF
dg8Dii0H,60.0,LA
LPfhoqYz,,NY
JmhAwc5t,,London
V1xxV7kP,,SF
zewQL5dM,,Berlin
xvJq9Cmf,31.0,SF
yclj0No8,49.0,London
oQforfT7,21.0,LA
fosZHhkO,54.0,NY
yxP2cohI,,LA
U5HkCajZ,59.0,LA
hHdQcKuF,44.0,NY
5Jxd8tbI,,LA
SCFMDsAd,20.0,LA
E1wspDj9,39.0,SF
63xmYFI9,37.0,Berlin
mK8jFNBW,58.0,NY
22ICyLfl,61.0,SF
kITUUrdd,19.0,London
RxAK8JwI,60.0,SF
iln3JjOG,18.0,SF
uT2FgfCE,40.0,LA
jsBvtA62,65.0,Berlin
vGsCw25g,,SF
iBzMHDce,43.0,London
Pj73LcHa,,LA
lAxCQERA,48.0,SF
FDeWSrhP,44.0,London
zXsC2rLl,30.0,NY
5kyH5fkS,,SF
MToKsNmW,,NY
Tg9N5nHb,42.0,NY
QYO0t97R,,London
5A7RtOhU,64.0,LA
r3lnKJxL,55.0,Berlin
pqr6oXFv,43.0,Berlin
1i7EaIEF,64.0,SF
PVJ3xuA8,69.0,London
rIMcHWWY,35.0,NY
x1yKgv0K,34.0,SF
1TZZxrkn,,LA
mi6MEPNG,42.0,Berlin
MGsFKPq9,43.0,Berlin
dphsulVo,35.0,NY
Of09jt54,66.0,SF
dQonpkoH,18.0,SF
uAoBVMr1,63.0,Berlin
vH6NwGVr,24.0,LA
l09sB8EA,47.0,London
mv4h9YYC,50.0,NY
iRHzcvIJ,42.0,Berlin
ADOtn5Uw,42.0,Berlin
9Qb6PjzE,,SF
o3InBDm0,,NY
MeCpHZrd,60.0,Berlin
PBeifHEj,35.0,Berlin
FXUzLfbe,47.0,Berlin
teP49qbm,31.0,NY
2Zq5n63H,,Berlin
5vG7kDUE,51.0,Berlin
4tXfNeep,,SF
xlG3Q4aC,,LA
p8dCG1kE,24.0,London
RQEYuZce,30.0,NY
raOLCe55,53.0,London
Ldcnw4kd,57.0,Berlin
IMUgXNJl,51.0,LA
UPlH2b0P,,SF
uPl4ldzU,21.0,SF
2a87i05X,30.0,NY
5kwegXrZ,65.0,LA
Oor3wEaH,,NY
Fm8lZ93i,,SF
lXHhsp07,40.0,Berlin
1kzNfZyl,46.0,NY
bjnIAWth,50.0,LA
4jgqSukm,40.0,NY
lJgdq2mh,20.0,SF
7ZG4TJol,49.0,NY
nFhC8uUx,20.0,Berlin
VR5LVpTb,29.0,SF
dtKakoAu,21.0,NY
6rK4oHRu,50.0,London
pAQKDKYR,49.0,London
zgViqBA2,34.0,SF
nDaicA2u,69.0,Berlin
VdPZDSSW,26.0,LA
YmbCDagh,22.0,Berlin
Heqfk44E,,NY
ynrI5i8m,20.0,SF
TUUi7wzv,56.0,London
ClgZxQKj,,LA
cuizXZmY,54.0,SF
WnfeCK1o,61.0,SF
P8gQvZOq,52.0,SF
FUWCjbMu,50.0,NY
64BhwmBC,20.0,London
I5Ei4gk1,,London
nvbSDJy9,35.0,London
96wEs6Zn,20.0,LA
3NBGAMQ1,46.0,NY
YZjZPs2G,54.0,Berlin
RYNY8b7j,,London
4DdkWQ0Y,26.0,Berlin
VKubjJgB,29.0,SF
5V4I8vra,33.0,SF
Uyv48hbN,44.0,SF
JcvDk0hW,26.0,London
5V4MtEVk,67.0,SF
WlvCaGbM,,NY
8SjVe2aM,39.0,SF
d6b6JNFW,34.0,London
SB1pvJhw,18.0,NY
XyiMIaeY,,London
0wfCKFhS,,SF
VbowSH6F,,NY
QMU2pHqt,,SF
A9NCwaHb,64.0,NY
Ltqi6Uop,,Berlin
6lJFtDYF,,NY
HUgHZU1G,39.0,Berlin
pnhS82Vd,41.0,SF
muzHQCJ4,49.0,NY
rMQ9DtqE,63.0,London
jUu2M6k5,19.0,NY
IMuDxSzN,53.0,NY
M3QmGp3N,22.0,NY
RIgINwB6,24.0,LA
12YkSdYy,53.0,London
BdrEyIRJ,57.0,NY
JdTidVY9,60.0,NY
XYcrhn5G,25.0,SF
Y9tqeeIL,53.0,London
I1ngBcRa,60.0,NY
1NgKGvbX,,NY
yorXRqDw,45.0,NY
TgrzHo8F,19.0,Berlin
hfEEXLmd,64.0,LA
pi0Us1QE,31.0,London
tBS2QBev,,Berlin
LZQKhWWh,38.0,NY
v8uoTqsr,47.0,London
KkHqf697,66.0,Berlin
pcB2vZHJ,65.0,LA
TFkiKh7L,,Berlin
fSusVQzU,69.0,SF
1n0Q80Q1,38.0,NY
DlvJ26UX,45.0,Berlin
Cfmetp0k,50.0,LA
1F5GR8JI,,NY
nmOZD06r,,SF
BOdttPAd,,SF
96e8M5qe,33.0,Berlin
suoZJFZd,,NY
U8hTrdMt,68.0,Berlin
te8xlmYt,42.0,SF
7PXtk2eX,55.0,London
P4CdSYaU,61.0,Berlin
HTgzI2G1,55.0,London
eQr8DoVv,59.0,NY
OkLuSBl3,59.0,SF
lqgiJ3tK,62.0,Berlin
l7u8enIb,,Berlin
YuIuLjR2,,Berlin
65ZXBZnI,34.0,NY
fC8qwelc,33.0,NY
h5xxg4rx,21.0,LA
VG3SPJX8,47.0,Berlin
yNF4P26S,37.0,NY
NHYi2TEY,52.0,SF
0laGsacR,22.0,NY
Awou6flO,62.0,NY
9KJ6qUuC,31.0,Berlin
IeZV7cxY,58.0,London
HFy5yBem,,SF
tp9kkcmp,,London
RSUOvU07,,LA
A5VBfsq9,27.0,Berlin
Kkw4rmBj,,London
L4nbOJyx,47.0,NY
gdg8QF0L,67.0,NY
UOIM6OQG,49.0,LA
zoLFhDEH,,LA
7sW8xXzY,,SF
zHvPUKsm,33.0,SF
Y9OWOdmT,43.0,Berlin
ngbEZ7Zq,52.0,LA
MLFS1Hwi,58.0,Berlin
EbWZJ6zI,33.0,London
d6WxdRKl,,SF
GMVhpRZB,65.0,Berlin
N8ExuH43,40.0,LA
jiVS4FQN,,London
XM811k0e,39.0,SF
AS6UPGgZ,67.0,Berlin
NOPw7oz3,38.0,LA
7I1bGM1z,51.0,Berlin
f0G2vm2O,63.0,SF
LJAnX1bs,22.0,London
e4yNnAXQ,,NY
btHujQTk,69.0,London
zlQK8KII,48.0,Berlin
dNpI0ANz,50.0,Berlin
71QcA52A,64.0,NY
ZK23mRR5,,Berlin
G4Zb3inP,36.0,London
SHYZ3A1K,35.0,SF
Qf2rs0wv,,London
mqvR2MoH,32.0,London
1TaclV51,67.0,London
ZqnAPtAq,,SF
2xlqNzqN,45.0,Berlin
VJm5Xpvo,,London
qEI42BW9,66.0,SF
XSWAowN0,69.0,Berlin
taET29o2,25.0,SF
180tYwmA,57.0,SF
CoXY1rOq,66.0,London
lkj5h2Td,47.0,NY
qi0TANvf,18.0,London
LXNBnqV0,24.0,SF
NRShwHHX,,SF
WHfP2LpE,38.0,SF
yKlgUKK6,,LA
cx2CnPAK,34.0,London
54lwF7zu,,NY
Hyd7JTRv,24.0,Berlin
Q4OiK6Eg,32.0,NY
lfXgXEwk,25.0,NY
0hBLr5NJ,,LA
eWH6Ovug,,SF
2f2XCaP7,46.0,NY
iM1mYzDY,58.0,SF
AxE009Nl,36.0,London
tI1Y7CHy,19.0,SF
QWgoJcOq,25.0,SF
Yo76nRAQ,47.0,London
kHIMJnto,60.0,London
snHxhKxY,53.0,NY
yqfvQ47W,,LA
tEqErq7b,35.0,Berlin
yCEeZkB7,19.0,London
hB7e1YYq,22.0,London
mSkIBDG9,63.0,Berlin
QJHaJn4Q,,SF
OKKJwTO8,57.0,London
1poedma9,28.0,Berlin
S9ebKGmm,25.0,NY
l9333bxZ,64.0,LA
pYRnv8Pb,,London
Z4AHYys9,,Berlin
1QcdXzC1,28.0,London
JhGGSrWW,,SF
npHb5S1z,56.0,London
PzCicwkk,51.0,London
7ZRQYane,20.0,SF
W6D4lpkX,67.0,London
59oJQ8WT,42.0,SF
v7x33jjM,41.0,Berlin
EC1kZWWv,69.0,LA
YdaB73Qu,40.0,LA
YXEhRyxD,47.0,Berlin
am2rxP7r,63.0,NY
2r3KKCBB,,NY
eakYuOml,,LA
yo1B5g7N,44.0,Berlin
bkbbWGuM,,London
EW0xuklZ,61.0,Berlin
4KSyPZB7,,SF
GZ5w115q,27.0,Berlin
kXCtQjZa,26.0,NY
PsxIWbmC,19.0,London
1FAuZFhw,38.0,London
zm0wde6p,28.0,LA
gb5UGo04,,SF
saTnvMR5,42.0,London
Tk2N2koh,,LA
hgHCF0ab,22.0,London
pSyWxVbS,39.0,NY
nwYE6i35,22.0,London
q3WoP9jO,,NY
JulXyzRF,28.0,Berlin
gdbKEFfD,,NY
FOv0Zivp,22.0,NY
K9SNrLKh,,NY
HdAEpzOQ,,London
YFrMA0gl,33.0,SF
7SkD5iGK,63.0,NY
UVrc0X8b,41.0,LA
0jYCg5g2,31.0,London
mRlAL9mT,41.0,SF
gvV2EqR2,62.0,SF
39AdjzNl,29.0,London
PDmRtVXF,40.0,LA
7eMZmRlD,56.0,Berlin
4VbYEwsg,23.0,London
dDh4SqiO,58.0,SF
euVRRJOw,38.0,Berlin
CpITYL3i,65.0,SF
lVvjts5A,,NY
w5hN2IB0,63.0,Berlin
sY8mWaA9,58.0,London
DnTxoZ4v,53.0,London
0f74t7Vp,58.0,LA
rJEvUATh,57.0,Berlin
Xxn0Bwwi,63.0,LA
THOTDpin,,London
friky83M,65.0,LA
IxugR1Du,,Berlin
KlxkM7lp,48.0,London
jhzwkXvI,52.0,SF
ibDuUkts,,London
X1AAthkB,20.0,LA
rqbNatxv,36.0,LA
AMxCXsLK,36.0,London
HueQ7Dzq,18.0,NY
qDFsuDEL,39.0,NY
g6wCbuS4,36.0,NY
0VvBPnMY,43.0,SF
qEpMAMlH,32.0,SF
RHbJrEbQ,36.0,SF
bPjRQPzk,42.0,London
ikhdmXsY,56.0,London
Oaza7wBK,48.0,Berlin
PWbTEE3h,47.0,NY
gcRx9TBp,50.0,Berlin
VYwsT6CD,33.0,NY
DkZvqCma,57.0,LA
LCP3pUev,29.0,Berlin
e7JvGX7N,45.0,London
x2R34h2e,47.0,LA
oH1DguJ0,23.0,Berlin
LcV8nngz,59.0,LA
jhJrZoVk,31.0,LA
tXaVs6ZM,22.0,LA
TB9HUl6E,53.0,London
unJX3RSi,40.0,LA
ir1uxcWt,49.0,London
pfuC6gai,,SF
iK5SPfcz,31.0,LA
uvOjXnbC,49.0,NY
buhfStis,66.0,London
CNNzUbBu,,SF
jaPaVJK7,,London
t6CaNArN,66.0,LA
nc6iOKIo,69.0,London
M1ldUofm,26.0,Berlin
K2dYnEX0,33.0,Berlin
y7DMgy2G,52.0,NY
VN8ICVaU,27.0,London
OfeBBzdc,66.0,LA
gvDYbKv0,33.0,LA
Fh1ucL3A,47.0,Berlin
lFtOS2ZY,50.0,London
ZI6aFl4d,68.0,LA
eRTh8VRE,32.0,SF
PioyDJxi,56.0,LA
swJFy690,,London
SrLIqBtR,21.0,Berlin
C8DaT6pf,,SF
FjSlwSyD,19.0,LA
wiOW83fZ,24.0,NY
o7NKx8ix,55.0,NY
5T7jykyS,51.0,Berlin
ZzBUyidD,42.0,SF
uYUOCAzW,24.0,NY
mtOTxypN,42.0,NY
KlOMyGSX,19.0,LA
hnxKEkF1,43.0,London
LqRm8PFu,,LA
o93aKy7O,65.0,LA
GzEGJBlW,55.0,Berlin
VMcThtbX,59.0,LA
lqGXJi26,63.0,SF
a1N1wdrk,20.0,SF
JuTdSQVd,63.0,London
ehytvDOJ,46.0,NY
EiCBXNzL,28.0,NY
ZQz6Z9Cb,60.0,London
sxMrLMlx,38.0,London
aWRb8AuO,60.0,LA
2M3rAMRk,,Berlin
TJzz2s1B,22.0,NY
53SuhhoE,23.0,NY
jI9WkkiC,39.0,London
yir3Tsjp,63.0,London
Bh0ulvh7,,NY
PhJV8K4l,23.0,NY
zt2Iq3Nv,31.0,LA
QSSU7hi3,,NY
UPCmd2YX,33.0,London
ZsRDf9s8,49.0,SF
NVbGluyN,53.0,SF
OoPvQ8od,67.0,SF
45OYolil,,LA
00sOIOeK,40.0,SF
PT0YXtJX,68.0,Berlin
mljvpqe4,,Berlin
W2HcpVJE,64.0,LA
k3ApZY1b,,SF
Y8EkFlRI,59.0,London
hHtpxAlt,42.0,LA
9MlbRPE7,20.0,NY
9laAaFUp,30.0,LA
tHNtqCNR,68.0,Berlin
dHmOG8aX,67.0,London
KARs1oTV,20.0,SF
4l6MY5tH,48.0,Berlin
iRGBYS68,20.0,SF
tzNjyVQy,34.0,SF
8RkT3ErR,56.0,LA
APQHaGgK,19.0,LA
YLvIO3Uo,22.0,Berlin
jI4lcfdt,26.0,SF
mR9LuCIx,,LA
calpNEA1,52.0,Berlin
c7X25akQ,57.0,SF
neNSSdWl,53.0,NY
ZBePRxZv,52.0,NY
iMybsXHf,67.0,Berlin
NebPI95F,47.0,NY
WzN7PME9,32.0,London
9G0z1ZpZ,,Berlin
0JRYODdq,42.0,Berlin
eAWpv5n9,28.0,SF
vZPjtrek,54.0,London
4fbHrIY6,65.0,Berlin
YiLKjCuI,68.0,LA
iwZenM9H,21.0,Berlin
DjqN0fZl,60.0,London
umCxgk00,29.0,Berlin
fMGuXmsU,49.0,NY
pAAn7Jx9,,London
Mps7GSKe,,LA
pwZ2Jsdz,,London
LDfPWHNa,68.0,Berlin
dWEcscYL,54.0,LA
zXw1xhqQ,,LA
9fwCvIeE,42.0,LA
NveGepXA,21.0,NY
G0Z4luOD,41.0,London
18OWAm1e,53.0,Berlin
5aDIlaSt,19.0,NY
SfWWmMiR,52.0,LA
BsyVCKmx,53.0,Berlin
b9RAnl2e,25.0,SF
vmIbZZOx,26.0,Berlin
WFIXZZDn,45.0,SF
PuUJESUA,,SF
5OQ3jcV0,61.0,LA
HW8nqrmi,27.0,SF
UX9ueGh0,22.0,NY
thgmpGHZ,54.0,LA
1dbEH0G3,64.0,SF
GOPFCY3G,48.0,London
WCw7LRwW,69.0,NY
fWPkbTof,46.0,London
wlJ1GMf1,20.0,Berlin
Le6bS18z,43.0,NY
qNJk0CLk,48.0,London
JukIDrrL,19.0,London
7AtC5ED8,32.0,LA
9qoDEVK2,30.0,Berlin
L5BxWfe0,,NY
Yp7DWGwK,61.0,NY
kH1x05SI,31.0,NY
0icbUr0f,,SF
jlYZyGjV,32.0,NY
JYUD7qMm,38.0,SF
IHnCg16M,,LA
rdCorEbc,62.0,SF
cwaAhsWI,52.0,Berlin
f1Bh8n5Y,64.0,SF
VX6yGhOn,37.0,Berlin
OC8Ha7EC,35.0,Berlin
gR0vZrB2,55.0,Berlin
Au2qKN9D,32.0,Berlin
feIqWzzC,29.0,NY
4sOaPjLP,51.0,Berlin
AayibB3L,22.0,London
LJqMQMgB,,LA
iNB8HMS1,,London
MfWQXkFi,30.0,NY
i8LA3BmM,,Berlin
RMx2BOcN,,SF
flEN2mPN,57.0,NY
tYvvU60m,20.0,LA
6HIXfpQk,69.0,SF
zCbgffAx,19.0,SF
eQbIqtuh,42.0,Berlin
4k5BB1sb,20.0,LA
90c09DBx,28.0,LA
iU5kM6mk,28.0,SF
8vLp4xCE,27.0,LA
bfIgcM2F,45.0,London
FDXA1h2F,28.0,Berlin
2cj5Schq,,Berlin
B5Q0VkVe,24.0,London
4BPMtw6Y,46.0,London
iL87Ti96,18.0,LA
xabIy84T,,SF
JemGbXV7,32.0,LA
NjxQQDcm,24.0,London
CG4Ua1vd,,Berlin
jY2c1vl1,20.0,Berlin
ySK1nrF1,,Berlin
JhTba5is,,LA
rRzxXKUj,,London
Ft5AtNYP,37.0,SF
suLVAJc0,27.0,LA
QpulgfpF,52.0,Berlin
PWMtrACf,43.0,London
C7IUEiC6,47.0,SF
t6RnJOjT,43.0,NY
MX4M9Wrg,,LA
ncYAK2EJ,37.0,NY
7VIjRl2e,68.0,London
pVHIOeFt,59.0,NY
6pcaUFiU,26.0,Berlin
o6sW3iFx,28.0,LA
lgutVwlB,50.0,SF
gFd04idC,47.0,Berlin
qCc2D6pL,47.0,London
g7X5QVKW,69.0,LA
tj9EQE3p,62.0,London
alP9xge2,,London
RZv2HNtY,53.0,London
jWmGAIfM,41.0,LA
fJ0D689i,48.0,Berlin
nLPNEqv9,40.0,London
n9ucRlb3,,SF
hb6r8AOK,,Berlin
paLUJblj,57.0,London
P804hwOg,,LA
bxcdXsml,51.0,London
COjZA9My,38.0,London
pnH1gadq,,NY
h7bWsiA8,24.0,NY
NpG7GdMH,42.0,Berlin
7Bflh4Kp,20.0,NY
wQXirEWu,60.0,LA
s7I4hBqQ,,NY
CBYVCW2J,23.0,LA
EFETFIB6,69.0,London
81FDSN9C,63.0,Berlin
6KXarx1M,,NY
9u3m4yK8,,NY
GbkdZ1Md,65.0,Berlin
7jKNYrSO,57.0,LA
SpXizhoV,64.0,LA
cPvBHnr7,30.0,NY
FBWOnav7,18.0,LA
ywZfZaJc,19.0,LA
JG9m8f2a,,NY
DzP4CJmB,,NY
jSxsHZZM,47.0,NY
2QqsMzdN,61.0,SF
4sdX0klI,29.0,NY
Q6xoHubn,50.0,SF
rRA3ePQO,55.0,London
KvPKFWVT,60.0,LA
4DHZOb6B,65.0,SF
lXlQRyPq,51.0,London
v4C7IwMU,,LA
ep91lvHS,60.0,LA
Ox7KlOVP,26.0,LA
QmhjKdIj,24.0,Berlin
7NTcDMHl,21.0,Berlin
P5QqY9K1,45.0,SF
xDgGNaEB,59.0,SF
XHqiqVzt,49.0,LA
vipxGCLD,,London
MrH8oYrq,30.0,SF
GkFV78Jb,53.0,NY
jiQbKRqo,43.0,NY
HyEH7cNy,30.0,SF
tV0kp3IT,39.0,London
H9hQy3Gv,41.0,NY
9u9w8kHJ,28.0,LA
qjhVrGRe,,LA
lQROaFew,,Berlin
Y5XkAt9q,62.0,Berlin
UuMivBGC,53.0,Berlin
nfxdhiVw,55.0,London
cSX3HgzN,,LA
N1T2cRdC,51.0,London
Gy2v3Gck,49.0,NY
UgPm52TT,55.0,LA
Eg2n1IKF,42.0,Berlin
grkslhyI,20.0,Berlin
Fhi8avOI,69.0,NY
XzczxiTs,60.0,LA
VgZMhi6a,64.0,London
FyrZPiQt,,London
1Lf315ds,38.0,NY
nTqBNtVz,26.0,LA
KSzJxuD6,38.0,London
0zqTtpGl,38.0,Berlin
6UNsR4nt,24.0,Berlin
hCXfrtkL,64.0,London
gx8gSMFq,49.0,LA
0XVW9jIe,39.0,London
r63Wl5lL,59.0,NY
QSEUdqjd,28.0,LA
L3BYYTem,51.0,London
pzkkf0g2,31.0,Berlin
orpET8Fy,65.0,LA
13lNWwld,58.0,SF
4e6peT6p,,LA
VnjMQlKQ,42.0,Berlin
K26tMBeG,33.0,LA
LcfydRqq,,NY
cDQO7yij,,Berlin
d1nvmFaG,56.0,Berlin
NN5M7TdZ,61.0,NY
PCPW903G,67.0,SF
cIaDG2i9,23.0,LA
EHY9cy7Q,51.0,NY
jbolzKx9,63.0,LA
ngPz7RCI,65.0,LA
0iCDJhFS,59.0,SF
kdNas6qA,54.0,LA
1Ahy9Y8R,39.0,NY
bzXpHI4X,33.0,LA
EBGfLrUJ,,LA
fZ2OhBeQ,64.0,SF
5SZdGLfw,30.0,LA
ClGTveYp,66.0,Berlin
TOImiEhW,67.0,London
NCIDSRBL,67.0,Berlin
3zq0uqF8,34.0,SF
RIcelS0A,,LA
l4ri6lDF,29.0,NY
qm0MYJEy,23.0,LA
5tugwsDS,29.0,LA
I4Y0DV9r,,SF
9T4NKQRA,58.0,LA
LudET0Yj,36.0,NY
zcDOwzKP,,NY
glfAtaLb,,London
qoQitgL8,,London
4wMm2skW,,LA
iMFDPWXg,49.0,NY
AWgI70CR,35.0,LA
IgNMGjRZ,21.0,Berlin
uJ6FvpzR,39.0,SF
3wXCNuGj,31.0,SF
5tcsTTjT,31.0,NY
tpc9IiXQ,,Berlin
mogMgV59,46.0,NY
5S8AQmgu,,Berlin
qZZH39NQ,51.0,NY
vqpECgBp,65.0,London
ywydbJSo,23.0,LA
DvNNVRQo,,SF
K6zlx2UA,,SF
rcgZVEON,,Berlin
l1yoVxhO,62.0,London
xBrCN0u7,46.0,Berlin
gIWUXhzW,27.0,London
h31qydEP,63.0,Berlin
traVkGRP,53.0,NY
FAWygnrb,51.0,NY
De5szc2G,68.0,SF
ocPps93x,49.0,Berlin
FbrAlJJJ,49.0,Berlin
z2TWhBBn,68.0,NY
dfe8LZMT,32.0,Berlin
tTry2EYg,26.0,SF
xG5OTXFK,,SF
PAFXC68W,39.0,Berlin
AbYkkUUL,30.0,SF
JaWDCVb0,58.0,SF
gl8zInTq,,Berlin
TsKJokGm,31.0,Berlin
7BkLVHAQ,43.0,NY
4bTCAtGp,61.0,NY
MmKIHGtr,,London
BBpRLup3,39.0,Berlin
1LzsCLJk,,London
hpcgyD8Y,30.0,Berlin
xWC7r7MP,67.0,London
S0JY7Dhh,49.0,LA
jZn1iWk4,,Berlin
td3FWuMB,,SF
yoIBkPlm,52.0,London
iTAQ3535,66.0,LA
hw3SWvMt,,LA
e3OD0dPq,,NY
sVI4NRlO,24.0,LA
bU49uApf,52.0,London
cqwVQ9wB,56.0,LA
ncx81LMI,,LA
PYvXuR03,31.0,NY
8LySEM31,45.0,NY
Q5ZPw0pC,18.0,Berlin
4KBONVva,63.0,SF
ZWNqI5Kj,38.0,LA
GZzcSOw1,44.0,SF
mAuD6tPL,39.0,LA
zLtrhA8o,,NY
qZhEDjMu,26.0,London
TvxEIXI7,27.0,Berlin
nSdpuRmo,60.0,LA
BBLSPmQr,,London
tlWTEjTb,66.0,NY
vjoFhVre,,Berlin
wkPzymsC,66.0,SF
Ng7dr8BY,56.0,Berlin
vvDY6072,,SF
YNe184gN,49.0,LA
XjtrfzdQ,48.0,SF
OwLCzqZU,25.0,SF
Aqt1KDeb,,Berlin
v8vaLco4,,LA
o1mpPRYq,,NY
KWJXloGz,,Berlin
cNo9mRsB,24.0,LA
I6dh61Z7,,London
V93ziI8H,64.0,NY
bvbntW23,,SF
JkqIltNg,,London
FbMJ9V7L,38.0,SF
dMyDZLst,64.0,LA
vRlvFIw7,46.0,NY
o6YA0jMs,63.0,NY
PRI0rxu7,62.0,Berlin
6xzxEEpA,48.0,LA
Br5iuYnZ,69.0,SF
0wD7wKBB,21.0,SF
ZsVV3jKK,,SF
eeuS6yuB,63.0,SF
V34Mebzg,46.0,NY
sEvdXJwY,66.0,NY
aSR2YZnf,18.0,SF
gk0SQJeu,49.0,Berlin
B0T208as,18.0,London
HWOJFaFX,21.0,LA
I4VyDyhx,37.0,SF
8ytxTpNy,57.0,LA
phULP5Sv,54.0,SF
l5zqzgKY,31.0,Berlin
EE7x3JjO,,London
DvGge5Yx,31.0,SF
3871cbaU,19.0,SF
7S3jT7kd,,London
txaDu6Hk,46.0,SF
PIhia1IF,29.0,NY
FeTrNpxn,35.0,Berlin
sqLLGrmt,,NY
XpiaslfS,58.0,Berlin
yjVNrRL6,49.0,NY
XsNxjUrM,58.0,NY
kL3mCuAC,39.0,SF
HzoGZhV3,53.0,Berlin
vIGz3jOl,59.0,Berlin
ZJCJ4iYW,29.0,SF
BuaeUZwo,38.0,Berlin
xgtZ6DSX,25.0,Berlin
cr6CrRHi,45.0,SF
0J6egd2h,39.0,LA
7asulNT6,69.0,London
nXVyd5TG,33.0,NY
yvuxraEN,29.0,Berlin
ftTUY3th,66.0,London
yGMogfg3,34.0,SF
JN1TmS7P,38.0,Berlin
b7kT6ZeK,68.0,London
xz1C2t24,24.0,NY
sRAfQ8Uv,37.0,London
LwaiS297,53.0,LA
zO61KVum,69.0,Berlin
4Rs7MqAp,58.0,NY
S428sJcy,61.0,NY
b5GmT01S,30.0,NY
AhAKuMzs,,LA
H4yHvjRo,46.0,London
yd2t51VL,60.0,NY
zr1jvM1d,54.0,LA
LEJbpBCc,25.0,Berlin
Rb0hXBGe,37.0,Berlin
jKSWewCn,61.0,SF
VVdkVk5o,65.0,LA
I5lqBUBF,27.0,NY
6IT5bruO,32.0,LA
OFFSsTkN,29.0,LA
tE4CQnoE,,London
A7fpFXrj,62.0,SF
o3k79M3u,33.0,LA
etwR7zEc,59.0,NY
9WwrKmoq,,SF
J4IIoPOa,37.0,Berlin
065WMxnr,31.0,LA
u5nk1qQJ,54.0,London
TJe7m6Gw,43.0,NY
w5K0q3P7,,LA
5OAEY25d,58.0,London
UYj75uen,62.0,Berlin
qI9c2XNB,46.0,LA
T6LH7uJo,30.0,London
Lp3vfC4o,51.0,NY
GY4ykBWU,39.0,NY
rFXOTna7,62.0,Berlin
NJ1TIk2V,,SF
OFAbaWCQ,51.0,LA
9HVYx3Oe,,London
QvhjS0KT,41.0,Berlin
LVMKcUyW,38.0,Berlin
6bG7blEw,48.0,London
aDzElxtm,,SF
y8TfdzsK,59.0,SF
sOSxTvV8,41.0,Berlin
OcEoDsLz,38.0,Berlin
t7kmR8e5,21.0,Berlin
VGPbv8y7,42.0,Berlin
shfE8Acm,25.0,Berlin
AZEYcfNB,,LA
Pzin5p8q,51.0,LA
3b1HGZjT,67.0,LA
6ap5ciM4,67.0,NY
ukdn4eZP,63.0,LA
eLvM9qaj,44.0,LA
9XgCJTtc,45.0,SF
sXB6gA0U,,Berlin
PFOthDgy,46.0,London
KM6vwRBw,27.0,SF
yhBDNl2t,61.0,NY
XYW3ITgI,49.0,SF
OC5aVlfj,,London
kYXFgAHd,34.0,SF
0fxiGSDk,29.0,SF
bMR79ZaX,43.0,LA
lsUUhMQB,69.0,NY
pzAqY0Yl,20.0,LA
fdcWNEFH,,London
hpWLO0Of,,NY
yJzNGKyn,31.0,London
tekXv2zl,,London
do6p2oxW,43.0,SF
GBkuJcJh,54.0,SF
eaRQQcLp,50.0,SF
nCxhYas9,61.0,SF
KcVSHBFk,65.0,NY
fes5U2oT,49.0,LA
4jHFdQRS,55.0,NY
qo3pzwTH,37.0,SF
CbsRiz50,27.0,Berlin
o3TxUlAQ,32.0,London
WlMqGmso,32.0,SF
atsxNw2X,,SF
lz5jPuwr,42.0,London
eLoDNKWX,18.0,London
2TF24nS1,23.0,LA
tzNR1Ozg,,NY
JYWkcfAc,28.0,London
rKA8IUm7,41.0,NY
mbemAo59,37.0,SF
3LZ1pSq0,43.0,Berlin
sxWtMBKV,,Berlin
JEVBQvvu,69.0,LA
01laSLKu,69.0,LA
oV55ifNY,29.0,LA
H4J2VYyv,63.0,Berlin
LshqfLI4,26.0,London
1p0AC2XX,62.0,London
VgO4Vjnm,53.0,London
SQlqLdSN,26.0,SF
gQ4aOjYl,50.0,NY
ViajLaZF,57.0,SF
gTRs8tio,51.0,LA
eK6neljU,,LA
aOF8p3CN,,London
56DUCqeR,62.0,SF
PYSTgbli,,SF
qptb20mX,50.0,London
2C3hwujy,46.0,NY
m17vISlZ,55.0,NY
CdPJrvJU,65.0,SF
3lCqMGaP,,SF
8Lsrvxxf,30.0,NY
15FrnXdX,35.0,Berlin
Jqntqk9I,52.0,Berlin
d7eMrrZj,,LA
2Vkxp0IN,,SF
YaMItOZn,42.0,NY
5WvX4t9j,23.0,London
k3sLWAw9,,London
SAWuv9Yo,37.0,Berlin
8d4P2ark,31.0,NY
JGTvCBFB,67.0,Berlin
lUrHrAJy,21.0,Berlin
EXbOTXdP,25.0,SF
gRc542rE,51.0,SF
9ZOPnYMS,45.0,NY
7Us8uVdF,19.0,LA
t6zupkw7,34.0,SF
EQevym2P,,LA
bTmpTXbo,65.0,Berlin
VDq5gIbc,51.0,Berlin
5bmWyL7i,44.0,NY
ODI1ZRcF,36.0,NY
Qc5KUlp6,45.0,Berlin
ozJ7xVTB,55.0,LA
YLXyKlpe,51.0,LA
hApklIyB,49.0,Berlin
lTGEQhEV,,London
is7am8hf,48.0,London
XkIt9iRY,23.0,LA
3iAXE9Vx,23.0,London
2iBowYyi,45.0,SF
F4h5dU7f,25.0,NY
C2FPgx5u,,NY
eYygaLfE,,London
uCJcKwsQ,59.0,Berlin
YsYI8MaK,36.0,SF
lbeA61SE,35.0,London
p3sXI0xq,47.0,Berlin
WSTFOUXp,33.0,Berlin
WPNVR2IE,50.0,LA
Ca4URfMy,45.0,SF
rQsj0QZd,64.0,SF
wQ9gLhCk,33.0,LA
TBRV6cKS,28.0,Berlin
bNAIDNnN,,Berlin
cjhz5kYf,,London
qKhHz0EK,65.0,NY
N03mPIK2,,LA
gGeW5hAH,39.0,London
eMjPQ5Sq,57.0,SF
lD9NG9WG,40.0,SF
5HSQG6ny,,SF
3EEFpLWc,45.0,NY
9r2ilVot,,LA
JxbvzS5d,,NY
1gSn8gEt,39.0,Berlin
I8dDyiy2,18.0,Berlin
5Y8HlcDy,20.0,SF
TJhsQnvo,,LA
7W04W9fn,,London
5cWm2cTD,,Berlin
m4uH4MdM,18.0,London
00i8Ddnr,46.0,London
U0m5z8WT,30.0,Berlin
Bs4nyfBn,59.0,London
3tce10Qz,46.0,London
O8cBtD2L,47.0,London
dlFltuhk,33.0,NY
O03DjxIy,,LA
OdzzIWnE,51.0,SF
9pXeWtwf,,NY
Llwod3WA,20.0,London
T3mBgNGs,46.0,NY
GswM57Xa,47.0,NY
TTfOb2Iz,69.0,LA
j24CWx4n,,LA
ZPjLTmRI,21.0,London
6hPJSLhG,,NY
PIwqtdCe,25.0,LA
VTIL9QN6,,LA
SOzXvYV9,,NY
KmhsoAEi,35.0,LA
ANBlURtY,39.0,Berlin
BJqzT8J6,,LA
AnjzeFqt,68.0,London
VWbSPXtv,31.0,London
O9Agsgry,68.0,SF
KrtXVfK4,63.0,SF
YLeiFqQx,,NY
SZmSYKxa,52.0,London
A86VY39x,63.0,SF
UsJvTyZ6,19.0,NY
OJhfInpE,,SF
clxvfZwW,52.0,LA
wRXihMfo,51.0,Berlin
vRoJHRfr,46.0,SF
jViyqFpn,23.0,LA
4ZaOXNJ4,,Berlin
aJ88OePW,18.0,SF
UeqWeQh1,52.0,London
UcZhHozf,,Berlin
LDdQJUQw,64.0,LA
0fMeVZlz,43.0,London
egQ1uuaR,46.0,LA
HQlVTOxG,28.0,SF
rJtPK6jq,68.0,LA
pBTdDxKV,21.0,NY
42rN8r0E,,LA
9e8hG9gs,50.0,LA
9CNFNO3a,51.0,London
YeVGAh5i,48.0,LA
o5zNskI9,,Berlin
OVAwNPvC,52.0,LA
iBeJiZ7c,45.0,SF
sc1BdQx3,40.0,NY
4XqSKdQm,,NY
rSY7BR3m,29.0,LA
vph4I6PV,46.0,NY
x9vebw4L,19.0,London
RHtLmojb,30.0,NY
mL1lp187,53.0,SF
IyoPYPV8,64.0,LA
FE0NcWZR,,NY
iLr9mi9z,34.0,SF
quiFknmN,60.0,NY
7X1feete,50.0,SF
2ETqNOLQ,39.0,LA
kSb8nQtX,,SF
27OOlv68,27.0,NY
7K5IxMh1,56.0,SF
lx1t10RF,,LA
3AqAFu2j,47.0,SF
h79LFOgN,,London
2oZJetU3,28.0,NY
gWUk5taJ,39.0,SF
3wflq8My,41.0,London
wHzHruPz,46.0,London
UTjkBoVS,,Berlin
fqWo1hmO,27.0,SF
kQBYRCIT,51.0,Berlin
5iFjszn3,,London
K05qE1S9,42.0,LA
0mrqAv0Q,38.0,SF
wTyELOdz,56.0,Berlin
EkJhyNVn,,NY
a5mttJUk,19.0,LA
qrnPqQAx,23.0,Berlin
fxbXpLkY,,SF
IxHeXSz6,45.0,NY
DTCCJ1bM,39.0,LA
XPmE06HL,,London
QtVso5Js,56.0,Berlin
kIXJ2E4M,22.0,LA
5OAq4L4r,35.0,London
wfBqFlQW,,SF
U6KejzsV,29.0,SF
fG06xrPo,38.0,London
pn2lKl4Z,44.0,LA
Y6pGE5qo,67.0,Berlin
GfKqlsrM,,SF
A38KX4hi,51.0,SF
zwZKE1wL,35.0,LA
lq0PSa3x,,SF
9R6NvAiC,19.0,NY
HvcvhbMt,31.0,London
y6hplJRm,56.0,Berlin
C4apjK8J,18.0,LA
7i0jLdn3,45.0,NY
qdS08Sou,58.0,SF
MXqqESje,,SF
TVgWGvC8,47.0,NY
rIYzvUG6,,SF
uRTi50kA,29.0,London
AbtALGiC,18.0,SF
vzeOc5cw,50.0,Berlin
gTmfMjqY,58.0,London
k5kq5LC5,65.0,LA
tIqXwQa4,66.0,London
El5YD2N2,18.0,LA
UXNzPiRl,,LA
SOsZj12e,65.0,London
CVg3kpS5,22.0,Berlin
9WDav8AT,,SF
xB4yLPib,37.0,London
a6SLjA7m,43.0,LA
5sqOBo8e,66.0,London
1zh10bhH,23.0,LA
TcvcNbz3,,LA
kBVExUUY,20.0,NY
eKrG1TYs,,Berlin
jVjif7JP,31.0,Berlin
s0wb7OVr,66.0,LA
lIgect5W,31.0,LA
lreGCYp7,37.0,SF
SDoDZ7AS,,LA
uYHgY1jb,26.0,LA
0YUFt4NG,23.0,Berlin
MYBrFTYJ,19.0,LA
QaWoRFrM,55.0,SF
A3WPMX3H,58.0,NY
E3zyuZSP,60.0,NY
4c9c9Z3s,50.0,SF
RUurEZDi,61.0,LA
8ESfluLZ,,SF
9zolZYQn,30.0,NY
TQMqqQcT,32.0,Berlin
dtprmtTW,,LA
QKlaV509,51.0,LA
50kW6CeG,,London
ZVIAedfE,43.0,LA
cTkYhngK,47.0,London
HatZoe5X,,London
1nTZgfqK,42.0,Berlin
PPjMgg3S,57.0,London
TkaAv2NE,21.0,London
6XLKDIUz,64.0,London
xrzrqNMH,45.0,London
J8FtzlWr,54.0,London
2QjrbfIm,27.0,SF
TdjDhQDB,26.0,London
SdZb3dFl,53.0,SF
3OUc6x6s,,SF
ROeXv45M,,SF
v0Bbof0f,28.0,LA
afKEKpsx,,SF
SEynUFI6,,LA
ZUs7WoLR,58.0,SF
qOcvg00K,,SF
4YVKTyPt,44.0,SF
7mYEg7Me,40.0,Berlin
taS6v1ar,,LA
kNn2jLBe,,LA
x3LjbUvR,,Berlin
Atyhukjr,65.0,London
VDvRDfDF,66.0,SF
2OH8C3Bl,53.0,NY
XdMDLyEe,,LA
PdIXF1pT,30.0,LA
JnX1C8sG,47.0,NY
yg5lFO24,58.0,NY
vHWObn5Y,27.0,NY
CbSMvKBl,51.0,Berlin
yfGWgKIN,47.0,SF
241L8v3q,42.0,SF
x7jY076j,,NY
g3Tr35Hy,69.0,London
Qjpniiaq,54.0,SF
NY8zMf7l,34.0,London
fuR1VYn6,53.0,SF
4VooalR8,57.0,London
35PQfWyp,49.0,Berlin
JrUzHUGS,39.0,SF
mXi1Qsed,50.0,SF
jKeJs0Qh,,LA
FU004Hie,53.0,SF
YjM8dxEM,35.0,LA
NT9NmWWi,45.0,NY
bLxPalgo,30.0,LA
XWOeccV2,35.0,NY
dAC4dfsN,,SF
8LbSMbZX,52.0,LA
Nom6E059,35.0,NY
M4Uonq5m,,LA
d79oPp7r,,NY
DLUb2Dqw,19.0,LA
qMoHF2wc,,NY
H22PzIRf,49.0,London
f5au88ng,47.0,SF
4kxYYI0x,36.0,SF
CYFRzqMP,22.0,LA
wfCKlDaM,65.0,NY
8CsCL1ue,49.0,London
oaL44xRz,27.0,SF
h3oLEAq9,22.0,LA
Fl2Xxb3r,31.0,SF
tNMkCF5T,56.0,London
TQISVsOv,,SF
s1v4QjT3,60.0,Berlin
oG6zXfKA,,London
CtSIDGPe,28.0,NY
QqoK9WcL,52.0,London
eRhd9rPQ,56.0,LA
ZR8etiqO,63.0,NY
TaebvMZE,,SF
2ehQyr8L,39.0,London
0my25cSq,,NY
FVWPIZ83,62.0,SF
szC7mavC,63.0,London
fAmKYDJo,47.0,NY
F0gtWSp3,69.0,LA
G9h34HKJ,47.0,SF
SnHJga0N,64.0,SF
eAhM7GoV,67.0,LA
gZaa6HAl,,LA
Z3TQtoYV,39.0,LA
VjfM0I0U,27.0,NY
JHKK4ppI,60.0,LA
r8Mbong8,36.0,Berlin
qUXGvBg9,,NY
IPgDY4XH,,LA
N2LcRvWu,,LA
mz5nRziH,18.0,Berlin
YzRLuLHT,64.0,London
bHpDWAi5,62.0,LA
RUXNDF7l,64.0,SF
eyM9hzYq,35.0,LA
bPGFpn6O,43.0,NY
YCHoRjQi,35.0,NY
apFDOQhm,58.0,LA
YtH1F8Ep,35.0,NY
1OZqvfs4,60.0,SF
KzA5vIpt,35.0,LA
PZidAibT,49.0,SF
BiAEzaFt,55.0,Berlin
aBXvtNIM,44.0,London
whNC0YRy,66.0,Berlin
hNOzoYN2,46.0,LA
xjVU3Z7C,66.0,London
5ysxDu3U,58.0,LA
VPWafezo,,London
gCqCNaym,52.0,LA
TxGzh4kk,40.0,London
91CHIi4K,29.0,SF
nHIg7CIm,52.0,NY
I1f0QeFQ,,LA
pzRpqdzY,,Berlin
xfXVzJuB,45.0,Berlin
OQd4c1Ty,,LA
wLcQANBR,,SF
vvXqdQJl,52.0,LA
MOeEVv0I,24.0,London
11yqSzyl,51.0,NY
eskSQsOM,,SF
mqZoymBu,36.0,NY
UOv1TXtj,59.0,Berlin
F9Z4b0Cs,25.0,NY
AO88HWhh,65.0,NY
1ESj4qkz,47.0,LA
p8aCzOuA,19.0,Berlin
feXDcWoU,33.0,NY
8aigfyZF,63.0,London
Qcu78h4l,41.0,NY
tsqVRkIH,42.0,LA
fwA2sRRD,,SF
dtvL04R8,26.0,SF
mjIts6G2,47.0,SF
GRqwsIA0,26.0,London
sFqoYbzB,57.0,NY
zY6XZlaO,,Berlin
kR1ixQ9y,33.0,NY
qYXaZy87,55.0,SF
zjQVgAU2,49.0,SF
YHRz1BLN,46.0,Berlin
eIowR23c,60.0,NY
a13uPVzk,68.0,SF
txGaCMYf,57.0,Berlin
qAo36zdk,68.0,LA
T9uMJTjX,,SF
1EUnHXDY,28.0,LA
WxtXbNAJ,26.0,NY
TwMCsZFP,33.0,London
Pn2aB67G,,NY
z4DLGQum,49.0,London
ki4NS7E8,,Berlin
fSwbMWvT,,London
aKen7YCW,27.0,Berlin
UkERpi2n,47.0,SF
yYwAUSjS,,NY
72t7zS0Z,,Berlin
0ywikXmH,51.0,NY
cWPLJQFH,18.0,NY
mS69Axtj,49.0,Berlin
6IUOC3zN,57.0,Berlin
ON0bTBe2,48.0,London
ZQi2zdT1,,SF
j3rihSP2,28.0,SF
BeraeGgW,58.0,LA
IYUB7R2g,36.0,London
EbTDO14t,67.0,London
FSHw0003,,NY
SUcYvV9C,46.0,NY
HYmywtWR,,Berlin
Y9h6EJmJ,55.0,LA
GzyU2HdV,,NY
tqOYn0kE,50.0,London
eH6LSLDF,53.0,LA
ymtQcdFn,43.0,London
vuTI6qUu,46.0,London
3dhMhcuZ,46.0,London
c251ziaN,52.0,SF
vDjht7jJ,20.0,London
OcGdkXBL,63.0,SF
q0JgRpqV,22.0,NY
UfqK1xPI,,London
qbPzeLBH,28.0,Berlin
13rPPv1x,,Berlin
NpUGWDoy,,SF
vtFfdm4w,30.0,SF
0cNjsLge,18.0,LA
3Nc1JjrY,44.0,London
uEMBk1wO,57.0,London
y6dz0w7u,59.0,London
R8L4SFvN,32.0,London
zArnPAFX,52.0,LA
kop014ou,,NY
1mthBCyV,23.0,SF
KutuD1nV,51.0,SF
79GKgS6i,38.0,Berlin
U87ZFzOv,,London
i0U4nYrp,37.0,SF
Lell0wlS,,Berlin
CkyvaU8X,26.0,LA
jnSRHGTo,69.0,Berlin
2mmagYZX,54.0,London
u8CsK6Zo,23.0,Berlin
d64U0T1E,27.0,London
GsjfXhSC,26.0,LA
7gLCwG9M,50.0,LA
15suZifG,33.0,LA
BmPE9pXB,49.0,Berlin
Ot7q4Moy,55.0,London
LnO1bcAV,65.0,SF
GBehigdp,37.0,London
A8qAUbMc,37.0,Berlin
SVza1S2O,20.0,LA
5b4DQRQW,31.0,NY
4kzC7Gkc,38.0,SF
MnjADLxL,25.0,London
TOawTqOA,,London
AJ74b5ZV,63.0,NY
3WtLqZDP,41.0,LA
14tZ1U1N,,NY
CMJIqufH,38.0,LA
NcsPm2mL,59.0,London
psfm9D4n,49.0,LA
Ludbbd74,,SF
DAx9X5BI,57.0,Berlin
J0xvkP1L,68.0,Berlin
ltV9hepf,21.0,LA
FjYBVlwY,59.0,London
OGokPHmu,40.0,London
C8Y5QBXT,53.0,LA
58AYqWGt,69.0,NY
4GBBI0e7,39.0,NY
KSinW7nB,,NY
CetOMMPX,,London
koXnJBtB,27.0,LA
JXxkbljs,41.0,LA
ZnqPDQgS,52.0,London
AjodED5a,,LA
DjAHaSSJ,31.0,SF
4ZfPuPQX,37.0,NY
soMIwk3Z,,LA
z54nITjK,,London
p8uex7lI,31.0,LA
a8FDfOg7,56.0,London
7QlmLRNc,26.0,LA
IvoYKEJZ,51.0,Berlin
nqPLzMUJ,37.0,SF
2rTzTRJy,20.0,Berlin
8B2NEjY6,,LA
vy2bZbKP,,London
A9GOBf0K,65.0,LA
izAO767w,56.0,London
mn3Eknm0,,NY
p2CEPF1o,59.0,NY
70M78SqA,39.0,LA
jtgIVAjO,,NY
4RrFhUpx,57.0,LA
nMGvmufs,48.0,NY
cx37oqBn,24.0,SF
CmVf20u2,,Berlin
YYUzw4DM,68.0,NY
JNBk8cce,54.0,SF
nOHt6Cla,39.0,Berlin
OFmjxJXU,,London
vrzJPJc7,,Berlin
4MOaaiaY,,Berlin
uo6tLczc,38.0,SF
SMXknYyA,,LA
EMz2Jei6,29.0,SF
LZ8Q2ASj,,Berlin
hZ4dZcaG,,Berlin
I36qWqf3,64.0,SF
MRmskHQU,67.0,NY
cSSGjRXS,,Berlin
E8kmOSCJ,44.0,Berlin
nx7u31ju,,London
hDYUGOlf,52.0,LA
VO2q74Ef,60.0,SF
zQDruSCL,55.0,Berlin
3tOedSir,49.0,NY
6mTyvqLu,58.0,NY
gOz6HeR8,,London
5EblxTjc,26.0,NY
JPh7CD40,20.0,SF
3HeuvVZ5,68.0,NY
dCrLyCBe,53.0,London
45xDKfQa,30.0,London
Ay75lQdu,66.0,NY
LQSJO2wR,51.0,Berlin
vkGEiRxl,47.0,NY
J1i1iz7Q,33.0,London
iOK1huej,50.0,Berlin
dwa93xin,,London
Mm9GQNu5,33.0,Berlin
bfmGAqvU,55.0,NY
rGuxLrQH,57.0,LA
2oIVHwn6,22.0,SF
av9tFwga,,Berlin
OOG6Gn99,50.0,London
CuDlkYkN,68.0,London
B8OhDu0p,47.0,LA
ARg8goRJ,19.0,London
PczImNdY,55.0,London
uOShbsYt,55.0,London
HYgsq2mo,37.0,Berlin
aKYtiVF3,,Berlin
zNvCnxtH,26.0,SF
YYhDyQCm,,LA
2raKonim,19.0,NY
aEX22TO5,,LA
INZJV57H,36.0,SF
v3xLSbSJ,33.0,Berlin
XRFOtabU,58.0,Berlin
gcT5vst4,22.0,LA
VHQVTTDA,49.0,NY
Jh0habzf,37.0,Berlin
VLr4pVI1,60.0,Berlin
LyeqmbEB,69.0,LA
hUJnjI6L,31.0,LA
M1e0S4KZ,30.0,NY
d8jBOu5V,44.0,NY
pP1VYUBf,52.0,LA
9pq7ScFa,51.0,NY
LXNQDrTR,33.0,SF
3Q1GKhfz,45.0,LA
TnF3ufhY,60.0,London
PYIdVP7W,52.0,NY
qmgxrXXh,32.0,LA
Ts0GhBG4,20.0,London
Wg3YUPrQ,44.0,SF
nCa2n990,44.0,SF
j0Tun7sb,,Berlin
NJU8QpN2,21.0,London
9Rf6zp8K,,London
jfZgZORb,39.0,London
bUXeHvni,,SF
cJ8hh8OU,58.0,Berlin
6bvH4Jax,56.0,SF
WsEwxcmt,40.0,LA
npCjsxUQ,40.0,London
CZ5GPwEI,,London
4qlx0RJT,44.0,Berlin
zZhVWdQJ,67.0,Berlin
GX9asCpL,32.0,London
elIhlNNE,29.0,SF
MVnP3RRb,27.0,Berlin
Op7e7Ia8,66.0,London
HPt4Fx6r,55.0,LA
CNnKPpPy,45.0,Berlin
wAQ0nSH9,60.0,NY
6nzzydrl,,LA
Rj0cfS6b,55.0,London
75fjT36u,,Berlin
xCFQM52g,29.0,Berlin
DjdXLywM,,SF
GC5UVvie,19.0,London
x3j64xLG,45.0,NY
jH5HXcz3,39.0,London
2nDML0AF,52.0,Berlin
n02F0mxL,62.0,Berlin
9trMtRt2,69.0,NY
oWke3per,,LA
sHHgsZXP,40.0,London
Y2A09LSb,34.0,London
ks77VZAy,31.0,London
wVGGMubX,69.0,SF
TfIdkgcu,49.0,NY
TJHeCdtZ,57.0,LA
o43s2DBG,53.0,London
mRr9LWfF,50.0,LA
oAOfmizH,27.0,LA
HTcvuPqf,30.0,LA
4VFHm49d,51.0,Berlin
a8vmEw2B,22.0,London
LdtfCeXn,23.0,London
8clJkOpT,50.0,London
dGdkumgK,,NY
xe4rm0O8,,SF
en2l90PP,64.0,SF
orYaAglb,25.0,SF
Kiu4O05n,35.0,SF
MjIgz9rk,42.0,Berlin
lfyh6UpD,,NY
ru4phdrf,53.0,NY
tKJTeqNz,43.0,Berlin
mwm4aV00,37.0,London
iARktYag,37.0,Berlin
iFTvTx6S,56.0,SF
JT6qbqqw,57.0,NY
N2TapzWX,41.0,Berlin
qUKZyJ8F,,SF
ZEIDljKM,62.0,SF
QCGkcYW0,21.0,LA
JvpEH7yT,,London
XT76GGAN,42.0,London
2iKbplP9,38.0,London
i6FUCo9h,35.0,NY
FwjZuAcY,62.0,NY
SG1m9qSf,63.0,NY
0RsFQlPV,,NY
KYhWhV1i,,SF
EgFw9Q2X,26.0,London
raVneCmb,50.0,NY
gLWMKO07,58.0,London
Hc8CnIF8,24.0,SF
Cm0Dx9uj,,NY
1pMkWJdK,19.0,LA
9YvzB7mj,67.0,Berlin
RKkxWr4L,25.0,NY
TVhdFTSB,50.0,NY
16mHrM6I,52.0,LA
qNiqc1yK,,SF
Qu7dOXaZ,49.0,Berlin
uGh5iJ5h,18.0,SF
RJTIs4Hu,48.0,LA
XtyTBU7z,69.0,NY
zxeAuglu,52.0,Berlin
W1DCbN5l,57.0,SF
LeIOCzwM,61.0,NY
hjSGmHxT,,London
cSgEWiqo,,LA
xSRLL2bA,,SF
WTHNRPbH,,London
UK5IBL2T,20.0,SF
zCJPUdMc,29.0,SF
HKeHb4lG,25.0,London
EaJXmrEf,58.0,LA
L4k3HOwt,64.0,LA
qyEauHUb,28.0,London
w1dgmtD2,43.0,LA
3o8wTh0b,,Berlin
66u355wc,55.0,Berlin
FvhNEAyW,22.0,NY
6j9IodBa,,London
d57mdslz,22.0,Berlin
v0kGYq5F,,SF
Jp4QFZGh,32.0,LA
upBtOVzl,60.0,Berlin
eYsWtf1B,69.0,Berlin
Wl8CfvX7,40.0,London
BSJsyQMi,,SF
cFPW28ym,45.0,Berlin
8Q7FZgOP,36.0,SF
gNWjO5i0,34.0,LA
BoMA1pHt,32.0,LA
G1wmOFUN,30.0,LA
TAH1Y4kB,40.0,NY
PAVeqhi6,35.0,London
fCOMr2MK,40.0,LA
tUudHkdk,33.0,NY
WIuQBTiB,,NY
dwxfqhuj,42.0,London
CrbUgfqM,49.0,LA
0Vv6Cy4w,38.0,London
wKIXSjLK,18.0,London
xcXFD05b,45.0,Berlin
v7N73gHC,44.0,London
UuKizUjS,69.0,NY
lUOsvbxb,44.0,LA
rZRvct2b,62.0,London
9MmHsCLs,53.0,NY
eVmkx4iX,29.0,LA
0ZTBIRCt,32.0,SF
cUHdDTSL,,NY
dIBHwWla,,SF
wKwaLthd,36.0,SF
OjQjs3MW,68.0,Berlin
5tfwiqyO,43.0,SF
b7dYX0CW,,NY
BxsjZwA4,38.0,London
XSizAGRK,54.0,LA
EMJ1xnHL,,Berlin
TSHz5tkp,67.0,LA
Cu0WK3OZ,27.0,NY
4aavgZcm,45.0,London
wuMSUN5x,43.0,SF
2PryDZRd,30.0,SF
kQeS9Wuc,,NY
VWPafVTG,68.0,NY
oFpH60l1,48.0,LA
LFZj3UYi,37.0,LA
TGw1XRAc,32.0,LA
PHOoxL4e,35.0,SF
X1p5XGYU,57.0,NY
ImUA7xpV,40.0,Berlin
LM3OPOEh,20.0,SF
aO6Tw8ZO,28.0,Berlin
Aw6SrJKl,44.0,LA
R4MoRO2n,54.0,LA
1IzYSJw9,29.0,NY
kn4E2clI,50.0,London
L3vRx0kb,,London
CHm3UUBM,23.0,LA
WGl8Xaqc,23.0,London
qW9KdZWz,,London
CFvIp7k0,38.0,LA
RtzTbthc,,NY
VwLLKTEG,64.0,SF
96gkzcp9,53.0,London
sDIyJtDK,35.0,Berlin
wtyWZd9m,,London
roudXQgD,,SF
9Kzh7eg9,22.0,SF
zPf6CYh9,40.0,SF
sf2fPztV,40.0,SF
kkh2TA5X,40.0,Berlin
lT21XThb,52.0,NY
sIOMOsnx,46.0,SF
E2TWRSDS,22.0,SF
dDHhLykU,34.0,Berlin
Ox5qCZEX,55.0,London
y6ZS4kTO,,London
LvVtKgcC,19.0,Berlin
sKntTbnl,36.0,London
Bj6rZV8N,64.0,LA
YW3lAgCM,20.0,NY
a2jIUGx1,47.0,London
pODdzzPm,50.0,Berlin
BDIB7agK,,LA
PyY06JFc,43.0,NY
xapAxIv1,47.0,SF
SVpKXyTv,,London
ZKF5Xm1U,56.0,NY
9frLtJwB,43.0,NY
D71Fhb4t,,SF
cR44nK7M,59.0,NY
0P8qBhAb,,London
vpOoU5Rn,26.0,LA
FQnzrgQ0,65.0,London
MIntkBX0,48.0,Berlin
5EXCmYam,32.0,NY
2M52DjlF,49.0,SF
WJAoLAyC,30.0,Berlin
2k3VbH68,39.0,NY
Q1BBJFCw,57.0,NY
ioSTvBlM,28.0,LA
mG5io6dn,50.0,SF
uGU2a2m8,,London
gu44dVM7,57.0,NY
JZHTvEe7,,Berlin
WkvXjmVw,68.0,SF
C5CeEqu7,,London
qb8t9qzS,33.0,Berlin
iWzLLreD,47.0,SF
4iOb0rQY,47.0,LA
39zIOd6T,31.0,Berlin
czVOyxKC,24.0,SF
FLizEdN2,20.0,London
ALYQzKJs,48.0,NY
AlVzPYer,27.0,SF
oNYCrrbh,50.0,Berlin
T9lJCq0c,55.0,London
CWQu4kjg,54.0,NY
fok4u8Kr,32.0,London
t4b7Ql7g,67.0,NY
HxADRiKs,21.0,LA
xV500IPr,54.0,LA
OhdFB21o,59.0,London
KYgqJB9X,21.0,NY
30R6bgL7,27.0,NY
5J1lk6zA,69.0,SF
VgJtBtOJ,39.0,SF
KG3akrbv,48.0,LA
EdDYMY6p,,LA
6bouMotw,29.0,NY
Sk8cH9OQ,26.0,NY
tfx3Qm65,45.0,Berlin
RW0ONiOq,,SF
pUQ2vtXN,22.0,NY
7gNmgnpr,,NY
K1c7SzXI,33.0,LA
orqzk7U9,36.0,London
HIXgK4tO,31.0,LA
hxuAYrVu,64.0,NY
Hmn4Tzlj,68.0,SF
XW8YOPPh,41.0,London
6wE0AF15,67.0,Berlin
YTZELTLB,28.0,LA
DhlP7g6Z,30.0,Berlin
7SuVFSIS,27.0,SF
kqnQ9EZK,,London
L1hYztKC,56.0,SF
gbneKsqw,44.0,London
d0Vh3thy,18.0,Berlin
c4KhPWmN,49.0,Berlin
JX3roixS,35.0,SF
YcXpgFYf,21.0,London
QbWCMPGF,33.0,Berlin
kA5S8DX8,,London
UiqERzQN,38.0,Berlin
H7t6tFx1,68.0,NY
3FbOj90P,64.0,Berlin
uLARsdc5,42.0,NY
4who288g,27.0,SF
nHiSJm0Q,24.0,NY
cvQVJbGg,,SF
siu9RNt0,50.0,NY
6YLtE26Q,50.0,SF
IatUJGya,36.0,Berlin
ygo9TMvL,24.0,LA
cuqClMfb,64.0,LA
NoK4t8xV,62.0,LA
kaumdTeg,58.0,NY
y1lHAQ5s,31.0,LA
CLPxwMzC,,SF
KR9oSDp4,,NY
qceMMuvU,63.0,NY
YWsss2ml,60.0,Berlin
FBSnwSXK,20.0,SF
jTFxQD1l,28.0,SF
Wgen3r6k,25.0,Berlin
sHnd10ub,43.0,London
cN1XkWde,,Berlin
yyC1j0Yz,20.0,London
HlIGkrHH,46.0,LA
I1lsszzF,29.0,LA
6Jmaz5CR,35.0,LA
xjQqkEc3,60.0,LA
2FG9GoAl,,Berlin
xyT0C3AO,47.0,LA
WSF1QWVU,,Berlin
556rsQEg,,SF
wrDtdKyI,,SF
ffQkaGch,64.0,NY
aOPrNkIo,,SF
jsp8nGRc,42.0,London
zQtWNCL5,21.0,London
BAJFgAIV,21.0,LA
zuXPKNZP,55.0,NY
uIQE3OIr,67.0,Berlin
iPu9uF7I,18.0,Berlin
JFvXWEVG,59.0,Berlin
32eNFpH3,20.0,LA
Ps9XGgAy,45.0,NY
kDb6Per4,63.0,SF
IVc6dVE3,28.0,SF
2gY6sguW,54.0,LA
SSXlosd0,19.0,London
Ccgt8RwB,,Berlin
nM38k5mZ,34.0,London
9r0qUnKL,49.0,SF
qWyTqTyE,68.0,LA
nUObUQLp,48.0,London
8bP1BEvN,,SF
dVQHqVna,34.0,LA
om21Yg8G,,Berlin
R6LXiYPj,59.0,NY
sBP9Ecjm,34.0,SF
LdTVZv5s,60.0,NY
fq8v55tt,44.0,LA
GrdNugnW,45.0,SF
JtwXBeFy,56.0,Berlin
6fAO2JNV,18.0,Berlin
ATsjqr24,,LA
m5G38CBu,20.0,NY
22BBAyyO,32.0,London
TrLO7div,21.0,Berlin
xNuZtopk,53.0,NY
3vfA0RZz,47.0,NY
aAd9Hqyz,46.0,SF
hI36Skfj,40.0,London
7gTydFkv,22.0,LA
vXBPlq6A,64.0,Berlin
no77bEZJ,28.0,London
gnagPF6Z,36.0,NY
LuREaABg,25.0,London
nCbo834W,60.0,SF
zO4jkHah,28.0,SF
G9fdVJU1,26.0,NY
XINfNFge,63.0,NY
0d3rHzWR,42.0,LA
usxjZkyt,42.0,Berlin
sITa5CCi,31.0,Berlin
pQvfZy8N,,London
Bss89umm,30.0,Berlin
GDhYgeJv,18.0,NY
G4ywqFHq,47.0,London
PGYAz66n,26.0,Berlin
LgG0r1Pn,,LA
X1Yzem0r,46.0,NY
GQm5VN8D,48.0,NY
Ix5ADY9a,35.0,Berlin
O1RNi4sp,20.0,LA
eGQvxIZZ,52.0,LA
nw1bwM3p,,SF
urglNURz,21.0,NY
pOuc2ZZg,58.0,NY
l1XlARNM,32.0,Berlin
33yEYcPO,,Berlin
QptXGS1F,34.0,LA
f3DEALUW,43.0,NY
G6sCcY1S,48.0,Berlin
EAcyySYK,47.0,LA
rLY8rR7G,40.0,NY
9ZAH3qGS,47.0,SF
GGe36Pba,28.0,NY
DHeXMg4p,50.0,SF
FODoy57I,55.0,NY
17UY1bcN,63.0,LA
pSEthWsy,22.0,NY
tETnxJjT,52.0,Berlin
QN6Z5dQG,,LA
z9cRPJKP,18.0,SF
wkiUr3Cm,21.0,NY
iqogkVgk,,SF
jDd3YQBo,55.0,Berlin
QyIR27tU,54.0,LA
oGW5y1qV,24.0,SF
joqbVqQ7,27.0,London
Nq497OrZ,50.0,NY
n29YopZ2,68.0,SF
OyE4MNXb,31.0,London
V7C7vWUY,53.0,London
rXh7kSxO,,Berlin
eFRSQJpP,55.0,SF
R14aAs3a,69.0,Berlin
GqRWwQxL,47.0,NY
XP8IfcLr,43.0,LA
XpPVgDnL,48.0,London
S9wQa0x2,59.0,SF
rtLiTg36,64.0,NY
6uMmxKFF,36.0,SF
d47CqWd7,,London
pTO6BDoR,30.0,LA
GI82zMYf,40.0,NY
g7Z6BtKl,36.0,London
4JIpEuJQ,33.0,NY
czQ6hCIa,,SF
ZWU28DDI,43.0,London
0o5SwvfZ,,London
UTJotghm,35.0,London
bY8i4Hb3,,LA
fbbc6PDr,,London
tGZ3QOPf,64.0,NY
cfa6vNEh,57.0,London
xjEzxTWk,,LA
ouabee7f,,LA
AEeho7bD,21.0,SF
rUrW1X0M,45.0,NY
SWEWkow9,58.0,Berlin
pkw86adH,57.0,NY
hITvp0iu,26.0,Berlin
uoW8zWxO,53.0,NY
aJXQXpYQ,25.0,London
QgmENP0p,39.0,Berlin
WzcH8u2M,,NY
lFLvZyXV,66.0,SF
TV1yvxh1,23.0,LA
rN4MDdz9,,NY
YBwfMveU,,NY
olKIl0lI,19.0,LA
1E9Idc9C,,Berlin
kiWvIl4x,29.0,Berlin
bj9dmG3z,36.0,London
qYKK2YE2,54.0,London
v95VuWNn,65.0,London
hEmGJjVY,54.0,SF
ZWzKXXvn,18.0,LA
mrQX5hlg,27.0,Berlin
ViUYT7jo,,SF
m0Rn4aHq,,London
EKaPiqih,,LA
Sc4pgD0d,24.0,London
02vZvDrV,,NY
HRVAG5yp,,London
TxPZFw9v,,LA
g6OTBHlu,48.0,Berlin
vQ5WpVEa,,LA
kIgKSG6u,29.0,Berlin
KFNwxDg6,51.0,LA
Tm2Be5GZ,45.0,LA
Ms2ZREHQ,22.0,Berlin
Q2Um6i4p,45.0,NY
htUgWP5a,64.0,LA
qsOyG61D,28.0,LA
EvQkXRj9,51.0,SF
iPxOQPRd,32.0,London
wxRaT8y3,68.0,SF
ytt738c7,22.0,LA
mDX56p70,65.0,LA
SKmIUAsa,38.0,LA
Oi8ZdLf7,48.0,NY
4l6iWzZF,,SF
rqos7jx6,,London
J8gm0q5y,52.0,NY
XZHuTQmK,,Berlin
XIhK0xEK,57.0,LA
4hvKrg4M,22.0,NY
HNmiV7ee,31.0,Berlin
gusIo6bP,,LA
sEXYXfzR,27.0,NY
MoIvpBSJ,,LA
FpeCAoke,,SF
ItMZY5bW,55.0,LA
MiMvJEnN,,London
Rzkmmkqm,49.0,London
x0HDlhEd,,LA
KmVEHpoh,39.0,NY
qZw9Vcu4,42.0,Berlin
Ji4jWFEc,68.0,Berlin
4ZNLYnIF,33.0,London
tuyD8k7D,,London
XmKt2Kqz,,NY
q4CVK0o7,22.0,SF
WtHRcGOn,61.0,London
LlyaEUFV,,London
uhAXGsos,22.0,LA
H6YRQQ9o,57.0,SF
VVZw5ffN,,SF
d6XeWaGK,20.0,London
z5rgZUhi,55.0,LA
eUSSrS5s,30.0,NY
ot3ljRiT,,Berlin
qW9YW3PN,25.0,London
TH1hPbiE,47.0,Berlin
Hvr00WwL,67.0,Berlin
WagusQyj,22.0,Berlin
ucD6Xuha,55.0,London
4X4ydFTJ,48.0,NY
Qh3uecIx,19.0,SF
ayNT9AJg,24.0,LA
tOo2Kyok,33.0,SF
TJNxdVU6,,LA
MspIiZgu,46.0,SF
o5o09dV4,47.0,London
3i0puFBl,37.0,London
PJdZL6hM,59.0,Berlin
Dpr1njTS,51.0,LA
ev46Etn0,25.0,NY
BxXhJlde,51.0,London
HjMYrHjd,51.0,LA
TfYUAD3B,62.0,London
FBxbjWFk,53.0,NY
q8nCoFY6,,LA
oe9DYj82,31.0,Berlin
TGzIdWci,37.0,LA
hTA4pjXU,54.0,NY
FrDSASms,50.0,Berlin
PGIPpkeD,48.0,London
unlnHrYB,50.0,Berlin
Sb5fg4WE,,London
hgFR160x,,NY
ulgsdXbA,68.0,SF
BEJ1SJRn,55.0,SF
aAfne3C9,33.0,NY
noaRxPrk,,London
G5Nh5Xf4,18.0,Berlin
TXqImnbk,61.0,London
PiOp9la4,37.0,SF
LAqybGaz,67.0,Berlin
fynVGprc,19.0,LA
sBmnEtBG,,SF
bBDtfCW4,,NY
dvJ58FcS,59.0,Berlin
VkN94BMH,27.0,London
Ie2BdYk1,23.0,LA
54h7jkoq,19.0,SF
vYZMBGma,33.0,Berlin
j0nLkL3i,22.0,SF
pUeGZQi5,55.0,NY
0vYbzrX0,39.0,SF
UHqaJ9Ti,39.0,London
P64rkaiZ,39.0,London
wK3LtiBW,18.0,NY
2JsrxTFf,53.0,NY
DUZJXKzD,66.0,LA
XoqoLzKe,,Berlin
7MEujfwi,29.0,SF
X4AIXHJA,,NY
IQP3fCjA,68.0,Berlin
7jCyf8bH,65.0,NY
iGSlMtQC,,NY
ggMGEwn4,67.0,LA
E6ykDpuH,35.0,London
mdUjdCO6,39.0,Berlin
NKVYyEfW,18.0,LA
X8VMN2aa,21.0,London
6C87GgAV,26.0,NY
1a6CcLO9,,LA
dIxKsQXe,25.0,London
FOhIF8XY,26.0,London
TuNj98ou,35.0,LA
OuLTw7bR,22.0,SF
cOqVYCVp,39.0,LA
wAwSc8PK,54.0,NY
X4khc3Oi,,SF
P0JqKlDO,40.0,LA
A4x4zkK4,33.0,London
D08GXsR4,,Berlin
ZUvBoFN8,54.0,LA
5ovk0S16,,London
l47EXrbc,,LA
0EIYrMJy,,NY
JRhUWbss,43.0,NY
6vcdlVNQ,25.0,London
LostKXXc,38.0,London
P0TmpqN6,69.0,SF
8kYGBAqE,,NY
Hx5418oo,,Berlin
ZkH4Mmf5,23.0,NY
NdanjTHL,44.0,NY
Y9oXmvV0,39.0,Berlin
kNWAfyFr,,NY
snt4ff5a,55.0,LA
r8D7IJyU,55.0,LA
2yPwPoX3,,NY
SbSIyfAJ,44.0,NY
3rK3qpyT,62.0,Berlin
Dxp2Czqo,63.0,NY
LLJJIFj6,66.0,London
9p7ZmFc2,50.0,LA
wtDjOoDJ,,NY
E76i7kHk,48.0,London
Vb0kqYIp,45.0,NY
cpWA83Gh,47.0,SF
Kb0cTHiC,51.0,London
3y7hQosM,,LA
xIMBbAVe,34.0,LA
CjHPUjlw,,SF
RUonjCUD,52.0,London
U15nlcJn,53.0,London
KFwmzQ6i,,Berlin
Wpwet8mp,,NY
vEhHOvA0,46.0,London
rjZYNnFV,40.0,Berlin
6hN4HCtK,31.0,SF
Czaifbgb,26.0,SF
L8jPOLu1,,SF
yEzAbMuL,55.0,Berlin
wbNTQCEj,42.0,LA
hjYJFNCi,37.0,SF
lfe8AQii,60.0,Berlin
K27zMuKm,39.0,Berlin
fBwEXSm1,24.0,NY
HWmVgJPk,35.0,SF
aix5m68U,34.0,LA
YzlGvqvK,31.0,Berlin
V1ymVdwf,43.0,LA
fCFiLAnY,57.0,LA
XJf8GAAW,49.0,SF
16LIyMDg,46.0,SF
JF2tDB2q,57.0,NY
2Ns3qoPo,24.0,LA
bgPCW4oE,26.0,LA
K3SSCrHu,29.0,Berlin
94XodzXX,20.0,Berlin
ZmGOTWYi,49.0,Berlin
KkLf2IQI,50.0,LA
z0uKmgBd,32.0,NY
FlrDN7rh,26.0,London
HprcxAP6,66.0,Berlin
x03QMAWb,61.0,London
4pzhiLUX,34.0,NY
TYqEfnXX,,LA
4dYI4iNq,62.0,London
VnGSgpa2,,SF
gdOb7tfP,,LA
FoTONjgp,38.0,SF
30awkqWQ,67.0,NY
UWUaNhLJ,64.0,London
y1vXXjTE,67.0,London
dvFUGykC,22.0,NY
WAK5NeKq,24.0,NY
EOAlO2ed,,LA
eNLjQZo1,54.0,NY
xC8yE3DD,36.0,Berlin
6So323xR,58.0,SF
a1Fv4IDg,,NY
XIztIUkz,60.0,Berlin
9BShSP5j,20.0,London
tvwaVWKw,,NY
Epgkxzac,52.0,SF
TOzirVLY,44.0,SF
16U5CkeW,55.0,LA
AItGNZmL,68.0,London
FJxpNUhG,65.0,London
DFekZhB4,,SF
dGk4tOsJ,68.0,Berlin
oH9KlBR0,36.0,SF
4MxIFgsK,47.0,NY
LVvfvv3y,65.0,LA
f4oMh1ad,57.0,NY
JTzgsmuK,27.0,London
6aECRrmy,47.0,NY
kCvEfzOm,26.0,London
zHEpJvvT,,LA
Q7fuKBzA,,London
1709dk1J,48.0,LA
50WcGZot,63.0,Berlin
ESeIlrjp,27.0,Berlin
8LFtSdXI,53.0,LA
VcIeKjcT,,SF
XnTNJ75z,69.0,LA
Z3h7kBft,,London
k1n1Vu8B,32.0,Berlin
D2LTbzx7,36.0,Berlin
JZqh4uVF,28.0,LA
l1Raj8VK,49.0,SF
zYWhkTGW,,LA
MoDv7oMY,63.0,London
f8WylkFX,32.0,London
v7aV34yx,,NY
PNSNDDSc,34.0,SF
99Ihr8Uq,18.0,Berlin
hS6bl20G,36.0,London
dsZW3hY1,22.0,London
KNzEiDFY,35.0,SF
gX7j8GpW,,LA
qkMvSvur,,NY
yMU2PUnJ,58.0,London
Jcg67Svf,21.0,NY
Mjz0QVSE,69.0,Berlin
KEpRLR03,36.0,NY
I7xNg2Jh,48.0,London
Q9nJXtlj,20.0,LA
S2afkdbG,67.0,London
xmvn58Bo,20.0,Berlin
K0aerqdl,,NY
SjO89OAi,25.0,LA
9U41Y7DG,,LA
6pylbn37,48.0,NY
DFZCEUfD,44.0,NY
QodHWQ9q,50.0,NY
hzG2JLHT,35.0,Berlin
wLpUuKu0,41.0,LA
KEe8WhYD,43.0,London
TpcoGnwS,48.0,Berlin
1JoQHQ90,,NY
C1hXzzax,42.0,NY
R89qsBMZ,49.0,London
JGdBj2sq,56.0,London
oE7E9vH8,58.0,London
R3b8yy6u,31.0,SF
zE7M9D9x,65.0,Berlin
6k97xHxi,65.0,SF
3YBV0zEp,44.0,London
RZ33gZUP,39.0,LA
2kHvrqWt,55.0,Berlin
zkXhcYfR,24.0,SF
leXPXbxW,50.0,NY
ujd6JTBe,,Berlin
kVtVChzV,58.0,LA
SQ9mKutM,50.0,LA
Wl3gUnYI,41.0,London
3ZNrrh0N,,London
pNYaMTLg,67.0,NY
KDc5M4Nf,59.0,LA
M6EGbZz5,48.0,London
kvklL2Bo,44.0,SF
PBdwAs5U,30.0,London
DCyZegEo,48.0,NY
jYSzxF9i,49.0,NY
28GsqMCw,40.0,SF
wXw3aKml,54.0,Berlin
21zSgE4m,57.0,LA
TIfhhvjf,62.0,NY
mxVJweMJ,33.0,LA
ke0X6CFj,,SF
z4JHmI56,25.0,SF
0Ch7twUG,35.0,Berlin
AFDbgEA2,44.0,NY
hVeQq7Nc,26.0,SF
Kz5gmtUV,45.0,London
YgxRlaYC,,LA
9ekbMFv1,28.0,LA
19mQST3F,39.0,London
ii1fjOPb,66.0,LA
G662ntYE,31.0,London
AMz4K1DG,40.0,LA
xGZu14At,19.0,SF
NINMqIJu,32.0,Berlin
c9yd89cb,,NY
RmoL5f90,22.0,NY
5vyKeIZ0,46.0,NY
OSK7uFdp,50.0,NY
cu5Q1Dsn,65.0,NY
xaB6B9Wu,61.0,London
iRGRaqoQ,47.0,SF
E1eHhpo3,,Berlin
UPKeTxj0,34.0,NY
FE3a4Zmh,18.0,LA
eSqUWpDU,31.0,LA
vbtxJ3cO,64.0,Berlin
UvkDq8N5,61.0,NY
qjFqA0A6,,NY
CUfXrTER,26.0,SF
vQgFiWcR,52.0,LA
YWMy0RRd,48.0,LA
CWdxBlZ0,29.0,London
v8R2o3UM,62.0,LA
PFvorXg3,19.0,NY
4nFQWpLG,,NY
JpztPZhr,51.0,LA
wHsvva6C,54.0,London
iFq3Wu3w,58.0,Berlin
lwk4vLiJ,,LA
nOFLXVII,31.0,Berlin
YCCMFrmM,,LA
uqHleqFH,21.0,Berlin
cnZKDKSF,25.0,NY
QTExybaQ,40.0,NY
PwDqBuS6,24.0,Berlin
JGhu0vti,34.0,SF
W8KbwT5G,39.0,NY
j6gCBs0n,55.0,London
6nfTxb5f,43.0,London
jTekZceD,25.0,Berlin
4HqPeFeL,39.0,SF
wJaL4KWx,,London
4PnlTnpe,62.0,NY
4GyuV3zH,,LA
TjSRnPKs,,LA
eX6wIFCU,22.0,NY
Udx8PR3s,,SF
nUppRIWg,,Berlin
jEkggZmK,39.0,NY
r5LMg45L,51.0,LA
dnh1pJ39,52.0,Berlin
HYbI7ldP,,SF
kjo8bPft,36.0,London
SJ8F1G7X,45.0,LA
gTvxiRzE,24.0,SF
lHXVlCJQ,58.0,NY
OxY6izPQ,55.0,SF
WjLgJz5r,20.0,SF
YweV4HUP,49.0,Berlin
bDvQAcAP,63.0,LA
W0tSkQbo,,LA
iKRhN88f,48.0,SF
8FcblGAg,62.0,NY
HLzk6Jwb,42.0,SF
m8ENzWOr,50.0,NY
lSwqboC2,,Berlin
GHGWsM1z,22.0,LA
MgTcJjHH,46.0,LA
gCv0zYTD,48.0,LA
aAKXZo5d,43.0,LA
L5VrXdVJ,,Berlin
VJ6WTK39,51.0,SF
xXohQSma,54.0,LA
vmSJYpTB,66.0,London
tTyretdQ,18.0,NY
gz8vqpCE,21.0,NY
IZT9jKzS,,LA
DqKHZIZ1,64.0,NY
YV0XCyy4,39.0,NY
sXyS6lpd,33.0,Berlin
lrcSVzcD,62.0,NY
thK6h1k0,63.0,Berlin
WeBskr9U,49.0,NY
2EBvAC2B,,Berlin
Qtw028Mj,38.0,NY
bPtgTpVW,44.0,London
7Zc5stRG,,SF
FswfOvrh,54.0,Berlin
AfMsyjMd,20.0,London
TacaipBU,,SF
mB8nebFN,,SF
IO6Df7Dw,,London
l3nUaCNH,51.0,LA
rXsQ37f3,24.0,LA
cBxM2o4L,46.0,Berlin
TNGjfqOB,,LA
YuGiyOvn,,Berlin
ZCo9BS2V,55.0,London
u3gQTJF7,,LA
GJoml4KK,,LA
poeZaILZ,19.0,NY
CX8K3k8l,29.0,NY
fxP89OGH,32.0,SF
8I6u8MRu,33.0,NY
CwmesMDQ,20.0,London
XymPykye,44.0,Berlin
PPN85iz2,63.0,Berlin
aWJCJ0qL,40.0,NY
qvxRm214,50.0,NY
n5q71Tue,,Berlin
4AZHPW9i,44.0,SF
K18Gszg7,41.0,LA
PDXEb9nO,55.0,SF
tAjDLVwl,,London
Dra17MKu,64.0,London
pahxEhOm,48.0,LA
8HETBXc1,,LA
aJbdBRcd,52.0,SF
HQDmaJ1t,,Berlin
OeTbfS3X,41.0,LA
Cfod846E,34.0,SF
kj6RHox6,62.0,SF
n23I2wZO,51.0,Berlin
nLj8hLT4,,SF
ccY748Hc,37.0,London
aSvYLpfg,23.0,Berlin
sDsRCpkV,22.0,NY
M1STfiwZ,46.0,SF
eXLRROCm,23.0,LA
rvUsq3lo,,LA
DJtdiXee,50.0,Berlin
92qQDIed,,LA
hLfeTgXq,55.0,LA
PKWyK2gK,,NY
MlM0SlOG,46.0,LA
JSgjbQJD,61.0,Berlin
KVNDWZDa,,Berlin
nYlzBKad,,London
SG2h5WoX,42.0,SF
MB77HwlL,45.0,SF
0IqjUwgZ,,SF
2O4g8nYy,,Berlin
sX4LvlFC,52.0,LA
mmOOnidY,,SF
cYRQa7zX,49.0,LA
NbLEr0Tj,63.0,LA
etx5J2MO,,London
GGXPljR5,24.0,SF
zK0C07Kg,27.0,Berlin
sZcR1vJW,,Berlin
bnwl5bIz,,London
1lb6zeWJ,,SF
3ifQrbWC,43.0,LA
jxCxtE5r,65.0,SF
023YKDcp,65.0,Berlin
66qGENM0,30.0,Berlin
FLY2buEY,47.0,Berlin
jKISV46X,,LA
Op6sIXUO,50.0,Berlin
NrxWFmUW,23.0,SF
W1MyMD6k,,LA
j8xVN1lm,19.0,SF
mIpjRxx5,,NY
PT7RJNtW,47.0,NY
ka1AYpNO,63.0,LA
5oPUpC7j,43.0,Berlin
iGiTKgqP,42.0,Berlin
8xGmi1ZC,,LA
jSo42rV7,59.0,SF
uTXHRQ2f,23.0,NY
C9Z8oQcg,25.0,Berlin
R3zEsjH4,26.0,Berlin
8kO0DSfw,28.0,NY
mv1fC7Bq,41.0,LA
Ug8tOEkI,23.0,LA
GRlv4RjR,57.0,LA
qJtM4uAh,33.0,Berlin
Mhfi8jHP,34.0,SF
rkjr7lvl,41.0,London
3dwxcKM3,24.0,LA
28MExzRN,57.0,London
qJbzvZ6A,,SF
81ZFw6GC,44.0,Berlin
cU2yVfuK,27.0,London
wQk7sXro,,LA
lClDf7ct,,London
Rmr31ATe,27.0,NY
KLQp1PpT,66.0,SF
TBiaYx3q,47.0,NY
BljkQNYg,26.0,SF
pbECnusH,,SF
Z2eC87MD,43.0,Berlin
mz9YV2uQ,51.0,SF
pF74El3y,52.0,SF
Cyfn9Beb,44.0,LA
HuGVyM60,37.0,NY
8Nq8fHnn,41.0,London
w8fsoJpn,44.0,Berlin
lf4qfC65,,SF
99CVSIcb,36.0,LA
ZiAChTWG,35.0,SF
6EkuRtBI,67.0,Berlin
2OaU5fXs,60.0,NY
2npTkkKa,58.0,London
US5Q1pEE,29.0,LA
SuXyFL7c,57.0,Berlin
qoCA74ZC,35.0,Berlin
btNUoznY,25.0,SF
cATnO7sm,,LA
gJLwgCHh,55.0,London
jcVaWolX,33.0,Berlin
1nCuSGEN,,London
KUFD9UJG,43.0,NY
LLCbaVq2,65.0,SF
dEuigycW,43.0,London
TBUrUaNn,38.0,Berlin
94urCT1e,69.0,Berlin
Rroe1X0P,67.0,Berlin
4D8GHADs,,Berlin
fvWofXvN,,LA
vr59q5mc,50.0,SF
ZxlvgcGd,23.0,LA
Wqpwp5CF,,LA
U74uMwKX,19.0,SF
Qq5d1o1H,25.0,Berlin
s64HAsoy,23.0,NY
rUUkGAbd,23.0,LA
2rCXlC8R,39.0,London
9Mk7s58J,42.0,LA
DErSXyLS,63.0,SF
Z7IGovJp,48.0,LA
I3jcILfm,,London
yc8HSh26,67.0,LA
JikdSV5E,22.0,NY
6c7tdsaE,39.0,LA
NYgbVtwT,,London
LqXWsrU3,42.0,Berlin
qJXL3DpW,35.0,NY
IKb0HGcr,26.0,Berlin
aQp92qLT,,LA
LVAP2IMN,46.0,London
UeJetE1Z,50.0,SF
QYsbilSA,60.0,NY
1VL91G8N,25.0,London
MkG70SRX,57.0,SF
hRwA8tLC,30.0,NY
A6FWrko3,25.0,NY
JMBXHNvp,65.0,LA
T9oQg5rI,67.0,SF
27POkJ0b,58.0,NY
cXcCNGjf,61.0,NY
29UncKnL,44.0,LA
UhnyfusM,20.0,LA
TlYgIoEf,50.0,Berlin
g61BsnJH,48.0,Berlin
k0h54AAj,45.0,Berlin
xXUoEGKo,38.0,Berlin
hVt2vZH2,,SF
4oRK3O6f,46.0,SF
QDJpNWwF,46.0,London
NfXnvgXa,69.0,London
3ruCqy5Z,26.0,Berlin
KiTJNeYc,,Berlin
TinoFLVK,25.0,SF
nFyKI6Nq,62.0,Berlin
mnWcJPOD,34.0,Berlin
7t3QdTS4,40.0,SF
afrOPiXU,,NY
CDEo9TSL,47.0,SF
evvMr1NW,32.0,Berlin
n4ZfLw1x,31.0,SF
ag8XUc0g,42.0,London
byuBB0XZ,33.0,NY
XGJnVy13,66.0,NY
ENVmy1Qq,65.0,NY
KbrCoYLn,35.0,SF
0UUBaseM,49.0,London
8FafgUVp,63.0,LA
IIblShy9,55.0,London
mCgiB4em,69.0,London
YPP81Jeg,32.0,Berlin
oJ8wDsKr,54.0,London
LNqzHQMB,66.0,SF
VA7qzDft,50.0,NY
GZGNBeGJ,30.0,London
fvWFAvXC,24.0,London
0YrQsl9o,36.0,LA
bgYhdoN1,38.0,LA
svA4FasY,,Berlin
14TFLJeG,26.0,LA
gIOmg5VI,,Berlin
T4amMlE2,48.0,SF
eyyeCq50,24.0,NY
O2XMNuly,30.0,LA
G0oijhDv,57.0,SF
yoN8Byw8,53.0,NY
ghjZn9ha,25.0,SF
Me3DNYuy,43.0,SF
UT6Toalp,,SF
7yfG9TvJ,65.0,SF
bxiyCDJJ,43.0,LA
9IjlNlC2,62.0,London
tkxRDe0I,59.0,SF
GKSXKjrv,,NY
vbt3mWaS,37.0,LA
EuvSNR8e,59.0,LA
deTpiFUc,62.0,SF
oVB94qVE,,SF
sCeEiDjI,25.0,NY
ZyE4K1i9,69.0,London
eo55s0K5,22.0,LA
rUtvearn,,SF
ghxWhFCA,,Berlin
W57MgM0a,19.0,Berlin
ZAcFvq9N,65.0,SF
UncMsiVH,31.0,Berlin
1LmvZ01x,66.0,NY
lHyRhFxM,20.0,London
ZblM8t4h,33.0,Berlin
leJVNTJv,26.0,NY
oyqHe7cH,56.0,Berlin
TijyFPTK,19.0,NY
Q0DJnCTF,28.0,NY
IrOujlFn,,SF
obtySQSs,60.0,LA
IxJoWTAB,,NY
8D4JPHNC,31.0,Berlin
geT0biXr,65.0,SF
6HmCo0Lv,57.0,LA
HHMo5d2E,39.0,London
tPIFvY3u,64.0,NY
w5a9O8p7,65.0,NY
6ao40Rvd,,LA
qVIFRabU,53.0,SF
Bz9loyAm,50.0,London
DgVpYv0s,56.0,LA
sjeUv9vL,60.0,London
U9vmO5PU,35.0,LA
rD0Y4UuU,39.0,SF
kscnZr3Z,,Berlin
nEeEtdi2,54.0,LA
HwBwlMaT,22.0,Berlin
uNjxHxb2,,LA
bXK1ioQ3,69.0,NY
PjwicE24,66.0,SF
UQkyvAO7,53.0,NY
irzXSe1u,26.0,London
o7pbcC4y,31.0,Berlin
fjVvvj9H,49.0,London
GQ33mZrE,26.0,Berlin
DZLfV3eZ,40.0,Berlin
CuoJfF4I,62.0,SF
9inycdr3,65.0,London
bjDMYp7h,,NY
9apnsWna,62.0,NY
02lGMtzB,26.0,Berlin
eSwNSShg,38.0,Berlin
nVt07wOy,61.0,Berlin
3p2uVdgy,49.0,London
Qhz4OGp7,61.0,London
OrkwuqEI,27.0,LA
MHb878Mf,46.0,NY
P91g7vyK,51.0,Berlin
2j9061Co,39.0,London
rlsvFXXK,22.0,LA
PBB4ey1S,28.0,Berlin
zYj1RDLg,45.0,NY
rVno2tpI,41.0,London
sIOiVXKc,51.0,Berlin
GF3iCQuk,59.0,SF
efzVMfGt,57.0,SF
Nkq5GGag,,NY
UapL4dkM,,LA
Wl6TAV7U,43.0,LA
opysFbUZ,60.0,SF
Y0mvIDwd,58.0,NY
mAtSx29Z,,SF
qrCPeqaF,61.0,Berlin
k2kwPPDA,24.0,London
GYVs4ucL,65.0,LA
HGkchzbz,68.0,London
B36oeuPu,65.0,NY
4ljF1TaW,32.0,NY
K4JR8JfM,63.0,SF
0zuPsfAV,62.0,NY
805ymcxl,20.0,London
RftnKTDq,62.0,LA
uvxiTbup,43.0,SF
vKwdYoNp,24.0,NY
Abb9edPx,,Berlin
LuOYqeiD,27.0,NY
yYH20u75,,LA
LtjJSBXo,64.0,SF
60PXTNu4,20.0,LA
CsuEPB31,,London
bmFFwC2m,46.0,London
H9SPpprT,42.0,NY
e21IeIyK,63.0,Berlin
Jbs0Clj0,21.0,Berlin
2y1DIrUJ,64.0,SF
7psPkcFw,22.0,NY
rAADPVRw,23.0,LA
YowOs6L8,36.0,NY
rcUV9E4o,35.0,Berlin
Vtlj0YKf,69.0,LA
sGDHXMhV,,LA
RpGuJopJ,53.0,Berlin
BDl1x26J,29.0,SF
6yg9IGBe,,NY
FPRETNXK,,Berlin
LwX3t5ZP,31.0,NY
KtRVERkc,,NY
OxbQXui0,19.0,SF
KAwQGPxF,51.0,LA
sLTe26RT,37.0,Berlin
EYPkRk0i,53.0,LA
91yybiUj,69.0,London
KQOrdisK,40.0,Berlin
PHAYnyvn,52.0,NY
FcjXdEPy,51.0,Berlin
zBdjw4BP,38.0,LA
QNLC2jEm,55.0,London
Pan5i3wL,63.0,SF
fCCeiY6c,25.0,Berlin
7WjbX1rw,,SF
Hnoj83KT,68.0,London
TuWazw7g,,LA
erbdUZDm,,London
avWOciPy,37.0,Berlin
6aH4XEvA,69.0,NY
OKlQIThh,37.0,LA
gFsDO3AM,40.0,Berlin
EezpgJ11,,LA
Z0mpcy1b,63.0,LA
oQtfeShv,40.0,Berlin
H73iwlAk,,NY
FJnriZbn,27.0,NY
GtGpw2Cl,57.0,Berlin
wMjLa3eG,22.0,LA
b5SgjcEh,49.0,LA
5WG1gK7S,35.0,Berlin
Cotixt8J,42.0,Berlin
Ibae1UqL,34.0,London
B4uGATbD,,NY
vhumkG3q,52.0,LA
oIOxkJCL,59.0,LA
GUiMmbpg,38.0,LA
4kPI6zN9,53.0,LA
cMIazvhW,36.0,Berlin
Dw9vKeZU,40.0,NY
2acjthIO,,London
MiXMLUd7,50.0,Berlin
LnmHDIUg,,LA
43thq6GD,,NY
QZKLn7yl,64.0,NY
6dGkM4Il,52.0,SF
GE8wULmL,59.0,Berlin
W9gvpT61,43.0,NY
ViUhRIcU,54.0,Berlin
2Td8rQIz,39.0,NY
Hfh51HHL,28.0,NY
jtnAAJVE,66.0,London
pWNxVUb2,43.0,SF
YD5UA3d7,,Berlin
kvp4iod7,30.0,LA
L3CKQLfI,31.0,London
U3uOMgaw,58.0,LA
byqVldIM,66.0,London
AxRZNtft,24.0,NY
4anHLO2h,33.0,SF
IAcSCKEa,37.0,Berlin
iaxCnfYh,62.0,NY
XSI1ooYx,63.0,LA
3Jd3fZQt,,SF
reNlcZoJ,60.0,LA
Gs15k2GN,44.0,Berlin
pRX9PGmJ,51.0,LA
tBUcxBRi,39.0,SF
4Nw7AQ36,55.0,Berlin
P5rPqcEi,,NY
DuOoj2wg,20.0,NY
MidzDy52,,SF
vpjoxY1k,,SF
ab7ji2cK,52.0,SF
X9GFlGNI,62.0,LA
o7yegToZ,,NY
XeCv9vi7,19.0,NY
wCkm8Ljp,41.0,NY
bhaYt1Hz,19.0,Berlin
eg7i574Q,,London
Rtncd86s,53.0,SF
7Y0V9YXr,34.0,Berlin
VEsdtsTw,28.0,London
1ZABeSyY,24.0,SF
1h76uZtf,19.0,London
m4q8wM8a,32.0,NY
bvJ8qi8g,63.0,London
N88gXw1j,48.0,SF
SvtHcpf7,63.0,Berlin
esNdNdxg,23.0,SF
vNCXHG99,54.0,London
CufDa2Tc,63.0,London
yjzFbAEW,46.0,SF
f2yq1VqZ,21.0,NY
pu7fEPfm,,SF
FMqpeQbS,54.0,SF
R8lah2Xv,29.0,London
Cm3xT1uN,44.0,LA
iLYPcUER,42.0,London
34WCPooV,62.0,London
yPukFml2,29.0,London
o9AUV7IV,34.0,London
vLV1zlbw,67.0,NY
ohjKdrrU,29.0,Berlin
MhDr1aq3,48.0,SF
jSlu9Zyp,26.0,SF
CbYIa3se,,LA
xyPQAeR6,46.0,NY
IgVfPVIh,,LA
mAsuHCex,32.0,SF
KwGWCjC0,26.0,LA
ewEVJCFk,,London
piGj6u7F,64.0,London
3UWoHN8Z,61.0,SF
BkpNAr2U,59.0,LA
P2Knxogw,,London
ReNKvbHL,,NY
kEIdmgoz,35.0,NY
49cCloVu,27.0,SF
aHrM7tbS,53.0,Berlin
FrxPogDg,45.0,Berlin
SKhHc0dH,20.0,LA
IHp4Ax3O,37.0,SF
EgUMnv3g,35.0,SF
NsU2KoKS,66.0,London
IG25xbeU,,London
kiWzpqPm,37.0,NY
1X71Rrwk,27.0,NY
znHvLBqM,,SF
3lPHrbbF,39.0,London
yxfrRo4K,38.0,London
6IGYPj1E,50.0,SF
o9f9RFfL,33.0,NY
kDUh0DSr,59.0,London
6mpAH8RC,,Berlin
pYFCIQU9,53.0,LA
ePF53BpW,18.0,NY
8rGX8bFq,29.0,Berlin
AUObQEwt,,SF
ZDwdjjqv,25.0,SF
GqXzXT0R,68.0,LA
lisrM3Bg,48.0,London
U85o1rzZ,22.0,Berlin
seEzsVCi,61.0,London
22JAJGWI,68.0,Berlin
7a8EAJOC,53.0,SF
YkMmGeLM,64.0,SF
q5Ib9mR5,42.0,London
wy7QkPSx,62.0,London
eyRn3A2q,30.0,Berlin
KgpdViq5,52.0,LA
I7zMvbcK,49.0,SF
DWqp509o,25.0,Berlin
RiVoWP93,39.0,NY
qLGo05b4,23.0,London
yHwqPqpP,,SF
cZUky1S4,28.0,LA
btceVq9q,24.0,LA
TCHLKe59,32.0,NY
PqJX325w,21.0,London
kh8ZkfP9,57.0,London
4AmrtmW0,51.0,Berlin
dpdRt5uz,60.0,NY
vggZImc6,,LA
5nQWQN8S,39.0,LA
DVriKs7M,47.0,NY
lfTwaaLm,36.0,NY
JnSM9VF1,54.0,LA
e7N4yGQT,67.0,NY
GNCWLrRJ,55.0,NY
hPMADXvE,47.0,London
d3uXv7Kv,49.0,NY
mGlEX5jj,36.0,LA
Hl0eLPQV,69.0,SF
K1DedLY9,42.0,LA
P980W9u1,54.0,London
oUGaLj0R,62.0,NY
ewpRWvln,,LA
hwhIbfja,29.0,Berlin
GyezzBXr,26.0,SF
GNPTLjyN,,LA
duFgMmuI,34.0,NY
nnU1Lig6,67.0,London
6wOdipsQ,,SF
ULvBdMwU,,Berlin
V1a4hsB1,64.0,Berlin
aO5p1gVX,66.0,NY
l2b1XOmn,58.0,Berlin
n1Qi2kWf,47.0,SF
WcodrrZE,,Berlin
Z7YRivMk,58.0,NY
JpMdmRxD,21.0,Berlin
KxHWwY0R,41.0,London
wWzl0KAd,,SF
fXBsnhyR,26.0,NY
P2I58e0S,28.0,NY
2T0u2YDi,49.0,London
s8C46pMR,60.0,NY
vL0fmfHX,,LA
28GRPJA0,57.0,NY
bYsn4G71,,Berlin
MsdtmUJ0,51.0,NY
uF7nIqLn,65.0,SF
sp6auoAJ,51.0,NY
0whpdOg6,38.0,SF
3ETY5NDL,42.0,London
3EoqJ7bI,38.0,LA
NFuZTzmn,37.0,Berlin
8BVxo2HW,41.0,LA
ZfImhhv2,,LA
SbsanHB7,,London
nwQBz19d,19.0,NY
E4kFXa2r,26.0,LA
R5lVILy8,,Berlin
YdmBTuaj,,SF
RHzucnTx,49.0,London
eaFzA8dz,24.0,London
hGDXwYpy,55.0,LA
GMOGARnx,,NY
9H9YHy8F,64.0,LA
hbF5oxXU,32.0,SF
CYmiej4V,56.0,LA
qZoYExjO,45.0,NY
Z4gHqOq5,48.0,London
JzD1sbIt,,Berlin
NLxhQ1i0,57.0,London
7wDd45zi,66.0,NY
3malHV5u,68.0,London
s3mUyc1R,41.0,LA
XDy6A58W,51.0,LA
BMuDu6Nk,26.0,LA
uXgBkyL5,19.0,LA
alTudknf,62.0,NY
A40yrmD3,42.0,SF
NCiXtWEN,,LA
qzG1BJnh,,London
4sQ5XRI2,,NY
0WBwMoTu,57.0,NY
Tqw6Tf42,30.0,Berlin
qHgqcsXI,46.0,LA
VQgSUB7o,49.0,London
wW9NIrhC,44.0,SF
C3ENijoG,47.0,SF
XdQsp9cD,63.0,London
8PlBDPdk,56.0,NY
0oFMRLNK,18.0,London
Zhf1csV2,28.0,Berlin
ZbU92g1E,40.0,NY
RtzQsipX,66.0,Berlin
Pm0m1Eg5,34.0,SF
5RhwQho8,32.0,LA
dEwMNbAu,44.0,Berlin
9rYZ6f2U,27.0,London
Woo8ozuZ,33.0,LA
MsKptZUR,54.0,SF
4new64GW,45.0,London
UsvdW0Xp,19.0,Berlin
ZgyVDBoY,56.0,London
Ekhm2Lil,52.0,LA
7FZ4pPzB,,London
Sea6UWfU,,Berlin
0tm7VKwe,50.0,NY
M2XwBGcB,33.0,SF
dWlBR69d,28.0,SF
mvXuhjuK,,LA
AZsviDl9,,London
yYCSv4nJ,36.0,London
UjxZy7Pv,,Berlin
gDzqHty8,67.0,SF
tPNBgtVd,40.0,SF
Ku2Y3VBY,27.0,LA
1OPlnuvm,25.0,SF
DPWtUqDW,19.0,Berlin
sTYe0fas,24.0,Berlin
EnuXwl8m,43.0,SF
cg4YmVo0,57.0,LA
SasYLD90,36.0,Berlin
5nNd3Fk5,,LA
dSnR58kI,50.0,London
5wgbXPaF,,SF
I2QytTBz,69.0,London
JyjBGGhL,53.0,London
taZIL2I0,29.0,SF
BD0SJ30t,45.0,London
5RJXoYPK,,SF
rxvch0rz,40.0,LA
PxcEN1BI,57.0,London
1QhEbVcp,23.0,London
4zu5VoX1,67.0,Berlin
HzzNwSJT,36.0,London
3JTfPH3S,37.0,NY
32XjxhOr,35.0,London
VXsxfxES,44.0,London
RQOw2WFi,50.0,Berlin
jCf06vOQ,46.0,NY
1bKoDSOM,26.0,LA
Wjy9QmNt,62.0,SF
Edbb5qkC,61.0,London
2fGrY3KD,67.0,LA
Ih3oZpX4,,LA
ADtpULvs,56.0,SF
96OTKK3X,28.0,SF
A38yu7Wq,67.0,LA
ANJfxIxv,59.0,NY
CX1jE0gD,25.0,Berlin
5A6vVfbJ,31.0,LA
oX7SmvEa,63.0,SF
Wd8hTP5p,30.0,Berlin
tg7qW1VU,24.0,SF
hfpHtgGV,32.0,LA
uoZzx7rG,55.0,Berlin
5e2GTXPh,61.0,SF
2racsCYN,,SF
i2STxrCw,35.0,NY
Z0HBhr0D,53.0,SF
W67RLPUl,48.0,London
jC4hGYbh,21.0,LA
z5edu9sC,30.0,London
CcU4Fozs,56.0,LA
zaHyfY68,47.0,NY
eA40oCQ1,36.0,LA
8AbQqcas,,NY
gg5HZd1x,18.0,Berlin
vuJ5hfwJ,,London
ripLc2p4,49.0,London
BAnv8Nj0,29.0,NY
siAXMJuU,29.0,London
h4YgrYnP,37.0,London
ae1JHuvx,28.0,NY
vGh4a5sa,,NY
QAmi0ACr,47.0,SF
WoABzAm9,66.0,London
i1WFzolI,61.0,London
w5yqTSAj,48.0,Berlin
gLAsfECu,,London
su0mJH4F,61.0,NY
FFGAo2dn,66.0,LA
SPoqvI1z,46.0,SF
xfPf3blZ,58.0,NY
ZWvQ4V0F,39.0,LA
Dgg5iDmC,62.0,London
pumN3Y21,,NY
7aWKaDK8,,London
nSwAbZJh,18.0,Berlin
mXWaF1Mg,,Berlin
hnncYcOl,,SF
haAmE45F,44.0,LA
95RNUEy2,52.0,NY
vsFZKIlf,25.0,SF
ai1q1k1P,57.0,London
NMQ0D5Ft,25.0,NY
rJ7aLBTI,23.0,NY
MxPWSLeo,32.0,London
2MiurGTh,38.0,SF
vhsjBDTU,54.0,SF
x64SBwGh,23.0,Berlin
MFbfQHqp,46.0,NY
yTJPZ7Hg,42.0,SF
51eTP0vI,40.0,NY
wyqhvm5N,55.0,Berlin
Z3Ze7cJC,44.0,LA
5259lGLB,,LA
qSXJGP0B,40.0,Berlin
KuFeraru,36.0,NY
9mCUzJ58,,SF
kh2WvVat,51.0,SF
dRxLVs1q,24.0,London
NyqedMO9,68.0,SF
dRonZFXg,30.0,NY
hV3W9S8T,21.0,NY
JvodsaJk,28.0,Berlin
NvDZf5zX,67.0,London
JO5Nfham,38.0,SF
6PGd9SdR,38.0,NY
Jrn85rRw,60.0,NY
D3DZgmXu,,LA
eH0HHxTb,59.0,NY
diEEbWgK,43.0,London
5EqkXAgu,48.0,SF
i5VPh5Ms,,LA
cGCJmcFr,,NY
6U1mg44W,20.0,London
m6CBsbWt,,Berlin
Fh8lH8rH,65.0,SF
PAMy0tYk,38.0,Berlin
E9Wc2iFQ,55.0,London
0GPchUny,35.0,Berlin
u4OcecpG,50.0,SF
n0bSmNV9,,London
BvX9XSkB,59.0,NY
Bx5ZqiXk,52.0,Berlin
dn0zlKGw,49.0,LA
9mTg5qeI,28.0,Berlin
3dJBWHUO,56.0,London
QoDOkqDa,48.0,LA
WCE2LAMx,47.0,London
negzopbk,55.0,London
cXUjaPXc,,LA
ydbhe49x,37.0,London
cpubuONE,57.0,LA
gB6A7QA6,43.0,NY
pQzyq1oZ,28.0,London
U5Pl4BoC,19.0,NY
Y32YX06S,56.0,SF
8Us30ByW,,Berlin
coypzfv9,,NY
mEEuoS4C,47.0,Berlin
an17zyEf,,LA
BRp34gDq,23.0,SF
KoglLU4G,66.0,LA
hkORjQec,40.0,London
5TAwDcVQ,,Berlin
QACFnC1a,52.0,LA
piova6XP,67.0,Berlin
lkioCI7B,64.0,London
5wIFwAdx,43.0,London
kCHrXoy2,42.0,Berlin
vjAz3UdT,53.0,SF
YvTbn975,38.0,Berlin
wz1UAx0Z,59.0,Berlin
Vspbwemx,60.0,LA
V6hAdZKR,40.0,Berlin
m7DzV1da,18.0,SF
TLal39Ox,27.0,SF
SvJ5YWyr,42.0,Berlin
m9xPQhZJ,39.0,NY
bQxFUpTD,64.0,Berlin
QPZkp1oa,25.0,LA
ImBy8uDP,58.0,NY
XoAbCJkR,50.0,London
LjdqbTs0,29.0,London
BwFpYXEr,65.0,NY
nmbIbCJJ,,Berlin
HcPYHJJM,29.0,London
rjiVNYza,29.0,LA
7faXthC5,,London
kLAyHjgH,,LA
rt2OYdtH,25.0,NY
qJXefHNo,68.0,LA
0Z8Nekxg,25.0,SF
YBXXtheL,,SF
CWnlgOQ4,66.0,SF
NB4CuqWd,33.0,SF
aimfkA7w,53.0,NY
yKBLYlyO,35.0,LA
OO4z9ugE,,Berlin
WIammjQ3,38.0,SF
PwImMipX,21.0,SF
Y3Gg2iY3,67.0,London
nKM2nPXG,24.0,SF
WvxxJjl4,51.0,Berlin
nvhe2ZEw,51.0,Berlin
lYlSQ29H,62.0,London
NJPGe5ew,53.0,NY
9Ery2sry,54.0,NY
HvpfkSln,47.0,LA
qR3tK6HK,43.0,Berlin
uBrHDaiw,29.0,Berlin
TigLPZrO,,SF
1HKlfBws,46.0,SF
WDrVLazl,,SF
iUJpFfhL,28.0,LA
tLqd3GJv,26.0,Berlin
pHeY5gpA,43.0,SF
rwbv7wk9,25.0,SF
763BPSlO,38.0,Berlin
33Wysb0D,,SF
H3jLy4Ty,59.0,London
MqeNX2jt,23.0,London
5tSmINxR,35.0,NY
raYxa9O3,,Berlin
HckjjVCJ,,London
0Fg4lXCw,,Berlin
Zx27GQ7P,65.0,LA
fteS0EY8,65.0,Berlin
gGhMsYLk,40.0,NY
fZT4OmKN,,NY
asMR7igE,35.0,LA
wa5grm1L,44.0,Berlin
tjADuvoW,62.0,Berlin
bBUs2luB,20.0,London
A1ixacX6,29.0,London
qMPSa1dM,37.0,NY
fyrCBC7q,,Berlin
4NM5nNWI,40.0,SF
PE05Fvv1,22.0,London
cksN4skY,68.0,Berlin
h4tYKcOk,36.0,LA
TyN0MSHJ,,London
Tg6jFlUI,45.0,NY
71T05KXn,54.0,NY
madvh6WG,51.0,NY
5ILrcRA1,33.0,NY
qAg6cAC1,21.0,Berlin
vEYewMDI,64.0,Berlin
eXxWrFBt,59.0,London
5LXJcLxD,23.0,SF
T40dtG3c,24.0,NY
gso5LxgY,51.0,SF
MaI6uCF1,21.0,NY
rjBnV3uw,32.0,London
m4fS1DlV,30.0,LA
OVohde6a,26.0,NY
jfmlvtiW,54.0,LA
NWoCsL7f,34.0,NY
107cJAuA,55.0,SF
Q7xRpwKD,31.0,NY
kKxLpXt2,54.0,SF
PuDRZQY3,48.0,LA
KEMr1DzH,19.0,Berlin
A12cbgDX,,LA
D8KEJIbv,36.0,Berlin
0tw5dI2V,36.0,London
gMSRGrJY,30.0,London
zelIklaA,38.0,London
1pg3tkxq,48.0,London
rKznNrBO,61.0,NY
03WaNyl5,,LA
ImNKlUZu,18.0,SF
n1Ey2qyv,,NY
qiFvKexm,27.0,NY
y7SiA6OO,,London
3jS4jd5D,30.0,NY
XrxpNmn3,36.0,SF
h86Wyt94,,LA
xqJ8qYVf,,London
D8vAfioT,44.0,London
jWelbFO3,35.0,SF
brr9kvEC,52.0,NY
fBXqk4lm,61.0,SF
7lZrHSRx,51.0,Berlin
EOrUMj5S,,LA
B37X1w2D,25.0,LA
LChvbq4O,38.0,SF
PPiHgWBH,63.0,LA
xA6vZiwZ,36.0,LA
uhPmo4xs,60.0,NY
ROsXFrGl,65.0,London
xmtJWPYK,63.0,London
WgTJIuCY,,London
BfFsNOWr,47.0,SF
w4frbqlk,,SF
N8h9ur0L,37.0,London
TPKyI8SC,31.0,Berlin
LHyqevbt,29.0,Berlin
CSoCfP28,,NY
bttKuiT5,40.0,SF
xdrVo5I6,29.0,London
xye9kjS6,61.0,Berlin
ROLdpoSj,61.0,London
Kh5JmrZI,56.0,LA
lMUJUqu0,59.0,Berlin
SDOPrHzr,47.0,London
vAZdV8oY,,SF
PgY2CxOV,44.0,SF
FbIR5Y7w,41.0,LA
l0HvHHCv,20.0,LA
jhja3ATb,,NY
yIUXhgu0,52.0,London
ikmbxm4S,50.0,Berlin
60OTuBgW,54.0,Berlin
LAbdeMsG,,Berlin
yqpu5cFL,66.0,NY
onKSXyHM,33.0,London
MOl1iFSy,65.0,LA
QvlrvgCB,35.0,NY
RxgAmSfZ,35.0,LA
FHYWakms,31.0,NY
GFbqyMbu,49.0,NY
CibuatWF,29.0,Berlin
koWGCKK6,59.0,NY
yLH7vtbu,19.0,Berlin
6t0CpAIA,43.0,Berlin
imGYflZg,40.0,Berlin
BZj2DFrc,,SF
83kL3S0k,50.0,Berlin
rh29va6y,58.0,London
otZjUnTj,,London
Z9VwWz0p,21.0,NY
9NBI8hNc,38.0,LA
HsKTqVvY,,London
oQvaotVY,21.0,LA
sHdwAgHN,48.0,Berlin
tL8TISKQ,66.0,LA
2iUZUVpt,32.0,Berlin
nQiHY83B,21.0,SF
cKYYcmHk,21.0,NY
Tc5RQxhC,61.0,LA
NktzdEGZ,,LA
z3W73UMA,69.0,LA
LkRWebq4,22.0,NY
D0HZGMNT,36.0,SF
Cov7Dp5O,55.0,NY
S5ImMzTv,,London
ed8cURxQ,26.0,NY
I2u9TL98,20.0,London
NdIhwEaf,,LA
28q76GXM,42.0,SF
d1hIfwNq,27.0,Berlin
YLCJcgDE,49.0,SF
ZGk1oRa2,22.0,London
3b8CJir2,46.0,SF
J4cRXYB6,24.0,LA
GGdjYkFy,32.0,NY
bpinzl0e,19.0,London
zSEFoyS4,27.0,London
cCQUaRBJ,28.0,London
6reK8DlH,57.0,LA
kAH1933K,38.0,SF
HKJhOeJN,29.0,London
3ej0wsVk,21.0,Berlin
Y21dfq9u,45.0,London
V0FLBLKh,46.0,SF
Ouz0WjSp,30.0,SF
tQjL4YDO,,Berlin
YI9i8t30,35.0,NY
oMNikCir,,London
foRlE6oL,20.0,SF
Lf7HeDhW,52.0,Berlin
p6WNNK6z,56.0,Berlin
uIgI989a,39.0,LA
6oehQTNZ,34.0,SF
3cS0CtXA,45.0,SF
lg4fjsuo,,SF
wrs78DPq,,LA
Zncixbsh,,Berlin
4NmT2ZWJ,39.0,Berlin
RKN8IVZg,,NY
jC2Vng1L,28.0,Berlin
uk8iwFQz,39.0,SF
JVS8hvQ1,61.0,LA
yUUwpVxp,,NY
7JCLUqbQ,53.0,Berlin
TcTzWk9a,58.0,LA
4gwWRqDx,63.0,London
4YU0exl7,61.0,Berlin
6zBIaRYQ,59.0,LA
kvSLXXf4,,SF
iecGadt2,20.0,London
A8hQHJ5X,44.0,NY
HuumD5Ng,62.0,NY
t1vjWSRI,65.0,SF
a5Wtpn0o,30.0,LA
ur1n1wzb,30.0,London
VZGHnxVu,,Berlin
kTI9xtbm,47.0,SF
xzmCTOBh,35.0,SF
LQ15owX2,57.0,SF
C1y0mloY,50.0,SF
dH0RWS6i,34.0,Berlin
vkwzQxCQ,58.0,SF
mOXFdpvX,27.0,NY
pmfWmUTi,58.0,NY
0YSFyn1c,61.0,SF
nrlFwhi2,41.0,LA
jikZ9g4r,59.0,NY
f9rsAkod,,London
q7jRYxJv,25.0,LA
8xlbp3ru,53.0,SF
eRTazeKY,31.0,Berlin
ixAQtbX7,,LA
fLMORuel,24.0,London
VzyDDmDd,42.0,LA
d0Roo8IO,,NY
HogDyZ9w,47.0,NY
E5iqBpa7,45.0,Berlin
ZkjD0SrX,27.0,LA
Iq7L6zkC,64.0,Berlin
6x3jl9vO,,LA
wRZabzpH,51.0,SF
d5Ew5wvr,33.0,LA
03Kp8sIW,27.0,LA
e0pDtjvX,46.0,SF
IGVs3DrQ,32.0,London
mar2CXMt,45.0,NY
TmC4fcjG,68.0,LA
oULzhcnN,41.0,Berlin
Wc6vfwDe,59.0,SF
uX96QYfa,37.0,London
1IcBButw,,NY
Hy61oVLg,,NY
LUWQNhpI,19.0,Berlin
NX3uiNUF,,London
omOiob4V,49.0,Berlin
Za3p2ZfB,64.0,NY
EhQm4VmF,59.0,LA
OoAbVCC5,,SF
w2iKtge3,26.0,SF
JULVfirD,36.0,Berlin
qn262JDE,,LA
70tUOQI8,,NY
EWWokvpq,51.0,SF
GRqpO6aP,18.0,SF
py9hFA1l,,Berlin
CoIGwUvJ,23.0,London
A7Rp3E0W,,SF
0J2GF4I6,46.0,Berlin
qktTsVcX,19.0,NY
y7g9HYRu,27.0,SF
kVpRepHj,48.0,Berlin
gNuqo7e5,25.0,London
dk41ElQ2,58.0,LA
nXyzYEZv,56.0,SF
c6AbMxUM,45.0,Berlin
h4Q4pR9J,48.0,LA
t7BeBZTt,,London
AzTZOKG7,24.0,SF
FKSKlXRa,68.0,Berlin
JCFTtRmb,18.0,LA
g2nexGbd,62.0,NY
qHJgXIbY,66.0,NY
NxLsiVdL,61.0,Berlin
lrd0qWIe,43.0,LA
hCK55bKw,63.0,NY
ReI1w7sE,33.0,SF
rQPPMBub,29.0,Berlin
D2MJKMy3,33.0,London
Cs1p7FJg,51.0,SF
6m3wOaCs,44.0,Berlin
QHGecem7,69.0,NY
XRlTou42,,London
i7AgFNiB,36.0,SF
Hzz6rEjk,,LA
1YLYUnMY,29.0,London
gFZ1LM13,,NY
dSIlPXGH,41.0,London
RzWJGVeD,,NY
2TquUrq1,56.0,Berlin
Fnt0vsGa,22.0,SF
frRbAyYN,18.0,Berlin
ehAeLGba,24.0,London
OiGMMcKM,65.0,Berlin
mpIHLvhq,43.0,SF
O6hbcuZA,,London
e0IDdud3,65.0,Berlin
rzldjrZb,34.0,Berlin
1MNwmIva,21.0,Berlin
sknay6pY,,LA
kLmZdYM0,53.0,London
lywyUdRO,22.0,SF
ecpEovNx,22.0,London
PTi0a2QA,69.0,London
tDfd3bSU,60.0,Berlin
62rjUVNr,63.0,NY
dejmB1mp,34.0,Berlin
6ZHGOYvU,58.0,NY
8ZhUq11R,38.0,LA
umQXdUY2,,LA
LIlyyxCb,66.0,NY
Tp2AlwxO,,Berlin
JlXq4y25,,Berlin
GwYVe8jQ,62.0,London
LGK6gggz,,London
6SJ3W0Tr,59.0,LA
R0ZT3aIH,46.0,London
6QVelUhn,,London
7oNkMxEo,,London
JQLAYWco,55.0,LA
9reY8UmN,24.0,London
bmQaYzAW,54.0,NY
DZ6WLbX8,,SF
1iHV13Jn,32.0,SF
X1sb2cEe,46.0,London
2VVKEUWG,,London
RThxyzt8,37.0,London
5m6YOf86,62.0,NY
T7Rf6LIx,26.0,LA
SqMrKmds,,SF
hn3V1sLY,37.0,Berlin
7QpOdzNd,38.0,London
2ykotWYZ,,Berlin
ETzlhGKp,55.0,NY
MSkpNoNu,65.0,LA
WXurOQR2,,Berlin
c6PTllOp,,London
1ZjrJYAt,,London
Ee7pJtkU,,NY
81ePwDiX,34.0,London
8v738Ezc,68.0,Berlin
Zr87w1Yk,60.0,LA
aSG8xjKG,19.0,London
n7vK7GIs,59.0,London
pCsLBdKU,29.0,Berlin
Fima6f12,30.0,LA
HqGbqqj0,55.0,Berlin
OfsZQI1T,53.0,NY
XyKvE8BS,29.0,London
ZfUjuLvH,,SF
zr60VTbY,43.0,NY
9W1nM7uj,64.0,SF
sVxC6mFW,,Berlin
eY9RYWnj,57.0,SF
h18FEp4V,22.0,LA
5tKWY7zE,49.0,London
oeSlVGqS,,LA
K5sk68Q7,62.0,LA
Z8rEyHwi,55.0,Berlin
MyncNztd,69.0,LA
qyydqMmN,33.0,SF
kHPEq2b6,27.0,NY
CIwWuRa8,54.0,NY
HlHqbBGu,32.0,NY
l7SBJvxK,28.0,SF
B6nMZOF0,69.0,London
sGcrbEJP,26.0,SF
IIPgx2H2,35.0,NY
hoZ5qDWk,50.0,London
1WkGdSD6,26.0,Berlin
8f9gu83B,58.0,SF
oku3gWHJ,32.0,LA
hNBNyVYP,53.0,LA
Rlbylk8d,53.0,LA
56kLRW3g,18.0,SF
Gmmi559S,45.0,Berlin
2BrNHmle,50.0,London
Q5uPVKhC,,SF
I7d1o09A,23.0,SF
AjorWFXc,28.0,SF
qM1qlget,65.0,London
kUzyeztW,44.0,Berlin
JiBDfp8M,22.0,SF
tvBkP0Pv,27.0,NY
IU4ttcKE,45.0,London
tVA7AloT,,Berlin
kuUD5f7G,60.0,NY
UVJlLcMJ,43.0,SF
bGIz01bb,67.0,NY
xEas1NWr,,LA
30OUMj6r,,Berlin
3zrbkZYs,30.0,Berlin
sKPC8dN2,18.0,LA
1YUP5oUb,52.0,NY
vbVreAnF,32.0,Berlin
RJO3H2tn,,SF
qAdXHTIk,48.0,LA
MMot3xF2,29.0,Berlin
XKZjb1du,,Berlin
mvlqscBZ,65.0,London
hcinC9t8,63.0,NY
rHlNHXbg,49.0,LA
1X3ipuBQ,27.0,Berlin
koIWqMmh,,LA
Ogl3vPm1,44.0,SF
ISMbtGi8,56.0,London
gyeFAki2,38.0,NY
4FDfEHWV,,NY
A7wSWlkB,46.0,SF
5YqNazMf,32.0,Berlin
bKrLFEx9,,London
iNyxUGOc,24.0,NY
1Qmy1ugy,35.0,LA
9nHRbHdu,,SF
DmhMauJB,36.0,NY
OGfayav1,34.0,Berlin
tBJyIHpD,31.0,London
j8EdJIwm,58.0,NY
6Fxmsshy,65.0,Berlin
OrlGboCz,27.0,Berlin
GWD5fNco,42.0,SF
bDgPz5P0,58.0,Berlin
kRMgvkHx,61.0,SF
2y3Adsna,,LA
qMNVsdty,,SF
XBSYPFGf,65.0,NY
IS7En1xY,41.0,SF
nYYNeGu2,38.0,London
Fw3gZeTs,51.0,LA
34KdUEWY,56.0,SF
4PBwN8JK,69.0,LA
HRdV68c0,24.0,SF
C4s0KlHH,24.0,Berlin
5EZxU3IW,,Berlin
UPcY3HNR,,NY
GG68qMJt,52.0,Berlin
fUERpyFF,27.0,London
kfSuGwwA,55.0,Berlin
Pa9SY7Wr,49.0,London
qohcykwp,51.0,SF
V0Fs7Z5c,41.0,SF
lpQVzVh3,69.0,London
Aw0XJxxU,67.0,NY
oS8l8RVD,58.0,Berlin
7iFfvGAm,64.0,London
naVSooZg,,Berlin
PT5DCC59,58.0,LA
R5FATiNO,19.0,NY
qZPGY0Md,59.0,SF
Vyooml33,,London
R4IU8Ixd,18.0,LA
zyhCuYnr,39.0,London
ZpZkVzSU,28.0,London
AQDiw6fJ,65.0,London
5NMG1cIY,,London
x1eO0PtI,,SF
UruHq0nq,,SF
Tyk0563N,,SF
UIfcKD6S,50.0,NY
kX5AZhXF,45.0,SF
sCfi1HlR,40.0,Berlin
FP9jwxxZ,,SF
kVLVBOxB,35.0,London
i4P0SFZf,60.0,London
tbTJ3bPZ,,Berlin
2ecFHlcr,44.0,LA
elA4kTR6,52.0,London
QSD5o86i,21.0,London
vlWuydCR,39.0,SF
JEocutMZ,28.0,SF
D8c1Ngm1,24.0,London
s7cKW4zD,,Berlin
RNIkfiZZ,54.0,London
ghg8VueG,51.0,SF
mVnV2O1u,,SF
dG05WNDB,21.0,SF
glItIwNY,,Berlin
5z2Lx0zm,19.0,London
ldyeqnCr,,SF
UmiF6amS,18.0,LA
GIZAIimj,35.0,SF
pQMBF8mT,40.0,NY
NJYLzrH0,51.0,LA
GH5pVWV3,21.0,SF
U6tyzmWI,68.0,NY
7pEVWjqC,69.0,Berlin
mF0hpewK,59.0,NY
vhqm08cB,62.0,London
9nHL4ftg,36.0,London
9EE1sRKI,57.0,Berlin
38wd6OxI,59.0,Berlin
yARlNq9I,57.0,Berlin
s1K0X2hT,68.0,NY
gFSOUVxK,,NY
YrKd831l,26.0,Berlin
SBuJFCEK,40.0,NY
zTyRKMHx,30.0,London
Elv2bZuI,,SF
9dJiVLoJ,,LA
kVLzcTBx,27.0,Berlin
Mh36JrPF,44.0,London
TuG44YNa,36.0,NY
Eq5ySF4i,57.0,LA
0lClMi5H,49.0,Berlin
5JbiKBhi,39.0,NY
ejrZcMZj,42.0,NY
if3mChII,28.0,LA
PWxcPwfy,28.0,NY
89A5VNYz,43.0,LA
LP1LR5Sf,33.0,London
hRvhCs8S,46.0,Berlin
Jn5lODmK,47.0,NY
07N7Ei5g,28.0,SF
TPSRrFZJ,18.0,LA
93iLtlQl,23.0,London
JmRejl4z,30.0,SF
1ox0SPih,44.0,Berlin
G9WgR3Nh,,London
n9RowvF1,,LA
wNarKNgB,,London
meRkSg9T,31.0,London
JLUt1P0S,60.0,London
j2b8QWVq,63.0,Berlin
Ur5cNQIT,39.0,SF
d15RV48M,59.0,London
yMHhJ7KD,,NY
3CZ3Cx5B,,London
dMeZrZrN,22.0,London
gglGzuXh,32.0,Berlin
tX8iOHFL,,Berlin
STfeEK5I,65.0,Berlin
GpVN36c4,37.0,Berlin
47vcfSBW,43.0,London
e3fUBUQ5,41.0,London
vvEDm6N9,52.0,LA
c28MURVk,41.0,Berlin
nH1bOaoM,43.0,LA
ErDcGfhR,58.0,SF
IpjRdvKj,67.0,Berlin
RiSH6oKn,39.0,SF
0VaNBmTg,44.0,NY
IaXzH4nP,36.0,London
QZwXwuGA,54.0,London
Z6rthFbX,53.0,LA
L0YxAp0f,46.0,London
fEihSmpC,57.0,SF
WB8ll25J,56.0,London
RCnfC4aM,60.0,Berlin
E0gCpvjS,29.0,NY
cCNGXJYh,61.0,LA
HFgbob4V,33.0,LA
9GXsz28v,65.0,LA
cpO7rX03,48.0,Berlin
98JHLvHJ,,London
egWBk3O4,50.0,Berlin
L3hNXeWy,32.0,SF
wogxJlTW,,London
5CEuCsUq,39.0,Berlin
r51QWWdE,67.0,SF
7a3svUYG,,SF
LXmibWVa,47.0,Berlin
yXgVL0BZ,58.0,Berlin
K3MG7urj,,NY
4fUMn90s,61.0,Berlin
V26RViQq,19.0,LA
aZhULNHO,,London
75UtU5BW,64.0,SF
ZauenARK,29.0,LA
inXPHot5,64.0,LA
DaeMmojf,62.0,SF
BTJpEDOE,29.0,London
nwpalETf,68.0,NY
LC2DauwN,,NY
rBlFuhZd,56.0,LA
iRxZyp3k,34.0,LA
vgOpPRvj,59.0,Berlin
H8ouI0C7,58.0,NY
YMnBso3G,23.0,NY
7yFZ4eKc,58.0,London
KrqXWkE7,43.0,Berlin
hYKlvMKf,18.0,SF
bZRi2GWZ,33.0,SF
vy5jZOVx,63.0,London
auPBdSyy,57.0,SF
7GeKs0cX,64.0,NY
v4W0Wb3s,33.0,LA
W3uh6xA1,63.0,Berlin
U6EkAOPV,33.0,SF
zR9FzsUG,56.0,SF
XXdkn07R,46.0,SF
FzAsNeLw,67.0,SF
4ysQ2Zzo,,LA
QKmaK2zq,43.0,LA
IwxVcQHg,47.0,London
3wmaX6Jo,50.0,NY
uPyp7d7o,60.0,SF
gmCuBeQS,37.0,London
9GuogIk7,54.0,NY
7sWr4YFg,30.0,LA
yuGC8Wx1,25.0,SF
B7elnILF,49.0,LA
aLq5ZYmY,35.0,SF
oHkLDDOc,,LA
GJJHdDtu,58.0,London
uVMAhUTp,28.0,London
RdxvgOO4,55.0,LA
KLMJPkWd,,LA
2LXjrfat,64.0,Berlin
UKQTLom0,31.0,SF
duzYuH4k,57.0,Berlin
U0PLWGLo,,LA
YViN8MD5,,London
Y6VZNxC3,58.0,SF
Nix8CJNZ,40.0,London
FxlpJj4w,24.0,LA
JyeIYGmT,32.0,Berlin
PPlniboB,32.0,SF
Q5LAJDjV,26.0,Berlin
3QYDNPhM,38.0,SF
U9zUGdzY,,London
rAbL0xXq,,NY
47HnjxCi,45.0,SF
IrLyjE7V,61.0,LA
1G0Ti7mY,,SF
NB9M6HPc,,LA
Dm5bBts1,32.0,NY
ZYjIV3It,41.0,NY
VmTcVjsF,,London
ZmznkuQc,,London
0npSllBW,67.0,NY
QDidWONv,52.0,SF
V964CJyM,32.0,SF
ZGtBwjmB,69.0,London
tYUIA34U,54.0,SF
nPkzWShF,19.0,SF
tEKUUicE,64.0,SF
WRTBla9n,57.0,SF
ZxBJ6nim,45.0,LA
dX1fXQnn,22.0,London
vrGM8Ihq,40.0,NY
eDMyHA3y,26.0,NY
5omk5viM,24.0,LA
4LCrmVXq,21.0,London
KLbZKa9R,36.0,LA
CM73DHO5,25.0,London
WjE3G3qj,,LA
1GHsVEDR,31.0,SF
TJFimpkM,46.0,LA
tqaqLivf,,LA
XO9H7VSM,54.0,Berlin
x8VkkPR2,23.0,London
87ucC11a,59.0,SF
fUQhfTU5,,LA
I6jQkD0c,62.0,SF
8AeJQAbs,,London
ezTLpeLI,62.0,NY
5wxEgPsh,20.0,Berlin
S7n1vLZh,29.0,Berlin
vSVsjL0s,,London
SVseahfE,28.0,Berlin
HFosrMXY,26.0,NY
I0Hfevym,,SF
3PqZ0Be5,29.0,LA
3y46f6gw,63.0,London
7glwbb9F,,London
WQc4PKeJ,25.0,Berlin
uanrHjfX,58.0,LA
EZvyPUmo,30.0,Berlin
U3X08esb,,Berlin
xLVhVbCT,26.0,SF
Ni4ylLa4,37.0,SF
vMHc3WVb,,Berlin
E6iOr16X,,NY
teYUJ2DS,58.0,London
nmGSaVNR,44.0,NY
p63AXv0J,21.0,London
Gx8i9mwK,27.0,LA
ANbAkXR1,66.0,LA
bB8jf6HJ,36.0,NY
jtb74885,,Berlin
sbp03SsS,,Berlin
Fh8tCb3j,65.0,LA
UTHW9AIi,40.0,Berlin
MkeYYrzk,53.0,SF
JzOHBXxj,58.0,LA
iwBiiiQS,,London
mMyzYNf9,19.0,London
ceIPT0xZ,36.0,Berlin
plOxvmAl,25.0,London
XWyjK6PG,43.0,London
fOEOXEVj,,NY
BhbEYN1V,53.0,NY
trHBoqgd,,London
ntiYo7ku,20.0,LA
dRkxugc4,,London
qLpe9g78,35.0,SF
igt9ulPo,,LA
KJGX9PYp,68.0,SF
TwezbK5P,26.0,SF
43qCgRs2,47.0,Berlin
bSopl1oV,33.0,NY
jMslTiue,25.0,Berlin
U6NCbMzI,,SF
3jdwg82o,43.0,Berlin
yGtCxC7H,22.0,Berlin
l5ta8GLh,22.0,LA
kjdl28SN,63.0,Berlin
mPu3jDz9,,LA
KHrQ6ig4,31.0,Berlin
wMgyoBeE,22.0,Berlin
zYVdyCSR,53.0,SF
gEe9E7uL,42.0,SF
IycMh5sZ,34.0,London
PUJCaIt0,23.0,London
DebtGzxQ,24.0,LA
UpYuLVEm,63.0,SF
gVYbe7gE,32.0,London
1fhUfuLr,23.0,Berlin
MjnUJgTy,49.0,SF
ioEC4w05,59.0,Berlin
OYioJU37,57.0,Berlin
8b9XMtjj,44.0,LA
rQoU6m15,57.0,SF
vfe3ucWS,22.0,Berlin
17cRPzXz,33.0,LA
g7uehRml,69.0,NY
sFyDbOv7,,NY
2X2vkUf4,,Berlin
N3NW0cES,42.0,Berlin
KyCQsdGh,19.0,NY
xKrX3vZ1,45.0,London
bY1YWCzt,24.0,LA
tNnxJ1Nh,55.0,Berlin
9u3G3nYn,68.0,NY
AcLhAU4t,,NY
WcTd5cWX,18.0,NY
IDqQ9znw,35.0,NY
0kzd1EWn,,NY
vlRiOB3A,66.0,NY
yzePrESH,25.0,Berlin
CZE2qv6Q,,LA
BYgMhx6P,52.0,NY
6qs8A5V0,59.0,NY
ejIzO6TQ,33.0,NY
q9biUM9u,67.0,NY
jqEvOvD8,50.0,NY
PmgFWurD,57.0,SF
uzAmntgD,42.0,SF
eA5sCOAT,36.0,NY
kho3DU60,,NY
j6LJIgct,33.0,London
Fd4KX4ao,,London
f74OXn3E,65.0,LA
XtMrHOgC,,SF
Nk2Fd0TO,49.0,Berlin
0qSQLCHF,61.0,LA
XelpL8TI,45.0,LA
rx1TUzew,,NY
u6VW4RVM,35.0,NY
gsqDk3QR,40.0,Berlin
qq2rqzAW,47.0,London
isyDuFJh,,NY
7X38FFDi,41.0,SF
nYfvnUZW,28.0,Berlin
wT6DlIlY,69.0,Berlin
jS9MooZN,43.0,NY
kxW9gRO9,,Berlin
QGaDUDrh,37.0,London
iVbTQrSL,61.0,NY
cy6eJnN2,35.0,London
pmdXyrax,51.0,London
yn7KLae1,53.0,SF
xS2nR3yT,21.0,NY
r47VKTS8,38.0,SF
104AEHoM,,SF
tNR4dTgy,31.0,Berlin
V7TSlGRd,43.0,LA
jhFdu8dK,30.0,NY
ZyzzjgfW,43.0,London
955dWzis,,Berlin
dmHvC8gt,32.0,SF
NgSVx6Y6,,SF
8Hv8wcOb,40.0,NY
IDHFYFzm,39.0,Berlin
95LEPisM,27.0,London
abOIsNa0,22.0,SF
TJgkIdqI,,Berlin
dZjW2WcZ,67.0,London
ly2Jj1Rs,53.0,Berlin
qnaurqrU,,SF
3jBMSYGl,49.0,SF
Klil57hR,28.0,London
pZhqfvbk,56.0,Berlin
Ctn35pkb,50.0,SF
7yNakgI9,52.0,Berlin
VvJpEYoi,65.0,NY
R1ocIRyw,,London
di4wD249,40.0,LA
hkIS8Sgk,20.0,London
bDp31Kci,37.0,SF
cf6PAQB1,18.0,Berlin
tRMKGE7B,50.0,London
vsgMHemf,27.0,LA
IbUfP7Ss,61.0,NY
6Z9A2bVZ,20.0,SF
vjNiGw3Q,49.0,Berlin
LYiLJlbt,62.0,NY
HZ9g6Qjn,55.0,SF
swVjkdrs,48.0,London
lvbEiLb5,,London
RBMpGy5k,41.0,LA
X3IXgNHQ,,NY
jZTdtjfm,,London
lO3MmBGJ,,LA
JjMJN608,,Berlin
ulwiT1l0,,Berlin
GuUKVOJp,18.0,NY
IBlQZ4vZ,64.0,Berlin
6WS9cE36,63.0,London
v75tkGpg,,Berlin
tuTG9mJs,,London
V5Vx5i7V,58.0,LA
9aaG2b2I,47.0,London
HIgZ06Ku,,London
o8RKNzK8,31.0,NY
bhHlSqTR,41.0,Berlin
Ul9eY7nF,,London
QIM8uSUg,,NY
WZ76XqCP,18.0,NY
1anXENKo,37.0,NY
8WhfTpRc,,SF
aGNlI3fE,51.0,NY
dTT6i4me,19.0,NY
NB1avjYL,19.0,London
ARhNtceI,,NY
Hy2CRMlc,25.0,NY
3MP7ag8D,42.0,SF
GGGqKE2s,,SF
t4cCcroe,62.0,NY
AG4t9D6U,34.0,NY
JmBdYRIr,47.0,London
zp3qsw0O,25.0,London
YbmCrVMD,59.0,SF
SaXOP727,63.0,London
74Tr6XDP,46.0,Berlin
Ncmvzkq2,68.0,LA
SAhIXFZy,36.0,SF
lo0K4r5p,54.0,SF
rAOZmU30,,London
cvW8tPud,,LA
TMVF3EuF,,LA
Zf6NgJOT,33.0,NY
QkhwsFJA,67.0,SF
4MRIMgKm,58.0,NY
a30bpUot,59.0,London
4qOJ06GV,61.0,LA
Jw3a8MtU,22.0,NY
QeYnJvXr,32.0,LA
XZVXFN2V,40.0,NY
bCmUIeYL,48.0,NY
gQAA6Hxg,47.0,LA
L9vvtGul,,London
irMCIWMl,37.0,Berlin
fHjXnlFY,56.0,Berlin
FC9pBgYH,20.0,SF
eeK8T8c5,20.0,Berlin
3Xc4XTe0,48.0,LA
JSHjTHlj,24.0,SF
RAlVBqY3,18.0,Berlin
UtQBPu4y,44.0,Berlin
dU6rDfbB,67.0,NY
csrwt7GK,,NY
aFbkrCBV,23.0,Berlin
FM03BtVQ,37.0,SF
mTnaZ77T,56.0,LA
vaChd7q2,61.0,Berlin
FbTXoaoG,20.0,LA
pW78aEyu,19.0,SF
trbelKYh,64.0,London
iF8oybvF,,SF
PO7c6LnB,37.0,London
muMB4z1p,53.0,NY
6zhk2hGr,,LA
MpniEbwx,37.0,NY
4D0syo2M,36.0,LA
Qa246ASB,38.0,SF
krLoHStl,60.0,Berlin
A0fPsP79,37.0,Berlin
ZCIXZL88,22.0,London
GGGFVmFR,37.0,Berlin
SfMWY485,29.0,LA
imJbXWXT,65.0,Berlin
7ky6Hzbt,27.0,NY
wBs58nDd,39.0,Berlin
7XpfDlEf,,NY
GW2vTiod,,London
PrsmSBlL,,London
1rFIJW7Y,56.0,SF
Z01Np6sR,,SF
GwBtAVlg,65.0,SF
TCW7xo0v,52.0,NY
LZhTAZBk,,SF
sBRtclDU,61.0,London
zM0B0mqT,57.0,Berlin
huWJjDL6,54.0,NY
z89zNmEM,34.0,SF
bqEmjRzU,69.0,SF
gLMv83hr,44.0,London
AbkMen46,,Berlin
1emwmMmf,63.0,LA
FJRRuFk0,46.0,Berlin
eSl71NZD,,SF
eZs3ULTB,26.0,SF
n11HJyPI,68.0,Berlin
SM3iUoWs,,Berlin
ZMyzs3Mb,60.0,London
upbMHKRX,,LA
YebXOU7x,,NY
GCT1QHQZ,,NY
iQ6N8oBC,28.0,LA
FNLzC4N7,46.0,London
1G4a4aPO,25.0,Berlin
HoZfM6bN,42.0,SF
pw2iLWSZ,,LA
60SY57AS,38.0,London
jKItcK5V,21.0,LA
OGzdLC7Z,53.0,SF
6dW1QM70,60.0,NY
cqTxAu5F,46.0,Berlin
QEYzhMjs,36.0,London
i2HgvmVq,43.0,NY
IHZhVLAL,,SF
mMlGSqhP,,LA
4bV9Qijv,,London
voeWpdzg,,London
YPupdZ5J,45.0,NY
AMhOSTXw,58.0,NY
xeVldusg,,SF
jf1zl9p4,46.0,NY
jRxFZlgL,61.0,London
93zgAKt6,67.0,Berlin
JN6LIhps,37.0,SF
qDv2oTeQ,26.0,SF
2o8VRJvo,41.0,Berlin
6EYQ10dT,64.0,SF
NIyS6wcr,66.0,SF
KR7k5DLF,58.0,NY
fp763BzY,30.0,SF
dn4oyuPP,,London
wq4Ip8kt,34.0,NY
GAmXP0pV,67.0,LA
6ZGhfj2Z,,London
BRmt6hc6,55.0,LA
tVj4j5bQ,,NY
OZXaMze8,50.0,London
G3DIlKRC,,NY
5KfeXE1g,31.0,LA
X0SSTVSL,,Berlin
tooGCEJa,67.0,SF
3iWxB43c,,Berlin
JNxcbXTk,44.0,Berlin
ZWi9p3xX,,NY
shLR3d94,32.0,NY
g7lP1HGI,44.0,SF
kcxWzHvx,25.0,Berlin
B7sBdzcf,38.0,London
e0naNxj1,,NY
hV1pfMyU,66.0,Berlin
ygVK0V2e,45.0,LA
n8IShYFQ,41.0,NY
gIsRJigH,34.0,SF
2oMVOTdG,69.0,Berlin
0TqDmLxL,23.0,NY
MCqpeSNd,55.0,SF
RDH2B27S,,SF
ujV16xbF,18.0,LA
1mnLZQsc,55.0,SF
5eoZxAdv,43.0,NY
AJSZ5KT3,22.0,NY
yQRv4Wt7,21.0,London
R27c5FK1,42.0,Berlin
jAKelkqB,62.0,Berlin
CgTGevaY,,LA
HVqaSAfM,66.0,Berlin
kFidwmxm,,SF
xLksmzjn,,NY
bcD2AJ5b,,SF
kQzC6sbU,30.0,Berlin
Vfxoll2f,40.0,London
0SM0Hej4,50.0,Berlin
cifsaVqq,42.0,LA
jygAV86p,27.0,NY
Ut5KweIq,35.0,SF
AaPl3lxH,44.0,Berlin
t549LULT,66.0,NY
ZFfSZ229,43.0,SF
HUwpUOih,66.0,Berlin
nOBW6dRE,59.0,Berlin
cUyy0e8b,,Berlin
aYLwdcCv,19.0,LA
GOuHj4D8,27.0,LA
7WDVabbJ,37.0,SF
OOty1wM6,,SF
u2bwzXUz,20.0,NY
Nck1Dbht,27.0,London
0T02sZjV,45.0,NY
EwKOFnky,,London
gtsZ1y18,34.0,Berlin
aHa3x9CV,,Berlin
zgU0cGJG,61.0,NY
nNRMH5eS,40.0,LA
oqWnloJs,45.0,LA
q3R7wF52,44.0,SF
P2aMLa2o,49.0,SF
mUYldZSD,,NY
iTPlvGpS,29.0,LA
Qnw4PomD,37.0,Berlin
v95x2kVQ,23.0,Berlin
WZLy3CcC,20.0,LA
VzMEFViN,20.0,NY
oqREm8me,40.0,SF
ZmgYZJ5Y,26.0,NY
lS0IQPBK,50.0,LA
2kOLZVlG,53.0,NY
3Qa7JZYY,,LA
4CeVOOSq,43.0,NY
eA20XDxF,54.0,London
Z2mVsFsd,67.0,Berlin
Why8L2a9,,London
rrsrZpiB,27.0,LA
eb5D3ERX,61.0,Berlin
dXJm4f2n,28.0,London
ebK5Gofb,,NY
mMtv7upm,22.0,NY
i7FdRtdy,41.0,Berlin
pWFYqH1i,52.0,LA
5dK28D0D,45.0,London
NiyfjMFR,47.0,LA
hphoG0nS,,NY
lgrRXvns,23.0,SF
MQSYp1JF,66.0,SF
EyMphLZq,,LA
T0I4jjhx,56.0,NY
6ztsjtyj,36.0,NY
TLvy5Zdf,68.0,SF
w5clqu3e,48.0,SF
lm5H4lJI,,London
kqlItJCi,28.0,London
Pzs4Q0Y0,34.0,SF
rOz1x8X0,,LA
aKOspYkI,67.0,Berlin
H6Ao93Oh,32.0,NY
61sMLMVU,23.0,NY
htYcOngt,49.0,NY
FGt4y8oR,57.0,London
KL8mwMZo,28.0,SF
jFyWGWIx,,London
AjVYV5Al,34.0,SF
kQXXT1bF,45.0,LA
FLrm5dbM,66.0,London
yhSFAt8C,35.0,SF
jG2FPzmg,45.0,LA
bVvFcioO,65.0,London
wjuu8m7m,33.0,NY
QwBtHbbX,53.0,LA
yi8Qoo44,66.0,London
JXw7krFH,57.0,SF
IicM04tG,37.0,NY
rcG6u5uG,56.0,SF
JEq27aZo,44.0,Berlin
DS9RYYua,57.0,Berlin
M7M1ewiV,,London
fZc6j4vC,,LA
VJv9qAcK,30.0,LA
ZMsAWVzr,,London
dOGBKpw7,54.0,London
1RCyqJBm,22.0,NY
hRJ5G19u,23.0,SF
2Nw1JxFs,67.0,SF
Incbms6F,49.0,Berlin
0LJYeHcx,65.0,Berlin
kENZMIfY,41.0,London
9HCi1pCW,34.0,LA
uGBZUq5f,26.0,LA
DBYYSHUP,57.0,NY
RlrUmarj,57.0,Berlin
q5aNlff1,19.0,NY
636jfEnF,26.0,SF
OjpEozjF,23.0,London
GO8ZGchT,,LA
TgGNRbkK,50.0,Berlin
ApqaMbMW,36.0,Berlin
r888SkE4,,London
xTXP3jmy,62.0,London
XQozsmyp,47.0,Berlin
RbLReGb8,56.0,Berlin
14M7WDJX,30.0,LA
0mvVLgj7,,LA
rfP5WXua,19.0,London
ZP2ocYKN,20.0,SF
urj5d4XG,23.0,SF
sx4wZC3O,45.0,London
i8An4XhR,30.0,London
sZkn6k4D,37.0,NY
0sAxHANa,49.0,SF
6yVUs1U2,,Berlin
4OzPQpuL,,NY
MSTpzHS0,20.0,NY
CCA82eya,,London
szjxpsNg,32.0,LA
TMT8uQfI,21.0,NY
vQLiv6RS,66.0,London
JogWElA9,34.0,NY
P0k2vW7U,62.0,LA
b2cCz5NF,48.0,London
KpWNKrTT,,LA
6QMJmryt,28.0,LA
jucZBXnN,49.0,Berlin
4J37eoFp,57.0,LA
C2tH2B0k,20.0,LA
zzbrPAnj,67.0,LA
LWvvmpX0,,SF
lvhtzTQ2,,Berlin
Q2a6D3Yl,58.0,SF
BYvxjWuF,34.0,LA
HmS8eG7i,25.0,SF
5sWU5lJB,,London
r16249Mx,,SF
tVNgC3gI,43.0,London
RdXiHdzf,19.0,NY
nJngM35k,,Berlin
f02PwggZ,66.0,SF
nYnLSkuH,46.0,NY
8Lr8BMci,32.0,LA
DDwL1SEg,47.0,London
pmEo6Mar,67.0,SF
OtHXpUn2,61.0,NY
cRqlOuE1,,NY
ocFNNP7z,29.0,Berlin
GYLQdU8M,19.0,LA
N7LvexCp,38.0,Berlin
vMduTJKh,46.0,SF
bMXUnM6S,46.0,LA
EKfuFyD4,33.0,SF
o84eXmKX,68.0,London
sohjaYqh,48.0,SF
maw9jogy,50.0,LA
ZIhJ1mcV,19.0,SF
ENRQPJ7L,61.0,Berlin
s8oOF9jv,21.0,NY
Cwkf7LNQ,56.0,SF
Gz4R2sAQ,66.0,LA
6VEejwNz,22.0,Berlin
EZUZvGYO,19.0,LA
AZgxQ09Y,62.0,London
sqODG8Yz,25.0,NY
jeDFC94G,67.0,Berlin
ixYK7KcE,53.0,NY
bm6E0Jp7,23.0,SF
1MzuhAXM,58.0,NY
uxc9ZSaJ,27.0,SF
gVsNLchg,53.0,Berlin
7MAIwNf5,21.0,LA
MS6t8dhp,56.0,Berlin
iv7FsWqU,31.0,LA
NFxsEwmS,29.0,LA
OrbwxWJ9,64.0,NY
8JkQMPRD,34.0,LA
OBP1DzfW,38.0,London
Xs9t5RRs,,London
wQ71QKQT,50.0,NY
vDVorjMa,30.0,NY
tNec9Y9l,65.0,Berlin
gI8snYVU,62.0,London
jKKJw1jh,26.0,London
rRNkXecj,67.0,LA
seWLyVSH,65.0,Berlin
dqncj4Ib,37.0,Berlin
BpwBQiL5,61.0,Berlin
tipciNUa,57.0,SF
3yvjfjsN,18.0,LA
mN65cV2t,30.0,NY
VnYIakeQ,39.0,Berlin
6gm5HPjN,68.0,LA
kCFClWxh,30.0,LA
Ssb4tbTf,,LA
nWdV9RKV,18.0,London
aqV3t2za,63.0,NY
RbByWocS,50.0,Berlin
bw8FVKWS,,NY
FKdBhVe4,47.0,NY
YRjWqqFa,,London
0DRPUP1c,60.0,NY
tNSafhen,42.0,NY
FKpcj3Ae,43.0,LA
H5lckSMz,36.0,LA
2G0F7Kf8,29.0,Berlin
E1AgVau4,25.0,SF
z13VTptz,,Berlin
IwS4rpN8,35.0,Berlin
xP66FYkO,58.0,LA
nYCXrZ7l,28.0,NY
rbhVZxX8,47.0,London
lOPCDorD,22.0,Berlin
BjyHfMG9,41.0,SF
ZIUzMArg,62.0,Berlin
FY6GyX79,30.0,NY
14p41pid,53.0,Berlin
gQ5luLTo,66.0,NY
U03RjQHi,44.0,NY
FzobWY75,49.0,London
jHw5QF0o,31.0,London
bMjM1zrF,58.0,Berlin
CSFuv6RG,19.0,London
KAEtv5Hg,21.0,SF
Kcz2iX1m,,LA
WuyeLxTO,59.0,Berlin
NqrlHMFx,,London
AB9rmH7X,65.0,SF
mCppIo3r,,LA
xvNNVm9t,54.0,SF
vuVuOns2,30.0,Berlin
sYmwqnNe,26.0,LA
GzU1JPxe,59.0,London
XSqpkmZ8,,NY
YlWANzMB,19.0,London
rJIFjRjY,64.0,NY
KEr6Rd63,44.0,SF
Zy6TVL8g,29.0,NY
xydYLW97,29.0,NY
Rp27Cvx5,20.0,SF
cTMZgjRK,43.0,SF
7ucuEMEZ,32.0,NY
2WkAwkN5,44.0,NY
4xrXmdE3,68.0,Berlin
5uX9txKJ,62.0,London
dGrufpfT,52.0,LA
Bf7bM0dO,30.0,SF
j3JRw0Jp,22.0,SF
iFmiyUwq,60.0,NY
m2XkTkob,34.0,SF
LaHn7GN1,36.0,London
AAXEDnbv,37.0,Berlin
qp7YPHg8,40.0,Berlin
u84zy25e,29.0,NY
8hjx4DJ3,49.0,NY
gkKan8An,46.0,LA
Ac707pTy,,London
ccoNHDA9,,SF
dcsOVRko,68.0,NY
n07mPV4c,60.0,LA
erGCrp9L,,Berlin
U54Qv25k,23.0,SF
Ov0GdB1X,38.0,Berlin
Yf2LBOK3,52.0,Berlin
7PsPYTvh,,London
ii7g1gjK,35.0,NY
LIb5OccB,66.0,NY
jC1yFDLs,64.0,NY
eHO0g2EL,19.0,Berlin
IEneTdv9,,LA
H6S7Sx9x,,London
A8B8PCdj,58.0,London
s6K7k89g,23.0,Berlin
gpqnObYC,68.0,NY
kaAapUnt,59.0,LA
OQXpzWuO,68.0,NY
ETVUWPbD,36.0,London
mpUyyKzL,33.0,LA
VcXtgCSx,29.0,SF
VP1iexBA,41.0,SF
HcBphg3P,26.0,Berlin
M42bzlyF,,SF
kNgOUcKq,34.0,London
m83yP5ke,47.0,London
gdNUpmuU,44.0,SF
uXvxlGui,41.0,Berlin
0ZgoHxiK,59.0,Berlin
yasxA6MT,67.0,LA
hOXGneie,56.0,SF
hqQjgn3V,24.0,SF
gF1wRoYd,,London
ZpPuIpBA,33.0,SF
cUp8UsID,,NY
XCRnFwhj,26.0,Berlin
20waHqua,18.0,Berlin
c8T8oJVp,61.0,LA
BVIMOhYV,52.0,SF
esgd3ARI,37.0,Berlin
cPCV46Gk,68.0,SF
nP9AqyH5,25.0,London
zEiWL6PM,24.0,Berlin
toVqFhO4,54.0,SF
RRYsoi79,,SF
z76rs2oT,37.0,LA
dtb5WYaf,,Berlin
sXrqoDbf,29.0,NY
xbkmwl5l,38.0,Berlin
VYQzhFpr,,London
8AVrGgBv,,SF
CRKrUDzp,40.0,Berlin
XSTYMgJi,,SF
cRYURtAn,,LA
VYqQI2Ft,42.0,LA
egaLDs4M,36.0,Berlin
1UxUJ7uD,19.0,LA
8aMi8Ts4,,SF
uuFB64cA,59.0,London
p58beIGG,42.0,Berlin
Nxb5G54X,,London
QOmmqYCm,65.0,LA
JHPycwum,,LA
Fcj70QZ0,,SF
4X4CjAOL,48.0,Berlin
cPA8FdGj,61.0,Berlin
l5qK733T,26.0,NY
Lf0GH3jH,38.0,SF
NfQXpbZM,56.0,Berlin
kvo2RlZf,,London
lL5P6AaY,30.0,LA
zEe0yjg8,37.0,London
pDkaKLkC,30.0,LA
DekHrp6h,,SF
92XAGUpx,45.0,Berlin
IKTjebdq,54.0,LA
J24FYOjv,42.0,SF
1XLTpdlp,,London
MMrgXYUb,65.0,LA
NoC2gddt,62.0,Berlin
YjZh0CrI,43.0,London
CVvE2x0x,61.0,SF
wudLuzbv,50.0,London
nhxsnXzD,57.0,LA
axBYKVIL,,NY
LwNbo6ua,44.0,NY
IylIwAY3,32.0,Berlin
qTvUH3lH,20.0,SF
P56A5nUD,46.0,Berlin
9vqZjiBd,48.0,LA
5EBCq5Rs,57.0,SF
Ktnr0uOZ,35.0,NY
fNgY3ANU,41.0,London
AFao48vj,,London
U2qkWOQL,61.0,LA
1Jy6UuB9,64.0,LA
R1EWYdsw,25.0,SF
sdkZsvX7,46.0,NY
bk2Hc4S2,65.0,London
SrdPYpMl,54.0,SF
cIr6jmjI,54.0,SF
0VUhWaGM,,SF
DT4SiVN8,62.0,Berlin
FvGkrbVH,47.0,SF
0McZBMFB,32.0,SF
0HKKIrFQ,,SF
eskrD4q1,29.0,SF
z8JHSQo5,,Berlin
SNbz61Ok,58.0,LA
P41IaJ2y,,Berlin
lHNYbTEu,64.0,SF
ByBB9gPe,64.0,LA
BN8z6NJY,48.0,Berlin
IjYEd6sI,30.0,NY
Gw02W8DR,32.0,NY
PkL2wbzE,22.0,SF
fTXnk0e3,,SF
6ZNCuLB2,42.0,London
GEd1h4Jw,,NY
7hX86wcT,66.0,LA
G0z5Kcdo,26.0,LA
kgEKBhX7,43.0,London
G889JIPF,54.0,NY
Ubj3YvTr,26.0,Berlin
3u6nNYK7,22.0,Berlin
i8bhugOE,63.0,LA
vOfbZWgx,24.0,Berlin
iQM5wW43,58.0,SF
QrYb0T5B,48.0,SF
afM5O7zF,61.0,London
JGIlZs82,54.0,Berlin
Lq4vffcV,24.0,London
5UB5GFXx,22.0,NY
kz0OukbT,69.0,Berlin
R8sYnuFl,34.0,LA
vMDKAE5i,28.0,LA
q8iC4xG2,54.0,NY
CpGCs3ik,53.0,SF
UZO5pSa0,44.0,SF
KoPYIB40,18.0,SF
6qiuHtBH,,Berlin
TVZB7He9,31.0,London
xZZTvein,45.0,NY
0T8HPaM6,58.0,Berlin
fCkWf6Aa,18.0,LA
KCDuoXOF,25.0,London
iJFjbHHP,62.0,London
qTAXz7MR,58.0,Berlin
71iY26gA,64.0,LA
rt2d6To1,60.0,London
gUieGO08,43.0,Berlin
aappz7iG,,LA
2zTyu2uC,46.0,Berlin
vFaaIwKF,,LA
IPgc1HJ5,62.0,NY
jqoFgV24,66.0,SF
2VgXH8PB,21.0,Berlin
w7nKMnod,59.0,Berlin
7cwu02xh,19.0,Berlin
rzRkCFNo,,Berlin
lSKu5kbN,64.0,NY
H3bCa27r,37.0,SF
ttmcBcW2,47.0,SF
5bQZJ5Jz,35.0,London
iDtJgg36,47.0,NY
3zkr1Bat,,SF
dg45kj8x,52.0,SF
nSxjN1S5,18.0,LA
QdqRdeIX,,LA
6yUnNiYZ,40.0,NY
Y70OLONK,62.0,NY
OwM7GJMv,57.0,SF
X3RQFxlu,39.0,LA
b9mocEmt,66.0,LA
Y14WIQqm,65.0,SF
0VmH0w2q,65.0,SF
mmgXWs75,61.0,London
MeleTvRM,68.0,Berlin
b0IVELpP,65.0,NY
IehAmtSg,32.0,NY
Lj3HIhji,58.0,London
lizxwOtK,33.0,LA
DFZQDs4c,,Berlin
Odium88n,49.0,LA
yE6hW9oG,,London
yqhPRVpc,59.0,London
QNM0XS4b,,London
kSvmteIP,,NY
afjZFLH5,35.0,NY
LGIdyEZm,21.0,LA
1pJ7F7jV,51.0,SF
ZSDwXBD6,56.0,NY
t396g2GZ,36.0,Berlin
A1D7qUuh,,Berlin
joHOS14S,62.0,Berlin
Gq6W5P0H,69.0,London
Z1amrWPF,48.0,LA
rBUB19Eh,66.0,London
f9oKzo0A,48.0,Berlin
Lb7aaZo0,,Berlin
vk5rcpio,65.0,London
3m3BMBSt,37.0,Berlin
3cPO9TY6,65.0,Berlin
27uhqCt9,37.0,LA
8AeFRrhb,49.0,Berlin
KfAvfXEO,,London
vOdpj3p2,33.0,London
dkPIM4cn,36.0,SF
uLMJxg05,48.0,Berlin
bfbf7mSo,30.0,SF
TjBMPBpE,37.0,London
9LEui5b8,60.0,SF
Rc7Gop0C,29.0,Berlin
DURaDJsu,,NY
KaaS64ul,64.0,LA
74yx1TAX,,Berlin
59natMwO,52.0,SF
LFjsOujc,58.0,SF
eUU2XODI,27.0,SF
16vMIOPz,29.0,London
nFkWKNFB,41.0,Berlin
TpOr3W92,,SF
5hCrLXBx,22.0,NY
K0pvsI7I,48.0,Berlin
hIfxVIGI,51.0,London
gOeUQElE,62.0,Berlin
SMC3SgI5,28.0,London
I1R7TKKk,,London
6shvcAVB,39.0,LA
0ywkiilI,57.0,LA
51e51RpX,64.0,NY
J7Q0upsi,,SF
wmfaMgz5,33.0,Berlin
LsMp52nM,27.0,SF
lX2nr8yX,51.0,Berlin
6Nx7dnIC,,NY
bKBPJBmz,35.0,NY
JxvxrwF3,62.0,Berlin
QFbsy4O3,48.0,London
vdi5gOk9,22.0,LA
wsxVbuKs,68.0,Berlin
DzjZ2o9m,50.0,London
qcWgyquL,46.0,Berlin
mvs0keE2,20.0,Berlin
O8nYZS23,40.0,Berlin
yuOCVO8u,27.0,Berlin
bJRgPKag,64.0,Berlin
e4JSa3kE,49.0,London
cMbAIvOM,65.0,NY
SrkJRxUh,44.0,LA
h4TqZQod,53.0,LA
JGeoxVOA,41.0,London
VLwHS8kT,37.0,London
lNKInYhE,20.0,Berlin
FWseo5Ac,22.0,NY
YlPcZy0Q,20.0,NY
3UcWLXrm,57.0,SF
aEdweC0E,23.0,NY
lwDcpGjq,32.0,Berlin
hrpZh11m,23.0,SF
1EbG4N8E,,London
4apuZAFE,47.0,Berlin
Uvbv3Mna,,SF
L0rfxnMZ,57.0,Berlin
ozVLZ3dz,65.0,London
hsLPGNMG,,SF
8ooytMlE,,Berlin
V9mdkJ7p,54.0,LA
pji3CtVZ,39.0,London
kMqNJYET,69.0,SF
dwwYk2er,19.0,LA
uiVGtqgc,31.0,LA
6tjSs2q6,,SF
sonmIkoG,,NY
ECRDu2v2,67.0,NY
L6TOmP7W,,Berlin
tstZLPDl,54.0,SF
a4jUpBGa,19.0,SF
Opc0APVt,60.0,LA
z9FOiYEI,37.0,LA
MScUn9IN,27.0,LA
XwL9jkMo,22.0,London
7KSu2MHr,49.0,NY
gnbBZrCf,19.0,Berlin
VVMT1Kpt,61.0,Berlin
Y2IkZjFa,66.0,SF
7qQDQGJq,22.0,LA
Xx6IpJWa,38.0,SF
sakJOuKs,35.0,NY
VUTHPKKG,65.0,London
Er5hKWo0,57.0,NY
qcuysEk3,21.0,SF
ZOPzcTj0,49.0,LA
M9PWki3g,53.0,SF
9AHJY5XK,21.0,LA
pm3jllaa,,LA
QoG6uqRB,69.0,SF
usFVwSEa,,London
UZk22DC7,50.0,SF
YCBmotMz,39.0,NY
xhO6cbpY,,NY
mJlm0lSb,44.0,Berlin
I7uTuUKr,32.0,NY
LdxPWrig,42.0,NY
148oAyPh,27.0,SF
QXCA2w7q,33.0,SF
BicrU8Qz,,London
Zbi1wMra,48.0,NY
252HupvW,49.0,London
2j37s9YW,41.0,London
Fj59TRpA,35.0,NY
gUn6PcAp,,SF
ZA1HJxGc,45.0,LA
LvjHv8iV,28.0,LA
ZCUME3eI,25.0,LA
aQR0ewJY,18.0,London
TO7Ke2Wd,19.0,LA
xflwHt5f,38.0,Berlin
mGZCHCo2,66.0,Berlin
t0JPO7zG,69.0,London
M8Ezl8AC,,SF
5BSxl3Co,59.0,NY
O4mWH1al,47.0,London
MUP2qPVZ,57.0,LA
Gv2xRwoc,42.0,NY
tBv2gYX4,,SF
b1FiUYmg,59.0,LA
dccMBjZM,69.0,Berlin
lduolaZR,45.0,Berlin
8upvF7Ib,54.0,London
XpYJfVzR,49.0,SF
iuEc6ScX,58.0,London
yHc2vLYK,28.0,SF
YIVMuWQ2,67.0,London
wYZd7kF0,,NY
Wl3ivqMX,,London
DQQomzS3,,NY
wznWCEBz,,SF
3kKi0CLE,,NY
kBiDIsyt,41.0,NY
mdipcTvv,27.0,London
9Akxf14Q,49.0,NY
EzZmfBgt,45.0,LA
YTG0TIEC,67.0,LA
BQIsdk8e,50.0,SF
NcgG1ryc,55.0,LA
qtnAer4R,39.0,London
5VeS3hI8,,NY
ZC7wvCCH,52.0,NY
9lz08IdK,62.0,SF
jXodmVD1,,NY
pEEhPoPa,63.0,NY
XZgZHGCP,42.0,NY
bvmcTYmB,45.0,SF
QISQ2YM0,,LA
sOU5qttY,33.0,LA
ZmF8LCIo,49.0,Berlin
8IEYFeIW,62.0,London
Ohi3IFOv,,Berlin
SEIaBVcA,64.0,SF
wO4M1J7L,58.0,SF
IV5OKCKz,66.0,LA
kZZogI1m,28.0,NY
4xxoYUKu,37.0,Berlin
lEx49kTf,,SF
idToNNwK,24.0,London
PirA0u9w,48.0,Berlin
dFxIC94k,24.0,London
L8HWV2Tl,,London
8GctLHPs,25.0,LA
WIy100zR,68.0,LA
i8vtb6UO,,London
pvOHZjEm,39.0,Berlin
A3uvOBrX,40.0,LA
g2BEXb5s,,Berlin
SXKtXz31,53.0,LA
2ATY9NdE,66.0,NY
ClOxpR8Z,43.0,SF
JjiEBJKZ,41.0,NY
qnvyqz0b,35.0,NY
5sIsWW8D,38.0,SF
UdTkUwnr,,LA
qnFkdDTA,22.0,LA
JoExvIFz,32.0,NY
OWB0IUI9,48.0,LA
4ZU1J0Nm,43.0,London
8A9ye3G2,21.0,London
QtyYWYYp,,LA
WcTD73Qq,61.0,London
iEatQYKV,,SF
Zpt2aF8l,36.0,NY
2aRVCN1b,43.0,LA
WstGpjY7,67.0,NY
lxbG4wft,,SF
TMS73RYF,21.0,NY
JHVWCOP9,64.0,LA
Jupu8uCs,55.0,SF
NY1xl1zp,41.0,SF
uexEzKbX,48.0,London
YV3cIR6z,51.0,LA
2f1BLQit,51.0,SF
ZLA7CGw4,19.0,SF
cOrYSbb5,60.0,NY
0DFApSlJ,25.0,London
voHl3rmX,,NY
1nulKj68,38.0,SF
flguxohL,29.0,SF
HPcMHmM4,53.0,NY
qd9hpoPI,18.0,NY
lJKqkJAe,59.0,SF
3e0U1cbJ,,SF
cd7swCPA,33.0,London
ENFnGtPu,66.0,SF
cqXwWH2C,,SF
eCScAMbz,50.0,LA
YeeRVMpX,60.0,Berlin
ocbXpWLR,30.0,Berlin
hqWvnHh1,62.0,SF
jMEJIaiU,26.0,London
h8NuURCd,,LA
OJixH0jZ,45.0,SF
KXnPWK6g,51.0,LA
F7YA5oUc,,NY
KtbD2z3i,18.0,London
ct306Qpu,56.0,Berlin
VZ8af7mq,,LA
jZEshEjk,69.0,SF
Kl7klF8Q,27.0,NY
X6bbLKcx,19.0,London
YQORCy46,21.0,LA
Z2ijmNDX,42.0,NY
IZIbHOip,,LA
FapovGoU,,LA
Omj7z6rj,61.0,LA
mzzIuCU3,,London
VJS4yZrG,40.0,London
gz48MZ01,37.0,Berlin
yk2h0dVz,20.0,LA
5fuAk0E3,18.0,NY
45kKpt3s,63.0,SF
7yhfZBMe,68.0,LA
jCTwjYiH,,Berlin
ql6TorqH,33.0,London
io1dsgDc,58.0,Berlin
IQzbw6Dk,22.0,Berlin
L5NI2cZQ,53.0,LA
AUWdiSL5,23.0,LA
15zhFEur,29.0,NY
rakxtqec,63.0,NY
V1Qi0BTP,40.0,Berlin
gt6BTu9a,,NY
OtW9FXTn,55.0,NY
AX7cDMkS,22.0,SF
mdu9ozaK,19.0,NY
YfvK279g,20.0,Berlin
tdwA6nAH,58.0,LA
i4gzL91w,24.0,London
mlOysBiu,,LA
NVumSxXz,,Berlin
5pX8LEBj,67.0,London
OCUd3fio,62.0,SF
3c6c0aPQ,18.0,Berlin
7rnf2jVA,18.0,Berlin
nYoWiLMw,50.0,Berlin
xKKDY0SL,56.0,LA
HL284QoM,26.0,London
On2vGDPx,18.0,SF
qGvMs3ft,32.0,NY
P60tzRlJ,42.0,London
rD7GIV1F,,Berlin
5D93EG4s,53.0,Berlin
Pef9StdM,27.0,Berlin
MBqe1o52,67.0,Berlin
fNpgaiOm,48.0,SF
Tq0zmnXl,68.0,LA
91RmSIVp,37.0,London
mFDuDBD7,22.0,SF
GdjHog16,45.0,SF
Uu0aSDmQ,51.0,SF
iNab9qmW,56.0,SF
MvwGFIic,55.0,SF
JrjXU3Tk,,SF
07NW0Xcf,32.0,SF
yAHE59ZL,58.0,LA
IT11ABrJ,,LA
G5hqvwCP,59.0,SF
sRLKdW6W,,Berlin
VBTiVSUh,47.0,NY
AlM9ndAp,19.0,SF
N0HY6QQh,20.0,London
2DKmvucM,,London
dI6V0Nfh,41.0,SF
MLpTo7By,20.0,LA
IAizbuZh,,London
baegx1BI,22.0,LA
i1M0Mgl4,49.0,NY
KDXc4ROQ,69.0,Berlin
kbKiVexE,48.0,LA
GLl0ngof,29.0,London
pbRZlqet,60.0,NY
Gj8jNMF0,53.0,Berlin
9Jsd4KZz,53.0,LA
Ml99j9GD,48.0,Berlin
OMeKn48K,,NY
lDkSeyAP,24.0,NY
c3dzkbJG,,SF
DmCKEvpM,43.0,SF
Goq1bZFF,37.0,LA
0BPecAHs,51.0,London
rmDeyj5x,50.0,SF
LcJvTDFH,36.0,LA
DPN123SS,34.0,Berlin
SYiipg5P,60.0,NY
tRFOaAdw,,SF
kzCIv7LG,23.0,LA
JglSLkH8,39.0,NY
VPhjfI6t,55.0,Berlin
RYivdcC5,34.0,SF
peMxfux4,37.0,SF
tbVpWyIy,59.0,Berlin
y9TXi10c,59.0,London
4d1o1k4f,58.0,LA
0oRptEU0,,Berlin
O76vTn8F,,NY
2o6A6crL,67.0,NY
Yh43xToi,62.0,London
LBB2CRYN,25.0,Berlin
1V7cVW8e,60.0,LA
AALxfNya,24.0,Berlin
QUUjUNXZ,24.0,London
A4rSh9jP,46.0,SF
EnG0Ds34,20.0,Berlin
6gacvB8O,33.0,London
gOcjhxqn,30.0,London
v6JW3kzP,67.0,SF
azOUbMvi,35.0,London
E80CbN0S,61.0,LA
gETY5D2i,,London
AWT6O5y8,48.0,SF
JCHf89Jr,20.0,Berlin
7oUNB79K,47.0,London
90MPe7KM,20.0,London
dQBuuwtX,,LA
Lsu2eAoK,19.0,SF
ONEAVr0a,56.0,SF
2kS3trnH,51.0,SF
bDva4fHX,55.0,SF
4L1VEudG,30.0,SF
8xbw5I3s,28.0,NY
MNdZ6vXX,54.0,Berlin
3C9j26Il,24.0,London
490cXGoR,,London
LDOhQJKL,44.0,London
ZzywcRXJ,24.0,LA
UqRoITa7,25.0,SF
cS04zf84,53.0,Berlin
XnCvk4iD,,London
tKerETfa,,SF
sbprzmdY,38.0,SF
SxL6scH3,43.0,SF
biXK5nYN,37.0,LA
usAGtz03,46.0,Berlin
tu1F9T8E,32.0,London
akvycWs7,,NY
uIS7xfC1,32.0,LA
ieISNlPD,68.0,LA
mPh9rJaY,,NY
UX8Xd9CA,,LA
3jz3nMnG,,London
lJyi0GBm,69.0,Berlin
YZDme918,47.0,Berlin
7O1weYJh,54.0,London
k8Cf9m3G,44.0,London
GXgIUqZC,34.0,Berlin
sxLGlF5a,20.0,London
lxbyaDHO,,LA
yjpRMahu,60.0,Berlin
Yw5jVb49,,NY
VPY4yiIE,66.0,NY
HaXilE8k,21.0,London
8rjlOzsK,41.0,NY
ESnZEe2K,46.0,NY
DjEFZLV9,,Berlin
SmY5VnUJ,51.0,LA
B073iMRx,65.0,SF
ZdaUKsa8,,NY
q7z8XUem,34.0,London
DMqpTCip,27.0,SF
7YmT3z39,41.0,NY
fdXBBmZF,62.0,LA
dJls63Ji,39.0,NY
gMTF6FYE,34.0,London
DaO3mxqa,48.0,LA
lzGTTgrR,61.0,London
vIbW9DXA,26.0,London
IYSClt0U,32.0,London
BEuxVZl7,,London
OSQPns3T,68.0,London
WhJ66rKt,47.0,LA
C5lIyvyI,34.0,Berlin
PLXXW5Z1,24.0,LA
URQfJ0O3,,Berlin
v7qGpG4Z,62.0,LA
clAonsW0,43.0,London
Z6p1N34J,,LA
MGZREGKe,,LA
TqFXu0Id,46.0,Berlin
HYXpuZ4p,66.0,LA
OmlPX3mA,23.0,LA
nP1FDgdx,50.0,NY
Ew66pCDb,,London
HeEVncU7,18.0,London
U8ISkTJT,,NY
0mJLqA3E,69.0,LA
7lOsExPi,48.0,SF
kVBYcIqi,,LA
a9L2AFUo,,London
M5i0TY7d,45.0,LA
mTXCaZdT,45.0,SF
vq1Q6tmh,65.0,NY
7UbEHAU3,61.0,London
bebzzRC8,68.0,SF
p1MMdQeE,63.0,SF
4Cj80c3D,,SF
we5evMhs,46.0,Berlin
jhYPimDj,36.0,NY
snFVjl64,46.0,London
GBTOqhUB,32.0,NY
JVL5GthC,48.0,Berlin
NjjPRkll,22.0,London
q2hkXlib,66.0,LA
3cxlNGVU,45.0,NY
m5WAif9q,63.0,Berlin
wKq0EpA7,,LA
MMVAKOgo,25.0,Berlin
Dao06Vy8,,London
hQ4Z7Ud7,49.0,NY
k60a1hwM,56.0,Berlin
vtpTRSBm,56.0,London
IirUyLtK,39.0,Berlin
0WpPUUSN,22.0,SF
86YGN9Os,27.0,NY
SUGEH4Ig,69.0,SF
bhJf4Mqv,48.0,Berlin
9sSS3npK,54.0,LA
hvGfRTjA,40.0,London
kcgWpjKQ,49.0,LA
LaGT0DUv,41.0,LA
5QBuQH5p,21.0,SF
MzInYlh2,60.0,London
fm3rCYxy,55.0,Berlin
fZxinPdS,32.0,Berlin
ZG8y7b68,,Berlin
Rmq360ii,,Berlin
Gj0EHuAy,43.0,SF
rMGDAk6s,56.0,London
XUPL2X9U,68.0,Berlin
vQyfs3ml,54.0,NY
9jOev9ns,53.0,Berlin
ZRfh43V3,50.0,SF
XjPbRCKH,65.0,NY
BNeDMktK,61.0,LA
1GIO6iGx,37.0,SF
VKhVy2ov,67.0,Berlin
1ux1hKtK,69.0,London
UhwlKlFX,51.0,London
v9mtknAw,,NY
eZeeQgBS,29.0,SF
h6bik0K4,53.0,NY
YsuNFZMc,21.0,NY
KAuukGlc,,London
X9wJEmOn,20.0,SF
U4yz9BrT,34.0,London
6zOSANZ8,24.0,SF
rw0NquhL,62.0,London
6WonXSkt,64.0,SF
V9noj9x8,,LA
jLWed936,49.0,London
R8r7B7vl,65.0,LA
AGFhMpgu,66.0,NY
9TyafULv,43.0,London
zdE3tS1T,48.0,NY
jezx6sDP,65.0,London
uUSWiV9p,48.0,NY
QYXUa1ie,33.0,Berlin
nNz3n7ee,18.0,SF
LarCMr2C,63.0,NY
s5MJlnkD,51.0,SF
NhOfBQEA,,NY
oGvdGyWe,,London
ljBFBm5E,58.0,SF
XtKaEk8N,68.0,SF
rozTnQEb,22.0,LA
iAyiQJwy,41.0,SF
2pkpjNd2,,SF
iDzdjsDS,55.0,SF
pXVKEL1N,52.0,NY
1Ho26NBC,19.0,Berlin
bBjVWer7,46.0,SF
5tKEytJj,36.0,Berlin
Q0IJt0K6,,SF
SvAch0aY,59.0,London
Rw2Bwxyr,67.0,Berlin
Jv4F1kzW,31.0,LA
8aIA9AO6,,SF
ukSSBrAT,51.0,London
uLuSRnSI,21.0,Berlin
fq9926fM,64.0,London
PQD57Hbw,42.0,LA
QvDGuZlW,23.0,LA
QJnmIbMP,45.0,LA
ZmobF4tw,55.0,LA
cSZgvzvM,26.0,London
wew4MISL,69.0,Berlin
teEIs4bQ,35.0,LA
r7RlSfmy,,London
qlOQ7q6v,39.0,London
tl7J3toS,21.0,Berlin
nXuDUtyu,50.0,London
Sc5V4ToD,53.0,NY
CcdMfzJ0,52.0,Berlin
JS8qlWew,30.0,London
qnBhCdYL,32.0,SF
dMu5MWSA,50.0,SF
vWKWDeN3,45.0,LA
bsdZ6UNI,65.0,Berlin
YgVce66w,51.0,London
mVU4t7By,55.0,London
KH9CY1jQ,18.0,NY
x6KpE2fM,48.0,NY
JFv7mZcM,66.0,LA
fld7TN43,34.0,Berlin
wo2nhSA0,,LA
aOmbRJMx,,NY
Xyttqt4K,46.0,NY
p6Gy7do9,18.0,Berlin
sfApS0fh,65.0,LA
iQLnaMUR,45.0,NY
tZBGmJFf,58.0,London
eaNUYXZX,19.0,SF
ADCYjbky,,NY
ibUIka0d,,LA
WaDHC3vE,54.0,NY
hsQlDOvE,43.0,London
JhTygBnS,57.0,SF
GDNL9fyD,,SF
QOU6LE6O,49.0,London
oqSrYyW9,26.0,LA
Wc8zyPpz,63.0,London
HMWDmm9w,66.0,London
uHKPJsI1,22.0,Berlin
cVQuXhM5,57.0,Berlin
t7DC9NS7,,Berlin
uUk8iIMb,,SF
ei9h77YG,61.0,SF
SAqG1tDQ,36.0,NY
kp2T33rB,57.0,Berlin
cHAWUiE4,46.0,LA
vgsjkFN3,68.0,LA
3CDf2c1B,,Berlin
EyJIsG5i,25.0,SF
v5Y9tqJu,60.0,London
nrA0Po1I,60.0,SF
pnGm5OZF,,NY
AJ1KtwG7,,Berlin
rL1rd8B7,51.0,SF
jOc2Q2aQ,43.0,London
llDqeYNE,,NY
e3scvD8N,,SF
jC0cZWpk,50.0,Berlin
pbJDEjuZ,50.0,London
oupBoFfZ,53.0,SF
jhKG3rae,38.0,Berlin
o06D8ZU7,47.0,Berlin
4PM5Yos0,36.0,SF
wa9afXv3,49.0,SF
NH3O18QF,67.0,SF
v2fDXca3,18.0,London
2B1mjCZa,68.0,SF
h96efQjf,50.0,LA
QREfASQS,43.0,SF
zyQGqbiW,,NY
ymhL1LjG,62.0,LA
lgii8pxj,44.0,NY
l1kZ3eld,68.0,NY
njjR59Zk,45.0,Berlin
9VKNaTpI,37.0,London
XZU76BjW,25.0,LA
7CvxN0qg,43.0,LA
tht4EtUz,48.0,Berlin
wP2PRHEz,22.0,NY
j6Z7tnMH,,London
HKMbYNGp,,London
9NdNcwoU,25.0,Berlin
eL4WK4yc,43.0,SF
5GRrmJLb,,London
h0VnxH0W,,SF
dACTEDYT,,Berlin
vFhHH8vm,,NY
EgdzB0Vl,27.0,SF
Pxvaa8k1,,LA
o52cpny4,46.0,SF
7wBMDDe3,,NY
z6rTTzWE,59.0,SF
agGsSQmc,55.0,Berlin
nb8bnCLp,,SF
q6F2HjJ0,,LA
ekPpFUtI,21.0,SF
JiieA3JG,,Berlin
S7OYlRlZ,59.0,SF
SlfjHVFO,69.0,London
7d6PViM8,,NY
iAw8jU5s,24.0,LA
5FUU0Fkl,49.0,NY
rvBTfuAn,,LA
VqaDIPIQ,,NY
O6D6p1lX,,LA
aAV0O2nP,54.0,SF
R1DLQ6Rt,51.0,NY
YHuz52os,26.0,LA
bhJl8YUd,23.0,SF
y8tzZrG1,39.0,LA
0JTXMZcM,26.0,LA
d1xZjC8J,64.0,Berlin
xAjq7AiS,62.0,Berlin
4g59zNE0,32.0,NY
DhuHS9UQ,18.0,SF
MXEHCHvl,49.0,London
s0JZSfY7,64.0,LA
llJkU1wq,35.0,NY
jTqB70C8,28.0,Berlin
N75j9g6P,52.0,SF
SSsT2hDE,50.0,Berlin
iOtxCY3e,21.0,LA
qeU22Sv6,51.0,Berlin
quDY7ycd,65.0,Berlin
kzZe9nPa,36.0,SF
WVQqWkNf,65.0,NY
mhwtwFUG,29.0,LA
XDruqk8j,57.0,LA
rIulTG3z,53.0,SF
Naqxo1gI,65.0,NY
ZFz277ZS,58.0,SF
OEhVkOJI,,SF
boRMRJBP,64.0,Berlin
gYQkuMoW,,NY
ctv1JQWT,66.0,LA
hGZ0gadR,45.0,London
vuUGC28g,32.0,LA
QUg66O8N,21.0,SF
6U1Bl6aZ,25.0,London
Z3xMlWa7,48.0,SF
D3wA64Rm,43.0,London
PKWt3bix,20.0,Berlin
ivDnrxCh,56.0,SF
b5wYtw5E,24.0,London
q19s7YNe,32.0,LA
K3f93toW,37.0,Berlin
UGM5iOyu,34.0,SF
YM9hkXCT,49.0,NY
8ZAeU0BP,27.0,Berlin
sdror1ed,33.0,London
Yqby606x,65.0,NY
f99Ekd0i,43.0,NY
CEMnN2dk,39.0,NY
JJ9j301n,32.0,London
Ro6fUOGn,29.0,Berlin
W7YSdld9,56.0,NY
tADWCJMV,20.0,NY
TLOeYb9Q,41.0,London
mcrpbh1i,19.0,SF
bvGf9deu,,SF
9AJHwMbO,40.0,Berlin
DLaDBhC4,,NY
TSAP2Qxm,25.0,LA
EzFMUfYU,59.0,SF
PZNoTgMd,61.0,NY
lQ4gQL6B,29.0,Berlin
ZXzal8dh,26.0,LA
5quHemBf,28.0,SF
ldcZJanq,62.0,SF
PwQsHsqM,48.0,NY
AqhczDrA,,NY
qhsZ9LP9,52.0,LA
dJeFWWu5,60.0,London
dHrWNZpp,32.0,Berlin
eSLmwR3a,24.0,NY
TJWtFDCJ,45.0,NY
RsMnRvu6,65.0,SF
F5uoyBdm,23.0,LA
To4aFQ19,37.0,London
aY3PpD61,41.0,London
GqSIOnHo,59.0,Berlin
DUCtooMN,53.0,Berlin
xRrWBFGc,,NY
mkuBHDGD,29.0,LA
UJD1voaJ,20.0,SF
MrZUnUgw,45.0,Berlin
TcpR0iQc,29.0,London
s95VJ7Dq,33.0,NY
YlXgwlDU,61.0,NY
EMkxzGe7,32.0,SF
5XcgaJbg,48.0,LA
yYi3O0eW,38.0,London
26zdcBwF,35.0,NY
NwmllWXp,65.0,NY
9xLD6vFY,23.0,Berlin
Lib3nIhh,34.0,London
jpFxYPSW,40.0,SF
8f0YtQGz,52.0,NY
FJldRrmO,,London
8Vx1fOBs,28.0,LA
3HTfKE8v,40.0,London
vpuOBJJH,34.0,LA
9lQNYIvF,23.0,LA
Gdanofc7,41.0,SF
7vQLdIoI,67.0,NY
LQdhV9nL,54.0,LA
4eYjuSC9,33.0,SF
FMRWfytI,46.0,London
CNxEGv9z,46.0,NY
iqhF85MW,69.0,NY
B4xgfJ6V,59.0,SF
9gRWVFGf,45.0,SF
Z8cLXnm0,33.0,Berlin
nInw5eZX,20.0,London
bje74TI0,,Berlin
34rDBqdJ,41.0,Berlin
4fgYzIyd,35.0,NY
maHaIB08,,Berlin
cy6wRCe3,,London
QnpoDjBF,66.0,SF
j2KOXOM1,27.0,NY
Qw1TCsTa,54.0,NY
8V0r3gx3,42.0,Berlin
e1TWXcKz,,London
ZkuZNpFt,64.0,SF
RJaXw8sP,65.0,London
xezjy8Au,40.0,LA
Acw66L5x,67.0,London
DRKaVrgI,36.0,LA
NrAs9yfz,27.0,NY
eREfj0rj,,London
sFmdrrt5,,London
6wM3LH8j,22.0,London
bh6NqY5r,,Berlin
rg5qQ3p4,20.0,NY
JairYMDE,62.0,London
aC7oeS2J,55.0,SF
05ous4Ic,28.0,NY
rKS6Urcu,65.0,London
hFHqcbjy,60.0,SF
zIhG8ICF,59.0,Berlin
KlJrVbSh,65.0,SF
3ytz1f9L,41.0,NY
adaSsWeH,,NY
ve83XAoc,65.0,LA
c5SugB5t,43.0,LA
lZJ2Vjgq,66.0,LA
oPiomOYY,43.0,Berlin
evJE7TO6,,NY
UFMese5q,57.0,Berlin
BqpwtEBE,,NY
wYpsIZbs,66.0,LA
n58Iq9n7,,LA
WT2C0QE5,51.0,SF
sAyW1Glq,,LA
1i1LVY2v,46.0,LA
KawqyusC,43.0,London
0XShTioE,,NY
WX6cbJLM,38.0,LA
TrmlJFfl,,London
gt7tE5yB,57.0,London
vQdSehWZ,55.0,London
bGGqDsA9,,LA
evbFD8qO,35.0,Berlin
8Dr1avOk,,Berlin
ekekIbkw,52.0,NY
hKGDHCfQ,35.0,Berlin
UXlcznlG,45.0,LA
h6CZGoZb,36.0,NY
6YeNxyv8,,NY
cf8ci2IM,32.0,NY
f7EbayAM,,SF
3zQVkO95,66.0,LA
Wa8h3nqm,20.0,LA
V4zpZbW8,40.0,Berlin
6gBOn9Ip,67.0,Berlin
qOenWbac,62.0,LA
Tzx0OWGq,,SF
C8DpnfXc,49.0,London
XwqAAOoZ,68.0,SF
Kos7TtZF,45.0,SF
ZFdu86Q3,51.0,Berlin
kUV60E0c,18.0,SF
cplRz2Vn,27.0,Berlin
buBpbYM8,67.0,Berlin
CTV0xlRi,44.0,NY
vPIzBqDp,29.0,SF
xT2VBhAf,62.0,SF
UxlYMsin,53.0,SF
5hMJwiDv,50.0,LA
kHnNXKAl,21.0,London
xyq9wvgO,38.0,London
h6qh4xiB,37.0,LA
570pxyNq,67.0,SF
0oBjgCCi,34.0,Berlin
ofbmlktw,69.0,LA
qPPxiyez,63.0,Berlin
FKnJei56,,LA
slH5aQJt,31.0,SF
lFjJf4W0,27.0,SF
iv0vz0Qg,37.0,LA
DCkZlQv2,52.0,SF
GsYnwjl1,32.0,NY
Jsymvjn8,56.0,LA
djILZko4,44.0,SF
taZU3WH0,32.0,Berlin
kem2f9Px,,London
QSzAyY2m,43.0,London
SDQhMQSE,29.0,SF
3KMc6C7K,41.0,Berlin
fA2SPsc3,53.0,Berlin
7MCDtwMX,,London
SvDi7atw,,NY
HcLIVEs6,26.0,NY
i41Ei3Ey,57.0,LA
eyxp6zsm,31.0,LA
xx3pyZwy,63.0,Berlin
3sG7myxb,53.0,London
3pXhmzbx,42.0,SF
jFviwrib,24.0,LA
ne9qkfMp,,NY
cA46goIR,,Berlin
lyzdtlZt,,LA
Weib2dAv,,Berlin
9nYTDi2Q,69.0,SF
HXCxrBwL,49.0,LA
HGdgvrJC,38.0,London
85pRYwnY,66.0,SF
sMxEGNe3,32.0,NY
5PDdTf4s,47.0,Berlin
uCidsx7C,21.0,SF
c2A7LanE,51.0,SF
eBPEg0C9,26.0,SF
8t91zorl,29.0,Berlin
CZomDuok,47.0,London
gKXsrCY3,41.0,Berlin
fw0230XV,68.0,Berlin
LSNKunp8,46.0,NY
ZleUd6qd,68.0,Berlin
hwxXZU6v,39.0,Berlin
v4gxhf0q,52.0,London
ODiMG2Cp,37.0,Berlin
1E46dqu1,54.0,Berlin
RUo1DqFh,58.0,Berlin
7ji7Ugzh,68.0,Berlin
HOCOM2mE,26.0,NY
tLSwYu1F,39.0,NY
noR3Sv4n,67.0,Berlin
qdK8Qw1Y,33.0,Berlin
cNIjLzcC,,NY
B4ubUVJS,,NY
StrDpZJ7,67.0,Berlin
6pMgBLXm,40.0,Berlin
Kt1io5ZP,46.0,London
79IBsjXW,28.0,NY
cGm53Edm,52.0,NY
hsIwjd7Y,69.0,NY
TYxh6eco,39.0,LA
0LZcaJBO,20.0,SF
Kff9GWrj,64.0,NY
WnsYqJCz,29.0,LA
Pi4cNxSl,18.0,SF
aDeAWvO3,60.0,SF
WTft4VuH,43.0,NY
OeSYBwca,51.0,SF
ogb681qA,,LA
6xUS8KOM,63.0,NY
8xjk6Ncp,50.0,Berlin
LDzCiLdr,49.0,Berlin
AzXlGrNz,42.0,Berlin
Hf7FC292,67.0,LA
cCW4O7R9,67.0,LA
rMDN9cd8,64.0,SF
mspf9xHp,53.0,LA
dmx7BIOk,19.0,NY
VdZ2WprJ,32.0,London
H20MB7ZV,30.0,Berlin
zKnzbTgf,59.0,SF
0073bmP4,32.0,SF
5leKuUUP,23.0,Berlin
YZPFE2US,38.0,Berlin
3zOcwevm,59.0,NY
EsSiVDKw,43.0,SF
bUUYXE9r,52.0,Berlin
Sj7v4sKu,62.0,LA
roVy5cNZ,,SF
P7YJV6nM,23.0,LA
f8w3SFod,31.0,Berlin
T8hG1EKV,35.0,NY
yingZMEY,,SF
h2NOH51k,37.0,SF
mcq0xIrG,32.0,Berlin
S1OVJ5Pn,62.0,LA
iiYw2ABT,65.0,London
YZebjedS,44.0,Berlin
xmv13rXS,41.0,LA
cD070AaI,29.0,LA
CdhLgB83,18.0,London
p0awyES7,31.0,SF
OGf3LBEh,49.0,NY
CBYKnKsH,20.0,London
z58o3oc8,27.0,Berlin
wkMm5pOx,43.0,LA
FVe5xnEL,48.0,London
M9Eoof0D,,LA
YbGnBfFm,18.0,SF
ukMmCTdf,,LA
PlEunfWc,,NY
DDQ46oWZ,49.0,Berlin
vASBoM7k,,SF
b5NJw9Iw,18.0,LA
1ic8QixS,43.0,NY
D4o5gadO,22.0,NY
jL51ldp9,43.0,Berlin
tITFeeTI,55.0,SF
gp8IkipG,18.0,Berlin
WIPVpKgR,47.0,Berlin
zOM3PQIc,66.0,NY
SzigtVPh,29.0,London
y9gxUTlI,,LA
G06m4mYA,53.0,SF
7hwIjUWO,41.0,London
W1rr8ocD,59.0,Berlin
wxsOiw1Y,,SF
vb4IjbbC,,Berlin
mPlGJAhp,29.0,SF
BNbYMGMU,44.0,SF
GouJcmc2,,LA
fqfM8PZV,49.0,NY
NzMVFoSd,52.0,LA
K24ulejL,33.0,LA
cpagj5w4,,London
7myENKO9,47.0,LA
LjBnEh7i,54.0,SF
dV24ef4o,,Berlin
RjTykfEe,32.0,London
tcn1ZAN6,38.0,SF
xNN4EDnh,57.0,Berlin
VvyndwVA,,Berlin
hirzRPA8,47.0,London
CiDwD2Oh,42.0,LA
eW7L5OGB,37.0,London
gEG3fkuD,27.0,London
WwghihZI,48.0,London
4wi2jHiu,18.0,Berlin
QphEKJUA,27.0,LA
QF6VFwGl,,NY
c2WSKnAL,66.0,Berlin
aeFOhmYP,53.0,London
BfpvNxDL,30.0,Berlin
hX0mDuvR,49.0,SF
VgdFoG1P,39.0,LA
aBZW8U76,23.0,NY
cpKLP3tb,50.0,LA
poTapTCN,18.0,SF
iEm9dY7W,,NY
kSMPnibp,22.0,Berlin
DqPzsn93,67.0,NY
LixvK2j7,44.0,London
8XLBh2Ym,29.0,SF
eCdPUhU9,50.0,London
IAvIFCYY,,SF
QlQdlvAE,44.0,Berlin
C84t8qdN,66.0,Berlin
fzlM6Zgb,,London
yLnwkQX0,63.0,SF
atj7FNhW,28.0,SF
eSQwCrp4,28.0,Berlin
JB14g8gQ,,LA
1wgLXNrA,58.0,London
BLQom3N3,67.0,London
CzKEH76t,68.0,SF
ZVoYVrGS,,NY
xwfxAWk2,,Berlin
rcoR0zLP,35.0,Berlin
vhRiiTKL,35.0,LA
0AvYDCfR,,NY
z6cX9pBA,23.0,NY
ySR40qaI,,NY
J647mZ91,22.0,LA
ziDl3xAW,,Berlin
uIjd7Ip7,28.0,NY
CyxG2NJG,22.0,Berlin
fBid1dEu,26.0,Berlin
Spc2aNxx,40.0,LA
qPCx3Nam,28.0,Berlin
PHwRyS6u,32.0,SF
UTa0CcrF,42.0,Berlin
rHSv83xq,34.0,SF
hV0oERWI,,NY
79iFE7Lh,43.0,SF
arcNzsvw,31.0,NY
KFuV2K0y,56.0,SF
pMOVpiHV,65.0,SF
6pkQ6rbl,26.0,NY
rm9fGznt,44.0,LA
WtD014pp,52.0,Berlin
BHnwua62,44.0,SF
kGXIHRuD,33.0,London
HDUVw8Sy,39.0,LA
BTKhcNEG,47.0,Berlin
My9rjzBz,43.0,LA
u1GgvDzM,56.0,LA
8E0GVzu9,,NY
tF9JtFGX,69.0,London
uNerkwys,50.0,Berlin
ITJge5oi,57.0,LA
vhRa2Gqt,,NY
v74LN7bL,29.0,Berlin
C2xIedjJ,34.0,NY
OkY6fwqL,42.0,Berlin
BuLzEgGE,46.0,LA
yTHy4dLS,59.0,SF
JXRgIRsm,45.0,London
dxrA3dI6,36.0,SF
romLmgXd,58.0,SF
8RjqKZQb,27.0,LA
kEUNZMeB,,NY
9V5ssjd6,27.0,London
34SkdsZC,47.0,SF
DJZ71tgU,66.0,NY
mU9blyYs,,London
yASGqRfa,22.0,LA
z7SEwWS1,45.0,London
Oq6L4PL8,37.0,Berlin
GBRLi8M2,,LA
iIPsmogk,29.0,SF
DgYXZe4K,22.0,Berlin
e6Df1G8k,,NY
tUf9rFpF,,SF
vIaaM4Ru,27.0,Berlin
Wa7ffaeQ,56.0,LA
Rit5y3r1,44.0,Berlin
iMf4Q4IP,29.0,Berlin
sobRQEDq,19.0,SF
85SlrQJ4,,Berlin
V9uqYblV,58.0,London
86QIDUqU,22.0,SF
6gTAMovP,54.0,London
anP85dQp,31.0,Berlin
HntLOsRv,,London
Ts83L5Tk,43.0,LA
PSiQ1Ysx,67.0,LA
s5DQLaRT,25.0,Berlin
Tv3RYLFm,,London
SyzSVCz2,20.0,Berlin
72XXkQHX,,LA
Cv9F5kNw,31.0,London
90pLQrn5,28.0,LA
dEJp3Tu9,46.0,London
MIl45xZW,57.0,SF
lgk5LexB,29.0,Berlin
9Uw6Snix,,London
fwnJnzYB,26.0,London
VujoN9US,53.0,SF
F3BJS0az,36.0,NY
zsBas9Gy,,SF
JvZBTg3c,34.0,London
8RJIoHjR,65.0,NY
zNKDHf9m,68.0,LA
9jLU65Mk,40.0,Berlin
nFNCrsou,,NY
lh9YirGe,24.0,LA
0NT2Aa1k,,London
mL67K3cO,31.0,NY
R8ejOAfD,48.0,SF
tNYAM8eI,,Berlin
HUTWih9I,28.0,SF
nR98Z8DV,28.0,SF
x9bNDnF4,24.0,Berlin
TdUgGwIX,,SF
4KgiG7T8,,London
gqId6n6P,32.0,SF
FAaUBSa9,20.0,London
LkEK7I71,,SF
d3BL64ju,34.0,London
Ver9r6Sh,66.0,NY
78jk9qd5,61.0,London
jKllFvnC,24.0,Berlin
qpje9lh3,,SF
I3TpwiD9,63.0,NY
7ihO8NN6,37.0,SF
skwABxSq,18.0,London
SDZsWKuc,49.0,SF
aNCZHfsm,,LA
B5qd3Bcf,38.0,NY
hryMvIse,48.0,LA
pQdeGaJY,34.0,SF
gE80NkAg,42.0,London
5cedL8f6,58.0,NY
jAy91OVK,50.0,NY
0GiMVrbJ,29.0,London
hVNq28Xm,,NY
VN4KHa4W,45.0,London
xXenamhL,66.0,LA
S8oaEctk,,SF
GKFl9nVZ,53.0,NY
OWeUgGUN,,NY
ZWPzf5ED,49.0,NY
6DUBnChn,68.0,LA
jK9k40nO,68.0,London
DtXBD4jW,43.0,London
ubDU2FJ6,22.0,LA
MiqIm6Ot,60.0,SF
zH2XbdOB,55.0,LA
cXShy7HX,30.0,NY
IN636dAx,36.0,SF
h75KaY4a,23.0,Berlin
fI75C9HR,62.0,SF
3TuMTEKn,23.0,LA
wc4V1QIP,33.0,NY
S32Q8w78,46.0,SF
ygCvoikI,35.0,London
7kJ6OZdq,49.0,SF
OqFj35sg,46.0,Berlin
fn7kj4aC,60.0,SF
iARx68Bk,,SF
38IzvTLG,,SF
7jIk1Qcy,59.0,NY
OI1gPTs8,65.0,LA
S19KcNVn,22.0,NY
6qC8g2K8,,SF
jgGdZVpH,46.0,London
FUkNNw4U,46.0,London
Ctbhyn5f,,London
LtYLXHBH,20.0,SF
UYQI3xOE,68.0,SF
2TpWkBq9,21.0,Berlin
0a2PHA8N,61.0,Berlin
KAtAN9ab,42.0,LA
uM9Z61og,39.0,SF
vFgsk5Yz,,SF
7ujbUyvv,28.0,London
34zRHp86,25.0,Berlin
CivDcPoP,,NY
elrDN9ZX,61.0,Berlin
26bT0TWc,63.0,LA
SP4hgq2N,39.0,NY
1eJJq5ES,20.0,London
auQpQ6LT,,Berlin
ixKaUBAE,28.0,SF
ya3sUB53,44.0,LA
yr7R8I5m,24.0,LA
WF0AkIEx,44.0,NY
dRSjyTA1,64.0,NY
tlTHjuMH,28.0,LA
VRzSYiLW,42.0,Berlin
iq7PHYYi,,SF
DvM1mivz,68.0,London
Xe0pCCLk,33.0,SF
1YVeGdM6,38.0,Berlin
BH6TELJK,43.0,NY
oRqqOrj2,44.0,London
JIUbZWce,68.0,SF
TMfO4fzX,62.0,SF
87HcBthL,34.0,London
SOsGbiaZ,48.0,LA
4imUMgIx,31.0,London
XFqX5Dcp,40.0,SF
09JLwi7M,19.0,London
WF57y4az,43.0,SF
pOJRTh0l,,Berlin
jflob73C,39.0,LA
3ZJDF0Sx,59.0,London
mJONgOy5,45.0,Berlin
Fi8m7ZgW,,Berlin
YIJkQPlh,65.0,LA
V4Ivpd9T,56.0,NY
g7ZaZaAX,36.0,London
CQmvgnEG,38.0,LA
dPv3ZET2,59.0,LA
m0eKP1ac,37.0,SF
l7may0LV,48.0,LA
X7VgSoJD,44.0,LA
ISyGaAy7,32.0,London
sqKmmbJK,61.0,LA
By8zY8ML,48.0,LA
lzD1nxpt,26.0,NY
nfD3c010,67.0,Berlin
AET2V9MM,34.0,London
KBa52FtL,36.0,NY
HTIdLh7O,49.0,London
MFdGe6Nf,27.0,Berlin
Vcd3p7RU,57.0,LA
cr0MsKMp,69.0,LA
Dy0KSF9n,22.0,SF
QGKAf3k2,30.0,Berlin
9vvDrEPX,44.0,LA
4Y3F251F,19.0,London
5rTVPnix,18.0,London
NHLvdpPz,,SF
HxCiDJBh,27.0,LA
YFQP4eiF,45.0,London
YoLkuWbR,22.0,Berlin
MGge7aR1,67.0,SF
ZXt8cE5l,19.0,LA
zSRqCuel,58.0,LA
pZhZPEP7,,SF
n9BYwD6f,69.0,NY
Ao1fgz9F,34.0,London
ZKwtk2AL,65.0,London
AXC6QQuD,50.0,SF
8OsOdrsT,42.0,LA
rbxMWgTl,,NY
S1IHRA9F,45.0,Berlin
xjXRrbAM,68.0,LA
IWnxbBK6,35.0,London
nDwOIOG2,,SF
oQcbaNn3,,NY
NUemnwn5,52.0,London
CFIOZLFZ,35.0,London
YijiastF,28.0,LA
GS5WgXrl,60.0,SF
SYDFjxMk,60.0,NY
HD87Pw7j,,LA
8XN5xnjl,,Berlin
wAkE6A6w,53.0,London
yd3HdOXH,26.0,LA
0Stey6yu,59.0,London
FK4Tti7m,30.0,LA
svUmmPHF,40.0,SF
7itcTlaT,18.0,NY
LaBf0zq0,33.0,SF
Xp9wpORw,36.0,London
NwylFxZk,29.0,London
gCIBTwOK,22.0,LA
2t0HxoS2,22.0,LA
dPug20AH,24.0,LA
KYfs5yqS,61.0,London
P0AuA8VH,31.0,NY
tb6eVuQ4,50.0,Berlin
kvcN56lr,,Berlin
TsjHr9DH,35.0,Berlin
izAmjDcK,23.0,Berlin
LdGTv4AA,68.0,SF
zZPz4iPA,47.0,NY
UPVRJIWu,29.0,Berlin
TU45KzDP,67.0,NY
CgUM0DBc,,NY
899JXi3u,28.0,Berlin
6o7fHYr5,21.0,SF
P3fxFkLY,30.0,LA
BYx9MCAN,18.0,LA
m9VOe96A,69.0,SF
1q7NViHs,55.0,London
S7XCHj5H,46.0,Berlin
2EoOB6cI,31.0,London
B5mhvAik,38.0,NY
G3187Owo,58.0,LA
5kc03e5h,48.0,London
KutJeXQ7,58.0,NY
0j0k9JIo,24.0,NY
mhyDIVKM,32.0,SF
uLNf8sBI,,NY
hTGMQ7PO,26.0,London
UYZMcawh,46.0,NY
N9ToDxxF,41.0,Berlin
4dM72yeZ,32.0,SF
nBSwQzQf,,Berlin
Z3MebnDi,58.0,London
DkkfDnNI,41.0,NY
RZjIAVGH,24.0,London
YPDbc62q,,NY
OaN7c2OF,,NY
OJazRvRk,42.0,NY
5M0xZaqG,,SF
czyXCvzI,51.0,London
fxBCp9K1,52.0,SF
vPtbBDHD,,NY
o5T5AlTV,51.0,SF
gJTJAQL4,45.0,SF
q65WsKHx,18.0,LA
QPw7Wj7u,61.0,SF
dOSY53Zl,54.0,London
tmfwd08s,47.0,Berlin
woiyRFv3,67.0,London
9naGe9aP,42.0,London
85Xmq5LO,68.0,Berlin
4BCDfT0M,19.0,SF
4Pd5OyV1,45.0,Berlin
YIYa9Sbl,65.0,Berlin
LDI03RLS,45.0,London
5kG20E3S,40.0,London
XEcsRekf,55.0,LA
schkHUDO,41.0,NY
yAXk5Dh0,,SF
hCHXgv1c,25.0,Berlin
iZE7Bn8I,53.0,London
6N2FhD3p,,London
xYhdiGEk,,SF
iD439YzL,,LA
hfu7RTix,25.0,London
K8b3h7PC,,Berlin
0qtElA1S,56.0,SF
LmjLDF7R,37.0,Berlin
Rc2qWLuE,35.0,NY
9Gfw5M3F,50.0,London
agZK8d8g,35.0,SF
Ci1oULcb,51.0,London
PRCvKZVw,36.0,NY
4ePyTrdo,59.0,SF
NnbV4aO4,50.0,Berlin
K0WHS4EU,38.0,Berlin
fUrALvUx,,NY
YYVqa9PQ,31.0,London
H5868hZu,50.0,SF
9eAn4mKK,21.0,Berlin
gbxoeHKY,60.0,Berlin
FWGHusPg,19.0,London
DhZvic6m,57.0,NY
bYTs9UVE,67.0,NY
ZvdPoL0D,48.0,NY
W4BaJsV7,66.0,Berlin
newM0jia,63.0,Berlin
odZvKv9B,47.0,Berlin
ZkaSU0W1,,Berlin
5Pgk2lWi,27.0,Berlin
wKGJry1k,69.0,Berlin
Iku30bIx,38.0,LA
ZKaJsxLA,67.0,SF
yNfWkL43,69.0,NY
6bI3JhvO,40.0,SF
62nlZuTJ,,London
EnayuW84,25.0,NY
3w3a162A,27.0,NY
CwH1zAnB,42.0,Berlin
8qgS8z2A,50.0,Berlin
PKSSdMH7,,London
xWGRKHJn,68.0,SF
OvdIF0LM,41.0,SF
Kqosa8ei,66.0,SF
vmCrLIhT,59.0,London
9OMIDKUs,67.0,LA
1MEFqM1y,47.0,SF
7vGPiNNC,18.0,NY
F2mEpf6X,34.0,NY
ARban16D,45.0,Berlin
yQGtvYRW,30.0,Berlin
RIESlg9b,27.0,SF
z4wcAyhF,18.0,SF
p7ldm8FH,37.0,Berlin
S4YJcqK4,,NY
7DnlrPf0,,London
m3rxk1Zg,,London
ohFocXUQ,43.0,London
N6uVHzMu,62.0,SF
XVPleOaW,,London
Lunt7aSg,,LA
Owd4FAjl,62.0,SF
Gu1PUroD,57.0,LA
E3PU3IJw,65.0,SF
jHKs6K0d,58.0,SF
UQYuj0RW,,London
wyiAAYKV,44.0,SF
6dOPm7qQ,51.0,LA
JnPChLsD,29.0,NY
FW6bvZtS,29.0,LA
8u4ObjlO,32.0,Berlin
FXlOtLZQ,37.0,SF
OMGN51Cq,27.0,LA
ld8VrPqF,63.0,London
fgqmIgaV,43.0,Berlin
PGSDYOUA,,NY
O66MLy0i,,LA
fao2sYjQ,28.0,LA
LxGAMzBh,34.0,LA
dVzh0g2F,28.0,Berlin
5DltwaaK,32.0,London
Z9rVDWql,21.0,Berlin
Ey4xIwrP,42.0,London
REOe5x80,,London
Ouo9a5u6,64.0,NY
vrXjJhcE,48.0,SF
HBaDdImH,63.0,SF
kx7ffeAq,46.0,LA
ufBX82w8,,SF
XuBn8p0q,26.0,LA
x4kDkEBU,65.0,Berlin
I4YXIVFN,,SF
HU2FJHlX,20.0,NY
lN61uknY,,NY
L3owySh7,,NY
3ZyhRzYA,58.0,Berlin
kcLJzpgS,39.0,LA
UlGWqQFQ,68.0,Berlin
QTZHIIQq,25.0,Berlin
k8qzQouo,,Berlin
diLg4HU7,21.0,London
5Mi7udt8,62.0,Berlin
b6uxdz4C,,SF
ngeMliCT,31.0,LA
LX995ICK,22.0,NY
1NmfCj7d,67.0,London
4PcoMHqZ,,LA
qyvOkPG9,46.0,LA
jsvYKOBe,,Berlin
jfGkZV7Q,32.0,NY
13rqKVjp,40.0,LA
uthHOJks,34.0,SF
oLu6TAxP,20.0,NY
RLjzwbCI,50.0,SF
T49xWeTc,67.0,London
2nZYCR6W,44.0,LA
rXDOHoSL,33.0,London
3xTaRAp5,23.0,SF
8uMG5n4K,,London
Lxbn3HoI,27.0,SF
5y2UVw5k,46.0,Berlin
0R3R4rmT,34.0,Berlin
pVLSPQws,,London
PFT16YLt,63.0,SF
rMTohVh2,31.0,LA
GfsIyKhr,29.0,NY
DA97A0aa,55.0,London
YwjUaaK6,46.0,LA
Tq0lyBm1,,SF
F6gDLo5z,25.0,SF
ClXK35Nl,66.0,London
7zWUhGOG,57.0,LA
EjCHXeOf,57.0,London
rzHVBYhH,34.0,Berlin
iTlF3ziE,60.0,SF
1YGeaXcE,56.0,Berlin
vsOkuiSn,40.0,London
qZS43Hly,24.0,SF
6HYHRMxO,29.0,London
tQmxZ4w5,33.0,NY
qjEFUbeu,30.0,LA
qqQU5TZd,64.0,SF
GZsr4ygc,36.0,SF
UmXwtJQf,20.0,Berlin
l6NtlKZP,60.0,NY
nY6iyx5F,25.0,Berlin
NDkrtGMS,57.0,LA
wQvG84k4,29.0,London
r9Ii6FqO,48.0,NY
ohByixbe,52.0,Berlin
wEyvEnEj,37.0,London
VLwZtNU5,45.0,LA
yuZOqtaR,19.0,LA
RZCvIELl,,NY
ALdHX2fp,20.0,NY
RiPnX3ci,65.0,SF
aArUJgKK,,LA
SXmOvBL6,68.0,SF
n2EGAG1s,69.0,London
W9sokrSa,24.0,NY
Puna1YPc,68.0,SF
lLQ1ImcZ,50.0,LA
Wf5h4uTx,62.0,London
Q10GI4oU,63.0,NY
w6L5a3Pm,50.0,LA
3j1qwN0c,53.0,Berlin
SW2o3dG5,,London
CtaAjNOn,23.0,London
l0yAxxMW,69.0,Berlin
6Y0HjGKo,38.0,NY
TSGBVRaF,55.0,LA
Ccur72v1,51.0,London
ZW5TbFfu,66.0,SF
QJEKWIvb,65.0,NY
l0T29Ws4,29.0,NY
NcjwuIcl,29.0,LA
taUzlFGY,35.0,Berlin
IhwenU3c,,London
TBNp1NG1,23.0,London
MAtI3Jny,30.0,SF
rRSLPRFs,,SF
ZeHSrpek,42.0,SF
RBzxGm18,65.0,SF
KcwNun1d,41.0,LA
zSXlJjpW,59.0,LA
PcKpNyZF,28.0,SF
Rb9G0At7,50.0,SF
zBl921jg,,SF
NIBj6FAU,56.0,London
NH5VCQDy,,LA
1vTcJImo,66.0,NY
RgUuxKV9,61.0,LA
mBVTy8CC,,LA
MLF4DB1E,37.0,London
6fT9L0bg,64.0,London
BiX6BRA3,26.0,SF
BywEYdrU,48.0,Berlin
h56zNsbR,45.0,LA
4mj6M3hV,55.0,Berlin
RyrVpQtL,22.0,NY
YVGHtNls,54.0,SF
fdFOpT79,,LA
gvsBa85r,,London
5rYOnZJj,27.0,London
4NcGTqzs,49.0,Berlin
VaY8jr3P,,London
dPqRHglZ,34.0,Berlin
Qg6tfSz5,,SF
w7hbRUCx,53.0,Berlin
8vq6KtqB,30.0,LA
M6v90PCM,37.0,London
1FuE9VKB,68.0,London
wrsUr4Hq,55.0,LA
HQN2k43u,36.0,NY
3tqHwWtM,,SF
MdfZLDjU,33.0,Berlin
g9uX80Kd,23.0,SF
CNsMrwcN,28.0,LA
mohrQ5Et,27.0,SF
KnPOP7Ge,48.0,NY
F7B8ZO5q,35.0,SF
VzsJHvST,49.0,Berlin
HSFT9zpl,58.0,LA
1yF3s8KF,59.0,NY
V7W8hOn8,64.0,NY
dYUogvih,41.0,NY
quUWA02Y,63.0,London
btnSR7WO,33.0,SF
BHAOGIlq,46.0,Berlin
MkbhdMFz,,London
UypYs6XM,42.0,Berlin
L5y4PqEu,57.0,Berlin
RkJupwWr,42.0,Berlin
ivZ3d54c,57.0,Berlin
vDX6k21H,62.0,SF
Hm7zADn5,36.0,SF
QgQPEvDW,27.0,Berlin
TUIt3Syj,,Berlin
bJIb552t,,NY
YXX7kTWT,39.0,London
9hQUDlSJ,45.0,SF
Qsd2rFHT,65.0,NY
VG2eZseY,52.0,LA
wMncnqYf,20.0,NY
8b4saC7F,55.0,London
qhZjvCKu,43.0,LA
smcsIJzj,61.0,Berlin
Zzzy1CCi,22.0,NY
G1TkMTNV,65.0,London
bdbkjt6E,66.0,NY
FbWEGDXM,27.0,London
9MociXqD,24.0,NY
QXnnMHFf,47.0,London
MPr2VWYE,42.0,Berlin
q7UwnORk,59.0,London
HtangZbC,,SF
eqw0se6Z,64.0,NY
XW4sqgcu,,LA
oHoP0b15,46.0,LA
6Mb4KPJ1,34.0,LA
TqDpFNKx,53.0,London
bKHSoT7n,57.0,LA
yhtoX9tc,68.0,London
PlB05Ck4,,LA
q3j36Q5s,51.0,LA
BeBM7XxR,33.0,Berlin
ryB6xpfj,63.0,Berlin
xm3Fu8hU,61.0,Berlin
6s8GS2CS,26.0,NY
IWntR81S,61.0,London
6h3Bibkv,20.0,London
NEODFBxL,40.0,Berlin
C3qEAaeC,30.0,Berlin
3NR9sO7r,,LA
b1pSAaNF,51.0,LA
06j0ooHj,47.0,LA
Qx2LotCT,56.0,NY
XuEwCw2D,,Berlin
pxZGLRlA,49.0,Berlin
3fZ0Zk3S,37.0,Berlin
pUeOINeO,63.0,LA
HOAri3kp,55.0,NY
FOCDz70P,,SF
EKmfqihm,56.0,SF
4BPKlsYJ,68.0,LA
vRqfBmrZ,,LA
MmAYNCkQ,62.0,Berlin
vMeg2o9c,,London
7DcDbWoy,21.0,LA
v1oZiyBf,29.0,LA
13KCuzYB,43.0,SF
QiL1JyIH,27.0,LA
QurvcLgN,,London
ZRnLiyJf,18.0,Berlin
nTwgkrP6,29.0,London
mFZQ9B5M,69.0,NY
72VKBUqM,68.0,LA
xby0QbOO,39.0,LA
GjuDaNv7,,London
q5yQ0iUg,36.0,NY
xod7t6F4,,Berlin
d4W7K7KY,,London
j0f8EHdW,38.0,SF
PAHgSaU4,,NY
zw1syTrO,58.0,Berlin
8HYTz5Os,41.0,NY
QcRG3Ufx,43.0,SF
3UJQ6Ot5,53.0,NY
lsqnhu3Z,60.0,London
3pd6j6nV,33.0,London
sVA75VlR,69.0,NY
UrZNoRMC,49.0,LA
skQCqhAs,19.0,NY
DJajMdf6,26.0,London
WURcmnxb,35.0,Berlin
rxfqdiQE,66.0,NY
pu1535RO,,SF
yvR9kSS5,63.0,SF
FMQ8L1ZQ,62.0,Berlin
wHjv6vP6,36.0,Berlin
V4jgV4hE,,Berlin
IdQbI5k6,29.0,Berlin
9cCh4QXN,30.0,NY
sIsISa37,52.0,Berlin
lHwI2LbT,65.0,Berlin
zY40c0ZZ,27.0,LA
NgbRgTtH,39.0,SF
lU7QlLPm,27.0,NY
dapoWUCD,67.0,London
Np1COAp3,,LA
y6pLvCUJ,62.0,LA
rbvuXX5d,33.0,London
oBHuZBeG,,LA
cuXL6SiT,28.0,NY
ly98xLHQ,34.0,SF
V3qlrZ6o,42.0,Berlin
iUbkUW2l,18.0,LA
WggSTmzY,29.0,NY
5MiWU956,,LA
AnOJngyD,68.0,NY
E9XTkEE4,26.0,LA
J4FRb5fK,36.0,NY
VmqkfO7v,36.0,Berlin
5z99r8pK,67.0,NY
GsshwUh2,37.0,London
7pC9Cuqm,28.0,LA
D2NtMWE2,41.0,Berlin
tgsUjfCY,39.0,LA
z9FVkMOH,,NY
4U17VP9h,61.0,LA
FAndSfCq,60.0,SF
UrOrfuxW,27.0,NY
iZCExmTW,28.0,NY
zAqMxRPy,25.0,LA
x3F3PzsI,34.0,Berlin
1X2YyjTk,23.0,London
u1xpcgEx,,Berlin
f39pfsyX,48.0,London
64svHPQK,54.0,SF
x9y6yKul,21.0,London
Qd2QeyS4,24.0,Berlin
pG2PQXXY,33.0,London
ZIOzdHkJ,42.0,London
GGf3Fq4n,,SF
X1cVyzxL,52.0,London
mcDwfQCr,,LA
MvGsipLY,53.0,SF
Bof32YD1,26.0,SF
jp4jRQeb,28.0,LA
7YgDL6a7,18.0,SF
LxU8y6Gv,26.0,SF
vEe1aiYi,42.0,Berlin
DwodsFHE,,Berlin
Lt6ndG9K,,NY
53GdlyHF,41.0,NY
1fYcueN9,25.0,SF
EiWeinHP,,SF
io5D9j35,46.0,LA
LTEbTVq3,24.0,LA
j2IhdS8Y,63.0,SF
pKuQkmPO,35.0,London
vlwDfT14,20.0,Berlin
kuA4I4Pl,64.0,London
KCjKLMIH,41.0,Berlin
ziIygzvi,37.0,SF
2sMoQtVe,48.0,Berlin
j8eAtNhp,43.0,NY
4c0NWP2z,55.0,SF
ipSyQSI1,64.0,SF
4svCji3I,,SF
1gUFSEkn,60.0,LA
ma1zXQ8z,25.0,SF
vN7yJD5F,49.0,SF
TQ6ArBsX,25.0,SF
rqmWCeyy,22.0,London
yfQjpQCD,,Berlin
MAMFV8QS,44.0,NY
XU3hmOtZ,56.0,SF
YdaEQpCH,,Berlin
EZpT8kcX,22.0,NY
rb4ArJmP,20.0,Berlin
kDhUzxfe,62.0,SF
KKH6gq3L,,Berlin
i48zapNH,34.0,Berlin
4LAeGXJj,50.0,Berlin
9TnMNn9p,36.0,SF
IrnLf2mi,21.0,LA
z71mD6nf,30.0,LA
KavqCPV8,68.0,Berlin
y07eMTcl,67.0,SF
oGKIoxLR,60.0,Berlin
GBdXJtVP,43.0,LA
jNcpAQf0,58.0,London
3B8ozgto,48.0,London
LrUMHebr,52.0,Berlin
srXcF1no,33.0,LA
rKM9kwLt,41.0,London
7Nrv5bP0,47.0,London
kVxIP5Jj,34.0,Berlin
dMbj70CU,,Berlin
Rghds1EJ,55.0,LA
pNIeCZXj,24.0,NY
KJcCh963,,London
hIOZN05v,,NY
dNLh7NQF,47.0,London
uTQruGrp,54.0,London
9POQG1Jk,,London
dXUBp7v6,39.0,Berlin
2dxlD3rg,64.0,NY
9PDztMzj,,SF
IevTpYrs,,Berlin
GVU0fsyv,,London
jmkahfWa,47.0,NY
f1JxPtM6,47.0,NY
HiFtv3c3,58.0,LA
GrC6VNr0,24.0,Berlin
pf7RzQq3,32.0,SF
bRQuNL7r,36.0,LA
8icIs6tm,27.0,NY
a9PcLri8,56.0,LA
RdZUHYan,,London
14e0P7D6,20.0,Berlin
57yE1MMV,52.0,SF
qIKN0ruI,69.0,SF
3icDahSe,35.0,NY
vBjrfqYh,41.0,LA
JZvhhJX8,30.0,SF
VXBRWeMs,61.0,SF
Q4Tans3b,34.0,London
0IwKC4zT,34.0,London
tib6zGts,28.0,NY
pu42xlYM,34.0,LA
Ah009xd9,69.0,London
bVPCR0NV,66.0,LA
p1mGXnlj,,NY
MjaaWo3z,,Berlin
fZfTqcvq,36.0,NY
JjOwVNGw,51.0,Berlin
oRacKJKc,46.0,London
tqFuMTVB,47.0,SF
RvNkFGW8,59.0,NY
Myap4xNg,46.0,LA
S0ElYc83,55.0,LA
5MErAiwM,65.0,Berlin
cHQ2WC85,,LA
xRpjnFGk,21.0,London
EiDw7apn,,Berlin
9844zHRV,69.0,SF
DW2yY8J2,,NY
xqQwRrlC,,Berlin
ntEeyPXn,,London
wcuLbyBz,64.0,Berlin
GIzGBNQ6,65.0,London
hccLDyPI,57.0,Berlin
A6LXVtll,49.0,Berlin
egs5pweF,34.0,SF
3oJj9A4t,51.0,Berlin
O60yjFEt,34.0,London
514BR9HL,32.0,Berlin
4h8MDXBX,37.0,LA
kCwzMIPw,,SF
rtGqef3T,,London
Qq752VLq,36.0,NY
JDdg4KcA,,Berlin
grz3Fgvi,41.0,London
4pQSqnyV,23.0,LA
tesi1RBo,,Berlin
HqGXPMd4,58.0,LA
hEhSFzMr,65.0,Berlin
oOrMlWU3,30.0,Berlin
zGzqwlYo,43.0,NY
6fuUQLrS,25.0,NY
zNIauVVE,43.0,LA
vlo7zA2f,,SF
yl4YcQKl,31.0,Berlin
RrQUQ7kZ,58.0,NY
nfon2VtX,,SF
0ysB9lZ3,,LA
9RLX00Xo,,London
3fEjEuC7,51.0,NY
DZXpQSko,57.0,Berlin
b9y1eaPO,,NY
YHKhXHuK,,Berlin
hqvPdxuM,29.0,NY
0Fk2qPxE,,LA
ZhvzJgdK,46.0,LA
bsOaDSOJ,,LA
cOCO4f6I,,LA
LtVqjyhM,66.0,LA
SiqTKXDm,33.0,Berlin
4hiXONjK,52.0,Berlin
mKfUl4kK,26.0,London
wHQfPk8a,61.0,LA
fKPoMD9x,56.0,SF
OEjABjQe,55.0,Berlin
W8MskXSz,60.0,Berlin
sqrUYmL3,23.0,London
ngXbyrBV,43.0,Berlin
S6QPJHQ9,34.0,NY
2kL0BPlf,41.0,Berlin
T30I70Ds,,NY
K81FJeHt,49.0,London
mBEdw0bA,20.0,NY
kxhgQlfC,36.0,SF
tyfRclA0,52.0,Berlin
VQC1MljK,,SF
C71p0TzX,42.0,LA
Gqypcxe2,38.0,London
8MRN0xcJ,,London
O6Y3JyLz,37.0,Berlin
KFJWh0tF,40.0,Berlin
dtGInnKC,50.0,London
WPfsfeeX,67.0,Berlin
r2BWADOJ,25.0,NY
8VzeiXxT,68.0,NY
Km34fjm9,,NY
RYicmbxb,59.0,London
u7eRniNC,47.0,London
bX3Ft67z,,SF
U9kvziqz,58.0,LA
PRqptapH,35.0,Berlin
zlAoZ3AH,,London
UwTZRA2a,43.0,SF
d86S7cz3,41.0,LA
fMrbee5z,,NY
r8TKiLef,22.0,Berlin
W8VwmIXU,28.0,London
nXVpkrfe,69.0,SF
8wPXCFXZ,41.0,NY
qiKwHPmn,18.0,LA
JnVSRJXf,29.0,SF
2wgFG0R4,,LA
RxxvJuKT,40.0,London
fZK7i4Kb,69.0,SF
DSKwgAgL,61.0,Berlin
fA0b7e77,42.0,NY
89yeLFxr,29.0,SF
MjsykeXj,20.0,London
U9KolSBq,,London
p6PNSrS7,43.0,LA
p7cuxmvN,32.0,LA
htHdRhjL,48.0,Berlin
vb0PcR9w,60.0,London
l85rYHnO,59.0,London
2bWb7WL8,38.0,London
Y1sRCf7d,,NY
zga77hqi,,NY
iVi8JlAt,65.0,London
MXT8D46o,,NY
BAlh4sE3,29.0,London
MdH9BRgX,,LA
PPAcL0tx,54.0,LA
OY6RyNjg,35.0,NY
T9fr8Kad,27.0,LA
EiihffoW,23.0,LA
AqCmoZgl,46.0,Berlin
aEluTAzi,46.0,Berlin
CZFuW24T,46.0,London
FlT5UJfa,63.0,SF
HIt4gWnW,63.0,SF
9vTTWVlw,26.0,Berlin
9KnLf7mm,49.0,London
Zwv2zS1K,65.0,Berlin
ZvqPcBRv,30.0,LA
fPSTwpZL,63.0,London
lnILAGCT,28.0,London
tBaRTJf7,51.0,SF
v9zRN72d,69.0,SF
JhQ318ap,69.0,SF
Qz4uV1bn,46.0,NY
t8PTnkua,68.0,LA
flLOpmmO,,LA
zrVCmJ6z,66.0,LA
Mv55zfYX,48.0,LA
QArjHLsW,58.0,LA
syMB6ynU,39.0,LA
7qLFfnbg,,NY
PwZk6XJo,60.0,London
SkvKNUWN,,SF
jQpICqcs,52.0,SF
n20YR19a,66.0,SF
VdehiNXN,55.0,LA
PzsFwO8O,21.0,SF
FwUispDA,62.0,NY
RzfS1vbC,,LA
niVtgaqq,,LA
dX3zau6b,69.0,NY
PFFMD71Q,35.0,London
R96YUTef,63.0,NY
ADBWSzIW,65.0,NY
NYRvwN2h,36.0,NY
gowTyiWg,32.0,London
jWeEgvwh,40.0,SF
q70a1gSi,40.0,NY
VMPGj4P7,38.0,LA
rfVyR6Ie,43.0,SF
E3nxJNje,62.0,SF
cbzQzoGG,51.0,Berlin
9Z7Ynuze,58.0,NY
9N79ra2l,30.0,SF
EvWNUuhb,,LA
wt0JWTl3,,London
AU03Iou9,50.0,London
emSp0gS2,45.0,SF
gCqEvAHK,,London
0AIqlDsk,44.0,Berlin
QIl975Dk,25.0,London
GtlUGPLs,53.0,London
1HFgxcYY,60.0,London
zT3EMrRE,,LA
3xlWCbeH,30.0,Berlin
bDTkbXTf,37.0,Berlin
XknJnzP5,22.0,London
CHQvNyDy,,SF
FxDDwfLv,44.0,LA
SdCwNlDH,,SF
yuXAAHBI,68.0,NY
jAcMjz03,36.0,LA
tc2Toe4J,18.0,London
6eQZ2hF4,21.0,LA
lTjqMDXI,,LA
I5YBtYas,61.0,SF
P974Ht3U,43.0,NY
ODENUaf9,50.0,LA
ahMw8uZn,61.0,NY
VFXMZhIW,62.0,NY
zq7xsbyu,55.0,SF
DxzAVxXO,24.0,SF
iLr1z1S0,46.0,London
qA7gh6ae,69.0,London
1CPyp0Jj,22.0,LA
VZYvKKsR,,London
NWa6qyMS,30.0,SF
S651Ebpd,63.0,London
zoEX1TfN,57.0,London
zJMk4TbM,65.0,London
eoY9Mu8H,63.0,NY
w6OhwjbH,,London
rVTFDBO7,35.0,SF
Kuzwmw2d,,NY
LoRCnC7c,27.0,London
sn6SJcTr,,London
w6tKvtcI,,SF
MqieV2fg,26.0,LA
x7DGYaZc,38.0,SF
qnv3qb3P,18.0,Berlin
7uXKQUK1,,SF
yMGX5ALT,43.0,LA
dKX7kwIz,31.0,SF
v0vfAHY9,56.0,NY
wFHHtm60,46.0,NY
Vp35sFXk,60.0,SF
qtHV2FHM,,NY
GYDF5pzO,24.0,LA
3UCbJc0h,41.0,Berlin
QIP9YLEu,44.0,Berlin
bfVfnG1B,59.0,LA
kpOpeAAc,68.0,London
GxoPaHOq,19.0,London
OPPvwVYI,19.0,Berlin
EVQUtrik,33.0,NY
UKilIQdU,29.0,NY
zook1INW,,London
JLglIk8s,43.0,Berlin
OtIdP7Ea,27.0,SF
6gIaLYzi,,SF
c4cFMkNR,,NY
3cTo3dR1,42.0,LA
jPQpfzuH,,London
Yfl4CB9C,43.0,NY
CgUxagod,40.0,LA
mwe1LoPF,54.0,LA
hwCPz3IJ,66.0,London
HhkgaBVQ,59.0,LA
DKnlXlcv,21.0,LA
D0MLx7KM,18.0,London
V30Oolfh,18.0,Berlin
rYgpzQ5U,56.0,SF
LTBOQQ8h,20.0,Berlin
2gG3M8Ep,65.0,SF
NzcEsP0Z,65.0,SF
5ay8CaLT,32.0,London
4KcgbG0v,60.0,Berlin
SUWIVVE1,35.0,London
XCsim7HF,38.0,Berlin
IPRNJAzm,69.0,LA
WX9UsQ0q,25.0,NY
4fI2viwD,42.0,Berlin
CoZhvCbe,49.0,Berlin
pvh9YTlO,23.0,LA
inq3ydy7,,LA
9vOneXIZ,,SF
jxGaSUvz,37.0,NY
FsKunAs5,66.0,NY
36xUBTTt,46.0,NY
CCbfkaQG,22.0,Berlin
AEzHpp8t,52.0,Berlin
he7nSwzS,36.0,London
tHCnT3Er,56.0,SF
COCeAIUU,29.0,LA
dCGX2e7Q,50.0,LA
CZFY5rdm,52.0,LA
9hnwSW4d,59.0,London
6vzgDfOK,,London
H5skx8vU,65.0,Berlin
cP9hNuRt,63.0,London
MXGPF9uc,25.0,London
IeWj0FVj,,LA
7ve8f9go,48.0,London
4EEa7M73,28.0,SF
YSL3aVtd,21.0,London
PojSxIrs,,NY
aoGISfjU,,London
xb3KpYrH,59.0,Berlin
OYkuNrKG,39.0,SF
BxKsSnHM,61.0,London
QYRnkhAn,34.0,Berlin
J7nUmUHU,37.0,SF
RYeHY6GQ,60.0,London
bz6ejp8Q,69.0,SF
ttc7iV1K,29.0,NY
WGdY8cw5,61.0,LA
n8LLz0Jl,,London
s4uEW82k,69.0,SF
KGPP60SM,44.0,Berlin
2XkU9tct,40.0,NY
FZ3QupRp,22.0,LA
et1lCDgl,66.0,Berlin
4IgeY6gS,45.0,NY
wlorj7w0,54.0,London
id4TMmHs,47.0,Berlin
RQd9dQn1,62.0,SF
qyqBGeV9,,NY
jiyHm1He,31.0,NY
IIokPRC5,25.0,London
fQvcvBix,63.0,NY
pYLBc3JT,44.0,LA
LkxS9JDp,,SF
iZSFM0cS,24.0,London
vZuv0CfZ,43.0,LA
aIJfxmtG,59.0,London
nIWSwUyE,47.0,London
uL4toSK1,34.0,SF
1j21Chqe,23.0,NY
aeYJP6U8,20.0,London
wwBYKzgB,36.0,Berlin
QN7UmRPI,36.0,SF
DjWIUmYe,,SF
VfCTozu2,45.0,Berlin
O1Uwfc37,52.0,SF
qSaI9jr1,52.0,London
tg3jhZ4G,,LA
4Tf2lPMf,55.0,NY
orqO0T6o,,LA
E6APa1rx,46.0,SF
DARX1lgN,40.0,Berlin
4wUMmu4H,,SF
6mPsXYKe,68.0,SF
5zZ2hpMT,54.0,SF
mFQGDypv,,NY
EOfUhBGV,,SF
j5eakXt6,66.0,SF
KFOwfjO9,51.0,SF
Ebvw1Ras,61.0,Berlin
uQPMgd7U,45.0,London
q4kAxLl8,67.0,SF
zHJeh5PW,24.0,SF
COh4q3Yj,54.0,SF
t6qV0trj,46.0,NY
AtjZ0v9B,36.0,Berlin
9VgU8N0A,65.0,LA
prxCpUgN,,London
BRDfxWgT,36.0,SF
cWNVUMLr,68.0,LA
nmGtikDb,37.0,LA
qURfS5Dy,32.0,NY
npe6Z4OI,41.0,NY
0A5znqdz,58.0,LA
JpAokoJb,,SF
7R21oiYc,68.0,London
CTN0pUbd,,SF
OHX6KXmY,36.0,Berlin
yjJNk4Oa,45.0,Berlin
K0pyfJRZ,29.0,Berlin
E0XfNFJu,,SF
SpFnYpTI,52.0,NY
bS9TOIv4,21.0,LA
7Kw4NI79,51.0,LA
IuOM38Ts,24.0,SF
EbN4WeYV,,SF
bSLsOW65,20.0,London
aaupBCce,,Berlin
WmASwu69,29.0,SF
EU3zfgIq,36.0,London
16fB7w2D,69.0,London
XCltQ7lz,34.0,NY
T18Cp843,35.0,Berlin
AYZpuyyn,,LA
uHxoMC6k,30.0,SF
y6EnH86S,49.0,NY
T6wxZI5H,22.0,NY
EU6ryj2v,,London
EHxrwP11,39.0,LA
qNtfMl5H,68.0,NY
3XvgZyxN,68.0,Berlin
7WVPWb9N,25.0,NY
DzkRwQrI,,London
rzseZYva,33.0,NY
alUNrbfr,49.0,London
vsrHmQt3,22.0,NY
GMm9MErK,,Berlin
cfOx4rjb,42.0,SF
4trvpjAj,33.0,SF
BWLK3Eck,41.0,NY
8ToXugGP,,LA
qKSzFYt2,30.0,SF
CIHI1yG2,40.0,NY
5rXmYeUz,69.0,SF
uEnlDZK6,42.0,London
bbIkKiGx,44.0,NY
TGa9JkFC,25.0,NY
me7KMl1R,35.0,SF
l0najS92,,Berlin
H0yHPj0P,,NY
Iho3yGnw,23.0,NY
pEwMhbj9,42.0,Berlin
MrxlIFWw,37.0,Berlin
7xFQ3Eu7,40.0,Berlin
evsJn5Xl,34.0,LA
nYlJaGEC,49.0,LA
1B4nyxjg,33.0,Berlin
pSr2LIyf,54.0,LA
PzoqWmZN,37.0,Berlin
0mpvyuVM,20.0,London
vWFBCd92,,London
6TIOW3oE,54.0,NY
SrTGYqMq,52.0,NY
BF3lmv9G,33.0,Berlin
84PLhQ2D,65.0,Berlin
lljRZHnh,21.0,LA
YJnJoVdn,20.0,NY
OlhWV8lS,61.0,LA
63jLEQSN,34.0,SF
cKu0LMEx,61.0,Berlin
paIS6GFw,59.0,NY
qdIPH0Rq,51.0,NY
JLwcVCtW,59.0,LA
WodYKySQ,51.0,London
yWddUhoC,34.0,Berlin
hl4G5j5K,41.0,Berlin
ZoH77ex9,54.0,Berlin
cmEuIkv3,19.0,London
w5K2EjHK,31.0,Berlin
xZzu80q4,27.0,London
vWUR36Ac,,London
X4ojsmwh,54.0,LA
DWL3tYh6,63.0,Berlin
uKbjIhbe,35.0,London
ygQxfA5l,,London
byCs42cL,30.0,LA
xt6xyCoB,52.0,Berlin
LgWP9a5q,,SF
zN7o5tTz,54.0,London
R4ZnRhhK,27.0,NY
AoFQqoQ3,46.0,LA
fJwBSdks,51.0,LA
FXSSL76U,41.0,LA
BSqamksZ,44.0,Berlin
DnHurgK8,26.0,SF
4DoTOhqT,26.0,NY
U4syI9vo,27.0,LA
skbP5x4Y,29.0,London
ipWqkThg,,SF
b8AEyRM1,20.0,SF
89xWnbsX,45.0,LA
IqXHgjoC,26.0,NY
xYWSAWlE,56.0,LA
xrxGRy2P,47.0,NY
n99cVdcN,,LA
XFQewULn,47.0,LA
FCnMz3cn,33.0,LA
odUCHjNz,53.0,Berlin
TJPydsua,47.0,LA
8fdQKkHd,63.0,SF
C9Ax3I9h,54.0,London
jpWZtKoJ,33.0,London
6x63rxxO,45.0,LA
OGYMUB16,37.0,Berlin
ZMzW3Uul,31.0,LA
y6l8pcr1,,LA
abf663oo,46.0,NY
j7AvNaR4,,SF
hi9btrvF,,NY
pHydIgVJ,36.0,London
NsQ4hNqe,34.0,Berlin
6SDYFIha,18.0,NY
8FFx0EMc,46.0,SF
PZyFHvgC,,SF
5l8iPQ1q,,SF
XmhGqMqj,,London
uXkjeW2b,60.0,NY
Z9JAUTO6,27.0,SF
HARGK618,53.0,London
NXqdT4qW,34.0,Berlin
n01diQPt,34.0,LA
2xsSpUKu,49.0,Berlin
h6XaUPnp,33.0,NY
dlZ4Ge5r,68.0,Berlin
5q4NxGz8,69.0,London
S89Nxgcg,63.0,NY
O7x0ZaL7,40.0,SF
2SUtjizo,,London
KBVPsPm0,,NY
n0xPt6Ss,,NY
l21VlXl9,57.0,London
IxZzeQaA,23.0,Berlin
NzyAhoG9,27.0,Berlin
SjstiYVL,51.0,SF
K6d352Ng,47.0,NY
yurUb1yF,68.0,Berlin
nLnXqv0B,,NY
9dJTGDUf,23.0,Berlin
YtHV8Qak,62.0,London
lk94ceir,50.0,London
ZAryV3uj,22.0,Berlin
iuQBIZo6,45.0,London
KYKBycvZ,24.0,NY
b0V5Z8sD,63.0,London
sLr62CSw,36.0,SF
YghUnBfy,60.0,Berlin
dZqOoPfc,67.0,SF
gBIsRMp9,67.0,London
EbEU5ADe,43.0,Berlin
0zF64O2x,55.0,Berlin
mjSTj5eY,,NY
Y2yAuKgm,56.0,NY
0T2ktNFr,34.0,London
HSZPTQvy,36.0,NY
xds17MLb,44.0,NY
Lp3PWCGL,54.0,SF
Mxzc6imu,24.0,SF
ddhlSXQm,55.0,SF
UgpHSC9c,34.0,London
mavsehqm,46.0,Berlin
dtKZfIEL,68.0,LA
gwYtxXaS,61.0,London
UCYPOFBl,,Berlin
2BV1QF1D,61.0,NY
STrce49B,34.0,London
FfykkRmo,32.0,Berlin
hbXhiNjV,33.0,London
sIr0Sdtu,50.0,NY
UepHZvYZ,28.0,NY
FLa67Ot9,50.0,London
JTx9Z6Hj,49.0,London
Fmwq8Is1,,LA
xjPVFXe2,45.0,SF
gF8xBCcE,37.0,Berlin
tes58PuV,66.0,NY
XB20eYMQ,,NY
D0xUBKoS,33.0,Berlin
83oAbEQc,47.0,London
m6TR3Clh,34.0,LA
brOiG3Kt,31.0,Berlin
70eQvaZy,41.0,London
1fLWJV0Y,54.0,NY
SGToFaJu,30.0,London
vAfKG8Az,35.0,SF
tbuSKWEi,24.0,LA
gCZm6269,66.0,SF
3by3TURp,28.0,SF
G6MlOE5K,34.0,London
agArikPr,36.0,London
TXqHJv68,23.0,Berlin
3rUrjx6P,69.0,NY
HFuWrTSZ,35.0,LA
mLL10fXU,27.0,SF
7U8yj5hF,,London
n1Fux860,18.0,NY
PThyLl5e,64.0,Berlin
d4VfE31W,55.0,London
c8WnNrqJ,44.0,Berlin
04bat1g5,42.0,London
az7yylRX,43.0,LA
AHX0shjP,56.0,SF
htIc17CX,,Berlin
XBfQg0i5,,Berlin
j94MCK7l,,Berlin
U0fAgI1H,25.0,London
jWy3zdGk,,Berlin
tFACnvO3,46.0,London
3NB8j1YA,51.0,London
oWMSGbZh,44.0,LA
UJ9BBUH4,,London
lQkOFsBD,59.0,NY
eDZW92uz,21.0,Berlin
z4xUFyx5,66.0,SF
S6KjFZgC,65.0,Berlin
MCV9Yd6d,22.0,NY
ksaFDL5F,59.0,London
mr5p8UBD,28.0,LA
6Wx0MUj4,18.0,London
ksUrziJQ,,LA
xwcWsLei,37.0,SF
64ZCxnnv,,Berlin
NDNmJhEl,50.0,London
thXvnKn3,,LA
FWUjaK3n,29.0,LA
cQksU41J,28.0,NY
0uQaAIDa,18.0,NY
8iysYIw8,63.0,Berlin
4ip5PsiK,25.0,LA
3r8mKd5H,,SF
6yws13sQ,22.0,LA
OxjVK6Rn,48.0,LA
zXeipg5I,20.0,London
ar99e5Re,39.0,London
zoA39Zzz,23.0,NY
UkCdNdfr,41.0,London
TYOWGRrB,44.0,LA
VGnf3vXm,,London
xBIEYtQw,,NY
3SuVYn7N,51.0,Berlin
s8etTUvB,52.0,SF
0QfkD6VV,53.0,LA
ynqJKPD9,43.0,SF
FCKMPEDM,18.0,Berlin
tkNKHYut,,LA
P2gbL3ax,36.0,SF
clVexTt4,43.0,Berlin
cAPoKOVH,40.0,LA
erwsUkOq,57.0,Berlin
by8ZwiI8,51.0,LA
xrtugJ2e,44.0,LA
mOsf1qAI,,Berlin
xrJAdJV5,63.0,NY
nCuoV8js,56.0,SF
ecjFb9Nh,,NY
pNfDPXhC,56.0,London
wV9eMJ54,33.0,SF
G5UKRsJp,20.0,LA
mdCma1Ho,43.0,SF
x697BGGB,22.0,SF
nmtF2rZE,,London
mO4C9FbA,,NY
DLAAjpeu,,LA
W25SkdDT,69.0,SF
N8Hql8oQ,60.0,NY
W9yxcZqz,47.0,London
NVntmh9C,40.0,NY
bHCoqP9p,35.0,London
S3KwToKL,22.0,SF
cnsYTAXa,39.0,LA
zfdJmYaz,62.0,NY
znnhyg3a,,London
JIFgwp91,,LA
n9RMmkrM,31.0,SF
81kJifyn,58.0,NY
FxfhqDrT,,Berlin
86Ogu2xT,21.0,LA
qROWSEGc,,NY
RKy73Gps,48.0,London
WWm7iBEp,49.0,Berlin
Bz3CXLrV,19.0,LA
adSdzn1v,65.0,Berlin
7KpYJRzY,54.0,LA
RwQZ9jFD,69.0,SF
T1Gbe62M,67.0,London
GzFgi2ta,19.0,London
tBpmz36C,31.0,SF
AaabqyVk,,LA
7325xQ0k,42.0,LA
ZZkAesOy,27.0,London
czR04iBt,45.0,NY
8Inp31pX,65.0,LA
irZyO8B0,25.0,SF
nN0weWUL,31.0,London
PLMIZ5QQ,37.0,SF
ONq3IKEJ,59.0,SF
Tvv1lH7I,30.0,LA
rc5lHRua,,SF
KVbVFoEB,51.0,London
wD2GxTw2,43.0,NY
VdH8oYKQ,54.0,London
MnIq1rW0,63.0,Berlin
5WcNtHcF,41.0,London
TYpbtkjm,38.0,Berlin
FMYtLqPV,41.0,LA
bcyDdWSI,25.0,Berlin
c5EHuzME,50.0,NY
yoO8kEij,22.0,LA
n3pNbhmA,42.0,NY
jEx60ur0,60.0,Berlin
Pz87iIM9,57.0,LA
bZ8RT8iX,34.0,Berlin
jRYcXSKJ,42.0,SF
LrDVV0iF,59.0,NY
zKFzMNed,,SF
vJj86PX1,50.0,NY
LRSSDGtS,22.0,NY
QBoq5LWN,32.0,LA
H5YFQI6b,59.0,SF
sZq7fIC2,32.0,Berlin
Quo93s25,18.0,LA
umUpnTYl,60.0,NY
878dCeOt,35.0,Berlin
ubBBolaF,23.0,NY
PSkmJbjD,51.0,NY
PSHlOXtN,19.0,Berlin
Au8nvFIx,34.0,London
lGoctFma,,Berlin
ccdNncZA,37.0,LA
OcJ0mpIH,31.0,Berlin
ifXWVeXK,29.0,LA
FYFvCRwI,21.0,SF
IEC9xN7k,58.0,Berlin
h8ov7ByS,67.0,SF
TR2hxL6j,,Berlin
bU5Y8t03,56.0,LA
inB7VgBF,,SF
aOOStbFs,54.0,London
05cG9sqi,64.0,Berlin
zcDniDft,43.0,LA
RHZVJz8u,62.0,LA
FXDoPvry,63.0,NY
2yjMX5fm,21.0,LA
lLVLk5EU,,LA
Oe2ZiY8N,32.0,Berlin
vPEmwCn7,,SF
PSxYOZzi,62.0,Berlin
XfJuI4og,35.0,Berlin
6CiTN55H,34.0,London
G2FMuEpN,50.0,London
FWWoTpS7,53.0,Berlin
Swvc54qx,60.0,London
G0qonIWD,,NY
DgjzNdGa,,LA
3IBes0cB,45.0,Berlin
Eo9EcS3X,30.0,SF
1dFtYrML,,London
D4nNgXFc,65.0,NY
8ghQ3k09,36.0,London
es4DStTz,,NY
9894NwDl,32.0,NY
N7BVtyld,61.0,NY
G4joo7pf,40.0,Berlin
O2UOp3oI,,LA
lzKqaNzc,,Berlin
WnHR2ZEd,,LA
jq9q8tOq,39.0,SF
8q6JGMnk,25.0,London
UnvYcjt2,22.0,Berlin
qZQRoWZv,41.0,London
X9LZhAxO,50.0,London
aG0NAgTA,29.0,SF
nc3qGChE,21.0,London
YmGldgqx,,LA
oM9aU14C,26.0,Berlin
6ZeAiWAD,59.0,SF
FludTBXx,30.0,LA
c747kkHj,,LA
osZbZJX4,,SF
5JS4dBIx,31.0,SF
m3CKSuHX,68.0,London
SeFd0JRI,68.0,NY
7DoZjMYv,18.0,LA
l9G9H65q,44.0,LA
XB7AeTCB,39.0,NY
ah1EsLQH,39.0,LA
DKaOSj4E,43.0,Berlin
ppLl3FJ0,41.0,London
9LsKlrB2,47.0,London
u0N0gD5Z,57.0,Berlin
4o1wjwAY,34.0,NY
0zhk8YlL,40.0,SF
UsfUY9kt,27.0,LA
k3bFbTaB,50.0,LA
xZdp8nLD,25.0,SF
XQdX8g9i,,SF
o8v5CQEb,51.0,NY
eHKcHEB4,68.0,LA
ZKKugN9f,44.0,SF
qW6mlmEb,48.0,LA
e8BI7qHT,42.0,Berlin
Oj0nCkY9,19.0,SF
lmMpcbJD,37.0,NY
P9aTLwb2,60.0,NY
bCROfNTq,20.0,LA
ZO8B2ugz,58.0,LA
k3URr1C2,57.0,NY
WPy6BC38,55.0,LA
1tH8cK2F,,NY
5Lca9bsf,57.0,London
0zQYxhni,32.0,NY
VSQGTYPq,44.0,London
E5h4osaO,,Berlin
A6R5SD9h,52.0,Berlin
MXH4m8IY,40.0,Berlin
vq2wnpfY,25.0,SF
GeNrhPCP,39.0,NY
mQW1YUju,33.0,London
d0PpU50b,23.0,London
JCmZ9mHY,56.0,London
obZxkF0g,,NY
pqG2qjnY,69.0,Berlin
SURkxgyS,46.0,SF
eh9QqxMX,43.0,NY
Sjkx0uh6,26.0,SF
bct2hci2,36.0,SF
QZCpvMNI,24.0,SF
N4A2m1wz,65.0,NY
Dfmx1ZHK,,Berlin
acWkhDkX,,Berlin
HWYELSJ8,56.0,LA
hZHGyBxL,64.0,London
YrHosiyn,54.0,London
rHg0dven,51.0,Berlin
5QOvXlgM,,London
mc0BLwM5,,Berlin
Z25SHKw1,37.0,SF
Jlyl0fa1,22.0,LA
KlUsYSuZ,61.0,London
pvtRnAkx,53.0,SF
1TQJ5nk5,47.0,London
lHHyV9Ch,67.0,LA
ztpfRi82,37.0,NY
kbOOFaf9,28.0,LA
g9kAt5xl,38.0,SF
BfbEEcQR,37.0,LA
YW7AANM0,23.0,SF
DSY4wt72,62.0,LA
oDAcRdzj,43.0,London
6PJkKADI,40.0,LA
N2HPL8ck,,LA
wHCsrJzu,42.0,Berlin
hMfndTR5,,LA
BcWiw61v,21.0,London
VE0X0rGr,,SF
uuH63ceK,,NY
WGYPmeD9,,NY
6gNixVhJ,,NY
QBwpItv1,25.0,NY
0I3nOzsK,69.0,SF
ZR6EaYuJ,69.0,SF
WOvbwOOy,52.0,NY
JUMokaPu,45.0,LA
3x2HXWmF,26.0,LA
fAxuCeRJ,69.0,Berlin
tpvSoREx,51.0,SF
dJ7Dw2wy,47.0,Berlin
l2tgD56N,,London
KerNduIw,50.0,SF
EU7gJBcv,46.0,NY
1di3pPuo,66.0,NY
1ky7FeYB,54.0,Berlin
YtTFwNl7,30.0,SF
LakiT52J,46.0,LA
Cdvxcusq,57.0,SF
IydLFJ89,56.0,Berlin
gY9u8cSA,31.0,Berlin
m1Aryds0,25.0,NY
Orq1YwGg,49.0,NY
J2RZKvhl,28.0,London
1AeAy7LT,52.0,Berlin
pU61etWs,22.0,London
5el3xIwf,67.0,London
Aas93atv,54.0,NY
3pP98fzO,62.0,LA
HKr8sz4s,22.0,NY
ZfDpMTqA,19.0,SF
WvvptG67,43.0,LA
seHsc478,47.0,Berlin
4QuVG9ye,30.0,LA
RQo47t1g,,Berlin
RtR57dPc,66.0,Berlin
F6jXdA71,57.0,London
wQJqgFET,44.0,SF
OImQtLQI,,NY
MNkgdlRG,68.0,London
L3x6KgcX,32.0,London
GWPQapsx,50.0,SF
eEkDzZcO,47.0,NY
iHzwTY4d,49.0,London
8li2MOGi,67.0,LA
43fcxDMY,24.0,NY
xOpzDppn,56.0,SF
ddnyC6C2,,LA
cA7i1FGg,28.0,LA
n2W0rEwu,,London
DzwUBijb,,SF
tJKMQi3n,,SF
lCDcpazx,48.0,London
h06v9r91,,NY
NX49KIJk,,Berlin
e9PsxhVy,22.0,London
g4agbdhF,41.0,LA
XD4HCPCe,,Berlin
1b3UZmwP,,NY
px3KVUYQ,21.0,NY
RsPuc8Oq,,NY
CoZFSN58,,Berlin
PGsdVCFq,68.0,London
E4PHZmFr,,SF
uERYAp8w,52.0,London
ZkwRbsX9,28.0,London
Z7LUcuuN,24.0,Berlin
jH2looo4,,LA
729QPDVF,,Berlin
vzPyRjtP,43.0,LA
xZJVngwH,64.0,Berlin
UkwjZvsU,66.0,LA
10NGwuNl,43.0,SF
buIPHjaS,34.0,SF
YwQus8Vv,27.0,NY
b1hl1BU5,47.0,NY
myHoO8Fy,,LA
EmrrKXHH,,London
4gzb4fci,,NY
21NWid48,43.0,Berlin
OaESKY0k,58.0,SF
g7pNMwwJ,,NY
Qm1lPb1l,36.0,NY
P0rRvHgp,18.0,NY
2jgdW9W7,51.0,Berlin
UFnzwY3p,55.0,Berlin
8eNd1MiX,41.0,NY
ol1Xl0cx,58.0,London
UNrtTY4E,41.0,London
JLCXy3Vz,35.0,Berlin
14PfpzrO,18.0,Berlin
gtnOBb6Z,27.0,SF
gNcbh7hU,21.0,London
iBh2BgwR,31.0,NY
IJ1WJuhE,38.0,LA
fikHvWD5,,SF
iz1lMBw9,55.0,SF
WLc4oo6X,,NY
2hoCB75g,22.0,NY
9gdu8q3e,,Berlin
bh1RQdru,41.0,London
jRXeL6W0,27.0,Berlin
SFifHq5N,,London
dkjAgt68,34.0,London
vKUGA94c,49.0,LA
M1755nEF,26.0,SF
0ajsOHLu,48.0,LA
bmIZLavg,58.0,NY
vGxThYiJ,32.0,LA
hwsS7HE6,67.0,LA
YKZaINTc,20.0,SF
aoy2fh0w,57.0,LA
SsCaNgeh,52.0,SF
tqAA8oAs,,SF
DJJWnckp,,SF
B2E1BBqf,39.0,SF
7ZeUczm5,65.0,LA
dGMO93vK,24.0,Berlin
FNogzn4F,37.0,Berlin
SNO7zh3V,,NY
lMJS5cOg,43.0,SF
r5DokiCF,36.0,Berlin
5lw5GJla,,NY
71kd78FD,51.0,LA
BaEitY5U,52.0,NY
o9avrrmZ,45.0,Berlin
quEUVhqV,52.0,NY
PXjP93ht,51.0,NY
7Sk6knY7,65.0,NY
P5pzMtGX,66.0,Berlin
8xv2Kw1C,33.0,SF
Qspj6jSA,65.0,LA
eerRTsp0,68.0,SF
0cgkl5AK,49.0,London
DWbMLC9I,34.0,SF
C3LWew55,41.0,LA
71iow3Gy,22.0,NY
rq1feWgp,29.0,SF
wTonwtiD,39.0,Berlin
AIGsCM6X,29.0,London
XEpzODeJ,,NY
yRmEzG7e,56.0,NY
tnKd1Czj,,NY
aFWFEQSx,53.0,SF
ihrfJZtH,23.0,Berlin
KBd8oSxf,65.0,LA
JbJAoTYt,25.0,London
0zWVWSl2,23.0,Berlin
5b12WFC3,47.0,SF
UtqMQOJC,,London
noFFMIiu,,Berlin
Na1HWIQY,42.0,LA
ynoVwGE5,27.0,LA
iPcw2HC2,65.0,NY
CwmAGTjK,19.0,NY
br6cG8mK,63.0,LA
maOefyUV,60.0,NY
sikSPO9N,,NY
CE2hEH6S,45.0,LA
hVi5davs,51.0,London
jGGkkr2M,20.0,LA
zkOFELiQ,43.0,NY
HC8lwc2P,39.0,London
CTOLC9Cv,,NY
J0qWVebh,60.0,SF
jqQDDlNh,53.0,NY
XBp2AMBA,31.0,Berlin
TZtzFyuw,54.0,Berlin
vw7AXFew,,NY
mu38KChz,45.0,NY
IohfdIzB,,SF
mxC3PJBn,,London
bxtwL24W,27.0,London
c75TjRNb,61.0,SF
wqjzaFRo,43.0,LA
OgDtUmVE,,NY
nC04A75z,40.0,NY
0rRfSNIG,24.0,Berlin
vY4qstjK,51.0,Berlin
oikX6zBh,29.0,LA
KNeHklhK,39.0,London
YFPWVqQs,,London
l7lKnyLN,28.0,London
KlVDhlW0,26.0,NY
5APeCqy7,22.0,Berlin
U8LKCaH0,23.0,NY
qhxiGsIW,24.0,LA
0UawiRG1,63.0,SF
xfMEwU3j,,SF
Qi7bfYgz,32.0,London
ZFWum124,18.0,Berlin
tMqlKFkn,65.0,LA
w9eGwMBs,32.0,NY
nvFF4Frj,,LA
1oaLDeqL,24.0,LA
VmXBFnwG,61.0,LA
ZCqA5gWz,26.0,Berlin
S1mZe5Vo,61.0,LA
KVYqHW9H,28.0,SF
XxvjcaOp,20.0,London
Tpq2YYpj,30.0,LA
7uurfOiW,,NY
RDC81QC2,,SF
AdEIoPY9,39.0,LA
kMrMzFzf,67.0,Berlin
X3S85sQW,60.0,LA
KbEMYX0W,,London
UOb5KtqX,20.0,SF
4Tz0Xwh4,58.0,London
qxG4FLJI,,London
9NeAtrIC,41.0,Berlin
iT8jutgS,57.0,LA
85ynSQ5w,30.0,London
SC65Coqq,28.0,SF
CPHYTB0D,55.0,LA
jOs0bOgq,62.0,London
pxbQ60Jl,60.0,NY
yQuHuckw,31.0,NY
rLdas2lI,63.0,NY
Hq35Nm21,,London
0bhuZswf,,Berlin
bUZrKUp3,64.0,London
oPH3WQD2,30.0,SF
z0CoVvZD,41.0,NY
IxlVPYih,33.0,London
irPjw6kY,46.0,NY
Mdu2a5kF,36.0,SF
TvmxOsSS,34.0,Berlin
KqT38OJ8,,Berlin
FyWnFwzf,65.0,Berlin
lMnnh4op,,NY
CFkdVr6n,,London
7OOM7TsH,63.0,LA
Vevfc0X9,34.0,SF
oLSnGPmb,,NY
3b3kEH1A,,SF
YUbWo8i4,22.0,NY
Ow7sACRm,41.0,Berlin
LA6P8UI3,,SF
ze6LCOEc,65.0,LA
cnd8tFu2,,Berlin
9eAgpPmU,31.0,Berlin
KAPjopDq,,LA
loFrdiCR,,LA
ZY3FO5Zm,18.0,Berlin
zmgBPdvH,19.0,LA
zXYkY4gY,,Berlin
HwRsxd7O,,London
uCFD97Kj,,NY
53swte1X,50.0,London
2lEh7uD9,40.0,NY
hjGwlUyZ,37.0,NY
hwutW5xa,48.0,London
ybogFb5F,65.0,NY
TZYBhMWf,63.0,NY
UTkfMsOF,,Berlin
oH3SJi8D,,NY
1Bqg4Gdc,48.0,LA
Q9jGmM8t,49.0,NY
6gMCr1Yb,,SF
pcLm0iII,64.0,Berlin
14PFnZYM,67.0,Berlin
8L8LP6ui,52.0,NY
LuCs5JIw,,SF
b8BhEmh7,32.0,SF
rsPT4xOG,54.0,Berlin
d8QNjh6z,62.0,London
YggeFFYC,42.0,SF
ezIy1TZb,37.0,NY
7sIYjLSk,65.0,LA
owzjp3sj,39.0,London
DjXzSSJ3,37.0,NY
YQXoBcsy,32.0,NY
IbtlXJrK,47.0,London
5wohJUth,31.0,LA
0ey33vjr,58.0,London
OUkzGfpk,,Berlin
i3jJ2MZo,67.0,NY
AsVDBY8E,34.0,Berlin
kJKYpWNJ,22.0,Berlin
pGMXWn16,,Berlin
NQZy5xMt,,LA
CmtDYXa8,,NY
h9jIrlMJ,61.0,Berlin
k7zKOlv3,56.0,Berlin
7gcHYqg3,37.0,Berlin
X9RFMpIQ,,SF
xzBPmiab,,NY
7KiFvAD3,,Berlin
e7SSoAMp,,LA
Pusrffuy,,SF
Ecef95Hu,,SF
0Re1dv9c,59.0,London
1Ww8Whd6,21.0,LA
JykJxMoR,33.0,London
Y3ln3Jqv,33.0,SF
EG8OTC8q,46.0,London
ExC2mczk,61.0,London
dg9G5MD0,49.0,London
q528Oyrt,49.0,Berlin
XukJhpvo,55.0,SF
YCG3eSXv,56.0,London
o2LkzcQu,57.0,LA
Y7LMQJrW,55.0,Berlin
Z2orgBp2,56.0,SF
177PxLav,58.0,SF
sjPvvqfl,,NY
wTDBWn8o,,SF
PJ9yHb7M,32.0,London
cLERhEgI,35.0,NY
WKIx74XI,21.0,SF
NnHLIlax,,Berlin
EX2rdQ1P,57.0,SF
QgVMaAPE,21.0,Berlin
FtsnfVwq,34.0,SF
LSAVoWJu,,SF
5llbT7bM,,London
70OAtoPR,65.0,SF
vHu6RjKu,,London
1JnrOoH4,39.0,NY
S6zugwwq,56.0,SF
VJvacrm1,60.0,London
RRMrs7Xa,18.0,Berlin
Rzam81ea,35.0,NY
t8PARjEJ,56.0,NY
llJt5a4F,45.0,Berlin
5G9j9KPt,30.0,NY
EtzrsAKt,52.0,Berlin
cW7Fv7fE,26.0,LA
mWSVdIbQ,34.0,London
87lti4pf,51.0,SF
6Ij43Ecr,32.0,NY
qgkrqTnV,26.0,LA
GKlSmep7,,Berlin
cmnMhiQ6,36.0,SF
uhQcChPu,28.0,Berlin
fLn9mgW3,41.0,Berlin
7axqRJAD,38.0,Berlin
AEZZTpUH,35.0,NY
rwNyJdYw,43.0,LA
ukjRfX4H,66.0,NY
KzDTA891,21.0,SF
SOUWbuUp,19.0,LA
EV8LK78Y,34.0,SF
ZmpmXNZg,,NY
XktFyFrg,18.0,London
sfLEpQkF,30.0,London
9SCv2BMJ,27.0,LA
vZSePhhY,,London
tbdHahxF,38.0,Berlin
W7H12eHv,,London
PikSw7Z6,60.0,London
SgHmI1UW,,Berlin
iUouicbJ,48.0,Berlin
BwTYIpD5,52.0,SF
xfYO1ley,27.0,NY
EDJaYXun,66.0,LA
QEkT8tsN,,Berlin
jnpwpplB,65.0,LA
r7KuCj2V,,SF
Wn5dPRH1,62.0,London
Qh1K3WnL,19.0,NY
Px4hyIuL,55.0,NY
z6uB6pXD,20.0,Berlin
WAcN93ko,43.0,London
Q9cOLhE4,,NY
QWlbGGFl,66.0,LA
0xPaePzc,41.0,London
xNjGI2va,50.0,Berlin
Az8XqQgs,47.0,LA
EJGILnTj,60.0,NY
NgVDbqjn,,LA
u3ZJAMOM,60.0,London
ljp7rlsr,62.0,LA
3VDBn0uX,39.0,Berlin
JJqVUx7F,66.0,NY
IXf5VpY9,37.0,LA
hIcAKKj3,46.0,LA
WSJBRANK,38.0,SF
rUcP7UhK,,London
lPSiQAK8,34.0,Berlin
DzCSNyQ8,19.0,NY
8gmicTeC,51.0,LA
PpjjZK4r,,SF
ew5sAJdC,67.0,London
Q7yni8bY,23.0,Berlin
RusIA1Hn,42.0,SF
D4BKdUhu,19.0,London
287NnNCx,60.0,NY
nT3bsjyn,34.0,Berlin
jPuNDHwx,,NY
EPQlf9Tb,37.0,London
UGH0ma98,54.0,LA
yuU9HCas,69.0,LA
5OVuEztd,32.0,LA
K1JROk6f,,NY
VVh6sPtT,,NY
iC9b4zHs,48.0,NY
uX7f0seH,47.0,LA
fOpVfgzJ,,London
Nz3qY45I,27.0,LA
7ciVWIvR,55.0,London
baJKOxzk,,London
R8zzGXVC,38.0,London
RLZFVOVI,65.0,Berlin
b274oD4Z,41.0,NY
7ASt1UsP,,London
tHjO5Vae,45.0,London
cD2ZQiSl,,London
PuturU6U,54.0,NY
nIqOgewu,41.0,Berlin
sz7YAQd6,,NY
jc0DxUGd,,LA
LGJdIAmd,56.0,NY
gNXNFDNX,41.0,NY
s65fWuUD,34.0,SF
bO9GPUxO,54.0,SF
OlqR7Mme,23.0,Berlin
0KNVcQTZ,59.0,NY
IqOvnsvz,54.0,SF
qYyOhBzu,63.0,NY
lMSWZIi2,,London
e1SsuqXb,37.0,SF
Xm6FwzR0,63.0,SF
wI8oMEFc,,SF
ns51Jbek,,NY
TUk2sgut,35.0,London
Wpc0mlCx,,NY
VMFauc56,39.0,SF
Wi8VZfni,58.0,London
z7Qgdy4t,54.0,SF
pPkKKcx4,43.0,Berlin
XoJeVLGn,67.0,London
AsMBobQ4,29.0,Berlin
d7eXDDvQ,,LA
qab3Fhfd,34.0,SF
4p0hGWBn,31.0,LA
wVCPyiTH,27.0,NY
hoFKj238,43.0,Berlin
uSHwQ6gA,68.0,LA
5oLIz4l6,20.0,LA
p9xsyTpW,59.0,SF
s7F5qHjo,63.0,London
LBTZDW4P,32.0,SF
WvpzTLHP,33.0,SF
xr7vve1Z,55.0,NY
t8bFqkyu,31.0,Berlin
K45lek73,53.0,NY
FTanR3ji,30.0,London
USHOK3Zz,44.0,LA
KfGG72Mp,25.0,Berlin
xy3lphj9,40.0,NY
rd5RF2rq,58.0,NY
1OYjakBZ,28.0,London
EqF2T9fb,22.0,LA
UJH7lF0o,22.0,LA
kSdMO3UX,42.0,Berlin
4Fo7wYQb,,Berlin
JgMH0AIN,,SF
dcHKUlLH,68.0,London
lYe1vSBQ,,Berlin
7Bvinm7d,26.0,London
bw2q3Fta,60.0,Berlin
SPdUrQko,,London
z614oY8g,31.0,SF
FJq3tP8n,59.0,NY
H8XQuyZm,26.0,NY
PL8MGumA,,LA
zpxsuw2X,44.0,SF
X1Qb3o5L,28.0,NY
YOBK87pU,,SF
VND1ZTa0,26.0,Berlin
ZDLwIi8I,30.0,LA
TFKqsq10,36.0,SF
cESzgx7O,25.0,Berlin
Wg71BD6e,21.0,Berlin
EtoxuN6F,61.0,LA
Siz5j0iw,42.0,London
yBeawuox,24.0,LA
MVVe0uIn,,Berlin
LAFKancp,57.0,SF
NsT3hGYV,68.0,NY
QoTBHgoD,,NY
Z6XIJ7db,57.0,Berlin
fHKQhjDS,68.0,SF
SOMsKeeo,46.0,LA
o6cW05HC,53.0,NY
H6M7aBDb,27.0,Berlin
kx69ug05,49.0,London
eIStsCDq,64.0,NY
gG0qDsZX,40.0,NY
XITZ6W6I,57.0,Berlin
iBxmTnex,64.0,London
05oagb0P,65.0,Berlin
RPoLjh9A,41.0,NY
QoSkA3qw,38.0,Berlin
j1Z8kNur,56.0,NY
XyVYgSLi,57.0,SF
L05QyqKw,,Berlin
70k3DTud,62.0,LA
FmxCgvOC,62.0,Berlin
ABu5upvo,44.0,SF
9puN5VId,51.0,NY
MA8TzI4J,43.0,SF
mAV6CoiI,69.0,SF
6umdslHV,32.0,Berlin
F53lONkG,,LA
Y7phrG39,42.0,LA
6J4Xx7Pf,35.0,Berlin
LE86tFq7,24.0,LA
s7nm2fgB,19.0,LA
BOXd9dq1,51.0,LA
p8PTFhmP,18.0,London
j1hk5vra,,SF
IqMuWdRz,19.0,NY
bGKWTCKS,59.0,London
kLCe1jTC,53.0,NY
OX0EkUVt,21.0,Berlin
F8Z1vk0O,45.0,London
g0y2OKPU,40.0,SF
q2OIaWhT,56.0,NY
1OxMlwVY,37.0,London
xjUzktyK,54.0,Berlin
q1OU4owu,61.0,NY
R4k7e4QA,29.0,SF
sOHtD62R,49.0,SF
9q8h2I57,55.0,NY
tJgG2fdP,48.0,SF
wQpdadHm,,NY
hmq7xuCK,46.0,Berlin
hrJDJXBb,51.0,NY
IE1SeHTH,68.0,NY
S7PfYpSd,46.0,NY
U736mfiT,44.0,NY
CAb72bkz,48.0,London
sebqKDbT,65.0,SF
GoZyjA2c,51.0,SF
6Sds21ad,,LA
0rXp8X7Y,37.0,London
5ekGph15,48.0,SF
8Jit75yn,48.0,London
czE64lu0,56.0,NY
2GD6OIPz,,NY
54Z6jegq,24.0,SF
3o5vEgHZ,49.0,Berlin
NJgaD1c2,29.0,SF
w47k0pEP,40.0,Berlin
xBZ1k84n,,NY
Mf2lJmpi,66.0,LA
yfTG3IGN,60.0,NY
tWRpQEgm,,London
9zbXHzWr,,NY
cGdSeV28,,NY
WOaIQa8F,55.0,London
dSifnSE7,32.0,NY
s6u08mp0,43.0,SF
XLwLk5RJ,,NY
TKTxrrB7,29.0,London
NboL0U4g,58.0,NY
GYYeVOpg,62.0,London
ZpcCA4gw,64.0,Berlin
untlWXAf,64.0,London
ap4y8fiv,43.0,LA
WTl5tIY1,47.0,SF
hNvxxqfN,46.0,NY
cun6tRdo,47.0,SF
q3xAviAS,30.0,NY
Ft5do8mj,,Berlin
eEoaVYQc,60.0,SF
8BoVlpe0,,NY
snfegTyh,60.0,Berlin
Pl9RATtz,,LA
6qgJjjPI,34.0,NY
xu6dmy9t,,Berlin
KwyJj6Bm,42.0,LA
mSdsbyRb,23.0,LA
KCRt1VC8,54.0,LA
dpj2hOIe,43.0,NY
3zeCZA0b,,Berlin
byQdnnHh,52.0,NY
quBDdpkO,23.0,London
UbaeTJH7,39.0,SF
3iQDQwST,34.0,Berlin
qVPrR7ac,28.0,Berlin
9HFgiHGN,,NY
nQor8DZY,61.0,London
nDqBfqcB,27.0,Berlin
CZIVb3kv,34.0,London
dQs5zsIw,55.0,SF
sBuDTUsA,35.0,Berlin
IDM4ooSw,36.0,London
7bEx6yTX,39.0,London
sEeUqeth,32.0,London
sguxH1er,,London
K20ACu22,36.0,NY
MUQDH0hB,,Berlin
Q3y4XDK9,,NY
GaG1WVg2,35.0,London
ICPLjlhC,,LA
8FF2eksL,49.0,Berlin
uugyiufY,43.0,NY
fdPJpmcr,43.0,London
EuaaLK0e,64.0,London
YXJpkc7t,,Berlin
UzGcFoNT,45.0,SF
zppn0STn,42.0,Berlin
q6b2f5tb,47.0,NY
MPMa5VKR,68.0,SF
QfeySuwv,58.0,Berlin
IREpIw9C,55.0,Berlin
4e0MuOWG,,Berlin
Ml7lNZmd,18.0,LA
XXG7voUF,50.0,Berlin
xVFuV5QD,28.0,NY
bxbhJy67,52.0,London
JQRxGIXl,38.0,NY
B2PPWGnm,39.0,Berlin
zx96yf0E,,SF
EsGU8jGE,,LA
kjZ6si01,35.0,LA
5oQ5NVw9,54.0,LA
XvlsteqM,61.0,SF
ulCWh2i3,46.0,SF
bmBEbTsN,,SF
xcSzNkBU,29.0,SF
JxyMFJkr,38.0,NY
qNBJ36sp,57.0,London
ujbLcJUg,47.0,SF
CVg0ZTLR,58.0,London
4EAiQ5rd,32.0,Berlin
D3GABqO5,52.0,London
02dOZKdt,,Berlin
5k0KutD5,45.0,LA
xwfQUIap,21.0,Berlin
tuqrRBw9,45.0,NY
SMOrU4vE,47.0,Berlin
aWMV3jcL,,LA
hHw5e5Jh,68.0,LA
SX9Nx1Mj,,London
S3sosME0,44.0,London
3lVDhd5t,33.0,LA
cjjOYR5t,49.0,Berlin
UZ4c3ez1,,Berlin
qgl5Sdd7,61.0,SF
dU2xOI89,53.0,NY
NOgHmMB5,32.0,Berlin
R65FEeug,36.0,LA
OUlRagdP,35.0,NY
qx6ET3xr,43.0,London
r1nMGHKT,28.0,LA
EXJo85w5,47.0,LA
QfzmuG0j,45.0,London
x8Azi4OW,,Berlin
LrxPqQYJ,32.0,London
O2DN1Bs6,65.0,LA
DbKcmFJQ,28.0,Berlin
BmUfRGdA,60.0,London
OuARl5Hg,38.0,Berlin
LvCGOxQx,62.0,NY
fKkyZa4b,56.0,Berlin
j3YAJ2Ce,48.0,LA
FsB9SjCA,32.0,London
YR3DVw8R,34.0,Berlin
oKoGXdGf,42.0,SF
CNQcX9Qh,41.0,London
orHllc4y,62.0,London
FVItBteZ,53.0,SF
AmWRl6hq,,Berlin
MZ9PRvEa,,NY
DCFQjVut,21.0,LA
9w0L7hUv,18.0,NY
GwlCMPt5,55.0,LA
aDg7RXYM,28.0,LA
7kMySgyY,,London
2Ku4bd7X,,LA
ZilHPw3v,,London
mpWEp6v0,,SF
IgFUxknA,67.0,LA
dvD6sChS,69.0,SF
tnN5NpY2,23.0,NY
9r283Xjr,,London
PWEDvBr1,23.0,London
ytUCLTSr,,Berlin
cYzh6h38,32.0,LA
ua8UVcpY,,Berlin
BCtHLDuQ,34.0,Berlin
Gm8NdO5M,29.0,SF
Uc7A1PpI,48.0,London
tlc0osYu,52.0,SF
Q1FS4LEX,51.0,London
0sBxl98Z,49.0,London
8TJmCllf,40.0,Berlin
e1gDtsYI,55.0,SF
MBciliQH,22.0,SF
JGsOZWuQ,57.0,London
0RnN7cuc,19.0,SF
c5ReTdqZ,,LA
71YAXXOx,29.0,SF
oOUYs2Ux,,NY
sxTjIBCt,63.0,SF
dQRoOx11,,LA
8cqsYJGB,37.0,SF
MR6eZEDQ,31.0,LA
xckYUNkx,28.0,NY
3mYF8XPj,48.0,Berlin
QkUoc24l,68.0,London
RlqfrHEq,50.0,London
DHN043Rx,43.0,London
6mdvhOuz,19.0,NY
08OwwYQS,48.0,NY
JFbLigF2,52.0,LA
ApdEKxze,44.0,NY
eQnH1pTi,22.0,Berlin
RHgO9Dby,28.0,LA
QBEXIu4p,68.0,Berlin
RNyIQtXW,56.0,Berlin
srSoSF3A,45.0,SF
N2Hx24GR,33.0,London
NpesGVgv,69.0,Berlin
2h6ztSHy,57.0,London
glzoSrYD,43.0,LA
vSwWHLkC,41.0,London
DUT6pCxQ,21.0,NY
KOeF38Sb,29.0,London
XgjnNeWe,,NY
ttBlNgD7,31.0,SF
xWiONbBr,34.0,SF
dyJnJGrj,61.0,Berlin
xcsDYtso,58.0,NY
CxJ4TuXA,33.0,NY
WQObb9U4,59.0,London
vcTKeXTl,37.0,SF
P9yYyb4d,,NY
XrdSfJbK,60.0,LA
ukVIJVK4,45.0,SF
GJzv1dSm,,Berlin
6PS4edrc,18.0,Berlin
3reG2j87,33.0,SF
GhV4G2Nc,21.0,NY
D4Bp5vMt,49.0,Berlin
DKvtMdPG,,SF
hAhI1EJK,25.0,London
bO4dliIa,,NY
oFLs9Hwd,63.0,SF
nfc0OF61,41.0,London
hQMlWhKC,58.0,LA
vzWDPolo,63.0,Berlin
N9ahwjwR,,SF
TeyevkSq,61.0,NY
sCfRfVAP,60.0,London
Ydrs7fIA,18.0,SF
rNaVZmqx,50.0,SF
LJxlLMHZ,28.0,London
Su2oWaWk,37.0,SF
pBxe2sAq,32.0,NY
ZiWR1XXq,45.0,Berlin
8jfWKYK9,38.0,NY
Osh2M2jM,40.0,NY
mv8SS165,26.0,Berlin
5JiGzXNe,37.0,SF
2IgQeZzF,34.0,London
kdxI7whQ,59.0,London
6Xh3UAU8,32.0,LA
UgneT8Ij,61.0,NY
NY84kkYo,22.0,Berlin
AoXAC0ex,,London
mCmv5QLP,59.0,Berlin
9FLuUdNm,69.0,London
wDsy66rA,,Berlin
52Cdwgyo,47.0,NY
CEfrBNj9,,LA
0CLI7Jah,,LA
bkXnl0Qc,54.0,NY
1HpLlovt,58.0,SF
ENOLJRPk,66.0,SF
49wxQf4R,55.0,Berlin
3Gm2TW4A,41.0,NY
6gkKIxRU,42.0,NY
dz8pOF01,,Berlin
gJbMSyND,22.0,Berlin
XWNXzmxB,,London
DzoIcrF7,66.0,LA
TpxoHva2,38.0,London
1a9KpZmK,60.0,Berlin
1QYAvEr6,52.0,Berlin
MllT6XYb,23.0,Berlin
qCM4k8Mt,,London
Ylo8Uzi0,62.0,LA
cMIVYhZf,44.0,Berlin
tk4aB1AK,18.0,SF
bsgoajTX,,LA
rswASqUr,32.0,SF
TwUmd6Oc,49.0,SF
dWpVAUsx,37.0,LA
tfxZOURX,21.0,SF
EadP0rP3,51.0,NY
vlbX13JH,65.0,London
XGixeYeD,55.0,Berlin
PNyaZD57,37.0,NY
4g99aDJG,64.0,Berlin
Rb2YI4Wi,,Berlin
jbrlSeGT,45.0,NY
2SMUxFFZ,56.0,Berlin
N9qkaW7h,42.0,LA
m5x851PD,28.0,London
FUx0Il7R,,Berlin
f0cegyue,25.0,London
FjlH1SoO,51.0,SF
hYxUUnAs,44.0,Berlin
fdbY2VKY,61.0,SF
qRrcnSpY,39.0,London
e5WmrUIo,,NY
HyxF5LQT,50.0,London
PKEXSdXi,56.0,LA
WVdU6F6H,26.0,LA
gyCVydBX,39.0,London
geLTVzll,26.0,London
B99DDl1h,48.0,SF
mfqoyPYf,51.0,SF
k8hCCKgS,21.0,Berlin
KGUgMarm,63.0,SF
NT33OYfE,31.0,NY
Gm0a7JeG,25.0,NY
DiAOPweW,58.0,SF
fLmvaK5z,,London
nIzjmUdk,39.0,London
MpyqRx7N,68.0,NY
ljq28lK5,23.0,London
3TuPd3qD,50.0,LA
526EsV5v,35.0,London
uZcXofaK,25.0,NY
rF1Glk6U,24.0,Berlin
kovLtwKR,49.0,SF
gVUhGt5n,,SF
MRuGiOk9,27.0,Berlin
Zgr12Q8a,53.0,LA
s1qE2EY8,67.0,LA
SJ2xKKUp,68.0,Berlin
34dJQ2FD,48.0,London
ZSwxFKgb,48.0,NY
qi1AZF3Z,,LA
Y9fUvae5,37.0,LA
IEBynYPM,68.0,Berlin
TFwNU9gj,52.0,Berlin
1KzsDKYs,46.0,LA
jPQctaC3,47.0,London
LRPbFJJm,66.0,SF
XLAn2AUn,48.0,SF
8NTEddgV,50.0,SF
L90P5OX9,,SF
TMaO830L,66.0,LA
eqj91O90,21.0,LA
1XRUJV3J,51.0,SF
XcSBGHfU,34.0,SF
eQqtVg5W,51.0,London
I5ouATg3,49.0,London
foKLyWwa,50.0,London
FaEORjoj,54.0,NY
tnWLTWlY,48.0,London
Z1hrBBO7,43.0,London
hJm97JvL,48.0,LA
XN1CBWjG,48.0,SF
MkuOIHB0,,London
6Avxpj16,,London
iOWPLvhK,61.0,London
hb2BnVkW,27.0,LA
CxxY2dgE,25.0,NY
3GHxNPDO,63.0,Berlin
6mX89shJ,53.0,SF
O9X1xlsB,36.0,LA
eWX3AIHe,45.0,LA
vtJUwDgO,22.0,LA
FD0S9iAe,41.0,London
1rwBTvgf,24.0,LA
1uEF35mx,37.0,Berlin
wc5GwdAo,19.0,LA
34wDMrKy,60.0,NY
ob58MfLZ,27.0,SF
Gney30D7,,London
dOu1iLS6,51.0,SF
Vb1vs1K9,31.0,SF
dxKXFy4g,27.0,LA
KWBy5Xme,55.0,LA
gxmprm0E,49.0,London
QJvzIEp0,20.0,London
i2mfY9wx,,SF
QEjH2CrD,,London
lEInCeLx,26.0,LA
qY3PdplT,28.0,Berlin
Ah8OQU4h,33.0,LA
rNgMUo8S,51.0,SF
58BIWMNm,41.0,LA
FWnYPxbP,48.0,NY
fRMhJ4Tv,22.0,Berlin
Nebme0Py,50.0,Berlin
4tDp9Hxb,47.0,LA
Rcl7YsYb,47.0,London
TybXtltL,32.0,SF
Wkf1lHhV,56.0,London
26GIf7Tg,33.0,LA
6kpX4H5A,43.0,SF
5f2XsApc,29.0,Berlin
X3IrJIsc,36.0,SF
ZEOQTEH5,64.0,NY
xtV5XfB5,52.0,LA
vxS1ST7k,37.0,LA
NgTgYadr,38.0,London
hyB5uapV,54.0,NY
UligUHoV,32.0,London
JUvRI1wG,,NY
MSOR8zlj,33.0,Berlin
WbP9XvFq,33.0,SF
CuN4JXYx,40.0,Berlin
tHoAvqRU,61.0,SF
yTkfqujZ,21.0,London
aMSkkVJN,46.0,NY
yhmvpjBb,54.0,SF
WjFue8yO,,Berlin
cZ9IbTqx,25.0,LA
Bmuz7EmB,61.0,LA
SjSmgzqm,22.0,LA
OKPOfffK,60.0,London
RHRFwbOK,46.0,Berlin
GB9Owari,68.0,SF
MAsWdW1n,27.0,Berlin
6uJJ5YaL,67.0,Berlin
FxyHizio,61.0,London
zvtJMX7g,26.0,SF
h7EYEaOS,39.0,SF
WH6uvqAT,27.0,Berlin
PalDevE1,37.0,Berlin
fa8DmYM3,,LA
gTwzC8VI,68.0,Berlin
o5SiPzH7,,NY
r2kjfccC,55.0,LA
2NRJ4mMU,27.0,NY
s0UVLHKb,36.0,Berlin
ypIfZasJ,58.0,Berlin
HDt7lSOg,,London
BY80v8dr,33.0,Berlin
Y1dT9SjR,57.0,London
MO8Qjvbz,29.0,London
61v2SVZ3,22.0,SF
u8ENQE3H,60.0,London
O5plpOtH,68.0,SF
AE5JaGGZ,,SF
DSUckK7g,,LA
qHqjjkfR,,SF
viZudSaM,48.0,LA
DtspKzjL,64.0,LA
Pf4nFFDD,69.0,LA
UFkGvNav,,Berlin
bQr6eRpk,18.0,London
3X75qDrE,,London
UyitAAYw,62.0,NY
VlBQ2D6c,22.0,NY
p5OWbn0I,24.0,Berlin
nqiUoV4c,50.0,SF
w5hbPXZr,30.0,NY
s7OgKoai,59.0,NY
6dauKW8g,48.0,LA
OVLnMDad,69.0,NY
5hw91MEN,67.0,London
ib8lO7Nt,30.0,LA
IyXSXo70,18.0,Berlin
rEp3lxlV,66.0,Berlin
daV5krvS,61.0,Berlin
FxigePCE,55.0,LA
RjpFcPxW,56.0,NY
RbcVLUSn,50.0,NY
OmuaJbKK,59.0,London
LOBGferv,,LA
BJOECJ0O,56.0,LA
832Vrx7E,59.0,London
McRwF2go,59.0,NY
daaiQrQm,26.0,NY
2YSjMBvf,23.0,SF
b4H3kh54,58.0,SF
gH5b1U0s,26.0,SF
XfLdrti6,44.0,SF
nc7i8qkv,59.0,NY
Abh9IQ2U,46.0,Berlin
9NuthGev,21.0,LA
bSc0pFd1,42.0,SF
XPbnEs4x,33.0,Berlin
34f7h5uZ,51.0,SF
gidRiaAD,28.0,London
cFDwMauw,,SF
jAGC4OtM,52.0,London
f3apDkki,44.0,LA
6tbVfpbw,,SF
fObnzyZQ,,London
TWJZwCgR,62.0,LA
FZLNeTSc,68.0,SF
EGwcDRw1,45.0,SF
kz08yGhv,60.0,NY
ylMj8fIp,22.0,Berlin
eZEc1bGj,33.0,Berlin
EKtYXgJ9,45.0,LA
5qTFlDdA,,London
M9VjWFgu,59.0,Berlin
2zatpLn9,27.0,London
GjICyeLh,36.0,London
9UArNsxZ,37.0,Berlin
6Gzd9iqP,55.0,Berlin
RzRNO45s,65.0,London
qsoIe9MX,62.0,London
UhIpf4Td,,SF
1PjxZtXm,52.0,SF
HvDJcRtV,58.0,London
fPxkgfTx,27.0,Berlin
tUxV5ELC,65.0,SF
iTKw1V7M,,London
SC6WdB6f,53.0,London
1amMK0IR,33.0,LA
9y4q1ZOI,67.0,LA
i1A4Cjgb,43.0,London
6CbiHtaz,48.0,London
TI8JojA4,59.0,London
yMQ2KD8i,18.0,SF
0a8NKL77,40.0,NY
E038QRMS,59.0,SF
SiQqAK1l,66.0,London
AMcFqqN2,44.0,SF
cxiShbU7,36.0,NY
E0uE2ZnI,33.0,NY
NWTTa6mN,55.0,NY
tB1cg6Z8,25.0,London
aohmM2qR,33.0,Berlin
4WRbzVLU,,Berlin
NndpeNHF,26.0,Berlin
1cFSYNlj,65.0,LA
H2Ent3j3,24.0,Berlin
dIerp6WT,57.0,London
9rIodk1K,69.0,London
jfzjEWfZ,54.0,LA
8QKhQdDU,40.0,London
NU303hBs,58.0,London
1SGTwPgP,25.0,LA
SVVMoqOY,40.0,LA
tdGfcxuX,37.0,LA
E3C6smQL,65.0,London
p5VL1Q6N,28.0,LA
0SjzYJlw,18.0,NY
svZCOW6y,66.0,SF
cb88kbd3,61.0,LA
rgy2Be4X,22.0,LA
mGpmTphS,31.0,LA
JFgLcpdO,24.0,LA
vmHHdVTY,41.0,SF
QN8yfuqQ,56.0,London
7V2xgjDb,21.0,Berlin
A3c2HGmj,,NY
9MoadrmD,44.0,London
0ZARSGhL,24.0,LA
4SuFYsNv,,London
fWRdA3WI,26.0,NY
WaJOoGlo,18.0,London
WYtLPTOO,51.0,London
o8RDwVZ3,57.0,LA
Z5Q84H76,48.0,SF
2DrEebbw,56.0,Berlin
lJ5ptxdm,40.0,London
ZNAzfF7k,,SF
5YvE8P0P,56.0,Berlin
9xt2UKok,37.0,NY
0WlNo5Au,65.0,NY
9nVZORrg,,London
5FnSCtm7,51.0,Berlin
13KB0lN5,49.0,NY
WgIFn8Tg,50.0,LA
5RPktWAN,57.0,SF
z9kaPDQD,22.0,London
MZKhio38,,NY
kE1VL3Gz,53.0,SF
Z0xD9YpA,47.0,LA
17zV6Ew8,26.0,London
thfLo2Q3,63.0,London
hVxQr7Ej,49.0,NY
IgD1xiJF,38.0,London
D4ApeEIb,,SF
e3lVH0Mr,67.0,Berlin
tY15cjaA,43.0,SF
9I2KoVjz,,LA
gJtc11MJ,26.0,London
9RBBA39n,,LA
lnkDZChl,,LA
KdlsDBJK,61.0,London
5PQeaBWm,,Berlin
IlsQmPcC,68.0,SF
jFNttziU,63.0,LA
iMN4DYgu,,SF
UsPlagEK,28.0,LA
idzebJ3O,53.0,London
o0NefR0g,35.0,London
IfRzHvhT,48.0,London
dPo13Yw1,58.0,London
R4CKEbQT,25.0,London
SF0Uyfve,53.0,SF
9gpA0NwX,,LA
hHiEYoMv,36.0,NY
Ml51Uhzi,39.0,Berlin
iCb6jDEL,19.0,NY
93GrUCnK,28.0,LA
ycfmXh7c,20.0,SF
R0YhHMhO,50.0,LA
Ps2DKtxM,27.0,Berlin
BqoTUwD9,,LA
eAJ7BeJX,20.0,London
1sYbew0n,,NY
ixxYmQlp,54.0,Berlin
8ohQOxmI,51.0,Berlin
VGYwCuAk,67.0,NY
oS2d7acr,,SF
IjTgJJe9,,NY
TKGb1fsT,,NY
ND5FPf4g,,NY
X6wXCyAS,47.0,SF
6ylhW7NW,47.0,Berlin
scdbVFTl,44.0,LA
dgqzQwjI,19.0,NY
YrY8VO4X,54.0,SF
DAAdO16w,30.0,LA
ERINUGTk,56.0,LA
UnA0sORu,59.0,Berlin
PRej5ycf,45.0,London
vGX9YojM,,LA
FC6Doyms,56.0,NY
VWn0paJM,,LA
sA2ithP5,35.0,London
WJ6ZmbXD,,London
tv9DtSnj,65.0,Berlin
PCqNhaDy,,SF
cEorpqsD,34.0,Berlin
Yt5T03Rv,55.0,London
v1kUuqSU,40.0,SF
O632U7W7,48.0,Berlin
XMWxKfS7,26.0,NY
xSY90xKi,52.0,LA
bG7Y7lID,42.0,NY
z7rDFGWt,56.0,NY
MH5h1nrF,,LA
mJdr1ARn,22.0,LA
B4V6nrrd,45.0,London
C8qvludK,24.0,LA
44wOrVP1,59.0,NY
eX8pX6GF,59.0,LA
VvP1rD9P,59.0,London
Wzv8iORN,55.0,SF
KLa1k6lG,,Berlin
K4xr6Rvu,42.0,NY
0HMKul2k,35.0,LA
Si5LOVwc,64.0,SF
owZiNca3,43.0,Berlin
c9GunYYl,62.0,Berlin
MeGmxoWD,37.0,Berlin
fJY8lO3A,,NY
HdKUvXFV,47.0,Berlin
mVpqiNZO,39.0,NY
SPfs3hOi,59.0,NY
g7NozVdH,51.0,London
P3D1YRkI,52.0,Berlin
z9QgFdwv,22.0,LA
XALlrfyv,32.0,SF
cjjLcvm8,56.0,NY
EgJtlNqb,32.0,NY
d24L7HCD,45.0,London
Sjh5igLz,29.0,NY
rI4euAi9,20.0,NY
YvXFBUIP,27.0,LA
21znrsQU,53.0,NY
c8DB1bk6,24.0,SF
Lxz2lcLa,60.0,SF
Ku9BSSF0,,LA
Cy4nmQP5,37.0,London
s8dc1ut8,64.0,LA
gMcZJnNS,66.0,SF
PvENedwj,,LA
Gs3vZmOW,45.0,LA
0valHPTX,29.0,Berlin
DtfZiKig,35.0,Berlin
kloddUE1,62.0,LA
WJlb3Yzu,68.0,NY
T5dfSCXr,54.0,LA
KIkXg2AC,29.0,London
XJx78MWJ,25.0,LA
lacoBTmp,57.0,SF
CTQWiyqN,58.0,London
8BLm5lrO,,SF
D0uxWYiI,,London
Qs9H9IqU,,London
wStMTbJv,23.0,SF
cR8Q3u2w,,LA
5pwHUJVO,61.0,London
JisUBxr0,18.0,NY
klKWBlvj,67.0,SF
rYJ7RrYP,,SF
wS1TzFA8,66.0,LA
PjbqCyL4,20.0,LA
qitNKQNK,53.0,London
YzS6JjKo,44.0,SF
VLhwmA1O,63.0,LA
Jn8CmCbt,23.0,SF
CnFP49P5,47.0,NY
C9bqtYVC,54.0,SF
Jmu4QiX8,44.0,London
1IxXGhsR,23.0,NY
nj9yIAZR,62.0,NY
DV3a7Tpt,58.0,Berlin
L3K04BTA,34.0,LA
XD5PNPu7,,NY
SSepUXy2,47.0,Berlin
DQFeErhO,32.0,London
71qrR0fN,36.0,LA
qAxtwrvI,47.0,SF
f7dJbe9E,,SF
C4J8pE8z,26.0,SF
ozMUvqqg,51.0,NY
8P0i5StB,,LA
EOjwYvy6,43.0,London
3JUvRRPK,63.0,Berlin
jTQTQtX0,,LA
OVbSfIdz,52.0,Berlin
mIVrlatq,59.0,Berlin
hGn8lqrZ,19.0,SF
kkpFrix6,30.0,NY
bMxeZ4ZV,60.0,NY
lSxoyWJ6,60.0,London
tHmXjHOf,26.0,London
dJbZ4ZLp,38.0,SF
Jt4DgkfU,,Berlin
bwyEPT7X,61.0,SF
YThGdjUE,18.0,NY
JvNPXRje,37.0,NY
xZ9BUulz,66.0,SF
hzPHG8Vb,22.0,LA
jjTkm9lZ,29.0,NY
JlGlF9lW,60.0,London
Jp1n3ny6,,LA
8bZ9oDdS,65.0,SF
9klnnsMt,,LA
Lcn9nQPe,,Berlin
kKGAmsDX,25.0,LA
djVjZ4Br,39.0,SF
gMrcavVd,43.0,Berlin
Ou6yyfpQ,36.0,London
fqx2HDhe,32.0,London
4dwNTtuD,54.0,NY
FN9pLqUV,58.0,LA
fV08iwAZ,38.0,SF
eiRhYfEt,68.0,London
WxCYTeNF,,London
TdmEOjpj,,LA
4kSFKgnB,42.0,SF
O8dD1QLb,50.0,SF
E32bUv0y,,Berlin
Bh0RdFKd,,London
xu1fiQYT,49.0,LA
YUbiaTSs,58.0,London
dZ2RRfZH,,LA
znD8sxYK,57.0,NY
liQoJ7wp,69.0,LA
yfbmxkay,67.0,SF
VNEf3JNj,40.0,NY
rgzbPUv4,19.0,LA
TWJ0qCGS,49.0,London
MXgdRlYn,63.0,Berlin
Q1GiFGbU,,London
XTxuDBqK,24.0,NY
2wOnfvjO,38.0,NY
hhA53kJk,50.0,NY
e7YEacJr,33.0,LA
NmW4hrDe,20.0,SF
0uXtD4jn,43.0,NY
waFq4g9i,42.0,SF
q6OhuVst,,NY
1lkgBZHJ,39.0,Berlin
Co2tq1Jf,60.0,London
rmxT9AOM,54.0,LA
q8Qu7G9p,,Berlin
3pKjd84q,65.0,Berlin
4XYvFI9L,,SF
75ojzZNp,67.0,Berlin
Vu83kmh7,46.0,LA
tUSQae9c,54.0,NY
3pWiLrm7,36.0,London
8RzAHl51,57.0,LA
VxGzkAmW,48.0,London
5Anjwm1c,31.0,Berlin
56rtORv0,60.0,LA
iLZTbZOM,,SF
wG4RVfRb,18.0,London
6gn1RjnP,69.0,SF
zPsPw2PZ,29.0,London
k958JwT0,28.0,Berlin
7PSYLgHM,64.0,London
4jAmXfNQ,26.0,NY
zJZbA1RR,61.0,NY
uBeh7hb7,50.0,London
p5nI8bSf,,London
ipgyTn1w,51.0,Berlin
EXpXsMln,66.0,NY
pcgZbkDB,18.0,SF
PKtLZtNg,27.0,LA
58AOBzkY,30.0,SF
UqwRzcjr,,LA
Ec5D85sd,64.0,LA
IxA8yU2l,,LA
tTBNEgl7,28.0,London
PUqNAgCc,44.0,NY
Z4PloklL,56.0,Berlin
fEUBule6,53.0,Berlin
wBfJsiWX,69.0,Berlin
n3lFnJFH,44.0,NY
Tk5MIBHA,60.0,London
A9cp52p3,,Berlin
jtna1fS5,63.0,London
fdg1vOp1,42.0,SF
nWUwryla,56.0,NY
unV9KkUz,41.0,SF
8uQZ8p8J,59.0,NY
I9ttrIFG,65.0,London
CPYwz5sr,48.0,London
UYRtFowM,24.0,SF
hQwA2HaJ,42.0,NY
fFkC46zN,39.0,Berlin
YDCgCgyQ,28.0,Berlin
DU4otIh5,42.0,LA
rNsU7KJD,36.0,SF
vTN7m0B3,21.0,London
DTfeDQrM,42.0,SF
TCmnbh8J,51.0,Berlin
BiLPOp7Z,45.0,LA
OAoX7nqk,33.0,NY
B6Ch9tOI,19.0,Berlin
ASqnxsQR,43.0,Berlin
SWDkDdtF,,SF
72n7riRu,,NY
DmfInrXV,,Berlin
dMEQZjd6,55.0,LA
5IDi5aep,38.0,London
5PGNbOCX,,Berlin
EbNap5QM,,SF
h2hahjCN,,Berlin
Xf9bSJtb,68.0,SF
CmSBjTEP,60.0,NY
xLz9VvPc,55.0,Berlin
OGpiS6GB,61.0,LA
ahGPrD8t,29.0,Berlin
NGYrlBgb,48.0,London
HeEoSKg8,61.0,LA
0GNqDLFw,54.0,London
eX0IpEuc,55.0,Berlin
N1hlptdl,,LA
bKHvQdti,24.0,LA
UwYPxwml,24.0,London
du7rYvem,52.0,NY
2AqxMUTF,44.0,London
TAQJIOAR,43.0,LA
WOY3dzpp,57.0,Berlin
Eil6bBsN,60.0,Berlin
NNcjyM1K,36.0,NY
7ktCE00B,39.0,Berlin
c9cYRqOV,18.0,LA
1CXTuLdd,,Berlin
aQS4XooC,67.0,LA
F8PcbliJ,49.0,Berlin
BxOqdc4a,46.0,NY
7PDWX4Js,39.0,Berlin
Ls2nQW1t,,SF
ijA6gZMl,37.0,SF
LGOC74nm,45.0,LA
tl4djdcs,,LA
C6o2ovOr,67.0,Berlin
nl2qD7TI,68.0,SF
FJnx2GIp,,Berlin
DnL94MOO,25.0,LA
hPHBhQiZ,,London
LCJ4Iiif,38.0,SF
5DHqCY9A,35.0,SF
YJs8Tsyg,59.0,London
KkCuCSqZ,32.0,London
gCfqg8Va,27.0,SF
hdLnwWLt,44.0,SF
Ks4c4L2b,35.0,SF
AL3ewOoz,37.0,LA
5XMAkYz0,,SF
lW5TKmRK,50.0,NY
sFEcEQsS,63.0,SF
gwRsmCjJ,69.0,London
9Kr3yJBz,47.0,NY
TwEt7BQJ,20.0,London
9oaJb0eO,18.0,London
m2rRR1SF,27.0,Berlin
VEiQkN31,66.0,SF
t2T2sdn3,18.0,SF
887iS4gb,,SF
mlngaEF2,50.0,London
F5dw49rB,46.0,NY
TdltwqCu,52.0,SF
1CnUObhg,,SF
3POfDOJZ,,NY
3XZB3t9i,48.0,NY
0MR4TH1O,63.0,SF
EAHAs4Xj,63.0,Berlin
Ueu8mlX1,,SF
nGbXHSsB,24.0,SF
2JhiLl8z,,London
Tfv2jvRe,60.0,LA
MUwjpwOE,39.0,SF
czLpywrx,,London
yHhhTgIH,29.0,LA
q5SfdfZn,27.0,London
s3uiiZXU,55.0,London
PVAa5AYv,48.0,Berlin
0E2LgYcs,57.0,NY
sTbDyC2c,56.0,NY
40rK32za,62.0,London
rhx6WKI7,,NY
POSyvcNR,40.0,SF
YUViejnz,48.0,Berlin
9TKyGM8W,61.0,Berlin
lcdsGQ3t,,NY
VJdyMsh7,47.0,NY
d2tvBovS,39.0,Berlin
Lq9MXiZi,,London
9UCqNg6I,38.0,London
8CtmSxMR,58.0,London
hmBUrB33,37.0,SF
L3PbOYVv,45.0,London
B56KhRip,56.0,London
k0pxwlm9,33.0,NY
n8uKR1Sf,36.0,LA
tRM41MSy,41.0,London
RC2cWkQd,60.0,London
0xLR7L0A,48.0,LA
a7I8znIS,22.0,London
5DInwSKj,,LA
gxiI4Lsi,18.0,LA
KMOFmSFs,54.0,London
9wZBXU2Q,47.0,SF
ArnHUt1G,49.0,London
nVMNF4jB,49.0,SF
SHrhXXKr,19.0,London
iAppsNcI,51.0,SF
EVVddbL4,61.0,London
m88N1J1H,46.0,Berlin
SymX6AUu,22.0,Berlin
HZM2w0lA,47.0,LA
H738XoTx,,NY
16498T6H,62.0,Berlin
6TMsiw9i,35.0,Berlin
CpnBaFbH,31.0,London
BAqNBxuP,,NY
yZHJZMWP,,London
0HdRiQFl,21.0,London
eOEGhNXl,,LA
NMuFGSU9,66.0,London
39986mpj,,London
2KOVcTSx,,LA
mb61aMbC,41.0,London
INA818V7,,NY
iKkMgpRz,25.0,LA
ZJMiRWdl,,Berlin
dA5DlndF,33.0,London
aqqcr2Xo,23.0,NY
2CcHBOhG,38.0,SF
bjm2BGAo,49.0,LA
Dfmfwhit,56.0,LA
b0q6UhIA,39.0,London
ybFcsPPd,64.0,London
n3vLgqUA,,LA
garpChdL,35.0,London
ql2n4CIO,29.0,London
dfhONczW,23.0,NY
kZPrXGEM,44.0,NY
t1aPai0B,,NY
8Vu9HRwm,56.0,Berlin
lnZ5RNra,64.0,LA
YeToCyVQ,18.0,LA
WaowhX9K,32.0,London
LgQLITUO,31.0,London
jEYFOfvq,30.0,LA
1qvNbDbB,38.0,London
YpheivBH,63.0,NY
WOoMiddr,64.0,SF
KykxTziD,58.0,Berlin
bXUict6d,67.0,NY
ZBC7DGIu,,NY
Ps3bgl2S,37.0,London
EMvwnApo,,Berlin
DWz0jNyU,57.0,SF
Bc6rkXjK,36.0,SF
NaV6F8mm,,London
ZcrQhYMO,,Berlin
x0OMabMZ,27.0,NY
Gs2hWZbj,22.0,NY
YNp3PICS,19.0,LA
9VIMyMqE,48.0,NY
gXJzCoJG,61.0,SF
DK9WXwEy,37.0,SF
SCxVWEHk,23.0,Berlin
cjM1nU2l,,NY
DPnhP75D,,NY
StNsVJOX,,NY
RP2LVaIE,,SF
9nCogT2m,24.0,SF
aLreQO8d,34.0,London
o6XikrBl,21.0,LA
8BumApZ1,20.0,NY
227c59Ee,42.0,London
bQQOza5v,47.0,Berlin
7WdUxnSS,,NY
y9x2lQ3E,31.0,NY
XW9bjTr6,58.0,London
USpYVOZu,40.0,LA
fDql8yVA,67.0,Berlin
LEHPso0Y,67.0,Berlin
KSXUuryY,33.0,Berlin
k7nyLEsz,45.0,SF
xnJ6yrTz,29.0,LA
5kLNJdiG,25.0,NY
B8w2CylL,47.0,LA
XFWMSVYy,58.0,LA
mnPNB3mo,67.0,LA
qOxrvBwe,55.0,LA
nuqCdNzn,63.0,LA
AYIL7fPL,23.0,SF
zkFSGArq,56.0,London
zLWK2W5z,22.0,LA
2MiuFGyL,20.0,NY
MQBIui9g,27.0,LA
R9hzHuVz,47.0,Berlin
5mujmGsz,33.0,Berlin
9vRTuxTI,28.0,Berlin
jfzeYb19,,Berlin
pPdJ2a88,,LA
d9dU8lHu,61.0,Berlin
xXeCvgLn,,SF
THa7tvXm,,LA
m10tXTdL,65.0,London
CXtyfyEV,56.0,Berlin
vG1LRL3J,56.0,LA
34feyj8e,55.0,SF
uoy2lyN5,,NY
52SeT7h2,,LA
1FHCIwh9,,London
UMCpKvYm,58.0,NY
8E5Ftqhp,43.0,Berlin
ACVWecb5,28.0,LA
81NF6dlJ,,Berlin
2Vl36W2L,29.0,NY
aCzPg3Aa,33.0,SF
lhYusc4M,,London
ID8nbqED,39.0,LA
4kCQOOHS,55.0,NY
UL1L1lNT,,NY
x94dMQ3y,53.0,LA
xMLCf0jD,,LA
bMCLkmHu,,Berlin
9Qt3HDgv,,LA
cvw8FgeI,49.0,LA
2X091BKG,62.0,NY
g6yIYR0y,54.0,Berlin
m9i3RyRe,20.0,Berlin
Kxg4F3R7,42.0,London
wGdJCgaS,36.0,London
YE3ewmLv,54.0,London
jJZRxqX9,67.0,London
228TqWOR,55.0,Berlin
GV1MUWMY,,NY
KLlcy9rS,66.0,London
jQpkA9MN,60.0,London
OC9AIUTr,,Berlin
J6oYrRLu,,SF
3buG0cv3,,NY
KF3bFlR0,43.0,NY
8PlWYs7Y,50.0,NY
xXjGLlMP,32.0,SF
GNOwG60T,54.0,London
QtUHCKNb,37.0,London
GwriWxvk,22.0,NY
XY17T1YA,65.0,SF
LI5Eqz1u,57.0,SF
bx8F4XAI,41.0,Berlin
58TmvBjT,,Berlin
bLz7mbYl,29.0,London
UyCTgBVj,21.0,London
tGfkBR3x,65.0,London
GRC6w172,60.0,NY
ZjmVjLG6,30.0,NY
VKyAK7uA,69.0,Berlin
qDS2654V,64.0,London
XKUHxCmJ,38.0,London
qSdINzgd,22.0,Berlin
6PJzNRpa,30.0,NY
XKTzO3qN,19.0,NY
oqqI86T1,61.0,Berlin
qCovz3Z8,23.0,SF
nD60Roe7,46.0,LA
urg9rqfw,40.0,LA
OpDkdpcF,52.0,Berlin
qVo7vnl9,27.0,SF
i4AMS7kt,37.0,Berlin
WivPrPkb,42.0,London
yInVu9tC,,SF
v1dtHpP6,27.0,London
W7rwvLHB,44.0,Berlin
PCmX76kv,24.0,NY
eppLXgl6,67.0,London
1EUQee5R,38.0,NY
BRrWp0NL,39.0,NY
HAGdfjfc,63.0,Berlin
fLRoPwYN,35.0,Berlin
zmskfOFD,18.0,LA
Kpl8319d,42.0,London
lAAk83X1,38.0,NY
Xf1zILAL,,London
bIfrxgd1,,London
GQcwtPPv,,Berlin
4FPZNFdd,,London
1EQZAXiO,,LA
zvANMWuh,,SF
G7Mjxjpt,56.0,NY
p9abBIM7,59.0,SF
W2mxEuoS,42.0,SF
lPSN1zzl,,NY
UgEOLnJ4,,SF
8lAlhwou,,London
xsezdRqn,,Berlin
G7LX0eAm,,LA
rl2baoX9,22.0,LA
I1gkU9jR,,London
a61jRWNk,,Berlin
BlVDmQCj,69.0,Berlin
JGXL70jE,58.0,SF
lHSpzahp,68.0,LA
wFXIaDUf,24.0,LA
LSL713ay,50.0,LA
hF0rqoXd,59.0,NY
QgriqSlN,,LA
yeiq4GT7,61.0,NY
OzfZhNC3,64.0,London
darpHslT,38.0,NY
jOaX9Dwi,44.0,NY
wkOey8BS,42.0,Berlin
JLIzyjST,39.0,SF
bir9ktmz,28.0,Berlin
BypioA8a,,LA
wMImig6V,20.0,Berlin
LrWp8DZX,47.0,SF
VI5sbVEI,45.0,NY
BqMjMIws,58.0,NY
XjLy3rNH,34.0,London
LnocQIEG,40.0,London
bJHe4GIw,68.0,SF
N1rbE3xf,,SF
xVNfOgP1,38.0,Berlin
7V4EgKYE,22.0,SF
WuekRPAB,67.0,Berlin
QuWkpfqV,61.0,London
AKysbOIn,32.0,Berlin
fPawXTYE,63.0,Berlin
KsjGAFhQ,19.0,London
7X9yNn0h,41.0,LA
qDYX06iP,,SF
CbIjb9e8,,NY
ZpaFMY1j,52.0,London
cl6ZIfjq,58.0,Berlin
ztaRxrM8,64.0,NY
IhbbzITZ,,SF
riaoK3Sd,47.0,NY
oEQaXiSN,46.0,NY
XqV9vtJQ,52.0,SF
BcBGxKok,68.0,Berlin
QDDi8XJq,55.0,Berlin
LiQ8QMpK,43.0,LA
F3hXnWci,37.0,Berlin
bQczkmX2,53.0,LA
Z4l5Tr4V,60.0,London
lBMXkSoD,57.0,SF
KcAFfSzh,35.0,LA
vXnyoj5X,39.0,SF
yXRVYUhU,30.0,NY
CHlTjQd0,32.0,SF
np04o5hR,33.0,SF
26Rv89j3,42.0,SF
Lddl36Ys,20.0,NY
rSSD0ZKX,22.0,Berlin
hbPOvSO9,44.0,LA
DcaRGAua,56.0,London
4QQY1N1D,,SF
TnQ177Eh,57.0,SF
eH1KiV8d,55.0,LA
Ch5fsF9p,21.0,LA
z8xiVvsl,60.0,NY
B8zdtlSB,55.0,LA
J9s7FqWP,67.0,NY
XIZCKeJo,69.0,Berlin
isHBNbw3,69.0,NY
wlFR5hhY,19.0,SF
9CWpcEo2,,London
7gL8tuIr,68.0,SF
5HnvwPp0,35.0,NY
aGOIy3fk,28.0,SF
DFntCdtJ,52.0,Berlin
XtobulmE,,Berlin
cRnCyOE5,50.0,London
5lRykAxO,,London
6B6xhPns,,Berlin
y66CWk4k,50.0,Berlin
LuYaED6n,30.0,SF
dx6jTAdj,44.0,Berlin
OcFojS0S,,NY
fVCVOyU4,59.0,SF
MI7azaNP,46.0,LA
ZqpJIPM5,62.0,London
LJu3xqEJ,57.0,London
pkZK7qAE,39.0,London
HZi98OrB,56.0,SF
mYDF7EfQ,37.0,Berlin
M36EZMC3,61.0,NY
VcaTRRSD,57.0,LA
AqFXv5iR,62.0,London
jNPb9UO1,19.0,SF
d4wBxG8O,58.0,NY
FrFBkmjI,69.0,Berlin
e9kjqLyM,34.0,LA
HGZ1GO1V,,London
nNVqRIlK,65.0,Berlin
P7UJ02IR,58.0,SF
2LLX44rV,22.0,London
FZ7kIZ9Q,69.0,SF
a2iMawvf,,Berlin
tfSXS2oL,,LA
5ULQQ00s,30.0,London
40JkmEfi,51.0,London
lZqicljj,,NY
HgdOhh6H,61.0,London
jYIV6uAs,58.0,NY
LCkiOA7M,,Berlin
PuUJHx8c,29.0,Berlin
NpYYGrOB,,LA
cm12payB,55.0,Berlin
U9Rcfffv,,LA
u6Ip6ekM,65.0,SF
XuyM0cJR,69.0,NY
7ebYtW4P,,SF
PslVChWi,57.0,LA
1aH3bGsq,56.0,London
8NGp6kpS,,NY
nOE6rMwe,54.0,SF
xgPiZn3g,38.0,SF
HbvTPsiF,35.0,SF
pGvB939k,36.0,Berlin
1TYAwXbZ,30.0,London
apBn9kKO,42.0,SF
4GY9afMt,33.0,SF
4l31vnKT,62.0,SF
WMXP462O,46.0,London
oX7eIgzz,,SF
VkaZ50eh,33.0,NY
pz44b9bg,,Berlin
lHI8RBXV,61.0,Berlin
cIuqlMbS,,SF
hv78LAO0,60.0,London
Q1tocUP1,,London
4NQjxbbC,45.0,LA
mrEFbrht,45.0,LA
1z3p4ekU,40.0,NY
48BWWNpL,56.0,NY
dLFj3s1H,47.0,London
jdoWMUM3,,NY
TuF6JMgi,55.0,LA
gs02gOmI,31.0,London
Sc79d3uJ,48.0,LA
0dNUStKQ,,SF
QzTXEoh9,29.0,SF
MktwPXAz,64.0,NY
ZRvNla87,,LA
xT2TYWu6,21.0,London
fDh5Doq7,42.0,London
wAaFZqOT,,NY
FytiLBS5,42.0,LA
WJjtus6J,61.0,NY
KDpnV5Vt,37.0,London
QMxWMQyJ,25.0,SF
53OsgQEg,41.0,LA
2C55Qgpi,,NY
DmEf5Eof,55.0,SF
fFl9xBd9,26.0,Berlin
bKNrZD6s,41.0,LA
xN6cG5s3,66.0,London
72oHFkBV,22.0,London
OccVWIZi,65.0,Berlin
MizihF2z,62.0,LA
gl0Q3lMU,,NY
rD90mFR4,38.0,LA
mAImZVoN,26.0,LA
5lDTwDn6,19.0,Berlin
NJqWulAK,65.0,London
A7QYo15H,,SF
LLmzc4Oh,25.0,London
eQ03NApK,,LA
k10K7ucK,51.0,London
xTPqmAiF,,Berlin
S9PJRyev,,SF
JYHIJ1jv,18.0,SF
3FqbtDyg,52.0,NY
WTUl5Lnp,58.0,London
uFwIOOWK,,London
KQ3RDM6u,21.0,Berlin
w0wIse34,48.0,London
TjqFHStI,22.0,Berlin
3GtIKFpB,,NY
7obYF1js,51.0,LA
wCz01mft,32.0,London
yZLimJhe,,LA
QPgXRzB2,36.0,NY
pQFBHnzL,60.0,London
KPm4VtT4,56.0,London
o2X12imq,56.0,LA
SAnnQNEa,44.0,NY
pV66JLLM,39.0,NY
Xb2yH8wk,66.0,LA
es5Tji6c,32.0,LA
aQTOyjSf,,London
Lkw9EK1I,,NY
s4O4tHTW,32.0,SF
RDPj5Wsg,,NY
MsqpO8IE,48.0,London
I0n92KLS,69.0,LA
1QoXQHYu,,London
cwAPqavh,34.0,SF
iIzNg5L7,69.0,NY
rIli5zUK,,SF
PPO6inmo,55.0,NY
9oSGhCV5,54.0,London
UKf5Q4YA,33.0,SF
EwkYmbyA,45.0,London
Zt7ct4ue,51.0,London
37WCywKY,,London
gi9jxWjs,41.0,SF
CbJ1XKn5,,NY
P9492OZW,,London
T8DibjKQ,61.0,London
tEe3XbsL,40.0,LA
MLfVAf8I,67.0,LA
iVD1Kfay,38.0,SF
eAlRFXps,18.0,Berlin
RDkFN6d0,30.0,London
UWSw980M,69.0,SF
8Ss0Ic4W,61.0,NY
kpDEfg7E,25.0,SF
XJFWSlgn,18.0,London
wEeATNGZ,32.0,NY
lCsPvB4H,27.0,LA
gjDwghJb,18.0,London
ztzBffqO,31.0,LA
APPJUvOQ,62.0,London
Spv3Mh2K,69.0,NY
SLJJtKiX,59.0,London
nkfXdXAf,54.0,London
QVLQ5xnG,58.0,SF
XYzbveow,63.0,Berlin
nF5IAIZk,38.0,SF
8XoWBv9F,18.0,Berlin
Jx6Z9yx1,64.0,Berlin
rA7LtSAj,44.0,NY
wYoUKdnG,68.0,London
WWYSkJRE,69.0,LA
dT5bjZmp,,London
KbMW2yOr,24.0,Berlin
6VbVC0r9,,Berlin
hyMMokOs,53.0,NY
pZJ5Ebfv,41.0,SF
btuXGp4D,55.0,Berlin
HGZWo6cr,,Berlin
QppMuHYA,21.0,SF
bRhhvJfO,,LA
nEpBC6fI,52.0,SF
H4dwfXKS,35.0,SF
EZQ7b2Kr,19.0,SF
Ib14QmI0,44.0,Berlin
Fu5njhRX,57.0,LA
3NnvGF2S,24.0,NY
rUciWJJk,,NY
Bu9lHChX,48.0,NY
Q3t8fShT,58.0,London
euBWVN4T,51.0,London
S3FrieMR,24.0,NY
p04D9JgX,62.0,LA
4rwCClfx,46.0,SF
G2sxHLMi,,SF
24FBAzl8,50.0,Berlin
n2Yuqewg,20.0,Berlin
O4gAQlPB,57.0,Berlin
9tJsJFFD,49.0,SF
ePVzfCeS,36.0,London
a1Bj09vZ,21.0,London
zD2Rt2OR,27.0,NY
CBtnDv8R,35.0,Berlin
6ezXQZ9Q,36.0,London
tPHETw6k,29.0,Berlin
OTsYNETc,28.0,SF
JNb00MJH,49.0,LA
f4cdhuZS,23.0,Berlin
HDIhSpgk,,NY
ugWLMwfM,45.0,LA
tL25YTGX,,LA
f5mck161,25.0,London
ygVB9CGt,27.0,LA
PoCrOJSK,39.0,NY
OhSTkTOB,51.0,London
oSZWNTSQ,62.0,LA
AcOfVcOP,68.0,LA
HNmW8rdJ,,NY
KeO9Nl48,39.0,London
g70tqUxx,23.0,London
gwP0kiL7,48.0,LA
get0UAD0,53.0,NY
68s8s8sm,28.0,SF
sRnVZkXy,35.0,NY
LheV3KHT,51.0,LA
qb7sGZTK,20.0,LA
ZPEpkxcz,66.0,SF
aXcdMKkU,,SF
eLoR3xgg,68.0,London
D6L349Ta,,LA
qQb2L4PZ,55.0,London
5y5u29NP,53.0,LA
LQK8Qbv1,,NY
bwXqZY0f,47.0,Berlin
VZKRxQFy,47.0,London
wO6CBagF,,London
T3xOaoVY,,London
LEbngdli,67.0,Berlin
eCkfoQH5,48.0,Berlin
BHpEAM6F,49.0,SF
VMLdunNB,65.0,LA
5hSoDAD5,36.0,NY
E6HxhFI6,,London
FhJQRIMI,66.0,SF
wlYUBRrU,,London
hurlT2Lt,55.0,LA
Voo6456Q,36.0,Berlin
hOUJpNQL,47.0,LA
jgdSYRaa,53.0,LA
1bYfUNfV,28.0,LA
gCs8VCHT,69.0,SF
3cf3K6yp,32.0,LA
IR5at9Lc,41.0,LA
Mlnmm6fd,58.0,LA
tHjGY8ie,38.0,NY
8TF80q2D,60.0,SF
JRZ7E44U,27.0,SF
vAw3JoVF,,NY
wzICYyTu,,SF
9xM5NXaO,,London
MlNtSZOV,49.0,SF
ppjh9TB2,50.0,SF
YxilEfXn,66.0,LA
iM1ksD07,,NY
WpjdPbKZ,,Berlin
wlZQKs6e,41.0,LA
JSZMzvHj,38.0,London
KpSbh4PM,43.0,SF
49zKu0Pz,,LA
MF6jxkJK,,Berlin
USHNldEG,,London
2ubv4dJZ,30.0,SF
OyvyPXcK,19.0,SF
YnFwq5OF,,Berlin
4uAoefpt,62.0,Berlin
AURcEt8n,49.0,Berlin
3QmNgukY,50.0,London
iIEYvrqu,,London
8qegebdY,59.0,LA
WenjNJDb,42.0,Berlin
JXJhlgv1,20.0,SF
i3BrWqGB,,NY
0yeitLmm,,SF
7vNDPewi,24.0,Berlin
hB4dzvWG,66.0,SF
5dZIKfoP,42.0,LA
sVZzMwLc,40.0,Berlin
jgj7hzIc,45.0,London
DLnhUUU6,,NY
HGN3G5Um,25.0,Berlin
OSR9N18x,67.0,SF
oUXBno3h,52.0,SF
MHBMi2Ri,42.0,Berlin
8mYc3EJH,47.0,London
YVM8f1b1,49.0,London
KdMrMp0x,53.0,Berlin
g2lVeWwO,49.0,SF
5DdmkZdp,42.0,SF
aOUMtTgK,,London
GdGcYYeB,,SF
5PJcZN95,22.0,NY
uyOqisiu,60.0,NY
Ap4gLKi4,19.0,NY
ENwY454s,36.0,NY
C22m9uFU,,LA
ko8aTe4P,29.0,NY
aev4XPGn,56.0,LA
nXi2nCbS,,SF
gtUdoCrS,,London
wY0UMPFT,25.0,NY
hhPBDTwg,22.0,NY
M31BIIaW,30.0,NY
DqSYV0Wp,48.0,LA
aa69SZOp,30.0,NY
6XX52Kwf,,LA
TrKKHMwa,63.0,NY
PfTpyzF9,21.0,London
IqmCshkX,37.0,NY
k6m7q5tR,46.0,LA
fejPiILO,49.0,London
qwhyduEB,50.0,SF
Kmy5AFef,31.0,SF
EbUuGNqX,,London
E6wUj5zz,,SF
PrUtAgut,20.0,London
rGkEn4R4,,NY
gNrQ5aXJ,,SF
yT4RUgDd,26.0,Berlin
NpT719eZ,68.0,Berlin
46Tu1B4z,,London
9ylaPRYK,19.0,Berlin
wTYTqtZH,30.0,London
wgZlikIs,,SF
kbOnGaRi,48.0,London
zqmx1eC4,60.0,London
Gje1mdb3,31.0,NY
v8LE7iG7,32.0,SF
QKQcwtyu,22.0,London
fW4lap3C,,SF
BknRtpwF,51.0,Berlin
4OtPU9dU,,London
kE1JUTTB,60.0,Berlin
43iup4v5,19.0,NY
J7ezQckG,62.0,NY
MNFacTcF,50.0,SF
KajNFoFA,,NY
5RextJ9D,20.0,London
A68g6hLX,69.0,SF
CZ1OIbUk,19.0,Berlin
m7cdwrMs,68.0,LA
NefTADFG,45.0,NY
3RUYnSLQ,,London
1LXnZnzl,58.0,Berlin
LTHZ5TQQ,,LA
BeHxpcGy,,SF
YB8Sdpbl,,London
X8j7xPN8,69.0,LA
QMvNtMin,31.0,London
sZSQSa4V,31.0,Berlin
fhMxPyd6,67.0,Berlin
malB0Zch,30.0,NY
8uqRwtI3,21.0,Berlin
grSPbih6,67.0,SF
OUSW2QHQ,36.0,SF
HjINtYwb,41.0,London
734a48BK,53.0,SF
xvJTmcgd,23.0,Berlin
msJMxDQd,29.0,LA
xA7gf9oj,,SF
8BatFK0c,30.0,Berlin
GATOzlp2,41.0,Berlin
JL2LO8Pl,,London
dHj1oQDU,,London
mobYkpbZ,63.0,SF
pyUNnDP9,67.0,SF
5ZI65Pwt,47.0,Berlin
TORQTPOj,49.0,SF
31PsLj8e,49.0,LA
mv3lHHkA,51.0,NY
HYzpNiAJ,52.0,NY
nREx6WNG,35.0,Berlin
34VsyZ8u,36.0,NY
ezj52YLF,67.0,Berlin
NEEwxOGB,32.0,Berlin
eb1DesPz,39.0,LA
JFmH35iR,42.0,London
R9Rv878q,41.0,SF
MaAygzTF,23.0,LA
MhzQ2UMO,53.0,London
JIhCSD33,,Berlin
mHOTQIJH,29.0,LA
NauoDyTA,,Berlin
xz3eY4cr,37.0,NY
rXxh4qha,54.0,Berlin
Qjmvdrqe,65.0,NY
VeJPUib3,,Berlin
HkmY5cqn,64.0,Berlin
0my2Hgxp,57.0,London
w9ShNJf0,50.0,Berlin
4jG1sD37,58.0,Berlin
IzbwyTJd,,Berlin
IVlPfqmg,50.0,SF
OIdTEXxs,22.0,SF
FOBt2NFa,26.0,LA
3SY5cfgT,50.0,London
qHlhUKqa,47.0,SF
7EGVzMHj,63.0,LA
PzAo456C,,LA
kqwxTV7L,52.0,LA
EjINvZcW,33.0,London
OkFhUdac,57.0,NY
90aRFJOn,,London
RaenskiT,64.0,LA
rVjILAMc,,Berlin
0CvFoiJO,,LA
qxeWEPwh,59.0,Berlin
Ja2sWCWe,62.0,London
3g9oOaAf,64.0,NY
GnyCz0wF,28.0,SF
N6okfqCd,26.0,SF
V9PoZSFO,,NY
y4GoCqhE,31.0,Berlin
HBJ5WVQi,,Berlin
W48VRw8c,37.0,NY
IymBZHHV,49.0,NY
WMqofZbn,65.0,LA
vfqjSBzu,25.0,London
HlLlkgM0,28.0,LA
DJwA4bhE,19.0,LA
7DqsKaQy,22.0,London
Fm2MFual,47.0,SF
WEMTLycf,61.0,London
POGUXa40,58.0,SF
qjoq0lmm,28.0,London
EZCdWwdA,33.0,SF
8iM0UPT3,42.0,Berlin
br9bFgcG,59.0,Berlin
3u4cVKtR,42.0,London
yF95cXYp,,NY
S8IUKP8K,18.0,Berlin
Oot1kpoi,50.0,London
oyAuidfp,18.0,London
GFuXaDRP,69.0,Berlin
aIFuUJLF,64.0,London
1txUPyF0,26.0,NY
3UTI0fFF,44.0,SF
ie2MoEwd,55.0,London
o48U8S89,,Berlin
7dyuiERm,57.0,NY
iTY5ink9,34.0,NY
YyJkHp5R,29.0,London
ISG2Jizr,,LA
ROmdxqkS,25.0,Berlin
tgfdlDoD,50.0,NY
Ci4bcwMw,30.0,Berlin
NLGEFwMj,60.0,London
iMB05JE1,38.0,London
QlSG87Yw,,LA
u97Z8Sgo,51.0,LA
iAajA0aD,47.0,London
ANleOyLD,37.0,SF
4XIyOyql,35.0,SF
BU1um09v,,NY
stiaBfbm,,LA
mHjkkvFE,,NY
xYt4J5gZ,22.0,Berlin
XeLQGgSj,26.0,London
ZQjdyhZi,62.0,London
dZ88GeH3,35.0,SF
KPtEAfMW,64.0,NY
6fVJgPAr,67.0,NY
GDkrC78v,18.0,Berlin
4PpS2XkA,53.0,NY
8zUAyT2z,62.0,Berlin
fFRWTysB,31.0,NY
5EMvX3Wu,,LA
U5ZNnEXB,,London
oiHaXpMC,,Berlin
3BytZSTX,48.0,London
Qvr0KRl9,24.0,London
JJBEUXhT,,NY
OAPr2GsZ,55.0,NY
8QupMs0y,,Berlin
2PUvGZUp,,SF
9Z8qt4eg,32.0,SF
QjkU1bYY,66.0,London
kdvRW3bi,52.0,SF
vWZfNISk,34.0,LA
MDANkHMo,44.0,NY
8iy3H9NA,38.0,London
OqZcoaB9,,NY
j1O2oC7s,,SF
wpr1FxKU,62.0,LA
uWAwF7PD,43.0,LA
CB8T6Qh1,61.0,Berlin
vRcay4nr,22.0,London
tdAKi1Fe,,LA
cvXBvX9s,66.0,London
GkRx750e,22.0,London
GxqTPJpO,45.0,London
kYjfjIvt,38.0,NY
bjChDBnC,25.0,London
NHC8TNHh,19.0,SF
MkPnaN7T,54.0,LA
y0LIsb0P,,NY
02pP2gNq,,LA
RkD9qNjH,61.0,SF
LQrIhsZg,63.0,NY
FUzrVagV,54.0,Berlin
qbUQzYnm,,SF
91pNi7e8,,Berlin
AIVL9iFt,67.0,LA
Xuyv3vzn,35.0,SF
0RrNDrL5,65.0,Berlin
WSoVOaHW,22.0,Berlin
zNxKZXei,51.0,NY
km9KHxx7,35.0,NY
Se4Fw2Wz,52.0,LA
oeCKt2it,43.0,SF
RCHvGa0M,,Berlin
da4fhu0Z,58.0,SF
W9TfKL2P,45.0,London
oLj3eVv7,23.0,LA
8GMirYzQ,,LA
4TtMD1KP,35.0,NY
RygUskwO,47.0,Berlin
1jMa0pyN,50.0,SF
HzeV9owE,,Berlin
wZ0lYg39,67.0,LA
5qWUmdVc,43.0,Berlin
yjTc2sN2,39.0,LA
lKZBXClq,51.0,London
fCYgZ8iu,66.0,Berlin
XwWRtbx3,29.0,LA
k8ULbqtM,39.0,Berlin
AFBNEwe8,,Berlin
6uoYmmWB,,SF
T5Lab5kD,42.0,Berlin
Mk4wpgIZ,19.0,Berlin
TBz0JIqH,,Berlin
zRBGsrEM,27.0,LA
98vIc9Cb,51.0,LA
52MOq1F9,22.0,Berlin
EPSjv2qJ,34.0,London
Yc0fLHD0,18.0,Berlin
qF6pnjsa,31.0,Berlin
cGyYUpxN,38.0,LA
9ydxBfex,23.0,NY
UJcFppvZ,,NY
EpcGfeqv,56.0,Berlin
yZyyML4N,37.0,London
r4OOoEvV,37.0,SF
DMCXwtxU,38.0,LA
lXVa42rU,41.0,SF
mUeiU0O5,58.0,SF
uSUtMsrr,43.0,London
3spOU8Pi,20.0,London
SLA1IiA8,,NY
XrJWGBwp,,LA
IJJafJYV,,NY
2wNvdfaj,,London
Q5eFd2Ms,27.0,London
PBFn0ucz,41.0,LA
C9KY4cqC,,LA
V9tVOvP8,69.0,Berlin
ZpHR75Y2,65.0,Berlin
6WQis375,24.0,SF
SKaJcGEg,40.0,LA
3rcTlRNl,,LA
kt7af53J,,NY
1W3l8frB,48.0,NY
O1NUjuPK,67.0,Berlin
VS4PdT3X,67.0,SF
n4hcNXJR,64.0,London
fWAqb5hA,,Berlin
fAdgpB7e,44.0,NY
gsdFE7kO,,London
ssh7bF5m,22.0,SF
0cP38t3J,35.0,NY
sCOnyxUE,25.0,Berlin
v0FxBoO2,52.0,Berlin
pxvoJUIP,65.0,SF
biucJcfh,,Berlin
tZIYOb2Y,34.0,SF
k3zFObKo,29.0,LA
PG9my4gC,56.0,NY
R0rOThNx,39.0,LA
xt6f0xZz,,LA
bahFXKLj,47.0,Berlin
1fvHAc3D,19.0,London
xHsksxLC,22.0,Berlin
9MwOV0I6,19.0,NY
jcTqQcUv,52.0,Berlin
LjLpdt6z,,NY
GRy2J6yZ,48.0,London
SPapGZCk,,London
iuZxkWDC,44.0,London
NeTNVNhB,48.0,NY
lLEwcPPz,68.0,London
sDJusyeb,27.0,LA
9ggMYWNj,29.0,Berlin
qxDgGV6d,35.0,Berlin
Bh4qG3wQ,68.0,NY
lR9BEom1,30.0,SF
sQBu2LmO,,SF
eXfeaT6w,52.0,Berlin
TL2SVj5W,61.0,SF
mD9OGSSL,21.0,SF
LMb086yM,63.0,SF
DIMXRuzr,24.0,NY
nyvAksux,38.0,LA
w5FEC5EV,62.0,London
qnFYbG5B,,NY
wpv1VbhP,32.0,LA
f4SbM5qt,51.0,London
WSKo8qt8,39.0,London
dRHvkCQY,,NY
sN4LVrH7,23.0,Berlin
5DporuDs,18.0,NY
hxBy976q,36.0,London
UTsplqrk,44.0,SF
V65zYd8Z,27.0,SF
18xiJ2k6,31.0,Berlin
kGavdwNH,51.0,NY
PEF3RysP,,London
zQGAnmJ6,49.0,SF
ifOs88A0,20.0,LA
z0KXVuHB,,SF
CsDdHQoD,63.0,Berlin
ju4ulGr5,33.0,NY
JY5Rzh3I,56.0,NY
sw0sC8jw,50.0,SF
g7TnYeIB,22.0,LA
4g17NLS2,52.0,NY
KwvCurMe,34.0,NY
T74VsMIi,,London
SA4NtUVb,43.0,Berlin
zUL4tl1U,,London
sBvIlpZq,65.0,Berlin
YuMKJv1H,24.0,NY
RmBSZ4wY,58.0,LA
G5KlK5NL,24.0,LA
DO9ALapn,32.0,NY
aujeIeve,47.0,Berlin
pJObi02D,37.0,London
L35ixZED,20.0,London
XTwv7ri3,39.0,London
VPF69KQQ,,Berlin
uie2yfXT,67.0,NY
04k2EASM,24.0,LA
j6hgIweC,,London
yLcFuLpD,66.0,Berlin
eUe8TRyI,67.0,Berlin
rkwY0Bku,20.0,London
003YsRbr,60.0,NY
TuZO7AYZ,63.0,LA
9qJeEDwq,34.0,LA
AbZ3Vpvr,68.0,Berlin
LDWi9jnt,39.0,NY
vIcQeXBZ,69.0,SF
rTQ0TrqE,54.0,LA
tGuSfx9n,20.0,SF
ETYyV1De,65.0,Berlin
IQVapLvv,47.0,LA
yzLRCr92,41.0,NY
Cpe5bKud,,SF
GtC8M92T,60.0,London
KXNhz6ig,27.0,SF
eeOjq0tF,24.0,Berlin
S6JvBSro,33.0,Berlin
xnxWVLzi,49.0,Berlin
mYIPiztf,19.0,NY
TTgsugO3,25.0,NY
eigBgP8L,32.0,Berlin
E6vLV9mQ,65.0,LA
JuLtcjTg,20.0,London
6lHjhgP0,37.0,NY
5DgpRoAx,51.0,LA
wGHrtczz,64.0,SF
NV6cNmdw,,SF
kS8d2NAE,58.0,LA
MLzq7KsK,21.0,London
VZYqPhIc,40.0,SF
BCDHJwKY,25.0,LA
33gsaVKl,27.0,LA
ZYBGY7qQ,66.0,Berlin
xUF8w9jL,55.0,LA
qHwL1Ej0,22.0,London
TXEFaQ8w,27.0,Berlin
bNk2y2cd,43.0,London
gX44imF8,66.0,London
mS3StNue,33.0,Berlin
WpS6tHxC,40.0,Berlin
sfA8Ry9j,,SF
nritUK7U,45.0,SF
oqbBB6Lt,35.0,Berlin
FgQDH4zo,69.0,London
6IDJ0dfD,58.0,NY
hyBiH8zT,28.0,LA
1oqBXO86,51.0,Berlin
6WiwG9qM,63.0,LA
jWNSMzg7,32.0,SF
MJfYNbEl,,LA
vYUhPKEZ,50.0,SF
UMnRU8co,26.0,Berlin
fwhPcP7F,,SF
mYBQ4Pqg,34.0,London
1FJWwP7p,32.0,London
JIls1wxi,,London
stX8CgtN,,LA
hykMXZDB,63.0,LA
6O8e7dag,23.0,NY
d2pK9sSm,23.0,LA
iCV3TTBA,,NY
4ehcNzPR,40.0,Berlin
PSEeMYJJ,,Berlin
bKrhXfgC,18.0,Berlin
LamE35lO,26.0,Berlin
Fkvv6t9l,,LA
eEDiFMfS,,London
iPwmKVRi,53.0,London
o5uGjDI8,42.0,SF
k3oQpnhJ,33.0,Berlin
HyViONBm,,London
PJcM0XSt,45.0,NY
4TeGhiZH,,Berlin
NuYylPqa,,NY
Qu5fDEgL,,LA
1aUugIB3,31.0,Berlin
edEDVbGW,,Berlin
AN68vONk,31.0,London
NzEbpILG,33.0,LA
t3ShqLvc,47.0,SF
Fm68VS18,49.0,NY
WgkeEvsE,23.0,Berlin
yA3oEkJm,34.0,NY
yBEEM53S,18.0,Berlin
iwvDt3rx,35.0,Berlin
E9048dGk,28.0,SF
xXazt5eP,,London
NXOD57Ie,45.0,NY
Jo2kpNVG,29.0,NY
a2aPAX6u,51.0,LA
apxJ9oqg,33.0,LA
HKDyvWkI,27.0,London
tCD3juUV,63.0,London
veaqQHBK,56.0,LA
fiadmpSt,25.0,LA
7aIeYWtt,43.0,LA
Gye0hPak,59.0,London
xGimC6Bq,,LA
RL0yydm7,59.0,SF
P3Dwuup7,31.0,London
OHNhTPiT,68.0,LA
kACgAbo1,26.0,London
PPB48S2i,66.0,SF
PRunoFXt,36.0,NY
6fG5eYvR,,LA
gp6PifwW,,SF
pSAvhbsn,,Berlin
lDuCBZKx,46.0,London
T6Niocli,46.0,NY
F3Dpp35u,,Berlin
tdl5zEyi,65.0,LA
6s8eAtzP,66.0,Berlin
jNqZDLCe,,LA
P6wikSyW,,SF
fmkYRySH,59.0,SF
q7xRrBDN,61.0,NY
sMLf3p1q,,Berlin
yvYguxVo,36.0,London
oNPLuOG9,,SF
gnc8Y3Lc,,SF
ZH7AzIov,,LA
gNbF3siL,,NY
x0BAV3zU,48.0,NY
TTBsL1fC,54.0,LA
lNTOvC1Z,,London
7F75fwc2,57.0,SF
sEqz73is,29.0,NY
g1z4ypnd,50.0,LA
ORMX3uHz,64.0,Berlin
VI2LoXUG,,NY
H1YWgLXP,42.0,SF
hZjwc5hn,59.0,SF
II8ZV7V2,35.0,SF
ItZtCptb,47.0,Berlin
O13LrpEN,35.0,Berlin
PryDoVsw,24.0,SF
0UCu5r2j,32.0,LA
Q1kzQ82J,47.0,LA
dAv2IPL4,,SF
qhfAVuHi,22.0,LA
8nNLgd0Z,50.0,London
M5aWMmXF,23.0,SF
YMduwXBN,,NY
MrGzpm6S,57.0,London
D1B7MX9r,21.0,London
PzAmyU3m,30.0,LA
sOitXwFE,68.0,London
DfHQYes4,59.0,Berlin
ibMWq3uH,43.0,LA
EsNhsOnJ,66.0,LA
TntvXbsh,37.0,Berlin
jKgt4YJV,49.0,London
ZPJr0POe,49.0,LA
Y9HzURPU,,LA
aQy8jo4M,54.0,NY
j6qgDHe9,,LA
OIDOPzkm,,LA
rbgxFnjx,,Berlin
Xh8LpUlo,42.0,LA
rIUglAjs,18.0,LA
TZ2YYH02,20.0,London
kg9KSOcl,56.0,LA
EMdP9Wy7,,SF
5Vb2wn2J,60.0,SF
uVTdUtzI,42.0,NY
kFAwtSym,,SF
9uMhGE9U,38.0,SF
oXdJrNeo,,Berlin
wTs1keX0,20.0,Berlin
FY2YCHOj,57.0,NY
HujH0DZM,46.0,Berlin
BSH8eqCi,52.0,LA
fyrcdI4p,,NY
fSGpOeCU,40.0,LA
HnJnB74g,30.0,London
OB3A8SDq,51.0,Berlin
KiIJYJuJ,,LA
zz5fFvIN,52.0,London
ErKCmnts,36.0,Berlin
sb1wTbyd,32.0,Berlin
2OHhpztP,32.0,NY
uY61v1oI,,SF
XYgOKceL,43.0,SF
fxGZAC3h,,LA
MWnIm1hO,20.0,NY
H0EebdPz,34.0,SF
5NmJRUBt,47.0,LA
RSomFp11,45.0,LA
IIuNZ4ps,51.0,SF
TKVXufXV,33.0,London
1BO5u7YX,60.0,LA
uj4rsd9Z,,SF
6Ukj9Lcr,,London
jbeUsPMM,,SF
S2hocg4C,40.0,LA
melkJ5nM,42.0,London
QopECyAU,54.0,LA
fihtZBeI,30.0,SF
lZmFaV1A,36.0,NY
5ZsTbOSp,62.0,NY
bmcvSYPE,,SF
ZtW4PcYq,19.0,Berlin
tBHGyeWc,,London
71eC3Iik,22.0,NY
LV0rtl9K,28.0,SF
w7jjiZsL,19.0,Berlin
LJgAaZx8,55.0,LA
IBP4IjbT,49.0,LA
Xk21VTmg,41.0,LA
wiZT7PF6,,SF
yO9Hwkwu,55.0,London
2sDfGMBO,33.0,SF
VFAcpuEE,68.0,Berlin
dQ9PU6qg,,London
W0bm9qyh,,LA
mMDneHx2,58.0,NY
OikcqwMj,34.0,NY
DtKDHHZx,49.0,NY
buum9ke3,37.0,Berlin
aMvDzDzt,66.0,LA
ceWpYIrW,52.0,NY
mnAf2QC5,47.0,London
D8GYBJZO,64.0,NY
f2gNz5gw,,Berlin
semIl64Q,39.0,NY
evdgj3fZ,,Berlin
Nr6TamYG,68.0,Berlin
WzRvyXUQ,54.0,London
3If6Fq5q,,Berlin
PabfgqpI,,SF
pKY8XUVd,30.0,LA
M1ELpH0n,42.0,Berlin
DZzRcMPf,48.0,SF
cRwZPqmq,,SF
BySYiTJH,31.0,NY
kpclqKpp,,London
EE675mdO,,NY
NSqj7QhA,45.0,London
pHCKF9uQ,42.0,NY
ST9P4Gtc,55.0,NY
QuWFiEIy,60.0,SF
P4EH7qk2,28.0,LA
pEIP3aLc,35.0,SF
hTzFgJXL,,NY
9xn2qskF,36.0,LA
xdUAscbv,20.0,NY
V0jaLTbZ,58.0,NY
0LSc0qWV,63.0,LA
5oXdgkJY,66.0,SF
kJGqiodu,44.0,Berlin
iJshZVlW,40.0,NY
KBwuCrcE,52.0,Berlin
5NnLQqUl,55.0,SF
lT1HwpAM,,Berlin
T5NdXirR,30.0,SF
9oK19vD9,,Berlin
8h3Gcj2x,31.0,Berlin
wr2AiJ2k,52.0,NY
PDATVEE5,58.0,LA
I3K4xpE4,23.0,LA
MkuLFfE5,60.0,SF
2iYk4o83,,NY
XzBVYWN0,69.0,Berlin
mM2F6rcA,,SF
ljrLe6WW,64.0,LA
sR8X0IKk,32.0,Berlin
7UultQ0o,25.0,NY
g5SzP0oy,62.0,SF
GqFqKHtW,64.0,London
By5QzZGj,33.0,NY
gqqHWCco,46.0,SF
QEBBMuDb,51.0,Berlin
1F11u3oc,,SF
fpLsyMaQ,52.0,NY
LBlRJeAt,,LA
sJ4YQuN7,,LA
GskRR6LB,69.0,NY
gVpuZtUI,,Berlin
gQT8coZS,22.0,LA
hJwGvyzF,20.0,London
fZd4WjQH,56.0,London
yQWLyxJE,67.0,London
Mk9PweJg,31.0,SF
n2cSIfYb,63.0,Berlin
RQXGaQwE,,Berlin
c6hZrFE9,63.0,LA
kysLZE9Y,46.0,NY
H5SEJnNx,,London
TmWTwVDN,35.0,London
9o3aXHnD,20.0,NY
nLp5fgPq,43.0,NY
98Hfy3sU,38.0,London
sBbTgSPk,41.0,NY
4wWjIP4e,62.0,SF
fMyMjMGq,69.0,LA
4Wvb4YHX,64.0,SF
qNuqWKAa,37.0,London
rRDXsnzm,,LA
ulADH6td,35.0,LA
IbFuQHs6,20.0,LA
FkjbYJFl,68.0,Berlin
bi6ryB6H,64.0,Berlin
Xr4NKxhU,67.0,LA
amVNpGSO,50.0,Berlin
lkrJgB4Y,,SF
AvL2nxIj,,London
R114D2Lf,,London
heiveptE,,London
FDCv7ARW,,NY
Bufy4MnY,40.0,SF
W6VIgdgN,37.0,London
h0MfGdGh,41.0,London
Bij6PToA,,London
3t6dSQir,,London
uBz3QLZV,50.0,Berlin
PRGtwHKu,49.0,Berlin
h9kpxsji,,SF
xgVca8fp,42.0,SF
VYFQEE0W,50.0,London
G3DT20Gt,41.0,London
vpqfUBli,66.0,London
ddyLqYo1,,NY
DSxeLbEy,54.0,LA
Eh4pTyCO,,Berlin
iK2yx1AD,28.0,London
1pXtRg00,38.0,NY
jOIkhEZh,34.0,NY
OI086E34,33.0,NY
9EMBIHRc,22.0,Berlin
EEsdXhoc,61.0,LA
djGVRjob,63.0,London
dFGhWANj,27.0,London
oYOCWHtv,30.0,LA
l3Avzc8z,64.0,Berlin
RhsUKMrh,23.0,NY
hbxu8SYm,54.0,London
EFDmMtzT,33.0,NY
Usv8MjNr,,LA
WFY7Ot2w,46.0,London
OayyVL5t,42.0,London
1Ykr6fZs,40.0,London
vS8j4dIB,,SF
1wc086Fc,46.0,LA
WKeIrKeb,,LA
6Cf4ElbF,,NY
OZlGPF27,58.0,Berlin
BOsIa5kp,,London
Um1SWkQP,28.0,London
vzQLpIfG,55.0,London
hllLm540,41.0,LA
3c34kzAn,,London
RdCvIUwK,26.0,LA
nPsM5FJo,25.0,Berlin
mMDO5E6i,47.0,Berlin
iHFDt19t,24.0,LA
bpP2GoPe,,London
vAkXvLrT,66.0,LA
Xpbm64lZ,40.0,London
3IrwuqyW,26.0,London
B5n5Kiiz,36.0,SF
6iBUrYKP,,LA
W21NDnzw,25.0,NY
p85JohXH,65.0,NY
OS5JDshu,63.0,Berlin
00QWyKbC,31.0,London
qk8l56Do,68.0,London
dQcrtkT3,45.0,SF
6a1g8kkN,52.0,London
SnrAkvUz,,Berlin
dhtbxAyT,23.0,LA
ZUA6dMIA,47.0,LA
CNWTUo0I,54.0,Berlin
M2nhPOXD,33.0,SF
My0sTLsr,60.0,LA
lB7CnMv1,18.0,Berlin
jxDYLAKa,59.0,London
w3BUJsGr,34.0,LA
CPjXKWkp,,Berlin
225EmkrT,52.0,SF
Wqf8KGNJ,22.0,LA
JXyjUjsW,44.0,SF
9mUIUcsO,,NY
RJWs0eik,61.0,SF
wX2EmQNY,59.0,Berlin
xnU79RZ4,52.0,London
cv0ro0np,33.0,LA
M0kfj9w2,,SF
8SAI912k,33.0,LA
jjhyL9fV,25.0,LA
9qNyCkC1,,Berlin
ESEJOj9i,48.0,Berlin
3btJPWDj,37.0,NY
6e84TmtN,26.0,London
zlMxKYpo,47.0,NY
8Y59swlU,30.0,Berlin
3d8dFyhA,43.0,NY
uwo0aFw1,19.0,SF
dGZhv66N,58.0,SF
NgfjF9tk,62.0,LA
QjUn2WJI,63.0,NY
gF8UmwCS,41.0,NY
Mzssgf44,30.0,Berlin
iy42GACo,68.0,NY
GNxjJcVr,33.0,LA
I08KJ3CE,,Berlin
V1EbBvey,33.0,LA
hR4zp9os,19.0,SF
HYXZ3Jx9,18.0,Berlin
IAD72rOP,27.0,London
gEebkVGd,42.0,LA
MEIcB3EO,31.0,London
dwRMCZ4x,34.0,London
88KhQ8Sc,35.0,LA
xi2jmrKB,24.0,Berlin
HflAjsAt,38.0,London
EYaRxMWm,46.0,Berlin
QuGbbFRB,44.0,London
FZOvhYQ8,66.0,LA
TGH1iMfW,21.0,NY
DF6xzsHo,29.0,Berlin
F3wJgLf4,39.0,London
XQ2BxcXr,57.0,NY
VYTDuzdf,,NY
MgL6oZaN,,NY
hqlx2wJR,,LA
ui2bHE4T,36.0,LA
nOMXa8ns,48.0,LA
L9xqFq3l,31.0,LA
YAWCnGHH,40.0,Berlin
M9PnOcvP,34.0,London
h7ewOtPI,,Berlin
l7zZnE4H,34.0,NY
SWk3Gopw,25.0,London
L5SDZfJD,55.0,London
wriTaSJx,,NY
w8udLmIA,47.0,SF
pFXsD6TA,24.0,London
DvURT2xX,19.0,Berlin
N6ymTnUJ,64.0,London
rLBNQbtM,39.0,NY
d55tUCDQ,22.0,NY
tn7JGDC5,20.0,Berlin
W9dBnaOy,26.0,NY
UvMbULuH,22.0,London
EFGD6G6j,37.0,LA
FmG8jc30,,Berlin
AMkHdkhw,23.0,NY
QcB4JkC8,21.0,SF
qzwzKHkl,53.0,SF
OiWSVIW2,,LA
DuaJHmXn,34.0,London
BTX4zSto,32.0,LA
RhqM137m,,London
8VIRWcvk,56.0,SF
g8irynIu,,NY
LzQ4LOaO,60.0,LA
xei7Q0Wp,20.0,NY
TdTSQUcQ,,SF
gaODSmOI,64.0,London
IfhrRjbu,,NY
NM6TAAnK,68.0,SF
npQxx2CD,66.0,Berlin
BZ8I1rC4,23.0,LA
TSs5YGZn,,London
Peo1a6KI,,London
ktcJy9I2,30.0,Berlin
cIdI5TBo,66.0,LA
yJbMvSqb,,NY
foi2xNyz,67.0,SF
Gq0Dhk3V,27.0,SF
fTqXp8Br,57.0,NY
H0hiPlw4,57.0,NY
OuhVf1e1,67.0,LA
Id8HuwLF,61.0,Berlin
1A3ymr76,45.0,SF
GCrghLsK,38.0,Berlin
gzmiQor5,54.0,LA
skWCuAaX,53.0,NY
B91SLwNR,45.0,SF
uVJLDkyS,,Berlin
mGmJuU5e,53.0,London
51usaUaS,18.0,SF
9XvgDoR2,60.0,London
9QLlS7dI,26.0,London
dDutP9Mf,66.0,London
cldhDQNG,37.0,London
XbwpCmEd,,SF
IU64ibpg,59.0,London
tToA6auz,34.0,SF
9lDeK583,20.0,NY
xtHzeYxc,68.0,Berlin
51VtaG1N,,Berlin
mFPgK2NY,52.0,Berlin
GO6IUzjb,23.0,NY
73X3u58M,69.0,Berlin
e0uETjLb,,NY
LMWlMUSE,42.0,LA
hhkiueEd,45.0,SF
GBmhvA6Q,56.0,LA
d7G3PUpZ,18.0,NY
vKVksHI9,57.0,London
vt1RJOI1,,NY
1iFRg6hy,37.0,SF
gv2OvdP4,41.0,LA
krPfLDRa,32.0,NY
kjdlYLKg,68.0,SF
KS1U5DEv,27.0,London
vjyKShA2,,LA
QcLnhZwu,54.0,LA
O15VWgCh,,Berlin
iaEhReVM,44.0,LA
8sux3IzB,,Berlin
R363D0K2,,LA
kpxDebCy,,LA
Tvsa8vlg,20.0,NY
dRIzHfBG,69.0,London
B4gNvHlA,,London
32DXudJO,65.0,LA
qLAje6dU,29.0,LA
9YN2h3Do,67.0,Berlin
THLoQ5Rw,46.0,London
P2s54VqA,47.0,NY
U3hS2mgq,39.0,London
ckeza763,34.0,SF
NUas0WDB,44.0,London
LC8OULbU,39.0,NY
GozjYsDS,66.0,London
oMlOa7fN,66.0,NY
1EG4Jp59,24.0,Berlin
2AKQ8Hwa,63.0,LA
TybJsq8n,28.0,Berlin
rfKKXwck,33.0,LA
Ugb1jhWz,53.0,Berlin
mT43irPI,68.0,Berlin
yWCwyl87,,LA
OSlcegIx,,NY
bFVsLSJH,54.0,SF
vlFsNG53,20.0,LA
WHnbFg68,52.0,NY
SMn03rd3,66.0,NY
puMQtnwj,55.0,NY
TiQ2dY4V,,London
yZrxCQrR,58.0,LA
GpUm5n50,55.0,LA
1HprpbDo,41.0,Berlin
9w8hyVM0,51.0,LA
DbEfTI8Z,52.0,NY
hG1T2Nmn,28.0,SF
oWsGHwDv,,SF
gNpJ2UxV,31.0,Berlin
mY0CUo0U,62.0,LA
DYI802AF,34.0,SF
uVyn4Jjy,38.0,LA
RVQXc6f1,,Berlin
Y8MQMKTH,60.0,LA
q4IS0sO8,55.0,Berlin
U7oUnqga,39.0,London
3qU5mQR4,51.0,SF
n1PPgFGv,,Berlin
dwnFbkYC,40.0,Berlin
05LhEV7I,49.0,Berlin
2pzRhYEM,21.0,Berlin
8LVGaHYz,,Berlin
ATOG0EkK,,Berlin
L75f0ba3,,LA
Y9BPTP1C,,NY
w6516iBx,27.0,Berlin
gA0AYpV0,52.0,NY
rd8nxCqE,41.0,London
wtdxe0RE,27.0,London
ZGltev9F,29.0,SF
ZwKp7MNU,50.0,Berlin
XDKjon2J,44.0,SF
PZPRFWTX,,SF
HuKxVHwR,27.0,SF
tqCayqlP,42.0,SF
yjJCQ4qX,49.0,LA
ZvPI6sQr,59.0,Berlin
oex6dRDP,43.0,LA
FJoNzllZ,,SF
WP8bV03Q,26.0,Berlin
an24QRW8,44.0,London
dGpGHter,26.0,LA
ugtiAxT0,61.0,London
DupzATtT,43.0,Berlin
AZ7C5gEC,28.0,SF
jfXAebFn,55.0,Berlin
HLGEq4v9,49.0,SF
yvk24r0j,47.0,London
KHLjVRtl,56.0,Berlin
laEl3FKM,26.0,Berlin
cnqiQPSx,,Berlin
MEi6X87W,40.0,LA
DIuAaAi0,,NY
ZApuALmn,49.0,LA
y9WDpwmt,28.0,London
u1dn2PLG,39.0,SF
LEK1BwPg,67.0,London
5EcffvdQ,49.0,Berlin
DVQNPwy2,,NY
y9kqdE4H,34.0,Berlin
h1AHKWfy,,LA
UptCNyng,33.0,SF
PboSpNBN,63.0,London
ueX66AUg,50.0,LA
1FqedPDK,19.0,NY
IN4Y1RnS,,LA
xUaDA1wr,56.0,LA
nHUlFOE0,59.0,NY
g3HKkFSk,,London
hIE8jT68,60.0,SF
FL83bhC8,51.0,LA
a00jqydw,42.0,Berlin
IQwAdFUh,31.0,London
LaPNtMrI,26.0,London
h02ZrHgz,47.0,NY
xlqQ2DBw,,London
OAWx5Vyx,27.0,Berlin
Y2svpiAg,41.0,London
M2G3dONf,,SF
dub9INlG,,NY
cHMt4yRc,43.0,Berlin
gTY3mO1j,,SF
9aQWJdyQ,52.0,NY
8WWRt4Ol,30.0,NY
P0gq0wZF,36.0,SF
Wjm0xuVS,30.0,London
Bhgd4lV3,39.0,Berlin
FCDWvCdO,65.0,Berlin
MS1QG6Fc,40.0,LA
qPphpmW6,18.0,LA
6uxuLXUY,25.0,NY
IRTysogU,,LA
n2dLuqSX,56.0,Berlin
9IG6MN5H,51.0,Berlin
qLzRIice,30.0,LA
GVcieqHU,61.0,LA
N0HEthF9,66.0,NY
bYPZtrgB,58.0,Berlin
EohM7Aun,27.0,London
JzxDtq3Y,20.0,Berlin
F4HoefNX,45.0,NY
vnHXoN0B,44.0,SF
KDHjYP0j,38.0,LA
ChFoUygm,28.0,SF
xIxl78dk,41.0,LA
JUKr7BNI,29.0,LA
1Dx48h8O,24.0,London
E9APpdWs,59.0,London
i6oKtrKI,49.0,LA
Qcm7njHp,27.0,Berlin
cDL5wDOt,45.0,NY
lIXuYxft,43.0,NY
XGWurXOH,46.0,LA
p4QDg8Ws,44.0,NY
oQX6SoT5,69.0,NY
YxbEpNs8,27.0,Berlin
3XqMzCr8,21.0,Berlin
2A7iZzpe,59.0,LA
5PLo7scK,39.0,NY
cGVFk3ek,27.0,LA
TIVdeMny,21.0,Berlin
arAEQgnt,24.0,NY
iQa7z4Xa,67.0,Berlin
I04uArBB,40.0,SF
iu1mRdiB,20.0,NY
v83wSr6U,41.0,SF
FXtFZQxa,64.0,SF
wTWEBfcq,54.0,Berlin
b9tmJPo6,47.0,Berlin
d0bumABi,58.0,London
Th4TGYUW,69.0,NY
mUY8rvp0,,London
MEa8mKy1,38.0,LA
BEV9U2tI,65.0,LA
1MTpc4y7,60.0,Berlin
n4Kh2MG7,34.0,LA
oYDAYna2,20.0,SF
N8LHpCFc,32.0,LA
KQFCzJCY,53.0,London
cO9BwShG,49.0,NY
aVzjGlEQ,26.0,Berlin
2UyhebbR,57.0,NY
o5w71WBB,67.0,Berlin
SMYglwz0,,LA
A60afLNp,53.0,LA
5uVrtD2k,49.0,Berlin
DZEN0c33,22.0,NY
GVCixIpc,58.0,SF
99F6SaKU,65.0,Berlin
sO3TPWYt,21.0,SF
SQWoJbjP,65.0,London
jGevir0n,22.0,Berlin
6QRGfuFt,24.0,Berlin
EubiCWk4,28.0,SF
KQ1ppdpW,56.0,SF
PbF0kpE4,23.0,LA
9VDkQyXE,46.0,NY
eheQnwhB,,LA
2SDYPwSJ,34.0,LA
cuYJaYTx,45.0,SF
sQ9YKAWr,55.0,Berlin
cbxgobpt,36.0,Berlin
Bn7fCzA9,,SF
SPXOoKxK,61.0,Berlin
ZNuCYmJa,29.0,NY
ERCpgbrg,62.0,London
V5l0G7im,55.0,Berlin
yd917wWE,36.0,Berlin
jpyGO0aN,50.0,LA
wcUFamGH,62.0,SF
KqZSQY5P,22.0,Berlin
2GDsewQK,18.0,SF
f0haeRXg,52.0,LA
DCN4fvb8,,NY
5bWGwwyj,64.0,London
68dqqbRB,64.0,NY
AhgMYt79,48.0,London
DsuLSALD,53.0,NY
X5Ahdg9q,57.0,London
bqPsmkhK,,NY
ThjJkZGQ,57.0,SF
ZsljgXcS,29.0,London
YUs6xKKl,35.0,SF
AqPRy8kf,45.0,LA
QDQR3ZfU,,Berlin
s7wGkIkv,47.0,LA
2A644VBO,57.0,LA
nKTAHk3N,34.0,London
ypceiKQx,26.0,London
xtd9LxK1,56.0,LA
CdoBFVmy,39.0,NY
4Bx4j4Zg,32.0,Berlin
8MQe0L6R,46.0,SF
PaCUxr4S,33.0,SF
I4LtQe4O,37.0,NY
F5zhjsTM,42.0,Berlin
d0jZJwkd,57.0,NY
0WiJMXes,41.0,SF
3WLbMQsr,,NY
dXf8ASGe,68.0,London
lb28yD4S,33.0,SF
1YQ602bs,,London
Lm15T0ZL,63.0,Berlin
ecaVXTqR,65.0,London
XcgNgAEl,18.0,NY
2KwdkgwY,67.0,Berlin
kJT2oCRT,67.0,LA
6oaaXyQ2,50.0,Berlin
nGfmybMD,,LA
aiz8zLgk,69.0,LA
j9oVQSxX,24.0,Berlin
J4VvSHUp,55.0,LA
lST8bcP2,,London
jP4vH3Em,45.0,London
TS2luUKJ,56.0,Berlin
udUEnaFA,45.0,LA
WY6gtGi9,49.0,NY
vASGpkU3,41.0,Berlin
hX7zdRLV,25.0,LA
jPQVitYI,61.0,LA
onLWgD8S,49.0,LA
J6IqlVIQ,45.0,NY
XjDudB1j,,London
Kv3T22hW,20.0,SF
5243JSNR,24.0,NY
leaREuIU,23.0,SF
2AFFLxQ0,46.0,London
of7rpUBc,,LA
n80JXIIT,31.0,SF
AGhtm3US,62.0,SF
kS7ndbQC,57.0,NY
5KorVv3G,36.0,London
iYKoQjPu,,Berlin
7oteAvK7,42.0,SF
fgR6dbBD,54.0,NY
RbqJggyF,35.0,LA
3Atnauq1,21.0,London
erlvdaNK,,LA
EgriYGN7,50.0,LA
jVD3nXl6,45.0,Berlin
U91sXUlJ,58.0,SF
j5RDcrcz,36.0,Berlin
U0eFhmoM,,NY
HmYPGKdT,32.0,Berlin
saXnojsq,62.0,NY
vdOwuOOg,40.0,SF
JAEed39r,46.0,SF
vHOWxH2R,56.0,Berlin
nRd7ko4T,31.0,LA
e4oo2MI2,47.0,Berlin
jtd5ISob,19.0,London
H5s3kdJo,30.0,SF
V6vBE9nl,57.0,London
F7KQ3js0,45.0,London
2fkXwGgd,48.0,London
HvYdSicS,29.0,LA
88oQp8zR,30.0,SF
lDdWP5x8,20.0,SF
AegmOpBM,46.0,SF
QcwYrMrO,68.0,Berlin
YDVVQsCZ,47.0,NY
l8wlrjef,,SF
EF1IbAMo,38.0,LA
5zE3Zk5j,19.0,LA
RjU9kY0K,,NY
VUqPvWtD,67.0,Berlin
ALBIMXTG,,LA
XPTCAnMr,49.0,NY
a8Unuo02,45.0,LA
sO5mjPFF,26.0,NY
YkGBTjUV,34.0,LA
cvuKlWTG,67.0,Berlin
jEmfKPtU,36.0,Berlin
v7K6TNs5,,LA
F2LbVeyF,53.0,LA
wGuD9Ook,57.0,London
JzWsvHGo,18.0,SF
xATgWWiL,59.0,Berlin
yR2NWKUx,,LA
OPAHBhZX,,SF
i3agczK3,56.0,LA
vDEid5I7,18.0,SF
VvV1LZVc,65.0,SF
1SKftO2s,41.0,Berlin
XBQBnPXS,27.0,London
QfJzim0E,28.0,NY
c1VvdGFf,55.0,LA
beJ1heoR,39.0,SF
d67YXqqU,48.0,London
v1ScZMIk,18.0,SF
FiB6aopU,58.0,LA
fNrUW91m,28.0,NY
tIr2v2Zg,23.0,Berlin
oRs4Lqc7,68.0,NY
x93rtVRP,,Berlin
TtGjLsSP,34.0,SF
MrzgGs4c,,London
dgXSI9Dd,49.0,Berlin
nWDMRCnw,37.0,SF
9fe9H6se,21.0,LA
YPVzEx5h,56.0,LA
TsSp9MKU,,London
wlxaAib0,39.0,London
OAPnam6e,46.0,LA
EzmklBMZ,59.0,LA
K2hclCrs,54.0,Berlin
mdeCncTN,30.0,London
d5MttNzq,32.0,LA
CVr5yDBx,52.0,Berlin
shNuk1zm,42.0,SF
enCxHbRh,68.0,London
D4O68sxI,20.0,London
Nr7SCFk3,68.0,LA
jlglLGKZ,29.0,LA
OjSmKhxD,31.0,LA
OAEtK9gn,,LA
FPLKC2Ix,49.0,NY
ijn09PLU,,LA
i7yrLqX5,,SF
3397yROE,46.0,LA
TE3nCIsg,48.0,LA
xNCDQM38,49.0,SF
2aAzViuD,41.0,Berlin
hGMrBO0H,28.0,SF
jKu2ZXcM,47.0,London
Lo0OLtCw,,SF
9XsjYsUb,36.0,London
0jSPr2NQ,53.0,NY
dErKIo01,23.0,SF
jZltOFkW,19.0,Berlin
BywPvPOX,56.0,NY
6ZGmf96s,36.0,LA
6w366kPb,,Berlin
AwiqnVXe,,SF
g5bY62lk,57.0,SF
iUsepHP4,35.0,Berlin
yDlr7byV,58.0,LA
5KKslVKa,53.0,LA
anTGGtAn,63.0,NY
iLhFxMpv,69.0,Berlin
Yd4Nf7sF,67.0,London
yyxbEagK,37.0,Berlin
662AgN7c,54.0,LA
BRzFxJu7,18.0,LA
dHybV5Dh,40.0,NY
UWnkkE4l,55.0,Berlin
cfluhA5I,37.0,SF
cX4pNGQQ,21.0,London
REfqotGL,68.0,Berlin
yvER8Try,66.0,London
SBGhH5bp,55.0,Berlin
aes8hAx4,,LA
HdFBMQr7,23.0,London
cciDq8Ca,43.0,Berlin
UDCyY0nY,18.0,SF
jiRc2cbO,67.0,LA
nvqpNu8Z,32.0,SF
CaIxlfrN,33.0,NY
06LnOs4u,40.0,NY
Mrf18W2f,58.0,NY
D1cqqrA5,39.0,LA
kP7yjZ9t,22.0,SF
RaN63qQ1,60.0,Berlin
BywrotMO,22.0,LA
Q0ItnRos,23.0,Berlin
4xPQfSIu,19.0,LA
C2U3wlkX,27.0,London
Or2gV7eg,,NY
o4XbBkPj,63.0,NY
KpeCEwCE,,London
SkUhiKWX,62.0,SF
xBKGMn5T,,NY
Vu0FL2V3,64.0,NY
GbwP6GpW,33.0,SF
1ygryNdm,,SF
598Ui2t7,59.0,London
VbGbAkWX,52.0,NY
TvXjDLqd,65.0,London
Q2u83O6d,,LA
gYUQrBqX,33.0,SF
zStk1QvH,22.0,SF
4e7E4Fbl,28.0,NY
u1jcfQCN,68.0,Berlin
ihsfBbFH,46.0,London
cFknOclz,65.0,SF
jWL7eTnU,63.0,SF
h4ZYVtF5,28.0,NY
Hln1lH3V,63.0,NY
p6nkxtMb,,Berlin
zpvPGLFi,42.0,LA
uR2ByzSn,67.0,LA
KMWvKkRY,,NY
pTTI3lvU,,Berlin
73ksK7zN,18.0,NY
D0MtsWrs,29.0,LA
JiUq8hAm,24.0,London
dVktm67g,,SF
ZcArS9Yn,62.0,SF
VfGHNVeF,63.0,Berlin
ZttvVZMD,49.0,LA
fxU3NYKc,39.0,Berlin
9yYQGvNc,29.0,Berlin
VIL2276A,23.0,Berlin
37v4j4BZ,55.0,SF
PsfItQB7,56.0,Berlin
oHwzuLyy,,LA
rpLXQdKA,58.0,LA
3DXItGcv,,London
kdXlD6xw,45.0,LA
EagJlHxd,49.0,SF
LRhn3BVd,44.0,LA
oj7FvdjR,66.0,NY
B3sxGQfp,66.0,Berlin
vzvNPrEA,32.0,London
iJrIBmEy,50.0,NY
nxbC06lQ,49.0,LA
66ZRva3b,63.0,LA
FQfvf6TC,51.0,Berlin
O4yfaLFU,69.0,Berlin
Fiz6us0y,24.0,SF
HgWAfMja,30.0,London
1BarxGqK,56.0,SF
0so5kOZE,,LA
jTIPuQQh,23.0,London
ZPpPcR1s,68.0,London
ITAzaPX9,26.0,SF
Qw5XHtbL,59.0,LA
SA1e7zwJ,21.0,LA
PnZiycbk,47.0,SF
zgWRqGsd,45.0,London
DiO7yEFO,38.0,London
sXCoyXJA,29.0,NY
lbwJLg7Y,30.0,SF
LC2NCt8p,67.0,LA
Kcyaapa1,30.0,NY
lrUApvD7,69.0,SF
rZm9EPa6,44.0,London
AtxVeo5L,45.0,Berlin
4eGGQRth,35.0,SF
lGlSFqpo,54.0,London
JL9c5Eyx,33.0,Berlin
VOWMHNC9,,LA
CLYfaxoy,27.0,Berlin
TSij5ZV2,31.0,LA
hgwCNoQd,45.0,Berlin
RncLjQmq,46.0,London
FVfm94Wn,64.0,NY
Flh9x32t,28.0,LA
Arzc9Qf4,47.0,SF
D4D3Dwdm,,Berlin
dzYuxOCi,44.0,SF
UgWAcTUG,66.0,LA
Z3gXJLPu,20.0,LA
MXxpyIVq,,Berlin
5tGtmTUA,49.0,SF
vffw2GRT,56.0,NY
TwjqH6PO,38.0,NY
pxEG9DiI,19.0,NY
8CB0dHkg,27.0,NY
7yQDTmQT,48.0,NY
EglKHqS8,35.0,Berlin
YYuKc7Gf,,NY
0LIqMl8A,22.0,LA
AVCx87Kd,,LA
GfIJ3jb1,,Berlin
GrvL01me,63.0,NY
HIR0szYF,20.0,Berlin
flK3GP6X,30.0,Berlin
JGBZNzaT,20.0,London
UF7vqyY3,25.0,LA
yeD69kL0,67.0,SF
gacWN6oa,68.0,Berlin
6vWLHqzb,21.0,Berlin
XW2b1T9I,59.0,Berlin
wL55hzVU,52.0,NY
LlUJr7Ae,,SF
RbsK9AXv,41.0,NY
1GE9gvla,55.0,NY
6j0jjaWy,36.0,SF
oIOP0qNE,,London
2eQjW2w6,52.0,LA
yVYfngxf,35.0,LA
gylzgQ3l,,LA
DXjajFwm,51.0,NY
oGQDURrK,,NY
IadUVLWl,24.0,NY
QEN5th30,,London
MAnnQNyP,55.0,NY
94aJrrqF,36.0,SF
DmOwOet2,52.0,NY
r2jgoll8,,NY
RDxTE7Uj,37.0,Berlin
dmlLBhFB,,SF
f29wRVfy,48.0,Berlin
8c0LinSI,,Berlin
TKlMnmrH,,NY
C6n21KIW,46.0,London
2Y3QeOtT,54.0,SF
2pR4kVtI,48.0,NY
tEu6BPVi,64.0,LA
hPnqnLYw,59.0,LA
jQstjWAT,23.0,London
Bf9lruGv,63.0,SF
lfujl1Od,38.0,SF
4EehYsbp,50.0,Berlin
Dzb6I0vS,,LA
2kCivO12,27.0,LA
Zir3WXOj,39.0,LA
g2Vk5LXK,,SF
gB07gKsQ,28.0,NY
EyaJYvYv,36.0,LA
N3lUCWT0,,LA
tZhlgcQa,29.0,London
ZyScWwrn,69.0,Berlin
vBeasSII,,London
eH841UTs,33.0,NY
IyVOsFCw,30.0,London
G4Dw4FLJ,55.0,London
ZxANacOo,30.0,LA
XLJz2oPL,32.0,LA
jHR2SxXB,35.0,Berlin
8eV9WNHP,33.0,Berlin
alur3DEd,,London
DlDW8qz4,,SF
ilMAGijV,59.0,SF
rizvLEIB,61.0,Berlin
PLoyJ94f,22.0,NY
kkUFXGHu,44.0,Berlin
P2PKd3mM,,London
Bk1wg2Z7,58.0,SF
ldn0hJ9z,67.0,London
DZDiSAb2,,NY
eLzqYSBB,18.0,LA
AK12q6Iv,31.0,Berlin
e5GJrAwm,52.0,LA
GTzGWSXU,40.0,SF
TphRb8ZT,,NY
nGv7FNzi,39.0,London
aHq9nh7D,44.0,Berlin
3IovWiCc,67.0,SF
8GOppIhz,42.0,NY
LqFnFm0Y,51.0,London
82z70LfS,66.0,London
yjPRMRYO,44.0,SF
VjQ3NsYf,,London
IHoZ9oGx,,LA
VYTVuthp,,LA
m5tz3f9t,20.0,NY
1FEaCpSC,42.0,LA
mKJMGjxP,64.0,SF
KOLk1FO5,,NY
A7gCxQqZ,32.0,Berlin
TzVcWx7M,20.0,London
a99siWQ6,28.0,LA
0MxMVoJM,45.0,Berlin
zGwFnYXt,20.0,London
nN7QkvwO,69.0,SF
9H0MqmjR,35.0,Berlin
ZQslrb86,63.0,NY
1xIanDsv,26.0,SF
skAGAemF,,LA
c0lLUxHU,57.0,Berlin
crcZe2KZ,,SF
hyrtTk3U,,SF
LPaANzGD,31.0,Berlin
6dcYTgg9,55.0,LA
wH9xLH8y,30.0,SF
WyGk2Wmj,,Berlin
P5hkOvPf,64.0,SF
foThDd8a,27.0,NY
Vf2UBHsE,61.0,Berlin
51wbkk9y,47.0,Berlin
DCAKUHTv,,SF
841tUUXY,39.0,Berlin
C7418NiU,52.0,NY
LOfbwlqt,22.0,LA
SFzpA7e7,29.0,NY
IEub42GO,52.0,Berlin
TG17rrNn,38.0,Berlin
fzfm3uIk,,SF
qQU8rvHf,,London
dqhalctP,66.0,London
LC7eBr4G,27.0,LA
rQuQLbpU,55.0,SF
xVLkyVlP,41.0,NY
j60w3Ogd,69.0,SF
Syt6uLda,48.0,SF
dMag1DM1,62.0,NY
Pz6FZ92r,64.0,SF
4JezVjFS,,Berlin
kYxAn8rK,38.0,LA
DjMUvIYK,19.0,London
h7JJpkdU,48.0,NY
ICepSqBR,19.0,London
3nSTJId2,47.0,Berlin
1AFYE1gW,42.0,London
HdaedDQ3,66.0,Berlin
uDcp0CPY,36.0,London
Z6Sq4QnJ,18.0,LA
uyZrUL7Q,54.0,Berlin
Lfgku0lZ,45.0,NY
GCaXRDEA,37.0,NY
KESpJMU4,65.0,SF
he9loXsJ,22.0,SF
vwbxaZ4I,47.0,LA
0FXoT71g,40.0,London
OGzVWVvO,59.0,London
yaDDcxQb,44.0,Berlin
pTOhAPn7,59.0,LA
JI1bocip,18.0,Berlin
AXrjUtYw,26.0,NY
gR3oafFu,67.0,NY
EYQYcSWa,,London
vIKkEnjP,68.0,SF
oEel3Mtx,,SF
4CJJGlJ4,33.0,NY
57XguXXA,23.0,Berlin
2yv7fuRJ,,London
1BaaP2qE,54.0,Berlin
xx5Cj3wp,62.0,SF
2Wwu8dMs,29.0,LA
4rMrgoEC,41.0,SF
O7pGp3Lc,34.0,Berlin
SexM0Auk,19.0,SF
PziueKHe,48.0,SF
IKR7U9dO,54.0,SF
xbJeWoPZ,,SF
RikxCseF,46.0,London
zQixstNd,18.0,NY
X2fkNcEL,61.0,SF
2XbIFcSS,31.0,SF
O2UfegXw,57.0,London
1LRnnL4s,66.0,London
36AnKN78,28.0,LA
hKv4W9xz,49.0,London
UhiDGZM4,,LA
6vbosrma,19.0,LA
NQepfTSV,48.0,SF
SuRzviMH,22.0,Berlin
iEdZa0bb,49.0,SF
hfBd5Ve2,67.0,NY
KnAecYhU,26.0,LA
nshquQ2J,58.0,Berlin
I1wbVHHI,,London
g4ScFXLJ,53.0,London
ZXlRMVeR,66.0,London
vVAFOxY3,43.0,Berlin
IotN0bmW,61.0,London
V4izXfVW,20.0,London
dbg4E4L7,53.0,LA
usnmhPJW,40.0,London
2wcGqOZi,,Berlin
OHPTW292,56.0,London
VvjWGZ5E,,SF
djUdKzNT,40.0,LA
EPfEmWPr,60.0,NY
w30gIxJr,,SF
VxNiPRIu,,NY
0hbf09mV,37.0,Berlin
moKKg2N5,55.0,NY
7qu7sxdn,50.0,NY
SyZVM8wZ,50.0,London
TWKPFGSp,55.0,LA
WGrj6BQC,,NY
Z1jGHLjA,64.0,Berlin
8RssuFeo,50.0,Berlin
0e9uBhsN,55.0,Berlin
E5vcS1eI,41.0,London
mdZygcNM,26.0,SF
nUh3T1qm,48.0,London
Su5L20oS,55.0,London
6YMCTSr8,66.0,NY
ae6fBPZI,45.0,LA
3PVu16xG,40.0,Berlin
30tbKni1,47.0,LA
2Ijoan4S,35.0,SF
1TzS6PYO,43.0,LA
dUIMmcLp,69.0,LA
FjwM8jh5,,SF
H6PaFOPp,33.0,SF
YuzgLT2B,,Berlin
3DLMHsr5,33.0,Berlin
P4Aur4q6,50.0,SF
tnbStmBC,,SF
TMFLsv4I,63.0,London
8DR0il2M,,Berlin
uVdJgc05,55.0,Berlin
Lyznn1Vs,40.0,London
sVqvAjHs,43.0,London
4F0ojgh8,66.0,Berlin
qtjag8MM,34.0,London
NzhQG7wx,55.0,Berlin
S8kAMAwv,62.0,NY
1kZN2Nl2,,Berlin
mBMoA4lZ,60.0,London
uOal7aAY,36.0,SF
0ElAxDxV,59.0,LA
rI4u7yYJ,44.0,LA
GKcR0r54,19.0,LA
KDeBFXSW,69.0,LA
z5BeHDnx,25.0,SF
47zQv43g,,LA
H3qvrGYc,,NY
QRNcbqNX,,London
YaqwCQvJ,44.0,Berlin
tHZxCE2z,39.0,SF
7AYmi1Zi,64.0,LA
jgPrx8XK,,LA
i9wCTnDc,18.0,LA
fD3Z4z8r,,London
Q64MhSIy,46.0,SF
MTFS6RnX,32.0,NY
WglFbr7G,,Berlin
azPZ5eCc,63.0,NY
vBRe9HfX,23.0,NY
Kfg6EteZ,23.0,LA
BlRbGy5a,40.0,SF
DldyWrDU,69.0,LA
SYy86r2a,22.0,Berlin
We309BcB,39.0,SF
PNjtQ2oU,,NY
U7cPfIB0,37.0,LA
R2DqsgUN,37.0,NY
WTYScNni,56.0,Berlin
ZLWdR1xj,,London
1z081nbs,65.0,Berlin
ffSPL1sK,,SF
Vdx9KYP4,40.0,London
MVjTWLAt,57.0,NY
MKmzwYE7,67.0,London
0aikz5VG,69.0,LA
4MPDCxT5,30.0,NY
gVa1OCYo,63.0,London
id4yx9Tr,,Berlin
oE4Kvh8Z,59.0,London
4XFTaGEd,,SF
5ZtfXyZR,55.0,NY
nPJEoCRG,56.0,London
X9XG6Vi5,56.0,NY
HiNgWdH9,21.0,Berlin
orFHMcPT,,SF
g8tlJaoJ,,NY
GYnKBUkv,58.0,SF
9ofthAIY,,Berlin
JE7lZwDj,,NY
LKUdOHMM,40.0,Berlin
weeT6MTo,,Berlin
GV8ROqIt,33.0,SF
STIBEzc6,52.0,Berlin
CrSHVUUe,22.0,Berlin
qNWHDO11,41.0,London
3pBLzHAF,22.0,NY
96l7msLl,46.0,Berlin
hLN4zVI3,23.0,LA
bwrWIURK,,LA
inkkr1GE,58.0,London
wORWFMkK,61.0,Berlin
cMuY5UaS,65.0,London
qciXmdgy,65.0,LA
hyOsq85n,54.0,NY
UEMc8bYW,46.0,Berlin
Pm8GOxK1,,London
UTPS3VyK,44.0,NY
S02JfHsX,52.0,London
Wt9fXdrt,,NY
54gwar9a,57.0,NY
Esg2GH5A,65.0,London
y2i42ult,23.0,LA
U0NY5Pj6,63.0,London
ERVfv0I7,27.0,SF
GJngNXFw,,Berlin
vezUeHWF,61.0,LA
1hYSpA6M,24.0,LA
PuS5KfqH,24.0,London
Qp3yeo8x,46.0,Berlin
7JlKJ4M6,33.0,SF
gVkcnmoJ,,London
B0IgBLGT,65.0,Berlin
lhxErsdt,52.0,London
ipY9qmRd,64.0,Berlin
DQw5xtFm,,LA
6ArEz1xl,55.0,London
rxpYZxRM,30.0,SF
BkSOSwfg,69.0,Berlin
hioO4JYQ,57.0,SF
N0NwSloN,,SF
fEyh8GF0,40.0,London
jeBZPeQE,63.0,Berlin
cEqhnvL5,33.0,NY
4d2uwoLI,31.0,SF
9kclUCqQ,,Berlin
YeCX9u3g,23.0,LA
8IVYUHi1,,SF
UjBrAcVk,69.0,SF
LwnRu2u2,41.0,SF
HnrQZYtO,68.0,LA
W971VUNb,,LA
bgjqtJS2,42.0,London
F8NJnjGn,,NY
V3uVSTYq,53.0,London
mPc07agc,,NY
LSSoQBrw,,SF
uY7rBvgl,20.0,Berlin
ORO30PEZ,,SF
X9vgHWnP,21.0,LA
94O8zPNa,28.0,NY
30iGNxbH,65.0,SF
sDm5fIxB,,NY
DJ5MTjEq,19.0,London
0P1jtxNh,32.0,LA
tigxEU2G,,LA
dCFOZLOc,64.0,Berlin
nbWlDXI7,30.0,SF
ePntOqcr,52.0,LA
Ab233rDC,68.0,Berlin
naHPuaPa,61.0,LA
bREndCRz,,London
sTcIdxTV,66.0,SF
U2zsXUEH,57.0,SF
i0m70ONS,,NY
EIQ8OPkY,29.0,Berlin
zh4jijUZ,33.0,London
ZDz6rifq,60.0,NY
Msh4Q2yV,69.0,London
Jt1cF1Di,58.0,NY
Q6JkumVa,68.0,NY
xJtTow1N,37.0,SF
oguhU2bD,,London
ch3dk6QL,30.0,Berlin
zDzTikF3,51.0,Berlin
LR2w2DZl,36.0,NY
mNmXW9FZ,62.0,NY
7LqeX4c2,44.0,London
kg7EkALe,,SF
VtzBDU6i,36.0,SF
YDJVZXQO,60.0,London
Gpf4Rxdc,44.0,London
egKt1Xnt,,SF
Byd51XG8,57.0,NY
GbtnVQVD,56.0,SF
Cddd11sH,,LA
KFQCCPra,31.0,LA
Swm1aqjo,25.0,London
6wZZS0O0,44.0,LA
gyYyHLqn,50.0,Berlin
oYQus1Ms,48.0,LA
fxZKCxfb,47.0,SF
8ohyiwOT,42.0,LA
ZK3kwEpK,66.0,NY
hochFdp0,53.0,London
sAYqnlBc,55.0,NY
Tagb4Pif,18.0,LA
CA4Bf4Y9,48.0,NY
MEwjvc2j,52.0,Berlin
XnlcK1Gj,38.0,NY
q52EYhkR,51.0,Berlin
xyfyNi90,,SF
aBGtqGDD,26.0,NY
4WjG135l,46.0,LA
l4BNvYMy,25.0,SF
gjiKr4S5,36.0,London
RiLLQSRK,64.0,London
LXnhiI7a,23.0,LA
5A97NJVq,41.0,Berlin
tcYMKsfx,23.0,NY
rVmJmXn7,57.0,London
v5cAkufU,20.0,NY
Zgri6gU3,,SF
POzUc8P5,48.0,NY
yXpw01bW,29.0,London
hPeO1Sg0,69.0,Berlin
vKii699N,25.0,London
8IXGMxDy,60.0,LA
aZx9UXbQ,43.0,London
OHlKA1N4,43.0,NY
WiQVEJfT,32.0,NY
Z1o8t5l9,30.0,Berlin
wfzAVcQZ,39.0,London
5j5DTnq2,30.0,SF
KzpJggOv,63.0,SF
ys5QR48s,26.0,SF
DTYzRP6X,41.0,LA
wIA1lQ5X,20.0,SF
eVHvmHyF,40.0,LA
dWh7eOXS,29.0,SF
tceANFcL,58.0,Berlin
mH6OlTCx,61.0,London
FflLX9sY,,LA
YTKbaO6Z,36.0,NY
JYxhpqQa,,LA
RMeI1TDQ,54.0,London
Hb5YJ8SQ,27.0,LA
UUVQmzgm,,LA
2Q4LqvXO,,London
fUaqU2jk,30.0,SF
WeKxqbqf,,London
Rr7EvcWy,61.0,Berlin
V0glV9tN,28.0,SF
NL9MF0Ly,58.0,LA
spb4RYKr,46.0,London
A1T5Rx16,64.0,Berlin
smzhGmae,30.0,Berlin
vsalOiOq,61.0,NY
ADmqrbyr,31.0,Berlin
BQTbSmtg,26.0,NY
M8AydjlZ,59.0,Berlin
mRP6RNSe,55.0,London
CtUZsMdd,,LA
HL6sqXY4,59.0,SF
AgfYqIFS,,Berlin
ZTs04Bpr,25.0,Berlin
kdh4D9wo,35.0,NY
zEsVNlEg,51.0,LA
8Wegixaq,53.0,London
w2Nurwb3,26.0,London
e8uM2jfI,,LA
47Ciy1t6,22.0,London
EFdeGi0d,68.0,SF
RB1XLGy8,,London
0L84MaXM,41.0,SF
wzkAugp0,,Berlin
L47aPI6O,,London
QMvkLLAh,,London
wbL6M2g0,60.0,SF
9oRYu2oa,,Berlin
tdhV6dAP,,Berlin
kYO8O5wl,33.0,NY
FcfLxim1,59.0,Berlin
yW4LmJuv,39.0,LA
h2lnoKsT,67.0,NY
8xNwMp4q,33.0,Berlin
P1WCYN6x,50.0,SF
IkMdoS6R,22.0,LA
2C9I3Ydw,,NY
ovdMEeGs,,London
xXWXOo4L,23.0,SF
PO260feI,66.0,LA
iAzqZ581,,SF
udizgMj5,61.0,NY
S2tgjHl6,50.0,LA
8GxsvFbV,51.0,NY
is0wfmjV,38.0,NY
6wbDnSvj,35.0,Berlin
WsADMuv3,31.0,SF
joAEpQPa,59.0,Berlin
QuBlV1BR,47.0,Berlin
DwIBYrHz,,SF
jrTJcnGI,,LA
G8HDUF2x,,SF
vpFJY8RQ,68.0,London
qnUldGxX,,LA
No6ulh3j,36.0,Berlin
Zi2vUCcx,54.0,NY
Xb1klXqn,30.0,NY
iXLQhkyD,32.0,Berlin
1dBtYSxe,43.0,LA
Rjrrfhc3,23.0,London
uoNy3Gw7,44.0,LA
crg0uAUU,29.0,SF
PguHMsJh,,London
aANDbZ7H,,SF
HCXyVI1K,67.0,LA
KOvtvBfL,64.0,Berlin
4GNQiSgB,33.0,Berlin
QyP0vTay,,SF
ejpl9NHK,,London
8dPuvwA2,,SF
1JW91544,51.0,London
AF23FgDn,41.0,NY
h79vMuVD,59.0,LA
swCO7m9N,63.0,Berlin
AZVSiRPs,,Berlin
RDQ0oYps,47.0,London
rbtZWQ0J,66.0,NY
EJghNg2b,38.0,Berlin
qJStwpse,,SF
R9ImDt6A,35.0,SF
VXWAs1nz,,Berlin
pLwPbyru,64.0,London
Q1HJpKw8,29.0,LA
oNkQhb4H,33.0,NY
4BAQOE7A,55.0,LA
Yc3yZSYN,,NY
8nhiD4Ez,44.0,Berlin
HMizN85g,35.0,London
MJVqKZw1,37.0,SF
YRckYM5p,,SF
vXCFW5nS,,SF
wxfr1LOD,37.0,London
PBEVTj2y,23.0,LA
MDy8WlTU,43.0,Berlin
Fqiq0CuN,24.0,London
76vuvFez,,Berlin
3ZeRYIjQ,29.0,Berlin
W0Ekulik,34.0,LA
i6zSg58K,,SF
YKHTKSrS,23.0,NY
gwfthJ0i,,London
XelwsZP6,54.0,London
ozsYE8od,42.0,London
BlWVhUQ6,32.0,Berlin
mAnaMOol,,LA
3mbDeb1J,26.0,London
Dg3DPBo5,21.0,Berlin
Nd6O6eHB,,LA
7sRkK1PN,30.0,NY
dsrrwjOP,49.0,LA
DOw75ydG,23.0,SF
xF77tDQJ,18.0,NY
5keT0H95,59.0,NY
w4UXRByr,22.0,NY
MQ2ZV44L,19.0,Berlin
k9UF9ytv,,NY
wakCIgeR,49.0,Berlin
8h8XhPzJ,68.0,SF
2MXeEdZr,65.0,NY
We0acR7X,58.0,London
zEyQ5epf,67.0,Berlin
1H9190tV,66.0,Berlin
l2kOBKo1,24.0,LA
hYr4iLC2,,NY
4ZV182jv,34.0,NY
TProKTwm,37.0,LA
hewjPggk,18.0,Berlin
fcEwpg2E,49.0,Berlin
3fYJ87Q9,57.0,LA
mZDctHXG,49.0,SF
LOdTjzzo,37.0,Berlin
mRWodYNT,27.0,NY
GSeB4t2p,23.0,SF
5BN1bnzW,58.0,London
A0IuzgGH,50.0,LA
eLjmWf13,27.0,Berlin
veY91ijz,42.0,Berlin
iA9wlIpi,,LA
dM67KwKU,48.0,Berlin
0iaUokFO,,Berlin
C7andVBi,29.0,NY
G4cDUQfr,,NY
CpfB9b0R,,Berlin
vC7d53Ct,68.0,Berlin
o6Gic8J2,59.0,Berlin
UAMdFlSu,67.0,Berlin
tuEYK592,,SF
D2g5K4ru,,NY
BkOf9b7p,20.0,Berlin
9Q0gU3Bi,21.0,Berlin
iYef8QGK,38.0,NY
pNi14T3V,23.0,London
09Ostow8,19.0,Berlin
rLpm7uOB,,LA
X7LRmzml,37.0,SF
JIhE2vOZ,62.0,London
ogJriaiU,,London
y8QxtOA7,31.0,NY
Yxlky8FU,37.0,SF
XpUv6aLf,60.0,LA
85hfBWRS,19.0,SF
zx42npJ6,64.0,London
n9IbJZXr,24.0,London
k5ikAGGV,54.0,SF
ONdi5aLi,29.0,NY
G9S3hVJj,66.0,NY
zqQzmGbu,33.0,London
9XKUAsBJ,,LA
pNzQlm2u,48.0,London
EIBsGkKc,24.0,SF
mIHUn7nR,43.0,Berlin
j70f1P8y,18.0,Berlin
qoigGhXQ,19.0,LA
LLpxa6MW,48.0,LA
zwyjllfR,,LA
5sUIZCCB,54.0,NY
bTzvMsaP,50.0,London
1F1gXcuF,30.0,SF
ukSpSXO4,18.0,London
zevkrFHa,68.0,SF
Umz2qGfQ,50.0,Berlin
fxj6ZXQS,20.0,London
F1gl29pH,54.0,SF
xEvkw55N,,SF
jX7Yd7kI,61.0,Berlin
4IAHZ4tt,57.0,London
OdZCUSeE,49.0,London
TnL3JBu8,22.0,NY
R8aPCDc5,64.0,London
fGEv37LU,60.0,Berlin
OfHeh1uG,64.0,SF
uLioHoqF,,Berlin
ieSiA7E6,23.0,Berlin
nu054FcE,,Berlin
cqz1Uk94,54.0,London
ZslqcefR,30.0,LA
3A4VmRuY,29.0,Berlin
Fh0MMyBR,23.0,SF
DLbEqdzF,,NY
bl1C15hU,54.0,London
hCaXGv6o,45.0,LA
hI9H7eEC,27.0,LA
N4KFzh6D,,Berlin
RI8ZEGiy,23.0,SF
86Ys7DH3,26.0,NY
IUeeO4W6,41.0,LA
eH2eH2x0,69.0,London
J1d2qbPj,35.0,SF
724sYPBa,21.0,London
K4N9Xs0f,62.0,Berlin
s8b5OWQH,40.0,NY
xTfmE5RD,44.0,London
AbSQkWcB,21.0,NY
PMvy7jSN,30.0,London
BWfMUzos,28.0,LA
ZYB2gL2m,28.0,LA
HZpeKIOo,36.0,Berlin
h3Hfm6h0,50.0,SF
L8z682lY,31.0,NY
rw41tFdO,30.0,SF
5MLhwn8e,24.0,SF
1bwHrg3X,50.0,SF
V2rYDNYc,49.0,SF
kAv1aPMD,62.0,SF
Ma1GgCIh,,London
ADsDdmkV,25.0,SF
gS0sl60k,63.0,NY
MFp2qaw4,51.0,LA
evaA3sVx,36.0,SF
DvpFVhx8,53.0,Berlin
RUJB6opd,51.0,NY
0cRSjgnk,,London
DUYDDtAo,23.0,LA
RdNqCMLZ,67.0,LA
JChA0Knl,,LA
k9EF8vCS,62.0,Berlin
ksZbgc5k,47.0,SF
GfwQwtOS,32.0,London
THW9uWWQ,26.0,London
YJEEQrDf,46.0,London
U3nesi72,19.0,SF
ZWQDt64l,47.0,London
wRAMzOBB,63.0,London
Krf6JnpK,21.0,LA
7yOwHyHd,,SF
ypnIrkgn,,NY
WTd2beQW,,NY
Uq68gOBd,26.0,NY
2j2veZ5p,37.0,Berlin
SBMhw0Wb,69.0,LA
L7rsxiR4,66.0,London
PzfIrWjj,33.0,LA
kiNExqV3,66.0,SF
XS1DB3mo,37.0,SF
1tjStM5k,37.0,LA
Hlcyg6fa,43.0,SF
aBnRdks6,56.0,LA
5SzBW6hO,50.0,LA
kcMRgJaf,29.0,LA
iN7DGdlc,,NY
e1ZpYjFY,40.0,London
q1NtN6rp,,SF
Y3n3yKji,,London
Ix6tMgxy,66.0,London
eCLSBrXJ,64.0,LA
GDEvWPNg,,London
fVvzoybB,,LA
KeRCagHp,29.0,SF
DoNCJurM,52.0,Berlin
ccV9r1ZB,25.0,London
BwLejWJ0,44.0,London
TFXMOPYU,33.0,London
AGVSTprH,,LA
qFMvOEGn,49.0,NY
OqIYTfgE,,LA
JjnPxZ6o,24.0,LA
5cfPCv1y,33.0,LA
0cFBzyxv,46.0,SF
JwoUsLcU,,SF
iG8wTYQN,,Berlin
s8tTGYXg,53.0,London
zH8oj2jf,65.0,Berlin
qhD2akGe,21.0,NY
GLe2RGDj,44.0,SF
MbRgHvmO,,LA
RAEXsrS5,40.0,SF
F3HcOs4M,47.0,SF
3VSFhJIg,60.0,NY
2oZsSQzY,41.0,NY
eqCbXsoP,65.0,London
eNtqIMMU,33.0,SF
9TEuiVDD,,NY
xi8w1SEr,40.0,Berlin
7KbvPnEG,55.0,SF
WQgzWcRP,48.0,LA
3GMh6ves,59.0,London
pj7y425U,36.0,SF
uQnpiZ0b,69.0,London
3ejhxpyH,,London
SqN4x5Po,21.0,NY
n4Za3TmP,23.0,NY
puItR3oa,36.0,SF
F0p5B2Xn,44.0,London
P8qYz91s,69.0,Berlin
MAIxKCJc,46.0,NY
2gMs4mRT,29.0,NY
o3xbhZu2,55.0,NY
pa1AdIQE,,NY
SXAbPe3y,45.0,London
6n5DzojJ,22.0,Berlin
0Ccn5ZiV,,NY
X0CHC5sx,63.0,Berlin
HWsba0Qv,34.0,London
qUYDXTLE,44.0,LA
6bz6PGaR,43.0,LA
5y8o3BlN,21.0,LA
dZNIAR5W,25.0,SF
ReqPiOKK,43.0,Berlin
9ggzFlbF,50.0,London
u9sOdpoJ,29.0,SF
YaXBCOfZ,30.0,LA
ChEt7xpq,38.0,LA
ntDAwLqJ,69.0,LA
5MczDwuP,54.0,London
hBcrmIZZ,42.0,LA
CFcTo8zI,56.0,Berlin
EkrErawl,20.0,LA
Ix6r7Ea1,,SF
GTLgptB2,24.0,LA
9eybVhpn,34.0,SF
iWazeZvv,30.0,NY
J48pLHlD,41.0,London
MjhAQym4,,Berlin
31vGfJUA,62.0,LA
xZxshtmw,25.0,LA
JUE5q3NU,25.0,LA
H9X628Hf,,LA
ZLSXir9N,19.0,SF
AgEKtYsZ,47.0,London
Q6viQ1NL,,SF
N1keN2pb,,LA
ZYbuJIUm,43.0,SF
RLmqCzNS,34.0,LA
DfXWgbTv,,NY
RnBV2cgK,20.0,SF
KXz8FZkd,50.0,London
QqsSAXpz,47.0,NY
gssVYnRk,32.0,Berlin
YGR1Fo7Y,25.0,SF
SdGRMLNd,,SF
6z1HtOTy,40.0,Berlin
M7Goxsf9,29.0,London
E7BsSg2S,56.0,NY
yKXavep4,65.0,Berlin
TvUjmFGj,25.0,London
UjfOQtcQ,,NY
wWDkqo9B,25.0,London
Zlz5L1Wk,55.0,London
brFWL3jE,50.0,LA
FRGuKyKr,65.0,SF
NWkpDsoG,50.0,NY
UOVAehYh,,LA
Hc4JSphu,28.0,NY
WkebMwZS,,LA
iQpqbjIA,60.0,NY
zd6i7ny7,,SF
9gZRgwcO,68.0,London
CRvis0is,60.0,SF
NjTeXjJ4,42.0,NY
GuJNyTPx,32.0,SF
zOQlYLSr,27.0,NY
dRvAiHcq,,Berlin
TmEraInO,,Berlin
qylEcKQP,52.0,NY
unTKWivK,51.0,Berlin
rnmbQcax,38.0,London
xOGIO3ST,,NY
4YySDvmd,64.0,LA
X0fgDYcF,57.0,Berlin
4XprXghm,18.0,London
LhbZcspt,42.0,NY
dLFPptIg,,LA
fNlTMQtu,31.0,London
WWiAIHhJ,36.0,Berlin
KL3rmB4W,25.0,NY
egR3T7oX,58.0,Berlin
LatewFkU,32.0,LA
qSKuqYrJ,,NY
Z3Enj6Wm,35.0,London
aXglle2p,18.0,Berlin
heYEGhiV,,SF
F8hATvzN,50.0,London
OrQdlnR5,18.0,Berlin
oASEKTqY,51.0,SF
1lplURLV,21.0,LA
EbArSf61,,NY
bl0vwOBO,19.0,LA
wItUz4BR,56.0,LA
3sSFFlaq,27.0,NY
YTGXGqyr,59.0,London
3HTYY1rl,62.0,Berlin
0mUg4TDq,54.0,LA
MV9cSJoF,43.0,London
AaEuMhsS,44.0,SF
WIu2zyIU,,LA
0NitowZn,42.0,London
YBQsS7wi,46.0,London
WYjkzmc8,63.0,Berlin
O0LhNdUu,35.0,LA
1rJPorrm,39.0,NY
1kfT5od5,68.0,Berlin
tNApyQUZ,43.0,NY
EHrdi1hz,,NY
ZU2bnIzA,69.0,London
V94hieDH,,NY
LohlfoFb,38.0,NY
Yx9nBQuU,59.0,Berlin
uVscJ4yf,25.0,LA
RJ00gJe7,19.0,Berlin
V8Yn4bGD,63.0,London
c4Fvpong,51.0,LA
8TVgMHzM,29.0,Berlin
JbVrW3vi,66.0,LA
PVK8RKvR,35.0,SF
1Iz7WkJt,34.0,Berlin
gyOsUuwP,32.0,LA
bmhYBRbC,20.0,NY
4ovGmzrX,38.0,SF
RLyRhomL,,NY
Hqb4BwHh,49.0,SF
rEKYMX8v,28.0,London
SxHSC5nX,35.0,LA
V4kleOlJ,,SF
2lk7SULv,,LA
36HUgcYQ,67.0,London
Ios4HmI3,21.0,SF
mYDXB5ur,45.0,LA
CJitSGwD,26.0,Berlin
iLYjBkX6,55.0,LA
mZAQqao4,24.0,LA
IiuMmSSb,,LA
nro6mYNa,52.0,NY
zV6g9ih2,,SF
iKlLtVqt,51.0,LA
GGr9zuzM,26.0,London
VytGy3PJ,43.0,LA
YMeiE3ov,25.0,LA
UTc3KkYW,36.0,Berlin
jXbjVJ0z,43.0,Berlin
xghannvr,63.0,Berlin
u06EwiEY,27.0,NY
X19WcmpV,60.0,London
1NR2SaEe,47.0,SF
wy0BfERi,,London
TvPAuYzn,53.0,Berlin
5C1hUlJP,48.0,London
MLz7YN42,25.0,NY
iXHca1RY,,LA
iNXKijxi,64.0,Berlin
okuC0SdY,30.0,SF
AGgxeGrx,54.0,NY
UhNigooq,,London
pDfJb5xL,32.0,SF
iFiig616,52.0,SF
tRx1gHwN,20.0,Berlin
3KQwUtp4,,LA
AUbQRkRZ,41.0,NY
psSCJT6d,,London
xNhsoSIS,,London
MtE7bYhn,26.0,NY
AnLptBpi,19.0,NY
l5hLDZXi,32.0,SF
Agg3Yps8,49.0,LA
AjrUlW5Q,35.0,LA
4wj5Lv0V,46.0,Berlin
Goa7D0F8,57.0,London
IqUkObai,20.0,London
AJt6mRQz,50.0,NY
b0HWQrdd,24.0,Berlin
6VHJfe7a,47.0,LA
UNVv9vrV,,LA
zAZKl3I2,55.0,LA
U9IpJ28Q,,Berlin
ouv9cmsQ,48.0,Berlin
WBNrCaj8,,NY
MKQTax77,58.0,SF
qpH0yGU5,60.0,Berlin
Y77lY8PX,44.0,LA
TvnUlPkZ,44.0,Berlin
mS2yUgMj,46.0,SF
jnqsxqRV,22.0,Berlin
cktUkyzV,20.0,LA
BTzCPc0A,46.0,NY
GiDxqnES,58.0,Berlin
gCj5iQZi,56.0,LA
rEwvO9fj,69.0,Berlin
xvxXNXgp,,NY
s69Fs6QY,50.0,London
UNWsNjad,,LA
AP3y73y7,20.0,LA
DVa2bdxt,23.0,Berlin
e2npH0FI,60.0,London
ORj1EexY,34.0,LA
anHeQnTK,64.0,LA
DAm2WEbU,21.0,London
c6WhWCKW,,Berlin
9twaKJWR,,LA
zS9A35P5,,LA
P17qAx7h,58.0,NY
eD5ZtS9e,31.0,SF
9Q8f4GR0,,LA
PhfG8qJg,24.0,LA
AuNIyDn5,23.0,LA
pNMZp0df,68.0,NY
Psk3JbSr,,London
nuTcQKeF,54.0,SF
sYsfldMI,39.0,NY
IVer6IMP,,SF
W2KOvyut,,Berlin
AVLoxSoW,41.0,LA
t3Z4A0v2,30.0,London
zSi97e2R,,SF
B3yePP2y,,LA
sJHIpegA,68.0,London
bQA647vt,,LA
0O0gyGso,53.0,LA
mymQuw3d,49.0,London
XeCaluNW,22.0,LA
rtrrKmQs,66.0,Berlin
9Mpg2Gvk,,NY
QscKW9S7,67.0,SF
3MmZ5ckT,62.0,London
7txLgijH,,NY
dYOy59kR,45.0,SF
YJCSkeyB,50.0,London
XQmqhVDH,63.0,London
IMzkoEcA,31.0,Berlin
VwmXNYlM,30.0,London
2V2utzQk,46.0,Berlin
btPoBarA,,SF
HutkIaH9,57.0,LA
w6Mwilw9,18.0,Berlin
p83SgJts,64.0,LA
ubRoOXHJ,66.0,LA
PASqjNte,66.0,London
ip2xYxUM,44.0,NY
ztSV4JJr,47.0,LA
lR9oqXr5,51.0,NY
syG5HVmJ,63.0,Berlin
BfogMkz9,18.0,LA
yrWXUCv5,,LA
9RZ7bdfW,,LA
r3Ywm3M9,18.0,NY
f4Fw32do,59.0,Berlin
4N12DMQC,,NY
GA5zeWTM,52.0,SF
61WnHeXB,67.0,SF
g3d93EDW,36.0,London
eiMK13Py,30.0,LA
aDHM6lwB,,SF
Don1qdzX,,SF
mjQzSZKf,20.0,NY
TyK4sEVp,,Berlin
vKSlTTIL,,LA
bYYqFyDk,66.0,LA
YjRO9Enh,25.0,London
3F0HcIS8,,Berlin
D3B1GoCq,,LA
W9oLkS97,42.0,NY
ZPM2X7Af,52.0,LA
12zn7g4Q,64.0,SF
SlpANIQB,,LA
DB4vEWvs,58.0,SF
B6wEqyjZ,60.0,Berlin
xW8z24iF,23.0,SF
rqKI9WpY,59.0,Berlin
8GLeA5hq,59.0,London
rTzzPIp1,67.0,SF
5xZq5ItT,,Berlin
KUqtA0Bo,34.0,NY
hOKV6Rwq,53.0,Berlin
igrPwBCd,35.0,London
OIXzuMYV,50.0,SF
dxsarE2r,35.0,NY
tXFiGrd9,24.0,Berlin
WofhtySe,46.0,SF
A6RDR9kv,22.0,London
emPlVOts,33.0,LA
XUVRsGtg,,London
r2XSNGhg,22.0,London
xAmG0RAD,27.0,SF
Ixgpxp1N,,SF
OS7vsTmu,46.0,Berlin
4YzjQ4hj,33.0,NY
FpHh6NzL,,London
A8N8pLo7,18.0,SF
jfMzHKAm,25.0,SF
9xvVBmOX,45.0,London
f1A5Xmhu,18.0,Berlin
17HBxr8y,45.0,SF
nSnOyZGG,20.0,LA
SvoqAxIR,,LA
faxIXhd1,,NY
zD0XFWbP,42.0,Berlin
CMFNQrJA,54.0,London
cpnxNStQ,28.0,London
ioNTzwYy,63.0,London
b9Iykz21,35.0,LA
g0UFDVSb,59.0,London
dojI8EHm,56.0,NY
uFBfSuuu,57.0,LA
Y4qhoGaE,37.0,SF
N7V0V2jI,34.0,Berlin
qEfA81N8,,SF
Mzyli9rx,65.0,SF
8ZHaL9xn,34.0,Berlin
QGnezYEY,21.0,Berlin
4n1UdFiJ,53.0,London
W0e1UUC1,,London
NFnKnY55,18.0,NY
cGhpwkPN,52.0,Berlin
Bbv7tlo9,29.0,Berlin
R5rnPiVt,34.0,SF
4V6RXktI,33.0,London
wRPAdhtc,45.0,NY
cjO5dBNS,49.0,London
sJC84KrR,63.0,Berlin
8rbaaHTi,52.0,NY
q7infW8J,36.0,London
4oaVynPd,46.0,SF
hzuoJZzc,46.0,London
nhTQPIMt,68.0,London
rDABPE0A,33.0,NY
3gmh1nxr,21.0,NY
1wjaBx2h,,LA
iIIQOAzz,66.0,Berlin
eJMW4P1s,68.0,SF
a5gXEaYj,,London
vVeo5Sm0,18.0,NY
0gVr5Ejp,36.0,London
myVzG0GN,68.0,London
iq0hyT4h,69.0,London
AA2mPWXQ,61.0,London
4veUjHb4,43.0,SF
A4ZPjUWm,29.0,SF
htYHSdE9,,SF
PQmZAv4R,54.0,SF
cWPje4Rv,45.0,LA
aXgFKfyX,53.0,NY
3BKipAta,46.0,Berlin
UEgxh4nS,22.0,Berlin
xSLKqVgI,55.0,NY
vrOg2PSm,20.0,Berlin
L3Oi0vV0,32.0,LA
1SgWrw67,20.0,NY
GlH6Zdna,30.0,Berlin
4DDF5mwK,22.0,London
O9tMGMIt,38.0,LA
yCVObswn,58.0,Berlin
tZdsjFij,40.0,LA
0YZ0iAWv,64.0,NY
T2nliRsw,,NY
VN13yF0T,,NY
CR9YLxFy,,Berlin
GcvhKu5k,43.0,SF
ODC3kicv,64.0,LA
CT1hNIIx,48.0,Berlin
ci1DKe5m,52.0,LA
13hZYcbI,24.0,London
wua65WJi,,NY
sspKv4LB,,NY
xspAkZr0,49.0,SF
HwxgU6Jx,39.0,NY
3v5HaAS9,64.0,London
weeQ80jv,23.0,LA
g78cKJJl,,Berlin
7kl8mwhF,62.0,NY
qMCBMgkY,56.0,Berlin
jS55htHM,66.0,SF
tWE54VsV,,NY
rh9amow8,54.0,SF
uF1Ic5py,44.0,LA
Fcxd2GJr,27.0,LA
PUSIhEoe,39.0,London
HC5ZguBk,61.0,NY
cSSZiRqg,,Berlin
EUlqffZP,,NY
DqP8QFEr,21.0,LA
1KME6XUj,,SF
7pBpmWmp,52.0,London
WamIVb2W,55.0,Berlin
d0KiGT3L,55.0,SF
3Sr8o90I,53.0,Berlin
4x7MkHEp,21.0,London
9d2HU35B,62.0,London
PuIBCtZf,27.0,Berlin
m2gG99w4,49.0,LA
oFLsWtt9,27.0,SF
iWT30l9X,,SF
ZwQZTWez,62.0,NY
Z2i3F5Ak,27.0,SF
DAj4HxUG,,LA
ych6Aix0,67.0,LA
eDuNhLhl,56.0,Berlin
sXJzzSeY,26.0,NY
wwHbu527,30.0,SF
8Uac30FC,59.0,SF
f67PJgnX,35.0,London
toQNiY3u,,Berlin
H5nF6KQx,54.0,NY
uLdvthGJ,64.0,LA
jT33RFOn,28.0,SF
3ySfWyPv,45.0,SF
81mo08Ru,23.0,London
XKjx76Rm,50.0,London
WQwdrU5p,31.0,SF
lUlxQaK3,64.0,SF
rwTtApvJ,46.0,London
07DD6JUx,56.0,LA
qZMs3jFS,32.0,SF
V1bNRUQt,65.0,Berlin
qBw6ayZd,,SF
6mPi2xjz,39.0,Berlin
e4fkaLUh,69.0,London
Q06ZveyY,48.0,LA
YQhpf8he,,NY
M9yW3Fxd,,NY
CplikjZy,35.0,NY
YOmXWZ46,23.0,London
SHi8VvCz,26.0,London
vLDvxVJv,,SF
xqUKrRfP,48.0,LA
rBSMW6dz,52.0,LA
t0qW6KAi,34.0,SF
STbHZRZv,59.0,LA
lTJ7C5a0,33.0,LA
KR6d8jrs,50.0,SF
ikYKo6zp,,London
083dMPBa,,NY
i9h3WAyV,50.0,SF
nzYM6052,67.0,SF
g01ROHK6,69.0,NY
PBncOObT,,NY
JRK7wgs1,,Berlin
QhaQ0ozd,,Berlin
HWiQXMg9,68.0,Berlin
HjqNWOV9,53.0,London
EaUJ24IK,,SF
HsFIy1RF,38.0,Berlin
Dvwt61FL,30.0,London
7xlUrMhw,,NY
L3vjTWvS,59.0,Berlin
LiFuuHZz,67.0,SF
ACGt5vZZ,,LA
fXhFO87k,43.0,London
FHaSFMRy,43.0,London
JEdtIQ5n,36.0,NY
579a4f3W,54.0,NY
xoa9az1P,28.0,NY
Fc101RjU,19.0,Berlin
7ns3sbnH,48.0,NY
sFeJwAAJ,35.0,LA
PPzRwyQz,28.0,London
dhAD28GP,61.0,London
vArmnbiC,33.0,NY
GKSsZBxZ,19.0,SF
dmgXiSV3,49.0,London
8ytKIeJ2,65.0,Berlin
LxjJFPLs,65.0,SF
ap9d6v75,39.0,SF
2hCyWZHP,53.0,LA
rd43bKQt,,NY
aiDOTduA,,Berlin
YIhpOVam,60.0,SF
20xrYXi6,,SF
dLKHGdzP,57.0,NY
53SRCmF2,61.0,Berlin
AifAF3cq,48.0,NY
RBbwkGVf,21.0,Berlin
JmW6oacn,56.0,NY
MPrgpqUy,62.0,NY
A5ErmdAd,60.0,NY
aE1iPFuy,27.0,LA
leKc98C6,44.0,NY
Bb6sJWKD,58.0,SF
QP6m6ZeV,55.0,LA
cPluVLms,34.0,NY
aCtz8A1O,62.0,Berlin
G7VNeUlg,55.0,London
8zujtVhj,,LA
x7LNq3sI,34.0,Berlin
XzoBFflE,30.0,LA
E0ovLeIq,38.0,Berlin
V010I2rW,,SF
b2Tf3k9z,,Berlin
DtV1aPzf,41.0,SF
Q9v6PzFC,24.0,Berlin
eSfr4ydd,62.0,LA
m9sdl65V,,London
W6iFy0fI,,LA
Z98PSsKF,39.0,SF
rbRAnqYj,59.0,Berlin
5A3M8oMj,27.0,Berlin
b2QFpSFN,50.0,Berlin
GRILFCzi,29.0,London
Nt7VLavT,25.0,LA
awyCThNh,57.0,LA
V7QQdSwZ,39.0,Berlin
Lkt5vJ78,56.0,Berlin
H9Wd6fot,,Berlin
AjZ0nyhd,,LA
iyBalA6E,61.0,London
fLT5uMvN,33.0,Berlin
ExvHro78,,Berlin
borgGROT,51.0,London
z3Bm8Vqs,63.0,London
0xnWLsfa,,Berlin
KZikLQNh,31.0,SF
S11Todu3,23.0,London
r0qLFcwa,,London
Oyx26dAL,27.0,LA
jzIOsosa,,NY
MGqPZiD8,44.0,Berlin
Vn7trCxd,64.0,NY
qj70bFPq,67.0,NY
I5mDFGMB,26.0,Berlin
lbJFHUlq,65.0,LA
rXPMVX77,,London
sBiVrla1,19.0,LA
G40pELMg,,LA
P0iW49r4,,Berlin
tS3Jtx3Q,36.0,SF
V68Z03tN,28.0,London
JGAqb7KZ,39.0,London
kqYwlLEY,46.0,Berlin
5W8IAZ86,48.0,SF
LmQpP81i,25.0,SF
XHF20tdp,27.0,NY
W2gGKJbf,23.0,NY
37n6jdWy,48.0,LA
kabplX8g,68.0,London
f9fIjye8,,London
c8DP1gRA,67.0,London
iHbAFaRC,57.0,LA
GZejBzFJ,46.0,SF
FiyHNlxw,38.0,SF
KpBnA96C,58.0,London
ZPz7zc48,22.0,SF
JpCQa5VL,22.0,London
i4lDUjRu,41.0,SF
kRsPHQnl,32.0,Berlin
J8guNn1e,45.0,NY
XdqvyPq1,51.0,Berlin
18u8eSAs,30.0,NY
4E4iPshg,61.0,SF
3Rt2ohSZ,,Berlin
Axs7VBo6,39.0,London
sT7D3FOJ,46.0,Berlin
3SgVdyQk,,SF
ZMwsCaSK,22.0,SF
fCwXeObm,67.0,NY
ge7mMQa9,28.0,Berlin
4hoRThsL,65.0,SF
Lvzm5nDw,58.0,Berlin
fWv9Ygji,43.0,LA
1ov4CsUT,26.0,SF
noo706XC,61.0,NY
gcl8FLtT,28.0,NY
ZBmpArpY,18.0,London
T03m20JO,55.0,SF
lMHlbSkp,62.0,London
dOufSg5x,45.0,NY
6EeEB5Me,40.0,SF
ll1hjltt,48.0,LA
3OOjbRma,19.0,Berlin
cUMymVFv,,SF
57XWJR8K,33.0,London
iOk4lV9i,59.0,SF
TgGyB24d,34.0,NY
MzKliNPJ,65.0,NY
xrzm2NW0,34.0,NY
tZxL6oQS,64.0,Berlin
raJw0M4U,52.0,SF
Odlxfkxq,48.0,NY
Lhg5WAwm,52.0,NY
hsuqqG2z,,LA
4F75eSUl,,NY
pXj0jS9s,54.0,London
Nxxzg2XV,66.0,NY
j0IIwD7Q,47.0,London
ozNdE3Gc,35.0,Berlin
8F1EtoIz,44.0,Berlin
husgNhyy,33.0,SF
hwD6Mgf3,37.0,LA
MX6Aj7wZ,58.0,SF
ddJyjiCW,64.0,NY
a2rF6aoy,45.0,Berlin
R8VcTIM9,38.0,London
NNvzPSLK,,SF
TmaD4AKO,62.0,Berlin
rAGqFtHJ,,London
xOReFIhk,65.0,London
RrPtFv22,,NY
akcr3mfh,41.0,SF
HesBbR16,30.0,London
wxHdiEnd,47.0,Berlin
cLUSLOhw,63.0,SF
xS8VG31o,,NY
wOlE6nKa,,NY
J7SQ5utT,63.0,Berlin
aLrJz75Y,41.0,London
v7KrYqDe,37.0,NY
eF2cS5wO,67.0,NY
5tJxhQhe,,London
WSz5iByy,40.0,London
BecIqkZA,50.0,London
aaa2ZHzb,34.0,LA
y00kAiUp,19.0,LA
VBzYZnbi,48.0,London
37AUEr8Q,48.0,London
tQa3a2Jc,33.0,Berlin
at6MURHn,54.0,NY
AjAZ6Anr,54.0,SF
2AxuHKQ2,,LA
h2gPxzGo,,LA
wMQ8YgoZ,,London
PMSFF5SC,47.0,London
WV3xGSUB,35.0,London
0xRkI0a9,59.0,SF
bC2ZDX6i,56.0,LA
uP3Cjf4i,43.0,SF
IdsPQWdp,28.0,NY
Cp1BwA52,18.0,SF
WoDJqCJX,55.0,Berlin
8mRHX1sT,,LA
9xmxs1ge,,SF
hLRz41hX,30.0,LA
WY3yntek,34.0,London
6vevkQd0,,SF
CZDxNvML,24.0,LA
EhCSPUSY,55.0,SF
9NXE6rNe,24.0,SF
RuiPguPz,,SF
7MFYpHnW,55.0,Berlin
1QpRukx3,40.0,Berlin
McfHISAn,65.0,SF
V1TyqP5K,,SF
8HLwh5UH,32.0,LA
QqW3dKJK,47.0,London
9c4EzNzk,,NY
foo2i0SP,62.0,London
2ykQc3zp,38.0,LA
whOPVIyi,,Berlin
WWE57azK,31.0,LA
R8WloEfF,25.0,LA
DTeCbVzO,64.0,NY
CYLvYrOA,53.0,London
xCNp09o9,26.0,Berlin
nhoooFRi,43.0,LA
wJsvY5Ar,37.0,NY
h3uA2GmO,55.0,LA
WulgCbDk,23.0,LA
y92l2FFy,51.0,London
ubFf151p,40.0,London
UGBDcu8M,56.0,NY
vAjQzUpt,50.0,LA
rbREwMFc,38.0,LA
qMmrtV5Q,58.0,LA
jQm1SMbK,43.0,SF
UaOaHIRf,22.0,SF
MyzbtVk8,26.0,LA
a3jVq1Wz,,London
hASMFren,,NY
VDO3PvmZ,42.0,London
7Mf5y1d7,69.0,NY
g0TuLNJb,64.0,Berlin
fD4cyz3n,,LA
kmmZx1wo,57.0,LA
cgoElfPj,,SF
BvozP9XF,36.0,Berlin
tKxwFDes,28.0,SF
vyX0igvS,25.0,London
A21aYGmd,23.0,SF
5xaBs26U,23.0,NY
Vu5tyV91,25.0,LA
prcIZ7L3,41.0,London
XyOt2sDq,36.0,Berlin
e9UH2YKZ,69.0,LA
TClgyP3n,,London
x0Awo0cv,44.0,Berlin
8pimNuVu,37.0,NY
Cgg7hd74,41.0,NY
iqbKkOz3,55.0,Berlin
oti6GKq7,22.0,LA
1cBxd8ku,33.0,NY
sScNb8xB,56.0,London
HpinbT1T,50.0,LA
RJ7ESu8a,,Berlin
QEkaugle,68.0,NY
BzahaxnB,,NY
OJr8jsDw,69.0,SF
DBjThhoH,,SF
7uyBScAz,,LA
GFn41bSm,58.0,LA
o92DsYcI,38.0,Berlin
TtH1wY0L,20.0,Berlin
lbIljJmT,45.0,Berlin
KO5qozZT,58.0,SF
0vycX5ht,36.0,NY
io38JaRl,33.0,NY
ioUA9nbe,,Berlin
NKEGpykZ,25.0,SF
RmImQTp1,,Berlin
3FcDGLU0,55.0,London
G5D9VXt0,29.0,LA
6USkF0zs,,SF
hQI8ocdZ,,NY
KKdaBDgO,35.0,London
jyxKbc8j,,LA
nQwar5uF,56.0,LA
xLeazmrj,44.0,LA
PkcOh40p,61.0,SF
TRarwN2b,61.0,SF
bQdrEmAl,23.0,SF
oh4MKey6,45.0,NY
sojlSKpK,40.0,NY
1v9JNIDo,69.0,NY
sWBrL7fM,51.0,London
aRUxP817,42.0,London
MVBaFzPi,28.0,Berlin
OSYELXSe,65.0,Berlin
hpdAr9BQ,18.0,LA
Mf18NSNk,55.0,LA
RehC3OKq,27.0,SF
aZquqOhH,26.0,LA
s3Z4KZeD,43.0,LA
V2NooiGR,27.0,London
lW4UIeEB,35.0,NY
PUSYsbO1,67.0,LA
Xd57MmQv,26.0,Berlin
azE5yAcQ,,Berlin
Fh8hvGm4,43.0,LA
1ChEYwMW,59.0,SF
93vsVNh4,,Berlin
EfWa2Bzg,53.0,LA
M1tlyHSA,32.0,Berlin
Vd7wi8aX,41.0,LA
BwlEuQVK,57.0,London
iGrQmt3P,19.0,Berlin
85vrgMly,,LA
OyOCDErb,55.0,London
ZDhv5Nj1,,LA
WT6WOE7R,37.0,LA
5AHfTbyz,56.0,SF
ctR1ZUC3,,LA
nThTsboO,43.0,Berlin
lboxMmM8,,NY
EmkSkpw0,,LA
YzfjFj58,,Berlin
zhbKS0M9,23.0,LA
nXNve2Re,54.0,NY
qfQNqe8v,48.0,NY
9BpSrjh9,22.0,LA
8wgiPxli,24.0,Berlin
34m9O7Ed,22.0,London
qRWKb9ef,21.0,SF
TRGOmK89,,LA
jc1saoXV,26.0,Berlin
iVYnQEVE,54.0,NY
JWaEPedZ,,Berlin
Uz28y3Qn,66.0,LA
JoQGdNGM,36.0,Berlin
wqiUdhOo,56.0,Berlin
sQUKImid,34.0,LA
MjFmQPlM,,LA
nPIpw01V,65.0,London
Plm9LqN1,,LA
W2Uiw88q,68.0,NY
DW9k5qBP,67.0,Berlin
qni8xb1i,41.0,NY
24sG7xzw,30.0,SF
GIJXcVFy,45.0,SF
Nz3bev3L,63.0,LA
1hY32X8R,,Berlin
VKRyudGe,62.0,LA
yetE0MAq,59.0,London
sbM2OUbL,,NY
ZMR2FVe2,40.0,LA
S1nUvl3a,40.0,London
eHVcYUDh,27.0,NY
ri6EDMmS,55.0,LA
5RkVixBN,66.0,LA
D5pIorRJ,,LA
Dbzsq3P0,44.0,London
KfAyLpXJ,28.0,NY
7F09PZ9Y,36.0,Berlin
RA4wPO4O,62.0,London
H7mh8VPe,61.0,London
NlkEk7EA,61.0,London
iZ7jRk1p,,NY
Zd2e9HXC,53.0,SF
RBp1Us5t,33.0,Berlin
yGVsZkEo,40.0,Berlin
aBypyXwy,50.0,Berlin
6Ht4T0rh,69.0,SF
eBP8wmHy,39.0,London
2Bzh3tlj,31.0,SF
lhJWn1cP,,Berlin
qu5NlaaR,,London
HUPV4iaW,24.0,NY
i5P4fc5f,,Berlin
l8Rn21Fw,18.0,London
NwoZ8SEm,68.0,NY
EUlGVYrG,,SF
QYAF2FlW,39.0,London
Q8m30XYc,40.0,London
5T4DvMDd,32.0,SF
DocNnvjK,61.0,NY
Q1e8PuRB,32.0,SF
x1Mxel2e,48.0,Berlin
ZC2VlBGH,45.0,LA
hA5Jiubp,20.0,SF
5ScGJqNA,59.0,Berlin
fdQtFccK,42.0,London
t7dwsYyh,,Berlin
sz4cVx4N,50.0,London
gafMXuJ1,40.0,LA
ReBTdLtT,,LA
U74mIX22,33.0,SF
iLSE3GXL,,LA
lxxWaZzC,22.0,SF
DsGREHA0,60.0,NY
8cHy5v4O,28.0,London
D7kEscSO,29.0,SF
pWDKDZJG,,LA
eWDoGvD2,35.0,LA
Ko9fNzFS,31.0,London
I7uCKnmk,50.0,London
NMMffsHD,38.0,NY
TCBvY8Z4,43.0,NY
HzD33ZPU,42.0,LA
92UXAEbz,57.0,London
v39PKYtl,42.0,SF
f7Gm4GW1,52.0,SF
DaOycyQr,67.0,London
Sjq2zcfu,37.0,Berlin
VTfbtcRm,19.0,NY
3fyuHPCI,58.0,Berlin
B4pIbuym,68.0,SF
bwj6I0Ik,29.0,London
PTcj3k1x,49.0,SF
1ApcUeQM,60.0,NY
PjDeyELz,50.0,SF
L8iQekkO,,London
t2YsmM71,48.0,London
32BifZbg,,London
pmr3pSBu,37.0,NY
b5FKPuZv,58.0,SF
he78cPM7,54.0,NY
Ak3WPptD,54.0,NY
UnG58jt3,57.0,SF
656hViH8,31.0,Berlin
wxEoHg5r,53.0,SF
J5Zh6Ysa,29.0,NY
pQfuzQxQ,,LA
TaudeOUy,,Berlin
ofPjiN0I,23.0,Berlin
y0l1lr3Y,63.0,LA
o11UZdIi,30.0,Berlin
OyyOqZKy,,SF
8mXiHOQl,,LA
bCOJYPbt,36.0,LA
ASHUnPXu,,LA
ov9lg7G6,40.0,SF
iceanOT0,67.0,Berlin
5UwBmaZG,49.0,Berlin
bfoljvIV,61.0,London
gcHz7fxJ,28.0,SF
9gRSy7yz,21.0,Berlin
aytHIXAG,29.0,London
5f9Pf1V2,68.0,London
Jx8yNmO5,56.0,NY
iBII5MCi,,SF
am9ONYVI,,London
ZYNkIPBf,68.0,LA
nQNHS6X1,41.0,LA
fQIgAPXO,40.0,NY
wErIiPXk,18.0,London
gh7tTKpE,,LA
xqw3c8PQ,21.0,London
3uJfMD65,45.0,LA
kmIGSa9x,61.0,SF
nxubG9Pj,62.0,Berlin
cS6FNvV0,20.0,LA
uMPUYpki,,SF
GLyBMiD0,19.0,Berlin
ru2ICOUp,58.0,NY
F88wGmvk,23.0,Berlin
ibapkGFX,59.0,SF
l0r0TGEy,,LA
f0I4REME,54.0,NY
qI35hZSz,61.0,London
kYZFJc7N,40.0,NY
tjPb2VFb,57.0,Berlin
A4leegkX,38.0,SF
r9GewZok,,NY
hrcwY9nM,48.0,NY
HUS8zQAJ,29.0,LA
C2OHBM60,46.0,Berlin
GYhQvnHm,59.0,LA
cAYt3WTh,,LA
5UzJI542,43.0,Berlin
9iRVZL7Z,50.0,NY
pFZ4JM1c,,SF
a62lQWZD,37.0,SF
NGZqx9Oz,64.0,Berlin
GixCSotA,27.0,Berlin
FnoO1Hnk,18.0,SF
7MTDbAcO,,SF
Myt61TX5,46.0,London
AUoOj8Qf,,Berlin
hGiJdAXD,67.0,LA
eO8QpHTt,18.0,NY
uWUa0E2W,,NY
DsNslm5f,25.0,London
3Ys605fK,26.0,Berlin
cHo1DLrx,40.0,NY
L8Ljuu5D,,NY
HEoRshZR,51.0,NY
dTSYugit,33.0,SF
vqPpvIOo,39.0,London
gPGVqscG,63.0,LA
kfjpsar8,40.0,SF
UKInXwB1,,Berlin
RioeeDwO,31.0,London
q8xvKu1e,69.0,SF
wQlapDoR,66.0,SF
PwMVwcM9,40.0,London
ozmx4oGC,55.0,Berlin
osd6T2WB,57.0,London
zDl3k8mk,,London
3DqNe3p3,,Berlin
RMFwnuCE,49.0,SF
S34L8scX,57.0,Berlin
lldJFxtQ,19.0,LA
rYOpvYgJ,65.0,Berlin
9yS9bCSj,30.0,LA
DfpdwD41,44.0,London
mW0MphQl,,NY
HmZ8Wnrs,24.0,London
QlnZLl4b,,LA
jX9HtIMr,,Berlin
mgUPoKD0,25.0,LA
Q2h6IwgM,18.0,NY
ZsAFs6xp,34.0,London
Kbm98AZw,,LA
dcTgxVsp,,SF
8WhEoSiG,25.0,London
qgwGodbF,,London
9KcJg8RW,68.0,LA
ruEncDNJ,60.0,LA
qEAWEMNN,25.0,NY
mZhNVcex,25.0,SF
gtTpOF8m,42.0,LA
asFPUBeO,59.0,NY
mzCzvJ7P,,LA
FG2YTPZv,62.0,London
6qrdBqVf,44.0,London
eBaFnm4L,39.0,London
nlLnfqur,20.0,London
zPKRx8T7,66.0,Berlin
nEOWE6Fz,64.0,London
RN2FXtzP,55.0,SF
3VmWiVGx,66.0,London
chPsZmqn,41.0,Berlin
IHyqwTWe,,LA
5qT1ioYm,52.0,LA
bwLKIGxc,57.0,Berlin
8zV4xknf,,London
8z5o15zA,25.0,NY
dENPRfr1,,SF
x6HH9Gk6,33.0,London
FQrTIHZ9,,Berlin
8CC41ahE,28.0,London
CHf8A6X6,,Berlin
eglNFMdf,66.0,London
eHPa0SAJ,,NY
PO81aoFc,41.0,NY
0V83x6N7,19.0,SF
smQnWjAf,22.0,SF
1uqUxARB,41.0,Berlin
I6LTGvdP,61.0,NY
RzHb7wae,64.0,SF
LUIola1q,24.0,Berlin
ANE2Jn6E,48.0,SF
Ek8LzjUR,47.0,NY
ANcar5eK,23.0,London
5wuKXXsK,,LA
aly5bZDO,32.0,NY
HUe3g7VL,44.0,SF
25p6g6Cq,52.0,LA
6jXsYEkx,26.0,NY
dfc6vRpB,40.0,SF
zdzJDPlq,34.0,NY
l98HLHqC,40.0,Berlin
7022HBQ3,63.0,SF
v1nL0VDK,,LA
gtTDflMY,64.0,NY
gwSwuxgl,46.0,SF
jrcuSLZ7,,London
BsObv98c,62.0,SF
sBzHzOq2,63.0,NY
sQX0ayA8,,London
iXbdtxbI,67.0,LA
ALsSiqjS,30.0,London
HPuRgyjs,,NY
JGBJ0Yev,19.0,London
esWuurg0,59.0,NY
QIrJJoos,28.0,London
skGGjE4P,65.0,Berlin
NTbieDJJ,66.0,LA
TJSF3Re3,,LA
bRidqXdH,39.0,LA
NVglKuyP,,Berlin
KFofExGd,62.0,LA
OUZVdMSS,66.0,London
khVpGz10,54.0,SF
0FLYoAZ0,53.0,Berlin
TAWmmkYj,42.0,Berlin
vdEIeLTk,,NY
qmoiv3G5,66.0,Berlin
k8zU6sHR,,LA
5tHkFQos,19.0,Berlin
A4hd5PxG,44.0,Berlin
3zzIwLeX,50.0,London
02FNbCpo,35.0,London
EPVk4AjF,65.0,Berlin
k6SuJsOC,,LA
sSTI817e,24.0,London
2ZvLnZdl,54.0,SF
adOlCchf,67.0,London
McpdYACT,53.0,NY
H2bLQkMv,44.0,NY
zfN8pOuG,,Berlin
uJASEo9A,48.0,Berlin
cF30e4Zr,57.0,LA
3L8LUAKQ,23.0,SF
NGH9eamh,,LA
jKQSszk7,24.0,LA
D3JY19uh,,NY
dqiTuqQo,18.0,SF
rxJqndLa,56.0,SF
Egjbe3HF,63.0,London
1dPjCQQa,55.0,Berlin
FiaCoPZI,,Berlin
3iSFad1W,67.0,NY
PA6bNrgP,65.0,NY
dqOn2B12,61.0,London
rSK6FeS5,46.0,London
DNh56DxF,28.0,LA
u0HtEulw,45.0,Berlin
pZ878p4S,57.0,London
4l7YNwej,32.0,SF
z84IG90F,47.0,LA
1LYMM82F,,LA
BGIP4dJM,29.0,Berlin
NNHC4PV2,45.0,Berlin
4mmkbku1,,Berlin
9TSaIWxl,47.0,NY
WSK9XmEs,56.0,Berlin
DGQiUEtz,33.0,NY
1O9DiwV4,47.0,London
fmKPvQ21,21.0,SF
LlJOVbgI,50.0,SF
jbmW6usE,50.0,LA
D2CrFQsN,45.0,LA
aW54WhwV,38.0,LA
yuPAWQtF,,SF
PNkyvrgu,43.0,LA
kPg3zWwO,31.0,NY
NPAOEliU,32.0,LA
f7GpgxWR,19.0,London
L0XxkeJ2,,LA
EjOMF5H8,54.0,NY
9VZyOZGZ,28.0,SF
F4up26L6,28.0,SF
MS21se73,50.0,SF
TlJXfVQH,19.0,NY
kCFyjzSD,,SF
gZQ6STU7,20.0,Berlin
TJhN2qcH,,LA
LmRgefF7,50.0,NY
nSxNXVmt,43.0,LA
5fr1MmDy,66.0,London
SAap1jNC,51.0,LA
R3TS7sL4,31.0,NY
cquy7YcI,69.0,Berlin
kBOFqRQb,46.0,Berlin
SJYuHq5E,19.0,SF
iILo4a7t,67.0,Berlin
7j947OZi,,London
qciGg8nf,44.0,London
LEI3jjEy,25.0,LA
57YOSWGQ,,London
WnTcQAir,28.0,NY
pjIAygn2,,SF
aozQAtLk,56.0,London
ohfklsDH,,SF
tIxIR62I,56.0,SF
9IUphl8I,66.0,LA
YSog21yH,,NY
D3KM3nwX,38.0,LA
FFw2qCph,,London
ZBCMJd5y,24.0,London
uZQvuqQb,37.0,SF
NAytqPlE,66.0,Berlin
2dFoA0St,68.0,SF
dGiuOjMu,,NY
llzgV1Wx,,Berlin
PfzoLbyZ,22.0,Berlin
MUdP3qze,48.0,Berlin
1TnGQDuL,29.0,London
vBxiRLZo,,NY
KmEIXc1K,19.0,London
s16HW3iG,43.0,SF
PnENuGUz,21.0,SF
GAcoFf4m,47.0,SF
whgxOWbz,,SF
aGg0FM2x,54.0,London
WYjnXd00,37.0,Berlin
TSE3uO4e,19.0,NY
uDbGqn58,62.0,LA
qufERC5a,52.0,LA
xeLJSQs5,32.0,SF
Ec7CsTZd,68.0,London
whPCcSXT,65.0,SF
jICYW58w,31.0,London
H3esjV77,,Berlin
LO6OvjsU,66.0,NY
p8DLAdkA,47.0,SF
ymg5gAj2,61.0,NY
Y37aOq09,44.0,Berlin
yoDrVhEC,,LA
2yh4uuZ4,,SF
oWaLP5Ue,69.0,LA
kzgG8een,31.0,NY
y15jrKsi,44.0,NY
HWgjOiGM,38.0,LA
qGdgEHoW,40.0,Berlin
MmPTM9uq,52.0,NY
Kvggg78B,65.0,London
XCMKE6I7,25.0,NY
IwT5CAXM,29.0,NY
HTinxdt9,45.0,London
GtwtkJxs,58.0,NY
F1yVyaBE,50.0,Berlin
nDvA7KVP,50.0,London
nDdLLYRL,,NY
QPhSODyi,,London
GyI0joNA,,NY
UclLGoHw,66.0,NY
HfrVTAhd,19.0,SF
BlSL05sG,20.0,NY
CKCicSzY,40.0,SF
pXOkipdE,27.0,NY
yBjvxr7V,36.0,Berlin
38rjw97q,,LA
dpttgPmL,35.0,SF
88UBiXZS,52.0,LA
FEJ6G4JV,58.0,LA
bCfa6UFP,60.0,Berlin
qEIyGjT2,26.0,Berlin
T2qCbXT6,48.0,Berlin
mJGgswQp,47.0,LA
tCwLoVFj,54.0,NY
Ku8V1eRz,69.0,London
I6WIV2gs,67.0,Berlin
hdHP3EcV,29.0,SF
TGt2Innm,34.0,NY
zjNBB7J2,44.0,Berlin
14930Q02,38.0,Berlin
6Fe8zRKf,66.0,Berlin
ZfDS7FkZ,65.0,London
UiZZIQsQ,,NY
3EwaL09x,31.0,Berlin
kIUQiauP,58.0,NY
u521BVwI,30.0,NY
TfMnt81S,20.0,LA
Kkc0dwwB,41.0,NY
AwlcK3zg,49.0,London
tLHO6TGZ,54.0,London
PRTZ1AjW,25.0,London
9dTKtfHa,52.0,London
fttzmV31,,Berlin
rIgRqAct,,NY
shG20gYa,53.0,LA
3F7JJRTw,26.0,Berlin
8xiNb8V9,56.0,SF
3472c9Y7,35.0,Berlin
lBgu6HvS,66.0,Berlin
CFCm1Qbv,,Berlin
GDwFCrb3,55.0,Berlin
DqzI8Oac,59.0,LA
vfCZLUVV,54.0,London
xwyarFPH,64.0,NY
iSL7fus2,51.0,London
HFu4XtwI,,LA
9qfxLPHs,58.0,LA
CAJF3fY0,23.0,Berlin
Wf7Jo693,53.0,Berlin
4nTFiwar,31.0,NY
hpSsiQGc,58.0,Berlin
D5786rqP,,NY
4n3CyIkk,50.0,LA
RhlXurOc,68.0,NY
qh4x4edn,59.0,NY
gmV8Aos3,67.0,SF
Ks8SUCFT,36.0,Berlin
HkxBUzPw,46.0,London
n6tLCpR8,23.0,SF
WEPDCfrW,20.0,SF
ANOOkWI7,35.0,SF
HMmpy994,38.0,London
YMgYH4WJ,,London
XN2mjaWC,69.0,SF
baw5B8jy,59.0,LA
Ct1nqu2V,69.0,SF
u5hXGDj2,53.0,NY
7XMBMr5P,48.0,NY
amUPZSlU,25.0,London
NTpfEOxX,49.0,NY
KilLtFu2,33.0,Berlin
FSO3Yqwe,39.0,Berlin
pHQBGVCT,19.0,SF
jOHLB72A,68.0,Berlin
hrIaiTsa,,Berlin
ZMLpO7Py,,SF
Ji8uzuJA,,Berlin
iw3zmqbV,30.0,LA
wDYHr2Ik,,Berlin
y5ipZo2G,42.0,London
0P7vNihk,27.0,LA
RP09CpPo,62.0,SF
wrmdSQWK,,SF
zCIX8xB1,,LA
lzKD2iBs,31.0,SF
ispW9qPC,,London
8CFhXCyf,39.0,NY
XaxI6omv,61.0,NY
0RBQixjT,21.0,SF
wFdaDb7v,61.0,London
Lnht1hBz,43.0,SF
uiGSGUtJ,18.0,NY
J7wsz97H,27.0,London
pfF5K1m6,,SF
qY15nCYz,19.0,Berlin
rKKbudHB,46.0,NY
F2W5Mfws,42.0,NY
QqEAe7NU,40.0,London
5njkpAIo,47.0,Berlin
xgc7SlQM,,Berlin
BEHFwNes,30.0,LA
Nqy0vxj2,57.0,NY
5GTdIGY7,51.0,LA
m1ufHcEk,52.0,Berlin
QLANfFjl,,London
pdGtRlEi,56.0,SF
qrNOH448,59.0,SF
IrJSMXGH,37.0,NY
YlMS9OrD,60.0,Berlin
EQMEgssx,39.0,LA
iiKXlgc9,,London
HkEAZiZU,,SF
56V5ARTI,36.0,SF
HPnWhPoQ,63.0,SF
VWr1Xx4c,39.0,LA
sDqWWu4p,40.0,NY
KK41F3l9,18.0,NY
RY4qQeGW,56.0,London
esuWOsLS,47.0,LA
Xey9QIb7,22.0,NY
x4KBwg1C,47.0,Berlin
ONmmank7,24.0,LA
qGGQQrCw,30.0,SF
ikDc8GSg,48.0,SF
U3wY2xqC,,LA
LJuwNXqg,46.0,LA
XnDqXHOr,68.0,LA
9McPkM7U,42.0,SF
tivul96e,30.0,London
5WZNAnDV,65.0,NY
edfAVte6,32.0,LA
McLYR2Wm,68.0,NY
wX2p1aG7,47.0,Berlin
9fY0bkIR,24.0,NY
ezubQ5K4,22.0,NY
NIa1eKXw,31.0,Berlin
ncQieMV3,47.0,Berlin
XgHlG4DB,,LA
q7RMADFj,33.0,Berlin
2uC8NG5I,,Berlin
6dgZgS9r,60.0,SF
Bz1QJ6tw,,NY
xBQJTI8M,60.0,London
u8mPOrik,47.0,NY
DzQkHwRt,29.0,London
YPsTV2Rz,62.0,Berlin
KapuS4JE,57.0,SF
5baVfPCl,47.0,NY
UTwdkyt1,55.0,NY
rUivEoBZ,39.0,London
tsjDiHJ0,19.0,LA
cJIJENf4,40.0,NY
WWYZjyAw,59.0,Berlin
SMIDa5du,40.0,London
hulro2J6,39.0,NY
yix093YJ,47.0,LA
FVzVuNaC,44.0,NY
8lwlE03y,51.0,London
X8Q8gO1c,28.0,LA
IGGfAgL4,46.0,SF
t6wHajhl,54.0,NY
MjzF1PjO,23.0,LA
fpZZu928,33.0,Berlin
z08W7IMn,37.0,London
MrQL04es,27.0,LA
WjBcu935,63.0,London
kZW3GC8i,,SF
ZsKHr3Lw,54.0,London
ckkUWrqH,27.0,SF
s5RQY4xk,61.0,NY
sXXoXRWN,,NY
4ZUEZh5o,39.0,NY
4iK0aF95,49.0,Berlin
sQ2k4TX6,34.0,NY
5rpdHTPD,,Berlin
HpxTAscs,33.0,Berlin
F0mtgKXv,,SF
0EHjgzGg,34.0,NY
trXrgORu,,Berlin
M0zsbopB,19.0,London
qZtNHJb7,46.0,SF
m6oNavX6,63.0,NY
ojrB7j5R,21.0,Berlin
pF8IFOaP,47.0,Berlin
BLY8yr2b,29.0,SF
3g0kf9NE,51.0,SF
6qem55Ss,31.0,SF
vdgxBYAR,41.0,NY
Rk5WV4Vk,41.0,Berlin
iErJXehQ,35.0,London
VW5TZMNq,,London
Yw2X6MnW,,London
j4wQEO0w,58.0,SF
dKTImmUc,42.0,SF
XoB6hxVE,45.0,SF
zAZfqxCh,47.0,NY
AngeAQ6q,42.0,Berlin
9A1Z3gN8,41.0,London
Hd2AtlQ4,57.0,Berlin
zCxiO0z9,56.0,London
flew8mW6,30.0,Berlin
maqVUV14,19.0,SF
EHXNAwVN,51.0,NY
mWFkqEOR,33.0,London
7d7v5VQQ,65.0,LA
ZxohtLsd,41.0,London
59pq2Xo8,67.0,NY
r06Y81iC,19.0,Berlin
xEcfX0CP,46.0,London
6OYHDM56,56.0,Berlin
xBVzcSru,,SF
MVTiBTNG,34.0,NY
tRvrQ5qb,,NY
LaEuiNi5,29.0,London
1YzIgB2S,30.0,Berlin
vGCvaZIx,,LA
E1ZVJC5S,32.0,Berlin
gl9zSyot,,Berlin
w9KNfOgc,23.0,Berlin
acUWJdtR,53.0,Berlin
WSTgIawv,40.0,Berlin
CYEPOCyn,30.0,London
ecx6Dcib,19.0,London
Ws7BetFl,,LA
aymMwwjB,57.0,NY
lLC7bsVn,33.0,NY
mg7qLO5M,,LA
sbijqeOc,,Berlin
JWS0FDnv,58.0,SF
JJFCGWhJ,62.0,London
u7hHuf1L,,LA
7kMycC0q,36.0,NY
4D95JBjk,60.0,Berlin
EJgUVoD0,43.0,Berlin
0aWoIxBs,59.0,Berlin
FwBsMsQG,60.0,SF
5I7MD0G0,34.0,LA
gRrgRjJT,66.0,London
AhFil2lr,52.0,London
JbjFpUMV,29.0,London
lN9pqFPK,52.0,Berlin
c3JoqWxm,54.0,NY
5jjU1gHS,23.0,Berlin
bDPVPtM8,69.0,Berlin
nEfHLngV,27.0,SF
3lsJiXSh,60.0,Berlin
GmrESxTb,40.0,Berlin
nRCAZxj4,36.0,SF
rCLcKk7S,69.0,Berlin
iZ6ghQK9,60.0,LA
h3Jk4lH3,,LA
6gzkXxek,26.0,LA
ufzFhFEx,20.0,SF
7UPXkqYs,50.0,London
tWoiWCwb,19.0,LA
WFvFQ0Jr,51.0,NY
W3kPzlox,52.0,NY
BIuFQxNg,35.0,Berlin
dYzqCAKB,44.0,London
jIjAQ0x2,66.0,Berlin
YVm228rt,61.0,LA
919VdTSM,44.0,NY
4noK5vt4,55.0,SF
s1bGdJV4,56.0,London
e2R8iMlg,34.0,Berlin
QUBMAUyu,26.0,NY
DCAK1SO1,,LA
EXte1S6h,40.0,LA
VuHI7dWg,61.0,London
c25X9FC5,31.0,Berlin
PU9n3M5p,,LA
1NNlYNRC,,NY
JPPseoAA,,Berlin
W4EhHXaS,55.0,NY
shc9KGfi,68.0,LA
1plxBKPs,65.0,NY
no7CkDiu,33.0,LA
iRfzaTVw,53.0,SF
H5QxOH5W,42.0,Berlin
TvZbQ08b,22.0,NY
nFOiwTH5,27.0,Berlin
gZaOPV1L,22.0,NY
tKRzG3oR,58.0,LA
IxnIuUSA,35.0,LA
KQaNPtf4,40.0,SF
BvMQRlYE,55.0,NY
oKV7vVVH,31.0,SF
29Me175X,69.0,NY
xZvSmJav,40.0,SF
CEHvtNhp,65.0,Berlin
N96xE7JF,52.0,LA
0oVdQMzT,50.0,NY
rYu4ej5n,55.0,London
QLKx3A7a,18.0,London
GycG0Xdr,23.0,LA
yfQSu3iq,38.0,London
fxMA2E7K,44.0,London
NFpZqYBf,22.0,London
1MKGZQsI,44.0,SF
S4NzpZYv,,SF
9QIUoAXE,23.0,NY
kvJAhHRt,57.0,SF
3AkaqU4B,42.0,Berlin
oFkTwYwY,68.0,NY
beS25kf5,22.0,London
0AeNHMck,32.0,London
CWCClPbP,63.0,LA
O7mrrnGF,65.0,NY
F9kV3XkA,55.0,London
RLXl0Y7n,,SF
b3Q23YuD,34.0,London
mmJAR0Al,65.0,London
JTNZNuxh,50.0,LA
gFYb9AwL,,London
LaYbiOiw,53.0,Berlin
cTD0lkdQ,,Berlin
Ty9s7z8D,42.0,London
GMZg0Dli,52.0,London
MitonUqZ,62.0,Berlin
VehafPod,,SF
SkTJdn0n,53.0,NY
rDZeTklY,,Berlin
aja9tesV,48.0,LA
hrKQ8PcN,38.0,Berlin
5XWynqNI,54.0,NY
p7jpiM0m,51.0,Berlin
V4Mnp2gi,55.0,NY
Men0co7U,54.0,SF
ttR8pWFL,,SF
K0pqHGxm,48.0,London
LH9Ym1Lg,40.0,SF
FqdJoLEx,,Berlin
s8XclRdq,,LA
lvEhoVcX,66.0,Berlin
VatNsbBZ,28.0,SF
ipHquwrm,56.0,LA
H3Xn5RgD,65.0,SF
hubynuEy,37.0,NY
YO7DpnDj,54.0,Berlin
tpULEc8C,,LA
iE8POAim,52.0,London
Wx29WeqU,19.0,LA
jMfWvdJw,50.0,LA
myWHQ5ag,57.0,LA
9UBu1IMB,41.0,London
VkNwwQmq,56.0,LA
kjcTKjGf,27.0,Berlin
nojWdyPV,63.0,LA
26ft3xyB,,SF
l6Hed2wX,60.0,LA
lN2xS9SZ,50.0,LA
qfMApfLP,,London
j3G4QFRL,38.0,NY
q9pBUbs5,31.0,London
eeQvxhXq,67.0,London
J4Zi0AZA,40.0,LA
96chVynd,,NY
JsRo2KdH,39.0,London
HpX198xV,45.0,SF
EihbafV2,44.0,NY
YKSHzikn,27.0,London
KxmehO8Z,35.0,LA
4Ip4f8Bs,41.0,SF
OKri6ToA,,NY
d3Q3mDLa,21.0,SF
aFruUmFc,47.0,Berlin
ykVABQxT,38.0,London
lh1E0K2B,,LA
S8ZCr7w6,45.0,Berlin
GQYxnDUc,26.0,LA
6vXonfXr,61.0,London
OdMlYerS,58.0,Berlin
C1dC0zFG,58.0,NY
N4B0SD00,33.0,Berlin
7MO82qDZ,54.0,NY
jfyzqNSg,,NY
ISr2om8R,31.0,LA
9PNpjavh,69.0,SF
iHXCIOHU,31.0,SF
hGJ8idF8,64.0,NY
2nQrTGXO,33.0,London
IN5OfLw3,56.0,SF
HiotYqOz,60.0,SF
eu6NDjdP,21.0,London
433ietpe,54.0,LA
fxtl2BlY,31.0,NY
j8kSG1yZ,58.0,Berlin
GcZNLkZn,,Berlin
ne0lqjBh,26.0,NY
6SN876IH,41.0,LA
wif16xL3,28.0,Berlin
WvMp4PMy,,SF
gz0oDjKu,,LA
UqUVJ1MN,36.0,London
SUd3cziz,,NY
4bY1Hze0,,Berlin
l1mc9mHv,,NY
NlXq5EPn,,London
88PVITPo,20.0,Berlin
17Zznlb7,47.0,NY
v3XRyUZm,,London
B8ZpcUTk,63.0,SF
ichTbLp1,68.0,London
aF8V5i81,52.0,LA
Ja6ZdNx4,32.0,LA
IguuWBiY,60.0,London
1LHhda6Z,39.0,SF
tXOB1LyZ,,NY
14jD3ImT,45.0,NY
ZmBQ6rUu,,SF
Oovd7ubq,56.0,Berlin
bta35Ae4,56.0,London
J9rWhQQt,56.0,LA
KT73XFU6,34.0,LA
qLB3cZWb,21.0,LA
90vC6Tvd,21.0,NY
QiE45wR8,,NY
N0wQC594,19.0,SF
XqkTzSL8,54.0,Berlin
Joh9yjBu,27.0,London
HdaVPIj2,35.0,LA
QUyP0lxz,45.0,SF
LLANLnoY,,Berlin
vQR46K4s,52.0,NY
4OzuiT6u,,LA
o559Hxs2,,London
R7fpR1uk,,LA
YfQLEwIS,38.0,LA
anW1jZUL,42.0,London
KF2k41B7,,SF
ssGzGzKq,24.0,London
Ot2KPaqI,23.0,London
4ngkd1fH,37.0,NY
LnbDIdtE,62.0,SF
itj7miOg,22.0,SF
Uy4kiaO9,55.0,Berlin
pzh5PYLi,,Berlin
40epNdGi,,NY
Wrkqg346,42.0,NY
JQYBinna,35.0,Berlin
WeNmEp1k,41.0,Berlin
w8x0nIJz,32.0,SF
Z0TYNRUk,25.0,Berlin
wmaHZpHL,30.0,London
QqtHBE8g,56.0,LA
XpHLUJsE,65.0,London
N2XmKmOu,69.0,Berlin
5SIPVorC,42.0,LA
dBvCrdjI,40.0,NY
ogbEwtDC,22.0,Berlin
64Klilvq,69.0,Berlin
RJivPVi5,39.0,NY
fezB2cxa,64.0,Berlin
yYlTEDlX,39.0,LA
93fRff3o,42.0,NY
ucTUf2Ng,64.0,NY
xAFg85ik,18.0,SF
4DXU8N7o,,Berlin
mMMZJ4Ze,69.0,SF
hSikr4Xu,,LA
dSu3sOUd,43.0,LA
OcPAbNCA,53.0,NY
yg9kNeo3,32.0,SF
zwQuJFhE,52.0,Berlin
egcwUvpA,55.0,LA
iR4OHbMs,44.0,SF
OK1RgfaW,31.0,NY
aajxWQ6r,51.0,London
bXcJe5hq,42.0,NY
19yWR0P3,44.0,NY
f1Lx8XG4,38.0,SF
xwRnKK7N,65.0,London
ScC5M8OD,52.0,Berlin
U1LOiLe4,69.0,NY
3tl5reKv,23.0,NY
jOHvggxz,52.0,London
gU7xPqkq,43.0,Berlin
pfR3t1tt,32.0,NY
hJrV2UWc,22.0,NY
Tf8w4SLe,43.0,SF
BaEfmr0C,,SF
BDwgO3S2,42.0,LA
uEl2ljJN,,SF
kQMJaQnt,,Berlin
5x1MAj14,,LA
GAwEWvBO,37.0,SF
SCGtfHQv,,London
0Rrm8zii,19.0,SF
ei2A7mSQ,25.0,SF
HXzemSYB,36.0,SF
GnDzsmdW,46.0,NY
WwKS2AcK,65.0,London
nUDQDFqc,36.0,LA
PqOxqIFZ,26.0,NY
DA34i4xZ,25.0,London
Ovfqa1Iw,66.0,LA
46Gq8SW8,32.0,SF
wByM6NRg,51.0,NY
bxDkw3qn,21.0,LA
OQUlPt3I,44.0,SF
hZaPXcW3,55.0,NY
LAYhmNjN,64.0,LA
s1LyqJAq,30.0,LA
f3Bjv9I9,,NY
mtsMMmML,52.0,NY
Q17Ftxbq,69.0,LA
Op8Y4t38,65.0,Berlin
9F9BerYB,63.0,SF
TXgiI6bM,53.0,LA
sx6OMr7S,,NY
ecldbIi9,40.0,LA
E8vFZwxQ,40.0,NY
axaHsw3h,21.0,SF
k2lZY0zB,61.0,NY
6mrcZB3z,,NY
vRuasZAz,,Berlin
zqTxHmHw,47.0,NY
pGBBYDri,58.0,London
tkwkBDAl,69.0,London
dATNSnq5,50.0,Berlin
A8fnpwbK,65.0,SF
dBGytH9c,57.0,SF
0gVtT1LI,30.0,NY
X6umXT78,35.0,Berlin
lqKDUvF5,,Berlin
kEPvxK02,50.0,Berlin
ZRQmDCK5,24.0,London
ixciebMd,31.0,SF
w6UhTKns,,London
o9pyYKWx,65.0,SF
A7WxtzfB,31.0,LA
UqXzIAEu,,NY
1S7u0fkB,,LA
2XPFd6hx,69.0,NY
6shQclEo,56.0,NY
8y2iHBal,54.0,Berlin
yhjnEFHX,63.0,London
BzM6hEsj,,London
3SZdjIIV,,SF
OuNwcI5L,57.0,Berlin
1ZVJSCkM,59.0,London
dthSv8h2,60.0,SF
EGo0I75O,54.0,SF
tHvz2Jl2,64.0,SF
EMVluJih,20.0,London
Y38Y81RD,24.0,NY
Vyth1YOy,24.0,Berlin
aOivcdv2,69.0,Berlin
6b66IbFW,55.0,SF
z2O0dE7w,23.0,SF
kmNAAkTk,,SF
GHP343lY,69.0,SF
e4qetb6q,61.0,SF
TRKPKShP,53.0,SF
c4fkRcsw,54.0,Berlin
4sRkW50w,65.0,SF
Vj0u6gyP,44.0,NY
dsporh7P,,LA
gzE3HQ9e,18.0,London
y8UEwYjP,18.0,London
oUEpDEQY,65.0,Berlin
I1mLVzgy,38.0,London
qswMCorY,54.0,SF
emH2VIef,45.0,NY
NVr4fwGY,66.0,Berlin
fz60YV5k,,Berlin
mOHbovts,53.0,NY
Mm5xcyW8,19.0,SF
u7lam6pd,19.0,Berlin
ysLcTWt8,,NY
hGav97bv,19.0,SF
6yTgNM54,18.0,NY
vmM1kbHo,66.0,SF
bKOHfHLg,57.0,London
yuh6L4K8,35.0,NY
JNmsgjQT,58.0,SF
YZk3ZB7p,,LA
poPmBIEL,44.0,London
bRkKP2AO,,Berlin
kesSkglQ,56.0,NY
tcHl2yUR,43.0,SF
bnoXu8e0,,Berlin
orgyoQYL,57.0,Berlin
08FoRvee,,Berlin
E7SzEAqT,,Berlin
x33kq9BF,45.0,SF
IN2JmJ19,53.0,SF
Rt2jkQEB,33.0,LA
i8UXRcRd,52.0,LA
0UUoq62s,69.0,SF
SJ1ThiOc,39.0,SF
F4ct4wMX,33.0,LA
4sDie90k,50.0,SF
HMEvDVlo,30.0,NY
Bwxb0m08,66.0,NY
sGJL5xKy,,NY
fQqA5e0Z,61.0,NY
3q68kkW0,33.0,Berlin
GXBBxjfN,,NY
vVTQFxMQ,,LA
v1Sc9ul4,59.0,Berlin
B7sLPjbv,45.0,LA
LLtrvF2b,20.0,London
cpF5VrGZ,,London
ANra4QOx,38.0,SF
Pl2uhzlX,49.0,Berlin
7YyNhkEx,23.0,NY
pmhMkHiO,22.0,London
zVVoexMq,41.0,Berlin
1Tc60h1O,,NY
XLz6yoE1,40.0,London
5Q82T8BV,33.0,SF
MrbwcGtq,25.0,LA
9OzXQAm6,62.0,SF
IGkozmwt,42.0,London
FkUXaLeS,63.0,LA
ZJg2Zj0t,28.0,London
5pnM5np1,29.0,London
fCRueItv,62.0,NY
oJyvuGBp,25.0,Berlin
WRkRAPsw,27.0,LA
ETSrcCwI,,SF
uUiMVi7s,55.0,LA
va9dsuV1,38.0,Berlin
u0yH7TOp,68.0,Berlin
enOH2tSi,35.0,Berlin
tPyewAlZ,35.0,NY
MwC7c8Ik,,London
sAWRdpvg,,SF
m28CArgP,42.0,SF
XSDc3wOI,48.0,SF
OlLilhHl,35.0,LA
ATpgXdbt,33.0,NY
83EMSQjU,62.0,NY
aDzHCKGv,60.0,SF
4bDLl5hE,35.0,SF
GGeJPz4X,65.0,Berlin
2jzuolYd,31.0,LA
2hrWdTmQ,24.0,Berlin
DRIU19iw,55.0,London
s71kKE6t,66.0,Berlin
grbfUyXg,46.0,London
n4qIZ6sh,40.0,London
ZE2UA2u2,64.0,Berlin
3HKQOWQs,59.0,SF
PPsDOlF1,66.0,Berlin
h3tvmpOi,51.0,London
ZZNjUWs6,34.0,NY
XiQExMDL,62.0,London
hGiJCS71,35.0,LA
luy7g9Nh,36.0,NY
88GQ9IC4,,Berlin
fG4aHMPD,46.0,London
ilcbKUOT,,NY
rfVx2yxP,35.0,SF
QOW3IkDQ,,Berlin
yj1A2AX2,59.0,London
E997xYcd,53.0,LA
83rEQOds,53.0,SF
If2bpsAo,,LA
Auc96JMN,,NY
CBtjrJfr,,LA
FePlyT4B,27.0,London
8w3vWYRp,32.0,London
I1ex3Sfz,29.0,LA
kPaUX4JE,,NY
JL7ZpdfZ,21.0,London
ysxleHAj,26.0,London
czEDe4Sy,,LA
AvmQZCfq,59.0,LA
LSc7YmDq,27.0,NY
MflGHBGV,48.0,SF
m1yb8unB,54.0,Berlin
slcvGBIN,28.0,Berlin
ZeE09wXM,44.0,Berlin
onmtrSMF,63.0,LA
gySyZpOj,,London
PpVnRfWK,,London
nVdC29zU,47.0,SF
o2euMUzl,60.0,London
0dUAt73W,52.0,LA
e5p5FGgO,62.0,NY
8RxW5v1D,35.0,NY
jafRJKhb,67.0,Berlin
5xfmM7Te,23.0,Berlin
JEA5E3lq,30.0,NY
LM32o5tZ,,Berlin
yCDEQ7Fp,,Berlin
FlOacweC,24.0,SF
rfflI2oM,31.0,NY
l8wkDD0f,26.0,SF
bgzBvDCp,52.0,Berlin
imBfPs5e,,London
jkc4PVMW,24.0,Berlin
AA5VSk8y,56.0,Berlin
nPVfYElR,,SF
df4eVOpE,36.0,LA
ijR7tqFw,44.0,LA
1XH2kwya,19.0,London
2w2ODvCx,69.0,Berlin
rrPjj7FW,31.0,LA
0YmHMCIi,54.0,London
VMBVucxe,50.0,Berlin
2HTDHmDh,61.0,NY
lOaskuEJ,29.0,London
2dRWVlck,68.0,LA
Q9lGRVU4,38.0,Berlin
a1fFdzhh,47.0,London
9paXCo20,39.0,SF
nGM9Ldfq,,London
CpkYaEO0,46.0,LA
p4lMXQpW,41.0,Berlin
8hdA7wYQ,49.0,NY
9kMs6lsK,62.0,NY
c5WclZWG,29.0,London
bE359mnI,,SF
ipzahTjx,19.0,NY
eBlVT88r,,SF
dBIMqgPU,36.0,London
00FWtfiX,68.0,Berlin
HvmQNfuq,35.0,Berlin
NMfNwUH7,51.0,NY
CBflUsJM,,NY
EKXNgXia,62.0,NY
RTmO25Yq,55.0,NY
Yb3qmNpa,,London
15k1PdFf,,SF
xRBbIatX,23.0,LA
0K84P50Q,68.0,London
k2at1ssX,58.0,NY
Q8PK5aeR,,NY
dd2rYCNf,,NY
ZcvmKQ0H,40.0,LA
1N3az2Wm,,SF
wfKCrPK9,26.0,NY
gOVaQs5J,54.0,Berlin
4ILMu4Rk,55.0,NY
36DydHV0,38.0,LA
L9hHyvs2,,LA
xVJH32nO,,LA
1dbEP1mY,28.0,LA
myfhE6mx,,London
Ul69yW2w,,NY
DD1bAleg,45.0,Berlin
YZHNFldu,37.0,London
BW0ZMvTE,64.0,SF
3SsqgIZQ,62.0,London
5Htk5XFA,,NY
v4TgRRam,63.0,London
MpPqCaEI,55.0,LA
Vxk8LNi4,21.0,London
7AC0s8OB,35.0,LA
KsPvR26B,67.0,London
ws01GUjD,46.0,SF
8KDYn6wc,53.0,NY
WlVnLYiH,44.0,NY
JzhY6gWF,,London
aCwvwVYx,52.0,LA
QSbyRB0B,22.0,SF
UrifojdM,69.0,LA
0s2FLpLt,,NY
UexGqvlr,53.0,LA
7RkpuppG,,SF
SdP91yGC,61.0,SF
T9HdkNLw,49.0,LA
sLOsneKI,56.0,Berlin
g54aUSMb,62.0,SF
dT9ZAbDf,48.0,SF
qDGxRpMt,57.0,Berlin
7P2OVO4g,62.0,NY
5BV588iB,61.0,London
824VrCVd,59.0,London
D6LUBgzM,27.0,London
hn7BMdJG,48.0,London
ZLx1ANHK,25.0,NY
jaFhydiv,44.0,Berlin
YC865OGX,46.0,SF
AMqjaMY5,31.0,NY
CNKdzGkB,40.0,London
9ipSb907,,LA
SiuRBceo,69.0,London
SeRCfkZj,,NY
LilXGg3S,58.0,NY
o6502xe4,55.0,SF
vG1f1QJk,44.0,LA
lxds1AoP,,London
Wx4baDnx,,LA
z1z4evhW,20.0,Berlin
xfWbUGdF,46.0,Berlin
teL0G4L3,30.0,SF
KN0ms6ii,44.0,LA
ZQf9QX60,60.0,NY
dOT4B8eU,49.0,London
NfFjwEYp,63.0,NY
OZRDr9YG,,Berlin
OhJF6mue,67.0,LA
vI2y0GV1,54.0,SF
Aly0f0Pp,20.0,LA
wE7lk7Ad,56.0,Berlin
vCD2lccw,23.0,NY
1Xnn3Rkt,20.0,LA
Q1heUDpz,69.0,LA
WxjFz5CF,30.0,London
8F6OOfIN,28.0,SF
ZcqT0sSR,,SF
dkyE6usp,19.0,London
sBsnS9mY,57.0,London
JYTJZeuX,,Berlin
345MBedv,,NY
e0htNlHS,64.0,London
yvlLE7uj,57.0,Berlin
mXdAd8Dz,29.0,NY
Oy8zPCGo,40.0,LA
DziCegsG,48.0,London
aa1Fnp2d,27.0,SF
zwUObINh,,SF
2SSSfu8S,,LA
OdNmLDgJ,,LA
mN1qygH1,48.0,LA
ZwgXDt2S,47.0,Berlin
BbuolM5k,32.0,LA
N1aBsvGa,63.0,Berlin
yEb8JM0V,20.0,London
v8Cngb2l,35.0,London
j3intdMq,34.0,Berlin
us6xPUFc,,NY
Wg1JfuWT,63.0,NY
63p6CkPI,33.0,London
kbazqWcl,,London
EHWFo297,44.0,NY
sbGaRCCZ,60.0,NY
ZxFPxvxz,54.0,Berlin
omFuCUOC,,NY
nD7eLxYL,37.0,SF
PbfnNzZX,42.0,NY
BZ8f4hCH,67.0,NY
TiCvGGdh,31.0,SF
FIgkrvPk,,LA
ThU449nb,22.0,SF
IzJC7ves,54.0,London
wh6Sum3u,27.0,London
nkDRH0GL,27.0,London
TqdslKY3,,LA
UGBNmSmm,31.0,LA
YQpHdSpr,,London
2uS0TQXP,,NY
lEaJlVoa,41.0,Berlin
hFX7Cc1r,,Berlin
iCD2iG7S,43.0,LA
KJcFAsLW,56.0,LA
uVEeNOEX,61.0,Berlin
viWTtS6u,64.0,NY
EEMn2hqG,,NY
pxMWpPur,20.0,LA
1L3iWWmp,65.0,NY
RVwej5Np,57.0,Berlin
RUQqiQsU,,LA
KWqeu2bd,49.0,SF
7gIbQUrI,43.0,LA
n2YN9VQZ,20.0,London
6iXS0lUB,29.0,NY
NtZjZfy0,31.0,NY
6w2or3oz,36.0,Berlin
iAm5NLwv,21.0,LA
gHSm9I3l,,Berlin
1WyF7MNy,52.0,LA
X2ueIV4l,,LA
MIWVHjcw,65.0,SF
qNEfsuJZ,20.0,NY
kHcenzl3,20.0,London
dWfNudiI,56.0,London
hePY3vC6,59.0,NY
3rmYhgR5,33.0,Berlin
HyNwmyDX,,London
GY9GW3DW,36.0,SF
L0D0sqZk,,SF
N7YDScV4,,SF
eJyeBUIj,,London
d6AAO5f4,63.0,SF
aLv5AeJS,34.0,SF
v28WQcgP,24.0,Berlin
SzTUMVHp,25.0,NY
tyevWOec,54.0,London
Q1cRWsWK,69.0,NY
k2pssG45,29.0,SF
mgESqkRw,45.0,Berlin
UfNrnMUP,19.0,NY
F5z1zFez,65.0,LA
FFyAeJr3,45.0,London
o4m9hv33,,SF
fV4izzWJ,44.0,SF
0pechrvJ,52.0,LA
FhnLrfuE,,SF
kOcC8ysV,66.0,NY
m91KFUwy,65.0,SF
wpBuPd43,,NY
GD5VxADK,64.0,NY
SGrYI6wb,50.0,London
GwDVuMjC,61.0,London
nUc8TQ6e,59.0,London
3tfhYSXY,40.0,London
KZEywwNN,,LA
URXdQOZJ,55.0,LA
2kvN5z1n,,Berlin
j3OSlhyc,69.0,NY
5MgcgR4r,55.0,Berlin
ojcXIuB3,68.0,LA
SLU9kK3M,21.0,Berlin
ShuoZDc8,,NY
cOil5PMN,22.0,London
xPNkxxTs,33.0,SF
xr0zr39Y,35.0,LA
xJTNnFbM,62.0,NY
1kmbB1wk,62.0,SF
HzLdVV3d,35.0,LA
8GgFEpmE,25.0,NY
Wa1DRl39,46.0,LA
Z0DssLXZ,38.0,NY
gIYLELWD,,LA
mVN8IYr3,44.0,LA
HocaMlZ9,64.0,London
HpCs8Not,,NY
zjfAyhBb,21.0,Berlin
Jl4xS9KL,65.0,SF
MseXpmH6,29.0,LA
f4yNO2rR,,London
5qYTyxN4,42.0,Berlin
w0i30U3s,40.0,LA
wmSvWxC1,34.0,NY
ZUc9gqBR,69.0,SF
FeaQG1iI,59.0,Berlin
3b3F6Ogt,64.0,SF
k1H0gLik,68.0,LA
F4r19Vwc,63.0,London
Uq3M7K2U,18.0,Berlin
MvcGdx6z,38.0,LA
7OS4VMWv,53.0,LA
4C7m9FAf,19.0,SF
rHTKJx6t,40.0,London
ctGqTuAM,57.0,Berlin
YmpFQcl4,,SF
5DXatxuF,60.0,SF
em5oo33C,27.0,LA
CYiLLlLH,60.0,LA
JVdiXcYW,26.0,LA
dcBgh2xN,46.0,NY
Ha5E16Wr,,Berlin
6B40moJ2,53.0,Berlin
7DyR1lAt,46.0,London
Sc1ePdA5,21.0,NY
QyaBMERh,38.0,London
NFmIImId,50.0,London
h5SJhXsE,48.0,NY
5JJRwiID,45.0,NY
y2Q9Uas6,53.0,NY
1Wh5aJNZ,50.0,London
O6sn5SV2,21.0,Berlin
UHFeCekL,21.0,London
DPw5yrNV,50.0,SF
ZPdzGDMS,31.0,LA
KHt87wcq,65.0,Berlin
UdwaezQE,,SF
1aSj69qd,41.0,Berlin
nr5yXLRc,42.0,SF
TWAiRPFK,24.0,LA
m79fGEJP,63.0,LA
6XP65Fh5,45.0,Berlin
jDSohEXB,,London
p5LePuEy,63.0,SF
Djf7VT75,,LA
hIdI0r1h,19.0,SF
4Arz8tIw,37.0,NY
SOB4OLc9,29.0,London
DpEoWXb1,,London
vhiihsDA,24.0,Berlin
bZD6hHEw,51.0,SF
03dh6KbL,38.0,SF
j03qYegM,,LA
i4VfboNV,,NY
CKTNg266,,NY
Tj2xRALp,,SF
kqKQ3e9T,61.0,LA
kMXk9UAG,38.0,London
bR1U26D9,33.0,Berlin
b1j4jKat,68.0,London
ahUjPIpW,37.0,NY
ebyflZCW,67.0,NY
71MKyMHG,63.0,SF
9AH3LOzQ,64.0,NY
nsPZ3zvW,57.0,LA
owWZo7xx,,London
E5W7vlps,,SF
CKp7NZ1q,38.0,LA
4Zxd0w5A,,LA
NJR6zQQA,48.0,Berlin
WG3FQQW6,67.0,NY
5TqVdnMI,27.0,NY
fYnuhvCa,37.0,LA
UeLplJSJ,31.0,SF
FOKuIhxl,36.0,LA
dSGVazzn,47.0,LA
w4bCB9VH,33.0,NY
fhaNwIaF,39.0,London
gC9btYJd,37.0,NY
I67VU2cX,23.0,Berlin
HhvqQOUP,62.0,Berlin
liSe16aj,60.0,SF
rOBE2MTG,50.0,London
DCbaU3nz,,LA
Jd3LN7tr,36.0,London
as3GZFDJ,,NY
B8ogSvbT,24.0,NY
JOQnEA6G,51.0,LA
bqEE34D3,37.0,LA
ksr7fXnC,32.0,Berlin
azMTR7N1,55.0,NY
LLnzOxQL,18.0,NY
aVexADTx,22.0,Berlin
rlVl3b0s,51.0,SF
n7f60z64,38.0,SF
3pgbe4Sg,31.0,Berlin
cAEcCOTu,34.0,NY
VKQY8wh4,,NY
IRykvfAi,44.0,SF
pahbQYCt,23.0,LA
erD8mfQm,56.0,LA
rKyQ04ya,65.0,Berlin
mkTtA5gJ,,LA
K2rCYlui,44.0,SF
ugkt5aQs,,London
JUQgYE2l,,Berlin
0Wn1rdDA,39.0,NY
Lknj22bZ,49.0,London
8VJYRrJf,,SF
Jw1h4I60,,NY
4cxx5jZc,,LA
0XFu0Aup,69.0,Berlin
dmkKyn28,43.0,LA
xbKJeyho,50.0,Berlin
OqrTY0hs,18.0,SF
k3UfIe8v,57.0,SF
fTgvMnyV,60.0,NY
yhZjggtn,61.0,Berlin
aN8CxsMF,53.0,London
iKGPaTML,,LA
iaj8luIG,42.0,Berlin
B9rMzIbN,30.0,London
NycIx7XH,,LA
W7NDSWFK,,SF
8SFcUjiH,29.0,SF
NlYb4uaL,38.0,NY
gXyz8Bb2,40.0,SF
zYsf88f3,35.0,SF
CmP2pPiG,30.0,SF
QYS7pN6Q,36.0,Berlin
KxIChMtO,52.0,NY
xOYcx367,63.0,Berlin
Wdz0J1q2,65.0,London
lXuZDcLl,51.0,SF
WdN87Qae,69.0,London
Goa91Ygj,18.0,London
6mo0et2m,,Berlin
3dN1cVh2,,SF
IAIUidEc,,Berlin
ItBkGSyB,21.0,LA
8kGsWTt6,54.0,LA
n48KvErj,24.0,SF
ViGPI25y,,London
4oYnleEJ,,Berlin
Mx7ZlVr0,57.0,London
NAJNmVyB,56.0,LA
Lt572Q4m,52.0,Berlin
uC8jJ5AH,51.0,Berlin
TZ3Fbap9,35.0,Berlin
YmYg5a1K,27.0,SF
aUiSJiyv,68.0,SF
HlMxNti2,32.0,SF
YQGkJJnQ,43.0,Berlin
NhyZ8jAI,,London
OmazQPgF,68.0,NY
EXxbwCeF,20.0,London
6oAgqPaM,30.0,LA
4NWNsK3F,51.0,LA
6G2UNH9c,,SF
1txWslS3,34.0,NY
wtwQvLcx,18.0,SF
pzc0iCaf,31.0,London
oEjQtMLT,18.0,SF
Pz47mXat,41.0,LA
TfstjRXq,28.0,LA
W9wv7umK,20.0,SF
t7QaLMfJ,30.0,London
wTqNB1UW,39.0,Berlin
hPtq4seU,58.0,London
FxtAAOfY,64.0,SF
2Ms3s13N,58.0,London
wHISXlPj,47.0,LA
bHBGEOwy,42.0,NY
ACNNwutK,24.0,LA
nCMOoDue,,LA
xLpCGtG7,56.0,Berlin
tVCO7WFw,42.0,SF
q6SXbhYy,19.0,Berlin
5gFWjqCi,,Berlin
tcwNCtqd,39.0,SF
rrpoA0BJ,,London
RKJJ8Jeu,35.0,NY
SYc2OSP4,33.0,Berlin
tegSTln2,27.0,Berlin
MuOguK1S,48.0,London
t5lZ715a,65.0,SF
kQ1VbGJ3,,LA
zGNBq7jL,51.0,London
UCZE6kS9,51.0,LA
ETVlCTdY,59.0,NY
vdrqe7qo,29.0,Berlin
Y8DXxDIB,54.0,NY
gMwQOx3W,57.0,LA
BTw3Ff0J,34.0,LA
B1fxYGrc,58.0,LA
neATc5SQ,,Berlin
T2u5TtSi,30.0,SF
OikpHO9O,,SF
V0766El8,25.0,Berlin
hOM567xw,34.0,SF
FRUrW3rz,28.0,SF
SbXCdN47,57.0,Berlin
FKzEWOt1,63.0,SF
SAW0mSHn,18.0,SF
qciXhDUF,49.0,London
pcmXLUla,61.0,NY
lpzmwltu,69.0,NY
Bmp1F2zd,27.0,NY
OYBqbBZs,61.0,London
82mG17UB,68.0,NY
zonUfsSQ,32.0,LA
U2WouDok,20.0,NY
0zaSVJX7,26.0,Berlin
WlZ2Wox1,,NY
AgGK4ZS3,27.0,LA
4IwwKRI3,25.0,NY
jJ05boYE,33.0,SF
z9inmeYl,28.0,LA
boxD74xg,40.0,Berlin
T4HLw3qr,39.0,SF
NjiVSFQr,57.0,SF
dJO1itjX,35.0,London
Byhypq4u,,SF
NXR6o4p7,20.0,NY
HG4UVV2Q,25.0,SF
YObUwq8O,22.0,SF
0V4ilFwQ,44.0,London
NitXPiIv,22.0,NY
sTk7pgug,,NY
nc0N5Cw1,34.0,SF
zTn31cEb,63.0,Berlin
74yllyMj,35.0,Berlin
tbecGPr8,,NY
urbY1oxM,67.0,Berlin
p1bSCdf2,,NY
TOof8p44,66.0,NY
vXMDgX6w,67.0,LA
h1CIWAJF,33.0,NY
H7kZkQ20,24.0,LA
dm6R7PVJ,,SF
w0NbRBFv,61.0,London
2IDJaxnD,43.0,NY
ah3XibmU,46.0,SF
4oqQuotU,33.0,NY
W8dXCw4a,63.0,NY
gqHcjh0A,56.0,London
rftXsAsZ,47.0,LA
Hhv4W2bX,42.0,NY
FwLlaTsp,,NY
lIR8gZJZ,31.0,LA
CTqQDNGl,,Berlin
Wp0yFW83,69.0,London
OQK3fG7O,31.0,London
Ik13COu9,44.0,NY
nf1g0W69,52.0,London
Pn89iNyi,57.0,Berlin
7ji8sICc,68.0,NY
rt4DTJ00,29.0,LA
x8QvcbIs,60.0,LA
cYxsZTy3,38.0,NY
LCEZTCch,28.0,LA
7tBzbizY,20.0,LA
9RNPiOpi,26.0,NY
ScGGZDUv,60.0,SF
gbTfCdiv,36.0,London
vADhMmUe,59.0,London
P9x5JLfs,40.0,SF
3H2iztTi,33.0,LA
FEEn6I9E,,London
nftHXIfx,49.0,Berlin
5Gib8gu4,18.0,SF
R2CBrOKt,21.0,LA
JzHAHMPb,43.0,Berlin
G3sfu2kH,44.0,SF
gQucgeJL,57.0,LA
9fqDBMME,,NY
NNh7hxZP,47.0,LA
pIGdUnax,55.0,Berlin
R74uvPOt,50.0,London
5yqOMvbi,,SF
5xfneC5C,50.0,NY
TgayxtkE,,SF
6YJELQFh,48.0,LA
N2NhoNs9,65.0,NY
8u544NYx,44.0,London
CMDoulMq,,SF
BfefcwDs,39.0,SF
6IJ6f1m5,53.0,Berlin
7Sez5n0d,,LA
hxmZhfE8,42.0,Berlin
wdKFvTOR,19.0,NY
ID4HZCSR,63.0,SF
r95PtAU3,,NY
qtL0adGZ,40.0,London
hLBRCJMM,,London
SElvgG4P,29.0,Berlin
kYZGNhyV,,Berlin
ciMrilwa,63.0,Berlin
1rj0alEo,,SF
ZMzqh3LR,,London
TcLlAJM1,65.0,London
R92QbzH5,38.0,Berlin
7Q7pwFzp,65.0,London
dgqIuRnX,59.0,SF
EcEt5nRR,,LA
sVdnwpAz,,SF
RPJbTP5n,54.0,NY
4QdYfw0r,21.0,NY
vOtu2CDO,43.0,Berlin
0HrUCPdC,37.0,NY
o3MA4qQ0,24.0,Berlin
PqXPbDp5,55.0,LA
tWjkT4NW,64.0,SF
vjIO3wRA,44.0,London
B2kSpAbT,,NY
0JhkbSFu,,LA
g4mi6jPR,49.0,SF
I2qfC7MB,27.0,LA
YuDLFQiF,,SF
ctSGZNda,28.0,NY
LDkq6UKx,,Berlin
AgUBNSYV,19.0,SF
X4NVNxQG,,SF
YCCfOFRF,23.0,LA
GH4XkhT1,20.0,NY
PCoqbz5a,24.0,LA
KDMUAiJE,52.0,Berlin
UmKoNqFq,64.0,London
vCt1J6KM,30.0,LA
musbWnx9,55.0,London
hWJSUUBP,,LA
d61IqS3Q,19.0,SF
bokzaJUx,68.0,Berlin
BRnaAbxY,25.0,London
3hCLhXNv,26.0,London
aFlgKXri,51.0,LA
R6PToIQf,,Berlin
PacXhrso,,LA
bbaWQWZJ,46.0,London
hYny00SQ,,Berlin
dfojTMoJ,64.0,LA
SgQEL8Ph,53.0,SF
gNbT2cvX,39.0,Berlin
rs2CKaP7,,SF
VAjOPENe,30.0,Berlin
SXJxfr6t,52.0,London
l3JsMrm6,61.0,Berlin
gAToyFFf,,SF
d8iSpSzT,68.0,LA
8hUpFL7H,26.0,London
wAZU4kQ1,65.0,SF
qZJlKK9f,35.0,NY
z293b0XG,43.0,Berlin
Ae27mQzS,46.0,NY
uGUGfIRo,65.0,SF
BlWAHqQP,29.0,NY
ZfWd4i1f,,SF
NDkoIV0o,,London
ZC6jyDu6,36.0,LA
ob7R0178,,LA
fVmCgP4g,61.0,Berlin
rbNHwzSy,,London
bd3XnKob,61.0,NY
YXgRgDF0,47.0,London
WztNV2kc,48.0,NY
hdIf1UFH,36.0,London
wBFbOppu,,LA
iK9Ngvt7,66.0,Berlin
LoT4NeZK,,LA
bTZsbSmh,27.0,LA
7G5G0wBt,21.0,London
SPKLMkXz,35.0,NY
FfAnQqlR,62.0,London
OHbeQg1f,,NY
GwbkfFbR,37.0,SF
vs60Ymsm,,Berlin
GH94cguC,53.0,NY
bh009pqV,,SF
y7ax9aZ8,49.0,Berlin
QoCSH6Ps,69.0,NY
cvasj87v,44.0,LA
9kYXdPIK,58.0,Berlin
2WTTkSAE,41.0,Berlin
UFoBW18b,,London
qICq9QIy,41.0,Berlin
gh0tAyFl,46.0,London
D7oiVqw5,56.0,SF
QS07gza0,,Berlin
ARbNiL10,27.0,NY
qI448ZQh,64.0,Berlin
Omtnv9Iw,26.0,Berlin
JkvkoC0P,67.0,NY
m2w8hMNQ,28.0,Berlin
g2KBpMU5,,London
zslz3BiB,19.0,NY
nPjqEOms,43.0,LA
kNNHbI6d,,Berlin
wGQKoTVv,,Berlin
Twc9J7BE,52.0,London
CaOtcfEe,63.0,NY
YJfjJgdV,20.0,Berlin
fcwAFkqv,23.0,London
yVH8Vn6p,,LA
kWcoJwob,40.0,LA
5OjldtTe,52.0,London
GYWWlism,32.0,NY
ZPOCef1Y,25.0,Berlin
Kw2ZHQdC,49.0,London
laVq4ouo,51.0,London
7x6pu0oc,28.0,London
fZZpvXbR,63.0,SF
SpjOr85i,20.0,LA
ayYHv58K,,SF
278AklqQ,,London
tMiDFEA9,35.0,LA
ltqKeWh6,35.0,Berlin
0v69BK79,29.0,Berlin
pSLSnYck,44.0,SF
MCaXvyBb,68.0,SF
2n564PtY,36.0,LA
5SP51QQJ,58.0,Berlin
tT4pYN19,50.0,SF
P0pdsuxA,42.0,London
b5iCwHvf,61.0,London
QlnV2cA9,19.0,SF
EugTmlBG,19.0,NY
NavQ7cix,,SF
8PlaXZb2,39.0,NY
rBial30L,50.0,Berlin
HBtQGgku,,SF
xo72PVw7,22.0,Berlin
BxLKE1Pl,,SF
wuHC5dDz,31.0,SF
1RRuOwmn,57.0,London
FIlJcoGo,,London
JrX8iPxu,67.0,NY
I0Tam1MM,27.0,Berlin
wHDb7vdV,58.0,LA
Z6G8UppR,,NY
rFrmEFG8,27.0,SF
622lGIib,,SF
kHnqFGSx,60.0,London
RPEUvIxP,66.0,NY
bVlzHuAm,35.0,SF
HqGKcAk2,34.0,Berlin
Jfi8iQ8l,48.0,LA
Om928sN9,,LA
5slCD7Im,42.0,Berlin
qRwSVMAy,29.0,NY
cZ8EocoB,64.0,NY
uWX4KKrT,38.0,LA
Xs4aPwJV,34.0,LA
WcrE6Pxz,37.0,Berlin
mISxBU2C,46.0,LA
JmZjPemo,20.0,Berlin
fKl644AJ,24.0,Berlin
vkOORfll,50.0,London
LLFMC2XT,43.0,London
pHWPExca,37.0,SF
yu1a0Lck,60.0,Berlin
ER0d5CsB,54.0,Berlin
V16W8yKY,49.0,SF
pCaWyzuy,,London
ZSu2ZcOY,38.0,Berlin
S7pX5pvH,69.0,NY
7EInidNG,58.0,LA
fGtNSOiJ,25.0,LA
aVlbGtMT,19.0,SF
QMc7EsS2,68.0,London
MPs2SPxM,65.0,LA
uMosxXRp,33.0,SF
HsOIz4Pk,,SF
X1rtWqTp,53.0,London
VJMmJ45d,27.0,London
0AOZbcm8,45.0,NY
Dy081Ex6,,SF
TDVPJOVo,42.0,SF
KMXdfYuI,32.0,NY
7ceAjksM,,Berlin
CaQxmM6L,45.0,London
LFSZXnYA,19.0,NY
s5xZANk5,57.0,LA
mFCJtw10,59.0,SF
PWsL4Z8u,,SF
UvDfZrij,48.0,London
mkIkxpQG,42.0,Berlin
PNGryXDr,,Berlin
gSAJd8aZ,35.0,London
ojoGVkNl,33.0,London
ZeUAn4iN,59.0,Berlin
467Rrgpy,54.0,London
9754XW0R,58.0,Berlin
GB0tDncy,59.0,NY
GYXuNSlQ,54.0,SF
yxdNcAjE,,London
Mmulvix4,,LA
vwlEzdF4,31.0,LA
4OUu8jDF,39.0,LA
lnVH14ZT,67.0,Berlin
9a7RU2tQ,48.0,NY
w9mpxsDN,62.0,NY
SAfxt5Aw,,London
k9oH1LzF,63.0,NY
4TVzRCJZ,,LA
zNhi0X8V,,NY
bhQUJsXr,53.0,London
sBgmHoij,58.0,SF
KcfU02Pv,55.0,LA
tA8pEvk9,51.0,Berlin
a4Hla5Qw,20.0,LA
GCyyRGdX,40.0,London
5ZZZANZ0,,LA
LNLifapV,,NY
WnlDRjkH,,London
1Odx2HpT,18.0,London
R36cUhVp,20.0,SF
iNUqz8M8,31.0,LA
9ir77Kld,28.0,LA
pxHioc4r,47.0,LA
t5GR5nzN,38.0,London
aJ2lM6JI,33.0,NY
o6LzafPX,63.0,SF
kz9NJgj2,,SF
21OWHP9O,26.0,Berlin
xFbE91OF,,SF
rMfnKhrL,43.0,LA
RXIcBozI,59.0,Berlin
DZCMwPgj,20.0,Berlin
UnVRnnlS,32.0,NY
MT2g85cn,29.0,SF
q1CmaiW6,36.0,SF
FhFsr0la,58.0,LA
WSW7hdj4,31.0,NY
WbBKD9tQ,,London
zYBGICgC,40.0,London
HtzHmApN,28.0,London
352XOaqb,60.0,Berlin
TPMirkUx,20.0,London
nS8u7WlB,60.0,LA
03fZbhTc,18.0,London
lY19l8bZ,21.0,SF
lqoNJcCZ,38.0,NY
4McxkNDA,42.0,NY
DWH1eCvF,37.0,SF
4a1daYSX,27.0,NY
5udSb4Em,,NY
XZVNBs8C,50.0,SF
ZS6gaL0A,52.0,LA
8apOnPi1,42.0,Berlin
NWpB0yk7,20.0,London
hJF1DdYa,68.0,SF
W5KTFETz,67.0,SF
j6yzqRJr,30.0,NY
EZLdazY1,52.0,London
1cC02yBs,42.0,Berlin
mHUlm4KR,35.0,Berlin
Iyss0c74,68.0,SF
sW3Qpw1I,47.0,LA
TYlTkm8I,57.0,LA
0waldrrG,63.0,SF
ak8I2eA1,47.0,LA
WftcgqTd,41.0,London
5Ljv9J3x,43.0,LA
VTNWLkGK,18.0,London
Pg0zaATU,50.0,LA
aYoRVLPR,25.0,Berlin
DKZiyobB,29.0,SF
6PFWl52O,25.0,London
N3UTgmsP,28.0,Berlin
z3SGgXlC,31.0,SF
RdDLWUzv,35.0,Berlin
bBBeQIrT,61.0,London
e3o9kJhq,57.0,LA
EAt266jU,,SF
mcsycuVs,38.0,Berlin
TUD9QGTk,,LA
6Fpio5nt,54.0,NY
dUPrTAQ2,46.0,London
oewQdQ4t,63.0,London
2xUmEPd2,57.0,LA
0EVLweYC,41.0,LA
AKutYukZ,,SF
REOMTrQ5,53.0,Berlin
qwynxDiy,,NY
mSyOgq3h,32.0,SF
BnaTs6xU,49.0,SF
j2xJwf7b,55.0,NY
ElHTFtwn,60.0,London
i6n7mCpp,62.0,SF
YfCys6Zo,37.0,London
sX8pcRqM,51.0,Berlin
n2QUh3iR,26.0,LA
8OAM8Qm8,58.0,Berlin
TqJrtYCz,51.0,LA
dcPPCqxO,52.0,SF
ARLj3Z7Y,44.0,LA
3PF8MGNL,59.0,NY
q1gU2R95,,NY
V6xIJG34,38.0,Berlin
xziF08p9,35.0,NY
K2QCX0dW,44.0,Berlin
K1M6hPgX,48.0,London
UvOpgdYB,45.0,London
efx1VOey,50.0,Berlin
0tvOEUuD,32.0,Berlin
awg7ulue,62.0,Berlin
vXwYdvMt,64.0,LA
8GiWAU9s,,NY
vwuuxPGY,36.0,LA
ydG169cK,,LA
2Ax7f1i5,,LA
f2HU4CSf,62.0,London
mPUbvJSA,56.0,London
YdDLyFzT,,LA
uR4w0nCo,46.0,SF
U5W6oPaY,51.0,LA
xqo1itzu,33.0,SF
Ld51tBAD,39.0,SF
jIJNgrUX,25.0,NY
G0CfWIoD,29.0,Berlin
YQQi1fYm,,LA
dGUfvjd8,33.0,LA
pV4UCZgy,64.0,LA
gqoCFQ7A,26.0,Berlin
wF0VY7qU,44.0,SF
3reLElWO,64.0,LA
PkqmSkwp,52.0,LA
F6eI6USL,28.0,Berlin
EpfHCa0u,36.0,London
gAfpmINh,48.0,Berlin
teoxSFsP,32.0,Berlin
stnkLzRS,44.0,London
7VfmekLY,50.0,NY
Cr28ClwQ,,Berlin
sZVUoqQw,40.0,Berlin
PI7Fvx1f,53.0,LA
haIxDMbn,39.0,SF
1UDnkNXd,18.0,SF
AeST23qa,44.0,Berlin
0p3CK901,69.0,SF
cYDiwrGu,28.0,LA
FQYXDlUY,68.0,Berlin
invbtmyH,29.0,Berlin
8RU24P2m,38.0,Berlin
AgFErTmb,25.0,LA
chQiTweF,30.0,SF
bm0XTAko,,Berlin
3mcjLILY,50.0,London
lIojsGvC,67.0,Berlin
RBdTh98S,19.0,SF
Md5fHEmB,26.0,NY
xCLIAsYb,30.0,NY
2GjPOm8o,,NY
WkeKWCDn,62.0,London
MZFKPZqm,64.0,NY
MzphDEb2,69.0,LA
uEPJItH5,26.0,LA
Z01WYz96,32.0,NY
xmFloXFR,24.0,NY
eSHoY53j,60.0,SF
COVRdAXa,54.0,LA
CfvEP8qY,26.0,SF
kfA1uNFn,31.0,SF
QeWLQrol,,NY
BQMqkIn5,68.0,SF
P7XqL57j,64.0,NY
Re0e76KX,65.0,NY
0mg8lTra,,Berlin
IeACIDCR,64.0,LA
qxhNgYQY,40.0,London
ifhi6l2t,32.0,LA
zdxbPHWY,,London
JfFp7baS,21.0,Berlin
MToObXP9,42.0,Berlin
vqqhqVMa,68.0,LA
SR9zMJsz,36.0,Berlin
N7Ous3CA,,Berlin
GXIVLoTN,51.0,NY
ovvTPDpx,18.0,Berlin
hhnMWoVO,58.0,SF
g6dOMB3y,48.0,Berlin
LpP6JmJZ,,London
gfJuWAbH,61.0,LA
Rptin5nm,52.0,London
KWtAIG4D,44.0,NY
4YQZc6RH,,Berlin
GApn4LCk,25.0,SF
LiDbLvmv,,NY
rtSC6qSV,40.0,LA
qPjzqrxb,58.0,Berlin
xLD8Rqtf,53.0,LA
D8SJV4f6,,NY
n7XRz4KC,33.0,SF
KtKswwqd,67.0,LA
PPR04VaN,27.0,Berlin
2ex11Mdk,34.0,London
BBakMgRk,39.0,London
g4jzieDQ,57.0,LA
fG7dG3Qf,19.0,SF
pViIQKDm,59.0,NY
AHUPFP6o,47.0,Berlin
B7MMENT0,61.0,LA
iKdVUFfu,56.0,Berlin
8LCLZPvn,56.0,SF
KJuAcFo6,62.0,London
jxbJd3OE,36.0,NY
hh8QGkYQ,27.0,London
eUd8tJt3,37.0,NY
64uRHdYW,41.0,London
7MqazU5s,23.0,LA
RdWwESrh,62.0,SF
IshfIxBv,35.0,London
Qh4VCZAJ,33.0,SF
LkeIfQee,56.0,London
qRGzh5nm,57.0,Berlin
X99xaRWR,,London
q6QJOpqu,33.0,NY
qO9e9Rjv,57.0,Berlin
TNlIebNt,32.0,LA
t7ivnCBI,57.0,LA
08D0SrCK,23.0,LA
UaL6eMDN,50.0,SF
zfwP6SMu,65.0,LA
mRqoyCec,30.0,London
VHSzhIKi,21.0,Berlin
3wcZprhR,49.0,NY
6iDkM6de,67.0,LA
0ALCLFSI,46.0,NY
SyiCyTv7,24.0,SF
13zMAM3U,,SF
MFrsOAF5,22.0,NY
ixNfLCgV,57.0,London
q4dAKhUF,21.0,NY
6l7yR8Me,24.0,Berlin
XmRgm6gt,,LA
KAh5KX5a,,London
7POUKeoz,66.0,NY
5hSIWL9J,28.0,Berlin
j8NNVpWg,67.0,NY
OZ9fxVub,22.0,LA
P0erYxGq,46.0,SF
DV7x6xuW,42.0,NY
00YgmoGG,20.0,Berlin
qbgCuE6n,49.0,NY
1mzX5hyA,47.0,LA
RMFo4xwW,37.0,Berlin
hBCEIhKn,47.0,SF
r4YbEZra,20.0,LA
u8Y8cVjo,,NY
XfJ7Dshp,32.0,London
sioQfU7z,58.0,NY
AkG8bIdB,31.0,SF
H3V5I289,57.0,NY
L9j5oOwY,67.0,London
19nE9tV8,27.0,SF
kvPSEhqI,34.0,SF
egy56Lg2,32.0,NY
7RasYfvM,46.0,LA
qLx94X1b,51.0,SF
i3AC2NDK,52.0,Berlin
8Dg3dxTf,26.0,SF
u3IpWKJd,68.0,Berlin
luM8FJQZ,,LA
SpXtafux,19.0,London
030MLwDH,43.0,Berlin
C16G95r5,,Berlin
zjS6YcOj,60.0,London
Yx5tKPFt,45.0,SF
5y5j78Pg,47.0,Berlin
7tlRXV1b,,Berlin
HaRr0Fyy,26.0,London
4bTDdq1H,45.0,SF
g0w1ifjA,33.0,NY
TiwbQ02Y,41.0,Berlin
dUe2mlQ1,39.0,LA
bpbI0D2E,37.0,London
ABWJmoxx,69.0,Berlin
FLCPx80q,31.0,SF
2ZgHM4PN,69.0,LA
bJiC6dQm,,NY
Zn7ESYgp,49.0,LA
s66R7fQK,27.0,Berlin
BN5m9Fnh,19.0,LA
oPzS5erN,,NY
PS8ec3yu,18.0,SF
amBJK1k4,54.0,NY
WIfhptIU,32.0,NY
rzfxbpev,28.0,London
KfrF3QWb,37.0,London
8fz3NRnw,67.0,NY
0PnhsWH0,58.0,LA
5LpceU89,50.0,LA
feuhiY5Y,69.0,NY
v8uIMsKP,55.0,LA
be3tcmda,37.0,SF
RsujxMEZ,27.0,LA
ZsbhxHYn,49.0,LA
Z1nC8QNe,,NY
ErBxb0wV,67.0,LA
FPReX7qZ,,LA
q5f7U81C,42.0,London
pSPjlIwS,26.0,London
K9dlntB2,66.0,LA
HUj5EI22,34.0,LA
44qFzopJ,31.0,NY
F4nXJGSW,41.0,SF
w0EdD3hQ,58.0,London
6t6IZ3pZ,68.0,Berlin
3dJHQNDU,,LA
wMkpXtMF,20.0,Berlin
pMUj7Tk2,67.0,NY
Lg8LzwHb,58.0,Berlin
YUTCVQL0,33.0,SF
qZx2ujze,35.0,SF
EPpbRVAH,56.0,NY
TvOtX4Md,67.0,London
C1ULpCg8,31.0,LA
kfIXrbSP,,Berlin
8XVmmTsg,27.0,NY
IxT3cNXr,23.0,SF
q1wmLCZA,20.0,SF
xcL78gtf,66.0,NY
r1Z6Z6ND,39.0,NY
oWRFZY4o,19.0,NY
cDQlyfvo,56.0,Berlin
TG4ULYtL,29.0,SF
2Tz0G9Ng,,NY
DpLnHPu8,69.0,LA
OPTDw9tD,54.0,NY
zLmdBrz9,30.0,NY
Qp9HWIhY,49.0,Berlin
QSKsMFXE,42.0,London
HLPhkPNf,68.0,SF
ZfXMyglF,55.0,NY
iOCQB8II,22.0,Berlin
LfwyxlVM,54.0,London
zeWqdcdr,35.0,London
sw0h1BXy,27.0,London
wbNaD5ke,36.0,NY
WhjaK8oa,,NY
IcYeQ429,,Berlin
o0UvYmBu,,SF
A1XHQB67,28.0,Berlin
BGEkCNaA,39.0,London
TmIjVQHW,,LA
D4eJZugD,18.0,SF
gGRlxzpz,23.0,Berlin
pWNRQ31A,31.0,SF
PuHQ338B,,LA
5fXe2hlw,56.0,London
fZBBwUmQ,32.0,Berlin
3vXskG6a,48.0,SF
iPw8F7Nw,36.0,SF
QiDYB0d7,39.0,NY
Xy3lrQ0w,24.0,London
QTJKapM9,44.0,Berlin
iGHDHfAd,52.0,London
t2A0TnaG,60.0,NY
ilVWVcdx,22.0,LA
zNejoSF7,63.0,London
11ctGT1o,,NY
00PdXnSC,53.0,LA
zGqEkTsT,54.0,London
x0eVymGl,40.0,LA
5ZR5RO6S,53.0,Berlin
G2dYyxNc,,SF
8ZTdS6cL,19.0,LA
kmNpDUFt,54.0,SF
1H4BLbk0,52.0,Berlin
FoqevChx,,LA
g81Hincm,21.0,SF
JAZTiwOk,65.0,LA
tjp5lL1K,21.0,NY
pN0xM304,,LA
G8e3czm6,68.0,LA
0CMZAL4z,34.0,London
PNe8akVd,21.0,London
RfiHSbt9,39.0,Berlin
XXGuCZ5y,38.0,Berlin
UiPVP3pi,29.0,Berlin
E5CTBRdT,24.0,SF
zSkZJgxE,,Berlin
YXoLNjsv,45.0,Berlin
dSvtsu3P,63.0,London
nWKwxM8R,30.0,LA
fFz7pBeT,,Berlin
fQlXiuoX,60.0,Berlin
eksaANMZ,50.0,LA
Jhovxmfy,,London
uiVSQxwK,30.0,London
i3Lbg3UF,21.0,LA
95hLhvb3,42.0,London
miAqSOMT,68.0,London
P0hpqPzG,,NY
U1ruMLKg,,SF
Jeo7Fixn,52.0,LA
Gizht1PJ,26.0,SF
yqbHUikh,,LA
8X6crwX8,,NY
RCdeCCS8,56.0,LA
dnlq0Kpx,40.0,LA
Bbuu2XHr,28.0,LA
yO2liVRh,32.0,NY
7vX4Tke0,64.0,London
jHkqpN5l,39.0,Berlin
H1xGln3S,34.0,SF
k43wZoEn,64.0,SF
iXsOQwWO,29.0,SF
NXLd3Oww,68.0,Berlin
TIUbla6O,52.0,London
6aaElkwK,51.0,NY
b3FlWRA2,18.0,LA
mAIjjEBQ,49.0,LA
39qWYBSw,21.0,London
OXijPSUy,,NY
CJ5Gst86,24.0,LA
n2kTt1k6,29.0,NY
9kWvMfUM,39.0,London
4qdqtnqi,66.0,London
IrYYGh3I,52.0,London
w1fq3GOF,38.0,LA
w487kHCt,46.0,NY
MfqyJmKx,66.0,SF
XY7jEO97,,SF
klQ3GSkx,45.0,LA
7fy8Dm56,59.0,Berlin
JgI9cPVw,64.0,Berlin
1pPJrC2w,,London
PIpWT31l,34.0,NY
2mqvf674,21.0,SF
NHsVceKR,58.0,London
8h8aYKxz,23.0,LA
w3sGTnH6,32.0,Berlin
stTSFRrW,61.0,LA
0OhZuFeZ,41.0,NY
Ne52Z1j8,25.0,NY
oGEYm6xp,58.0,NY
euHBuwGG,44.0,Berlin
ZfOk72KG,48.0,Berlin
64TF9Ir7,26.0,London
nVWqAeS1,35.0,LA
xRJO2iRz,19.0,SF
kQx6l9QA,39.0,SF
CO90jK6f,,SF
Xln7u3h7,59.0,Berlin
OQmZylgd,,London
5N4VxycE,55.0,NY
4DFu5ohA,61.0,NY
E4tM20Wb,30.0,London
VQinf5Y4,,Berlin
pqZdiDkH,37.0,SF
1claQBX1,69.0,LA
U8A39rqF,,Berlin
bznPipgR,32.0,SF
JVRrGXd9,,NY
c4qvErqh,47.0,London
5g2dz3Kz,,London
rXAVIA9A,53.0,SF
sXvmdz6V,,Berlin
nkWWDXEV,44.0,SF
g0FZHNDh,47.0,Berlin
KuBQ4EPb,46.0,NY
GdsLO9NK,33.0,London
pNZJKvti,57.0,Berlin
LP8DelGQ,55.0,NY
ryKy7a4R,37.0,LA
8KMeOYGZ,,SF
bOomWXCh,33.0,Berlin
4wkEc9qT,38.0,SF
kA1ahA8b,35.0,SF
Un412sr3,58.0,London
9hKNxSuN,48.0,SF
5IxKojSN,,LA
c9ho7bko,,London
TJApqTwz,23.0,SF
Ruw46rbi,63.0,LA
H2JEw1bE,34.0,Berlin
EZxpzWGb,43.0,NY
PTTxpiFC,,LA
726QsmPh,,Berlin
pvuO2zKj,,Berlin
24ckeobP,19.0,Berlin
gs2ZQuBW,,NY
FnUfvOzH,61.0,SF
tdqEP9lg,54.0,SF
n57Rqke4,18.0,SF
WLtSWBRY,19.0,LA
vPqwzZ2h,50.0,NY
PLl8YZEP,28.0,London
uf0YLKEV,47.0,NY
u7ZtYRWW,,London
eoTLLLFt,44.0,Berlin
pfHfMry6,60.0,SF
ikk5qkuF,51.0,London
8MFx3qJf,24.0,SF
fWJLEjZY,56.0,NY
EtDBCdiw,56.0,SF
YKeKAI2Q,19.0,SF
y7xv5tT7,47.0,LA
PwCE3znY,,London
YXYEJgDJ,20.0,LA
h2lp2cYC,19.0,NY
YE7VReEG,47.0,Berlin
VtJXzdGb,54.0,Berlin
9DlZdjPe,46.0,SF
AFK9ZEZ6,,Berlin
TkDv5nV4,,LA
wIYkTiTL,39.0,SF
CxrddQPQ,54.0,SF
kJW2CDbA,35.0,London
9Qd9eO4d,,SF
ieJ6yxpD,62.0,Berlin
C32vUDyR,,London
Q9mZEgoO,,LA
deCT5c5U,,Berlin
zGWOFt6o,55.0,Berlin
vuFxLbmb,47.0,Berlin
bhYtBqEG,19.0,LA
PWT1bfsM,37.0,London
SZrhDAjQ,61.0,London
PgoI8D8B,33.0,Berlin
7xRk6i6O,21.0,SF
o0xJWstZ,65.0,SF
x2fawOZ1,,Berlin
GguBJkt9,31.0,SF
uH094kjE,26.0,LA
S3z9QZCG,,London
GR37yaPr,31.0,LA
XilHiQzR,,Berlin
qr9WZ0Ru,27.0,SF
xgjOolDH,47.0,Berlin
pDY0fFfY,,LA
J4HI9zc4,23.0,London
YPZLv28U,34.0,NY
pB2nvFEJ,30.0,Berlin
ZWulrdHY,64.0,Berlin
zJ778jmX,21.0,Berlin
hrvQ9HhV,43.0,Berlin
HYQpYu6O,49.0,London
onHncZlh,20.0,London
m2Ptn8m6,28.0,LA
boZfbDfE,,NY
ciaWtDWr,,Berlin
cy7F9twG,46.0,LA
pht7slT5,19.0,London
GiT5KEZs,60.0,SF
b3B3DuSt,,London
f4fi9L3c,,London
ZCbshxMI,,SF
BoaHBzzF,66.0,SF
KCvQyHEH,38.0,LA
dJpHQALs,34.0,NY
3fT3FwKN,62.0,NY
S24C6yXn,30.0,London
kzTMk0DX,49.0,SF
JYammFws,68.0,London
r9E4ocgp,20.0,NY
awSMqgGb,,NY
kTC95jEM,,Berlin
cbDoCo4d,,NY
tOrrYArB,,Berlin
cvgbZeQ0,48.0,London
D3UC07BS,18.0,LA
3Az0VxZv,45.0,NY
sjzU7kTq,40.0,Berlin
ljawk2kD,69.0,LA
3hUpyT8A,22.0,LA
3PNyBK5A,18.0,London
BsGujjpd,33.0,SF
QLblUsm9,28.0,LA
ZPYCYUgr,53.0,London
B3d98Xsu,54.0,SF
mIb62Nib,33.0,LA
VKEPWdv3,29.0,London
mFVa1RMf,47.0,London
LnGWbQLc,61.0,Berlin
krya9ufv,21.0,London
Earn1bqK,66.0,LA
eixFpteu,58.0,LA
jsyu957h,55.0,NY
CX4n2n8u,25.0,LA
w4qPATTM,25.0,SF
Xc4fmGDO,38.0,NY
qAOynv8A,57.0,London
1bjkjXMH,25.0,NY
kZgnHRda,,SF
iBDGXBo0,32.0,NY
FeZzQG2i,31.0,SF
yIUthlSp,55.0,London
EJ02CvIU,27.0,NY
GmXtAAt7,44.0,LA
8B04RlXK,57.0,LA
kK1yjh8x,44.0,SF
A0xf4yRe,59.0,SF
9Pxn9fZY,57.0,SF
2lPcnLRX,52.0,London
8FcTJuUb,53.0,SF
RaonRiHR,28.0,LA
sYINr9QK,30.0,LA
NL6It1Tp,52.0,SF
yBtXO01V,38.0,Berlin
pJ6Gkw7J,54.0,SF
8Ecjzgmj,,Berlin
t9zoFx1J,29.0,NY
KHmUu7Mm,67.0,NY
RNiS8qTw,42.0,LA
vdOla5TF,,NY
2JwXR9aX,,NY
Fy3uRxEO,35.0,NY
x3akhRO5,27.0,London
ASrVRq6r,,London
rKiVa9tm,20.0,SF
kNQF9uhi,,Berlin
fWbApyFc,29.0,LA
4w5ll11S,31.0,London
BibU3ozp,62.0,London
SN97JT7n,58.0,LA
827Fnh5p,49.0,London
0ja93713,,LA
9IMhW3xw,50.0,SF
ruNekeUi,,SF
hhBgSwRN,47.0,NY
SCVOfpDM,,LA
zekouSU7,,LA
mQ1QF6Ip,19.0,SF
LuE9Z6Rp,,London
5QFxi4Oh,65.0,LA
wSfyF16c,49.0,LA
3TEm4VoT,22.0,London
Y4s8C6YL,,SF
KF4mNJc1,65.0,LA
RA6GpeUs,58.0,LA
qHAYEdZP,60.0,London
EooaYaET,33.0,NY
wRnoyQBe,69.0,London
ox2On8KX,29.0,London
gGaYGrXe,32.0,NY
SOCtbjzC,38.0,LA
oDQ4BpSe,54.0,NY
G8M0V9Se,,Berlin
mmkE8oJt,42.0,NY
HDfM08MC,,SF
XdumcyBd,,LA
7kXJbSry,47.0,Berlin
UjjEhLCg,50.0,Berlin
oYRasYee,19.0,NY
bXHfgYRD,,Berlin
78dx6ETe,69.0,LA
wp4ZSnAb,45.0,LA
1vyb6ges,43.0,London
euvw5v8Q,58.0,London
3ZrsnLTA,18.0,SF
VawzEliw,52.0,NY
Ji3ZkweL,65.0,Berlin
2qRt4f57,60.0,London
rfGeonh4,56.0,LA
WOTN6gei,37.0,Berlin
Yvykgzhf,30.0,NY
dtrgK4mH,48.0,Berlin
p8A8aj4R,55.0,Berlin
5z3GWzwu,40.0,SF
1CwZsRKT,,NY
ztt5a9Dk,,Berlin
eQRz2pRo,,LA
1n59Stz8,51.0,LA
MYGPSTCZ,50.0,SF
gKft70PV,24.0,London
Dnq7fXMq,68.0,NY
1w5anOr2,31.0,Berlin
gs3cBZJA,53.0,SF
cvoaDqqS,33.0,LA
oHPtZKww,63.0,Berlin
7wK3MWWp,,LA
L68Wn2M1,35.0,Berlin
4lbpnCb0,,NY
HR8DwGR8,,LA
Zy4XT2xl,,SF
dCuaTFMg,42.0,SF
y98bbp9M,50.0,SF
JNNuPwBl,,SF
Ij4xkRkY,41.0,London
ar0Hn2tg,40.0,Berlin
Gh0wdcaK,67.0,Berlin
jli80oLN,38.0,Berlin
LNbY1Cwb,,London
LaWwsuNT,,SF
X9m0PcKQ,65.0,NY
6uyAVQT2,44.0,SF
KEuHB3LF,34.0,London
Yngasnx3,43.0,NY
kmBuETST,36.0,London
o2Uy4Cgv,50.0,LA
nloGI6E4,65.0,Berlin
29EhDQhp,69.0,Berlin
Ly9rlCKp,24.0,London
xQGOauIJ,48.0,NY
GShXgLrv,56.0,LA
PHlVcrt4,32.0,LA
8kgksuea,19.0,SF
OzpGgaqF,62.0,SF
q2WsSjax,,NY
1uXDDZ8I,,SF
igNd3TlZ,,Berlin
fEnLZjSG,64.0,London
BfGY8sjX,63.0,Berlin
7e2pkgHH,,LA
EwKPLdsX,65.0,LA
1h4jA9E9,28.0,London
ujpzHASO,,NY
59UoQ02z,26.0,LA
FxkULdY8,24.0,NY
ZHR85eIo,28.0,Berlin
ElWdQZlQ,68.0,SF
JBYhZKTR,21.0,London
cyEAdtLV,54.0,SF
YobGBg8B,43.0,NY
fcUWDnEh,51.0,NY
iekCnD2L,33.0,Berlin
k55ECdIv,58.0,Berlin
slKgQl8t,64.0,NY
AIyjzqPA,47.0,Berlin
kWWn5xaY,,London
3I2mg2tP,33.0,LA
ENIA1tuX,23.0,London
dG2rr1qO,50.0,NY
MIQAONg4,67.0,LA
bnCK85WG,32.0,NY
q9Gs8NCB,37.0,London
8r8jYAVR,29.0,NY
nIqxkX10,,Berlin
SX9HZel6,57.0,NY
9yXu3CQp,49.0,London
w0VbE0oI,,Berlin
SQ4ilzkm,50.0,LA
bEYYD0Ua,65.0,London
fjAaxTyQ,,SF
5lSJWxrp,29.0,SF
yUlBcKPg,,London
rDmQVN7W,25.0,London
DnL62xTk,,SF
Arsib1d8,44.0,SF
8UpcRcVK,,SF
wB6BVwQS,31.0,London
PVWbosPd,56.0,Berlin
j47dow76,32.0,NY
YHi0hfOO,36.0,NY
pQIaOI0w,31.0,Berlin
4Z30TxG1,24.0,NY
IsiQm8br,23.0,Berlin
Cdc0TKaC,51.0,Berlin
4pejIozX,41.0,NY
rcodmvfU,42.0,NY
1iDEk60Z,58.0,NY
44MIrZVa,42.0,LA
kEStI27G,67.0,NY
nIwVczod,64.0,London
ZWGIXrX2,32.0,London
NzfMHs3D,59.0,LA
qAHFyxaQ,20.0,London
0woveZWs,53.0,NY
yu9xMwPK,19.0,LA
MiPKNu1M,39.0,SF
dregS32P,,SF
WHfrxytk,49.0,Berlin
7ZLjYFFC,56.0,NY
M4hkA0hV,42.0,Berlin
y3LTWjD9,,SF
wkXpFl3R,61.0,London
zA4x3Qle,,LA
8Y2p580b,22.0,SF
PGD82fZd,65.0,Berlin
9afg4L3l,52.0,London
wpqm3gIm,28.0,LA
B0Zuqz3n,,London
h03jRg3K,22.0,SF
avXBJroT,55.0,London
O1VDJBYd,21.0,London
jF3m608U,,Berlin
ToFR7RIX,27.0,London
Ya3y3zMN,,LA
IMC7l2aM,50.0,SF
U1PUhjxv,,NY
yzZ8QXG0,23.0,London
VZ1aUtNz,,SF
KOcb2zZf,44.0,London
209OfE2L,60.0,London
dRtCHIk7,45.0,Berlin
e5vrema9,63.0,SF
laO46Ojb,60.0,LA
AEytyMOZ,51.0,NY
Dp543KfQ,,London
4Dy9WOpA,49.0,SF
oVPSCJtT,39.0,SF
i4untwvK,32.0,London
2A5aId1c,44.0,NY
W86I9mRT,,London
AxUfvOFK,42.0,NY
5CBZfXos,28.0,SF
7zgRcxyP,25.0,London
o8auoIYp,38.0,SF
2LocRbtt,25.0,London
ovLN0x2i,,London
YBVQhHHB,41.0,LA
LTLxiRnG,63.0,Berlin
y5wav3Pb,65.0,London
iE23fTNZ,40.0,London
ZrmyANsx,41.0,SF
Ub0X88qk,30.0,NY
eHc4pBGP,56.0,SF
9eXv6NlU,22.0,Berlin
LAzxQ9Mk,32.0,London
ukYZsNhG,41.0,SF
zQmIOkrQ,28.0,NY
QoqxOdEi,34.0,Berlin
Bgjl6oy3,25.0,Berlin
oOhKenTN,59.0,London
zG1hCQdv,41.0,Berlin
DqGpeOpi,55.0,NY
908PBiyC,44.0,SF
9Fysoaab,59.0,Berlin
s2ruXXen,68.0,LA
m9oNHqsB,24.0,SF
bKRkCGHa,,NY
sQ4E58nk,,NY
S2LnpS8q,44.0,London
rGwGrSsr,54.0,Berlin
ak9I8Nbp,62.0,London
vUWcd8fu,20.0,Berlin
GiMmL6XC,39.0,SF
3hlEyJeY,65.0,London
3dZKyZsW,55.0,London
wYoR9Mep,,London
qX5QBInA,57.0,London
azu5oUyc,65.0,LA
K2X8YRhS,66.0,LA
kHu17T05,,London
nxir21PQ,27.0,Berlin
QHilKaTg,34.0,London
aC0SkFFz,,LA
10lImfCt,,LA
3lxHc86j,,London
TA01jJ0R,52.0,London
NPPoSIjz,57.0,Berlin
Vd1We6sT,20.0,LA
woceud7u,30.0,London
6h2DarkE,,NY
FebApZaj,34.0,London
Nq1VD9d0,,LA
7kO1dqVF,56.0,NY
rL6PWO7q,55.0,NY
74AFLQCc,50.0,NY
S3JljnkG,59.0,Berlin
OAyUCEsN,40.0,London
L6qAEsAh,,NY
SHC234Jl,50.0,Berlin
hJRpbboI,42.0,LA
xlhWO4X5,,NY
NPEW7rFq,52.0,London
Cta0D2n1,47.0,NY
4G0SE5Jl,,LA
IpKJohJH,47.0,LA
4M0gK97O,,NY
LeZH0m5D,25.0,London
sw3IzpIs,24.0,Berlin
cpTqyne5,59.0,NY
dUiFNVHd,,LA
CPk4d8Mv,,Berlin
XWEbv4go,64.0,London
HjHnqyuW,68.0,NY
UvQWwzd4,41.0,LA
N8VkSZfc,45.0,Berlin
zj0fx34b,,SF
RDo1JRnk,69.0,Berlin
mCChUruW,27.0,LA
0K2d8E5c,53.0,LA
LytNdZ9S,32.0,SF
9jMxbXz6,55.0,SF
cyJPGJj7,20.0,SF
ahZfmfcR,29.0,London
MJZKsd9A,,LA
EZVtz7Zf,43.0,NY
9WwqRNrr,58.0,London
dkthixPg,,LA
N7j8r6Vs,23.0,Berlin
GfHF6d4T,20.0,SF
uAuaYgCP,44.0,Berlin
SPLrOzwu,,NY
Yn3B6YR8,31.0,London
64737hYh,66.0,Berlin
5Huh5ujZ,66.0,NY
uclTzjj5,67.0,Berlin
PJCAPulA,28.0,LA
QpdRAvbl,69.0,Berlin
Hn5Qnrt7,68.0,SF
xfgUDLHe,34.0,SF
E1Fd9WsU,63.0,LA
wFiMdBJ3,65.0,London
NyarjMsq,69.0,SF
Oj1wzJ58,33.0,Berlin
D2415sg4,,SF
Br3R0reY,18.0,LA
5t7steO1,65.0,London
eBNHROMM,23.0,LA
PiSW4Wic,32.0,Berlin
nPVGpmwa,50.0,SF
q5AVa38d,24.0,Berlin
6zSAbvEY,,SF
DSyRP7JX,59.0,SF
MXTMgGZ9,47.0,NY
lhY3FUYC,24.0,LA
4uEVAavf,57.0,NY
fmnK6Pet,,Berlin
hFD26pCz,,Berlin
hUjEGFpY,20.0,London
7ftEOl1B,43.0,SF
aF32YANq,61.0,NY
GOXYcRKq,51.0,London
uPouF54n,,NY
HTqp7l8c,47.0,Berlin
FYSyYg8S,46.0,London
uwOIUSVg,,LA
g57IhtCP,61.0,London
3M3hkMJ3,42.0,SF
9jVI3Z3I,21.0,Berlin
60PtRbHr,18.0,LA
BbB5idJr,,Berlin
yWz3csxO,69.0,SF
s1Odi3c6,,Berlin
gFYVRgiw,34.0,LA
FCQS2IHA,58.0,London
jADPwy9E,,London
V2kz9Iay,60.0,London
6usM3QbR,66.0,LA
KSedsLkY,,London
Q8LNqvey,38.0,NY
2HoRVfVT,46.0,NY
yT4Dsmbs,22.0,London
zPXPITgh,49.0,SF
gfgSCNKp,38.0,LA
GncVhKZY,26.0,SF
uXFq0Gtx,24.0,Berlin
H1urYBxX,35.0,SF
4NftBh5b,32.0,SF
1aRZkIiz,42.0,SF
HdWnCetB,65.0,London
BrufIrJL,33.0,Berlin
Q6x2S3eY,37.0,Berlin
dNz2Gx5H,62.0,London
j0I4HLRQ,54.0,NY
mbJfsGgv,51.0,NY
ey9cF7WT,68.0,Berlin
X8lCfrby,22.0,LA
D0xngIXk,50.0,London
3dtLhENO,18.0,SF
gSYQZFiD,65.0,LA
2klENsZ6,,NY
aYEDAz0N,24.0,Berlin
XutSIVee,59.0,NY
SMHH8rr5,21.0,Berlin
LGjzYPH0,,London
HzV50lHt,62.0,Berlin
Vh0UpX9q,30.0,LA
nAzGNf2I,52.0,LA
eELS2TfL,60.0,LA
pelctYTQ,35.0,LA
0IqeneoK,69.0,SF
nSSNeBin,,NY
dpCiXa9T,67.0,London
twbcMoS9,63.0,London
K5dUemOV,28.0,London
jzZt8P9m,,NY
uBYuP7z7,60.0,Berlin
OX3znJro,,London
mVgClrQC,56.0,London
xTDb7m05,59.0,SF
kasKkF0E,23.0,London
00wZYUn8,55.0,London
gvN7wS9c,67.0,Berlin
GZ73xJVq,28.0,London
xUaMWYgt,38.0,London
ueuIONi9,43.0,NY
kc35Wz9r,32.0,SF
0pkKyvSc,41.0,NY
pZ3Bxe5u,35.0,London
5Pm0aqLf,25.0,SF
8zUPXT0d,58.0,Berlin
NVQgM1pC,52.0,NY
IayFgpKL,45.0,Berlin
hQ3Lwz0l,46.0,London
vqudEwyJ,64.0,London
8DXx8J8w,69.0,SF
tUBsBK0L,63.0,Berlin
eHImQ18s,19.0,London
bYEZHLCr,,Berlin
EyxkI5NO,18.0,Berlin
LgXOuPdx,19.0,SF
msyuePBu,62.0,SF
KAeYKaBF,62.0,London
hyDhmY3v,31.0,London
MKJo67sc,45.0,Berlin
FmwW60dH,61.0,NY
p1KxhUNP,,London
L2hZR1EO,37.0,Berlin
AxMFPrDS,51.0,Berlin
fr5DYG24,51.0,LA
PwQVFdA9,,LA
9LkZTL6k,56.0,NY
yu5u9Myr,,SF
SmNtZETN,60.0,NY
77aoiHyM,45.0,NY
4bgUnVfc,56.0,London
zc9lKA6x,,Berlin
G9ftLljd,62.0,NY
mYwAnZut,25.0,SF
FkXlJw2O,33.0,Berlin
fMszgfTU,68.0,London
iRWB6Qg7,65.0,LA
cK7zura6,62.0,NY
ZBnFRS8w,48.0,Berlin
7sS9Mplu,24.0,LA
QBkn8ZOC,,London
yP6iLFUn,,SF
tjZCqnx8,,London
qdUR1aWN,,SF
mmmen0WM,65.0,SF
g7AIeJiI,21.0,SF
xb2rqlT3,,London
E88n3knR,52.0,NY
Z1ArFWtO,18.0,LA
RBnwKShe,56.0,Berlin
i0ZDj2Pk,20.0,NY
2ZMlDU2i,60.0,NY
wFnnalZD,,Berlin
dB89AwH5,43.0,Berlin
nC0i7nhu,,LA
uk1qgrkr,59.0,NY
v999hJz5,25.0,LA
1lvMDcji,47.0,NY
9ckDKHMd,25.0,Berlin
YqGCFCpm,,SF
P3OKGACI,68.0,LA
NIPbSG5i,,LA
DccrPeW5,35.0,SF
oOM2R4JW,41.0,NY
fAycIx97,26.0,SF
M0jflvSB,37.0,SF
YzqlZMjF,69.0,London
6MFN2VHj,,NY
95FBUPoV,30.0,SF
qnfsqrVR,54.0,SF
u3kmCeic,36.0,London
h6Swf1cZ,22.0,London
2TNUtHPP,53.0,London
GMjqvPJX,41.0,Berlin
i7tPl4IY,,LA
CxopeAuy,51.0,London
kyqwoJdV,,NY
q25LzTiW,25.0,Berlin
4GfYFN9s,,LA
Xb90W1iZ,21.0,Berlin
HQWYIZDJ,61.0,London
eKI0rzjw,55.0,SF
MpWkmEfL,25.0,SF
BKSPUDXc,26.0,Berlin
FaPGKKZ6,,LA
YQyKGHIx,,LA
JAj1X9Fy,,NY
k9z0LgTO,48.0,London
3OdyN0ig,,SF
11VbLGwC,68.0,LA
dsivFYBD,57.0,NY
isobktxy,,Berlin
z09IxJgp,42.0,NY
npGyTwGd,30.0,SF
axOnpPZx,22.0,London
gT0H83Qj,,NY
XGp0IPKV,35.0,Berlin
JazBPdnA,24.0,NY
8axhwZUz,55.0,Berlin
SwUFs4ic,,NY
AD6E1GQ5,,SF
1yZc8eSL,66.0,LA
DU5Lo8zJ,62.0,London
vfgcCEGN,,Berlin
6PthOqCu,,SF
msjbt7Cb,48.0,Berlin
850ZNzrr,,LA
BQtiDyZ5,36.0,Berlin
jZe8xt2u,23.0,LA
2xRNbVAQ,53.0,LA
WuAYYnRD,49.0,Berlin
RpMVibZg,45.0,SF
affIxGPR,,NY
s1jv4xlu,55.0,SF
cN5Vr9iq,27.0,SF
ceSop11k,,SF
mRNSh1nJ,,Berlin
N3IOk8tn,41.0,NY
6SFYWup3,51.0,NY
9NE6pQo9,68.0,LA
iYw900dG,26.0,NY
FNkfr6f4,44.0,SF
H0hvdRH5,51.0,Berlin
MITAyjaD,,NY
gPczKtrK,44.0,LA
8VAiuPMr,44.0,NY
J1l2RgT5,,Berlin
BGi7xicI,,SF
qQDaLCN8,,NY
UwQnNcmO,43.0,Berlin
fvjrsQ9p,,LA
KVcW998D,34.0,SF
1nXbePYJ,33.0,LA
NwkVxaW2,52.0,London
J1pUxwBN,,LA
whtsG8HV,55.0,LA
zAADmXaP,47.0,NY
PT6LRkG6,59.0,NY
bdYLDSDT,54.0,LA
5rIkqOtD,31.0,Berlin
P3zljah3,,London
fH4LIZlM,,NY
Hpr6GGxq,57.0,SF
CZX2s2zT,,Berlin
Ji4SkiWL,,NY
ykHFQ35G,37.0,SF
8MRy0K9R,47.0,SF
OdYfIoYF,26.0,LA
wsXPRMK7,68.0,London
QToXnNSn,18.0,NY
nDvLZOy3,44.0,LA
om64OJsF,26.0,LA
paEF3K0q,37.0,London
VrZDCpet,44.0,Berlin
8rMHyRc7,,LA
FvM50diD,52.0,Berlin
0cKYi2h1,,London
2cS57zIS,30.0,LA
KIp5RcSy,31.0,NY
bZWya7fn,,Berlin
l9mCHiWB,67.0,London
5RPwJuwx,24.0,SF
U2Yo1xO1,64.0,LA
YDxsLmY7,50.0,LA
Twfys6d5,,LA
0hBil0Kd,69.0,NY
iyjz0xig,69.0,NY
HL63n8Iv,51.0,SF
x16Pf56X,63.0,LA
5J9294Iu,,London
JcjPbS2j,,NY
JMrJgMp8,,NY
EwVkv7a0,69.0,SF
ZiIFtyOU,41.0,London
D8olyL7G,32.0,Berlin
mqQw8eMQ,41.0,NY
N7xDYydH,44.0,London
JSYGFLyR,56.0,Berlin
ZjLH63p7,20.0,NY
9cWO4dvS,27.0,NY
b8xAJoib,,London
smGHACAz,,NY
sd95zKgd,46.0,Berlin
8ent4ou8,25.0,NY
sZQiscoH,27.0,LA
zV4POjH5,34.0,Berlin
RaiuV8AU,26.0,London
rsO6ZgIC,59.0,London
r8hdh2JA,32.0,NY
EMJUFV8P,21.0,Berlin
yWCmwuSx,38.0,London
UWdWtG78,24.0,LA
G2CKZxtP,65.0,SF
2BfryEVb,,LA
tsqfbEFc,63.0,LA
5feslMSB,37.0,Berlin
9FhvgRKo,24.0,NY
MdARpW6M,63.0,London
on0sy0UO,23.0,NY
M2VO2xpr,26.0,Berlin
kSgm8zx0,31.0,Berlin
E0oaOgEw,65.0,London
F6IdAlJZ,,LA
yELfT9xv,69.0,Berlin
66qCKl77,46.0,London
VMdqcCx1,20.0,LA
ELtK7th4,62.0,SF
yEh17z2k,48.0,SF
yVS2alxS,41.0,Berlin
hkOxQHiV,41.0,London
ZoG0k0CO,65.0,SF
XTpvfXHI,53.0,NY
WurXuZg9,52.0,NY
cPdmWy4K,42.0,London
7Leu6qbo,56.0,NY
UfZHv4Lv,38.0,Berlin
Fxq3vxKR,,SF
zHMwfTlR,51.0,SF
KPbQ9zPk,26.0,London
U1Qqy0n3,20.0,LA
bufBKasp,27.0,SF
moK1W8P8,67.0,LA
wcQfYfuG,32.0,LA
cEbV4OGZ,33.0,London
s06qJvzR,30.0,LA
w7opezGr,,LA
L4DrgA7O,61.0,London
hGiCMvEM,18.0,London
MO8ou6tI,64.0,London
gi2khyL1,50.0,London
mKPdBDBy,25.0,London
wzQFLyyn,33.0,NY
t5xdbz12,65.0,Berlin
jDqJMvLw,52.0,SF
4jykcv26,68.0,London
CDfl2NOX,,LA
2pEThSLh,58.0,SF
mIznkhLn,44.0,London
JwHFxkZq,61.0,NY
B6QhGJS0,65.0,LA
x6nfdxHX,18.0,NY
VzW8w0vB,,Berlin
k3VCqEPG,67.0,Berlin
pHMwwBKb,60.0,London
tHYdwFAS,47.0,Berlin
dxfLiGep,,London
0WbEKxsZ,27.0,London
EOhqGHct,48.0,Berlin
RjF34EPO,29.0,Berlin
80rYTY9L,57.0,NY
bIk11rKY,52.0,NY
Mqx5XcC2,,NY
Ay0bk70x,56.0,LA
50iT1Qzp,49.0,LA
vJch9H7t,29.0,SF
9xFojzyJ,62.0,London
fBCPVuU0,45.0,London
meCGA8BA,,LA
NiPSqdVJ,41.0,LA
gfqqxG62,37.0,London
vIFRi424,39.0,SF
CB7RRJ1I,28.0,Berlin
Ep0R0D15,45.0,SF
CoKyOS88,62.0,LA
ldRgkACN,57.0,LA
MiMZZNDG,37.0,Berlin
kbH7W6h8,22.0,Berlin
x48IAfro,68.0,SF
zGZ7DCl1,69.0,London
nXbin69E,57.0,London
PdX88GU4,24.0,NY
FIveCXBA,,SF
TaBuX4Ue,54.0,LA
Wrv1T7fL,58.0,NY
8Y3hmGU7,,SF
G5czJN6n,,London
JRz08hup,46.0,Berlin
E8WFHbq7,53.0,LA
KPCfGv2g,52.0,NY
CYrAF1jI,60.0,Berlin
mzznGwyK,39.0,LA
96GUMQ2n,,London
PjYzwMBB,39.0,London
PGXjsial,36.0,London
S9wyf4nJ,51.0,SF
HyzZLA3a,26.0,LA
79Y2ROyQ,27.0,SF
iFgLFczL,,London
YunVVijg,55.0,LA
EHEUnns3,26.0,LA
0yWWr4Tb,68.0,London
5BfNNKyu,45.0,SF
zSZ2s8Il,47.0,NY
z0YhL8Np,42.0,London
blIiIK5e,35.0,London
PRkDwlsl,69.0,NY
JHxSSn5B,43.0,NY
GGSTTart,,LA
fGpFH2o3,44.0,NY
hBvnVsVU,53.0,LA
51QJJlSR,21.0,NY
yqCLCUJJ,66.0,SF
ZSw517K0,,LA
E8vr9BuL,62.0,SF
E7LbkNHO,,NY
VTcCEZmP,53.0,SF
pTdBpPS5,24.0,London
jHgPfuZa,27.0,NY
jCCzY4wO,62.0,LA
Uf1DtXeP,,NY
eJmIR0k2,24.0,Berlin
iF83mL3B,,London
vNY3TfMz,47.0,LA
Zo9kzjup,39.0,NY
KsElKln8,46.0,London
ydo17bGh,28.0,LA
BAsZ9Lkl,33.0,London
y93ZCxN2,61.0,LA
647txbME,23.0,London
dfsQDGpD,54.0,LA
pfuBH5Xr,,LA
Agoer06s,50.0,Berlin
JsoKE1vI,64.0,LA
Ro7O3mgr,68.0,Berlin
dYcOZ76T,25.0,NY
DyG3Ahrn,28.0,NY
3JhL3tWD,50.0,London
svwDBsP0,50.0,SF
tJk3L1ro,61.0,SF
1UyzPdxp,65.0,NY
KqNiIZar,57.0,Berlin
DjDj3XYx,44.0,LA
3QTNn8ME,63.0,London
H0nBcLao,56.0,LA
EjKCtW6o,35.0,LA
D57BLakM,62.0,SF
jput4H0d,49.0,NY
w8hvTtwA,62.0,Berlin
E2l10oD2,58.0,SF
BULdFL8a,,LA
uuiUYJw0,,LA
gSFymg2r,67.0,NY
uqXeKRTQ,20.0,Berlin
7No1x3vw,,NY
wMHvMVcg,,London
whcrx127,49.0,London
ju6bX9cV,26.0,SF
i9F0rEV4,33.0,NY
N7G5bwHo,42.0,LA
keEMeL8p,,London
IH9cRapp,30.0,SF
O5LeM1Gr,48.0,London
EvoVmLFC,38.0,London
K8NaCS3n,57.0,London
RW2AhRZ1,68.0,London
14A8f4g1,26.0,NY
OQvRWNYs,38.0,LA
wylLfdLb,,NY
kuhkNJ6V,27.0,SF
2PfKfRga,58.0,SF
YybhlS3c,61.0,SF
JLeBGmcX,29.0,LA
YQi2GSaK,28.0,NY
vheVYl14,37.0,SF
Yomd22Ov,67.0,NY
IqqHeUt7,56.0,LA
QqVts1ro,50.0,LA
Z0y46YVk,,SF
VKJ1TR5g,18.0,NY
bK54AI8z,31.0,Berlin
gQXQZeYy,62.0,LA
3ZZVd0DN,38.0,SF
g8vkEQ5I,62.0,LA
wS6nz2ke,66.0,NY
F0PkExQQ,25.0,Berlin
u4mtGZwR,34.0,Berlin
grBvWfaa,62.0,Berlin
eqcB1z2s,66.0,Berlin
xkTPV5Sy,32.0,London
EAhk22pf,19.0,NY
i0bZ2NnP,,Berlin
kfZ7dMTW,,NY
oSOxvNRL,46.0,London
UBgcv0tl,45.0,SF
eFhsraS1,25.0,London
ba7aNaXY,52.0,LA
J9EdLnv7,41.0,NY
n99ePkXO,24.0,SF
Waas1kXi,,Berlin
wGSWPUqg,,SF
PrQrTWUy,43.0,London
12hedVUB,34.0,Berlin
ijypxV9O,,London
iegXAvri,23.0,LA
Gx1BlYlx,28.0,Berlin
K1yAae6p,55.0,NY
J8TmON1s,19.0,Berlin
NpQ6VNsf,49.0,SF
6fqHWdZk,43.0,SF
n0AaIHSG,48.0,Berlin
B2NmmaCR,,SF
HM75PiGd,52.0,London
tBlFKXUs,19.0,NY
0hDQMByb,20.0,LA
ebhd2VaU,50.0,London
gdqh6VNR,24.0,LA
qDlZW7i4,38.0,NY
h6P5Dg7w,,Berlin
X8ozDfri,42.0,SF
l4ajYnpa,33.0,Berlin
VucdHmpw,40.0,Berlin
ljoAkGbF,34.0,NY
5ksCqpkD,50.0,London
BhvrXDDq,35.0,NY
BWU3AiAm,,Berlin
MpOYvyFm,40.0,LA
ketw6wRb,26.0,NY
cy5xbehN,20.0,London
Ib2nPKJC,65.0,NY
99Qke369,52.0,SF
64fKrs73,41.0,London
0TldZiXc,23.0,SF
yvuGPaIm,36.0,LA
fF9pT6NM,31.0,Berlin
VYz8f9pC,,SF
Zf6slqi3,23.0,SF
ffjgVWwH,34.0,Berlin
OwbEn2hH,53.0,LA
rQuqvfrj,39.0,Berlin
85RbgQIE,,SF
pmcJwN4I,27.0,NY
pLrsCyLs,49.0,SF
loUunz14,64.0,Berlin
xtT663Cs,66.0,London
epOFJiai,,London
OOKuwkr6,,Berlin
HZAHeAoN,,London
ZCXmYsnW,,Berlin
BY4AkjPn,30.0,NY
ph0v3qmg,,Berlin
NXwHwJ3S,63.0,NY
vOHTGFHX,,London
QYpWRasZ,55.0,LA
4BnRqDeQ,65.0,London
nbopD8XI,43.0,Berlin
5z6OEeWh,47.0,London
yPlCbgqO,60.0,LA
IcguImI4,,London
EglO8iTh,,LA
NsRsvUke,55.0,SF
QXxla6gk,,Berlin
IhTVtsGZ,36.0,Berlin
RBxWmL12,40.0,LA
RnrIDqvh,67.0,NY
HHeRiw3m,63.0,LA
HO2NvnXE,58.0,SF
UpYx6eK8,27.0,Berlin
hWfeKOcB,32.0,Berlin
f9BcR12X,,London
t7F2wbnA,34.0,LA
tLPjBLiO,,SF
nSsM3OLD,30.0,London
V1S7S8Di,,NY
rP9OOh0j,33.0,London
D68BeWl6,56.0,SF
yII5Vpat,55.0,LA
lN0KuqJI,47.0,NY
Ixb6UqXx,62.0,Berlin
XyiFDnnC,61.0,London
EgsgvNq6,32.0,SF
YAxPjDGw,21.0,LA
BNRbkgKH,61.0,London
Y9PMIgMN,69.0,SF
BsEMbDog,,NY
DbVZcd14,,London
STGIsZJp,63.0,London
IpWCI8dR,63.0,LA
PhUaZzrZ,49.0,SF
ueooWl3F,,SF
5ZqAYSaQ,46.0,Berlin
PsxJjaoc,,Berlin
Mk45aZOA,,SF
8szXIDFM,,London
D3RySySx,46.0,NY
F1MYqoMu,27.0,Berlin
cBcUcY3F,,Berlin
0QUDSkhR,39.0,NY
q6Rg6CAf,34.0,LA
M2soPBpp,35.0,London
kVPUxDFW,63.0,Berlin
6seBVXAO,22.0,LA
Js2DfFmm,56.0,SF
nbzQPrTs,34.0,Berlin
TJHo9laO,51.0,NY
UtRl7L92,21.0,SF
4cBZTm5c,58.0,SF
UcdIdwhk,25.0,London
6ZsEBCTP,43.0,LA
HXa0zP7n,42.0,London
g92VOzHn,53.0,SF
hTjn160K,60.0,London
gX1HvaQW,56.0,NY
ZBasMehz,,Berlin
3Vz2f5MT,20.0,NY
102EQ38c,61.0,SF
vTeODiWR,,London
DJsWaxvD,45.0,LA
11Q0kxN1,56.0,LA
6TtOAkMb,42.0,SF
k229E8yb,39.0,Berlin
vjqTEkjx,30.0,London
DGgI1TGQ,21.0,NY
eugYAlvR,,NY
mgfcB3mx,36.0,LA
ZtfSNWVB,20.0,NY
xHPDonCt,44.0,Berlin
0P3Q6H37,28.0,SF
Z2g4DjFN,,London
MBu5svlo,,NY
sUB54GOW,48.0,SF
RaCM72g1,46.0,London
c4l7r3iR,,SF
M6OwKve0,28.0,NY
2QCyGxGH,26.0,SF
LvhS8Y0e,48.0,Berlin
0A4FNyiQ,18.0,LA
V9BLZqLb,24.0,London
en5Qx7n6,27.0,London
EYcY1Irm,26.0,Berlin
Cm6ZGTZo,,SF
sMGLggqY,44.0,London
LXjSH6XQ,35.0,LA
bbNvH5YA,,NY
z0r4GO0N,21.0,London
cfPDktQM,47.0,Berlin
hBFiLoP9,55.0,Berlin
Gey4ZZbP,37.0,LA
pryYdY5l,58.0,Berlin
5fcpq63l,29.0,SF
RcGY9jJD,45.0,London
bZMdOniQ,,London
2n1J48wA,18.0,London
JgJha0Aw,,SF
g7X69cdp,,SF
RdhbIrU4,,London
WEN7R5tB,50.0,London
ebVQpE6r,18.0,Berlin
jKjxhgZl,59.0,NY
RJW9eeG9,26.0,SF
ojlU1AL4,39.0,Berlin
J9IzTykD,26.0,London
lgQLqbaj,,London
kjNsAGA2,19.0,London
8g28xiqx,31.0,NY
hGdrBJ9l,,SF
32XXwkDc,46.0,London
DqOxvZIp,33.0,Berlin
OuGg12KW,65.0,LA
jaZFTTqy,26.0,LA
Dl1swPsm,68.0,NY
wZ62y9Wv,49.0,SF
yQzmFwiy,41.0,SF
g2dwfNhX,,NY
Fx6noSYD,37.0,LA
K5AkUByA,68.0,LA
iOd9rnYt,,London
HTlIMIs9,60.0,Berlin
p0hOhEGb,69.0,London
zrZUKuJY,22.0,SF
ppDYuYc5,37.0,London
X57Sal9h,33.0,SF
b3iNkoAG,,London
RJ93Nk43,29.0,Berlin
ibKJKtKP,34.0,London
vbgOW6x9,51.0,London
rERH6zfA,44.0,London
S79n6e3q,58.0,SF
jXoOJ4oC,43.0,London
fVNQH3Vm,67.0,LA
V2iEplNg,,LA
3QXu6Y8W,38.0,Berlin
oMcJUKds,59.0,NY
ma7CMB4q,58.0,London
T64BmsU4,20.0,London
eRDv6pbL,58.0,SF
GcaiI6Wl,53.0,NY
MQzcLBLD,46.0,NY
uzZxHbbj,62.0,London
LbHDyWjC,,London
GSljT3fG,38.0,London
vutzT9jt,29.0,NY
NZ29sCzZ,61.0,LA
022D7y4V,40.0,SF
cHE8oXbu,64.0,LA
W30M5gfB,45.0,London
GGj0QIhe,,NY
FsnS9XRh,19.0,LA
4eaIDVqM,47.0,NY
lCF1cmUq,29.0,London
HuBFAWHm,,LA
aoXQehpr,56.0,NY
DLyhZFKB,35.0,Berlin
blOneUrb,41.0,LA
Hy1l3IXL,29.0,SF
EaKMrqvf,35.0,NY
EBpwJPMD,,London
wdiqx40x,25.0,London
TQbwwWKD,66.0,LA
vwzj7FNi,32.0,London
VgUmJxOW,61.0,Berlin
ebPNRKh2,24.0,SF
9iyz2BRJ,,LA
YwsYGM29,,LA
kEZZ2rQi,30.0,London
Tvlvhrnb,49.0,NY
eRMkaoG2,29.0,London
v8mJDDc8,65.0,NY
mfff4XMW,,London
54IgC1fd,36.0,NY
QJvGwuS6,59.0,NY
ZsnBDT0n,33.0,Berlin
0DpgLq7Q,,Berlin
t4j5yP6u,52.0,Berlin
9c0AaZ9G,53.0,London
XsOPDbLn,41.0,SF
USCAtNay,50.0,Berlin
GHrMwaCI,,LA
X1Pmvth3,21.0,SF
dOhCVFty,,LA
QshytnF6,67.0,Berlin
SvXfcdfc,,LA
BU6rWHxU,25.0,London
E7Vdxiu1,25.0,LA
sLavnOC1,24.0,SF
sxBgpTf2,57.0,Berlin
5NVNmouc,42.0,LA
JLgsJSl6,65.0,LA
S5z6lZIY,,LA
d6Bg8SSx,32.0,LA
9NF0sZUc,35.0,SF
OKPyokRn,28.0,NY
EIxDV3oI,,London
gEJVVMBX,,Berlin
PDdNyRfe,40.0,NY
usWyjJA0,51.0,London
2mCqG96T,,LA
qMsJY1Ci,33.0,NY
XE6ghnxE,23.0,London
AVNLACu4,58.0,London
PkIqv3XY,32.0,NY
xYA4ILlN,26.0,LA
ljtX5iMB,46.0,LA
XC01wD8s,59.0,Berlin
Vka58Lyr,19.0,London
qPKYKf3z,64.0,Berlin
KUB44gOJ,50.0,LA
FKth8QPt,,London
EOeJ8ATF,40.0,Berlin
Bl4CxGYT,30.0,Berlin
GfAC2YQu,37.0,Berlin
musW4kpn,24.0,London
EOZS2Oim,34.0,SF
ptirF2N8,68.0,SF
vEuWIqdh,38.0,LA
zGbBtkp8,,London
1gw3BWIS,,London
gqs6gYaZ,40.0,NY
xDFbNpjQ,38.0,Berlin
bBZhRFBu,66.0,LA
6c0YpZQq,18.0,London
cJHn9V1u,34.0,NY
h9Z3O8p6,49.0,NY
QGWvuLe4,41.0,London
s9Tf9wo0,24.0,LA
KREJBRdR,52.0,LA
gPSIwiox,53.0,SF
NX7iD4I9,31.0,SF
EOfPl8RL,,LA
DPZJiS81,56.0,NY
CfVEk7Ji,,SF
FWSVG9Ek,31.0,NY
MPqiiPui,,SF
TeGMWCoL,39.0,NY
FXPgA5d7,62.0,Berlin
8bbFdv7I,,London
odw9F9Z0,,LA
s2VcYtr4,,Berlin
q71ssCVa,25.0,LA
KN81WbxU,28.0,NY
d7ViRq3K,47.0,SF
Gpr87w59,39.0,SF
wDNKDPpU,,SF
oEkONe7u,38.0,London
lIeBSk06,,London
SQJQ3IGk,42.0,LA
ZjEXrLo1,30.0,SF
0K5cXryI,24.0,Berlin
VehHIZn5,66.0,LA
AHwVqPuF,35.0,London
ikj9uD0B,,London
t3YgqMxd,64.0,SF
OyTgJfre,,London
zOOCmjWj,,NY
6d33PFW2,,London
WT2ADNYp,25.0,SF
xu1kPTI7,53.0,LA
s5MjbtMd,22.0,London
mWFRrqM1,39.0,Berlin
7r8p4QdA,,Berlin
X0bV0cz4,25.0,NY
pZzWA8Ej,68.0,LA
ttqeqQdY,36.0,NY
5FvCB7I7,,NY
622dP83z,,SF
TOKZyAdq,,SF
0yrJ3ip2,66.0,SF
TEKDzQeG,34.0,Berlin
k9wHeVCe,34.0,London
0Mn11rTj,32.0,LA
X2NHso37,,SF
XciHKeCp,54.0,LA
HpIFePLf,48.0,NY
xK2l6MTN,39.0,London
PYlK3jQI,,Berlin
YlhMWL8M,36.0,LA
IvJDkeeW,,London
7mka67k6,19.0,LA
sQHgVsIo,32.0,NY
kkNWF43A,39.0,SF
wa9s9Pde,,NY
4Yh3RZeb,,LA
cirGdlVU,24.0,Berlin
9GY65igl,58.0,LA
4c5rG6EG,40.0,Berlin
p9hDg1hI,19.0,Berlin
sJrQPHb6,69.0,LA
dVvS1PDS,50.0,LA
mA2qSGTg,35.0,Berlin
Huo2Gszf,,LA
lx1HuJ2y,24.0,London
dZF8jyVo,41.0,Berlin
P2HM8Gzm,28.0,Berlin
iIA7EI2V,29.0,LA
7bJH18zr,35.0,NY
QSFmhc8a,54.0,London
kw8MWeAl,18.0,LA
YdvktaHq,,SF
vk3BWUki,,London
sI3uuSe8,26.0,SF
5iJYzX8x,,London
VHi8t3Pk,45.0,Berlin
3Dsjr5ZH,,London
OtYcoIOj,66.0,LA
bjXPoKr2,,SF
CKLwfDQH,66.0,NY
rL3R4kiD,24.0,SF
fmLkBxFo,52.0,Berlin
DayKRNX3,58.0,Berlin
AxHXRlAb,40.0,NY
6BEn6BOm,52.0,London
pQFTETXu,33.0,London
NjhsDhYx,65.0,Berlin
HJNfLSEc,,NY
1MeAxwJr,,Berlin
3Bbq7cxj,,SF
yc44r0ur,33.0,London
OZYJpD1x,23.0,SF
pXuY16H8,53.0,SF
rjKNLnMV,48.0,LA
mIloGNZt,64.0,London
X85oxpEB,45.0,Berlin
Rwm247lh,52.0,Berlin
e6llBb85,,SF
45qNOZEE,64.0,NY
7h4pSxA9,47.0,LA
8rDxGtLL,69.0,LA
n8znnHde,,SF
o7DilHnB,40.0,LA
fR38XINI,62.0,LA
IlpFLqm7,,SF
teWv7qdY,29.0,Berlin
c7a9T0OC,,SF
2bpcyYXC,63.0,SF
u9zsV8T5,50.0,London
lrCCVLk7,39.0,Berlin
TbbneofP,,SF
nL7ulAoo,43.0,London
hceclsOG,,LA
qSzomSxP,,NY
vEtI8xIO,64.0,Berlin
Rty9bjEg,28.0,London
x2iuVUSs,,Berlin
Fv2stfxy,,London
LS4JZlko,68.0,LA
jHKiLm2V,45.0,LA
7vyYR64H,44.0,NY
nJCv2LI7,28.0,LA
Ck3yIrSC,39.0,LA
iv9zmFQm,,NY
78Dwwa5Q,47.0,Berlin
1XbAhIXh,,LA
zP0e59Qj,56.0,Berlin
KnNWAvE3,24.0,NY
YtGcFISr,,SF
fNIwbLs1,26.0,LA
wL8bx4j8,,Berlin
yfBrogqy,48.0,London
fCLWF9qQ,,London
3GTA256C,,SF
Egru9HHF,,LA
wPyYHoXI,26.0,LA
pA70HPlQ,48.0,LA
5AG41reK,39.0,London
XyirpyqK,38.0,SF
cqO0Sps7,52.0,London
8liZ7Jae,46.0,LA
q7K3AIVz,38.0,SF
QZlcTtNL,52.0,London
U6N40gxP,,LA
tlA5uVRU,57.0,SF
HgwZlXYn,61.0,SF
nJu3FC7Z,40.0,NY
uCCSL2Zn,35.0,SF
5zK5B9HD,40.0,NY
bWGOHqFu,18.0,LA
hiyDUrJz,68.0,NY
EhrgYzzA,61.0,LA
KCMWuy3I,37.0,LA
LS9p5REn,33.0,Berlin
wjiZM32A,26.0,NY
bgTyflH2,42.0,SF
nxRbbkZA,55.0,SF
84DFs3pk,42.0,LA
2GdQNRVf,,NY
NUFjvTwY,24.0,London
rd5HTzof,63.0,SF
7PNXpNNL,,London
8rGZJBZW,52.0,NY
3vPdc5oi,48.0,SF
ubEVGVsO,18.0,London
6Q6Km8yX,37.0,SF
Ky1MQKEI,66.0,Berlin
YBsWrURT,44.0,Berlin
3w37jWxf,18.0,LA
gdYunrfK,54.0,NY
4yqAlZM7,41.0,SF
iHB4tqX5,66.0,London
BfWUbzCy,,SF
DtuiG9t7,28.0,SF
83NOLeUO,52.0,London
Nf06Rqqm,46.0,London
RdhvNPnW,,Berlin
A9BWp6TZ,27.0,LA
xikyIAeN,47.0,London
uGpMALy6,48.0,SF
SIdV6bSJ,,Berlin
5mlwCDRP,,NY
WMxr5wCv,68.0,Berlin
TXwfuFJP,28.0,Berlin
qCyBArQj,,Berlin
6ABWEHoN,61.0,SF
Ob2NcloV,,London
OL8jMLnh,37.0,LA
KIoGYjrs,19.0,NY
HGHCi5Lk,,LA
PdptfRUF,64.0,SF
CnVEnPoO,,LA
Q1WqvN8E,,LA
FHRDf9UV,,NY
Qwte9DQp,34.0,Berlin
tftQtdXA,23.0,London
yxzrD8Uj,29.0,London
t8yL7Mko,32.0,LA
cwFpSEir,20.0,NY
gNZTGqah,39.0,London
s5KY92l4,55.0,London
YEaASsZS,38.0,London
IFLPZlm8,52.0,LA
PL79ivHf,61.0,SF
H4YN4sDx,60.0,LA
wNzK5jpF,,LA
KzoOyUAe,23.0,SF
tDDeYPCx,28.0,London
eGi6pJzl,,LA
2fdA0eiY,53.0,Berlin
8i6AYSXY,48.0,London
E8I1GNA0,60.0,London
mxlcXSbR,30.0,London
Fu619bN2,65.0,LA
cRqRYgSk,,NY
TDdvQg8o,55.0,NY
WYFXxozO,37.0,SF
0sYifvKr,55.0,NY
IqGeVU7a,66.0,London
Wodn6853,52.0,Berlin
8SH852s8,56.0,Berlin
MUAZnoa5,18.0,London
ykrKdjdk,61.0,LA
i8FbKNEB,67.0,LA
UTjMqtBJ,30.0,London
xwHzcNvZ,44.0,London
uIi3GENu,20.0,SF
M4F2HL2S,37.0,LA
1ezMIBB4,,NY
QwOqgUHK,23.0,NY
ziJsygNO,,LA
8ZFKjP7r,63.0,Berlin
qaCva6H9,26.0,London
BGHM03u5,62.0,SF
DzCWUQH3,50.0,SF
KkPC7J2h,,SF
YF7NY7Wd,30.0,NY
hHDtfmyL,,Berlin
7IrENpEb,55.0,Berlin
U0N0ufXa,18.0,SF
t21DR9uE,,London
AZLrXNeL,42.0,London
HclsoRL4,18.0,London
aJv93ANk,49.0,SF
jTuow75I,,London
w6nGtDNh,66.0,LA
6lVgVOPt,36.0,SF
oio09o1c,34.0,Berlin
bTEEPTaY,69.0,NY
qe0bnNPA,56.0,LA
bBXeawX7,58.0,NY
3Ay8Ny6D,29.0,LA
72PRwtuU,,SF
Twkwyzye,,Berlin
Uin4RhRs,62.0,LA
YqqWs7P0,,SF
SEMwtlVG,51.0,Berlin
AgCRyoQm,40.0,NY
Vpyq96Sf,61.0,LA
3h1Wt4qT,36.0,SF
aR56tpHm,66.0,LA
JVsvVlL9,19.0,London
gMUh2naM,,LA
B8uwpjXG,55.0,Berlin
22goyCOH,,London
QhtdPDF0,54.0,Berlin
8sCwbBFW,29.0,NY
7ok3qvz3,,London
1L4Nr6wR,,London
DGadaPTQ,59.0,Berlin
eIKY3eu3,66.0,SF
10LT5Vd2,46.0,LA
zVfhj3l9,38.0,NY
i1LOY8rS,46.0,NY
WSR0X62s,46.0,SF
IYxxYeH7,,Berlin
OD5m4NdJ,59.0,NY
ARzSRob7,29.0,LA
IqIr5N1d,19.0,SF
FJg2wHzZ,,London
wjFu1t8s,55.0,LA
OHriZRdR,50.0,Berlin
pdRHn9CU,62.0,Berlin
zDdo4kg6,63.0,SF
BR2C3DTH,27.0,London
Np2sqdCk,58.0,London
0xHxpYPT,,SF
f1rhSWtV,33.0,SF
GS8fYCYV,25.0,SF
ughVlRDb,64.0,London
04URGXGz,63.0,Berlin
PcIFhvHB,,Berlin
llsJjoEL,61.0,LA
jY7jXFUd,45.0,Berlin
SzpZcqdK,,SF
hDx31EFr,35.0,LA
FmJqN947,22.0,NY
dj9tAHf3,25.0,London
0yL71qrN,,LA
0ukEZxjn,52.0,NY
NS6fUv9l,40.0,SF
z5zXTYbJ,39.0,Berlin
4OFTmpZa,65.0,Berlin
PNGoVaqO,19.0,LA
mG5XVzgF,53.0,NY
yOWeCT6j,20.0,Berlin
Yv1affWg,,SF
eXQulpyA,61.0,NY
HRYITXt8,40.0,NY
XuGoYAO4,26.0,Berlin
cw8vWvY8,36.0,LA
K4jIXtqV,40.0,LA
6S55wWNT,,LA
i97v3tY6,63.0,Berlin
t734fL55,,London
Z3BxlqIA,22.0,SF
NfCZCipn,57.0,SF
k041jpYx,47.0,LA
wNv0bpK9,40.0,LA
Ugih0CGl,50.0,SF
ag92MGYa,,Berlin
9nMSrFzR,65.0,NY
DzFckHDw,,SF
nLGaPwBK,59.0,SF
elv300nQ,58.0,NY
vWFnLoEy,65.0,NY
5l5qob3u,58.0,London
DgXadoH5,29.0,SF
Py0D6Sd2,39.0,NY
Zbpkuy7C,,SF
WoCDEe6N,,NY
GqqpmGW4,48.0,LA
Kw4RwdCV,67.0,LA
zjBWFYF0,,LA
j93n4o3c,19.0,SF
FxrhRdmb,63.0,SF
qpn5cOVm,53.0,SF
8Lzf3YMW,28.0,Berlin
jtQY4QWe,,LA
S7O6eGJi,53.0,NY
U20Ikwgi,,London
nVSTYXz5,64.0,Berlin
H2Cw2Pnv,67.0,SF
y28XfgWs,26.0,LA
qSR7o10d,29.0,Berlin
NNlQowca,38.0,LA
6e9RIIja,,NY
kOrbtEhe,24.0,London
gcSz9zt2,61.0,Berlin
DO6vEvDN,54.0,London
7H1p4cSy,68.0,Berlin
GMaaDLOa,20.0,LA
nksH188s,32.0,SF
U6wg4WtJ,36.0,LA
C9thyKYJ,66.0,SF
JLeNFjBB,20.0,SF
M0OMpUvK,37.0,SF
ihTBETcX,32.0,LA
ntssvRv0,55.0,LA
wycR3IzG,,London
GXQpYK4x,,Berlin
1oQlxTZz,21.0,SF
qkAsh92T,,NY
k5iK6wZN,25.0,NY
yOtx1a0k,38.0,SF
wd4poVAW,52.0,Berlin
B6kpFbqQ,,LA
s7pc0HLk,53.0,London
ONAeSKBC,31.0,NY
iNJfs4va,61.0,Berlin
rMS5zVlr,20.0,LA
UrJyZC2T,37.0,SF
Smr3EhIh,25.0,LA
UUpvtHrq,68.0,LA
JM00lpFY,31.0,LA
5GvpEgvO,18.0,London
wCpdpgur,37.0,NY
VT282AMB,31.0,NY
rAMc3xzI,68.0,London
VCHLmWPk,45.0,Berlin
7uX35TdC,56.0,LA
RXlOdslj,62.0,SF
gYx2CCSw,26.0,London
aQC2LN7W,40.0,LA
6wk1cFpt,33.0,LA
p8UfdtWm,65.0,NY
VRTaz8Fv,44.0,London
n0hgsKV8,57.0,SF
yQKMiexG,25.0,London
C4Q5cQBg,,SF
0o5ljsez,35.0,LA
KT4E8qxe,51.0,SF
vCFb4kcf,19.0,LA
JPG79PGx,41.0,SF
Hs2TkAnA,27.0,NY
U2sDwMLM,66.0,London
uU0FFOZP,57.0,NY
5vRIXIBB,25.0,Berlin
kSnvC9Cu,,London
VBWSv00Y,20.0,London
O875IMYv,50.0,SF
lSDVtHWP,47.0,LA
HvhAZO9K,,SF
hLIY55oP,,London
xez0XMw4,24.0,NY
C8R3PACs,62.0,LA
14GhANPj,38.0,SF
PlNZJlHD,55.0,NY
UI0fQZ4w,30.0,SF
jhIhLOKB,,London
8JIuyxqR,19.0,SF
Qeq58AWu,,NY
fbvYEvuq,19.0,NY
yoOJ9JZs,32.0,NY
St2apEOV,32.0,SF
6xs97Pkt,35.0,London
ldtC7BBe,22.0,Berlin
tep7OJlq,43.0,Berlin
Dd87KGe8,,Berlin
QGqzrp8N,31.0,LA
YJlvQs9t,22.0,London
Gb5Q4iRq,57.0,London
tP3Ig8Jp,38.0,LA
1yQBwbnz,60.0,Berlin
VkG7jE3B,25.0,Berlin
mxVhNtjz,23.0,LA
6tEqjrbn,43.0,NY
Cgu9gVzL,21.0,London
UUbWcvlq,69.0,Berlin
xq34c62e,47.0,Berlin
x0GHrbB9,,LA
5GOUSarX,44.0,SF
ZVJtisZO,44.0,London
1X0Wta8O,,London
17M1p5U5,60.0,London
jNG2D92J,22.0,NY
l5w3xxeH,57.0,SF
LFED551I,28.0,London
gxTDCNIk,60.0,NY
Pd7zG8ER,69.0,NY
FOdSdcoc,52.0,NY
pKIMtAIY,,London
iVeK2FjD,55.0,London
KhhF9Z8C,55.0,LA
djXIgFmG,67.0,LA
Y3jvZsxR,22.0,SF
sxPdpisC,54.0,LA
xEoG3Dn5,68.0,London
jP5hPuvV,54.0,LA
5HwXp4Jd,43.0,SF
6vT55JWy,50.0,London
V5Z7MQRT,50.0,Berlin
nC3MpTxx,40.0,Berlin
LSA5MgiO,24.0,Berlin
7hNaFGtC,49.0,SF
Xwyk1IoD,26.0,SF
InR081Xg,33.0,London
8RTcezU0,,Berlin
zIN0yRbA,,NY
ob2oNFIb,60.0,LA
mLQUNsxO,45.0,Berlin
ISoGlpsc,40.0,Berlin
BVtZ5CgP,,Berlin
wN2tu54m,,Berlin
EOKAkyDi,26.0,London
f8oq8Hon,62.0,LA
ePIplMxt,29.0,Berlin
v0muEHbB,26.0,London
X382LXK9,36.0,Berlin
QwslghB7,53.0,NY
33w43Qza,,London
eXZh3nYx,30.0,NY
i2WUMYzh,19.0,Berlin
yN9N6UxB,,LA
mYlS3xaw,,London
EYTd6hZy,42.0,NY
i7juyzNf,,NY
6xVlVGOe,30.0,LA
8XaLaWU9,50.0,London
neDHNGuC,44.0,SF
SwZZE8KD,57.0,NY
OsgUER4K,54.0,London
qc3vpDrB,36.0,SF
LucGYqcS,39.0,London
V8Nqat43,,Berlin
n1aUNz0t,,NY
W9fq5COR,68.0,SF
OhFAuCu4,19.0,LA
h7PQ3JYY,29.0,LA
rDkUxzkG,50.0,Berlin
MC3keiwn,45.0,Berlin
C6NpesbN,43.0,SF
1rACJ4UD,42.0,NY
TwgXmLZK,,NY
ZCVU2Y55,48.0,LA
BMQgi0hX,,Berlin
EZvrKAn3,48.0,LA
7l1ytsDy,44.0,SF
vytkSFb7,68.0,LA
TxmUrpQN,61.0,LA
c65U5aCu,18.0,Berlin
xn7dFT1M,52.0,Berlin
UkXSHZqQ,50.0,NY
K248wWCU,,NY
MBkka5gp,26.0,NY
nA8Cyl72,50.0,LA
QjFifUVA,61.0,LA
8hV6p799,54.0,London
6Bbiqcyy,64.0,SF
pCzOBi8V,32.0,London
xQlKZR8v,,SF
6EKUgs0D,,Berlin
3sOoHXjY,46.0,LA
p6JLyQvk,58.0,London
5TgixQav,38.0,LA
xVXubDDB,63.0,London
kZWsoe7c,35.0,NY
9cjxpAcf,,SF
LIfj8UYs,46.0,NY
t1Kb7VjF,58.0,LA
NhVLuQ1s,44.0,Berlin
IY77EjIE,32.0,Berlin
gMNCkm8B,69.0,NY
7S5uh5Gz,,London
o0M8ujHf,26.0,NY
eUJsFNto,45.0,Berlin
GdEVrZzJ,,NY
5GFt2ruW,38.0,SF
FrSFLeWw,28.0,NY
qOQBHeMH,49.0,London
D8I01Jpu,39.0,LA
meTTi1kB,52.0,NY
SvYpYi5P,59.0,SF
zXzwbtLq,58.0,London
x5aq8kjx,33.0,SF
E6d43gP2,48.0,London
i3tNAERo,27.0,Berlin
5xKrwa6z,,Berlin
fQ6lbMcf,53.0,LA
LCM1YxMC,38.0,LA
yF1OH08N,25.0,London
zsaKucru,64.0,SF
YWJDfkPU,59.0,SF
0qyaE2CI,61.0,NY
NG9vH0wx,64.0,Berlin
kCk1h6Fg,,NY
wD40XJnT,57.0,LA
Zk1xlWBS,39.0,Berlin
2hQhCAsT,47.0,SF
dUEUIZJo,40.0,Berlin
l2KY19C6,69.0,LA
BE5vtYjk,32.0,Berlin
2Sdtvs6x,64.0,LA
QvzxkoL1,60.0,SF
qPbkJOSq,43.0,London
GN8DTMOb,,Berlin
e1DriKPI,27.0,London
46MNHRBD,,LA
lS6ZFh8v,45.0,Berlin
LbQyKt0P,59.0,SF
Af3XTMij,,Berlin
H7wi4lgB,48.0,SF
bPeDY7S6,35.0,LA
FzaoIkD5,,London
uYmFsOAw,65.0,NY
a0sQ52SC,69.0,NY
X3cemkeg,49.0,Berlin
SBUaBP4o,56.0,London
sepA8gSg,68.0,SF
IjJiZqQu,68.0,NY
QW677YGm,22.0,London
SAeF7MHq,,London
A9nRK2qB,46.0,LA
6XvK25Yy,53.0,NY
SbdaJLVH,56.0,LA
LgvsnDbJ,67.0,London
hfzMfH5h,,NY
vleVxo1z,50.0,SF
qndDQ1So,21.0,Berlin
ern9IraF,,London
aokYWKkN,50.0,SF
StEl5CZi,18.0,Berlin
Xdyxlcwy,38.0,NY
Q93qhfC4,34.0,SF
5bNfeSLh,,SF
FbGHPedZ,46.0,Berlin
LCySMmc7,20.0,SF
t7gxzawu,66.0,NY
madwQmqU,41.0,NY
XFU66cNo,51.0,London
aUthBXwK,19.0,Berlin
ie3Qd0KN,48.0,LA
88cxXdo0,57.0,NY
JvSZjf4J,,LA
qqOKhslG,68.0,SF
H0f4bcBV,46.0,Berlin
A1IQMhZs,68.0,Berlin
8IEdEEha,28.0,NY
O4y3DtyG,60.0,NY
tnax9WkQ,42.0,Berlin
pDeL5v6o,36.0,LA
XctPcO6O,28.0,Berlin
Jv6U2UEa,62.0,London
AsHD1XWO,52.0,Berlin
QE0glea7,50.0,LA
g6wTbZYF,,SF
U2v74AcP,,LA
mbnXtOdn,20.0,Berlin
ubdPKNL2,48.0,Berlin
AEDexVY2,,SF
M3fSc8rE,21.0,London
ZKUYslf5,49.0,NY
jf1oSjsN,67.0,LA
wEUO4oQp,67.0,LA
GSSvYjXH,41.0,Berlin
287Q74Jq,68.0,LA
hyhoqAIc,53.0,SF
l6rEkfbD,19.0,London
0VmW8KZr,22.0,Berlin
EBJQ6AlX,29.0,NY
enoumEIO,,SF
rmBWwrwc,,NY
O6j00Fpj,41.0,LA
nUbPRZhe,42.0,LA
xzXu77t1,61.0,London
NW4ecYdU,62.0,NY
A1fVCi1D,62.0,SF
uD3BeToA,35.0,NY
8uRhrH4T,,NY
v9vBcclE,37.0,NY
yW89kGYQ,50.0,NY
zRMKgzxi,46.0,LA
wL7tI4DH,46.0,London
SYVubVBe,,SF
hKwWUur4,29.0,Berlin
iygKbxxo,51.0,LA
1HfHribU,,LA
8DiG0G1L,,SF
ckb2gB07,69.0,SF
mwQ8xIUX,27.0,London
TMzJ3KfK,39.0,Berlin
QlxSu9eG,42.0,LA
BMfJsdiB,18.0,London
aP3qmTKz,27.0,LA
XPJsTz39,32.0,London
rUOdSQPA,,London
oEYIi84B,48.0,Berlin
i7IWVtvL,34.0,NY
xhIZCwtD,29.0,LA
Wex79Ii0,22.0,London
jFc8nRJP,55.0,London
GtOGxdR7,65.0,SF
3Dns75Ws,56.0,NY
KarOLph2,68.0,SF
Q4rxf8rq,26.0,NY
wFr1upb0,68.0,Berlin
8c5aNdmA,34.0,Berlin
BsgJ4Wrp,46.0,SF
tLBNe8Yb,,SF
cyRfXter,59.0,NY
AiORMu0S,34.0,NY
y3UrtxaZ,63.0,SF
dDSOHfW8,,SF
7PsBo2T5,37.0,London
HVrNK1Zp,64.0,LA
2m8ieoJC,44.0,SF
FG2sLwsk,68.0,NY
Cb6mttQt,56.0,London
fsyqE5zW,65.0,Berlin
TAq2IL4k,37.0,Berlin
bmuzQHU7,40.0,Berlin
5omkF93b,26.0,London
6BIxHyCz,,SF
rkwY5UQf,66.0,LA
zDqnhgtA,36.0,Berlin
fOvNLHSq,,SF
E5fryBxE,69.0,Berlin
JQKZc2LO,29.0,Berlin
1Y6wpAO0,19.0,Berlin
U90OfM1U,53.0,NY
oO7nl0zL,38.0,London
fX0YWqMt,57.0,London
j75Ea1kn,60.0,NY
E8lCrtu4,28.0,Berlin
GxybqKNe,45.0,London
VIWXwxYZ,29.0,London
XHrYCYwt,22.0,London
RU7fETpe,67.0,Berlin
K9THDYjg,32.0,Berlin
hVNmcM5U,49.0,London
wsJC3UUQ,,LA
k7tRAXZ9,58.0,SF
xy3U4CZf,,SF
TlEMmMCV,31.0,Berlin
ZKg4cB4D,58.0,LA
fyMXiuOc,26.0,LA
YeDGWjLF,,LA
FFhZeo2z,61.0,NY
0HzBcxOf,24.0,NY
5wDp74N0,49.0,London
qNINBtTo,61.0,LA
lOhutiJB,,SF
4Zn2kFEs,23.0,NY
w03gzLyo,33.0,Berlin
iRATPDta,19.0,Berlin
PDNDp8o8,27.0,LA
uhGxAhR5,21.0,London
POajeK7t,22.0,LA
ozbxkLhd,54.0,Berlin
0NzY93NC,56.0,Berlin
39UU84ma,43.0,London
v8EUb2h1,47.0,NY
q1qrgGLt,19.0,London
bprJqGtF,,SF
Ea87nPXa,35.0,Berlin
UUNFcI4i,24.0,SF
11GPCzFp,,Berlin
htWKtCSS,64.0,Berlin
dy8prUBJ,40.0,LA
W9yjBZNY,37.0,Berlin
cLcUaMQ3,32.0,Berlin
efKnxo9E,69.0,Berlin
ELZKdl9Z,45.0,Berlin
rELLaWbp,63.0,LA
YzC8lu4a,20.0,LA
rvrwbSHw,20.0,SF
tPffqe27,29.0,SF
C4d2Xwjc,51.0,SF
E06gaRmF,53.0,London
Kh9JrlkK,25.0,LA
UaEbZ7fU,26.0,LA
hF40RlzB,,NY
VfwZxWk6,41.0,NY
TS7MMJYs,41.0,NY
x9A9O6G9,52.0,SF
dbvt2mu2,28.0,Berlin
bdN9hsD2,23.0,London
r7WCFjiy,42.0,LA
jSS2dhyM,18.0,SF
YnT7WLvt,26.0,London
f14vKLF5,,LA
h7TB4NyG,30.0,London
9RLNnXWn,46.0,London
pv93FAvx,63.0,LA
KuK38I93,49.0,London
QWF3h6tz,48.0,NY
CJH8f2Rl,43.0,NY
96Y5P5vi,57.0,London
HkYVftuv,41.0,SF
akX9Idvx,32.0,Berlin
7ClxtLCp,59.0,LA
qidpdb0Z,68.0,SF
7vcXfv9a,23.0,Berlin
1QbtFIoW,,LA
g8Gt2v3o,48.0,Berlin
rACLenGi,33.0,LA
7VgPWtEk,27.0,NY
caBXatrj,62.0,SF
JSoINOlk,,Berlin
fTjk1hOs,,NY
zpsZVCml,46.0,SF
NyApbSEK,,London
7mQ23TSM,57.0,SF
2SKu6Dbv,28.0,SF
d8BADY3Z,18.0,NY
t7a2Gx0k,60.0,NY
DK30yj5u,54.0,Berlin
CflAPeVR,40.0,Berlin
RDIgOR5w,,London
qzJ75zJg,32.0,NY
ZGp1GrMz,46.0,NY
PIc2HnzX,41.0,SF
LpkNoJSM,26.0,SF
gh5eH1qc,60.0,London
f9f1W2Ml,28.0,SF
j3Jgn9S7,,SF
7TnIEYSx,61.0,Berlin
gIpcNHHK,63.0,London
dMNOxBaC,55.0,Berlin
GhQi6aHk,65.0,London
xZLbWFhn,43.0,Berlin
qhjwzrmf,62.0,Berlin
hxjV8r0v,54.0,London
w9llwh0A,41.0,SF
B8Ud8P2A,39.0,LA
aUXE1sza,35.0,NY
mUlbA5cZ,26.0,London
HZ7t6qEW,,LA
vHzUUoER,49.0,Berlin
rVbJukYW,29.0,SF
QbZhrL3K,,Berlin
9MMxjXTe,34.0,London
B3gIwTLF,42.0,LA
QUpXdQ1N,31.0,Berlin
QWxmwYwV,42.0,SF
bkj3uwmi,,London
tsg3Ko5G,30.0,London
Rpx0PH6z,54.0,Berlin
tC9cMGUi,27.0,SF
fQFRQDz7,26.0,London
hGaMvwQR,,London
BlQzcxKK,24.0,Berlin
CnCM0i3r,31.0,LA
GDC30Vht,53.0,NY
FH2jx3DW,,SF
dJcUFUgV,22.0,London
uQbxCvQC,30.0,London
aoLFttts,,London
V27eBq7d,45.0,LA
yfhRueob,68.0,NY
YoQ3gJxR,,Berlin
cUThcex5,,SF
ZvkxvDHM,56.0,LA
82nJJ2WE,,London
MAc9e7CH,34.0,NY
jPzIpcRh,23.0,NY
JtUE0QfP,63.0,NY
EQD3LeOl,63.0,Berlin
PR8wrvUh,42.0,SF
ji4KZSzg,27.0,London
jgX7arzG,31.0,LA
ElznY1fI,,LA
bAEZyk8O,,LA
qGPbE16x,28.0,LA
kdX5Djlr,49.0,London
BuT1yqNi,27.0,SF
h0fZcuqD,64.0,London
Bdx6Hylc,51.0,LA
MkKeDjuU,68.0,SF
meTJsDuI,61.0,Berlin
bbGT0maG,46.0,SF
q2yZV7fa,46.0,Berlin
O29ME10l,39.0,London
9DyOgMvo,,Berlin
vW8FSCLS,31.0,Berlin
Bk6A7G8V,19.0,SF
gBS4l56M,,London
7J9HIBWA,39.0,SF
ag730546,18.0,NY
Ow0kDEXB,67.0,Berlin
Vo68Jcul,29.0,SF
gVioh4bs,29.0,London
LPKKJ0Hr,21.0,SF
o2YQa9um,34.0,NY
FvoxYvEM,65.0,Berlin
9EpI88oj,36.0,NY
22To6X3Q,18.0,NY
4n3GWE8C,69.0,Berlin
z49nZiBH,34.0,NY
ppRIxwOo,,Berlin
0BGRjj8z,,Berlin
Q6dhWGhs,,LA
qnRK98dD,,London
ovIovone,23.0,SF
5mDukqlA,69.0,SF
1eFSimeC,23.0,London
85gLvnKV,,NY
rvOOthzt,,London
BYkOkoFf,54.0,Berlin
8xGU4DT5,46.0,Berlin
PFtEmO5m,60.0,SF
PFI9tZ9l,,LA
TaCuYI26,39.0,NY
49JnHqNp,22.0,London
bd29WIHE,46.0,Berlin
CTnhyT5X,19.0,Berlin
5FCu4lUv,,LA
RTUi4fBk,63.0,Berlin
sdFO3M0B,37.0,London
2jPeQXR3,,SF
xYQaDBR4,,SF
tIPqVc90,62.0,NY
a7mHEWex,52.0,London
6t6U0NzV,53.0,Berlin
DbzxnDZ4,68.0,Berlin
I3TG7RXH,35.0,London
sRyCPDFD,,SF
uTimJyN0,,Berlin
n5QBqUN8,63.0,Berlin
91hoLTV1,42.0,London
yAn7vq38,53.0,NY
F8NN8cAz,59.0,London
e2yCoOiq,58.0,Berlin
NMR0DZri,37.0,London
oNEGst4i,65.0,London
cvr5kqUT,28.0,NY
3UJdzWSR,37.0,SF
Pdz4H6UR,50.0,London
cgYPGHWe,27.0,London
SxAmXje2,42.0,NY
lFei5eOv,27.0,Berlin
XTB4SQ4v,41.0,LA
Q25CsEJQ,58.0,LA
aWMFuaVa,50.0,Berlin
CgbBLyAD,51.0,Berlin
Ho70lVPH,,Berlin
5Gsel3mu,57.0,SF
4m5sv1MF,41.0,SF
UTaRglU9,,NY
DbtjZftQ,,Berlin
fMTj430h,27.0,London
yLmaBM1O,,Berlin
kCdlXPSw,39.0,Berlin
oqpxOAsF,54.0,London
5MmeQ2uC,,NY
pN3EKjeW,40.0,Berlin
M3h7MAhE,28.0,London
LxTfuCJa,,LA
lOZhpa3k,52.0,LA
JuxRGjuh,39.0,London
b6Vj8odh,58.0,Berlin
eDIRgsIa,39.0,SF
oESHVMxu,,SF
HtDEawtL,44.0,Berlin
kiQ40tph,,London
qYg1Cl4P,,NY
9T6jwDZu,28.0,SF
2bIkzjrw,50.0,LA
QdkUgl9d,33.0,NY
pYJkTCJA,,LA
GmFU0xFj,47.0,Berlin
cTxIobeE,45.0,NY
u58Ur0of,46.0,Berlin
E89LsfBd,33.0,SF
eksXewXU,18.0,Berlin
JmwEKRCs,,SF
igD8tyC9,,SF
AsPqXvUr,,London
qghDaq3m,53.0,Berlin
DWhxLDlz,,NY
7OV02WDw,36.0,NY
OL5WFYGb,53.0,London
TwkRbC5f,26.0,Berlin
ZeQkSP3V,43.0,London
4Aler0md,19.0,SF
xJvByiFf,,Berlin
M9vnJYfs,45.0,NY
U8Dt2cU0,62.0,SF
FflG7KE4,37.0,London
j5GHDGbC,36.0,London
QNE32Acv,36.0,London
Ly4Ut7D1,58.0,Berlin
8Aoeu51t,54.0,London
358wIcqv,32.0,SF
kw26wpYn,58.0,Berlin
YNLZyoCB,,Berlin
u6U6as6X,59.0,SF
vPM5q1to,18.0,NY
4HnBuiyD,30.0,Berlin
AGXr0pD4,66.0,SF
werkKkkm,63.0,Berlin
UXm1xllt,20.0,NY
FpuyAmPY,,NY
ZchFsxTV,25.0,LA
Nc0tropb,40.0,Berlin
zXrCuRN9,45.0,Berlin
lNty1qw5,50.0,SF
YmGxUPou,51.0,SF
uhPNPeit,51.0,LA
Rpi1dp06,42.0,SF
pSUuLuHi,58.0,NY
iD2XK7lm,18.0,London
VF4lk9yB,60.0,Berlin
oHlY5ynm,24.0,LA
aTdVWUer,55.0,Berlin
4ri3IBKY,45.0,LA
7NjMeMNB,34.0,London
tdOASPeU,55.0,LA
cQcCn1Im,65.0,LA
wOknarnW,47.0,London
OEba3lk7,18.0,SF
EH3kLzer,45.0,NY
IlNM6YLe,53.0,LA
DLZd6D0U,35.0,NY
u2X09QWB,19.0,LA
SLgNgDis,50.0,London
KbvccOAe,24.0,NY
cS5ZnFK2,,Berlin
sU4CCkHB,,NY
hw7JXwS9,67.0,London
3p8tKov9,56.0,SF
PJNb1zwX,35.0,SF
S60PWlKH,24.0,NY
nKWiWnA8,21.0,London
P1K8xeMc,34.0,SF
7dd7DFTr,36.0,SF
qa9ace9h,,SF
2eL9IYZu,,NY
WqwafgI1,55.0,SF
K6l9LIob,54.0,London
70bQBOOU,,London
YhImPidv,29.0,Berlin
QpDlRM6Y,54.0,SF
mm1lQJtq,21.0,Berlin
ljsYRhZe,,Berlin
jpt7L8ZJ,,SF
ya4nuWn0,57.0,Berlin
pj9EKgdE,32.0,SF
GGqGALav,45.0,LA
CpNGILlT,,London
GIcMmUSG,46.0,LA
v7DuJHOI,22.0,NY
nGJklWr4,60.0,NY
eX7JEyME,59.0,Berlin
ngjMoMQc,19.0,LA
wcgXvQZ7,37.0,LA
jh1f6ylc,39.0,SF
jn6nZ2ZP,57.0,Berlin
FF8zwI3l,,London
NBIv6q1W,38.0,LA
CN0khlUx,37.0,LA
GhyoJWe1,49.0,SF
u8fFOxvD,53.0,SF
xN5tBoj0,65.0,London
rOdxPkKn,63.0,Berlin
fn6Jgg7p,20.0,SF
rZkXr8HP,25.0,NY
yrxqAPLD,47.0,LA
kEO1zJH8,,NY
WzckP1su,24.0,NY
9d3zGIZD,41.0,LA
LRg4sq1Y,26.0,LA
gmcTgpod,51.0,SF
l9zpsUOt,52.0,Berlin
ONknBvAY,26.0,LA
qmIo3rtw,56.0,Berlin
1BCp2U35,69.0,LA
PhzX6l20,32.0,NY
NiFjhWe8,66.0,NY
PsKzuo3C,,London
MTFQeYEy,21.0,SF
DjD5sYBG,34.0,SF
ZokFV8ra,26.0,LA
bYCgI3hA,48.0,LA
sqtnEdJ3,47.0,SF
SgRImWeO,,London
VnIUQpeH,35.0,LA
HlxYW6D9,38.0,Berlin
TJSJN8kt,34.0,LA
DEmtfiKz,52.0,Berlin
6cwFQuQj,34.0,Berlin
nB4pHwcH,34.0,NY
0tevCh4Y,42.0,NY
XbRlb1JU,,London
zmtuR3fs,41.0,NY
6RsafIqg,,Berlin
QZShDo8B,38.0,London
PfwQeKZ2,,NY
34UoBQoM,31.0,NY
J9t46BEr,64.0,Berlin
PjOkfDxs,63.0,LA
WI13Zsqk,45.0,London
3GitjHm6,,NY
3IJDtJ3r,45.0,Berlin
TSWEwjUV,48.0,NY
w4KraHka,53.0,LA
SL5nZz2z,33.0,SF
GFQOyoEl,,London
wzhEHTcu,,London
1wGBPQN2,28.0,Berlin
Wkn18WH5,43.0,Berlin
3SLDlZ3v,44.0,NY
bkve4KJp,47.0,London
f6pSsY3a,54.0,NY
M115wSbN,20.0,SF
oNrD0M8c,,London
jgKQUhe5,27.0,SF
Hn5optDl,,NY
kb7CCZ1G,22.0,LA
1snLAEFp,26.0,SF
2XRESmFX,43.0,LA
CNRRH93U,52.0,London
V2Kk8Who,22.0,LA
UmpamfVx,33.0,LA
tSHlmF9p,30.0,NY
xrSiFECh,47.0,NY
82CqvuZS,28.0,NY
yTN8Cf6N,47.0,NY
Ft8zI1Il,,London
IDN2Lg7C,38.0,NY
qTA0Yv8U,21.0,London
pegNM2qG,34.0,London
DXWLqHPh,50.0,LA
XR17eAAC,48.0,London
9yPx3JhF,23.0,NY
HjyDKos6,50.0,Berlin
gBBJMj0V,69.0,LA
FjllAxYJ,56.0,London
j8ztUNdE,60.0,LA
up1DJ5wO,59.0,London
dmU4M81Z,67.0,London
MPUXl1xS,44.0,LA
g8U6fzHi,42.0,LA
AJlJpIyz,59.0,SF
P57VmP0C,36.0,SF
BrL0FQo7,19.0,NY
oCY6EBJ7,,London
lw9pGxui,31.0,LA
mrl4Emue,61.0,Berlin
BU4YGBJk,32.0,LA
LADMqjuv,68.0,SF
oZ5ojyCW,39.0,LA
6Bfd4vip,34.0,Berlin
n8qCy4U6,67.0,LA
XhdlDVAv,58.0,LA
Amml34xB,49.0,Berlin
zdAdoq78,50.0,SF
0aXCs3G1,18.0,LA
2pLpBoWm,58.0,SF
aFEqMov3,36.0,Berlin
KCdeI7Xj,55.0,LA
XlVXfioC,68.0,LA
Lhp780wU,67.0,London
D1xOZUZw,52.0,NY
IDdzz5wy,21.0,Berlin
6jVHKkbC,28.0,SF
d7ojCpMy,66.0,Berlin
EmhEpU5j,20.0,London
AGOZQQkF,19.0,Berlin
0z32qO1C,53.0,NY
2SwbYAKj,40.0,Berlin
sl532rDm,28.0,SF
fr589N3G,52.0,SF
waUJyomz,,NY
Tq2yNDX7,,London
1QXzSNAv,36.0,LA
57nQWN5E,23.0,LA
zkWyy0Ld,42.0,NY
fL1Xu2yp,33.0,NY
d6mNT4gW,40.0,SF
vQLuzHNn,28.0,NY
VAEFnTkj,50.0,SF
9r6poRLf,25.0,Berlin
LNA09Je1,53.0,SF
ZFoW9zAi,67.0,SF
1UHQI2mI,42.0,Berlin
RLnOvcfH,52.0,SF
QLNcHquv,30.0,LA
aTGFroIq,23.0,SF
APEwKBdb,,NY
e6bzsh2x,63.0,SF
pktBc8nC,56.0,Berlin
N5u00BVB,,NY
JT0RAbHV,21.0,Berlin
CL83eW7M,62.0,Berlin
Geeol1Ps,60.0,LA
0Q59MN60,59.0,London
G4R6zZlP,33.0,LA
xHyrfXdN,28.0,Berlin
HG0KRlsd,41.0,Berlin
ybcz7uke,31.0,Berlin
IRI3XCtC,57.0,Berlin
FbphEEty,25.0,Berlin
VRpRO1iT,47.0,LA
rV6xJJSu,48.0,London
ZKrN5VXH,23.0,Berlin
ZbqgJaep,41.0,London
N90H5ryu,,NY
VWui7DzO,,SF
tcaHZMPT,63.0,Berlin
HIqy5ktO,38.0,Berlin
NxkUL317,23.0,Berlin
LYTFK8rt,32.0,SF
xVrgu2t8,49.0,London
7vMHsBRF,,LA
7HxOHT4N,64.0,Berlin
ERmTzWfP,49.0,SF
DIKhvEnl,29.0,NY
NvyQyySl,28.0,SF
4gnMltsW,51.0,Berlin
hzrNQmhT,19.0,London
crfeBZVd,61.0,London
wl4UE6Oi,39.0,NY
A8f4YFnB,,Berlin
G4XX2NMm,23.0,NY
vNfIEaGm,23.0,NY
Ry5qDv9u,,Berlin
wY1TeYbL,21.0,London
S0MFCQLZ,24.0,London
UgFAQBDL,29.0,London
FSgZmga1,,London
1IcU6486,26.0,London
Afx4M3Yi,24.0,NY
9OWtUb6h,65.0,LA
s2mvoNkh,64.0,Berlin
GFV2dRGj,39.0,LA
RUfIsSex,44.0,NY
AH3qpx0l,52.0,Berlin
T4dCm8Vb,55.0,NY
JYRNZ4ED,41.0,Berlin
ZummdITk,31.0,SF
U0v4btrC,57.0,NY
xmmwhoZ5,53.0,NY
5ykzjS8p,30.0,SF
zyjS0ERW,54.0,London
38YgeUEz,69.0,SF
UQOO9GZT,67.0,SF
OmXPcpQE,28.0,LA
I76wdOdG,49.0,LA
6dP78FhM,22.0,London
A6UJnrYJ,34.0,LA
BZyCUyWq,,London
Y67mXwvq,,SF
Pj6U11et,40.0,LA
Y4izPpHD,22.0,London
ft4TaYyT,57.0,London
RvhaVWHj,55.0,LA
PiPQnjK5,25.0,Berlin
OLwgFboX,44.0,LA
eHqDd1WG,19.0,London
jjLJ0jkl,57.0,Berlin
SpdjZaHG,24.0,LA
q17UWI2T,57.0,SF
VQ2koSP9,67.0,NY
2nusAi6q,39.0,LA
QFhqlwmq,24.0,LA
LzPQ9y3z,64.0,NY
Nahxo87Z,26.0,Berlin
SHPidsxk,63.0,NY
fmSNziIQ,,Berlin
Z9UsA8m0,,London
xFgAH2gb,55.0,Berlin
MtNGWgSB,41.0,SF
y6LQ1lH8,53.0,NY
inrs7L4W,35.0,SF
SIoZX5c3,60.0,SF
uH4rb7gN,,NY
kiUCQ8gt,56.0,Berlin
lt4PfeAp,,SF
2uD43obh,39.0,SF
uPiSZmvi,42.0,Berlin
43lL31iC,,SF
qNt8Ko0z,68.0,LA
O2HYS5Ux,42.0,NY
3tdjIU0a,58.0,Berlin
VCKxDLCQ,42.0,LA
DpDmVrA0,,LA
ZtRkL3jU,42.0,Berlin
kogu9nUF,24.0,London
8ZLgM3fk,57.0,SF
NzCjxsgv,61.0,SF
3M1yYprh,41.0,London
amHMjt9y,36.0,London
TSsiFqrs,,London
BOEmOebt,,SF
t298sfzw,40.0,NY
YO5HD3mg,37.0,SF
I4fIlnZm,,NY
8tjRVZAd,24.0,SF
HcajzIBv,51.0,NY
eGcTz9os,28.0,NY
QbyZUOqf,60.0,LA
riWyovhW,,SF
LCyI9bW5,55.0,NY
PUnPk5d6,28.0,LA
rX7mn435,,SF
yVT54qX3,42.0,NY
yLIQXoEf,48.0,LA
KZHese4j,54.0,London
Phz2pCzV,43.0,NY
2pEiAA6T,27.0,LA
fWwDpmHL,50.0,NY
Xv4OLddL,24.0,SF
uZ3yNock,53.0,LA
47UtqQx2,62.0,SF
pDceGv2r,37.0,LA
xfZUep8R,32.0,NY
9HWlWIUk,33.0,SF
oYrHqsTm,,Berlin
QrFDVhEq,38.0,Berlin
GxdaBYci,,Berlin
wNkIqsG5,57.0,Berlin
HmVhrJQD,65.0,LA
J7DaWKNC,51.0,SF
n4sD21Pi,56.0,LA
ZfdfgYJs,18.0,SF
6oZF32TR,26.0,Berlin
DKdXsdRA,58.0,London
ED2cBHOB,47.0,NY
teGREYHk,38.0,Berlin
7YxnAGXD,35.0,Berlin
IETo1YSB,39.0,London
KK63vTya,61.0,LA
DCE3Hykc,43.0,LA
BxqeRJSa,,SF
8r8X5WjO,48.0,NY
myVaTvkH,54.0,SF
KZRViOAJ,60.0,Berlin
VLdBdY5W,53.0,LA
0N3qNmUK,65.0,Berlin
INSTFfbB,61.0,Berlin
TwL2nGpm,19.0,LA
oqUW4gTC,54.0,Berlin
rytzcnwJ,57.0,Berlin
OMapXTbL,33.0,NY
ITt3JnFf,67.0,SF
Dg68JqGD,40.0,NY
j9jmqRlX,52.0,London
x54tp8fM,23.0,NY
iTKT1MRp,53.0,SF
dXOFDJ75,39.0,NY
qLqDkL8U,28.0,London
Vqex62bh,51.0,Berlin
JfX2FJdU,38.0,Berlin
N92iZcMX,30.0,NY
5GvWScCY,62.0,London
iYKDBJrn,35.0,SF
NQogk9Ev,62.0,London
GSGU7fWq,,NY
O4hmkQAZ,,LA
4RXcGUv3,58.0,LA
rHjOcMqG,41.0,London
iN0LdL7z,18.0,NY
7VYblsgL,54.0,London
5o3eCCEX,45.0,NY
1CAnwqcx,,SF
vHPafyxz,21.0,LA
ZQtSlXTj,31.0,Berlin
yx8mcnDB,,LA
HJpmhEYt,40.0,Berlin
YfysIuFx,63.0,NY
mdkJM52l,29.0,Berlin
rdPiOjEi,65.0,SF
n1hLtn05,64.0,NY
AxbeaRkF,,LA
tLqVuBdB,21.0,LA
DdQZCwMO,18.0,London
mcgrer2V,68.0,Berlin
Zniws8Yt,57.0,NY
jEaz8TqZ,27.0,Berlin
0ychXxtZ,,SF
sMBPsZux,19.0,SF
0iC60FCa,40.0,London
rpmTkjbi,51.0,NY
72DLOZlU,68.0,NY
DdIXH4Q1,29.0,Berlin
2zp0O0eW,68.0,London
HVrccE9U,29.0,LA
QsCUqJj4,,NY
7vKTvBoc,33.0,NY
2tmTetHa,25.0,NY
sL07kKSE,59.0,London
1zfO5gxH,23.0,SF
wi3PQnnG,32.0,LA
7AxfCjwQ,66.0,SF
8qGtiALx,28.0,Berlin
o7BgvoHD,68.0,NY
wNiHAdi9,47.0,Berlin
tq4DC4EC,27.0,Berlin
2ypJSPLy,,NY
SDZ9GSMc,35.0,London
tCH1Hh2k,26.0,Berlin
nx3V25ih,26.0,London
wuiWLwXO,67.0,SF
0Ji7tuiV,23.0,LA
uCEcqyH8,33.0,LA
GSLEeDDR,29.0,LA
dwx09p1f,19.0,LA
lvEXZCL5,34.0,London
DE8xEJiB,43.0,SF
6YquDaj5,26.0,London
7TIsHMmw,22.0,Berlin
CKNTnT4Q,45.0,NY
KVKatSXX,,Berlin
GcucAmPy,34.0,London
qvMSq1Iy,64.0,Berlin
wOQ1BP0R,,Berlin
HRcCV1zR,36.0,Berlin
7xl6WjOK,23.0,SF
XaXMdvaE,21.0,SF
FoWz2zeg,,NY
JVcSz9C1,68.0,LA
jhQvIUin,55.0,London
uGgDo3Nn,31.0,London
2k6NQdY6,33.0,SF
ipuJyOCR,54.0,SF
aiq4CdUw,49.0,NY
USVLLywo,,London
GMeeHIo7,22.0,London
Aw1xhzVM,34.0,NY
UzSeW1ZM,21.0,NY
jBPIOKe8,60.0,Berlin
nnN9NsFk,41.0,NY
KHlWdwIT,,Berlin
3RkkofZA,47.0,London
Sp47smMZ,61.0,Berlin
i8WmpB5x,28.0,LA
6rcEOUmH,44.0,SF
BX68WWiI,26.0,Berlin
AhN4hJK3,41.0,LA
0l04GQFE,37.0,NY
dWGSFM3B,30.0,NY
V7TpjgWJ,45.0,NY
0rWVdXUN,,NY
npmwTle4,48.0,LA
ZVyvdWQc,49.0,SF
e80Mzu9l,52.0,Berlin
15jVmsFi,54.0,SF
swZOEfxO,36.0,Berlin
bYlkbMK5,64.0,SF
RwVgTfTC,24.0,LA
nVPMMjFR,20.0,LA
mBg5NzPt,57.0,NY
E7ag60io,,London
rPvg1oK3,48.0,LA
ynrVfnkW,62.0,LA
rbxc0sbL,65.0,NY
tZ2OqAFf,57.0,London
vMkEB50W,26.0,LA
1CpPPWS9,51.0,LA
k2L2q8LH,39.0,SF
zeffnWSI,44.0,Berlin
Z6oX6NSP,69.0,Berlin
5vZV1uWL,,SF
yN1ewNEU,50.0,Berlin
vvP3YULP,69.0,NY
mh7R9hPX,62.0,London
iEcQfVyZ,62.0,LA
ePGqrdwL,60.0,Berlin
HCG4UuPB,,LA
qODPJpV4,69.0,SF
WOmi7uig,23.0,SF
3wDfJZKR,65.0,Berlin
sM1W0r4l,44.0,SF
mYthjrT2,,Berlin
N8wzC6Vn,55.0,NY
ZmtN4Gfp,39.0,Berlin
AYGRVcg8,69.0,SF
kyIsi0pe,,NY
p2rLwf58,,NY
L3RojmiM,44.0,Berlin
SYEXu9hd,61.0,LA
UPQBpMwC,,LA
ZqrqwlBg,47.0,SF
xVsKbtbv,52.0,Berlin
ns2FpCJg,,LA
7aT98OCz,18.0,Berlin
bV20Amsj,59.0,LA
AcAjr9US,44.0,NY
Pz0eAC25,,Berlin
gsmbKcrP,64.0,LA
dlX8xDEH,60.0,London
8dohpPig,65.0,SF
4IGaQBN0,41.0,SF
Nyi1VLnd,40.0,Berlin
dCO9O4Wx,,London
0AHgpktW,26.0,NY
NaGNnsPZ,44.0,SF
GcGrYzPT,24.0,Berlin
W3GCJCgu,,SF
w5okdssy,33.0,Berlin
cQcMCDnp,40.0,London
OXq7MxzR,24.0,LA
vWhheL6H,57.0,LA
q5TJIoqZ,39.0,LA
EXQfk7vN,46.0,LA
MJGPLgVt,,NY
kjKv5n3J,54.0,Berlin
YSUZklr0,,NY
D6cgqSlx,48.0,LA
AFGlVTyr,,LA
c43M2l5p,58.0,London
TBvsq3jK,54.0,SF
5RujZf1S,26.0,LA
H44IYcPV,42.0,NY
hQx5G8BY,59.0,NY
0TFfZohK,55.0,NY
mcxPlhmk,50.0,London
N1qRYXvp,30.0,NY
yoMU0Vid,54.0,Berlin
bPkAdNln,44.0,Berlin
oyDOtJkM,36.0,London
1MTSIvs4,33.0,Berlin
bqD1tQpj,64.0,London
loTfyKvd,31.0,London
voZWRlBV,,London
SsGxT8SK,,Berlin
cm5PfrCy,56.0,LA
IeX6CTZh,39.0,Berlin
HvdG1DCh,,London
SWUXvd3o,54.0,SF
LYTAJvgM,18.0,Berlin
K57SW3SV,,SF
GNRhSHDJ,38.0,Berlin
TgAb1XVh,67.0,London
mVpkRzJS,,Berlin
iLBhJWBV,,NY
zamuUPOv,63.0,NY
NBaJRIHA,51.0,London
AaqTmEyt,46.0,LA
nhMoT2ts,21.0,SF
OOeeuHC5,24.0,Berlin
AEsatM78,50.0,London
POMpz9H3,29.0,SF
jGSfwfcL,,Berlin
MXoXQ0Gq,63.0,Berlin
Btpxey3a,41.0,LA
WzqDR5Ct,55.0,SF
l9Zt8KHi,18.0,Berlin
t6Es1vp7,51.0,LA
oQ2CXydE,34.0,NY
KMOpDMTv,,LA
BVGMfuCa,67.0,SF
EykPTMRP,39.0,LA
z9RSoANw,,NY
S7yZJoYE,65.0,NY
ojnCkXSw,44.0,SF
dQDRedFU,32.0,London
QqWK4YZm,32.0,LA
hw9U4b7J,40.0,SF
b2iZat6o,,Berlin
uJVZnvAe,44.0,LA
ttEhkDtN,66.0,NY
OLSN06K2,67.0,LA
68R2UKrN,57.0,SF
YB2A4TKY,26.0,London
xBHDYVJY,64.0,London
aV2f5BXR,62.0,Berlin
34bChc6E,46.0,SF
pUKhhzCM,54.0,LA
0oFAWMqW,38.0,NY
F3FrI2uV,18.0,LA
061x1KSF,29.0,LA
2ecLmRSF,18.0,NY
IQ691vPE,44.0,Berlin
5X13dGaK,,London
kCmS3RO7,41.0,London
y1NYZA8Q,66.0,LA
PXZtvmNm,51.0,SF
3cYUJMzl,56.0,London
f02A1UdE,52.0,Berlin
rPziGQHh,67.0,Berlin
Ts8zOT4q,63.0,NY
xmlB14Gp,27.0,SF
QlpWKsLr,41.0,London
5MpyAGLi,44.0,SF
L8cIrDvX,24.0,London
6VeTCDZy,31.0,NY
rOxSJBDB,52.0,SF
B4L7pRdP,60.0,SF
MF67zBsb,32.0,London
2Ce5lljg,68.0,LA
GDAKLogA,61.0,London
ZhSWNTzq,,SF
Quqictas,,NY
oY9jcLJJ,26.0,NY
EeEpTJ9D,56.0,LA
frhhLInp,64.0,LA
ingJFEZq,50.0,SF
Gg7akZND,,LA
kdXBoRqR,55.0,NY
gsrRT3j2,49.0,SF
ugCDluSZ,38.0,LA
dZGwgzIR,22.0,NY
0vaO9Ofu,60.0,LA
xIWcpg8M,28.0,NY
sPSP494H,46.0,SF
JKDj7poe,63.0,NY
koNauJL5,25.0,Berlin
8Lu7wSyO,44.0,London
LOBO3PiR,63.0,NY
bLI61Mnv,58.0,Berlin
ENwGKTlz,60.0,LA
1YS1hPoJ,,London
XhE3p7PG,69.0,NY
0xk74bTx,65.0,NY
65f40YtF,,SF
f22MaKf5,24.0,NY
2GqSQIbC,52.0,London
MpvIYjQs,,LA
gvqgF8Tx,23.0,SF
NAm3XLaQ,,London
O8EFuQtR,53.0,NY
bPHE2gr9,59.0,London
sTxdIigT,57.0,London
bIoL8L9J,59.0,LA
q2M82xaQ,33.0,NY
ME99UQa0,28.0,Berlin
Sgrrk7fm,,SF
qfVIup0E,45.0,LA
Y7zVJgkT,62.0,SF
EKVx8psa,69.0,NY
Y7HXuo1V,,SF
Dd3vwrRL,,London
HFlnCMo7,52.0,London
mLNgvWyy,34.0,London
5FyZmrqY,56.0,Berlin
ib8wM424,60.0,London
0hc29nfI,21.0,London
XabtuqKr,65.0,NY
iexNnSfQ,24.0,London
4e7FQVyf,65.0,Berlin
OMHbsPbN,35.0,Berlin
8AhbRVBX,,LA
ArLneeX8,,Berlin
Jiqgsm5z,45.0,London
EOLegdj7,58.0,SF
WErILgBL,,LA
fMg8DtLT,53.0,Berlin
F2f6pub2,,LA
TLPuSc7w,36.0,NY
mOjRurkc,67.0,London
27tMAmDm,61.0,London
fuzhW3PI,67.0,LA
mO4W86CV,,Berlin
WDVd0MNr,,SF
fcKEx38W,67.0,Berlin
9l6k8vC6,19.0,LA
1MdJ1Ayw,68.0,Berlin
xATEzECe,34.0,LA
tgecpu1Y,28.0,London
vWUsCDvH,30.0,London
D93SWgZJ,58.0,London
gJN0dpo8,45.0,LA
zwBijpVH,34.0,London
yoGzCkky,,NY
xCUuoEvC,,SF
qYZXjqMe,62.0,LA
zaSqk0Uv,51.0,London
XhIr8z4I,66.0,NY
Yr5H4lMv,54.0,Berlin
T8Yklixd,31.0,SF
l62rBmwp,,SF
UrDGZtEk,23.0,London
LM8NIX7x,58.0,LA
SsmSc11E,,LA
zNaiDioK,39.0,NY
HdQIExgZ,37.0,LA
jYbgqVlQ,40.0,London
CQBNyHJm,61.0,SF
kKeXT1pp,49.0,SF
JW1kVmUW,,SF
2pFd7JS5,56.0,London
Yuuhyusv,67.0,Berlin
79setE5S,40.0,London
6U9kzs0J,37.0,SF
6TbaIZtl,,SF
HsaRitV4,60.0,LA
pif44xk9,63.0,SF
n7udFRlQ,56.0,NY
oKIYGUAh,60.0,London
NOKK3jHz,,LA
NAAUgg9d,34.0,LA
FuDC7Jb9,,Berlin
JdlULfDP,38.0,Berlin
AAd0ihy7,18.0,SF
uO6gOxHb,62.0,NY
Tk0MlWPx,55.0,NY
euJBZwNE,51.0,LA
wbyyZ57A,46.0,London
tSGhfn7P,19.0,Berlin
ojTO1ih4,37.0,LA
lt3I9Tte,,Berlin
8HhpKaU5,67.0,Berlin
CRrkJqr6,61.0,NY
p8RcJrzo,68.0,LA
4H5Nwbru,30.0,NY
zsEtR2cO,25.0,NY
GaGcb3pm,,LA
MZ0XG5hh,65.0,London
ihlArIXV,28.0,Berlin
suWryw2Q,40.0,NY
Eiz9RU0d,,London
jZwHHq3a,53.0,SF
wgyI2To8,45.0,LA
udm97xLA,,SF
coreD9Uq,25.0,SF
l9mpunHI,18.0,LA
MK8jgCFq,,Berlin
EfD5R1YK,,London
w8si1qNV,20.0,SF
lfcnOHhQ,,SF
eFyc6cXu,50.0,London
xZ2hCJP1,,SF
3bFsn0na,,LA
5F0mpO5Y,51.0,London
X3oRuKnn,43.0,NY
suW4k3cM,,NY
xOq2gMAr,25.0,Berlin
kLtH4zJJ,,SF
8TiMkgio,42.0,LA
oOkPoxJ6,40.0,London
m0Zm7v2u,,SF
mdElF8bS,51.0,LA
wpsUSWhY,25.0,LA
xFq3FTV1,60.0,NY
qUoN1IIX,36.0,NY
MlQS4kog,30.0,LA
5XCYMvaU,,SF
U95icN6L,56.0,London
57gWQzxS,68.0,Berlin
JPhJSaeI,,SF
QI3wGljL,30.0,LA
3TtxEJN8,66.0,London
ruBL1n3H,69.0,Berlin
FPf3Rgoe,40.0,LA
NiChcwmD,53.0,London
06nBzTJH,60.0,London
YMyvzClo,34.0,Berlin
AJwAbXwK,18.0,LA
ceHi52vJ,60.0,NY
Qk7tPaPI,68.0,SF
OxPSliLx,30.0,Berlin
bJtKU4AV,45.0,SF
ZQpywKUK,31.0,Berlin
rBUb66RK,65.0,NY
1mbSzwC4,31.0,SF
6K8g90q5,24.0,London
QDVQMB7o,54.0,London
fEtrTFcL,58.0,SF
mYudFJ7p,60.0,LA
P53cZhiG,35.0,London
NIN0VKle,58.0,Berlin
GZ3S3kpm,26.0,LA
gloBTlm4,,Berlin
vcqb9qk3,,NY
n0Ip9wba,38.0,London
Vbeq9TvX,55.0,NY
cb9A8qt8,53.0,LA
wYPMxjuu,42.0,Berlin
MBpzfuqG,60.0,London
o5q4RB3Y,19.0,SF
lAGOsGDX,61.0,NY
d7UStIGH,,London
FAXk20of,25.0,SF
lnYxbLPp,42.0,LA
9cSBCquf,47.0,SF
4aT8bh4U,,LA
VVlBt7Pp,30.0,NY
uu1TWBan,48.0,SF
y2ou4XQH,49.0,Berlin
DMSPWaCr,53.0,Berlin
lTwjlkaq,58.0,Berlin
uTXjgME0,,LA
QMoEAFCN,,SF
Gb0NQeJ8,51.0,London
rJVPE9U1,,SF
4WmNc2KM,,SF
I7acuxqA,,NY
3451YBPl,,London
MBmuCkPM,,Berlin
pys5Ivtg,60.0,LA
6aXnYjJQ,46.0,London
FQ5Rx4bh,20.0,Berlin
wcqgIB3W,37.0,LA
G45gwmDr,42.0,London
CpFxe3uS,58.0,LA
wy1nyiH2,22.0,LA
yPOxqRDF,46.0,Berlin
mRuKB5dw,67.0,NY
XH6KHA6d,58.0,Berlin
T2qQJKOE,58.0,London
cho3LOFn,,Berlin
j4iSDzjo,,Berlin
bOUPzLQq,53.0,Berlin
cTNLswOe,18.0,London
vzezvTLi,48.0,London
EdOaCAmY,44.0,LA
7dNqKNP8,62.0,LA
lFy38mbI,54.0,London
83LpsvE3,63.0,LA
ZQjRBQ50,63.0,Berlin
uXeJY7YQ,36.0,SF
QgEb256F,18.0,SF
OiCFPZz5,48.0,LA
ZzaUBzCC,35.0,LA
m6KIgMzY,24.0,NY
jceSdwXB,66.0,Berlin
Ep9IYsIR,49.0,Berlin
OXY11bfd,52.0,NY
Ky8sev6L,49.0,NY
YB3UhCT6,18.0,SF
6X6rndF2,50.0,Berlin
Jb7JLAPd,29.0,Berlin
oERp3z7Y,,London
BYKpszC7,41.0,Berlin
nTnS4abu,21.0,SF
wuAUwiMB,32.0,SF
rU8WGlc3,49.0,NY
GfYJsOg1,41.0,SF
KHu9OKEJ,40.0,SF
G0gBDpVZ,42.0,London
kbqq7qNY,66.0,SF
OmTRavmY,43.0,LA
fkHVYLX9,38.0,LA
Oug63cMX,,NY
omdyD3E0,39.0,Berlin
mDHbzwuC,,Berlin
5yqhu4Tb,56.0,London
YBzPsmev,54.0,SF
1iqw435Y,28.0,SF
gzjJ873C,54.0,SF
gp1gNAvL,47.0,SF
zVRsetFz,48.0,SF
HjwufElu,50.0,LA
sQPJ39C0,62.0,London
iMw2W4SQ,,NY
rWQUXfKm,,NY
Saw4F82m,31.0,LA
kceEXOCJ,18.0,SF
jmIAPUfJ,62.0,SF
udza6GDM,67.0,Berlin
810Gqr9S,66.0,NY
gDugkMH1,,Berlin
qyPM0eV3,25.0,NY
vALvzs8f,57.0,Berlin
RHGr0Wxp,46.0,SF
kClKoQqG,43.0,SF
fMLagv4h,43.0,SF
mKh96iku,,London
2hqIRYha,,Berlin
8syGsppG,61.0,London
Y4zJr0If,60.0,London
3QAxfa2E,66.0,Berlin
ebiPpRfT,,SF
YnuguQK9,24.0,LA
lkRQYkDj,49.0,NY
EsRLDpYP,59.0,Berlin
DpndPXq4,66.0,SF
xOIzplQS,35.0,London
TA63g9BU,39.0,SF
A4cgScRZ,46.0,Berlin
osiuh8Rs,49.0,Berlin
8Mzqhhch,66.0,NY
KmdJTkXD,,NY
zvO31trM,,Berlin
l90qQR4w,,NY
OoKJxNMj,58.0,London
6Q5JthsL,25.0,SF
iL2qb9O4,60.0,LA
75yUhqEL,53.0,SF
o6xLAX2A,,SF
HiCe5mMv,25.0,Berlin
oZGUciFl,26.0,LA
7zONWLlb,31.0,NY
K7gTqxGE,63.0,NY
roPXzA35,,SF
5LyyJH7Z,,Berlin
XjJc5EJO,47.0,LA
j5akhJzO,47.0,Berlin
108cz79c,57.0,LA
iiktAJR6,48.0,LA
xxU8fXyn,,NY
mXKaZs36,36.0,SF
3GCcOZD0,65.0,NY
zVElIbcB,59.0,Berlin
TH8TQI4Z,28.0,NY
NIrAN9q3,,SF
rat8Xi2v,27.0,London
IcQFBlyC,65.0,NY
LtyxvdG8,,Berlin
OyygNx1U,50.0,SF
rcb5Io4B,41.0,Berlin
Wv6droCf,32.0,LA
4glpx7kh,46.0,SF
5UsFdkKP,56.0,LA
FjygKdXY,,SF
f2Ly9MEI,37.0,London
Rfxgq1AH,53.0,London
07bACPhx,31.0,SF
vNXswZrV,54.0,LA
lCh4PaKX,66.0,LA
nSGsBDSW,53.0,Berlin
rMTCiIeJ,54.0,SF
oVrCOB7j,41.0,LA
zeOdJ093,66.0,SF
KavWA53Z,60.0,London
gxVQbx1f,53.0,LA
H6jXThyM,,LA
SyOT1j7Q,32.0,London
exyxkcnz,56.0,Berlin
GLN9D5nS,22.0,SF
V4GO9tV0,63.0,SF
PWFtq2ZL,50.0,SF
DbXMdu3L,56.0,SF
HOAqEEbY,62.0,NY
qQESPHT5,62.0,London
bPuwXz2W,18.0,Berlin
x1SG2OMV,64.0,London
4TnH0QPc,51.0,SF
CJtbJmaD,57.0,NY
1P1jTsyi,25.0,NY
dZU1kVU4,41.0,London
rdT1X91O,63.0,LA
9JwICciK,,Berlin
d5eChBms,53.0,NY
iAVleZhH,,SF
yN1HMUB3,54.0,LA
hFbM1iU7,,Berlin
MVLldo7s,35.0,SF
YflaOdgg,,London
3SzGxLL8,21.0,NY
VlWTk6RA,24.0,London
3I9LUBQa,53.0,LA
TuFaMD0S,39.0,NY
sAvJbQ15,,SF
cHQjBPPt,60.0,LA
hnPz6jvC,29.0,Berlin
TvMzNTed,41.0,SF
0EHlALXv,64.0,Berlin
kyJTnPaF,54.0,NY
ITCZ1xgv,25.0,Berlin
H4dJX2Yj,,NY
KYbbRae6,,Berlin
fUE5gt5E,,London
8Ta6rCL9,42.0,London
AJZRGoOx,67.0,LA
26avwV5i,,Berlin
CGMYFKtz,55.0,NY
6AR3CgMt,35.0,SF
RMp3dHr3,,NY
rkduNdMq,63.0,London
cgA192R2,28.0,SF
hcL3DX4C,56.0,Berlin
FTcgSDea,31.0,London
9nqhK5vf,65.0,Berlin
tg1fpWfH,39.0,London
gRApPZgv,62.0,Berlin
P1po8erE,55.0,London
9s9SLAi6,32.0,LA
CIq9hYSi,,NY
Z20o2YaA,,NY
WofNHDFi,,Berlin
DNojQxFq,67.0,Berlin
L00A9EJu,59.0,SF
PWNanP66,36.0,SF
yJK2ibvh,51.0,NY
IdMYlOim,,NY
JYzIhfm3,38.0,LA
Y6T52sgt,62.0,Berlin
6L3JdULj,,Berlin
l8Ntnnlp,36.0,NY
5mKeZDP4,41.0,Berlin
8OaViaGG,52.0,SF
dJVYmApZ,35.0,Berlin
R0PNLFYi,31.0,SF
54OXEvQq,,London
89hVHhCx,56.0,Berlin
zWfJ5Qin,47.0,London
4ahGsFHj,29.0,NY
DeORUltX,,Berlin
8nRX9pIj,29.0,LA
0zTh20UO,47.0,LA
KAwsL6EK,20.0,London
jKfwVg0I,57.0,LA
VQS2NSaL,49.0,SF
aamePHSU,44.0,NY
aBOBRuhQ,45.0,SF
LPCTqw2Z,35.0,NY
zSzdqZFl,42.0,LA
sPRzVwYQ,32.0,NY
6ZN4xKBl,,SF
rUF7liiy,62.0,London
gVLjWpUM,,London
u48kNonE,44.0,Berlin
0f9vo2gu,32.0,SF
7dW4mMn4,,SF
0CLu2XHb,28.0,London
NsbZHf7R,62.0,LA
KfIoOSGX,,London
1wTfiaCI,62.0,Berlin
yrHXvUAQ,45.0,Berlin
r3M0lRFg,25.0,SF
EZkdy37N,,SF
T9XMBbwZ,31.0,Berlin
I8qlVTk5,68.0,SF
Vgv5qexe,64.0,NY
Y9ZcaR9E,39.0,Berlin
8xeHyErM,42.0,Berlin
sp4ND9QF,27.0,SF
oIW7vFD2,53.0,NY
4n4i0bHJ,,Berlin
GavnzbPj,41.0,NY
hlC7BW6m,23.0,Berlin
VfvQocwN,50.0,NY
1UfMU6PQ,39.0,London
C12EaryU,37.0,Berlin
Mxmx70Bg,28.0,NY
Xmn9pMoY,68.0,London
hs5v95Fa,52.0,SF
LPsg9dGD,52.0,LA
cQLaQCDg,18.0,NY
gg7owVDD,59.0,London
AlBniHsD,43.0,Berlin
ijI8WCaN,31.0,London
PSoInW2R,66.0,LA
xRDgwKkm,19.0,LA
3sDUEX9o,63.0,LA
UWGmOCfb,22.0,SF
2bns9d1x,56.0,NY
uNbkDkWo,,Berlin
L3zK00pp,38.0,NY
TSU59tXg,,NY
9nz8Hent,68.0,SF
pRKNWsKk,38.0,Berlin
UbBFJu7G,55.0,SF
tamaONIi,69.0,Berlin
2DVqg9Qv,53.0,London
25sOP4Lm,31.0,Berlin
k4sr4Uuo,50.0,SF
0zeslBGI,40.0,London
zIeGgiKP,25.0,Berlin
Bouc9WvY,37.0,LA
xKzhfLJD,55.0,SF
sOg9mmRj,64.0,London
9Fh4pASN,55.0,LA
iQZBo3rs,,London
AcYXi32Q,18.0,Berlin
ZF1JaYQo,59.0,Berlin
FOYOrYMY,21.0,London
HAlS3Gn7,31.0,London
mQn1tkbN,,Berlin
hFvpL2vK,,NY
MemF2PMg,,London
vOR81KIz,69.0,NY
AL0zMJ4s,65.0,Berlin
qxr2vzi8,69.0,LA
5aMiYWRe,24.0,LA
2BuacduA,24.0,SF
yI5Pcz3b,56.0,SF
Lt6giAme,23.0,Berlin
wwOCCgr0,36.0,London
lMii0LMU,64.0,LA
dINQYwsg,40.0,London
vdtxDbUf,27.0,NY
KX0E0cnO,61.0,Berlin
8BMKT1ZT,,SF
L1kp0llh,53.0,Berlin
FuLLkrDA,,SF
Y47Xy9dR,20.0,Berlin
xLierqBV,25.0,Berlin
4uxrXDzY,30.0,SF
UCyWsduo,48.0,NY
5FXVf94N,30.0,Berlin
9IuSEsiu,43.0,LA
OPLhDdIW,65.0,Berlin
RgS7oROz,65.0,London
8mr4eed0,19.0,LA
Yi47mRsI,20.0,London
CwGi9DOp,,SF
nHNnrL18,66.0,SF
KRA4oIIk,,SF
kVJXmd4F,34.0,London
qDc9CKOD,55.0,SF
4nM7Q6fI,,LA
qK8utAIJ,22.0,SF
yOH3l4pm,23.0,Berlin
w0eVARuY,20.0,London
26rcKs19,40.0,London
Xi2MAh6U,49.0,London
6ZSKOchG,21.0,London
9F4MpoLV,64.0,NY
voheXLuG,46.0,SF
WAC5eXrO,34.0,Berlin
55XVykgO,48.0,Berlin
rsSVok0D,52.0,London
Ik42ZsZy,,Berlin
yHXEk7IF,38.0,SF
Wks29WL0,40.0,LA
Vqokkvtn,65.0,Berlin
iGXwrdo4,48.0,NY
e8fLwMNQ,18.0,London
WiYTKjGZ,,LA
jvsEB09k,18.0,LA
wPw9ipip,,London
SDlauAx3,58.0,London
n8ZDv9xj,30.0,Berlin
mAu1P6ik,37.0,London
RnYJzWlD,23.0,NY
AZOwMa3A,47.0,SF
zfH2ZBcM,,LA
lJePDIPu,,London
CQ39gZGR,23.0,Berlin
6tyVYexF,51.0,London
MsK8NiEW,52.0,NY
veEvXWR9,37.0,London
grVye2sa,,NY
XkaGi7yq,,London
7F7JIPoN,68.0,SF
R8tPI9Gn,50.0,Berlin
WAjdQRsC,41.0,NY
yAQCQgjz,48.0,London
8sjCCK0e,33.0,LA
FKfmewnT,57.0,NY
odK3yFhb,33.0,SF
z8ijOz69,44.0,SF
mKGYotiU,53.0,LA
RYVA51Wm,,London
ibn6R0XO,32.0,London
ygpkiF1K,63.0,London
wPlOgmOM,18.0,London
RXCfBbBy,,London
hhFsEZM7,50.0,LA
ns06rAbC,53.0,SF
vdd7Wagf,,LA
M3d4iPSw,48.0,Berlin
erQs9WeP,23.0,Berlin
1CBCLhuL,21.0,NY
gNv055w9,37.0,London
yD84wfqg,21.0,SF
HtH4U97d,,NY
INvKSTJk,,Berlin
VIV24M2c,,NY
bu72QW8E,23.0,Berlin
5bYi0WEh,,Berlin
WsfWnSjg,53.0,LA
V1kcMmab,44.0,NY
3J6OpYne,,Berlin
nzfNKSBS,28.0,SF
pZ3EXLNI,,Berlin
qhoGmOj4,,LA
mJvrwtzr,,NY
NrFgK6gW,,Berlin
ct7oy7sO,41.0,London
c3qKZBsQ,52.0,London
pGRtH4Hz,51.0,Berlin
O1L9UaqC,67.0,NY
7pSJLhqs,,LA
VL3M9poZ,69.0,SF
iR0p35AJ,18.0,NY
QjFKXKrG,,LA
Oq67216M,44.0,Berlin
upADxugM,24.0,SF
NwhKLmcR,67.0,NY
t13yc094,54.0,Berlin
Ugo0d2hS,,SF
rQOhSs9Q,55.0,Berlin
lpfWiWL2,,London
RXprF6TG,49.0,London
CVZ8X4Zd,34.0,LA
89qPz0qI,35.0,SF
ScHZeX29,21.0,London
ufcA1TB5,66.0,Berlin
4iNEXuio,30.0,LA
Mi8fLDnK,22.0,London
lZOdSSnk,39.0,LA
pqiVLR3p,43.0,SF
ZWt7xnIE,21.0,London
gsYdT3w2,40.0,London
RjkbCeEk,22.0,NY
CbGA0VcZ,26.0,NY
xcDYDBsJ,30.0,SF
GKF8isv0,26.0,SF
Ye2ydqRB,21.0,NY
jtlf5FVm,43.0,London
KbWZAvfc,31.0,LA
wN5KMaMY,19.0,SF
PaGIyUyF,48.0,NY
ZHAET2ED,67.0,LA
mlYytDqw,68.0,NY
8Un3TkGj,,Berlin
D1CC48v6,,London
YNP8Ja1W,58.0,LA
jAC0etGh,63.0,NY
7dsnHutk,61.0,LA
gY3IOvos,69.0,Berlin
1tXAgh5P,54.0,Berlin
jTeWnlt5,19.0,London
t776gyLV,57.0,NY
jNriQsDT,,NY
KZGsoXZV,,NY
AB0VDtvQ,24.0,SF
iXGV1qaW,56.0,London
dXEPfqiE,,Berlin
RoIMbTsW,69.0,London
E5PJaEgD,39.0,SF
kMjx38jY,53.0,NY
ps8BUSHf,18.0,Berlin
5yzDVJJF,51.0,NY
HnTEetJe,21.0,SF
E68hvR3b,58.0,SF
kD3S0a2u,52.0,NY
vZWpF63D,,NY
dRmvb0Nq,50.0,LA
FzdLadtP,22.0,Berlin
h4y0WQko,,Berlin
26owa78A,60.0,London
18nP3uy6,28.0,London
WE83tcPo,49.0,SF
GRQLxfxH,64.0,Berlin
xC2QWIbM,18.0,SF
bPLYjKsp,60.0,NY
th4n1g21,23.0,Berlin
T9GNE6ZU,45.0,SF
M8zJ3Lfv,,LA
jNaEyHWG,,LA
tLeHZyJt,28.0,Berlin
ZksP47D3,58.0,Berlin
v2mASHRP,,London
C2hisGLb,29.0,Berlin
VcJIYskf,,London
FffBtm9Z,48.0,LA
QXQBaw2R,52.0,LA
vFR2fdn2,42.0,LA
ELFmvBa1,,NY
oxz14f6q,53.0,Berlin
UyzyNUId,,LA
Iqv0B02K,65.0,London
OOr8djEF,53.0,London
ZNBu9HZU,45.0,SF
K0ARyDgE,44.0,SF
robmWTa6,,NY
eBigACjL,27.0,London
QNZY9BMO,43.0,SF
mfLVriaH,46.0,Berlin
hUoCueBZ,62.0,Berlin
9ckOWFVD,23.0,Berlin
I68SNZsM,42.0,Berlin
qbNHgfPD,25.0,SF
iuYOjDPb,28.0,NY
M0hN7a48,34.0,SF
2zpiKQtG,55.0,Berlin
SEFvnKik,64.0,LA
5BLAi62x,30.0,Berlin
Uhq3kvZI,58.0,NY
tqBBkZSH,32.0,London
EKRdhIbu,,London
jBuAnOV1,,Berlin
9jJ86gF7,27.0,NY
nlGSL2p9,45.0,SF
BcICsmAA,54.0,NY
aktDeqWy,42.0,Berlin
CRYNrqoQ,32.0,SF
l29K64tv,,London
CYcGyvun,33.0,Berlin
IpeoVeWt,54.0,London
Bip2LaaM,44.0,Berlin
EUwX3Rqr,22.0,SF
rVaXmX1N,41.0,NY
8jdtuLok,19.0,London
RRR3iUdJ,57.0,SF
k5Duqhio,66.0,London
tdZ5jY9y,52.0,LA
OdLfeDlO,,SF
LvX2LVgo,59.0,SF
htOlOOZc,49.0,NY
4hnaokbI,49.0,NY
huGgfhwG,33.0,Berlin
eyzgQBTc,62.0,NY
PI95eFvz,55.0,Berlin
FoPuNifu,62.0,NY
QN5ANeDW,,NY
9rEgbtFH,40.0,Berlin
qdqOf3qg,43.0,LA
U8IFT0ET,22.0,SF
PUlENWFL,24.0,Berlin
RZXOiJ8U,,LA
o0aNHHX6,67.0,NY
n68nbfaf,27.0,Berlin
Tvp63wA1,,LA
YWmXI3SB,38.0,LA
moH4Mfh7,36.0,SF
nW3JBC0a,69.0,NY
zRuXLtXW,,London
aW5T4nEa,56.0,LA
zbNL36VA,62.0,Berlin
J0h6uIHQ,42.0,NY
yHrAUOtD,30.0,London
eiQUY6dB,60.0,London
2I0JomYs,36.0,London
jj5UN3GK,24.0,LA
0hPT4qyA,48.0,SF
5JbA5H7M,19.0,London
jogWM4Jw,61.0,London
DFDTRxXB,62.0,Berlin
oHzYHVjW,,London
HP6cPLbV,18.0,NY
t9YZwKkI,69.0,SF
3bL2J9XV,64.0,SF
R4bGkpEi,67.0,London
qezuOodE,40.0,LA
tQ2jenIb,64.0,LA
ESFqG8Co,34.0,London
uBHfMpUw,39.0,London
ZCkZBMIs,52.0,LA
FLWToCN8,,London
W4YPLo9g,,Berlin
A3yCiAND,18.0,Berlin
YVHVhPGV,42.0,London
oZyd3ciH,68.0,LA
wESL9Ap4,41.0,Berlin
07q0bSeG,67.0,LA
nfCy73Jy,,London
Ty9l9ukW,,London
glj52Ky8,49.0,London
LDlN7HFX,46.0,Berlin
N2wo5QVQ,18.0,SF
BlX5ky3G,64.0,SF
bw5k6sGH,25.0,SF
rCTp3CWZ,62.0,Berlin
CQMvSUXn,46.0,LA
5gjVxOIa,48.0,SF
hKM6NEza,52.0,SF
Rz7Sqor3,24.0,NY
JjvDVx8l,,London
J12H6dSH,62.0,SF
DfkeWrXU,67.0,SF
WijEzCsS,49.0,LA
0ppnhyoR,47.0,London
6RZDCZbF,29.0,Berlin
zGdGnLKp,52.0,Berlin
qhvEJwvQ,27.0,NY
LsLFjGks,,LA
Cfg98wzK,22.0,LA
zJFrdT1X,,London
SvYSL2WF,,LA
nfX0o0o7,50.0,NY
0NeivYH1,54.0,London
zjYvXG56,47.0,LA
CsGoQPPR,50.0,LA
YKyGmmgT,19.0,SF
ZLbs5OTv,59.0,SF
eglZMytJ,,NY
vSNcxRGX,43.0,SF
40VGEJW6,47.0,LA
C94wrvRx,52.0,SF
MkuPHrAh,27.0,LA
4OJcV04m,48.0,London
pcQXR047,32.0,SF
CDxxuo4i,38.0,NY
QFVdIq2L,23.0,Berlin
xPQRS2i9,18.0,LA
LhlgPOTJ,27.0,NY
dnJeorIU,19.0,LA
Ds0iZmUI,26.0,LA
QDfev022,34.0,London
tynFK7gw,,LA
9W6j8tYu,19.0,Berlin
FgAMkN3s,33.0,Berlin
thvipIvO,52.0,Berlin
WifU6W4u,45.0,NY
wNbCKN5n,68.0,London
deQRu7sR,30.0,NY
xxAwWcfH,,NY
oSBw4cJw,,Berlin
oNilHdDt,,NY
OZju0R7W,,LA
6qTYN74H,61.0,SF
fdOxp8iK,63.0,LA
EQzZ6B9o,32.0,NY
uGNabXzD,19.0,London
ANOVM69X,39.0,LA
DK8M7qVN,59.0,NY
bRcHrIgV,45.0,London
tS6Fubof,,Berlin
xCQlAPSR,40.0,SF
c2hfHgEh,,NY
Mjm3GJsn,55.0,LA
NAakVIf6,51.0,SF
jMmtz3Y0,47.0,Berlin
azIVDS3A,18.0,Berlin
WpK8vZGy,58.0,SF
jcUjycg2,33.0,NY
uXOi4QTJ,42.0,NY
mKyhqyY9,65.0,London
nifpQ9CS,63.0,London
QKqYJJXE,40.0,NY
SeNw7Vab,50.0,LA
R1aKSuBB,51.0,Berlin
pZwHp8Z0,26.0,London
cXQ03mNX,33.0,SF
5YRdysEq,54.0,SF
4S2OhSG8,67.0,NY
1VSykh3K,,SF
WCUnPJgj,22.0,SF
E71sXAoQ,66.0,NY
1i3KJpvl,59.0,LA
wqcQGG2G,29.0,NY
YqJUm92I,22.0,Berlin
N6HMuS16,40.0,London
E7tpnd9O,25.0,LA
hcljSoAZ,60.0,LA
jaWYeWmw,52.0,SF
pD0fGvE8,33.0,London
n7CoQKYn,37.0,London
cVnOJudp,45.0,LA
WUD9frEa,47.0,Berlin
ZJe3ys3i,28.0,Berlin
DNZRWwRq,67.0,SF
ILglbaDK,34.0,SF
ktnFVdgd,27.0,Berlin
FmiPZpG3,,London
QxXsf7XU,48.0,Berlin
boK0Kxla,28.0,LA
dypNOrin,64.0,NY
GlyAZEwX,25.0,NY
wciR3hXh,48.0,NY
xbO3Kpeb,54.0,London
Ut8B0XFp,54.0,Berlin
j8CoPD1n,50.0,LA
vrYXkssR,26.0,LA
uBdNJFTv,63.0,SF
Z0x1Du6W,20.0,London
f4hDv2O4,,LA
qutRssmZ,30.0,SF
mlCkJ0Ce,69.0,London
YZP6x7pZ,,LA
17acXxIH,69.0,Berlin
eTZ4tHvG,41.0,LA
Ho1GRMaU,27.0,London
qVhZRwVP,59.0,SF
ine3w2cb,54.0,London
wYLI6PqO,32.0,NY
AHZHa8Il,59.0,LA
vuu2iidk,45.0,NY
AU5NBnPK,54.0,Berlin
VpoEyN6s,,SF
1KcRMizv,30.0,Berlin
ncBSyHtS,21.0,London
3cCX7mrh,57.0,LA
ADeAA1hd,,SF
Z1BHUYRV,69.0,NY
rtKXEQob,20.0,NY
tAX9rpR3,37.0,London
CsVSyPWn,52.0,NY
NVraPH9q,,London
UJevqOQE,65.0,SF
hB7l8k80,29.0,Berlin
xbh53lXl,62.0,LA
6DEuqzJc,68.0,Berlin
1o5QfrVt,,Berlin
DHipgRaf,33.0,LA
n7DMUEOu,49.0,SF
Lku4mAUk,68.0,London
YlrTWCYp,,NY
AOgArmX9,33.0,LA
4q2AYvxk,,Berlin
wQpyizgN,44.0,LA
au86FDQp,,SF
ifGCGY5A,68.0,LA
0feat5Z0,41.0,NY
YPQrPIBA,,Berlin
1l03WPRG,26.0,NY
Wvhkl9PB,,NY
Wa7R3jvM,53.0,NY
ayw9FwTT,23.0,NY
wqT2s5Gq,47.0,LA
J2EmmgWh,43.0,LA
SknBfAYS,57.0,Berlin
LR3XdeWc,24.0,London
0KmUtMFq,,London
dGDcqJNo,28.0,NY
O5sqj5dS,20.0,SF
K67BfNAF,21.0,NY
AAP0lN6C,50.0,SF
iD8bKCoI,37.0,SF
zWgmHvjY,22.0,NY
KYD2gbeO,,Berlin
f2rbPp1A,,SF
QEVDM8rY,30.0,NY
DRTwnbIR,66.0,NY
Yj3NrnPi,62.0,NY
2o7j2NgK,41.0,SF
eE0tqe91,47.0,LA
69jwwu5B,57.0,SF
KZrzfZNp,28.0,LA
50wqERJD,26.0,LA
My8OMMjj,30.0,Berlin
8gCIeYBL,30.0,London
diEzm2em,,NY
AJVcGxUs,24.0,NY
8R4fTWI5,28.0,SF
ZKHHnbsh,66.0,London
j7mUomIj,59.0,Berlin
Z9Tb8mrh,18.0,NY
DK6jQg5c,45.0,SF
znsx8q3J,25.0,Berlin
pL3QB8ou,32.0,London
3LiyLPLM,22.0,SF
KNwzl068,39.0,Berlin
TFr0nVsU,37.0,London
lqKgGb8S,,NY
QUOwfHhL,62.0,London
SmFeSXVV,42.0,SF
qgPnS4i7,33.0,NY
so1e4tVc,,LA
TTHYWOpf,63.0,SF
v51sFewu,44.0,LA
Nq6mpvhZ,,London
dSMVg7aZ,29.0,Berlin
fy8QroJH,69.0,NY
93JDEiGf,24.0,SF
m84AAEjk,41.0,NY
9ohxwIlZ,22.0,London
qUDhYoT2,,London
c6FOU4HK,59.0,Berlin
qyWXlavF,50.0,Berlin
e7WOL8HA,,SF
stFsxxQo,57.0,NY
A5nl4kWe,60.0,SF
fpzSJwVB,,LA
me32oLdn,25.0,London
k1vUm4jw,39.0,LA
PsKrvpW9,,LA
xEKTxG6h,31.0,NY
Wl5XXxyx,26.0,LA
rNZshkkW,30.0,LA
Re9T6vuy,67.0,Berlin
b8uySHwI,,SF
LHK7P797,31.0,Berlin
ipg6xGYK,52.0,NY
Se6Yu5xB,42.0,SF
sMRgxA2a,48.0,SF
7GVIeBGV,66.0,London
yObNOdng,,London
Ovmn5B7z,62.0,LA
vg7QZ9Qp,,SF
35fC0Whw,,SF
mY9NtIPK,59.0,London
JfNADv5r,54.0,LA
BalK7SmQ,24.0,London
c6nWT95d,,SF
agwIheh7,23.0,NY
geIlxlLI,42.0,London
jFcu9aM8,67.0,Berlin
nXvx7ZH9,,London
rcrDGYoH,62.0,SF
CjXTVpdD,34.0,LA
kyEPvvXP,,SF
297AJZgH,,LA
MtjMfg4l,46.0,SF
MwTuraXh,24.0,Berlin
rHG0tp2G,52.0,Berlin
CpI6LVOc,56.0,LA
Ots1OhZE,69.0,Berlin
RWT0VYit,,NY
jPd2e73c,43.0,NY
DgN03wms,46.0,Berlin
DBlu1fiF,,London
8Fd2qHCg,,Berlin
XaiSBihB,51.0,LA
pp2DENJb,22.0,Berlin
EEOj8zgR,30.0,Berlin
hcm1hnOe,23.0,LA
9vzPRwEC,,NY
KeaRZIXI,,London
JpVxrDUr,50.0,SF
CfKaAIrm,60.0,London
d5bCN6yo,,SF
M1OLHZsP,36.0,Berlin
pqH7xYtj,58.0,NY
p8I3zHhx,35.0,Berlin
6yvyl1lr,31.0,SF
8IM0jvS2,38.0,NY
jgcyqxRa,56.0,SF
YAafEyNn,,Berlin
C4loOwKm,48.0,SF
uMFuNpXo,34.0,NY
H5834Lxj,,London
yfPycCJG,38.0,Berlin
Jj1N5Vff,,SF
lsiZulhl,18.0,SF
PShY3J3o,39.0,London
egtOqsPj,39.0,NY
JzhzCaSW,40.0,LA
dVR2kGP3,,LA
6S6UQb07,57.0,LA
dHj0Rw68,,Berlin
xNwKQDiK,47.0,LA
JfUBKdsM,,LA
MnJNyEgF,27.0,London
pj7mUySN,29.0,LA
rQVxfttK,62.0,SF
ICGbAdG5,33.0,London
eXZvZpJ9,38.0,SF
lfhKn6JX,30.0,Berlin
7ia361F2,64.0,London
JN9YV1u0,21.0,SF
SzdnHNvz,,SF
5DKaulIh,,NY
fUuBs35a,43.0,NY
e3a2H6Cr,31.0,NY
Fy7kTfgd,54.0,NY
nAGYWSNw,42.0,LA
3KGTVEGY,56.0,Berlin
QJIVgG0W,,LA
VXIDGBuN,31.0,Berlin
Z1pPAEkJ,19.0,London
RQSQM5Jr,19.0,Berlin
x8kjnqmF,50.0,LA
Uf4rSKAc,19.0,London
wt0aFLVl,,London
mu6IPZu1,42.0,London
f4vxhvNX,62.0,NY
qK6PVSZ5,54.0,LA
g9xrIOw8,44.0,NY
17mxJaQc,43.0,SF
F0Ghyuom,,London
gw2STwc4,64.0,London
Nm7iL970,39.0,London
e6urjyJN,69.0,LA
5egcbvcI,64.0,London
MNeB6vgn,24.0,LA
KkipNZXw,30.0,SF
BfeQgEJB,,SF
YeDkF44C,68.0,SF
qakclyX6,45.0,NY
zqS2DiT7,62.0,London
8XqLdTb3,45.0,SF
7hhshVER,41.0,Berlin
9XLqZYbY,52.0,LA
cTAdEj7V,50.0,Berlin
CV9rSUS5,,SF
EIttxkQ9,26.0,NY
rrTulQgC,67.0,NY
SMiN3IQ1,,Berlin
q71o8KTu,69.0,SF
r3V17FaQ,19.0,London
mt6ra9c0,,LA
4TGyBpZe,,LA
Zbg2tkwR,54.0,NY
qxOYlNhR,,Berlin
0doRlh9k,31.0,SF
ZZsFmkzp,50.0,SF
dp3Q18oG,,London
HlGBZmoL,38.0,London
BA8nMb9O,,SF
xl9yXAd4,61.0,SF
6y2hgWMv,,LA
APBewBEk,61.0,Berlin
sBg23l7a,57.0,LA
vkyPOCq1,28.0,London
FSOXyJyM,19.0,NY
yqYfurLw,54.0,SF
pSpruVP3,,SF
0BaJhrUr,20.0,Berlin
8WcerMaz,32.0,London
LT7Q4ZFx,,SF
5NaB8sGY,,LA
MaXaVQrl,25.0,Berlin
FIBMldDo,23.0,SF
Zi4Oodci,49.0,NY
cqejyKtl,58.0,London
6JQZdNlc,,Berlin
JqkkMwie,52.0,LA
ygkG6kM8,30.0,London
ZLToZbnb,45.0,SF
NVu6F4HB,59.0,NY
0f3q8omg,21.0,LA
XSNMU8Wr,48.0,London
8uTh2u21,18.0,SF
57lbKRGM,47.0,Berlin
z3WUJAyD,,SF
lB4FnPxP,57.0,Berlin
NhAYYOaJ,63.0,Berlin
rFmAJ73Q,31.0,SF
HNLSoNgn,61.0,NY
w31vAdcg,45.0,Berlin
25ta2R0v,51.0,Berlin
TK9dX7P1,56.0,SF
a4a6C3Zu,,Berlin
DQTxNUNC,41.0,LA
0SbvyQSW,,London
MpXPyqTd,59.0,SF
MmUffhk1,28.0,LA
fvsWlU3R,,Berlin
wzqPhZAe,59.0,Berlin
3Mf5KdOa,,Berlin
qvLlhxYT,67.0,London
zWTdNmDo,21.0,NY
VJQHoMcF,36.0,SF
EVxmDJrR,24.0,LA
lgaxohb0,50.0,NY
V6mimFmM,31.0,SF
rIG0xI6U,,Berlin
eTvMdJki,23.0,Berlin
pSCp32HA,36.0,LA
ELrsDgTB,26.0,NY
5BY9MgG3,52.0,Berlin
MBnRuzTx,,London
OtuCNyED,68.0,SF
h28rGuY4,65.0,LA
QOBvYnpg,,London
tHm8TUt4,,LA
DXNLaYhV,65.0,SF
tl0cCgo2,45.0,NY
T4Gz2iy4,44.0,London
XblRKtEU,68.0,Berlin
xtOr7zOq,,LA
ywFAa3xe,24.0,NY
ANukDfP0,69.0,SF
HxagF6Ta,26.0,Berlin
E6IcQRMf,51.0,LA
EueWxhUZ,25.0,NY
q5YaGFee,27.0,SF
HiAR2vAp,18.0,NY
vma1WqF4,,SF
R15wN5dw,25.0,Berlin
eliHKd2z,62.0,London
9TceS7U4,56.0,LA
Kdec2Q36,63.0,London
dbxzWplv,,Berlin
4hZN72fN,34.0,London
9qoBf6xC,35.0,LA
5KP5hpYf,51.0,Berlin
N53iMxPi,52.0,LA
hloONyoi,68.0,London
M9rufZUe,20.0,NY
ur8zAQqC,29.0,NY
p6IRzcdR,,LA
9RP5P6NK,53.0,NY
kqlOqvx6,26.0,LA
1GDx0ojx,52.0,London
4nkWODKF,,SF
45urkncA,42.0,Berlin
yof8SFN9,69.0,London
wEipiRbg,43.0,SF
qjRWL14d,,London
u0Rmx3l1,65.0,SF
lObOlKlz,44.0,LA
eaNJZbf5,45.0,Berlin
fEnQsj6O,36.0,LA
dea7Fg3h,41.0,Berlin
hSQS9VSw,54.0,SF
AHKDF0kp,57.0,NY
Q0ij0LpM,,NY
g5WCSBUW,55.0,NY
RH7JYzx3,,NY
wdHzhiUt,51.0,London
II6staJz,32.0,London
vzGTTfBx,33.0,NY
hkiJeQVB,21.0,LA
yhZ1wFRf,43.0,SF
4WAT50Hc,64.0,NY
S3E4WAdg,56.0,LA
ogbSwsRr,,LA
O1RWVlE2,43.0,LA
k1Ro7RKg,65.0,London
EX8AKkNR,45.0,Berlin
fSo7tEew,66.0,London
5jtZhMLS,54.0,NY
o0s6POzF,55.0,NY
AH1uZ5ku,,NY
pKehexhM,,SF
tBI2qmGt,50.0,SF
0Ibc7jYE,25.0,Berlin
7zIcdyoS,,London
Jgzk2q3M,59.0,LA
K3kXsdXh,53.0,London
7exRV5Aj,38.0,NY
ozdA8M9W,,Berlin
mRETdW9R,,SF
RhWggWWb,37.0,Berlin
MaUWxbVj,51.0,LA
bHy6dvF0,55.0,Berlin
Evyw9ezl,60.0,Berlin
9GYX2tMn,45.0,Berlin
uIAbFwYD,49.0,NY
PVDzoMne,29.0,LA
uNWmuPBl,26.0,SF
t5NMI962,60.0,London
pTqRqo5B,32.0,SF
nMMcda4G,30.0,Berlin
ypXKg0cb,19.0,Berlin
oNamZuDK,37.0,London
de6B6Hou,,LA
EFF0SUOB,59.0,Berlin
25VfSVVa,,NY
OJSswMw2,46.0,NY
PXsWxspU,38.0,SF
90GdcatZ,,NY
l7F5T6RU,58.0,SF
wL8iOVQV,55.0,Berlin
glrbVszJ,38.0,NY
TEEGkOsT,52.0,NY
OMAWycX2,61.0,London
0HMpshTG,34.0,SF
d7Bx6O3q,61.0,London
Ezvsw6Cc,21.0,LA
wkj1fbRV,31.0,London
jqwnTElb,57.0,NY
czRXaAVk,,NY
eYumylUt,35.0,LA
EI8xF21H,51.0,SF
jBey8Qjx,49.0,SF
0vIBwJgb,31.0,SF
rEOwDokL,53.0,LA
dah7VeGi,,Berlin
3RZBlpVn,,Berlin
CwRtbuLS,57.0,LA
XaQgHfju,52.0,London
JUxYiOL9,32.0,LA
F1XukyH5,,Berlin
7NtCxFxM,37.0,Berlin
qe0A5dSd,45.0,London
7hmDu5s6,54.0,NY
ms8LmEGP,68.0,NY
0BCvMhcV,55.0,NY
iK9S6sRh,38.0,SF
fhIOxlb6,41.0,Berlin
weBARPAt,27.0,LA
TW60tMsz,53.0,London
wBn8Cl1O,,Berlin
VKMdL3nj,39.0,NY
D1ee4ZVr,59.0,London
LPOpEQ5d,54.0,LA
lxm0SU7e,33.0,Berlin
QGlRGO2D,,LA
lwSxcV5c,41.0,Berlin
zG2EGmSk,21.0,Berlin
OmUm9WSJ,61.0,NY
ZhVbARhM,40.0,London
fDYdg44o,,NY
ylIx1kdn,,Berlin
oP7UMPuW,19.0,NY
DMkqizhZ,45.0,Berlin
stXKeMoB,,NY
1Q6IXkaW,37.0,Berlin
GpG6ldI7,45.0,SF
sINqWCWc,59.0,SF
C0O1HA2s,,LA
zcWgFbzq,44.0,Berlin
smdzUU1Y,61.0,NY
9UKYe6O0,,Berlin
PJNj1lQZ,24.0,NY
AebFFgFA,18.0,LA
79nAAZTm,28.0,Berlin
f2toEU4q,68.0,LA
IeBeg2BL,48.0,NY
X5iWZzLC,,London
22hpbid8,30.0,NY
sxL54uJP,41.0,LA
YrP2ORTE,,Berlin
dBbBrAuK,30.0,Berlin
ETeenD9m,34.0,LA
gbkk2d2F,63.0,Berlin
uoOJrhlL,65.0,SF
LhFLVcYc,47.0,London
P8LtxJv4,36.0,LA
cCfz6AyE,29.0,London
xnb7uG73,,LA
zD6Zrm2w,35.0,London
iWTeA1ba,29.0,NY
oSfVYT9k,61.0,LA
L3EaLHUP,,Berlin
rERi9UwY,,London
uFSSaiC2,19.0,NY
6p3BqaEy,,NY
wQStRT1G,23.0,NY
MXPxmiJF,18.0,Berlin
K2sQma8J,43.0,NY
Pu3JKRqy,24.0,London
ZJrCl01y,49.0,Berlin
3Um8JfcX,50.0,LA
SL9INyHj,27.0,Berlin
1lYwn0eu,,LA
8AvBwxk5,58.0,LA
17SrhJMq,32.0,LA
I5sJ8alP,48.0,LA
WjFwpxuC,41.0,Berlin
FUtNS1Tr,46.0,SF
k4QgNerj,35.0,SF
bgGPRIFh,24.0,NY
NIrsa1Ob,51.0,London
nwWYmUzd,31.0,London
OI6ZIlpJ,37.0,London
gvRzUiyi,46.0,NY
IW6H6eLM,54.0,London
eqqiLFM8,59.0,Berlin
T8z6O0GI,48.0,SF
14pFM21e,36.0,LA
6nlpGhbt,,London
9EBWMiWO,24.0,NY
WpMnhvq6,23.0,NY
Q9W199AS,52.0,Berlin
AuDXNxoR,46.0,LA
2zZtmVMN,30.0,LA
qcu1vwie,56.0,NY
ddGgpH2r,42.0,London
i2mjCjyr,51.0,Berlin
eWlFZgpV,36.0,Berlin
RKrWYFrN,21.0,LA
bCjrnYAZ,41.0,Berlin
uV4nJxpI,50.0,SF
4hgZzF8j,60.0,LA
59PaD0Y7,19.0,NY
pSIJbKP9,19.0,Berlin
a1s3eYTZ,,LA
KSYjIYnQ,67.0,London
dsYsjiZh,28.0,London
lPbagZnx,51.0,SF
M3NhIOWK,55.0,NY
hwawTeYp,45.0,London
e43cFmZw,56.0,LA
EPdLuZFG,39.0,Berlin
MXYvDey2,59.0,London
ppg2iV6U,50.0,London
Rvg2TUzL,55.0,SF
g0YZNLhr,69.0,Berlin
S7Ebe9N4,,Berlin
toFGWGkS,31.0,London
9fQU4qGY,55.0,Berlin
OcR8VGgk,26.0,NY
JA2SEPke,,NY
5Xa3F7KQ,46.0,London
SihfL3XL,22.0,London
nI2tPSdZ,59.0,NY
2gGb1KPQ,,Berlin
irnUCzDq,,SF
tzZLTztA,25.0,SF
7ErhQwtC,,SF
nAqJpL9V,29.0,Berlin
kceIrarN,25.0,SF
Ub0I19qt,,NY
ovxDmLwq,58.0,Berlin
N5wP59At,38.0,NY
8Ymp0Zkr,65.0,Berlin
TmR7LSI3,64.0,SF
pCXojRvU,,SF
QZOsRGzQ,,London
oqvwXiVu,18.0,LA
AbgYUGie,48.0,NY
m5Vq9Ai4,,SF
ITWNMAi4,56.0,Berlin
VYjPsZZb,44.0,London
K00svclQ,28.0,NY
Cxh52Z8R,19.0,SF
xILbQASw,48.0,London
ZHRajIJB,67.0,SF
VNHCJKVr,41.0,SF
jkslV7cZ,56.0,SF
VLa7JLRq,20.0,London
MdEIsIxg,65.0,LA
KQ2XZUw3,21.0,SF
EzKjot1W,,NY
H4MJALVi,20.0,London
5uyDtuNK,21.0,SF
578qrBTv,30.0,London
QyqfcqNY,31.0,NY
N903hEui,27.0,NY
veNvTEUP,31.0,Berlin
b4ZpVbl0,34.0,Berlin
9ek4FUEF,39.0,LA
LsFcs8Oa,63.0,Berlin
pDPflhnw,54.0,London
BekCPFAT,,Berlin
Z87nhRhC,42.0,London
kHJTSfOH,20.0,London
BMptEtfP,36.0,LA
oamVCmH7,49.0,London
7mU2OhWi,32.0,Berlin
ti9qCIM6,58.0,Berlin
26byy2vH,41.0,SF
ZlLdSU6j,,LA
2VM55rgc,27.0,NY
6W8zRUns,,NY
7fJi9RwN,49.0,SF
KATM7zTy,57.0,Berlin
i5n6k2vc,,LA
Bt8xdMxq,63.0,Berlin
KbQnwqt9,,SF
NPM4pIpZ,44.0,NY
mPAVorFW,,LA
t1i4pwWR,61.0,Berlin
JcAKYZjB,38.0,London
0xy4a2We,27.0,London
JT7Ebawl,40.0,London
ihZWF3wb,22.0,NY
n3O6Aa1W,,London
AQxxGSvZ,23.0,London
lKktFMIK,,SF
02ijuIcR,45.0,SF
PrcfwDJ6,36.0,SF
RZgT98fu,66.0,Berlin
pacoNTNc,31.0,London
RcZ7SVPp,65.0,NY
lS8jLk3r,,London
V61SRd5X,,London
6jyE8YFA,49.0,Berlin
4AOEZq6X,39.0,SF
GVVRwlP0,63.0,London
JX2YLuUs,38.0,LA
peCz7Thp,36.0,LA
3wq3a1Ph,30.0,SF
Wu9rgqVm,39.0,SF
aAJmTuPk,27.0,London
nEIyuyt0,63.0,LA
CldtsFuz,63.0,NY
MzbTCflk,61.0,NY
sedbaDVA,41.0,LA
XkVh9f7z,,SF
gvsoba3f,25.0,Berlin
MCEsihu2,66.0,Berlin
CGp99B53,,NY
Lsr6fz6O,56.0,SF
1GOY9kyn,67.0,London
7cg9mIEi,36.0,LA
iRjehtjW,59.0,NY
cOhntJKE,35.0,Berlin
LxEPy350,50.0,Berlin
TRGZrBSc,,London
A941L27Z,54.0,London
wzP7z87B,46.0,Berlin
zUbxe2Lw,49.0,SF
HUVOqyMl,,Berlin
dsYsqzZU,49.0,LA
RUUhrGBt,,SF
hGm9TaVo,39.0,London
HQgYh09A,37.0,London
Z5EEdFM1,,London
rDkP5uuF,43.0,LA
GpgOMMiv,34.0,London
0tFARXfo,59.0,SF
WOvplMc4,51.0,London
mNEtrqGZ,48.0,London
3CXoncql,35.0,Berlin
Mgk5mJxG,,Berlin
5dUeiIIv,35.0,LA
MWx4fyCu,,SF
yaV0xSNX,69.0,SF
lZuQPzYZ,38.0,Berlin
Rzue7u5t,,SF
o4J6Pz2h,,London
AXrIuafK,60.0,LA
Eiduvmbq,47.0,Berlin
ZCfS0czZ,,London
PUaIYNtd,21.0,Berlin
HfHXxYyj,32.0,Berlin
scdrIA5a,65.0,LA
pNZ8H00o,24.0,LA
yBILcqPO,49.0,Berlin
QQNsrW3Z,50.0,London
IJHRu3J4,30.0,NY
btlQjUWr,,London
KuLvICd6,57.0,SF
xnQUNtaB,55.0,Berlin
as2Xcpot,23.0,Berlin
YjKrwM5e,67.0,LA
dQxYdMcR,21.0,SF
0sxGSUvD,32.0,NY
geirL7eg,25.0,NY
ARogmkmW,,LA
INB9E6sc,,NY
z4PjBSr7,47.0,Berlin
sJsGJv18,40.0,NY
OQDvNCVL,26.0,NY
6WGibgsg,41.0,London
FbO5ZG7Q,,NY
QHA3mLdr,25.0,London
RWoAsz4d,67.0,SF
aQXAPehH,23.0,London
UUKhPlnp,,SF
kiOouOxV,,LA
quKk4ghV,51.0,Berlin
Oq1dFAKS,42.0,LA
amTRaAH6,35.0,LA
8S7wz7vY,26.0,LA
gnDWbLJK,,SF
J5BY3RbA,23.0,NY
7KtrH5q0,31.0,London
k9OFyhuZ,23.0,LA
EB96haS3,35.0,LA
0cZWbAL1,60.0,NY
d8yN2EKg,56.0,LA
RMKZ9MHc,43.0,SF
Y540ToHK,53.0,SF
ppDrXYlk,53.0,NY
X6GtyyRz,28.0,SF
KHM6Y63P,35.0,LA
5WYmAGdH,32.0,LA
2iqHnIbE,47.0,Berlin
bLcV3X2o,,Berlin
kNClekHG,42.0,NY
2y3BLChN,33.0,LA
BSqw5iKq,29.0,LA
FHoRU227,31.0,London
Sgm894LU,64.0,SF
jfpHEmJE,30.0,NY
MtInhAFi,56.0,NY
dV9Ml77z,47.0,SF
B5bFe4Cy,,London
RgCE3dl9,,Berlin
YQ6HnYHn,33.0,London
ZfhrDMg9,18.0,Berlin
kBBuGOhE,58.0,Berlin
iknxd2iU,46.0,London
7UAw3JE1,44.0,NY
MDsRN84v,30.0,LA
xDw6eHKw,,NY
b1bnnabI,45.0,LA
LtCXJNq4,,NY
SZ2VXje4,,London
x8Gg8cdX,22.0,London
BJv1LOkH,41.0,London
EhCUUv19,26.0,LA
3PspOlf5,50.0,NY
EXUVlwMI,51.0,Berlin
FEm2IHkL,63.0,NY
H32tRDpf,44.0,NY
9xv2uToz,54.0,SF
dX0HKTbh,50.0,NY
mje84chl,65.0,Berlin
S1JMMSaC,55.0,NY
uUpIL4u5,46.0,SF
dOUC4p7n,55.0,SF
zKdRv7PT,52.0,Berlin
j09TGz7i,37.0,NY
tJr2r3cE,36.0,London
PrRullrM,22.0,London
iVFEHdmp,42.0,SF
kl90ZMAb,46.0,Berlin
moALddy0,43.0,London
PLkCVRWf,63.0,SF
Z0EOJJp0,68.0,SF
nxMx70xl,19.0,NY
cXVBlcJM,,Berlin
3ezSGik4,62.0,London
5Lz20nJ0,23.0,NY
H6or7pPE,18.0,LA
S70LniWH,,Berlin
Kgkzmt1Z,60.0,SF
v1EWbWZH,33.0,NY
deLcTQPa,31.0,London
POPsw3RY,27.0,SF
ZDoDMBDX,36.0,SF
vqYDdAA3,68.0,London
HxCwJjIa,25.0,LA
QaNM5clh,,Berlin
gdSZ0HTu,29.0,Berlin
Vm6GD4m2,23.0,SF
kaZlOxNB,52.0,NY
abXPz4jd,,LA
2lph4pdd,,LA
GQn7emaR,52.0,SF
4dUwEz4y,61.0,NY
oImkpUk5,28.0,London
yho2fFiW,55.0,London
fmCXndgB,,SF
gagsJJ5P,43.0,NY
e6M7oX4y,45.0,LA
LaHWJjyd,25.0,LA
qgIkkx6C,42.0,LA
gPCs13k1,,Berlin
mT8ARZrm,,LA
7gAodJ8n,67.0,London
M41PFWaI,43.0,NY
bl07tkat,61.0,LA
rZNJNXhI,32.0,SF
Y7R36yq5,,SF
L0OTlIIl,,London
7kDYoV7W,41.0,LA
ZzSDbqBL,30.0,London
brGgYttW,34.0,London
SkeOSMbk,30.0,London
fDW9HlIP,34.0,Berlin
XGYjQdgD,60.0,LA
e1DSgGXK,,SF
UXxCS7OF,28.0,Berlin
FFu5QtNf,37.0,London
xv17QNLC,48.0,SF
5IGzB4JG,61.0,London
CJYtZvmI,,Berlin
a4dYIWsK,56.0,NY
N6nyoz3B,,London
kCcUVX2Y,,London
ruNC7YAb,45.0,SF
d8L6jKzi,68.0,SF
DFMxBazy,69.0,London
l6JXsiDZ,,LA
KBQyOGpl,61.0,SF
lLi4kP8F,,NY
FKP9mNyS,33.0,NY
4EHPQQjd,66.0,London
8tEfNBQM,62.0,SF
oTJA8k4y,29.0,NY
zRkLo1Xt,45.0,Berlin
b0LTrhVW,32.0,NY
wbod39jB,25.0,SF
FAYKBRRJ,21.0,London
TAFiOxOf,48.0,NY
Whvjwj4l,63.0,London
Qllo4fMo,47.0,Berlin
bPx7LBe6,52.0,NY
dOY2juTn,23.0,London
FGWEqTd0,55.0,NY
YshS7ALv,38.0,NY
orFBEY1W,47.0,SF
RKvAtAFK,33.0,SF
g5AULps8,25.0,LA
GWxZaytu,44.0,SF
mrYmUq5w,50.0,SF
MJsoRSob,,LA
54Q8nu1L,29.0,LA
zt8fzVU1,60.0,NY
YZr0saSg,62.0,NY
BRxPmCc7,59.0,NY
aPJB2p7v,69.0,SF
6ghMYZ7y,40.0,London
QZGDfwZU,63.0,London
pfc9KzXQ,56.0,SF
d6gsIdyL,63.0,Berlin
RTkJPKgA,,NY
jk11ArU0,68.0,SF
0q4AeK01,18.0,Berlin
v9y5OkWM,24.0,NY
6I2PDSDG,53.0,LA
W6X1t3XY,42.0,SF
4Pca6PY7,38.0,Berlin
55FfPXxm,,London
itQdUuux,,SF
EKYTOOSo,49.0,London
iBSUTBHT,66.0,Berlin
TV3fUFSg,,SF
wHrMbqTP,33.0,SF
qubCLODL,18.0,SF
hBTLx88B,61.0,SF
I6aEOtb2,43.0,LA
435YhoLt,31.0,SF
DR8KlEfn,23.0,Berlin
Zul6InZF,58.0,Berlin
zQYNIx6N,68.0,LA
y088CIzy,37.0,SF
miAgIRjF,20.0,SF
LKjpkjHu,60.0,NY
LRGEmLM7,29.0,NY
G25QfROH,,London
K2gjBhLo,66.0,LA
FYi6gPvt,67.0,NY
Nt9kFDJw,,Berlin
acQ2gr1C,18.0,Berlin
8u7T07sH,36.0,Berlin
FEVUngyh,19.0,LA
mDlQQwWh,40.0,Berlin
Er04l652,62.0,NY
BHUw62CG,25.0,NY
0mZFKN8M,51.0,London
oVjvaCrN,21.0,London
vbYFroEW,25.0,LA
Shb4xGAc,44.0,London
pdWGMGXV,43.0,LA
LYJt3siY,50.0,SF
OqKmxvpl,,London
Li1i4ECB,,LA
f47tmt2N,,NY
xWrUHLsv,65.0,London
rwgLMh0I,,London
ln9cblv2,,LA
4hmIhmPy,20.0,SF
1sTgWp0a,26.0,London
LCPovT7V,27.0,LA
X3pK0OtH,46.0,SF
p8M2gNxa,38.0,LA
pe3ABSb4,59.0,SF
TYnqtHOw,67.0,Berlin
OBoIjfPz,,London
9xQg1qXC,,Berlin
k8E9sPRK,,LA
ZbcW7lni,20.0,Berlin
pRX9kxaW,,SF
luofwSDG,49.0,NY
gJnP1AHj,59.0,Berlin
n49Z45y5,46.0,LA
l6DJHrEQ,64.0,London
IE1Y6AWM,46.0,Berlin
Tkj6wT2F,43.0,Berlin
4IgUdgT0,26.0,NY
yyjzz9kR,,LA
zHwHD57A,,Berlin
SyALLJsR,,London
em703UUo,64.0,SF
mI8N9ZGu,19.0,London
zpc5VNig,68.0,Berlin
VNmMzDg2,,Berlin
8F11F0Ol,44.0,NY
xlCy4Udl,,LA
SZ4BFaVp,,NY
C5bJmM1U,19.0,London
NMxCWQ7x,59.0,LA
gSi7sJuh,24.0,NY
KFgb9A67,25.0,Berlin
2KWTa1Fl,,LA
eofBkDNt,23.0,SF
8SMPAoqN,36.0,SF
zPeiWAz6,32.0,London
VplETB9c,62.0,NY
IugrB75O,45.0,London
gNUmbCjG,47.0,SF
ZqafRJ0j,44.0,Berlin
FDwYgeit,27.0,Berlin
DJuHVd2V,,Berlin
5nFplhox,48.0,Berlin
GJnBlkbM,18.0,Berlin
qPygZy5L,,SF
QV0MqMeB,,LA
HQcsRrdu,,Berlin
LILnGG8w,23.0,LA
pHnE6MTX,19.0,Berlin
n0J8rGWx,,London
L7fzUXKv,19.0,NY
xekmKvU8,20.0,LA
LWMNOobg,36.0,NY
40qhzvgb,,SF
dG87ZjEs,58.0,London
4rcYE4o4,60.0,Berlin
M7jvSSOl,35.0,Berlin
zW9UzS1l,35.0,SF
oFwOotIX,64.0,LA
5mM8hUbs,63.0,Berlin
XFAaiKNa,62.0,LA
YzmDni37,63.0,Berlin
WNtjXbqg,,LA
IXXLx0hL,38.0,NY
YF2X8I7u,56.0,LA
uRUzSQgH,47.0,SF
95JM6TIM,,Berlin
OtOEoAbz,34.0,London
tEGKtTPO,22.0,LA
V4l3ioVJ,22.0,London
cZWXLeFS,26.0,LA
yP1Fk1HW,,NY
NQD8lLyB,55.0,London
zsSoxf7o,65.0,SF
wWikvCS7,57.0,London
DCRaTmTP,31.0,LA
T9uMnMtG,,SF
ZR9Za4vu,,NY
nak2g29R,31.0,London
aIN9gXZl,25.0,SF
SZxb6hNf,47.0,London
Bc3j5H50,18.0,NY
wUxB06Ry,42.0,NY
86bbdtFT,30.0,NY
OqzZtBfZ,44.0,NY
HuUbysjS,42.0,SF
mTatsIol,21.0,SF
P3isSDfJ,64.0,NY
AsuQT9eK,,LA
9sLKPocD,66.0,SF
qHVYxqp4,35.0,NY
6HjOgTca,34.0,SF
T7NTiput,,London
fDk2u1Hu,29.0,LA
x4TRi73E,20.0,NY
03WB3MYJ,32.0,LA
rSsQVKV3,23.0,SF
ILTM94yE,22.0,SF
1gQNUNNo,48.0,London
DobDONdk,,NY
7rzNF1os,27.0,NY
bQ7x3z4M,20.0,Berlin
AMzjRsKo,29.0,London
coTiMPYq,45.0,LA
vzuA7wgM,29.0,NY
7G47Lt6p,59.0,Berlin
i6TIvXB7,47.0,LA
0Qtc7PxD,36.0,SF
LBEAGAkw,38.0,SF
jrR7Ksu5,34.0,London
mrNksKrG,31.0,SF
JOBaz4UG,56.0,SF
vU7etyjb,68.0,Berlin
8cBo0nEX,28.0,LA
iVg6nsvJ,46.0,LA
iOdEh8bL,67.0,Berlin
FsEHQyiO,24.0,LA
jVgyszCY,,LA
c9GigPTL,18.0,London
aJgirq5O,58.0,NY
npjSgRG0,24.0,LA
eJe0cYSB,31.0,LA
wgxUbaGA,33.0,LA
YVfzI6MC,52.0,SF
wNRbR9I8,33.0,Berlin
o8YEILl6,38.0,London
bLRi5ryD,30.0,SF
VHofhIg6,35.0,Berlin
vNgsDLUP,46.0,London
KLdlkZ3c,38.0,SF
1crlju6B,26.0,London
p8C0AWFy,,LA
8plR3Gue,,SF
Dm47gzRX,,SF
sXgDDLVz,34.0,NY
77wO0dyd,48.0,LA
xYPwChzF,41.0,LA
gDGANSHn,64.0,SF
bMZgNCp9,,SF
lxKwt1Jl,23.0,Berlin
BAaA2mtx,49.0,NY
BGBMsGAq,48.0,SF
Ha1ZwPi8,,London
DNuMd2Rr,65.0,Berlin
q86ODhbZ,26.0,SF
j67Z0g1E,20.0,LA
cG1gaCIz,54.0,NY
ZJa48f6o,24.0,Berlin
wq9w6QWu,43.0,London
Bjbqmt0K,,Berlin
0l3FAB8s,,NY
ZWzOBCWP,60.0,NY
DX5Z8UOt,46.0,Berlin
YZepFbE1,50.0,London
87uDEMOt,22.0,Berlin
SVAibeyx,,LA
SQbFfAOp,32.0,Berlin
g0pdKmCK,27.0,SF
q6nfozWx,,SF
pk3utqQP,56.0,London
AUdwdUdw,54.0,SF
3htjQe9W,,SF
ER0CdyGx,54.0,Berlin
IHoRIujV,,Berlin
WhoaXkAp,55.0,NY
eMKqjsLD,,SF
lAHuq7ci,41.0,SF
FjbzaNs1,37.0,NY
u0fM4g1K,65.0,NY
lW4ZB8wL,58.0,London
yCsVncG1,55.0,NY
PtDazqoV,,NY
iT3c5ou0,21.0,SF
RSkuP02F,58.0,LA
mbtFPAPs,28.0,London
HYyBnW8w,28.0,London
QnsXEHee,33.0,Berlin
tmdiZgoA,58.0,London
A4IIx1WY,18.0,NY
4MQTCnIs,50.0,London
P3xRav3o,24.0,London
yKygELJJ,20.0,Berlin
T3BlkVxm,24.0,Berlin
UUr985Pw,18.0,London
hSeWPN7c,50.0,SF
dx4PIqFf,24.0,NY
yzaHnR5s,21.0,NY
CUhfSZnK,35.0,NY
NoOcL3xq,54.0,Berlin
sItkxMAK,31.0,NY
avlq5VUG,69.0,SF
0A3yS2Ly,32.0,NY
zRjS90sO,42.0,Berlin
AxPXn06h,,SF
ckAfA4vW,21.0,London
SSFB07ar,19.0,LA
aorbbecS,60.0,SF
o8GtB3WS,43.0,Berlin
TXjLwvyB,37.0,SF
CxE6JtmA,32.0,SF
7xsLdKvT,23.0,Berlin
TI6WSZnN,54.0,LA
9KKyeZPV,60.0,London
bqFV8aXi,59.0,Berlin
PgJfQcGo,,London
0fT4oaTe,,London
zhTQHiho,59.0,NY
6eq6DOKT,55.0,SF
WJyMnNwv,,LA
wUXE48dB,,London
DOF2yHjP,22.0,London
jjxFgvb8,47.0,SF
TUiZBUgE,48.0,NY
TOqZestP,60.0,NY
3wFA7K0T,49.0,LA
paDSUmZk,20.0,NY
rgLsV9sh,20.0,LA
nfffCAHE,,LA
0uaUgLzp,22.0,London
XY5sXhrP,52.0,LA
hN2NCw3W,39.0,Berlin
W1C7vH6I,,LA
ccafkFVc,40.0,LA
AhPn1RGM,55.0,Berlin
eAlZuOuB,59.0,SF
RayNi1Cj,,NY
TIgDJjgJ,21.0,NY
fWkCJkfI,23.0,NY
YKI58Tkz,44.0,SF
BYxW6ktv,62.0,Berlin
XYFPSxBH,36.0,NY
aP6TpWok,59.0,NY
paOoIHe3,61.0,LA
gNltuoDa,61.0,SF
Qx5JlgBW,46.0,NY
W26GO9KW,55.0,SF
HeWFBicM,61.0,NY
8bGaScPS,23.0,NY
e87KhmXS,20.0,NY
A0g7fgXz,,Berlin
1H8YEmeX,65.0,LA
RhR9V2Z0,33.0,Berlin
3JAeLd2z,50.0,SF
y4e2wYEn,19.0,LA
Ior21Uuf,,London
qqrmZf8z,43.0,Berlin
28OSdLKm,52.0,LA
BmYq8Qox,45.0,NY
DLDUxOfZ,60.0,NY
h7ll3k57,66.0,Berlin
WYlBDb0l,,LA
3FPxdCkG,,Berlin
fYlVyhGP,41.0,London
WtFY3ort,33.0,SF
iJTFKYYK,,Berlin
0MwQBS0a,40.0,SF
rieCZUZS,56.0,LA
vYYiPIVu,52.0,London
lyGntiHG,,Berlin
HSRarAmz,58.0,LA
QaLV70Fa,56.0,Berlin
FvATl2Bw,62.0,NY
uDPpRPlI,50.0,LA
evK4bDy2,39.0,London
VUowoKDr,27.0,LA
eZPamnNv,18.0,London
VpArbkZC,63.0,NY
nV4WfT1c,55.0,NY
4WpL9FyM,39.0,SF
wCQAxkKf,49.0,SF
dKDupjES,,NY
JJhC1Zv6,47.0,NY
Yf8IuQQx,40.0,SF
wtEjRYX3,60.0,SF
fsvF6n08,,SF
DEzCBFCy,29.0,LA
rje4Vi7Q,36.0,NY
tGHqYtCD,24.0,Berlin
GMXDBVoh,44.0,London
RksF7Dzc,,London
LdrhF6g6,35.0,London
CTkg1Btt,45.0,London
VNDarlXa,28.0,SF
cfSJuqAd,19.0,SF
ekhXM4ZH,,NY
h83UUOMI,,SF
xiqOYG8B,,London
c9xL0yUn,,LA
69hH34Fu,,LA
9hB9wyQ2,32.0,Berlin
yAiNaN3S,35.0,NY
wx3W5rms,45.0,LA
czwmAhg1,44.0,LA
drVqxsHj,,LA
FVR9JiYY,68.0,London
Lp1whCxO,,London
o5FCDloM,50.0,Berlin
9m1BnbIr,61.0,SF
XjDOWsFJ,67.0,SF
OcN9Bpar,27.0,SF
Dd4QnPrT,41.0,LA
gcpbvYLr,51.0,SF
KxvZwwHf,60.0,SF
sl8y0fXI,,London
TmsvyfLX,37.0,London
AYoRiIcp,58.0,SF
nFRggXzN,42.0,London
BcLeDcCo,66.0,London
Iwq6H7yd,,LA
PHJDcA8X,60.0,Berlin
7lrdio1I,38.0,London
4orUWGgw,67.0,Berlin
4FQZayIs,30.0,NY
GGmZTpKe,66.0,SF
KJL05iFt,50.0,Berlin
xZlsXsPp,,Berlin
vQaFvdno,45.0,NY
YJyukkFb,50.0,SF
2sx4mzHu,28.0,SF
MnQrzKFx,31.0,SF
2wsIxdGd,,London
s7KO5OfP,53.0,LA
6pvotkOf,58.0,LA
8fYfHXgh,,London
IP6ojOoS,25.0,SF
QDtxB8bB,32.0,NY
2zeP3qDu,50.0,London
LucgS7zv,36.0,London
sgqZbTqK,65.0,Berlin
n2ahXMLD,29.0,London
NuWuIddR,34.0,SF
9fJ2suki,,London
q2dINtFd,,LA
4dRaREDI,37.0,LA
qHOobblW,63.0,London
2Y4ULO6A,,NY
fo7vdSOo,55.0,Berlin
yk5WHwtz,,London
dXTM5SL2,36.0,SF
UIfxryrp,,NY
anq17nFJ,61.0,SF
79FhEBhm,30.0,SF
mpgW2pMS,55.0,Berlin
HnSqTUNC,66.0,Berlin
mCdMvRIa,18.0,LA
uMPEAwfi,,SF
GPoxsTVE,44.0,London
0DhIheeO,54.0,SF
5Zn37BFV,56.0,LA
KbqW39wh,,SF
u1x1yKTK,32.0,Berlin
oNyBfxLH,,LA
2bJgKpKL,60.0,NY
yFKnbl3m,42.0,SF
qEMa1moS,18.0,SF
wmWpuASj,36.0,Berlin
KQE5QSfO,51.0,NY
oCfNHnpv,27.0,SF
46gEiv91,29.0,SF
Dm5JAFLV,56.0,NY
23EIEDkX,62.0,Berlin
RvKGasWy,19.0,London
d4gjjZi1,,NY
kmBudlmp,,Berlin
lF0vGDdm,43.0,SF
IUi64ZnM,37.0,NY
3OTBKycc,23.0,Berlin
Jk7aXZTX,24.0,SF
GZkz3X6K,19.0,LA
cemmalvZ,34.0,Berlin
EkXLJAGn,,Berlin
sngyZKSx,48.0,Berlin
49rooPhd,51.0,SF
TyUXf5AV,35.0,London
vNhRBADr,58.0,London
XGQ6bd84,,LA
YtrK220s,31.0,NY
5CLrySXC,22.0,LA
DbWH6c8F,,NY
pfEoq2QW,18.0,NY
EwlBOvES,37.0,LA
KJ3O4qfo,19.0,LA
DC0YOMiY,60.0,Berlin
nF6jqOxp,63.0,SF
RGbnN6rX,54.0,London
3oMyKw01,,NY
1aadTmvr,,NY
s3OcKz1y,67.0,Berlin
bqG9eFzh,,London
5CyU3biW,22.0,SF
Fnf1I8uu,58.0,Berlin
eJxXCtvu,62.0,SF
cY1p2abU,30.0,NY
zhdJV0eg,21.0,London
rBXyIm5o,,NY
BQfQOXSd,65.0,Berlin
1Waa1X1u,44.0,SF
82C1hMvT,53.0,SF
BqcpG6oO,,NY
1F0Vww1I,53.0,Berlin
VWYlCsrV,19.0,London
H9X2nHOy,49.0,LA
J58qaJpi,34.0,Berlin
QacRGi3O,29.0,London
JaP3HQzi,29.0,London
p8T7eRki,38.0,SF
UnYhF3hQ,25.0,LA
s75HSb6K,39.0,LA
IBpZxKFB,27.0,LA
DfseavhA,37.0,NY
DkRdo0DF,45.0,SF
ToSTv66B,68.0,Berlin
oRbFGltb,42.0,NY
JgLNlkGW,66.0,NY
tmWS4AvB,45.0,LA
mfZZ3GyE,21.0,LA
whOurClw,,London
gSPbPKMH,43.0,London
nMdPm9aO,,SF
jnN7mUP6,,SF
908Rl2Vl,51.0,Berlin
pWGOuLxm,62.0,NY
LqfAIn0E,,LA
907JaZuq,62.0,LA
l9nUQBD9,21.0,SF
wri8ifaU,37.0,London
yTrjfo7v,58.0,Berlin
5QcSSYS7,,NY
ZDRlEJfm,61.0,SF
Ql17fA65,55.0,London
sHmhsyYG,,London
71hLDAqP,23.0,NY
2U3XuMLS,55.0,NY
IqYu0UbK,,SF
tPCAkHys,53.0,NY
f0Nn8Py4,34.0,LA
mpDAOYhq,44.0,London
7h6cyyTU,52.0,London
PXaY9ZBx,57.0,LA
XErfgM01,,Berlin
HyduAlTW,35.0,Berlin
CddYudXh,,NY
G2Qi7Bnq,68.0,SF
WhI4ljtI,50.0,Berlin
bFtXtbaW,48.0,SF
XjzedrZM,54.0,SF
m7VEPhGo,36.0,Berlin
BbRjJer5,50.0,SF
ZQZZiy5G,34.0,NY
tNix7ejz,50.0,LA
FfsKO7PD,53.0,LA
53PRMsCU,22.0,NY
4awLW3md,57.0,NY
hfR1bSzH,64.0,London
EHOwLSAF,62.0,LA
Zobpc8oW,44.0,NY
oOZ9tSc5,24.0,Berlin
aNglC3OD,31.0,SF
Ub4wBoZz,21.0,NY
dMspJeV5,67.0,Berlin
pOCK7pOY,,London
ZcfJSeoS,51.0,LA
JWYaEZEG,66.0,Berlin
uNjL5VWh,,SF
iAUzywrN,44.0,Berlin
VXEMyERr,,London
lwloW2rJ,37.0,SF
nUCJKNhd,63.0,LA
WGKvQFnH,36.0,SF
GXx04X83,18.0,Berlin
6DccqM66,61.0,NY
UyIRkZ3r,40.0,NY
hyIRI35c,65.0,SF
azSFZbFp,26.0,SF
qHREjPb5,45.0,London
bVBaGT64,37.0,Berlin
zDvJ364R,33.0,SF
KbIR2WLd,,NY
exuS8vKp,50.0,LA
UVfQp21k,20.0,Berlin
QfBmhTHu,,London
2q99H9G1,33.0,Berlin
chPGxOgy,47.0,NY
iZclPZmK,,Berlin
aHY71X6Q,31.0,London
XnoRtffo,18.0,London
dRZda0lm,50.0,LA
pOSaZAYo,,Berlin
1kxZSsfr,46.0,LA
trXE41CE,54.0,SF
SZbw2OYE,25.0,LA
j5ueoAVE,18.0,SF
FFg6N8Kt,41.0,SF
KQDD6KGJ,,SF
B7SdyxP6,18.0,NY
fXxJs9rV,63.0,London
WAm1jPSP,60.0,SF
eSYHne8S,27.0,Berlin
rDhyd9Wi,,NY
QdJMxfLi,38.0,SF
iiUCvP5J,27.0,SF
HzAtQNnp,39.0,London
WV5WLmWt,68.0,NY
Tjc1xsMJ,,NY
l2caNtI7,26.0,LA
1NrYR7uL,26.0,Berlin
xDhl62CK,57.0,London
1586qwPy,,LA
bIFuKVMB,,LA
Xqiz1D7U,38.0,Berlin
v9KwmaYU,48.0,London
LaByFxnD,,Berlin
1RsSs5O9,,London
WALwziGp,,SF
hL93gHMW,50.0,NY
UADmc99z,28.0,SF
uqVs8834,18.0,SF
NKiv3dlK,,SF
1bF7UdCr,68.0,Berlin
ISfvv8Ux,,London
HtFpslYg,26.0,SF
cU5m9DCR,38.0,NY
AF8phIWj,,SF
jQCJ6gKh,39.0,LA
bjnOvQfi,46.0,LA
fkQfU9tp,,Berlin
FIdA3prc,,NY
HbSIqN9K,66.0,Berlin
sJ1Oomuj,42.0,Berlin
meZbhQH6,35.0,Berlin
DoK9jSGX,28.0,SF
zgB2tZCL,47.0,London
MWqqcB7S,42.0,London
5OEQHEbS,28.0,NY
d7nT3vgh,51.0,SF
bxLDBGJK,41.0,London
BW9uqIgI,65.0,LA
xEpGo8uP,,Berlin
LuoIHBST,20.0,London
H2GAAsHn,,Berlin
sJheEhT7,42.0,SF
h8roprqL,62.0,London
Qcsz5it8,37.0,Berlin
MzTEc9cb,37.0,London
s3Zqe2o0,68.0,London
BkQ1FPZT,34.0,NY
o46sZQYh,37.0,NY
gfYaTLzm,35.0,SF
3diWej6Z,31.0,Berlin
3wgegHTk,51.0,NY
2Kd5jswZ,,NY
8fxHwYcv,49.0,SF
YRj31w1Z,25.0,LA
Ez6hMgb1,59.0,LA
CkDXjJyP,33.0,London
EFE31rHu,,SF
s1odSg54,55.0,Berlin
6R1ExBCr,21.0,NY
EQ2nlZfN,52.0,LA
hygieo7l,45.0,NY
YzoJzc06,60.0,London
I6OZI4fP,59.0,NY
3HjTMmFn,31.0,SF
8rz132jc,22.0,Berlin
juBU5HY3,19.0,NY
c4EoWiG7,62.0,Berlin
AYUa4ZtP,67.0,SF
xU9goQNl,41.0,London
rGQWOUs9,20.0,SF
WBpcyrwK,40.0,LA
iEIO4cQK,28.0,London
rCEec1Fi,55.0,NY
dGWNc8nc,52.0,Berlin
f8gwiCa0,18.0,London
8y1EsmmQ,23.0,London
EzWypFIH,23.0,LA
BpS1BjiW,57.0,NY
mO8d0aTs,,London
8xJLPsTl,52.0,LA
K5l7ScXh,30.0,Berlin
1mSLld3x,,Berlin
KDiSUwPx,39.0,NY
lUF1YwXh,34.0,NY
M6Cj1BFb,,NY
fnMAPvcs,20.0,Berlin
ZEcehBU8,21.0,SF
pMFFv84x,52.0,NY
e2SQGKRV,,SF
ecm2jMjD,,SF
aCE0A81G,60.0,NY
HJeJE8jy,19.0,SF
rRBcg2gs,62.0,SF
X4cYcW7n,,SF
9ocAqAMM,,LA
gkRQ1FwI,64.0,London
GNspyPVr,21.0,NY
SxguWfjB,64.0,LA
emY4YaEn,66.0,NY
i398WjRK,,London
aGq65D7M,,SF
mfUwcJzB,54.0,LA
g2u4YDiG,,NY
7XCNubiQ,58.0,SF
WdxPnkjJ,47.0,Berlin
SFPjF8rk,38.0,LA
XyvPflvf,45.0,LA
z0ly8lUG,59.0,Berlin
3kCAIDM3,67.0,SF
mG4Zd0i2,22.0,London
ShjtRuom,50.0,Berlin
x6L71lQk,51.0,Berlin
WYJ2rL5A,49.0,NY
oPr1UY8u,44.0,LA
iv3ZNkMo,20.0,London
OYQo9d2x,57.0,London
yc8iJ8fe,61.0,London
dxjtHiGd,59.0,LA
WGfE7GN1,68.0,London
KH9V26Zs,61.0,NY
oEsJZWVS,21.0,SF
3VLEH8tB,,NY
w1WIL1MA,53.0,SF
337SXKgC,,LA
yKv9AqvG,69.0,Berlin
g4cFCV4X,20.0,Berlin
MM8ZvlBn,67.0,London
Tip33T6b,18.0,London
QY4B4BNK,56.0,LA
Oo5tuAMm,57.0,Berlin
H8uNXLPG,56.0,SF
oqW7Ulmc,,LA
j4f3l0l0,61.0,Berlin
tS0SPHXu,20.0,SF
R4fUNeee,53.0,London
BzH0mr0S,54.0,London
aqtGTpj6,47.0,Berlin
Ji3nHFPZ,18.0,SF
eZ7qanlo,27.0,LA
urRBOIKY,,Berlin
l8S97WS8,55.0,Berlin
VwFodWEX,20.0,NY
yqHKHC5a,54.0,NY
WFNkNXcF,,NY
SbNM2mCV,51.0,Berlin
bMtaIDzi,,SF
FPnDyT7U,37.0,LA
LNCilx1t,28.0,LA
d7ff6BFb,36.0,London
eYZUjNOz,,Berlin
DJQlnTQz,41.0,NY
3N1tabkR,23.0,LA
lecuqREs,18.0,SF
vNOUXWvp,36.0,SF
2M5TpJ6m,,Berlin
yj4rSegi,,SF
H6Tev41Q,61.0,London
BuCbfBaA,49.0,Berlin
IKgxhkGM,65.0,Berlin
QkGxsftI,54.0,London
NYTkFMua,53.0,London
v8vjqOsC,19.0,SF
vLcBcyj8,54.0,NY
oJYiBIA5,,LA
uZYGOQGw,,Berlin
BB0dAZEt,30.0,Berlin
Z8iDkPmP,67.0,LA
HAwshvzC,34.0,SF
HUcDZPva,44.0,LA
UG7y865i,,NY
4yo1bdxn,30.0,SF
uxgyqbgL,66.0,Berlin
lWI28wdp,,LA
q4zjd7Bx,,LA
8zo03lfw,,SF
c6KpBKmP,53.0,Berlin
0FWX7u7B,,LA
tFlaFxj3,43.0,London
mGx66wVi,65.0,LA
07bfaN0r,53.0,LA
p9oCF0kW,23.0,NY
xQNpC4yk,,NY
V7Qeb2X1,27.0,LA
wMUVRvQ0,56.0,LA
DeCYv9Eu,,NY
eASZkcet,19.0,London
7VSXLVaI,27.0,Berlin
1k5ERyo9,,SF
tIxdLhSx,25.0,LA
gEhTnK8E,,Berlin
OuNXMUKm,30.0,LA
QN3Qsfcr,69.0,NY
2L7XUBQo,25.0,LA
JfITMMto,44.0,Berlin
ra0Zw9rb,63.0,SF
v7yMjXB3,59.0,NY
jgnsTu9x,38.0,London
Pkhj3Zkp,58.0,LA
UfByn11C,51.0,SF
n7ymRUdB,46.0,Berlin
JDkeGQg0,47.0,NY
9JDoh9vT,61.0,SF
U8IbUVHc,33.0,London
3dSgDsgO,,LA
kfAeqeX7,62.0,NY
JJdDMjKg,,SF
D59eTOoB,46.0,Berlin
ILvZM15d,,Berlin
EsIRsM6y,47.0,London
EzmY11bS,39.0,LA
vn3pd5Md,32.0,London
pBCTQ1Sv,37.0,SF
8LPQlXbR,55.0,NY
gjya7G6A,40.0,NY
zxI1SRQu,48.0,SF
RQpQ8SoY,34.0,NY
YxYseieL,52.0,SF
8340LsZu,19.0,London
AZeuMHFd,64.0,LA
FqgYtMlK,48.0,Berlin
KhruD3KW,43.0,Berlin
hFcwADrz,48.0,Berlin
iqRzz5Ef,,NY
wFga3L7i,,London
lZpJOFsU,29.0,London
iR84Ctwh,36.0,Berlin
WPWwyVE5,61.0,London
tf1dTqpQ,30.0,SF
HxV2A2qT,18.0,Berlin
2JxvB4H4,30.0,Berlin
tudGOm6k,21.0,LA
Cv5xaJyM,68.0,Berlin
fLlxPEsB,62.0,NY
7HEH8Zub,65.0,SF
J4bHt4UN,,London
i4fC7YeM,,NY
rt4vA4nD,44.0,SF
GFnQAXTR,25.0,LA
oYCXdO6q,68.0,Berlin
kAclzMaO,41.0,London
J2xVNXm7,39.0,Berlin
lKYwkKkh,57.0,NY
k0wjQwNd,,Berlin
PUaPPNzi,26.0,SF
N03HEv4y,34.0,Berlin
LUcoMcRs,18.0,Berlin
WPMesxmL,61.0,LA
lIGXieHE,49.0,Berlin
zXo2XoYZ,37.0,LA
9iyvdZvU,,NY
C2ZJWfTj,42.0,LA
IaqkB0YJ,,LA
vNIFn9hN,44.0,NY
sMMMfuyG,40.0,LA
XLFeJHsH,35.0,Berlin
4Llp73Hk,69.0,NY
zfUR5Ot5,48.0,NY
u5XKULkG,,LA
i2W6aMjM,69.0,LA
Mb49kEVw,59.0,SF
K0eIh9rL,38.0,NY
osZChmBJ,29.0,London
1doA8aRF,54.0,Berlin
yua6bRyE,41.0,LA
9vcLdvwX,68.0,NY
qlTFplHy,56.0,NY
QEd12bjV,66.0,Berlin
YZYSa0V4,50.0,NY
1HC9ebvw,68.0,London
NQ1iZTmh,,SF
qPNMSbMt,,Berlin
bgJJji57,,London
sh1Oz6ke,68.0,NY
RkVASEB5,,NY
HYOB80c7,58.0,LA
lAGIZKaV,45.0,Berlin
3hu7GK7p,53.0,SF
upOIMe9J,24.0,LA
0EpFT4EN,51.0,NY
Nkuaj4Hc,,SF
RKhxzsYu,18.0,Berlin
y5b5e4Ah,21.0,London
XVX5kQ2D,43.0,SF
j45BTGNI,37.0,LA
hddeeL1Q,68.0,London
4yLWlv6z,30.0,London
2QfYa41k,,SF
KIspU4kS,27.0,SF
021IQDXD,25.0,LA
LtSW5XbE,35.0,SF
87VcpOUC,,Berlin
FULpLxos,22.0,London
mLGQVYQc,47.0,London
7vFlGc7S,48.0,LA
4UIG6u1F,56.0,SF
fR28oY1W,69.0,SF
4f9hD4EQ,41.0,London
adF3MSCU,34.0,London
P5CqeEJ6,51.0,LA
eTzW3SpS,60.0,SF
FISFxxFl,52.0,NY
FqAVg95O,32.0,SF
80jGOv3u,28.0,LA
la5GQVUm,51.0,London
IXwd0Foa,,London
KgHu67aL,32.0,NY
QYogHU3Y,53.0,NY
C7XLSGKE,54.0,LA
J4OZ9K3U,40.0,SF
Lvx3W795,,London
FelJN94c,43.0,Berlin
UqRfmNiL,51.0,Berlin
Bw9pW2g4,28.0,Berlin
beBsvwrj,,London
5dgrkiRu,25.0,London
nTNIHy5a,63.0,Berlin
LMW6PXFV,25.0,NY
ShrHkiqU,58.0,Berlin
2QLrDFGU,,NY
qAcoF5Tr,62.0,LA
uDCnFdaR,27.0,Berlin
m5Lp3Elx,20.0,Berlin
8nCL306h,,NY
lqZNMjw2,54.0,NY
gznA9yTI,39.0,NY
hZFltNTW,42.0,LA
NwtzEibx,21.0,Berlin
VTr0oSIR,54.0,NY
0mHHADM5,,LA
gmcYq0Lf,47.0,LA
HN0P7WKt,26.0,London
V8Gqcf8T,,NY
WuByzLeH,18.0,NY
IWHP9EUB,68.0,NY
HSR5fe5A,61.0,London
vCra1ec8,30.0,NY
twXMvmMr,21.0,NY
2i2iTVXV,33.0,LA
NDXlat1b,61.0,NY
EJa9CPeg,64.0,Berlin
lRU9JrJU,18.0,SF
LXFn4Yig,,NY
NDRHlHcl,44.0,LA
Jjrehfe8,43.0,London
aCak5nJP,64.0,London
MZzn6zcw,49.0,SF
mm1GYaIg,57.0,LA
YkM87r5T,,NY
U87POkXV,33.0,London
XLVwGDY9,45.0,London
awwf7P9a,66.0,Berlin
TbhkQBii,,SF
DhqqD0ZJ,28.0,Berlin
bfVw4AOK,40.0,London
ngeW2y1j,47.0,NY
qtefwxEz,69.0,NY
LPnjh9rG,48.0,Berlin
fcf3q6DQ,19.0,NY
60weUH5N,37.0,SF
HBY9ecqf,46.0,Berlin
WiW7mrFd,27.0,LA
y5pD1hdV,35.0,NY
a1h1ycqH,48.0,NY
JrVdyeIa,21.0,LA
56zg28C3,44.0,SF
1Ibev1zM,35.0,Berlin
oI4PPCVw,61.0,Berlin
PICbmDDf,48.0,SF
BRQyEL4q,24.0,Berlin
agZi3ofH,36.0,NY
Nkaa0uXw,56.0,SF
cK4Dz0di,19.0,NY
QecIgalw,,NY
liWo354e,,NY
DSvVgirY,60.0,LA
whVg5rXw,63.0,SF
QvytidtR,,NY
8xnfOZi9,55.0,SF
3jrR9UDf,20.0,London
9Tfa1BqC,46.0,NY
kY3Wl6kq,44.0,Berlin
zyMR1THw,65.0,London
AgwfHqAM,,Berlin
fq1lUTKl,65.0,London
1GMlCjEZ,20.0,LA
uhbvHMiQ,65.0,LA
eh2jWvnR,47.0,London
iNJ56Rh7,35.0,London
87fAiWbL,,SF
ItbZXNRP,,LA
rVpibKeb,39.0,SF
FyxAn0mk,41.0,Berlin
F6wB1zeA,20.0,LA
PaPFvdpl,31.0,SF
8MlJnK70,,NY
EfP5Em36,41.0,Berlin
gSsx3uYd,44.0,LA
IXTpBGTo,,NY
fo6n4CI0,48.0,London
S0t8z467,65.0,NY
4JZSMyUH,44.0,London
o6GGpFfk,62.0,London
yX4ohJND,46.0,London
Lw530I6S,46.0,London
Px1OF091,64.0,Berlin
U6x8l0iT,63.0,London
UGYQ1Agq,67.0,London
ZdGEYypE,65.0,London
7vaNPXt6,29.0,LA
2ivEw60N,31.0,SF
LIlIFdUg,44.0,NY
ixENthR2,64.0,NY
ok5Z7qFC,,SF
tRBcruQo,54.0,Berlin
lCh8X558,62.0,London
PWoUkJUs,35.0,LA
OTwwFEbs,,NY
8h0QYr8P,26.0,SF
KvzMT3Dj,46.0,London
OyNCzdqg,,NY
NMuYoN7f,37.0,NY
yWquydXi,54.0,NY
SGGhXGuG,46.0,London
NPnVI87o,23.0,Berlin
4fhBg6Dh,58.0,SF
KOjBY5pR,43.0,SF
cEXiGZFN,39.0,NY
eyEzl7g8,,Berlin
3NWBNevz,64.0,Berlin
kqItpxIc,55.0,London
NBQczVvx,,SF
I9Mo197q,34.0,NY
Hx3KMOMD,18.0,NY
cudCCTKH,48.0,Berlin
FvrP2TTI,26.0,LA
C9VLKMuc,43.0,London
G1vuYMhy,67.0,Berlin
f3GpWxcz,23.0,London
Qkyhcdtm,63.0,Berlin
sQi3hbYD,,Berlin
N6Xr625B,,Berlin
X5HKKa1T,44.0,LA
dG7GzXHC,18.0,SF
L6ctfu0A,47.0,NY
rL3q2kWC,,London
V0Zz1qsM,51.0,Berlin
nizp29lV,38.0,NY
ZO178NsB,18.0,Berlin
F5gTZoXq,64.0,SF
GLO6EpYM,49.0,SF
EKj0HzJA,60.0,SF
RNSMUrZT,51.0,Berlin
o8gujdDE,,NY
U0fcNcZu,31.0,SF
GbswGtYk,22.0,London
mrDAbrd3,53.0,LA
QTIR23V5,49.0,LA
p0S7eRCE,26.0,LA
hcvwP4GK,62.0,LA
LvI1hpau,,LA
jJjxqa9x,42.0,LA
AcfkTxGd,,Berlin
U302JYHN,63.0,NY
gGpAelGw,58.0,London
1QoWhfod,30.0,NY
6YLkdtUg,47.0,London
0hBUEC6c,51.0,SF
alVzxRYX,,London
qrK8gPy8,47.0,Berlin
TgiEwhgV,35.0,SF
IBKuyKKi,56.0,LA
Kzs9ovw1,20.0,Berlin
V76ZL2YF,24.0,Berlin
aBNrDy2O,56.0,NY
ca6q8NsZ,,NY
XHRwHgn5,25.0,SF
QjXPJuJi,,Berlin
lcOvPkeu,65.0,SF
zbEW6TnG,49.0,LA
cBlPWOaU,,NY
cj503bjS,31.0,Berlin
c29HvKlP,22.0,LA
HssC4ETj,24.0,Berlin
XAmeycfb,27.0,LA
HGW1WbI3,37.0,London
WYyY2oCs,38.0,LA
ggm9VpD7,45.0,London
AymwlTTG,46.0,NY
tsXscrFL,23.0,London
d3iq2A7O,55.0,SF
DdMTSy7I,59.0,LA
F1081t3x,58.0,NY
fQnSRKzp,20.0,Berlin
tJidcRwR,54.0,LA
NlOdXBQ3,34.0,LA
AvGIlG0a,50.0,London
gGlPMMAN,27.0,London
1KTyoNSV,54.0,LA
lJKeAPQe,50.0,LA
4JjcCKc9,45.0,SF
BacUnmpM,40.0,Berlin
lr69bIYo,59.0,SF
7WnSAWIx,63.0,SF
Z7fNqowA,,Berlin
LvA5XmII,67.0,NY
7pJdhFuX,68.0,Berlin
CBfHGiGK,63.0,NY
wOxMvmG0,27.0,LA
6QcU1OrU,25.0,SF
sAIqV1h2,33.0,LA
dp9TlZnp,60.0,SF
Syhhwk25,49.0,London
mjFQZC4b,66.0,SF
joUEsA7t,62.0,SF
ynopOVra,42.0,SF
QsJBdRch,54.0,NY
sbTAq3SZ,32.0,London
TnSOPeqi,33.0,NY
LCDVNS4Z,59.0,Berlin
getJIemK,34.0,Berlin
IUNpUld2,44.0,London
D86mrCU0,64.0,Berlin
47O5ZC45,43.0,LA
3MfRjk2b,25.0,NY
vFGJjS7C,58.0,SF
OXpdwnaJ,58.0,LA
h8isO4G8,28.0,SF
A5QU3IDH,44.0,Berlin
giWaLjgO,26.0,NY
XdV7PLQ8,28.0,Berlin
C6IucpiE,24.0,NY
VzXHJRXW,45.0,SF
qnolgZrK,47.0,SF
dDxnhsWz,53.0,SF
NDdF3pnV,,London
rTtLeKgJ,26.0,Berlin
mLzPBYyx,52.0,London
U0dVXgdq,,LA
DPtCdiKH,30.0,London
im8vowpr,65.0,SF
Y0J1Fo4M,21.0,NY
jls7UtzE,27.0,Berlin
FxkMHrHM,43.0,Berlin
1IRoB1n0,,Berlin
8cKGRcw3,67.0,LA
7AUWKWq9,,Berlin
2W9KKWPs,34.0,LA
pmzmkVWk,66.0,SF
TaBibys3,44.0,NY
1fmxGek4,39.0,SF
D0FiK9x1,61.0,London
yRITEHXG,,Berlin
v6oQtCdE,25.0,London
lMcOjhYy,,LA
QIMO9ol4,43.0,SF
srlR3XEZ,48.0,Berlin
1oriOcrd,28.0,LA
ar8SldiX,,SF
7LT73JjS,46.0,SF
Vr153JWV,55.0,LA
qdGulxIE,,NY
m4NLxx65,32.0,SF
Mo9gN5te,,Berlin
fH0Xe32n,,London
Z9a6sVUY,24.0,LA
pSN150wC,66.0,NY
3PBX4cTr,,SF
jQwrfIgs,50.0,London
hRNy6BHc,63.0,NY
H4OytPgR,,LA
oFue8QEt,33.0,SF
n6OO8GHZ,51.0,SF
1rqirdVq,38.0,LA
IGXvxvFA,,London
F0gs0aN4,61.0,London
gvZyxLwQ,,Berlin
poYcHuH9,26.0,SF
honZskQU,66.0,LA
DMOzojqo,,SF
RTnZ0GJ4,31.0,Berlin
XWDlu64j,47.0,Berlin
HmV0Jm1L,41.0,NY
zxNJ4Icy,68.0,SF
arybla9m,51.0,LA
uFqEBfaU,,NY
9G5ywK9y,18.0,LA
sX9Dxpso,51.0,Berlin
T1t5BrHs,37.0,London
KeDDbSMM,48.0,London
fXuD85uk,32.0,LA
J0cNk0KV,32.0,LA
m9IgGtJ0,68.0,London
usa42gKV,51.0,NY
9iu4sf8H,22.0,London
7gNKR14Q,,Berlin
AdEUQeQ5,29.0,SF
L2WzxFMV,62.0,LA
pOC5OX84,48.0,NY
uzkPP8Sc,46.0,Berlin
ZyMW7c3R,,SF
0xbsWI9y,65.0,NY
1jSvdstk,25.0,LA
RO0B8IIQ,54.0,NY
lFUNghFO,45.0,Berlin
s4SHmGsd,38.0,London
6I6Q5RR1,28.0,LA
dLeLheRs,28.0,SF
g0egjHJx,40.0,LA
HGOjMRRO,59.0,Berlin
yenEVpep,30.0,SF
Ol3MrSN7,60.0,Berlin
d5WP60D9,44.0,LA
p7JpGzvA,40.0,NY
3rI5aF2f,,Berlin
4xbW9uoE,50.0,London
XIuOtZpH,43.0,London
JGBlYRM0,60.0,LA
CPQoitPC,,SF
kvK3KPp6,50.0,NY
wSOKZVFV,55.0,SF
RIFELX65,33.0,Berlin
Yr0lUwEe,27.0,LA
ybvpDAVC,,NY
PQmlCe08,,LA
mEwlS4JR,58.0,LA
Sbn2FF0h,61.0,LA
XAMaGYjK,69.0,SF
pOfCs45A,34.0,Berlin
INz4tjrm,69.0,Berlin
VXJOvi5a,60.0,SF
Tc3B7AjQ,40.0,London
RKl90G5h,,NY
RG23F2MA,46.0,NY
duWsbFpj,42.0,SF
wLbFbGHf,23.0,LA
VKLPi8oc,,LA
jXBpSi7E,57.0,Berlin
uLvfeLh5,,SF
wEAvQyVR,40.0,London
aLbup16z,36.0,London
v4psp4EP,48.0,NY
IldcYUf8,,NY
nxA5Bci8,56.0,LA
l0MemtyI,55.0,LA
VRnWFZbW,,SF
UD7DN1xw,60.0,LA
gn3pxm5R,18.0,LA
OTbbLZyZ,55.0,Berlin
CsRK3ctl,30.0,SF
wni9Tgv6,67.0,NY
vVqyvh16,51.0,SF
cf7cZUsj,34.0,London
3F8Wz8mJ,49.0,LA
wcYFKr5Q,66.0,NY
ScqnTuwu,,SF
1o4u4WBD,,NY
lIuCxO3g,61.0,LA
TDV3r9Dy,45.0,NY
UwjjulUV,61.0,NY
UWf7bTey,46.0,NY
o2TTkVME,54.0,London
X1kljwrQ,41.0,Berlin
VF74UCCD,65.0,SF
PI1w9e6M,,NY
7yuDvRca,30.0,London
kKNxAUqw,43.0,NY
MNc0KRdt,24.0,NY
APUH3oGB,61.0,Berlin
By9jMVDC,,London
J4tbBq00,69.0,Berlin
OV6GODfK,,London
3WjvDvaV,58.0,SF
GOhdzDkr,,SF
YAhgZhPb,49.0,Berlin
KnrqNA6j,28.0,SF
1FijINmL,37.0,NY
cFzjEfMm,69.0,SF
HmIPVvwT,51.0,SF
3p761mLj,,SF
Nz0GpzEm,67.0,NY
qwW4BpjI,39.0,London
ihx4raQT,,SF
JlLtiQbh,,SF
Ja8PVcUD,29.0,LA
KrmkkSEa,,LA
3KVg2nTh,48.0,London
u1jpLiYb,46.0,SF
zo6AFdda,48.0,SF
r8U93aCi,29.0,London
r7ykR1P3,52.0,London
j0NjlUOh,59.0,LA
sdqvpSgX,58.0,NY
l8fXvQ0f,,London
bsQImXx6,32.0,LA
ktRDdlNd,47.0,Berlin
Cts9VShg,24.0,NY
2bScw856,,LA
rSXy5QQC,63.0,London
cd8eZ2GZ,41.0,Berlin
pFqbSfNF,35.0,Berlin
P0xlsoYy,41.0,London
lkfFFt0H,49.0,London
jKhOQuwq,,Berlin
0CPc8Rp7,45.0,NY
NydaG50h,28.0,Berlin
5vneu9Wc,20.0,London
d9i9QWae,,NY
9DcfXeFV,,LA
A2fcWeAP,46.0,SF
xGpix2jm,49.0,SF
y1Ic8ALF,55.0,SF
xb7hlmbk,48.0,LA
4PSnT6z2,18.0,LA
27CpLY9s,54.0,Berlin
DlUqlOUJ,38.0,LA
tEOayGZU,63.0,LA
iB3ILVYI,58.0,London
6B0YGm94,59.0,LA
9AQAiChs,37.0,London
22o0elaQ,28.0,Berlin
uRGmobTy,,SF
2cXaVqaC,20.0,NY
aLjkJXoB,65.0,SF
QIQ7YmIS,31.0,Berlin
Dnr9Pezl,62.0,NY
LLZODBwC,62.0,SF
WpeVM9PA,48.0,Berlin
w2dYH14s,,Berlin
s5gDoRbM,,London
Tqk9E9KM,26.0,LA
FK329Bb9,,London
DFfyWnfW,46.0,London
bWWMfn8c,69.0,SF
JxYoQ0Ob,63.0,Berlin
9bEgkFBa,69.0,LA
edZxkDfs,39.0,Berlin
SFsOLvlr,66.0,NY
caIklnpZ,63.0,SF
bTo6QOjH,20.0,London
6FJtXkPE,19.0,LA
pTkrq6jx,45.0,LA
4HuuOT0b,,LA
fRueXWrk,22.0,NY
8q2PdCVp,26.0,London
UaANhsU0,49.0,LA
2zBodCQT,34.0,Berlin
MUTQXi1w,28.0,LA
ziEKULxN,55.0,LA
OboI7e3A,52.0,LA
HCesYRwf,,NY
GQESFyo6,35.0,London
XrcuzCuD,53.0,Berlin
Qv98eZ2C,,SF
JFn6tWRs,42.0,LA
MPGhm0hA,,London
chYohA0a,57.0,NY
u7wkmLWL,48.0,Berlin
G6SF1dRp,40.0,London
VpaFfdHP,68.0,LA
PkU2KlfA,31.0,London
weUkutUU,44.0,NY
5yzrGI1B,,SF
hr9gqcda,30.0,NY
SqgqbmJY,53.0,SF
Br1oXQEF,,LA
yRPiEV8h,,Berlin
eFAKLn1N,66.0,NY
M4YiemYg,24.0,Berlin
PhohIsy1,26.0,NY
mSwy46sr,67.0,Berlin
dxtLiqG2,38.0,SF
93VTvwnh,49.0,London
BDB2Kbhm,,London
1pAH2Hr7,61.0,SF
DVhBLdMr,,SF
cnebggfJ,18.0,LA
UQ5YUYVE,,NY
9tt3se3Q,33.0,Berlin
9mWUvVBV,40.0,SF
5a5Mv9sh,,Berlin
ixbHkGxl,44.0,NY
IrlZ9wTD,33.0,Berlin
OVqp4fM7,63.0,London
K49yuQ8y,50.0,LA
6ekYvIWD,56.0,NY
8vVSu3ys,25.0,NY
xVdQqP2y,65.0,LA
ULLwb2Ky,18.0,NY
BQn6ar3a,36.0,LA
TEc8isx4,43.0,SF
j7h6mT3B,54.0,SF
LVbyTEA6,,Berlin
jx6W6zGI,20.0,London
6Ke2pCmn,41.0,London
wTggORDJ,,NY
mLiaQoNi,18.0,NY
Yqp5gCoK,56.0,Berlin
tTFUok24,26.0,London
z4GOfryt,50.0,SF
FUtPlBVj,40.0,SF
pg40CNDV,51.0,LA
ebyJNv6c,,SF
2mpTCQZ6,,London
9jHf0AIV,52.0,LA
UCgcd6Eo,66.0,NY
EKYBTF4b,,Berlin
lgXeCLib,49.0,London
nldJhXf9,19.0,SF
8YA3mXcz,24.0,LA
mNnCMVYs,41.0,SF
7SJqQN1n,20.0,NY
QpecI8ge,29.0,SF
bf0ejKeH,56.0,SF
Yhje9Nwz,59.0,Berlin
A31ffHFh,53.0,SF
IS6kh2wJ,,Berlin
x0SH2jDF,18.0,LA
VgPswwWO,63.0,NY
naPdThmy,53.0,Berlin
VEMzqRN8,,SF
X4Loo31x,44.0,LA
wbn4QDGQ,61.0,Berlin
uwDLUwZ4,48.0,Berlin
f9DCJG0i,,LA
m5tBR22U,63.0,NY
pgy0g7Z3,49.0,LA
VOKM58EI,21.0,NY
Fk6Irw2s,42.0,NY
DwXvpKMV,56.0,SF
20e1PxC3,46.0,Berlin
wEBvh9jG,26.0,LA
mU53Iwtw,31.0,NY
Vg6qlwb6,,LA
I2tJaNdF,22.0,Berlin
JMsgGf2m,69.0,LA
nv2VaRg8,,London
uZbFgeZZ,,LA
VDIKw7RT,,NY
4YwpxEdX,22.0,SF
JzXmGq7E,46.0,London
YnHFmOg7,45.0,SF
vdGgt4U2,27.0,SF
rhJVGfNr,40.0,Berlin
pfm66Our,66.0,SF
GfqpUomR,36.0,SF
LC6yTBO8,21.0,LA
xJxQmp10,,London
sZ2P3Zxx,49.0,London
Ing9me6v,37.0,LA
Y9vHEYNr,63.0,NY
WzDDuP0T,45.0,London
CqYtap9r,53.0,London
ZgpL6mYs,40.0,London
rokJEZLH,,Berlin
7nfVOSAF,41.0,London
tu7t22bH,19.0,NY
HnxLzf8y,35.0,London
9HC8kPbH,66.0,NY
o9d5sGou,49.0,London
zf2Zb7is,65.0,NY
xcQyW5r3,63.0,LA
sIhOOaCp,65.0,London
N2QdMQIW,65.0,NY
tJnTAHsF,47.0,Berlin
hYsaNZL0,55.0,Berlin
sMR3GSE5,44.0,LA
Qg8GtPSm,55.0,SF
eD9Jyv9n,55.0,Berlin
zaMK1Rpt,,London
gBAINYGJ,18.0,LA
INXiiEBA,,NY
Dh0Y8wYF,18.0,NY
oa6CShYf,,NY
uFWzIB61,,NY
fa9IIN6l,25.0,London
Wns6CNbu,34.0,Berlin
WfudC0yS,18.0,NY
DkzaFe3z,31.0,London
Fbt5VKZv,60.0,LA
1UDADHsY,61.0,London
6YWJD1Ig,30.0,LA
b1fBKSJu,,Berlin
aLF2fH9W,30.0,NY
ytlhp9Wg,20.0,SF
eZf9uR7m,39.0,LA
MjBErRRl,52.0,SF
hLw2ehYX,31.0,London
zfBwnq77,57.0,London
DMhMGiJS,,SF
HTVFWGi1,39.0,Berlin
YU2XsO0b,50.0,NY
3N47wM2y,29.0,London
mgoq9AzW,,SF
fksl8CFp,22.0,SF
wi0oDF6U,,LA
sptZMnjn,19.0,SF
i0X95qgv,48.0,SF
8nLwrLli,63.0,LA
R56XOgEQ,46.0,LA
76PkQ4Hh,,London
oXCdbA89,53.0,Berlin
8LSCiDEx,47.0,London
AD4srRrD,,Berlin
oVGyigXV,,NY
UemhTLKt,58.0,LA
9yyMrP1U,66.0,London
cQCx23Rv,29.0,LA
CmAOM4Wv,,LA
xGti5nRC,42.0,Berlin
wsDonEpP,25.0,SF
CeirUQOC,50.0,SF
rYBQCyJz,33.0,LA
u4zVu3v5,57.0,London
Q2mpR0yf,62.0,London
UXnkg3bF,68.0,Berlin
5rBbtYz7,,NY
RSGV2gEe,27.0,London
Q8zbshgd,29.0,NY
9W2o3OYc,39.0,LA
X59In37P,24.0,Berlin
Y8TX6SDh,62.0,Berlin
vjNhEABF,38.0,LA
SY3XgZHb,,LA
omv4CUE0,55.0,NY
9bsUoR3Y,39.0,London
tn79NRA8,,London
eIA2ES6F,37.0,SF
f8PJ69SO,30.0,NY
NMZpWTCF,68.0,Berlin
Uy0fHCHa,41.0,NY
pGsTno9P,47.0,NY
9u9BMJtZ,58.0,LA
KR3LRGVl,69.0,LA
aryh0Kgw,67.0,LA
DSVOnEh5,35.0,LA
LuHWMfwz,42.0,LA
KczDOhz8,37.0,NY
CAsAi4ls,28.0,LA
fF4f6hdv,57.0,London
7nCwOfle,51.0,London
2hX8tkCx,,SF
aul8z4dE,43.0,London
x8rjPe5j,40.0,SF
QexWUs3m,66.0,London
Koum5VJH,59.0,Berlin
5Z8Kz8uO,64.0,SF
hSNDqgd4,,NY
l1tUM71x,42.0,LA
QCXMRAhX,51.0,SF
KE0pw1mV,43.0,London
TbkzKHlS,56.0,NY
1smdiEK9,22.0,London
MvOw7K8N,46.0,NY
B0fXcSqK,,London
E6v925jz,62.0,LA
tazyQSo7,44.0,Berlin
ZzOiHjck,54.0,London
z4kM10p8,42.0,London
hn7Gpokk,60.0,SF
xr2BrE0h,,LA
49NUJ4Rj,61.0,NY
mnZK4s3I,51.0,SF
kTGixslA,29.0,LA
d97K5UBm,46.0,LA
TWfqlSq4,56.0,SF
5hrPVtSF,36.0,NY
khEH2eJg,36.0,Berlin
EfNw4YYo,46.0,SF
I4JoiapI,19.0,London
disegcnR,43.0,Berlin
4qCOraZK,62.0,NY
CGUT7Z6Z,54.0,NY
6REhHEJg,65.0,SF
hyTC7Svl,68.0,SF
SNCOIdZY,51.0,Berlin
p6RzYSUQ,,Berlin
ruxKTIBx,29.0,London
nibKgs86,37.0,London
dqffL11r,,London
oSvx3TEW,26.0,Berlin
LHmiSzHr,19.0,LA
3BWBPBut,,Berlin
X5JMd179,51.0,London
YUezMlHe,38.0,LA
a7vDILGx,,London
MST35bfO,31.0,LA
YZhkBjwW,34.0,NY
2pQ6oPrX,22.0,Berlin
MMxRbVFK,38.0,NY
TFG8PqR5,39.0,SF
2AdXCPTJ,57.0,NY
mKkD0ODv,37.0,NY
5kWzl96z,45.0,SF
Zg1NTTIb,49.0,Berlin
bPtHV9GV,62.0,London
ML0unDHs,36.0,Berlin
jdMBay6d,45.0,London
PA5iUFa3,40.0,SF
LDps8D8L,50.0,LA
XZZpRN6A,,SF
Gpq7M3cS,,Berlin
ELztJoc1,,LA
JGV8uixT,,SF
M61KstQk,59.0,Berlin
8iYoOQiB,53.0,LA
Nh9HXg5O,61.0,Berlin
jmu8QGWh,36.0,SF
kIM9bxac,43.0,NY
wI9KvIbe,53.0,NY
kChRKzIf,60.0,SF
sSCf8XlN,43.0,London
elu7oc2K,24.0,Berlin
3qcEG1Zp,40.0,SF
5p7VOQQ8,22.0,NY
gBkxin3j,,Berlin
DUs6BeOi,53.0,London
iz0eF4Fl,49.0,NY
Y9heg0cY,32.0,LA
ePb9GMOc,44.0,London
0cbA2nB0,34.0,Berlin
wrepJkEH,37.0,NY
UmxCt5Fm,33.0,Berlin
oav3ADjz,65.0,NY
oJVLs6oW,59.0,NY
dWs4f2Jo,,LA
yNf7U22e,,LA
sruDE0iG,,NY
ofxOjiQy,31.0,LA
rr6ndAxI,,LA
HS3gn8Cg,27.0,London
dlXwvRvM,,LA
jXNReWhL,50.0,London
0vd3UtT3,58.0,SF
qTH8Cp0O,,London
wh1MIOLn,19.0,London
8efMoDmX,24.0,NY
grARtDjr,69.0,SF
DvrUQD6U,58.0,SF
ra6i6Nl5,62.0,Berlin
nRodmL2s,61.0,SF
vOLcYtDj,47.0,Berlin
UVGuyCQN,55.0,Berlin
Yq3cKOcN,56.0,London
ELfAzNoS,,London
HECCmd2B,64.0,NY
LdTR6FZU,55.0,NY
KSASAnbq,34.0,LA
r3WHGBuG,54.0,Berlin
jFoESH3Q,27.0,LA
CfpcVP6t,32.0,NY
pycxQxRt,22.0,SF
pTR2uvF9,,LA
PRfQmCg8,55.0,NY
hetP32us,60.0,London
9xf7hcDr,52.0,Berlin
pLTKdKnV,,LA
PJTG4kps,52.0,NY
HWJ5CixT,18.0,LA
rbdSiykx,34.0,LA
tSpv8I6i,38.0,NY
bEaz5O1z,63.0,NY
sRovZV0f,39.0,Berlin
WakvBoZ5,22.0,LA
BZp4jGew,63.0,SF
Y1fGxRKt,53.0,LA
ypb8zMvq,55.0,London
vQjZrRxy,26.0,NY
qOg6bpAu,37.0,London
sHpZrXik,63.0,London
P6VLJ8Cw,,LA
sCUMcem8,,LA
WRvh8fEF,31.0,LA
DeHm8HHF,37.0,LA
aGvD4sXP,43.0,Berlin
W64pmF3q,,London
em1kRbu7,68.0,SF
CIQCjgqL,56.0,Berlin
vPQQlQ1V,37.0,London
bGi5kJfL,59.0,NY
sqvmVUou,69.0,LA
Hi0j2Mb5,,LA
6fqpyj08,24.0,LA
1tKOUk6D,,London
fc3x8IPe,48.0,NY
G4LnLOsY,67.0,NY
6u4YMq3G,,Berlin
9VFVZJ2S,40.0,Berlin
pJwNGVTN,65.0,London
dwmzHcEa,32.0,Berlin
62brZNCK,18.0,Berlin
uaJdoFHR,64.0,LA
4Qr0wCHV,,Berlin
M8KZ4Ous,58.0,Berlin
1oVCmaYT,41.0,Berlin
uTG7CMhB,32.0,London
c2sU7gen,66.0,Berlin
ikUUNYPd,65.0,SF
Qt1TJ24X,38.0,SF
HV2CdHrd,39.0,Berlin
TYWx0hbO,41.0,SF
rQeVA5aZ,,LA
F8nnqz7w,40.0,London
u5H0qDbJ,33.0,Berlin
hUuIWDH2,22.0,SF
vkf3q1nP,50.0,LA
WErlJSsZ,53.0,LA
0IL0G9EM,42.0,Berlin
hn7G77qc,57.0,LA
SzqWRZlt,43.0,LA
crLBEwu6,19.0,Berlin
geloWyqX,51.0,SF
frNT1xP3,,NY
Y7aka2K4,57.0,London
rCzFscEd,61.0,Berlin
56hDeFvl,62.0,SF
ATaBOR3D,,LA
25IU8iOo,54.0,NY
bvqPDvjO,,LA
GaVCFYTT,,NY
70tOxYmK,,NY
ZvVk9ajh,,SF
WitMo7DN,,Berlin
Kl4JwHm4,54.0,SF
s7TZYYqm,,Berlin
9cXJf73V,,SF
eZBfVRYA,24.0,NY
BTQil4A2,39.0,SF
hWBkV1wF,20.0,London
NLylMWLJ,36.0,Berlin
JSLZDXWp,47.0,Berlin
FSDplzK7,26.0,SF
qB039O60,52.0,NY
IaARqgRF,52.0,NY
wG8Jd13Y,30.0,LA
GF0vjqRD,,SF
ngnJdV9r,62.0,LA
MNGmeFrd,,NY
XyJjizne,45.0,LA
EgIXNQBs,42.0,Berlin
U4dSZnX6,,Berlin
TgWUho6S,20.0,London
5jsyammO,28.0,Berlin
cnYmO95r,47.0,London
GrPTtpfP,50.0,NY
xlDhe32e,51.0,London
h8iBESbK,58.0,SF
xSwYiPVV,20.0,SF
os53ZkmK,22.0,Berlin
B3VtzSZn,48.0,London
kVCMhl5T,21.0,SF
QSp9xZ29,25.0,London
q5Ha7h8L,34.0,NY
epB9wp4v,39.0,LA
q7sVgs0j,55.0,SF
q8SkSWni,41.0,London
IB6Gyu6K,48.0,SF
R2s5jNad,66.0,SF
FHOH2onN,69.0,NY
W0unqDtB,66.0,SF
uqABkKAX,,LA
Qt4R2GXu,42.0,SF
jbS4NKBD,55.0,NY
jAiPwO5d,49.0,Berlin
vsMLO9Vb,66.0,NY
uLjnVgoF,43.0,NY
067BAbBn,53.0,London
lqUx8v8Z,44.0,London
Lo1T9kws,40.0,Berlin
Gp95TX1N,37.0,LA
vGrZVc8m,,SF
EG0fcFOW,,NY
ofYRKPJG,34.0,Berlin
h7BQaXVd,31.0,LA
GDMrK65Y,20.0,SF
w9A2p4Km,57.0,London
urfpJm2Y,44.0,Berlin
COGzW8H7,62.0,NY
t9oJwfW1,,Berlin
HNPYI5Jm,,SF
rBY22Bmd,61.0,NY
UVlmDEI8,42.0,NY
iV21G2ld,,LA
gF9y63zX,,NY
Yy9rbXSE,,SF
Cj3nxclw,29.0,SF
eqZwebFS,50.0,SF
wHw3nKGY,,NY
1ynR5LvY,,London
rA5tUFw6,,Berlin
cz0jcNBB,36.0,SF
9bywH5Qj,53.0,LA
bVqUwx6K,61.0,LA
N0uzHCrm,18.0,NY
SAr4iAaF,,NY
J9oZyUYF,18.0,LA
gIk8YsLS,22.0,NY
7tzo4D9N,39.0,LA
ovzLtAWD,60.0,Berlin
FPfwkFcx,19.0,London
7h6liLHP,26.0,SF
dV8FgQkb,61.0,Berlin
7wa4CRNx,24.0,NY
gKBM3gMa,65.0,Berlin
Fmr0VQUB,,London
nfiRXvuK,24.0,LA
L2ngqgC2,26.0,LA
P7wStX7Z,57.0,LA
on0IC5yW,26.0,NY
rjtYg9Yi,68.0,London
CQe7yx6L,66.0,London
AwgKI4iW,29.0,NY
XDuMsdlI,,SF
2aJhzt2h,53.0,LA
hAaUAGRF,,Berlin
E40eGwwz,27.0,Berlin
ch77zAHa,66.0,Berlin
YRJzbpc3,27.0,SF
hy9l9KHv,61.0,NY
Uytbo3iM,,NY
N67PGm4P,55.0,LA
YecgY1Ns,21.0,SF
8VzE4frY,,Berlin
S1qDsuif,66.0,NY
55Mc4StC,65.0,SF
ej4RGRIk,,London
1tNeR4PS,44.0,SF
xKbqeMwb,23.0,LA
oAioyo6w,57.0,Berlin
BhMfv8N9,,NY
zPzVPYY3,49.0,NY
voWyVoXB,55.0,London
SzLcmzMP,47.0,London
BV9FbC1G,31.0,London
D06DWbTl,62.0,LA
OpRGLlFu,,Berlin
AgLYf6oo,46.0,London
sYwAcrIa,45.0,Berlin
0g4lTCS5,39.0,Berlin
iEMKDhwl,48.0,London
TNEVSLB9,34.0,Berlin
jVhx6hyk,,NY
chaBGpGH,66.0,Berlin
I9iOO1R7,,Berlin
GCYUvPWQ,64.0,NY
y19sVpI1,49.0,NY
9K2drgXj,45.0,SF
ePSgZsR7,,SF
2dgGdXtB,,London
sX5Gbclc,34.0,LA
sUWOKzFT,29.0,Berlin
aOsUuGDu,68.0,Berlin
svSkAkES,68.0,LA
obGfmMNx,56.0,London
0WilZ1Pf,69.0,Berlin
qmCsQkMj,26.0,SF
r9pFJ73X,42.0,Berlin
ziDxWoGC,43.0,NY
5S4YNwCE,21.0,Berlin
otiwafkU,36.0,Berlin
G3GTFqv6,30.0,NY
l1419PDZ,46.0,SF
7pWgdgsQ,64.0,NY
jucw3LrX,,LA
h3EpIzha,59.0,SF
aVZXjKGg,57.0,Berlin
ulFvBYiU,24.0,NY
VHT3j0YO,24.0,NY
BJ1lLRqw,,SF
3c1Z3Xn5,26.0,NY
qxDRstdy,67.0,LA
QIeYEbZp,62.0,London
IDlCE4Dg,44.0,Berlin
J8JtoPS5,65.0,LA
hAK1lMLj,38.0,NY
oXT1i8Gz,22.0,London
aoLWBDpX,22.0,Berlin
Rxvww23C,,LA
LHVKaInM,32.0,SF
VJDHsYFs,30.0,Berlin
YCu4b4H6,50.0,SF
Ty6cz11p,61.0,Berlin
xIHQalBw,,NY
VBQdtTpm,49.0,LA
RqX9Mvb9,53.0,Berlin
3ZwUadB8,66.0,SF
cv4KXs78,,Berlin
YQ7Y5Jv7,51.0,Berlin
RkUmsG7K,35.0,Berlin
VHWjr6V9,29.0,NY
FLXUy6lh,,LA
eT6Hxlvb,19.0,London
D2BY8eBW,61.0,Berlin
hbLcE0TP,44.0,Berlin
bRrTmLVf,67.0,NY
P5OZTqwg,48.0,SF
8zFzxx78,65.0,London
E9pe7hmt,,London
0FjYeLWe,22.0,London
fgB7JKxe,34.0,NY
LqC2ZO8t,,London
iVSSlK8Z,24.0,SF
5Kb3zpcO,35.0,LA
rAndBulo,19.0,London
KACw8T69,48.0,Berlin
0mvusV9X,45.0,SF
UvX4DXpj,,SF
Iio8uT8i,26.0,London
xSq4qhQv,50.0,Berlin
W9t5a6GA,45.0,SF
GIoyPqry,45.0,NY
FJcBHfKM,35.0,London
DjhWk2Kl,,Berlin
vfhQzsJY,28.0,LA
OtNTNZFv,42.0,SF
ApXyg4Rs,22.0,LA
0uznKQ6y,,Berlin
uDx8m9uK,63.0,NY
64Tk8Lhd,44.0,Berlin
qRsDAuif,29.0,LA
YLW3CZsV,27.0,Berlin
iHzHEHt6,26.0,Berlin
DUrVDxPy,,SF
bSaUrCqi,26.0,Berlin
36mqYRvN,64.0,NY
tLzAiCYl,,SF
qYYeZssT,,NY
BirXYTiG,18.0,LA
Cmo9hN80,38.0,Berlin
SAfjiR0X,,London
jCUnGy4O,54.0,Berlin
8Nh01Sob,56.0,London
MqsOXAan,18.0,SF
sna0EtTY,66.0,LA
7nAR9UMB,64.0,London
MWettqGs,,Berlin
n3ywD24E,31.0,Berlin
i8M0C3rr,57.0,Berlin
zswT5js3,,LA
llMzt5DN,61.0,London
AVog18Ga,49.0,London
v7t1Cotv,41.0,LA
ouJasmjd,56.0,NY
JiQsbGTJ,54.0,SF
hZrbOtO0,,LA
XxgOhOQP,47.0,Berlin
eXSrlWGr,43.0,NY
RIJlOU8P,,London
uSsFbh7p,61.0,SF
xQfQBaWE,31.0,Berlin
GT97ZPh5,,Berlin
cOjGSfPx,61.0,Berlin
ZmWGag2n,,LA
n5AoNBeh,,London
GtTRObuM,38.0,NY
ppNWPsep,44.0,SF
7gJTNJJh,,Berlin
trB6ZicR,27.0,LA
H1gwehK2,53.0,LA
aK8Z76vE,,SF
Jnt08NyI,,NY
ANLYvg3T,51.0,LA
lrAMBOIC,35.0,LA
ROje4tnC,43.0,London
72J9cwaj,19.0,London
TahRdsyZ,26.0,NY
mbz7OE3x,62.0,SF
mp8juYGI,22.0,Berlin
qp5BondC,43.0,LA
VyTPq1XG,69.0,Berlin
44qNNz24,58.0,Berlin
WoVJUoI4,32.0,Berlin
DmzmjvnA,42.0,NY
vKP0n6UQ,43.0,SF
N8ezuSy2,45.0,SF
jmDXZUY6,40.0,London
23jmgIXk,,Berlin
mVQVkOXo,39.0,Berlin
R2lDRq6e,36.0,LA
BrojOwpM,67.0,NY
eTG31ox6,27.0,Berlin
yqmrN4n1,59.0,NY
BEWfDZst,,London
BV28Xvjj,,NY
xrNWOGoh,48.0,SF
QXfrt5Ft,52.0,NY
M97bDP6b,69.0,Berlin
fTOisHFy,28.0,Berlin
PR7Ow1QV,34.0,Berlin
vOG7bgjY,50.0,Berlin
INbZ3P9R,39.0,NY
QA9j7oHY,60.0,Berlin
YZ3fscwX,43.0,SF
gaBYgdlI,53.0,LA
09Ur6cKQ,65.0,Berlin
B9s728Up,19.0,London
jYAzXjT9,,LA
9rvaZ8p7,20.0,NY
7AMixnqS,55.0,SF
Ec1jJpnK,67.0,SF
jdMF4Yrj,40.0,London
V5XqB5Po,67.0,Berlin
rh4RsA59,18.0,London
oC2ZQRl5,22.0,Berlin
9lKrVRqd,,Berlin
CowW2JmY,,SF
mVlF7IkL,18.0,SF
HrsJgJ3p,35.0,Berlin
Dq65bMGt,69.0,SF
gfadtb3B,22.0,SF
0sobTpJN,35.0,SF
ZlR43DkQ,,Berlin
tMIhaHlg,,Berlin
GSg7pTq8,43.0,LA
6t2cztPf,50.0,SF
crGjQAU9,59.0,Berlin
8pXpeAq0,41.0,SF
ziaUQIhO,,LA
ciUrVn7t,36.0,LA
chTBswC9,35.0,NY
6c8Oc9As,32.0,Berlin
lyrtnsI3,,LA
WdFOPgFK,28.0,Berlin
v5jsQr9q,41.0,Berlin
0yJnVRaM,20.0,SF
zdHqjNnw,56.0,Berlin
QcPGbvMH,,SF
OlrBATsN,29.0,SF
stueAfpu,50.0,SF
kB0WMfD1,,London
7fmrYI9x,52.0,Berlin
52Knk0q6,,LA
ZNrlH4ce,,Berlin
k6OUewhu,36.0,NY
pvj93S78,38.0,Berlin
VfBWhiCh,58.0,London
i8QVKIiZ,,NY
bGbywgSj,48.0,NY
e7M7faBU,22.0,SF
rrMLqk45,52.0,LA
A4GJSKSP,,NY
IXChulXo,49.0,London
48GW9Fp1,68.0,LA
Kcswcrc2,21.0,Berlin
R5qfRojZ,,London
y90Fpkd2,47.0,LA
TP7rlwOg,54.0,London
9yyFAczY,68.0,NY
7pttKHcd,,SF
iSuK6IWH,,SF
Ja5f6QZp,39.0,LA
gAViDO3q,38.0,SF
VtJbh8Zx,65.0,NY
4byxkgQI,40.0,London
hcs5oRFd,29.0,SF
AEgAHIsW,48.0,NY
rQ8Ohe6a,34.0,London
UdLEh3wA,57.0,NY
CX84Rj15,,LA
4rkCNZml,38.0,London
44sewcgc,64.0,London
OBtR0vPq,58.0,NY
LDzyaH94,50.0,SF
tOnoy0PG,32.0,LA
y7YOo9ZN,49.0,SF
NrHtrnsW,,Berlin
DzckFu0s,32.0,LA
1EnbXjMx,46.0,LA
uyo1xlkj,28.0,NY
k8aizmrI,46.0,NY
WjHtmWDP,58.0,LA
gENLqCVn,68.0,LA
VtYzCniW,39.0,London
XsgJZ9AN,43.0,SF
TBVwI4Ky,35.0,NY
nCueLurh,42.0,London
GZDsaoju,38.0,Berlin
YUaZg9sk,41.0,LA
r5iCbhmt,67.0,NY
0TIpFQLL,,LA
PNI4CPen,20.0,London
e0QBdk3r,30.0,LA
jm1Evfej,55.0,LA
OePQR8gI,23.0,London
vIYx6u71,28.0,SF
xcsFGniI,40.0,London
peWm9OT3,26.0,LA
yTklcBjA,66.0,SF
sfrZK1aB,34.0,London
jJT4PF3T,26.0,London
pJcVnO3u,36.0,NY
rUlJPB6O,52.0,London
46dL1QDR,49.0,LA
ykQbvp2t,45.0,NY
Oaar7gIF,,SF
dRvn7lWW,,NY
BdOQPMX9,32.0,Berlin
E4uJ0sRA,36.0,SF
gPwVvsp4,50.0,Berlin
AiuI81Xs,40.0,LA
KImnmz5K,45.0,SF
Io2r6oCG,21.0,SF
BB25rTc7,64.0,NY
4NtAVBtg,64.0,Berlin
0OsxxeQn,48.0,Berlin
cCeFPJAx,,NY
C096iAR5,,NY
GsmCVozI,50.0,NY
MmWQftMz,65.0,NY
xBikekdQ,,London
CVHDk8Gc,65.0,NY
jXvPhYGs,,NY
5FMEQCiG,32.0,NY
KhzsKQer,54.0,London
yBHICkn1,51.0,LA
VISX7M7I,,LA
rRRFr1cc,64.0,NY
1ZcaGmqQ,26.0,SF
e7uKLRQ0,58.0,London
RxLiGfqu,52.0,NY
sziN0OCQ,64.0,London
kjrhuXle,41.0,London
JsszTfkZ,35.0,LA
pIOoD85E,,Berlin
JyEVESqv,18.0,Berlin
zh2Dbgqr,28.0,Berlin
3tsxWKzt,50.0,NY
afPTAY7f,23.0,Berlin
44gcUMPf,46.0,NY
rMxXxrhL,61.0,SF
LlvsZ3M1,,LA
w4fqztJ5,35.0,SF
6oNBrLo1,31.0,NY
A0GnzYV2,62.0,SF
kuY9SROz,60.0,Berlin
7nZ1qDsI,,SF
Vqowgit1,35.0,London
eutmVL3I,44.0,London
RiuCJ9vi,35.0,LA
WB8iWCDJ,34.0,SF
t5t0e0XU,42.0,NY
I31QTylb,22.0,LA
CrGViPBL,23.0,Berlin
QbLUHbtq,57.0,Berlin
M948TSp8,,London
xUTZobVW,50.0,LA
UklQO64j,,Berlin
aUcIzIQU,56.0,SF
gr96USP6,,LA
dgWP8oGl,55.0,SF
RKKDnDuJ,56.0,SF
h9RoShL1,41.0,SF
YJcNPPzz,38.0,LA
YJS8In89,55.0,LA
RPp45kS7,,London
cIaSmjGa,46.0,LA
spthmrxO,51.0,NY
4ePwsqa0,22.0,LA
fgsvnG9G,,London
ritCFnXD,38.0,LA
8SIQxXhG,26.0,NY
n03YS0Me,20.0,LA
OWPNufGt,61.0,London
MPHsT8kB,47.0,NY
xxHG6k4O,,London
rtuZyy3U,66.0,Berlin
J6w8qnJS,64.0,SF
QUylr9Pz,,London
5vaIaRTQ,56.0,Berlin
FUnVV9or,58.0,LA
533nPfy0,,NY
aGvLX13e,51.0,London
IFCmaeFi,34.0,NY
QuwjUbJ3,31.0,Berlin
zoCeySfq,66.0,London
IslLd5v3,,LA
qXyHg3D8,18.0,LA
nusLqJlb,18.0,LA
Y3QA21A3,69.0,SF
uo66n6J0,32.0,LA
eujep1t5,,SF
Mfk1YDfx,,London
AupKJCUv,62.0,London
mvlqFZFx,,Berlin
H6M6sNhA,19.0,Berlin
vXK7npOR,40.0,NY
eBlKLN1c,,London
DBQRYahi,34.0,NY
161hrSer,58.0,Berlin
tSGBvLyB,31.0,NY
gNA5r23K,28.0,Berlin
Wk82m1MO,37.0,SF
pmdigFEr,61.0,Berlin
a7Y7Zjhs,24.0,London
WhcPG28x,18.0,London
pFbzBR7w,65.0,SF
quCOApN0,32.0,SF
1boPGNAM,62.0,Berlin
yhuSEez2,55.0,London
KnC2CUBj,51.0,Berlin
4Vv3w1sA,26.0,Berlin
LebwvaSO,18.0,SF
FoUjTRTI,,Berlin
yHfLX2lC,,Berlin
4ynw1nwt,19.0,SF
uCXI4261,39.0,SF
jJBYhbfb,42.0,LA
9UIPb0W8,,Berlin
Icuf2tqp,31.0,LA
1EenkzoW,52.0,SF
OFSsDggx,33.0,London
6ZBIl3g6,36.0,LA
MUAVNsON,58.0,NY
UPkeeQ1u,48.0,NY
0fo2XodY,19.0,LA
0MIaW3ys,49.0,NY
d1mP2Jg8,53.0,London
R6zyXf3m,28.0,Berlin
Kpu4t6G6,25.0,London
Vq47hANd,,NY
0C8zdofU,22.0,Berlin
HQyobYF6,51.0,NY
dk8eP337,49.0,LA
OayGR6wd,64.0,London
DGd4YHUu,23.0,Berlin
tvg8o1ql,25.0,SF
3u107onV,,London
rizG5tLW,21.0,SF
NrxTvV12,53.0,LA
hToGHqpU,61.0,NY
hrAKqkWu,42.0,LA
08yqd4EJ,43.0,SF
8YrSUIth,,Berlin
qkp6vGnB,26.0,LA
uIrXZW09,64.0,NY
Sk8RAsN6,25.0,Berlin
UgErv2YD,34.0,Berlin
lrHdcfAE,32.0,NY
7vdZxmf6,59.0,Berlin
45QgUGRJ,30.0,London
BkdZ9877,60.0,Berlin
gO7ROrjI,65.0,SF
P9udTgDT,64.0,London
7CKGcOKV,67.0,LA
rLAQEJxz,61.0,Berlin
GWivQzhB,,NY
rc5BOaHl,,London
haNs6Tn0,46.0,Berlin
ZxZ6tcL6,,SF
nzwg5caD,,Berlin
WOLyEyeo,,Berlin
LSUf1Sh8,37.0,London
6kk0rTx6,25.0,SF
IybLu9Dh,54.0,Berlin
b3HGWA9j,48.0,London
tk5zDdGQ,,NY
EeNqlw5N,42.0,Berlin
YKeb4I4i,67.0,LA
ko2E4paJ,57.0,NY
VDvg4nrt,,Berlin
q1HMFXN9,,NY
BkdiSbV6,25.0,LA
78Lhy7MU,47.0,NY
oequgZH5,47.0,Berlin
VTVB2bj0,44.0,LA
TpXEuMhN,52.0,SF
sDjW2Tcu,67.0,London
ZrXOGdSh,61.0,London
YRv6xGx2,30.0,Berlin
phBPrWIe,38.0,London
lwTNPIEB,,London
NWywpJwM,41.0,Berlin
8jE2p79g,65.0,Berlin
1MuEmKtL,,NY
xoHYt7Xi,18.0,London
cNrD1QAG,25.0,NY
cKuks5HB,,London
Mfwr4N3A,31.0,London
qMTbYUoo,,SF
YwL6fUaL,66.0,London
oUU4kwj8,50.0,Berlin
CaLe7B7N,21.0,London
vdWabMjk,55.0,LA
uR3WnOrz,42.0,SF
6sUk9V60,,NY
QS4JwNRX,30.0,London
c1KY4ihw,58.0,London
JncTwEMA,56.0,NY
ud7KLgw1,42.0,SF
3tTWLodq,55.0,NY
YT85w1Sk,26.0,London
KqZNc93o,,NY
yjBzVkeW,,NY
60udRjJx,55.0,London
knQwxjKC,52.0,SF
0MCTOb2i,46.0,Berlin
Ta34vKet,67.0,SF
GtmOdfrT,31.0,Berlin
xkXHHqiS,55.0,London
CnmKx51I,51.0,London
01BJlwhp,42.0,Berlin
voQSo4JT,,London
Hem2urNa,45.0,London
lzsNTEGM,68.0,Berlin
ZiIC5Ofy,47.0,NY
Y6IexScw,56.0,SF
zuoDemPu,54.0,SF
6zozQ2LM,64.0,LA
T4m8wkT1,59.0,London
62G0WPHI,19.0,NY
ccbOAibI,38.0,NY
pqRpHxFD,51.0,London
7PL6ff9s,36.0,SF
tRPwPIbr,57.0,LA
UDZfwgmI,55.0,LA
1VGP3V5K,48.0,LA
OMUmG1qD,43.0,Berlin
YFLktI02,29.0,Berlin
GAzgwq5F,47.0,London
OuAn52jN,43.0,LA
uNVUeefE,65.0,NY
PcTYp2Vn,48.0,Berlin
avxngBlB,65.0,Berlin
p5OXqZdT,32.0,London
DpASGame,27.0,Berlin
ItONrLxl,53.0,London
7dRh2yw1,57.0,NY
W8sJ8V62,43.0,London
fnkHqphu,,LA
QVzEvyhN,34.0,Berlin
ZfMvdmok,23.0,SF
MAHBiS5z,39.0,London
qKHqRzO5,33.0,NY
PMxZfLW0,39.0,LA
T7n9OphC,56.0,London
XFQtAHM4,69.0,LA
lcTIS9LW,21.0,NY
geVKBUgf,21.0,LA
vDV2jhVd,26.0,NY
BwML7sYe,,Berlin
iXTGOdig,,LA
5IjTQHZ6,68.0,SF
J8JCBMUC,43.0,SF
StKTqYc4,20.0,SF
tqqH4KFt,49.0,London
1a5pTfHF,,Berlin
rFSdMSsj,68.0,Berlin
XhyPxVwo,20.0,NY
1s5HugIX,,NY
byAHIRUg,,London
2aDfDyFu,30.0,LA
oYGLhmko,41.0,London
vwYssF2Y,37.0,SF
OaGDBgh3,27.0,Berlin
dsYrYjIf,40.0,NY
o5NOlFeN,,NY
ZOINAxFA,59.0,Berlin
tIULkSjP,,SF
SF43whBC,52.0,SF
5IH7N2cM,31.0,SF
mheWhRx9,33.0,Berlin
QvtAIj5i,47.0,London
YfQOb4cg,36.0,SF
SX9QqU3r,50.0,London
nxtA8wpa,58.0,LA
mpPpNa0h,19.0,NY
9zDrIKSO,67.0,London
5eLJDUfT,55.0,LA
c2kChBLh,,Berlin
FGOsbS5W,25.0,LA
3vP51Xvs,37.0,LA
PHij8332,,NY
Vk5xTP1l,38.0,LA
FF1NrjGz,18.0,LA
TLgfsiLH,,NY
vwP9hptA,67.0,Berlin
5gmSnwkJ,,SF
h7iTSFg4,19.0,London
QOReyGWv,40.0,London
TtyNgIVH,58.0,LA
Xyrr4eSk,,SF
17IM9N80,,SF
NHdYNOBj,26.0,LA
iOdr7vRo,66.0,London
uwdyigvc,49.0,London
eajBmp2m,64.0,SF
B6L1Yr4V,56.0,SF
XAvJzIfm,53.0,LA
TCz0odD0,40.0,London
1tT4t7ml,64.0,London
NUmaLyYz,66.0,LA
DWYwwamn,47.0,LA
eqVelKg5,27.0,Berlin
hOkzyhqs,48.0,SF
PmbVZdIc,61.0,SF
jJYxjsCr,43.0,SF
hW21FDWQ,65.0,NY
4j46MoKc,56.0,NY
1rO6E6JJ,,LA
KgBmrySp,47.0,Berlin
nZOxvf9j,19.0,NY
VfcBfIkv,46.0,SF
p5rwGBTC,49.0,Berlin
xHZ6WbqX,61.0,London
6yTrKyAw,,LA
8eM9u9xy,,NY
4S0wx5xF,38.0,Berlin
ph7njmt4,44.0,NY
NXpdtQQA,,NY
TtKR8KRG,,LA
4NFrrGCU,51.0,NY
HbM02QRK,40.0,LA
iPvALy7h,69.0,LA
pis68nPx,31.0,London
hivxvhJN,56.0,SF
wBoVLuAB,22.0,London
Ap8X3zm5,26.0,NY
EyvS5bfa,62.0,London
FhWh74a0,64.0,Berlin
AbLkI0pA,,London
N1n0cLiR,25.0,London
ESjvKQTI,24.0,London
zaWJgJIy,,LA
AllNUCYF,,SF
lA0xkFNE,37.0,London
AxDjBpnm,46.0,London
wpPh2g6E,29.0,SF
tZwDTxFb,37.0,London
8qeMj3ah,39.0,SF
wsJ49GHb,63.0,London
biFZHXQ7,40.0,London
8dN34zEx,65.0,Berlin
epQUzmfT,62.0,Berlin
sJ8bIR0h,43.0,Berlin
cIMphGtm,,LA
Jkpeg50l,64.0,NY
TzyMBe86,60.0,Berlin
RdLBftKL,45.0,NY
3Us2GEMv,57.0,SF
M27QDJZz,26.0,NY
OKklMNjj,22.0,SF
DKufkSoe,,NY
sJWfjtFk,59.0,SF
SQC0GbQv,45.0,Berlin
n7HMo0nj,,Berlin
RnPuiSvH,32.0,Berlin
7UT2FHJD,31.0,SF
GGXPzS14,,LA
7qRtAxe0,63.0,NY
bo3QyOcY,56.0,SF
fO7nyDr8,31.0,Berlin
taSL5im7,20.0,NY
xlNzHGwJ,,Berlin
NBNHnfwk,55.0,LA
xAHHLKUf,23.0,London
pdbQ21KX,,Berlin
NXZ7lfpX,52.0,London
3UbI3HVr,65.0,LA
jboq6AOE,60.0,London
StVeSLfN,37.0,Berlin
w5O3OB2S,66.0,LA
dt5s1Pau,,NY
bdJlrZ9x,20.0,London
tRhoe8I2,21.0,London
YlvoAhP2,28.0,SF
Mw9wUX2C,58.0,Berlin
x8axt4ZK,48.0,Berlin
CVPbhJnD,46.0,London
lGBkRyNK,55.0,London
u23Qfgca,37.0,London
oCjWL0dU,41.0,Berlin
JFgCngrP,,SF
XChx1QvA,39.0,London
KsRbmllA,,Berlin
jwwv2qEx,58.0,Berlin
rY7omhiN,37.0,SF
urH1GymD,63.0,SF
rUhepoSA,55.0,SF
fR9lIIg0,65.0,NY
lkoKjJ9s,67.0,NY
uWL3Zh2E,58.0,London
qiORfNL7,24.0,Berlin
5qw4hkum,,SF
HvknjXf5,67.0,NY
7XdNLsTl,61.0,London
m4mBQFdr,54.0,Berlin
k4jZ8MT0,,SF
dRUZucGv,42.0,NY
7bwk1IsA,31.0,NY
uBowqoP5,46.0,Berlin
1XKo0W9d,,NY
LnACHGKO,56.0,Berlin
yQoTiwbq,46.0,SF
ORiDANrz,33.0,Berlin
Orxu41Ba,38.0,SF
xbOe7fNK,39.0,LA
gbUOqH3w,38.0,NY
a0A4QfL6,39.0,LA
lYDOUxzs,26.0,Berlin
VzPzHLjP,,SF
u6G7VdFH,66.0,NY
95dQJDIq,26.0,London
E2i1gmn1,67.0,NY
nHSAbIOm,63.0,London
UHKt5OjC,49.0,NY
q5znHUTf,53.0,SF
2I7pIe0x,,Berlin
QDG4pF8M,53.0,SF
rRh0lyaI,22.0,NY
MufRslMT,43.0,London
BgyHY9jv,21.0,SF
3FtVZWEW,41.0,SF
yLV0lIJT,58.0,London
rHdLA9Dx,60.0,LA
flAtuyfa,31.0,NY
7rBVBwrk,,SF
TwFzRUEF,29.0,SF
Dpf4wM8n,35.0,NY
1jpqevAj,61.0,London
iIf3Yigj,26.0,NY
uSwuyMqo,,Berlin
7CHi0cPF,68.0,Berlin
rgw4Zyt5,55.0,SF
kCehSQqv,,Berlin
iXc6XcDz,30.0,NY
pPUuR6RX,64.0,SF
a2fK0KzI,,Berlin
iYl76EID,,London
RrplHRWc,65.0,Berlin
lJLoBwOI,55.0,London
Ox8x3Gxp,63.0,Berlin
c8VcPftU,36.0,London
4KHT7iEG,64.0,NY
EJbcVmcm,35.0,NY
ldOWe0AE,61.0,LA
hXNhgNbG,19.0,NY
QUcWySMx,43.0,Berlin
YjhoSGyP,69.0,SF
t4NFQz1B,41.0,London
IHK114V8,65.0,NY
0co3yNAG,44.0,SF
4tD8uWBz,69.0,London
pdXWm5Ze,,London
aGRKpaI8,64.0,London
VasChE5n,25.0,NY
38nZJd7b,,London
bnpB8WIS,51.0,LA
PKvtHhuo,31.0,NY
QZB2xP7q,21.0,SF
c6tKx0iB,,LA
PBkK1NTr,66.0,LA
UJ2DsMom,46.0,NY
y2AHUG6e,56.0,London
gmJwgDi4,50.0,LA
7VTV0A00,38.0,Berlin
QP6kZKye,,SF
TtxyNLAt,,Berlin
uo5msULd,18.0,NY
ZOjBqSkj,44.0,LA
iyc5jYki,19.0,London
a6Oeu39N,68.0,London
1Qmv9wS9,60.0,LA
YZh9vDb4,27.0,LA
BAupZ1Ol,27.0,London
Xe6q9XzG,,SF
1sk6sosy,,NY
lonZMqH0,48.0,SF
ysfLt5LR,52.0,London
V6n7Z1HS,65.0,NY
FQGdeROJ,46.0,NY
MROn0gfk,30.0,London
rdwZdxfD,26.0,London
Q7BryNw3,57.0,LA
rfVhuvWg,60.0,LA
Hu0AKvkQ,58.0,LA
CAgHebY0,28.0,London
jJJQ8U7m,41.0,SF
05wAwdB6,42.0,NY
WJpR7Ipi,30.0,SF
VqlARyKm,31.0,Berlin
MXlneMHQ,,SF
UqseCIbT,20.0,Berlin
vBPXgNu0,,Berlin
fIzftYnP,63.0,NY
ZFspnOUT,30.0,NY
ciX8z5EV,18.0,Berlin
48yPkGE3,,London
NF1CP494,,Berlin
SAlVvVon,29.0,LA
ab5r1U38,,NY
Vbqtabad,,SF
zQysMtda,20.0,NY
3sANz7q3,31.0,London
zGubKpGr,51.0,LA
zAUm5ywI,40.0,London
m5HlwDkL,27.0,SF
bjWUPF2U,,NY
QHDN1XEJ,56.0,SF
t3J2pOPT,66.0,LA
eepWdvI0,,SF
zAtRotZ9,41.0,Berlin
8BUVF0Hz,51.0,LA
YDKid0hj,41.0,London
EbD36jjZ,42.0,London
rZIdWbw5,69.0,SF
GHmtaVnP,32.0,LA
ZOcnEhlw,29.0,SF
LiF3mYQe,18.0,Berlin
gHyFKIeK,59.0,LA
kAg9meRp,26.0,NY
IZsC23R2,31.0,London
8lUUTqpE,58.0,SF
86KxX43p,48.0,Berlin
0dx2gVfq,41.0,London
9rnYG3gs,,LA
CZM6M2lC,27.0,London
0pvxb5sm,59.0,London
ZjdLCsyt,60.0,NY
6ydtowig,35.0,NY
2FJa0OrR,20.0,Berlin
EXeTAVyc,,Berlin
Qr8xW5wx,52.0,SF
oA42TJXf,,NY
hDWhkaeO,40.0,LA
IVhfBbEf,39.0,SF
qIJ2ee9S,28.0,LA
Re895nWn,63.0,NY
gOrieuAF,66.0,LA
DvYwmUVg,40.0,LA
ZVwAJ42a,29.0,NY
15TO4clU,46.0,NY
Djr96QgE,,London
1oxnItUn,41.0,LA
zRf4eGGa,21.0,SF
Hrn65HGt,54.0,Berlin
gG6vtCYy,46.0,London
nbjj11Qf,20.0,Berlin
Z6Rekx0v,48.0,SF
LM0Ta208,42.0,SF
YSuttklq,64.0,NY
mKqXg1Rb,54.0,LA
PChkwMlh,40.0,NY
ixmcvvjY,66.0,LA
sVCJuflM,39.0,London
DbH0v28d,46.0,NY
NSNzjMd4,53.0,NY
Aqe9DAYK,,SF
jdNZ7pUB,30.0,LA
re1JRUFh,20.0,SF
COnJ8voU,63.0,NY
T2srL3dC,39.0,LA
3LKOuL1f,66.0,LA
TzIdnYAL,,London
dUAbF3sV,27.0,SF
bSPVB1vt,26.0,London
wsUJxkQ5,36.0,SF
kNI3Ll0S,25.0,SF
P7krvQYo,,LA
WZ4Keoxs,37.0,LA
ZhF5VpYT,,Berlin
cVa0hHBu,52.0,NY
eFOHQ6Xd,48.0,London
Sf5PhTjD,36.0,Berlin
LkbRuuq6,,London
Gv6kyMTA,63.0,London
3sTmCcqg,31.0,NY
6beMdRLa,27.0,London
7iFhDrq5,,London
vaNbsguK,51.0,LA
A3wNisI1,68.0,LA
8aawqw2A,45.0,LA
cAtwVs7e,36.0,NY
ZWrJNhxs,56.0,LA
Y1PagMI3,43.0,Berlin
xzsvtxxz,21.0,Berlin
mMKNjDJE,29.0,Berlin
Vd5BUqwt,,NY
jtnqko8o,24.0,SF
zewN2n2K,20.0,SF
pEn0z43o,43.0,Berlin
g5NnsAdB,19.0,SF
0AQC4T9y,29.0,London
qDM5bKws,,NY
JlaAxkrs,68.0,Berlin
FHMlbqRl,55.0,Berlin
WIiU6kVc,,Berlin
9W34HnpX,49.0,London
XFJuchkq,62.0,LA
F5zCe8Ee,32.0,Berlin
5rYxEh8p,,SF
VQryDS76,43.0,LA
GJJWSNqo,,London
Bi39aWGm,,Berlin
N5zjqPTD,55.0,LA
MioXvER1,,Berlin
VX14xBul,34.0,Berlin
5cEX1nLZ,56.0,London
Qa9vCVUV,36.0,SF
kaH4jwyt,20.0,London
FSa4ylQ1,58.0,London
weIFuon1,,SF
ZveYQw1X,,LA
48zedvy0,63.0,London
Gys6wmRA,50.0,Berlin
FB9uRA0t,49.0,London
0jr06LKX,49.0,SF
LLBNC2Fg,23.0,LA
HTHyQr5n,66.0,SF
zMbuGTB6,,Berlin
lxb0fxoO,,LA
Yp0mLXAD,,London
egNGbqUQ,34.0,LA
2uWktZwn,67.0,London
dpCj55Sg,36.0,London
zkNvztDk,,NY
u44gajwx,,London
bMWEQgWI,40.0,London
2gFNsqXU,67.0,London
h2s88fSA,64.0,NY
IMni5tcb,52.0,LA
duYP4Vrn,31.0,NY
24ymxuKC,,SF
mMjZ5uMO,66.0,London
UDFkPCxI,50.0,NY
SsMYYfJb,66.0,NY
sr47Tads,,LA
ApUoY9nb,18.0,LA
GJe6Wmob,37.0,LA
6ZTYr0Ea,39.0,Berlin
V1fFERIs,52.0,LA
FLjllFRn,20.0,London
hsyWN29b,29.0,NY
YCUkvLWv,,SF
iF1mnmmH,,SF
SsrOkjP2,,SF
7Y1dMvf5,29.0,London
QmWGQ0wg,19.0,NY
yBSdYSaa,,Berlin
hISbuWOL,18.0,Berlin
4HZkA7Rg,58.0,LA
n0SUUfHO,52.0,Berlin
1CQWAc8C,,NY
66lXDuKV,69.0,LA
CV9weg4Z,55.0,London
6wtgczBm,43.0,SF
kQT5D1tP,28.0,SF
7PWz1jQ2,69.0,LA
lVZD183v,69.0,LA
5EMo1ZnL,,LA
O6CBsoq5,32.0,NY
wQOc2Tdb,23.0,LA
CCshBpPO,57.0,NY
Qy5vXOWN,26.0,LA
pxleuTPf,,NY
IJsOLBFh,23.0,NY
OpBiLSOB,34.0,Berlin
mX6p2IKt,40.0,Berlin
f0f5a967,48.0,LA
DOLLigYz,33.0,LA
vcJhWy0N,68.0,NY
ZqMdmLit,39.0,NY
yjiHduFO,33.0,Berlin
MQu2Mntv,62.0,London
RZrbPsyC,29.0,SF
7tHf6Q8L,26.0,SF
vkGvzjFs,23.0,London
EeRN3zHf,,London
LV3cNM2e,55.0,SF
VnheNOwc,,Berlin
2W1jjueM,27.0,SF
XP52u33v,57.0,London
kOt5niII,52.0,SF
RfsLtffB,,SF
OWXPIUUu,38.0,London
RsCz8zfJ,36.0,Berlin
NyVC5QCr,44.0,SF
zXJSSvfn,28.0,LA
q9xbUzgU,,LA
LDDlctkk,,SF
KcB5AFvo,,London
XE3uHe1A,45.0,LA
xaFfWvCs,20.0,SF
fQUqZemY,,London
T6BK6LfR,62.0,LA
IbR9b9Cu,41.0,Berlin
uekbqV7m,,London
YPs78JVm,30.0,LA
fXAMnyKy,32.0,NY
rVmagEBI,,NY
3hlbmvxg,56.0,London
0SsUtaQv,52.0,LA
OxMbn8YC,62.0,Berlin
jXsAhr3b,35.0,London
guDJ5OFF,60.0,London
YhnBug0V,20.0,Berlin
zBUzLoPV,,SF
g2n1PLja,33.0,SF
PIVSY0BI,59.0,Berlin
a1A49KMZ,58.0,Berlin
QkOVzp3j,64.0,LA
1uWWqjot,60.0,Berlin
GVMn0YJQ,40.0,NY
NzjKgaLh,,NY
GghvNemb,27.0,SF
0CcppBMG,55.0,NY
DAOu559i,55.0,NY
iqysz8jn,30.0,LA
b1HwzXlv,32.0,SF
Airzdr0F,45.0,LA
6gozDOzR,30.0,London
FLzai5mF,52.0,NY
iziX0xb5,19.0,NY
fmYL3Y7U,,LA
qui3Oql8,58.0,London
WuauQtj2,49.0,NY
aJrk2bR4,47.0,Berlin
T1iI8oVj,,LA
GddSMBXD,21.0,SF
ENKxJ45l,63.0,London
8zx5GFTT,41.0,NY
1EA7weKZ,,NY
gdWbKOe0,,SF
lXGQ9Iti,,NY
wSHXVvmW,57.0,Berlin
mem2IIyv,,Berlin
h9elXuRL,58.0,London
JpHJpv1I,69.0,Berlin
H533aZrg,44.0,London
l9Q36f9T,38.0,London
oNQXeyuV,57.0,LA
KMLElGlE,52.0,NY
ibd8njLl,43.0,NY
TptJcZfl,48.0,Berlin
uvjs3lLq,50.0,NY
Ds7x0bGi,66.0,London
HOCAxxkQ,28.0,London
X20w3MNt,33.0,SF
SfIyf1Pg,23.0,NY
IiRPv2Tz,51.0,NY
T7zQlNJ1,58.0,Berlin
J3JxiQsC,,Berlin
X5u5wuIi,38.0,LA
BSgkKmdP,46.0,Berlin
dItc7drj,28.0,London
BsYqN6SK,,London
Dxk2bbWl,44.0,NY
IZiK3ZDA,45.0,SF
Y8wyA1u9,48.0,NY
riIgrCiA,67.0,SF
Oq4BWNFL,,Berlin
FcZR6h1K,30.0,LA
PS8ym7Wd,60.0,LA
ZTu3GA9n,23.0,LA
oWnO0Ruu,44.0,Berlin
CKgYhmS4,47.0,SF
hV5r4Js1,65.0,NY
3Wl9yEQu,36.0,LA
Wv2eV5KB,,NY
xR4N4bNR,,LA
zq3pw4MJ,62.0,SF
qPxFNQuX,45.0,Berlin
wHPIyCqJ,45.0,SF
zOj9HDgN,63.0,SF
0fqjD7h9,,London
XatWr1Jt,43.0,LA
yZIYUDnp,21.0,SF
jcO0bDCU,20.0,London
JqSKx3nF,,NY
cJ3GF3ke,38.0,SF
VZPqT8HU,,Berlin
Wrgp4Ri9,,London
I1Agv1id,51.0,Berlin
6IkpyIDW,61.0,London
AqooMk71,29.0,LA
9ZhIwvBm,42.0,NY
4KbgLKDn,,Berlin
DDi8dID1,35.0,SF
NHErdPP3,53.0,NY
oHlijD7T,23.0,NY
cN1ymZnJ,37.0,SF
RMhWSROz,37.0,Berlin
sIxiZ9GX,49.0,Berlin
cPwiXgK2,48.0,LA
UBBGeiQI,,London
tqrwadsS,68.0,NY
WplDrtYd,47.0,NY
X3vTR6QM,20.0,LA
udPxDd4R,37.0,London
zE3dXAIk,25.0,London
aMbk4APK,,London
BX3jCL01,65.0,SF
bT5Fy86D,40.0,LA
Jp6GRprm,18.0,SF
LsIARjsv,19.0,London
jFqT77NT,27.0,SF
Tx3sMnGq,,NY
RS1e3oE4,,SF
8Vi1P5Z9,68.0,SF
aqTMLOan,61.0,Berlin
8v7Nx94j,41.0,LA
JpF451Rs,49.0,London
fcoYHi72,67.0,LA
4svyqpeb,47.0,NY
oAxRgzJK,55.0,London
5IiwwsRZ,31.0,NY
UmRf1gqB,20.0,SF
nAn8dw6h,42.0,Berlin
P4NnC63s,,London
10GI6LJ5,24.0,NY
ALXLTnKd,34.0,SF
ZBP9bnFm,58.0,London
glDFfQz5,,London
sfzsoFic,55.0,LA
e9c3dU9X,55.0,London
xXFYfdsa,,NY
TPUJgT2g,49.0,Berlin
K2Iz485T,19.0,London
PAteGFA9,28.0,NY
iowrCVMB,51.0,SF
eLpkAuU4,,SF
7YI3tO1o,64.0,London
qI9IMtd0,51.0,Berlin
7R0uC0Xh,24.0,London
ZSXAkelq,27.0,LA
YbZys1cq,42.0,London
ocL9q8rk,19.0,LA
7r32nWhL,,LA
b5WzZ4Am,,LA
lbjYgQni,34.0,LA
l3tdM0Vh,46.0,LA
EpzRrGG5,35.0,SF
Cv1VLT8p,63.0,London
ssH0Tj99,52.0,London
ANZKzQtq,34.0,LA
qvFOjtzn,,LA
vJ5cOU3N,39.0,LA
XQOsBkv2,68.0,London
wOkdvxvR,42.0,LA
XMdKMImK,37.0,LA
9HEie7Qm,33.0,Berlin
dKp2RhAx,42.0,London
DbIpghcD,32.0,Berlin
GJRKVcAA,54.0,NY
9beMMPUe,32.0,Berlin
L9gbzL8A,32.0,Berlin
TTrTa3WN,35.0,NY
Tjq4nuLI,,Berlin
qPCEPuHf,18.0,Berlin
RLIm1dwW,50.0,LA
YgcvKlTx,20.0,NY
5ocQbMro,,LA
75drHcMG,39.0,SF
FJzMjb2E,38.0,London
jLQp6PQl,,Berlin
VMT3pZW3,58.0,SF
hgDe2nTK,44.0,NY
WtoBMUbB,21.0,SF
LGt8953x,68.0,NY
K20hViAB,52.0,NY
CkT3i30T,18.0,NY
9bTzbkyG,21.0,Berlin
9s8is19g,41.0,NY
Cs4l0v1n,,Berlin
qBZyjSMH,46.0,SF
9mthmzaq,39.0,SF
ikZTkO1d,40.0,Berlin
TCDweC0h,38.0,SF
Fp2a2B7J,31.0,LA
T1jMPOgi,,SF
KfEaGmgV,33.0,LA
VnoWQfnL,52.0,SF
098dfPwi,,SF
AQ3IW8QF,,NY
n7e3C3ye,24.0,LA
H8vAx3MM,42.0,Berlin
lvX80W7G,55.0,NY
01J91AXS,62.0,LA
NRzZpEFX,43.0,NY
9Z1QtAvs,43.0,London
hakC5WmF,47.0,NY
fQ8xo6qa,19.0,Berlin
rLZGSWVv,60.0,London
s0bxLBvG,26.0,Berlin
ctOR44rz,56.0,Berlin
j4up6HvO,61.0,LA
iMMBI07T,28.0,SF
ua1T87fh,32.0,NY
BdlPnNmk,29.0,Berlin
w0UwgSEs,52.0,London
UztTlxJX,67.0,LA
aQLEDhc3,57.0,NY
Scg0waR8,64.0,NY
FozqR5Sm,33.0,LA
ZGI1T4Yz,,NY
BlEypdCw,,SF
T3HKA7Py,35.0,SF
ixCXwMSN,62.0,NY
qEGND5D8,38.0,NY
1U0bZ28n,33.0,LA
z9iGEeZ2,24.0,London
daUQPNdu,22.0,Berlin
9DxBp1Q1,,Berlin
b9EGIqLz,58.0,London
oHR53wol,50.0,NY
DXkOuTWS,48.0,Berlin
BwRDdiku,38.0,SF
hepVkmCi,20.0,LA
uvbpWFVN,,London
